user_id,order_id,order_date,order_amount,category
U00001,ORD_U00001_000,2023-07-29,75.97,数码
U00001,ORD_U00001_001,2023-10-23,102.43,食品
U00001,ORD_U00001_002,2024-03-09,118.96,家居
U00002,ORD_U00002_000,2024-03-30,406.14,服饰
U00002,ORD_U00002_001,2024-04-25,513.34,家居
U00002,ORD_U00002_002,2024-05-20,678.02,美妆
U00002,ORD_U00002_003,2024-06-25,231.49,食品
U00002,ORD_U00002_008,2024-07-30,540.34,服饰
U00002,ORD_U00002_006,2024-08-20,487.85,家居
U00002,ORD_U00002_004,2024-09-15,625.75,美妆
U00002,ORD_U00002_005,2024-09-22,632.08,数码
U00002,ORD_U00002_007,2024-12-03,362.09,食品
U00003,ORD_U00003_000,2023-09-13,434.11,数码
U00003,ORD_U00003_001,2023-09-23,497.57,食品
U00003,ORD_U00003_004,2023-12-14,420.24,美妆
U00003,ORD_U00003_002,2023-12-31,573.03,服饰
U00003,ORD_U00003_003,2024-01-18,274.18,家居
U00003,ORD_U00003_007,2024-04-23,573.53,服饰
U00003,ORD_U00003_005,2024-06-25,435.4,服饰
U00003,ORD_U00003_006,2024-08-23,399.88,服饰
U00004,ORD_U00004_000,2023-08-21,222.09,食品
U00004,ORD_U00004_001,2023-10-10,464.26,家居
U00004,ORD_U00004_002,2023-11-17,260.21,美妆
U00004,ORD_U00004_004,2023-12-09,260.77,美妆
U00004,ORD_U00004_003,2024-01-20,212.44,服饰
U00004,ORD_U00004_009,2024-04-07,435.13,服饰
U00004,ORD_U00004_005,2024-06-05,421.44,家居
U00004,ORD_U00004_007,2024-06-24,165.28,数码
U00004,ORD_U00004_006,2024-07-06,509.21,家居
U00004,ORD_U00004_008,2024-08-16,277.3,数码
U00005,ORD_U00005_000,2024-07-18,124.13,家居
U00005,ORD_U00005_001,2024-09-11,132.42,服饰
U00005,ORD_U00005_002,2024-10-19,281.64,美妆
U00005,ORD_U00005_003,2025-01-31,88.58,数码
U00006,ORD_U00006_000,2023-11-12,178.81,数码
U00006,ORD_U00006_001,2023-12-16,260.83,家居
U00006,ORD_U00006_002,2024-03-30,174.27,家居
U00006,ORD_U00006_003,2024-04-06,181.9,家居
U00007,ORD_U00007_000,2024-12-28,48.66,数码
U00008,ORD_U00008_000,2023-06-10,41.5,数码
U00008,ORD_U00008_001,2023-09-13,77.36,美妆
U00008,ORD_U00008_002,2023-10-10,89.44,美妆
U00009,ORD_U00009_000,2024-12-21,77.46,家居
U00009,ORD_U00009_001,2025-01-17,112.68,数码
U00010,ORD_U00010_000,2025-01-02,33.68,数码
U00011,ORD_U00011_000,2023-03-31,159.88,家居
U00012,ORD_U00012_000,2023-12-26,126.28,美妆
U00012,ORD_U00012_002,2024-03-14,37.56,家居
U00012,ORD_U00012_001,2024-05-05,88.45,美妆
U00012,ORD_U00012_003,2024-07-17,62.23,数码
U00013,ORD_U00013_000,2023-05-20,117.67,食品
U00013,ORD_U00013_001,2023-06-12,168.45,数码
U00013,ORD_U00013_003,2023-07-20,94.15,美妆
U00013,ORD_U00013_002,2023-09-20,78.41,数码
U00014,ORD_U00014_001,2024-09-18,448.45,美妆
U00014,ORD_U00014_000,2024-09-20,1072.27,美妆
U00014,ORD_U00014_002,2024-11-04,595.19,美妆
U00014,ORD_U00014_004,2024-11-17,785.99,美妆
U00014,ORD_U00014_005,2024-12-17,723.71,食品
U00014,ORD_U00014_006,2025-01-26,536.62,数码
U00014,ORD_U00014_003,2025-01-29,551.77,家居
U00014,ORD_U00014_007,2025-02-01,812.4,家居
U00014,ORD_U00014_011,2025-03-14,348.68,服饰
U00014,ORD_U00014_008,2025-06-05,1030.92,数码
U00014,ORD_U00014_010,2025-08-30,923.02,服饰
U00014,ORD_U00014_009,2025-10-15,547.26,食品
U00014,ORD_U00014_012,2026-03-04,1096.58,服饰
U00015,ORD_U00015_000,2023-12-24,1948.96,数码
U00015,ORD_U00015_001,2024-01-16,1099.63,食品
U00015,ORD_U00015_005,2024-01-27,1737.01,家居
U00015,ORD_U00015_003,2024-02-13,2108.24,美妆
U00015,ORD_U00015_002,2024-02-25,769.32,数码
U00015,ORD_U00015_009,2024-04-10,935.92,服饰
U00015,ORD_U00015_015,2024-04-10,2095.78,家居
U00015,ORD_U00015_004,2024-04-13,1957.13,食品
U00015,ORD_U00015_007,2024-04-20,2059.98,食品
U00015,ORD_U00015_006,2024-04-26,1830.09,数码
U00015,ORD_U00015_012,2024-05-14,807.96,服饰
U00015,ORD_U00015_008,2024-05-19,1620.75,家居
U00015,ORD_U00015_013,2024-08-05,1961.5,食品
U00015,ORD_U00015_028,2024-09-05,1126.65,服饰
U00015,ORD_U00015_024,2024-09-06,1417.69,数码
U00015,ORD_U00015_014,2024-09-08,921.85,服饰
U00015,ORD_U00015_010,2024-09-19,953.38,美妆
U00015,ORD_U00015_011,2024-09-23,1513.21,美妆
U00015,ORD_U00015_017,2024-10-07,1825.77,食品
U00015,ORD_U00015_037,2024-11-04,2076.46,服饰
U00015,ORD_U00015_034,2024-11-06,1245.39,食品
U00015,ORD_U00015_021,2024-11-10,1432.75,数码
U00015,ORD_U00015_018,2024-11-14,1047.79,数码
U00015,ORD_U00015_035,2024-11-22,2058.62,食品
U00015,ORD_U00015_023,2025-01-07,602.37,美妆
U00015,ORD_U00015_019,2025-01-11,985.11,服饰
U00015,ORD_U00015_016,2025-01-14,1910.21,数码
U00015,ORD_U00015_029,2025-02-04,1938.31,服饰
U00015,ORD_U00015_033,2025-03-05,764.37,服饰
U00015,ORD_U00015_020,2025-03-09,1471.24,美妆
U00015,ORD_U00015_040,2025-04-20,1214.96,数码
U00015,ORD_U00015_036,2025-06-20,779.21,美妆
U00015,ORD_U00015_025,2025-06-28,2111.9,数码
U00015,ORD_U00015_030,2025-07-15,857.31,数码
U00015,ORD_U00015_027,2025-08-30,2056.18,美妆
U00015,ORD_U00015_022,2025-09-05,1049.43,数码
U00015,ORD_U00015_044,2025-09-24,1383.13,服饰
U00015,ORD_U00015_045,2025-10-03,1879.14,家居
U00015,ORD_U00015_032,2025-10-05,705.7,服饰
U00015,ORD_U00015_026,2025-11-26,2002.3,美妆
U00015,ORD_U00015_043,2025-12-31,1284.05,服饰
U00015,ORD_U00015_039,2026-03-24,1226.01,家居
U00015,ORD_U00015_041,2026-04-14,1555.61,服饰
U00015,ORD_U00015_042,2026-06-03,549.5,家居
U00015,ORD_U00015_031,2026-06-18,2004.17,食品
U00015,ORD_U00015_038,2026-07-13,1998.72,家居
U00016,ORD_U00016_001,2024-10-21,1531.16,家居
U00016,ORD_U00016_000,2024-10-22,2342.72,家居
U00016,ORD_U00016_002,2024-11-27,1351.62,服饰
U00016,ORD_U00016_005,2024-12-31,2080.21,家居
U00016,ORD_U00016_004,2025-01-04,1398.26,数码
U00016,ORD_U00016_012,2025-01-09,2913.9,家居
U00016,ORD_U00016_003,2025-01-11,2982.75,数码
U00016,ORD_U00016_006,2025-01-21,1709.44,食品
U00016,ORD_U00016_008,2025-02-06,2554.77,服饰
U00016,ORD_U00016_016,2025-02-07,1198.24,服饰
U00016,ORD_U00016_009,2025-02-12,2038.93,家居
U00016,ORD_U00016_013,2025-03-25,1377.64,美妆
U00016,ORD_U00016_015,2025-04-12,2908.08,食品
U00016,ORD_U00016_010,2025-05-03,2870.89,家居
U00016,ORD_U00016_007,2025-05-04,1042.64,家居
U00016,ORD_U00016_020,2025-05-08,2985.13,食品
U00016,ORD_U00016_011,2025-07-31,1807.03,数码
U00016,ORD_U00016_021,2025-08-01,793.86,美妆
U00016,ORD_U00016_019,2025-08-24,2392.9,服饰
U00016,ORD_U00016_026,2025-08-24,2415.34,家居
U00016,ORD_U00016_025,2025-08-25,1526.09,数码
U00016,ORD_U00016_022,2025-09-17,2170.32,数码
U00016,ORD_U00016_014,2025-10-11,1118.34,美妆
U00016,ORD_U00016_018,2026-01-13,2298.7,数码
U00016,ORD_U00016_017,2026-02-13,1589.57,服饰
U00016,ORD_U00016_023,2026-03-10,1168.48,美妆
U00016,ORD_U00016_024,2026-07-16,891.42,食品
U00017,ORD_U00017_000,2024-08-07,69.9,食品
U00017,ORD_U00017_001,2024-09-06,84.03,食品
U00018,ORD_U00018_000,2023-12-13,118.69,美妆
U00019,ORD_U00019_000,2024-04-26,201.34,服饰
U00019,ORD_U00019_001,2024-07-10,264.7,服饰
U00019,ORD_U00019_002,2024-08-10,175.31,美妆
U00019,ORD_U00019_003,2024-10-23,248.12,家居
U00019,ORD_U00019_004,2024-11-20,422.34,家居
U00019,ORD_U00019_005,2025-01-28,295.38,美妆
U00020,ORD_U00020_000,2024-04-19,62.88,数码
U00021,ORD_U00021_000,2024-01-09,29.86,服饰
U00021,ORD_U00021_001,2024-02-13,105.57,美妆
U00021,ORD_U00021_002,2024-05-10,53.27,食品
U00021,ORD_U00021_003,2024-05-18,73.46,家居
U00022,ORD_U00022_000,2024-09-03,286.65,食品
U00022,ORD_U00022_001,2024-10-20,250.01,数码
U00022,ORD_U00022_002,2024-11-05,391.31,家居
U00022,ORD_U00022_003,2024-11-30,239.15,服饰
U00022,ORD_U00022_004,2024-12-02,240.22,数码
U00022,ORD_U00022_007,2024-12-26,254.55,家居
U00022,ORD_U00022_005,2025-02-17,258.52,服饰
U00022,ORD_U00022_009,2025-03-17,192.93,美妆
U00022,ORD_U00022_012,2025-03-23,126.37,服饰
U00022,ORD_U00022_006,2025-04-17,224.13,美妆
U00022,ORD_U00022_013,2025-07-25,328.3,数码
U00022,ORD_U00022_014,2025-08-03,217.09,美妆
U00022,ORD_U00022_008,2025-09-10,121.1,家居
U00022,ORD_U00022_010,2025-10-09,315.23,服饰
U00022,ORD_U00022_011,2025-11-16,289.38,数码
U00023,ORD_U00023_000,2023-04-21,95.01,美妆
U00023,ORD_U00023_001,2023-05-06,238.74,美妆
U00023,ORD_U00023_002,2023-06-14,229.63,家居
U00023,ORD_U00023_005,2023-07-22,356.98,家居
U00023,ORD_U00023_004,2023-08-23,195.59,美妆
U00023,ORD_U00023_003,2023-08-31,160.42,家居
U00023,ORD_U00023_006,2024-04-01,299.4,服饰
U00024,ORD_U00024_000,2024-07-10,1399.38,家居
U00024,ORD_U00024_001,2024-07-31,545.28,服饰
U00024,ORD_U00024_003,2024-08-20,670.87,数码
U00024,ORD_U00024_004,2024-08-28,967.66,食品
U00024,ORD_U00024_002,2024-09-02,575.33,家居
U00024,ORD_U00024_005,2024-09-03,1418.85,数码
U00024,ORD_U00024_008,2024-10-24,1579.76,食品
U00024,ORD_U00024_010,2024-10-26,1233.68,家居
U00024,ORD_U00024_006,2024-11-25,1359.85,食品
U00024,ORD_U00024_012,2024-12-11,834.02,数码
U00024,ORD_U00024_009,2025-01-06,752.43,数码
U00024,ORD_U00024_007,2025-01-08,615.88,美妆
U00024,ORD_U00024_015,2025-01-22,951.99,数码
U00024,ORD_U00024_011,2025-03-18,770.08,数码
U00024,ORD_U00024_016,2025-04-04,855.62,美妆
U00024,ORD_U00024_019,2025-04-13,673.09,美妆
U00024,ORD_U00024_018,2025-05-24,736.03,美妆
U00024,ORD_U00024_013,2025-05-27,691.36,美妆
U00024,ORD_U00024_017,2025-07-19,1444.79,家居
U00024,ORD_U00024_014,2025-08-13,1652.38,服饰
U00025,ORD_U00025_000,2024-10-01,546.81,数码
U00025,ORD_U00025_001,2024-11-15,195.54,数码
U00025,ORD_U00025_004,2024-12-05,457.78,家居
U00025,ORD_U00025_003,2024-12-08,257.77,美妆
U00025,ORD_U00025_002,2024-12-09,349.68,服饰
U00025,ORD_U00025_006,2025-01-29,381.92,美妆
U00025,ORD_U00025_009,2025-03-12,419.3,服饰
U00025,ORD_U00025_005,2025-03-17,161.12,食品
U00025,ORD_U00025_007,2025-05-23,335.8,数码
U00025,ORD_U00025_008,2025-06-05,545.35,服饰
U00025,ORD_U00025_010,2025-09-30,508.15,食品
U00025,ORD_U00025_012,2025-10-19,316.01,美妆
U00025,ORD_U00025_014,2026-01-19,369.52,美妆
U00025,ORD_U00025_011,2026-02-08,420.4,家居
U00025,ORD_U00025_013,2026-04-04,340.8,美妆
U00025,ORD_U00025_015,2026-05-20,374.19,家居
U00026,ORD_U00026_000,2023-08-23,73.4,数码
U00026,ORD_U00026_001,2023-10-18,49.72,食品
U00027,ORD_U00027_000,2023-05-06,123.15,服饰
U00027,ORD_U00027_001,2023-07-16,55.73,食品
U00028,ORD_U00028_000,2024-03-15,59.73,食品
U00028,ORD_U00028_001,2024-04-29,64.19,服饰
U00029,ORD_U00029_000,2023-12-03,152.25,美妆
U00030,ORD_U00030_000,2024-10-22,69.13,服饰
U00030,ORD_U00030_001,2024-11-22,133.56,美妆
U00030,ORD_U00030_003,2025-03-24,137.28,数码
U00030,ORD_U00030_002,2025-04-21,183.29,数码
U00031,ORD_U00031_000,2024-09-22,36.53,美妆
U00031,ORD_U00031_001,2024-10-13,72.32,食品
U00031,ORD_U00031_002,2025-02-03,90.36,美妆
U00031,ORD_U00031_003,2025-02-28,82.77,数码
U00032,ORD_U00032_000,2024-04-28,98.04,数码
U00032,ORD_U00032_001,2024-08-24,97.96,数码
U00033,ORD_U00033_000,2023-09-16,35.29,家居
U00033,ORD_U00033_001,2023-11-12,42.62,数码
U00033,ORD_U00033_003,2023-12-08,48.53,美妆
U00033,ORD_U00033_002,2023-12-26,32.36,美妆
U00034,ORD_U00034_000,2023-10-17,54.95,美妆
U00034,ORD_U00034_002,2023-12-08,44.59,家居
U00034,ORD_U00034_001,2024-02-02,24.01,家居
U00035,ORD_U00035_000,2023-03-23,388.67,家居
U00035,ORD_U00035_001,2023-06-26,367.98,美妆
U00035,ORD_U00035_002,2023-07-25,520.09,美妆
U00035,ORD_U00035_004,2023-09-09,346.73,美妆
U00035,ORD_U00035_003,2023-09-22,415.66,数码
U00035,ORD_U00035_006,2023-10-02,409.93,食品
U00035,ORD_U00035_005,2023-10-24,447.97,美妆
U00035,ORD_U00035_007,2024-05-10,557.97,美妆
U00036,ORD_U00036_000,2024-05-16,29.45,数码
U00036,ORD_U00036_002,2024-09-13,51.38,食品
U00036,ORD_U00036_001,2024-09-22,44.52,家居
U00036,ORD_U00036_003,2025-02-11,27.78,家居
U00037,ORD_U00037_000,2024-07-07,320.61,数码
U00037,ORD_U00037_002,2024-08-10,355.3,数码
U00037,ORD_U00037_001,2024-09-01,154.93,服饰
U00037,ORD_U00037_003,2024-12-08,402.23,美妆
U00037,ORD_U00037_004,2025-02-12,472.64,数码
U00038,ORD_U00038_001,2023-06-19,186.42,家居
U00038,ORD_U00038_000,2023-06-21,110.15,食品
U00038,ORD_U00038_002,2023-09-20,62.18,食品
U00039,ORD_U00039_000,2023-07-20,250.87,家居
U00039,ORD_U00039_001,2023-07-28,204.97,数码
U00039,ORD_U00039_002,2023-08-20,509.89,家居
U00040,ORD_U00040_000,2023-10-07,313.18,数码
U00040,ORD_U00040_001,2024-01-05,497.14,食品
U00040,ORD_U00040_003,2024-02-18,432.79,服饰
U00040,ORD_U00040_002,2024-02-27,411.87,服饰
U00040,ORD_U00040_004,2024-03-05,218.52,家居
U00040,ORD_U00040_006,2024-03-24,161.67,数码
U00040,ORD_U00040_005,2024-05-31,452.74,美妆
U00041,ORD_U00041_000,2024-10-12,123.54,食品
U00041,ORD_U00041_001,2025-01-24,74.42,食品
U00041,ORD_U00041_002,2025-03-05,112.76,服饰
U00041,ORD_U00041_003,2025-09-22,100.98,家居
U00042,ORD_U00042_000,2024-01-08,138.52,美妆
U00042,ORD_U00042_001,2024-02-27,110.22,服饰
U00042,ORD_U00042_003,2024-04-08,54.16,美妆
U00042,ORD_U00042_002,2024-04-15,90.56,服饰
U00042,ORD_U00042_005,2024-07-24,89.2,家居
U00042,ORD_U00042_004,2024-08-07,114.17,服饰
U00043,ORD_U00043_000,2023-10-05,265.77,食品
U00043,ORD_U00043_003,2023-12-08,356.27,家居
U00043,ORD_U00043_001,2023-12-29,303.4,数码
U00043,ORD_U00043_002,2024-02-07,289.01,美妆
U00043,ORD_U00043_005,2024-04-06,136.42,服饰
U00043,ORD_U00043_004,2024-04-16,204.01,家居
U00043,ORD_U00043_006,2024-08-07,368.4,家居
U00043,ORD_U00043_007,2024-09-15,295.33,美妆
U00043,ORD_U00043_008,2024-09-19,381.46,家居
U00043,ORD_U00043_009,2025-01-10,177.61,服饰
U00044,ORD_U00044_000,2024-03-09,372.25,美妆
U00044,ORD_U00044_001,2024-04-12,618.06,服饰
U00044,ORD_U00044_002,2024-05-09,523.48,服饰
U00044,ORD_U00044_003,2024-05-13,369.67,数码
U00044,ORD_U00044_005,2024-05-25,549.12,服饰
U00044,ORD_U00044_008,2024-08-11,573.67,食品
U00044,ORD_U00044_007,2024-08-25,195.43,美妆
U00044,ORD_U00044_004,2024-08-27,585.71,食品
U00044,ORD_U00044_013,2024-10-13,484.98,食品
U00044,ORD_U00044_006,2024-10-14,330.93,食品
U00044,ORD_U00044_011,2024-12-25,338.42,服饰
U00044,ORD_U00044_010,2025-02-09,637.38,食品
U00044,ORD_U00044_009,2025-04-01,238.33,家居
U00044,ORD_U00044_012,2025-05-04,560.85,食品
U00045,ORD_U00045_000,2024-03-08,26.67,服饰
U00045,ORD_U00045_001,2024-07-27,61.5,食品
U00045,ORD_U00045_002,2024-08-09,42.3,服饰
U00046,ORD_U00046_000,2024-02-19,43.79,食品
U00046,ORD_U00046_001,2024-07-12,54.77,食品
U00046,ORD_U00046_002,2024-09-27,35.65,家居
U00046,ORD_U00046_003,2024-11-17,57.31,食品
U00047,ORD_U00047_000,2023-10-23,167.68,服饰
U00047,ORD_U00047_001,2024-01-14,228.55,家居
U00047,ORD_U00047_002,2024-03-07,172.27,服饰
U00048,ORD_U00048_001,2024-05-25,124.25,服饰
U00048,ORD_U00048_000,2024-06-24,144.14,数码
U00048,ORD_U00048_003,2024-10-19,66.02,食品
U00048,ORD_U00048_002,2024-12-05,74.44,家居
U00049,ORD_U00049_000,2024-07-29,311.31,食品
U00049,ORD_U00049_001,2024-08-02,155.34,美妆
U00049,ORD_U00049_002,2024-10-13,197.56,食品
U00049,ORD_U00049_004,2024-11-06,380.88,美妆
U00049,ORD_U00049_003,2024-11-08,159.44,服饰
U00049,ORD_U00049_006,2025-01-24,312.89,家居
U00049,ORD_U00049_007,2025-01-24,384.59,食品
U00049,ORD_U00049_005,2025-02-19,370.92,食品
U00049,ORD_U00049_009,2025-04-06,329.87,美妆
U00049,ORD_U00049_008,2025-09-03,242.8,数码
U00050,ORD_U00050_000,2024-09-20,262.82,数码
U00050,ORD_U00050_001,2024-10-18,325.79,数码
U00050,ORD_U00050_002,2024-12-21,418.39,家居
U00050,ORD_U00050_003,2025-02-03,242.97,服饰
U00050,ORD_U00050_005,2025-03-21,281.0,家居
U00050,ORD_U00050_004,2025-03-23,499.08,家居
U00050,ORD_U00050_006,2025-04-05,263.55,家居
U00050,ORD_U00050_014,2025-06-11,204.72,美妆
U00050,ORD_U00050_007,2025-07-19,240.94,食品
U00050,ORD_U00050_008,2025-09-10,275.12,数码
U00050,ORD_U00050_009,2025-10-03,214.03,美妆
U00050,ORD_U00050_011,2025-10-05,394.61,家居
U00050,ORD_U00050_010,2025-10-23,677.86,服饰
U00050,ORD_U00050_012,2026-01-30,176.15,数码
U00050,ORD_U00050_013,2026-02-15,661.33,服饰
U00050,ORD_U00050_015,2026-08-09,335.45,美妆
U00051,ORD_U00051_000,2024-01-17,302.64,家居
U00051,ORD_U00051_001,2024-03-05,445.93,美妆
U00051,ORD_U00051_002,2024-04-09,906.56,家居
U00051,ORD_U00051_003,2024-05-21,596.21,美妆
U00051,ORD_U00051_004,2024-06-22,833.43,食品
U00051,ORD_U00051_008,2024-08-03,689.78,数码
U00051,ORD_U00051_011,2024-08-09,324.38,美妆
U00051,ORD_U00051_007,2024-08-21,303.33,家居
U00051,ORD_U00051_009,2024-09-03,704.29,数码
U00051,ORD_U00051_012,2024-09-29,949.95,服饰
U00051,ORD_U00051_005,2024-09-30,443.03,家居
U00051,ORD_U00051_013,2024-10-14,649.12,美妆
U00051,ORD_U00051_006,2024-10-21,564.71,美妆
U00051,ORD_U00051_017,2024-10-22,737.42,家居
U00051,ORD_U00051_014,2024-12-26,475.16,家居
U00051,ORD_U00051_016,2025-01-04,412.71,数码
U00051,ORD_U00051_019,2025-02-14,924.37,家居
U00051,ORD_U00051_010,2025-04-30,446.51,服饰
U00051,ORD_U00051_015,2025-11-25,514.83,美妆
U00051,ORD_U00051_018,2026-02-03,811.95,数码
U00052,ORD_U00052_001,2024-05-17,82.41,食品
U00052,ORD_U00052_002,2024-05-28,109.47,美妆
U00052,ORD_U00052_000,2024-06-01,38.6,家居
U00052,ORD_U00052_003,2024-12-27,121.66,食品
U00053,ORD_U00053_000,2023-02-04,186.19,数码
U00053,ORD_U00053_001,2023-04-13,187.05,服饰
U00053,ORD_U00053_002,2023-08-08,158.84,美妆
U00054,ORD_U00054_000,2023-07-10,264.6,数码
U00054,ORD_U00054_002,2023-09-11,138.35,美妆
U00054,ORD_U00054_001,2023-10-04,145.05,食品
U00054,ORD_U00054_004,2023-11-01,161.16,服饰
U00054,ORD_U00054_003,2024-01-10,206.39,美妆
U00054,ORD_U00054_005,2024-04-08,318.32,食品
U00054,ORD_U00054_006,2024-04-15,196.27,食品
U00054,ORD_U00054_008,2024-06-29,316.27,食品
U00054,ORD_U00054_007,2024-08-01,336.99,美妆
U00055,ORD_U00055_000,2024-12-02,264.18,数码
U00055,ORD_U00055_001,2025-01-25,290.69,家居
U00055,ORD_U00055_002,2025-02-04,131.12,食品
U00055,ORD_U00055_003,2025-03-25,138.85,食品
U00055,ORD_U00055_006,2025-04-26,258.11,家居
U00055,ORD_U00055_005,2025-05-05,150.08,服饰
U00055,ORD_U00055_004,2025-05-11,395.79,服饰
U00055,ORD_U00055_009,2025-06-11,233.75,家居
U00055,ORD_U00055_010,2025-07-31,163.45,家居
U00055,ORD_U00055_007,2025-08-09,317.41,服饰
U00055,ORD_U00055_014,2025-09-14,122.46,美妆
U00055,ORD_U00055_008,2025-10-02,399.5,食品
U00055,ORD_U00055_013,2025-10-22,304.54,服饰
U00055,ORD_U00055_012,2025-11-05,222.2,数码
U00055,ORD_U00055_011,2026-02-12,351.63,家居
U00055,ORD_U00055_016,2026-05-22,263.45,服饰
U00055,ORD_U00055_015,2026-07-11,162.97,食品
U00056,ORD_U00056_000,2023-12-22,254.04,食品
U00056,ORD_U00056_001,2024-01-23,575.54,家居
U00056,ORD_U00056_002,2024-03-18,517.49,美妆
U00056,ORD_U00056_003,2024-03-19,364.74,数码
U00056,ORD_U00056_005,2024-04-10,524.35,数码
U00056,ORD_U00056_006,2024-04-13,293.27,数码
U00056,ORD_U00056_004,2024-07-03,553.8,服饰
U00056,ORD_U00056_011,2024-08-12,172.94,食品
U00056,ORD_U00056_007,2024-08-19,528.91,数码
U00056,ORD_U00056_012,2024-09-07,608.72,家居
U00056,ORD_U00056_009,2024-10-12,448.57,家居
U00056,ORD_U00056_013,2024-10-18,326.55,食品
U00056,ORD_U00056_008,2024-11-06,429.0,家居
U00056,ORD_U00056_014,2024-12-12,449.42,服饰
U00056,ORD_U00056_010,2025-02-09,342.19,家居
U00056,ORD_U00056_015,2025-04-04,262.32,服饰
U00056,ORD_U00056_016,2025-11-13,162.24,服饰
U00057,ORD_U00057_000,2024-12-22,80.36,数码
U00058,ORD_U00058_001,2024-07-23,839.12,家居
U00058,ORD_U00058_000,2024-08-07,754.32,数码
U00058,ORD_U00058_003,2024-08-21,1028.9,数码
U00058,ORD_U00058_002,2024-08-26,1546.38,家居
U00058,ORD_U00058_006,2024-09-28,1660.69,服饰
U00058,ORD_U00058_013,2024-11-09,1670.88,美妆
U00058,ORD_U00058_004,2024-11-15,1018.97,食品
U00058,ORD_U00058_014,2024-11-23,1853.14,服饰
U00058,ORD_U00058_007,2024-12-03,1232.98,家居
U00058,ORD_U00058_008,2024-12-20,1655.95,服饰
U00058,ORD_U00058_005,2024-12-29,844.51,数码
U00058,ORD_U00058_019,2025-02-13,717.18,服饰
U00058,ORD_U00058_012,2025-02-17,1580.33,数码
U00058,ORD_U00058_010,2025-03-08,2003.59,家居
U00058,ORD_U00058_009,2025-03-12,1262.32,美妆
U00058,ORD_U00058_016,2025-04-03,1098.66,食品
U00058,ORD_U00058_021,2025-04-11,732.76,数码
U00058,ORD_U00058_011,2025-04-28,676.35,食品
U00058,ORD_U00058_023,2025-05-12,2025.04,服饰
U00058,ORD_U00058_017,2025-05-21,1909.28,数码
U00058,ORD_U00058_015,2025-07-01,879.29,美妆
U00058,ORD_U00058_022,2025-09-08,614.97,美妆
U00058,ORD_U00058_024,2025-09-18,895.32,数码
U00058,ORD_U00058_020,2025-12-04,1621.08,美妆
U00058,ORD_U00058_018,2026-01-04,2008.64,美妆
U00058,ORD_U00058_025,2026-04-04,1646.15,食品
U00059,ORD_U00059_000,2023-08-26,757.02,数码
U00059,ORD_U00059_001,2023-08-30,1968.29,服饰
U00059,ORD_U00059_004,2023-09-15,1468.42,服饰
U00059,ORD_U00059_005,2023-09-27,2523.16,家居
U00059,ORD_U00059_002,2023-10-04,2023.98,家居
U00059,ORD_U00059_007,2023-11-02,1276.9,美妆
U00059,ORD_U00059_003,2023-11-13,1027.34,数码
U00059,ORD_U00059_006,2024-01-10,893.12,数码
U00059,ORD_U00059_015,2024-01-31,1651.06,数码
U00059,ORD_U00059_008,2024-02-10,2063.66,美妆
U00059,ORD_U00059_009,2024-02-18,1223.14,家居
U00059,ORD_U00059_020,2024-03-06,2228.66,食品
U00059,ORD_U00059_010,2024-03-14,1099.87,数码
U00059,ORD_U00059_012,2024-04-29,2527.69,服饰
U00059,ORD_U00059_026,2024-05-30,1763.54,食品
U00059,ORD_U00059_027,2024-06-20,1496.05,食品
U00059,ORD_U00059_022,2024-06-29,1005.36,美妆
U00059,ORD_U00059_019,2024-07-06,2637.13,家居
U00059,ORD_U00059_011,2024-07-10,1835.67,服饰
U00059,ORD_U00059_028,2024-07-20,1524.85,美妆
U00059,ORD_U00059_014,2024-08-04,2137.9,美妆
U00059,ORD_U00059_018,2024-08-20,2398.57,服饰
U00059,ORD_U00059_016,2024-09-05,1548.81,美妆
U00059,ORD_U00059_013,2024-09-18,2053.59,数码
U00059,ORD_U00059_030,2024-09-26,2182.61,美妆
U00059,ORD_U00059_017,2024-10-08,1584.25,美妆
U00059,ORD_U00059_024,2024-11-27,989.22,家居
U00059,ORD_U00059_025,2024-11-29,1756.05,家居
U00059,ORD_U00059_021,2024-12-13,2081.48,数码
U00059,ORD_U00059_023,2024-12-15,1480.39,数码
U00059,ORD_U00059_032,2025-05-07,898.98,美妆
U00059,ORD_U00059_031,2025-08-03,2212.14,服饰
U00059,ORD_U00059_029,2025-10-02,1246.86,食品
U00060,ORD_U00060_000,2023-03-26,65.59,家居
U00060,ORD_U00060_002,2023-05-13,66.23,食品
U00060,ORD_U00060_001,2023-06-16,69.89,数码
U00060,ORD_U00060_005,2023-07-15,151.45,家居
U00060,ORD_U00060_003,2023-07-28,153.24,数码
U00060,ORD_U00060_004,2023-11-15,201.36,服饰
U00061,ORD_U00061_000,2023-05-23,85.08,美妆
U00061,ORD_U00061_001,2023-07-15,62.74,数码
U00061,ORD_U00061_002,2023-10-05,202.56,数码
U00062,ORD_U00062_000,2023-10-14,134.1,食品
U00062,ORD_U00062_001,2024-01-03,65.13,数码
U00063,ORD_U00063_000,2023-10-12,518.43,食品
U00063,ORD_U00063_001,2023-11-24,571.99,美妆
U00063,ORD_U00063_002,2023-11-27,571.28,食品
U00063,ORD_U00063_003,2024-03-23,266.0,食品
U00063,ORD_U00063_006,2024-04-12,433.41,数码
U00063,ORD_U00063_004,2024-05-22,464.72,数码
U00063,ORD_U00063_005,2024-06-17,353.85,食品
U00063,ORD_U00063_007,2024-06-26,349.92,数码
U00063,ORD_U00063_008,2024-07-11,366.11,美妆
U00064,ORD_U00064_000,2023-09-24,50.49,美妆
U00064,ORD_U00064_001,2023-10-22,29.93,食品
U00065,ORD_U00065_000,2023-09-12,48.59,食品
U00065,ORD_U00065_001,2023-11-23,34.2,美妆
U00065,ORD_U00065_002,2023-12-26,57.82,数码
U00065,ORD_U00065_003,2024-02-11,61.68,服饰
U00066,ORD_U00066_000,2023-04-16,176.73,美妆
U00066,ORD_U00066_001,2023-05-27,184.56,家居
U00066,ORD_U00066_002,2023-09-15,145.78,数码
U00067,ORD_U00067_000,2024-05-13,387.14,食品
U00067,ORD_U00067_001,2024-06-28,561.6,食品
U00067,ORD_U00067_003,2024-07-23,696.84,食品
U00067,ORD_U00067_006,2024-08-06,328.51,服饰
U00067,ORD_U00067_002,2024-08-15,616.0,服饰
U00067,ORD_U00067_004,2024-08-27,456.05,美妆
U00067,ORD_U00067_007,2024-09-26,665.47,数码
U00067,ORD_U00067_009,2024-09-30,421.42,美妆
U00067,ORD_U00067_005,2024-12-09,813.71,食品
U00067,ORD_U00067_012,2025-01-09,670.01,服饰
U00067,ORD_U00067_018,2025-01-18,222.12,家居
U00067,ORD_U00067_010,2025-01-23,370.47,美妆
U00067,ORD_U00067_015,2025-01-30,678.61,家居
U00067,ORD_U00067_008,2025-04-07,500.84,食品
U00067,ORD_U00067_011,2025-04-10,399.11,服饰
U00067,ORD_U00067_014,2025-05-11,306.64,家居
U00067,ORD_U00067_013,2025-11-05,738.73,家居
U00067,ORD_U00067_017,2025-12-28,415.63,美妆
U00067,ORD_U00067_016,2026-03-20,477.39,数码
U00068,ORD_U00068_000,2025-01-07,75.35,食品
U00068,ORD_U00068_001,2025-03-15,76.18,数码
U00069,ORD_U00069_000,2023-06-08,432.07,美妆
U00069,ORD_U00069_001,2023-07-09,373.8,数码
U00069,ORD_U00069_002,2023-09-12,332.38,食品
U00069,ORD_U00069_003,2023-11-23,295.59,数码
U00069,ORD_U00069_004,2023-11-24,175.52,美妆
U00069,ORD_U00069_005,2023-12-31,357.9,数码
U00070,ORD_U00070_000,2023-12-16,934.65,数码
U00070,ORD_U00070_001,2024-01-08,481.42,食品
U00070,ORD_U00070_002,2024-01-29,418.37,服饰
U00070,ORD_U00070_004,2024-02-17,724.42,美妆
U00070,ORD_U00070_003,2024-03-01,979.42,美妆
U00070,ORD_U00070_005,2024-05-11,871.3,数码
U00070,ORD_U00070_007,2024-05-22,778.93,数码
U00070,ORD_U00070_006,2024-05-23,759.98,食品
U00070,ORD_U00070_010,2024-06-25,584.35,食品
U00070,ORD_U00070_008,2024-06-27,389.82,数码
U00070,ORD_U00070_011,2024-10-28,634.27,服饰
U00070,ORD_U00070_013,2024-11-22,784.31,美妆
U00070,ORD_U00070_009,2025-01-15,390.69,服饰
U00070,ORD_U00070_012,2025-03-20,443.79,食品
U00070,ORD_U00070_014,2025-05-23,353.03,家居
U00071,ORD_U00071_000,2024-11-21,67.49,家居
U00072,ORD_U00072_000,2023-04-17,485.88,家居
U00072,ORD_U00072_001,2023-04-27,140.23,美妆
U00072,ORD_U00072_002,2023-05-01,251.71,服饰
U00072,ORD_U00072_003,2023-07-20,417.27,食品
U00072,ORD_U00072_004,2023-09-26,485.79,数码
U00072,ORD_U00072_005,2023-10-22,270.34,数码
U00072,ORD_U00072_009,2023-11-03,471.51,美妆
U00072,ORD_U00072_007,2023-12-12,144.42,家居
U00072,ORD_U00072_006,2023-12-29,228.56,美妆
U00072,ORD_U00072_008,2024-02-14,309.58,服饰
U00073,ORD_U00073_000,2023-03-15,126.94,家居
U00073,ORD_U00073_001,2023-05-12,168.66,食品
U00073,ORD_U00073_002,2023-07-03,102.67,食品
U00074,ORD_U00074_002,2024-04-27,147.43,家居
U00074,ORD_U00074_000,2024-04-29,357.0,服饰
U00074,ORD_U00074_001,2024-05-01,213.88,数码
U00074,ORD_U00074_003,2024-07-26,108.37,食品
U00074,ORD_U00074_008,2024-10-02,348.65,美妆
U00074,ORD_U00074_004,2024-11-12,206.65,家居
U00074,ORD_U00074_005,2024-11-30,356.98,服饰
U00074,ORD_U00074_006,2025-03-09,262.61,数码
U00074,ORD_U00074_009,2025-04-26,252.86,服饰
U00074,ORD_U00074_007,2025-05-22,327.59,服饰
U00075,ORD_U00075_000,2023-03-13,433.39,数码
U00075,ORD_U00075_002,2023-04-14,516.05,家居
U00075,ORD_U00075_001,2023-05-22,360.56,数码
U00075,ORD_U00075_003,2023-06-09,390.87,美妆
U00075,ORD_U00075_005,2023-08-06,258.87,数码
U00075,ORD_U00075_004,2023-08-18,432.62,食品
U00075,ORD_U00075_006,2023-09-21,219.2,美妆
U00075,ORD_U00075_007,2024-05-09,318.72,服饰
U00076,ORD_U00076_000,2023-06-30,312.59,服饰
U00076,ORD_U00076_001,2023-08-10,205.5,家居
U00076,ORD_U00076_005,2023-10-04,414.69,食品
U00076,ORD_U00076_002,2023-10-09,316.51,家居
U00076,ORD_U00076_003,2023-12-05,186.6,美妆
U00076,ORD_U00076_006,2024-02-03,278.95,食品
U00076,ORD_U00076_004,2024-03-08,200.39,服饰
U00076,ORD_U00076_007,2024-06-10,422.34,食品
U00076,ORD_U00076_008,2024-07-06,227.11,数码
U00077,ORD_U00077_000,2024-12-07,453.21,服饰
U00077,ORD_U00077_002,2025-01-27,461.28,美妆
U00077,ORD_U00077_001,2025-02-26,317.66,家居
U00077,ORD_U00077_004,2025-04-26,231.03,食品
U00077,ORD_U00077_003,2025-04-29,421.34,美妆
U00077,ORD_U00077_005,2025-08-05,210.13,数码
U00077,ORD_U00077_006,2025-10-16,456.92,家居
U00078,ORD_U00078_000,2023-08-09,164.67,美妆
U00078,ORD_U00078_001,2023-10-06,96.6,服饰
U00078,ORD_U00078_002,2023-11-25,134.45,食品
U00079,ORD_U00079_000,2023-11-09,109.24,美妆
U00079,ORD_U00079_001,2024-02-08,140.67,服饰
U00079,ORD_U00079_002,2024-02-15,178.53,数码
U00080,ORD_U00080_000,2024-04-25,1139.15,美妆
U00080,ORD_U00080_001,2024-05-07,915.98,美妆
U00080,ORD_U00080_002,2024-05-23,1056.4,服饰
U00080,ORD_U00080_005,2024-06-08,1071.88,食品
U00080,ORD_U00080_004,2024-07-05,339.76,美妆
U00080,ORD_U00080_003,2024-07-08,641.85,家居
U00080,ORD_U00080_008,2024-09-04,1065.3,服饰
U00080,ORD_U00080_006,2024-09-26,865.12,美妆
U00080,ORD_U00080_009,2025-02-12,380.26,美妆
U00080,ORD_U00080_007,2025-03-02,1084.92,美妆
U00080,ORD_U00080_010,2025-04-26,617.09,食品
U00081,ORD_U00081_000,2023-11-18,59.96,数码
U00081,ORD_U00081_003,2024-02-24,41.24,美妆
U00081,ORD_U00081_002,2024-02-26,114.06,美妆
U00081,ORD_U00081_001,2024-03-01,84.62,数码
U00082,ORD_U00082_001,2024-03-16,101.92,数码
U00082,ORD_U00082_000,2024-04-06,182.45,服饰
U00082,ORD_U00082_002,2024-05-19,168.11,美妆
U00082,ORD_U00082_003,2024-11-14,142.42,食品
U00083,ORD_U00083_000,2023-08-06,245.56,家居
U00083,ORD_U00083_001,2023-10-03,663.38,家居
U00083,ORD_U00083_002,2023-10-14,631.51,数码
U00083,ORD_U00083_003,2023-10-29,788.98,服饰
U00083,ORD_U00083_007,2024-01-04,641.77,服饰
U00083,ORD_U00083_008,2024-02-02,837.14,服饰
U00083,ORD_U00083_005,2024-02-04,657.44,家居
U00083,ORD_U00083_009,2024-02-08,586.84,数码
U00083,ORD_U00083_004,2024-02-19,800.55,美妆
U00083,ORD_U00083_006,2024-03-04,677.04,美妆
U00083,ORD_U00083_016,2024-04-02,324.69,食品
U00083,ORD_U00083_012,2024-05-05,387.58,美妆
U00083,ORD_U00083_014,2024-08-01,280.28,服饰
U00083,ORD_U00083_017,2024-08-04,292.9,服饰
U00083,ORD_U00083_013,2024-08-22,260.86,数码
U00083,ORD_U00083_011,2024-09-12,572.8,数码
U00083,ORD_U00083_010,2024-09-18,799.73,食品
U00083,ORD_U00083_015,2024-09-24,393.75,家居
U00083,ORD_U00083_018,2025-08-05,355.17,家居
U00084,ORD_U00084_000,2024-07-30,508.69,食品
U00084,ORD_U00084_001,2024-10-30,508.51,美妆
U00084,ORD_U00084_002,2024-11-24,389.97,数码
U00084,ORD_U00084_005,2025-01-25,170.12,家居
U00084,ORD_U00084_003,2025-03-06,170.89,美妆
U00084,ORD_U00084_004,2025-04-01,220.78,食品
U00084,ORD_U00084_006,2025-06-12,316.44,食品
U00084,ORD_U00084_007,2025-06-14,239.49,服饰
U00084,ORD_U00084_008,2025-10-04,488.66,家居
U00084,ORD_U00084_009,2025-11-08,232.07,家居
U00085,ORD_U00085_000,2023-05-26,112.52,家居
U00085,ORD_U00085_001,2023-07-16,122.11,数码
U00086,ORD_U00086_000,2023-08-31,134.83,数码
U00086,ORD_U00086_001,2023-10-16,56.66,美妆
U00086,ORD_U00086_002,2023-11-24,161.21,服饰
U00087,ORD_U00087_001,2024-04-11,286.86,服饰
U00087,ORD_U00087_000,2024-04-13,760.32,食品
U00087,ORD_U00087_002,2024-05-17,342.96,服饰
U00087,ORD_U00087_003,2024-06-27,756.52,美妆
U00087,ORD_U00087_007,2024-07-26,286.96,食品
U00087,ORD_U00087_005,2024-07-28,255.15,家居
U00087,ORD_U00087_008,2024-08-02,886.75,美妆
U00087,ORD_U00087_006,2024-08-07,319.01,数码
U00087,ORD_U00087_004,2024-08-16,596.0,服饰
U00087,ORD_U00087_009,2024-09-27,253.25,服饰
U00087,ORD_U00087_012,2025-03-20,875.45,数码
U00087,ORD_U00087_010,2025-04-21,478.25,美妆
U00087,ORD_U00087_011,2025-05-05,838.91,数码
U00087,ORD_U00087_013,2025-06-02,600.07,美妆
U00088,ORD_U00088_000,2023-05-08,152.31,食品
U00088,ORD_U00088_001,2023-05-29,195.06,食品
U00088,ORD_U00088_002,2023-07-01,119.67,服饰
U00088,ORD_U00088_003,2023-10-14,70.75,美妆
U00089,ORD_U00089_000,2023-08-24,99.1,食品
U00090,ORD_U00090_000,2024-10-11,183.45,美妆
U00090,ORD_U00090_001,2024-10-30,65.75,美妆
U00091,ORD_U00091_000,2023-03-22,725.53,家居
U00091,ORD_U00091_001,2023-04-19,673.27,食品
U00091,ORD_U00091_002,2023-04-21,817.77,数码
U00091,ORD_U00091_003,2023-06-09,530.79,数码
U00091,ORD_U00091_006,2023-07-13,554.5,食品
U00091,ORD_U00091_004,2023-08-02,319.78,食品
U00091,ORD_U00091_007,2023-08-26,439.01,服饰
U00091,ORD_U00091_005,2023-09-30,448.04,数码
U00091,ORD_U00091_013,2023-10-25,230.72,食品
U00091,ORD_U00091_008,2023-10-28,727.14,食品
U00091,ORD_U00091_010,2023-11-12,648.53,美妆
U00091,ORD_U00091_011,2023-12-03,427.63,美妆
U00091,ORD_U00091_009,2024-02-09,262.43,服饰
U00091,ORD_U00091_012,2024-02-18,617.07,数码
U00091,ORD_U00091_014,2024-08-04,663.96,数码
U00091,ORD_U00091_015,2024-08-28,359.96,食品
U00092,ORD_U00092_000,2024-02-10,48.16,美妆
U00092,ORD_U00092_001,2024-04-08,43.81,食品
U00092,ORD_U00092_002,2024-07-06,16.04,服饰
U00092,ORD_U00092_003,2024-07-21,61.72,数码
U00093,ORD_U00093_000,2024-09-01,515.87,家居
U00093,ORD_U00093_002,2024-11-14,468.05,美妆
U00093,ORD_U00093_001,2024-12-17,441.56,食品
U00093,ORD_U00093_003,2025-03-19,441.1,食品
U00093,ORD_U00093_004,2025-03-20,233.35,家居
U00093,ORD_U00093_005,2025-05-14,308.56,食品
U00094,ORD_U00094_001,2024-01-15,270.86,美妆
U00094,ORD_U00094_000,2024-01-26,169.8,数码
U00094,ORD_U00094_002,2024-02-06,125.95,服饰
U00094,ORD_U00094_005,2024-06-13,89.05,食品
U00094,ORD_U00094_004,2024-06-28,188.98,服饰
U00094,ORD_U00094_003,2024-07-19,160.2,家居
U00095,ORD_U00095_001,2024-09-28,182.17,美妆
U00095,ORD_U00095_000,2024-09-30,363.32,美妆
U00095,ORD_U00095_002,2024-10-16,134.57,家居
U00095,ORD_U00095_003,2024-11-29,332.6,食品
U00095,ORD_U00095_005,2025-01-14,276.92,美妆
U00095,ORD_U00095_004,2025-04-01,294.68,食品
U00095,ORD_U00095_007,2025-06-01,315.46,服饰
U00095,ORD_U00095_006,2025-06-16,292.77,食品
U00096,ORD_U00096_000,2024-11-21,130.49,美妆
U00097,ORD_U00097_000,2023-07-18,130.45,美妆
U00097,ORD_U00097_001,2023-09-17,289.7,家居
U00097,ORD_U00097_003,2023-10-17,154.61,美妆
U00097,ORD_U00097_002,2023-12-13,284.91,美妆
U00098,ORD_U00098_000,2023-03-02,414.52,家居
U00098,ORD_U00098_001,2023-05-04,259.07,数码
U00098,ORD_U00098_002,2023-05-04,206.89,数码
U00098,ORD_U00098_004,2023-07-27,430.74,家居
U00098,ORD_U00098_003,2023-07-30,431.86,数码
U00098,ORD_U00098_005,2023-09-29,191.68,美妆
U00099,ORD_U00099_000,2024-10-28,38.53,数码
U00099,ORD_U00099_001,2024-11-09,60.21,服饰
U00099,ORD_U00099_002,2024-11-21,50.79,数码
U00099,ORD_U00099_003,2025-05-07,47.48,食品
U00100,ORD_U00100_000,2023-09-03,112.46,美妆
U00100,ORD_U00100_001,2024-01-05,121.53,服饰
U00100,ORD_U00100_003,2024-01-26,133.44,数码
U00100,ORD_U00100_002,2024-02-24,78.88,食品
U00101,ORD_U00101_000,2023-08-03,345.21,家居
U00101,ORD_U00101_001,2023-09-15,381.96,数码
U00101,ORD_U00101_002,2023-10-08,241.38,食品
U00101,ORD_U00101_006,2023-12-24,328.16,服饰
U00101,ORD_U00101_007,2024-01-22,145.98,食品
U00101,ORD_U00101_003,2024-01-23,234.19,美妆
U00101,ORD_U00101_004,2024-04-02,373.12,家居
U00101,ORD_U00101_005,2024-04-21,182.83,美妆
U00101,ORD_U00101_008,2024-06-01,247.53,数码
U00102,ORD_U00102_000,2023-10-01,173.24,家居
U00102,ORD_U00102_002,2023-10-24,301.99,美妆
U00102,ORD_U00102_001,2023-11-10,376.97,数码
U00102,ORD_U00102_004,2023-11-13,344.34,数码
U00102,ORD_U00102_005,2023-12-26,205.06,家居
U00102,ORD_U00102_003,2024-01-25,241.17,数码
U00102,ORD_U00102_006,2024-03-24,227.26,食品
U00102,ORD_U00102_007,2024-04-22,282.58,食品
U00102,ORD_U00102_008,2024-09-02,343.01,食品
U00103,ORD_U00103_000,2023-11-17,28.32,食品
U00103,ORD_U00103_001,2023-12-29,56.12,服饰
U00103,ORD_U00103_003,2024-02-16,37.48,家居
U00103,ORD_U00103_002,2024-04-19,51.02,服饰
U00104,ORD_U00104_000,2023-02-27,186.19,美妆
U00104,ORD_U00104_001,2023-05-14,136.4,美妆
U00104,ORD_U00104_002,2023-06-23,104.68,食品
U00105,ORD_U00105_000,2023-10-28,554.05,食品
U00105,ORD_U00105_001,2023-11-24,396.91,服饰
U00105,ORD_U00105_002,2024-02-08,545.69,食品
U00105,ORD_U00105_005,2024-02-21,596.74,服饰
U00105,ORD_U00105_003,2024-03-02,325.33,美妆
U00105,ORD_U00105_010,2024-03-10,381.74,食品
U00105,ORD_U00105_008,2024-03-19,645.89,数码
U00105,ORD_U00105_006,2024-04-14,622.71,家居
U00105,ORD_U00105_004,2024-04-15,716.66,数码
U00105,ORD_U00105_007,2024-07-17,1065.24,食品
U00105,ORD_U00105_013,2024-08-30,602.34,美妆
U00105,ORD_U00105_009,2024-10-22,1100.47,食品
U00105,ORD_U00105_015,2024-11-06,1048.35,美妆
U00105,ORD_U00105_016,2024-11-09,384.03,数码
U00105,ORD_U00105_011,2024-12-21,1158.89,美妆
U00105,ORD_U00105_012,2025-03-15,780.6,食品
U00105,ORD_U00105_014,2025-07-26,1000.17,美妆
U00106,ORD_U00106_000,2025-02-05,74.63,数码
U00107,ORD_U00107_000,2024-11-01,547.27,家居
U00107,ORD_U00107_001,2024-12-18,287.18,家居
U00107,ORD_U00107_002,2025-01-05,680.23,食品
U00107,ORD_U00107_003,2025-01-25,755.14,美妆
U00107,ORD_U00107_007,2025-02-10,552.33,家居
U00107,ORD_U00107_004,2025-03-16,1013.96,数码
U00107,ORD_U00107_005,2025-05-06,518.07,服饰
U00107,ORD_U00107_006,2025-06-29,786.69,服饰
U00107,ORD_U00107_008,2025-08-16,954.59,家居
U00108,ORD_U00108_000,2023-10-04,94.37,数码
U00109,ORD_U00109_000,2024-06-01,137.22,美妆
U00109,ORD_U00109_001,2024-08-07,180.91,家居
U00109,ORD_U00109_003,2024-08-14,420.76,美妆
U00109,ORD_U00109_002,2024-09-08,183.76,食品
U00109,ORD_U00109_004,2024-11-07,159.94,美妆
U00109,ORD_U00109_006,2024-11-15,496.83,食品
U00109,ORD_U00109_005,2024-11-20,388.44,食品
U00109,ORD_U00109_007,2025-01-20,147.12,美妆
U00110,ORD_U00110_000,2024-08-15,71.79,服饰
U00110,ORD_U00110_001,2024-12-06,97.28,家居
U00111,ORD_U00111_000,2023-07-27,398.42,家居
U00111,ORD_U00111_001,2023-08-26,312.81,食品
U00111,ORD_U00111_002,2023-09-09,217.9,数码
U00111,ORD_U00111_003,2023-10-19,200.02,家居
U00111,ORD_U00111_005,2023-11-09,150.1,美妆
U00111,ORD_U00111_004,2024-01-22,205.96,食品
U00111,ORD_U00111_006,2024-03-20,277.63,家居
U00112,ORD_U00112_000,2023-03-31,57.06,美妆
U00113,ORD_U00113_000,2023-06-18,50.45,食品
U00113,ORD_U00113_001,2023-09-10,89.2,数码
U00113,ORD_U00113_003,2023-12-22,146.33,家居
U00113,ORD_U00113_002,2024-01-20,125.56,服饰
U00114,ORD_U00114_000,2025-01-11,240.38,家居
U00114,ORD_U00114_001,2025-03-06,168.6,食品
U00114,ORD_U00114_002,2025-04-06,98.78,数码
U00114,ORD_U00114_003,2025-04-09,124.09,食品
U00114,ORD_U00114_004,2025-07-17,116.09,服饰
U00114,ORD_U00114_008,2025-09-23,150.25,家居
U00114,ORD_U00114_005,2025-11-10,153.77,数码
U00114,ORD_U00114_006,2025-11-16,182.12,家居
U00114,ORD_U00114_009,2026-02-10,140.18,美妆
U00114,ORD_U00114_007,2026-02-21,209.64,食品
U00115,ORD_U00115_000,2024-06-30,79.04,服饰
U00115,ORD_U00115_001,2024-08-21,60.89,美妆
U00115,ORD_U00115_002,2024-09-15,56.8,服饰
U00116,ORD_U00116_000,2023-04-18,425.92,服饰
U00116,ORD_U00116_001,2023-05-28,326.77,家居
U00116,ORD_U00116_003,2023-06-22,558.5,数码
U00116,ORD_U00116_002,2023-07-06,491.27,食品
U00116,ORD_U00116_004,2023-10-09,376.44,美妆
U00116,ORD_U00116_007,2023-10-31,551.05,数码
U00116,ORD_U00116_006,2023-12-19,256.34,服饰
U00116,ORD_U00116_005,2024-02-13,174.89,食品
U00117,ORD_U00117_000,2024-10-21,42.27,服饰
U00117,ORD_U00117_001,2025-03-08,107.1,家居
U00117,ORD_U00117_002,2025-03-26,57.93,数码
U00118,ORD_U00118_000,2023-06-13,65.88,美妆
U00118,ORD_U00118_001,2023-07-05,82.92,美妆
U00119,ORD_U00119_000,2023-03-22,45.92,食品
U00119,ORD_U00119_001,2023-05-15,93.97,食品
U00119,ORD_U00119_002,2023-07-29,136.76,数码
U00119,ORD_U00119_003,2023-10-13,76.36,食品
U00120,ORD_U00120_000,2023-04-09,105.87,数码
U00120,ORD_U00120_001,2023-05-09,74.19,服饰
U00120,ORD_U00120_002,2023-10-26,91.3,美妆
U00121,ORD_U00121_000,2024-03-03,34.67,数码
U00121,ORD_U00121_001,2024-05-09,25.61,食品
U00122,ORD_U00122_000,2023-07-25,434.59,数码
U00122,ORD_U00122_001,2023-09-04,119.41,服饰
U00122,ORD_U00122_002,2023-09-20,158.69,家居
U00122,ORD_U00122_005,2023-09-29,308.22,服饰
U00122,ORD_U00122_003,2023-10-01,432.02,美妆
U00122,ORD_U00122_004,2023-10-19,276.39,服饰
U00122,ORD_U00122_008,2023-12-07,450.72,食品
U00122,ORD_U00122_007,2024-03-16,176.05,美妆
U00122,ORD_U00122_006,2024-04-08,439.33,食品
U00122,ORD_U00122_009,2024-06-16,254.4,服饰
U00122,ORD_U00122_011,2024-07-08,450.41,美妆
U00122,ORD_U00122_010,2024-07-26,368.3,食品
U00123,ORD_U00123_000,2023-05-08,171.21,美妆
U00123,ORD_U00123_001,2023-06-28,234.08,数码
U00123,ORD_U00123_003,2023-07-15,301.98,服饰
U00123,ORD_U00123_004,2023-07-28,367.8,食品
U00123,ORD_U00123_002,2023-09-14,312.74,食品
U00123,ORD_U00123_005,2023-11-02,197.82,家居
U00123,ORD_U00123_006,2024-03-09,493.09,家居
U00124,ORD_U00124_000,2024-01-20,132.18,服饰
U00124,ORD_U00124_001,2024-02-13,39.81,美妆
U00125,ORD_U00125_000,2024-05-08,183.68,数码
U00125,ORD_U00125_001,2024-06-20,459.52,服饰
U00125,ORD_U00125_002,2024-09-13,280.92,美妆
U00125,ORD_U00125_003,2024-10-28,315.83,美妆
U00125,ORD_U00125_004,2024-12-30,398.64,家居
U00126,ORD_U00126_000,2024-11-27,116.92,食品
U00126,ORD_U00126_001,2025-03-07,122.24,食品
U00126,ORD_U00126_002,2025-06-29,71.3,食品
U00127,ORD_U00127_000,2024-09-13,192.13,美妆
U00127,ORD_U00127_001,2024-11-13,124.54,数码
U00128,ORD_U00128_000,2023-07-16,471.05,美妆
U00128,ORD_U00128_001,2023-08-03,377.92,服饰
U00128,ORD_U00128_002,2023-09-27,177.83,美妆
U00128,ORD_U00128_004,2023-11-20,404.73,食品
U00128,ORD_U00128_009,2023-11-20,176.45,美妆
U00128,ORD_U00128_006,2023-12-11,452.71,食品
U00128,ORD_U00128_003,2023-12-15,473.74,家居
U00128,ORD_U00128_005,2024-02-06,171.76,数码
U00128,ORD_U00128_007,2024-05-02,179.05,家居
U00128,ORD_U00128_008,2024-07-25,156.54,食品
U00129,ORD_U00129_000,2024-01-06,96.73,数码
U00129,ORD_U00129_001,2024-02-03,139.27,家居
U00129,ORD_U00129_002,2024-02-06,130.2,家居
U00129,ORD_U00129_003,2024-05-11,153.3,食品
U00129,ORD_U00129_004,2024-06-05,186.5,数码
U00129,ORD_U00129_007,2024-07-24,159.46,数码
U00129,ORD_U00129_006,2024-07-26,214.66,服饰
U00129,ORD_U00129_008,2024-08-09,83.11,家居
U00129,ORD_U00129_005,2024-08-28,127.6,数码
U00130,ORD_U00130_000,2024-05-12,332.6,服饰
U00130,ORD_U00130_001,2024-05-16,375.18,家居
U00130,ORD_U00130_002,2024-07-11,458.92,食品
U00130,ORD_U00130_003,2024-10-21,425.89,家居
U00130,ORD_U00130_004,2024-10-22,378.26,美妆
U00131,ORD_U00131_000,2023-12-11,60.71,数码
U00132,ORD_U00132_001,2023-07-08,472.68,家居
U00132,ORD_U00132_000,2023-07-29,343.26,数码
U00132,ORD_U00132_002,2023-11-13,459.92,家居
U00132,ORD_U00132_003,2023-12-10,320.76,美妆
U00132,ORD_U00132_005,2024-02-22,348.62,食品
U00132,ORD_U00132_004,2024-03-11,473.32,服饰
U00132,ORD_U00132_006,2024-06-21,175.42,数码
U00133,ORD_U00133_000,2023-03-24,702.47,服饰
U00133,ORD_U00133_002,2023-05-04,417.74,美妆
U00133,ORD_U00133_001,2023-05-14,628.13,数码
U00133,ORD_U00133_003,2023-09-06,333.19,数码
U00133,ORD_U00133_004,2023-09-07,501.41,数码
U00133,ORD_U00133_011,2023-09-10,715.39,数码
U00133,ORD_U00133_007,2023-09-27,715.07,家居
U00133,ORD_U00133_005,2023-11-04,405.88,食品
U00133,ORD_U00133_006,2023-11-13,649.2,数码
U00133,ORD_U00133_008,2023-11-23,447.8,数码
U00133,ORD_U00133_009,2023-12-10,446.85,美妆
U00133,ORD_U00133_012,2023-12-29,373.34,家居
U00133,ORD_U00133_010,2024-04-24,630.57,家居
U00133,ORD_U00133_014,2024-05-27,186.86,家居
U00133,ORD_U00133_013,2024-06-12,265.58,数码
U00133,ORD_U00133_015,2024-07-19,297.51,服饰
U00133,ORD_U00133_016,2025-01-31,702.37,食品
U00133,ORD_U00133_018,2025-03-06,483.7,美妆
U00133,ORD_U00133_017,2025-04-11,274.48,家居
U00134,ORD_U00134_000,2023-07-09,34.16,美妆
U00134,ORD_U00134_001,2023-09-13,81.48,服饰
U00135,ORD_U00135_000,2023-04-19,47.63,数码
U00136,ORD_U00136_000,2024-10-19,134.24,服饰
U00136,ORD_U00136_001,2024-12-26,107.09,数码
U00137,ORD_U00137_001,2024-09-29,51.8,家居
U00137,ORD_U00137_000,2024-10-14,25.76,服饰
U00137,ORD_U00137_002,2025-03-17,44.18,食品
U00138,ORD_U00138_000,2023-02-11,104.04,美妆
U00139,ORD_U00139_001,2023-08-20,515.69,家居
U00139,ORD_U00139_000,2023-08-22,757.88,服饰
U00139,ORD_U00139_003,2023-10-31,836.79,家居
U00139,ORD_U00139_002,2023-11-01,445.17,服饰
U00139,ORD_U00139_004,2023-11-26,863.06,食品
U00139,ORD_U00139_005,2023-12-25,603.87,数码
U00139,ORD_U00139_007,2023-12-27,330.2,家居
U00139,ORD_U00139_006,2024-02-17,857.94,数码
U00139,ORD_U00139_009,2024-04-07,791.57,美妆
U00139,ORD_U00139_008,2024-05-24,650.62,美妆
U00139,ORD_U00139_011,2024-08-18,751.25,家居
U00139,ORD_U00139_010,2024-09-11,646.7,食品
U00139,ORD_U00139_013,2025-01-03,603.78,家居
U00139,ORD_U00139_012,2025-01-30,366.92,食品
U00140,ORD_U00140_000,2023-10-13,56.42,美妆
U00140,ORD_U00140_001,2023-11-06,98.96,美妆
U00141,ORD_U00141_000,2024-01-11,467.74,家居
U00141,ORD_U00141_001,2024-03-15,293.84,美妆
U00141,ORD_U00141_002,2024-04-16,175.34,数码
U00141,ORD_U00141_004,2024-05-03,504.76,家居
U00141,ORD_U00141_003,2024-05-07,329.88,家居
U00141,ORD_U00141_005,2024-06-12,527.23,服饰
U00141,ORD_U00141_007,2024-07-19,475.25,美妆
U00141,ORD_U00141_006,2024-10-29,231.76,食品
U00142,ORD_U00142_000,2024-08-20,51.48,食品
U00142,ORD_U00142_002,2024-10-17,75.13,数码
U00142,ORD_U00142_001,2024-11-12,93.02,服饰
U00143,ORD_U00143_001,2023-12-14,64.43,家居
U00143,ORD_U00143_000,2023-12-24,91.84,食品
U00143,ORD_U00143_002,2024-04-24,54.6,服饰
U00143,ORD_U00143_003,2024-06-23,169.41,数码
U00144,ORD_U00144_000,2023-09-12,23.33,服饰
U00144,ORD_U00144_001,2023-11-17,24.1,食品
U00145,ORD_U00145_002,2024-06-14,105.89,美妆
U00145,ORD_U00145_001,2024-06-18,103.63,美妆
U00145,ORD_U00145_000,2024-06-19,115.03,家居
U00145,ORD_U00145_004,2024-09-16,241.47,家居
U00145,ORD_U00145_003,2024-09-19,152.56,家居
U00145,ORD_U00145_008,2024-11-07,212.02,服饰
U00145,ORD_U00145_007,2025-01-15,204.65,数码
U00145,ORD_U00145_006,2025-03-13,195.93,服饰
U00145,ORD_U00145_005,2025-03-28,96.1,食品
U00145,ORD_U00145_009,2025-06-04,117.4,数码
U00146,ORD_U00146_000,2024-05-19,566.57,美妆
U00146,ORD_U00146_003,2024-07-06,419.74,美妆
U00146,ORD_U00146_001,2024-07-07,382.29,家居
U00146,ORD_U00146_004,2024-07-27,332.34,美妆
U00146,ORD_U00146_002,2024-08-02,356.73,家居
U00146,ORD_U00146_008,2024-10-04,388.78,食品
U00146,ORD_U00146_005,2024-11-13,353.41,食品
U00146,ORD_U00146_006,2025-01-23,491.64,数码
U00146,ORD_U00146_007,2025-02-21,557.42,美妆
U00146,ORD_U00146_009,2025-04-16,615.32,家居
U00147,ORD_U00147_000,2024-11-17,111.05,数码
U00147,ORD_U00147_001,2024-12-09,37.71,服饰
U00147,ORD_U00147_002,2025-01-30,118.84,服饰
U00147,ORD_U00147_003,2025-03-05,92.15,美妆
U00148,ORD_U00148_000,2024-05-11,380.99,服饰
U00148,ORD_U00148_001,2024-06-06,176.78,服饰
U00148,ORD_U00148_004,2024-08-15,395.44,家居
U00148,ORD_U00148_002,2024-08-21,212.5,服饰
U00148,ORD_U00148_003,2024-08-29,173.69,数码
U00148,ORD_U00148_005,2024-09-28,367.25,服饰
U00148,ORD_U00148_007,2024-09-28,363.38,食品
U00148,ORD_U00148_009,2024-10-25,250.19,食品
U00148,ORD_U00148_006,2025-02-11,357.5,美妆
U00148,ORD_U00148_008,2025-02-27,214.1,数码
U00148,ORD_U00148_010,2025-04-11,289.4,家居
U00149,ORD_U00149_000,2023-02-05,66.38,服饰
U00149,ORD_U00149_001,2023-06-04,95.98,家居
U00150,ORD_U00150_000,2023-12-17,124.62,食品
U00150,ORD_U00150_001,2024-02-16,157.31,美妆
U00150,ORD_U00150_002,2024-07-28,87.66,家居
U00151,ORD_U00151_000,2023-07-22,41.03,服饰
U00152,ORD_U00152_000,2025-01-25,53.43,服饰
U00153,ORD_U00153_000,2023-09-11,45.98,服饰
U00153,ORD_U00153_001,2023-12-31,34.64,家居
U00153,ORD_U00153_002,2024-02-03,35.56,服饰
U00154,ORD_U00154_000,2024-08-10,389.63,美妆
U00154,ORD_U00154_001,2024-08-26,364.97,家居
U00154,ORD_U00154_002,2024-10-27,219.11,美妆
U00154,ORD_U00154_004,2024-12-08,136.27,服饰
U00154,ORD_U00154_003,2025-02-16,376.87,美妆
U00155,ORD_U00155_000,2024-04-28,212.26,家居
U00155,ORD_U00155_001,2024-06-09,220.73,数码
U00155,ORD_U00155_002,2024-06-28,109.75,家居
U00155,ORD_U00155_007,2024-10-14,196.82,家居
U00155,ORD_U00155_003,2024-10-16,137.59,数码
U00155,ORD_U00155_004,2024-10-16,297.34,数码
U00155,ORD_U00155_005,2025-01-02,225.99,数码
U00155,ORD_U00155_006,2025-01-22,345.62,服饰
U00156,ORD_U00156_000,2024-09-21,77.02,家居
U00156,ORD_U00156_001,2024-11-10,52.7,美妆
U00156,ORD_U00156_002,2025-03-03,80.55,家居
U00157,ORD_U00157_001,2024-12-25,134.29,家居
U00157,ORD_U00157_000,2024-12-29,92.95,美妆
U00157,ORD_U00157_002,2025-04-09,122.15,服饰
U00158,ORD_U00158_000,2023-03-20,103.37,美妆
U00159,ORD_U00159_000,2024-10-29,58.46,家居
U00159,ORD_U00159_001,2024-11-18,72.72,美妆
U00159,ORD_U00159_002,2025-03-11,23.83,家居
U00160,ORD_U00160_000,2024-05-13,586.7,数码
U00160,ORD_U00160_001,2024-07-02,346.2,家居
U00160,ORD_U00160_002,2024-07-07,1120.2,家居
U00160,ORD_U00160_004,2024-07-07,642.52,食品
U00160,ORD_U00160_003,2024-09-22,444.54,家居
U00160,ORD_U00160_005,2024-12-14,1100.71,美妆
U00160,ORD_U00160_007,2025-01-26,810.44,服饰
U00160,ORD_U00160_006,2025-01-30,541.03,美妆
U00160,ORD_U00160_008,2025-02-14,1095.0,服饰
U00160,ORD_U00160_010,2025-06-08,762.76,数码
U00160,ORD_U00160_011,2025-07-02,1014.77,美妆
U00160,ORD_U00160_009,2025-07-20,399.14,美妆
U00161,ORD_U00161_000,2023-05-09,202.21,食品
U00161,ORD_U00161_001,2023-06-21,149.43,食品
U00161,ORD_U00161_003,2023-08-11,88.59,美妆
U00161,ORD_U00161_002,2023-09-07,204.66,美妆
U00161,ORD_U00161_004,2023-12-12,126.63,家居
U00162,ORD_U00162_001,2023-09-17,248.11,服饰
U00162,ORD_U00162_000,2023-09-25,265.13,食品
U00162,ORD_U00162_003,2023-10-11,395.62,数码
U00162,ORD_U00162_002,2023-11-15,321.29,美妆
U00162,ORD_U00162_007,2024-02-08,235.33,美妆
U00162,ORD_U00162_008,2024-03-06,149.75,家居
U00162,ORD_U00162_004,2024-03-10,245.05,家居
U00162,ORD_U00162_009,2024-04-02,197.8,家居
U00162,ORD_U00162_012,2024-04-03,183.36,美妆
U00162,ORD_U00162_005,2024-04-08,215.36,数码
U00162,ORD_U00162_006,2024-05-21,280.43,数码
U00162,ORD_U00162_013,2024-09-08,344.2,家居
U00162,ORD_U00162_010,2024-10-21,237.92,食品
U00162,ORD_U00162_014,2024-11-05,336.58,美妆
U00162,ORD_U00162_011,2024-12-08,483.16,服饰
U00163,ORD_U00163_000,2023-06-08,60.76,服饰
U00164,ORD_U00164_000,2023-05-04,323.67,食品
U00164,ORD_U00164_001,2023-05-10,389.16,服饰
U00164,ORD_U00164_002,2023-07-11,758.29,服饰
U00164,ORD_U00164_005,2023-07-17,308.08,食品
U00164,ORD_U00164_007,2023-07-29,595.01,服饰
U00164,ORD_U00164_003,2023-08-10,541.06,数码
U00164,ORD_U00164_004,2023-08-17,363.52,服饰
U00164,ORD_U00164_008,2023-09-20,359.23,服饰
U00164,ORD_U00164_006,2023-12-06,296.44,数码
U00164,ORD_U00164_012,2023-12-06,768.84,美妆
U00164,ORD_U00164_016,2024-02-29,927.13,美妆
U00164,ORD_U00164_009,2024-04-14,275.38,食品
U00164,ORD_U00164_015,2024-04-27,640.48,服饰
U00164,ORD_U00164_013,2024-05-18,430.16,食品
U00164,ORD_U00164_011,2024-06-01,519.96,食品
U00164,ORD_U00164_010,2024-06-17,655.12,服饰
U00164,ORD_U00164_017,2024-08-20,615.02,数码
U00164,ORD_U00164_014,2024-09-24,719.31,家居
U00165,ORD_U00165_000,2024-07-10,766.05,家居
U00165,ORD_U00165_001,2024-07-15,356.4,美妆
U00165,ORD_U00165_004,2024-09-25,420.04,食品
U00165,ORD_U00165_002,2024-10-01,708.32,家居
U00165,ORD_U00165_003,2024-10-10,903.22,服饰
U00165,ORD_U00165_006,2024-10-14,649.4,数码
U00165,ORD_U00165_005,2024-10-19,481.78,食品
U00165,ORD_U00165_008,2025-02-04,279.39,美妆
U00165,ORD_U00165_007,2025-02-06,832.34,数码
U00165,ORD_U00165_009,2025-03-25,847.15,服饰
U00165,ORD_U00165_010,2025-09-26,435.51,数码
U00166,ORD_U00166_000,2024-07-24,51.78,数码
U00166,ORD_U00166_001,2024-10-07,103.64,家居
U00167,ORD_U00167_000,2024-10-19,196.2,数码
U00167,ORD_U00167_002,2024-12-01,81.69,数码
U00167,ORD_U00167_001,2024-12-05,198.96,美妆
U00168,ORD_U00168_001,2024-06-04,44.37,数码
U00168,ORD_U00168_000,2024-06-22,62.05,食品
U00168,ORD_U00168_002,2024-10-16,135.32,食品
U00169,ORD_U00169_000,2023-04-19,527.74,服饰
U00169,ORD_U00169_001,2023-06-10,316.84,数码
U00169,ORD_U00169_002,2023-07-05,213.03,食品
U00169,ORD_U00169_003,2023-09-10,196.53,数码
U00169,ORD_U00169_004,2024-01-07,179.29,美妆
U00170,ORD_U00170_000,2023-04-23,419.81,食品
U00170,ORD_U00170_002,2023-05-28,349.59,数码
U00170,ORD_U00170_001,2023-06-21,187.8,家居
U00170,ORD_U00170_003,2023-07-07,321.54,美妆
U00171,ORD_U00171_000,2024-03-07,349.09,美妆
U00171,ORD_U00171_003,2024-04-29,467.78,数码
U00171,ORD_U00171_001,2024-05-19,482.56,服饰
U00171,ORD_U00171_002,2024-06-04,348.34,食品
U00171,ORD_U00171_004,2024-07-16,394.94,美妆
U00172,ORD_U00172_000,2024-06-12,69.32,家居
U00172,ORD_U00172_001,2024-08-15,44.84,美妆
U00173,ORD_U00173_000,2024-12-26,110.16,美妆
U00173,ORD_U00173_001,2025-02-03,375.24,美妆
U00173,ORD_U00173_002,2025-02-03,363.32,服饰
U00173,ORD_U00173_003,2025-05-05,274.44,家居
U00173,ORD_U00173_004,2025-05-29,356.45,家居
U00173,ORD_U00173_005,2025-08-25,232.15,服饰
U00173,ORD_U00173_006,2025-11-10,132.46,服饰
U00173,ORD_U00173_007,2025-12-06,131.96,家居
U00173,ORD_U00173_008,2026-03-31,325.43,家居
U00174,ORD_U00174_000,2023-08-31,277.06,家居
U00174,ORD_U00174_001,2023-09-06,153.14,数码
U00174,ORD_U00174_002,2023-09-11,121.66,服饰
U00174,ORD_U00174_003,2023-10-21,270.77,家居
U00174,ORD_U00174_004,2023-11-04,280.39,美妆
U00174,ORD_U00174_007,2024-01-23,171.33,美妆
U00174,ORD_U00174_005,2024-02-20,299.35,家居
U00174,ORD_U00174_008,2024-04-13,141.14,食品
U00174,ORD_U00174_009,2024-05-27,166.99,数码
U00174,ORD_U00174_006,2024-06-20,291.74,美妆
U00175,ORD_U00175_001,2024-06-16,220.67,食品
U00175,ORD_U00175_000,2024-06-24,147.41,服饰
U00175,ORD_U00175_002,2024-09-05,97.56,美妆
U00175,ORD_U00175_004,2024-10-04,131.14,数码
U00175,ORD_U00175_003,2024-10-27,185.24,美妆
U00176,ORD_U00176_000,2024-04-13,704.99,家居
U00176,ORD_U00176_001,2024-06-02,781.15,美妆
U00176,ORD_U00176_003,2024-06-11,711.67,家居
U00176,ORD_U00176_002,2024-06-24,511.65,家居
U00176,ORD_U00176_004,2024-09-02,336.82,美妆
U00176,ORD_U00176_006,2024-09-13,450.38,服饰
U00176,ORD_U00176_009,2024-10-02,741.27,服饰
U00176,ORD_U00176_008,2024-10-06,662.59,数码
U00176,ORD_U00176_005,2024-10-27,555.12,服饰
U00176,ORD_U00176_010,2024-11-08,583.61,美妆
U00176,ORD_U00176_012,2025-01-26,784.33,美妆
U00176,ORD_U00176_007,2025-02-03,364.8,食品
U00176,ORD_U00176_011,2025-02-10,307.5,数码
U00176,ORD_U00176_017,2025-04-20,659.19,美妆
U00176,ORD_U00176_013,2025-06-14,687.67,美妆
U00176,ORD_U00176_014,2025-08-11,379.65,美妆
U00176,ORD_U00176_015,2025-10-18,567.28,数码
U00176,ORD_U00176_016,2026-01-02,287.52,家居
U00177,ORD_U00177_000,2024-08-12,36.68,美妆
U00177,ORD_U00177_001,2025-01-01,63.83,食品
U00177,ORD_U00177_003,2025-01-03,79.26,数码
U00177,ORD_U00177_002,2025-01-29,55.77,美妆
U00178,ORD_U00178_000,2024-12-17,682.1,服饰
U00178,ORD_U00178_001,2024-12-27,823.51,食品
U00178,ORD_U00178_002,2025-02-07,907.21,美妆
U00178,ORD_U00178_003,2025-04-05,498.78,数码
U00178,ORD_U00178_005,2025-05-03,471.67,服饰
U00178,ORD_U00178_004,2025-05-19,858.56,食品
U00178,ORD_U00178_007,2025-05-28,511.15,家居
U00178,ORD_U00178_014,2025-07-11,1115.45,食品
U00178,ORD_U00178_009,2025-07-12,797.86,服饰
U00178,ORD_U00178_006,2025-07-23,881.76,美妆
U00178,ORD_U00178_011,2025-09-11,926.7,家居
U00178,ORD_U00178_008,2025-09-19,1118.27,美妆
U00178,ORD_U00178_013,2026-03-11,943.49,食品
U00178,ORD_U00178_010,2026-03-17,464.33,服饰
U00178,ORD_U00178_015,2026-04-15,707.71,美妆
U00178,ORD_U00178_012,2026-04-28,397.32,美妆
U00179,ORD_U00179_000,2024-03-03,181.7,食品
U00179,ORD_U00179_001,2024-05-25,128.46,美妆
U00180,ORD_U00180_000,2023-06-15,241.62,服饰
U00180,ORD_U00180_001,2023-08-09,440.23,美妆
U00180,ORD_U00180_002,2023-10-24,160.55,食品
U00180,ORD_U00180_003,2023-10-24,312.07,服饰
U00180,ORD_U00180_004,2023-12-23,113.01,数码
U00181,ORD_U00181_000,2024-08-01,47.11,家居
U00181,ORD_U00181_001,2024-12-01,37.24,美妆
U00182,ORD_U00182_000,2023-09-03,47.53,美妆
U00182,ORD_U00182_003,2023-11-26,61.83,美妆
U00182,ORD_U00182_001,2023-12-04,62.32,家居
U00182,ORD_U00182_002,2024-02-11,72.34,食品
U00183,ORD_U00183_000,2023-03-28,66.88,服饰
U00183,ORD_U00183_001,2023-04-30,133.55,美妆
U00184,ORD_U00184_000,2023-03-08,83.41,家居
U00184,ORD_U00184_001,2023-04-21,30.22,服饰
U00184,ORD_U00184_002,2023-05-20,47.73,数码
U00185,ORD_U00185_000,2024-04-07,339.42,家居
U00185,ORD_U00185_001,2024-05-24,200.53,家居
U00185,ORD_U00185_002,2024-06-15,262.07,食品
U00185,ORD_U00185_003,2024-08-06,152.58,美妆
U00185,ORD_U00185_004,2024-10-14,252.67,家居
U00185,ORD_U00185_005,2025-01-25,338.22,美妆
U00186,ORD_U00186_000,2023-06-09,90.48,服饰
U00186,ORD_U00186_001,2023-09-12,121.32,家居
U00186,ORD_U00186_002,2023-10-07,127.42,服饰
U00187,ORD_U00187_000,2024-06-03,281.47,食品
U00187,ORD_U00187_001,2024-06-19,206.56,数码
U00187,ORD_U00187_002,2024-08-13,338.87,服饰
U00187,ORD_U00187_003,2024-08-13,421.15,家居
U00187,ORD_U00187_004,2024-08-17,124.2,服饰
U00187,ORD_U00187_006,2024-10-25,241.37,家居
U00187,ORD_U00187_005,2025-02-13,401.84,家居
U00188,ORD_U00188_000,2023-05-10,241.7,服饰
U00188,ORD_U00188_002,2023-06-08,383.98,美妆
U00188,ORD_U00188_001,2023-06-22,192.42,服饰
U00188,ORD_U00188_004,2023-07-16,377.52,美妆
U00188,ORD_U00188_005,2023-08-12,190.93,美妆
U00188,ORD_U00188_003,2023-10-29,179.84,美妆
U00188,ORD_U00188_006,2023-12-05,376.69,家居
U00188,ORD_U00188_009,2024-01-16,248.68,数码
U00188,ORD_U00188_007,2024-01-21,399.92,食品
U00188,ORD_U00188_008,2024-05-14,378.42,美妆
U00189,ORD_U00189_000,2024-07-24,87.18,家居
U00190,ORD_U00190_000,2024-02-08,66.05,数码
U00190,ORD_U00190_002,2024-03-08,64.39,服饰
U00190,ORD_U00190_001,2024-03-23,177.3,服饰
U00190,ORD_U00190_003,2024-05-28,115.44,服饰
U00190,ORD_U00190_004,2024-06-23,77.29,美妆
U00190,ORD_U00190_006,2024-08-17,88.94,数码
U00190,ORD_U00190_007,2024-09-26,173.16,美妆
U00190,ORD_U00190_008,2024-11-08,148.03,数码
U00190,ORD_U00190_005,2024-11-13,58.62,家居
U00190,ORD_U00190_009,2025-03-17,119.36,美妆
U00191,ORD_U00191_000,2024-03-07,69.79,家居
U00191,ORD_U00191_001,2024-08-03,58.39,服饰
U00192,ORD_U00192_000,2023-06-21,275.68,服饰
U00192,ORD_U00192_002,2023-08-29,334.56,服饰
U00192,ORD_U00192_001,2023-09-20,230.44,家居
U00193,ORD_U00193_000,2023-09-24,104.25,美妆
U00193,ORD_U00193_001,2023-11-13,128.47,数码
U00193,ORD_U00193_002,2024-04-18,61.58,家居
U00194,ORD_U00194_000,2024-12-16,50.25,数码
U00195,ORD_U00195_000,2024-04-10,139.11,服饰
U00195,ORD_U00195_001,2024-05-06,133.52,数码
U00195,ORD_U00195_002,2024-08-14,144.29,美妆
U00196,ORD_U00196_000,2023-05-19,158.22,食品
U00197,ORD_U00197_001,2023-03-12,99.99,服饰
U00197,ORD_U00197_000,2023-03-27,111.7,服饰
U00198,ORD_U00198_000,2024-09-24,56.02,服饰
U00198,ORD_U00198_001,2024-12-23,37.71,家居
U00199,ORD_U00199_000,2023-02-22,152.52,食品
U00199,ORD_U00199_001,2023-02-28,294.45,食品
U00199,ORD_U00199_003,2023-04-19,183.53,数码
U00199,ORD_U00199_002,2023-04-30,167.75,家居
U00199,ORD_U00199_004,2023-08-29,97.26,美妆
U00199,ORD_U00199_007,2023-09-28,123.91,食品
U00199,ORD_U00199_005,2023-11-08,252.24,美妆
U00199,ORD_U00199_008,2023-12-24,261.73,食品
U00199,ORD_U00199_006,2024-01-13,258.29,美妆
U00199,ORD_U00199_009,2024-02-28,115.74,数码
U00200,ORD_U00200_000,2024-07-11,139.23,美妆
U00201,ORD_U00201_000,2023-11-05,252.61,服饰
U00201,ORD_U00201_001,2023-12-10,251.2,家居
U00201,ORD_U00201_002,2024-02-08,208.17,食品
U00201,ORD_U00201_004,2024-03-11,365.03,家居
U00201,ORD_U00201_003,2024-04-04,398.17,数码
U00201,ORD_U00201_006,2024-04-20,307.83,食品
U00201,ORD_U00201_008,2024-04-30,424.2,数码
U00201,ORD_U00201_005,2024-08-25,328.62,服饰
U00201,ORD_U00201_007,2024-10-13,234.02,家居
U00201,ORD_U00201_009,2024-12-18,267.55,服饰
U00202,ORD_U00202_000,2023-03-14,350.69,食品
U00202,ORD_U00202_001,2023-03-31,601.18,美妆
U00202,ORD_U00202_004,2023-05-14,646.56,美妆
U00202,ORD_U00202_002,2023-05-30,214.88,美妆
U00202,ORD_U00202_003,2023-06-17,365.05,美妆
U00202,ORD_U00202_005,2023-06-18,240.34,服饰
U00202,ORD_U00202_008,2023-07-08,232.8,美妆
U00202,ORD_U00202_009,2023-07-17,633.42,家居
U00202,ORD_U00202_013,2023-07-24,257.63,食品
U00202,ORD_U00202_015,2023-08-09,358.43,美妆
U00202,ORD_U00202_006,2023-08-17,196.12,美妆
U00202,ORD_U00202_007,2023-08-30,263.63,食品
U00202,ORD_U00202_016,2023-09-28,438.91,食品
U00202,ORD_U00202_022,2023-11-08,551.69,家居
U00202,ORD_U00202_020,2023-11-15,275.22,食品
U00202,ORD_U00202_034,2023-11-18,659.6,美妆
U00202,ORD_U00202_031,2023-11-21,189.88,家居
U00202,ORD_U00202_010,2023-12-04,556.18,服饰
U00202,ORD_U00202_011,2023-12-22,428.85,美妆
U00202,ORD_U00202_014,2024-01-26,517.89,服饰
U00202,ORD_U00202_012,2024-02-22,615.84,家居
U00202,ORD_U00202_017,2024-03-06,314.63,家居
U00202,ORD_U00202_018,2024-03-09,423.25,服饰
U00202,ORD_U00202_028,2024-04-23,676.72,家居
U00202,ORD_U00202_040,2024-04-26,216.2,服饰
U00202,ORD_U00202_021,2024-06-01,357.37,服饰
U00202,ORD_U00202_019,2024-06-24,414.72,美妆
U00202,ORD_U00202_042,2024-06-28,458.42,数码
U00202,ORD_U00202_037,2024-07-26,408.7,数码
U00202,ORD_U00202_044,2024-08-01,647.03,数码
U00202,ORD_U00202_024,2024-08-04,229.28,服饰
U00202,ORD_U00202_025,2024-09-11,408.29,家居
U00202,ORD_U00202_026,2024-10-19,314.5,家居
U00202,ORD_U00202_033,2024-10-27,239.71,服饰
U00202,ORD_U00202_029,2024-11-09,521.73,家居
U00202,ORD_U00202_027,2025-02-05,230.08,食品
U00202,ORD_U00202_036,2025-02-08,680.6,食品
U00202,ORD_U00202_023,2025-02-24,409.58,美妆
U00202,ORD_U00202_048,2025-03-02,625.73,数码
U00202,ORD_U00202_030,2025-06-26,336.57,数码
U00202,ORD_U00202_032,2025-07-09,680.14,美妆
U00202,ORD_U00202_045,2025-07-30,298.29,食品
U00202,ORD_U00202_035,2025-09-05,191.29,美妆
U00202,ORD_U00202_038,2025-10-04,342.02,数码
U00202,ORD_U00202_039,2025-12-29,500.65,美妆
U00202,ORD_U00202_046,2026-01-08,390.32,美妆
U00202,ORD_U00202_041,2026-01-14,616.07,数码
U00202,ORD_U00202_043,2026-05-17,234.38,美妆
U00202,ORD_U00202_047,2026-12-21,190.98,数码
U00203,ORD_U00203_000,2024-03-05,634.27,家居
U00203,ORD_U00203_001,2024-04-28,517.67,家居
U00203,ORD_U00203_003,2024-05-13,220.75,数码
U00203,ORD_U00203_002,2024-05-20,471.53,家居
U00203,ORD_U00203_004,2024-06-16,416.72,数码
U00203,ORD_U00203_005,2024-07-14,536.93,家居
U00203,ORD_U00203_009,2024-07-31,360.21,美妆
U00203,ORD_U00203_007,2024-08-13,216.48,服饰
U00203,ORD_U00203_006,2024-11-21,441.78,家居
U00203,ORD_U00203_008,2025-03-12,324.93,食品
U00204,ORD_U00204_000,2024-07-28,139.36,美妆
U00204,ORD_U00204_002,2024-08-18,171.5,美妆
U00204,ORD_U00204_001,2024-08-28,91.9,数码
U00205,ORD_U00205_000,2024-10-17,156.67,美妆
U00206,ORD_U00206_000,2023-04-08,141.07,美妆
U00206,ORD_U00206_001,2023-07-11,163.04,数码
U00206,ORD_U00206_002,2023-10-21,91.33,食品
U00206,ORD_U00206_003,2023-12-03,148.55,数码
U00207,ORD_U00207_000,2023-12-21,64.15,数码
U00207,ORD_U00207_001,2024-01-10,110.43,服饰
U00207,ORD_U00207_003,2024-03-18,220.67,家居
U00207,ORD_U00207_002,2024-04-16,157.8,服饰
U00208,ORD_U00208_000,2024-05-11,30.01,数码
U00209,ORD_U00209_000,2023-01-20,851.92,服饰
U00209,ORD_U00209_002,2023-02-21,289.16,数码
U00209,ORD_U00209_001,2023-03-04,583.28,美妆
U00209,ORD_U00209_004,2023-04-08,887.32,服饰
U00209,ORD_U00209_005,2023-05-28,829.93,数码
U00209,ORD_U00209_003,2023-05-31,292.25,服饰
U00209,ORD_U00209_009,2023-07-02,878.85,美妆
U00209,ORD_U00209_007,2023-07-13,797.25,家居
U00209,ORD_U00209_006,2023-10-05,453.58,服饰
U00209,ORD_U00209_011,2023-11-01,732.75,服饰
U00209,ORD_U00209_008,2023-12-17,749.45,家居
U00209,ORD_U00209_010,2024-03-23,494.7,美妆
U00209,ORD_U00209_012,2024-05-24,941.9,数码
U00210,ORD_U00210_000,2024-01-04,86.48,数码
U00210,ORD_U00210_001,2024-02-24,148.8,家居
U00210,ORD_U00210_004,2024-04-05,150.24,美妆
U00210,ORD_U00210_002,2024-04-09,44.55,服饰
U00210,ORD_U00210_005,2024-05-05,163.31,数码
U00210,ORD_U00210_003,2024-06-17,111.3,数码
U00210,ORD_U00210_007,2024-08-21,43.14,服饰
U00210,ORD_U00210_008,2024-09-23,81.07,食品
U00210,ORD_U00210_006,2024-12-24,52.21,数码
U00211,ORD_U00211_000,2024-05-29,140.78,服饰
U00211,ORD_U00211_001,2024-06-13,251.85,美妆
U00211,ORD_U00211_002,2024-09-02,416.2,家居
U00212,ORD_U00212_000,2023-11-06,210.86,服饰
U00212,ORD_U00212_001,2024-02-26,81.25,食品
U00212,ORD_U00212_002,2024-03-07,188.27,食品
U00212,ORD_U00212_003,2024-06-22,66.39,美妆
U00213,ORD_U00213_000,2023-04-25,245.94,服饰
U00213,ORD_U00213_002,2023-05-22,538.86,美妆
U00213,ORD_U00213_001,2023-05-28,822.01,家居
U00213,ORD_U00213_007,2023-07-17,710.13,家居
U00213,ORD_U00213_003,2023-08-18,465.36,服饰
U00213,ORD_U00213_006,2023-08-23,939.66,服饰
U00213,ORD_U00213_005,2023-09-17,439.57,食品
U00213,ORD_U00213_004,2023-09-22,853.98,服饰
U00213,ORD_U00213_009,2023-10-11,360.22,美妆
U00213,ORD_U00213_010,2024-01-21,355.89,食品
U00213,ORD_U00213_015,2024-01-26,727.01,食品
U00213,ORD_U00213_008,2024-03-04,851.8,美妆
U00213,ORD_U00213_012,2024-03-05,278.15,家居
U00213,ORD_U00213_014,2024-07-14,734.26,服饰
U00213,ORD_U00213_013,2024-08-06,697.77,数码
U00213,ORD_U00213_011,2024-08-18,738.44,家居
U00213,ORD_U00213_018,2024-09-12,663.93,家居
U00213,ORD_U00213_016,2024-12-03,405.38,美妆
U00213,ORD_U00213_017,2025-04-13,297.69,数码
U00214,ORD_U00214_000,2024-12-12,106.38,家居
U00215,ORD_U00215_000,2023-10-01,128.61,服饰
U00216,ORD_U00216_000,2023-05-24,167.72,家居
U00216,ORD_U00216_002,2023-07-12,49.32,美妆
U00216,ORD_U00216_001,2023-08-05,177.36,服饰
U00216,ORD_U00216_003,2023-12-14,158.01,家居
U00217,ORD_U00217_000,2024-10-03,112.87,数码
U00217,ORD_U00217_001,2024-10-11,36.53,食品
U00217,ORD_U00217_002,2024-11-03,86.86,美妆
U00217,ORD_U00217_003,2025-04-24,74.86,家居
U00218,ORD_U00218_000,2023-09-13,42.44,数码
U00218,ORD_U00218_002,2023-12-16,58.13,家居
U00218,ORD_U00218_001,2024-01-24,40.51,数码
U00219,ORD_U00219_000,2024-04-16,405.18,家居
U00219,ORD_U00219_001,2024-06-12,428.44,服饰
U00219,ORD_U00219_003,2024-07-24,233.95,服饰
U00219,ORD_U00219_002,2024-08-20,469.0,家居
U00219,ORD_U00219_004,2024-09-04,251.43,家居
U00220,ORD_U00220_000,2024-01-26,554.62,美妆
U00220,ORD_U00220_001,2024-01-30,458.65,数码
U00220,ORD_U00220_002,2024-02-17,210.38,数码
U00220,ORD_U00220_003,2024-03-27,417.32,食品
U00220,ORD_U00220_005,2024-04-23,414.29,服饰
U00220,ORD_U00220_004,2024-07-02,405.79,数码
U00220,ORD_U00220_007,2024-07-02,510.84,食品
U00220,ORD_U00220_006,2024-09-10,516.88,美妆
U00220,ORD_U00220_008,2024-10-06,209.48,服饰
U00220,ORD_U00220_009,2025-01-17,177.63,数码
U00220,ORD_U00220_010,2025-02-09,165.85,家居
U00221,ORD_U00221_000,2025-01-22,82.09,服饰
U00221,ORD_U00221_001,2025-03-28,78.76,食品
U00221,ORD_U00221_002,2025-03-29,25.31,服饰
U00222,ORD_U00222_000,2023-04-15,160.09,数码
U00222,ORD_U00222_001,2023-05-27,115.57,美妆
U00223,ORD_U00223_000,2024-12-03,87.85,食品
U00224,ORD_U00224_000,2024-08-08,827.68,食品
U00224,ORD_U00224_002,2024-08-25,475.22,食品
U00224,ORD_U00224_001,2024-08-28,610.62,美妆
U00224,ORD_U00224_003,2024-12-04,726.6,家居
U00224,ORD_U00224_007,2024-12-04,727.47,服饰
U00224,ORD_U00224_004,2025-02-04,268.54,美妆
U00224,ORD_U00224_009,2025-02-17,825.27,家居
U00224,ORD_U00224_006,2025-02-19,426.37,美妆
U00224,ORD_U00224_010,2025-02-22,673.81,数码
U00224,ORD_U00224_005,2025-03-03,540.78,家居
U00224,ORD_U00224_011,2025-03-06,748.89,服饰
U00224,ORD_U00224_008,2025-05-11,283.99,美妆
U00224,ORD_U00224_013,2025-07-07,481.36,服饰
U00224,ORD_U00224_012,2025-08-05,859.06,食品
U00224,ORD_U00224_014,2025-12-03,399.7,服饰
U00225,ORD_U00225_001,2025-01-08,75.63,美妆
U00225,ORD_U00225_000,2025-01-15,42.68,美妆
U00225,ORD_U00225_002,2025-03-26,121.7,服饰
U00225,ORD_U00225_003,2025-07-11,122.22,服饰
U00226,ORD_U00226_000,2024-11-04,1432.66,食品
U00226,ORD_U00226_001,2024-11-05,1668.7,家居
U00226,ORD_U00226_002,2024-12-08,953.43,食品
U00226,ORD_U00226_007,2024-12-31,765.38,美妆
U00226,ORD_U00226_004,2025-01-14,492.97,食品
U00226,ORD_U00226_005,2025-01-20,662.98,服饰
U00226,ORD_U00226_003,2025-02-02,1269.18,数码
U00226,ORD_U00226_012,2025-02-17,902.84,家居
U00226,ORD_U00226_020,2025-03-22,1164.78,美妆
U00226,ORD_U00226_018,2025-04-02,1358.23,服饰
U00226,ORD_U00226_006,2025-04-03,674.05,食品
U00226,ORD_U00226_008,2025-04-14,735.71,数码
U00226,ORD_U00226_010,2025-04-25,1144.77,家居
U00226,ORD_U00226_024,2025-05-01,982.42,美妆
U00226,ORD_U00226_021,2025-05-16,712.93,数码
U00226,ORD_U00226_013,2025-06-19,1724.36,食品
U00226,ORD_U00226_011,2025-06-26,1287.89,服饰
U00226,ORD_U00226_009,2025-07-05,1042.4,数码
U00226,ORD_U00226_035,2025-07-06,1707.39,数码
U00226,ORD_U00226_028,2025-07-20,811.73,食品
U00226,ORD_U00226_030,2025-07-27,1484.71,美妆
U00226,ORD_U00226_036,2025-08-30,981.22,家居
U00226,ORD_U00226_017,2025-10-17,1423.47,美妆
U00226,ORD_U00226_023,2025-10-17,1739.52,服饰
U00226,ORD_U00226_015,2025-10-27,1686.51,美妆
U00226,ORD_U00226_014,2025-11-09,888.39,美妆
U00226,ORD_U00226_016,2025-11-14,735.45,美妆
U00226,ORD_U00226_022,2025-11-19,1513.21,食品
U00226,ORD_U00226_025,2025-12-09,1271.07,服饰
U00226,ORD_U00226_019,2026-02-01,1761.61,食品
U00226,ORD_U00226_033,2026-04-27,841.26,服饰
U00226,ORD_U00226_027,2026-05-20,1399.68,数码
U00226,ORD_U00226_026,2026-06-14,744.72,美妆
U00226,ORD_U00226_038,2026-06-17,1143.24,服饰
U00226,ORD_U00226_031,2026-06-19,793.64,家居
U00226,ORD_U00226_037,2026-07-14,1630.79,美妆
U00226,ORD_U00226_029,2026-07-17,1498.52,数码
U00226,ORD_U00226_034,2026-12-23,470.74,美妆
U00226,ORD_U00226_032,2027-03-10,1763.52,食品
U00227,ORD_U00227_000,2024-08-18,147.54,家居
U00227,ORD_U00227_002,2024-09-11,107.85,美妆
U00227,ORD_U00227_003,2024-10-01,266.75,美妆
U00227,ORD_U00227_001,2024-10-07,307.73,美妆
U00227,ORD_U00227_006,2025-01-03,254.04,服饰
U00227,ORD_U00227_005,2025-02-12,341.68,美妆
U00227,ORD_U00227_004,2025-02-21,333.88,数码
U00227,ORD_U00227_010,2025-05-01,147.28,服饰
U00227,ORD_U00227_012,2025-05-02,194.81,食品
U00227,ORD_U00227_013,2025-06-08,183.47,数码
U00227,ORD_U00227_007,2025-06-17,337.26,食品
U00227,ORD_U00227_008,2025-08-15,166.26,家居
U00227,ORD_U00227_009,2025-10-02,343.29,食品
U00227,ORD_U00227_011,2025-10-26,136.69,服饰
U00227,ORD_U00227_015,2025-12-27,211.51,美妆
U00227,ORD_U00227_014,2026-01-19,285.37,服饰
U00228,ORD_U00228_000,2023-07-28,331.44,美妆
U00228,ORD_U00228_001,2023-08-17,142.73,家居
U00228,ORD_U00228_002,2023-08-21,118.72,数码
U00228,ORD_U00228_004,2023-11-09,361.65,数码
U00228,ORD_U00228_005,2023-11-14,238.79,服饰
U00228,ORD_U00228_003,2023-11-15,272.36,数码
U00228,ORD_U00228_006,2024-06-07,190.16,服饰
U00229,ORD_U00229_000,2024-11-10,57.35,服饰
U00229,ORD_U00229_001,2024-12-03,47.05,家居
U00229,ORD_U00229_002,2025-01-01,116.46,服饰
U00229,ORD_U00229_004,2025-04-29,158.25,家居
U00229,ORD_U00229_003,2025-05-24,123.16,服饰
U00229,ORD_U00229_005,2025-05-30,155.75,数码
U00229,ORD_U00229_006,2025-08-21,145.37,美妆
U00230,ORD_U00230_000,2023-05-15,598.12,数码
U00230,ORD_U00230_001,2023-06-08,645.86,家居
U00230,ORD_U00230_002,2023-06-23,702.35,数码
U00230,ORD_U00230_003,2023-08-29,346.57,服饰
U00230,ORD_U00230_006,2023-10-20,252.32,服饰
U00230,ORD_U00230_004,2023-10-29,697.92,数码
U00230,ORD_U00230_005,2023-12-14,445.28,食品
U00230,ORD_U00230_014,2023-12-21,364.77,美妆
U00230,ORD_U00230_008,2024-01-13,521.45,服饰
U00230,ORD_U00230_007,2024-04-03,333.3,家居
U00230,ORD_U00230_009,2024-06-24,570.96,数码
U00230,ORD_U00230_012,2024-08-12,393.79,美妆
U00230,ORD_U00230_010,2024-08-26,364.56,美妆
U00230,ORD_U00230_011,2024-09-09,713.36,美妆
U00230,ORD_U00230_013,2024-10-19,400.08,服饰
U00231,ORD_U00231_000,2023-08-22,206.04,美妆
U00231,ORD_U00231_001,2023-09-28,398.67,数码
U00231,ORD_U00231_002,2023-12-25,116.43,数码
U00231,ORD_U00231_004,2023-12-30,363.18,家居
U00231,ORD_U00231_007,2024-01-08,250.5,美妆
U00231,ORD_U00231_005,2024-01-29,111.01,家居
U00231,ORD_U00231_003,2024-01-31,166.57,数码
U00231,ORD_U00231_008,2024-03-19,103.69,服饰
U00231,ORD_U00231_010,2024-04-10,399.45,家居
U00231,ORD_U00231_006,2024-05-14,396.37,家居
U00231,ORD_U00231_009,2024-08-08,154.13,美妆
U00232,ORD_U00232_000,2024-01-18,50.01,家居
U00233,ORD_U00233_000,2023-05-29,130.72,食品
U00233,ORD_U00233_001,2023-08-26,83.59,家居
U00234,ORD_U00234_000,2023-04-21,73.34,美妆
U00235,ORD_U00235_000,2024-03-09,234.53,服饰
U00235,ORD_U00235_001,2024-03-30,111.03,食品
U00235,ORD_U00235_002,2024-04-09,123.83,家居
U00236,ORD_U00236_000,2024-05-18,35.55,食品
U00237,ORD_U00237_000,2024-11-04,1169.77,服饰
U00237,ORD_U00237_001,2024-11-13,1406.94,数码
U00237,ORD_U00237_003,2024-12-18,847.07,家居
U00237,ORD_U00237_004,2025-01-04,813.07,家居
U00237,ORD_U00237_002,2025-01-14,1254.18,家居
U00237,ORD_U00237_009,2025-01-29,460.32,食品
U00237,ORD_U00237_005,2025-03-19,678.85,服饰
U00237,ORD_U00237_006,2025-04-13,1710.63,家居
U00237,ORD_U00237_010,2025-04-22,467.69,美妆
U00237,ORD_U00237_007,2025-04-23,1264.62,数码
U00237,ORD_U00237_008,2025-04-24,1318.14,数码
U00237,ORD_U00237_016,2025-04-27,1376.94,美妆
U00237,ORD_U00237_011,2025-04-30,495.28,家居
U00237,ORD_U00237_012,2025-06-10,1148.45,美妆
U00237,ORD_U00237_014,2025-06-12,873.75,美妆
U00237,ORD_U00237_013,2025-09-04,1807.92,美妆
U00237,ORD_U00237_015,2026-01-22,1349.73,美妆
U00237,ORD_U00237_017,2026-02-20,944.78,数码
U00237,ORD_U00237_018,2026-02-21,1291.68,服饰
U00237,ORD_U00237_019,2026-03-27,1575.78,家居
U00237,ORD_U00237_020,2026-04-28,1576.73,家居
U00238,ORD_U00238_000,2024-09-01,656.5,食品
U00238,ORD_U00238_001,2024-09-27,598.18,美妆
U00238,ORD_U00238_002,2024-09-29,314.48,美妆
U00238,ORD_U00238_003,2024-10-26,414.83,美妆
U00238,ORD_U00238_007,2025-01-20,751.73,家居
U00238,ORD_U00238_004,2025-01-28,561.33,家居
U00238,ORD_U00238_005,2025-03-14,768.69,家居
U00238,ORD_U00238_006,2025-03-18,786.72,美妆
U00238,ORD_U00238_008,2025-04-09,879.21,美妆
U00238,ORD_U00238_010,2025-04-24,723.65,家居
U00238,ORD_U00238_013,2025-09-09,747.95,食品
U00238,ORD_U00238_009,2025-09-24,261.8,食品
U00238,ORD_U00238_012,2025-11-05,649.42,家居
U00238,ORD_U00238_014,2025-11-11,902.29,食品
U00238,ORD_U00238_017,2025-11-18,690.45,美妆
U00238,ORD_U00238_011,2026-01-14,592.76,数码
U00238,ORD_U00238_016,2026-06-18,400.47,服饰
U00238,ORD_U00238_015,2026-06-25,616.6,家居
U00238,ORD_U00238_018,2026-07-23,402.72,美妆
U00239,ORD_U00239_000,2024-04-09,57.95,美妆
U00239,ORD_U00239_002,2024-05-19,196.69,美妆
U00239,ORD_U00239_001,2024-06-21,179.33,美妆
U00239,ORD_U00239_003,2024-10-31,62.34,食品
U00240,ORD_U00240_000,2023-11-04,778.28,食品
U00240,ORD_U00240_001,2023-12-22,508.85,服饰
U00240,ORD_U00240_002,2024-01-19,823.16,服饰
U00240,ORD_U00240_003,2024-03-04,517.76,食品
U00240,ORD_U00240_004,2024-03-13,254.08,数码
U00240,ORD_U00240_005,2024-04-07,537.84,家居
U00240,ORD_U00240_007,2024-05-26,945.87,数码
U00240,ORD_U00240_006,2024-06-09,300.26,食品
U00241,ORD_U00241_000,2024-08-16,85.33,服饰
U00241,ORD_U00241_001,2024-09-28,82.04,服饰
U00242,ORD_U00242_000,2024-09-16,78.57,美妆
U00242,ORD_U00242_002,2024-10-20,94.3,家居
U00242,ORD_U00242_001,2024-12-11,34.81,食品
U00242,ORD_U00242_003,2025-06-05,46.32,家居
U00243,ORD_U00243_000,2024-12-29,52.22,家居
U00243,ORD_U00243_003,2025-03-20,74.13,美妆
U00243,ORD_U00243_002,2025-03-24,47.29,食品
U00243,ORD_U00243_001,2025-05-07,65.52,数码
U00244,ORD_U00244_000,2023-07-26,111.56,服饰
U00244,ORD_U00244_001,2023-09-19,111.15,美妆
U00244,ORD_U00244_003,2023-10-26,124.82,食品
U00244,ORD_U00244_002,2023-12-28,155.99,家居
U00245,ORD_U00245_000,2024-10-07,80.75,美妆
U00245,ORD_U00245_001,2025-01-17,146.11,服饰
U00245,ORD_U00245_002,2025-03-16,100.23,服饰
U00245,ORD_U00245_003,2025-04-06,94.51,服饰
U00246,ORD_U00246_000,2023-09-24,635.89,家居
U00246,ORD_U00246_001,2023-11-11,920.31,服饰
U00246,ORD_U00246_002,2023-12-14,998.25,美妆
U00246,ORD_U00246_003,2023-12-17,1075.6,食品
U00246,ORD_U00246_004,2023-12-18,498.09,美妆
U00246,ORD_U00246_006,2024-02-25,1101.59,数码
U00246,ORD_U00246_007,2024-03-21,1082.0,服饰
U00246,ORD_U00246_005,2024-04-13,924.83,数码
U00247,ORD_U00247_000,2024-09-13,101.42,家居
U00247,ORD_U00247_001,2024-11-27,61.23,美妆
U00247,ORD_U00247_002,2025-01-03,32.36,服饰
U00247,ORD_U00247_003,2025-02-11,40.27,服饰
U00248,ORD_U00248_000,2023-01-26,801.81,服饰
U00248,ORD_U00248_001,2023-03-07,483.5,家居
U00248,ORD_U00248_002,2023-04-30,388.5,家居
U00248,ORD_U00248_003,2023-05-18,780.8,食品
U00248,ORD_U00248_004,2023-06-09,678.25,服饰
U00248,ORD_U00248_005,2023-07-08,575.09,数码
U00248,ORD_U00248_009,2023-08-06,814.53,食品
U00248,ORD_U00248_008,2023-10-14,536.07,美妆
U00248,ORD_U00248_007,2023-11-14,767.73,数码
U00248,ORD_U00248_006,2023-11-24,680.18,家居
U00249,ORD_U00249_002,2023-05-01,78.54,服饰
U00249,ORD_U00249_001,2023-05-12,78.19,食品
U00249,ORD_U00249_000,2023-05-22,91.57,服饰
U00249,ORD_U00249_003,2023-08-22,34.93,数码
U00250,ORD_U00250_000,2024-05-12,73.58,家居
U00251,ORD_U00251_000,2023-09-18,347.96,食品
U00251,ORD_U00251_001,2023-09-22,308.04,服饰
U00251,ORD_U00251_003,2023-10-25,194.56,服饰
U00251,ORD_U00251_002,2023-11-18,156.42,食品
U00251,ORD_U00251_005,2023-11-29,144.2,服饰
U00251,ORD_U00251_004,2023-12-18,124.65,服饰
U00251,ORD_U00251_012,2024-02-08,157.91,食品
U00251,ORD_U00251_007,2024-03-06,251.57,服饰
U00251,ORD_U00251_006,2024-03-26,167.99,食品
U00251,ORD_U00251_008,2024-05-01,272.78,食品
U00251,ORD_U00251_011,2024-05-03,156.0,食品
U00251,ORD_U00251_010,2024-06-09,349.19,服饰
U00251,ORD_U00251_009,2024-09-07,105.88,美妆
U00251,ORD_U00251_013,2024-09-17,213.35,食品
U00251,ORD_U00251_015,2024-11-19,125.12,数码
U00251,ORD_U00251_014,2025-01-08,388.43,数码
U00252,ORD_U00252_000,2024-09-02,78.01,家居
U00252,ORD_U00252_001,2024-11-18,99.81,美妆
U00252,ORD_U00252_002,2025-03-18,166.49,美妆
U00252,ORD_U00252_003,2025-06-23,63.61,食品
U00253,ORD_U00253_000,2024-05-12,392.17,数码
U00253,ORD_U00253_001,2024-05-16,433.62,美妆
U00253,ORD_U00253_002,2024-07-26,713.46,食品
U00253,ORD_U00253_006,2024-08-07,356.09,家居
U00253,ORD_U00253_007,2024-08-20,921.09,美妆
U00253,ORD_U00253_003,2024-08-24,256.77,家居
U00253,ORD_U00253_005,2024-09-21,279.65,美妆
U00253,ORD_U00253_004,2024-09-22,635.3,美妆
U00253,ORD_U00253_008,2024-11-28,835.27,美妆
U00253,ORD_U00253_010,2025-01-15,920.17,食品
U00253,ORD_U00253_009,2025-02-06,928.81,家居
U00253,ORD_U00253_011,2025-03-06,883.83,家居
U00253,ORD_U00253_012,2025-09-02,278.61,数码
U00254,ORD_U00254_000,2023-07-05,222.48,美妆
U00254,ORD_U00254_001,2023-07-23,397.42,美妆
U00254,ORD_U00254_004,2023-08-31,456.21,服饰
U00254,ORD_U00254_002,2023-09-22,572.79,美妆
U00254,ORD_U00254_003,2023-10-23,407.3,家居
U00254,ORD_U00254_005,2023-11-24,337.01,美妆
U00254,ORD_U00254_006,2024-05-13,515.78,数码
U00255,ORD_U00255_000,2024-11-29,118.49,服饰
U00255,ORD_U00255_001,2024-12-29,152.55,服饰
U00255,ORD_U00255_002,2025-01-08,148.79,美妆
U00255,ORD_U00255_003,2025-06-17,87.58,家居
U00256,ORD_U00256_000,2023-12-30,379.01,家居
U00256,ORD_U00256_001,2024-03-19,334.98,家居
U00256,ORD_U00256_004,2024-04-12,433.75,服饰
U00256,ORD_U00256_002,2024-04-17,440.91,食品
U00256,ORD_U00256_005,2024-05-06,200.39,数码
U00256,ORD_U00256_003,2024-05-23,180.62,食品
U00256,ORD_U00256_006,2024-06-02,551.67,数码
U00256,ORD_U00256_007,2024-08-06,338.85,美妆
U00256,ORD_U00256_008,2024-08-27,587.44,数码
U00256,ORD_U00256_009,2024-11-16,344.29,美妆
U00257,ORD_U00257_000,2024-05-04,801.8,服饰
U00257,ORD_U00257_001,2024-06-06,660.39,美妆
U00257,ORD_U00257_002,2024-06-14,773.76,美妆
U00257,ORD_U00257_006,2024-08-03,314.56,数码
U00257,ORD_U00257_003,2024-08-27,436.6,服饰
U00257,ORD_U00257_004,2024-09-29,673.24,食品
U00257,ORD_U00257_005,2024-10-26,688.46,家居
U00257,ORD_U00257_013,2024-11-22,390.98,美妆
U00257,ORD_U00257_009,2024-12-31,447.14,食品
U00257,ORD_U00257_015,2025-01-07,627.49,美妆
U00257,ORD_U00257_010,2025-03-01,428.27,服饰
U00257,ORD_U00257_007,2025-03-12,403.55,家居
U00257,ORD_U00257_008,2025-04-16,332.47,数码
U00257,ORD_U00257_012,2025-06-13,485.3,服饰
U00257,ORD_U00257_017,2025-06-18,408.65,数码
U00257,ORD_U00257_011,2025-07-31,1048.97,食品
U00257,ORD_U00257_014,2025-10-06,694.88,数码
U00257,ORD_U00257_016,2026-01-14,404.25,服饰
U00258,ORD_U00258_001,2023-07-05,303.38,食品
U00258,ORD_U00258_000,2023-07-18,421.65,食品
U00258,ORD_U00258_002,2023-09-06,239.52,美妆
U00258,ORD_U00258_004,2023-09-16,165.29,美妆
U00258,ORD_U00258_005,2023-11-07,393.32,食品
U00258,ORD_U00258_003,2023-11-08,213.08,美妆
U00258,ORD_U00258_006,2024-03-18,385.89,美妆
U00258,ORD_U00258_007,2024-05-15,255.85,美妆
U00258,ORD_U00258_009,2024-08-04,349.82,家居
U00258,ORD_U00258_008,2024-10-07,208.21,家居
U00259,ORD_U00259_000,2024-04-14,60.37,数码
U00260,ORD_U00260_000,2023-05-27,472.77,美妆
U00260,ORD_U00260_001,2023-07-16,531.25,服饰
U00260,ORD_U00260_002,2023-08-11,408.22,食品
U00260,ORD_U00260_003,2023-09-05,376.48,食品
U00260,ORD_U00260_010,2023-11-08,512.01,服饰
U00260,ORD_U00260_005,2023-11-09,484.11,服饰
U00260,ORD_U00260_004,2023-11-15,491.19,家居
U00260,ORD_U00260_006,2023-12-27,469.05,家居
U00260,ORD_U00260_007,2024-03-20,415.09,服饰
U00260,ORD_U00260_008,2024-04-21,151.58,食品
U00260,ORD_U00260_013,2024-04-22,536.02,数码
U00260,ORD_U00260_009,2024-06-22,464.14,家居
U00260,ORD_U00260_011,2024-07-11,492.66,食品
U00260,ORD_U00260_012,2024-11-17,499.62,食品
U00261,ORD_U00261_000,2024-05-17,211.24,家居
U00261,ORD_U00261_001,2024-07-19,124.44,服饰
U00261,ORD_U00261_003,2024-09-09,108.41,食品
U00261,ORD_U00261_002,2024-09-15,185.98,数码
U00261,ORD_U00261_005,2024-09-27,152.58,美妆
U00261,ORD_U00261_004,2024-10-18,146.49,美妆
U00262,ORD_U00262_000,2024-08-02,92.03,食品
U00262,ORD_U00262_001,2024-12-26,126.56,美妆
U00262,ORD_U00262_003,2025-01-31,102.66,家居
U00262,ORD_U00262_002,2025-03-15,85.92,数码
U00263,ORD_U00263_000,2024-01-01,403.84,数码
U00263,ORD_U00263_001,2024-02-06,623.15,数码
U00263,ORD_U00263_006,2024-03-20,654.31,家居
U00263,ORD_U00263_004,2024-03-22,478.84,美妆
U00263,ORD_U00263_003,2024-03-29,485.82,数码
U00263,ORD_U00263_002,2024-03-30,556.14,美妆
U00263,ORD_U00263_007,2024-04-16,435.06,美妆
U00263,ORD_U00263_009,2024-06-03,512.46,家居
U00263,ORD_U00263_005,2024-07-03,509.05,数码
U00263,ORD_U00263_008,2024-07-31,559.04,家居
U00263,ORD_U00263_015,2025-01-13,405.5,食品
U00263,ORD_U00263_011,2025-01-30,424.48,食品
U00263,ORD_U00263_012,2025-02-06,263.27,服饰
U00263,ORD_U00263_010,2025-03-31,226.95,美妆
U00263,ORD_U00263_014,2025-03-31,541.46,数码
U00263,ORD_U00263_017,2025-04-20,593.6,食品
U00263,ORD_U00263_013,2025-05-13,520.97,数码
U00263,ORD_U00263_019,2025-09-11,562.91,美妆
U00263,ORD_U00263_018,2025-10-28,274.97,服饰
U00263,ORD_U00263_016,2025-11-23,569.0,服饰
U00264,ORD_U00264_000,2024-06-11,51.37,数码
U00264,ORD_U00264_001,2024-07-08,111.2,家居
U00264,ORD_U00264_002,2024-07-23,123.0,食品
U00264,ORD_U00264_004,2024-08-02,152.59,服饰
U00264,ORD_U00264_003,2024-08-07,61.35,数码
U00264,ORD_U00264_005,2024-09-03,146.87,家居
U00264,ORD_U00264_006,2024-09-07,106.39,家居
U00264,ORD_U00264_007,2025-03-26,101.39,食品
U00265,ORD_U00265_000,2023-07-26,38.42,美妆
U00265,ORD_U00265_001,2023-10-02,32.59,服饰
U00265,ORD_U00265_002,2024-02-12,25.88,美妆
U00266,ORD_U00266_000,2023-01-08,38.68,服饰
U00266,ORD_U00266_001,2023-04-12,103.91,美妆
U00266,ORD_U00266_002,2023-07-14,47.7,美妆
U00267,ORD_U00267_000,2024-12-26,50.25,食品
U00267,ORD_U00267_001,2025-03-08,46.09,数码
U00267,ORD_U00267_002,2025-05-30,29.13,美妆
U00268,ORD_U00268_000,2023-11-04,487.81,数码
U00268,ORD_U00268_001,2023-12-14,295.38,服饰
U00268,ORD_U00268_003,2023-12-26,528.09,美妆
U00268,ORD_U00268_002,2024-02-25,162.4,食品
U00268,ORD_U00268_004,2024-04-15,365.41,服饰
U00268,ORD_U00268_009,2024-04-15,157.57,食品
U00268,ORD_U00268_005,2024-05-03,210.15,美妆
U00268,ORD_U00268_008,2024-05-13,233.59,数码
U00268,ORD_U00268_006,2024-06-13,412.64,美妆
U00268,ORD_U00268_010,2024-07-17,348.07,服饰
U00268,ORD_U00268_007,2024-07-21,154.07,服饰
U00268,ORD_U00268_011,2024-10-03,444.75,服饰
U00269,ORD_U00269_000,2023-06-05,45.28,美妆
U00270,ORD_U00270_000,2023-03-20,71.84,家居
U00270,ORD_U00270_001,2023-04-12,143.57,美妆
U00270,ORD_U00270_002,2023-05-24,135.01,美妆
U00271,ORD_U00271_000,2023-11-24,290.88,美妆
U00271,ORD_U00271_001,2023-12-07,202.56,数码
U00271,ORD_U00271_002,2024-01-11,236.2,数码
U00271,ORD_U00271_003,2024-02-09,238.17,家居
U00271,ORD_U00271_004,2024-04-04,316.65,家居
U00271,ORD_U00271_007,2024-05-14,296.86,家居
U00271,ORD_U00271_013,2024-06-08,213.0,家居
U00271,ORD_U00271_010,2024-06-15,208.08,服饰
U00271,ORD_U00271_005,2024-06-21,187.85,美妆
U00271,ORD_U00271_006,2024-06-21,175.57,食品
U00271,ORD_U00271_008,2024-08-07,339.38,美妆
U00271,ORD_U00271_012,2024-09-27,178.53,美妆
U00271,ORD_U00271_009,2024-12-05,170.37,家居
U00271,ORD_U00271_011,2025-02-19,303.13,数码
U00272,ORD_U00272_000,2024-08-09,1007.6,食品
U00272,ORD_U00272_002,2024-08-27,1600.12,家居
U00272,ORD_U00272_001,2024-09-01,1284.03,食品
U00272,ORD_U00272_003,2024-09-03,1115.26,服饰
U00272,ORD_U00272_004,2024-09-24,1213.98,数码
U00272,ORD_U00272_007,2024-10-18,1251.89,数码
U00272,ORD_U00272_006,2024-11-07,549.03,美妆
U00272,ORD_U00272_005,2024-11-22,1243.92,家居
U00272,ORD_U00272_016,2024-12-09,630.4,食品
U00272,ORD_U00272_009,2024-12-28,1446.31,美妆
U00272,ORD_U00272_012,2024-12-28,548.29,食品
U00272,ORD_U00272_021,2025-01-15,1235.93,美妆
U00272,ORD_U00272_011,2025-01-27,937.12,美妆
U00272,ORD_U00272_019,2025-01-28,578.46,美妆
U00272,ORD_U00272_008,2025-02-13,1036.82,食品
U00272,ORD_U00272_010,2025-03-01,615.21,数码
U00272,ORD_U00272_014,2025-03-19,1236.21,美妆
U00272,ORD_U00272_017,2025-04-15,464.92,食品
U00272,ORD_U00272_013,2025-06-12,1430.44,家居
U00272,ORD_U00272_020,2025-09-02,1198.84,食品
U00272,ORD_U00272_015,2025-11-04,531.61,家居
U00272,ORD_U00272_018,2026-01-20,1214.11,美妆
U00273,ORD_U00273_000,2023-03-03,22.61,美妆
U00273,ORD_U00273_001,2023-03-25,51.77,家居
U00273,ORD_U00273_002,2023-08-04,38.11,数码
U00274,ORD_U00274_000,2023-07-08,119.1,服饰
U00274,ORD_U00274_001,2023-07-27,342.04,美妆
U00274,ORD_U00274_002,2023-10-09,318.71,服饰
U00274,ORD_U00274_003,2023-11-09,388.21,美妆
U00275,ORD_U00275_000,2023-05-16,68.66,家居
U00275,ORD_U00275_001,2023-06-16,93.06,美妆
U00276,ORD_U00276_000,2025-01-13,145.24,数码
U00276,ORD_U00276_001,2025-03-13,130.31,家居
U00277,ORD_U00277_000,2024-11-18,71.26,家居
U00277,ORD_U00277_001,2025-01-22,103.74,美妆
U00278,ORD_U00278_000,2024-07-27,57.51,食品
U00278,ORD_U00278_001,2024-09-22,64.93,家居
U00278,ORD_U00278_002,2025-01-03,119.77,食品
U00279,ORD_U00279_000,2024-09-01,197.61,数码
U00279,ORD_U00279_001,2024-10-17,612.6,食品
U00279,ORD_U00279_002,2024-11-13,179.12,服饰
U00279,ORD_U00279_003,2024-11-18,280.17,数码
U00279,ORD_U00279_004,2024-12-28,349.12,美妆
U00279,ORD_U00279_007,2025-01-05,364.96,服饰
U00279,ORD_U00279_005,2025-01-30,186.24,食品
U00279,ORD_U00279_008,2025-01-30,554.97,美妆
U00279,ORD_U00279_006,2025-03-20,620.19,服饰
U00279,ORD_U00279_009,2025-04-22,204.22,美妆
U00279,ORD_U00279_011,2025-05-18,347.44,数码
U00279,ORD_U00279_013,2025-07-30,288.71,家居
U00279,ORD_U00279_010,2025-08-06,191.73,数码
U00279,ORD_U00279_015,2025-10-12,401.73,服饰
U00279,ORD_U00279_014,2026-02-04,272.35,食品
U00279,ORD_U00279_012,2026-02-05,475.43,数码
U00280,ORD_U00280_000,2024-01-18,144.45,家居
U00280,ORD_U00280_001,2024-02-11,241.87,美妆
U00280,ORD_U00280_002,2024-03-14,139.47,家居
U00280,ORD_U00280_003,2024-05-07,119.8,家居
U00280,ORD_U00280_004,2024-06-21,157.87,服饰
U00280,ORD_U00280_005,2024-09-22,283.71,美妆
U00281,ORD_U00281_000,2023-04-02,95.87,数码
U00282,ORD_U00282_000,2023-02-11,96.01,食品
U00283,ORD_U00283_000,2024-07-11,185.15,美妆
U00284,ORD_U00284_000,2023-06-25,53.0,数码
U00284,ORD_U00284_001,2023-09-27,57.63,食品
U00284,ORD_U00284_002,2023-10-15,41.92,数码
U00285,ORD_U00285_000,2023-05-21,61.48,食品
U00285,ORD_U00285_001,2023-06-07,42.33,服饰
U00285,ORD_U00285_002,2023-07-19,54.9,食品
U00285,ORD_U00285_003,2023-11-18,83.42,家居
U00286,ORD_U00286_000,2023-01-14,139.96,服饰
U00286,ORD_U00286_001,2023-03-29,157.0,家居
U00286,ORD_U00286_002,2023-04-23,214.05,美妆
U00286,ORD_U00286_004,2023-04-28,195.04,食品
U00286,ORD_U00286_003,2023-07-10,92.09,数码
U00287,ORD_U00287_000,2023-10-12,115.84,美妆
U00287,ORD_U00287_001,2024-01-09,75.85,家居
U00287,ORD_U00287_002,2024-04-28,132.03,数码
U00287,ORD_U00287_003,2024-05-01,175.51,家居
U00288,ORD_U00288_000,2023-12-17,122.11,家居
U00288,ORD_U00288_001,2024-02-03,109.32,数码
U00288,ORD_U00288_002,2024-04-19,42.94,数码
U00288,ORD_U00288_004,2024-05-12,122.67,食品
U00288,ORD_U00288_003,2024-06-18,152.68,美妆
U00288,ORD_U00288_005,2024-06-28,83.33,美妆
U00288,ORD_U00288_006,2024-11-10,146.0,美妆
U00289,ORD_U00289_000,2023-12-23,2713.98,服饰
U00289,ORD_U00289_001,2024-01-01,1070.61,服饰
U00289,ORD_U00289_003,2024-02-10,2843.74,家居
U00289,ORD_U00289_002,2024-02-21,1292.72,服饰
U00289,ORD_U00289_004,2024-02-27,1643.5,家居
U00289,ORD_U00289_006,2024-03-12,2807.52,食品
U00289,ORD_U00289_005,2024-04-06,1413.63,家居
U00289,ORD_U00289_009,2024-04-25,2674.08,美妆
U00289,ORD_U00289_008,2024-05-04,2288.65,美妆
U00289,ORD_U00289_007,2024-05-20,756.8,服饰
U00289,ORD_U00289_020,2024-06-12,1411.22,家居
U00289,ORD_U00289_011,2024-06-21,2017.89,数码
U00289,ORD_U00289_012,2024-07-08,1492.96,美妆
U00289,ORD_U00289_028,2024-07-18,1789.19,服饰
U00289,ORD_U00289_010,2024-07-28,1193.06,数码
U00289,ORD_U00289_022,2024-08-09,1636.48,食品
U00289,ORD_U00289_014,2024-10-18,1039.75,家居
U00289,ORD_U00289_013,2024-11-18,1330.47,服饰
U00289,ORD_U00289_017,2024-12-26,1393.98,数码
U00289,ORD_U00289_018,2024-12-28,968.84,服饰
U00289,ORD_U00289_027,2025-01-10,836.19,数码
U00289,ORD_U00289_016,2025-01-20,2271.12,美妆
U00289,ORD_U00289_031,2025-02-06,2005.94,家居
U00289,ORD_U00289_023,2025-02-22,2206.33,家居
U00289,ORD_U00289_029,2025-02-28,1094.25,美妆
U00289,ORD_U00289_015,2025-03-14,1761.85,美妆
U00289,ORD_U00289_032,2025-06-03,2591.66,美妆
U00289,ORD_U00289_021,2025-06-07,1113.78,家居
U00289,ORD_U00289_019,2025-06-15,722.13,美妆
U00289,ORD_U00289_024,2025-07-22,1111.05,美妆
U00289,ORD_U00289_025,2025-08-03,1347.77,美妆
U00289,ORD_U00289_026,2025-10-29,1691.51,家居
U00289,ORD_U00289_030,2026-03-23,2661.19,家居
U00289,ORD_U00289_033,2026-06-17,1002.47,食品
U00290,ORD_U00290_000,2023-03-01,106.52,数码
U00290,ORD_U00290_001,2023-04-04,217.83,服饰
U00290,ORD_U00290_002,2023-06-28,191.34,服饰
U00290,ORD_U00290_005,2023-09-19,164.55,服饰
U00290,ORD_U00290_003,2023-10-02,223.82,家居
U00290,ORD_U00290_004,2023-11-10,156.51,服饰
U00291,ORD_U00291_000,2024-07-12,224.84,食品
U00291,ORD_U00291_001,2024-09-14,78.07,食品
U00291,ORD_U00291_002,2024-12-26,206.47,家居
U00292,ORD_U00292_000,2024-12-07,51.29,食品
U00292,ORD_U00292_001,2025-03-11,83.24,服饰
U00293,ORD_U00293_001,2023-10-18,461.82,美妆
U00293,ORD_U00293_000,2023-10-19,437.22,食品
U00293,ORD_U00293_003,2023-11-11,446.98,服饰
U00293,ORD_U00293_002,2024-01-14,471.43,服饰
U00293,ORD_U00293_004,2024-05-16,152.86,食品
U00294,ORD_U00294_000,2023-11-12,350.55,服饰
U00294,ORD_U00294_001,2023-11-27,237.05,美妆
U00294,ORD_U00294_002,2024-02-06,140.63,服饰
U00295,ORD_U00295_000,2023-05-19,154.15,食品
U00295,ORD_U00295_001,2023-08-07,135.97,食品
U00296,ORD_U00296_000,2023-10-07,121.68,家居
U00296,ORD_U00296_001,2024-01-04,217.16,数码
U00296,ORD_U00296_002,2024-02-06,100.27,食品
U00296,ORD_U00296_003,2024-04-28,204.09,食品
U00297,ORD_U00297_000,2023-05-09,47.3,数码
U00297,ORD_U00297_001,2023-07-05,82.41,数码
U00297,ORD_U00297_002,2023-09-06,66.26,家居
U00297,ORD_U00297_003,2024-01-30,32.52,数码
U00298,ORD_U00298_000,2024-10-05,74.97,食品
U00299,ORD_U00299_000,2024-03-30,130.75,服饰
U00299,ORD_U00299_001,2024-05-24,186.21,食品
U00300,ORD_U00300_001,2025-01-02,393.2,数码
U00300,ORD_U00300_000,2025-01-23,505.06,美妆
U00300,ORD_U00300_002,2025-02-09,430.43,服饰
U00300,ORD_U00300_003,2025-06-11,312.88,家居
U00301,ORD_U00301_000,2024-10-29,275.05,美妆
U00301,ORD_U00301_001,2024-11-21,349.22,美妆
U00301,ORD_U00301_003,2024-12-28,290.37,服饰
U00301,ORD_U00301_002,2025-02-05,291.08,数码
U00301,ORD_U00301_004,2025-02-26,301.05,家居
U00301,ORD_U00301_006,2025-03-10,160.11,食品
U00301,ORD_U00301_005,2025-04-08,319.9,家居
U00301,ORD_U00301_007,2025-05-03,150.1,数码
U00302,ORD_U00302_000,2023-05-09,245.19,食品
U00302,ORD_U00302_001,2023-06-18,306.86,服饰
U00302,ORD_U00302_002,2023-07-14,146.53,服饰
U00302,ORD_U00302_003,2023-10-17,431.8,食品
U00302,ORD_U00302_004,2023-12-13,188.49,家居
U00302,ORD_U00302_005,2023-12-13,387.98,美妆
U00302,ORD_U00302_009,2024-02-02,405.42,数码
U00302,ORD_U00302_006,2024-03-22,157.77,数码
U00302,ORD_U00302_007,2024-06-28,126.47,数码
U00302,ORD_U00302_008,2024-09-19,240.4,食品
U00303,ORD_U00303_000,2023-06-24,84.48,家居
U00303,ORD_U00303_001,2023-08-23,113.9,美妆
U00304,ORD_U00304_000,2024-12-25,187.84,家居
U00304,ORD_U00304_001,2025-01-09,178.68,食品
U00304,ORD_U00304_002,2025-02-11,199.1,数码
U00304,ORD_U00304_003,2025-03-29,213.83,美妆
U00304,ORD_U00304_008,2025-04-29,225.93,家居
U00304,ORD_U00304_006,2025-05-30,300.71,食品
U00304,ORD_U00304_004,2025-06-01,269.19,家居
U00304,ORD_U00304_010,2025-06-09,222.39,数码
U00304,ORD_U00304_005,2025-06-27,252.3,食品
U00304,ORD_U00304_009,2025-07-24,303.21,家居
U00304,ORD_U00304_007,2025-10-05,133.9,美妆
U00304,ORD_U00304_012,2025-10-07,304.99,美妆
U00304,ORD_U00304_011,2026-04-11,105.47,家居
U00305,ORD_U00305_000,2024-05-12,50.36,数码
U00305,ORD_U00305_001,2024-08-14,86.69,美妆
U00306,ORD_U00306_000,2024-04-01,231.97,数码
U00306,ORD_U00306_001,2024-05-26,529.81,服饰
U00306,ORD_U00306_002,2024-07-05,445.57,数码
U00306,ORD_U00306_004,2024-08-15,592.64,食品
U00306,ORD_U00306_003,2024-08-28,272.11,家居
U00306,ORD_U00306_005,2024-12-02,508.99,食品
U00307,ORD_U00307_000,2024-08-07,432.65,服饰
U00307,ORD_U00307_002,2024-08-29,289.82,食品
U00307,ORD_U00307_001,2024-09-09,208.88,美妆
U00307,ORD_U00307_005,2024-11-20,418.68,美妆
U00307,ORD_U00307_004,2024-12-05,306.83,家居
U00307,ORD_U00307_003,2024-12-09,117.79,食品
U00307,ORD_U00307_007,2025-05-03,285.53,食品
U00307,ORD_U00307_006,2025-06-19,254.5,美妆
U00308,ORD_U00308_000,2023-08-14,143.57,数码
U00308,ORD_U00308_001,2023-09-20,179.95,美妆
U00308,ORD_U00308_002,2023-10-30,110.26,服饰
U00308,ORD_U00308_003,2024-02-08,374.75,数码
U00308,ORD_U00308_004,2024-03-22,169.25,家居
U00308,ORD_U00308_006,2024-05-18,380.47,数码
U00308,ORD_U00308_005,2024-05-25,347.51,服饰
U00308,ORD_U00308_007,2024-08-31,310.95,食品
U00309,ORD_U00309_000,2024-11-02,425.62,食品
U00309,ORD_U00309_001,2024-12-25,384.88,家居
U00309,ORD_U00309_002,2025-03-06,173.1,家居
U00309,ORD_U00309_003,2025-04-13,256.64,美妆
U00310,ORD_U00310_000,2024-01-23,181.87,家居
U00310,ORD_U00310_001,2024-02-28,70.79,数码
U00310,ORD_U00310_004,2024-05-07,208.06,美妆
U00310,ORD_U00310_002,2024-05-08,210.82,食品
U00310,ORD_U00310_003,2024-05-18,91.24,服饰
U00310,ORD_U00310_007,2024-07-07,194.78,食品
U00310,ORD_U00310_006,2024-08-31,122.81,美妆
U00310,ORD_U00310_005,2024-09-29,166.01,服饰
U00310,ORD_U00310_009,2024-11-09,170.52,食品
U00310,ORD_U00310_008,2025-02-19,187.22,食品
U00311,ORD_U00311_000,2024-11-21,76.97,美妆
U00312,ORD_U00312_000,2024-12-26,124.65,美妆
U00312,ORD_U00312_001,2025-03-07,186.46,数码
U00312,ORD_U00312_004,2025-04-17,302.57,食品
U00312,ORD_U00312_002,2025-04-26,300.52,服饰
U00312,ORD_U00312_003,2025-05-21,91.13,食品
U00312,ORD_U00312_005,2025-05-27,301.56,服饰
U00313,ORD_U00313_000,2023-05-26,41.46,食品
U00313,ORD_U00313_001,2023-07-13,43.1,美妆
U00313,ORD_U00313_002,2023-07-23,49.82,家居
U00314,ORD_U00314_000,2024-07-03,307.69,食品
U00314,ORD_U00314_001,2024-08-04,194.6,家居
U00314,ORD_U00314_003,2024-08-19,207.19,数码
U00314,ORD_U00314_004,2024-09-02,281.42,服饰
U00314,ORD_U00314_002,2024-10-03,114.68,家居
U00314,ORD_U00314_005,2024-12-14,201.31,食品
U00315,ORD_U00315_000,2024-08-20,84.26,美妆
U00315,ORD_U00315_001,2024-10-27,143.5,家居
U00315,ORD_U00315_002,2024-11-24,59.49,服饰
U00315,ORD_U00315_003,2025-06-06,74.6,食品
U00316,ORD_U00316_000,2024-12-29,48.48,美妆
U00316,ORD_U00316_001,2025-01-21,47.54,美妆
U00317,ORD_U00317_000,2024-10-07,156.0,数码
U00317,ORD_U00317_001,2024-11-24,166.77,服饰
U00317,ORD_U00317_002,2024-12-22,119.23,服饰
U00317,ORD_U00317_003,2025-04-16,108.59,食品
U00318,ORD_U00318_001,2023-05-21,414.31,美妆
U00318,ORD_U00318_000,2023-05-23,250.04,家居
U00318,ORD_U00318_002,2023-06-20,280.37,美妆
U00318,ORD_U00318_003,2023-07-11,283.1,食品
U00318,ORD_U00318_004,2023-09-25,204.41,服饰
U00318,ORD_U00318_005,2023-10-01,156.89,食品
U00318,ORD_U00318_006,2024-04-01,278.47,数码
U00319,ORD_U00319_000,2023-10-21,107.12,美妆
U00319,ORD_U00319_001,2023-12-02,150.2,美妆
U00319,ORD_U00319_006,2024-02-04,150.68,食品
U00319,ORD_U00319_002,2024-02-21,151.1,食品
U00319,ORD_U00319_005,2024-03-16,103.78,服饰
U00319,ORD_U00319_003,2024-04-24,112.05,食品
U00319,ORD_U00319_004,2024-05-19,81.31,美妆
U00320,ORD_U00320_000,2024-01-21,119.24,服饰
U00320,ORD_U00320_001,2024-04-25,90.09,数码
U00321,ORD_U00321_000,2023-08-17,387.09,数码
U00321,ORD_U00321_001,2023-09-14,414.87,食品
U00321,ORD_U00321_002,2023-10-06,575.82,食品
U00321,ORD_U00321_005,2023-11-30,415.75,数码
U00321,ORD_U00321_003,2023-12-22,625.41,食品
U00321,ORD_U00321_004,2024-02-19,425.51,数码
U00321,ORD_U00321_006,2024-03-18,436.49,食品
U00321,ORD_U00321_007,2024-03-23,722.86,服饰
U00321,ORD_U00321_010,2024-06-03,630.42,数码
U00321,ORD_U00321_008,2024-06-21,334.01,食品
U00321,ORD_U00321_009,2024-08-12,609.39,家居
U00321,ORD_U00321_011,2024-08-24,277.69,家居
U00321,ORD_U00321_014,2024-10-01,802.85,食品
U00321,ORD_U00321_013,2025-01-06,524.49,数码
U00321,ORD_U00321_012,2025-02-26,404.55,家居
U00321,ORD_U00321_016,2025-03-03,540.33,家居
U00321,ORD_U00321_015,2025-05-01,330.47,美妆
U00322,ORD_U00322_000,2024-03-25,38.41,食品
U00322,ORD_U00322_001,2024-06-06,28.33,美妆
U00322,ORD_U00322_002,2024-06-20,56.16,数码
U00322,ORD_U00322_003,2024-09-04,30.19,美妆
U00323,ORD_U00323_000,2024-08-23,298.8,服饰
U00323,ORD_U00323_001,2024-08-27,794.2,美妆
U00323,ORD_U00323_002,2024-11-01,826.92,美妆
U00323,ORD_U00323_003,2024-11-04,870.23,家居
U00323,ORD_U00323_004,2025-01-03,560.51,美妆
U00323,ORD_U00323_005,2025-01-14,756.95,家居
U00323,ORD_U00323_006,2025-04-06,897.08,数码
U00323,ORD_U00323_007,2025-06-19,1029.56,数码
U00324,ORD_U00324_000,2024-05-08,74.04,数码
U00324,ORD_U00324_001,2024-06-24,63.62,美妆
U00324,ORD_U00324_002,2024-08-16,44.65,美妆
U00325,ORD_U00325_001,2024-09-18,308.63,服饰
U00325,ORD_U00325_000,2024-10-10,348.76,家居
U00325,ORD_U00325_002,2024-11-24,151.96,食品
U00325,ORD_U00325_005,2024-11-27,179.36,美妆
U00325,ORD_U00325_003,2024-12-09,215.54,服饰
U00325,ORD_U00325_007,2025-01-30,92.87,家居
U00325,ORD_U00325_006,2025-03-22,110.52,美妆
U00325,ORD_U00325_004,2025-04-01,353.54,家居
U00325,ORD_U00325_010,2025-04-14,202.69,数码
U00325,ORD_U00325_016,2025-06-04,220.28,家居
U00325,ORD_U00325_017,2025-06-21,320.63,美妆
U00325,ORD_U00325_008,2025-08-01,150.05,食品
U00325,ORD_U00325_011,2025-08-10,256.15,服饰
U00325,ORD_U00325_009,2025-08-16,158.36,数码
U00325,ORD_U00325_012,2026-01-05,145.66,家居
U00325,ORD_U00325_013,2026-04-01,348.75,家居
U00325,ORD_U00325_015,2026-04-29,159.08,食品
U00325,ORD_U00325_014,2026-05-20,128.76,数码
U00326,ORD_U00326_000,2023-05-11,129.26,食品
U00327,ORD_U00327_000,2024-10-02,82.06,家居
U00327,ORD_U00327_001,2024-12-31,69.18,服饰
U00327,ORD_U00327_002,2025-02-02,90.86,美妆
U00328,ORD_U00328_000,2024-09-12,117.4,数码
U00328,ORD_U00328_001,2024-11-16,55.56,数码
U00328,ORD_U00328_002,2024-12-07,173.35,家居
U00328,ORD_U00328_005,2025-02-19,184.31,食品
U00328,ORD_U00328_003,2025-03-16,151.92,美妆
U00328,ORD_U00328_007,2025-03-22,171.89,服饰
U00328,ORD_U00328_004,2025-05-22,65.32,美妆
U00328,ORD_U00328_006,2025-08-16,152.26,服饰
U00328,ORD_U00328_008,2025-10-04,110.19,食品
U00329,ORD_U00329_000,2024-10-07,447.02,数码
U00329,ORD_U00329_002,2024-10-26,616.27,服饰
U00329,ORD_U00329_001,2024-11-04,267.27,美妆
U00329,ORD_U00329_005,2025-01-14,366.7,数码
U00329,ORD_U00329_003,2025-01-20,466.79,家居
U00329,ORD_U00329_008,2025-01-31,215.01,食品
U00329,ORD_U00329_004,2025-03-28,402.03,食品
U00329,ORD_U00329_009,2025-04-29,624.32,食品
U00329,ORD_U00329_007,2025-05-24,623.84,美妆
U00329,ORD_U00329_016,2025-07-01,330.12,食品
U00329,ORD_U00329_006,2025-07-19,217.74,家居
U00329,ORD_U00329_017,2025-09-09,534.16,服饰
U00329,ORD_U00329_011,2025-10-16,166.15,服饰
U00329,ORD_U00329_010,2025-11-07,598.29,数码
U00329,ORD_U00329_015,2025-12-24,270.71,食品
U00329,ORD_U00329_013,2026-01-16,570.37,服饰
U00329,ORD_U00329_014,2026-01-23,444.8,家居
U00329,ORD_U00329_012,2026-02-01,586.83,食品
U00330,ORD_U00330_000,2024-06-17,496.17,食品
U00330,ORD_U00330_001,2024-07-17,244.45,食品
U00330,ORD_U00330_002,2024-08-17,370.28,数码
U00330,ORD_U00330_003,2024-09-20,180.23,数码
U00330,ORD_U00330_006,2024-10-07,463.63,数码
U00330,ORD_U00330_004,2024-10-11,568.91,家居
U00330,ORD_U00330_005,2025-01-28,426.72,食品
U00331,ORD_U00331_000,2023-09-16,181.1,服饰
U00331,ORD_U00331_001,2023-10-01,196.94,食品
U00332,ORD_U00332_000,2024-09-22,210.95,家居
U00332,ORD_U00332_001,2024-12-11,261.24,家居
U00332,ORD_U00332_003,2024-12-15,215.82,服饰
U00332,ORD_U00332_002,2024-12-18,176.39,食品
U00332,ORD_U00332_004,2025-01-09,406.4,家居
U00332,ORD_U00332_006,2025-01-26,382.88,食品
U00332,ORD_U00332_005,2025-02-22,279.51,食品
U00332,ORD_U00332_007,2025-04-09,203.12,食品
U00332,ORD_U00332_008,2025-05-14,284.78,家居
U00333,ORD_U00333_000,2023-07-17,153.99,食品
U00333,ORD_U00333_001,2023-10-04,256.21,家居
U00333,ORD_U00333_002,2023-11-26,112.51,家居
U00333,ORD_U00333_004,2023-12-19,202.11,服饰
U00333,ORD_U00333_007,2024-01-19,195.89,食品
U00333,ORD_U00333_003,2024-01-25,319.12,服饰
U00333,ORD_U00333_005,2024-02-18,223.81,数码
U00333,ORD_U00333_006,2024-06-25,197.51,数码
U00334,ORD_U00334_000,2023-07-03,41.57,食品
U00334,ORD_U00334_002,2023-08-12,47.54,食品
U00334,ORD_U00334_001,2023-09-01,48.66,数码
U00334,ORD_U00334_003,2023-10-26,92.25,食品
U00335,ORD_U00335_000,2024-11-24,369.77,服饰
U00335,ORD_U00335_002,2025-01-18,367.03,美妆
U00335,ORD_U00335_001,2025-02-03,199.01,家居
U00335,ORD_U00335_006,2025-04-16,265.28,美妆
U00335,ORD_U00335_003,2025-05-02,235.87,美妆
U00335,ORD_U00335_007,2025-05-24,227.89,美妆
U00335,ORD_U00335_004,2025-06-01,182.83,美妆
U00335,ORD_U00335_005,2025-07-18,137.57,家居
U00336,ORD_U00336_000,2023-11-18,138.1,服饰
U00336,ORD_U00336_001,2023-12-18,129.14,服饰
U00336,ORD_U00336_002,2024-01-28,85.77,家居
U00336,ORD_U00336_004,2024-01-29,97.2,服饰
U00336,ORD_U00336_003,2024-04-12,250.0,服饰
U00336,ORD_U00336_006,2024-04-16,256.52,家居
U00336,ORD_U00336_008,2024-04-23,250.74,美妆
U00336,ORD_U00336_007,2024-05-13,125.41,美妆
U00336,ORD_U00336_005,2024-07-14,116.12,家居
U00337,ORD_U00337_000,2024-03-24,679.85,美妆
U00337,ORD_U00337_001,2024-04-24,533.87,家居
U00337,ORD_U00337_002,2024-05-11,385.96,食品
U00337,ORD_U00337_003,2024-07-11,697.65,服饰
U00337,ORD_U00337_004,2024-09-14,636.62,数码
U00337,ORD_U00337_007,2024-09-16,710.84,美妆
U00337,ORD_U00337_006,2024-10-26,749.6,食品
U00337,ORD_U00337_005,2024-11-08,612.88,家居
U00337,ORD_U00337_009,2024-11-09,539.22,美妆
U00337,ORD_U00337_012,2025-01-04,665.38,家居
U00337,ORD_U00337_011,2025-02-10,276.21,数码
U00337,ORD_U00337_008,2025-03-24,354.14,食品
U00337,ORD_U00337_013,2025-03-26,274.67,美妆
U00337,ORD_U00337_014,2025-05-03,341.75,数码
U00337,ORD_U00337_010,2025-05-14,723.12,食品
U00338,ORD_U00338_000,2023-11-16,149.82,食品
U00338,ORD_U00338_001,2023-12-11,119.27,食品
U00339,ORD_U00339_001,2024-02-15,71.45,数码
U00339,ORD_U00339_000,2024-02-17,27.74,服饰
U00339,ORD_U00339_002,2024-07-03,45.59,家居
U00340,ORD_U00340_001,2023-07-04,126.45,数码
U00340,ORD_U00340_000,2023-07-09,158.2,食品
U00340,ORD_U00340_002,2023-10-22,186.82,食品
U00340,ORD_U00340_003,2023-10-24,116.08,服饰
U00340,ORD_U00340_004,2023-12-13,186.79,食品
U00340,ORD_U00340_005,2024-04-02,97.15,数码
U00341,ORD_U00341_000,2024-02-14,107.23,家居
U00341,ORD_U00341_001,2024-05-31,142.01,服饰
U00341,ORD_U00341_002,2024-08-04,126.82,美妆
U00341,ORD_U00341_003,2024-11-17,132.77,服饰
U00342,ORD_U00342_000,2023-08-25,963.93,美妆
U00342,ORD_U00342_001,2023-09-25,749.39,服饰
U00342,ORD_U00342_002,2023-11-06,414.35,美妆
U00342,ORD_U00342_004,2023-11-25,325.7,食品
U00342,ORD_U00342_005,2023-12-04,987.15,数码
U00342,ORD_U00342_003,2023-12-22,447.74,美妆
U00342,ORD_U00342_006,2024-01-23,1038.49,服饰
U00342,ORD_U00342_007,2024-04-16,751.88,服饰
U00342,ORD_U00342_009,2024-07-09,514.49,食品
U00342,ORD_U00342_008,2024-09-11,738.4,食品
U00342,ORD_U00342_011,2024-10-22,944.53,家居
U00342,ORD_U00342_010,2024-11-10,1038.78,数码
U00342,ORD_U00342_013,2024-11-30,1011.47,美妆
U00342,ORD_U00342_012,2025-01-21,288.17,服饰
U00343,ORD_U00343_000,2023-10-09,471.74,数码
U00343,ORD_U00343_001,2023-10-22,187.53,数码
U00343,ORD_U00343_002,2024-01-20,433.61,食品
U00343,ORD_U00343_004,2024-02-12,497.28,数码
U00343,ORD_U00343_003,2024-02-20,423.93,家居
U00343,ORD_U00343_005,2024-03-23,133.37,家居
U00343,ORD_U00343_007,2024-06-04,198.11,服饰
U00343,ORD_U00343_008,2024-06-21,350.3,服饰
U00343,ORD_U00343_006,2024-07-04,415.13,食品
U00344,ORD_U00344_000,2023-03-13,66.54,家居
U00344,ORD_U00344_001,2023-05-17,69.1,家居
U00344,ORD_U00344_002,2023-07-25,58.29,食品
U00344,ORD_U00344_003,2023-12-02,118.22,服饰
U00345,ORD_U00345_000,2023-06-22,470.16,家居
U00345,ORD_U00345_001,2023-06-29,341.56,服饰
U00345,ORD_U00345_002,2023-08-25,446.5,美妆
U00345,ORD_U00345_003,2023-10-05,469.73,美妆
U00345,ORD_U00345_005,2023-12-08,176.31,美妆
U00345,ORD_U00345_004,2023-12-28,407.71,美妆
U00345,ORD_U00345_006,2024-03-02,325.36,美妆
U00345,ORD_U00345_008,2024-07-09,292.21,食品
U00345,ORD_U00345_007,2024-07-15,257.03,服饰
U00345,ORD_U00345_009,2024-09-07,307.64,美妆
U00346,ORD_U00346_001,2024-08-24,148.91,食品
U00346,ORD_U00346_000,2024-08-29,87.03,服饰
U00346,ORD_U00346_003,2024-10-24,105.77,服饰
U00346,ORD_U00346_002,2024-12-14,97.49,食品
U00347,ORD_U00347_000,2024-05-04,118.24,食品
U00347,ORD_U00347_001,2024-07-16,63.74,食品
U00347,ORD_U00347_002,2024-09-17,131.77,美妆
U00348,ORD_U00348_000,2023-02-06,158.46,数码
U00348,ORD_U00348_001,2023-05-09,127.57,食品
U00349,ORD_U00349_000,2024-09-08,300.28,数码
U00349,ORD_U00349_001,2024-09-22,317.48,服饰
U00349,ORD_U00349_002,2024-10-27,269.74,食品
U00349,ORD_U00349_004,2024-11-19,127.17,数码
U00349,ORD_U00349_003,2024-11-21,272.25,数码
U00349,ORD_U00349_006,2025-01-26,266.81,美妆
U00349,ORD_U00349_007,2025-01-31,388.17,服饰
U00349,ORD_U00349_012,2025-02-08,325.02,美妆
U00349,ORD_U00349_005,2025-02-19,162.78,美妆
U00349,ORD_U00349_008,2025-05-23,187.6,服饰
U00349,ORD_U00349_011,2025-08-04,329.92,数码
U00349,ORD_U00349_009,2025-08-10,246.8,服饰
U00349,ORD_U00349_013,2025-08-14,356.84,食品
U00349,ORD_U00349_010,2025-09-18,275.53,数码
U00350,ORD_U00350_000,2023-09-04,209.6,食品
U00350,ORD_U00350_001,2023-10-13,261.05,数码
U00350,ORD_U00350_002,2023-11-20,307.17,美妆
U00350,ORD_U00350_003,2023-12-02,294.75,美妆
U00351,ORD_U00351_000,2024-01-15,75.99,数码
U00352,ORD_U00352_000,2023-05-26,291.73,数码
U00352,ORD_U00352_001,2023-06-02,212.98,服饰
U00352,ORD_U00352_002,2023-07-01,207.09,美妆
U00352,ORD_U00352_004,2023-07-30,141.83,家居
U00352,ORD_U00352_003,2023-10-09,208.54,食品
U00352,ORD_U00352_005,2023-10-21,152.03,美妆
U00352,ORD_U00352_007,2024-01-09,140.31,美妆
U00352,ORD_U00352_006,2024-01-27,326.87,服饰
U00352,ORD_U00352_008,2024-04-30,164.23,食品
U00352,ORD_U00352_009,2024-08-02,260.18,美妆
U00353,ORD_U00353_000,2024-09-30,51.77,食品
U00353,ORD_U00353_001,2024-10-29,92.13,食品
U00354,ORD_U00354_000,2024-10-03,266.06,数码
U00354,ORD_U00354_001,2025-01-18,357.0,家居
U00354,ORD_U00354_004,2025-02-12,132.73,美妆
U00354,ORD_U00354_002,2025-02-17,414.56,美妆
U00354,ORD_U00354_003,2025-04-20,355.34,美妆
U00355,ORD_U00355_000,2023-10-28,161.95,数码
U00355,ORD_U00355_001,2024-01-04,319.9,食品
U00355,ORD_U00355_002,2024-01-22,244.47,美妆
U00355,ORD_U00355_003,2024-04-25,234.14,家居
U00355,ORD_U00355_005,2024-05-14,213.76,食品
U00355,ORD_U00355_004,2024-07-22,327.97,食品
U00355,ORD_U00355_006,2024-09-06,325.45,美妆
U00355,ORD_U00355_007,2024-11-17,183.57,服饰
U00356,ORD_U00356_000,2024-07-08,859.87,数码
U00356,ORD_U00356_001,2024-08-24,409.53,服饰
U00356,ORD_U00356_003,2024-09-01,872.63,数码
U00356,ORD_U00356_002,2024-09-17,769.12,数码
U00356,ORD_U00356_004,2024-10-20,975.36,家居
U00356,ORD_U00356_008,2024-11-07,341.73,美妆
U00356,ORD_U00356_005,2025-02-08,838.0,服饰
U00356,ORD_U00356_007,2025-03-02,787.96,美妆
U00356,ORD_U00356_006,2025-03-11,451.25,美妆
U00356,ORD_U00356_010,2025-05-19,490.02,美妆
U00356,ORD_U00356_013,2025-06-12,477.98,美妆
U00356,ORD_U00356_009,2025-07-20,366.41,食品
U00356,ORD_U00356_011,2025-08-26,928.14,食品
U00356,ORD_U00356_012,2025-10-03,672.96,数码
U00356,ORD_U00356_015,2025-12-27,418.31,服饰
U00356,ORD_U00356_014,2026-03-11,342.97,家居
U00357,ORD_U00357_000,2023-05-05,31.51,服饰
U00358,ORD_U00358_000,2024-04-11,63.79,家居
U00359,ORD_U00359_000,2024-10-01,346.32,家居
U00359,ORD_U00359_001,2024-10-28,354.8,食品
U00359,ORD_U00359_002,2024-12-20,410.63,美妆
U00359,ORD_U00359_004,2025-01-13,320.26,食品
U00359,ORD_U00359_003,2025-02-09,196.73,食品
U00360,ORD_U00360_000,2023-08-26,143.31,美妆
U00360,ORD_U00360_001,2023-10-28,179.2,美妆
U00361,ORD_U00361_000,2023-07-17,118.41,家居
U00361,ORD_U00361_001,2023-09-12,276.69,服饰
U00361,ORD_U00361_002,2023-10-14,163.85,家居
U00361,ORD_U00361_005,2024-01-12,308.14,美妆
U00361,ORD_U00361_003,2024-01-19,273.66,服饰
U00361,ORD_U00361_004,2024-03-10,110.83,服饰
U00361,ORD_U00361_006,2024-05-10,188.09,食品
U00361,ORD_U00361_007,2024-08-05,147.48,美妆
U00362,ORD_U00362_000,2023-04-14,219.96,美妆
U00362,ORD_U00362_001,2023-05-20,658.74,家居
U00362,ORD_U00362_003,2023-05-27,370.38,美妆
U00362,ORD_U00362_002,2023-07-09,528.73,家居
U00362,ORD_U00362_004,2023-07-29,179.35,美妆
U00362,ORD_U00362_006,2023-10-09,467.94,家居
U00362,ORD_U00362_009,2023-10-09,553.93,服饰
U00362,ORD_U00362_005,2023-10-18,207.59,数码
U00362,ORD_U00362_008,2023-10-30,420.04,服饰
U00362,ORD_U00362_010,2023-12-08,354.55,美妆
U00362,ORD_U00362_007,2023-12-12,468.15,食品
U00363,ORD_U00363_000,2024-08-02,61.67,数码
U00363,ORD_U00363_001,2024-10-04,60.43,家居
U00364,ORD_U00364_000,2024-12-14,115.97,家居
U00365,ORD_U00365_000,2023-07-22,177.63,服饰
U00365,ORD_U00365_001,2023-08-21,173.04,服饰
U00365,ORD_U00365_002,2023-10-06,86.46,服饰
U00365,ORD_U00365_004,2023-11-21,133.3,服饰
U00365,ORD_U00365_005,2023-12-02,134.08,服饰
U00365,ORD_U00365_003,2024-02-03,206.55,数码
U00366,ORD_U00366_000,2023-07-09,257.45,家居
U00366,ORD_U00366_001,2023-09-16,308.03,食品
U00366,ORD_U00366_003,2023-09-24,127.34,美妆
U00366,ORD_U00366_002,2023-11-15,347.34,食品
U00366,ORD_U00366_004,2024-02-04,201.07,服饰
U00367,ORD_U00367_000,2024-01-25,104.95,美妆
U00368,ORD_U00368_000,2024-03-01,136.57,美妆
U00368,ORD_U00368_001,2024-04-30,77.71,数码
U00368,ORD_U00368_002,2024-07-24,61.56,家居
U00368,ORD_U00368_003,2024-12-09,63.95,服饰
U00369,ORD_U00369_000,2024-10-24,124.02,食品
U00370,ORD_U00370_000,2024-11-26,302.47,数码
U00370,ORD_U00370_001,2024-12-04,433.12,服饰
U00370,ORD_U00370_002,2024-12-11,340.7,数码
U00370,ORD_U00370_003,2025-01-31,388.18,食品
U00370,ORD_U00370_006,2025-02-11,247.87,美妆
U00370,ORD_U00370_004,2025-03-20,333.66,食品
U00370,ORD_U00370_005,2025-03-30,291.38,食品
U00370,ORD_U00370_008,2025-04-15,233.28,数码
U00370,ORD_U00370_007,2025-09-17,265.86,食品
U00370,ORD_U00370_009,2025-10-28,233.47,服饰
U00370,ORD_U00370_010,2026-01-10,439.78,美妆
U00370,ORD_U00370_012,2026-01-19,224.72,食品
U00370,ORD_U00370_013,2026-01-25,174.78,家居
U00370,ORD_U00370_011,2026-02-21,403.25,服饰
U00371,ORD_U00371_000,2024-01-22,153.35,数码
U00371,ORD_U00371_001,2024-04-12,146.17,食品
U00372,ORD_U00372_000,2023-06-08,131.67,家居
U00372,ORD_U00372_003,2023-08-02,358.99,数码
U00372,ORD_U00372_002,2023-08-09,212.61,家居
U00372,ORD_U00372_001,2023-08-17,124.56,食品
U00373,ORD_U00373_000,2023-04-30,143.99,美妆
U00374,ORD_U00374_000,2024-08-21,376.1,数码
U00374,ORD_U00374_001,2024-10-05,516.08,服饰
U00374,ORD_U00374_002,2024-11-05,484.43,服饰
U00374,ORD_U00374_005,2024-12-24,536.29,数码
U00374,ORD_U00374_003,2024-12-29,328.05,美妆
U00374,ORD_U00374_006,2025-01-14,817.37,美妆
U00374,ORD_U00374_009,2025-01-18,489.53,食品
U00374,ORD_U00374_007,2025-02-21,776.33,家居
U00374,ORD_U00374_004,2025-03-18,591.03,食品
U00374,ORD_U00374_010,2025-03-26,722.83,美妆
U00374,ORD_U00374_008,2025-08-17,396.28,食品
U00374,ORD_U00374_016,2025-08-24,664.81,食品
U00374,ORD_U00374_011,2025-11-27,654.1,服饰
U00374,ORD_U00374_017,2025-12-04,374.19,家居
U00374,ORD_U00374_014,2025-12-17,590.05,食品
U00374,ORD_U00374_012,2026-03-03,587.47,食品
U00374,ORD_U00374_013,2026-03-17,908.48,服饰
U00374,ORD_U00374_015,2026-06-01,698.03,食品
U00375,ORD_U00375_001,2024-07-12,270.27,美妆
U00375,ORD_U00375_000,2024-07-14,361.76,服饰
U00375,ORD_U00375_002,2024-08-21,374.73,美妆
U00375,ORD_U00375_005,2024-11-03,452.74,食品
U00375,ORD_U00375_003,2024-11-24,265.21,食品
U00375,ORD_U00375_004,2025-01-10,209.49,美妆
U00376,ORD_U00376_000,2023-10-20,206.75,数码
U00376,ORD_U00376_001,2023-12-18,143.71,食品
U00376,ORD_U00376_002,2024-01-03,428.89,家居
U00376,ORD_U00376_003,2024-02-14,268.68,家居
U00376,ORD_U00376_004,2024-03-29,278.83,数码
U00376,ORD_U00376_005,2024-04-02,193.44,家居
U00376,ORD_U00376_006,2024-07-04,345.35,数码
U00377,ORD_U00377_000,2024-02-21,80.58,数码
U00377,ORD_U00377_001,2024-04-23,126.23,美妆
U00377,ORD_U00377_003,2024-08-28,72.55,美妆
U00377,ORD_U00377_002,2024-09-05,109.83,数码
U00378,ORD_U00378_000,2023-03-18,31.1,数码
U00378,ORD_U00378_001,2023-05-15,81.96,食品
U00379,ORD_U00379_000,2024-11-29,110.63,家居
U00379,ORD_U00379_002,2025-01-19,92.11,服饰
U00379,ORD_U00379_001,2025-01-21,103.56,数码
U00379,ORD_U00379_003,2025-03-01,89.84,食品
U00379,ORD_U00379_005,2025-03-18,280.38,食品
U00379,ORD_U00379_004,2025-05-31,90.5,服饰
U00379,ORD_U00379_006,2025-10-14,217.73,食品
U00380,ORD_U00380_000,2023-04-26,51.69,食品
U00380,ORD_U00380_001,2023-06-08,55.7,数码
U00380,ORD_U00380_002,2023-09-27,101.99,食品
U00381,ORD_U00381_000,2025-01-17,83.97,美妆
U00381,ORD_U00381_001,2025-03-31,91.43,数码
U00381,ORD_U00381_002,2025-04-11,101.83,家居
U00382,ORD_U00382_000,2023-11-12,1428.95,食品
U00382,ORD_U00382_001,2023-12-07,1696.94,食品
U00382,ORD_U00382_002,2024-01-01,1002.02,家居
U00382,ORD_U00382_003,2024-01-25,1738.9,家居
U00382,ORD_U00382_004,2024-01-28,2437.94,服饰
U00382,ORD_U00382_009,2024-02-06,1416.01,家居
U00382,ORD_U00382_005,2024-03-16,2326.16,服饰
U00382,ORD_U00382_012,2024-03-20,2340.47,数码
U00382,ORD_U00382_007,2024-03-27,1314.39,食品
U00382,ORD_U00382_006,2024-03-31,954.71,家居
U00382,ORD_U00382_020,2024-04-14,2304.56,家居
U00382,ORD_U00382_013,2024-04-18,1921.8,家居
U00382,ORD_U00382_008,2024-05-22,1223.64,数码
U00382,ORD_U00382_018,2024-06-20,1116.42,美妆
U00382,ORD_U00382_010,2024-07-26,1638.33,数码
U00382,ORD_U00382_015,2024-08-08,1807.69,家居
U00382,ORD_U00382_016,2024-08-14,681.36,美妆
U00382,ORD_U00382_011,2024-09-06,2389.01,服饰
U00382,ORD_U00382_019,2024-09-28,1524.87,食品
U00382,ORD_U00382_014,2024-10-03,1979.89,食品
U00382,ORD_U00382_017,2025-02-14,2065.43,美妆
U00383,ORD_U00383_000,2023-11-30,59.74,美妆
U00383,ORD_U00383_001,2024-01-30,181.48,服饰
U00383,ORD_U00383_002,2024-04-18,156.63,食品
U00384,ORD_U00384_000,2023-10-29,73.22,食品
U00384,ORD_U00384_001,2024-01-11,57.74,服饰
U00385,ORD_U00385_000,2023-12-29,1420.22,数码
U00385,ORD_U00385_001,2024-01-23,951.33,数码
U00385,ORD_U00385_002,2024-02-15,808.61,家居
U00385,ORD_U00385_012,2024-03-19,428.6,食品
U00385,ORD_U00385_003,2024-03-22,1187.57,服饰
U00385,ORD_U00385_007,2024-03-23,1221.44,数码
U00385,ORD_U00385_009,2024-04-24,647.3,数码
U00385,ORD_U00385_004,2024-04-25,578.73,服饰
U00385,ORD_U00385_018,2024-05-12,1173.39,服饰
U00385,ORD_U00385_005,2024-05-25,475.86,食品
U00385,ORD_U00385_006,2024-05-26,1371.69,数码
U00385,ORD_U00385_008,2024-06-11,816.81,数码
U00385,ORD_U00385_013,2024-06-14,1229.28,美妆
U00385,ORD_U00385_026,2024-06-25,1181.29,美妆
U00385,ORD_U00385_015,2024-07-05,867.58,家居
U00385,ORD_U00385_016,2024-08-04,1230.8,数码
U00385,ORD_U00385_010,2024-08-07,943.54,美妆
U00385,ORD_U00385_014,2024-08-15,1166.11,服饰
U00385,ORD_U00385_028,2024-08-27,797.83,服饰
U00385,ORD_U00385_029,2024-08-31,1597.13,家居
U00385,ORD_U00385_011,2024-09-16,1374.17,服饰
U00385,ORD_U00385_021,2024-10-17,772.14,家居
U00385,ORD_U00385_023,2024-11-05,1216.99,美妆
U00385,ORD_U00385_027,2024-12-03,1294.07,家居
U00385,ORD_U00385_030,2024-12-07,1133.42,家居
U00385,ORD_U00385_024,2024-12-18,1348.24,家居
U00385,ORD_U00385_017,2025-01-27,456.41,食品
U00385,ORD_U00385_020,2025-04-06,1323.26,数码
U00385,ORD_U00385_022,2025-04-27,537.7,家居
U00385,ORD_U00385_019,2025-07-26,624.49,家居
U00385,ORD_U00385_025,2025-09-27,802.97,美妆
U00385,ORD_U00385_031,2026-03-19,1590.02,服饰
U00386,ORD_U00386_000,2024-09-08,760.4,家居
U00386,ORD_U00386_001,2024-09-19,1167.0,美妆
U00386,ORD_U00386_002,2024-10-13,2354.77,数码
U00386,ORD_U00386_006,2024-10-29,2079.09,美妆
U00386,ORD_U00386_005,2024-11-08,1595.1,食品
U00386,ORD_U00386_003,2024-12-01,800.42,美妆
U00386,ORD_U00386_004,2024-12-08,961.32,数码
U00386,ORD_U00386_008,2025-01-27,1333.28,食品
U00386,ORD_U00386_010,2025-01-27,1516.04,食品
U00386,ORD_U00386_016,2025-01-28,1527.02,家居
U00386,ORD_U00386_007,2025-02-07,1447.67,数码
U00386,ORD_U00386_012,2025-02-19,1081.78,美妆
U00386,ORD_U00386_020,2025-02-20,1142.77,家居
U00386,ORD_U00386_009,2025-03-03,1409.6,食品
U00386,ORD_U00386_013,2025-03-11,886.23,美妆
U00386,ORD_U00386_017,2025-03-18,2191.6,美妆
U00386,ORD_U00386_018,2025-04-04,1854.34,数码
U00386,ORD_U00386_011,2025-04-14,1218.79,家居
U00386,ORD_U00386_015,2025-06-14,1426.49,美妆
U00386,ORD_U00386_025,2025-06-29,2150.27,食品
U00386,ORD_U00386_022,2025-08-26,1497.54,美妆
U00386,ORD_U00386_023,2025-10-24,1118.43,食品
U00386,ORD_U00386_014,2025-11-06,1602.01,美妆
U00386,ORD_U00386_024,2026-02-12,1987.62,数码
U00386,ORD_U00386_019,2026-02-21,1066.84,食品
U00386,ORD_U00386_026,2026-04-03,1444.66,服饰
U00386,ORD_U00386_021,2026-04-23,918.94,家居
U00387,ORD_U00387_000,2023-05-23,255.46,服饰
U00387,ORD_U00387_001,2023-07-24,130.9,食品
U00387,ORD_U00387_002,2023-09-28,201.39,食品
U00387,ORD_U00387_003,2023-11-02,206.37,家居
U00388,ORD_U00388_000,2023-08-28,317.99,服饰
U00388,ORD_U00388_002,2023-10-30,292.96,家居
U00388,ORD_U00388_001,2023-11-10,259.51,食品
U00388,ORD_U00388_005,2023-11-25,398.58,食品
U00388,ORD_U00388_003,2023-11-26,577.95,美妆
U00388,ORD_U00388_004,2023-12-26,388.5,食品
U00388,ORD_U00388_006,2024-04-07,373.38,美妆
U00388,ORD_U00388_008,2024-05-15,398.82,服饰
U00388,ORD_U00388_009,2024-06-10,251.21,服饰
U00388,ORD_U00388_015,2024-06-13,405.55,食品
U00388,ORD_U00388_013,2024-07-01,588.95,食品
U00388,ORD_U00388_007,2024-07-09,265.25,数码
U00388,ORD_U00388_016,2024-08-23,691.62,美妆
U00388,ORD_U00388_012,2024-09-01,657.85,家居
U00388,ORD_U00388_010,2024-11-30,195.84,食品
U00388,ORD_U00388_014,2024-12-28,375.64,服饰
U00388,ORD_U00388_011,2025-01-31,340.53,美妆
U00388,ORD_U00388_017,2025-03-06,421.29,家居
U00389,ORD_U00389_000,2024-07-30,67.92,美妆
U00389,ORD_U00389_001,2024-09-11,170.37,服饰
U00389,ORD_U00389_003,2024-11-26,81.74,家居
U00389,ORD_U00389_002,2024-11-29,66.72,家居
U00390,ORD_U00390_000,2023-07-25,36.58,服饰
U00391,ORD_U00391_000,2023-07-05,200.62,食品
U00391,ORD_U00391_001,2023-08-03,109.34,食品
U00391,ORD_U00391_002,2023-08-27,193.57,美妆
U00392,ORD_U00392_000,2024-11-12,315.04,食品
U00392,ORD_U00392_002,2024-11-17,674.68,数码
U00392,ORD_U00392_001,2024-11-20,783.77,家居
U00392,ORD_U00392_003,2025-01-22,572.95,家居
U00392,ORD_U00392_004,2025-02-03,417.01,家居
U00392,ORD_U00392_005,2025-05-05,345.72,家居
U00392,ORD_U00392_007,2025-05-08,812.03,美妆
U00392,ORD_U00392_010,2025-06-06,842.42,食品
U00392,ORD_U00392_006,2025-06-10,310.85,美妆
U00392,ORD_U00392_012,2025-06-22,381.52,数码
U00392,ORD_U00392_008,2025-09-19,468.41,家居
U00392,ORD_U00392_014,2025-10-20,309.17,服饰
U00392,ORD_U00392_009,2025-11-26,566.66,家居
U00392,ORD_U00392_015,2025-11-30,817.18,服饰
U00392,ORD_U00392_011,2025-12-18,233.47,数码
U00392,ORD_U00392_016,2026-01-12,860.16,美妆
U00392,ORD_U00392_013,2026-03-19,720.09,服饰
U00393,ORD_U00393_000,2023-11-02,36.78,食品
U00393,ORD_U00393_001,2023-12-23,79.67,服饰
U00394,ORD_U00394_000,2024-10-24,63.11,食品
U00394,ORD_U00394_001,2025-02-19,50.77,数码
U00395,ORD_U00395_000,2024-03-22,126.61,食品
U00396,ORD_U00396_001,2024-05-05,174.49,食品
U00396,ORD_U00396_000,2024-05-10,202.03,美妆
U00396,ORD_U00396_002,2024-06-07,190.5,数码
U00396,ORD_U00396_004,2024-06-29,312.05,服饰
U00396,ORD_U00396_003,2024-07-26,273.47,家居
U00396,ORD_U00396_009,2024-10-26,113.94,家居
U00396,ORD_U00396_005,2024-10-28,144.87,数码
U00396,ORD_U00396_006,2024-11-09,146.87,数码
U00396,ORD_U00396_007,2025-01-13,343.61,家居
U00396,ORD_U00396_008,2025-02-18,247.46,服饰
U00396,ORD_U00396_010,2025-04-25,120.92,家居
U00397,ORD_U00397_000,2024-04-17,129.96,数码
U00397,ORD_U00397_001,2024-05-14,104.61,食品
U00398,ORD_U00398_000,2023-09-01,49.23,数码
U00398,ORD_U00398_001,2023-11-11,38.13,美妆
U00399,ORD_U00399_000,2024-07-17,63.09,食品
U00399,ORD_U00399_001,2024-11-12,152.32,数码
U00399,ORD_U00399_002,2024-12-06,109.6,食品
U00399,ORD_U00399_003,2024-12-26,201.81,美妆
U00400,ORD_U00400_000,2024-05-09,206.25,食品
U00400,ORD_U00400_002,2024-06-16,269.28,美妆
U00400,ORD_U00400_001,2024-06-17,333.37,家居
U00400,ORD_U00400_003,2024-07-24,101.46,服饰
U00400,ORD_U00400_004,2024-11-15,327.36,美妆
U00400,ORD_U00400_006,2024-11-17,374.76,家居
U00400,ORD_U00400_007,2024-11-25,345.03,家居
U00400,ORD_U00400_005,2024-12-09,268.89,美妆
U00400,ORD_U00400_008,2025-03-20,341.18,服饰
U00401,ORD_U00401_000,2023-03-14,272.79,家居
U00401,ORD_U00401_002,2023-03-29,138.19,食品
U00401,ORD_U00401_003,2023-04-05,209.62,家居
U00401,ORD_U00401_001,2023-04-27,374.0,食品
U00401,ORD_U00401_007,2023-06-11,241.7,服饰
U00401,ORD_U00401_006,2023-07-26,348.3,数码
U00401,ORD_U00401_004,2023-08-17,206.3,服饰
U00401,ORD_U00401_005,2023-09-05,318.2,家居
U00401,ORD_U00401_011,2023-12-17,272.29,美妆
U00401,ORD_U00401_012,2024-02-02,198.49,家居
U00401,ORD_U00401_008,2024-02-25,223.08,美妆
U00401,ORD_U00401_010,2024-03-16,455.15,服饰
U00401,ORD_U00401_009,2024-03-20,488.43,食品
U00402,ORD_U00402_000,2025-01-17,37.24,食品
U00403,ORD_U00403_000,2024-01-30,127.76,数码
U00403,ORD_U00403_001,2024-03-07,146.45,服饰
U00403,ORD_U00403_002,2024-03-17,182.8,食品
U00403,ORD_U00403_004,2024-04-25,181.2,家居
U00403,ORD_U00403_006,2024-05-08,108.96,数码
U00403,ORD_U00403_005,2024-06-15,91.9,家居
U00403,ORD_U00403_003,2024-07-05,156.3,家居
U00403,ORD_U00403_007,2024-12-13,105.68,家居
U00404,ORD_U00404_000,2024-12-10,35.16,食品
U00405,ORD_U00405_000,2023-04-18,70.49,服饰
U00406,ORD_U00406_000,2023-02-03,556.1,数码
U00406,ORD_U00406_001,2023-03-31,287.56,服饰
U00406,ORD_U00406_003,2023-05-09,412.24,家居
U00406,ORD_U00406_004,2023-05-27,408.85,服饰
U00406,ORD_U00406_002,2023-06-03,440.73,食品
U00406,ORD_U00406_007,2023-09-04,427.53,美妆
U00406,ORD_U00406_006,2023-11-01,199.61,服饰
U00406,ORD_U00406_005,2023-12-22,324.8,家居
U00406,ORD_U00406_009,2024-01-28,545.54,美妆
U00406,ORD_U00406_008,2024-02-29,201.33,美妆
U00407,ORD_U00407_001,2024-04-24,20.89,家居
U00407,ORD_U00407_000,2024-05-19,60.68,数码
U00407,ORD_U00407_002,2024-06-22,49.25,食品
U00408,ORD_U00408_000,2023-12-16,812.58,食品
U00408,ORD_U00408_001,2023-12-21,1046.3,食品
U00408,ORD_U00408_003,2024-01-20,871.74,数码
U00408,ORD_U00408_002,2024-01-29,1077.16,食品
U00408,ORD_U00408_004,2024-02-10,599.32,服饰
U00408,ORD_U00408_006,2024-04-08,1037.01,服饰
U00408,ORD_U00408_008,2024-04-11,813.3,美妆
U00408,ORD_U00408_005,2024-04-12,998.82,食品
U00408,ORD_U00408_007,2024-04-24,711.81,美妆
U00408,ORD_U00408_020,2024-06-06,551.62,美妆
U00408,ORD_U00408_022,2024-06-18,444.07,食品
U00408,ORD_U00408_015,2024-06-20,569.86,数码
U00408,ORD_U00408_009,2024-06-21,344.91,美妆
U00408,ORD_U00408_016,2024-06-29,968.0,食品
U00408,ORD_U00408_010,2024-07-04,656.24,家居
U00408,ORD_U00408_013,2024-07-08,610.38,家居
U00408,ORD_U00408_034,2024-08-20,431.18,数码
U00408,ORD_U00408_029,2024-09-06,721.28,美妆
U00408,ORD_U00408_011,2024-09-27,556.03,数码
U00408,ORD_U00408_023,2024-10-23,492.88,食品
U00408,ORD_U00408_033,2024-12-03,996.63,食品
U00408,ORD_U00408_012,2024-12-05,957.27,服饰
U00408,ORD_U00408_018,2024-12-21,289.49,数码
U00408,ORD_U00408_014,2025-01-04,849.38,服饰
U00408,ORD_U00408_031,2025-01-20,901.24,美妆
U00408,ORD_U00408_017,2025-01-24,1018.67,家居
U00408,ORD_U00408_028,2025-02-09,566.88,服饰
U00408,ORD_U00408_039,2025-03-04,540.09,食品
U00408,ORD_U00408_041,2025-03-06,296.54,家居
U00408,ORD_U00408_019,2025-03-17,465.58,家居
U00408,ORD_U00408_025,2025-04-13,1062.65,家居
U00408,ORD_U00408_021,2025-04-23,374.21,家居
U00408,ORD_U00408_035,2025-05-01,839.78,数码
U00408,ORD_U00408_040,2025-05-11,843.88,服饰
U00408,ORD_U00408_037,2025-06-15,418.86,家居
U00408,ORD_U00408_038,2025-07-06,453.89,服饰
U00408,ORD_U00408_024,2025-07-21,1095.03,服饰
U00408,ORD_U00408_036,2025-08-19,1032.89,食品
U00408,ORD_U00408_026,2025-11-11,468.68,美妆
U00408,ORD_U00408_027,2026-01-16,591.58,食品
U00408,ORD_U00408_032,2026-02-11,684.52,数码
U00408,ORD_U00408_030,2026-02-22,409.78,美妆
U00408,ORD_U00408_042,2026-04-04,491.6,食品
U00409,ORD_U00409_000,2024-10-30,558.29,食品
U00409,ORD_U00409_001,2024-11-23,563.83,服饰
U00409,ORD_U00409_003,2025-02-01,269.41,数码
U00409,ORD_U00409_002,2025-03-09,454.78,服饰
U00409,ORD_U00409_005,2025-04-03,232.5,家居
U00409,ORD_U00409_004,2025-05-27,261.26,家居
U00409,ORD_U00409_006,2025-08-28,361.63,服饰
U00409,ORD_U00409_007,2025-11-02,164.07,数码
U00410,ORD_U00410_000,2024-07-08,20.54,服饰
U00411,ORD_U00411_000,2023-03-20,59.34,家居
U00411,ORD_U00411_001,2023-04-18,124.34,家居
U00412,ORD_U00412_000,2023-10-05,148.26,数码
U00412,ORD_U00412_002,2023-11-09,378.3,食品
U00412,ORD_U00412_001,2023-12-06,219.23,家居
U00412,ORD_U00412_003,2024-02-07,234.87,家居
U00412,ORD_U00412_004,2024-04-22,184.97,食品
U00413,ORD_U00413_000,2023-02-28,52.27,食品
U00414,ORD_U00414_000,2024-06-14,194.31,服饰
U00414,ORD_U00414_001,2024-06-20,120.13,家居
U00414,ORD_U00414_003,2024-06-28,72.47,食品
U00414,ORD_U00414_002,2024-09-02,80.13,服饰
U00414,ORD_U00414_004,2024-10-11,182.61,美妆
U00414,ORD_U00414_005,2024-10-15,163.31,食品
U00415,ORD_U00415_000,2023-07-13,113.58,食品
U00415,ORD_U00415_001,2023-09-22,269.75,食品
U00415,ORD_U00415_003,2023-11-06,220.0,服饰
U00415,ORD_U00415_002,2023-11-19,128.72,美妆
U00415,ORD_U00415_004,2024-01-12,284.04,食品
U00415,ORD_U00415_005,2024-01-12,233.85,数码
U00416,ORD_U00416_000,2024-06-08,196.79,数码
U00416,ORD_U00416_001,2024-07-13,165.24,食品
U00416,ORD_U00416_002,2024-07-16,154.0,食品
U00416,ORD_U00416_003,2024-09-21,202.82,数码
U00416,ORD_U00416_008,2024-11-04,206.01,食品
U00416,ORD_U00416_004,2024-12-20,158.09,美妆
U00416,ORD_U00416_009,2025-01-01,105.21,美妆
U00416,ORD_U00416_005,2025-01-19,103.58,食品
U00416,ORD_U00416_007,2025-03-31,207.52,数码
U00416,ORD_U00416_006,2025-04-26,148.67,食品
U00417,ORD_U00417_000,2023-06-15,121.79,服饰
U00417,ORD_U00417_001,2023-06-24,259.85,家居
U00417,ORD_U00417_003,2023-09-09,327.65,家居
U00417,ORD_U00417_002,2023-09-22,157.38,家居
U00417,ORD_U00417_004,2023-11-10,142.96,服饰
U00417,ORD_U00417_005,2023-12-18,104.06,数码
U00417,ORD_U00417_006,2024-04-29,308.16,服饰
U00417,ORD_U00417_007,2024-06-30,323.64,数码
U00418,ORD_U00418_000,2023-05-01,89.98,家居
U00418,ORD_U00418_001,2023-06-12,74.1,数码
U00419,ORD_U00419_000,2024-10-30,205.57,家居
U00419,ORD_U00419_002,2025-02-13,81.19,家居
U00419,ORD_U00419_001,2025-03-05,171.63,服饰
U00419,ORD_U00419_003,2025-08-03,173.34,食品
U00420,ORD_U00420_000,2024-10-15,109.73,食品
U00420,ORD_U00420_001,2024-11-22,47.04,数码
U00420,ORD_U00420_002,2024-12-25,160.54,数码
U00421,ORD_U00421_000,2023-10-16,125.68,数码
U00421,ORD_U00421_001,2024-03-20,139.95,服饰
U00421,ORD_U00421_002,2024-06-26,141.7,家居
U00422,ORD_U00422_000,2024-08-04,772.34,家居
U00422,ORD_U00422_001,2024-08-09,371.26,服饰
U00422,ORD_U00422_002,2024-10-01,539.49,食品
U00422,ORD_U00422_003,2024-11-20,806.4,家居
U00422,ORD_U00422_005,2024-12-01,257.41,数码
U00422,ORD_U00422_006,2024-12-07,869.2,美妆
U00422,ORD_U00422_008,2025-01-07,774.38,食品
U00422,ORD_U00422_004,2025-01-23,492.06,食品
U00422,ORD_U00422_007,2025-05-30,362.1,家居
U00423,ORD_U00423_000,2024-10-27,332.56,家居
U00423,ORD_U00423_002,2024-11-16,92.97,服饰
U00423,ORD_U00423_001,2024-12-09,288.04,美妆
U00423,ORD_U00423_006,2025-02-10,110.78,服饰
U00423,ORD_U00423_003,2025-02-24,344.48,家居
U00423,ORD_U00423_004,2025-03-21,301.17,食品
U00423,ORD_U00423_005,2025-08-04,129.09,美妆
U00424,ORD_U00424_000,2023-09-25,50.7,美妆
U00424,ORD_U00424_001,2023-11-27,19.44,家居
U00425,ORD_U00425_000,2023-01-23,131.22,家居
U00426,ORD_U00426_000,2024-02-16,103.32,食品
U00427,ORD_U00427_000,2023-05-25,169.31,美妆
U00427,ORD_U00427_001,2023-06-01,129.72,食品
U00427,ORD_U00427_002,2023-07-08,189.87,服饰
U00427,ORD_U00427_005,2023-08-15,167.61,数码
U00427,ORD_U00427_004,2023-08-17,67.93,食品
U00427,ORD_U00427_003,2023-08-31,126.18,服饰
U00427,ORD_U00427_008,2023-11-10,145.54,家居
U00427,ORD_U00427_007,2024-03-17,137.3,服饰
U00427,ORD_U00427_006,2024-03-29,116.39,数码
U00428,ORD_U00428_000,2024-06-15,121.34,食品
U00428,ORD_U00428_002,2024-07-08,341.78,服饰
U00428,ORD_U00428_001,2024-07-27,350.33,家居
U00429,ORD_U00429_000,2023-04-08,816.62,美妆
U00429,ORD_U00429_001,2023-04-26,1092.3,家居
U00429,ORD_U00429_002,2023-05-05,631.86,服饰
U00429,ORD_U00429_004,2023-05-20,782.36,数码
U00429,ORD_U00429_003,2023-06-23,968.91,食品
U00429,ORD_U00429_005,2023-06-30,295.69,数码
U00429,ORD_U00429_007,2023-09-11,575.79,家居
U00429,ORD_U00429_008,2023-11-12,619.16,服饰
U00429,ORD_U00429_009,2023-11-18,1020.79,服饰
U00429,ORD_U00429_006,2023-12-02,892.04,美妆
U00429,ORD_U00429_010,2024-01-18,782.28,家居
U00430,ORD_U00430_000,2023-08-27,881.69,食品
U00430,ORD_U00430_001,2023-09-15,618.74,美妆
U00430,ORD_U00430_002,2023-11-02,966.75,服饰
U00430,ORD_U00430_004,2023-12-07,754.95,食品
U00430,ORD_U00430_003,2024-01-04,300.64,服饰
U00430,ORD_U00430_005,2024-01-22,549.52,数码
U00430,ORD_U00430_010,2024-04-11,684.58,美妆
U00430,ORD_U00430_006,2024-04-25,1004.05,美妆
U00430,ORD_U00430_009,2024-05-15,327.62,数码
U00430,ORD_U00430_008,2024-05-16,508.3,数码
U00430,ORD_U00430_007,2024-05-30,828.76,食品
U00431,ORD_U00431_000,2023-03-18,190.52,数码
U00431,ORD_U00431_001,2023-05-11,66.82,食品
U00431,ORD_U00431_002,2023-06-12,258.1,美妆
U00431,ORD_U00431_006,2023-07-26,171.51,家居
U00431,ORD_U00431_003,2023-08-19,197.02,家居
U00431,ORD_U00431_005,2023-08-21,103.07,食品
U00431,ORD_U00431_004,2023-09-18,165.05,数码
U00431,ORD_U00431_007,2023-11-24,179.33,服饰
U00432,ORD_U00432_000,2024-09-25,49.66,家居
U00432,ORD_U00432_001,2025-01-15,24.25,数码
U00432,ORD_U00432_002,2025-02-23,41.57,家居
U00432,ORD_U00432_003,2025-07-19,25.16,服饰
U00433,ORD_U00433_000,2024-06-11,364.96,服饰
U00433,ORD_U00433_001,2024-07-05,147.86,服饰
U00433,ORD_U00433_004,2024-09-16,224.57,服饰
U00433,ORD_U00433_002,2024-10-01,472.08,家居
U00433,ORD_U00433_006,2024-11-23,291.53,数码
U00433,ORD_U00433_003,2024-11-29,336.94,食品
U00433,ORD_U00433_005,2025-05-02,180.6,美妆
U00433,ORD_U00433_008,2025-07-27,449.96,数码
U00433,ORD_U00433_007,2025-09-13,286.12,美妆
U00434,ORD_U00434_000,2023-02-23,39.33,食品
U00434,ORD_U00434_001,2023-05-23,65.32,美妆
U00435,ORD_U00435_000,2023-12-24,39.42,服饰
U00436,ORD_U00436_000,2024-06-04,126.52,服饰
U00436,ORD_U00436_001,2024-07-16,195.1,数码
U00436,ORD_U00436_002,2024-08-14,218.45,食品
U00436,ORD_U00436_003,2024-11-02,193.54,美妆
U00436,ORD_U00436_007,2024-11-12,66.43,服饰
U00436,ORD_U00436_004,2024-11-15,219.23,美妆
U00436,ORD_U00436_005,2024-11-29,177.07,数码
U00436,ORD_U00436_006,2025-04-16,120.22,食品
U00437,ORD_U00437_000,2024-05-09,58.18,家居
U00437,ORD_U00437_001,2024-07-09,89.22,家居
U00438,ORD_U00438_000,2024-03-04,173.36,服饰
U00438,ORD_U00438_001,2024-04-06,169.94,食品
U00438,ORD_U00438_002,2024-06-11,317.59,数码
U00438,ORD_U00438_003,2024-07-05,255.45,美妆
U00438,ORD_U00438_007,2024-10-06,104.58,家居
U00438,ORD_U00438_004,2024-12-18,171.89,数码
U00438,ORD_U00438_005,2024-12-19,285.27,数码
U00438,ORD_U00438_006,2025-01-21,269.85,服饰
U00438,ORD_U00438_009,2025-05-16,96.33,数码
U00438,ORD_U00438_008,2025-06-06,296.17,美妆
U00439,ORD_U00439_000,2024-11-04,100.36,家居
U00440,ORD_U00440_000,2023-05-05,29.98,服饰
U00441,ORD_U00441_000,2024-08-13,34.87,数码
U00441,ORD_U00441_001,2024-12-14,68.0,美妆
U00442,ORD_U00442_000,2023-09-19,37.76,家居
U00442,ORD_U00442_001,2023-09-24,125.27,美妆
U00442,ORD_U00442_002,2024-01-09,72.93,服饰
U00442,ORD_U00442_003,2024-02-04,100.53,数码
U00443,ORD_U00443_000,2023-02-20,219.27,数码
U00443,ORD_U00443_001,2023-04-20,515.02,美妆
U00443,ORD_U00443_002,2023-05-31,207.88,家居
U00443,ORD_U00443_003,2023-06-03,570.85,服饰
U00443,ORD_U00443_006,2023-06-12,495.05,食品
U00443,ORD_U00443_005,2023-07-20,379.99,美妆
U00443,ORD_U00443_004,2023-08-07,536.42,家居
U00443,ORD_U00443_012,2023-09-10,278.81,美妆
U00443,ORD_U00443_007,2023-09-29,501.53,家居
U00443,ORD_U00443_008,2023-11-08,267.28,服饰
U00443,ORD_U00443_009,2024-01-07,349.06,美妆
U00443,ORD_U00443_011,2024-01-29,723.16,美妆
U00443,ORD_U00443_010,2024-02-14,297.36,家居
U00443,ORD_U00443_013,2024-09-09,721.74,数码
U00443,ORD_U00443_014,2024-11-17,383.06,食品
U00444,ORD_U00444_001,2024-07-13,79.46,数码
U00444,ORD_U00444_000,2024-08-02,60.93,数码
U00444,ORD_U00444_002,2024-09-19,118.22,服饰
U00444,ORD_U00444_003,2024-11-27,198.11,服饰
U00445,ORD_U00445_000,2024-07-23,129.2,美妆
U00445,ORD_U00445_001,2024-09-14,166.24,服饰
U00445,ORD_U00445_002,2024-11-03,216.06,数码
U00446,ORD_U00446_000,2024-07-27,108.05,美妆
U00446,ORD_U00446_001,2024-09-03,122.41,美妆
U00446,ORD_U00446_002,2024-11-06,100.33,美妆
U00447,ORD_U00447_000,2024-08-27,111.65,食品
U00447,ORD_U00447_001,2024-11-11,87.38,服饰
U00447,ORD_U00447_002,2025-01-17,137.73,服饰
U00448,ORD_U00448_000,2023-06-21,99.77,家居
U00448,ORD_U00448_001,2023-11-15,36.21,美妆
U00448,ORD_U00448_002,2024-01-10,85.24,食品
U00449,ORD_U00449_000,2025-01-08,199.3,食品
U00449,ORD_U00449_001,2025-02-12,63.66,美妆
U00449,ORD_U00449_002,2025-05-15,212.66,食品
U00449,ORD_U00449_003,2025-07-16,144.53,食品
U00450,ORD_U00450_000,2024-12-25,73.25,服饰
U00450,ORD_U00450_001,2025-01-22,167.01,食品
U00450,ORD_U00450_002,2025-02-06,115.91,食品
U00450,ORD_U00450_004,2025-03-06,164.4,食品
U00450,ORD_U00450_003,2025-03-16,129.21,食品
U00450,ORD_U00450_005,2025-05-12,97.31,服饰
U00450,ORD_U00450_006,2025-06-24,131.03,食品
U00451,ORD_U00451_000,2024-08-21,195.18,数码
U00451,ORD_U00451_002,2024-10-11,131.98,数码
U00451,ORD_U00451_001,2024-10-21,73.54,美妆
U00451,ORD_U00451_003,2024-12-21,83.97,美妆
U00451,ORD_U00451_006,2025-02-27,120.9,服饰
U00451,ORD_U00451_004,2025-02-28,165.89,家居
U00451,ORD_U00451_005,2025-04-06,204.21,服饰
U00452,ORD_U00452_000,2023-07-12,115.69,家居
U00452,ORD_U00452_001,2023-08-21,79.92,食品
U00452,ORD_U00452_002,2023-12-03,167.81,家居
U00453,ORD_U00453_000,2024-01-10,52.82,数码
U00454,ORD_U00454_000,2024-07-01,73.27,美妆
U00454,ORD_U00454_001,2024-08-20,192.81,美妆
U00454,ORD_U00454_003,2024-09-08,142.73,美妆
U00454,ORD_U00454_002,2024-12-03,195.04,数码
U00455,ORD_U00455_000,2024-07-02,310.75,食品
U00455,ORD_U00455_001,2024-07-18,225.18,食品
U00455,ORD_U00455_002,2024-08-24,580.6,美妆
U00455,ORD_U00455_005,2024-10-25,605.93,服饰
U00455,ORD_U00455_006,2024-10-29,750.39,食品
U00455,ORD_U00455_003,2024-11-14,514.17,美妆
U00455,ORD_U00455_008,2024-11-20,249.65,食品
U00455,ORD_U00455_009,2024-11-24,295.64,美妆
U00455,ORD_U00455_004,2024-12-01,821.71,服饰
U00455,ORD_U00455_007,2025-02-13,257.65,服饰
U00455,ORD_U00455_011,2025-08-23,210.95,美妆
U00455,ORD_U00455_010,2025-09-07,293.19,家居
U00455,ORD_U00455_012,2025-11-29,232.05,数码
U00456,ORD_U00456_000,2024-09-14,74.32,食品
U00456,ORD_U00456_001,2024-11-07,140.68,食品
U00456,ORD_U00456_002,2024-12-17,120.6,数码
U00456,ORD_U00456_003,2024-12-25,152.55,数码
U00456,ORD_U00456_004,2025-01-22,151.23,美妆
U00456,ORD_U00456_005,2025-02-08,58.61,数码
U00456,ORD_U00456_006,2025-05-18,192.11,服饰
U00456,ORD_U00456_007,2025-09-14,140.63,美妆
U00457,ORD_U00457_000,2023-05-05,115.66,食品
U00457,ORD_U00457_001,2023-10-11,32.68,数码
U00458,ORD_U00458_000,2023-07-06,34.54,服饰
U00458,ORD_U00458_001,2023-10-16,33.03,数码
U00458,ORD_U00458_002,2023-11-09,32.82,数码
U00458,ORD_U00458_003,2023-12-22,22.72,食品
U00459,ORD_U00459_000,2023-03-18,94.07,美妆
U00460,ORD_U00460_000,2023-11-27,441.73,家居
U00460,ORD_U00460_002,2024-01-24,234.0,美妆
U00460,ORD_U00460_001,2024-01-30,426.29,家居
U00461,ORD_U00461_000,2024-04-09,294.06,服饰
U00461,ORD_U00461_001,2024-06-10,882.11,家居
U00461,ORD_U00461_002,2024-07-18,626.26,食品
U00461,ORD_U00461_004,2024-07-27,802.56,家居
U00461,ORD_U00461_003,2024-09-11,380.58,服饰
U00461,ORD_U00461_005,2024-10-15,373.18,食品
U00461,ORD_U00461_008,2024-10-15,270.03,服饰
U00461,ORD_U00461_006,2024-12-06,552.17,美妆
U00461,ORD_U00461_007,2024-12-15,709.97,家居
U00462,ORD_U00462_000,2024-07-24,102.2,食品
U00462,ORD_U00462_001,2024-09-15,357.53,数码
U00462,ORD_U00462_002,2024-12-19,382.02,服饰
U00462,ORD_U00462_003,2024-12-19,316.86,家居
U00463,ORD_U00463_000,2024-11-23,418.76,家居
U00463,ORD_U00463_001,2025-01-04,204.97,家居
U00463,ORD_U00463_002,2025-02-26,128.86,家居
U00463,ORD_U00463_004,2025-04-10,221.96,食品
U00463,ORD_U00463_006,2025-05-20,458.78,数码
U00463,ORD_U00463_003,2025-05-22,206.21,家居
U00463,ORD_U00463_005,2025-07-15,230.46,数码
U00464,ORD_U00464_000,2024-04-10,175.22,美妆
U00465,ORD_U00465_000,2024-10-31,119.3,食品
U00465,ORD_U00465_002,2024-11-19,64.53,数码
U00465,ORD_U00465_001,2024-12-18,108.43,家居
U00465,ORD_U00465_003,2025-01-20,125.4,美妆
U00465,ORD_U00465_005,2025-05-15,144.1,家居
U00465,ORD_U00465_004,2025-06-17,116.57,数码
U00466,ORD_U00466_000,2023-08-08,225.99,美妆
U00466,ORD_U00466_002,2023-10-09,369.19,家居
U00466,ORD_U00466_003,2023-10-09,219.69,食品
U00466,ORD_U00466_001,2023-11-11,330.77,美妆
U00466,ORD_U00466_004,2023-12-03,437.72,食品
U00466,ORD_U00466_006,2023-12-29,144.6,服饰
U00466,ORD_U00466_005,2024-01-09,432.22,食品
U00466,ORD_U00466_008,2024-02-27,405.12,食品
U00466,ORD_U00466_007,2024-09-03,283.24,服饰
U00466,ORD_U00466_009,2024-09-30,354.64,家居
U00467,ORD_U00467_000,2023-09-05,210.65,数码
U00467,ORD_U00467_001,2023-09-06,181.89,美妆
U00467,ORD_U00467_002,2023-10-18,205.81,服饰
U00467,ORD_U00467_005,2024-01-29,357.25,食品
U00467,ORD_U00467_003,2024-03-18,173.72,服饰
U00467,ORD_U00467_006,2024-05-03,369.13,美妆
U00467,ORD_U00467_004,2024-05-23,374.93,美妆
U00468,ORD_U00468_000,2025-01-23,369.89,美妆
U00468,ORD_U00468_001,2025-03-03,110.06,食品
U00468,ORD_U00468_004,2025-04-21,310.37,家居
U00468,ORD_U00468_002,2025-04-23,281.55,食品
U00468,ORD_U00468_003,2025-06-06,338.38,家居
U00468,ORD_U00468_005,2025-10-03,175.51,家居
U00469,ORD_U00469_000,2023-04-03,40.85,食品
U00469,ORD_U00469_001,2023-05-13,97.75,美妆
U00470,ORD_U00470_000,2024-07-22,424.79,服饰
U00470,ORD_U00470_001,2024-08-05,408.21,家居
U00470,ORD_U00470_002,2024-09-06,355.5,美妆
U00470,ORD_U00470_005,2024-09-11,608.27,美妆
U00470,ORD_U00470_003,2024-10-06,435.95,服饰
U00470,ORD_U00470_004,2024-10-19,664.67,数码
U00470,ORD_U00470_006,2025-02-03,450.79,数码
U00470,ORD_U00470_007,2025-02-21,802.96,家居
U00470,ORD_U00470_008,2025-03-29,756.62,食品
U00470,ORD_U00470_012,2025-06-06,761.74,美妆
U00470,ORD_U00470_009,2025-07-23,347.9,食品
U00470,ORD_U00470_017,2025-07-24,471.99,数码
U00470,ORD_U00470_011,2025-08-31,614.64,食品
U00470,ORD_U00470_010,2025-10-22,345.84,家居
U00470,ORD_U00470_016,2025-11-06,322.61,食品
U00470,ORD_U00470_013,2025-11-14,791.97,美妆
U00470,ORD_U00470_019,2025-11-25,461.99,数码
U00470,ORD_U00470_018,2026-03-08,314.62,服饰
U00470,ORD_U00470_014,2026-03-11,820.67,服饰
U00470,ORD_U00470_015,2026-03-19,536.33,美妆
U00471,ORD_U00471_000,2024-07-23,299.9,食品
U00471,ORD_U00471_001,2024-09-09,305.65,食品
U00471,ORD_U00471_002,2024-09-25,335.02,食品
U00471,ORD_U00471_005,2024-10-31,370.53,食品
U00471,ORD_U00471_003,2025-01-31,285.61,数码
U00471,ORD_U00471_004,2025-02-02,180.94,服饰
U00472,ORD_U00472_000,2024-11-14,57.61,家居
U00473,ORD_U00473_000,2024-07-28,199.84,服饰
U00473,ORD_U00473_001,2024-08-16,284.9,服饰
U00473,ORD_U00473_003,2024-08-29,718.02,食品
U00473,ORD_U00473_002,2024-10-06,235.35,家居
U00473,ORD_U00473_004,2024-11-20,306.83,家居
U00473,ORD_U00473_005,2024-12-03,589.27,服饰
U00473,ORD_U00473_006,2024-12-04,446.03,服饰
U00473,ORD_U00473_010,2025-02-17,568.62,家居
U00473,ORD_U00473_008,2025-02-20,429.25,数码
U00473,ORD_U00473_007,2025-03-08,566.89,家居
U00473,ORD_U00473_009,2025-07-22,599.69,数码
U00474,ORD_U00474_000,2023-12-30,92.26,美妆
U00474,ORD_U00474_001,2024-02-17,81.39,食品
U00475,ORD_U00475_000,2024-10-22,189.41,服饰
U00475,ORD_U00475_002,2024-10-30,163.45,美妆
U00475,ORD_U00475_001,2024-11-03,265.39,美妆
U00475,ORD_U00475_003,2024-12-16,273.99,数码
U00475,ORD_U00475_004,2025-01-23,331.93,服饰
U00475,ORD_U00475_007,2025-03-26,137.51,家居
U00475,ORD_U00475_005,2025-04-29,149.89,数码
U00475,ORD_U00475_008,2025-06-11,337.5,数码
U00475,ORD_U00475_006,2025-06-27,104.76,家居
U00476,ORD_U00476_000,2023-03-20,46.44,食品
U00476,ORD_U00476_001,2023-06-08,53.19,美妆
U00477,ORD_U00477_000,2023-10-11,98.5,美妆
U00477,ORD_U00477_001,2023-11-06,336.3,服饰
U00477,ORD_U00477_002,2023-11-26,101.56,食品
U00477,ORD_U00477_003,2023-12-25,290.47,食品
U00477,ORD_U00477_004,2024-01-07,233.49,食品
U00477,ORD_U00477_007,2024-01-16,91.54,家居
U00477,ORD_U00477_008,2024-02-06,223.61,美妆
U00477,ORD_U00477_006,2024-03-04,144.44,服饰
U00477,ORD_U00477_010,2024-04-09,299.25,服饰
U00477,ORD_U00477_005,2024-04-11,204.19,食品
U00477,ORD_U00477_011,2024-07-15,286.31,服饰
U00477,ORD_U00477_013,2024-08-12,208.24,数码
U00477,ORD_U00477_009,2024-09-09,139.54,食品
U00477,ORD_U00477_016,2024-11-04,205.6,美妆
U00477,ORD_U00477_012,2024-11-21,107.59,食品
U00477,ORD_U00477_015,2025-01-30,333.06,美妆
U00477,ORD_U00477_014,2025-02-05,194.6,服饰
U00478,ORD_U00478_000,2024-02-14,106.54,数码
U00478,ORD_U00478_001,2024-05-02,278.48,美妆
U00478,ORD_U00478_002,2024-05-07,307.63,美妆
U00478,ORD_U00478_003,2024-05-27,114.42,食品
U00478,ORD_U00478_004,2024-06-20,97.79,美妆
U00478,ORD_U00478_008,2024-08-27,203.91,数码
U00478,ORD_U00478_005,2024-10-24,176.2,食品
U00478,ORD_U00478_007,2024-11-27,311.17,家居
U00478,ORD_U00478_006,2024-12-30,170.57,家居
U00479,ORD_U00479_000,2024-07-16,146.67,服饰
U00480,ORD_U00480_000,2024-02-26,214.53,数码
U00480,ORD_U00480_002,2024-03-15,136.23,食品
U00480,ORD_U00480_001,2024-03-20,70.08,食品
U00480,ORD_U00480_003,2024-08-03,147.2,食品
U00481,ORD_U00481_000,2023-11-18,57.91,数码
U00481,ORD_U00481_001,2024-01-25,93.29,服饰
U00481,ORD_U00481_002,2024-03-15,95.02,美妆
U00482,ORD_U00482_000,2024-04-18,187.51,美妆
U00482,ORD_U00482_001,2024-06-15,285.81,数码
U00482,ORD_U00482_003,2024-07-21,298.51,数码
U00482,ORD_U00482_002,2024-08-29,168.38,美妆
U00483,ORD_U00483_000,2024-12-26,153.71,数码
U00483,ORD_U00483_001,2025-02-08,135.32,数码
U00484,ORD_U00484_000,2025-02-14,143.48,美妆
U00484,ORD_U00484_002,2025-03-12,82.85,服饰
U00484,ORD_U00484_001,2025-05-19,165.48,数码
U00485,ORD_U00485_000,2024-05-26,219.61,美妆
U00485,ORD_U00485_001,2024-06-27,173.44,美妆
U00485,ORD_U00485_002,2024-07-06,298.33,食品
U00485,ORD_U00485_003,2024-08-05,455.64,服饰
U00485,ORD_U00485_004,2024-08-09,350.57,数码
U00485,ORD_U00485_007,2024-09-27,297.53,家居
U00485,ORD_U00485_005,2024-10-06,471.04,食品
U00485,ORD_U00485_010,2024-10-26,476.24,服饰
U00485,ORD_U00485_006,2025-01-21,461.68,食品
U00485,ORD_U00485_009,2025-02-25,497.68,服饰
U00485,ORD_U00485_013,2025-03-01,304.31,食品
U00485,ORD_U00485_008,2025-03-19,336.09,数码
U00485,ORD_U00485_015,2025-05-01,150.94,服饰
U00485,ORD_U00485_011,2025-05-25,455.48,家居
U00485,ORD_U00485_012,2025-08-25,357.17,家居
U00485,ORD_U00485_014,2026-02-09,415.6,服饰
U00485,ORD_U00485_017,2026-02-18,439.91,食品
U00485,ORD_U00485_016,2026-04-25,189.55,服饰
U00486,ORD_U00486_000,2023-05-01,400.55,食品
U00486,ORD_U00486_001,2023-06-27,181.63,服饰
U00486,ORD_U00486_004,2023-07-24,350.53,数码
U00486,ORD_U00486_002,2023-08-01,361.59,食品
U00486,ORD_U00486_003,2023-08-27,305.93,数码
U00486,ORD_U00486_005,2023-10-05,296.3,食品
U00486,ORD_U00486_007,2023-11-15,371.69,数码
U00486,ORD_U00486_006,2024-03-29,173.84,数码
U00487,ORD_U00487_000,2023-09-16,54.84,家居
U00487,ORD_U00487_001,2023-10-10,104.72,美妆
U00487,ORD_U00487_002,2024-01-22,46.72,服饰
U00487,ORD_U00487_003,2024-03-11,124.27,美妆
U00488,ORD_U00488_000,2023-05-30,71.63,服饰
U00488,ORD_U00488_001,2023-07-16,76.04,家居
U00488,ORD_U00488_002,2023-10-30,64.66,美妆
U00489,ORD_U00489_000,2024-03-26,641.04,服饰
U00489,ORD_U00489_001,2024-04-16,596.74,食品
U00489,ORD_U00489_002,2024-06-09,707.51,数码
U00489,ORD_U00489_003,2024-07-15,739.67,食品
U00489,ORD_U00489_007,2024-08-04,664.55,家居
U00489,ORD_U00489_004,2024-08-16,430.22,家居
U00489,ORD_U00489_006,2024-10-27,302.43,美妆
U00489,ORD_U00489_005,2024-11-12,768.24,家居
U00489,ORD_U00489_009,2024-11-19,542.06,服饰
U00489,ORD_U00489_008,2025-02-03,476.77,食品
U00490,ORD_U00490_000,2025-01-02,278.81,数码
U00490,ORD_U00490_001,2025-03-19,159.01,家居
U00490,ORD_U00490_002,2025-04-16,190.08,家居
U00490,ORD_U00490_003,2025-05-18,432.53,食品
U00490,ORD_U00490_004,2025-07-05,402.63,家居
U00491,ORD_U00491_001,2024-03-27,162.97,服饰
U00491,ORD_U00491_000,2024-04-03,434.97,数码
U00491,ORD_U00491_002,2024-05-28,188.67,服饰
U00491,ORD_U00491_003,2024-06-10,170.34,服饰
U00491,ORD_U00491_004,2024-08-24,316.09,服饰
U00491,ORD_U00491_006,2024-11-27,335.22,服饰
U00491,ORD_U00491_005,2025-01-09,281.74,家居
U00491,ORD_U00491_007,2025-03-08,365.96,家居
U00491,ORD_U00491_008,2025-04-06,445.97,数码
U00491,ORD_U00491_009,2025-04-14,442.79,食品
U00492,ORD_U00492_000,2024-12-15,1051.43,服饰
U00492,ORD_U00492_001,2024-12-31,487.3,数码
U00492,ORD_U00492_002,2025-01-05,654.01,服饰
U00492,ORD_U00492_004,2025-02-12,1068.2,家居
U00492,ORD_U00492_005,2025-03-20,504.5,服饰
U00492,ORD_U00492_006,2025-03-21,670.1,服饰
U00492,ORD_U00492_003,2025-03-23,318.79,服饰
U00492,ORD_U00492_007,2025-04-03,840.28,美妆
U00492,ORD_U00492_009,2025-04-28,712.41,美妆
U00492,ORD_U00492_013,2025-07-13,897.37,食品
U00492,ORD_U00492_012,2025-10-03,537.96,食品
U00492,ORD_U00492_014,2025-11-14,491.06,美妆
U00492,ORD_U00492_008,2025-12-09,1075.18,数码
U00492,ORD_U00492_010,2026-01-06,932.5,食品
U00492,ORD_U00492_011,2026-03-02,411.63,美妆
U00492,ORD_U00492_015,2026-03-12,445.72,家居
U00493,ORD_U00493_000,2024-12-30,40.25,食品
U00493,ORD_U00493_001,2025-02-19,72.01,服饰
U00493,ORD_U00493_002,2025-03-12,36.36,服饰
U00494,ORD_U00494_000,2024-01-31,156.25,家居
U00494,ORD_U00494_001,2024-04-04,212.13,食品
U00495,ORD_U00495_000,2024-05-08,128.02,食品
U00496,ORD_U00496_000,2025-01-14,253.97,食品
U00496,ORD_U00496_001,2025-01-27,110.7,数码
U00496,ORD_U00496_002,2025-03-26,99.21,数码
U00496,ORD_U00496_003,2025-05-02,125.74,美妆
U00497,ORD_U00497_000,2023-07-05,201.37,数码
U00497,ORD_U00497_001,2023-08-01,272.37,数码
U00497,ORD_U00497_002,2023-09-08,476.01,服饰
U00497,ORD_U00497_003,2023-12-02,292.09,家居
U00497,ORD_U00497_010,2023-12-14,454.09,数码
U00497,ORD_U00497_004,2023-12-26,234.52,家居
U00497,ORD_U00497_007,2023-12-26,423.2,服饰
U00497,ORD_U00497_012,2024-02-07,473.17,食品
U00497,ORD_U00497_009,2024-02-12,399.14,家居
U00497,ORD_U00497_005,2024-02-27,297.32,服饰
U00497,ORD_U00497_015,2024-03-05,339.35,服饰
U00497,ORD_U00497_006,2024-04-05,449.84,服饰
U00497,ORD_U00497_016,2024-04-19,348.65,服饰
U00497,ORD_U00497_014,2024-06-16,218.12,服饰
U00497,ORD_U00497_008,2024-06-17,619.31,家居
U00497,ORD_U00497_011,2024-08-04,501.46,家居
U00497,ORD_U00497_013,2025-01-17,418.42,食品
U00498,ORD_U00498_000,2024-04-30,125.43,美妆
U00498,ORD_U00498_001,2024-08-03,119.39,家居
U00499,ORD_U00499_000,2024-02-18,884.26,数码
U00499,ORD_U00499_001,2024-03-15,1205.18,美妆
U00499,ORD_U00499_002,2024-03-26,1694.9,服饰
U00499,ORD_U00499_007,2024-04-21,1586.2,服饰
U00499,ORD_U00499_004,2024-04-27,895.17,数码
U00499,ORD_U00499_003,2024-05-08,1693.78,数码
U00499,ORD_U00499_006,2024-05-17,1068.84,美妆
U00499,ORD_U00499_005,2024-07-20,1381.14,数码
U00499,ORD_U00499_009,2024-07-23,1328.94,美妆
U00499,ORD_U00499_014,2024-08-06,992.5,服饰
U00499,ORD_U00499_011,2024-08-12,1493.16,家居
U00499,ORD_U00499_008,2024-08-29,1422.14,美妆
U00499,ORD_U00499_010,2024-11-30,1094.04,食品
U00499,ORD_U00499_013,2024-12-09,944.7,食品
U00499,ORD_U00499_012,2024-12-16,1232.11,美妆
U00499,ORD_U00499_015,2025-03-15,1370.63,食品
U00500,ORD_U00500_000,2024-04-04,328.06,数码
U00500,ORD_U00500_001,2024-05-31,234.2,服饰
U00500,ORD_U00500_002,2024-06-04,195.17,数码
U00500,ORD_U00500_003,2024-07-07,158.19,家居
U00500,ORD_U00500_004,2024-08-25,197.2,食品
U00500,ORD_U00500_007,2024-09-21,329.27,服饰
U00500,ORD_U00500_005,2025-01-28,334.28,食品
U00500,ORD_U00500_006,2025-03-05,200.8,数码
U00500,ORD_U00500_008,2025-04-05,171.38,家居
U00501,ORD_U00501_000,2024-03-13,183.36,服饰
U00501,ORD_U00501_001,2024-03-22,180.32,家居
U00501,ORD_U00501_002,2024-04-07,154.95,食品
U00501,ORD_U00501_003,2024-05-18,140.95,数码
U00501,ORD_U00501_004,2024-08-25,90.6,食品
U00501,ORD_U00501_005,2024-09-19,100.63,食品
U00501,ORD_U00501_007,2024-10-02,53.72,食品
U00501,ORD_U00501_006,2024-10-27,163.89,数码
U00501,ORD_U00501_008,2024-12-29,71.92,食品
U00502,ORD_U00502_000,2023-06-13,139.01,服饰
U00502,ORD_U00502_001,2023-07-07,65.25,食品
U00503,ORD_U00503_000,2024-08-19,497.49,服饰
U00503,ORD_U00503_001,2024-09-29,263.81,美妆
U00503,ORD_U00503_002,2024-10-16,351.71,服饰
U00504,ORD_U00504_000,2024-11-19,130.93,家居
U00504,ORD_U00504_002,2025-01-04,172.81,数码
U00504,ORD_U00504_001,2025-01-23,210.02,家居
U00504,ORD_U00504_003,2025-03-22,171.55,服饰
U00504,ORD_U00504_006,2025-04-18,307.66,食品
U00504,ORD_U00504_005,2025-04-25,372.34,美妆
U00504,ORD_U00504_004,2025-07-01,263.96,食品
U00505,ORD_U00505_000,2023-12-20,39.01,服饰
U00505,ORD_U00505_001,2024-01-03,47.77,数码
U00506,ORD_U00506_000,2024-05-27,77.61,食品
U00506,ORD_U00506_001,2024-08-07,104.25,美妆
U00506,ORD_U00506_002,2024-10-18,42.7,数码
U00507,ORD_U00507_000,2024-11-25,425.82,家居
U00507,ORD_U00507_001,2024-12-17,756.88,数码
U00507,ORD_U00507_002,2025-01-10,813.7,食品
U00507,ORD_U00507_003,2025-01-13,285.04,服饰
U00507,ORD_U00507_007,2025-03-02,566.41,美妆
U00507,ORD_U00507_004,2025-04-03,260.41,家居
U00507,ORD_U00507_005,2025-05-01,894.15,数码
U00507,ORD_U00507_009,2025-06-30,270.38,美妆
U00507,ORD_U00507_006,2025-08-19,301.61,食品
U00507,ORD_U00507_008,2025-08-29,412.16,家居
U00507,ORD_U00507_011,2025-09-27,616.43,食品
U00507,ORD_U00507_010,2025-11-17,470.42,服饰
U00507,ORD_U00507_015,2026-01-24,718.92,服饰
U00507,ORD_U00507_014,2026-03-27,637.55,美妆
U00507,ORD_U00507_013,2026-03-29,779.27,美妆
U00507,ORD_U00507_012,2026-04-15,347.87,食品
U00507,ORD_U00507_016,2026-10-02,772.7,数码
U00508,ORD_U00508_000,2024-01-13,80.0,家居
U00508,ORD_U00508_002,2024-04-11,90.52,数码
U00508,ORD_U00508_001,2024-05-24,97.55,数码
U00509,ORD_U00509_000,2024-05-29,362.97,食品
U00509,ORD_U00509_002,2024-07-15,174.43,家居
U00509,ORD_U00509_001,2024-08-08,266.92,家居
U00509,ORD_U00509_004,2024-10-14,114.54,食品
U00509,ORD_U00509_003,2024-10-19,269.93,家居
U00510,ORD_U00510_000,2024-10-14,525.14,食品
U00510,ORD_U00510_001,2024-11-10,322.67,家居
U00510,ORD_U00510_002,2024-11-25,247.13,食品
U00510,ORD_U00510_003,2024-12-17,182.41,服饰
U00510,ORD_U00510_004,2025-01-04,458.32,食品
U00510,ORD_U00510_005,2025-02-27,462.36,家居
U00510,ORD_U00510_006,2025-07-21,525.86,数码
U00511,ORD_U00511_000,2023-06-23,213.51,家居
U00511,ORD_U00511_001,2023-07-02,194.72,食品
U00512,ORD_U00512_000,2023-04-18,217.32,数码
U00512,ORD_U00512_001,2023-05-03,221.27,家居
U00512,ORD_U00512_002,2023-06-27,178.04,美妆
U00513,ORD_U00513_000,2024-02-01,251.56,家居
U00513,ORD_U00513_001,2024-03-05,174.26,服饰
U00513,ORD_U00513_003,2024-03-18,140.23,美妆
U00513,ORD_U00513_002,2024-04-17,467.39,美妆
U00513,ORD_U00513_005,2024-07-20,326.84,食品
U00513,ORD_U00513_008,2024-09-08,232.1,服饰
U00513,ORD_U00513_004,2024-10-09,359.36,家居
U00513,ORD_U00513_006,2024-10-17,373.6,食品
U00513,ORD_U00513_007,2024-11-21,403.43,服饰
U00514,ORD_U00514_000,2024-03-23,114.01,家居
U00514,ORD_U00514_001,2024-05-11,146.61,食品
U00514,ORD_U00514_002,2024-09-16,141.96,服饰
U00515,ORD_U00515_000,2024-04-25,136.32,家居
U00516,ORD_U00516_000,2023-05-10,149.48,家居
U00516,ORD_U00516_001,2023-05-15,66.95,数码
U00517,ORD_U00517_000,2023-08-29,2554.99,美妆
U00517,ORD_U00517_002,2023-09-07,1623.55,服饰
U00517,ORD_U00517_003,2023-09-14,2113.0,服饰
U00517,ORD_U00517_001,2023-10-01,1924.62,美妆
U00517,ORD_U00517_004,2023-10-14,990.83,服饰
U00517,ORD_U00517_005,2023-10-14,2927.4,家居
U00517,ORD_U00517_014,2023-12-27,1233.33,服饰
U00517,ORD_U00517_010,2023-12-29,1348.18,数码
U00517,ORD_U00517_008,2024-01-01,1209.77,服饰
U00517,ORD_U00517_012,2024-01-12,950.33,数码
U00517,ORD_U00517_006,2024-01-16,932.59,美妆
U00517,ORD_U00517_009,2024-01-24,1647.71,食品
U00517,ORD_U00517_007,2024-01-28,2858.14,数码
U00517,ORD_U00517_019,2024-03-19,1435.37,食品
U00517,ORD_U00517_011,2024-05-22,1976.42,数码
U00517,ORD_U00517_013,2024-06-25,2087.48,美妆
U00517,ORD_U00517_021,2024-06-30,832.9,食品
U00517,ORD_U00517_015,2024-08-01,2391.14,食品
U00517,ORD_U00517_020,2024-09-15,1220.86,家居
U00517,ORD_U00517_017,2024-09-28,1673.16,食品
U00517,ORD_U00517_016,2024-10-27,1633.67,家居
U00517,ORD_U00517_018,2024-11-28,2756.21,食品
U00517,ORD_U00517_022,2025-02-28,1578.65,食品
U00518,ORD_U00518_000,2024-06-07,494.11,数码
U00518,ORD_U00518_001,2024-07-15,134.78,食品
U00518,ORD_U00518_002,2024-09-26,408.18,数码
U00518,ORD_U00518_003,2024-11-14,295.82,食品
U00518,ORD_U00518_006,2024-12-04,171.91,数码
U00518,ORD_U00518_004,2025-01-23,206.76,美妆
U00518,ORD_U00518_005,2025-03-04,262.49,食品
U00519,ORD_U00519_000,2024-08-16,184.75,美妆
U00519,ORD_U00519_001,2024-09-08,51.42,家居
U00519,ORD_U00519_002,2024-11-06,161.41,美妆
U00520,ORD_U00520_000,2023-09-27,287.53,家居
U00520,ORD_U00520_001,2023-11-11,304.26,家居
U00520,ORD_U00520_005,2024-01-02,348.43,服饰
U00520,ORD_U00520_003,2024-01-13,346.27,美妆
U00520,ORD_U00520_004,2024-02-09,502.34,美妆
U00520,ORD_U00520_002,2024-02-13,242.43,食品
U00520,ORD_U00520_007,2024-09-10,428.19,食品
U00520,ORD_U00520_006,2024-09-18,366.24,美妆
U00521,ORD_U00521_000,2023-08-11,390.42,家居
U00521,ORD_U00521_001,2023-09-09,140.4,家居
U00521,ORD_U00521_002,2023-09-16,184.96,服饰
U00521,ORD_U00521_004,2023-10-31,326.83,美妆
U00521,ORD_U00521_003,2024-02-13,307.28,美妆
U00521,ORD_U00521_007,2024-04-18,406.82,服饰
U00521,ORD_U00521_005,2024-05-24,358.31,数码
U00521,ORD_U00521_006,2024-07-05,256.15,家居
U00522,ORD_U00522_000,2023-05-08,203.61,食品
U00522,ORD_U00522_001,2023-07-18,204.41,家居
U00522,ORD_U00522_002,2023-08-05,68.09,数码
U00523,ORD_U00523_000,2024-12-18,161.43,美妆
U00523,ORD_U00523_002,2025-02-15,469.87,数码
U00523,ORD_U00523_001,2025-02-27,467.81,家居
U00523,ORD_U00523_004,2025-04-09,438.55,数码
U00523,ORD_U00523_003,2025-04-14,413.92,美妆
U00523,ORD_U00523_005,2025-06-08,420.49,食品
U00523,ORD_U00523_006,2025-07-15,264.11,家居
U00523,ORD_U00523_012,2025-08-01,540.66,食品
U00523,ORD_U00523_007,2025-09-11,174.43,美妆
U00523,ORD_U00523_009,2025-10-22,467.37,食品
U00523,ORD_U00523_015,2025-12-04,421.85,服饰
U00523,ORD_U00523_008,2026-01-04,536.61,服饰
U00523,ORD_U00523_013,2026-02-10,413.31,美妆
U00523,ORD_U00523_010,2026-03-09,307.41,服饰
U00523,ORD_U00523_014,2026-03-13,185.39,服饰
U00523,ORD_U00523_011,2026-04-30,445.55,数码
U00524,ORD_U00524_000,2024-01-23,373.46,数码
U00524,ORD_U00524_001,2024-02-08,134.94,美妆
U00524,ORD_U00524_003,2024-03-27,292.71,美妆
U00524,ORD_U00524_002,2024-06-12,260.26,美妆
U00525,ORD_U00525_000,2023-06-01,32.68,美妆
U00525,ORD_U00525_001,2023-07-13,102.86,服饰
U00525,ORD_U00525_002,2023-09-30,64.97,数码
U00526,ORD_U00526_000,2023-01-22,99.75,食品
U00526,ORD_U00526_001,2023-02-28,216.24,数码
U00526,ORD_U00526_002,2023-05-20,102.78,食品
U00526,ORD_U00526_004,2023-07-14,120.89,食品
U00526,ORD_U00526_003,2023-08-06,108.54,服饰
U00526,ORD_U00526_005,2023-09-23,97.0,食品
U00527,ORD_U00527_000,2024-12-07,88.46,服饰
U00527,ORD_U00527_001,2025-02-04,116.6,美妆
U00527,ORD_U00527_002,2025-04-28,63.79,食品
U00527,ORD_U00527_003,2025-06-24,140.65,数码
U00528,ORD_U00528_000,2023-07-21,83.74,服饰
U00528,ORD_U00528_001,2023-08-23,151.59,服饰
U00528,ORD_U00528_002,2023-09-29,102.7,美妆
U00528,ORD_U00528_003,2023-10-02,91.53,服饰
U00528,ORD_U00528_004,2023-11-21,119.2,服饰
U00528,ORD_U00528_006,2023-11-22,86.97,数码
U00528,ORD_U00528_005,2024-04-02,72.36,家居
U00529,ORD_U00529_000,2024-11-07,65.83,食品
U00529,ORD_U00529_001,2025-01-31,58.84,服饰
U00529,ORD_U00529_002,2025-04-28,114.69,服饰
U00529,ORD_U00529_003,2025-05-25,107.14,家居
U00530,ORD_U00530_000,2023-06-20,78.85,家居
U00530,ORD_U00530_001,2023-07-10,103.08,食品
U00530,ORD_U00530_002,2023-10-01,177.93,服饰
U00531,ORD_U00531_000,2024-12-27,108.34,美妆
U00531,ORD_U00531_001,2025-03-10,167.46,数码
U00531,ORD_U00531_002,2025-04-23,68.78,家居
U00531,ORD_U00531_003,2025-06-08,93.92,数码
U00532,ORD_U00532_000,2023-10-15,862.52,数码
U00532,ORD_U00532_001,2023-10-15,504.73,服饰
U00532,ORD_U00532_004,2023-10-23,631.87,美妆
U00532,ORD_U00532_002,2023-11-08,537.33,家居
U00532,ORD_U00532_008,2023-11-28,651.28,服饰
U00532,ORD_U00532_003,2023-11-29,390.4,服饰
U00532,ORD_U00532_005,2024-01-02,769.65,服饰
U00532,ORD_U00532_007,2024-01-12,760.56,美妆
U00532,ORD_U00532_012,2024-01-31,458.88,数码
U00532,ORD_U00532_014,2024-02-03,688.63,食品
U00532,ORD_U00532_019,2024-02-12,895.27,食品
U00532,ORD_U00532_015,2024-02-16,530.02,家居
U00532,ORD_U00532_016,2024-03-08,824.65,食品
U00532,ORD_U00532_006,2024-03-22,306.96,美妆
U00532,ORD_U00532_018,2024-04-03,315.59,食品
U00532,ORD_U00532_021,2024-05-06,757.37,美妆
U00532,ORD_U00532_028,2024-05-06,639.75,家居
U00532,ORD_U00532_010,2024-05-26,293.09,美妆
U00532,ORD_U00532_011,2024-06-01,700.52,服饰
U00532,ORD_U00532_009,2024-06-29,410.71,服饰
U00532,ORD_U00532_013,2024-07-04,309.34,食品
U00532,ORD_U00532_042,2024-07-23,465.94,数码
U00532,ORD_U00532_022,2024-08-25,300.37,食品
U00532,ORD_U00532_032,2024-10-11,875.48,家居
U00532,ORD_U00532_024,2024-10-12,611.15,食品
U00532,ORD_U00532_037,2024-10-14,548.35,家居
U00532,ORD_U00532_026,2024-10-16,723.01,数码
U00532,ORD_U00532_020,2024-10-22,286.01,数码
U00532,ORD_U00532_033,2024-12-05,363.66,食品
U00532,ORD_U00532_030,2025-01-29,849.98,数码
U00532,ORD_U00532_025,2025-03-02,339.67,食品
U00532,ORD_U00532_017,2025-03-11,510.2,数码
U00532,ORD_U00532_023,2025-03-18,472.45,家居
U00532,ORD_U00532_045,2025-03-19,365.38,家居
U00532,ORD_U00532_027,2025-05-09,825.73,数码
U00532,ORD_U00532_029,2025-05-20,650.43,服饰
U00532,ORD_U00532_047,2025-11-08,580.56,食品
U00532,ORD_U00532_031,2025-11-12,874.51,服饰
U00532,ORD_U00532_041,2026-01-17,522.8,服饰
U00532,ORD_U00532_044,2026-04-02,772.81,家居
U00532,ORD_U00532_036,2026-04-22,557.95,家居
U00532,ORD_U00532_034,2026-04-30,856.62,食品
U00532,ORD_U00532_035,2026-04-30,763.91,服饰
U00532,ORD_U00532_043,2026-04-30,751.35,数码
U00532,ORD_U00532_040,2026-07-29,805.92,数码
U00532,ORD_U00532_038,2026-09-08,398.16,数码
U00532,ORD_U00532_039,2026-10-12,452.43,服饰
U00532,ORD_U00532_046,2026-10-25,638.39,食品
U00532,ORD_U00532_048,2027-09-17,444.61,家居
U00532,ORD_U00532_049,2027-10-27,652.54,家居
U00533,ORD_U00533_000,2023-06-05,167.74,数码
U00533,ORD_U00533_002,2023-07-09,117.88,家居
U00533,ORD_U00533_001,2023-07-19,94.69,食品
U00534,ORD_U00534_000,2023-09-08,386.47,食品
U00534,ORD_U00534_001,2023-10-08,938.96,数码
U00534,ORD_U00534_002,2023-10-22,914.56,食品
U00534,ORD_U00534_004,2023-10-26,310.6,服饰
U00534,ORD_U00534_003,2024-01-05,867.45,家居
U00534,ORD_U00534_005,2024-01-13,445.35,食品
U00534,ORD_U00534_007,2024-02-28,941.74,数码
U00534,ORD_U00534_011,2024-03-02,317.47,服饰
U00534,ORD_U00534_008,2024-03-21,727.75,服饰
U00534,ORD_U00534_006,2024-04-27,398.61,数码
U00534,ORD_U00534_014,2024-06-22,958.36,食品
U00534,ORD_U00534_009,2024-08-18,565.21,食品
U00534,ORD_U00534_010,2024-10-04,368.74,美妆
U00534,ORD_U00534_012,2024-10-05,437.72,家居
U00534,ORD_U00534_015,2024-10-25,736.12,服饰
U00534,ORD_U00534_013,2025-02-23,530.9,食品
U00534,ORD_U00534_016,2025-05-16,940.79,食品
U00535,ORD_U00535_000,2023-05-08,1138.33,数码
U00535,ORD_U00535_001,2023-05-17,815.16,数码
U00535,ORD_U00535_002,2023-06-25,1214.8,服饰
U00535,ORD_U00535_003,2023-07-14,1445.21,家居
U00535,ORD_U00535_007,2023-07-25,1169.04,食品
U00535,ORD_U00535_010,2023-07-26,1158.4,数码
U00535,ORD_U00535_012,2023-08-05,543.03,美妆
U00535,ORD_U00535_004,2023-08-26,977.25,数码
U00535,ORD_U00535_009,2023-09-14,673.06,食品
U00535,ORD_U00535_008,2023-09-19,861.22,食品
U00535,ORD_U00535_005,2023-09-27,670.51,服饰
U00535,ORD_U00535_006,2023-10-14,678.12,数码
U00535,ORD_U00535_014,2023-11-13,1189.0,家居
U00535,ORD_U00535_016,2024-01-23,557.48,食品
U00535,ORD_U00535_011,2024-03-04,599.13,美妆
U00535,ORD_U00535_017,2024-04-07,795.28,服饰
U00535,ORD_U00535_013,2024-06-03,1338.25,食品
U00535,ORD_U00535_015,2024-07-20,501.82,服饰
U00535,ORD_U00535_019,2024-08-22,1359.54,食品
U00535,ORD_U00535_018,2024-09-07,466.46,服饰
U00536,ORD_U00536_000,2023-06-05,89.05,数码
U00536,ORD_U00536_001,2023-08-14,244.29,服饰
U00536,ORD_U00536_002,2023-08-19,229.85,服饰
U00536,ORD_U00536_003,2023-08-23,97.75,服饰
U00536,ORD_U00536_004,2023-11-07,251.81,数码
U00536,ORD_U00536_005,2024-01-01,296.75,服饰
U00536,ORD_U00536_006,2024-05-23,124.13,家居
U00536,ORD_U00536_008,2024-06-02,187.08,家居
U00536,ORD_U00536_007,2024-07-02,227.11,家居
U00537,ORD_U00537_000,2024-09-17,710.67,食品
U00537,ORD_U00537_002,2024-09-24,455.7,服饰
U00537,ORD_U00537_001,2024-10-06,703.51,服饰
U00537,ORD_U00537_008,2025-01-09,624.94,食品
U00537,ORD_U00537_003,2025-01-10,656.55,服饰
U00537,ORD_U00537_004,2025-02-25,441.71,美妆
U00537,ORD_U00537_005,2025-02-25,205.7,数码
U00537,ORD_U00537_010,2025-04-16,322.9,食品
U00537,ORD_U00537_006,2025-04-30,551.67,食品
U00537,ORD_U00537_014,2025-05-10,192.48,家居
U00537,ORD_U00537_015,2025-05-22,434.95,美妆
U00537,ORD_U00537_007,2025-05-30,411.06,家居
U00537,ORD_U00537_009,2025-07-30,571.94,数码
U00537,ORD_U00537_017,2025-09-18,350.16,数码
U00537,ORD_U00537_011,2025-09-24,632.53,家居
U00537,ORD_U00537_013,2025-11-27,635.26,数码
U00537,ORD_U00537_012,2025-12-18,302.49,家居
U00537,ORD_U00537_016,2026-03-06,257.46,家居
U00538,ORD_U00538_000,2023-11-20,372.9,数码
U00538,ORD_U00538_001,2023-12-14,536.31,服饰
U00538,ORD_U00538_002,2024-02-14,280.71,食品
U00538,ORD_U00538_004,2024-04-09,367.56,食品
U00538,ORD_U00538_003,2024-04-17,488.56,服饰
U00538,ORD_U00538_005,2024-04-23,465.95,数码
U00538,ORD_U00538_012,2024-05-18,354.13,数码
U00538,ORD_U00538_006,2024-06-23,319.4,食品
U00538,ORD_U00538_008,2024-09-17,193.42,美妆
U00538,ORD_U00538_007,2024-09-29,367.51,家居
U00538,ORD_U00538_009,2024-11-26,253.43,食品
U00538,ORD_U00538_010,2024-12-04,481.31,服饰
U00538,ORD_U00538_011,2025-01-01,479.14,数码
U00538,ORD_U00538_013,2025-04-12,419.15,美妆
U00539,ORD_U00539_000,2024-03-06,420.09,家居
U00539,ORD_U00539_001,2024-05-10,270.83,服饰
U00539,ORD_U00539_002,2024-07-17,432.54,食品
U00539,ORD_U00539_003,2024-07-29,417.6,数码
U00539,ORD_U00539_004,2024-10-03,308.26,家居
U00539,ORD_U00539_005,2025-02-13,222.89,美妆
U00540,ORD_U00540_000,2024-10-24,296.52,服饰
U00540,ORD_U00540_001,2024-12-04,195.34,服饰
U00540,ORD_U00540_002,2025-02-11,438.15,食品
U00540,ORD_U00540_004,2025-02-15,172.28,美妆
U00540,ORD_U00540_003,2025-04-12,183.13,美妆
U00540,ORD_U00540_005,2025-04-24,326.09,美妆
U00541,ORD_U00541_000,2025-01-06,68.57,食品
U00541,ORD_U00541_001,2025-04-30,78.07,家居
U00542,ORD_U00542_000,2024-08-12,313.89,数码
U00542,ORD_U00542_002,2024-09-03,406.71,食品
U00542,ORD_U00542_001,2024-10-04,377.22,数码
U00542,ORD_U00542_004,2024-11-16,302.72,食品
U00542,ORD_U00542_003,2024-12-24,329.48,食品
U00542,ORD_U00542_006,2024-12-28,598.0,美妆
U00542,ORD_U00542_005,2025-01-19,584.49,服饰
U00542,ORD_U00542_011,2025-01-30,189.97,服饰
U00542,ORD_U00542_010,2025-03-16,566.87,数码
U00542,ORD_U00542_017,2025-04-19,591.84,食品
U00542,ORD_U00542_014,2025-06-05,216.73,服饰
U00542,ORD_U00542_007,2025-06-14,262.33,食品
U00542,ORD_U00542_015,2025-06-24,412.29,数码
U00542,ORD_U00542_008,2025-07-04,250.26,美妆
U00542,ORD_U00542_009,2025-10-07,448.67,家居
U00542,ORD_U00542_012,2025-12-28,336.9,美妆
U00542,ORD_U00542_013,2026-01-30,481.68,数码
U00542,ORD_U00542_016,2026-05-27,254.42,食品
U00543,ORD_U00543_000,2023-04-06,131.36,服饰
U00543,ORD_U00543_001,2023-06-15,104.45,家居
U00543,ORD_U00543_002,2023-08-10,119.76,食品
U00544,ORD_U00544_000,2024-01-11,89.29,美妆
U00544,ORD_U00544_002,2024-02-01,163.19,食品
U00544,ORD_U00544_001,2024-02-28,170.06,数码
U00545,ORD_U00545_000,2024-07-11,296.52,家居
U00545,ORD_U00545_001,2024-09-13,386.24,家居
U00545,ORD_U00545_002,2024-10-14,187.58,食品
U00545,ORD_U00545_003,2024-11-13,311.3,服饰
U00545,ORD_U00545_004,2024-11-23,107.11,数码
U00545,ORD_U00545_005,2025-04-01,397.16,数码
U00545,ORD_U00545_006,2025-04-03,111.14,服饰
U00546,ORD_U00546_001,2024-01-12,72.23,美妆
U00546,ORD_U00546_000,2024-02-29,58.18,食品
U00546,ORD_U00546_002,2024-06-05,117.27,服饰
U00547,ORD_U00547_000,2023-09-20,57.47,数码
U00548,ORD_U00548_000,2024-10-23,571.13,美妆
U00548,ORD_U00548_001,2024-11-02,328.82,美妆
U00548,ORD_U00548_002,2024-12-07,834.87,数码
U00548,ORD_U00548_003,2024-12-18,368.84,数码
U00548,ORD_U00548_006,2025-01-07,572.66,家居
U00548,ORD_U00548_005,2025-01-08,607.85,家居
U00548,ORD_U00548_004,2025-03-07,514.36,家居
U00548,ORD_U00548_012,2025-04-12,863.87,数码
U00548,ORD_U00548_010,2025-04-16,916.63,数码
U00548,ORD_U00548_007,2025-04-23,1028.46,食品
U00548,ORD_U00548_016,2025-06-30,630.64,家居
U00548,ORD_U00548_008,2025-10-10,343.55,美妆
U00548,ORD_U00548_009,2025-12-07,341.42,美妆
U00548,ORD_U00548_011,2026-01-18,692.51,美妆
U00548,ORD_U00548_013,2026-01-20,940.92,食品
U00548,ORD_U00548_014,2026-07-05,576.59,家居
U00548,ORD_U00548_017,2026-07-18,966.86,家居
U00548,ORD_U00548_015,2026-08-22,650.68,食品
U00548,ORD_U00548_018,2026-09-20,873.89,数码
U00549,ORD_U00549_000,2024-08-22,318.01,食品
U00549,ORD_U00549_001,2024-09-13,147.26,食品
U00549,ORD_U00549_002,2024-11-17,171.03,家居
U00549,ORD_U00549_003,2024-12-03,214.82,数码
U00550,ORD_U00550_000,2023-03-10,129.8,数码
U00550,ORD_U00550_001,2023-05-07,71.92,数码
U00551,ORD_U00551_000,2024-05-16,45.14,食品
U00551,ORD_U00551_001,2024-09-15,44.65,服饰
U00552,ORD_U00552_001,2024-05-05,35.94,美妆
U00552,ORD_U00552_000,2024-05-13,77.43,美妆
U00553,ORD_U00553_000,2024-03-14,394.08,服饰
U00553,ORD_U00553_001,2024-04-01,615.11,数码
U00553,ORD_U00553_002,2024-05-13,195.38,食品
U00553,ORD_U00553_004,2024-05-15,189.77,家居
U00553,ORD_U00553_003,2024-05-29,623.15,数码
U00553,ORD_U00553_005,2024-08-10,642.72,美妆
U00553,ORD_U00553_006,2024-08-18,374.66,服饰
U00553,ORD_U00553_007,2024-11-08,201.71,数码
U00553,ORD_U00553_016,2025-01-12,461.93,食品
U00553,ORD_U00553_008,2025-01-16,225.19,服饰
U00553,ORD_U00553_015,2025-03-09,292.09,食品
U00553,ORD_U00553_009,2025-03-16,309.14,美妆
U00553,ORD_U00553_013,2025-04-09,243.07,服饰
U00553,ORD_U00553_010,2025-04-28,530.17,食品
U00553,ORD_U00553_011,2025-05-03,209.6,美妆
U00553,ORD_U00553_012,2025-05-31,574.18,食品
U00553,ORD_U00553_014,2025-10-11,635.67,食品
U00554,ORD_U00554_000,2023-06-17,86.41,家居
U00555,ORD_U00555_000,2023-05-08,274.19,家居
U00555,ORD_U00555_001,2023-05-17,160.2,服饰
U00555,ORD_U00555_006,2023-07-24,136.36,服饰
U00555,ORD_U00555_003,2023-08-05,164.04,食品
U00555,ORD_U00555_002,2023-08-24,147.48,数码
U00555,ORD_U00555_007,2023-08-27,347.52,数码
U00555,ORD_U00555_004,2023-09-11,126.67,数码
U00555,ORD_U00555_005,2023-10-20,181.14,数码
U00555,ORD_U00555_009,2023-10-27,133.77,服饰
U00555,ORD_U00555_008,2023-12-14,224.5,服饰
U00556,ORD_U00556_000,2023-12-17,143.03,美妆
U00556,ORD_U00556_001,2024-02-07,357.48,食品
U00556,ORD_U00556_002,2024-03-23,379.96,数码
U00556,ORD_U00556_003,2024-04-15,419.31,数码
U00556,ORD_U00556_007,2024-04-26,219.76,数码
U00556,ORD_U00556_006,2024-05-21,411.86,食品
U00556,ORD_U00556_005,2024-06-11,176.16,服饰
U00556,ORD_U00556_004,2024-07-04,357.73,食品
U00556,ORD_U00556_009,2024-12-11,430.69,美妆
U00556,ORD_U00556_008,2024-12-12,404.43,食品
U00557,ORD_U00557_000,2023-01-26,475.68,美妆
U00557,ORD_U00557_001,2023-03-11,441.81,服饰
U00557,ORD_U00557_002,2023-04-21,179.16,服饰
U00557,ORD_U00557_003,2023-04-23,298.11,食品
U00557,ORD_U00557_004,2023-08-25,131.04,家居
U00557,ORD_U00557_005,2023-09-12,184.17,服饰
U00558,ORD_U00558_000,2024-07-05,192.93,美妆
U00558,ORD_U00558_002,2024-09-15,380.38,数码
U00558,ORD_U00558_001,2024-09-17,161.4,数码
U00558,ORD_U00558_004,2024-12-30,409.6,服饰
U00558,ORD_U00558_003,2025-01-13,204.79,食品
U00559,ORD_U00559_000,2023-10-20,69.68,数码
U00559,ORD_U00559_001,2023-11-29,142.51,服饰
U00559,ORD_U00559_002,2024-05-30,113.04,服饰
U00559,ORD_U00559_003,2024-06-09,199.95,食品
U00560,ORD_U00560_000,2025-01-02,91.97,服饰
U00560,ORD_U00560_001,2025-02-21,175.13,服饰
U00561,ORD_U00561_000,2024-01-24,124.48,服饰
U00562,ORD_U00562_000,2024-01-10,505.92,服饰
U00562,ORD_U00562_001,2024-01-31,942.06,食品
U00562,ORD_U00562_002,2024-03-03,675.78,数码
U00562,ORD_U00562_003,2024-03-27,1673.84,服饰
U00562,ORD_U00562_004,2024-04-09,1350.9,家居
U00562,ORD_U00562_011,2024-04-09,558.24,服饰
U00562,ORD_U00562_008,2024-04-22,645.88,数码
U00562,ORD_U00562_006,2024-04-24,756.76,服饰
U00562,ORD_U00562_013,2024-04-26,1412.09,美妆
U00562,ORD_U00562_007,2024-05-30,479.63,食品
U00562,ORD_U00562_012,2024-06-01,1223.05,食品
U00562,ORD_U00562_014,2024-06-02,1132.47,食品
U00562,ORD_U00562_021,2024-06-05,1677.34,数码
U00562,ORD_U00562_016,2024-06-21,1570.3,家居
U00562,ORD_U00562_005,2024-06-30,1599.81,家居
U00562,ORD_U00562_022,2024-07-31,1580.5,家居
U00562,ORD_U00562_019,2024-09-08,1110.88,食品
U00562,ORD_U00562_009,2024-09-17,799.51,食品
U00562,ORD_U00562_018,2024-09-18,495.57,服饰
U00562,ORD_U00562_017,2024-09-21,1065.18,家居
U00562,ORD_U00562_023,2024-11-01,1251.6,家居
U00562,ORD_U00562_010,2024-11-22,1097.05,美妆
U00562,ORD_U00562_030,2024-11-22,871.51,家居
U00562,ORD_U00562_015,2025-01-14,1339.78,美妆
U00562,ORD_U00562_025,2025-03-29,1262.38,美妆
U00562,ORD_U00562_026,2025-04-12,996.14,数码
U00562,ORD_U00562_020,2025-05-25,1049.89,家居
U00562,ORD_U00562_027,2025-10-12,1627.01,数码
U00562,ORD_U00562_024,2025-10-21,1300.86,食品
U00562,ORD_U00562_028,2025-12-03,1272.92,美妆
U00562,ORD_U00562_031,2026-02-23,781.78,美妆
U00562,ORD_U00562_029,2026-04-20,1710.04,食品
U00563,ORD_U00563_000,2023-03-18,65.98,美妆
U00563,ORD_U00563_001,2023-07-18,39.68,食品
U00563,ORD_U00563_002,2023-08-08,33.23,美妆
U00564,ORD_U00564_000,2023-02-18,52.68,数码
U00565,ORD_U00565_000,2023-11-06,260.86,家居
U00565,ORD_U00565_001,2023-11-16,328.77,数码
U00565,ORD_U00565_002,2024-01-29,376.64,数码
U00565,ORD_U00565_003,2024-04-20,376.48,家居
U00565,ORD_U00565_004,2024-05-27,270.33,服饰
U00565,ORD_U00565_005,2024-07-22,269.11,食品
U00566,ORD_U00566_000,2023-11-17,52.46,数码
U00566,ORD_U00566_001,2023-12-05,154.59,美妆
U00567,ORD_U00567_000,2024-04-12,51.95,家居
U00567,ORD_U00567_001,2024-07-14,47.33,美妆
U00567,ORD_U00567_002,2024-08-20,93.03,食品
U00567,ORD_U00567_003,2024-09-08,84.24,服饰
U00568,ORD_U00568_000,2023-07-04,95.79,食品
U00568,ORD_U00568_001,2023-11-10,52.51,数码
U00568,ORD_U00568_002,2024-02-24,77.81,家居
U00569,ORD_U00569_000,2023-05-02,746.51,数码
U00569,ORD_U00569_001,2023-05-11,595.01,美妆
U00569,ORD_U00569_003,2023-06-01,573.84,服饰
U00569,ORD_U00569_002,2023-06-04,620.87,服饰
U00569,ORD_U00569_006,2023-07-27,822.43,家居
U00569,ORD_U00569_005,2023-09-18,433.12,家居
U00569,ORD_U00569_004,2023-09-19,570.81,家居
U00569,ORD_U00569_008,2023-10-04,659.77,服饰
U00569,ORD_U00569_009,2023-11-06,231.93,数码
U00569,ORD_U00569_015,2023-11-22,267.39,家居
U00569,ORD_U00569_007,2023-11-29,870.31,美妆
U00569,ORD_U00569_011,2023-12-16,236.19,服饰
U00569,ORD_U00569_016,2024-02-13,623.79,美妆
U00569,ORD_U00569_013,2024-03-23,276.84,家居
U00569,ORD_U00569_010,2024-05-15,609.69,食品
U00569,ORD_U00569_012,2024-05-26,389.27,家居
U00569,ORD_U00569_018,2024-09-29,305.12,家居
U00569,ORD_U00569_017,2024-10-04,706.29,数码
U00569,ORD_U00569_014,2024-10-07,374.58,美妆
U00569,ORD_U00569_019,2024-12-19,888.28,美妆
U00570,ORD_U00570_000,2023-05-31,176.68,服饰
U00571,ORD_U00571_000,2024-02-19,168.09,数码
U00571,ORD_U00571_001,2024-05-17,144.12,食品
U00571,ORD_U00571_003,2024-07-07,201.09,数码
U00571,ORD_U00571_002,2024-07-25,124.62,数码
U00572,ORD_U00572_000,2024-03-26,259.18,食品
U00572,ORD_U00572_001,2024-04-29,470.56,美妆
U00572,ORD_U00572_002,2024-04-30,260.39,服饰
U00572,ORD_U00572_003,2024-06-29,393.49,食品
U00572,ORD_U00572_007,2024-10-01,309.35,服饰
U00572,ORD_U00572_004,2024-10-22,193.26,数码
U00572,ORD_U00572_008,2024-10-24,403.9,服饰
U00572,ORD_U00572_005,2024-12-05,242.1,食品
U00572,ORD_U00572_006,2025-02-11,163.5,食品
U00573,ORD_U00573_000,2025-02-01,108.96,美妆
U00573,ORD_U00573_001,2025-02-14,53.5,数码
U00574,ORD_U00574_000,2023-10-14,151.58,美妆
U00574,ORD_U00574_001,2023-12-11,175.65,食品
U00574,ORD_U00574_002,2024-01-04,455.23,家居
U00574,ORD_U00574_003,2024-01-09,233.77,数码
U00574,ORD_U00574_007,2024-02-14,355.11,美妆
U00574,ORD_U00574_004,2024-05-29,392.09,家居
U00574,ORD_U00574_005,2024-05-29,548.74,美妆
U00574,ORD_U00574_006,2024-07-19,341.31,家居
U00575,ORD_U00575_000,2023-12-07,98.07,服饰
U00575,ORD_U00575_001,2024-02-01,102.24,服饰
U00575,ORD_U00575_002,2024-05-23,32.6,服饰
U00576,ORD_U00576_000,2023-05-07,53.12,美妆
U00576,ORD_U00576_001,2023-06-12,72.26,服饰
U00577,ORD_U00577_000,2023-09-18,62.67,服饰
U00577,ORD_U00577_001,2023-11-24,61.52,家居
U00577,ORD_U00577_002,2023-12-16,43.22,家居
U00578,ORD_U00578_000,2023-09-24,73.5,服饰
U00578,ORD_U00578_001,2023-12-13,61.49,美妆
U00578,ORD_U00578_002,2024-01-09,23.97,服饰
U00579,ORD_U00579_000,2023-09-24,145.84,服饰
U00579,ORD_U00579_001,2023-11-22,130.09,数码
U00579,ORD_U00579_002,2023-12-10,148.61,数码
U00579,ORD_U00579_003,2023-12-12,139.83,食品
U00580,ORD_U00580_000,2024-03-16,328.8,服饰
U00580,ORD_U00580_002,2024-04-12,198.35,美妆
U00580,ORD_U00580_001,2024-05-02,231.22,家居
U00580,ORD_U00580_003,2024-05-28,358.38,家居
U00580,ORD_U00580_004,2024-07-07,214.92,数码
U00580,ORD_U00580_006,2024-11-21,139.56,美妆
U00580,ORD_U00580_007,2024-12-15,170.25,服饰
U00580,ORD_U00580_005,2025-01-17,172.66,数码
U00580,ORD_U00580_009,2025-03-20,247.17,家居
U00580,ORD_U00580_008,2025-04-11,260.08,家居
U00581,ORD_U00581_000,2023-06-02,110.61,服饰
U00581,ORD_U00581_001,2023-08-29,70.35,服饰
U00581,ORD_U00581_003,2023-09-04,77.86,服饰
U00581,ORD_U00581_002,2023-09-15,55.27,家居
U00582,ORD_U00582_000,2023-06-01,305.87,家居
U00582,ORD_U00582_001,2023-07-04,139.93,服饰
U00582,ORD_U00582_002,2023-08-17,122.09,服饰
U00582,ORD_U00582_003,2023-09-20,154.32,服饰
U00582,ORD_U00582_008,2023-09-21,313.2,服饰
U00582,ORD_U00582_004,2023-10-28,290.96,服饰
U00582,ORD_U00582_005,2023-11-18,225.18,数码
U00582,ORD_U00582_010,2023-12-10,160.24,食品
U00582,ORD_U00582_007,2024-01-19,260.35,服饰
U00582,ORD_U00582_011,2024-02-01,292.88,服饰
U00582,ORD_U00582_006,2024-02-05,304.08,数码
U00582,ORD_U00582_009,2024-02-17,263.12,服饰
U00582,ORD_U00582_015,2024-05-03,127.68,美妆
U00582,ORD_U00582_012,2024-06-12,316.83,食品
U00582,ORD_U00582_019,2024-07-12,206.18,食品
U00582,ORD_U00582_013,2024-08-06,95.73,服饰
U00582,ORD_U00582_014,2024-08-29,209.4,家居
U00582,ORD_U00582_017,2024-09-18,265.0,家居
U00582,ORD_U00582_016,2024-12-10,118.94,数码
U00582,ORD_U00582_018,2025-05-21,94.14,美妆
U00583,ORD_U00583_000,2024-08-06,196.08,食品
U00583,ORD_U00583_001,2024-10-21,139.07,数码
U00583,ORD_U00583_002,2024-10-30,160.79,服饰
U00583,ORD_U00583_007,2024-12-15,162.03,家居
U00583,ORD_U00583_004,2025-01-23,480.38,食品
U00583,ORD_U00583_003,2025-01-25,388.97,服饰
U00583,ORD_U00583_009,2025-04-27,165.03,服饰
U00583,ORD_U00583_006,2025-05-08,218.55,家居
U00583,ORD_U00583_005,2025-06-05,208.05,食品
U00583,ORD_U00583_008,2025-11-24,164.9,家居
U00584,ORD_U00584_000,2024-03-07,966.05,美妆
U00584,ORD_U00584_002,2024-03-27,841.64,家居
U00584,ORD_U00584_004,2024-03-28,789.0,食品
U00584,ORD_U00584_001,2024-03-30,1205.93,食品
U00584,ORD_U00584_003,2024-04-20,675.11,食品
U00584,ORD_U00584_005,2024-04-25,1548.61,服饰
U00584,ORD_U00584_010,2024-05-03,1143.19,服饰
U00584,ORD_U00584_007,2024-05-28,1468.91,服饰
U00584,ORD_U00584_006,2024-06-08,1621.63,食品
U00584,ORD_U00584_012,2024-06-22,982.75,美妆
U00584,ORD_U00584_011,2024-06-30,1744.25,食品
U00584,ORD_U00584_008,2024-07-23,552.86,数码
U00584,ORD_U00584_009,2024-07-23,1496.81,美妆
U00584,ORD_U00584_015,2024-09-06,674.08,服饰
U00584,ORD_U00584_013,2024-11-05,1443.84,食品
U00584,ORD_U00584_017,2024-12-12,715.34,食品
U00584,ORD_U00584_016,2024-12-26,921.93,数码
U00584,ORD_U00584_014,2025-04-20,1777.16,食品
U00585,ORD_U00585_000,2023-05-23,463.11,食品
U00585,ORD_U00585_001,2023-05-25,323.58,数码
U00585,ORD_U00585_003,2023-06-28,263.54,美妆
U00585,ORD_U00585_002,2023-08-07,266.53,服饰
U00585,ORD_U00585_006,2023-08-21,445.99,家居
U00585,ORD_U00585_004,2023-09-28,312.18,服饰
U00585,ORD_U00585_007,2023-10-11,380.58,数码
U00585,ORD_U00585_009,2023-10-21,167.0,食品
U00585,ORD_U00585_010,2023-11-12,295.56,家居
U00585,ORD_U00585_008,2023-11-30,181.14,家居
U00585,ORD_U00585_005,2023-12-02,483.95,食品
U00585,ORD_U00585_013,2023-12-25,146.13,美妆
U00585,ORD_U00585_014,2024-07-15,540.45,家居
U00585,ORD_U00585_011,2024-09-09,383.32,食品
U00585,ORD_U00585_012,2024-11-14,469.87,食品
U00585,ORD_U00585_015,2024-11-22,567.79,服饰
U00585,ORD_U00585_016,2025-03-17,237.91,食品
U00586,ORD_U00586_000,2024-01-18,176.54,数码
U00586,ORD_U00586_001,2024-03-10,163.4,家居
U00586,ORD_U00586_002,2024-07-23,179.21,数码
U00587,ORD_U00587_000,2024-08-12,24.63,食品
U00587,ORD_U00587_001,2024-08-31,68.98,服饰
U00588,ORD_U00588_000,2023-09-05,318.39,服饰
U00588,ORD_U00588_001,2023-09-11,156.08,数码
U00588,ORD_U00588_004,2023-10-06,243.0,美妆
U00588,ORD_U00588_002,2023-11-02,263.39,服饰
U00588,ORD_U00588_003,2023-12-17,362.42,美妆
U00588,ORD_U00588_005,2024-02-24,290.9,美妆
U00588,ORD_U00588_006,2024-03-18,269.69,家居
U00588,ORD_U00588_007,2024-05-28,251.1,家居
U00588,ORD_U00588_008,2024-07-19,310.57,数码
U00589,ORD_U00589_000,2023-09-22,75.72,家居
U00589,ORD_U00589_002,2023-11-04,201.27,食品
U00589,ORD_U00589_003,2023-11-12,201.5,服饰
U00589,ORD_U00589_001,2023-11-15,182.56,食品
U00589,ORD_U00589_004,2024-03-28,247.71,服饰
U00590,ORD_U00590_000,2024-07-18,498.9,服饰
U00590,ORD_U00590_001,2024-08-29,430.74,数码
U00590,ORD_U00590_002,2024-09-16,161.99,家居
U00590,ORD_U00590_004,2024-09-26,407.72,服饰
U00590,ORD_U00590_003,2024-09-30,184.8,服饰
U00590,ORD_U00590_007,2024-11-22,440.17,服饰
U00590,ORD_U00590_005,2025-02-08,214.28,家居
U00590,ORD_U00590_006,2025-02-08,201.54,家居
U00590,ORD_U00590_008,2025-04-22,154.17,家居
U00590,ORD_U00590_009,2025-05-03,152.03,家居
U00590,ORD_U00590_010,2025-05-12,465.14,家居
U00590,ORD_U00590_011,2025-08-18,265.71,服饰
U00590,ORD_U00590_014,2025-10-30,269.95,服饰
U00590,ORD_U00590_013,2025-12-19,339.37,食品
U00590,ORD_U00590_012,2025-12-28,179.56,数码
U00591,ORD_U00591_000,2023-01-29,204.66,美妆
U00591,ORD_U00591_001,2023-05-08,134.14,美妆
U00591,ORD_U00591_002,2023-05-08,140.89,家居
U00591,ORD_U00591_004,2023-06-15,224.85,美妆
U00591,ORD_U00591_003,2023-08-05,156.13,服饰
U00592,ORD_U00592_000,2024-03-16,317.17,家居
U00592,ORD_U00592_001,2024-04-26,286.95,数码
U00592,ORD_U00592_003,2024-05-05,363.54,美妆
U00592,ORD_U00592_002,2024-05-25,295.73,服饰
U00592,ORD_U00592_007,2024-08-03,471.98,数码
U00592,ORD_U00592_005,2024-08-05,507.34,数码
U00592,ORD_U00592_004,2024-09-01,602.46,食品
U00592,ORD_U00592_006,2024-09-30,202.38,服饰
U00592,ORD_U00592_008,2024-10-25,228.99,服饰
U00592,ORD_U00592_009,2025-01-17,243.18,食品
U00592,ORD_U00592_014,2025-05-27,219.8,服饰
U00592,ORD_U00592_010,2025-06-16,487.46,食品
U00592,ORD_U00592_011,2025-06-24,249.03,美妆
U00592,ORD_U00592_012,2025-08-16,614.5,数码
U00592,ORD_U00592_013,2025-09-20,444.85,美妆
U00592,ORD_U00592_015,2025-11-24,442.48,食品
U00592,ORD_U00592_016,2026-02-16,242.13,食品
U00593,ORD_U00593_000,2024-06-19,268.31,数码
U00593,ORD_U00593_001,2024-06-19,148.11,数码
U00593,ORD_U00593_002,2024-09-04,253.21,服饰
U00593,ORD_U00593_003,2024-11-19,239.25,数码
U00594,ORD_U00594_000,2024-04-05,61.25,服饰
U00594,ORD_U00594_001,2024-05-06,188.54,数码
U00594,ORD_U00594_002,2024-08-24,74.37,美妆
U00595,ORD_U00595_000,2023-03-17,178.34,家居
U00595,ORD_U00595_001,2023-07-16,124.96,家居
U00595,ORD_U00595_003,2023-07-27,87.53,食品
U00595,ORD_U00595_002,2023-09-21,100.64,食品
U00596,ORD_U00596_000,2024-09-21,432.33,家居
U00596,ORD_U00596_001,2024-10-28,119.28,食品
U00596,ORD_U00596_002,2024-12-10,239.3,数码
U00596,ORD_U00596_004,2025-01-05,398.28,数码
U00596,ORD_U00596_003,2025-02-27,114.73,美妆
U00597,ORD_U00597_000,2023-08-22,49.74,服饰
U00597,ORD_U00597_001,2023-09-29,157.23,数码
U00597,ORD_U00597_002,2024-02-11,136.22,数码
U00598,ORD_U00598_000,2023-08-22,48.11,数码
U00599,ORD_U00599_000,2023-06-06,174.35,美妆
U00599,ORD_U00599_001,2023-08-15,223.76,家居
U00599,ORD_U00599_002,2023-09-19,104.19,服饰
U00599,ORD_U00599_003,2023-10-06,269.6,服饰
U00599,ORD_U00599_005,2023-11-15,96.49,数码
U00599,ORD_U00599_004,2023-11-22,167.85,服饰
U00600,ORD_U00600_000,2023-05-07,157.32,食品
U00600,ORD_U00600_001,2023-05-08,352.74,数码
U00600,ORD_U00600_002,2023-07-09,267.67,服饰
U00600,ORD_U00600_003,2023-08-20,493.02,家居
U00600,ORD_U00600_004,2023-10-23,193.68,服饰
U00600,ORD_U00600_005,2023-11-19,505.93,美妆
U00600,ORD_U00600_008,2023-12-20,252.41,食品
U00600,ORD_U00600_007,2023-12-23,412.1,美妆
U00600,ORD_U00600_006,2024-01-25,226.63,数码
U00601,ORD_U00601_000,2024-08-12,76.74,家居
U00601,ORD_U00601_001,2024-08-30,78.34,数码
U00601,ORD_U00601_003,2024-10-25,61.48,美妆
U00601,ORD_U00601_002,2024-12-12,30.27,美妆
U00602,ORD_U00602_000,2023-11-14,141.13,家居
U00602,ORD_U00602_002,2024-01-02,185.07,美妆
U00602,ORD_U00602_001,2024-02-06,228.2,家居
U00602,ORD_U00602_003,2024-02-17,248.77,家居
U00602,ORD_U00602_004,2024-06-21,344.15,美妆
U00602,ORD_U00602_005,2024-06-28,245.44,服饰
U00602,ORD_U00602_006,2024-07-18,278.15,服饰
U00602,ORD_U00602_009,2024-07-18,93.96,美妆
U00602,ORD_U00602_008,2024-10-27,93.2,服饰
U00602,ORD_U00602_007,2024-11-19,226.74,食品
U00603,ORD_U00603_000,2024-04-18,71.97,数码
U00604,ORD_U00604_000,2023-03-28,73.8,家居
U00604,ORD_U00604_001,2023-06-05,105.84,数码
U00605,ORD_U00605_000,2023-07-28,390.02,食品
U00605,ORD_U00605_001,2023-11-05,209.94,家居
U00605,ORD_U00605_002,2023-11-21,275.84,数码
U00605,ORD_U00605_003,2024-01-27,378.44,数码
U00606,ORD_U00606_000,2023-05-31,61.8,美妆
U00606,ORD_U00606_001,2023-06-20,44.77,家居
U00606,ORD_U00606_002,2023-09-20,32.61,美妆
U00607,ORD_U00607_000,2023-01-11,85.04,数码
U00607,ORD_U00607_001,2023-03-20,215.47,数码
U00607,ORD_U00607_002,2023-05-23,171.86,服饰
U00607,ORD_U00607_003,2023-10-21,95.34,食品
U00608,ORD_U00608_000,2024-11-13,378.55,服饰
U00608,ORD_U00608_003,2024-12-04,738.33,家居
U00608,ORD_U00608_001,2024-12-08,1106.92,美妆
U00608,ORD_U00608_002,2024-12-22,863.64,服饰
U00608,ORD_U00608_009,2024-12-27,490.13,家居
U00608,ORD_U00608_007,2025-01-16,374.86,服饰
U00608,ORD_U00608_004,2025-01-24,432.74,家居
U00608,ORD_U00608_005,2025-02-24,297.58,家居
U00608,ORD_U00608_006,2025-03-10,1001.37,食品
U00608,ORD_U00608_020,2025-04-09,626.52,家居
U00608,ORD_U00608_023,2025-04-14,300.06,食品
U00608,ORD_U00608_011,2025-04-22,672.54,数码
U00608,ORD_U00608_008,2025-04-23,1143.89,数码
U00608,ORD_U00608_026,2025-05-04,726.17,食品
U00608,ORD_U00608_012,2025-06-23,674.46,服饰
U00608,ORD_U00608_017,2025-07-05,472.57,家居
U00608,ORD_U00608_010,2025-07-14,1040.45,服饰
U00608,ORD_U00608_013,2025-09-03,740.13,食品
U00608,ORD_U00608_022,2025-11-02,1083.52,数码
U00608,ORD_U00608_019,2025-12-09,606.38,数码
U00608,ORD_U00608_018,2025-12-20,296.73,食品
U00608,ORD_U00608_030,2025-12-20,865.89,数码
U00608,ORD_U00608_014,2025-12-30,393.42,家居
U00608,ORD_U00608_015,2025-12-30,503.01,美妆
U00608,ORD_U00608_016,2026-02-26,553.01,家居
U00608,ORD_U00608_021,2026-03-21,1054.48,数码
U00608,ORD_U00608_028,2026-05-20,1042.91,食品
U00608,ORD_U00608_029,2026-06-13,536.13,美妆
U00608,ORD_U00608_025,2026-08-04,918.7,食品
U00608,ORD_U00608_024,2026-10-04,440.23,家居
U00608,ORD_U00608_027,2027-01-30,766.04,美妆
U00609,ORD_U00609_000,2023-05-12,329.35,食品
U00609,ORD_U00609_002,2023-06-11,136.94,数码
U00609,ORD_U00609_001,2023-06-24,434.15,美妆
U00609,ORD_U00609_003,2023-09-15,500.31,数码
U00609,ORD_U00609_004,2023-10-01,308.32,食品
U00609,ORD_U00609_005,2023-11-30,480.3,美妆
U00609,ORD_U00609_006,2023-12-08,274.5,服饰
U00609,ORD_U00609_007,2024-01-03,226.92,服饰
U00610,ORD_U00610_000,2023-04-08,61.62,家居
U00610,ORD_U00610_001,2023-04-16,41.95,服饰
U00610,ORD_U00610_002,2023-08-07,39.7,家居
U00611,ORD_U00611_000,2023-07-09,106.23,家居
U00611,ORD_U00611_001,2023-08-07,59.3,家居
U00611,ORD_U00611_002,2023-12-30,53.47,数码
U00612,ORD_U00612_000,2023-11-27,120.39,家居
U00613,ORD_U00613_000,2024-11-30,32.89,美妆
U00613,ORD_U00613_001,2025-01-20,26.2,数码
U00614,ORD_U00614_000,2024-02-27,215.06,美妆
U00614,ORD_U00614_001,2024-03-05,437.06,食品
U00614,ORD_U00614_002,2024-04-12,437.3,家居
U00614,ORD_U00614_003,2024-07-11,352.29,食品
U00614,ORD_U00614_004,2024-10-12,562.94,美妆
U00615,ORD_U00615_001,2023-05-13,502.64,家居
U00615,ORD_U00615_000,2023-06-03,162.86,服饰
U00615,ORD_U00615_002,2023-08-31,267.98,家居
U00615,ORD_U00615_003,2023-09-09,288.55,家居
U00615,ORD_U00615_004,2023-11-13,131.97,食品
U00615,ORD_U00615_005,2024-01-17,427.7,服饰
U00616,ORD_U00616_000,2025-01-16,450.53,服饰
U00616,ORD_U00616_002,2025-03-05,450.58,数码
U00616,ORD_U00616_001,2025-03-10,156.74,美妆
U00616,ORD_U00616_003,2025-03-31,469.95,食品
U00616,ORD_U00616_006,2025-05-20,214.23,食品
U00616,ORD_U00616_007,2025-06-18,207.23,食品
U00616,ORD_U00616_004,2025-06-19,272.5,数码
U00616,ORD_U00616_008,2025-06-28,360.08,服饰
U00616,ORD_U00616_005,2025-07-27,179.16,美妆
U00617,ORD_U00617_001,2025-01-05,633.14,数码
U00617,ORD_U00617_000,2025-01-16,297.06,食品
U00617,ORD_U00617_002,2025-02-01,412.67,家居
U00617,ORD_U00617_004,2025-02-27,661.59,家居
U00617,ORD_U00617_005,2025-03-31,758.52,家居
U00617,ORD_U00617_003,2025-04-02,329.64,家居
U00617,ORD_U00617_008,2025-06-01,675.8,服饰
U00617,ORD_U00617_006,2025-08-07,530.4,家居
U00617,ORD_U00617_015,2025-09-03,444.68,家居
U00617,ORD_U00617_010,2025-09-13,695.47,家居
U00617,ORD_U00617_011,2025-10-02,358.63,服饰
U00617,ORD_U00617_007,2025-11-09,488.64,数码
U00617,ORD_U00617_018,2025-11-24,212.84,家居
U00617,ORD_U00617_012,2025-11-29,364.21,食品
U00617,ORD_U00617_009,2026-02-16,281.93,服饰
U00617,ORD_U00617_016,2026-03-06,633.54,美妆
U00617,ORD_U00617_019,2026-03-12,234.55,数码
U00617,ORD_U00617_013,2026-06-30,329.7,服饰
U00617,ORD_U00617_017,2026-07-14,632.44,美妆
U00617,ORD_U00617_014,2026-08-05,816.16,美妆
U00618,ORD_U00618_000,2023-08-11,85.49,美妆
U00618,ORD_U00618_001,2023-10-01,30.96,食品
U00619,ORD_U00619_000,2024-04-02,72.59,美妆
U00619,ORD_U00619_001,2024-07-04,103.24,美妆
U00620,ORD_U00620_000,2024-01-01,110.94,家居
U00621,ORD_U00621_000,2023-03-23,52.65,服饰
U00621,ORD_U00621_001,2023-06-12,94.76,数码
U00622,ORD_U00622_000,2024-08-11,166.76,家居
U00622,ORD_U00622_001,2024-08-19,76.2,食品
U00622,ORD_U00622_002,2024-11-08,135.93,家居
U00623,ORD_U00623_000,2023-05-09,631.7,服饰
U00623,ORD_U00623_001,2023-06-03,380.13,食品
U00623,ORD_U00623_003,2023-07-14,358.27,家居
U00623,ORD_U00623_005,2023-07-15,286.72,服饰
U00623,ORD_U00623_002,2023-08-06,393.6,食品
U00623,ORD_U00623_004,2023-10-04,606.35,美妆
U00623,ORD_U00623_008,2023-10-16,544.3,服饰
U00623,ORD_U00623_006,2023-10-18,236.37,服饰
U00623,ORD_U00623_010,2023-12-12,488.87,数码
U00623,ORD_U00623_007,2024-01-23,459.61,家居
U00623,ORD_U00623_009,2024-04-01,496.19,食品
U00623,ORD_U00623_011,2024-04-15,633.9,食品
U00623,ORD_U00623_016,2024-06-13,509.74,食品
U00623,ORD_U00623_015,2024-07-05,528.14,数码
U00623,ORD_U00623_017,2024-08-18,515.34,食品
U00623,ORD_U00623_012,2024-09-06,518.58,数码
U00623,ORD_U00623_013,2024-09-12,164.99,服饰
U00623,ORD_U00623_014,2024-11-28,625.97,美妆
U00624,ORD_U00624_000,2024-01-08,217.5,美妆
U00624,ORD_U00624_001,2024-01-12,132.32,数码
U00624,ORD_U00624_002,2024-02-25,93.14,美妆
U00625,ORD_U00625_000,2023-06-21,89.26,美妆
U00626,ORD_U00626_000,2023-12-01,315.61,服饰
U00626,ORD_U00626_001,2023-12-19,168.92,食品
U00626,ORD_U00626_002,2024-02-25,409.4,服饰
U00626,ORD_U00626_003,2024-04-01,313.13,数码
U00626,ORD_U00626_004,2024-06-18,223.73,美妆
U00627,ORD_U00627_000,2023-09-05,115.52,美妆
U00628,ORD_U00628_000,2023-07-09,171.44,数码
U00628,ORD_U00628_001,2023-09-02,147.13,食品
U00628,ORD_U00628_002,2023-12-31,189.93,食品
U00628,ORD_U00628_003,2024-04-28,79.39,数码
U00629,ORD_U00629_000,2024-11-15,315.38,美妆
U00629,ORD_U00629_001,2025-01-07,280.02,服饰
U00629,ORD_U00629_002,2025-01-28,248.84,数码
U00629,ORD_U00629_003,2025-02-08,481.44,家居
U00629,ORD_U00629_004,2025-03-15,503.55,服饰
U00629,ORD_U00629_005,2025-03-18,139.68,服饰
U00629,ORD_U00629_006,2025-06-05,343.66,家居
U00629,ORD_U00629_009,2025-06-08,129.65,食品
U00629,ORD_U00629_008,2025-06-13,236.16,数码
U00629,ORD_U00629_011,2025-08-27,215.33,美妆
U00629,ORD_U00629_007,2025-08-30,380.31,服饰
U00629,ORD_U00629_013,2025-12-16,230.73,数码
U00629,ORD_U00629_014,2026-01-03,493.35,家居
U00629,ORD_U00629_010,2026-01-23,495.39,食品
U00629,ORD_U00629_012,2026-01-23,386.61,美妆
U00629,ORD_U00629_015,2026-04-09,473.84,数码
U00630,ORD_U00630_000,2024-02-06,446.97,家居
U00630,ORD_U00630_001,2024-04-10,423.44,家居
U00630,ORD_U00630_002,2024-05-31,468.77,食品
U00630,ORD_U00630_003,2024-07-02,488.99,服饰
U00630,ORD_U00630_006,2024-07-11,327.52,服饰
U00630,ORD_U00630_008,2024-08-06,216.06,食品
U00630,ORD_U00630_004,2024-08-15,186.49,家居
U00630,ORD_U00630_005,2024-09-09,310.88,服饰
U00630,ORD_U00630_011,2024-09-28,245.37,数码
U00630,ORD_U00630_013,2024-10-20,159.64,家居
U00630,ORD_U00630_007,2024-11-07,291.63,数码
U00630,ORD_U00630_015,2024-11-07,423.76,美妆
U00630,ORD_U00630_012,2024-12-10,445.54,家居
U00630,ORD_U00630_009,2025-03-09,363.11,数码
U00630,ORD_U00630_018,2025-03-15,421.73,数码
U00630,ORD_U00630_010,2025-05-07,139.38,美妆
U00630,ORD_U00630_014,2025-10-06,469.75,家居
U00630,ORD_U00630_017,2025-11-24,375.24,家居
U00630,ORD_U00630_016,2025-12-26,436.36,服饰
U00631,ORD_U00631_000,2024-01-29,78.55,家居
U00631,ORD_U00631_001,2024-04-15,132.76,食品
U00631,ORD_U00631_002,2024-06-25,67.31,数码
U00631,ORD_U00631_003,2024-11-16,90.47,服饰
U00632,ORD_U00632_000,2024-01-05,75.78,家居
U00632,ORD_U00632_001,2024-03-24,184.32,数码
U00632,ORD_U00632_002,2024-05-06,230.37,家居
U00632,ORD_U00632_004,2024-06-11,123.24,服饰
U00632,ORD_U00632_003,2024-06-20,187.61,家居
U00632,ORD_U00632_008,2024-07-24,256.17,食品
U00632,ORD_U00632_009,2024-10-14,214.25,数码
U00632,ORD_U00632_007,2024-10-25,81.89,食品
U00632,ORD_U00632_005,2024-11-01,155.99,食品
U00632,ORD_U00632_006,2025-01-11,116.18,食品
U00633,ORD_U00633_000,2024-06-25,188.06,数码
U00633,ORD_U00633_001,2024-09-05,153.47,服饰
U00633,ORD_U00633_002,2024-09-09,55.5,食品
U00633,ORD_U00633_003,2024-12-19,173.51,家居
U00634,ORD_U00634_000,2023-03-15,124.36,食品
U00634,ORD_U00634_002,2023-06-04,84.96,食品
U00634,ORD_U00634_001,2023-06-19,117.98,家居
U00635,ORD_U00635_000,2023-09-30,161.15,食品
U00635,ORD_U00635_001,2023-10-20,109.86,食品
U00635,ORD_U00635_002,2023-12-23,156.36,数码
U00635,ORD_U00635_003,2024-01-08,247.7,数码
U00635,ORD_U00635_004,2024-01-16,213.08,美妆
U00635,ORD_U00635_005,2024-04-29,263.17,数码
U00636,ORD_U00636_000,2023-12-19,90.11,美妆
U00636,ORD_U00636_001,2024-01-20,138.56,家居
U00636,ORD_U00636_002,2024-03-30,147.35,数码
U00637,ORD_U00637_000,2024-01-10,116.39,数码
U00637,ORD_U00637_001,2024-03-04,127.8,家居
U00637,ORD_U00637_003,2024-03-05,162.36,美妆
U00637,ORD_U00637_002,2024-03-21,203.94,家居
U00637,ORD_U00637_007,2024-05-28,115.17,食品
U00637,ORD_U00637_004,2024-08-04,111.13,家居
U00637,ORD_U00637_005,2024-09-23,210.59,服饰
U00637,ORD_U00637_006,2024-10-10,136.73,家居
U00637,ORD_U00637_009,2024-11-30,98.09,服饰
U00637,ORD_U00637_008,2025-05-03,147.58,美妆
U00638,ORD_U00638_000,2024-04-18,147.4,家居
U00638,ORD_U00638_001,2024-07-04,161.73,数码
U00638,ORD_U00638_002,2024-08-17,105.05,数码
U00639,ORD_U00639_000,2023-06-17,1265.83,服饰
U00639,ORD_U00639_002,2023-06-23,1486.35,食品
U00639,ORD_U00639_001,2023-07-12,702.07,数码
U00639,ORD_U00639_003,2023-07-13,1002.88,数码
U00639,ORD_U00639_004,2023-08-11,1067.26,家居
U00639,ORD_U00639_007,2023-09-15,440.16,家居
U00639,ORD_U00639_005,2023-09-25,1548.46,服饰
U00639,ORD_U00639_016,2023-11-11,821.5,家居
U00639,ORD_U00639_023,2023-11-12,1207.71,美妆
U00639,ORD_U00639_006,2023-12-03,1225.55,服饰
U00639,ORD_U00639_012,2023-12-14,684.57,家居
U00639,ORD_U00639_024,2023-12-15,693.38,食品
U00639,ORD_U00639_008,2023-12-20,564.78,家居
U00639,ORD_U00639_009,2024-01-03,713.71,数码
U00639,ORD_U00639_010,2024-01-16,488.24,美妆
U00639,ORD_U00639_017,2024-01-24,1559.7,美妆
U00639,ORD_U00639_014,2024-02-20,423.32,美妆
U00639,ORD_U00639_018,2024-03-10,435.76,食品
U00639,ORD_U00639_041,2024-03-18,1370.88,食品
U00639,ORD_U00639_022,2024-03-26,437.75,家居
U00639,ORD_U00639_011,2024-04-04,1644.88,服饰
U00639,ORD_U00639_021,2024-04-07,619.23,服饰
U00639,ORD_U00639_044,2024-04-12,474.63,食品
U00639,ORD_U00639_013,2024-05-29,1257.49,数码
U00639,ORD_U00639_028,2024-06-09,1643.04,家居
U00639,ORD_U00639_026,2024-07-14,883.18,食品
U00639,ORD_U00639_019,2024-07-17,600.14,食品
U00639,ORD_U00639_020,2024-08-12,924.33,数码
U00639,ORD_U00639_033,2024-08-17,704.53,服饰
U00639,ORD_U00639_015,2024-09-13,1577.15,食品
U00639,ORD_U00639_032,2024-09-23,1125.48,家居
U00639,ORD_U00639_040,2024-09-28,1337.4,美妆
U00639,ORD_U00639_025,2024-11-22,862.91,服饰
U00639,ORD_U00639_042,2024-12-06,1187.92,服饰
U00639,ORD_U00639_034,2025-02-01,1582.28,美妆
U00639,ORD_U00639_035,2025-02-17,1146.15,美妆
U00639,ORD_U00639_049,2025-03-09,1087.91,家居
U00639,ORD_U00639_029,2025-03-19,1365.37,数码
U00639,ORD_U00639_031,2025-04-19,1377.0,家居
U00639,ORD_U00639_037,2025-06-09,1502.98,美妆
U00639,ORD_U00639_027,2025-08-13,1625.71,家居
U00639,ORD_U00639_048,2025-08-20,853.39,服饰
U00639,ORD_U00639_030,2025-08-27,1077.29,家居
U00639,ORD_U00639_038,2025-09-21,428.76,家居
U00639,ORD_U00639_047,2025-11-09,451.14,数码
U00639,ORD_U00639_036,2025-12-08,969.84,家居
U00639,ORD_U00639_045,2026-02-09,642.33,美妆
U00639,ORD_U00639_046,2026-03-25,1461.11,数码
U00639,ORD_U00639_043,2026-04-12,1178.72,食品
U00639,ORD_U00639_039,2026-05-24,452.44,美妆
U00640,ORD_U00640_000,2023-07-04,27.67,食品
U00640,ORD_U00640_001,2023-08-21,58.71,家居
U00640,ORD_U00640_002,2023-11-05,64.19,食品
U00640,ORD_U00640_003,2024-02-19,36.3,食品
U00641,ORD_U00641_000,2024-01-09,161.56,数码
U00641,ORD_U00641_001,2024-03-03,174.5,家居
U00642,ORD_U00642_000,2023-12-15,108.75,服饰
U00642,ORD_U00642_001,2024-01-15,118.44,数码
U00642,ORD_U00642_002,2024-01-16,90.64,食品
U00643,ORD_U00643_000,2024-08-05,774.72,美妆
U00643,ORD_U00643_002,2024-08-06,750.21,服饰
U00643,ORD_U00643_001,2024-08-28,915.05,家居
U00643,ORD_U00643_003,2024-08-30,776.93,服饰
U00643,ORD_U00643_005,2024-10-03,945.29,服饰
U00643,ORD_U00643_013,2024-10-28,2007.81,服饰
U00643,ORD_U00643_004,2024-11-07,1650.9,食品
U00643,ORD_U00643_006,2024-11-22,775.92,数码
U00643,ORD_U00643_008,2024-11-28,1068.96,美妆
U00643,ORD_U00643_007,2024-12-11,1566.6,食品
U00643,ORD_U00643_012,2024-12-26,1124.32,美妆
U00643,ORD_U00643_021,2025-01-06,1746.75,数码
U00643,ORD_U00643_018,2025-01-11,1754.38,服饰
U00643,ORD_U00643_009,2025-01-24,1956.43,美妆
U00643,ORD_U00643_010,2025-02-01,1003.55,服饰
U00643,ORD_U00643_011,2025-02-24,1906.32,服饰
U00643,ORD_U00643_015,2025-03-25,1526.79,家居
U00643,ORD_U00643_019,2025-04-23,962.69,数码
U00643,ORD_U00643_032,2025-04-30,707.61,食品
U00643,ORD_U00643_025,2025-05-20,1075.89,食品
U00643,ORD_U00643_020,2025-06-22,1133.02,家居
U00643,ORD_U00643_016,2025-08-19,1355.89,美妆
U00643,ORD_U00643_023,2025-08-30,605.49,美妆
U00643,ORD_U00643_029,2025-09-04,1668.57,数码
U00643,ORD_U00643_024,2025-09-07,2150.94,数码
U00643,ORD_U00643_034,2025-09-08,1615.53,美妆
U00643,ORD_U00643_014,2025-09-16,1845.22,服饰
U00643,ORD_U00643_022,2025-10-12,1800.54,服饰
U00643,ORD_U00643_017,2025-10-14,815.15,美妆
U00643,ORD_U00643_030,2025-11-04,913.03,服饰
U00643,ORD_U00643_026,2026-01-09,2004.86,数码
U00643,ORD_U00643_036,2026-03-05,1921.67,食品
U00643,ORD_U00643_027,2026-04-28,1321.49,美妆
U00643,ORD_U00643_037,2026-10-17,1544.92,美妆
U00643,ORD_U00643_028,2026-10-24,780.66,服饰
U00643,ORD_U00643_033,2026-11-01,566.56,美妆
U00643,ORD_U00643_031,2026-11-09,1071.96,家居
U00643,ORD_U00643_035,2027-03-29,758.64,服饰
U00644,ORD_U00644_000,2023-10-29,42.44,家居
U00645,ORD_U00645_000,2024-10-03,46.23,美妆
U00646,ORD_U00646_001,2025-01-02,207.3,食品
U00646,ORD_U00646_000,2025-01-13,90.57,美妆
U00647,ORD_U00647_000,2024-02-21,137.37,数码
U00648,ORD_U00648_000,2024-10-07,211.57,家居
U00649,ORD_U00649_000,2024-04-18,74.52,服饰
U00649,ORD_U00649_001,2024-05-09,31.37,服饰
U00650,ORD_U00650_001,2024-11-11,74.78,家居
U00650,ORD_U00650_000,2024-11-20,252.73,美妆
U00650,ORD_U00650_002,2024-12-27,175.68,服饰
U00650,ORD_U00650_003,2025-02-12,234.73,数码
U00651,ORD_U00651_000,2023-02-04,57.82,服饰
U00651,ORD_U00651_001,2023-03-10,42.81,美妆
U00651,ORD_U00651_002,2023-04-24,22.45,服饰
U00651,ORD_U00651_003,2023-09-26,62.05,服饰
U00652,ORD_U00652_000,2024-12-01,857.31,美妆
U00652,ORD_U00652_001,2025-01-09,1081.11,美妆
U00652,ORD_U00652_002,2025-02-03,417.32,食品
U00652,ORD_U00652_003,2025-03-13,524.85,服饰
U00652,ORD_U00652_006,2025-03-31,310.69,美妆
U00652,ORD_U00652_004,2025-04-10,1012.78,家居
U00652,ORD_U00652_005,2025-04-11,302.13,服饰
U00652,ORD_U00652_007,2025-06-07,639.27,食品
U00652,ORD_U00652_010,2025-06-30,756.89,服饰
U00652,ORD_U00652_009,2025-09-23,415.79,美妆
U00652,ORD_U00652_008,2025-10-28,823.24,食品
U00652,ORD_U00652_011,2026-01-22,811.1,服饰
U00652,ORD_U00652_012,2026-03-27,510.44,食品
U00653,ORD_U00653_000,2023-10-28,90.47,家居
U00653,ORD_U00653_001,2023-11-25,102.76,美妆
U00653,ORD_U00653_002,2024-02-09,121.26,服饰
U00654,ORD_U00654_000,2024-10-11,86.87,家居
U00654,ORD_U00654_001,2025-01-30,61.78,数码
U00655,ORD_U00655_000,2023-09-24,255.45,数码
U00655,ORD_U00655_001,2023-11-14,94.29,美妆
U00655,ORD_U00655_002,2023-12-17,163.91,数码
U00655,ORD_U00655_003,2024-03-01,105.13,美妆
U00655,ORD_U00655_004,2024-03-30,238.49,美妆
U00655,ORD_U00655_008,2024-04-30,133.92,家居
U00655,ORD_U00655_006,2024-06-22,218.05,家居
U00655,ORD_U00655_005,2024-07-07,147.81,美妆
U00655,ORD_U00655_009,2024-07-31,94.77,数码
U00655,ORD_U00655_007,2024-11-29,78.36,家居
U00656,ORD_U00656_000,2023-09-17,61.86,数码
U00656,ORD_U00656_001,2023-11-02,89.81,服饰
U00657,ORD_U00657_000,2024-10-15,94.54,食品
U00657,ORD_U00657_001,2024-11-26,40.32,家居
U00657,ORD_U00657_002,2025-02-19,48.45,服饰
U00658,ORD_U00658_000,2024-10-26,564.42,食品
U00658,ORD_U00658_001,2024-11-19,239.93,数码
U00658,ORD_U00658_003,2024-12-14,650.29,家居
U00658,ORD_U00658_005,2025-01-07,430.37,服饰
U00658,ORD_U00658_002,2025-01-19,790.98,服饰
U00658,ORD_U00658_007,2025-01-27,276.02,服饰
U00658,ORD_U00658_006,2025-02-07,523.19,美妆
U00658,ORD_U00658_004,2025-03-23,831.24,家居
U00658,ORD_U00658_009,2025-05-14,512.05,数码
U00658,ORD_U00658_008,2025-09-04,476.75,服饰
U00658,ORD_U00658_010,2025-11-14,652.65,服饰
U00659,ORD_U00659_000,2023-09-22,147.1,数码
U00659,ORD_U00659_001,2023-11-20,527.87,数码
U00659,ORD_U00659_003,2024-01-07,295.79,美妆
U00659,ORD_U00659_002,2024-02-09,199.15,数码
U00659,ORD_U00659_005,2024-03-28,409.17,数码
U00659,ORD_U00659_004,2024-05-22,401.14,家居
U00659,ORD_U00659_006,2024-06-11,257.4,数码
U00659,ORD_U00659_008,2024-06-19,306.89,家居
U00659,ORD_U00659_007,2024-10-08,526.15,美妆
U00660,ORD_U00660_000,2024-08-30,184.77,美妆
U00660,ORD_U00660_001,2024-11-27,176.37,家居
U00660,ORD_U00660_002,2024-12-22,68.94,数码
U00660,ORD_U00660_003,2025-02-04,104.87,数码
U00661,ORD_U00661_001,2023-12-23,98.81,食品
U00661,ORD_U00661_000,2024-01-20,84.07,美妆
U00662,ORD_U00662_000,2023-04-07,43.06,家居
U00662,ORD_U00662_001,2023-05-24,51.45,服饰
U00663,ORD_U00663_000,2024-07-11,64.65,美妆
U00663,ORD_U00663_001,2024-08-02,201.17,服饰
U00663,ORD_U00663_002,2024-12-13,83.16,服饰
U00663,ORD_U00663_003,2025-01-28,91.49,数码
U00664,ORD_U00664_000,2023-05-06,73.69,数码
U00664,ORD_U00664_002,2023-06-08,43.94,数码
U00664,ORD_U00664_001,2023-06-21,116.67,食品
U00665,ORD_U00665_000,2024-05-06,132.85,家居
U00665,ORD_U00665_001,2024-08-10,50.48,食品
U00665,ORD_U00665_002,2024-08-31,52.96,家居
U00666,ORD_U00666_000,2024-01-28,111.62,家居
U00666,ORD_U00666_001,2024-02-13,251.49,美妆
U00666,ORD_U00666_002,2024-04-12,109.73,食品
U00667,ORD_U00667_000,2024-07-24,201.92,美妆
U00667,ORD_U00667_002,2024-10-21,287.66,数码
U00667,ORD_U00667_001,2024-10-30,107.05,数码
U00667,ORD_U00667_003,2024-11-12,165.7,数码
U00667,ORD_U00667_007,2024-12-12,108.95,数码
U00667,ORD_U00667_004,2025-03-29,126.95,食品
U00667,ORD_U00667_006,2025-05-01,216.72,服饰
U00667,ORD_U00667_005,2025-05-02,159.42,家居
U00667,ORD_U00667_009,2025-10-25,210.89,食品
U00667,ORD_U00667_008,2025-12-06,150.03,服饰
U00668,ORD_U00668_000,2025-02-20,127.82,食品
U00668,ORD_U00668_001,2025-03-31,91.84,美妆
U00669,ORD_U00669_000,2023-08-16,162.6,美妆
U00670,ORD_U00670_000,2023-08-24,168.12,数码
U00671,ORD_U00671_000,2024-11-24,181.08,美妆
U00671,ORD_U00671_002,2025-03-01,169.91,美妆
U00671,ORD_U00671_001,2025-04-01,162.83,服饰
U00672,ORD_U00672_000,2024-08-02,166.92,服饰
U00673,ORD_U00673_000,2024-11-27,385.42,美妆
U00673,ORD_U00673_001,2024-12-17,378.82,数码
U00673,ORD_U00673_002,2025-02-07,562.58,食品
U00673,ORD_U00673_003,2025-04-25,344.45,食品
U00673,ORD_U00673_004,2025-05-03,535.57,家居
U00673,ORD_U00673_005,2025-05-09,411.13,食品
U00674,ORD_U00674_000,2024-08-18,48.54,服饰
U00674,ORD_U00674_001,2024-09-02,77.81,服饰
U00674,ORD_U00674_002,2024-09-23,91.05,数码
U00674,ORD_U00674_003,2025-04-22,57.78,食品
U00675,ORD_U00675_000,2024-05-13,315.12,数码
U00675,ORD_U00675_001,2024-07-23,151.43,食品
U00675,ORD_U00675_002,2024-08-24,399.92,食品
U00675,ORD_U00675_004,2024-10-17,272.66,服饰
U00675,ORD_U00675_003,2024-10-18,179.76,家居
U00675,ORD_U00675_005,2025-03-09,156.7,服饰
U00675,ORD_U00675_006,2025-04-01,423.77,数码
U00676,ORD_U00676_000,2024-06-08,432.28,数码
U00676,ORD_U00676_001,2024-07-27,396.25,数码
U00676,ORD_U00676_004,2024-10-11,199.81,食品
U00676,ORD_U00676_002,2024-10-26,241.93,家居
U00676,ORD_U00676_003,2024-10-26,305.6,食品
U00676,ORD_U00676_005,2024-12-28,300.09,服饰
U00677,ORD_U00677_000,2023-11-12,66.62,服饰
U00677,ORD_U00677_001,2024-02-15,135.6,美妆
U00677,ORD_U00677_002,2024-03-07,78.34,服饰
U00678,ORD_U00678_000,2024-09-18,127.58,美妆
U00678,ORD_U00678_001,2025-01-11,194.53,食品
U00678,ORD_U00678_002,2025-03-03,215.32,数码
U00679,ORD_U00679_000,2024-11-12,511.12,食品
U00679,ORD_U00679_001,2025-01-03,193.24,服饰
U00679,ORD_U00679_002,2025-02-14,528.35,美妆
U00680,ORD_U00680_000,2023-10-07,154.08,数码
U00680,ORD_U00680_001,2023-12-19,106.59,美妆
U00680,ORD_U00680_002,2024-03-07,60.49,服饰
U00681,ORD_U00681_001,2023-09-05,21.57,数码
U00681,ORD_U00681_000,2023-09-07,30.77,家居
U00681,ORD_U00681_002,2023-12-01,34.18,服饰
U00681,ORD_U00681_003,2024-03-07,21.98,食品
U00682,ORD_U00682_000,2024-03-11,189.73,美妆
U00682,ORD_U00682_002,2024-05-21,73.12,家居
U00682,ORD_U00682_001,2024-07-03,94.3,食品
U00682,ORD_U00682_003,2024-07-31,182.65,数码
U00683,ORD_U00683_000,2024-08-06,73.85,数码
U00683,ORD_U00683_001,2024-10-17,147.52,家居
U00683,ORD_U00683_002,2025-02-19,58.91,美妆
U00684,ORD_U00684_000,2025-01-19,290.65,食品
U00684,ORD_U00684_001,2025-01-28,383.23,服饰
U00684,ORD_U00684_002,2025-03-29,207.52,服饰
U00684,ORD_U00684_003,2025-05-11,145.61,数码
U00684,ORD_U00684_004,2025-06-28,160.63,服饰
U00685,ORD_U00685_000,2024-05-22,52.7,美妆
U00685,ORD_U00685_001,2024-07-19,45.22,美妆
U00686,ORD_U00686_000,2024-06-13,72.21,服饰
U00686,ORD_U00686_001,2024-07-26,83.18,服饰
U00686,ORD_U00686_002,2024-09-23,71.92,服饰
U00687,ORD_U00687_000,2024-08-30,119.11,数码
U00688,ORD_U00688_000,2023-01-25,54.65,数码
U00688,ORD_U00688_001,2023-05-06,114.59,美妆
U00689,ORD_U00689_001,2024-08-29,141.82,美妆
U00689,ORD_U00689_000,2024-09-02,225.82,数码
U00689,ORD_U00689_004,2024-10-01,296.97,服饰
U00689,ORD_U00689_002,2024-11-08,282.08,美妆
U00689,ORD_U00689_003,2025-02-03,208.59,美妆
U00689,ORD_U00689_005,2025-04-22,281.57,美妆
U00689,ORD_U00689_006,2025-06-09,382.9,家居
U00689,ORD_U00689_007,2025-07-31,445.79,数码
U00689,ORD_U00689_008,2025-10-02,177.83,食品
U00690,ORD_U00690_000,2024-06-17,435.73,食品
U00690,ORD_U00690_001,2024-08-02,425.02,美妆
U00690,ORD_U00690_002,2024-08-12,493.71,服饰
U00690,ORD_U00690_003,2024-10-04,293.83,数码
U00690,ORD_U00690_008,2024-11-07,512.15,数码
U00690,ORD_U00690_006,2024-11-11,517.41,食品
U00690,ORD_U00690_005,2024-11-18,569.52,数码
U00690,ORD_U00690_004,2024-12-07,508.88,服饰
U00690,ORD_U00690_009,2025-02-20,603.55,美妆
U00690,ORD_U00690_007,2025-04-05,485.41,服饰
U00691,ORD_U00691_000,2024-11-14,47.6,家居
U00691,ORD_U00691_001,2025-01-01,53.5,美妆
U00692,ORD_U00692_000,2024-07-19,36.07,家居
U00692,ORD_U00692_001,2024-08-02,124.61,家居
U00692,ORD_U00692_002,2024-10-17,37.09,食品
U00693,ORD_U00693_000,2023-09-08,147.55,服饰
U00693,ORD_U00693_001,2023-09-11,155.4,家居
U00694,ORD_U00694_000,2023-04-06,259.02,家居
U00694,ORD_U00694_001,2023-06-03,475.96,家居
U00694,ORD_U00694_003,2023-06-30,157.41,家居
U00694,ORD_U00694_002,2023-09-12,134.02,家居
U00694,ORD_U00694_004,2023-11-21,241.58,数码
U00694,ORD_U00694_005,2023-12-13,365.37,食品
U00695,ORD_U00695_001,2023-09-27,324.25,美妆
U00695,ORD_U00695_000,2023-10-07,410.84,食品
U00695,ORD_U00695_002,2023-12-16,189.95,家居
U00695,ORD_U00695_003,2024-03-12,394.52,服饰
U00695,ORD_U00695_004,2024-06-10,431.46,服饰
U00696,ORD_U00696_000,2023-07-05,159.03,食品
U00696,ORD_U00696_001,2023-09-05,158.04,服饰
U00696,ORD_U00696_002,2023-11-25,178.29,食品
U00696,ORD_U00696_003,2023-12-02,174.47,数码
U00696,ORD_U00696_004,2024-02-01,155.19,服饰
U00696,ORD_U00696_008,2024-02-09,153.38,食品
U00696,ORD_U00696_007,2024-03-06,102.66,食品
U00696,ORD_U00696_006,2024-03-08,155.69,家居
U00696,ORD_U00696_005,2024-04-17,68.99,数码
U00696,ORD_U00696_009,2024-06-04,46.78,美妆
U00697,ORD_U00697_000,2023-11-25,98.35,食品
U00698,ORD_U00698_000,2024-07-18,126.17,数码
U00698,ORD_U00698_001,2024-09-19,191.49,服饰
U00698,ORD_U00698_004,2024-10-09,265.99,家居
U00698,ORD_U00698_002,2024-10-23,108.5,服饰
U00698,ORD_U00698_003,2025-01-11,117.58,服饰
U00698,ORD_U00698_007,2025-04-11,205.93,服饰
U00698,ORD_U00698_005,2025-04-17,186.87,数码
U00698,ORD_U00698_006,2025-05-27,111.59,家居
U00698,ORD_U00698_008,2025-08-23,135.14,美妆
U00699,ORD_U00699_000,2023-04-30,180.94,服饰
U00700,ORD_U00700_000,2023-02-08,356.65,家居
U00700,ORD_U00700_001,2023-04-08,430.2,家居
U00700,ORD_U00700_002,2023-04-18,281.95,美妆
U00700,ORD_U00700_003,2023-09-08,156.01,服饰
U00701,ORD_U00701_000,2024-12-20,42.21,家居
U00701,ORD_U00701_001,2024-12-27,42.37,服饰
U00701,ORD_U00701_002,2025-03-11,44.32,服饰
U00702,ORD_U00702_000,2024-06-03,286.22,服饰
U00702,ORD_U00702_001,2024-07-11,100.54,食品
U00702,ORD_U00702_002,2024-07-28,170.06,美妆
U00702,ORD_U00702_003,2024-08-09,186.62,服饰
U00702,ORD_U00702_004,2024-09-01,106.07,数码
U00702,ORD_U00702_006,2024-09-29,196.89,家居
U00702,ORD_U00702_009,2024-11-27,187.19,服饰
U00702,ORD_U00702_005,2024-12-11,269.86,食品
U00702,ORD_U00702_008,2024-12-11,127.73,服饰
U00702,ORD_U00702_010,2024-12-15,235.57,美妆
U00702,ORD_U00702_007,2024-12-23,261.48,食品
U00702,ORD_U00702_016,2025-04-30,302.6,美妆
U00702,ORD_U00702_014,2025-05-16,86.37,数码
U00702,ORD_U00702_013,2025-05-21,246.2,数码
U00702,ORD_U00702_012,2025-07-07,250.56,服饰
U00702,ORD_U00702_011,2025-08-11,113.96,食品
U00702,ORD_U00702_015,2025-12-01,254.6,食品
U00703,ORD_U00703_000,2023-09-09,94.55,食品
U00703,ORD_U00703_001,2023-10-24,168.64,服饰
U00703,ORD_U00703_002,2023-12-05,123.36,食品
U00703,ORD_U00703_003,2024-02-04,169.08,食品
U00703,ORD_U00703_004,2024-04-01,139.0,家居
U00703,ORD_U00703_005,2024-04-30,138.97,美妆
U00703,ORD_U00703_007,2024-06-08,237.88,美妆
U00703,ORD_U00703_006,2024-06-25,200.16,数码
U00703,ORD_U00703_008,2024-06-26,91.25,食品
U00703,ORD_U00703_009,2025-01-28,70.45,服饰
U00704,ORD_U00704_000,2024-12-23,161.12,美妆
U00704,ORD_U00704_001,2025-01-06,123.44,食品
U00704,ORD_U00704_003,2025-03-17,57.26,服饰
U00704,ORD_U00704_002,2025-04-16,74.03,服饰
U00705,ORD_U00705_000,2025-02-11,45.17,美妆
U00706,ORD_U00706_000,2023-10-18,413.5,服饰
U00706,ORD_U00706_001,2023-10-19,442.19,美妆
U00706,ORD_U00706_002,2023-11-27,233.25,食品
U00706,ORD_U00706_004,2023-12-01,445.6,美妆
U00706,ORD_U00706_003,2023-12-23,208.56,服饰
U00706,ORD_U00706_005,2024-02-16,219.85,数码
U00706,ORD_U00706_006,2024-07-23,405.5,服饰
U00706,ORD_U00706_008,2024-09-03,455.33,服饰
U00706,ORD_U00706_007,2024-09-21,249.51,数码
U00707,ORD_U00707_000,2024-04-30,57.03,美妆
U00707,ORD_U00707_001,2024-05-24,71.1,服饰
U00707,ORD_U00707_002,2024-09-25,73.09,美妆
U00708,ORD_U00708_000,2023-03-24,105.01,服饰
U00708,ORD_U00708_001,2023-04-24,111.43,服饰
U00708,ORD_U00708_003,2023-05-30,128.49,数码
U00708,ORD_U00708_002,2023-07-13,200.41,服饰
U00708,ORD_U00708_004,2023-10-24,171.68,食品
U00709,ORD_U00709_000,2023-02-07,207.19,服饰
U00709,ORD_U00709_001,2023-03-13,322.24,服饰
U00709,ORD_U00709_003,2023-05-04,126.08,美妆
U00709,ORD_U00709_004,2023-05-08,225.39,家居
U00709,ORD_U00709_002,2023-05-26,221.92,美妆
U00709,ORD_U00709_005,2023-07-13,304.61,家居
U00709,ORD_U00709_006,2023-07-23,177.1,服饰
U00709,ORD_U00709_008,2024-01-24,288.41,服饰
U00709,ORD_U00709_007,2024-05-15,96.6,食品
U00710,ORD_U00710_000,2024-04-19,197.38,数码
U00710,ORD_U00710_001,2024-05-24,239.22,家居
U00710,ORD_U00710_002,2024-06-01,184.8,数码
U00710,ORD_U00710_003,2024-06-20,125.28,美妆
U00710,ORD_U00710_004,2024-07-24,109.82,食品
U00710,ORD_U00710_007,2024-11-04,206.67,数码
U00710,ORD_U00710_006,2024-11-27,246.69,数码
U00710,ORD_U00710_005,2024-12-23,240.24,服饰
U00710,ORD_U00710_008,2025-01-20,204.55,美妆
U00711,ORD_U00711_000,2023-03-13,99.51,家居
U00711,ORD_U00711_001,2023-04-11,156.46,家居
U00711,ORD_U00711_006,2023-06-26,232.11,家居
U00711,ORD_U00711_002,2023-07-01,136.78,家居
U00711,ORD_U00711_004,2023-07-21,266.34,服饰
U00711,ORD_U00711_003,2023-08-12,230.75,食品
U00711,ORD_U00711_005,2023-10-13,93.93,家居
U00711,ORD_U00711_007,2024-02-18,206.7,服饰
U00712,ORD_U00712_000,2025-01-15,266.93,数码
U00712,ORD_U00712_001,2025-02-02,323.18,数码
U00712,ORD_U00712_002,2025-03-21,402.92,家居
U00712,ORD_U00712_004,2025-04-13,402.13,食品
U00712,ORD_U00712_005,2025-05-02,218.06,美妆
U00712,ORD_U00712_006,2025-06-05,124.01,数码
U00712,ORD_U00712_003,2025-06-07,219.78,食品
U00713,ORD_U00713_000,2025-02-02,333.56,数码
U00713,ORD_U00713_001,2025-02-06,406.79,美妆
U00713,ORD_U00713_002,2025-04-13,238.53,食品
U00714,ORD_U00714_000,2024-01-17,100.14,家居
U00715,ORD_U00715_001,2023-06-14,194.19,服饰
U00715,ORD_U00715_000,2023-06-16,61.08,食品
U00715,ORD_U00715_003,2023-08-30,155.54,数码
U00715,ORD_U00715_002,2023-09-15,121.7,家居
U00715,ORD_U00715_005,2023-09-25,115.89,服饰
U00715,ORD_U00715_004,2023-11-09,143.39,食品
U00715,ORD_U00715_009,2024-02-12,79.12,数码
U00715,ORD_U00715_007,2024-03-29,183.14,食品
U00715,ORD_U00715_008,2024-04-09,191.13,食品
U00715,ORD_U00715_006,2024-04-22,68.86,家居
U00716,ORD_U00716_000,2023-07-02,112.41,服饰
U00717,ORD_U00717_000,2024-09-07,170.05,食品
U00717,ORD_U00717_001,2024-12-02,166.2,家居
U00717,ORD_U00717_002,2024-12-09,185.0,家居
U00717,ORD_U00717_003,2025-01-31,288.57,家居
U00717,ORD_U00717_006,2025-02-07,104.07,食品
U00717,ORD_U00717_004,2025-04-11,99.24,食品
U00717,ORD_U00717_008,2025-05-18,181.29,美妆
U00717,ORD_U00717_005,2025-08-16,242.22,服饰
U00717,ORD_U00717_007,2025-08-23,192.38,美妆
U00717,ORD_U00717_009,2026-04-07,261.17,家居
U00718,ORD_U00718_001,2024-12-15,341.06,服饰
U00718,ORD_U00718_000,2025-01-04,194.84,食品
U00718,ORD_U00718_003,2025-02-07,218.76,服饰
U00718,ORD_U00718_002,2025-02-23,167.89,食品
U00718,ORD_U00718_005,2025-04-01,306.94,美妆
U00718,ORD_U00718_004,2025-05-27,383.34,服饰
U00719,ORD_U00719_000,2024-06-17,1011.22,数码
U00719,ORD_U00719_001,2024-06-26,1372.46,美妆
U00719,ORD_U00719_002,2024-08-12,637.1,食品
U00719,ORD_U00719_008,2024-08-26,1243.22,美妆
U00719,ORD_U00719_003,2024-08-28,948.12,服饰
U00719,ORD_U00719_010,2024-09-01,564.78,美妆
U00719,ORD_U00719_006,2024-09-10,1031.17,服饰
U00719,ORD_U00719_007,2024-09-21,501.65,食品
U00719,ORD_U00719_004,2024-10-03,968.29,美妆
U00719,ORD_U00719_005,2024-10-24,1490.76,服饰
U00719,ORD_U00719_011,2024-12-10,794.24,美妆
U00719,ORD_U00719_009,2025-02-20,675.8,数码
U00719,ORD_U00719_012,2025-02-24,1115.43,数码
U00719,ORD_U00719_013,2025-03-03,1268.27,食品
U00719,ORD_U00719_016,2025-04-11,1446.82,服饰
U00719,ORD_U00719_015,2025-05-24,1685.17,数码
U00719,ORD_U00719_014,2025-06-15,1116.68,美妆
U00719,ORD_U00719_017,2025-10-27,1773.79,服饰
U00720,ORD_U00720_001,2023-12-25,60.83,家居
U00720,ORD_U00720_000,2023-12-27,132.79,家居
U00720,ORD_U00720_002,2024-04-11,122.74,美妆
U00721,ORD_U00721_000,2023-04-22,25.2,美妆
U00722,ORD_U00722_000,2024-10-04,79.46,食品
U00722,ORD_U00722_001,2024-11-30,197.22,美妆
U00722,ORD_U00722_003,2025-02-06,100.81,家居
U00722,ORD_U00722_002,2025-02-18,122.38,美妆
U00723,ORD_U00723_001,2024-05-19,360.2,数码
U00723,ORD_U00723_000,2024-06-01,278.59,服饰
U00723,ORD_U00723_002,2024-08-28,114.44,食品
U00723,ORD_U00723_003,2024-09-07,315.57,美妆
U00723,ORD_U00723_004,2024-09-08,382.89,家居
U00723,ORD_U00723_006,2024-09-19,193.36,数码
U00723,ORD_U00723_005,2025-01-30,384.51,家居
U00724,ORD_U00724_000,2023-07-14,156.25,食品
U00725,ORD_U00725_000,2024-07-10,71.11,食品
U00725,ORD_U00725_001,2024-09-13,32.37,家居
U00726,ORD_U00726_000,2023-02-06,2635.59,食品
U00726,ORD_U00726_001,2023-02-17,2597.63,服饰
U00726,ORD_U00726_002,2023-03-26,1481.91,美妆
U00726,ORD_U00726_003,2023-04-10,1429.19,服饰
U00726,ORD_U00726_011,2023-04-28,1573.22,数码
U00726,ORD_U00726_005,2023-05-09,1322.49,食品
U00726,ORD_U00726_008,2023-05-19,1806.05,家居
U00726,ORD_U00726_004,2023-05-20,2721.83,食品
U00726,ORD_U00726_012,2023-05-20,1154.45,家居
U00726,ORD_U00726_020,2023-06-07,2231.34,服饰
U00726,ORD_U00726_007,2023-07-09,1993.37,服饰
U00726,ORD_U00726_010,2023-07-22,1645.89,服饰
U00726,ORD_U00726_006,2023-07-24,2328.79,家居
U00726,ORD_U00726_009,2023-07-24,1603.27,服饰
U00726,ORD_U00726_022,2023-08-11,1234.71,食品
U00726,ORD_U00726_013,2023-08-25,1049.61,服饰
U00726,ORD_U00726_023,2023-09-22,1667.93,家居
U00726,ORD_U00726_021,2023-10-11,1939.97,美妆
U00726,ORD_U00726_025,2023-10-17,1712.73,服饰
U00726,ORD_U00726_017,2023-10-24,1735.31,食品
U00726,ORD_U00726_016,2023-12-14,2723.32,数码
U00726,ORD_U00726_019,2024-01-02,1095.28,家居
U00726,ORD_U00726_018,2024-02-01,1038.51,家居
U00726,ORD_U00726_014,2024-02-17,2009.49,服饰
U00726,ORD_U00726_015,2024-05-05,1885.68,食品
U00726,ORD_U00726_026,2024-11-14,859.36,食品
U00726,ORD_U00726_027,2024-11-28,1428.43,服饰
U00726,ORD_U00726_024,2024-12-09,2411.55,服饰
U00727,ORD_U00727_000,2023-06-16,470.51,数码
U00727,ORD_U00727_001,2023-09-01,444.46,食品
U00727,ORD_U00727_002,2023-10-03,259.42,美妆
U00727,ORD_U00727_004,2023-10-18,160.07,食品
U00727,ORD_U00727_003,2023-10-21,169.47,服饰
U00727,ORD_U00727_005,2024-05-11,212.92,美妆
U00728,ORD_U00728_000,2023-12-09,162.58,数码
U00728,ORD_U00728_001,2023-12-20,253.25,家居
U00728,ORD_U00728_002,2024-03-03,202.96,食品
U00728,ORD_U00728_003,2024-03-29,260.92,美妆
U00728,ORD_U00728_004,2024-05-19,256.6,数码
U00729,ORD_U00729_000,2023-03-12,32.34,家居
U00729,ORD_U00729_001,2023-04-23,79.95,数码
U00730,ORD_U00730_000,2024-12-11,433.56,家居
U00730,ORD_U00730_001,2025-01-11,409.42,服饰
U00730,ORD_U00730_002,2025-02-22,462.92,美妆
U00730,ORD_U00730_003,2025-04-24,376.1,数码
U00730,ORD_U00730_004,2025-04-24,646.44,食品
U00730,ORD_U00730_005,2025-06-01,450.48,食品
U00730,ORD_U00730_007,2025-07-07,469.84,服饰
U00730,ORD_U00730_006,2025-07-15,341.44,家居
U00730,ORD_U00730_009,2025-07-16,332.14,家居
U00730,ORD_U00730_008,2025-10-01,261.69,服饰
U00730,ORD_U00730_010,2025-11-20,382.98,数码
U00730,ORD_U00730_012,2026-01-22,510.57,服饰
U00730,ORD_U00730_011,2026-03-18,619.96,数码
U00730,ORD_U00730_014,2026-06-28,654.94,服饰
U00730,ORD_U00730_013,2026-07-08,233.23,服饰
U00730,ORD_U00730_015,2026-07-29,203.68,数码
U00731,ORD_U00731_000,2024-01-08,95.55,美妆
U00732,ORD_U00732_000,2023-06-22,91.28,服饰
U00732,ORD_U00732_001,2023-08-02,34.84,服饰
U00732,ORD_U00732_002,2023-10-29,80.75,食品
U00733,ORD_U00733_000,2023-07-20,65.22,美妆
U00733,ORD_U00733_001,2023-10-14,33.71,数码
U00734,ORD_U00734_000,2023-04-14,170.86,家居
U00734,ORD_U00734_001,2023-04-19,218.39,美妆
U00734,ORD_U00734_002,2023-06-30,313.86,美妆
U00734,ORD_U00734_003,2023-06-30,348.19,服饰
U00735,ORD_U00735_000,2024-01-12,142.66,食品
U00735,ORD_U00735_001,2024-02-26,59.88,服饰
U00735,ORD_U00735_002,2024-04-21,88.68,家居
U00736,ORD_U00736_001,2024-08-29,512.91,数码
U00736,ORD_U00736_000,2024-09-06,1392.57,数码
U00736,ORD_U00736_004,2024-10-15,1358.07,服饰
U00736,ORD_U00736_005,2024-10-23,936.78,食品
U00736,ORD_U00736_002,2024-11-01,707.09,食品
U00736,ORD_U00736_003,2024-11-13,1753.7,服饰
U00736,ORD_U00736_008,2024-11-13,486.31,家居
U00736,ORD_U00736_010,2024-11-30,866.83,服饰
U00736,ORD_U00736_009,2024-12-17,495.35,食品
U00736,ORD_U00736_013,2025-01-04,1325.17,食品
U00736,ORD_U00736_011,2025-01-31,1457.49,家居
U00736,ORD_U00736_006,2025-02-27,578.11,家居
U00736,ORD_U00736_021,2025-03-15,683.35,服饰
U00736,ORD_U00736_007,2025-04-03,1391.27,数码
U00736,ORD_U00736_026,2025-04-29,896.08,服饰
U00736,ORD_U00736_019,2025-06-20,1412.36,家居
U00736,ORD_U00736_031,2025-07-18,546.47,数码
U00736,ORD_U00736_025,2025-07-21,1332.72,数码
U00736,ORD_U00736_015,2025-07-31,1642.87,服饰
U00736,ORD_U00736_020,2025-08-01,873.0,数码
U00736,ORD_U00736_022,2025-08-02,622.42,数码
U00736,ORD_U00736_030,2025-08-06,1420.22,服饰
U00736,ORD_U00736_012,2025-09-09,527.59,服饰
U00736,ORD_U00736_018,2025-09-29,1520.12,食品
U00736,ORD_U00736_028,2025-10-02,1183.62,美妆
U00736,ORD_U00736_016,2025-10-04,782.04,家居
U00736,ORD_U00736_014,2025-10-13,923.91,美妆
U00736,ORD_U00736_017,2025-10-23,1361.28,家居
U00736,ORD_U00736_029,2025-11-20,475.38,数码
U00736,ORD_U00736_023,2025-12-07,554.17,食品
U00736,ORD_U00736_024,2026-02-03,1246.52,数码
U00736,ORD_U00736_032,2026-04-14,784.22,数码
U00736,ORD_U00736_033,2026-06-14,1619.75,食品
U00736,ORD_U00736_027,2026-08-05,1271.3,服饰
U00736,ORD_U00736_034,2026-08-13,1568.19,食品
U00737,ORD_U00737_000,2024-10-05,449.03,家居
U00737,ORD_U00737_002,2024-11-22,611.92,服饰
U00737,ORD_U00737_001,2024-11-28,1003.49,家居
U00737,ORD_U00737_003,2025-02-19,658.81,家居
U00737,ORD_U00737_004,2025-04-06,1023.37,食品
U00737,ORD_U00737_010,2025-04-09,917.09,服饰
U00737,ORD_U00737_011,2025-05-16,676.03,服饰
U00737,ORD_U00737_005,2025-06-05,768.56,数码
U00737,ORD_U00737_007,2025-07-02,747.76,美妆
U00737,ORD_U00737_008,2025-07-04,307.65,家居
U00737,ORD_U00737_006,2025-07-07,907.16,服饰
U00737,ORD_U00737_013,2025-10-04,819.65,美妆
U00737,ORD_U00737_009,2025-11-26,349.76,服饰
U00737,ORD_U00737_012,2025-12-24,581.88,家居
U00738,ORD_U00738_000,2025-02-23,130.33,家居
U00738,ORD_U00738_001,2025-03-10,124.72,美妆
U00739,ORD_U00739_001,2023-11-21,205.71,食品
U00739,ORD_U00739_000,2023-11-24,149.75,数码
U00739,ORD_U00739_002,2024-01-15,64.64,食品
U00739,ORD_U00739_003,2024-03-19,221.06,服饰
U00739,ORD_U00739_004,2024-06-01,194.05,家居
U00740,ORD_U00740_000,2024-04-05,139.21,服饰
U00740,ORD_U00740_001,2024-04-27,228.11,服饰
U00740,ORD_U00740_002,2024-07-20,318.5,家居
U00740,ORD_U00740_003,2024-07-31,383.19,家居
U00740,ORD_U00740_005,2024-08-08,160.1,美妆
U00740,ORD_U00740_004,2024-08-12,293.42,食品
U00740,ORD_U00740_006,2024-12-13,343.91,家居
U00741,ORD_U00741_000,2024-07-01,267.86,数码
U00741,ORD_U00741_001,2024-08-11,118.41,食品
U00741,ORD_U00741_004,2024-08-28,160.72,家居
U00741,ORD_U00741_002,2024-10-03,94.59,食品
U00741,ORD_U00741_003,2024-12-21,286.27,服饰
U00741,ORD_U00741_006,2025-01-19,279.83,服饰
U00741,ORD_U00741_005,2025-02-17,149.85,食品
U00741,ORD_U00741_008,2025-03-25,223.62,数码
U00741,ORD_U00741_007,2025-06-17,113.03,家居
U00742,ORD_U00742_000,2024-08-19,261.27,服饰
U00742,ORD_U00742_001,2024-10-12,285.62,服饰
U00742,ORD_U00742_002,2024-10-25,119.69,家居
U00742,ORD_U00742_003,2024-11-20,328.58,美妆
U00742,ORD_U00742_005,2024-12-28,108.38,美妆
U00742,ORD_U00742_006,2025-03-13,362.67,家居
U00742,ORD_U00742_004,2025-03-18,308.92,美妆
U00742,ORD_U00742_007,2025-08-07,391.18,家居
U00742,ORD_U00742_008,2025-11-17,194.51,家居
U00742,ORD_U00742_009,2026-01-12,158.82,数码
U00743,ORD_U00743_000,2024-03-11,331.04,食品
U00743,ORD_U00743_001,2024-04-13,308.09,美妆
U00743,ORD_U00743_002,2024-05-02,434.24,数码
U00743,ORD_U00743_003,2024-05-14,305.45,食品
U00743,ORD_U00743_007,2024-07-17,184.29,家居
U00743,ORD_U00743_010,2024-07-22,159.44,美妆
U00743,ORD_U00743_006,2024-08-22,510.63,数码
U00743,ORD_U00743_004,2024-08-23,184.45,服饰
U00743,ORD_U00743_005,2024-09-02,264.86,家居
U00743,ORD_U00743_008,2024-09-10,522.74,美妆
U00743,ORD_U00743_013,2024-09-28,473.71,家居
U00743,ORD_U00743_016,2024-10-22,464.08,美妆
U00743,ORD_U00743_012,2024-10-26,295.73,数码
U00743,ORD_U00743_009,2024-11-01,338.86,食品
U00743,ORD_U00743_018,2024-12-21,412.67,服饰
U00743,ORD_U00743_011,2025-04-25,164.4,家居
U00743,ORD_U00743_015,2025-08-22,414.04,家居
U00743,ORD_U00743_014,2025-08-25,434.36,数码
U00743,ORD_U00743_017,2025-09-25,385.44,家居
U00744,ORD_U00744_000,2023-09-25,384.35,服饰
U00744,ORD_U00744_002,2023-11-06,192.49,数码
U00744,ORD_U00744_001,2023-11-10,281.84,美妆
U00744,ORD_U00744_003,2023-11-12,215.71,服饰
U00744,ORD_U00744_004,2024-01-03,363.19,家居
U00744,ORD_U00744_006,2024-02-22,465.83,食品
U00744,ORD_U00744_005,2024-03-17,267.18,食品
U00744,ORD_U00744_007,2024-04-19,482.45,美妆
U00744,ORD_U00744_008,2024-06-11,472.95,数码
U00744,ORD_U00744_009,2024-08-25,317.73,数码
U00745,ORD_U00745_000,2024-01-23,62.82,家居
U00745,ORD_U00745_001,2024-05-21,67.86,家居
U00745,ORD_U00745_002,2024-06-19,48.55,服饰
U00745,ORD_U00745_003,2024-08-29,59.23,服饰
U00746,ORD_U00746_000,2023-08-26,122.66,美妆
U00746,ORD_U00746_002,2023-09-12,140.88,服饰
U00746,ORD_U00746_001,2023-10-02,74.01,美妆
U00746,ORD_U00746_004,2023-11-04,182.29,家居
U00746,ORD_U00746_003,2024-01-08,80.57,家居
U00746,ORD_U00746_007,2024-01-17,171.15,食品
U00746,ORD_U00746_005,2024-03-09,98.92,食品
U00746,ORD_U00746_009,2024-03-24,49.51,数码
U00746,ORD_U00746_008,2024-05-08,122.73,服饰
U00746,ORD_U00746_006,2024-06-15,121.56,美妆
U00747,ORD_U00747_000,2024-10-19,161.44,数码
U00747,ORD_U00747_001,2025-01-07,115.78,服饰
U00747,ORD_U00747_002,2025-02-20,86.09,服饰
U00748,ORD_U00748_000,2023-12-09,249.56,数码
U00748,ORD_U00748_001,2024-02-06,283.97,食品
U00748,ORD_U00748_003,2024-03-18,184.89,食品
U00748,ORD_U00748_006,2024-03-25,227.61,美妆
U00748,ORD_U00748_002,2024-03-27,217.88,美妆
U00748,ORD_U00748_009,2024-06-11,179.92,食品
U00748,ORD_U00748_004,2024-08-28,280.15,食品
U00748,ORD_U00748_005,2024-09-08,234.27,服饰
U00748,ORD_U00748_008,2024-12-14,475.29,家居
U00748,ORD_U00748_007,2024-12-15,206.26,食品
U00749,ORD_U00749_000,2023-05-30,98.51,数码
U00749,ORD_U00749_001,2023-08-14,163.5,家居
U00749,ORD_U00749_002,2023-09-08,121.35,美妆
U00749,ORD_U00749_003,2023-10-16,179.08,服饰
U00749,ORD_U00749_004,2023-11-11,148.79,数码
U00749,ORD_U00749_008,2023-11-17,141.27,食品
U00749,ORD_U00749_007,2024-01-18,118.89,美妆
U00749,ORD_U00749_005,2024-02-29,169.6,家居
U00749,ORD_U00749_006,2024-05-08,177.86,美妆
U00749,ORD_U00749_009,2024-09-03,125.64,食品
U00750,ORD_U00750_000,2024-01-19,76.41,食品
U00750,ORD_U00750_001,2024-03-18,91.86,数码
U00750,ORD_U00750_002,2024-05-30,117.98,家居
U00751,ORD_U00751_000,2024-11-16,686.93,数码
U00751,ORD_U00751_001,2024-12-12,375.31,服饰
U00751,ORD_U00751_002,2025-01-17,419.9,美妆
U00751,ORD_U00751_003,2025-02-05,403.12,食品
U00751,ORD_U00751_009,2025-03-25,671.34,服饰
U00751,ORD_U00751_005,2025-04-02,714.68,美妆
U00751,ORD_U00751_004,2025-04-08,1089.98,食品
U00751,ORD_U00751_006,2025-04-12,705.63,数码
U00751,ORD_U00751_011,2025-05-06,706.88,家居
U00751,ORD_U00751_008,2025-05-15,917.77,数码
U00751,ORD_U00751_007,2025-06-23,966.72,美妆
U00751,ORD_U00751_013,2025-07-02,656.03,食品
U00751,ORD_U00751_010,2025-07-06,878.85,家居
U00751,ORD_U00751_012,2025-12-20,874.04,美妆
U00752,ORD_U00752_000,2023-11-26,145.76,食品
U00752,ORD_U00752_001,2024-02-12,115.61,数码
U00753,ORD_U00753_000,2024-08-29,117.07,服饰
U00753,ORD_U00753_002,2024-09-03,93.92,数码
U00753,ORD_U00753_001,2024-09-25,65.19,食品
U00753,ORD_U00753_003,2025-03-16,106.66,食品
U00754,ORD_U00754_001,2023-10-31,409.98,食品
U00754,ORD_U00754_000,2023-11-13,171.63,服饰
U00754,ORD_U00754_002,2023-12-20,193.99,食品
U00754,ORD_U00754_003,2024-02-15,272.02,食品
U00754,ORD_U00754_005,2024-03-18,616.3,食品
U00754,ORD_U00754_004,2024-04-03,453.2,食品
U00754,ORD_U00754_008,2024-04-23,608.36,服饰
U00754,ORD_U00754_006,2024-05-24,248.71,数码
U00754,ORD_U00754_007,2024-08-30,525.72,美妆
U00754,ORD_U00754_009,2024-09-10,331.15,服饰
U00754,ORD_U00754_011,2024-12-03,673.24,食品
U00754,ORD_U00754_010,2024-12-23,370.17,食品
U00755,ORD_U00755_000,2023-09-08,23.3,家居
U00755,ORD_U00755_001,2023-11-12,52.92,食品
U00755,ORD_U00755_002,2024-01-04,29.04,美妆
U00755,ORD_U00755_003,2024-04-18,43.88,服饰
U00756,ORD_U00756_003,2023-03-14,1038.41,家居
U00756,ORD_U00756_000,2023-03-18,1154.76,美妆
U00756,ORD_U00756_001,2023-03-25,1732.66,食品
U00756,ORD_U00756_002,2023-04-28,562.89,家居
U00756,ORD_U00756_007,2023-06-14,793.17,美妆
U00756,ORD_U00756_006,2023-06-16,1321.14,数码
U00756,ORD_U00756_004,2023-06-29,449.67,数码
U00756,ORD_U00756_012,2023-07-12,827.65,家居
U00756,ORD_U00756_005,2023-07-29,734.41,服饰
U00756,ORD_U00756_008,2023-08-21,512.91,服饰
U00756,ORD_U00756_009,2023-09-27,1252.77,食品
U00756,ORD_U00756_010,2023-10-04,776.02,食品
U00756,ORD_U00756_013,2023-10-04,1391.83,食品
U00756,ORD_U00756_020,2023-10-15,1639.91,食品
U00756,ORD_U00756_014,2023-11-01,1733.09,数码
U00756,ORD_U00756_028,2023-11-29,749.02,数码
U00756,ORD_U00756_011,2023-12-04,654.05,美妆
U00756,ORD_U00756_022,2023-12-06,1344.82,服饰
U00756,ORD_U00756_018,2023-12-19,1367.05,服饰
U00756,ORD_U00756_016,2024-01-12,1406.66,食品
U00756,ORD_U00756_024,2024-01-17,1592.67,服饰
U00756,ORD_U00756_021,2024-02-01,1513.54,家居
U00756,ORD_U00756_023,2024-02-16,1547.8,数码
U00756,ORD_U00756_025,2024-03-24,454.96,数码
U00756,ORD_U00756_015,2024-03-26,1609.73,家居
U00756,ORD_U00756_019,2024-05-21,1437.41,食品
U00756,ORD_U00756_017,2024-05-27,1121.6,家居
U00756,ORD_U00756_031,2024-06-19,622.95,美妆
U00756,ORD_U00756_039,2024-07-19,1430.33,美妆
U00756,ORD_U00756_034,2024-08-03,1483.97,数码
U00756,ORD_U00756_037,2024-08-06,1277.12,数码
U00756,ORD_U00756_036,2024-08-28,1624.65,美妆
U00756,ORD_U00756_040,2024-09-26,579.31,数码
U00756,ORD_U00756_029,2024-11-03,1491.48,家居
U00756,ORD_U00756_033,2025-03-19,604.89,服饰
U00756,ORD_U00756_027,2025-04-01,1203.25,服饰
U00756,ORD_U00756_026,2025-04-08,1059.96,美妆
U00756,ORD_U00756_030,2025-08-17,1164.73,数码
U00756,ORD_U00756_032,2025-09-03,827.75,数码
U00756,ORD_U00756_035,2025-11-16,601.24,服饰
U00756,ORD_U00756_038,2025-12-21,1286.91,数码
U00756,ORD_U00756_041,2026-06-10,1291.62,服饰
U00757,ORD_U00757_000,2023-07-28,77.07,服饰
U00757,ORD_U00757_002,2023-09-29,70.74,美妆
U00757,ORD_U00757_001,2023-10-20,72.37,食品
U00757,ORD_U00757_003,2024-02-12,66.09,食品
U00758,ORD_U00758_000,2023-08-04,199.1,家居
U00758,ORD_U00758_001,2023-09-29,157.09,食品
U00759,ORD_U00759_000,2024-01-29,58.92,美妆
U00759,ORD_U00759_001,2024-04-15,31.46,服饰
U00759,ORD_U00759_002,2024-06-21,32.45,数码
U00760,ORD_U00760_000,2024-10-08,456.84,家居
U00760,ORD_U00760_001,2024-10-22,356.06,食品
U00760,ORD_U00760_004,2024-12-04,630.89,数码
U00760,ORD_U00760_002,2024-12-06,783.13,家居
U00760,ORD_U00760_003,2025-01-13,583.76,数码
U00760,ORD_U00760_005,2025-04-05,415.95,服饰
U00760,ORD_U00760_009,2025-04-19,809.53,数码
U00760,ORD_U00760_006,2025-05-10,779.47,服饰
U00760,ORD_U00760_012,2025-05-22,720.63,家居
U00760,ORD_U00760_007,2025-06-08,265.04,食品
U00760,ORD_U00760_008,2025-08-07,474.83,美妆
U00760,ORD_U00760_010,2025-08-29,624.78,服饰
U00760,ORD_U00760_011,2025-10-25,466.09,食品
U00761,ORD_U00761_000,2024-11-01,467.0,家居
U00761,ORD_U00761_001,2025-01-10,454.78,服饰
U00761,ORD_U00761_002,2025-01-17,524.43,食品
U00761,ORD_U00761_003,2025-04-28,486.06,家居
U00761,ORD_U00761_004,2025-06-30,293.33,美妆
U00761,ORD_U00761_007,2025-07-03,188.98,数码
U00761,ORD_U00761_005,2025-07-06,519.89,服饰
U00761,ORD_U00761_006,2025-09-28,195.13,家居
U00762,ORD_U00762_000,2023-07-26,220.51,数码
U00762,ORD_U00762_003,2023-10-07,211.76,美妆
U00762,ORD_U00762_001,2023-10-16,66.5,数码
U00762,ORD_U00762_002,2023-10-28,202.46,数码
U00762,ORD_U00762_006,2024-01-06,237.69,食品
U00762,ORD_U00762_004,2024-01-07,149.32,服饰
U00762,ORD_U00762_005,2024-02-19,232.14,家居
U00762,ORD_U00762_007,2024-02-21,223.2,服饰
U00762,ORD_U00762_008,2024-06-14,71.93,食品
U00762,ORD_U00762_009,2024-10-27,99.7,数码
U00763,ORD_U00763_000,2023-09-02,122.08,食品
U00763,ORD_U00763_003,2023-11-02,346.29,服饰
U00763,ORD_U00763_001,2023-11-21,464.34,数码
U00763,ORD_U00763_002,2023-12-02,132.96,家居
U00763,ORD_U00763_004,2024-04-01,293.75,服饰
U00763,ORD_U00763_007,2024-04-02,226.9,数码
U00763,ORD_U00763_005,2024-06-18,185.52,食品
U00763,ORD_U00763_008,2024-07-13,377.02,美妆
U00763,ORD_U00763_006,2024-08-31,151.69,食品
U00763,ORD_U00763_009,2024-10-15,218.05,美妆
U00764,ORD_U00764_000,2023-12-22,278.51,家居
U00764,ORD_U00764_001,2024-02-10,216.81,数码
U00764,ORD_U00764_002,2024-03-31,137.4,家居
U00765,ORD_U00765_000,2024-09-06,145.7,美妆
U00765,ORD_U00765_001,2024-12-09,153.01,食品
U00766,ORD_U00766_000,2023-10-22,170.98,数码
U00766,ORD_U00766_003,2024-01-10,342.24,家居
U00766,ORD_U00766_001,2024-01-15,214.98,服饰
U00766,ORD_U00766_002,2024-02-15,196.01,服饰
U00766,ORD_U00766_004,2024-03-11,296.85,数码
U00766,ORD_U00766_006,2024-04-29,366.13,美妆
U00766,ORD_U00766_005,2024-05-02,227.72,数码
U00766,ORD_U00766_007,2024-05-07,351.56,数码
U00767,ORD_U00767_000,2024-07-21,87.22,家居
U00767,ORD_U00767_001,2024-09-03,75.43,食品
U00768,ORD_U00768_000,2024-09-27,73.71,食品
U00768,ORD_U00768_001,2025-01-12,153.82,食品
U00768,ORD_U00768_002,2025-01-15,186.09,服饰
U00769,ORD_U00769_000,2024-03-14,124.04,美妆
U00769,ORD_U00769_001,2024-04-28,110.78,家居
U00769,ORD_U00769_002,2024-08-23,93.29,服饰
U00769,ORD_U00769_003,2024-10-13,71.5,服饰
U00770,ORD_U00770_000,2024-10-09,678.49,家居
U00770,ORD_U00770_001,2024-11-06,482.84,家居
U00770,ORD_U00770_002,2024-11-24,390.02,食品
U00770,ORD_U00770_005,2024-12-05,414.53,美妆
U00770,ORD_U00770_003,2025-01-02,624.74,家居
U00770,ORD_U00770_004,2025-01-07,399.01,食品
U00770,ORD_U00770_009,2025-01-18,439.44,食品
U00770,ORD_U00770_008,2025-02-04,654.67,食品
U00770,ORD_U00770_006,2025-02-28,566.51,服饰
U00770,ORD_U00770_011,2025-03-29,533.33,服饰
U00770,ORD_U00770_007,2025-03-31,413.13,美妆
U00770,ORD_U00770_012,2025-06-25,518.47,食品
U00770,ORD_U00770_010,2025-08-01,418.69,食品
U00770,ORD_U00770_013,2025-08-06,584.44,美妆
U00770,ORD_U00770_014,2025-11-02,545.15,服饰
U00770,ORD_U00770_015,2025-12-11,672.4,美妆
U00771,ORD_U00771_000,2023-03-18,468.98,美妆
U00771,ORD_U00771_001,2023-03-21,306.36,服饰
U00771,ORD_U00771_002,2023-05-26,158.06,家居
U00772,ORD_U00772_001,2024-10-20,65.0,美妆
U00772,ORD_U00772_000,2024-11-01,103.69,食品
U00772,ORD_U00772_002,2025-02-05,106.74,家居
U00773,ORD_U00773_000,2024-08-15,91.48,服饰
U00773,ORD_U00773_001,2024-10-09,83.62,家居
U00774,ORD_U00774_000,2024-09-08,93.88,美妆
U00774,ORD_U00774_001,2025-01-19,85.53,美妆
U00775,ORD_U00775_000,2023-10-30,53.85,食品
U00776,ORD_U00776_000,2023-05-28,134.66,家居
U00776,ORD_U00776_001,2023-06-13,70.31,美妆
U00776,ORD_U00776_002,2023-08-20,220.66,数码
U00777,ORD_U00777_000,2023-09-26,89.59,美妆
U00777,ORD_U00777_001,2023-11-22,96.0,数码
U00778,ORD_U00778_000,2023-04-09,391.69,服饰
U00778,ORD_U00778_002,2023-04-19,491.73,服饰
U00778,ORD_U00778_001,2023-04-22,659.99,食品
U00778,ORD_U00778_003,2023-05-10,1045.47,美妆
U00778,ORD_U00778_005,2023-06-05,742.16,食品
U00778,ORD_U00778_004,2023-06-08,799.9,家居
U00778,ORD_U00778_007,2023-07-27,479.65,家居
U00778,ORD_U00778_012,2023-08-26,860.46,服饰
U00778,ORD_U00778_010,2023-08-30,913.67,数码
U00778,ORD_U00778_006,2023-09-19,842.35,美妆
U00778,ORD_U00778_011,2023-09-25,679.03,数码
U00778,ORD_U00778_013,2023-09-29,699.09,服饰
U00778,ORD_U00778_017,2023-11-22,526.41,食品
U00778,ORD_U00778_008,2023-12-11,937.09,食品
U00778,ORD_U00778_009,2024-01-06,469.15,家居
U00778,ORD_U00778_014,2024-01-16,698.63,服饰
U00778,ORD_U00778_015,2024-05-29,1121.7,服饰
U00778,ORD_U00778_016,2024-06-14,1168.23,家居
U00778,ORD_U00778_018,2024-08-18,703.86,食品
U00779,ORD_U00779_000,2023-03-15,37.31,食品
U00779,ORD_U00779_001,2023-06-16,49.01,服饰
U00779,ORD_U00779_002,2023-09-07,70.91,美妆
U00780,ORD_U00780_000,2024-03-24,79.7,服饰
U00780,ORD_U00780_001,2024-05-01,102.23,数码
U00780,ORD_U00780_002,2024-10-05,68.84,食品
U00781,ORD_U00781_001,2024-12-08,131.18,食品
U00781,ORD_U00781_000,2024-12-29,96.44,数码
U00781,ORD_U00781_002,2025-03-15,47.51,服饰
U00781,ORD_U00781_003,2025-05-15,53.25,家居
U00782,ORD_U00782_000,2023-05-27,73.31,美妆
U00782,ORD_U00782_001,2023-09-07,57.15,数码
U00782,ORD_U00782_002,2023-11-30,29.37,数码
U00782,ORD_U00782_003,2024-01-23,39.95,美妆
U00783,ORD_U00783_000,2023-03-27,157.55,食品
U00784,ORD_U00784_001,2023-05-21,564.5,服饰
U00784,ORD_U00784_000,2023-06-08,354.14,服饰
U00784,ORD_U00784_002,2023-06-22,176.44,食品
U00784,ORD_U00784_004,2023-07-23,471.43,食品
U00784,ORD_U00784_003,2023-11-27,203.58,数码
U00785,ORD_U00785_000,2024-09-07,725.3,美妆
U00785,ORD_U00785_001,2024-10-01,327.85,家居
U00785,ORD_U00785_002,2024-12-02,705.3,数码
U00785,ORD_U00785_006,2024-12-08,887.63,美妆
U00785,ORD_U00785_003,2024-12-15,892.14,数码
U00785,ORD_U00785_004,2025-02-03,858.09,食品
U00785,ORD_U00785_007,2025-02-03,307.7,数码
U00785,ORD_U00785_005,2025-02-18,531.28,食品
U00785,ORD_U00785_008,2025-07-12,630.58,家居
U00786,ORD_U00786_000,2023-04-11,57.3,数码
U00786,ORD_U00786_001,2023-06-15,35.6,美妆
U00786,ORD_U00786_002,2023-08-30,41.44,家居
U00786,ORD_U00786_003,2023-09-20,42.59,美妆
U00787,ORD_U00787_000,2023-11-21,161.2,家居
U00787,ORD_U00787_001,2024-01-01,136.11,服饰
U00787,ORD_U00787_005,2024-02-03,216.87,家居
U00787,ORD_U00787_002,2024-02-24,138.57,家居
U00787,ORD_U00787_003,2024-03-22,287.02,数码
U00787,ORD_U00787_007,2024-04-23,192.07,服饰
U00787,ORD_U00787_009,2024-05-16,325.54,美妆
U00787,ORD_U00787_004,2024-05-20,120.16,美妆
U00787,ORD_U00787_006,2024-07-15,238.59,数码
U00787,ORD_U00787_015,2024-08-06,147.6,美妆
U00787,ORD_U00787_011,2024-08-09,87.1,食品
U00787,ORD_U00787_010,2024-10-15,100.59,美妆
U00787,ORD_U00787_008,2024-11-14,97.12,美妆
U00787,ORD_U00787_013,2025-04-07,118.93,家居
U00787,ORD_U00787_012,2025-04-21,326.62,数码
U00787,ORD_U00787_014,2025-05-22,178.15,服饰
U00787,ORD_U00787_016,2025-05-27,83.04,美妆
U00788,ORD_U00788_000,2024-01-07,278.18,数码
U00788,ORD_U00788_001,2024-02-26,306.35,家居
U00788,ORD_U00788_002,2024-03-19,334.58,家居
U00788,ORD_U00788_006,2024-04-29,585.4,数码
U00788,ORD_U00788_003,2024-06-09,722.13,食品
U00788,ORD_U00788_004,2024-06-22,196.76,家居
U00788,ORD_U00788_009,2024-06-28,577.13,家居
U00788,ORD_U00788_005,2024-07-08,265.99,食品
U00788,ORD_U00788_007,2024-08-27,666.59,服饰
U00788,ORD_U00788_008,2024-09-03,462.38,食品
U00788,ORD_U00788_010,2024-11-18,191.03,家居
U00788,ORD_U00788_011,2024-11-24,289.42,数码
U00789,ORD_U00789_000,2023-04-09,128.97,服饰
U00789,ORD_U00789_001,2023-04-23,263.71,家居
U00789,ORD_U00789_002,2023-05-31,236.46,服饰
U00790,ORD_U00790_000,2023-03-21,172.24,食品
U00790,ORD_U00790_001,2023-04-24,209.85,数码
U00790,ORD_U00790_002,2023-10-11,225.65,服饰
U00791,ORD_U00791_001,2023-09-29,228.59,美妆
U00791,ORD_U00791_000,2023-10-18,158.86,家居
U00791,ORD_U00791_003,2023-12-07,170.59,服饰
U00791,ORD_U00791_002,2024-01-11,270.45,食品
U00791,ORD_U00791_005,2024-01-28,215.17,家居
U00791,ORD_U00791_006,2024-02-12,302.09,数码
U00791,ORD_U00791_004,2024-03-24,86.48,数码
U00791,ORD_U00791_007,2024-05-29,153.03,数码
U00791,ORD_U00791_008,2024-06-07,268.5,家居
U00791,ORD_U00791_011,2024-09-18,157.44,美妆
U00791,ORD_U00791_009,2024-09-22,218.19,数码
U00791,ORD_U00791_010,2024-11-03,232.09,服饰
U00791,ORD_U00791_013,2024-12-08,142.86,数码
U00791,ORD_U00791_012,2025-01-04,305.57,食品
U00792,ORD_U00792_000,2023-09-18,39.89,家居
U00793,ORD_U00793_000,2023-03-23,115.95,服饰
U00793,ORD_U00793_001,2023-04-29,116.15,食品
U00794,ORD_U00794_000,2023-11-18,94.54,食品
U00794,ORD_U00794_002,2024-02-08,32.33,服饰
U00794,ORD_U00794_001,2024-03-05,34.67,家居
U00794,ORD_U00794_003,2024-07-10,62.75,家居
U00795,ORD_U00795_000,2023-11-10,1709.14,家居
U00795,ORD_U00795_001,2023-11-22,1019.33,数码
U00795,ORD_U00795_006,2023-12-11,1301.95,美妆
U00795,ORD_U00795_002,2023-12-22,685.39,食品
U00795,ORD_U00795_003,2024-01-04,710.87,美妆
U00795,ORD_U00795_004,2024-02-07,2640.89,家居
U00795,ORD_U00795_009,2024-03-07,2635.33,服饰
U00795,ORD_U00795_008,2024-03-27,1785.4,食品
U00795,ORD_U00795_012,2024-03-29,829.81,家居
U00795,ORD_U00795_005,2024-03-31,982.46,食品
U00795,ORD_U00795_010,2024-04-05,1284.09,家居
U00795,ORD_U00795_011,2024-05-02,2615.45,家居
U00795,ORD_U00795_024,2024-05-06,1931.9,服饰
U00795,ORD_U00795_017,2024-05-17,1306.65,美妆
U00795,ORD_U00795_007,2024-06-01,1511.47,服饰
U00795,ORD_U00795_025,2024-09-08,2325.83,食品
U00795,ORD_U00795_013,2024-10-25,1045.55,服饰
U00795,ORD_U00795_026,2024-11-17,1692.86,家居
U00795,ORD_U00795_031,2024-12-07,2262.75,家居
U00795,ORD_U00795_020,2024-12-21,2511.09,家居
U00795,ORD_U00795_014,2025-01-04,2253.85,服饰
U00795,ORD_U00795_015,2025-02-01,878.92,美妆
U00795,ORD_U00795_018,2025-02-04,2715.95,服饰
U00795,ORD_U00795_016,2025-02-10,2608.37,食品
U00795,ORD_U00795_021,2025-02-10,1374.62,美妆
U00795,ORD_U00795_022,2025-02-23,2028.21,美妆
U00795,ORD_U00795_019,2025-04-28,1278.24,食品
U00795,ORD_U00795_023,2025-08-02,2391.51,美妆
U00795,ORD_U00795_030,2025-09-03,2373.12,数码
U00795,ORD_U00795_027,2025-09-30,988.85,服饰
U00795,ORD_U00795_028,2025-10-09,1674.96,家居
U00795,ORD_U00795_029,2025-12-19,725.67,数码
U00796,ORD_U00796_000,2023-07-08,69.53,服饰
U00796,ORD_U00796_001,2023-11-23,57.93,家居
U00796,ORD_U00796_003,2023-12-01,65.64,数码
U00796,ORD_U00796_002,2024-02-28,84.37,食品
U00797,ORD_U00797_000,2023-05-31,67.91,美妆
U00797,ORD_U00797_001,2023-08-03,81.33,家居
U00797,ORD_U00797_002,2023-08-09,84.0,服饰
U00798,ORD_U00798_000,2023-07-21,48.16,家居
U00798,ORD_U00798_001,2023-09-22,98.53,服饰
U00799,ORD_U00799_000,2024-02-18,76.04,美妆
U00800,ORD_U00800_001,2023-07-30,185.76,家居
U00800,ORD_U00800_000,2023-08-08,132.14,数码
U00801,ORD_U00801_000,2023-12-20,667.77,数码
U00801,ORD_U00801_001,2024-02-02,906.7,家居
U00801,ORD_U00801_003,2024-02-20,330.09,食品
U00801,ORD_U00801_002,2024-03-08,603.72,美妆
U00801,ORD_U00801_004,2024-04-13,827.02,美妆
U00801,ORD_U00801_008,2024-05-09,507.26,服饰
U00801,ORD_U00801_009,2024-07-19,609.96,美妆
U00801,ORD_U00801_007,2024-07-29,728.42,美妆
U00801,ORD_U00801_005,2024-08-17,832.56,美妆
U00801,ORD_U00801_011,2024-09-18,811.1,美妆
U00801,ORD_U00801_006,2024-09-23,435.24,家居
U00801,ORD_U00801_013,2024-09-28,423.7,家居
U00801,ORD_U00801_018,2024-10-19,782.02,服饰
U00801,ORD_U00801_010,2024-11-22,603.26,食品
U00801,ORD_U00801_015,2025-01-17,513.23,服饰
U00801,ORD_U00801_012,2025-03-30,762.92,数码
U00801,ORD_U00801_017,2025-04-23,653.28,美妆
U00801,ORD_U00801_014,2025-05-19,337.45,食品
U00801,ORD_U00801_016,2025-06-26,683.96,美妆
U00802,ORD_U00802_000,2023-07-02,36.61,食品
U00802,ORD_U00802_001,2023-09-24,26.67,服饰
U00802,ORD_U00802_002,2023-10-11,56.8,食品
U00802,ORD_U00802_003,2024-04-05,40.46,食品
U00803,ORD_U00803_000,2024-05-18,777.69,数码
U00803,ORD_U00803_001,2024-07-18,751.06,数码
U00803,ORD_U00803_002,2024-07-30,481.03,家居
U00803,ORD_U00803_004,2024-09-05,544.08,美妆
U00803,ORD_U00803_003,2024-09-29,467.54,美妆
U00803,ORD_U00803_008,2024-10-28,803.56,数码
U00803,ORD_U00803_005,2024-12-19,874.19,服饰
U00803,ORD_U00803_006,2024-12-23,237.81,食品
U00803,ORD_U00803_010,2024-12-24,485.91,服饰
U00803,ORD_U00803_014,2025-03-15,374.96,美妆
U00803,ORD_U00803_009,2025-04-04,614.28,数码
U00803,ORD_U00803_007,2025-04-14,567.33,数码
U00803,ORD_U00803_013,2025-06-11,543.14,数码
U00803,ORD_U00803_011,2025-07-21,812.43,服饰
U00803,ORD_U00803_012,2025-11-21,635.77,服饰
U00804,ORD_U00804_000,2023-12-10,125.29,美妆
U00804,ORD_U00804_001,2023-12-15,409.66,家居
U00804,ORD_U00804_003,2024-02-15,334.73,数码
U00804,ORD_U00804_002,2024-03-13,364.0,美妆
U00804,ORD_U00804_006,2024-06-14,207.33,食品
U00804,ORD_U00804_004,2024-06-29,156.97,美妆
U00804,ORD_U00804_005,2024-08-28,283.88,美妆
U00804,ORD_U00804_007,2024-11-25,193.27,服饰
U00805,ORD_U00805_000,2024-11-19,110.72,食品
U00805,ORD_U00805_001,2025-02-22,76.31,食品
U00806,ORD_U00806_000,2024-05-01,211.4,数码
U00806,ORD_U00806_002,2024-05-28,116.79,服饰
U00806,ORD_U00806_001,2024-07-02,212.3,美妆
U00806,ORD_U00806_005,2024-07-04,95.35,服饰
U00806,ORD_U00806_006,2024-08-14,156.2,家居
U00806,ORD_U00806_004,2024-10-16,168.6,美妆
U00806,ORD_U00806_003,2024-10-19,177.53,数码
U00806,ORD_U00806_008,2024-12-04,157.67,服饰
U00806,ORD_U00806_009,2025-02-28,91.02,食品
U00806,ORD_U00806_007,2025-03-20,74.62,美妆
U00807,ORD_U00807_000,2024-05-06,246.55,数码
U00807,ORD_U00807_001,2024-06-25,319.63,服饰
U00807,ORD_U00807_002,2024-06-25,361.13,美妆
U00807,ORD_U00807_004,2024-07-29,653.54,食品
U00807,ORD_U00807_005,2024-08-14,581.15,食品
U00807,ORD_U00807_006,2024-08-31,736.03,美妆
U00807,ORD_U00807_003,2024-09-18,639.41,服饰
U00807,ORD_U00807_009,2025-01-20,533.14,服饰
U00807,ORD_U00807_007,2025-02-27,363.02,食品
U00807,ORD_U00807_008,2025-04-01,272.08,服饰
U00808,ORD_U00808_000,2024-08-18,44.47,数码
U00808,ORD_U00808_001,2024-08-28,39.54,服饰
U00808,ORD_U00808_002,2024-12-19,65.58,家居
U00808,ORD_U00808_003,2025-01-08,45.32,数码
U00809,ORD_U00809_000,2024-10-21,110.78,家居
U00809,ORD_U00809_001,2024-12-12,60.92,家居
U00810,ORD_U00810_000,2024-10-29,373.13,美妆
U00810,ORD_U00810_001,2024-12-31,403.26,服饰
U00810,ORD_U00810_004,2025-01-28,264.62,美妆
U00810,ORD_U00810_002,2025-02-09,217.94,美妆
U00810,ORD_U00810_007,2025-03-31,121.56,数码
U00810,ORD_U00810_003,2025-04-03,126.0,家居
U00810,ORD_U00810_006,2025-04-13,341.43,美妆
U00810,ORD_U00810_005,2025-04-29,272.79,数码
U00811,ORD_U00811_000,2024-10-28,45.65,家居
U00812,ORD_U00812_000,2023-06-08,319.27,食品
U00812,ORD_U00812_001,2023-08-12,173.4,美妆
U00812,ORD_U00812_002,2023-08-15,393.26,食品
U00812,ORD_U00812_003,2023-10-21,158.89,美妆
U00812,ORD_U00812_004,2024-03-04,487.8,食品
U00812,ORD_U00812_006,2024-03-20,312.66,服饰
U00812,ORD_U00812_005,2024-05-03,216.97,美妆
U00813,ORD_U00813_000,2024-06-20,136.39,数码
U00813,ORD_U00813_001,2024-08-12,326.61,服饰
U00813,ORD_U00813_002,2024-10-28,129.21,食品
U00814,ORD_U00814_000,2023-12-12,466.42,数码
U00814,ORD_U00814_002,2024-03-24,451.12,美妆
U00814,ORD_U00814_001,2024-03-26,553.32,家居
U00814,ORD_U00814_003,2024-05-27,433.49,服饰
U00815,ORD_U00815_000,2023-10-09,1407.39,家居
U00815,ORD_U00815_003,2023-10-10,2596.96,家居
U00815,ORD_U00815_001,2023-10-11,2372.97,食品
U00815,ORD_U00815_002,2023-11-15,2569.38,家居
U00815,ORD_U00815_009,2023-11-28,1570.42,家居
U00815,ORD_U00815_005,2023-12-01,2302.59,美妆
U00815,ORD_U00815_006,2023-12-12,950.31,美妆
U00815,ORD_U00815_004,2024-01-11,2375.45,家居
U00815,ORD_U00815_007,2024-01-27,1973.49,美妆
U00815,ORD_U00815_014,2024-02-04,1862.23,食品
U00815,ORD_U00815_011,2024-02-17,1172.3,食品
U00815,ORD_U00815_008,2024-04-18,2621.95,美妆
U00815,ORD_U00815_010,2024-07-07,1760.1,家居
U00815,ORD_U00815_012,2024-08-15,2354.02,食品
U00815,ORD_U00815_013,2024-09-12,2428.05,食品
U00816,ORD_U00816_001,2024-04-20,87.87,数码
U00816,ORD_U00816_000,2024-05-02,48.08,家居
U00816,ORD_U00816_004,2024-07-16,87.43,食品
U00816,ORD_U00816_002,2024-08-06,111.0,数码
U00816,ORD_U00816_003,2024-09-16,105.43,服饰
U00817,ORD_U00817_000,2024-04-06,461.99,食品
U00817,ORD_U00817_001,2024-05-11,260.87,美妆
U00817,ORD_U00817_003,2024-06-02,299.49,数码
U00817,ORD_U00817_002,2024-06-17,292.37,数码
U00817,ORD_U00817_004,2024-08-21,126.18,食品
U00817,ORD_U00817_005,2024-09-14,201.18,家居
U00817,ORD_U00817_011,2024-12-03,371.72,食品
U00817,ORD_U00817_009,2024-12-22,446.5,美妆
U00817,ORD_U00817_006,2024-12-26,342.3,数码
U00817,ORD_U00817_008,2025-02-08,146.79,食品
U00817,ORD_U00817_016,2025-02-11,358.52,服饰
U00817,ORD_U00817_007,2025-03-08,391.18,服饰
U00817,ORD_U00817_010,2025-03-09,140.39,美妆
U00817,ORD_U00817_019,2025-04-15,302.61,家居
U00817,ORD_U00817_012,2025-04-29,421.68,食品
U00817,ORD_U00817_013,2025-07-06,257.59,数码
U00817,ORD_U00817_014,2025-08-28,382.67,食品
U00817,ORD_U00817_015,2025-08-28,460.98,食品
U00817,ORD_U00817_017,2025-10-05,425.24,美妆
U00817,ORD_U00817_018,2025-10-15,386.51,数码
U00818,ORD_U00818_000,2024-05-21,45.55,美妆
U00818,ORD_U00818_001,2024-06-26,27.11,数码
U00819,ORD_U00819_000,2024-11-10,97.88,数码
U00819,ORD_U00819_001,2024-11-11,97.96,服饰
U00820,ORD_U00820_000,2023-08-21,63.73,家居
U00820,ORD_U00820_002,2023-11-19,194.74,家居
U00820,ORD_U00820_001,2023-12-16,133.28,家居
U00820,ORD_U00820_003,2024-05-18,185.12,家居
U00821,ORD_U00821_000,2024-05-02,106.79,数码
U00821,ORD_U00821_001,2024-06-18,60.96,食品
U00822,ORD_U00822_000,2023-08-05,124.94,家居
U00822,ORD_U00822_001,2023-09-15,449.0,数码
U00822,ORD_U00822_002,2023-10-15,287.2,数码
U00822,ORD_U00822_003,2023-11-24,198.88,服饰
U00822,ORD_U00822_004,2023-12-29,144.41,家居
U00822,ORD_U00822_012,2024-02-24,301.44,美妆
U00822,ORD_U00822_005,2024-03-26,189.47,数码
U00822,ORD_U00822_013,2024-04-12,255.99,服饰
U00822,ORD_U00822_006,2024-04-14,363.69,食品
U00822,ORD_U00822_008,2024-05-11,128.16,食品
U00822,ORD_U00822_009,2024-06-11,444.88,服饰
U00822,ORD_U00822_007,2024-06-17,171.97,家居
U00822,ORD_U00822_016,2024-06-23,214.23,食品
U00822,ORD_U00822_010,2024-10-22,355.18,家居
U00822,ORD_U00822_011,2024-11-26,388.44,服饰
U00822,ORD_U00822_018,2025-01-31,164.24,食品
U00822,ORD_U00822_014,2025-02-17,403.61,美妆
U00822,ORD_U00822_015,2025-02-28,135.08,家居
U00822,ORD_U00822_017,2025-07-15,158.6,食品
U00822,ORD_U00822_019,2025-12-03,374.07,服饰
U00823,ORD_U00823_000,2024-07-18,152.05,美妆
U00823,ORD_U00823_001,2024-11-02,92.94,家居
U00824,ORD_U00824_000,2023-09-01,118.5,数码
U00824,ORD_U00824_001,2023-12-04,192.8,食品
U00824,ORD_U00824_002,2024-02-20,126.1,食品
U00825,ORD_U00825_000,2024-12-15,120.12,数码
U00825,ORD_U00825_002,2025-01-25,284.59,数码
U00825,ORD_U00825_001,2025-02-11,332.38,家居
U00826,ORD_U00826_000,2024-08-24,467.77,服饰
U00826,ORD_U00826_001,2024-10-08,945.99,家居
U00826,ORD_U00826_002,2024-10-20,325.49,家居
U00826,ORD_U00826_004,2024-11-03,408.91,食品
U00826,ORD_U00826_006,2024-11-16,473.24,美妆
U00826,ORD_U00826_003,2024-11-23,886.52,服饰
U00826,ORD_U00826_007,2024-12-23,644.01,服饰
U00826,ORD_U00826_005,2025-03-14,278.98,食品
U00826,ORD_U00826_009,2025-03-24,310.38,服饰
U00826,ORD_U00826_010,2025-04-06,944.54,数码
U00826,ORD_U00826_013,2025-04-09,359.28,家居
U00826,ORD_U00826_011,2025-05-05,691.13,食品
U00826,ORD_U00826_008,2025-05-19,762.15,家居
U00826,ORD_U00826_014,2025-07-06,413.2,食品
U00826,ORD_U00826_018,2025-10-29,406.42,美妆
U00826,ORD_U00826_012,2026-03-07,823.17,数码
U00826,ORD_U00826_015,2026-05-16,394.17,家居
U00826,ORD_U00826_016,2026-07-01,392.27,家居
U00826,ORD_U00826_019,2026-07-17,753.34,家居
U00826,ORD_U00826_017,2026-08-27,497.87,家居
U00827,ORD_U00827_000,2023-03-21,65.62,服饰
U00828,ORD_U00828_000,2023-10-12,47.5,食品
U00829,ORD_U00829_000,2024-06-29,122.47,服饰
U00830,ORD_U00830_000,2024-12-28,306.83,美妆
U00830,ORD_U00830_001,2025-01-19,281.87,美妆
U00830,ORD_U00830_003,2025-03-31,585.06,服饰
U00830,ORD_U00830_002,2025-04-05,522.33,数码
U00830,ORD_U00830_006,2025-04-22,311.57,家居
U00830,ORD_U00830_004,2025-05-11,412.08,食品
U00830,ORD_U00830_005,2025-08-06,350.28,数码
U00830,ORD_U00830_007,2025-09-28,296.68,服饰
U00831,ORD_U00831_000,2024-01-25,905.61,家居
U00831,ORD_U00831_001,2024-02-11,595.77,数码
U00831,ORD_U00831_002,2024-03-02,1037.56,服饰
U00831,ORD_U00831_003,2024-03-13,592.28,食品
U00831,ORD_U00831_005,2024-04-13,363.66,数码
U00831,ORD_U00831_004,2024-06-06,440.84,美妆
U00831,ORD_U00831_006,2024-08-26,317.1,服饰
U00831,ORD_U00831_007,2024-09-26,476.69,服饰
U00831,ORD_U00831_015,2024-10-16,758.22,服饰
U00831,ORD_U00831_010,2024-10-24,1091.59,数码
U00831,ORD_U00831_009,2024-11-09,1086.19,数码
U00831,ORD_U00831_008,2024-11-12,763.45,食品
U00831,ORD_U00831_016,2024-11-26,365.23,数码
U00831,ORD_U00831_012,2025-02-08,1078.31,服饰
U00831,ORD_U00831_011,2025-02-25,870.45,数码
U00831,ORD_U00831_013,2025-05-03,419.09,数码
U00831,ORD_U00831_014,2025-09-17,866.52,服饰
U00832,ORD_U00832_000,2024-02-06,78.86,美妆
U00832,ORD_U00832_001,2024-02-15,53.46,美妆
U00832,ORD_U00832_002,2024-06-18,49.22,美妆
U00833,ORD_U00833_000,2023-05-11,113.38,美妆
U00833,ORD_U00833_001,2023-07-11,67.79,服饰
U00833,ORD_U00833_002,2023-07-25,136.17,服饰
U00834,ORD_U00834_000,2023-11-06,420.27,家居
U00834,ORD_U00834_001,2023-11-23,508.19,家居
U00834,ORD_U00834_002,2023-12-27,463.97,美妆
U00834,ORD_U00834_003,2024-01-17,491.43,食品
U00834,ORD_U00834_004,2024-02-11,434.62,服饰
U00834,ORD_U00834_014,2024-03-18,514.88,食品
U00834,ORD_U00834_005,2024-04-11,455.42,家居
U00834,ORD_U00834_015,2024-05-06,208.96,服饰
U00834,ORD_U00834_009,2024-05-15,525.33,食品
U00834,ORD_U00834_013,2024-05-18,168.64,美妆
U00834,ORD_U00834_006,2024-05-23,330.05,服饰
U00834,ORD_U00834_007,2024-06-02,368.88,数码
U00834,ORD_U00834_021,2024-06-10,312.18,食品
U00834,ORD_U00834_023,2024-06-24,182.55,美妆
U00834,ORD_U00834_016,2024-07-07,184.09,服饰
U00834,ORD_U00834_008,2024-07-14,340.95,家居
U00834,ORD_U00834_028,2024-07-20,184.4,美妆
U00834,ORD_U00834_020,2024-07-26,621.19,数码
U00834,ORD_U00834_011,2024-08-07,639.86,家居
U00834,ORD_U00834_010,2024-08-30,512.72,美妆
U00834,ORD_U00834_017,2024-08-30,575.37,家居
U00834,ORD_U00834_018,2024-09-08,577.77,美妆
U00834,ORD_U00834_012,2024-11-02,463.48,数码
U00834,ORD_U00834_027,2025-01-14,583.25,食品
U00834,ORD_U00834_019,2025-02-05,367.0,数码
U00834,ORD_U00834_025,2025-05-08,267.89,食品
U00834,ORD_U00834_026,2025-06-09,359.18,食品
U00834,ORD_U00834_024,2025-08-25,331.18,服饰
U00834,ORD_U00834_022,2025-08-26,183.56,美妆
U00835,ORD_U00835_000,2025-01-02,393.41,家居
U00835,ORD_U00835_001,2025-01-29,375.89,数码
U00835,ORD_U00835_002,2025-02-11,169.98,数码
U00835,ORD_U00835_003,2025-04-06,290.41,家居
U00836,ORD_U00836_000,2024-03-01,185.78,数码
U00836,ORD_U00836_001,2024-04-07,141.65,美妆
U00837,ORD_U00837_000,2024-04-18,144.35,服饰
U00838,ORD_U00838_000,2024-06-14,256.5,食品
U00838,ORD_U00838_001,2024-07-15,349.65,家居
U00838,ORD_U00838_002,2024-08-09,340.46,服饰
U00838,ORD_U00838_003,2024-10-17,372.3,家居
U00838,ORD_U00838_005,2024-11-26,239.3,家居
U00838,ORD_U00838_006,2024-12-01,300.32,美妆
U00838,ORD_U00838_004,2024-12-12,302.45,食品
U00839,ORD_U00839_000,2024-12-12,521.7,家居
U00839,ORD_U00839_002,2024-12-27,570.46,数码
U00839,ORD_U00839_001,2025-01-02,438.32,家居
U00840,ORD_U00840_000,2024-04-09,126.23,数码
U00840,ORD_U00840_001,2024-04-18,147.21,美妆
U00841,ORD_U00841_000,2023-01-19,150.34,服饰
U00841,ORD_U00841_001,2023-04-09,155.21,数码
U00842,ORD_U00842_000,2024-01-10,184.63,美妆
U00842,ORD_U00842_003,2024-03-22,334.25,美妆
U00842,ORD_U00842_001,2024-03-25,310.13,家居
U00842,ORD_U00842_004,2024-05-22,179.03,美妆
U00842,ORD_U00842_002,2024-06-18,248.98,数码
U00842,ORD_U00842_005,2024-07-02,443.65,家居
U00843,ORD_U00843_000,2023-12-21,207.39,食品
U00843,ORD_U00843_001,2024-01-27,246.03,数码
U00843,ORD_U00843_003,2024-04-29,171.48,服饰
U00843,ORD_U00843_002,2024-05-14,328.44,服饰
U00844,ORD_U00844_000,2024-12-12,79.81,服饰
U00844,ORD_U00844_001,2024-12-21,136.88,食品
U00845,ORD_U00845_000,2023-11-22,251.93,家居
U00845,ORD_U00845_001,2023-12-07,245.64,服饰
U00845,ORD_U00845_003,2024-01-17,392.21,美妆
U00845,ORD_U00845_004,2024-02-16,188.65,食品
U00845,ORD_U00845_006,2024-02-16,135.23,家居
U00845,ORD_U00845_002,2024-02-17,124.0,家居
U00845,ORD_U00845_005,2024-04-18,427.47,数码
U00845,ORD_U00845_007,2024-06-30,260.67,食品
U00846,ORD_U00846_000,2024-12-17,96.4,家居
U00847,ORD_U00847_001,2024-03-04,114.6,服饰
U00847,ORD_U00847_000,2024-03-15,82.99,数码
U00848,ORD_U00848_000,2023-04-07,214.79,服饰
U00848,ORD_U00848_001,2023-06-16,126.79,家居
U00848,ORD_U00848_002,2023-06-22,135.64,家居
U00848,ORD_U00848_003,2023-07-26,90.04,数码
U00848,ORD_U00848_004,2023-11-20,120.51,家居
U00848,ORD_U00848_005,2024-01-20,145.95,数码
U00849,ORD_U00849_000,2023-08-28,43.72,服饰
U00849,ORD_U00849_002,2023-11-26,105.2,家居
U00849,ORD_U00849_001,2023-12-04,73.38,数码
U00850,ORD_U00850_000,2024-09-29,44.71,服饰
U00851,ORD_U00851_000,2024-10-10,80.39,数码
U00851,ORD_U00851_001,2024-12-11,80.23,家居
U00851,ORD_U00851_002,2025-01-18,42.86,家居
U00852,ORD_U00852_001,2024-05-14,635.42,家居
U00852,ORD_U00852_000,2024-06-01,387.3,服饰
U00852,ORD_U00852_002,2024-07-07,499.9,美妆
U00852,ORD_U00852_003,2024-08-13,913.95,美妆
U00852,ORD_U00852_004,2024-09-14,385.21,家居
U00852,ORD_U00852_005,2024-09-22,657.05,食品
U00852,ORD_U00852_010,2024-10-11,548.24,美妆
U00852,ORD_U00852_007,2024-11-05,796.55,美妆
U00852,ORD_U00852_006,2024-11-14,493.6,美妆
U00852,ORD_U00852_009,2024-12-16,889.79,家居
U00852,ORD_U00852_011,2025-01-17,1033.88,家居
U00852,ORD_U00852_008,2025-01-29,604.81,服饰
U00853,ORD_U00853_001,2024-02-03,106.67,家居
U00853,ORD_U00853_000,2024-02-22,102.19,食品
U00853,ORD_U00853_002,2024-07-21,137.97,美妆
U00854,ORD_U00854_000,2023-11-06,183.64,美妆
U00854,ORD_U00854_001,2024-01-05,225.65,服饰
U00854,ORD_U00854_002,2024-02-12,208.4,美妆
U00854,ORD_U00854_003,2024-03-30,103.56,食品
U00854,ORD_U00854_004,2024-05-15,79.3,美妆
U00855,ORD_U00855_000,2023-10-01,80.57,服饰
U00855,ORD_U00855_001,2023-11-29,78.8,美妆
U00856,ORD_U00856_000,2023-07-23,35.22,数码
U00856,ORD_U00856_002,2023-08-08,67.41,数码
U00856,ORD_U00856_001,2023-09-13,44.93,服饰
U00856,ORD_U00856_003,2023-10-15,85.27,食品
U00857,ORD_U00857_000,2024-06-13,129.75,数码
U00857,ORD_U00857_002,2024-07-01,187.84,数码
U00857,ORD_U00857_001,2024-07-19,184.67,数码
U00857,ORD_U00857_003,2024-09-10,118.51,家居
U00857,ORD_U00857_004,2024-12-26,157.81,数码
U00857,ORD_U00857_005,2025-01-08,92.15,服饰
U00857,ORD_U00857_006,2025-03-11,187.64,食品
U00858,ORD_U00858_000,2024-02-14,28.92,食品
U00859,ORD_U00859_000,2025-02-08,98.22,服饰
U00859,ORD_U00859_001,2025-03-14,118.66,食品
U00859,ORD_U00859_002,2025-04-27,83.7,食品
U00860,ORD_U00860_000,2023-04-20,62.45,家居
U00860,ORD_U00860_001,2023-06-01,60.14,食品
U00860,ORD_U00860_003,2023-09-02,71.4,家居
U00860,ORD_U00860_002,2023-09-11,108.03,服饰
U00860,ORD_U00860_005,2023-09-28,104.89,数码
U00860,ORD_U00860_004,2023-11-04,136.34,服饰
U00860,ORD_U00860_006,2023-11-24,68.83,服饰
U00860,ORD_U00860_007,2024-01-05,143.45,服饰
U00860,ORD_U00860_008,2024-03-11,152.96,家居
U00860,ORD_U00860_009,2024-06-18,59.41,服饰
U00861,ORD_U00861_000,2023-07-14,155.27,食品
U00861,ORD_U00861_001,2023-08-22,222.67,家居
U00861,ORD_U00861_003,2023-11-08,223.71,食品
U00861,ORD_U00861_002,2023-11-10,101.26,美妆
U00862,ORD_U00862_000,2024-04-13,115.56,家居
U00863,ORD_U00863_000,2024-10-05,166.18,食品
U00863,ORD_U00863_001,2024-10-30,156.56,食品
U00863,ORD_U00863_002,2024-12-16,399.59,美妆
U00863,ORD_U00863_003,2025-01-10,474.63,食品
U00863,ORD_U00863_008,2025-02-20,208.6,家居
U00863,ORD_U00863_005,2025-03-12,215.45,服饰
U00863,ORD_U00863_004,2025-03-19,283.05,数码
U00863,ORD_U00863_007,2025-03-21,141.18,食品
U00863,ORD_U00863_006,2025-04-16,428.02,服饰
U00863,ORD_U00863_010,2025-05-09,275.22,服饰
U00863,ORD_U00863_009,2025-05-30,177.02,食品
U00864,ORD_U00864_000,2024-03-30,2433.7,家居
U00864,ORD_U00864_001,2024-03-30,1338.96,家居
U00864,ORD_U00864_003,2024-04-15,2083.73,家居
U00864,ORD_U00864_002,2024-05-03,1800.68,服饰
U00864,ORD_U00864_006,2024-05-09,809.42,服饰
U00864,ORD_U00864_005,2024-05-13,1645.0,家居
U00864,ORD_U00864_004,2024-06-22,913.07,食品
U00864,ORD_U00864_010,2024-06-30,811.98,服饰
U00864,ORD_U00864_019,2024-08-28,769.31,食品
U00864,ORD_U00864_008,2024-09-05,2210.9,数码
U00864,ORD_U00864_015,2024-09-08,2144.75,食品
U00864,ORD_U00864_013,2024-09-12,763.7,家居
U00864,ORD_U00864_014,2024-09-20,1385.69,美妆
U00864,ORD_U00864_009,2024-10-05,672.28,服饰
U00864,ORD_U00864_011,2024-10-11,1245.99,数码
U00864,ORD_U00864_007,2024-10-18,1526.4,数码
U00864,ORD_U00864_012,2025-01-23,1550.54,美妆
U00864,ORD_U00864_018,2025-02-14,1386.24,美妆
U00864,ORD_U00864_017,2025-02-19,1282.33,数码
U00864,ORD_U00864_016,2025-03-15,1100.26,数码
U00864,ORD_U00864_020,2025-06-29,1017.99,美妆
U00864,ORD_U00864_021,2025-07-12,849.93,食品
U00865,ORD_U00865_000,2024-04-08,95.29,数码
U00865,ORD_U00865_001,2024-06-15,92.93,家居
U00865,ORD_U00865_002,2024-07-22,55.01,食品
U00866,ORD_U00866_000,2024-12-04,147.27,服饰
U00866,ORD_U00866_001,2025-01-25,194.03,服饰
U00866,ORD_U00866_002,2025-04-20,123.68,美妆
U00866,ORD_U00866_003,2025-07-30,121.62,食品
U00867,ORD_U00867_000,2024-02-08,16.2,服饰
U00868,ORD_U00868_000,2023-06-10,692.09,食品
U00868,ORD_U00868_003,2023-07-03,440.06,食品
U00868,ORD_U00868_001,2023-07-09,494.38,数码
U00868,ORD_U00868_002,2023-09-04,488.27,食品
U00868,ORD_U00868_004,2023-09-21,887.76,数码
U00868,ORD_U00868_006,2023-12-02,969.64,食品
U00868,ORD_U00868_005,2023-12-25,305.84,美妆
U00868,ORD_U00868_008,2024-01-17,832.18,家居
U00868,ORD_U00868_007,2024-02-25,445.35,家居
U00869,ORD_U00869_000,2023-11-26,451.95,家居
U00869,ORD_U00869_001,2024-01-18,124.83,数码
U00869,ORD_U00869_003,2024-02-20,216.22,美妆
U00869,ORD_U00869_002,2024-03-02,146.43,服饰
U00869,ORD_U00869_004,2024-04-29,317.2,家居
U00869,ORD_U00869_005,2024-05-04,289.16,数码
U00869,ORD_U00869_007,2024-06-03,256.02,服饰
U00869,ORD_U00869_006,2024-09-11,394.4,家居
U00869,ORD_U00869_010,2024-09-16,196.22,美妆
U00869,ORD_U00869_013,2024-09-18,465.99,美妆
U00869,ORD_U00869_011,2024-09-27,248.96,美妆
U00869,ORD_U00869_008,2024-11-10,138.41,服饰
U00869,ORD_U00869_014,2024-12-19,255.69,服饰
U00869,ORD_U00869_009,2025-01-18,458.56,食品
U00869,ORD_U00869_016,2025-03-12,215.94,数码
U00869,ORD_U00869_012,2025-06-12,284.71,数码
U00869,ORD_U00869_015,2025-08-07,287.44,美妆
U00869,ORD_U00869_017,2025-11-07,442.27,家居
U00870,ORD_U00870_000,2023-07-19,318.53,数码
U00870,ORD_U00870_002,2023-08-02,179.39,服饰
U00870,ORD_U00870_001,2023-08-24,165.41,家居
U00870,ORD_U00870_006,2023-09-17,137.2,食品
U00870,ORD_U00870_003,2023-10-24,201.11,家居
U00870,ORD_U00870_008,2023-12-11,364.29,美妆
U00870,ORD_U00870_004,2024-01-09,281.81,美妆
U00870,ORD_U00870_005,2024-01-10,276.19,服饰
U00870,ORD_U00870_012,2024-01-16,260.76,数码
U00870,ORD_U00870_010,2024-02-20,354.41,数码
U00870,ORD_U00870_007,2024-02-29,242.08,数码
U00870,ORD_U00870_011,2024-04-04,198.72,家居
U00870,ORD_U00870_009,2024-04-25,341.87,美妆
U00870,ORD_U00870_013,2024-10-30,390.4,数码
U00871,ORD_U00871_000,2025-02-01,68.03,美妆
U00872,ORD_U00872_001,2025-02-04,77.44,服饰
U00872,ORD_U00872_000,2025-02-08,185.57,服饰
U00873,ORD_U00873_000,2024-01-25,69.82,美妆
U00873,ORD_U00873_001,2024-01-28,63.71,食品
U00873,ORD_U00873_002,2024-04-18,60.05,家居
U00874,ORD_U00874_000,2023-07-23,480.57,食品
U00874,ORD_U00874_001,2023-08-15,415.86,食品
U00874,ORD_U00874_002,2023-09-05,333.5,数码
U00874,ORD_U00874_004,2023-10-03,292.08,美妆
U00874,ORD_U00874_003,2023-11-10,393.91,家居
U00874,ORD_U00874_006,2023-12-20,222.39,食品
U00874,ORD_U00874_011,2024-01-13,303.4,美妆
U00874,ORD_U00874_005,2024-01-21,406.06,家居
U00874,ORD_U00874_008,2024-03-27,483.18,美妆
U00874,ORD_U00874_007,2024-05-03,305.46,食品
U00874,ORD_U00874_013,2024-05-19,370.71,数码
U00874,ORD_U00874_015,2024-08-01,427.46,服饰
U00874,ORD_U00874_010,2024-08-23,500.18,家居
U00874,ORD_U00874_009,2024-09-09,149.25,家居
U00874,ORD_U00874_012,2024-10-11,494.85,食品
U00874,ORD_U00874_014,2025-02-23,405.49,家居
U00874,ORD_U00874_016,2025-06-25,172.08,家居
U00875,ORD_U00875_000,2023-07-09,194.06,食品
U00875,ORD_U00875_001,2023-08-28,73.15,食品
U00876,ORD_U00876_000,2023-11-13,71.61,服饰
U00876,ORD_U00876_001,2023-12-25,86.55,服饰
U00877,ORD_U00877_000,2024-10-20,295.16,食品
U00877,ORD_U00877_002,2024-11-17,242.81,数码
U00877,ORD_U00877_001,2024-12-08,497.0,家居
U00877,ORD_U00877_003,2024-12-12,140.48,食品
U00877,ORD_U00877_005,2025-03-11,350.56,食品
U00877,ORD_U00877_004,2025-03-25,381.75,服饰
U00877,ORD_U00877_011,2025-05-15,280.7,食品
U00877,ORD_U00877_007,2025-06-21,255.2,家居
U00877,ORD_U00877_006,2025-06-23,237.12,食品
U00877,ORD_U00877_009,2025-06-30,254.37,家居
U00877,ORD_U00877_012,2025-07-15,222.56,服饰
U00877,ORD_U00877_014,2025-08-15,322.38,数码
U00877,ORD_U00877_008,2025-09-22,247.31,食品
U00877,ORD_U00877_016,2025-12-03,254.64,家居
U00877,ORD_U00877_010,2025-12-26,144.73,数码
U00877,ORD_U00877_015,2026-01-14,165.17,服饰
U00877,ORD_U00877_013,2026-03-16,338.72,服饰
U00877,ORD_U00877_017,2026-08-02,426.52,食品
U00877,ORD_U00877_018,2026-10-05,177.54,美妆
U00878,ORD_U00878_000,2024-10-02,180.24,食品
U00878,ORD_U00878_001,2024-12-22,149.05,服饰
U00879,ORD_U00879_000,2024-02-23,349.29,食品
U00879,ORD_U00879_001,2024-03-19,508.69,食品
U00879,ORD_U00879_003,2024-05-08,567.37,家居
U00879,ORD_U00879_002,2024-05-17,295.04,家居
U00879,ORD_U00879_007,2024-07-25,754.72,服饰
U00879,ORD_U00879_004,2024-08-01,796.97,家居
U00879,ORD_U00879_009,2024-08-22,671.34,家居
U00879,ORD_U00879_006,2024-09-14,593.25,食品
U00879,ORD_U00879_005,2024-10-05,228.8,服饰
U00879,ORD_U00879_008,2024-12-05,324.63,数码
U00879,ORD_U00879_010,2025-02-06,788.79,美妆
U00880,ORD_U00880_000,2023-11-28,117.91,服饰
U00881,ORD_U00881_000,2023-11-16,154.33,服饰
U00881,ORD_U00881_001,2023-12-29,65.23,服饰
U00882,ORD_U00882_000,2023-05-28,157.25,数码
U00883,ORD_U00883_000,2023-06-08,197.43,数码
U00883,ORD_U00883_001,2023-08-02,477.97,数码
U00883,ORD_U00883_003,2023-08-15,527.63,数码
U00883,ORD_U00883_002,2023-09-27,411.93,美妆
U00883,ORD_U00883_006,2023-12-02,207.19,数码
U00883,ORD_U00883_004,2024-01-19,388.07,食品
U00883,ORD_U00883_007,2024-02-02,218.0,食品
U00883,ORD_U00883_005,2024-02-16,273.63,美妆
U00883,ORD_U00883_008,2024-03-06,500.12,家居
U00884,ORD_U00884_000,2023-06-25,135.46,美妆
U00884,ORD_U00884_001,2023-07-20,200.12,美妆
U00884,ORD_U00884_002,2023-09-13,329.22,食品
U00884,ORD_U00884_004,2023-11-12,427.04,食品
U00884,ORD_U00884_003,2023-12-27,252.16,美妆
U00884,ORD_U00884_005,2024-04-28,151.42,家居
U00885,ORD_U00885_000,2024-06-04,95.89,美妆
U00886,ORD_U00886_000,2024-05-08,146.39,美妆
U00886,ORD_U00886_001,2024-07-10,268.46,服饰
U00886,ORD_U00886_002,2024-09-29,189.66,家居
U00886,ORD_U00886_003,2024-10-18,92.6,服饰
U00886,ORD_U00886_004,2024-12-30,130.72,美妆
U00886,ORD_U00886_005,2025-01-06,108.59,数码
U00887,ORD_U00887_000,2023-05-03,103.98,美妆
U00888,ORD_U00888_000,2024-07-08,74.38,数码
U00888,ORD_U00888_001,2024-08-30,91.54,数码
U00888,ORD_U00888_002,2024-09-24,140.02,数码
U00889,ORD_U00889_000,2023-11-02,150.79,食品
U00889,ORD_U00889_001,2023-11-22,130.41,数码
U00889,ORD_U00889_002,2023-12-24,170.49,数码
U00889,ORD_U00889_003,2024-02-01,80.3,数码
U00890,ORD_U00890_000,2024-07-31,169.15,家居
U00890,ORD_U00890_001,2024-10-13,160.81,美妆
U00891,ORD_U00891_000,2024-07-25,95.08,家居
U00892,ORD_U00892_000,2023-04-07,68.68,服饰
U00892,ORD_U00892_001,2023-08-11,39.02,服饰
U00892,ORD_U00892_002,2023-08-31,64.33,家居
U00893,ORD_U00893_000,2023-07-22,107.17,家居
U00893,ORD_U00893_001,2023-08-02,196.77,数码
U00893,ORD_U00893_002,2023-09-24,168.37,家居
U00893,ORD_U00893_003,2023-09-24,245.97,服饰
U00893,ORD_U00893_004,2024-01-21,124.69,家居
U00893,ORD_U00893_008,2024-01-24,155.88,家居
U00893,ORD_U00893_007,2024-03-01,83.17,数码
U00893,ORD_U00893_005,2024-03-15,272.2,食品
U00893,ORD_U00893_006,2024-04-01,198.8,数码
U00893,ORD_U00893_009,2024-12-19,233.18,食品
U00894,ORD_U00894_000,2025-01-22,127.61,美妆
U00894,ORD_U00894_002,2025-02-11,228.16,家居
U00894,ORD_U00894_001,2025-02-13,105.68,美妆
U00894,ORD_U00894_004,2025-03-28,281.85,服饰
U00894,ORD_U00894_003,2025-05-09,146.91,食品
U00894,ORD_U00894_007,2025-05-13,210.7,服饰
U00894,ORD_U00894_008,2025-08-29,121.34,食品
U00894,ORD_U00894_005,2025-10-04,277.82,食品
U00894,ORD_U00894_009,2025-11-07,191.29,数码
U00894,ORD_U00894_006,2026-01-01,156.98,数码
U00895,ORD_U00895_000,2023-10-12,446.75,食品
U00895,ORD_U00895_001,2023-10-28,523.4,服饰
U00895,ORD_U00895_004,2023-12-23,873.53,数码
U00895,ORD_U00895_002,2023-12-26,521.56,美妆
U00895,ORD_U00895_005,2024-01-07,858.57,数码
U00895,ORD_U00895_003,2024-01-28,499.75,美妆
U00895,ORD_U00895_007,2024-01-30,846.61,食品
U00895,ORD_U00895_012,2024-05-02,495.17,数码
U00895,ORD_U00895_006,2024-05-09,886.15,数码
U00895,ORD_U00895_011,2024-05-11,385.48,服饰
U00895,ORD_U00895_008,2024-06-28,703.31,服饰
U00895,ORD_U00895_009,2024-08-25,336.21,家居
U00895,ORD_U00895_010,2024-10-12,712.46,服饰
U00896,ORD_U00896_000,2024-03-12,729.13,美妆
U00896,ORD_U00896_001,2024-03-14,1090.07,食品
U00896,ORD_U00896_002,2024-04-07,1134.56,食品
U00896,ORD_U00896_003,2024-05-12,1135.85,美妆
U00896,ORD_U00896_005,2024-07-15,1004.91,服饰
U00896,ORD_U00896_006,2024-07-16,349.92,美妆
U00896,ORD_U00896_004,2024-08-22,580.77,数码
U00896,ORD_U00896_007,2024-09-12,842.4,数码
U00896,ORD_U00896_016,2024-11-08,377.67,美妆
U00896,ORD_U00896_008,2024-12-04,335.66,数码
U00896,ORD_U00896_014,2024-12-17,574.19,食品
U00896,ORD_U00896_010,2024-12-23,1062.17,食品
U00896,ORD_U00896_009,2025-04-13,607.36,家居
U00896,ORD_U00896_015,2025-05-07,327.47,美妆
U00896,ORD_U00896_012,2025-06-09,351.54,家居
U00896,ORD_U00896_011,2025-07-21,710.18,食品
U00896,ORD_U00896_018,2025-08-19,703.06,美妆
U00896,ORD_U00896_013,2025-08-27,437.53,家居
U00896,ORD_U00896_017,2026-01-06,514.98,美妆
U00897,ORD_U00897_000,2023-02-27,23.25,食品
U00897,ORD_U00897_002,2023-05-18,88.49,数码
U00897,ORD_U00897_001,2023-05-23,31.83,食品
U00898,ORD_U00898_000,2023-11-10,108.21,家居
U00898,ORD_U00898_001,2024-02-01,91.99,食品
U00898,ORD_U00898_002,2024-02-08,224.26,服饰
U00898,ORD_U00898_003,2024-06-26,131.96,食品
U00899,ORD_U00899_001,2023-05-09,59.38,服饰
U00899,ORD_U00899_000,2023-06-05,149.22,食品
U00899,ORD_U00899_002,2023-11-14,42.97,食品
U00900,ORD_U00900_000,2023-10-22,55.8,美妆
U00900,ORD_U00900_001,2023-11-01,67.78,食品
U00901,ORD_U00901_000,2023-04-25,87.23,家居
U00901,ORD_U00901_001,2023-05-17,46.08,数码
U00901,ORD_U00901_002,2023-07-26,57.38,食品
U00902,ORD_U00902_000,2023-10-30,96.0,美妆
U00902,ORD_U00902_001,2024-02-24,97.09,美妆
U00903,ORD_U00903_000,2024-03-15,1370.36,食品
U00903,ORD_U00903_001,2024-04-08,964.13,美妆
U00903,ORD_U00903_003,2024-04-22,951.44,服饰
U00903,ORD_U00903_002,2024-04-24,1123.46,美妆
U00903,ORD_U00903_004,2024-04-29,1233.51,服饰
U00903,ORD_U00903_005,2024-05-16,729.97,数码
U00903,ORD_U00903_011,2024-06-25,536.94,美妆
U00903,ORD_U00903_009,2024-07-30,792.64,家居
U00903,ORD_U00903_018,2024-08-04,1556.8,家居
U00903,ORD_U00903_023,2024-08-13,1306.51,美妆
U00903,ORD_U00903_020,2024-08-28,1565.42,家居
U00903,ORD_U00903_007,2024-08-31,1255.19,数码
U00903,ORD_U00903_006,2024-09-27,1051.84,家居
U00903,ORD_U00903_010,2024-10-29,925.5,食品
U00903,ORD_U00903_021,2024-11-07,1410.08,家居
U00903,ORD_U00903_027,2024-11-07,881.6,服饰
U00903,ORD_U00903_008,2024-11-09,1380.62,美妆
U00903,ORD_U00903_037,2024-12-28,1645.05,美妆
U00903,ORD_U00903_030,2025-01-09,1650.61,家居
U00903,ORD_U00903_022,2025-01-13,1331.47,数码
U00903,ORD_U00903_016,2025-02-06,994.89,数码
U00903,ORD_U00903_014,2025-02-17,1293.02,数码
U00903,ORD_U00903_015,2025-03-02,1293.59,食品
U00903,ORD_U00903_026,2025-03-05,553.78,家居
U00903,ORD_U00903_035,2025-03-06,1457.82,食品
U00903,ORD_U00903_012,2025-03-12,756.47,服饰
U00903,ORD_U00903_013,2025-03-29,1540.73,数码
U00903,ORD_U00903_029,2025-04-05,1023.92,家居
U00903,ORD_U00903_017,2025-04-22,1049.74,数码
U00903,ORD_U00903_028,2025-05-28,971.28,服饰
U00903,ORD_U00903_031,2025-07-01,483.9,数码
U00903,ORD_U00903_034,2025-07-20,1093.92,数码
U00903,ORD_U00903_019,2025-08-14,1599.05,美妆
U00903,ORD_U00903_024,2025-10-04,791.55,数码
U00903,ORD_U00903_032,2025-11-21,1361.36,美妆
U00903,ORD_U00903_025,2025-12-21,472.34,数码
U00903,ORD_U00903_038,2026-05-19,654.68,数码
U00903,ORD_U00903_036,2026-05-26,961.02,数码
U00903,ORD_U00903_033,2026-11-14,1625.12,数码
U00904,ORD_U00904_000,2023-08-01,143.01,美妆
U00904,ORD_U00904_001,2023-09-04,146.6,食品
U00904,ORD_U00904_002,2023-09-28,75.75,家居
U00905,ORD_U00905_000,2023-03-22,228.41,数码
U00905,ORD_U00905_003,2023-05-15,246.83,数码
U00905,ORD_U00905_001,2023-05-25,282.46,数码
U00905,ORD_U00905_002,2023-07-31,243.18,美妆
U00905,ORD_U00905_006,2023-11-07,151.36,食品
U00905,ORD_U00905_005,2023-11-19,201.54,美妆
U00905,ORD_U00905_004,2023-11-27,243.27,美妆
U00906,ORD_U00906_000,2024-05-07,135.01,美妆
U00906,ORD_U00906_001,2024-05-29,176.37,食品
U00906,ORD_U00906_002,2024-06-25,199.17,美妆
U00906,ORD_U00906_003,2024-11-03,101.97,美妆
U00907,ORD_U00907_000,2023-09-13,1787.71,家居
U00907,ORD_U00907_001,2023-10-10,1032.25,美妆
U00907,ORD_U00907_002,2023-10-18,748.93,服饰
U00907,ORD_U00907_005,2023-11-09,1973.39,家居
U00907,ORD_U00907_003,2023-11-11,777.54,数码
U00907,ORD_U00907_010,2023-11-21,1948.29,服饰
U00907,ORD_U00907_004,2024-01-08,1611.99,家居
U00907,ORD_U00907_006,2024-01-27,1783.21,家居
U00907,ORD_U00907_018,2024-02-24,942.39,数码
U00907,ORD_U00907_013,2024-02-25,1852.68,数码
U00907,ORD_U00907_020,2024-03-01,1316.92,数码
U00907,ORD_U00907_015,2024-03-02,2057.05,食品
U00907,ORD_U00907_008,2024-03-11,2021.74,数码
U00907,ORD_U00907_007,2024-03-16,710.19,美妆
U00907,ORD_U00907_022,2024-04-30,1819.98,数码
U00907,ORD_U00907_009,2024-05-05,1183.33,食品
U00907,ORD_U00907_028,2024-05-13,2245.29,服饰
U00907,ORD_U00907_024,2024-05-27,719.53,服饰
U00907,ORD_U00907_027,2024-06-26,1182.29,服饰
U00907,ORD_U00907_012,2024-07-18,1116.56,美妆
U00907,ORD_U00907_032,2024-07-23,1649.24,家居
U00907,ORD_U00907_014,2024-08-01,1937.17,食品
U00907,ORD_U00907_011,2024-08-07,1505.94,食品
U00907,ORD_U00907_016,2024-09-07,1747.1,食品
U00907,ORD_U00907_019,2024-10-01,876.96,家居
U00907,ORD_U00907_017,2024-10-30,669.51,服饰
U00907,ORD_U00907_025,2024-12-16,847.37,数码
U00907,ORD_U00907_021,2024-12-18,1023.13,食品
U00907,ORD_U00907_039,2024-12-20,1056.42,美妆
U00907,ORD_U00907_023,2024-12-27,1158.6,家居
U00907,ORD_U00907_030,2025-01-11,1806.85,食品
U00907,ORD_U00907_035,2025-03-15,2247.54,服饰
U00907,ORD_U00907_034,2025-07-29,1823.75,家居
U00907,ORD_U00907_026,2025-08-20,716.04,数码
U00907,ORD_U00907_036,2025-09-24,1616.38,数码
U00907,ORD_U00907_037,2025-10-16,1447.39,服饰
U00907,ORD_U00907_029,2025-12-13,1246.78,食品
U00907,ORD_U00907_031,2026-01-14,2199.24,服饰
U00907,ORD_U00907_033,2026-03-01,1584.46,食品
U00907,ORD_U00907_038,2026-04-22,1055.81,服饰
U00908,ORD_U00908_000,2023-07-23,31.76,家居
U00908,ORD_U00908_001,2023-07-29,29.54,服饰
U00908,ORD_U00908_002,2023-10-24,53.11,服饰
U00908,ORD_U00908_003,2023-12-11,39.13,食品
U00909,ORD_U00909_000,2024-07-13,224.05,食品
U00909,ORD_U00909_001,2024-09-26,190.6,美妆
U00910,ORD_U00910_000,2023-06-12,109.51,服饰
U00911,ORD_U00911_001,2024-07-03,67.3,美妆
U00911,ORD_U00911_000,2024-07-06,116.22,服饰
U00911,ORD_U00911_002,2024-09-06,116.8,食品
U00912,ORD_U00912_000,2023-06-20,38.48,服饰
U00913,ORD_U00913_000,2024-06-01,402.95,美妆
U00913,ORD_U00913_001,2024-07-12,407.34,服饰
U00913,ORD_U00913_002,2024-10-02,314.31,数码
U00914,ORD_U00914_000,2023-08-27,297.96,美妆
U00914,ORD_U00914_001,2023-10-07,161.79,数码
U00914,ORD_U00914_002,2023-12-14,100.67,美妆
U00914,ORD_U00914_003,2024-01-06,334.09,美妆
U00914,ORD_U00914_004,2024-02-11,203.09,服饰
U00914,ORD_U00914_006,2024-04-06,121.26,数码
U00914,ORD_U00914_005,2024-05-10,313.89,食品
U00914,ORD_U00914_007,2024-07-10,237.38,食品
U00914,ORD_U00914_008,2025-01-11,235.59,服饰
U00915,ORD_U00915_000,2024-07-30,70.15,家居
U00915,ORD_U00915_001,2024-10-12,68.88,服饰
U00915,ORD_U00915_002,2024-10-24,73.59,美妆
U00915,ORD_U00915_003,2025-03-07,58.82,家居
U00916,ORD_U00916_000,2023-04-08,498.02,服饰
U00916,ORD_U00916_001,2023-06-02,148.41,美妆
U00916,ORD_U00916_002,2023-06-22,355.71,数码
U00916,ORD_U00916_004,2023-06-26,438.64,食品
U00916,ORD_U00916_003,2023-07-19,533.94,服饰
U00916,ORD_U00916_005,2023-10-10,277.69,美妆
U00916,ORD_U00916_010,2023-10-18,530.32,家居
U00916,ORD_U00916_006,2023-12-05,458.67,数码
U00916,ORD_U00916_012,2023-12-10,289.42,数码
U00916,ORD_U00916_008,2024-01-08,157.58,数码
U00916,ORD_U00916_013,2024-02-25,467.82,家居
U00916,ORD_U00916_007,2024-03-07,471.17,食品
U00916,ORD_U00916_009,2024-04-17,229.66,家居
U00916,ORD_U00916_011,2024-04-26,469.12,美妆
U00917,ORD_U00917_000,2023-09-21,55.06,服饰
U00917,ORD_U00917_002,2023-10-04,189.24,数码
U00917,ORD_U00917_001,2023-10-05,141.09,服饰
U00917,ORD_U00917_003,2024-02-08,58.12,数码
U00917,ORD_U00917_004,2024-02-26,59.84,数码
U00917,ORD_U00917_009,2024-03-11,62.31,数码
U00917,ORD_U00917_005,2024-04-09,87.82,数码
U00917,ORD_U00917_006,2024-04-09,80.11,数码
U00917,ORD_U00917_007,2024-10-25,112.19,美妆
U00917,ORD_U00917_008,2024-12-01,194.14,美妆
U00918,ORD_U00918_000,2023-09-25,93.43,美妆
U00918,ORD_U00918_002,2023-10-23,68.59,食品
U00918,ORD_U00918_001,2023-11-05,102.36,美妆
U00918,ORD_U00918_003,2024-02-08,139.93,美妆
U00918,ORD_U00918_005,2024-03-03,110.21,数码
U00918,ORD_U00918_008,2024-04-23,136.23,食品
U00918,ORD_U00918_004,2024-06-01,93.18,家居
U00918,ORD_U00918_006,2024-06-20,47.74,数码
U00918,ORD_U00918_009,2024-08-09,64.34,家居
U00918,ORD_U00918_007,2024-10-17,107.7,美妆
U00919,ORD_U00919_000,2024-01-21,375.68,食品
U00919,ORD_U00919_001,2024-03-20,162.35,食品
U00919,ORD_U00919_003,2024-04-17,128.99,数码
U00919,ORD_U00919_002,2024-05-14,226.53,食品
U00919,ORD_U00919_004,2024-10-18,114.72,食品
U00920,ORD_U00920_000,2023-01-29,400.91,食品
U00920,ORD_U00920_003,2023-03-23,135.41,数码
U00920,ORD_U00920_001,2023-03-27,336.08,家居
U00920,ORD_U00920_002,2023-04-06,298.21,美妆
U00920,ORD_U00920_004,2023-04-13,222.66,食品
U00920,ORD_U00920_005,2023-06-06,357.63,美妆
U00920,ORD_U00920_007,2023-06-10,135.15,家居
U00920,ORD_U00920_006,2023-06-23,394.11,食品
U00920,ORD_U00920_010,2023-08-04,327.88,家居
U00920,ORD_U00920_009,2023-09-15,440.08,服饰
U00920,ORD_U00920_008,2023-10-20,128.06,美妆
U00920,ORD_U00920_014,2024-03-03,268.11,美妆
U00920,ORD_U00920_011,2024-03-18,207.65,数码
U00920,ORD_U00920_012,2024-08-01,173.57,美妆
U00920,ORD_U00920_013,2024-08-11,399.96,食品
U00920,ORD_U00920_015,2024-10-08,416.04,数码
U00921,ORD_U00921_000,2024-12-21,312.18,数码
U00921,ORD_U00921_001,2025-01-25,245.54,服饰
U00921,ORD_U00921_005,2025-05-02,514.38,食品
U00921,ORD_U00921_002,2025-05-06,312.11,食品
U00921,ORD_U00921_003,2025-05-16,350.53,家居
U00921,ORD_U00921_004,2025-06-14,545.49,食品
U00922,ORD_U00922_000,2024-04-10,129.54,美妆
U00922,ORD_U00922_001,2024-05-13,221.51,数码
U00922,ORD_U00922_002,2024-07-02,153.32,食品
U00923,ORD_U00923_000,2023-02-22,425.7,食品
U00923,ORD_U00923_001,2023-04-14,384.38,美妆
U00923,ORD_U00923_003,2023-06-16,331.12,服饰
U00923,ORD_U00923_002,2023-06-23,319.06,美妆
U00923,ORD_U00923_004,2023-07-10,260.84,食品
U00924,ORD_U00924_000,2024-06-20,23.43,数码
U00924,ORD_U00924_002,2024-07-28,21.68,食品
U00924,ORD_U00924_001,2024-08-19,68.86,美妆
U00924,ORD_U00924_003,2024-09-23,43.81,家居
U00925,ORD_U00925_000,2024-02-06,90.7,服饰
U00925,ORD_U00925_001,2024-04-02,90.08,食品
U00926,ORD_U00926_000,2024-02-16,656.65,美妆
U00926,ORD_U00926_003,2024-03-19,571.35,美妆
U00926,ORD_U00926_002,2024-03-28,801.47,家居
U00926,ORD_U00926_001,2024-04-12,782.68,数码
U00926,ORD_U00926_005,2024-04-13,759.08,数码
U00926,ORD_U00926_004,2024-06-20,731.5,数码
U00926,ORD_U00926_007,2024-07-04,366.71,家居
U00926,ORD_U00926_008,2024-10-11,434.83,美妆
U00926,ORD_U00926_012,2024-11-08,580.61,美妆
U00926,ORD_U00926_006,2024-11-13,302.69,美妆
U00926,ORD_U00926_015,2024-11-16,257.65,数码
U00926,ORD_U00926_013,2024-12-07,381.02,美妆
U00926,ORD_U00926_016,2025-01-05,713.24,美妆
U00926,ORD_U00926_009,2025-03-05,589.21,服饰
U00926,ORD_U00926_011,2025-03-11,680.03,食品
U00926,ORD_U00926_010,2025-04-27,527.56,数码
U00926,ORD_U00926_014,2025-06-30,212.7,数码
U00927,ORD_U00927_000,2024-10-07,117.85,家居
U00927,ORD_U00927_001,2024-12-19,89.27,服饰
U00928,ORD_U00928_000,2023-04-30,369.51,食品
U00928,ORD_U00928_001,2023-05-19,180.98,食品
U00928,ORD_U00928_002,2023-08-11,285.43,食品
U00928,ORD_U00928_003,2023-08-25,130.9,服饰
U00928,ORD_U00928_004,2023-09-07,276.81,美妆
U00929,ORD_U00929_000,2023-07-01,120.52,数码
U00930,ORD_U00930_000,2023-09-25,118.81,美妆
U00930,ORD_U00930_001,2023-11-02,157.44,美妆
U00930,ORD_U00930_002,2023-12-31,58.79,食品
U00930,ORD_U00930_003,2024-02-23,105.46,美妆
U00931,ORD_U00931_000,2024-02-02,175.35,家居
U00932,ORD_U00932_000,2024-09-08,42.6,家居
U00932,ORD_U00932_003,2024-10-31,58.48,美妆
U00932,ORD_U00932_001,2024-11-16,40.42,食品
U00932,ORD_U00932_002,2025-03-26,17.91,家居
U00933,ORD_U00933_000,2023-11-01,320.18,服饰
U00933,ORD_U00933_001,2023-11-15,155.17,家居
U00933,ORD_U00933_003,2024-02-03,211.09,家居
U00933,ORD_U00933_004,2024-02-04,273.62,食品
U00933,ORD_U00933_005,2024-02-13,110.62,美妆
U00933,ORD_U00933_002,2024-03-07,315.61,服饰
U00933,ORD_U00933_006,2024-05-22,183.01,数码
U00933,ORD_U00933_009,2024-10-28,282.61,美妆
U00933,ORD_U00933_007,2024-12-12,196.4,家居
U00933,ORD_U00933_008,2025-02-25,367.15,食品
U00934,ORD_U00934_000,2023-12-25,558.75,美妆
U00934,ORD_U00934_002,2024-02-13,484.75,食品
U00934,ORD_U00934_001,2024-02-18,316.5,美妆
U00934,ORD_U00934_004,2024-02-27,458.81,食品
U00934,ORD_U00934_003,2024-03-22,451.38,食品
U00934,ORD_U00934_005,2024-10-14,157.5,数码
U00935,ORD_U00935_000,2023-10-04,77.42,服饰
U00935,ORD_U00935_001,2023-12-05,168.82,数码
U00936,ORD_U00936_000,2023-04-10,442.07,家居
U00936,ORD_U00936_001,2023-05-14,247.88,美妆
U00936,ORD_U00936_002,2023-06-28,494.11,数码
U00936,ORD_U00936_003,2023-08-05,197.63,食品
U00936,ORD_U00936_004,2023-11-23,308.93,服饰
U00936,ORD_U00936_008,2023-12-12,372.27,食品
U00936,ORD_U00936_005,2024-01-24,477.8,食品
U00936,ORD_U00936_007,2024-01-29,316.19,服饰
U00936,ORD_U00936_006,2024-04-23,382.15,美妆
U00936,ORD_U00936_009,2024-09-10,169.33,美妆
U00937,ORD_U00937_000,2024-02-16,314.83,数码
U00937,ORD_U00937_001,2024-03-19,789.52,服饰
U00937,ORD_U00937_002,2024-05-07,944.02,家居
U00937,ORD_U00937_003,2024-06-16,778.91,家居
U00937,ORD_U00937_004,2024-06-18,992.33,数码
U00937,ORD_U00937_005,2024-06-28,444.12,数码
U00937,ORD_U00937_006,2024-09-13,930.82,食品
U00937,ORD_U00937_007,2025-01-10,1064.12,服饰
U00937,ORD_U00937_008,2025-01-28,340.05,美妆
U00938,ORD_U00938_000,2023-12-06,631.75,家居
U00938,ORD_U00938_001,2024-01-07,633.22,食品
U00938,ORD_U00938_004,2024-01-16,525.15,食品
U00938,ORD_U00938_002,2024-02-05,348.91,数码
U00938,ORD_U00938_003,2024-02-14,375.99,家居
U00938,ORD_U00938_010,2024-02-15,328.19,服饰
U00938,ORD_U00938_008,2024-02-21,808.64,数码
U00938,ORD_U00938_009,2024-04-26,607.17,美妆
U00938,ORD_U00938_005,2024-05-11,694.05,服饰
U00938,ORD_U00938_007,2024-05-17,390.81,服饰
U00938,ORD_U00938_006,2024-05-20,397.33,美妆
U00938,ORD_U00938_019,2024-05-20,413.4,数码
U00938,ORD_U00938_011,2024-06-05,793.4,家居
U00938,ORD_U00938_014,2024-08-27,522.95,美妆
U00938,ORD_U00938_015,2024-11-05,583.39,美妆
U00938,ORD_U00938_013,2024-11-07,819.4,服饰
U00938,ORD_U00938_012,2024-11-26,481.32,数码
U00938,ORD_U00938_016,2025-01-19,604.68,食品
U00938,ORD_U00938_018,2025-01-27,501.95,美妆
U00938,ORD_U00938_017,2025-04-10,299.78,美妆
U00939,ORD_U00939_000,2023-02-26,410.6,家居
U00939,ORD_U00939_001,2023-04-04,225.59,数码
U00939,ORD_U00939_002,2023-05-25,324.04,家居
U00939,ORD_U00939_003,2023-07-03,281.72,美妆
U00939,ORD_U00939_005,2023-07-03,301.73,数码
U00939,ORD_U00939_004,2023-08-09,314.65,服饰
U00939,ORD_U00939_008,2023-09-26,431.5,服饰
U00939,ORD_U00939_006,2023-11-20,268.43,服饰
U00939,ORD_U00939_009,2024-03-19,315.57,食品
U00939,ORD_U00939_007,2024-04-01,206.26,服饰
U00940,ORD_U00940_000,2024-03-14,65.46,食品
U00940,ORD_U00940_001,2024-05-10,121.99,家居
U00940,ORD_U00940_002,2024-07-03,137.46,美妆
U00941,ORD_U00941_000,2024-07-05,48.42,家居
U00941,ORD_U00941_001,2024-08-08,99.99,数码
U00941,ORD_U00941_002,2024-09-14,57.98,食品
U00942,ORD_U00942_000,2024-05-11,196.92,食品
U00942,ORD_U00942_001,2024-05-24,172.31,食品
U00942,ORD_U00942_002,2024-07-28,325.45,数码
U00943,ORD_U00943_000,2023-03-18,290.63,家居
U00943,ORD_U00943_001,2023-05-06,140.79,食品
U00943,ORD_U00943_002,2023-05-06,301.38,家居
U00943,ORD_U00943_003,2023-05-29,189.3,服饰
U00943,ORD_U00943_005,2023-07-13,118.13,食品
U00943,ORD_U00943_006,2023-07-23,325.37,数码
U00943,ORD_U00943_004,2023-08-27,270.62,服饰
U00943,ORD_U00943_007,2023-09-11,135.53,美妆
U00943,ORD_U00943_013,2023-11-08,170.42,食品
U00943,ORD_U00943_009,2023-11-09,318.95,服饰
U00943,ORD_U00943_015,2023-11-18,133.79,家居
U00943,ORD_U00943_010,2024-02-16,219.48,服饰
U00943,ORD_U00943_008,2024-03-10,150.63,食品
U00943,ORD_U00943_011,2024-03-31,134.78,家居
U00943,ORD_U00943_018,2024-04-30,311.33,数码
U00943,ORD_U00943_014,2024-08-25,97.64,数码
U00943,ORD_U00943_012,2024-09-07,167.54,美妆
U00943,ORD_U00943_017,2025-02-02,241.73,家居
U00943,ORD_U00943_016,2025-02-07,269.14,美妆
U00943,ORD_U00943_019,2025-02-25,107.28,服饰
U00944,ORD_U00944_000,2024-12-12,51.81,食品
U00944,ORD_U00944_001,2025-02-04,57.48,家居
U00944,ORD_U00944_002,2025-03-12,135.83,美妆
U00945,ORD_U00945_000,2023-06-15,34.64,家居
U00946,ORD_U00946_000,2023-09-06,72.06,数码
U00946,ORD_U00946_001,2023-09-26,87.78,服饰
U00947,ORD_U00947_000,2023-07-26,44.21,服饰
U00948,ORD_U00948_000,2023-10-01,141.32,家居
U00948,ORD_U00948_001,2023-11-06,59.66,美妆
U00948,ORD_U00948_002,2024-01-16,83.0,数码
U00949,ORD_U00949_000,2024-04-20,95.29,食品
U00949,ORD_U00949_001,2024-05-03,89.46,美妆
U00949,ORD_U00949_002,2024-07-28,100.41,数码
U00950,ORD_U00950_000,2024-09-28,179.35,家居
U00951,ORD_U00951_000,2024-07-30,488.64,食品
U00951,ORD_U00951_001,2024-09-30,362.62,家居
U00951,ORD_U00951_003,2024-10-16,760.52,数码
U00951,ORD_U00951_004,2024-11-06,440.74,食品
U00951,ORD_U00951_002,2024-11-15,653.83,服饰
U00951,ORD_U00951_006,2024-12-20,646.56,食品
U00951,ORD_U00951_005,2025-01-08,475.67,家居
U00951,ORD_U00951_011,2025-03-27,257.73,服饰
U00951,ORD_U00951_010,2025-04-11,493.01,美妆
U00951,ORD_U00951_008,2025-04-26,270.72,数码
U00951,ORD_U00951_015,2025-04-30,594.53,服饰
U00951,ORD_U00951_007,2025-05-19,421.71,美妆
U00951,ORD_U00951_013,2025-07-27,239.59,家居
U00951,ORD_U00951_012,2025-08-06,740.62,美妆
U00951,ORD_U00951_014,2025-08-24,201.55,数码
U00951,ORD_U00951_009,2025-09-11,689.88,美妆
U00952,ORD_U00952_000,2024-08-07,146.5,服饰
U00952,ORD_U00952_001,2024-08-28,117.1,服饰
U00953,ORD_U00953_001,2024-05-29,721.94,美妆
U00953,ORD_U00953_000,2024-06-14,364.04,家居
U00953,ORD_U00953_002,2024-07-04,570.05,数码
U00953,ORD_U00953_003,2024-08-10,522.29,家居
U00953,ORD_U00953_005,2024-08-10,665.65,食品
U00953,ORD_U00953_004,2024-08-18,893.05,家居
U00953,ORD_U00953_008,2024-09-30,954.0,食品
U00953,ORD_U00953_007,2024-10-12,924.95,数码
U00953,ORD_U00953_010,2024-11-14,1071.37,数码
U00953,ORD_U00953_006,2024-12-16,627.51,服饰
U00953,ORD_U00953_009,2025-04-11,852.97,服饰
U00953,ORD_U00953_013,2025-05-07,595.44,食品
U00953,ORD_U00953_014,2025-05-12,564.33,数码
U00953,ORD_U00953_012,2025-06-29,617.45,数码
U00953,ORD_U00953_011,2025-07-09,928.38,美妆
U00953,ORD_U00953_018,2025-11-25,878.01,服饰
U00953,ORD_U00953_017,2026-03-19,645.61,美妆
U00953,ORD_U00953_015,2026-04-10,856.99,数码
U00953,ORD_U00953_016,2026-04-14,979.17,数码
U00953,ORD_U00953_019,2026-04-16,1001.15,数码
U00954,ORD_U00954_001,2024-11-29,86.65,美妆
U00954,ORD_U00954_000,2024-12-19,43.26,服饰
U00954,ORD_U00954_002,2025-04-01,98.91,美妆
U00954,ORD_U00954_003,2025-08-21,42.58,数码
U00955,ORD_U00955_000,2023-10-22,167.76,服饰
U00955,ORD_U00955_001,2023-12-07,335.59,食品
U00955,ORD_U00955_002,2024-03-02,130.63,数码
U00955,ORD_U00955_006,2024-03-28,333.55,美妆
U00955,ORD_U00955_004,2024-04-16,337.39,美妆
U00955,ORD_U00955_007,2024-05-12,261.29,服饰
U00955,ORD_U00955_008,2024-05-20,190.71,美妆
U00955,ORD_U00955_003,2024-05-25,200.47,服饰
U00955,ORD_U00955_005,2024-08-24,284.28,数码
U00955,ORD_U00955_009,2025-03-03,164.91,数码
U00956,ORD_U00956_000,2023-03-27,80.74,数码
U00956,ORD_U00956_001,2023-04-30,39.29,美妆
U00957,ORD_U00957_000,2025-01-14,565.74,家居
U00957,ORD_U00957_002,2025-02-13,567.04,美妆
U00957,ORD_U00957_001,2025-02-17,499.79,家居
U00957,ORD_U00957_005,2025-03-25,574.56,服饰
U00957,ORD_U00957_003,2025-04-03,744.41,美妆
U00957,ORD_U00957_006,2025-05-13,389.81,家居
U00957,ORD_U00957_012,2025-06-29,508.57,数码
U00957,ORD_U00957_004,2025-07-07,503.83,服饰
U00957,ORD_U00957_008,2025-07-25,445.34,服饰
U00957,ORD_U00957_007,2025-08-10,254.6,数码
U00957,ORD_U00957_014,2025-10-22,530.98,服饰
U00957,ORD_U00957_009,2026-01-05,710.08,数码
U00957,ORD_U00957_013,2026-01-14,802.0,数码
U00957,ORD_U00957_010,2026-02-05,859.92,家居
U00957,ORD_U00957_011,2026-02-19,555.22,服饰
U00957,ORD_U00957_018,2026-03-02,692.64,食品
U00957,ORD_U00957_016,2026-04-03,278.03,食品
U00957,ORD_U00957_015,2026-04-14,430.95,美妆
U00957,ORD_U00957_017,2026-11-21,888.17,美妆
U00957,ORD_U00957_019,2027-03-30,570.1,数码
U00958,ORD_U00958_000,2024-08-05,64.93,家居
U00958,ORD_U00958_001,2024-09-02,58.57,美妆
U00958,ORD_U00958_002,2024-12-07,34.46,美妆
U00958,ORD_U00958_003,2025-02-23,29.64,家居
U00959,ORD_U00959_000,2024-02-24,358.64,食品
U00959,ORD_U00959_001,2024-04-06,150.72,美妆
U00959,ORD_U00959_002,2024-06-08,325.52,服饰
U00959,ORD_U00959_003,2024-06-27,217.14,服饰
U00959,ORD_U00959_004,2024-08-14,227.49,美妆
U00959,ORD_U00959_007,2024-09-29,109.45,服饰
U00959,ORD_U00959_005,2024-12-27,293.76,食品
U00959,ORD_U00959_008,2024-12-27,162.8,美妆
U00959,ORD_U00959_006,2025-02-22,281.1,美妆
U00959,ORD_U00959_009,2025-05-02,114.18,家居
U00960,ORD_U00960_000,2023-12-12,173.57,美妆
U00960,ORD_U00960_001,2024-03-03,270.28,数码
U00960,ORD_U00960_002,2024-03-17,233.7,食品
U00960,ORD_U00960_005,2024-04-21,237.22,数码
U00960,ORD_U00960_003,2024-04-22,158.39,家居
U00960,ORD_U00960_006,2024-06-06,135.3,美妆
U00960,ORD_U00960_004,2024-07-30,191.29,美妆
U00960,ORD_U00960_007,2025-02-19,132.82,食品
U00961,ORD_U00961_000,2023-04-23,131.36,家居
U00961,ORD_U00961_001,2023-05-31,192.32,数码
U00961,ORD_U00961_005,2023-07-26,63.59,数码
U00961,ORD_U00961_002,2023-08-28,84.72,数码
U00961,ORD_U00961_003,2023-09-15,66.76,数码
U00961,ORD_U00961_004,2023-12-25,97.07,服饰
U00962,ORD_U00962_000,2023-12-10,1019.31,服饰
U00962,ORD_U00962_001,2024-01-25,800.09,食品
U00962,ORD_U00962_002,2024-02-05,1573.34,美妆
U00962,ORD_U00962_006,2024-02-08,1712.09,美妆
U00962,ORD_U00962_005,2024-03-08,1429.69,数码
U00962,ORD_U00962_003,2024-03-24,1258.74,美妆
U00962,ORD_U00962_008,2024-03-27,1498.96,食品
U00962,ORD_U00962_004,2024-04-01,660.56,服饰
U00962,ORD_U00962_009,2024-05-20,1467.43,服饰
U00962,ORD_U00962_021,2024-06-23,953.44,数码
U00962,ORD_U00962_007,2024-06-25,1247.1,数码
U00962,ORD_U00962_013,2024-07-01,579.88,服饰
U00962,ORD_U00962_010,2024-07-25,1660.84,食品
U00962,ORD_U00962_024,2024-07-31,1445.31,食品
U00962,ORD_U00962_015,2024-08-08,605.69,食品
U00962,ORD_U00962_040,2024-09-25,930.58,数码
U00962,ORD_U00962_011,2024-10-10,1454.68,食品
U00962,ORD_U00962_016,2024-10-13,632.5,数码
U00962,ORD_U00962_033,2024-10-20,451.42,食品
U00962,ORD_U00962_026,2024-10-21,1041.75,数码
U00962,ORD_U00962_019,2024-10-23,1268.01,美妆
U00962,ORD_U00962_012,2024-11-03,1017.98,家居
U00962,ORD_U00962_022,2025-01-24,1008.57,食品
U00962,ORD_U00962_014,2025-01-31,1574.31,家居
U00962,ORD_U00962_020,2025-02-03,866.33,数码
U00962,ORD_U00962_028,2025-02-20,1191.89,数码
U00962,ORD_U00962_017,2025-04-16,830.03,服饰
U00962,ORD_U00962_041,2025-05-22,899.76,服饰
U00962,ORD_U00962_018,2025-05-24,1749.9,服饰
U00962,ORD_U00962_035,2025-07-29,771.17,食品
U00962,ORD_U00962_023,2025-07-30,490.54,食品
U00962,ORD_U00962_031,2025-10-19,1141.99,家居
U00962,ORD_U00962_029,2025-11-06,823.08,家居
U00962,ORD_U00962_025,2025-12-08,836.37,美妆
U00962,ORD_U00962_032,2026-01-01,1656.41,服饰
U00962,ORD_U00962_038,2026-01-18,593.79,数码
U00962,ORD_U00962_027,2026-02-16,1627.35,家居
U00962,ORD_U00962_039,2026-02-18,1722.18,家居
U00962,ORD_U00962_037,2026-03-14,609.71,家居
U00962,ORD_U00962_034,2026-03-26,1705.76,数码
U00962,ORD_U00962_030,2026-04-16,1506.18,服饰
U00962,ORD_U00962_036,2026-07-13,1355.22,数码
U00963,ORD_U00963_000,2023-12-01,476.68,美妆
U00963,ORD_U00963_001,2023-12-23,411.91,数码
U00963,ORD_U00963_006,2024-03-17,460.07,家居
U00963,ORD_U00963_002,2024-04-01,347.94,美妆
U00963,ORD_U00963_003,2024-04-18,241.08,数码
U00963,ORD_U00963_007,2024-05-06,227.03,数码
U00963,ORD_U00963_005,2024-06-29,387.42,数码
U00963,ORD_U00963_004,2024-07-09,366.82,美妆
U00963,ORD_U00963_008,2025-02-15,228.01,家居
U00964,ORD_U00964_000,2023-07-03,113.72,美妆
U00964,ORD_U00964_001,2023-08-31,172.97,数码
U00964,ORD_U00964_003,2023-09-28,136.03,食品
U00964,ORD_U00964_004,2023-10-11,184.52,数码
U00964,ORD_U00964_002,2023-11-18,111.35,服饰
U00964,ORD_U00964_005,2024-02-03,96.54,数码
U00964,ORD_U00964_007,2024-05-18,201.89,服饰
U00964,ORD_U00964_006,2024-06-13,94.18,食品
U00965,ORD_U00965_000,2024-04-30,59.45,食品
U00965,ORD_U00965_001,2024-07-10,24.67,服饰
U00965,ORD_U00965_002,2024-11-08,44.19,食品
U00966,ORD_U00966_000,2023-12-27,138.78,家居
U00966,ORD_U00966_001,2024-01-13,253.34,食品
U00966,ORD_U00966_002,2024-02-10,270.28,数码
U00966,ORD_U00966_003,2024-06-15,331.62,服饰
U00966,ORD_U00966_004,2024-07-04,311.98,服饰
U00966,ORD_U00966_005,2024-08-03,147.01,家居
U00966,ORD_U00966_006,2024-10-18,425.51,家居
U00966,ORD_U00966_007,2025-02-01,311.12,食品
U00967,ORD_U00967_000,2024-12-13,204.7,食品
U00967,ORD_U00967_001,2025-01-17,174.5,美妆
U00967,ORD_U00967_004,2025-04-06,218.38,美妆
U00967,ORD_U00967_002,2025-04-28,108.68,食品
U00967,ORD_U00967_003,2025-05-21,94.95,美妆
U00967,ORD_U00967_006,2025-09-01,217.32,食品
U00967,ORD_U00967_005,2025-10-15,194.11,服饰
U00968,ORD_U00968_000,2023-03-17,97.58,家居
U00968,ORD_U00968_001,2023-05-24,128.51,美妆
U00968,ORD_U00968_002,2023-08-22,128.53,家居
U00969,ORD_U00969_000,2023-03-26,42.72,家居
U00969,ORD_U00969_001,2023-05-09,71.31,美妆
U00969,ORD_U00969_003,2023-05-12,71.75,食品
U00969,ORD_U00969_002,2023-06-21,41.9,食品
U00970,ORD_U00970_000,2024-05-01,114.49,数码
U00970,ORD_U00970_001,2024-06-01,158.56,服饰
U00970,ORD_U00970_002,2024-08-20,214.41,家居
U00970,ORD_U00970_003,2024-10-27,105.85,食品
U00971,ORD_U00971_000,2024-02-25,381.53,美妆
U00971,ORD_U00971_001,2024-04-18,470.09,家居
U00971,ORD_U00971_002,2024-04-21,377.59,美妆
U00971,ORD_U00971_003,2024-06-01,252.57,食品
U00971,ORD_U00971_005,2024-07-03,466.96,服饰
U00971,ORD_U00971_004,2024-08-02,162.98,食品
U00971,ORD_U00971_007,2024-11-08,415.98,家居
U00971,ORD_U00971_006,2024-12-14,176.01,美妆
U00971,ORD_U00971_008,2025-03-24,555.68,服饰
U00972,ORD_U00972_000,2023-09-25,71.24,家居
U00972,ORD_U00972_001,2023-10-15,67.09,家居
U00972,ORD_U00972_002,2023-12-12,110.02,食品
U00972,ORD_U00972_003,2024-03-21,47.82,食品
U00973,ORD_U00973_000,2024-11-23,251.43,食品
U00973,ORD_U00973_001,2024-12-15,234.0,家居
U00973,ORD_U00973_003,2025-02-05,221.12,服饰
U00973,ORD_U00973_002,2025-02-25,237.81,美妆
U00973,ORD_U00973_006,2025-04-14,215.7,美妆
U00973,ORD_U00973_004,2025-04-23,218.5,家居
U00973,ORD_U00973_005,2025-05-24,239.32,食品
U00973,ORD_U00973_007,2025-07-31,154.21,家居
U00974,ORD_U00974_001,2024-09-04,325.25,数码
U00974,ORD_U00974_000,2024-09-15,124.39,数码
U00974,ORD_U00974_002,2024-10-26,316.33,美妆
U00974,ORD_U00974_003,2024-11-07,178.79,美妆
U00974,ORD_U00974_005,2024-12-02,161.31,家居
U00974,ORD_U00974_004,2024-12-15,94.07,食品
U00974,ORD_U00974_006,2025-03-02,289.46,数码
U00975,ORD_U00975_000,2024-04-29,101.98,家居
U00975,ORD_U00975_001,2024-06-26,35.1,美妆
U00975,ORD_U00975_003,2024-07-31,109.67,服饰
U00975,ORD_U00975_002,2024-10-25,92.9,服饰
U00976,ORD_U00976_000,2024-09-28,882.71,食品
U00976,ORD_U00976_001,2024-10-14,1109.78,美妆
U00976,ORD_U00976_003,2024-10-26,1123.8,数码
U00976,ORD_U00976_002,2024-12-21,483.64,食品
U00976,ORD_U00976_006,2025-01-20,883.64,数码
U00976,ORD_U00976_004,2025-01-22,301.58,数码
U00976,ORD_U00976_008,2025-02-27,489.23,服饰
U00976,ORD_U00976_007,2025-03-27,489.83,数码
U00976,ORD_U00976_010,2025-03-29,716.58,数码
U00976,ORD_U00976_011,2025-04-08,340.57,家居
U00976,ORD_U00976_005,2025-04-13,493.13,美妆
U00976,ORD_U00976_009,2025-08-17,354.58,食品
U00976,ORD_U00976_013,2025-11-03,649.34,食品
U00976,ORD_U00976_012,2026-01-27,450.71,服饰
U00976,ORD_U00976_014,2026-02-10,1152.71,服饰
U00976,ORD_U00976_015,2026-03-28,688.17,家居
U00976,ORD_U00976_016,2026-05-20,709.44,食品
U00977,ORD_U00977_000,2023-12-25,107.47,服饰
U00978,ORD_U00978_000,2023-05-09,331.25,美妆
U00978,ORD_U00978_001,2023-05-21,247.49,家居
U00978,ORD_U00978_002,2023-06-24,334.32,食品
U00978,ORD_U00978_003,2023-07-07,334.46,美妆
U00978,ORD_U00978_004,2023-08-29,346.01,服饰
U00978,ORD_U00978_006,2023-11-29,169.25,家居
U00978,ORD_U00978_005,2024-03-04,208.43,家居
U00978,ORD_U00978_007,2024-04-29,162.49,服饰
U00979,ORD_U00979_000,2024-02-05,85.31,食品
U00979,ORD_U00979_001,2024-04-30,141.3,数码
U00979,ORD_U00979_002,2024-07-19,57.51,美妆
U00980,ORD_U00980_000,2024-11-27,77.92,美妆
U00980,ORD_U00980_001,2024-12-24,90.37,服饰
U00980,ORD_U00980_002,2025-04-12,30.41,家居
U00980,ORD_U00980_003,2025-07-09,53.41,食品
U00981,ORD_U00981_001,2024-05-15,395.13,食品
U00981,ORD_U00981_000,2024-05-16,167.02,家居
U00981,ORD_U00981_002,2024-07-15,256.72,食品
U00981,ORD_U00981_004,2024-09-11,280.1,食品
U00981,ORD_U00981_003,2024-10-05,143.73,服饰
U00981,ORD_U00981_006,2024-12-30,211.76,数码
U00981,ORD_U00981_005,2025-02-07,364.3,家居
U00981,ORD_U00981_008,2025-03-30,199.46,美妆
U00981,ORD_U00981_007,2025-04-08,180.41,服饰
U00981,ORD_U00981_009,2025-10-31,298.21,数码
U00982,ORD_U00982_000,2024-08-22,57.82,服饰
U00982,ORD_U00982_001,2024-11-05,45.68,服饰
U00983,ORD_U00983_001,2024-09-19,116.6,家居
U00983,ORD_U00983_000,2024-09-26,206.22,美妆
U00984,ORD_U00984_000,2023-05-04,135.57,食品
U00984,ORD_U00984_001,2023-08-12,425.02,食品
U00984,ORD_U00984_002,2023-08-21,403.16,美妆
U00984,ORD_U00984_003,2023-10-06,277.16,美妆
U00984,ORD_U00984_005,2023-10-22,299.09,食品
U00984,ORD_U00984_004,2024-01-06,224.55,服饰
U00984,ORD_U00984_008,2024-03-07,318.51,家居
U00984,ORD_U00984_006,2024-03-21,461.88,家居
U00984,ORD_U00984_007,2024-06-27,437.41,服饰
U00985,ORD_U00985_000,2023-01-27,145.89,数码
U00985,ORD_U00985_001,2023-05-06,224.63,美妆
U00985,ORD_U00985_002,2023-06-03,236.17,食品
U00985,ORD_U00985_003,2023-08-22,126.59,食品
U00986,ORD_U00986_000,2023-06-23,1257.49,服饰
U00986,ORD_U00986_002,2023-07-20,1158.88,家居
U00986,ORD_U00986_001,2023-08-01,726.07,美妆
U00986,ORD_U00986_003,2023-09-06,1574.23,美妆
U00986,ORD_U00986_004,2023-09-06,1653.85,数码
U00986,ORD_U00986_008,2023-09-26,1691.02,服饰
U00986,ORD_U00986_006,2023-10-04,1582.95,服饰
U00986,ORD_U00986_013,2023-10-04,1557.33,数码
U00986,ORD_U00986_007,2023-10-31,860.01,服饰
U00986,ORD_U00986_014,2023-11-06,490.97,数码
U00986,ORD_U00986_005,2023-11-16,718.85,数码
U00986,ORD_U00986_012,2023-12-16,700.8,服饰
U00986,ORD_U00986_010,2023-12-22,781.7,数码
U00986,ORD_U00986_009,2023-12-23,596.73,食品
U00986,ORD_U00986_015,2024-01-28,645.44,食品
U00986,ORD_U00986_019,2024-03-09,452.04,家居
U00986,ORD_U00986_011,2024-05-28,718.97,数码
U00986,ORD_U00986_018,2024-06-16,1380.03,家居
U00986,ORD_U00986_016,2024-09-01,1340.62,家居
U00986,ORD_U00986_017,2024-09-01,1740.33,服饰
U00987,ORD_U00987_000,2023-04-10,127.06,家居
U00987,ORD_U00987_003,2023-07-05,105.84,食品
U00987,ORD_U00987_001,2023-07-12,86.13,数码
U00987,ORD_U00987_002,2023-08-05,41.23,食品
U00988,ORD_U00988_000,2024-06-30,192.41,美妆
U00988,ORD_U00988_002,2024-07-11,107.86,美妆
U00988,ORD_U00988_001,2024-08-01,164.64,数码
U00988,ORD_U00988_003,2024-09-13,221.71,家居
U00988,ORD_U00988_004,2024-09-21,214.22,家居
U00988,ORD_U00988_006,2024-10-12,182.97,服饰
U00988,ORD_U00988_005,2024-11-18,66.71,美妆
U00989,ORD_U00989_000,2025-01-26,123.55,家居
U00989,ORD_U00989_001,2025-02-08,203.52,数码
U00989,ORD_U00989_002,2025-03-27,105.74,家居
U00989,ORD_U00989_003,2025-04-06,145.82,服饰
U00989,ORD_U00989_004,2025-06-14,159.71,家居
U00990,ORD_U00990_000,2024-06-15,461.83,美妆
U00990,ORD_U00990_001,2024-08-26,216.7,服饰
U00990,ORD_U00990_002,2024-10-23,209.07,美妆
U00990,ORD_U00990_004,2024-12-05,353.43,数码
U00990,ORD_U00990_008,2024-12-30,190.09,服饰
U00990,ORD_U00990_003,2025-01-01,385.67,数码
U00990,ORD_U00990_005,2025-02-12,339.26,食品
U00990,ORD_U00990_006,2025-04-16,342.17,服饰
U00990,ORD_U00990_007,2025-07-09,324.37,美妆
U00991,ORD_U00991_000,2024-01-13,295.09,服饰
U00991,ORD_U00991_001,2024-01-26,201.19,美妆
U00991,ORD_U00991_002,2024-04-03,474.16,服饰
U00991,ORD_U00991_003,2024-07-17,436.32,服饰
U00991,ORD_U00991_004,2024-07-19,278.57,美妆
U00992,ORD_U00992_000,2023-09-18,341.8,服饰
U00992,ORD_U00992_002,2023-11-05,252.43,数码
U00992,ORD_U00992_001,2023-11-12,201.02,美妆
U00992,ORD_U00992_003,2023-12-13,350.8,美妆
U00993,ORD_U00993_000,2024-04-03,163.09,服饰
U00993,ORD_U00993_001,2024-05-13,60.19,美妆
U00994,ORD_U00994_000,2024-07-15,79.81,食品
U00994,ORD_U00994_001,2024-10-14,68.55,家居
U00994,ORD_U00994_002,2025-01-05,54.93,数码
U00994,ORD_U00994_003,2025-01-10,69.84,服饰
U00995,ORD_U00995_000,2023-09-13,194.4,服饰
U00995,ORD_U00995_002,2023-09-27,271.82,食品
U00995,ORD_U00995_001,2023-10-21,324.76,服饰
U00995,ORD_U00995_003,2023-11-09,275.7,美妆
U00995,ORD_U00995_004,2023-11-19,319.31,美妆
U00995,ORD_U00995_006,2024-01-02,272.56,美妆
U00995,ORD_U00995_005,2024-01-16,355.95,美妆
U00995,ORD_U00995_011,2024-02-05,353.83,美妆
U00995,ORD_U00995_009,2024-02-12,143.6,食品
U00995,ORD_U00995_008,2024-05-15,123.08,服饰
U00995,ORD_U00995_007,2024-05-28,307.19,服饰
U00995,ORD_U00995_010,2024-08-21,118.8,服饰
U00996,ORD_U00996_000,2024-03-05,435.75,美妆
U00996,ORD_U00996_001,2024-04-01,716.76,美妆
U00996,ORD_U00996_002,2024-05-13,846.58,家居
U00996,ORD_U00996_004,2024-06-20,383.8,美妆
U00996,ORD_U00996_003,2024-06-29,274.17,数码
U00996,ORD_U00996_005,2024-07-06,273.02,美妆
U00996,ORD_U00996_013,2024-09-17,820.29,食品
U00996,ORD_U00996_007,2024-10-19,844.18,数码
U00996,ORD_U00996_006,2024-11-02,451.01,数码
U00996,ORD_U00996_008,2024-11-02,955.92,食品
U00996,ORD_U00996_016,2024-12-06,758.39,家居
U00996,ORD_U00996_009,2025-01-05,948.94,家居
U00996,ORD_U00996_010,2025-01-17,270.82,美妆
U00996,ORD_U00996_014,2025-02-21,505.75,食品
U00996,ORD_U00996_019,2025-02-22,855.11,食品
U00996,ORD_U00996_015,2025-03-13,742.24,美妆
U00996,ORD_U00996_011,2025-07-07,249.24,数码
U00996,ORD_U00996_012,2025-07-15,296.93,美妆
U00996,ORD_U00996_017,2025-08-31,523.84,服饰
U00996,ORD_U00996_018,2026-03-01,889.65,美妆
U00997,ORD_U00997_000,2024-09-10,26.77,美妆
U00998,ORD_U00998_000,2023-03-28,117.82,食品
U00998,ORD_U00998_001,2023-05-26,150.84,食品
U00998,ORD_U00998_005,2023-07-20,58.17,美妆
U00998,ORD_U00998_002,2023-08-14,113.79,家居
U00998,ORD_U00998_003,2023-08-27,153.78,美妆
U00998,ORD_U00998_004,2023-10-01,151.1,数码
U00998,ORD_U00998_007,2023-11-24,170.8,美妆
U00998,ORD_U00998_006,2024-03-04,183.38,数码
U00999,ORD_U00999_000,2024-10-12,867.55,美妆
U00999,ORD_U00999_001,2024-11-04,1133.85,食品
U00999,ORD_U00999_004,2024-12-02,603.51,美妆
U00999,ORD_U00999_002,2024-12-07,572.08,美妆
U00999,ORD_U00999_005,2025-01-22,1155.65,美妆
U00999,ORD_U00999_006,2025-02-03,536.61,家居
U00999,ORD_U00999_003,2025-02-11,1126.16,家居
U00999,ORD_U00999_011,2025-03-26,925.1,服饰
U00999,ORD_U00999_008,2025-04-10,925.86,食品
U00999,ORD_U00999_007,2025-05-15,434.57,美妆
U00999,ORD_U00999_014,2025-07-21,386.26,服饰
U00999,ORD_U00999_010,2025-09-14,1047.85,食品
U00999,ORD_U00999_013,2025-10-04,505.4,美妆
U00999,ORD_U00999_009,2025-10-15,504.68,服饰
U00999,ORD_U00999_012,2025-11-21,820.88,服饰
U01000,ORD_U01000_000,2023-05-04,127.18,服饰
U01000,ORD_U01000_002,2023-06-15,147.49,食品
U01000,ORD_U01000_001,2023-07-19,70.63,服饰
U01000,ORD_U01000_003,2023-09-18,143.68,服饰
U01001,ORD_U01001_000,2024-04-03,204.98,美妆
U01001,ORD_U01001_001,2024-06-01,238.5,数码
U01001,ORD_U01001_002,2024-07-14,334.08,数码
U01002,ORD_U01002_000,2024-03-15,324.88,食品
U01002,ORD_U01002_001,2024-05-06,328.18,家居
U01002,ORD_U01002_002,2024-06-06,163.45,美妆
U01002,ORD_U01002_006,2024-07-27,331.16,美妆
U01002,ORD_U01002_003,2024-08-21,185.19,美妆
U01002,ORD_U01002_004,2024-08-25,327.94,数码
U01002,ORD_U01002_005,2024-12-25,220.56,服饰
U01003,ORD_U01003_000,2024-07-08,45.57,数码
U01003,ORD_U01003_001,2024-07-27,32.93,美妆
U01004,ORD_U01004_000,2024-09-03,80.77,数码
U01004,ORD_U01004_001,2024-10-18,136.72,数码
U01004,ORD_U01004_002,2025-01-21,117.52,家居
U01005,ORD_U01005_000,2023-09-18,378.8,家居
U01005,ORD_U01005_001,2023-10-10,540.3,服饰
U01005,ORD_U01005_002,2023-11-13,501.66,服饰
U01005,ORD_U01005_003,2024-01-30,419.14,美妆
U01005,ORD_U01005_005,2024-02-22,444.3,美妆
U01005,ORD_U01005_004,2024-03-01,429.11,数码
U01005,ORD_U01005_006,2024-03-03,446.16,食品
U01005,ORD_U01005_010,2024-03-22,606.6,数码
U01005,ORD_U01005_008,2024-04-05,226.91,食品
U01005,ORD_U01005_007,2024-05-17,264.27,服饰
U01005,ORD_U01005_009,2024-08-23,676.68,数码
U01005,ORD_U01005_011,2024-10-04,406.07,数码
U01005,ORD_U01005_012,2025-02-19,426.92,食品
U01006,ORD_U01006_000,2024-06-18,173.85,美妆
U01006,ORD_U01006_001,2024-09-22,98.35,家居
U01006,ORD_U01006_002,2024-10-25,186.51,家居
U01006,ORD_U01006_003,2024-12-10,57.84,美妆
U01007,ORD_U01007_000,2025-01-01,112.99,家居
U01007,ORD_U01007_001,2025-02-06,220.5,美妆
U01007,ORD_U01007_002,2025-02-17,180.59,美妆
U01008,ORD_U01008_000,2024-10-01,197.33,家居
U01008,ORD_U01008_001,2024-12-03,333.73,家居
U01008,ORD_U01008_003,2024-12-12,330.69,服饰
U01008,ORD_U01008_002,2025-01-14,324.83,服饰
U01009,ORD_U01009_000,2023-02-26,88.96,家居
U01009,ORD_U01009_002,2023-06-03,105.0,数码
U01009,ORD_U01009_001,2023-06-19,99.5,数码
U01010,ORD_U01010_000,2023-09-12,801.29,家居
U01010,ORD_U01010_001,2023-09-17,716.69,数码
U01010,ORD_U01010_002,2023-10-28,626.29,家居
U01010,ORD_U01010_003,2024-01-04,448.27,数码
U01010,ORD_U01010_006,2024-01-11,729.31,美妆
U01010,ORD_U01010_005,2024-01-31,556.16,食品
U01010,ORD_U01010_011,2024-02-18,815.28,家居
U01010,ORD_U01010_007,2024-03-15,462.16,食品
U01010,ORD_U01010_004,2024-03-16,313.52,食品
U01010,ORD_U01010_008,2024-06-11,208.19,家居
U01010,ORD_U01010_009,2024-10-05,551.59,家居
U01010,ORD_U01010_010,2024-11-22,802.22,食品
U01011,ORD_U01011_000,2024-02-09,125.91,服饰
U01011,ORD_U01011_004,2024-04-11,127.93,美妆
U01011,ORD_U01011_001,2024-05-03,277.85,家居
U01011,ORD_U01011_003,2024-05-06,130.06,食品
U01011,ORD_U01011_002,2024-06-08,451.47,食品
U01011,ORD_U01011_006,2024-06-25,143.97,家居
U01011,ORD_U01011_005,2024-08-04,359.59,数码
U01011,ORD_U01011_008,2024-10-09,264.71,服饰
U01011,ORD_U01011_009,2024-11-20,345.09,美妆
U01011,ORD_U01011_007,2025-01-05,296.49,家居
U01012,ORD_U01012_000,2023-09-20,757.24,美妆
U01012,ORD_U01012_002,2023-10-01,367.93,家居
U01012,ORD_U01012_001,2023-10-21,535.82,美妆
U01012,ORD_U01012_003,2023-10-24,827.02,美妆
U01012,ORD_U01012_009,2024-01-22,254.56,美妆
U01012,ORD_U01012_005,2024-01-30,708.74,食品
U01012,ORD_U01012_006,2024-02-08,280.65,食品
U01012,ORD_U01012_004,2024-02-18,727.58,美妆
U01012,ORD_U01012_008,2024-03-13,820.68,家居
U01012,ORD_U01012_013,2024-06-27,670.69,家居
U01012,ORD_U01012_007,2024-07-02,562.44,食品
U01012,ORD_U01012_011,2024-07-27,285.32,家居
U01012,ORD_U01012_010,2024-09-14,543.21,家居
U01012,ORD_U01012_012,2025-01-29,811.77,家居
U01012,ORD_U01012_014,2025-03-05,643.6,家居
U01013,ORD_U01013_000,2024-07-15,466.74,服饰
U01013,ORD_U01013_001,2024-08-07,509.81,美妆
U01013,ORD_U01013_002,2024-11-18,406.81,食品
U01013,ORD_U01013_003,2024-11-26,213.03,美妆
U01013,ORD_U01013_004,2025-01-01,312.99,食品
U01013,ORD_U01013_005,2025-03-29,265.98,食品
U01014,ORD_U01014_001,2024-03-18,715.77,数码
U01014,ORD_U01014_000,2024-03-24,491.55,家居
U01014,ORD_U01014_003,2024-05-01,284.89,家居
U01014,ORD_U01014_004,2024-05-26,520.33,美妆
U01014,ORD_U01014_002,2024-05-27,335.04,食品
U01014,ORD_U01014_007,2024-06-03,563.66,食品
U01014,ORD_U01014_008,2024-08-07,419.82,食品
U01014,ORD_U01014_005,2024-08-11,259.82,数码
U01014,ORD_U01014_009,2024-08-22,253.19,数码
U01014,ORD_U01014_006,2024-09-15,485.64,食品
U01014,ORD_U01014_010,2025-01-01,710.8,美妆
U01014,ORD_U01014_011,2025-01-27,705.75,美妆
U01015,ORD_U01015_000,2023-07-01,142.65,食品
U01016,ORD_U01016_000,2024-03-06,72.06,美妆
U01016,ORD_U01016_001,2024-04-17,118.12,家居
U01016,ORD_U01016_002,2024-06-03,134.49,美妆
U01017,ORD_U01017_000,2023-03-14,154.43,美妆
U01017,ORD_U01017_001,2023-04-29,56.12,家居
U01018,ORD_U01018_000,2023-07-26,172.3,食品
U01019,ORD_U01019_000,2023-08-31,64.52,数码
U01019,ORD_U01019_001,2023-11-04,85.62,服饰
U01020,ORD_U01020_000,2024-11-13,121.28,食品
U01020,ORD_U01020_002,2025-02-15,135.64,数码
U01020,ORD_U01020_001,2025-02-16,184.31,美妆
U01021,ORD_U01021_000,2024-12-29,268.99,美妆
U01021,ORD_U01021_001,2025-01-28,230.22,数码
U01021,ORD_U01021_002,2025-03-02,286.34,食品
U01021,ORD_U01021_004,2025-04-11,155.58,数码
U01021,ORD_U01021_003,2025-05-21,268.34,家居
U01022,ORD_U01022_000,2024-06-09,172.69,家居
U01022,ORD_U01022_001,2024-06-12,242.35,食品
U01022,ORD_U01022_003,2024-08-23,168.54,家居
U01022,ORD_U01022_002,2024-09-13,173.82,食品
U01022,ORD_U01022_005,2024-11-02,226.07,美妆
U01022,ORD_U01022_004,2024-11-11,276.87,家居
U01023,ORD_U01023_000,2024-03-09,20.94,美妆
U01023,ORD_U01023_001,2024-05-16,53.35,数码
U01023,ORD_U01023_002,2024-09-23,59.38,美妆
U01024,ORD_U01024_000,2024-05-15,927.54,数码
U01024,ORD_U01024_001,2024-06-14,572.39,服饰
U01024,ORD_U01024_002,2024-08-06,539.62,服饰
U01024,ORD_U01024_006,2024-08-15,633.8,食品
U01024,ORD_U01024_003,2024-09-16,347.28,家居
U01024,ORD_U01024_009,2024-09-26,323.89,食品
U01024,ORD_U01024_007,2024-10-20,375.02,数码
U01024,ORD_U01024_004,2024-11-10,317.91,家居
U01024,ORD_U01024_005,2024-11-16,837.57,美妆
U01024,ORD_U01024_012,2024-11-29,1095.26,服饰
U01024,ORD_U01024_008,2024-12-07,476.41,美妆
U01024,ORD_U01024_013,2024-12-25,1153.52,服饰
U01024,ORD_U01024_010,2025-02-22,466.01,家居
U01024,ORD_U01024_011,2025-06-09,981.9,数码
U01025,ORD_U01025_001,2024-11-13,201.69,服饰
U01025,ORD_U01025_000,2024-12-05,187.16,家居
U01025,ORD_U01025_002,2025-01-27,242.38,食品
U01025,ORD_U01025_005,2025-04-07,287.91,食品
U01025,ORD_U01025_007,2025-05-17,333.82,食品
U01025,ORD_U01025_004,2025-05-19,371.96,食品
U01025,ORD_U01025_003,2025-05-28,385.35,数码
U01025,ORD_U01025_006,2025-06-28,260.18,家居
U01025,ORD_U01025_008,2025-06-30,152.67,数码
U01026,ORD_U01026_000,2024-09-01,186.82,食品
U01027,ORD_U01027_000,2023-11-27,104.68,美妆
U01027,ORD_U01027_001,2023-12-27,105.35,服饰
U01027,ORD_U01027_002,2024-03-20,57.21,家居
U01028,ORD_U01028_000,2024-07-21,48.76,食品
U01028,ORD_U01028_001,2024-10-22,59.88,家居
U01028,ORD_U01028_002,2024-12-17,81.75,美妆
U01029,ORD_U01029_000,2023-02-14,104.47,服饰
U01029,ORD_U01029_001,2023-02-23,103.91,家居
U01029,ORD_U01029_002,2023-03-23,238.4,服饰
U01029,ORD_U01029_003,2023-07-27,245.05,数码
U01029,ORD_U01029_005,2023-08-26,251.52,家居
U01029,ORD_U01029_004,2023-10-03,314.12,美妆
U01030,ORD_U01030_000,2023-01-04,472.25,食品
U01030,ORD_U01030_002,2023-03-11,478.7,食品
U01030,ORD_U01030_001,2023-03-28,330.77,家居
U01030,ORD_U01030_003,2023-05-16,386.85,美妆
U01030,ORD_U01030_006,2023-05-27,172.1,美妆
U01030,ORD_U01030_004,2023-07-31,248.53,数码
U01030,ORD_U01030_007,2023-08-25,415.49,食品
U01030,ORD_U01030_005,2023-09-15,411.91,食品
U01030,ORD_U01030_009,2023-10-07,405.04,食品
U01030,ORD_U01030_010,2023-11-17,461.47,美妆
U01030,ORD_U01030_008,2023-12-07,477.0,服饰
U01031,ORD_U01031_000,2023-09-12,27.74,家居
U01031,ORD_U01031_002,2024-01-20,25.18,美妆
U01031,ORD_U01031_001,2024-01-28,39.89,服饰
U01031,ORD_U01031_003,2024-05-13,28.01,数码
U01032,ORD_U01032_000,2023-01-21,694.96,数码
U01032,ORD_U01032_001,2023-02-21,1041.41,数码
U01032,ORD_U01032_002,2023-03-01,976.17,家居
U01032,ORD_U01032_003,2023-05-16,689.83,数码
U01032,ORD_U01032_004,2023-06-20,531.7,数码
U01032,ORD_U01032_005,2023-06-21,867.4,家居
U01032,ORD_U01032_006,2023-09-01,837.56,服饰
U01032,ORD_U01032_012,2023-11-07,352.17,家居
U01032,ORD_U01032_008,2023-11-11,637.67,食品
U01032,ORD_U01032_011,2023-11-14,517.67,服饰
U01032,ORD_U01032_007,2023-11-20,1047.43,家居
U01032,ORD_U01032_009,2024-02-10,708.52,家居
U01032,ORD_U01032_010,2024-03-30,982.95,家居
U01032,ORD_U01032_013,2024-04-02,777.19,家居
U01032,ORD_U01032_014,2024-08-08,718.0,服饰
U01033,ORD_U01033_000,2024-08-19,437.69,食品
U01033,ORD_U01033_002,2024-10-03,829.04,家居
U01033,ORD_U01033_001,2024-10-11,790.64,数码
U01033,ORD_U01033_003,2024-11-09,768.99,家居
U01033,ORD_U01033_004,2024-12-21,328.38,家居
U01033,ORD_U01033_007,2024-12-25,451.48,服饰
U01033,ORD_U01033_006,2024-12-30,399.89,家居
U01033,ORD_U01033_005,2025-02-19,586.91,家居
U01034,ORD_U01034_000,2024-10-10,314.06,数码
U01034,ORD_U01034_001,2024-11-22,398.04,美妆
U01034,ORD_U01034_002,2025-01-23,175.74,食品
U01035,ORD_U01035_000,2023-02-09,29.29,家居
U01035,ORD_U01035_001,2023-06-02,44.96,服饰
U01036,ORD_U01036_000,2023-10-03,163.7,美妆
U01036,ORD_U01036_001,2023-11-06,78.42,美妆
U01037,ORD_U01037_000,2024-03-05,102.81,美妆
U01037,ORD_U01037_001,2024-07-01,163.66,家居
U01037,ORD_U01037_002,2024-08-25,79.44,家居
U01037,ORD_U01037_003,2024-10-26,114.28,美妆
U01038,ORD_U01038_000,2024-06-22,230.79,美妆
U01038,ORD_U01038_001,2024-06-27,163.48,家居
U01038,ORD_U01038_002,2024-08-22,521.42,服饰
U01038,ORD_U01038_003,2024-10-04,357.2,食品
U01038,ORD_U01038_005,2024-10-12,312.11,食品
U01038,ORD_U01038_004,2024-11-28,454.59,家居
U01038,ORD_U01038_006,2025-02-05,242.0,食品
U01038,ORD_U01038_011,2025-02-25,289.2,家居
U01038,ORD_U01038_008,2025-04-16,481.02,家居
U01038,ORD_U01038_007,2025-05-02,297.29,家居
U01038,ORD_U01038_009,2025-06-09,302.35,美妆
U01038,ORD_U01038_010,2025-07-08,457.53,服饰
U01038,ORD_U01038_012,2025-07-24,225.23,食品
U01038,ORD_U01038_013,2025-11-19,333.46,食品
U01038,ORD_U01038_014,2026-01-27,187.61,家居
U01039,ORD_U01039_000,2023-03-11,189.31,食品
U01039,ORD_U01039_001,2023-04-22,224.63,食品
U01039,ORD_U01039_002,2023-05-14,114.34,美妆
U01039,ORD_U01039_003,2023-07-13,92.93,数码
U01039,ORD_U01039_004,2023-08-02,275.93,家居
U01040,ORD_U01040_000,2024-11-26,76.04,食品
U01040,ORD_U01040_001,2025-01-27,238.23,服饰
U01040,ORD_U01040_002,2025-03-04,142.73,食品
U01040,ORD_U01040_003,2025-04-04,154.02,服饰
U01041,ORD_U01041_000,2024-05-29,56.2,数码
U01041,ORD_U01041_001,2024-06-12,194.95,服饰
U01041,ORD_U01041_002,2024-07-30,200.94,美妆
U01041,ORD_U01041_003,2024-09-14,129.12,家居
U01042,ORD_U01042_000,2023-11-18,181.51,食品
U01042,ORD_U01042_001,2024-01-16,177.41,美妆
U01042,ORD_U01042_002,2024-02-22,313.83,美妆
U01042,ORD_U01042_003,2024-05-03,440.41,家居
U01042,ORD_U01042_007,2024-05-30,199.13,家居
U01042,ORD_U01042_005,2024-06-23,151.61,服饰
U01042,ORD_U01042_004,2024-06-29,270.88,服饰
U01042,ORD_U01042_009,2024-09-22,467.79,美妆
U01042,ORD_U01042_006,2024-10-22,425.48,美妆
U01042,ORD_U01042_008,2024-12-25,394.49,美妆
U01043,ORD_U01043_000,2023-07-04,2211.91,美妆
U01043,ORD_U01043_003,2023-07-04,943.73,食品
U01043,ORD_U01043_001,2023-07-15,2143.59,美妆
U01043,ORD_U01043_002,2023-07-15,956.28,美妆
U01043,ORD_U01043_007,2023-08-09,1908.22,食品
U01043,ORD_U01043_004,2023-09-19,1773.71,食品
U01043,ORD_U01043_005,2023-10-24,1311.98,美妆
U01043,ORD_U01043_008,2023-11-05,1530.9,美妆
U01043,ORD_U01043_013,2023-11-21,1739.34,美妆
U01043,ORD_U01043_009,2023-11-22,1258.15,食品
U01043,ORD_U01043_006,2023-11-28,1506.81,家居
U01043,ORD_U01043_010,2023-12-28,1166.63,数码
U01043,ORD_U01043_029,2023-12-29,2504.87,食品
U01043,ORD_U01043_017,2024-01-03,1594.14,家居
U01043,ORD_U01043_016,2024-01-12,1973.76,美妆
U01043,ORD_U01043_023,2024-02-01,2503.87,食品
U01043,ORD_U01043_015,2024-02-14,2090.51,家居
U01043,ORD_U01043_012,2024-04-06,2075.35,数码
U01043,ORD_U01043_024,2024-04-10,2571.94,服饰
U01043,ORD_U01043_011,2024-04-19,2673.9,服饰
U01043,ORD_U01043_014,2024-06-10,1890.82,服饰
U01043,ORD_U01043_018,2024-06-23,894.01,家居
U01043,ORD_U01043_021,2024-09-05,931.67,服饰
U01043,ORD_U01043_026,2024-09-06,1949.64,美妆
U01043,ORD_U01043_020,2024-09-12,1589.43,食品
U01043,ORD_U01043_031,2024-09-16,1493.89,家居
U01043,ORD_U01043_019,2024-11-04,2337.69,食品
U01043,ORD_U01043_028,2025-01-10,2587.18,美妆
U01043,ORD_U01043_022,2025-02-26,1535.86,服饰
U01043,ORD_U01043_025,2025-04-24,2024.68,数码
U01043,ORD_U01043_027,2025-09-06,2518.34,数码
U01043,ORD_U01043_030,2025-10-29,772.21,数码
U01044,ORD_U01044_000,2023-07-10,131.97,美妆
U01045,ORD_U01045_000,2023-08-02,385.68,食品
U01045,ORD_U01045_001,2023-09-22,262.95,家居
U01045,ORD_U01045_002,2023-10-17,386.12,美妆
U01045,ORD_U01045_003,2023-11-14,329.92,数码
U01045,ORD_U01045_004,2023-11-28,436.24,食品
U01045,ORD_U01045_005,2024-03-20,360.01,食品
U01046,ORD_U01046_000,2024-07-07,104.62,家居
U01047,ORD_U01047_000,2023-08-12,111.24,食品
U01047,ORD_U01047_001,2023-12-06,41.6,家居
U01047,ORD_U01047_002,2023-12-29,119.7,美妆
U01047,ORD_U01047_003,2024-04-16,117.75,家居
U01048,ORD_U01048_000,2024-06-26,260.25,食品
U01048,ORD_U01048_001,2024-08-23,186.71,家居
U01048,ORD_U01048_002,2024-09-25,168.66,家居
U01048,ORD_U01048_003,2024-12-22,183.68,数码
U01049,ORD_U01049_000,2024-08-12,434.19,食品
U01049,ORD_U01049_001,2024-10-10,143.0,服饰
U01049,ORD_U01049_002,2024-10-10,440.59,美妆
U01049,ORD_U01049_003,2024-11-07,125.42,数码
U01050,ORD_U01050_000,2023-08-26,205.17,食品
U01050,ORD_U01050_001,2023-09-18,87.64,食品
U01050,ORD_U01050_002,2023-10-18,214.25,美妆
U01050,ORD_U01050_004,2023-10-28,81.36,家居
U01050,ORD_U01050_003,2024-01-06,81.62,食品
U01051,ORD_U01051_000,2024-09-24,125.76,美妆
U01051,ORD_U01051_002,2024-10-29,238.27,家居
U01051,ORD_U01051_001,2024-10-31,102.41,家居
U01051,ORD_U01051_003,2024-12-23,193.64,数码
U01051,ORD_U01051_004,2025-01-05,243.22,家居
U01051,ORD_U01051_005,2025-06-25,230.71,家居
U01052,ORD_U01052_000,2023-05-01,317.56,家居
U01052,ORD_U01052_001,2023-06-03,108.16,食品
U01052,ORD_U01052_002,2023-07-26,316.45,服饰
U01052,ORD_U01052_003,2023-08-18,217.31,食品
U01052,ORD_U01052_005,2023-08-29,283.31,美妆
U01052,ORD_U01052_004,2023-09-23,197.74,美妆
U01052,ORD_U01052_006,2023-09-27,147.57,服饰
U01052,ORD_U01052_013,2023-10-20,99.23,美妆
U01052,ORD_U01052_007,2023-12-12,224.65,食品
U01052,ORD_U01052_009,2024-01-13,233.11,服饰
U01052,ORD_U01052_011,2024-01-23,88.81,美妆
U01052,ORD_U01052_010,2024-03-15,314.45,食品
U01052,ORD_U01052_008,2024-04-25,132.29,服饰
U01052,ORD_U01052_014,2024-06-06,202.83,数码
U01052,ORD_U01052_012,2024-10-11,103.85,食品
U01053,ORD_U01053_000,2024-11-27,112.89,数码
U01053,ORD_U01053_001,2025-01-17,105.2,数码
U01053,ORD_U01053_002,2025-03-23,53.78,食品
U01053,ORD_U01053_003,2025-05-23,98.89,数码
U01054,ORD_U01054_000,2023-04-04,266.28,食品
U01054,ORD_U01054_001,2023-05-19,493.01,数码
U01054,ORD_U01054_002,2023-06-14,512.37,食品
U01055,ORD_U01055_000,2023-10-18,61.14,数码
U01055,ORD_U01055_002,2024-02-04,75.0,数码
U01055,ORD_U01055_001,2024-02-11,61.77,美妆
U01055,ORD_U01055_003,2024-04-20,56.45,服饰
U01056,ORD_U01056_000,2023-12-12,293.73,美妆
U01056,ORD_U01056_002,2024-01-23,230.2,美妆
U01056,ORD_U01056_001,2024-03-05,306.5,服饰
U01056,ORD_U01056_003,2024-04-18,304.4,家居
U01057,ORD_U01057_000,2024-10-13,180.24,食品
U01057,ORD_U01057_002,2024-12-29,324.19,美妆
U01057,ORD_U01057_001,2025-01-06,312.78,数码
U01057,ORD_U01057_003,2025-04-06,234.21,服饰
U01058,ORD_U01058_000,2024-12-08,227.95,食品
U01058,ORD_U01058_001,2025-01-10,375.75,食品
U01058,ORD_U01058_002,2025-04-10,269.76,家居
U01059,ORD_U01059_000,2024-04-08,93.29,食品
U01060,ORD_U01060_000,2024-01-18,228.66,家居
U01060,ORD_U01060_001,2024-04-06,150.57,数码
U01060,ORD_U01060_004,2024-04-14,292.93,家居
U01060,ORD_U01060_002,2024-05-30,220.24,家居
U01060,ORD_U01060_003,2024-07-20,252.85,美妆
U01060,ORD_U01060_005,2024-08-07,132.03,数码
U01060,ORD_U01060_006,2024-10-23,285.14,家居
U01061,ORD_U01061_000,2024-08-22,164.93,食品
U01062,ORD_U01062_000,2024-03-25,77.54,美妆
U01063,ORD_U01063_000,2024-03-12,56.47,数码
U01063,ORD_U01063_001,2024-03-29,85.19,家居
U01064,ORD_U01064_001,2025-01-04,78.64,美妆
U01064,ORD_U01064_000,2025-02-01,49.09,服饰
U01064,ORD_U01064_002,2025-05-27,82.53,数码
U01065,ORD_U01065_000,2024-11-13,368.23,家居
U01065,ORD_U01065_001,2024-12-20,270.09,家居
U01065,ORD_U01065_004,2025-02-15,663.83,食品
U01065,ORD_U01065_002,2025-03-07,574.92,服饰
U01065,ORD_U01065_003,2025-03-07,538.72,数码
U01065,ORD_U01065_005,2025-03-14,400.1,数码
U01065,ORD_U01065_006,2025-04-26,787.11,服饰
U01065,ORD_U01065_007,2025-07-03,535.68,食品
U01066,ORD_U01066_000,2023-12-27,46.7,数码
U01067,ORD_U01067_000,2023-06-26,137.8,服饰
U01067,ORD_U01067_002,2023-09-17,125.77,数码
U01067,ORD_U01067_001,2023-11-11,91.1,服饰
U01068,ORD_U01068_000,2024-10-02,68.79,数码
U01069,ORD_U01069_000,2023-06-14,260.6,美妆
U01069,ORD_U01069_001,2023-07-18,167.3,家居
U01069,ORD_U01069_002,2023-09-05,191.39,服饰
U01069,ORD_U01069_004,2023-10-04,171.49,数码
U01069,ORD_U01069_003,2023-10-09,372.06,家居
U01069,ORD_U01069_005,2023-10-28,142.82,家居
U01069,ORD_U01069_008,2023-11-05,139.19,食品
U01069,ORD_U01069_007,2023-11-27,291.72,家居
U01069,ORD_U01069_006,2023-12-11,414.53,数码
U01069,ORD_U01069_009,2023-12-22,468.42,家居
U01069,ORD_U01069_016,2024-02-11,215.14,美妆
U01069,ORD_U01069_011,2024-05-28,328.35,服饰
U01069,ORD_U01069_010,2024-06-10,145.66,美妆
U01069,ORD_U01069_014,2024-10-26,242.45,数码
U01069,ORD_U01069_017,2024-10-30,163.0,服饰
U01069,ORD_U01069_012,2024-11-20,437.9,食品
U01069,ORD_U01069_015,2024-11-23,190.33,食品
U01069,ORD_U01069_013,2025-01-17,469.16,家居
U01069,ORD_U01069_018,2025-03-30,463.42,服饰
U01069,ORD_U01069_019,2025-06-05,276.21,家居
U01070,ORD_U01070_000,2023-12-12,73.8,美妆
U01071,ORD_U01071_000,2023-04-08,637.58,家居
U01071,ORD_U01071_001,2023-05-25,634.94,美妆
U01071,ORD_U01071_005,2023-06-26,576.8,美妆
U01071,ORD_U01071_002,2023-06-30,419.16,家居
U01071,ORD_U01071_004,2023-07-15,724.65,食品
U01071,ORD_U01071_003,2023-08-04,742.23,美妆
U01071,ORD_U01071_006,2023-10-13,739.11,数码
U01071,ORD_U01071_007,2023-12-10,681.37,食品
U01071,ORD_U01071_008,2024-04-10,220.61,服饰
U01072,ORD_U01072_000,2023-12-03,210.66,数码
U01072,ORD_U01072_001,2023-12-29,288.0,数码
U01072,ORD_U01072_002,2024-02-02,84.62,美妆
U01072,ORD_U01072_004,2024-02-25,209.55,数码
U01072,ORD_U01072_003,2024-05-20,158.69,食品
U01072,ORD_U01072_005,2024-05-22,298.54,食品
U01072,ORD_U01072_006,2024-08-04,240.03,家居
U01072,ORD_U01072_007,2024-09-28,114.69,美妆
U01073,ORD_U01073_000,2023-04-04,115.0,食品
U01074,ORD_U01074_000,2024-05-21,123.11,美妆
U01074,ORD_U01074_001,2024-06-21,86.44,食品
U01074,ORD_U01074_002,2024-10-27,67.98,家居
U01075,ORD_U01075_000,2023-07-31,120.33,数码
U01076,ORD_U01076_000,2024-06-22,42.6,食品
U01076,ORD_U01076_001,2024-08-19,74.87,服饰
U01076,ORD_U01076_002,2024-09-29,51.79,数码
U01077,ORD_U01077_000,2025-01-01,661.16,家居
U01077,ORD_U01077_001,2025-01-23,643.69,食品
U01077,ORD_U01077_002,2025-02-12,977.3,美妆
U01077,ORD_U01077_010,2025-02-25,492.95,数码
U01077,ORD_U01077_006,2025-02-28,359.57,家居
U01077,ORD_U01077_008,2025-03-06,1029.47,服饰
U01077,ORD_U01077_011,2025-03-11,1048.09,数码
U01077,ORD_U01077_004,2025-04-03,943.3,家居
U01077,ORD_U01077_003,2025-04-04,365.89,服饰
U01077,ORD_U01077_015,2025-04-23,1069.03,食品
U01077,ORD_U01077_007,2025-05-10,918.97,数码
U01077,ORD_U01077_005,2025-05-29,430.19,家居
U01077,ORD_U01077_012,2025-07-12,338.82,数码
U01077,ORD_U01077_009,2025-08-04,354.54,服饰
U01077,ORD_U01077_014,2025-10-24,507.38,家居
U01077,ORD_U01077_013,2025-12-21,340.36,食品
U01078,ORD_U01078_001,2023-05-28,2483.39,家居
U01078,ORD_U01078_000,2023-06-02,1549.67,数码
U01078,ORD_U01078_002,2023-07-06,1246.85,数码
U01078,ORD_U01078_007,2023-07-23,2586.18,数码
U01078,ORD_U01078_006,2023-07-24,1901.0,食品
U01078,ORD_U01078_003,2023-08-01,1087.09,食品
U01078,ORD_U01078_005,2023-08-01,2723.61,服饰
U01078,ORD_U01078_004,2023-08-14,1171.26,数码
U01078,ORD_U01078_010,2023-10-23,2779.06,食品
U01078,ORD_U01078_008,2023-11-09,891.96,食品
U01078,ORD_U01078_009,2023-11-21,1802.33,美妆
U01078,ORD_U01078_012,2023-11-30,1524.42,数码
U01078,ORD_U01078_013,2023-12-03,1967.73,美妆
U01078,ORD_U01078_014,2024-01-03,2187.82,食品
U01078,ORD_U01078_015,2024-02-11,792.08,服饰
U01078,ORD_U01078_019,2024-02-17,2558.06,家居
U01078,ORD_U01078_016,2024-03-08,2408.16,美妆
U01078,ORD_U01078_011,2024-04-08,1181.65,美妆
U01078,ORD_U01078_017,2024-04-10,1522.07,食品
U01078,ORD_U01078_018,2024-05-21,1063.73,服饰
U01079,ORD_U01079_000,2024-02-02,56.88,家居
U01079,ORD_U01079_001,2024-02-19,118.96,服饰
U01080,ORD_U01080_000,2024-12-19,192.42,家居
U01080,ORD_U01080_001,2025-01-14,185.18,服饰
U01080,ORD_U01080_002,2025-02-11,179.62,食品
U01080,ORD_U01080_003,2025-06-02,93.53,数码
U01080,ORD_U01080_006,2025-07-26,152.31,食品
U01080,ORD_U01080_005,2025-08-11,62.39,家居
U01080,ORD_U01080_004,2025-08-31,72.25,数码
U01080,ORD_U01080_008,2025-11-11,100.58,数码
U01080,ORD_U01080_007,2026-01-23,150.6,美妆
U01081,ORD_U01081_000,2024-07-26,111.83,数码
U01081,ORD_U01081_001,2024-08-01,58.08,家居
U01081,ORD_U01081_002,2024-09-20,144.98,家居
U01082,ORD_U01082_000,2023-10-05,113.67,数码
U01082,ORD_U01082_001,2023-12-17,312.15,食品
U01082,ORD_U01082_005,2024-02-08,295.34,服饰
U01082,ORD_U01082_002,2024-02-11,262.08,数码
U01082,ORD_U01082_004,2024-03-17,178.97,服饰
U01082,ORD_U01082_003,2024-04-27,244.99,数码
U01082,ORD_U01082_006,2024-08-04,282.22,食品
U01083,ORD_U01083_000,2024-10-01,397.56,家居
U01083,ORD_U01083_001,2024-11-03,346.7,美妆
U01083,ORD_U01083_002,2024-11-29,421.09,美妆
U01083,ORD_U01083_003,2024-12-11,440.84,美妆
U01083,ORD_U01083_004,2025-02-25,447.49,食品
U01083,ORD_U01083_005,2025-05-19,209.19,美妆
U01083,ORD_U01083_006,2025-08-20,153.09,数码
U01083,ORD_U01083_007,2025-09-30,240.39,家居
U01083,ORD_U01083_008,2025-12-02,371.63,食品
U01084,ORD_U01084_000,2023-05-28,135.31,食品
U01084,ORD_U01084_001,2023-07-17,120.98,数码
U01084,ORD_U01084_002,2023-10-24,69.02,数码
U01084,ORD_U01084_003,2024-02-05,92.15,美妆
U01085,ORD_U01085_000,2024-03-13,75.88,家居
U01085,ORD_U01085_001,2024-05-03,149.59,数码
U01085,ORD_U01085_003,2024-07-10,118.66,家居
U01085,ORD_U01085_002,2024-07-16,218.07,美妆
U01085,ORD_U01085_004,2024-09-25,65.98,家居
U01086,ORD_U01086_000,2023-05-21,115.29,食品
U01086,ORD_U01086_001,2023-08-09,90.87,美妆
U01086,ORD_U01086_002,2023-09-25,98.23,家居
U01087,ORD_U01087_000,2023-08-13,401.58,食品
U01087,ORD_U01087_002,2023-09-06,427.48,家居
U01087,ORD_U01087_001,2023-10-12,280.26,食品
U01087,ORD_U01087_006,2023-11-23,489.49,食品
U01087,ORD_U01087_005,2023-12-12,385.53,美妆
U01087,ORD_U01087_003,2024-02-04,281.19,食品
U01087,ORD_U01087_004,2024-03-28,406.52,服饰
U01088,ORD_U01088_000,2024-09-08,131.8,食品
U01088,ORD_U01088_001,2024-10-01,314.58,食品
U01088,ORD_U01088_004,2024-11-08,273.33,数码
U01088,ORD_U01088_003,2024-12-05,179.23,美妆
U01088,ORD_U01088_002,2024-12-08,318.55,服饰
U01089,ORD_U01089_000,2024-10-06,80.56,家居
U01089,ORD_U01089_001,2024-12-18,39.92,服饰
U01089,ORD_U01089_002,2025-03-11,39.23,服饰
U01090,ORD_U01090_000,2023-04-26,108.67,美妆
U01090,ORD_U01090_001,2023-06-10,144.99,美妆
U01090,ORD_U01090_003,2023-06-29,82.47,美妆
U01090,ORD_U01090_002,2023-08-03,90.82,服饰
U01090,ORD_U01090_005,2023-08-23,108.33,数码
U01090,ORD_U01090_004,2023-11-06,215.38,食品
U01091,ORD_U01091_001,2024-08-09,62.46,数码
U01091,ORD_U01091_000,2024-08-30,69.42,家居
U01092,ORD_U01092_000,2024-09-16,392.29,服饰
U01092,ORD_U01092_001,2024-10-02,521.4,服饰
U01092,ORD_U01092_002,2024-11-28,190.67,数码
U01092,ORD_U01092_003,2025-01-12,561.7,数码
U01092,ORD_U01092_004,2025-02-08,205.9,服饰
U01092,ORD_U01092_009,2025-02-14,363.94,食品
U01092,ORD_U01092_006,2025-02-17,251.17,美妆
U01092,ORD_U01092_008,2025-02-19,500.31,数码
U01092,ORD_U01092_005,2025-04-12,226.75,数码
U01092,ORD_U01092_007,2025-07-07,406.41,服饰
U01092,ORD_U01092_010,2025-11-12,496.79,服饰
U01092,ORD_U01092_012,2025-12-24,530.4,服饰
U01092,ORD_U01092_014,2025-12-29,590.22,服饰
U01092,ORD_U01092_011,2026-01-23,539.41,服饰
U01092,ORD_U01092_013,2026-01-25,272.82,家居
U01093,ORD_U01093_000,2023-01-30,865.72,美妆
U01093,ORD_U01093_001,2023-02-03,609.7,服饰
U01093,ORD_U01093_002,2023-03-19,890.03,数码
U01093,ORD_U01093_003,2023-03-30,993.98,数码
U01093,ORD_U01093_004,2023-04-23,802.99,家居
U01093,ORD_U01093_005,2023-08-09,309.31,服饰
U01093,ORD_U01093_008,2023-08-26,1018.28,美妆
U01093,ORD_U01093_007,2023-08-31,479.09,美妆
U01093,ORD_U01093_006,2023-10-12,1102.2,美妆
U01093,ORD_U01093_009,2023-11-25,556.38,美妆
U01093,ORD_U01093_012,2024-04-03,825.39,服饰
U01093,ORD_U01093_010,2024-04-07,520.42,数码
U01093,ORD_U01093_013,2024-05-10,952.56,食品
U01093,ORD_U01093_011,2024-05-12,1080.19,数码
U01093,ORD_U01093_015,2024-08-04,817.59,数码
U01093,ORD_U01093_016,2024-09-30,368.43,服饰
U01093,ORD_U01093_014,2024-11-08,1097.48,美妆
U01094,ORD_U01094_000,2023-10-26,168.43,美妆
U01095,ORD_U01095_000,2024-05-30,83.41,数码
U01095,ORD_U01095_001,2024-08-12,209.46,家居
U01096,ORD_U01096_000,2023-12-05,166.61,食品
U01096,ORD_U01096_001,2023-12-20,341.09,服饰
U01096,ORD_U01096_002,2023-12-20,472.86,数码
U01096,ORD_U01096_003,2024-02-08,280.34,数码
U01096,ORD_U01096_005,2024-03-26,488.5,数码
U01096,ORD_U01096_006,2024-04-14,147.28,食品
U01096,ORD_U01096_004,2024-06-02,390.91,服饰
U01097,ORD_U01097_001,2024-03-19,147.23,家居
U01097,ORD_U01097_000,2024-05-02,174.84,数码
U01097,ORD_U01097_002,2024-07-31,225.59,数码
U01098,ORD_U01098_000,2023-03-26,107.53,服饰
U01098,ORD_U01098_001,2023-06-23,90.57,美妆
U01099,ORD_U01099_000,2023-06-28,373.21,食品
U01099,ORD_U01099_001,2023-08-10,204.27,服饰
U01099,ORD_U01099_002,2023-08-21,143.67,服饰
U01099,ORD_U01099_004,2023-09-18,237.57,数码
U01099,ORD_U01099_003,2023-12-11,344.72,数码
U01100,ORD_U01100_000,2023-07-12,398.89,家居
U01100,ORD_U01100_001,2023-08-06,497.52,服饰
U01100,ORD_U01100_002,2023-09-14,769.19,服饰
U01100,ORD_U01100_004,2023-09-26,243.16,家居
U01100,ORD_U01100_003,2023-09-29,256.98,美妆
U01100,ORD_U01100_005,2023-11-10,720.22,食品
U01100,ORD_U01100_006,2023-12-23,552.09,数码
U01100,ORD_U01100_007,2024-04-24,274.78,食品
U01101,ORD_U01101_000,2023-11-02,109.33,美妆
U01101,ORD_U01101_001,2024-01-19,150.64,食品
U01102,ORD_U01102_000,2024-03-14,198.82,家居
U01102,ORD_U01102_001,2024-05-19,294.59,家居
U01102,ORD_U01102_002,2024-05-29,115.75,食品
U01102,ORD_U01102_004,2024-06-19,158.81,数码
U01102,ORD_U01102_003,2024-07-25,320.4,服饰
U01102,ORD_U01102_005,2024-07-29,366.02,家居
U01102,ORD_U01102_008,2024-08-15,198.0,家居
U01102,ORD_U01102_007,2024-09-09,382.04,家居
U01102,ORD_U01102_012,2024-10-26,372.82,食品
U01102,ORD_U01102_006,2024-11-07,358.91,服饰
U01102,ORD_U01102_009,2024-11-15,251.31,数码
U01102,ORD_U01102_010,2025-04-21,455.98,服饰
U01102,ORD_U01102_011,2025-05-28,275.36,家居
U01103,ORD_U01103_001,2025-01-02,228.58,服饰
U01103,ORD_U01103_000,2025-01-07,202.93,服饰
U01103,ORD_U01103_003,2025-02-17,370.57,美妆
U01103,ORD_U01103_005,2025-03-04,694.4,家居
U01103,ORD_U01103_002,2025-03-08,579.3,数码
U01103,ORD_U01103_004,2025-05-17,309.44,美妆
U01103,ORD_U01103_009,2025-06-30,653.34,数码
U01103,ORD_U01103_006,2025-07-14,614.16,服饰
U01103,ORD_U01103_008,2025-07-23,326.08,食品
U01103,ORD_U01103_007,2025-08-23,717.69,数码
U01104,ORD_U01104_000,2024-10-02,56.24,食品
U01104,ORD_U01104_002,2024-11-13,54.56,数码
U01104,ORD_U01104_001,2024-11-28,25.23,家居
U01104,ORD_U01104_003,2025-02-20,69.03,美妆
U01105,ORD_U01105_000,2023-08-01,580.3,美妆
U01105,ORD_U01105_002,2023-08-03,1119.3,服饰
U01105,ORD_U01105_001,2023-08-24,683.86,家居
U01105,ORD_U01105_004,2023-09-05,1463.8,服饰
U01105,ORD_U01105_005,2023-09-05,1445.1,食品
U01105,ORD_U01105_008,2023-09-14,792.01,服饰
U01105,ORD_U01105_003,2023-09-16,1521.73,食品
U01105,ORD_U01105_009,2023-10-23,1554.3,美妆
U01105,ORD_U01105_006,2023-11-25,1012.64,美妆
U01105,ORD_U01105_014,2024-01-07,666.95,食品
U01105,ORD_U01105_013,2024-01-20,711.32,美妆
U01105,ORD_U01105_007,2024-02-05,1054.8,美妆
U01105,ORD_U01105_011,2024-02-14,732.81,数码
U01105,ORD_U01105_010,2024-03-07,1321.23,家居
U01105,ORD_U01105_012,2024-03-12,1443.39,食品
U01105,ORD_U01105_015,2024-08-05,451.65,服饰
U01106,ORD_U01106_000,2024-06-18,144.13,数码
U01107,ORD_U01107_000,2023-04-24,153.87,食品
U01108,ORD_U01108_000,2023-06-23,68.22,服饰
U01108,ORD_U01108_001,2023-06-23,30.1,美妆
U01108,ORD_U01108_002,2023-11-14,34.32,美妆
U01108,ORD_U01108_003,2024-01-31,82.46,服饰
U01109,ORD_U01109_000,2023-03-19,87.54,家居
U01110,ORD_U01110_000,2024-01-06,361.42,美妆
U01110,ORD_U01110_001,2024-03-18,395.32,服饰
U01110,ORD_U01110_003,2024-03-29,202.46,数码
U01110,ORD_U01110_005,2024-03-30,306.05,数码
U01110,ORD_U01110_002,2024-05-18,403.46,家居
U01110,ORD_U01110_004,2024-06-04,527.56,美妆
U01111,ORD_U01111_000,2023-04-20,298.77,食品
U01111,ORD_U01111_001,2023-05-25,289.66,食品
U01111,ORD_U01111_002,2023-07-03,328.5,服饰
U01111,ORD_U01111_003,2023-08-06,357.62,家居
U01111,ORD_U01111_008,2023-08-20,152.53,美妆
U01111,ORD_U01111_004,2023-10-02,123.56,美妆
U01111,ORD_U01111_011,2023-10-07,277.41,家居
U01111,ORD_U01111_005,2023-11-15,261.32,服饰
U01111,ORD_U01111_006,2023-11-18,331.16,食品
U01111,ORD_U01111_009,2023-12-02,303.65,食品
U01111,ORD_U01111_010,2023-12-31,165.37,服饰
U01111,ORD_U01111_017,2024-01-23,228.81,食品
U01111,ORD_U01111_007,2024-01-28,337.1,美妆
U01111,ORD_U01111_014,2024-05-04,362.25,美妆
U01111,ORD_U01111_019,2024-05-18,278.08,数码
U01111,ORD_U01111_016,2024-06-23,306.71,美妆
U01111,ORD_U01111_012,2024-09-10,373.91,美妆
U01111,ORD_U01111_013,2024-09-20,171.87,美妆
U01111,ORD_U01111_015,2024-11-14,132.99,服饰
U01111,ORD_U01111_018,2024-12-03,354.51,食品
U01112,ORD_U01112_000,2024-11-19,207.68,服饰
U01112,ORD_U01112_001,2024-12-15,327.54,家居
U01112,ORD_U01112_002,2025-01-24,400.95,家居
U01112,ORD_U01112_005,2025-02-19,178.36,家居
U01112,ORD_U01112_003,2025-03-16,264.18,家居
U01112,ORD_U01112_006,2025-04-06,189.8,美妆
U01112,ORD_U01112_004,2025-05-12,299.29,数码
U01112,ORD_U01112_008,2025-06-13,244.42,美妆
U01112,ORD_U01112_007,2025-09-26,103.88,数码
U01113,ORD_U01113_000,2023-12-12,93.84,美妆
U01114,ORD_U01114_000,2023-05-09,263.95,数码
U01114,ORD_U01114_001,2023-06-11,437.84,家居
U01114,ORD_U01114_002,2023-07-28,177.7,数码
U01114,ORD_U01114_005,2023-08-18,236.11,美妆
U01114,ORD_U01114_006,2023-09-08,319.84,服饰
U01114,ORD_U01114_003,2023-09-12,175.61,服饰
U01114,ORD_U01114_004,2023-09-13,425.81,家居
U01115,ORD_U01115_000,2024-02-21,194.83,家居
U01115,ORD_U01115_001,2024-03-28,545.08,数码
U01115,ORD_U01115_004,2024-04-07,679.54,家居
U01115,ORD_U01115_003,2024-04-10,478.15,美妆
U01115,ORD_U01115_006,2024-04-13,657.13,家居
U01115,ORD_U01115_002,2024-04-30,598.03,家居
U01115,ORD_U01115_005,2024-05-28,714.55,美妆
U01115,ORD_U01115_007,2024-05-30,580.66,数码
U01115,ORD_U01115_009,2024-06-08,445.15,美妆
U01115,ORD_U01115_011,2024-07-20,217.04,服饰
U01115,ORD_U01115_015,2024-07-28,358.68,美妆
U01115,ORD_U01115_016,2024-08-05,526.86,家居
U01115,ORD_U01115_010,2024-08-17,486.78,美妆
U01115,ORD_U01115_017,2024-08-18,439.96,服饰
U01115,ORD_U01115_008,2024-08-23,415.68,数码
U01115,ORD_U01115_027,2024-09-08,599.72,食品
U01115,ORD_U01115_026,2024-11-10,250.01,数码
U01115,ORD_U01115_020,2024-11-24,445.54,数码
U01115,ORD_U01115_023,2024-12-16,642.92,服饰
U01115,ORD_U01115_012,2025-01-13,195.3,食品
U01115,ORD_U01115_028,2025-01-19,181.98,家居
U01115,ORD_U01115_025,2025-03-06,317.46,家居
U01115,ORD_U01115_013,2025-03-07,423.76,服饰
U01115,ORD_U01115_018,2025-03-19,624.66,食品
U01115,ORD_U01115_014,2025-03-24,586.67,美妆
U01115,ORD_U01115_037,2025-03-29,425.94,家居
U01115,ORD_U01115_030,2025-06-26,563.84,数码
U01115,ORD_U01115_022,2025-07-05,594.44,服饰
U01115,ORD_U01115_040,2025-08-06,546.88,服饰
U01115,ORD_U01115_019,2025-08-18,189.1,服饰
U01115,ORD_U01115_021,2025-09-16,372.84,数码
U01115,ORD_U01115_041,2025-09-25,212.28,家居
U01115,ORD_U01115_033,2025-10-12,239.21,食品
U01115,ORD_U01115_034,2025-10-22,252.78,家居
U01115,ORD_U01115_024,2025-10-28,320.77,美妆
U01115,ORD_U01115_031,2026-03-04,211.65,服饰
U01115,ORD_U01115_038,2026-03-20,336.79,家居
U01115,ORD_U01115_042,2026-03-31,468.71,食品
U01115,ORD_U01115_029,2026-05-31,416.68,服饰
U01115,ORD_U01115_035,2026-06-18,691.24,食品
U01115,ORD_U01115_032,2026-06-27,337.05,数码
U01115,ORD_U01115_036,2026-10-01,568.4,食品
U01115,ORD_U01115_039,2027-04-03,242.49,食品
U01116,ORD_U01116_000,2023-12-19,157.0,家居
U01116,ORD_U01116_001,2023-12-29,164.14,服饰
U01117,ORD_U01117_000,2024-02-06,64.73,美妆
U01117,ORD_U01117_001,2024-02-18,66.68,食品
U01117,ORD_U01117_002,2024-05-26,46.36,服饰
U01118,ORD_U01118_000,2023-01-31,344.19,美妆
U01118,ORD_U01118_001,2023-03-01,416.04,服饰
U01118,ORD_U01118_002,2023-04-14,377.63,家居
U01118,ORD_U01118_003,2023-05-09,186.51,家居
U01119,ORD_U01119_000,2024-08-01,1302.9,食品
U01119,ORD_U01119_001,2024-08-31,1140.91,食品
U01119,ORD_U01119_002,2024-09-20,1034.25,数码
U01119,ORD_U01119_003,2024-10-21,523.03,食品
U01119,ORD_U01119_005,2024-11-18,1206.62,美妆
U01119,ORD_U01119_004,2024-11-22,575.88,美妆
U01119,ORD_U01119_008,2024-11-22,868.56,食品
U01119,ORD_U01119_010,2024-12-05,1381.54,食品
U01119,ORD_U01119_015,2024-12-21,525.19,美妆
U01119,ORD_U01119_009,2025-01-09,985.82,数码
U01119,ORD_U01119_021,2025-01-10,813.09,服饰
U01119,ORD_U01119_007,2025-01-17,1251.42,数码
U01119,ORD_U01119_006,2025-01-27,419.78,美妆
U01119,ORD_U01119_011,2025-01-28,553.99,家居
U01119,ORD_U01119_023,2025-02-12,835.32,食品
U01119,ORD_U01119_022,2025-02-16,701.63,服饰
U01119,ORD_U01119_013,2025-04-25,1126.81,美妆
U01119,ORD_U01119_020,2025-05-10,1189.38,食品
U01119,ORD_U01119_012,2025-05-20,1261.2,数码
U01119,ORD_U01119_016,2025-06-03,818.29,食品
U01119,ORD_U01119_019,2025-06-25,1111.09,服饰
U01119,ORD_U01119_014,2025-08-27,884.81,美妆
U01119,ORD_U01119_017,2025-11-30,718.76,食品
U01119,ORD_U01119_018,2025-11-30,614.66,数码
U01119,ORD_U01119_025,2026-03-26,729.59,服饰
U01119,ORD_U01119_024,2026-04-15,1191.18,数码
U01120,ORD_U01120_000,2023-11-26,42.18,家居
U01120,ORD_U01120_002,2024-03-27,59.88,服饰
U01120,ORD_U01120_001,2024-03-29,54.37,食品
U01121,ORD_U01121_000,2023-01-26,21.97,家居
U01122,ORD_U01122_001,2024-11-13,338.4,美妆
U01122,ORD_U01122_000,2024-11-20,987.93,服饰
U01122,ORD_U01122_003,2024-12-31,346.11,美妆
U01122,ORD_U01122_004,2025-01-10,875.03,数码
U01122,ORD_U01122_002,2025-01-25,1072.87,服饰
U01122,ORD_U01122_006,2025-03-23,305.39,美妆
U01122,ORD_U01122_005,2025-06-10,727.64,服饰
U01122,ORD_U01122_007,2025-09-11,282.24,美妆
U01123,ORD_U01123_000,2023-12-05,674.49,美妆
U01123,ORD_U01123_001,2023-12-20,709.69,数码
U01123,ORD_U01123_002,2023-12-22,855.19,家居
U01123,ORD_U01123_003,2024-01-09,1038.4,服饰
U01123,ORD_U01123_004,2024-02-29,515.94,美妆
U01123,ORD_U01123_005,2024-03-18,1047.32,服饰
U01123,ORD_U01123_006,2024-04-07,652.76,服饰
U01123,ORD_U01123_008,2024-08-05,597.77,服饰
U01123,ORD_U01123_016,2024-08-18,449.82,服饰
U01123,ORD_U01123_009,2024-10-11,601.56,食品
U01123,ORD_U01123_010,2024-10-14,891.58,服饰
U01123,ORD_U01123_007,2024-10-16,1155.6,服饰
U01123,ORD_U01123_011,2024-11-10,1089.72,数码
U01123,ORD_U01123_012,2024-11-10,925.16,服饰
U01123,ORD_U01123_015,2025-03-19,629.0,美妆
U01123,ORD_U01123_018,2025-04-17,677.14,食品
U01123,ORD_U01123_013,2025-05-02,948.22,美妆
U01123,ORD_U01123_014,2025-07-21,365.65,服饰
U01123,ORD_U01123_017,2025-08-07,592.32,家居
U01123,ORD_U01123_019,2026-03-27,702.62,美妆
U01124,ORD_U01124_000,2024-05-22,23.85,食品
U01124,ORD_U01124_001,2024-07-26,39.81,美妆
U01124,ORD_U01124_002,2024-08-22,54.61,美妆
U01125,ORD_U01125_000,2023-12-08,43.17,服饰
U01125,ORD_U01125_002,2024-03-03,117.25,家居
U01125,ORD_U01125_001,2024-04-01,102.68,食品
U01125,ORD_U01125_003,2024-07-15,102.56,食品
U01126,ORD_U01126_000,2024-07-26,186.71,数码
U01126,ORD_U01126_001,2024-08-11,63.87,食品
U01126,ORD_U01126_002,2024-10-26,132.9,服饰
U01127,ORD_U01127_000,2024-12-11,487.52,数码
U01127,ORD_U01127_001,2025-01-31,261.93,服饰
U01127,ORD_U01127_002,2025-03-05,403.34,家居
U01127,ORD_U01127_003,2025-03-28,140.16,食品
U01127,ORD_U01127_004,2025-03-28,294.58,食品
U01127,ORD_U01127_006,2025-05-23,138.83,美妆
U01127,ORD_U01127_005,2025-09-22,249.32,服饰
U01127,ORD_U01127_007,2025-12-08,337.59,食品
U01128,ORD_U01128_000,2025-01-24,160.66,食品
U01128,ORD_U01128_001,2025-02-02,393.76,食品
U01128,ORD_U01128_002,2025-04-09,174.58,数码
U01128,ORD_U01128_005,2025-04-16,458.64,数码
U01128,ORD_U01128_003,2025-04-20,386.69,家居
U01128,ORD_U01128_004,2025-08-10,241.45,食品
U01128,ORD_U01128_007,2026-02-02,244.23,食品
U01128,ORD_U01128_006,2026-02-05,420.71,数码
U01128,ORD_U01128_008,2026-04-17,307.14,数码
U01129,ORD_U01129_000,2024-03-25,76.48,食品
U01130,ORD_U01130_000,2023-07-18,443.83,食品
U01130,ORD_U01130_001,2023-07-25,697.04,服饰
U01130,ORD_U01130_005,2023-09-12,811.36,数码
U01130,ORD_U01130_002,2023-10-10,722.21,家居
U01130,ORD_U01130_003,2023-10-31,689.58,美妆
U01130,ORD_U01130_004,2023-10-31,734.75,美妆
U01130,ORD_U01130_007,2023-11-03,800.59,数码
U01130,ORD_U01130_008,2023-11-20,522.49,服饰
U01130,ORD_U01130_009,2023-12-02,833.22,服饰
U01130,ORD_U01130_006,2024-01-23,466.44,数码
U01130,ORD_U01130_011,2024-03-18,275.0,数码
U01130,ORD_U01130_013,2024-05-13,471.83,家居
U01130,ORD_U01130_010,2024-05-25,375.47,美妆
U01130,ORD_U01130_016,2024-08-03,957.84,数码
U01130,ORD_U01130_014,2024-08-17,816.59,服饰
U01130,ORD_U01130_015,2024-08-19,616.23,数码
U01130,ORD_U01130_012,2024-09-02,870.66,食品
U01131,ORD_U01131_000,2024-09-05,75.78,数码
U01131,ORD_U01131_003,2024-10-23,79.3,数码
U01131,ORD_U01131_001,2024-11-13,59.47,数码
U01131,ORD_U01131_002,2024-12-13,70.17,食品
U01131,ORD_U01131_004,2025-03-10,84.22,美妆
U01131,ORD_U01131_005,2025-05-26,147.03,家居
U01132,ORD_U01132_000,2024-02-06,396.26,数码
U01132,ORD_U01132_002,2024-04-17,328.51,食品
U01132,ORD_U01132_001,2024-05-01,355.48,家居
U01132,ORD_U01132_003,2024-05-13,328.41,家居
U01132,ORD_U01132_004,2024-06-11,387.83,食品
U01132,ORD_U01132_005,2024-06-27,389.29,服饰
U01132,ORD_U01132_006,2024-09-25,342.11,美妆
U01132,ORD_U01132_007,2025-02-02,190.85,服饰
U01132,ORD_U01132_008,2025-02-23,215.83,食品
U01133,ORD_U01133_000,2023-10-05,128.88,数码
U01133,ORD_U01133_001,2023-11-15,171.61,美妆
U01133,ORD_U01133_002,2024-03-11,92.4,食品
U01134,ORD_U01134_000,2024-08-30,93.0,服饰
U01135,ORD_U01135_000,2023-02-12,54.78,家居
U01135,ORD_U01135_001,2023-04-21,27.67,数码
U01135,ORD_U01135_002,2023-07-19,35.53,数码
U01136,ORD_U01136_000,2023-06-05,133.63,美妆
U01136,ORD_U01136_001,2023-06-11,169.7,服饰
U01136,ORD_U01136_002,2023-07-12,154.51,数码
U01137,ORD_U01137_000,2023-08-08,32.98,美妆
U01137,ORD_U01137_002,2023-09-17,100.3,家居
U01137,ORD_U01137_001,2023-09-22,66.93,美妆
U01137,ORD_U01137_003,2023-10-22,59.57,数码
U01138,ORD_U01138_000,2023-05-23,113.0,美妆
U01138,ORD_U01138_001,2023-08-04,140.99,服饰
U01138,ORD_U01138_002,2024-01-07,126.9,家居
U01139,ORD_U01139_000,2024-06-26,119.83,食品
U01139,ORD_U01139_001,2024-07-15,159.78,美妆
U01139,ORD_U01139_002,2024-09-14,184.26,服饰
U01140,ORD_U01140_000,2024-03-09,143.75,美妆
U01140,ORD_U01140_001,2024-04-14,197.0,美妆
U01140,ORD_U01140_002,2024-05-17,222.18,食品
U01140,ORD_U01140_003,2024-06-09,97.94,数码
U01140,ORD_U01140_004,2024-07-13,151.59,数码
U01140,ORD_U01140_007,2024-08-19,179.02,家居
U01140,ORD_U01140_006,2024-11-20,185.35,数码
U01140,ORD_U01140_005,2025-01-06,233.64,服饰
U01141,ORD_U01141_000,2024-01-12,62.05,美妆
U01142,ORD_U01142_000,2024-09-17,470.6,家居
U01142,ORD_U01142_001,2024-10-09,350.65,服饰
U01142,ORD_U01142_003,2024-10-29,1095.78,家居
U01142,ORD_U01142_002,2024-10-30,1076.05,家居
U01142,ORD_U01142_004,2024-11-01,948.22,食品
U01142,ORD_U01142_005,2024-11-09,854.55,数码
U01142,ORD_U01142_006,2024-11-21,485.58,家居
U01142,ORD_U01142_007,2024-12-05,1244.72,服饰
U01142,ORD_U01142_014,2025-02-14,1028.24,家居
U01142,ORD_U01142_020,2025-02-22,924.18,家居
U01142,ORD_U01142_008,2025-03-03,1166.8,数码
U01142,ORD_U01142_010,2025-03-06,623.08,家居
U01142,ORD_U01142_016,2025-03-16,604.15,服饰
U01142,ORD_U01142_012,2025-04-03,981.29,美妆
U01142,ORD_U01142_028,2025-04-03,999.7,数码
U01142,ORD_U01142_019,2025-04-12,1033.47,家居
U01142,ORD_U01142_022,2025-04-18,468.37,家居
U01142,ORD_U01142_009,2025-05-06,645.13,服饰
U01142,ORD_U01142_011,2025-05-07,395.02,数码
U01142,ORD_U01142_023,2025-05-20,1175.71,服饰
U01142,ORD_U01142_024,2025-06-02,1214.59,数码
U01142,ORD_U01142_018,2025-07-15,527.75,数码
U01142,ORD_U01142_030,2025-08-06,439.58,家居
U01142,ORD_U01142_025,2025-08-09,566.64,美妆
U01142,ORD_U01142_013,2025-08-21,456.96,家居
U01142,ORD_U01142_015,2025-10-26,637.96,食品
U01142,ORD_U01142_038,2025-11-09,895.02,家居
U01142,ORD_U01142_027,2025-11-11,956.75,食品
U01142,ORD_U01142_021,2026-01-18,1205.18,美妆
U01142,ORD_U01142_017,2026-01-28,1166.18,美妆
U01142,ORD_U01142_029,2026-05-31,434.15,美妆
U01142,ORD_U01142_026,2026-07-08,877.87,美妆
U01142,ORD_U01142_032,2026-10-01,448.14,服饰
U01142,ORD_U01142_035,2026-11-26,614.71,美妆
U01142,ORD_U01142_031,2026-12-27,588.95,数码
U01142,ORD_U01142_034,2027-03-10,1091.15,服饰
U01142,ORD_U01142_033,2027-05-31,377.94,美妆
U01142,ORD_U01142_037,2027-06-06,1185.75,食品
U01142,ORD_U01142_036,2027-08-11,741.99,家居
U01143,ORD_U01143_000,2025-01-31,185.22,美妆
U01143,ORD_U01143_001,2025-03-18,73.39,服饰
U01143,ORD_U01143_002,2025-04-25,68.49,美妆
U01143,ORD_U01143_003,2025-08-19,169.42,服饰
U01144,ORD_U01144_000,2023-11-15,2158.52,家居
U01144,ORD_U01144_001,2023-11-30,1285.95,美妆
U01144,ORD_U01144_002,2023-12-11,898.32,服饰
U01144,ORD_U01144_003,2024-01-08,2530.93,数码
U01144,ORD_U01144_004,2024-01-16,2137.1,食品
U01144,ORD_U01144_012,2024-02-13,1675.39,美妆
U01144,ORD_U01144_005,2024-02-15,1748.32,数码
U01144,ORD_U01144_007,2024-03-12,1858.5,家居
U01144,ORD_U01144_019,2024-04-02,2208.12,美妆
U01144,ORD_U01144_014,2024-04-09,862.12,家居
U01144,ORD_U01144_006,2024-04-18,2306.89,数码
U01144,ORD_U01144_008,2024-05-20,1205.49,数码
U01144,ORD_U01144_011,2024-06-02,2043.64,家居
U01144,ORD_U01144_013,2024-06-14,1101.66,家居
U01144,ORD_U01144_009,2024-07-05,2436.61,食品
U01144,ORD_U01144_028,2024-07-23,1268.24,美妆
U01144,ORD_U01144_022,2024-07-24,1807.97,数码
U01144,ORD_U01144_010,2024-08-06,1571.53,食品
U01144,ORD_U01144_027,2024-08-23,1636.64,家居
U01144,ORD_U01144_024,2024-08-31,2321.25,服饰
U01144,ORD_U01144_021,2024-09-14,2173.72,家居
U01144,ORD_U01144_015,2024-10-06,2424.1,数码
U01144,ORD_U01144_017,2024-10-30,1377.35,美妆
U01144,ORD_U01144_026,2024-11-18,1179.98,数码
U01144,ORD_U01144_020,2024-12-27,1263.54,数码
U01144,ORD_U01144_030,2024-12-29,1145.8,食品
U01144,ORD_U01144_018,2025-03-02,1798.6,美妆
U01144,ORD_U01144_016,2025-03-18,1644.09,服饰
U01144,ORD_U01144_025,2025-05-27,2429.07,服饰
U01144,ORD_U01144_023,2025-06-09,1857.67,食品
U01144,ORD_U01144_032,2025-09-02,2114.86,家居
U01144,ORD_U01144_031,2025-09-11,653.19,服饰
U01144,ORD_U01144_029,2025-10-25,2291.72,食品
U01144,ORD_U01144_033,2026-05-19,951.91,美妆
U01144,ORD_U01144_034,2026-08-29,1032.01,服饰
U01145,ORD_U01145_000,2024-07-08,155.77,食品
U01145,ORD_U01145_002,2024-08-04,345.04,家居
U01145,ORD_U01145_001,2024-08-28,277.01,美妆
U01145,ORD_U01145_003,2024-10-21,272.59,食品
U01146,ORD_U01146_000,2023-07-29,121.56,美妆
U01146,ORD_U01146_001,2024-01-12,46.28,服饰
U01147,ORD_U01147_000,2024-03-31,71.38,数码
U01147,ORD_U01147_001,2024-06-11,94.79,食品
U01147,ORD_U01147_003,2024-08-12,132.91,美妆
U01147,ORD_U01147_002,2024-08-17,119.52,家居
U01148,ORD_U01148_000,2024-06-22,27.41,服饰
U01148,ORD_U01148_001,2024-10-08,61.59,数码
U01149,ORD_U01149_000,2024-02-03,92.05,数码
U01149,ORD_U01149_003,2024-03-14,67.33,数码
U01149,ORD_U01149_002,2024-03-17,84.73,服饰
U01149,ORD_U01149_001,2024-04-16,47.83,数码
U01150,ORD_U01150_000,2024-10-01,527.6,数码
U01150,ORD_U01150_001,2024-11-09,239.41,食品
U01150,ORD_U01150_002,2025-01-09,541.7,食品
U01150,ORD_U01150_003,2025-03-25,516.88,数码
U01150,ORD_U01150_004,2025-04-06,293.21,数码
U01150,ORD_U01150_005,2025-04-22,384.96,家居
U01150,ORD_U01150_007,2025-07-16,207.63,食品
U01150,ORD_U01150_006,2025-07-17,511.09,家居
U01150,ORD_U01150_008,2025-12-18,553.18,食品
U01151,ORD_U01151_000,2024-01-29,215.45,服饰
U01151,ORD_U01151_001,2024-03-06,145.83,服饰
U01151,ORD_U01151_002,2024-04-21,161.05,美妆
U01151,ORD_U01151_004,2024-05-20,157.22,服饰
U01151,ORD_U01151_006,2024-07-12,211.4,美妆
U01151,ORD_U01151_003,2024-08-07,182.18,数码
U01151,ORD_U01151_005,2024-09-21,126.84,美妆
U01151,ORD_U01151_007,2025-02-17,57.31,美妆
U01151,ORD_U01151_008,2025-04-13,198.77,家居
U01152,ORD_U01152_002,2024-06-27,49.47,服饰
U01152,ORD_U01152_000,2024-07-10,131.36,服饰
U01152,ORD_U01152_001,2024-07-23,65.83,数码
U01153,ORD_U01153_000,2023-11-05,141.81,数码
U01153,ORD_U01153_001,2023-12-30,163.9,服饰
U01153,ORD_U01153_004,2024-02-27,114.29,食品
U01153,ORD_U01153_002,2024-03-30,152.49,服饰
U01153,ORD_U01153_003,2024-05-13,68.75,食品
U01153,ORD_U01153_006,2024-09-03,70.57,数码
U01153,ORD_U01153_005,2024-09-10,64.04,家居
U01154,ORD_U01154_000,2024-11-03,100.91,家居
U01154,ORD_U01154_001,2024-12-01,209.05,家居
U01154,ORD_U01154_002,2025-01-27,318.96,美妆
U01154,ORD_U01154_003,2025-03-20,152.63,服饰
U01154,ORD_U01154_005,2025-04-25,247.84,美妆
U01154,ORD_U01154_004,2025-06-23,275.33,食品
U01154,ORD_U01154_006,2025-09-19,198.59,家居
U01154,ORD_U01154_007,2025-12-08,337.91,家居
U01155,ORD_U01155_000,2024-06-15,355.22,家居
U01155,ORD_U01155_001,2024-10-02,184.57,服饰
U01155,ORD_U01155_002,2024-10-26,272.21,家居
U01155,ORD_U01155_003,2024-12-19,154.37,服饰
U01156,ORD_U01156_000,2023-02-06,386.04,数码
U01156,ORD_U01156_002,2023-03-24,322.92,家居
U01156,ORD_U01156_001,2023-04-07,531.88,美妆
U01156,ORD_U01156_003,2023-05-08,403.67,家居
U01156,ORD_U01156_004,2023-05-15,485.01,家居
U01156,ORD_U01156_005,2023-08-21,244.11,美妆
U01156,ORD_U01156_013,2023-10-16,238.96,服饰
U01156,ORD_U01156_006,2023-10-21,503.11,美妆
U01156,ORD_U01156_007,2023-10-25,451.43,美妆
U01156,ORD_U01156_012,2023-11-04,356.11,食品
U01156,ORD_U01156_010,2023-12-11,460.59,美妆
U01156,ORD_U01156_008,2024-01-31,493.55,食品
U01156,ORD_U01156_009,2024-02-20,494.59,服饰
U01156,ORD_U01156_015,2024-02-23,225.93,数码
U01156,ORD_U01156_016,2024-04-11,267.52,美妆
U01156,ORD_U01156_014,2024-05-15,411.64,家居
U01156,ORD_U01156_011,2024-07-12,284.74,美妆
U01157,ORD_U01157_001,2023-10-18,25.97,家居
U01157,ORD_U01157_000,2023-10-19,46.36,数码
U01157,ORD_U01157_002,2023-12-11,65.63,美妆
U01158,ORD_U01158_000,2023-07-13,34.75,服饰
U01158,ORD_U01158_001,2023-09-20,64.85,服饰
U01158,ORD_U01158_002,2023-11-06,26.22,家居
U01158,ORD_U01158_003,2024-01-05,36.92,服饰
U01159,ORD_U01159_000,2024-12-04,53.55,美妆
U01159,ORD_U01159_001,2025-02-03,132.64,家居
U01160,ORD_U01160_000,2023-03-03,32.65,数码
U01160,ORD_U01160_001,2023-06-10,42.89,数码
U01160,ORD_U01160_002,2023-06-11,19.67,食品
U01161,ORD_U01161_000,2024-12-20,354.55,服饰
U01161,ORD_U01161_001,2025-01-09,234.99,服饰
U01161,ORD_U01161_002,2025-02-11,695.19,食品
U01161,ORD_U01161_004,2025-02-25,706.41,服饰
U01161,ORD_U01161_003,2025-03-07,337.08,数码
U01161,ORD_U01161_007,2025-05-01,251.36,服饰
U01161,ORD_U01161_008,2025-05-16,365.03,数码
U01161,ORD_U01161_012,2025-06-04,789.71,美妆
U01161,ORD_U01161_009,2025-06-06,735.1,美妆
U01161,ORD_U01161_006,2025-06-22,306.59,家居
U01161,ORD_U01161_005,2025-07-06,456.6,食品
U01161,ORD_U01161_014,2025-07-08,383.13,数码
U01161,ORD_U01161_011,2025-07-22,343.38,服饰
U01161,ORD_U01161_017,2025-11-29,695.38,家居
U01161,ORD_U01161_010,2025-12-08,299.73,美妆
U01161,ORD_U01161_016,2026-03-23,489.97,数码
U01161,ORD_U01161_013,2026-05-22,596.5,食品
U01161,ORD_U01161_015,2026-10-15,464.29,家居
U01161,ORD_U01161_018,2026-10-17,545.7,美妆
U01162,ORD_U01162_000,2023-11-27,212.18,数码
U01162,ORD_U01162_001,2024-02-02,216.68,食品
U01162,ORD_U01162_002,2024-04-10,183.14,家居
U01163,ORD_U01163_000,2024-07-03,923.15,美妆
U01163,ORD_U01163_001,2024-07-30,1403.42,美妆
U01163,ORD_U01163_003,2024-08-06,1723.89,数码
U01163,ORD_U01163_006,2024-08-10,1838.34,美妆
U01163,ORD_U01163_002,2024-08-13,781.37,美妆
U01163,ORD_U01163_004,2024-09-05,1403.01,食品
U01163,ORD_U01163_010,2024-09-18,1472.71,数码
U01163,ORD_U01163_005,2024-10-12,870.14,家居
U01163,ORD_U01163_016,2024-11-18,1776.25,数码
U01163,ORD_U01163_008,2024-12-05,1804.34,数码
U01163,ORD_U01163_007,2024-12-11,1275.48,家居
U01163,ORD_U01163_013,2024-12-11,1215.95,服饰
U01163,ORD_U01163_021,2024-12-25,1012.45,食品
U01163,ORD_U01163_020,2025-01-11,1087.01,食品
U01163,ORD_U01163_011,2025-01-17,633.81,服饰
U01163,ORD_U01163_009,2025-01-28,657.52,家居
U01163,ORD_U01163_019,2025-03-05,703.54,食品
U01163,ORD_U01163_014,2025-03-06,600.97,数码
U01163,ORD_U01163_012,2025-04-08,1690.87,食品
U01163,ORD_U01163_015,2025-05-12,592.2,服饰
U01163,ORD_U01163_024,2025-05-19,886.45,服饰
U01163,ORD_U01163_028,2025-06-09,1519.68,食品
U01163,ORD_U01163_029,2025-08-17,1260.46,家居
U01163,ORD_U01163_030,2025-08-22,701.85,服饰
U01163,ORD_U01163_027,2025-08-29,1182.65,服饰
U01163,ORD_U01163_031,2025-09-09,1246.21,家居
U01163,ORD_U01163_026,2025-09-18,1193.52,服饰
U01163,ORD_U01163_042,2025-10-11,597.7,美妆
U01163,ORD_U01163_017,2025-10-17,1173.47,服饰
U01163,ORD_U01163_018,2025-12-12,971.33,数码
U01163,ORD_U01163_023,2025-12-20,979.35,家居
U01163,ORD_U01163_036,2026-01-16,1815.07,食品
U01163,ORD_U01163_022,2026-01-29,1801.06,数码
U01163,ORD_U01163_039,2026-02-07,874.21,服饰
U01163,ORD_U01163_025,2026-02-10,1015.85,服饰
U01163,ORD_U01163_038,2026-05-08,1404.79,食品
U01163,ORD_U01163_033,2026-05-14,615.75,数码
U01163,ORD_U01163_041,2026-08-13,1596.27,美妆
U01163,ORD_U01163_034,2026-12-29,1792.74,服饰
U01163,ORD_U01163_032,2027-01-12,1377.05,数码
U01163,ORD_U01163_035,2027-01-27,1225.07,美妆
U01163,ORD_U01163_037,2027-03-20,1396.43,服饰
U01163,ORD_U01163_040,2027-09-09,1133.42,食品
U01164,ORD_U01164_002,2024-06-09,1256.15,家居
U01164,ORD_U01164_001,2024-06-13,703.0,家居
U01164,ORD_U01164_000,2024-06-15,492.67,家居
U01164,ORD_U01164_003,2024-07-05,802.82,美妆
U01164,ORD_U01164_005,2024-07-21,1344.62,服饰
U01164,ORD_U01164_008,2024-08-20,1096.14,服饰
U01164,ORD_U01164_009,2024-08-29,987.59,食品
U01164,ORD_U01164_011,2024-09-08,930.65,美妆
U01164,ORD_U01164_004,2024-09-17,750.5,服饰
U01164,ORD_U01164_010,2024-09-22,454.81,美妆
U01164,ORD_U01164_006,2024-10-10,1380.31,服饰
U01164,ORD_U01164_007,2024-10-22,1089.8,服饰
U01164,ORD_U01164_012,2024-11-06,396.38,食品
U01164,ORD_U01164_022,2024-12-14,587.97,美妆
U01164,ORD_U01164_016,2024-12-17,1025.05,美妆
U01164,ORD_U01164_017,2025-02-04,840.07,食品
U01164,ORD_U01164_018,2025-02-10,723.27,美妆
U01164,ORD_U01164_015,2025-03-15,1432.32,美妆
U01164,ORD_U01164_013,2025-04-19,386.77,家居
U01164,ORD_U01164_014,2025-04-23,1123.39,数码
U01164,ORD_U01164_029,2025-04-27,1094.57,服饰
U01164,ORD_U01164_023,2025-05-28,418.91,服饰
U01164,ORD_U01164_021,2025-05-29,1353.39,食品
U01164,ORD_U01164_019,2025-07-16,941.79,美妆
U01164,ORD_U01164_025,2025-08-04,1103.77,家居
U01164,ORD_U01164_028,2025-10-05,1080.72,服饰
U01164,ORD_U01164_026,2025-10-13,500.97,数码
U01164,ORD_U01164_027,2025-11-10,499.2,美妆
U01164,ORD_U01164_024,2025-12-25,793.88,食品
U01164,ORD_U01164_020,2026-01-29,1144.64,家居
U01164,ORD_U01164_030,2026-02-06,643.96,数码
U01164,ORD_U01164_036,2026-03-23,614.75,服饰
U01164,ORD_U01164_032,2026-04-27,1371.24,家居
U01164,ORD_U01164_033,2026-05-02,400.7,美妆
U01164,ORD_U01164_035,2026-05-12,1214.23,美妆
U01164,ORD_U01164_039,2026-08-02,1205.37,食品
U01164,ORD_U01164_031,2026-08-29,1178.8,食品
U01164,ORD_U01164_040,2026-10-30,973.76,家居
U01164,ORD_U01164_034,2026-12-24,1431.96,美妆
U01164,ORD_U01164_041,2027-02-24,673.49,家居
U01164,ORD_U01164_037,2027-06-13,1305.28,食品
U01164,ORD_U01164_038,2027-07-19,1176.54,数码
U01164,ORD_U01164_042,2027-10-11,515.62,数码
U01165,ORD_U01165_000,2023-09-02,119.04,家居
U01165,ORD_U01165_001,2023-11-03,233.44,数码
U01165,ORD_U01165_002,2024-01-16,132.96,食品
U01165,ORD_U01165_003,2024-02-20,231.47,数码
U01166,ORD_U01166_000,2023-09-22,140.71,家居
U01166,ORD_U01166_002,2023-10-16,54.58,美妆
U01166,ORD_U01166_001,2023-11-11,53.46,食品
U01166,ORD_U01166_003,2023-12-06,78.4,家居
U01166,ORD_U01166_004,2024-01-13,71.33,服饰
U01166,ORD_U01166_007,2024-03-25,110.51,数码
U01166,ORD_U01166_005,2024-03-31,114.75,食品
U01166,ORD_U01166_006,2024-07-02,168.34,食品
U01166,ORD_U01166_009,2024-10-14,204.29,家居
U01166,ORD_U01166_008,2024-11-25,104.64,服饰
U01167,ORD_U01167_000,2024-01-28,135.92,食品
U01167,ORD_U01167_002,2024-04-08,124.11,美妆
U01167,ORD_U01167_001,2024-05-03,89.63,美妆
U01167,ORD_U01167_003,2024-06-18,116.33,家居
U01168,ORD_U01168_000,2023-09-06,31.59,服饰
U01168,ORD_U01168_001,2023-12-14,65.01,数码
U01169,ORD_U01169_001,2024-03-27,199.43,食品
U01169,ORD_U01169_000,2024-04-24,86.86,美妆
U01170,ORD_U01170_000,2023-03-09,108.16,数码
U01170,ORD_U01170_001,2023-06-11,111.58,服饰
U01170,ORD_U01170_002,2023-07-04,60.67,数码
U01170,ORD_U01170_003,2023-09-09,145.76,美妆
U01171,ORD_U01171_000,2024-07-22,677.28,家居
U01171,ORD_U01171_001,2024-08-21,805.66,数码
U01171,ORD_U01171_002,2024-09-01,519.91,服饰
U01171,ORD_U01171_004,2024-09-01,478.58,美妆
U01171,ORD_U01171_005,2024-09-10,634.09,食品
U01171,ORD_U01171_007,2024-09-10,1557.98,食品
U01171,ORD_U01171_003,2024-10-04,1151.3,家居
U01171,ORD_U01171_010,2024-10-27,791.67,家居
U01171,ORD_U01171_008,2024-10-30,1154.37,家居
U01171,ORD_U01171_012,2024-12-27,752.61,数码
U01171,ORD_U01171_006,2025-01-16,781.94,数码
U01171,ORD_U01171_015,2025-01-17,1127.37,数码
U01171,ORD_U01171_017,2025-01-27,1234.65,美妆
U01171,ORD_U01171_018,2025-02-07,1445.87,美妆
U01171,ORD_U01171_021,2025-03-02,1436.43,服饰
U01171,ORD_U01171_009,2025-03-04,1629.4,服饰
U01171,ORD_U01171_014,2025-04-09,823.92,家居
U01171,ORD_U01171_019,2025-04-12,1578.31,家居
U01171,ORD_U01171_011,2025-05-17,628.76,数码
U01171,ORD_U01171_023,2025-06-11,805.2,美妆
U01171,ORD_U01171_013,2025-06-27,1348.25,美妆
U01171,ORD_U01171_020,2025-09-17,1360.95,数码
U01171,ORD_U01171_016,2025-11-08,696.94,家居
U01171,ORD_U01171_022,2026-04-11,890.77,服饰
U01172,ORD_U01172_000,2024-03-16,416.08,数码
U01172,ORD_U01172_001,2024-05-18,527.34,美妆
U01172,ORD_U01172_002,2024-06-21,470.98,家居
U01172,ORD_U01172_005,2024-07-19,525.44,数码
U01172,ORD_U01172_003,2024-09-14,257.24,美妆
U01172,ORD_U01172_004,2024-10-10,144.29,食品
U01172,ORD_U01172_007,2025-01-28,521.18,食品
U01172,ORD_U01172_006,2025-02-22,215.67,数码
U01173,ORD_U01173_000,2024-05-23,300.5,家居
U01173,ORD_U01173_001,2024-06-07,379.77,数码
U01173,ORD_U01173_002,2024-07-27,254.37,数码
U01173,ORD_U01173_006,2024-09-04,101.42,服饰
U01173,ORD_U01173_003,2024-10-09,197.97,服饰
U01173,ORD_U01173_004,2024-12-10,240.46,服饰
U01173,ORD_U01173_005,2024-12-18,183.47,家居
U01173,ORD_U01173_007,2025-02-13,215.1,家居
U01174,ORD_U01174_000,2023-11-20,325.45,服饰
U01174,ORD_U01174_001,2023-11-29,243.43,服饰
U01174,ORD_U01174_002,2024-01-19,282.22,食品
U01174,ORD_U01174_005,2024-02-04,390.81,家居
U01174,ORD_U01174_004,2024-02-25,396.43,家居
U01174,ORD_U01174_003,2024-04-28,401.69,食品
U01175,ORD_U01175_000,2023-03-16,892.61,数码
U01175,ORD_U01175_001,2023-04-25,781.89,服饰
U01175,ORD_U01175_003,2023-04-30,810.56,数码
U01175,ORD_U01175_002,2023-05-22,1048.51,食品
U01175,ORD_U01175_004,2023-05-23,933.1,食品
U01175,ORD_U01175_005,2023-10-27,393.64,服饰
U01175,ORD_U01175_007,2023-10-28,407.76,家居
U01175,ORD_U01175_006,2023-11-22,304.39,食品
U01175,ORD_U01175_008,2023-12-20,899.72,食品
U01175,ORD_U01175_009,2024-04-16,368.18,服饰
U01176,ORD_U01176_000,2023-06-21,145.36,数码
U01176,ORD_U01176_001,2023-07-25,392.33,美妆
U01176,ORD_U01176_003,2023-08-02,519.82,服饰
U01176,ORD_U01176_002,2023-08-18,358.24,家居
U01176,ORD_U01176_004,2023-11-25,315.71,服饰
U01176,ORD_U01176_010,2023-12-08,521.26,家居
U01176,ORD_U01176_006,2023-12-14,181.22,美妆
U01176,ORD_U01176_005,2024-02-03,266.34,美妆
U01176,ORD_U01176_011,2024-04-21,456.09,服饰
U01176,ORD_U01176_007,2024-04-22,277.58,食品
U01176,ORD_U01176_008,2024-05-05,363.5,服饰
U01176,ORD_U01176_009,2024-05-27,389.77,食品
U01177,ORD_U01177_000,2023-04-09,123.11,数码
U01177,ORD_U01177_001,2023-05-17,161.52,食品
U01177,ORD_U01177_003,2023-05-18,61.11,数码
U01177,ORD_U01177_002,2023-08-01,155.47,家居
U01178,ORD_U01178_000,2024-04-16,190.98,食品
U01178,ORD_U01178_001,2024-07-23,123.02,服饰
U01179,ORD_U01179_000,2023-09-26,134.66,家居
U01179,ORD_U01179_001,2023-12-16,156.96,食品
U01179,ORD_U01179_003,2024-04-06,55.14,食品
U01179,ORD_U01179_002,2024-04-24,127.28,数码
U01180,ORD_U01180_000,2024-02-06,159.27,美妆
U01180,ORD_U01180_001,2024-03-10,311.48,美妆
U01180,ORD_U01180_002,2024-05-29,190.58,美妆
U01180,ORD_U01180_003,2024-07-30,296.56,美妆
U01181,ORD_U01181_000,2023-11-19,135.11,美妆
U01181,ORD_U01181_001,2024-03-28,160.29,家居
U01181,ORD_U01181_002,2024-04-18,172.89,食品
U01181,ORD_U01181_003,2024-08-24,120.24,家居
U01182,ORD_U01182_000,2023-04-01,74.1,数码
U01182,ORD_U01182_001,2023-05-06,59.47,服饰
U01183,ORD_U01183_000,2024-03-05,29.56,食品
U01183,ORD_U01183_001,2024-04-28,46.26,服饰
U01183,ORD_U01183_002,2024-07-15,71.46,服饰
U01183,ORD_U01183_003,2024-11-18,51.29,美妆
U01184,ORD_U01184_000,2023-07-06,686.98,美妆
U01184,ORD_U01184_001,2023-07-13,727.9,美妆
U01184,ORD_U01184_004,2023-08-12,201.59,美妆
U01184,ORD_U01184_003,2023-08-14,675.8,服饰
U01184,ORD_U01184_002,2023-09-03,253.37,食品
U01184,ORD_U01184_007,2023-10-02,206.73,家居
U01184,ORD_U01184_013,2023-10-05,269.81,家居
U01184,ORD_U01184_012,2023-10-15,379.12,家居
U01184,ORD_U01184_016,2023-11-25,376.34,家居
U01184,ORD_U01184_021,2023-12-07,470.09,数码
U01184,ORD_U01184_010,2023-12-12,363.82,食品
U01184,ORD_U01184_005,2023-12-15,491.02,食品
U01184,ORD_U01184_006,2023-12-15,497.56,数码
U01184,ORD_U01184_019,2023-12-16,592.62,数码
U01184,ORD_U01184_023,2024-01-15,404.71,美妆
U01184,ORD_U01184_008,2024-01-22,306.58,服饰
U01184,ORD_U01184_009,2024-02-06,515.5,服饰
U01184,ORD_U01184_029,2024-02-10,281.42,食品
U01184,ORD_U01184_033,2024-02-27,187.27,美妆
U01184,ORD_U01184_017,2024-03-04,500.96,数码
U01184,ORD_U01184_020,2024-03-29,695.52,美妆
U01184,ORD_U01184_025,2024-04-07,373.89,家居
U01184,ORD_U01184_031,2024-04-28,328.16,家居
U01184,ORD_U01184_042,2024-05-01,426.19,食品
U01184,ORD_U01184_011,2024-05-15,585.98,美妆
U01184,ORD_U01184_022,2024-05-16,565.96,数码
U01184,ORD_U01184_015,2024-06-17,336.85,服饰
U01184,ORD_U01184_032,2024-07-23,222.83,美妆
U01184,ORD_U01184_043,2024-08-27,683.88,数码
U01184,ORD_U01184_014,2024-09-02,461.02,服饰
U01184,ORD_U01184_030,2024-10-14,256.05,数码
U01184,ORD_U01184_018,2024-11-30,327.28,食品
U01184,ORD_U01184_026,2024-12-19,233.32,数码
U01184,ORD_U01184_039,2025-01-06,275.29,数码
U01184,ORD_U01184_034,2025-03-31,242.91,数码
U01184,ORD_U01184_041,2025-04-17,614.08,服饰
U01184,ORD_U01184_024,2025-05-07,332.1,食品
U01184,ORD_U01184_027,2025-06-19,500.51,食品
U01184,ORD_U01184_028,2025-06-29,727.3,美妆
U01184,ORD_U01184_038,2025-10-03,389.44,数码
U01184,ORD_U01184_045,2025-12-13,357.08,食品
U01184,ORD_U01184_037,2026-02-11,601.24,美妆
U01184,ORD_U01184_035,2026-02-25,319.73,食品
U01184,ORD_U01184_036,2026-04-03,193.99,家居
U01184,ORD_U01184_040,2026-08-04,291.82,服饰
U01184,ORD_U01184_044,2027-02-26,473.96,食品
U01185,ORD_U01185_000,2023-07-08,133.79,食品
U01185,ORD_U01185_003,2023-10-20,82.81,家居
U01185,ORD_U01185_001,2023-10-26,89.57,家居
U01185,ORD_U01185_002,2023-10-29,65.38,美妆
U01186,ORD_U01186_000,2024-07-31,130.66,食品
U01186,ORD_U01186_001,2024-09-08,119.33,服饰
U01187,ORD_U01187_000,2023-10-06,191.04,美妆
U01187,ORD_U01187_001,2023-11-21,117.18,家居
U01187,ORD_U01187_002,2023-12-03,286.0,食品
U01187,ORD_U01187_003,2023-12-05,283.91,家居
U01187,ORD_U01187_004,2023-12-14,265.9,数码
U01187,ORD_U01187_005,2023-12-16,146.56,数码
U01187,ORD_U01187_006,2024-02-02,292.62,食品
U01187,ORD_U01187_007,2024-05-13,274.5,家居
U01187,ORD_U01187_008,2024-08-26,202.49,家居
U01187,ORD_U01187_009,2024-09-02,243.89,家居
U01188,ORD_U01188_000,2024-07-28,817.03,食品
U01188,ORD_U01188_003,2024-08-11,566.95,美妆
U01188,ORD_U01188_001,2024-08-17,382.9,食品
U01188,ORD_U01188_006,2024-08-30,792.57,家居
U01188,ORD_U01188_002,2024-09-12,313.38,食品
U01188,ORD_U01188_004,2024-09-20,821.13,服饰
U01188,ORD_U01188_005,2024-10-08,391.09,美妆
U01188,ORD_U01188_008,2024-10-14,359.47,美妆
U01188,ORD_U01188_009,2024-11-13,421.01,美妆
U01188,ORD_U01188_011,2024-11-16,783.13,食品
U01188,ORD_U01188_014,2024-11-27,313.26,家居
U01188,ORD_U01188_013,2024-11-30,732.77,家居
U01188,ORD_U01188_012,2025-01-09,547.51,数码
U01188,ORD_U01188_018,2025-01-30,729.15,家居
U01188,ORD_U01188_007,2025-02-05,811.11,家居
U01188,ORD_U01188_020,2025-02-17,631.97,美妆
U01188,ORD_U01188_015,2025-03-15,437.17,服饰
U01188,ORD_U01188_034,2025-03-21,423.84,服饰
U01188,ORD_U01188_010,2025-04-21,750.28,数码
U01188,ORD_U01188_016,2025-05-16,244.92,食品
U01188,ORD_U01188_024,2025-05-17,610.6,服饰
U01188,ORD_U01188_023,2025-05-22,589.85,家居
U01188,ORD_U01188_030,2025-05-31,342.62,美妆
U01188,ORD_U01188_032,2025-06-05,623.64,食品
U01188,ORD_U01188_017,2025-06-15,730.62,食品
U01188,ORD_U01188_025,2025-09-21,603.67,家居
U01188,ORD_U01188_028,2025-12-17,595.65,食品
U01188,ORD_U01188_026,2025-12-21,420.56,美妆
U01188,ORD_U01188_033,2025-12-29,599.13,数码
U01188,ORD_U01188_019,2026-02-11,739.56,数码
U01188,ORD_U01188_022,2026-03-23,698.83,美妆
U01188,ORD_U01188_021,2026-04-06,500.96,食品
U01188,ORD_U01188_027,2026-05-29,567.73,家居
U01188,ORD_U01188_031,2026-07-18,426.07,服饰
U01188,ORD_U01188_029,2026-12-23,864.22,美妆
U01189,ORD_U01189_000,2023-11-10,715.58,数码
U01189,ORD_U01189_002,2023-12-11,445.41,数码
U01189,ORD_U01189_001,2023-12-28,410.26,美妆
U01189,ORD_U01189_005,2024-01-29,575.57,数码
U01189,ORD_U01189_003,2024-02-03,793.71,家居
U01189,ORD_U01189_004,2024-02-22,272.11,食品
U01189,ORD_U01189_006,2024-06-25,699.77,美妆
U01189,ORD_U01189_007,2024-09-23,893.07,美妆
U01190,ORD_U01190_000,2025-02-04,59.66,数码
U01190,ORD_U01190_001,2025-04-28,58.27,服饰
U01191,ORD_U01191_000,2023-09-10,34.25,数码
U01191,ORD_U01191_001,2023-09-11,40.42,服饰
U01192,ORD_U01192_000,2024-09-26,258.05,食品
U01192,ORD_U01192_001,2024-11-06,197.35,数码
U01192,ORD_U01192_002,2025-02-07,109.4,食品
U01192,ORD_U01192_003,2025-02-24,314.64,服饰
U01193,ORD_U01193_000,2023-03-07,78.56,服饰
U01193,ORD_U01193_001,2023-04-06,61.65,美妆
U01193,ORD_U01193_002,2023-05-10,141.85,美妆
U01194,ORD_U01194_000,2023-08-27,73.09,食品
U01194,ORD_U01194_001,2023-09-22,46.36,数码
U01194,ORD_U01194_003,2023-11-05,63.98,服饰
U01194,ORD_U01194_002,2023-12-27,80.92,美妆
U01195,ORD_U01195_000,2024-10-27,287.24,服饰
U01195,ORD_U01195_001,2024-11-09,419.1,食品
U01195,ORD_U01195_002,2024-12-28,406.54,美妆
U01195,ORD_U01195_007,2025-02-28,266.06,美妆
U01195,ORD_U01195_003,2025-04-03,296.63,服饰
U01195,ORD_U01195_006,2025-04-18,340.45,家居
U01195,ORD_U01195_004,2025-06-25,398.04,数码
U01195,ORD_U01195_005,2025-07-28,307.45,家居
U01195,ORD_U01195_009,2025-12-12,467.9,数码
U01195,ORD_U01195_008,2025-12-17,490.95,食品
U01196,ORD_U01196_000,2023-01-30,546.96,食品
U01196,ORD_U01196_001,2023-03-12,574.05,服饰
U01196,ORD_U01196_004,2023-04-07,504.54,服饰
U01196,ORD_U01196_002,2023-04-26,867.62,美妆
U01196,ORD_U01196_003,2023-05-01,930.91,家居
U01196,ORD_U01196_006,2023-06-17,783.8,食品
U01196,ORD_U01196_011,2023-07-16,763.08,美妆
U01196,ORD_U01196_010,2023-08-04,897.99,服饰
U01196,ORD_U01196_005,2023-09-13,751.85,服饰
U01196,ORD_U01196_009,2023-09-29,368.88,食品
U01196,ORD_U01196_008,2023-12-29,584.39,食品
U01196,ORD_U01196_007,2023-12-31,315.64,食品
U01196,ORD_U01196_014,2024-02-16,457.92,服饰
U01196,ORD_U01196_012,2024-04-08,949.17,食品
U01196,ORD_U01196_013,2024-06-01,653.77,数码
U01196,ORD_U01196_015,2024-08-10,935.69,家居
U01197,ORD_U01197_000,2024-05-31,152.88,数码
U01197,ORD_U01197_001,2024-07-14,261.69,服饰
U01197,ORD_U01197_002,2024-07-17,478.7,食品
U01197,ORD_U01197_003,2024-09-15,371.91,食品
U01197,ORD_U01197_005,2024-11-06,337.79,食品
U01197,ORD_U01197_007,2024-11-11,163.56,服饰
U01197,ORD_U01197_004,2024-12-27,226.42,服饰
U01197,ORD_U01197_006,2025-01-18,501.1,美妆
U01198,ORD_U01198_000,2024-01-06,63.63,数码
U01198,ORD_U01198_001,2024-05-13,189.38,家居
U01198,ORD_U01198_003,2024-06-11,177.35,家居
U01198,ORD_U01198_002,2024-08-01,155.27,食品
U01199,ORD_U01199_000,2024-01-18,37.31,食品
U01199,ORD_U01199_001,2024-03-07,107.76,服饰
U01200,ORD_U01200_000,2023-10-08,181.05,服饰
U01200,ORD_U01200_001,2023-10-22,151.1,美妆
U01200,ORD_U01200_003,2023-11-16,191.61,食品
U01200,ORD_U01200_004,2023-12-14,78.82,家居
U01200,ORD_U01200_002,2024-01-09,75.68,美妆
U01201,ORD_U01201_000,2024-02-08,73.31,美妆
U01201,ORD_U01201_001,2024-05-16,35.22,食品
U01202,ORD_U01202_000,2023-02-26,199.0,食品
U01202,ORD_U01202_001,2023-05-16,103.36,美妆
U01202,ORD_U01202_002,2023-08-25,80.11,食品
U01202,ORD_U01202_003,2023-11-06,126.19,美妆
U01203,ORD_U01203_000,2023-09-04,323.13,美妆
U01203,ORD_U01203_001,2023-10-17,340.89,美妆
U01203,ORD_U01203_003,2023-11-04,207.82,家居
U01203,ORD_U01203_002,2023-12-03,320.56,服饰
U01203,ORD_U01203_006,2024-02-10,210.43,服饰
U01203,ORD_U01203_004,2024-02-23,170.73,美妆
U01203,ORD_U01203_008,2024-03-02,381.27,美妆
U01203,ORD_U01203_010,2024-04-02,156.91,服饰
U01203,ORD_U01203_013,2024-04-04,527.99,美妆
U01203,ORD_U01203_005,2024-04-10,530.07,食品
U01203,ORD_U01203_007,2024-06-11,529.12,美妆
U01203,ORD_U01203_011,2024-06-12,235.59,服饰
U01203,ORD_U01203_014,2024-11-06,456.09,服饰
U01203,ORD_U01203_009,2024-11-10,240.65,数码
U01203,ORD_U01203_015,2024-11-22,184.51,家居
U01203,ORD_U01203_012,2025-02-12,366.73,家居
U01203,ORD_U01203_017,2025-03-10,508.84,食品
U01203,ORD_U01203_016,2025-08-23,534.05,美妆
U01204,ORD_U01204_000,2024-11-30,56.23,家居
U01205,ORD_U01205_000,2023-08-18,306.38,美妆
U01205,ORD_U01205_001,2023-09-11,539.75,美妆
U01205,ORD_U01205_003,2023-09-29,365.16,食品
U01205,ORD_U01205_005,2023-10-21,295.5,数码
U01205,ORD_U01205_002,2023-10-28,274.08,数码
U01205,ORD_U01205_004,2023-12-11,566.07,数码
U01205,ORD_U01205_010,2023-12-26,456.61,食品
U01205,ORD_U01205_006,2024-01-05,619.09,食品
U01205,ORD_U01205_013,2024-01-20,210.11,服饰
U01205,ORD_U01205_012,2024-02-04,598.33,食品
U01205,ORD_U01205_008,2024-02-12,228.86,服饰
U01205,ORD_U01205_007,2024-02-18,410.07,家居
U01205,ORD_U01205_015,2024-02-18,430.11,食品
U01205,ORD_U01205_009,2024-03-04,614.64,美妆
U01205,ORD_U01205_011,2024-03-07,533.81,家居
U01205,ORD_U01205_029,2024-04-04,158.7,美妆
U01205,ORD_U01205_017,2024-04-28,506.49,美妆
U01205,ORD_U01205_018,2024-05-17,563.41,美妆
U01205,ORD_U01205_024,2024-05-29,563.64,数码
U01205,ORD_U01205_026,2024-06-27,404.78,食品
U01205,ORD_U01205_031,2024-08-14,195.28,数码
U01205,ORD_U01205_038,2024-08-19,380.36,数码
U01205,ORD_U01205_028,2024-08-23,220.37,家居
U01205,ORD_U01205_021,2024-09-14,512.88,数码
U01205,ORD_U01205_016,2024-09-20,356.44,家居
U01205,ORD_U01205_014,2024-10-12,559.81,食品
U01205,ORD_U01205_020,2024-11-01,349.41,家居
U01205,ORD_U01205_019,2024-11-15,507.28,家居
U01205,ORD_U01205_035,2024-12-02,436.18,美妆
U01205,ORD_U01205_034,2025-01-12,584.58,数码
U01205,ORD_U01205_039,2025-01-30,290.99,数码
U01205,ORD_U01205_022,2025-02-15,392.98,数码
U01205,ORD_U01205_041,2025-04-21,395.29,数码
U01205,ORD_U01205_046,2025-05-03,618.48,家居
U01205,ORD_U01205_023,2025-05-30,277.8,服饰
U01205,ORD_U01205_027,2025-05-30,497.43,食品
U01205,ORD_U01205_033,2025-06-20,547.73,美妆
U01205,ORD_U01205_043,2025-07-20,223.06,美妆
U01205,ORD_U01205_025,2025-08-07,456.11,数码
U01205,ORD_U01205_032,2025-09-30,486.56,食品
U01205,ORD_U01205_030,2025-10-20,403.73,服饰
U01205,ORD_U01205_047,2025-11-07,386.49,食品
U01205,ORD_U01205_037,2026-01-23,258.65,家居
U01205,ORD_U01205_036,2026-05-02,285.57,食品
U01205,ORD_U01205_042,2026-05-25,539.12,食品
U01205,ORD_U01205_045,2026-06-17,411.46,家居
U01205,ORD_U01205_048,2026-07-27,196.55,美妆
U01205,ORD_U01205_040,2026-10-31,606.97,服饰
U01205,ORD_U01205_044,2027-02-11,365.62,美妆
U01206,ORD_U01206_000,2023-04-12,135.54,食品
U01207,ORD_U01207_000,2024-10-16,222.11,数码
U01207,ORD_U01207_001,2024-11-17,227.51,美妆
U01207,ORD_U01207_002,2024-12-22,111.26,美妆
U01207,ORD_U01207_006,2025-02-11,156.14,家居
U01207,ORD_U01207_004,2025-02-27,329.17,食品
U01207,ORD_U01207_003,2025-03-13,305.37,食品
U01207,ORD_U01207_005,2025-03-27,149.7,数码
U01208,ORD_U01208_000,2024-01-07,29.37,数码
U01209,ORD_U01209_000,2023-03-04,112.31,美妆
U01209,ORD_U01209_001,2023-05-20,76.25,食品
U01209,ORD_U01209_002,2023-07-03,55.1,食品
U01209,ORD_U01209_003,2023-09-08,109.19,服饰
U01210,ORD_U01210_000,2023-07-11,50.07,服饰
U01211,ORD_U01211_000,2024-01-12,379.68,服饰
U01211,ORD_U01211_002,2024-02-16,241.73,家居
U01211,ORD_U01211_001,2024-03-05,179.58,服饰
U01211,ORD_U01211_003,2024-04-27,373.13,食品
U01211,ORD_U01211_004,2024-05-31,295.74,食品
U01211,ORD_U01211_005,2024-06-11,276.04,美妆
U01211,ORD_U01211_006,2024-08-21,381.03,食品
U01211,ORD_U01211_007,2024-10-05,260.27,食品
U01211,ORD_U01211_008,2025-03-31,419.88,家居
U01212,ORD_U01212_000,2024-03-23,22.72,服饰
U01212,ORD_U01212_001,2024-06-06,60.07,数码
U01213,ORD_U01213_000,2024-04-30,204.41,服饰
U01213,ORD_U01213_001,2024-06-01,166.75,服饰
U01213,ORD_U01213_002,2024-08-26,133.59,家居
U01214,ORD_U01214_000,2023-08-22,70.2,家居
U01215,ORD_U01215_000,2024-08-16,156.02,美妆
U01215,ORD_U01215_001,2024-10-13,94.44,数码
U01215,ORD_U01215_003,2024-12-04,132.92,数码
U01215,ORD_U01215_002,2024-12-24,161.06,家居
U01216,ORD_U01216_001,2023-12-28,174.63,美妆
U01216,ORD_U01216_000,2024-01-04,351.27,家居
U01216,ORD_U01216_004,2024-01-31,151.7,家居
U01216,ORD_U01216_002,2024-02-04,193.49,美妆
U01216,ORD_U01216_003,2024-05-10,131.4,食品
U01216,ORD_U01216_005,2024-08-14,127.61,美妆
U01216,ORD_U01216_006,2024-11-15,183.67,美妆
U01216,ORD_U01216_008,2024-12-04,146.12,食品
U01216,ORD_U01216_007,2025-02-05,104.56,数码
U01217,ORD_U01217_000,2024-12-04,19.06,食品
U01217,ORD_U01217_001,2025-02-07,26.07,数码
U01218,ORD_U01218_000,2023-12-28,49.0,食品
U01218,ORD_U01218_001,2024-01-29,150.68,服饰
U01218,ORD_U01218_002,2024-01-29,156.38,数码
U01219,ORD_U01219_000,2024-04-15,98.24,家居
U01219,ORD_U01219_001,2024-09-26,74.78,服饰
U01220,ORD_U01220_000,2024-10-16,166.9,服饰
U01220,ORD_U01220_001,2024-11-19,91.67,数码
U01220,ORD_U01220_002,2025-02-20,141.29,数码
U01221,ORD_U01221_000,2024-03-23,2313.91,服饰
U01221,ORD_U01221_002,2024-04-14,1445.54,服饰
U01221,ORD_U01221_001,2024-04-21,804.25,食品
U01221,ORD_U01221_005,2024-05-04,2684.42,美妆
U01221,ORD_U01221_003,2024-05-27,768.25,家居
U01221,ORD_U01221_007,2024-06-14,1184.45,服饰
U01221,ORD_U01221_004,2024-06-20,1189.95,美妆
U01221,ORD_U01221_013,2024-07-18,1243.26,美妆
U01221,ORD_U01221_006,2024-07-30,2615.04,数码
U01221,ORD_U01221_009,2024-09-03,1889.18,数码
U01221,ORD_U01221_021,2024-09-03,1261.52,家居
U01221,ORD_U01221_024,2024-09-14,1217.32,美妆
U01221,ORD_U01221_015,2024-09-23,800.82,服饰
U01221,ORD_U01221_030,2024-11-04,1162.52,数码
U01221,ORD_U01221_017,2024-11-17,2191.19,数码
U01221,ORD_U01221_012,2024-11-18,2464.68,食品
U01221,ORD_U01221_018,2024-11-18,1534.8,数码
U01221,ORD_U01221_011,2024-11-28,896.26,服饰
U01221,ORD_U01221_022,2024-12-01,1334.57,家居
U01221,ORD_U01221_010,2024-12-03,1146.33,美妆
U01221,ORD_U01221_008,2024-12-13,2391.48,食品
U01221,ORD_U01221_027,2025-01-05,2371.39,数码
U01221,ORD_U01221_014,2025-01-25,2229.87,食品
U01221,ORD_U01221_032,2025-03-01,705.66,家居
U01221,ORD_U01221_039,2025-03-30,2033.97,食品
U01221,ORD_U01221_019,2025-04-02,2061.68,服饰
U01221,ORD_U01221_016,2025-04-09,2342.05,食品
U01221,ORD_U01221_023,2025-05-15,2044.15,家居
U01221,ORD_U01221_020,2025-05-22,2000.89,美妆
U01221,ORD_U01221_040,2025-06-23,916.56,家居
U01221,ORD_U01221_043,2025-10-01,2557.81,美妆
U01221,ORD_U01221_025,2025-10-27,2506.02,数码
U01221,ORD_U01221_029,2026-01-06,1346.08,数码
U01221,ORD_U01221_026,2026-03-15,1324.68,数码
U01221,ORD_U01221_037,2026-04-02,807.28,家居
U01221,ORD_U01221_031,2026-05-19,2185.65,数码
U01221,ORD_U01221_028,2026-06-24,1229.54,服饰
U01221,ORD_U01221_033,2026-07-22,1265.09,食品
U01221,ORD_U01221_035,2026-07-27,773.85,食品
U01221,ORD_U01221_038,2026-10-07,796.81,家居
U01221,ORD_U01221_034,2026-11-22,809.47,数码
U01221,ORD_U01221_036,2027-02-12,1969.73,数码
U01221,ORD_U01221_041,2027-04-17,2493.06,服饰
U01221,ORD_U01221_042,2027-05-07,2019.62,美妆
U01221,ORD_U01221_044,2027-09-23,2553.92,数码
U01222,ORD_U01222_000,2023-05-02,142.98,食品
U01222,ORD_U01222_003,2023-08-21,109.23,美妆
U01222,ORD_U01222_001,2023-09-15,106.79,食品
U01222,ORD_U01222_002,2023-09-28,46.8,数码
U01223,ORD_U01223_000,2024-07-18,428.81,美妆
U01223,ORD_U01223_001,2024-09-26,299.63,数码
U01223,ORD_U01223_002,2024-11-21,341.89,数码
U01223,ORD_U01223_003,2025-01-14,293.21,服饰
U01224,ORD_U01224_000,2023-06-04,204.25,数码
U01224,ORD_U01224_001,2023-06-07,407.13,服饰
U01224,ORD_U01224_002,2023-06-08,346.47,数码
U01224,ORD_U01224_003,2023-07-22,350.79,数码
U01224,ORD_U01224_004,2023-08-03,492.37,服饰
U01224,ORD_U01224_005,2023-09-25,435.32,美妆
U01224,ORD_U01224_006,2023-09-30,233.05,美妆
U01224,ORD_U01224_007,2023-10-16,552.07,数码
U01224,ORD_U01224_010,2023-10-30,299.14,数码
U01224,ORD_U01224_011,2023-11-07,572.79,食品
U01224,ORD_U01224_008,2023-11-29,562.18,家居
U01224,ORD_U01224_015,2023-12-14,559.27,食品
U01224,ORD_U01224_016,2024-04-02,230.64,美妆
U01224,ORD_U01224_009,2024-04-03,281.0,美妆
U01224,ORD_U01224_014,2024-06-16,627.33,数码
U01224,ORD_U01224_012,2024-06-22,562.31,食品
U01224,ORD_U01224_013,2025-01-07,221.27,家居
U01225,ORD_U01225_000,2024-02-01,116.92,食品
U01225,ORD_U01225_001,2024-03-30,56.77,家居
U01225,ORD_U01225_002,2024-04-26,107.44,服饰
U01226,ORD_U01226_001,2024-08-01,80.19,家居
U01226,ORD_U01226_000,2024-09-03,44.15,美妆
U01226,ORD_U01226_002,2024-10-17,47.58,家居
U01226,ORD_U01226_003,2024-12-16,85.26,食品
U01227,ORD_U01227_001,2024-03-10,463.23,美妆
U01227,ORD_U01227_000,2024-03-13,323.55,服饰
U01227,ORD_U01227_002,2024-04-23,310.57,服饰
U01227,ORD_U01227_003,2024-05-18,1046.58,食品
U01227,ORD_U01227_005,2024-06-29,1089.18,服饰
U01227,ORD_U01227_006,2024-07-02,672.3,美妆
U01227,ORD_U01227_004,2024-08-11,389.16,美妆
U01227,ORD_U01227_009,2024-08-16,647.62,数码
U01227,ORD_U01227_012,2024-09-10,865.83,美妆
U01227,ORD_U01227_008,2024-10-21,718.52,数码
U01227,ORD_U01227_007,2024-11-13,460.46,服饰
U01227,ORD_U01227_011,2024-11-28,293.97,服饰
U01227,ORD_U01227_010,2025-02-25,539.46,数码
U01228,ORD_U01228_000,2024-05-08,278.82,服饰
U01228,ORD_U01228_002,2024-06-11,903.63,数码
U01228,ORD_U01228_001,2024-06-16,523.03,服饰
U01228,ORD_U01228_003,2024-07-14,360.78,美妆
U01228,ORD_U01228_005,2024-09-23,981.73,家居
U01228,ORD_U01228_008,2024-10-13,401.91,家居
U01228,ORD_U01228_006,2024-10-15,932.52,美妆
U01228,ORD_U01228_004,2024-11-07,1012.89,服饰
U01228,ORD_U01228_015,2025-01-25,315.98,美妆
U01228,ORD_U01228_007,2025-02-05,548.59,数码
U01228,ORD_U01228_009,2025-04-27,485.88,家居
U01228,ORD_U01228_011,2025-06-10,666.3,数码
U01228,ORD_U01228_010,2025-06-23,331.19,美妆
U01228,ORD_U01228_012,2025-07-07,793.12,家居
U01228,ORD_U01228_013,2025-08-20,443.65,服饰
U01228,ORD_U01228_014,2025-11-13,982.56,服饰
U01229,ORD_U01229_000,2024-10-27,155.13,食品
U01230,ORD_U01230_000,2024-04-13,343.33,家居
U01230,ORD_U01230_001,2024-05-04,600.82,服饰
U01230,ORD_U01230_003,2024-05-13,505.74,食品
U01230,ORD_U01230_002,2024-06-22,586.49,美妆
U01230,ORD_U01230_004,2024-07-21,478.33,食品
U01230,ORD_U01230_005,2024-08-03,362.3,美妆
U01230,ORD_U01230_009,2024-09-05,182.98,家居
U01230,ORD_U01230_008,2024-09-26,155.29,食品
U01230,ORD_U01230_007,2024-10-21,437.92,家居
U01230,ORD_U01230_006,2024-12-01,556.2,服饰
U01230,ORD_U01230_011,2025-06-07,370.63,数码
U01230,ORD_U01230_010,2025-06-16,253.66,食品
U01231,ORD_U01231_000,2023-05-10,149.99,美妆
U01231,ORD_U01231_002,2023-07-05,56.43,家居
U01231,ORD_U01231_001,2023-07-24,74.0,美妆
U01231,ORD_U01231_003,2023-11-03,130.45,数码
U01232,ORD_U01232_000,2024-06-03,36.95,家居
U01233,ORD_U01233_001,2023-05-26,128.46,家居
U01233,ORD_U01233_000,2023-06-12,195.13,美妆
U01233,ORD_U01233_002,2023-06-20,137.02,美妆
U01233,ORD_U01233_004,2023-08-13,172.93,食品
U01233,ORD_U01233_007,2023-10-11,154.33,美妆
U01233,ORD_U01233_003,2023-10-18,101.38,美妆
U01233,ORD_U01233_005,2023-10-31,117.92,食品
U01233,ORD_U01233_006,2024-02-18,108.22,家居
U01234,ORD_U01234_000,2023-03-07,265.87,家居
U01234,ORD_U01234_001,2023-03-28,338.72,服饰
U01234,ORD_U01234_002,2023-05-09,195.46,服饰
U01234,ORD_U01234_003,2023-06-11,204.19,服饰
U01234,ORD_U01234_007,2023-08-20,182.48,美妆
U01234,ORD_U01234_006,2023-09-08,329.33,服饰
U01234,ORD_U01234_004,2023-10-24,252.83,家居
U01234,ORD_U01234_005,2023-11-18,207.23,数码
U01234,ORD_U01234_008,2024-03-07,289.76,食品
U01235,ORD_U01235_000,2024-03-21,93.7,食品
U01236,ORD_U01236_001,2023-12-24,214.15,美妆
U01236,ORD_U01236_000,2023-12-25,250.28,家居
U01236,ORD_U01236_002,2024-01-10,244.48,美妆
U01236,ORD_U01236_004,2024-04-30,355.42,食品
U01236,ORD_U01236_003,2024-05-12,260.44,美妆
U01236,ORD_U01236_005,2024-07-04,250.85,食品
U01237,ORD_U01237_000,2024-02-22,75.12,美妆
U01238,ORD_U01238_000,2023-08-17,199.92,数码
U01238,ORD_U01238_001,2023-09-05,194.17,家居
U01238,ORD_U01238_002,2023-10-12,168.59,美妆
U01239,ORD_U01239_000,2023-09-07,36.42,美妆
U01239,ORD_U01239_001,2023-10-01,44.88,服饰
U01240,ORD_U01240_000,2024-06-11,368.81,食品
U01240,ORD_U01240_001,2024-08-05,143.71,数码
U01240,ORD_U01240_002,2024-08-08,462.03,食品
U01241,ORD_U01241_000,2023-11-01,167.59,食品
U01241,ORD_U01241_001,2024-01-16,113.18,美妆
U01241,ORD_U01241_003,2024-03-03,157.52,家居
U01241,ORD_U01241_004,2024-03-12,311.92,家居
U01241,ORD_U01241_002,2024-03-18,194.0,服饰
U01241,ORD_U01241_006,2024-05-11,84.17,家居
U01241,ORD_U01241_005,2024-08-17,286.14,服饰
U01242,ORD_U01242_000,2023-06-02,52.19,家居
U01243,ORD_U01243_000,2023-06-10,90.84,家居
U01243,ORD_U01243_001,2023-06-22,87.68,家居
U01243,ORD_U01243_002,2023-11-24,101.97,数码
U01244,ORD_U01244_000,2023-09-06,129.96,食品
U01244,ORD_U01244_001,2023-10-09,200.05,服饰
U01245,ORD_U01245_001,2023-01-30,1626.24,美妆
U01245,ORD_U01245_000,2023-02-03,1447.35,数码
U01245,ORD_U01245_002,2023-03-17,972.19,家居
U01245,ORD_U01245_006,2023-03-19,1115.8,美妆
U01245,ORD_U01245_004,2023-04-09,816.58,食品
U01245,ORD_U01245_005,2023-04-13,1807.59,数码
U01245,ORD_U01245_003,2023-04-29,905.94,食品
U01245,ORD_U01245_013,2023-05-09,1455.18,家居
U01245,ORD_U01245_012,2023-05-29,1316.22,服饰
U01245,ORD_U01245_007,2023-07-10,912.72,数码
U01245,ORD_U01245_009,2023-08-15,1393.52,美妆
U01245,ORD_U01245_008,2023-08-29,1611.46,食品
U01245,ORD_U01245_030,2023-08-31,1589.48,食品
U01245,ORD_U01245_027,2023-09-03,987.88,家居
U01245,ORD_U01245_029,2023-09-03,1488.94,美妆
U01245,ORD_U01245_034,2023-09-26,1124.22,服饰
U01245,ORD_U01245_021,2023-10-04,681.25,服饰
U01245,ORD_U01245_010,2023-10-13,586.71,服饰
U01245,ORD_U01245_036,2023-10-18,1526.14,美妆
U01245,ORD_U01245_026,2023-11-18,1205.61,美妆
U01245,ORD_U01245_016,2023-11-29,1652.91,服饰
U01245,ORD_U01245_014,2023-12-01,1383.52,服饰
U01245,ORD_U01245_023,2023-12-04,1690.53,美妆
U01245,ORD_U01245_011,2023-12-07,1395.14,食品
U01245,ORD_U01245_018,2023-12-30,617.12,食品
U01245,ORD_U01245_019,2024-01-15,1845.91,家居
U01245,ORD_U01245_015,2024-01-28,491.14,美妆
U01245,ORD_U01245_022,2024-01-30,528.36,服饰
U01245,ORD_U01245_020,2024-02-29,1695.93,美妆
U01245,ORD_U01245_017,2024-04-04,855.76,家居
U01245,ORD_U01245_024,2024-06-23,788.41,数码
U01245,ORD_U01245_032,2024-06-25,890.45,美妆
U01245,ORD_U01245_033,2024-07-05,523.08,数码
U01245,ORD_U01245_038,2024-08-20,499.81,服饰
U01245,ORD_U01245_025,2024-10-28,725.16,美妆
U01245,ORD_U01245_037,2025-02-06,1674.32,食品
U01245,ORD_U01245_028,2025-03-09,1819.29,家居
U01245,ORD_U01245_031,2025-07-03,560.28,服饰
U01245,ORD_U01245_035,2025-10-14,1266.29,食品
U01246,ORD_U01246_000,2024-12-17,59.33,食品
U01246,ORD_U01246_002,2025-04-21,93.46,服饰
U01246,ORD_U01246_001,2025-05-11,79.26,服饰
U01247,ORD_U01247_000,2023-11-03,74.23,家居
U01247,ORD_U01247_002,2024-01-03,221.36,服饰
U01247,ORD_U01247_001,2024-02-04,146.48,食品
U01247,ORD_U01247_003,2024-02-09,177.87,服饰
U01247,ORD_U01247_005,2024-02-26,201.12,数码
U01247,ORD_U01247_004,2024-05-26,190.37,食品
U01247,ORD_U01247_009,2024-07-10,72.49,数码
U01247,ORD_U01247_008,2024-07-22,212.24,美妆
U01247,ORD_U01247_006,2024-09-09,235.65,家居
U01247,ORD_U01247_007,2024-11-22,199.56,数码
U01248,ORD_U01248_000,2024-03-26,65.55,服饰
U01248,ORD_U01248_002,2024-03-29,58.77,服饰
U01248,ORD_U01248_001,2024-04-04,44.95,服饰
U01249,ORD_U01249_000,2024-10-31,105.92,数码
U01250,ORD_U01250_000,2024-09-15,111.55,家居
U01251,ORD_U01251_000,2023-11-08,181.43,数码
U01251,ORD_U01251_001,2023-12-06,166.68,家居
U01251,ORD_U01251_002,2023-12-16,316.19,美妆
U01252,ORD_U01252_000,2023-09-21,85.43,美妆
U01252,ORD_U01252_001,2023-11-22,41.15,服饰
U01252,ORD_U01252_002,2024-04-01,90.9,美妆
U01253,ORD_U01253_000,2023-11-11,1674.6,家居
U01253,ORD_U01253_001,2023-11-14,2883.06,家居
U01253,ORD_U01253_005,2023-12-14,2581.06,服饰
U01253,ORD_U01253_003,2023-12-26,2299.09,食品
U01253,ORD_U01253_004,2023-12-28,2121.08,食品
U01253,ORD_U01253_002,2024-01-10,2182.12,数码
U01253,ORD_U01253_009,2024-02-09,769.72,美妆
U01253,ORD_U01253_012,2024-02-10,1794.21,服饰
U01253,ORD_U01253_006,2024-03-05,2890.44,食品
U01253,ORD_U01253_018,2024-03-10,2107.49,数码
U01253,ORD_U01253_007,2024-03-18,1418.59,家居
U01253,ORD_U01253_020,2024-03-21,1641.69,数码
U01253,ORD_U01253_015,2024-03-31,2768.0,服饰
U01253,ORD_U01253_008,2024-04-03,1130.19,服饰
U01253,ORD_U01253_011,2024-05-18,2559.95,美妆
U01253,ORD_U01253_017,2024-05-24,2052.18,食品
U01253,ORD_U01253_013,2024-06-19,1014.38,家居
U01253,ORD_U01253_010,2024-07-01,2366.28,美妆
U01253,ORD_U01253_026,2024-10-15,993.2,食品
U01253,ORD_U01253_014,2024-12-04,1714.34,食品
U01253,ORD_U01253_016,2025-01-04,2588.28,家居
U01253,ORD_U01253_022,2025-01-06,1568.26,美妆
U01253,ORD_U01253_021,2025-04-17,1238.54,美妆
U01253,ORD_U01253_025,2025-05-12,1049.51,服饰
U01253,ORD_U01253_024,2025-05-22,2224.68,数码
U01253,ORD_U01253_019,2025-06-02,2634.27,家居
U01253,ORD_U01253_023,2025-09-13,2902.04,家居
U01254,ORD_U01254_000,2023-12-11,209.37,食品
U01255,ORD_U01255_000,2025-01-03,273.95,食品
U01255,ORD_U01255_001,2025-01-20,475.55,服饰
U01255,ORD_U01255_002,2025-03-28,385.59,食品
U01255,ORD_U01255_003,2025-03-30,335.56,食品
U01255,ORD_U01255_008,2025-04-26,601.56,家居
U01255,ORD_U01255_004,2025-05-05,623.49,服饰
U01255,ORD_U01255_006,2025-05-14,650.65,服饰
U01255,ORD_U01255_007,2025-06-20,310.79,食品
U01255,ORD_U01255_005,2025-06-22,259.26,食品
U01255,ORD_U01255_014,2025-09-14,464.94,数码
U01255,ORD_U01255_013,2025-09-20,641.29,食品
U01255,ORD_U01255_009,2025-10-06,527.45,美妆
U01255,ORD_U01255_011,2025-12-04,249.53,数码
U01255,ORD_U01255_015,2026-01-06,189.07,数码
U01255,ORD_U01255_010,2026-01-24,242.92,家居
U01255,ORD_U01255_019,2026-05-30,410.93,服饰
U01255,ORD_U01255_012,2026-06-20,503.23,数码
U01255,ORD_U01255_016,2026-10-27,613.77,食品
U01255,ORD_U01255_017,2026-12-26,450.96,食品
U01255,ORD_U01255_018,2027-02-15,562.55,美妆
U01256,ORD_U01256_000,2024-06-12,181.28,美妆
U01256,ORD_U01256_001,2024-07-27,204.03,美妆
U01256,ORD_U01256_002,2024-09-13,240.51,服饰
U01256,ORD_U01256_003,2024-11-19,219.43,家居
U01256,ORD_U01256_004,2024-12-23,252.19,服饰
U01256,ORD_U01256_006,2025-02-25,143.91,数码
U01256,ORD_U01256_005,2025-03-22,94.43,食品
U01257,ORD_U01257_001,2023-05-31,404.74,服饰
U01257,ORD_U01257_000,2023-06-07,314.56,数码
U01257,ORD_U01257_002,2023-07-07,780.76,美妆
U01257,ORD_U01257_003,2023-07-09,763.24,食品
U01257,ORD_U01257_005,2023-08-18,942.28,家居
U01257,ORD_U01257_004,2023-08-27,398.96,家居
U01257,ORD_U01257_006,2023-08-30,703.69,美妆
U01257,ORD_U01257_008,2024-01-03,514.81,食品
U01257,ORD_U01257_007,2024-01-28,283.89,食品
U01257,ORD_U01257_010,2024-03-29,393.77,食品
U01257,ORD_U01257_009,2024-07-14,857.83,美妆
U01258,ORD_U01258_000,2024-07-14,54.16,家居
U01258,ORD_U01258_001,2024-10-03,54.0,家居
U01258,ORD_U01258_002,2025-02-03,82.59,服饰
U01258,ORD_U01258_003,2025-03-21,42.57,食品
U01259,ORD_U01259_000,2024-07-16,60.3,服饰
U01259,ORD_U01259_002,2024-09-23,64.21,数码
U01259,ORD_U01259_001,2024-10-09,39.54,美妆
U01259,ORD_U01259_003,2025-03-17,27.3,美妆
U01260,ORD_U01260_000,2023-09-01,49.12,食品
U01260,ORD_U01260_001,2023-10-01,176.58,美妆
U01260,ORD_U01260_002,2023-12-15,79.53,美妆
U01260,ORD_U01260_003,2024-03-11,157.75,美妆
U01261,ORD_U01261_000,2024-07-10,69.68,服饰
U01261,ORD_U01261_001,2024-10-22,63.62,服饰
U01262,ORD_U01262_000,2023-06-10,58.65,数码
U01262,ORD_U01262_001,2023-08-11,49.08,食品
U01263,ORD_U01263_001,2023-02-28,330.13,服饰
U01263,ORD_U01263_000,2023-03-09,868.3,服饰
U01263,ORD_U01263_002,2023-04-18,427.77,美妆
U01263,ORD_U01263_005,2023-04-26,609.15,美妆
U01263,ORD_U01263_003,2023-05-10,581.52,家居
U01263,ORD_U01263_006,2023-06-12,387.98,食品
U01263,ORD_U01263_004,2023-06-15,679.11,家居
U01263,ORD_U01263_007,2023-09-09,862.0,家居
U01263,ORD_U01263_011,2023-09-23,612.46,服饰
U01263,ORD_U01263_010,2023-12-28,484.86,食品
U01263,ORD_U01263_008,2024-03-01,774.32,数码
U01263,ORD_U01263_009,2024-03-09,741.56,食品
U01263,ORD_U01263_012,2024-03-21,461.05,美妆
U01263,ORD_U01263_013,2024-05-24,470.46,食品
U01263,ORD_U01263_014,2024-06-26,587.39,服饰
U01263,ORD_U01263_016,2024-11-14,283.16,数码
U01263,ORD_U01263_015,2024-12-06,649.19,数码
U01263,ORD_U01263_017,2024-12-31,820.56,家居
U01264,ORD_U01264_000,2024-07-14,123.53,数码
U01264,ORD_U01264_001,2024-07-20,94.88,美妆
U01264,ORD_U01264_003,2024-11-19,206.6,服饰
U01264,ORD_U01264_002,2024-12-24,70.25,数码
U01265,ORD_U01265_000,2024-04-14,128.39,食品
U01265,ORD_U01265_001,2024-05-21,194.13,服饰
U01265,ORD_U01265_003,2024-08-30,72.32,食品
U01265,ORD_U01265_002,2024-10-15,183.01,家居
U01266,ORD_U01266_000,2023-03-30,898.17,服饰
U01266,ORD_U01266_001,2023-04-30,1588.97,家居
U01266,ORD_U01266_002,2023-05-14,1335.83,美妆
U01266,ORD_U01266_003,2023-05-20,643.78,服饰
U01266,ORD_U01266_006,2023-07-08,541.93,美妆
U01266,ORD_U01266_004,2023-07-21,695.5,数码
U01266,ORD_U01266_008,2023-07-21,1778.54,食品
U01266,ORD_U01266_019,2023-08-02,651.74,数码
U01266,ORD_U01266_005,2023-08-11,941.1,服饰
U01266,ORD_U01266_013,2023-08-15,1198.11,服饰
U01266,ORD_U01266_017,2023-08-21,1204.75,家居
U01266,ORD_U01266_020,2023-08-23,1425.8,家居
U01266,ORD_U01266_009,2023-09-09,972.71,美妆
U01266,ORD_U01266_007,2023-09-13,550.79,美妆
U01266,ORD_U01266_023,2023-09-25,1301.38,家居
U01266,ORD_U01266_028,2023-09-28,1573.54,家居
U01266,ORD_U01266_015,2023-10-28,852.3,美妆
U01266,ORD_U01266_010,2023-12-14,887.46,家居
U01266,ORD_U01266_018,2024-01-21,851.54,食品
U01266,ORD_U01266_011,2024-02-26,690.36,美妆
U01266,ORD_U01266_012,2024-02-28,963.38,服饰
U01266,ORD_U01266_027,2024-03-03,889.87,数码
U01266,ORD_U01266_016,2024-03-08,996.69,家居
U01266,ORD_U01266_038,2024-03-29,595.37,美妆
U01266,ORD_U01266_014,2024-04-07,812.1,服饰
U01266,ORD_U01266_022,2024-05-23,689.97,食品
U01266,ORD_U01266_021,2024-05-26,987.69,服饰
U01266,ORD_U01266_026,2024-06-24,1123.09,数码
U01266,ORD_U01266_025,2024-11-06,1153.55,数码
U01266,ORD_U01266_024,2024-11-25,1190.29,家居
U01266,ORD_U01266_031,2024-12-25,1002.8,美妆
U01266,ORD_U01266_036,2024-12-31,1700.37,服饰
U01266,ORD_U01266_040,2025-01-07,1010.87,家居
U01266,ORD_U01266_034,2025-01-24,566.9,服饰
U01266,ORD_U01266_030,2025-03-06,1479.1,服饰
U01266,ORD_U01266_037,2025-03-23,1772.02,数码
U01266,ORD_U01266_029,2025-04-08,1630.87,家居
U01266,ORD_U01266_032,2025-07-21,1663.76,数码
U01266,ORD_U01266_039,2025-09-18,997.6,服饰
U01266,ORD_U01266_041,2025-09-23,724.67,家居
U01266,ORD_U01266_035,2025-11-08,1272.28,食品
U01266,ORD_U01266_033,2025-11-11,1383.44,服饰
U01267,ORD_U01267_000,2023-03-25,179.73,数码
U01267,ORD_U01267_001,2023-04-02,416.55,美妆
U01267,ORD_U01267_002,2023-05-02,440.2,家居
U01268,ORD_U01268_000,2024-11-17,246.83,服饰
U01268,ORD_U01268_001,2025-01-24,241.08,美妆
U01268,ORD_U01268_004,2025-02-28,237.64,家居
U01268,ORD_U01268_003,2025-03-17,319.22,家居
U01268,ORD_U01268_002,2025-04-29,302.45,数码
U01268,ORD_U01268_008,2025-05-20,284.11,服饰
U01268,ORD_U01268_005,2025-05-30,261.43,食品
U01268,ORD_U01268_007,2025-06-07,231.44,服饰
U01268,ORD_U01268_006,2025-07-15,270.9,数码
U01269,ORD_U01269_000,2024-05-25,459.68,美妆
U01269,ORD_U01269_001,2024-07-12,544.03,家居
U01269,ORD_U01269_002,2024-08-23,209.67,食品
U01269,ORD_U01269_005,2024-08-24,384.5,美妆
U01269,ORD_U01269_003,2024-08-30,352.77,数码
U01269,ORD_U01269_004,2024-11-01,600.41,服饰
U01269,ORD_U01269_006,2025-01-11,214.52,食品
U01269,ORD_U01269_014,2025-02-09,435.66,家居
U01269,ORD_U01269_010,2025-02-21,629.99,服饰
U01269,ORD_U01269_015,2025-03-16,260.76,家居
U01269,ORD_U01269_011,2025-03-28,293.98,家居
U01269,ORD_U01269_008,2025-04-06,524.55,服饰
U01269,ORD_U01269_009,2025-04-07,237.2,食品
U01269,ORD_U01269_007,2025-04-14,402.66,数码
U01269,ORD_U01269_013,2025-05-19,595.72,家居
U01269,ORD_U01269_016,2025-09-30,506.72,数码
U01269,ORD_U01269_012,2025-11-15,444.35,服饰
U01270,ORD_U01270_000,2024-05-13,129.51,服饰
U01270,ORD_U01270_001,2024-05-20,214.67,数码
U01270,ORD_U01270_002,2024-07-22,459.16,美妆
U01270,ORD_U01270_003,2024-09-03,395.95,家居
U01270,ORD_U01270_005,2024-10-17,365.91,服饰
U01270,ORD_U01270_009,2024-10-30,448.3,美妆
U01270,ORD_U01270_004,2024-11-15,286.11,食品
U01270,ORD_U01270_007,2025-01-04,165.96,数码
U01270,ORD_U01270_008,2025-02-01,327.44,食品
U01270,ORD_U01270_006,2025-03-06,292.81,数码
U01271,ORD_U01271_000,2024-03-08,170.33,数码
U01271,ORD_U01271_001,2024-03-19,361.35,美妆
U01271,ORD_U01271_003,2024-04-20,462.37,服饰
U01271,ORD_U01271_002,2024-04-23,289.71,服饰
U01271,ORD_U01271_006,2024-04-30,176.51,美妆
U01271,ORD_U01271_005,2024-06-08,195.37,食品
U01271,ORD_U01271_004,2024-06-19,603.39,美妆
U01271,ORD_U01271_007,2024-06-29,536.32,美妆
U01271,ORD_U01271_010,2024-07-11,527.15,服饰
U01271,ORD_U01271_008,2024-08-10,268.87,美妆
U01271,ORD_U01271_015,2024-08-26,530.32,食品
U01271,ORD_U01271_011,2024-10-13,530.29,食品
U01271,ORD_U01271_021,2024-11-06,452.86,服饰
U01271,ORD_U01271_009,2024-11-29,199.36,数码
U01271,ORD_U01271_014,2024-11-30,621.04,家居
U01271,ORD_U01271_019,2024-12-02,296.19,家居
U01271,ORD_U01271_018,2024-12-20,270.95,家居
U01271,ORD_U01271_013,2025-01-31,384.39,家居
U01271,ORD_U01271_012,2025-02-03,392.41,家居
U01271,ORD_U01271_022,2025-04-02,585.31,食品
U01271,ORD_U01271_025,2025-06-18,559.1,数码
U01271,ORD_U01271_016,2025-07-02,161.87,家居
U01271,ORD_U01271_017,2025-07-06,362.82,食品
U01271,ORD_U01271_024,2025-08-08,198.09,美妆
U01271,ORD_U01271_027,2025-08-10,578.41,服饰
U01271,ORD_U01271_020,2025-09-13,398.45,食品
U01271,ORD_U01271_023,2025-11-03,480.49,食品
U01271,ORD_U01271_026,2026-01-14,598.25,数码
U01272,ORD_U01272_000,2023-07-14,87.61,数码
U01273,ORD_U01273_000,2023-11-07,195.06,服饰
U01273,ORD_U01273_001,2023-12-06,384.57,美妆
U01273,ORD_U01273_004,2024-02-17,226.76,家居
U01273,ORD_U01273_002,2024-02-27,432.99,数码
U01273,ORD_U01273_003,2024-04-03,151.72,食品
U01274,ORD_U01274_000,2024-02-17,76.44,数码
U01274,ORD_U01274_001,2024-04-05,227.58,数码
U01274,ORD_U01274_003,2024-06-14,111.56,服饰
U01274,ORD_U01274_002,2024-07-12,102.13,家居
U01274,ORD_U01274_004,2024-10-24,111.58,美妆
U01275,ORD_U01275_000,2023-04-19,104.39,食品
U01276,ORD_U01276_000,2023-10-18,86.46,美妆
U01277,ORD_U01277_000,2024-07-20,229.33,美妆
U01277,ORD_U01277_001,2024-08-16,349.21,家居
U01277,ORD_U01277_002,2024-09-04,414.09,美妆
U01278,ORD_U01278_000,2023-10-24,16.66,家居
U01278,ORD_U01278_001,2024-01-25,24.99,食品
U01278,ORD_U01278_002,2024-04-01,62.75,数码
U01278,ORD_U01278_003,2024-04-10,45.32,美妆
U01279,ORD_U01279_000,2023-07-21,380.86,美妆
U01279,ORD_U01279_001,2023-09-13,453.63,服饰
U01279,ORD_U01279_002,2023-09-14,166.56,美妆
U01279,ORD_U01279_004,2023-11-10,263.37,美妆
U01279,ORD_U01279_003,2023-11-25,385.02,服饰
U01280,ORD_U01280_000,2024-06-17,254.39,食品
U01280,ORD_U01280_001,2024-07-18,281.67,食品
U01280,ORD_U01280_005,2024-07-25,199.83,家居
U01280,ORD_U01280_002,2024-08-09,281.78,美妆
U01280,ORD_U01280_004,2024-09-11,188.92,美妆
U01280,ORD_U01280_003,2024-09-15,124.2,家居
U01280,ORD_U01280_006,2025-01-23,133.76,服饰
U01280,ORD_U01280_007,2025-02-21,130.2,食品
U01280,ORD_U01280_008,2025-03-04,240.39,数码
U01280,ORD_U01280_010,2025-04-09,327.77,家居
U01280,ORD_U01280_009,2025-04-16,144.06,食品
U01280,ORD_U01280_012,2025-06-12,214.85,数码
U01280,ORD_U01280_011,2025-07-12,338.37,食品
U01280,ORD_U01280_014,2025-11-17,100.42,服饰
U01280,ORD_U01280_013,2025-12-09,243.77,服饰
U01280,ORD_U01280_015,2025-12-29,101.33,家居
U01280,ORD_U01280_016,2026-05-07,241.47,食品
U01281,ORD_U01281_000,2023-08-19,1018.73,数码
U01281,ORD_U01281_001,2023-09-02,415.27,美妆
U01281,ORD_U01281_003,2023-09-14,626.06,家居
U01281,ORD_U01281_002,2023-09-30,621.45,家居
U01281,ORD_U01281_007,2023-10-16,442.5,食品
U01281,ORD_U01281_004,2023-10-28,736.22,家居
U01281,ORD_U01281_009,2023-11-02,940.18,服饰
U01281,ORD_U01281_005,2023-11-13,578.29,美妆
U01281,ORD_U01281_017,2023-11-23,446.58,食品
U01281,ORD_U01281_006,2023-12-02,1203.08,数码
U01281,ORD_U01281_014,2023-12-07,496.03,美妆
U01281,ORD_U01281_019,2023-12-26,1119.81,美妆
U01281,ORD_U01281_016,2024-01-10,838.37,食品
U01281,ORD_U01281_013,2024-01-14,621.54,食品
U01281,ORD_U01281_022,2024-01-20,706.23,食品
U01281,ORD_U01281_025,2024-01-25,301.95,家居
U01281,ORD_U01281_008,2024-02-05,690.82,数码
U01281,ORD_U01281_010,2024-02-06,931.33,服饰
U01281,ORD_U01281_011,2024-05-20,1198.56,食品
U01281,ORD_U01281_012,2024-06-02,1031.84,家居
U01281,ORD_U01281_015,2024-06-19,609.97,家居
U01281,ORD_U01281_027,2024-08-08,1110.68,家居
U01281,ORD_U01281_030,2024-09-05,518.1,家居
U01281,ORD_U01281_026,2024-09-30,608.07,服饰
U01281,ORD_U01281_029,2024-09-30,571.67,家居
U01281,ORD_U01281_024,2024-10-06,441.35,家居
U01281,ORD_U01281_035,2024-12-05,1104.81,美妆
U01281,ORD_U01281_028,2024-12-15,660.46,服饰
U01281,ORD_U01281_018,2024-12-29,984.25,美妆
U01281,ORD_U01281_042,2024-12-30,740.23,家居
U01281,ORD_U01281_041,2025-01-24,376.27,美妆
U01281,ORD_U01281_021,2025-02-15,1030.55,服饰
U01281,ORD_U01281_032,2025-03-12,944.16,美妆
U01281,ORD_U01281_020,2025-03-15,632.94,数码
U01281,ORD_U01281_023,2025-04-11,358.24,数码
U01281,ORD_U01281_045,2025-07-21,1158.4,美妆
U01281,ORD_U01281_040,2025-07-27,453.02,家居
U01281,ORD_U01281_038,2025-11-16,1192.31,美妆
U01281,ORD_U01281_037,2025-12-10,413.2,美妆
U01281,ORD_U01281_033,2025-12-16,328.31,食品
U01281,ORD_U01281_031,2026-01-02,1019.27,食品
U01281,ORD_U01281_036,2026-01-02,554.69,食品
U01281,ORD_U01281_034,2026-04-21,773.01,数码
U01281,ORD_U01281_039,2026-05-08,384.68,美妆
U01281,ORD_U01281_043,2026-06-17,937.77,美妆
U01281,ORD_U01281_044,2026-06-22,835.9,家居
U01282,ORD_U01282_001,2024-03-25,70.68,服饰
U01282,ORD_U01282_000,2024-04-24,83.42,美妆
U01283,ORD_U01283_000,2023-07-01,165.22,家居
U01283,ORD_U01283_001,2023-08-26,52.38,服饰
U01284,ORD_U01284_000,2023-07-26,106.37,美妆
U01285,ORD_U01285_000,2023-09-24,151.66,美妆
U01285,ORD_U01285_001,2023-12-07,136.08,食品
U01286,ORD_U01286_000,2024-03-01,50.01,服饰
U01286,ORD_U01286_001,2024-04-18,49.84,服饰
U01287,ORD_U01287_000,2023-08-24,112.99,食品
U01287,ORD_U01287_003,2023-11-02,131.09,服饰
U01287,ORD_U01287_001,2023-11-29,162.2,食品
U01287,ORD_U01287_002,2024-01-10,164.24,食品
U01288,ORD_U01288_000,2023-03-11,147.75,食品
U01288,ORD_U01288_001,2023-04-09,158.19,美妆
U01289,ORD_U01289_000,2023-04-20,59.23,数码
U01289,ORD_U01289_001,2023-06-09,190.1,美妆
U01289,ORD_U01289_002,2023-06-30,194.56,家居
U01289,ORD_U01289_003,2023-07-02,162.55,数码
U01289,ORD_U01289_004,2023-08-22,107.06,食品
U01289,ORD_U01289_006,2023-09-29,138.5,数码
U01289,ORD_U01289_005,2023-11-13,71.93,家居
U01290,ORD_U01290_000,2023-08-10,817.63,美妆
U01290,ORD_U01290_001,2023-09-19,324.39,家居
U01290,ORD_U01290_003,2023-10-12,334.33,服饰
U01290,ORD_U01290_002,2023-11-09,447.35,食品
U01290,ORD_U01290_005,2023-11-17,354.66,数码
U01290,ORD_U01290_004,2023-12-09,548.87,美妆
U01290,ORD_U01290_008,2024-01-28,837.48,服饰
U01290,ORD_U01290_006,2024-03-14,567.76,食品
U01290,ORD_U01290_009,2024-03-20,545.61,美妆
U01290,ORD_U01290_007,2024-06-03,964.47,家居
U01290,ORD_U01290_011,2024-06-22,1026.81,食品
U01290,ORD_U01290_013,2024-07-08,294.46,数码
U01290,ORD_U01290_016,2024-07-11,844.8,服饰
U01290,ORD_U01290_010,2024-07-19,326.87,服饰
U01290,ORD_U01290_015,2024-09-10,976.69,家居
U01290,ORD_U01290_012,2024-10-18,480.08,数码
U01290,ORD_U01290_018,2025-01-20,943.22,美妆
U01290,ORD_U01290_014,2025-03-16,379.61,食品
U01290,ORD_U01290_017,2025-10-06,940.1,家居
U01291,ORD_U01291_000,2023-06-27,51.96,家居
U01292,ORD_U01292_001,2023-08-31,96.19,食品
U01292,ORD_U01292_000,2023-09-04,100.17,美妆
U01293,ORD_U01293_000,2024-03-27,53.14,服饰
U01293,ORD_U01293_001,2024-04-18,36.21,美妆
U01293,ORD_U01293_002,2024-08-27,20.08,食品
U01294,ORD_U01294_000,2023-03-22,191.97,服饰
U01294,ORD_U01294_001,2023-04-04,254.49,美妆
U01294,ORD_U01294_002,2023-07-15,176.54,美妆
U01294,ORD_U01294_003,2023-08-17,259.35,服饰
U01294,ORD_U01294_004,2023-09-06,125.56,食品
U01294,ORD_U01294_007,2023-10-13,72.47,食品
U01294,ORD_U01294_006,2024-01-06,107.74,食品
U01294,ORD_U01294_005,2024-01-10,215.33,食品
U01294,ORD_U01294_008,2024-01-26,246.16,服饰
U01294,ORD_U01294_009,2024-03-29,129.01,数码
U01295,ORD_U01295_000,2023-06-27,120.81,数码
U01295,ORD_U01295_001,2023-07-12,85.89,服饰
U01295,ORD_U01295_002,2023-10-10,169.71,食品
U01295,ORD_U01295_003,2023-12-13,127.02,服饰
U01296,ORD_U01296_000,2024-09-16,56.48,数码
U01296,ORD_U01296_002,2024-11-25,33.02,家居
U01296,ORD_U01296_001,2024-12-09,54.32,食品
U01297,ORD_U01297_000,2023-07-22,318.18,家居
U01297,ORD_U01297_001,2023-09-01,435.89,家居
U01297,ORD_U01297_004,2023-09-17,374.72,美妆
U01297,ORD_U01297_002,2023-09-24,213.19,美妆
U01297,ORD_U01297_003,2023-10-31,323.76,服饰
U01297,ORD_U01297_005,2023-11-15,310.05,美妆
U01297,ORD_U01297_007,2023-11-15,211.04,数码
U01297,ORD_U01297_006,2023-12-23,143.8,服饰
U01297,ORD_U01297_009,2024-05-09,185.79,食品
U01297,ORD_U01297_008,2024-05-28,411.27,家居
U01298,ORD_U01298_000,2024-06-03,206.57,数码
U01298,ORD_U01298_001,2024-09-03,61.99,美妆
U01298,ORD_U01298_002,2024-12-13,221.35,服饰
U01298,ORD_U01298_003,2025-02-02,109.17,服饰
U01299,ORD_U01299_000,2024-12-29,139.12,食品
U01300,ORD_U01300_000,2023-05-12,165.52,服饰
U01300,ORD_U01300_001,2023-05-27,441.01,美妆
U01300,ORD_U01300_002,2023-07-08,144.67,食品
U01301,ORD_U01301_001,2023-08-05,128.64,美妆
U01301,ORD_U01301_000,2023-08-08,127.35,服饰
U01301,ORD_U01301_002,2023-09-17,115.59,美妆
U01301,ORD_U01301_003,2024-01-12,164.07,食品
U01302,ORD_U01302_000,2024-12-02,747.89,服饰
U01302,ORD_U01302_001,2025-01-09,312.18,食品
U01302,ORD_U01302_002,2025-01-17,441.87,数码
U01302,ORD_U01302_003,2025-02-27,516.26,服饰
U01302,ORD_U01302_007,2025-03-28,548.69,家居
U01302,ORD_U01302_004,2025-04-24,245.6,美妆
U01302,ORD_U01302_006,2025-05-05,348.93,食品
U01302,ORD_U01302_005,2025-05-23,563.46,食品
U01302,ORD_U01302_010,2025-07-06,552.61,家居
U01302,ORD_U01302_015,2025-07-26,682.47,食品
U01302,ORD_U01302_008,2025-08-22,495.04,美妆
U01302,ORD_U01302_011,2025-08-25,366.48,家居
U01302,ORD_U01302_009,2025-09-28,349.96,食品
U01302,ORD_U01302_014,2025-10-04,555.08,美妆
U01302,ORD_U01302_016,2025-10-08,745.43,数码
U01302,ORD_U01302_012,2026-04-15,648.4,数码
U01302,ORD_U01302_013,2026-07-10,544.93,美妆
U01302,ORD_U01302_017,2026-10-20,450.88,服饰
U01302,ORD_U01302_018,2026-11-30,488.43,食品
U01302,ORD_U01302_019,2027-01-26,279.14,家居
U01303,ORD_U01303_000,2023-03-31,316.54,美妆
U01303,ORD_U01303_001,2023-05-15,405.58,美妆
U01303,ORD_U01303_002,2023-05-16,465.72,家居
U01303,ORD_U01303_006,2023-07-09,399.18,家居
U01303,ORD_U01303_003,2023-07-28,428.0,服饰
U01303,ORD_U01303_005,2023-09-14,348.33,食品
U01303,ORD_U01303_004,2023-10-22,360.06,服饰
U01304,ORD_U01304_000,2024-06-11,80.12,家居
U01304,ORD_U01304_001,2024-06-20,95.1,家居
U01304,ORD_U01304_002,2024-09-24,123.28,数码
U01304,ORD_U01304_003,2025-01-16,127.8,家居
U01305,ORD_U01305_000,2023-04-18,200.7,家居
U01305,ORD_U01305_001,2023-05-11,141.73,服饰
U01305,ORD_U01305_002,2023-06-09,225.96,数码
U01306,ORD_U01306_000,2024-08-31,193.52,食品
U01306,ORD_U01306_001,2024-10-06,229.56,食品
U01306,ORD_U01306_002,2025-01-10,520.72,美妆
U01307,ORD_U01307_000,2024-10-08,826.68,食品
U01307,ORD_U01307_001,2024-11-17,718.9,美妆
U01307,ORD_U01307_004,2024-12-09,484.75,食品
U01307,ORD_U01307_002,2024-12-13,791.7,美妆
U01307,ORD_U01307_003,2025-02-14,284.05,家居
U01307,ORD_U01307_005,2025-02-14,639.97,数码
U01307,ORD_U01307_009,2025-04-29,833.45,家居
U01307,ORD_U01307_006,2025-05-08,654.14,数码
U01307,ORD_U01307_007,2025-08-15,264.76,家居
U01307,ORD_U01307_008,2025-10-02,573.04,美妆
U01307,ORD_U01307_010,2026-01-06,263.06,食品
U01308,ORD_U01308_000,2023-04-13,287.87,家居
U01308,ORD_U01308_001,2023-06-01,420.58,美妆
U01308,ORD_U01308_002,2023-06-28,476.61,数码
U01308,ORD_U01308_003,2023-08-02,223.75,服饰
U01308,ORD_U01308_007,2023-08-12,214.13,食品
U01308,ORD_U01308_005,2023-08-28,411.5,服饰
U01308,ORD_U01308_006,2023-09-14,175.25,家居
U01308,ORD_U01308_008,2023-09-29,342.78,食品
U01308,ORD_U01308_004,2023-11-03,520.97,数码
U01308,ORD_U01308_015,2023-12-08,231.15,美妆
U01308,ORD_U01308_013,2024-02-05,224.52,美妆
U01308,ORD_U01308_009,2024-04-08,286.0,服饰
U01308,ORD_U01308_016,2024-04-12,469.56,美妆
U01308,ORD_U01308_010,2024-04-28,482.04,数码
U01308,ORD_U01308_017,2024-05-29,313.13,食品
U01308,ORD_U01308_012,2024-06-29,303.3,数码
U01308,ORD_U01308_011,2024-08-06,309.57,食品
U01308,ORD_U01308_014,2024-12-06,272.43,数码
U01309,ORD_U01309_000,2024-03-04,181.11,家居
U01309,ORD_U01309_002,2024-04-23,228.88,服饰
U01309,ORD_U01309_001,2024-04-25,222.32,美妆
U01309,ORD_U01309_003,2024-06-08,106.62,家居
U01309,ORD_U01309_004,2024-07-16,76.8,食品
U01310,ORD_U01310_000,2024-11-21,115.97,食品
U01310,ORD_U01310_001,2025-01-26,170.4,食品
U01310,ORD_U01310_002,2025-02-20,155.88,美妆
U01310,ORD_U01310_003,2025-04-19,69.93,食品
U01310,ORD_U01310_005,2025-06-20,128.5,食品
U01310,ORD_U01310_004,2025-07-18,97.36,数码
U01310,ORD_U01310_006,2025-11-30,182.24,食品
U01311,ORD_U01311_000,2023-10-30,116.44,数码
U01312,ORD_U01312_000,2025-01-04,82.51,美妆
U01312,ORD_U01312_001,2025-02-05,107.86,家居
U01313,ORD_U01313_000,2024-01-15,364.16,服饰
U01313,ORD_U01313_001,2024-02-13,357.23,数码
U01313,ORD_U01313_002,2024-03-29,713.93,服饰
U01313,ORD_U01313_003,2024-04-27,556.45,食品
U01313,ORD_U01313_004,2024-06-08,530.98,服饰
U01313,ORD_U01313_005,2024-06-19,370.35,服饰
U01313,ORD_U01313_007,2024-09-07,551.76,家居
U01313,ORD_U01313_009,2024-09-09,836.56,数码
U01313,ORD_U01313_006,2024-09-13,615.76,数码
U01313,ORD_U01313_011,2024-09-29,396.37,食品
U01313,ORD_U01313_008,2025-01-05,431.83,家居
U01313,ORD_U01313_012,2025-02-25,688.39,数码
U01313,ORD_U01313_013,2025-03-26,229.94,家居
U01313,ORD_U01313_010,2025-04-05,693.12,服饰
U01313,ORD_U01313_014,2025-05-27,253.73,家居
U01314,ORD_U01314_000,2024-04-09,666.37,数码
U01314,ORD_U01314_001,2024-05-22,683.47,服饰
U01314,ORD_U01314_002,2024-05-26,862.58,食品
U01314,ORD_U01314_003,2024-06-09,577.95,服饰
U01314,ORD_U01314_006,2024-07-01,379.18,食品
U01314,ORD_U01314_004,2024-07-12,535.57,服饰
U01314,ORD_U01314_010,2024-07-15,669.36,家居
U01314,ORD_U01314_008,2024-07-18,375.51,美妆
U01314,ORD_U01314_009,2024-08-13,402.3,服饰
U01314,ORD_U01314_005,2024-09-29,380.7,美妆
U01314,ORD_U01314_015,2024-10-03,608.28,服饰
U01314,ORD_U01314_022,2024-11-21,343.21,美妆
U01314,ORD_U01314_012,2024-11-26,964.94,服饰
U01314,ORD_U01314_007,2024-12-01,718.77,美妆
U01314,ORD_U01314_014,2024-12-21,504.58,家居
U01314,ORD_U01314_032,2024-12-31,782.58,食品
U01314,ORD_U01314_030,2025-01-03,487.56,美妆
U01314,ORD_U01314_023,2025-01-05,639.38,家居
U01314,ORD_U01314_037,2025-01-28,560.33,美妆
U01314,ORD_U01314_011,2025-02-22,492.06,服饰
U01314,ORD_U01314_013,2025-04-18,851.7,数码
U01314,ORD_U01314_040,2025-04-30,260.41,家居
U01314,ORD_U01314_024,2025-05-01,268.55,数码
U01314,ORD_U01314_016,2025-05-02,813.25,家居
U01314,ORD_U01314_036,2025-05-24,746.77,美妆
U01314,ORD_U01314_019,2025-06-01,926.83,食品
U01314,ORD_U01314_035,2025-06-04,297.17,服饰
U01314,ORD_U01314_041,2025-06-19,654.99,数码
U01314,ORD_U01314_025,2025-08-06,967.16,美妆
U01314,ORD_U01314_017,2025-08-08,331.25,数码
U01314,ORD_U01314_021,2025-08-10,564.86,家居
U01314,ORD_U01314_029,2025-08-23,897.46,美妆
U01314,ORD_U01314_020,2025-08-28,504.04,数码
U01314,ORD_U01314_018,2025-09-16,833.05,家居
U01314,ORD_U01314_039,2025-09-22,953.19,家居
U01314,ORD_U01314_034,2025-10-23,760.42,数码
U01314,ORD_U01314_026,2025-12-05,607.85,家居
U01314,ORD_U01314_028,2025-12-24,497.71,数码
U01314,ORD_U01314_027,2026-02-27,938.05,家居
U01314,ORD_U01314_043,2026-03-12,635.39,食品
U01314,ORD_U01314_031,2026-03-14,375.23,家居
U01314,ORD_U01314_038,2026-07-09,598.06,服饰
U01314,ORD_U01314_042,2026-09-12,696.18,家居
U01314,ORD_U01314_033,2026-11-10,336.03,数码
U01314,ORD_U01314_045,2027-06-04,523.34,食品
U01314,ORD_U01314_046,2027-06-07,811.88,服饰
U01314,ORD_U01314_044,2027-09-19,839.3,食品
U01315,ORD_U01315_000,2023-08-27,84.6,数码
U01315,ORD_U01315_001,2023-11-19,59.68,服饰
U01315,ORD_U01315_002,2023-12-19,68.02,服饰
U01315,ORD_U01315_003,2024-02-22,127.05,数码
U01315,ORD_U01315_004,2024-04-08,182.12,服饰
U01315,ORD_U01315_006,2024-04-12,127.22,数码
U01315,ORD_U01315_005,2024-04-13,177.96,美妆
U01315,ORD_U01315_007,2024-08-05,74.91,数码
U01315,ORD_U01315_008,2025-01-12,185.89,服饰
U01316,ORD_U01316_000,2023-03-26,332.35,美妆
U01316,ORD_U01316_001,2023-05-17,119.83,数码
U01316,ORD_U01316_002,2023-06-29,318.01,数码
U01316,ORD_U01316_003,2023-09-03,269.7,数码
U01316,ORD_U01316_006,2023-09-04,297.27,服饰
U01316,ORD_U01316_005,2023-11-23,231.66,数码
U01316,ORD_U01316_004,2023-12-02,127.97,美妆
U01316,ORD_U01316_008,2023-12-19,247.83,家居
U01316,ORD_U01316_009,2024-01-13,100.43,服饰
U01316,ORD_U01316_007,2024-02-13,302.3,数码
U01317,ORD_U01317_000,2024-02-22,93.28,数码
U01318,ORD_U01318_000,2024-09-05,75.71,家居
U01318,ORD_U01318_001,2024-10-10,47.74,食品
U01319,ORD_U01319_000,2024-12-11,76.33,食品
U01319,ORD_U01319_001,2025-02-01,70.78,食品
U01320,ORD_U01320_000,2024-08-07,393.53,家居
U01320,ORD_U01320_001,2024-09-14,493.42,服饰
U01320,ORD_U01320_002,2024-10-18,830.56,食品
U01320,ORD_U01320_003,2024-11-03,277.14,美妆
U01320,ORD_U01320_004,2024-11-05,913.19,家居
U01320,ORD_U01320_005,2024-12-08,866.33,美妆
U01320,ORD_U01320_007,2025-01-02,885.53,数码
U01320,ORD_U01320_006,2025-02-03,712.19,美妆
U01320,ORD_U01320_011,2025-03-16,456.64,食品
U01320,ORD_U01320_009,2025-04-04,819.97,食品
U01320,ORD_U01320_008,2025-05-12,404.18,数码
U01320,ORD_U01320_012,2025-08-19,288.3,食品
U01320,ORD_U01320_010,2025-10-03,743.15,数码
U01321,ORD_U01321_000,2025-01-13,150.81,服饰
U01321,ORD_U01321_001,2025-04-02,95.08,食品
U01321,ORD_U01321_002,2025-06-08,66.93,服饰
U01321,ORD_U01321_003,2025-07-20,107.45,美妆
U01322,ORD_U01322_000,2023-02-24,536.64,美妆
U01322,ORD_U01322_001,2023-03-21,873.37,美妆
U01322,ORD_U01322_002,2023-04-16,436.32,家居
U01322,ORD_U01322_003,2023-04-20,554.78,服饰
U01322,ORD_U01322_006,2023-05-26,985.0,家居
U01322,ORD_U01322_007,2023-06-03,453.4,服饰
U01322,ORD_U01322_004,2023-06-29,842.5,食品
U01322,ORD_U01322_005,2023-07-01,1039.77,数码
U01322,ORD_U01322_010,2023-07-06,858.41,家居
U01322,ORD_U01322_008,2023-07-21,991.65,美妆
U01322,ORD_U01322_009,2024-01-28,769.74,家居
U01322,ORD_U01322_011,2024-03-06,793.95,数码
U01323,ORD_U01323_000,2024-10-25,50.91,数码
U01323,ORD_U01323_001,2025-02-13,101.18,食品
U01323,ORD_U01323_002,2025-03-10,70.33,服饰
U01324,ORD_U01324_000,2023-08-10,39.06,美妆
U01324,ORD_U01324_001,2023-09-08,55.96,服饰
U01324,ORD_U01324_002,2023-10-24,28.41,美妆
U01325,ORD_U01325_001,2024-08-17,79.57,服饰
U01325,ORD_U01325_000,2024-08-27,98.56,数码
U01325,ORD_U01325_002,2024-11-23,59.37,服饰
U01326,ORD_U01326_000,2023-08-08,225.13,服饰
U01326,ORD_U01326_001,2023-09-23,367.6,美妆
U01326,ORD_U01326_002,2023-11-09,445.57,美妆
U01326,ORD_U01326_006,2023-12-03,265.13,食品
U01326,ORD_U01326_004,2023-12-28,265.34,食品
U01326,ORD_U01326_005,2024-01-04,450.99,美妆
U01326,ORD_U01326_003,2024-01-21,397.68,家居
U01326,ORD_U01326_009,2024-03-04,477.05,美妆
U01326,ORD_U01326_007,2024-05-19,227.24,食品
U01326,ORD_U01326_008,2024-10-01,372.85,家居
U01327,ORD_U01327_000,2024-09-24,120.55,数码
U01327,ORD_U01327_002,2024-10-27,189.27,数码
U01327,ORD_U01327_001,2024-11-06,69.82,食品
U01327,ORD_U01327_003,2024-12-19,143.56,食品
U01327,ORD_U01327_004,2025-03-04,78.49,数码
U01327,ORD_U01327_005,2025-05-01,72.77,食品
U01328,ORD_U01328_000,2023-12-17,196.35,家居
U01328,ORD_U01328_001,2024-03-07,66.38,家居
U01328,ORD_U01328_002,2024-06-21,202.07,家居
U01328,ORD_U01328_003,2024-08-27,121.64,服饰
U01329,ORD_U01329_000,2024-08-15,140.51,家居
U01329,ORD_U01329_001,2024-09-03,318.59,家居
U01329,ORD_U01329_002,2024-10-29,303.99,服饰
U01329,ORD_U01329_004,2024-11-18,232.98,服饰
U01329,ORD_U01329_003,2024-12-01,382.39,数码
U01329,ORD_U01329_005,2024-12-18,397.94,美妆
U01329,ORD_U01329_007,2025-02-14,307.08,食品
U01329,ORD_U01329_006,2025-05-15,424.02,食品
U01329,ORD_U01329_008,2025-05-16,216.92,食品
U01330,ORD_U01330_001,2024-02-21,1424.58,服饰
U01330,ORD_U01330_000,2024-02-22,778.83,美妆
U01330,ORD_U01330_002,2024-03-06,718.5,服饰
U01330,ORD_U01330_003,2024-04-03,812.83,食品
U01330,ORD_U01330_005,2024-05-10,798.31,家居
U01330,ORD_U01330_008,2024-05-17,1231.85,家居
U01330,ORD_U01330_010,2024-05-22,1235.17,食品
U01330,ORD_U01330_006,2024-06-04,480.76,家居
U01330,ORD_U01330_004,2024-06-05,963.09,服饰
U01330,ORD_U01330_014,2024-06-13,1618.32,数码
U01330,ORD_U01330_012,2024-07-09,839.83,数码
U01330,ORD_U01330_013,2024-07-26,1164.92,美妆
U01330,ORD_U01330_007,2024-08-13,785.69,数码
U01330,ORD_U01330_009,2024-09-08,828.04,数码
U01330,ORD_U01330_018,2024-09-13,936.28,服饰
U01330,ORD_U01330_020,2024-09-26,1283.26,食品
U01330,ORD_U01330_011,2024-11-07,1568.81,家居
U01330,ORD_U01330_015,2024-11-19,873.52,家居
U01330,ORD_U01330_017,2025-01-22,1002.32,食品
U01330,ORD_U01330_016,2025-06-22,1483.93,数码
U01330,ORD_U01330_019,2025-07-21,1368.58,美妆
U01331,ORD_U01331_000,2023-02-25,51.04,数码
U01331,ORD_U01331_001,2023-04-23,60.11,服饰
U01331,ORD_U01331_002,2023-06-02,63.43,服饰
U01331,ORD_U01331_003,2023-10-20,49.98,家居
U01332,ORD_U01332_000,2024-08-02,118.28,食品
U01332,ORD_U01332_001,2024-08-13,210.99,服饰
U01332,ORD_U01332_004,2024-10-29,186.37,家居
U01332,ORD_U01332_002,2024-11-24,178.51,美妆
U01332,ORD_U01332_005,2024-11-27,196.05,家居
U01332,ORD_U01332_003,2024-12-11,74.05,家居
U01332,ORD_U01332_006,2025-03-12,138.75,家居
U01332,ORD_U01332_008,2025-04-27,200.12,家居
U01332,ORD_U01332_007,2025-06-18,221.15,服饰
U01332,ORD_U01332_009,2025-11-13,205.6,食品
U01333,ORD_U01333_000,2023-03-20,127.45,数码
U01334,ORD_U01334_000,2024-09-24,292.1,数码
U01334,ORD_U01334_001,2024-09-27,601.22,家居
U01334,ORD_U01334_002,2024-11-05,709.48,食品
U01334,ORD_U01334_005,2024-12-10,253.23,数码
U01334,ORD_U01334_004,2025-01-10,488.6,家居
U01334,ORD_U01334_003,2025-01-14,556.24,数码
U01334,ORD_U01334_006,2025-02-09,356.85,美妆
U01334,ORD_U01334_007,2025-04-14,394.05,家居
U01334,ORD_U01334_009,2025-05-16,712.17,食品
U01334,ORD_U01334_008,2025-05-27,391.12,美妆
U01334,ORD_U01334_012,2025-09-13,354.58,服饰
U01334,ORD_U01334_010,2025-11-23,514.65,食品
U01334,ORD_U01334_011,2025-12-24,693.02,数码
U01335,ORD_U01335_000,2023-09-26,60.45,家居
U01335,ORD_U01335_001,2024-01-02,59.03,数码
U01335,ORD_U01335_002,2024-02-22,23.33,美妆
U01335,ORD_U01335_003,2024-03-12,70.37,美妆
U01336,ORD_U01336_000,2023-11-22,201.91,服饰
U01336,ORD_U01336_001,2024-01-08,663.12,食品
U01336,ORD_U01336_002,2024-01-08,557.82,家居
U01336,ORD_U01336_004,2024-01-10,670.93,服饰
U01336,ORD_U01336_003,2024-02-07,730.15,数码
U01336,ORD_U01336_005,2024-03-23,420.91,数码
U01336,ORD_U01336_006,2024-04-16,406.58,家居
U01336,ORD_U01336_009,2024-05-10,217.33,服饰
U01336,ORD_U01336_011,2024-05-19,675.79,数码
U01336,ORD_U01336_007,2024-06-29,701.66,食品
U01336,ORD_U01336_010,2024-07-12,458.44,服饰
U01336,ORD_U01336_008,2024-09-09,569.94,家居
U01337,ORD_U01337_000,2024-10-15,105.29,数码
U01337,ORD_U01337_001,2024-10-30,92.09,食品
U01337,ORD_U01337_002,2025-01-08,93.39,家居
U01337,ORD_U01337_003,2025-02-23,68.36,家居
U01338,ORD_U01338_000,2023-05-08,313.13,数码
U01338,ORD_U01338_001,2023-05-22,430.14,服饰
U01338,ORD_U01338_002,2023-07-18,211.8,食品
U01338,ORD_U01338_003,2023-10-27,441.78,数码
U01339,ORD_U01339_000,2025-01-16,98.47,家居
U01340,ORD_U01340_000,2023-04-22,77.81,美妆
U01340,ORD_U01340_001,2023-06-17,38.96,数码
U01340,ORD_U01340_002,2023-09-05,50.2,美妆
U01341,ORD_U01341_000,2023-12-06,205.54,食品
U01341,ORD_U01341_001,2024-01-16,298.34,美妆
U01341,ORD_U01341_002,2024-04-01,80.74,数码
U01341,ORD_U01341_005,2024-04-24,78.79,数码
U01341,ORD_U01341_003,2024-05-06,199.27,服饰
U01341,ORD_U01341_006,2024-06-06,203.39,食品
U01341,ORD_U01341_009,2024-07-04,180.37,数码
U01341,ORD_U01341_004,2024-07-21,300.04,美妆
U01341,ORD_U01341_007,2024-12-12,215.3,食品
U01341,ORD_U01341_008,2025-02-10,172.8,服饰
U01342,ORD_U01342_000,2024-11-26,662.07,服饰
U01342,ORD_U01342_001,2024-12-18,795.76,服饰
U01342,ORD_U01342_002,2025-01-06,379.21,美妆
U01342,ORD_U01342_004,2025-02-05,834.69,食品
U01342,ORD_U01342_005,2025-02-05,462.33,家居
U01342,ORD_U01342_003,2025-03-09,546.49,数码
U01342,ORD_U01342_006,2025-03-22,597.68,食品
U01342,ORD_U01342_007,2025-04-25,534.44,美妆
U01342,ORD_U01342_009,2025-04-25,805.02,家居
U01342,ORD_U01342_013,2025-07-01,786.74,食品
U01342,ORD_U01342_011,2025-08-20,766.44,家居
U01342,ORD_U01342_017,2025-08-26,333.65,服饰
U01342,ORD_U01342_008,2025-09-07,450.41,服饰
U01342,ORD_U01342_012,2025-09-28,471.73,家居
U01342,ORD_U01342_010,2025-10-27,360.66,家居
U01342,ORD_U01342_015,2025-11-24,226.47,美妆
U01342,ORD_U01342_019,2025-12-04,598.05,美妆
U01342,ORD_U01342_018,2025-12-23,783.56,食品
U01342,ORD_U01342_014,2026-01-17,712.21,食品
U01342,ORD_U01342_016,2026-08-07,379.8,服饰
U01343,ORD_U01343_000,2023-06-30,298.22,服饰
U01343,ORD_U01343_001,2023-07-10,154.15,数码
U01343,ORD_U01343_003,2023-08-17,496.46,数码
U01343,ORD_U01343_002,2023-09-28,232.19,家居
U01343,ORD_U01343_004,2023-12-22,379.05,家居
U01343,ORD_U01343_005,2023-12-31,310.37,服饰
U01343,ORD_U01343_006,2024-01-27,259.77,美妆
U01344,ORD_U01344_000,2023-10-12,222.79,服饰
U01344,ORD_U01344_001,2024-01-06,204.58,家居
U01344,ORD_U01344_002,2024-01-12,247.93,服饰
U01344,ORD_U01344_003,2024-04-06,303.29,食品
U01345,ORD_U01345_001,2024-04-29,132.73,服饰
U01345,ORD_U01345_000,2024-05-04,60.97,美妆
U01346,ORD_U01346_000,2023-11-26,69.4,食品
U01346,ORD_U01346_001,2023-12-06,221.09,服饰
U01346,ORD_U01346_002,2024-02-18,189.8,数码
U01346,ORD_U01346_005,2024-02-28,193.12,数码
U01346,ORD_U01346_007,2024-04-17,142.68,家居
U01346,ORD_U01346_003,2024-04-28,88.85,家居
U01346,ORD_U01346_008,2024-06-30,94.44,家居
U01346,ORD_U01346_004,2024-07-17,140.48,数码
U01346,ORD_U01346_006,2024-08-08,178.18,美妆
U01347,ORD_U01347_000,2024-06-08,68.2,美妆
U01348,ORD_U01348_000,2023-04-16,217.45,服饰
U01348,ORD_U01348_001,2023-05-20,65.48,美妆
U01348,ORD_U01348_003,2023-07-28,86.85,服饰
U01348,ORD_U01348_002,2023-11-07,124.15,数码
U01349,ORD_U01349_000,2023-11-05,1191.86,服饰
U01349,ORD_U01349_001,2023-11-05,2375.25,美妆
U01349,ORD_U01349_002,2023-12-03,2307.59,食品
U01349,ORD_U01349_004,2023-12-05,1852.54,服饰
U01349,ORD_U01349_003,2024-01-10,1710.23,服饰
U01349,ORD_U01349_011,2024-01-25,792.94,食品
U01349,ORD_U01349_007,2024-01-30,1931.91,数码
U01349,ORD_U01349_005,2024-02-07,2268.4,服饰
U01349,ORD_U01349_010,2024-03-01,1051.93,数码
U01349,ORD_U01349_012,2024-03-07,2008.16,服饰
U01349,ORD_U01349_008,2024-04-06,1795.35,服饰
U01349,ORD_U01349_006,2024-04-10,903.19,食品
U01349,ORD_U01349_013,2024-04-24,1470.22,食品
U01349,ORD_U01349_009,2024-06-16,1162.99,家居
U01349,ORD_U01349_020,2024-07-27,860.87,服饰
U01349,ORD_U01349_019,2024-07-31,2204.84,美妆
U01349,ORD_U01349_018,2024-08-04,1182.37,家居
U01349,ORD_U01349_014,2024-09-01,1935.25,食品
U01349,ORD_U01349_016,2024-10-01,2188.47,食品
U01349,ORD_U01349_017,2024-11-11,1251.82,家居
U01349,ORD_U01349_015,2024-12-02,2149.99,服饰
U01349,ORD_U01349_024,2024-12-13,1304.61,家居
U01349,ORD_U01349_023,2024-12-27,624.28,美妆
U01349,ORD_U01349_022,2025-01-08,1588.04,服饰
U01349,ORD_U01349_021,2025-03-28,2124.93,服饰
U01349,ORD_U01349_025,2025-11-03,2378.79,家居
U01350,ORD_U01350_000,2023-08-26,137.41,食品
U01351,ORD_U01351_000,2024-05-15,182.74,服饰
U01351,ORD_U01351_001,2024-07-08,347.76,家居
U01351,ORD_U01351_002,2024-08-06,237.63,家居
U01351,ORD_U01351_003,2024-09-16,173.18,家居
U01351,ORD_U01351_007,2024-11-07,355.05,食品
U01351,ORD_U01351_006,2024-11-20,455.88,数码
U01351,ORD_U01351_008,2024-12-15,552.16,美妆
U01351,ORD_U01351_004,2024-12-20,554.65,数码
U01351,ORD_U01351_005,2025-01-11,509.55,美妆
U01352,ORD_U01352_000,2024-08-27,130.98,食品
U01352,ORD_U01352_001,2024-10-24,86.68,美妆
U01352,ORD_U01352_002,2024-11-25,160.06,服饰
U01352,ORD_U01352_005,2024-12-15,41.6,家居
U01352,ORD_U01352_003,2024-12-17,64.78,数码
U01352,ORD_U01352_006,2025-01-07,142.58,食品
U01352,ORD_U01352_004,2025-03-11,154.02,数码
U01352,ORD_U01352_007,2025-05-02,135.29,美妆
U01352,ORD_U01352_008,2025-07-22,113.68,家居
U01353,ORD_U01353_000,2023-10-10,143.08,美妆
U01353,ORD_U01353_001,2023-11-24,250.8,食品
U01353,ORD_U01353_002,2023-12-04,257.39,服饰
U01353,ORD_U01353_003,2024-01-24,276.82,美妆
U01353,ORD_U01353_004,2024-03-08,75.3,家居
U01353,ORD_U01353_005,2024-05-19,169.76,食品
U01354,ORD_U01354_000,2024-11-07,118.95,家居
U01355,ORD_U01355_000,2023-03-07,150.36,美妆
U01355,ORD_U01355_002,2023-05-16,540.08,美妆
U01355,ORD_U01355_001,2023-05-20,167.28,美妆
U01355,ORD_U01355_003,2023-08-10,475.89,美妆
U01355,ORD_U01355_004,2023-12-05,469.39,食品
U01356,ORD_U01356_000,2023-03-02,43.29,服饰
U01357,ORD_U01357_000,2024-06-11,303.92,美妆
U01357,ORD_U01357_001,2024-07-18,376.48,家居
U01357,ORD_U01357_002,2024-08-01,317.04,服饰
U01357,ORD_U01357_006,2024-09-30,593.34,家居
U01357,ORD_U01357_003,2024-10-25,282.7,美妆
U01357,ORD_U01357_005,2024-12-23,300.64,数码
U01357,ORD_U01357_004,2025-01-01,574.83,家居
U01357,ORD_U01357_008,2025-01-10,680.3,美妆
U01357,ORD_U01357_007,2025-01-26,470.55,服饰
U01357,ORD_U01357_011,2025-03-31,799.71,家居
U01357,ORD_U01357_010,2025-05-09,342.82,食品
U01357,ORD_U01357_009,2025-07-23,488.27,食品
U01358,ORD_U01358_000,2024-09-13,68.44,数码
U01358,ORD_U01358_001,2024-10-04,29.91,数码
U01358,ORD_U01358_003,2025-01-02,38.97,家居
U01358,ORD_U01358_002,2025-02-23,80.61,食品
U01359,ORD_U01359_000,2023-12-04,64.49,数码
U01360,ORD_U01360_000,2023-04-24,382.57,服饰
U01360,ORD_U01360_001,2023-05-04,236.44,服饰
U01360,ORD_U01360_002,2023-06-05,383.65,家居
U01360,ORD_U01360_003,2023-07-01,262.52,家居
U01361,ORD_U01361_000,2024-11-11,41.62,服饰
U01361,ORD_U01361_001,2025-01-13,36.32,数码
U01361,ORD_U01361_002,2025-02-18,79.88,美妆
U01361,ORD_U01361_003,2025-06-07,76.13,美妆
U01362,ORD_U01362_000,2023-05-10,47.12,美妆
U01362,ORD_U01362_001,2023-07-19,70.37,食品
U01362,ORD_U01362_002,2023-08-19,49.02,家居
U01363,ORD_U01363_000,2023-01-18,232.52,食品
U01363,ORD_U01363_001,2023-03-01,268.29,服饰
U01363,ORD_U01363_002,2023-04-11,197.91,食品
U01363,ORD_U01363_003,2023-04-30,345.03,数码
U01363,ORD_U01363_006,2023-06-23,330.67,美妆
U01363,ORD_U01363_005,2023-07-09,400.92,服饰
U01363,ORD_U01363_010,2023-07-13,104.02,家居
U01363,ORD_U01363_004,2023-07-16,395.16,服饰
U01363,ORD_U01363_011,2023-09-08,344.31,美妆
U01363,ORD_U01363_009,2023-09-16,242.49,数码
U01363,ORD_U01363_013,2023-09-28,203.71,食品
U01363,ORD_U01363_007,2023-11-08,376.07,数码
U01363,ORD_U01363_014,2023-11-19,311.6,服饰
U01363,ORD_U01363_015,2023-12-23,342.13,服饰
U01363,ORD_U01363_008,2024-01-07,310.78,食品
U01363,ORD_U01363_016,2024-01-22,390.33,服饰
U01363,ORD_U01363_012,2024-06-06,353.93,家居
U01364,ORD_U01364_000,2024-05-23,562.56,服饰
U01364,ORD_U01364_001,2024-05-26,299.78,家居
U01364,ORD_U01364_002,2024-07-14,501.98,数码
U01364,ORD_U01364_006,2024-08-11,538.8,食品
U01364,ORD_U01364_003,2024-08-22,439.7,家居
U01364,ORD_U01364_004,2024-09-14,362.05,家居
U01364,ORD_U01364_007,2024-10-23,191.36,服饰
U01364,ORD_U01364_005,2024-11-03,586.09,美妆
U01364,ORD_U01364_008,2024-11-28,594.47,数码
U01364,ORD_U01364_013,2024-12-11,488.77,数码
U01364,ORD_U01364_009,2024-12-16,486.01,家居
U01364,ORD_U01364_011,2025-02-08,595.41,数码
U01364,ORD_U01364_010,2025-04-03,202.61,美妆
U01364,ORD_U01364_012,2025-04-19,578.38,美妆
U01365,ORD_U01365_000,2024-02-25,727.4,食品
U01365,ORD_U01365_002,2024-03-14,875.42,数码
U01365,ORD_U01365_001,2024-03-27,1367.79,家居
U01365,ORD_U01365_005,2024-04-05,1428.98,食品
U01365,ORD_U01365_003,2024-04-28,1113.71,数码
U01365,ORD_U01365_006,2024-05-03,677.56,美妆
U01365,ORD_U01365_008,2024-05-22,778.65,服饰
U01365,ORD_U01365_004,2024-06-09,1032.19,服饰
U01365,ORD_U01365_007,2024-06-28,693.58,食品
U01365,ORD_U01365_019,2024-07-31,1712.06,服饰
U01365,ORD_U01365_010,2024-08-28,1675.07,服饰
U01365,ORD_U01365_020,2024-09-02,1423.97,数码
U01365,ORD_U01365_009,2024-10-03,1546.9,服饰
U01365,ORD_U01365_018,2024-10-10,696.16,服饰
U01365,ORD_U01365_012,2024-10-27,1050.16,服饰
U01365,ORD_U01365_011,2024-11-16,1670.17,家居
U01365,ORD_U01365_014,2024-12-21,1324.99,家居
U01365,ORD_U01365_016,2025-01-29,623.1,家居
U01365,ORD_U01365_015,2025-01-30,1750.04,服饰
U01365,ORD_U01365_026,2025-02-02,988.8,家居
U01365,ORD_U01365_013,2025-03-09,1629.64,数码
U01365,ORD_U01365_028,2025-03-28,1757.71,食品
U01365,ORD_U01365_017,2025-04-16,1378.94,数码
U01365,ORD_U01365_022,2025-05-22,1064.99,数码
U01365,ORD_U01365_025,2025-05-25,1720.52,食品
U01365,ORD_U01365_027,2025-06-16,786.29,美妆
U01365,ORD_U01365_023,2025-10-29,1452.63,服饰
U01365,ORD_U01365_021,2025-11-28,1890.44,服饰
U01365,ORD_U01365_029,2026-01-18,1102.21,食品
U01365,ORD_U01365_024,2026-02-08,1021.59,服饰
U01365,ORD_U01365_030,2026-06-19,1675.36,家居
U01366,ORD_U01366_000,2023-05-08,47.0,美妆
U01366,ORD_U01366_001,2023-07-05,63.05,服饰
U01367,ORD_U01367_000,2023-11-30,39.35,家居
U01367,ORD_U01367_001,2024-02-15,75.33,食品
U01368,ORD_U01368_000,2024-03-12,376.16,食品
U01368,ORD_U01368_001,2024-04-13,252.41,食品
U01368,ORD_U01368_003,2024-04-22,466.29,食品
U01368,ORD_U01368_002,2024-05-18,433.29,食品
U01368,ORD_U01368_004,2024-06-12,154.36,美妆
U01368,ORD_U01368_005,2024-07-18,242.7,食品
U01368,ORD_U01368_008,2025-01-04,212.91,家居
U01368,ORD_U01368_007,2025-01-30,267.03,数码
U01368,ORD_U01368_006,2025-02-03,255.44,数码
U01368,ORD_U01368_009,2025-06-20,239.22,美妆
U01369,ORD_U01369_000,2023-02-24,327.62,美妆
U01369,ORD_U01369_001,2023-04-25,857.91,服饰
U01369,ORD_U01369_003,2023-05-02,408.22,服饰
U01369,ORD_U01369_005,2023-05-13,574.91,家居
U01369,ORD_U01369_002,2023-06-03,737.71,食品
U01369,ORD_U01369_004,2023-06-05,668.59,食品
U01369,ORD_U01369_008,2023-07-26,520.83,数码
U01369,ORD_U01369_011,2023-08-07,676.1,美妆
U01369,ORD_U01369_006,2023-08-14,916.5,美妆
U01369,ORD_U01369_012,2023-09-05,773.38,美妆
U01369,ORD_U01369_013,2023-11-28,645.9,美妆
U01369,ORD_U01369_007,2023-12-15,469.82,食品
U01369,ORD_U01369_010,2024-01-22,431.9,食品
U01369,ORD_U01369_016,2024-02-03,726.61,家居
U01369,ORD_U01369_009,2024-04-03,364.22,服饰
U01369,ORD_U01369_015,2024-06-21,911.73,食品
U01369,ORD_U01369_014,2024-07-23,297.54,食品
U01370,ORD_U01370_000,2024-10-08,412.03,家居
U01370,ORD_U01370_001,2024-11-19,400.97,数码
U01370,ORD_U01370_002,2024-11-19,389.97,食品
U01370,ORD_U01370_003,2024-12-25,432.38,数码
U01370,ORD_U01370_005,2025-03-24,180.71,数码
U01370,ORD_U01370_004,2025-04-21,382.7,数码
U01371,ORD_U01371_000,2023-06-06,134.62,食品
U01372,ORD_U01372_000,2024-03-30,69.17,食品
U01373,ORD_U01373_000,2024-03-20,138.42,数码
U01373,ORD_U01373_002,2024-06-12,65.36,家居
U01373,ORD_U01373_001,2024-06-19,186.0,家居
U01374,ORD_U01374_000,2024-01-05,132.22,数码
U01374,ORD_U01374_001,2024-03-09,48.07,家居
U01374,ORD_U01374_004,2024-05-04,127.98,美妆
U01374,ORD_U01374_002,2024-05-31,84.05,数码
U01374,ORD_U01374_003,2024-08-04,158.2,服饰
U01374,ORD_U01374_006,2024-09-21,62.73,美妆
U01374,ORD_U01374_005,2024-10-25,83.37,食品
U01374,ORD_U01374_007,2025-02-20,67.28,家居
U01374,ORD_U01374_008,2025-02-24,173.85,数码
U01375,ORD_U01375_000,2024-02-28,221.81,家居
U01375,ORD_U01375_001,2024-03-07,190.56,食品
U01375,ORD_U01375_003,2024-04-19,311.25,家居
U01375,ORD_U01375_002,2024-05-02,343.77,数码
U01376,ORD_U01376_000,2024-10-04,91.42,服饰
U01376,ORD_U01376_001,2024-10-18,216.99,美妆
U01376,ORD_U01376_002,2024-12-12,132.4,食品
U01376,ORD_U01376_003,2024-12-22,99.12,食品
U01376,ORD_U01376_005,2024-12-22,179.78,家居
U01376,ORD_U01376_004,2024-12-28,165.92,数码
U01377,ORD_U01377_000,2023-09-07,151.66,食品
U01378,ORD_U01378_000,2023-03-22,380.06,数码
U01378,ORD_U01378_001,2023-04-11,404.24,食品
U01378,ORD_U01378_002,2023-04-27,315.43,食品
U01378,ORD_U01378_003,2023-07-14,423.52,数码
U01378,ORD_U01378_004,2023-08-10,154.09,食品
U01378,ORD_U01378_005,2023-08-22,145.76,服饰
U01378,ORD_U01378_007,2023-09-29,427.51,数码
U01378,ORD_U01378_006,2023-10-22,278.01,服饰
U01378,ORD_U01378_012,2023-11-03,403.2,数码
U01378,ORD_U01378_010,2023-11-09,459.64,数码
U01378,ORD_U01378_009,2024-02-29,159.41,家居
U01378,ORD_U01378_008,2024-03-03,189.73,美妆
U01378,ORD_U01378_016,2024-05-01,564.13,美妆
U01378,ORD_U01378_011,2024-05-30,373.14,数码
U01378,ORD_U01378_013,2024-10-05,374.38,数码
U01378,ORD_U01378_014,2024-10-09,429.24,服饰
U01378,ORD_U01378_015,2024-11-10,412.62,数码
U01378,ORD_U01378_017,2025-05-16,471.75,家居
U01379,ORD_U01379_000,2024-11-29,187.28,家居
U01379,ORD_U01379_001,2025-02-16,207.24,家居
U01379,ORD_U01379_002,2025-02-22,307.57,家居
U01379,ORD_U01379_003,2025-05-08,96.99,食品
U01379,ORD_U01379_004,2025-05-10,83.87,服饰
U01379,ORD_U01379_007,2025-05-28,174.25,美妆
U01379,ORD_U01379_005,2025-07-15,292.13,美妆
U01379,ORD_U01379_006,2025-08-19,245.03,数码
U01380,ORD_U01380_000,2024-07-06,77.06,数码
U01380,ORD_U01380_001,2024-10-10,58.79,服饰
U01380,ORD_U01380_002,2025-03-05,116.57,食品
U01380,ORD_U01380_003,2025-04-26,108.27,数码
U01381,ORD_U01381_000,2024-06-27,1379.96,数码
U01381,ORD_U01381_003,2024-08-07,1367.52,家居
U01381,ORD_U01381_005,2024-08-10,668.76,美妆
U01381,ORD_U01381_001,2024-08-12,1071.98,家居
U01381,ORD_U01381_006,2024-08-13,1703.06,服饰
U01381,ORD_U01381_002,2024-08-20,741.85,数码
U01381,ORD_U01381_004,2024-08-28,1148.72,家居
U01381,ORD_U01381_010,2024-10-13,522.89,家居
U01381,ORD_U01381_007,2024-10-18,1660.08,服饰
U01381,ORD_U01381_009,2024-11-18,1424.49,家居
U01381,ORD_U01381_020,2024-11-29,1220.9,服饰
U01381,ORD_U01381_011,2024-11-30,464.95,食品
U01381,ORD_U01381_008,2025-01-12,652.3,数码
U01381,ORD_U01381_022,2025-01-18,1729.83,家居
U01381,ORD_U01381_016,2025-01-21,571.71,美妆
U01381,ORD_U01381_023,2025-02-02,484.11,家居
U01381,ORD_U01381_019,2025-02-13,1250.6,食品
U01381,ORD_U01381_012,2025-03-19,1732.43,服饰
U01381,ORD_U01381_013,2025-04-07,826.61,家居
U01381,ORD_U01381_017,2025-04-15,916.82,服饰
U01381,ORD_U01381_018,2025-05-24,1038.02,服饰
U01381,ORD_U01381_014,2025-05-30,1028.8,数码
U01381,ORD_U01381_015,2025-06-29,1727.77,美妆
U01381,ORD_U01381_024,2025-11-27,1125.72,家居
U01381,ORD_U01381_021,2025-12-22,923.59,家居
U01381,ORD_U01381_025,2026-02-28,617.71,食品
U01381,ORD_U01381_026,2026-03-13,957.18,服饰
U01382,ORD_U01382_000,2023-12-16,61.29,家居
U01382,ORD_U01382_001,2023-12-26,86.11,数码
U01382,ORD_U01382_002,2024-02-27,70.32,服饰
U01383,ORD_U01383_001,2023-04-16,192.09,家居
U01383,ORD_U01383_000,2023-04-26,96.46,数码
U01384,ORD_U01384_000,2024-06-22,152.81,数码
U01384,ORD_U01384_002,2024-07-25,510.04,数码
U01384,ORD_U01384_001,2024-08-28,419.33,美妆
U01384,ORD_U01384_003,2024-09-05,392.2,美妆
U01384,ORD_U01384_004,2024-10-23,339.6,家居
U01384,ORD_U01384_006,2025-02-20,405.22,美妆
U01384,ORD_U01384_005,2025-02-26,270.74,服饰
U01384,ORD_U01384_010,2025-03-31,254.66,美妆
U01384,ORD_U01384_009,2025-04-27,396.04,服饰
U01384,ORD_U01384_007,2025-06-03,171.93,数码
U01384,ORD_U01384_008,2025-07-08,176.73,数码
U01385,ORD_U01385_000,2024-04-22,138.88,食品
U01385,ORD_U01385_001,2024-05-20,184.82,数码
U01385,ORD_U01385_003,2024-06-22,390.01,家居
U01385,ORD_U01385_002,2024-06-24,301.46,家居
U01385,ORD_U01385_007,2024-08-02,210.4,家居
U01385,ORD_U01385_008,2024-11-03,458.16,数码
U01385,ORD_U01385_004,2024-12-04,365.17,服饰
U01385,ORD_U01385_005,2025-01-01,257.9,数码
U01385,ORD_U01385_006,2025-02-09,381.07,服饰
U01386,ORD_U01386_000,2024-11-18,437.9,美妆
U01386,ORD_U01386_002,2025-01-27,152.51,数码
U01386,ORD_U01386_001,2025-02-14,328.4,食品
U01386,ORD_U01386_003,2025-02-28,442.5,数码
U01386,ORD_U01386_005,2025-07-01,139.92,数码
U01386,ORD_U01386_004,2025-07-21,388.68,数码
U01387,ORD_U01387_000,2023-09-18,400.55,服饰
U01387,ORD_U01387_002,2023-10-25,211.47,服饰
U01387,ORD_U01387_001,2023-11-13,112.52,美妆
U01387,ORD_U01387_003,2024-01-30,200.28,食品
U01387,ORD_U01387_005,2024-02-01,382.18,美妆
U01387,ORD_U01387_004,2024-02-08,266.23,食品
U01387,ORD_U01387_007,2024-05-22,412.69,美妆
U01387,ORD_U01387_008,2024-07-08,428.57,家居
U01387,ORD_U01387_006,2024-07-14,319.02,食品
U01387,ORD_U01387_009,2025-01-17,393.69,服饰
U01388,ORD_U01388_000,2024-09-09,712.61,数码
U01388,ORD_U01388_001,2024-10-13,343.88,食品
U01388,ORD_U01388_003,2024-11-20,311.44,美妆
U01388,ORD_U01388_002,2024-11-22,296.36,家居
U01388,ORD_U01388_005,2025-01-02,808.45,食品
U01388,ORD_U01388_007,2025-01-06,470.72,服饰
U01388,ORD_U01388_004,2025-01-23,444.17,美妆
U01388,ORD_U01388_008,2025-02-24,720.29,美妆
U01388,ORD_U01388_009,2025-03-23,421.79,食品
U01388,ORD_U01388_010,2025-04-29,613.24,家居
U01388,ORD_U01388_006,2025-05-21,878.66,数码
U01389,ORD_U01389_000,2024-04-08,20.43,家居
U01389,ORD_U01389_001,2024-06-18,33.55,美妆
U01390,ORD_U01390_001,2023-08-06,1078.61,服饰
U01390,ORD_U01390_000,2023-08-14,384.89,美妆
U01390,ORD_U01390_002,2023-09-23,676.27,美妆
U01390,ORD_U01390_003,2023-10-28,671.29,家居
U01390,ORD_U01390_005,2023-11-17,1056.63,服饰
U01390,ORD_U01390_004,2023-11-30,988.47,美妆
U01390,ORD_U01390_006,2023-12-02,951.93,美妆
U01390,ORD_U01390_010,2023-12-02,700.21,食品
U01390,ORD_U01390_009,2024-01-02,309.33,家居
U01390,ORD_U01390_007,2024-02-14,1006.67,食品
U01390,ORD_U01390_008,2024-02-16,1101.25,食品
U01390,ORD_U01390_013,2024-02-22,802.21,美妆
U01390,ORD_U01390_016,2024-03-17,926.86,数码
U01390,ORD_U01390_012,2024-03-21,518.43,数码
U01390,ORD_U01390_011,2024-03-25,525.85,美妆
U01390,ORD_U01390_017,2024-07-11,401.36,数码
U01390,ORD_U01390_015,2024-07-20,979.42,美妆
U01390,ORD_U01390_014,2024-08-06,1058.59,数码
U01391,ORD_U01391_000,2024-06-27,96.42,数码
U01392,ORD_U01392_000,2023-01-19,703.06,数码
U01392,ORD_U01392_001,2023-02-26,324.31,服饰
U01392,ORD_U01392_003,2023-03-31,447.0,家居
U01392,ORD_U01392_002,2023-04-16,685.44,数码
U01392,ORD_U01392_007,2023-05-17,332.94,家居
U01392,ORD_U01392_004,2023-06-08,566.0,服饰
U01392,ORD_U01392_009,2023-08-06,495.3,美妆
U01392,ORD_U01392_010,2023-09-05,620.88,食品
U01392,ORD_U01392_005,2023-09-16,197.05,食品
U01392,ORD_U01392_006,2023-10-10,414.41,服饰
U01392,ORD_U01392_008,2023-11-11,551.96,家居
U01392,ORD_U01392_013,2024-03-20,421.37,美妆
U01392,ORD_U01392_011,2024-04-20,455.32,数码
U01392,ORD_U01392_012,2024-06-29,324.67,家居
U01392,ORD_U01392_015,2024-07-08,431.79,数码
U01392,ORD_U01392_014,2024-09-30,432.75,美妆
U01393,ORD_U01393_000,2023-05-19,418.25,数码
U01393,ORD_U01393_001,2023-06-21,257.66,数码
U01393,ORD_U01393_002,2023-08-11,225.77,服饰
U01393,ORD_U01393_003,2023-09-04,145.44,家居
U01393,ORD_U01393_005,2023-10-02,424.61,数码
U01393,ORD_U01393_004,2023-10-23,478.47,家居
U01393,ORD_U01393_006,2023-10-25,528.55,美妆
U01393,ORD_U01393_008,2024-04-22,323.92,食品
U01393,ORD_U01393_007,2024-06-06,380.28,家居
U01394,ORD_U01394_000,2023-08-20,311.25,家居
U01394,ORD_U01394_001,2023-10-20,508.84,美妆
U01394,ORD_U01394_002,2023-10-27,637.65,食品
U01394,ORD_U01394_004,2023-12-07,388.29,美妆
U01394,ORD_U01394_003,2023-12-28,356.05,数码
U01394,ORD_U01394_005,2024-01-30,562.39,服饰
U01394,ORD_U01394_012,2024-02-26,258.07,食品
U01394,ORD_U01394_008,2024-04-03,329.22,服饰
U01394,ORD_U01394_007,2024-05-23,305.36,家居
U01394,ORD_U01394_006,2024-05-28,564.75,数码
U01394,ORD_U01394_011,2024-06-26,351.61,美妆
U01394,ORD_U01394_015,2024-07-05,353.15,美妆
U01394,ORD_U01394_010,2024-08-11,255.35,食品
U01394,ORD_U01394_016,2024-08-16,793.01,家居
U01394,ORD_U01394_009,2024-10-10,796.38,食品
U01394,ORD_U01394_014,2024-11-26,767.8,美妆
U01394,ORD_U01394_013,2025-01-31,456.46,家居
U01394,ORD_U01394_017,2025-09-17,742.09,食品
U01395,ORD_U01395_000,2023-06-04,374.13,家居
U01395,ORD_U01395_001,2023-06-25,422.74,服饰
U01395,ORD_U01395_002,2023-08-07,306.58,家居
U01395,ORD_U01395_003,2023-08-15,421.11,美妆
U01395,ORD_U01395_006,2023-09-21,135.8,美妆
U01395,ORD_U01395_004,2023-09-22,315.26,家居
U01395,ORD_U01395_009,2023-11-11,413.84,家居
U01395,ORD_U01395_012,2023-12-31,271.59,美妆
U01395,ORD_U01395_005,2024-01-10,286.63,美妆
U01395,ORD_U01395_010,2024-02-03,468.62,服饰
U01395,ORD_U01395_014,2024-02-15,273.86,数码
U01395,ORD_U01395_008,2024-03-01,384.15,食品
U01395,ORD_U01395_007,2024-03-31,406.11,服饰
U01395,ORD_U01395_013,2024-04-06,331.8,数码
U01395,ORD_U01395_011,2024-07-04,324.02,美妆
U01396,ORD_U01396_001,2024-09-17,394.08,家居
U01396,ORD_U01396_000,2024-09-26,351.17,数码
U01396,ORD_U01396_002,2024-10-06,536.43,家居
U01396,ORD_U01396_003,2024-12-08,353.43,数码
U01396,ORD_U01396_004,2024-12-18,722.27,食品
U01396,ORD_U01396_005,2024-12-19,339.71,数码
U01396,ORD_U01396_009,2025-01-02,308.87,数码
U01396,ORD_U01396_008,2025-01-13,631.46,食品
U01396,ORD_U01396_007,2025-02-12,455.28,服饰
U01396,ORD_U01396_010,2025-03-23,580.39,数码
U01396,ORD_U01396_011,2025-04-20,379.14,服饰
U01396,ORD_U01396_006,2025-05-17,505.07,食品
U01396,ORD_U01396_012,2025-09-08,204.3,数码
U01397,ORD_U01397_000,2023-05-06,58.55,数码
U01397,ORD_U01397_001,2023-07-03,92.45,家居
U01397,ORD_U01397_002,2023-07-27,154.98,数码
U01397,ORD_U01397_003,2023-07-27,210.41,美妆
U01397,ORD_U01397_004,2023-09-23,170.39,服饰
U01397,ORD_U01397_006,2023-11-26,194.85,家居
U01397,ORD_U01397_005,2024-03-03,157.03,食品
U01397,ORD_U01397_007,2024-06-11,174.82,食品
U01398,ORD_U01398_000,2023-08-08,31.82,美妆
U01398,ORD_U01398_001,2023-10-30,113.54,美妆
U01399,ORD_U01399_000,2024-06-23,355.96,数码
U01399,ORD_U01399_001,2024-07-13,188.43,数码
U01399,ORD_U01399_002,2024-07-22,392.91,食品
U01399,ORD_U01399_003,2024-09-25,538.79,数码
U01399,ORD_U01399_005,2024-09-30,399.86,家居
U01399,ORD_U01399_004,2024-10-28,240.19,美妆
U01399,ORD_U01399_006,2024-11-08,221.31,数码
U01399,ORD_U01399_008,2025-02-22,446.16,服饰
U01399,ORD_U01399_007,2025-03-17,218.67,数码
U01399,ORD_U01399_011,2025-04-30,417.6,美妆
U01399,ORD_U01399_010,2025-05-08,165.17,数码
U01399,ORD_U01399_009,2025-05-24,351.3,数码
U01400,ORD_U01400_000,2024-07-29,158.44,数码
U01400,ORD_U01400_001,2024-12-09,162.38,服饰
U01401,ORD_U01401_000,2023-09-22,150.42,食品
U01401,ORD_U01401_001,2023-10-08,377.08,美妆
U01401,ORD_U01401_002,2023-11-20,389.04,食品
U01401,ORD_U01401_003,2023-12-15,255.23,家居
U01401,ORD_U01401_005,2023-12-20,192.99,数码
U01401,ORD_U01401_004,2024-05-11,382.86,数码
U01402,ORD_U01402_000,2024-11-02,138.52,家居
U01402,ORD_U01402_001,2024-12-13,92.52,家居
U01402,ORD_U01402_002,2025-02-24,122.91,食品
U01403,ORD_U01403_000,2023-08-06,345.16,美妆
U01403,ORD_U01403_001,2023-09-16,123.94,服饰
U01403,ORD_U01403_002,2023-10-14,319.74,数码
U01404,ORD_U01404_000,2024-10-11,368.39,食品
U01404,ORD_U01404_002,2024-11-13,185.83,食品
U01404,ORD_U01404_001,2024-11-14,366.15,服饰
U01404,ORD_U01404_003,2024-12-17,160.33,美妆
U01404,ORD_U01404_004,2024-12-31,128.84,数码
U01404,ORD_U01404_005,2025-03-30,231.84,数码
U01405,ORD_U01405_000,2024-10-25,143.8,数码
U01405,ORD_U01405_001,2025-02-01,59.01,食品
U01405,ORD_U01405_002,2025-04-21,105.63,美妆
U01406,ORD_U01406_000,2024-10-13,32.18,服饰
U01406,ORD_U01406_001,2024-12-23,58.45,美妆
U01406,ORD_U01406_002,2025-03-09,63.67,家居
U01406,ORD_U01406_003,2025-06-30,61.43,食品
U01407,ORD_U01407_000,2023-07-29,291.07,服饰
U01407,ORD_U01407_001,2023-09-16,192.3,家居
U01407,ORD_U01407_002,2023-09-23,277.37,食品
U01407,ORD_U01407_004,2023-11-24,300.8,家居
U01407,ORD_U01407_003,2024-01-03,261.29,家居
U01407,ORD_U01407_005,2024-01-07,144.21,食品
U01408,ORD_U01408_000,2024-10-27,291.66,食品
U01408,ORD_U01408_002,2024-10-30,235.94,家居
U01408,ORD_U01408_001,2024-11-19,418.66,美妆
U01408,ORD_U01408_003,2025-03-05,292.0,服饰
U01409,ORD_U01409_000,2024-11-24,72.42,数码
U01409,ORD_U01409_001,2025-03-01,127.3,服饰
U01409,ORD_U01409_002,2025-06-09,81.81,美妆
U01409,ORD_U01409_003,2025-08-05,122.69,数码
U01410,ORD_U01410_001,2024-12-26,294.32,服饰
U01410,ORD_U01410_000,2024-12-27,851.79,数码
U01410,ORD_U01410_002,2025-02-24,721.4,家居
U01410,ORD_U01410_003,2025-03-08,899.72,家居
U01410,ORD_U01410_004,2025-03-28,406.74,家居
U01410,ORD_U01410_005,2025-05-07,699.23,数码
U01410,ORD_U01410_006,2025-05-12,461.59,美妆
U01410,ORD_U01410_007,2025-08-16,491.24,数码
U01411,ORD_U01411_000,2023-05-29,221.29,家居
U01411,ORD_U01411_001,2023-06-10,119.18,服饰
U01411,ORD_U01411_003,2023-09-21,248.89,数码
U01411,ORD_U01411_002,2023-10-12,175.43,家居
U01411,ORD_U01411_004,2023-10-14,155.23,食品
U01411,ORD_U01411_005,2023-10-30,291.41,美妆
U01411,ORD_U01411_007,2023-11-09,149.04,美妆
U01411,ORD_U01411_008,2023-12-16,111.87,家居
U01411,ORD_U01411_006,2023-12-25,309.11,美妆
U01412,ORD_U01412_000,2024-01-19,271.03,服饰
U01412,ORD_U01412_001,2024-03-11,222.72,家居
U01412,ORD_U01412_002,2024-03-26,318.81,食品
U01412,ORD_U01412_004,2024-04-29,272.2,数码
U01412,ORD_U01412_007,2024-05-22,158.78,美妆
U01412,ORD_U01412_003,2024-05-26,139.78,服饰
U01412,ORD_U01412_005,2024-07-13,266.43,食品
U01412,ORD_U01412_008,2024-07-28,278.76,食品
U01412,ORD_U01412_010,2024-08-11,164.21,家居
U01412,ORD_U01412_006,2024-08-16,202.93,美妆
U01412,ORD_U01412_009,2024-09-06,368.2,家居
U01412,ORD_U01412_016,2025-01-22,209.38,美妆
U01412,ORD_U01412_015,2025-01-28,316.54,服饰
U01412,ORD_U01412_011,2025-02-28,207.49,家居
U01412,ORD_U01412_018,2025-03-13,222.93,食品
U01412,ORD_U01412_012,2025-03-23,250.16,美妆
U01412,ORD_U01412_013,2025-08-25,207.89,食品
U01412,ORD_U01412_014,2025-10-11,310.27,家居
U01412,ORD_U01412_017,2025-10-27,99.13,食品
U01413,ORD_U01413_000,2024-07-13,197.44,数码
U01413,ORD_U01413_001,2024-08-10,195.08,数码
U01413,ORD_U01413_004,2024-09-05,211.64,美妆
U01413,ORD_U01413_002,2024-10-03,235.04,服饰
U01413,ORD_U01413_003,2024-11-26,76.81,美妆
U01414,ORD_U01414_000,2024-10-26,172.73,服饰
U01414,ORD_U01414_001,2024-11-12,96.76,家居
U01414,ORD_U01414_002,2024-11-16,264.55,家居
U01414,ORD_U01414_003,2024-12-13,182.4,服饰
U01414,ORD_U01414_007,2025-02-26,229.41,家居
U01414,ORD_U01414_008,2025-03-12,186.51,数码
U01414,ORD_U01414_005,2025-03-13,86.42,美妆
U01414,ORD_U01414_009,2025-03-18,197.66,食品
U01414,ORD_U01414_004,2025-03-29,321.12,美妆
U01414,ORD_U01414_006,2025-07-20,248.11,服饰
U01414,ORD_U01414_011,2025-08-26,248.37,食品
U01414,ORD_U01414_010,2025-10-03,196.95,食品
U01415,ORD_U01415_000,2024-07-26,188.26,服饰
U01416,ORD_U01416_000,2024-03-01,68.61,家居
U01416,ORD_U01416_001,2024-04-08,117.51,服饰
U01416,ORD_U01416_002,2024-05-24,58.93,数码
U01417,ORD_U01417_000,2024-06-30,60.13,家居
U01417,ORD_U01417_001,2024-09-03,61.83,美妆
U01417,ORD_U01417_002,2024-12-09,63.78,服饰
U01418,ORD_U01418_000,2024-06-14,425.11,数码
U01418,ORD_U01418_001,2024-07-18,286.85,服饰
U01418,ORD_U01418_002,2024-08-22,150.13,食品
U01419,ORD_U01419_000,2024-02-14,128.94,数码
U01419,ORD_U01419_001,2024-04-05,129.54,数码
U01419,ORD_U01419_002,2024-05-26,101.47,食品
U01419,ORD_U01419_003,2024-08-21,122.94,服饰
U01420,ORD_U01420_000,2024-09-10,45.02,服饰
U01421,ORD_U01421_000,2024-10-19,127.55,服饰
U01422,ORD_U01422_000,2023-04-14,191.23,美妆
U01422,ORD_U01422_001,2023-05-08,222.61,数码
U01422,ORD_U01422_004,2023-06-26,427.88,服饰
U01422,ORD_U01422_005,2023-07-06,355.42,服饰
U01422,ORD_U01422_002,2023-07-10,361.66,美妆
U01422,ORD_U01422_003,2023-08-24,346.97,数码
U01422,ORD_U01422_011,2023-10-12,438.15,食品
U01422,ORD_U01422_006,2023-12-03,253.65,服饰
U01422,ORD_U01422_009,2023-12-23,292.27,家居
U01422,ORD_U01422_007,2024-01-01,354.41,服饰
U01422,ORD_U01422_008,2024-03-17,332.06,美妆
U01422,ORD_U01422_013,2024-04-11,184.85,食品
U01422,ORD_U01422_010,2024-07-04,381.87,家居
U01422,ORD_U01422_012,2024-09-13,419.99,家居
U01422,ORD_U01422_014,2024-10-14,172.88,服饰
U01423,ORD_U01423_000,2024-08-23,71.26,数码
U01423,ORD_U01423_001,2024-11-29,55.93,美妆
U01424,ORD_U01424_000,2024-06-24,186.67,美妆
U01424,ORD_U01424_001,2024-08-10,93.98,服饰
U01424,ORD_U01424_002,2024-09-05,309.14,数码
U01424,ORD_U01424_003,2024-12-05,148.54,食品
U01425,ORD_U01425_000,2023-05-08,172.4,服饰
U01425,ORD_U01425_001,2023-06-02,180.53,食品
U01425,ORD_U01425_002,2023-07-24,139.39,数码
U01425,ORD_U01425_003,2023-12-24,120.15,数码
U01426,ORD_U01426_000,2024-08-10,1405.23,食品
U01426,ORD_U01426_001,2024-09-15,380.12,家居
U01426,ORD_U01426_004,2024-09-17,1448.98,美妆
U01426,ORD_U01426_002,2024-10-08,551.42,服饰
U01426,ORD_U01426_007,2024-10-09,710.92,服饰
U01426,ORD_U01426_003,2024-10-13,1365.0,食品
U01426,ORD_U01426_006,2024-11-14,904.85,美妆
U01426,ORD_U01426_011,2024-12-10,1327.85,家居
U01426,ORD_U01426_005,2024-12-11,589.81,美妆
U01426,ORD_U01426_019,2024-12-26,795.71,美妆
U01426,ORD_U01426_008,2025-01-03,1064.18,数码
U01426,ORD_U01426_012,2025-02-05,486.58,食品
U01426,ORD_U01426_010,2025-02-19,1279.32,美妆
U01426,ORD_U01426_017,2025-02-24,986.87,家居
U01426,ORD_U01426_014,2025-04-13,854.89,服饰
U01426,ORD_U01426_020,2025-04-13,1257.36,服饰
U01426,ORD_U01426_023,2025-04-14,723.75,家居
U01426,ORD_U01426_009,2025-04-30,660.68,美妆
U01426,ORD_U01426_021,2025-05-05,864.71,食品
U01426,ORD_U01426_018,2025-05-11,1203.39,数码
U01426,ORD_U01426_029,2025-06-24,1293.96,食品
U01426,ORD_U01426_013,2025-07-03,461.04,服饰
U01426,ORD_U01426_015,2025-08-25,494.98,家居
U01426,ORD_U01426_025,2025-12-03,532.08,美妆
U01426,ORD_U01426_024,2025-12-04,1236.11,服饰
U01426,ORD_U01426_022,2025-12-11,945.35,家居
U01426,ORD_U01426_016,2025-12-19,790.55,美妆
U01426,ORD_U01426_028,2026-03-15,1425.2,食品
U01426,ORD_U01426_027,2026-08-23,1449.03,美妆
U01426,ORD_U01426_026,2026-09-27,1337.19,美妆
U01426,ORD_U01426_030,2026-10-08,1435.58,美妆
U01427,ORD_U01427_000,2023-11-06,311.27,服饰
U01427,ORD_U01427_001,2024-01-12,230.82,家居
U01427,ORD_U01427_002,2024-01-31,336.25,食品
U01427,ORD_U01427_003,2024-02-20,230.86,数码
U01428,ORD_U01428_000,2023-10-20,419.44,食品
U01428,ORD_U01428_001,2023-12-03,745.64,服饰
U01428,ORD_U01428_002,2023-12-03,745.64,食品
U01428,ORD_U01428_003,2024-01-27,512.96,美妆
U01428,ORD_U01428_007,2024-02-22,624.72,食品
U01428,ORD_U01428_004,2024-02-25,741.98,服饰
U01428,ORD_U01428_005,2024-04-04,565.16,美妆
U01428,ORD_U01428_013,2024-05-30,872.57,数码
U01428,ORD_U01428_009,2024-06-18,828.74,美妆
U01428,ORD_U01428_015,2024-06-27,453.25,家居
U01428,ORD_U01428_006,2024-07-08,621.11,服饰
U01428,ORD_U01428_014,2024-08-05,493.87,美妆
U01428,ORD_U01428_016,2024-09-13,835.82,食品
U01428,ORD_U01428_008,2024-09-21,1028.37,美妆
U01428,ORD_U01428_011,2024-12-01,914.46,数码
U01428,ORD_U01428_010,2025-01-07,549.42,数码
U01428,ORD_U01428_012,2025-03-05,900.73,家居
U01428,ORD_U01428_017,2025-09-19,300.88,家居
U01429,ORD_U01429_000,2024-06-20,34.23,美妆
U01429,ORD_U01429_001,2024-08-18,40.12,服饰
U01429,ORD_U01429_002,2024-09-18,27.5,食品
U01430,ORD_U01430_000,2024-07-04,331.2,家居
U01430,ORD_U01430_001,2024-08-18,512.27,食品
U01430,ORD_U01430_002,2024-09-06,163.47,家居
U01430,ORD_U01430_004,2024-11-12,508.11,数码
U01430,ORD_U01430_003,2024-12-05,473.52,家居
U01431,ORD_U01431_000,2023-11-28,130.2,家居
U01431,ORD_U01431_001,2024-01-25,127.48,美妆
U01432,ORD_U01432_000,2023-03-12,28.65,美妆
U01433,ORD_U01433_000,2024-06-03,71.72,服饰
U01433,ORD_U01433_001,2024-07-18,81.02,食品
U01434,ORD_U01434_000,2023-10-30,146.25,服饰
U01434,ORD_U01434_001,2024-01-13,141.66,家居
U01434,ORD_U01434_002,2024-05-08,194.62,服饰
U01434,ORD_U01434_003,2024-05-09,123.64,服饰
U01435,ORD_U01435_000,2023-10-17,68.64,美妆
U01435,ORD_U01435_002,2023-12-12,42.28,美妆
U01435,ORD_U01435_001,2023-12-31,22.91,服饰
U01435,ORD_U01435_003,2024-07-02,55.52,数码
U01436,ORD_U01436_000,2024-01-31,52.57,服饰
U01436,ORD_U01436_001,2024-02-20,38.24,美妆
U01436,ORD_U01436_002,2024-05-10,38.61,家居
U01437,ORD_U01437_000,2023-03-15,327.79,数码
U01437,ORD_U01437_001,2023-04-06,228.47,美妆
U01437,ORD_U01437_002,2023-05-10,330.06,家居
U01438,ORD_U01438_000,2024-12-10,61.6,服饰
U01438,ORD_U01438_002,2025-01-06,51.04,服饰
U01438,ORD_U01438_001,2025-03-10,42.37,家居
U01439,ORD_U01439_000,2024-05-16,132.44,食品
U01439,ORD_U01439_001,2024-06-26,58.99,家居
U01439,ORD_U01439_002,2024-10-14,92.05,服饰
U01440,ORD_U01440_000,2024-06-09,241.31,食品
U01440,ORD_U01440_002,2024-07-20,117.22,服饰
U01440,ORD_U01440_001,2024-07-23,356.04,美妆
U01440,ORD_U01440_003,2024-11-11,282.33,数码
U01441,ORD_U01441_000,2025-02-03,84.65,家居
U01441,ORD_U01441_001,2025-02-18,135.18,食品
U01441,ORD_U01441_003,2025-04-25,87.35,服饰
U01441,ORD_U01441_002,2025-06-05,126.71,食品
U01442,ORD_U01442_000,2024-02-10,446.32,食品
U01442,ORD_U01442_002,2024-02-18,492.78,数码
U01442,ORD_U01442_001,2024-02-20,193.67,数码
U01442,ORD_U01442_003,2024-04-06,203.02,美妆
U01442,ORD_U01442_004,2024-04-09,520.2,食品
U01442,ORD_U01442_006,2024-04-19,230.62,食品
U01442,ORD_U01442_010,2024-06-05,341.07,美妆
U01442,ORD_U01442_005,2024-06-07,176.37,食品
U01442,ORD_U01442_017,2024-06-07,405.39,数码
U01442,ORD_U01442_016,2024-06-23,394.99,美妆
U01442,ORD_U01442_021,2024-06-23,544.24,食品
U01442,ORD_U01442_007,2024-06-27,203.24,服饰
U01442,ORD_U01442_013,2024-07-08,462.87,数码
U01442,ORD_U01442_011,2024-07-16,410.7,服饰
U01442,ORD_U01442_014,2024-07-17,444.74,服饰
U01442,ORD_U01442_008,2024-08-20,443.55,数码
U01442,ORD_U01442_024,2024-08-23,679.37,服饰
U01442,ORD_U01442_009,2024-10-11,600.98,食品
U01442,ORD_U01442_015,2024-11-09,673.15,家居
U01442,ORD_U01442_045,2024-12-14,503.34,美妆
U01442,ORD_U01442_012,2024-12-24,469.92,食品
U01442,ORD_U01442_018,2025-01-17,311.09,家居
U01442,ORD_U01442_029,2025-01-24,545.78,数码
U01442,ORD_U01442_019,2025-02-04,283.26,数码
U01442,ORD_U01442_037,2025-02-28,503.88,服饰
U01442,ORD_U01442_026,2025-03-25,186.34,美妆
U01442,ORD_U01442_040,2025-04-01,554.42,食品
U01442,ORD_U01442_023,2025-04-02,220.68,家居
U01442,ORD_U01442_036,2025-06-18,289.15,数码
U01442,ORD_U01442_033,2025-08-02,554.31,数码
U01442,ORD_U01442_027,2025-08-07,535.73,服饰
U01442,ORD_U01442_043,2025-08-09,627.06,美妆
U01442,ORD_U01442_020,2025-08-18,622.68,美妆
U01442,ORD_U01442_022,2025-09-24,318.11,家居
U01442,ORD_U01442_046,2025-11-02,603.4,美妆
U01442,ORD_U01442_025,2025-12-17,235.01,食品
U01442,ORD_U01442_028,2025-12-19,354.28,家居
U01442,ORD_U01442_039,2026-02-01,317.11,美妆
U01442,ORD_U01442_031,2026-02-11,447.13,服饰
U01442,ORD_U01442_030,2026-02-19,683.39,美妆
U01442,ORD_U01442_035,2026-03-12,372.48,美妆
U01442,ORD_U01442_041,2026-04-22,555.65,数码
U01442,ORD_U01442_032,2026-05-14,352.07,食品
U01442,ORD_U01442_042,2026-06-17,258.17,服饰
U01442,ORD_U01442_034,2026-09-12,574.96,服饰
U01442,ORD_U01442_044,2026-09-14,364.97,服饰
U01442,ORD_U01442_047,2026-10-15,461.38,服饰
U01442,ORD_U01442_038,2026-12-31,595.62,服饰
U01442,ORD_U01442_048,2027-01-29,577.37,美妆
U01442,ORD_U01442_049,2027-04-22,324.52,数码
U01443,ORD_U01443_000,2023-07-05,172.71,美妆
U01443,ORD_U01443_001,2023-07-24,401.2,美妆
U01443,ORD_U01443_002,2023-07-27,375.63,服饰
U01444,ORD_U01444_000,2023-02-26,586.66,食品
U01444,ORD_U01444_001,2023-03-22,320.01,食品
U01444,ORD_U01444_002,2023-04-24,370.0,家居
U01444,ORD_U01444_003,2023-05-20,592.88,服饰
U01444,ORD_U01444_005,2023-06-16,307.23,数码
U01444,ORD_U01444_004,2023-06-27,284.31,美妆
U01444,ORD_U01444_007,2023-07-13,668.77,家居
U01444,ORD_U01444_006,2023-08-10,363.14,服饰
U01444,ORD_U01444_012,2023-08-20,848.46,食品
U01444,ORD_U01444_009,2023-09-27,533.97,食品
U01444,ORD_U01444_010,2023-10-16,663.31,数码
U01444,ORD_U01444_011,2023-10-19,501.55,家居
U01444,ORD_U01444_008,2023-11-16,888.55,美妆
U01444,ORD_U01444_013,2024-07-07,589.56,服饰
U01445,ORD_U01445_000,2023-05-29,499.63,数码
U01445,ORD_U01445_001,2023-06-08,619.55,食品
U01445,ORD_U01445_002,2023-08-01,728.57,家居
U01445,ORD_U01445_004,2023-09-05,358.78,家居
U01445,ORD_U01445_005,2023-09-09,249.84,服饰
U01445,ORD_U01445_003,2023-10-11,556.07,服饰
U01445,ORD_U01445_006,2023-12-21,727.64,服饰
U01445,ORD_U01445_010,2023-12-27,358.73,食品
U01445,ORD_U01445_009,2024-03-18,544.0,数码
U01445,ORD_U01445_007,2024-03-20,667.64,服饰
U01445,ORD_U01445_008,2024-04-12,637.82,美妆
U01446,ORD_U01446_000,2024-02-24,129.69,食品
U01446,ORD_U01446_001,2024-05-30,102.73,服饰
U01447,ORD_U01447_000,2024-12-08,26.58,服饰
U01447,ORD_U01447_001,2025-04-13,56.87,服饰
U01447,ORD_U01447_002,2025-06-05,18.31,服饰
U01447,ORD_U01447_003,2025-07-22,48.4,数码
U01448,ORD_U01448_000,2023-04-11,100.39,食品
U01448,ORD_U01448_001,2023-05-20,163.33,美妆
U01448,ORD_U01448_002,2023-07-10,151.48,服饰
U01449,ORD_U01449_001,2024-08-23,69.27,家居
U01449,ORD_U01449_000,2024-09-29,38.66,家居
U01449,ORD_U01449_003,2025-01-23,74.93,美妆
U01449,ORD_U01449_002,2025-02-13,37.58,数码
U01450,ORD_U01450_000,2023-04-24,63.16,家居
U01450,ORD_U01450_001,2023-07-01,140.27,服饰
U01450,ORD_U01450_004,2023-07-29,140.16,食品
U01450,ORD_U01450_003,2023-08-09,67.35,服饰
U01450,ORD_U01450_002,2023-08-25,66.82,美妆
U01450,ORD_U01450_005,2023-12-24,66.25,数码
U01451,ORD_U01451_000,2024-05-18,630.72,美妆
U01451,ORD_U01451_002,2024-06-27,441.3,家居
U01451,ORD_U01451_001,2024-06-29,245.83,服饰
U01451,ORD_U01451_003,2024-09-01,656.02,食品
U01451,ORD_U01451_004,2024-11-13,664.26,美妆
U01451,ORD_U01451_006,2024-11-28,536.66,服饰
U01451,ORD_U01451_005,2025-01-05,496.76,美妆
U01451,ORD_U01451_007,2025-01-05,444.05,食品
U01451,ORD_U01451_009,2025-01-13,431.28,家居
U01451,ORD_U01451_008,2025-04-14,446.0,服饰
U01451,ORD_U01451_010,2025-08-10,495.53,数码
U01452,ORD_U01452_001,2024-09-19,120.8,服饰
U01452,ORD_U01452_000,2024-10-13,123.95,数码
U01453,ORD_U01453_000,2023-08-31,153.96,数码
U01453,ORD_U01453_001,2024-01-13,100.59,食品
U01453,ORD_U01453_002,2024-03-13,82.61,家居
U01453,ORD_U01453_003,2024-04-22,133.98,食品
U01454,ORD_U01454_000,2024-02-13,713.21,食品
U01454,ORD_U01454_001,2024-02-25,1320.73,美妆
U01454,ORD_U01454_002,2024-03-18,597.14,家居
U01454,ORD_U01454_005,2024-03-31,2017.9,美妆
U01454,ORD_U01454_004,2024-04-06,1991.8,服饰
U01454,ORD_U01454_003,2024-04-19,1102.34,美妆
U01454,ORD_U01454_008,2024-05-05,1229.59,美妆
U01454,ORD_U01454_007,2024-05-21,1595.43,美妆
U01454,ORD_U01454_012,2024-06-17,2290.99,食品
U01454,ORD_U01454_014,2024-07-02,1588.05,数码
U01454,ORD_U01454_006,2024-07-09,1076.69,美妆
U01454,ORD_U01454_013,2024-07-20,957.76,服饰
U01454,ORD_U01454_010,2024-08-19,655.45,数码
U01454,ORD_U01454_015,2024-08-19,2309.74,服饰
U01454,ORD_U01454_011,2024-09-12,826.26,家居
U01454,ORD_U01454_009,2024-11-03,773.22,家居
U01454,ORD_U01454_018,2024-12-09,1251.74,数码
U01454,ORD_U01454_016,2025-04-06,2206.06,服饰
U01454,ORD_U01454_017,2025-05-19,1081.56,数码
U01454,ORD_U01454_020,2025-05-20,2290.45,家居
U01454,ORD_U01454_019,2025-05-31,1336.67,食品
U01455,ORD_U01455_000,2023-12-13,101.73,食品
U01456,ORD_U01456_000,2024-04-30,71.92,家居
U01456,ORD_U01456_001,2024-07-30,107.77,家居
U01456,ORD_U01456_002,2024-07-30,134.97,服饰
U01457,ORD_U01457_000,2023-10-16,102.89,数码
U01457,ORD_U01457_001,2023-11-15,114.12,数码
U01458,ORD_U01458_000,2024-07-16,222.22,食品
U01458,ORD_U01458_001,2024-09-18,82.45,美妆
U01458,ORD_U01458_003,2024-11-01,145.8,家居
U01458,ORD_U01458_002,2024-11-07,226.85,服饰
U01458,ORD_U01458_004,2024-12-18,191.17,数码
U01459,ORD_U01459_000,2023-05-07,90.61,数码
U01459,ORD_U01459_001,2023-07-03,140.7,食品
U01459,ORD_U01459_002,2023-10-08,145.2,家居
U01459,ORD_U01459_003,2023-10-12,99.19,数码
U01459,ORD_U01459_004,2023-10-20,65.68,数码
U01459,ORD_U01459_005,2024-02-05,155.31,美妆
U01460,ORD_U01460_000,2024-10-18,69.13,食品
U01460,ORD_U01460_001,2025-03-07,61.99,数码
U01460,ORD_U01460_003,2025-03-25,42.23,美妆
U01460,ORD_U01460_002,2025-04-16,30.11,服饰
U01461,ORD_U01461_000,2023-10-08,146.81,食品
U01461,ORD_U01461_001,2024-01-07,110.12,美妆
U01461,ORD_U01461_002,2024-03-18,100.7,家居
U01461,ORD_U01461_003,2024-07-31,63.87,食品
U01462,ORD_U01462_000,2024-04-12,143.23,美妆
U01462,ORD_U01462_001,2024-05-17,207.04,服饰
U01462,ORD_U01462_002,2024-05-18,229.07,美妆
U01462,ORD_U01462_003,2024-06-30,130.35,美妆
U01463,ORD_U01463_000,2024-05-25,19.89,家居
U01463,ORD_U01463_001,2024-08-03,50.78,数码
U01464,ORD_U01464_000,2023-09-13,84.39,美妆
U01464,ORD_U01464_001,2024-01-11,176.74,服饰
U01464,ORD_U01464_002,2024-02-26,175.95,数码
U01465,ORD_U01465_001,2023-09-13,880.73,数码
U01465,ORD_U01465_000,2023-09-27,1206.65,美妆
U01465,ORD_U01465_002,2023-11-05,944.75,家居
U01465,ORD_U01465_009,2023-12-03,684.29,数码
U01465,ORD_U01465_003,2023-12-05,752.77,美妆
U01465,ORD_U01465_004,2023-12-21,1090.32,美妆
U01465,ORD_U01465_005,2023-12-28,1284.48,食品
U01465,ORD_U01465_015,2023-12-28,446.97,数码
U01465,ORD_U01465_008,2024-02-13,816.49,家居
U01465,ORD_U01465_023,2024-02-21,1090.5,数码
U01465,ORD_U01465_006,2024-03-01,1511.4,数码
U01465,ORD_U01465_007,2024-03-16,1630.99,食品
U01465,ORD_U01465_012,2024-03-25,949.27,美妆
U01465,ORD_U01465_010,2024-05-02,1265.58,食品
U01465,ORD_U01465_013,2024-05-16,661.16,食品
U01465,ORD_U01465_021,2024-05-16,1273.78,家居
U01465,ORD_U01465_011,2024-05-25,1130.06,食品
U01465,ORD_U01465_025,2024-06-01,802.78,食品
U01465,ORD_U01465_017,2024-06-10,566.61,美妆
U01465,ORD_U01465_016,2024-06-11,1065.35,数码
U01465,ORD_U01465_014,2024-07-07,840.5,食品
U01465,ORD_U01465_039,2024-07-24,1626.14,数码
U01465,ORD_U01465_041,2024-08-06,989.56,美妆
U01465,ORD_U01465_019,2024-08-11,1038.62,家居
U01465,ORD_U01465_026,2024-09-10,1555.27,服饰
U01465,ORD_U01465_033,2024-10-13,1156.76,家居
U01465,ORD_U01465_036,2024-11-06,1560.56,数码
U01465,ORD_U01465_032,2024-11-09,1160.56,数码
U01465,ORD_U01465_034,2024-12-06,659.13,数码
U01465,ORD_U01465_022,2025-01-10,1519.86,数码
U01465,ORD_U01465_040,2025-01-15,837.22,服饰
U01465,ORD_U01465_029,2025-02-06,478.37,家居
U01465,ORD_U01465_018,2025-02-10,433.34,数码
U01465,ORD_U01465_020,2025-04-24,847.63,美妆
U01465,ORD_U01465_027,2025-04-26,686.91,服饰
U01465,ORD_U01465_024,2025-06-09,694.87,美妆
U01465,ORD_U01465_031,2025-07-07,1571.65,食品
U01465,ORD_U01465_038,2025-08-08,976.54,服饰
U01465,ORD_U01465_035,2025-09-06,746.33,服饰
U01465,ORD_U01465_030,2025-09-12,497.57,美妆
U01465,ORD_U01465_028,2025-09-19,731.19,数码
U01465,ORD_U01465_037,2026-02-25,1478.3,家居
U01466,ORD_U01466_000,2024-03-19,147.96,数码
U01466,ORD_U01466_001,2024-05-10,128.91,数码
U01466,ORD_U01466_002,2024-06-15,168.45,家居
U01466,ORD_U01466_005,2024-07-04,123.27,食品
U01466,ORD_U01466_003,2024-07-07,287.98,食品
U01466,ORD_U01466_004,2024-07-16,96.79,食品
U01466,ORD_U01466_006,2024-12-10,284.52,家居
U01466,ORD_U01466_007,2024-12-31,254.77,数码
U01466,ORD_U01466_008,2025-01-07,75.63,服饰
U01466,ORD_U01466_009,2025-04-21,186.42,数码
U01466,ORD_U01466_010,2025-05-18,182.26,服饰
U01466,ORD_U01466_011,2025-07-06,269.14,服饰
U01467,ORD_U01467_000,2023-05-04,190.06,家居
U01467,ORD_U01467_001,2023-05-14,225.96,家居
U01467,ORD_U01467_002,2023-06-02,164.32,家居
U01468,ORD_U01468_001,2023-05-22,351.77,美妆
U01468,ORD_U01468_000,2023-05-24,374.71,家居
U01468,ORD_U01468_002,2023-06-25,131.05,家居
U01468,ORD_U01468_003,2023-08-08,195.92,服饰
U01468,ORD_U01468_004,2023-11-01,348.19,数码
U01469,ORD_U01469_000,2024-04-27,109.81,食品
U01469,ORD_U01469_001,2024-06-01,40.8,美妆
U01470,ORD_U01470_000,2023-10-04,244.38,数码
U01470,ORD_U01470_001,2023-11-02,520.84,服饰
U01470,ORD_U01470_002,2023-12-14,420.51,数码
U01470,ORD_U01470_003,2024-01-01,522.75,食品
U01470,ORD_U01470_004,2024-02-10,700.36,数码
U01470,ORD_U01470_007,2024-03-20,541.74,家居
U01470,ORD_U01470_005,2024-04-08,623.76,家居
U01470,ORD_U01470_010,2024-04-13,581.91,美妆
U01470,ORD_U01470_006,2024-05-28,433.52,美妆
U01470,ORD_U01470_008,2024-09-05,393.65,服饰
U01470,ORD_U01470_009,2024-09-05,452.2,家居
U01470,ORD_U01470_012,2024-09-07,598.61,数码
U01470,ORD_U01470_011,2024-09-21,346.99,食品
U01470,ORD_U01470_013,2024-11-18,433.89,家居
U01470,ORD_U01470_014,2024-12-01,547.02,数码
U01470,ORD_U01470_016,2025-02-24,464.04,数码
U01470,ORD_U01470_015,2025-08-04,615.22,服饰
U01470,ORD_U01470_017,2025-09-08,285.51,服饰
U01470,ORD_U01470_018,2025-10-02,474.37,服饰
U01471,ORD_U01471_000,2025-01-11,46.04,食品
U01471,ORD_U01471_002,2025-03-11,58.7,美妆
U01471,ORD_U01471_001,2025-03-23,97.87,数码
U01472,ORD_U01472_000,2023-11-18,44.39,家居
U01473,ORD_U01473_000,2023-05-21,317.48,家居
U01473,ORD_U01473_001,2023-06-17,330.63,服饰
U01473,ORD_U01473_002,2023-07-29,289.9,食品
U01473,ORD_U01473_003,2023-10-04,366.27,服饰
U01473,ORD_U01473_005,2023-12-12,366.25,家居
U01473,ORD_U01473_004,2023-12-27,342.91,服饰
U01474,ORD_U01474_000,2023-10-15,49.21,服饰
U01474,ORD_U01474_001,2023-12-19,106.2,食品
U01474,ORD_U01474_002,2024-01-09,89.75,服饰
U01475,ORD_U01475_000,2024-10-30,457.31,食品
U01475,ORD_U01475_001,2025-01-02,156.3,美妆
U01475,ORD_U01475_002,2025-01-25,398.34,数码
U01475,ORD_U01475_003,2025-03-05,233.9,家居
U01475,ORD_U01475_005,2025-03-28,478.48,服饰
U01475,ORD_U01475_006,2025-05-16,223.71,美妆
U01475,ORD_U01475_004,2025-05-18,183.76,美妆
U01476,ORD_U01476_000,2024-09-13,590.67,服饰
U01476,ORD_U01476_001,2024-10-19,820.21,食品
U01476,ORD_U01476_002,2024-11-21,636.06,服饰
U01476,ORD_U01476_004,2025-01-06,618.38,美妆
U01476,ORD_U01476_003,2025-01-25,357.76,家居
U01476,ORD_U01476_008,2025-03-18,321.98,美妆
U01476,ORD_U01476_005,2025-05-14,540.29,数码
U01476,ORD_U01476_007,2025-05-21,914.23,美妆
U01476,ORD_U01476_006,2025-06-15,656.47,美妆
U01476,ORD_U01476_009,2025-09-21,762.76,数码
U01477,ORD_U01477_000,2023-02-26,164.92,家居
U01477,ORD_U01477_001,2023-06-01,118.23,美妆
U01478,ORD_U01478_000,2023-12-08,67.48,家居
U01478,ORD_U01478_001,2023-12-27,114.86,美妆
U01479,ORD_U01479_000,2024-06-06,231.52,食品
U01479,ORD_U01479_002,2024-06-18,292.26,服饰
U01479,ORD_U01479_001,2024-06-27,110.15,数码
U01480,ORD_U01480_000,2024-08-13,453.48,服饰
U01480,ORD_U01480_002,2024-09-25,421.32,食品
U01480,ORD_U01480_001,2024-10-06,263.33,服饰
U01480,ORD_U01480_004,2024-10-29,461.57,食品
U01480,ORD_U01480_003,2024-12-03,334.72,家居
U01480,ORD_U01480_005,2025-01-18,229.42,食品
U01480,ORD_U01480_008,2025-05-06,335.4,数码
U01480,ORD_U01480_009,2025-06-13,181.08,美妆
U01480,ORD_U01480_006,2025-07-01,382.07,家居
U01480,ORD_U01480_007,2025-08-26,389.9,美妆
U01481,ORD_U01481_000,2023-11-06,336.48,家居
U01481,ORD_U01481_001,2023-12-16,330.35,服饰
U01481,ORD_U01481_003,2023-12-24,118.83,食品
U01481,ORD_U01481_002,2024-01-12,364.67,数码
U01481,ORD_U01481_005,2024-01-12,147.51,服饰
U01481,ORD_U01481_004,2024-01-17,218.17,服饰
U01482,ORD_U01482_000,2023-10-09,279.55,服饰
U01482,ORD_U01482_001,2023-11-04,276.4,食品
U01482,ORD_U01482_002,2023-12-31,392.66,美妆
U01482,ORD_U01482_008,2024-02-10,573.0,服饰
U01482,ORD_U01482_003,2024-03-22,462.34,食品
U01482,ORD_U01482_004,2024-03-22,440.93,数码
U01482,ORD_U01482_007,2024-04-05,380.24,美妆
U01482,ORD_U01482_005,2024-05-27,488.32,服饰
U01482,ORD_U01482_006,2024-09-24,200.98,美妆
U01483,ORD_U01483_000,2024-03-26,205.74,食品
U01483,ORD_U01483_001,2024-05-08,200.88,服饰
U01483,ORD_U01483_002,2024-05-25,142.92,服饰
U01483,ORD_U01483_004,2024-07-31,147.31,食品
U01483,ORD_U01483_003,2024-08-24,123.16,数码
U01483,ORD_U01483_005,2025-02-10,67.27,美妆
U01483,ORD_U01483_006,2025-02-15,191.17,食品
U01484,ORD_U01484_000,2024-07-17,68.08,家居
U01485,ORD_U01485_000,2024-08-27,537.36,食品
U01485,ORD_U01485_001,2024-09-29,216.11,数码
U01485,ORD_U01485_002,2024-10-08,589.24,数码
U01485,ORD_U01485_003,2024-10-10,355.33,服饰
U01485,ORD_U01485_005,2024-10-23,559.31,食品
U01485,ORD_U01485_004,2024-12-05,629.27,数码
U01485,ORD_U01485_008,2024-12-05,431.06,服饰
U01485,ORD_U01485_006,2024-12-09,527.96,家居
U01485,ORD_U01485_013,2024-12-09,569.42,食品
U01485,ORD_U01485_009,2024-12-15,418.43,食品
U01485,ORD_U01485_011,2024-12-16,421.52,数码
U01485,ORD_U01485_007,2024-12-28,390.97,服饰
U01485,ORD_U01485_010,2025-01-27,530.93,美妆
U01485,ORD_U01485_014,2025-05-03,655.84,美妆
U01485,ORD_U01485_012,2025-07-12,554.73,美妆
U01485,ORD_U01485_015,2025-10-04,637.62,食品
U01486,ORD_U01486_000,2024-10-07,58.22,食品
U01486,ORD_U01486_001,2024-12-04,151.07,数码
U01487,ORD_U01487_000,2024-07-13,1043.38,美妆
U01487,ORD_U01487_002,2024-07-26,1056.05,家居
U01487,ORD_U01487_001,2024-08-08,480.87,数码
U01487,ORD_U01487_003,2024-09-22,808.94,家居
U01487,ORD_U01487_005,2024-09-25,618.17,数码
U01487,ORD_U01487_013,2024-10-23,407.89,家居
U01487,ORD_U01487_004,2024-10-28,1031.29,数码
U01487,ORD_U01487_006,2024-10-29,1010.63,数码
U01487,ORD_U01487_007,2024-10-30,597.73,家居
U01487,ORD_U01487_010,2024-11-01,1079.21,家居
U01487,ORD_U01487_011,2024-12-02,400.25,食品
U01487,ORD_U01487_019,2025-01-10,829.8,数码
U01487,ORD_U01487_008,2025-02-15,795.29,服饰
U01487,ORD_U01487_020,2025-03-13,669.54,食品
U01487,ORD_U01487_014,2025-03-28,421.05,食品
U01487,ORD_U01487_009,2025-04-16,434.97,服饰
U01487,ORD_U01487_012,2025-04-21,495.78,美妆
U01487,ORD_U01487_022,2025-06-11,469.17,家居
U01487,ORD_U01487_017,2025-07-18,776.56,数码
U01487,ORD_U01487_018,2025-08-05,689.45,美妆
U01487,ORD_U01487_021,2025-08-16,810.43,家居
U01487,ORD_U01487_015,2025-08-22,320.77,美妆
U01487,ORD_U01487_016,2025-08-30,932.26,服饰
U01487,ORD_U01487_023,2026-01-01,714.32,数码
U01488,ORD_U01488_000,2024-06-28,173.12,食品
U01488,ORD_U01488_001,2024-09-07,159.95,数码
U01489,ORD_U01489_000,2024-09-02,33.02,数码
U01489,ORD_U01489_001,2024-12-09,95.55,家居
U01489,ORD_U01489_002,2025-02-26,95.15,食品
U01490,ORD_U01490_000,2025-01-24,89.87,食品
U01491,ORD_U01491_000,2024-05-30,580.17,家居
U01491,ORD_U01491_001,2024-06-23,850.3,服饰
U01491,ORD_U01491_002,2024-07-07,369.72,食品
U01491,ORD_U01491_003,2024-08-10,487.49,服饰
U01491,ORD_U01491_005,2024-09-02,669.85,服饰
U01491,ORD_U01491_004,2024-10-22,312.74,美妆
U01491,ORD_U01491_007,2024-11-21,736.25,美妆
U01491,ORD_U01491_006,2024-12-06,306.77,食品
U01491,ORD_U01491_008,2025-01-06,447.24,美妆
U01491,ORD_U01491_009,2025-02-16,254.8,美妆
U01491,ORD_U01491_010,2025-06-11,529.67,食品
U01491,ORD_U01491_013,2025-06-13,715.64,数码
U01491,ORD_U01491_011,2025-08-31,808.72,数码
U01491,ORD_U01491_016,2025-09-24,295.21,服饰
U01491,ORD_U01491_012,2025-09-26,679.19,食品
U01491,ORD_U01491_015,2025-10-11,691.04,食品
U01491,ORD_U01491_014,2025-11-15,876.1,数码
U01492,ORD_U01492_000,2023-11-25,67.95,服饰
U01492,ORD_U01492_001,2024-01-02,84.33,服饰
U01492,ORD_U01492_003,2024-02-19,50.1,美妆
U01492,ORD_U01492_002,2024-03-12,81.32,服饰
U01493,ORD_U01493_000,2024-06-26,147.68,家居
U01493,ORD_U01493_002,2024-11-25,62.66,美妆
U01493,ORD_U01493_001,2024-12-04,44.91,服饰
U01494,ORD_U01494_000,2024-04-10,37.33,美妆
U01494,ORD_U01494_001,2024-06-14,23.47,美妆
U01495,ORD_U01495_000,2023-09-04,60.85,数码
U01496,ORD_U01496_000,2023-09-16,209.92,食品
U01496,ORD_U01496_001,2023-11-10,188.69,美妆
U01496,ORD_U01496_002,2023-11-27,184.87,数码
U01496,ORD_U01496_005,2023-12-01,223.09,服饰
U01496,ORD_U01496_004,2024-01-11,299.44,食品
U01496,ORD_U01496_003,2024-02-11,321.83,数码
U01496,ORD_U01496_006,2024-09-07,275.75,数码
U01496,ORD_U01496_007,2024-10-20,227.39,服饰
U01497,ORD_U01497_000,2023-08-03,45.67,食品
U01497,ORD_U01497_001,2023-09-17,69.39,美妆
U01497,ORD_U01497_002,2024-02-11,85.45,数码
U01498,ORD_U01498_000,2024-02-15,37.34,家居
U01498,ORD_U01498_001,2024-04-02,26.39,美妆
U01498,ORD_U01498_003,2024-06-06,53.98,家居
U01498,ORD_U01498_002,2024-08-13,37.78,数码
U01499,ORD_U01499_000,2024-11-07,186.7,美妆
U01499,ORD_U01499_001,2025-01-31,206.9,食品
U01499,ORD_U01499_002,2025-06-08,156.2,数码
U01500,ORD_U01500_000,2024-01-27,213.68,食品
U01500,ORD_U01500_001,2024-02-17,107.99,家居
U01500,ORD_U01500_002,2024-04-24,201.26,食品
U01501,ORD_U01501_000,2024-12-05,149.9,食品
U01501,ORD_U01501_001,2025-03-09,81.56,服饰
U01502,ORD_U01502_000,2024-01-30,68.12,数码
U01502,ORD_U01502_001,2024-04-05,51.69,家居
U01503,ORD_U01503_000,2023-04-08,28.11,家居
U01503,ORD_U01503_001,2023-05-18,75.55,数码
U01504,ORD_U01504_000,2024-05-17,37.1,美妆
U01504,ORD_U01504_001,2024-08-06,76.09,美妆
U01505,ORD_U01505_000,2024-07-29,131.95,美妆
U01505,ORD_U01505_001,2024-09-06,200.82,美妆
U01505,ORD_U01505_002,2024-09-17,204.7,服饰
U01505,ORD_U01505_004,2024-12-20,164.14,服饰
U01505,ORD_U01505_005,2025-01-13,162.6,美妆
U01505,ORD_U01505_003,2025-01-16,114.57,服饰
U01505,ORD_U01505_008,2025-03-23,185.79,美妆
U01505,ORD_U01505_007,2025-03-26,198.78,美妆
U01505,ORD_U01505_006,2025-06-10,200.79,服饰
U01505,ORD_U01505_009,2025-10-18,86.72,食品
U01506,ORD_U01506_000,2024-07-28,50.58,家居
U01506,ORD_U01506_001,2024-10-20,59.45,食品
U01506,ORD_U01506_002,2024-12-20,20.75,美妆
U01506,ORD_U01506_003,2025-01-31,51.46,数码
U01507,ORD_U01507_000,2025-01-17,118.12,家居
U01508,ORD_U01508_000,2024-01-31,310.55,家居
U01508,ORD_U01508_002,2024-03-12,205.78,美妆
U01508,ORD_U01508_001,2024-04-13,239.19,家居
U01508,ORD_U01508_003,2024-04-24,184.6,食品
U01509,ORD_U01509_000,2023-12-17,210.76,美妆
U01509,ORD_U01509_001,2024-01-29,476.47,家居
U01509,ORD_U01509_002,2024-03-11,369.11,服饰
U01509,ORD_U01509_003,2024-06-04,307.25,数码
U01510,ORD_U01510_000,2023-03-01,45.31,服饰
U01510,ORD_U01510_001,2023-04-25,75.55,食品
U01510,ORD_U01510_002,2023-07-05,47.42,数码
U01510,ORD_U01510_003,2023-08-15,71.8,家居
U01511,ORD_U01511_000,2023-04-20,50.99,服饰
U01512,ORD_U01512_000,2024-08-02,374.44,服饰
U01512,ORD_U01512_001,2024-09-08,331.32,数码
U01512,ORD_U01512_002,2024-10-12,369.79,服饰
U01512,ORD_U01512_003,2024-10-26,322.01,数码
U01512,ORD_U01512_004,2024-11-06,253.85,数码
U01512,ORD_U01512_006,2024-11-19,158.75,美妆
U01512,ORD_U01512_007,2024-12-13,520.86,数码
U01512,ORD_U01512_010,2025-01-31,336.93,食品
U01512,ORD_U01512_008,2025-02-04,588.64,美妆
U01512,ORD_U01512_005,2025-02-11,508.99,服饰
U01512,ORD_U01512_009,2025-02-26,398.67,数码
U01512,ORD_U01512_014,2025-08-02,322.09,食品
U01512,ORD_U01512_011,2025-10-01,255.97,服饰
U01512,ORD_U01512_012,2025-10-11,523.06,食品
U01512,ORD_U01512_015,2025-12-05,504.14,服饰
U01512,ORD_U01512_013,2026-02-07,384.75,数码
U01512,ORD_U01512_016,2026-07-24,474.6,服饰
U01513,ORD_U01513_000,2023-08-20,37.14,家居
U01513,ORD_U01513_002,2023-11-27,90.24,食品
U01513,ORD_U01513_001,2023-12-07,33.64,家居
U01514,ORD_U01514_001,2024-06-04,40.45,食品
U01514,ORD_U01514_000,2024-06-09,92.14,美妆
U01514,ORD_U01514_002,2024-08-13,48.78,家居
U01514,ORD_U01514_003,2024-10-10,70.62,美妆
U01515,ORD_U01515_000,2023-06-02,210.41,食品
U01515,ORD_U01515_001,2023-08-02,456.49,家居
U01515,ORD_U01515_002,2023-09-19,449.82,数码
U01515,ORD_U01515_004,2023-10-30,495.37,美妆
U01515,ORD_U01515_003,2023-11-15,427.95,美妆
U01515,ORD_U01515_005,2024-01-18,229.52,数码
U01516,ORD_U01516_000,2023-09-05,290.22,数码
U01516,ORD_U01516_001,2023-11-16,335.75,美妆
U01516,ORD_U01516_002,2023-12-13,220.37,服饰
U01517,ORD_U01517_000,2024-05-02,107.73,数码
U01517,ORD_U01517_001,2024-06-25,177.22,服饰
U01517,ORD_U01517_002,2024-10-13,183.58,美妆
U01517,ORD_U01517_003,2024-12-25,57.68,数码
U01518,ORD_U01518_000,2023-02-25,103.98,家居
U01519,ORD_U01519_000,2023-05-15,69.44,美妆
U01519,ORD_U01519_001,2023-07-12,148.07,数码
U01519,ORD_U01519_002,2023-08-12,165.89,食品
U01520,ORD_U01520_000,2023-02-05,174.79,数码
U01520,ORD_U01520_001,2023-03-19,289.96,美妆
U01520,ORD_U01520_002,2023-03-21,231.54,数码
U01520,ORD_U01520_003,2023-06-08,342.64,食品
U01520,ORD_U01520_006,2023-06-22,187.45,服饰
U01520,ORD_U01520_004,2023-07-21,267.6,美妆
U01520,ORD_U01520_005,2023-08-11,110.63,家居
U01520,ORD_U01520_008,2023-09-05,143.24,家居
U01520,ORD_U01520_011,2023-11-03,383.77,服饰
U01520,ORD_U01520_007,2023-12-21,340.52,家居
U01520,ORD_U01520_015,2024-01-05,171.4,数码
U01520,ORD_U01520_013,2024-01-25,148.69,美妆
U01520,ORD_U01520_009,2024-02-23,164.56,数码
U01520,ORD_U01520_018,2024-03-09,323.04,服饰
U01520,ORD_U01520_010,2024-04-01,173.72,家居
U01520,ORD_U01520_017,2024-05-23,158.1,美妆
U01520,ORD_U01520_016,2024-05-27,122.27,服饰
U01520,ORD_U01520_012,2024-06-23,296.23,美妆
U01520,ORD_U01520_014,2024-07-25,127.77,服饰
U01521,ORD_U01521_000,2023-08-27,239.4,食品
U01521,ORD_U01521_001,2023-09-20,104.67,数码
U01521,ORD_U01521_003,2023-11-04,218.12,美妆
U01521,ORD_U01521_002,2023-11-05,165.74,家居
U01521,ORD_U01521_005,2024-02-05,76.92,食品
U01521,ORD_U01521_004,2024-03-21,161.12,食品
U01521,ORD_U01521_006,2024-05-27,189.6,美妆
U01522,ORD_U01522_000,2023-12-23,78.64,数码
U01523,ORD_U01523_000,2023-12-16,296.23,家居
U01523,ORD_U01523_001,2024-01-22,464.15,食品
U01523,ORD_U01523_002,2024-02-13,464.46,数码
U01523,ORD_U01523_005,2024-03-09,513.96,服饰
U01523,ORD_U01523_003,2024-04-02,421.45,服饰
U01523,ORD_U01523_004,2024-04-20,365.03,家居
U01523,ORD_U01523_006,2024-07-15,263.79,服饰
U01523,ORD_U01523_007,2024-07-25,244.37,美妆
U01524,ORD_U01524_000,2023-10-24,189.93,家居
U01524,ORD_U01524_001,2024-01-28,148.43,食品
U01525,ORD_U01525_000,2024-02-15,272.16,数码
U01525,ORD_U01525_002,2024-05-06,160.95,美妆
U01525,ORD_U01525_001,2024-05-15,344.83,美妆
U01526,ORD_U01526_000,2023-03-28,145.65,美妆
U01527,ORD_U01527_000,2024-05-05,184.07,食品
U01527,ORD_U01527_001,2024-06-25,107.89,美妆
U01527,ORD_U01527_003,2024-07-27,158.98,服饰
U01527,ORD_U01527_004,2024-08-17,81.06,数码
U01527,ORD_U01527_002,2024-08-21,63.33,家居
U01527,ORD_U01527_006,2024-12-04,231.52,食品
U01527,ORD_U01527_007,2024-12-09,100.93,食品
U01527,ORD_U01527_005,2025-02-07,66.24,数码
U01527,ORD_U01527_008,2025-02-23,160.54,美妆
U01528,ORD_U01528_000,2023-11-04,46.25,数码
U01528,ORD_U01528_001,2023-12-09,145.1,服饰
U01529,ORD_U01529_001,2023-05-31,68.35,美妆
U01529,ORD_U01529_000,2023-06-02,26.04,美妆
U01529,ORD_U01529_002,2023-10-18,39.84,服饰
U01529,ORD_U01529_003,2023-10-21,44.23,服饰
U01530,ORD_U01530_000,2023-11-05,117.05,数码
U01530,ORD_U01530_001,2024-01-12,296.92,美妆
U01530,ORD_U01530_002,2024-01-17,363.27,家居
U01530,ORD_U01530_003,2024-04-29,309.76,服饰
U01530,ORD_U01530_007,2024-05-17,243.47,食品
U01530,ORD_U01530_004,2024-05-21,142.21,食品
U01530,ORD_U01530_005,2024-08-01,195.99,美妆
U01530,ORD_U01530_006,2024-10-07,202.91,家居
U01530,ORD_U01530_008,2025-02-12,368.53,食品
U01531,ORD_U01531_000,2024-11-06,141.23,家居
U01531,ORD_U01531_001,2024-12-06,141.25,食品
U01531,ORD_U01531_003,2025-01-06,178.71,数码
U01531,ORD_U01531_004,2025-01-20,58.2,服饰
U01531,ORD_U01531_002,2025-02-09,67.49,美妆
U01531,ORD_U01531_006,2025-04-13,149.8,数码
U01531,ORD_U01531_009,2025-04-23,83.06,美妆
U01531,ORD_U01531_005,2025-04-27,173.48,食品
U01531,ORD_U01531_008,2025-05-23,168.79,美妆
U01531,ORD_U01531_007,2025-10-10,130.94,数码
U01532,ORD_U01532_000,2024-05-16,107.74,美妆
U01532,ORD_U01532_001,2024-07-09,87.53,食品
U01533,ORD_U01533_000,2024-02-23,539.76,数码
U01533,ORD_U01533_001,2024-04-14,303.11,家居
U01533,ORD_U01533_002,2024-05-10,254.83,美妆
U01533,ORD_U01533_003,2024-08-07,538.46,服饰
U01533,ORD_U01533_004,2024-09-09,425.55,数码
U01534,ORD_U01534_000,2023-02-27,55.46,服饰
U01534,ORD_U01534_001,2023-04-07,32.6,服饰
U01534,ORD_U01534_002,2023-07-08,52.61,服饰
U01534,ORD_U01534_003,2023-08-27,66.26,数码
U01535,ORD_U01535_000,2024-08-27,175.35,食品
U01535,ORD_U01535_002,2024-09-24,327.22,数码
U01535,ORD_U01535_001,2024-10-08,333.73,食品
U01535,ORD_U01535_003,2024-11-25,299.25,服饰
U01535,ORD_U01535_006,2025-01-12,230.26,美妆
U01535,ORD_U01535_005,2025-01-15,251.98,美妆
U01535,ORD_U01535_004,2025-01-26,115.56,家居
U01535,ORD_U01535_007,2025-03-05,109.54,服饰
U01536,ORD_U01536_000,2024-05-15,299.91,美妆
U01536,ORD_U01536_001,2024-06-04,577.18,食品
U01536,ORD_U01536_002,2024-07-04,590.98,服饰
U01536,ORD_U01536_003,2024-07-27,334.91,美妆
U01536,ORD_U01536_004,2024-08-07,523.82,美妆
U01536,ORD_U01536_009,2024-09-02,361.56,美妆
U01536,ORD_U01536_005,2024-09-20,654.76,服饰
U01536,ORD_U01536_013,2025-01-06,630.24,美妆
U01536,ORD_U01536_006,2025-01-27,555.29,食品
U01536,ORD_U01536_007,2025-02-22,192.51,服饰
U01536,ORD_U01536_008,2025-02-23,204.56,数码
U01536,ORD_U01536_010,2025-05-07,662.64,家居
U01536,ORD_U01536_016,2025-05-14,260.67,美妆
U01536,ORD_U01536_014,2025-07-20,623.73,服饰
U01536,ORD_U01536_011,2025-07-26,564.21,服饰
U01536,ORD_U01536_012,2025-08-23,348.88,美妆
U01536,ORD_U01536_015,2025-12-26,414.47,家居
U01536,ORD_U01536_017,2026-03-21,397.16,数码
U01536,ORD_U01536_018,2026-04-02,634.98,数码
U01537,ORD_U01537_000,2024-12-11,49.98,家居
U01537,ORD_U01537_001,2025-02-08,50.96,数码
U01538,ORD_U01538_000,2024-12-27,111.41,家居
U01539,ORD_U01539_000,2023-07-18,97.49,美妆
U01539,ORD_U01539_001,2023-09-02,220.18,服饰
U01540,ORD_U01540_000,2023-06-10,235.02,数码
U01540,ORD_U01540_001,2023-06-23,118.07,服饰
U01540,ORD_U01540_003,2023-08-05,260.71,食品
U01540,ORD_U01540_002,2023-09-04,272.01,家居
U01540,ORD_U01540_004,2023-09-18,127.53,美妆
U01540,ORD_U01540_005,2023-10-05,110.82,服饰
U01541,ORD_U01541_000,2023-04-27,498.66,美妆
U01541,ORD_U01541_001,2023-05-28,394.32,数码
U01541,ORD_U01541_002,2023-06-23,698.68,食品
U01541,ORD_U01541_003,2023-07-06,622.26,食品
U01541,ORD_U01541_004,2023-09-27,566.05,家居
U01541,ORD_U01541_005,2023-10-20,438.3,家居
U01541,ORD_U01541_007,2023-12-21,615.35,食品
U01541,ORD_U01541_006,2024-01-03,282.43,服饰
U01542,ORD_U01542_000,2023-11-15,212.02,服饰
U01542,ORD_U01542_001,2024-02-08,84.38,美妆
U01543,ORD_U01543_000,2024-10-25,112.33,美妆
U01543,ORD_U01543_001,2024-12-26,55.86,美妆
U01543,ORD_U01543_002,2025-01-12,83.53,食品
U01544,ORD_U01544_000,2023-05-21,222.39,食品
U01544,ORD_U01544_001,2023-07-17,416.39,食品
U01544,ORD_U01544_002,2023-09-17,439.62,食品
U01544,ORD_U01544_003,2023-10-24,220.75,数码
U01545,ORD_U01545_000,2024-10-06,558.02,美妆
U01545,ORD_U01545_002,2024-10-11,875.93,家居
U01545,ORD_U01545_004,2024-11-04,440.69,家居
U01545,ORD_U01545_001,2024-11-09,797.21,食品
U01545,ORD_U01545_003,2024-12-27,808.95,美妆
U01545,ORD_U01545_005,2025-01-02,281.61,家居
U01545,ORD_U01545_006,2025-01-09,351.66,美妆
U01545,ORD_U01545_009,2025-01-09,590.52,数码
U01545,ORD_U01545_007,2025-02-10,618.36,食品
U01545,ORD_U01545_010,2025-03-10,321.88,服饰
U01545,ORD_U01545_013,2025-03-17,417.83,服饰
U01545,ORD_U01545_019,2025-03-31,497.1,美妆
U01545,ORD_U01545_008,2025-04-03,439.0,服饰
U01545,ORD_U01545_011,2025-05-07,824.27,数码
U01545,ORD_U01545_024,2025-06-09,742.77,食品
U01545,ORD_U01545_014,2025-07-08,748.25,服饰
U01545,ORD_U01545_012,2025-08-03,597.08,美妆
U01545,ORD_U01545_028,2025-08-24,605.89,美妆
U01545,ORD_U01545_015,2025-08-28,242.46,数码
U01545,ORD_U01545_031,2025-10-29,816.19,服饰
U01545,ORD_U01545_017,2025-12-06,565.19,美妆
U01545,ORD_U01545_016,2025-12-15,621.64,食品
U01545,ORD_U01545_023,2025-12-21,508.89,服饰
U01545,ORD_U01545_018,2026-01-09,852.02,美妆
U01545,ORD_U01545_025,2026-02-04,893.06,食品
U01545,ORD_U01545_020,2026-03-08,625.99,服饰
U01545,ORD_U01545_026,2026-04-19,753.76,服饰
U01545,ORD_U01545_021,2026-05-13,668.67,家居
U01545,ORD_U01545_022,2026-05-27,656.91,数码
U01545,ORD_U01545_029,2026-06-19,418.35,美妆
U01545,ORD_U01545_027,2026-09-14,350.84,数码
U01545,ORD_U01545_030,2027-03-11,461.6,家居
U01546,ORD_U01546_000,2023-09-02,75.3,食品
U01546,ORD_U01546_001,2023-10-03,153.61,家居
U01546,ORD_U01546_002,2023-11-28,164.73,食品
U01546,ORD_U01546_005,2023-12-28,185.45,家居
U01546,ORD_U01546_004,2024-02-02,195.2,美妆
U01546,ORD_U01546_003,2024-02-26,119.29,食品
U01546,ORD_U01546_007,2024-09-04,59.86,美妆
U01546,ORD_U01546_006,2024-09-10,193.58,服饰
U01547,ORD_U01547_000,2024-11-17,73.92,服饰
U01547,ORD_U01547_001,2024-11-30,52.33,食品
U01547,ORD_U01547_003,2025-03-18,95.81,美妆
U01547,ORD_U01547_002,2025-04-03,42.89,家居
U01548,ORD_U01548_001,2023-08-24,144.52,美妆
U01548,ORD_U01548_000,2023-09-01,137.22,食品
U01548,ORD_U01548_002,2023-12-25,161.38,数码
U01548,ORD_U01548_003,2024-02-01,52.48,服饰
U01549,ORD_U01549_000,2023-07-07,89.53,数码
U01550,ORD_U01550_000,2024-02-05,79.58,服饰
U01551,ORD_U01551_000,2024-05-31,47.9,家居
U01551,ORD_U01551_001,2024-08-18,80.11,服饰
U01551,ORD_U01551_002,2024-11-20,99.58,美妆
U01552,ORD_U01552_000,2023-09-16,79.4,家居
U01552,ORD_U01552_001,2023-09-30,67.44,家居
U01553,ORD_U01553_000,2024-04-17,58.12,食品
U01554,ORD_U01554_000,2024-12-07,355.6,家居
U01554,ORD_U01554_001,2025-01-23,218.76,食品
U01554,ORD_U01554_002,2025-03-13,316.06,服饰
U01554,ORD_U01554_003,2025-03-15,411.72,食品
U01554,ORD_U01554_004,2025-07-04,169.64,食品
U01555,ORD_U01555_000,2024-06-14,561.86,服饰
U01555,ORD_U01555_001,2024-07-02,363.85,家居
U01555,ORD_U01555_002,2024-07-24,229.32,美妆
U01555,ORD_U01555_003,2024-10-11,187.09,数码
U01555,ORD_U01555_004,2024-11-22,282.97,服饰
U01556,ORD_U01556_000,2025-01-24,163.81,家居
U01556,ORD_U01556_001,2025-03-09,190.23,美妆
U01557,ORD_U01557_000,2023-05-09,913.46,美妆
U01557,ORD_U01557_001,2023-05-13,1382.35,服饰
U01557,ORD_U01557_003,2023-06-18,575.86,服饰
U01557,ORD_U01557_002,2023-06-22,1819.03,家居
U01557,ORD_U01557_007,2023-07-08,1003.93,数码
U01557,ORD_U01557_004,2023-08-03,712.26,美妆
U01557,ORD_U01557_006,2023-08-10,1281.33,服饰
U01557,ORD_U01557_011,2023-08-24,1439.34,食品
U01557,ORD_U01557_012,2023-08-24,1330.47,数码
U01557,ORD_U01557_008,2023-09-07,804.7,数码
U01557,ORD_U01557_005,2023-09-15,584.85,数码
U01557,ORD_U01557_013,2023-10-08,1914.07,美妆
U01557,ORD_U01557_022,2023-10-20,1163.71,服饰
U01557,ORD_U01557_016,2023-10-25,1247.29,家居
U01557,ORD_U01557_009,2023-10-31,1796.21,食品
U01557,ORD_U01557_010,2024-02-22,1802.34,食品
U01557,ORD_U01557_020,2024-02-27,1313.29,家居
U01557,ORD_U01557_032,2024-03-18,1136.61,服饰
U01557,ORD_U01557_030,2024-05-10,540.99,服饰
U01557,ORD_U01557_026,2024-05-15,896.98,家居
U01557,ORD_U01557_014,2024-05-21,1112.38,食品
U01557,ORD_U01557_018,2024-05-27,941.29,数码
U01557,ORD_U01557_027,2024-06-12,500.81,家居
U01557,ORD_U01557_021,2024-06-24,1114.34,家居
U01557,ORD_U01557_015,2024-07-02,1710.46,食品
U01557,ORD_U01557_017,2024-10-07,1152.95,数码
U01557,ORD_U01557_035,2024-11-15,589.16,数码
U01557,ORD_U01557_024,2024-11-21,1610.18,食品
U01557,ORD_U01557_019,2024-12-11,1579.51,食品
U01557,ORD_U01557_028,2024-12-19,641.51,家居
U01557,ORD_U01557_023,2025-01-08,1845.31,服饰
U01557,ORD_U01557_025,2025-01-08,1220.75,数码
U01557,ORD_U01557_033,2025-04-12,1908.76,家居
U01557,ORD_U01557_031,2025-05-26,1466.99,食品
U01557,ORD_U01557_029,2025-07-05,869.19,数码
U01557,ORD_U01557_034,2025-07-22,1509.21,家居
U01557,ORD_U01557_036,2025-08-08,1323.28,数码
U01558,ORD_U01558_000,2024-12-17,208.52,美妆
U01558,ORD_U01558_001,2025-01-06,247.64,服饰
U01558,ORD_U01558_002,2025-02-14,186.81,美妆
U01558,ORD_U01558_003,2025-04-10,224.56,美妆
U01558,ORD_U01558_006,2025-04-10,436.32,美妆
U01558,ORD_U01558_004,2025-04-12,164.62,数码
U01558,ORD_U01558_008,2025-04-18,414.89,家居
U01558,ORD_U01558_007,2025-05-10,328.21,食品
U01558,ORD_U01558_005,2025-07-09,365.86,美妆
U01558,ORD_U01558_011,2025-08-26,207.44,家居
U01558,ORD_U01558_013,2025-09-02,149.62,食品
U01558,ORD_U01558_009,2025-10-25,384.29,服饰
U01558,ORD_U01558_012,2025-11-07,376.83,数码
U01558,ORD_U01558_010,2025-12-14,331.83,食品
U01558,ORD_U01558_014,2026-02-15,247.27,食品
U01558,ORD_U01558_016,2026-08-14,345.42,美妆
U01558,ORD_U01558_015,2026-09-23,112.8,数码
U01558,ORD_U01558_017,2026-10-26,238.96,数码
U01559,ORD_U01559_000,2024-07-14,75.86,美妆
U01560,ORD_U01560_000,2024-10-07,36.27,家居
U01561,ORD_U01561_000,2024-02-20,196.79,美妆
U01561,ORD_U01561_001,2024-06-11,70.72,食品
U01561,ORD_U01561_003,2024-06-15,224.1,数码
U01561,ORD_U01561_002,2024-06-17,104.55,食品
U01562,ORD_U01562_000,2024-11-07,376.6,服饰
U01562,ORD_U01562_001,2025-01-10,163.76,家居
U01562,ORD_U01562_002,2025-02-23,461.92,食品
U01562,ORD_U01562_005,2025-03-07,258.87,家居
U01562,ORD_U01562_004,2025-04-16,368.07,数码
U01562,ORD_U01562_006,2025-04-19,435.88,食品
U01562,ORD_U01562_003,2025-06-01,181.62,美妆
U01563,ORD_U01563_000,2024-03-02,53.99,服饰
U01564,ORD_U01564_000,2023-08-26,61.28,数码
U01565,ORD_U01565_000,2023-04-30,83.98,家居
U01566,ORD_U01566_000,2024-04-16,409.28,数码
U01566,ORD_U01566_001,2024-04-30,766.65,美妆
U01566,ORD_U01566_002,2024-05-03,846.6,美妆
U01566,ORD_U01566_003,2024-07-14,457.3,数码
U01566,ORD_U01566_011,2024-07-23,899.74,家居
U01566,ORD_U01566_004,2024-07-26,318.03,食品
U01566,ORD_U01566_005,2024-08-10,584.21,服饰
U01566,ORD_U01566_015,2024-08-31,886.03,食品
U01566,ORD_U01566_012,2024-09-03,958.83,数码
U01566,ORD_U01566_010,2024-09-04,456.34,数码
U01566,ORD_U01566_006,2024-09-05,257.1,家居
U01566,ORD_U01566_022,2024-09-13,429.99,家居
U01566,ORD_U01566_009,2024-09-19,822.69,家居
U01566,ORD_U01566_008,2024-09-21,842.05,服饰
U01566,ORD_U01566_007,2024-10-15,498.49,服饰
U01566,ORD_U01566_023,2024-10-15,490.58,家居
U01566,ORD_U01566_013,2024-10-24,719.19,数码
U01566,ORD_U01566_024,2025-01-23,421.95,食品
U01566,ORD_U01566_020,2025-02-18,549.29,服饰
U01566,ORD_U01566_016,2025-03-12,494.76,美妆
U01566,ORD_U01566_014,2025-04-09,811.81,美妆
U01566,ORD_U01566_031,2025-04-24,492.0,服饰
U01566,ORD_U01566_018,2025-05-10,558.04,数码
U01566,ORD_U01566_017,2025-06-24,694.4,食品
U01566,ORD_U01566_019,2025-10-23,809.27,美妆
U01566,ORD_U01566_028,2025-12-25,677.23,食品
U01566,ORD_U01566_021,2025-12-29,809.33,家居
U01566,ORD_U01566_025,2026-01-03,505.71,家居
U01566,ORD_U01566_026,2026-02-23,465.72,食品
U01566,ORD_U01566_030,2026-02-24,593.79,数码
U01566,ORD_U01566_027,2026-03-27,810.2,食品
U01566,ORD_U01566_032,2026-03-31,422.07,数码
U01566,ORD_U01566_029,2026-04-07,764.74,服饰
U01566,ORD_U01566_033,2027-01-01,254.06,服饰
U01567,ORD_U01567_000,2023-05-11,246.08,美妆
U01567,ORD_U01567_001,2023-06-21,220.24,美妆
U01567,ORD_U01567_002,2023-08-20,164.0,数码
U01567,ORD_U01567_003,2023-09-07,137.01,食品
U01567,ORD_U01567_004,2023-09-26,382.03,服饰
U01567,ORD_U01567_005,2023-11-01,193.21,家居
U01567,ORD_U01567_008,2023-11-21,229.35,数码
U01567,ORD_U01567_009,2024-02-09,366.46,食品
U01567,ORD_U01567_007,2024-03-15,347.76,家居
U01567,ORD_U01567_006,2024-04-10,388.66,服饰
U01568,ORD_U01568_000,2024-06-28,404.12,数码
U01568,ORD_U01568_001,2024-08-15,366.35,美妆
U01568,ORD_U01568_003,2024-09-23,139.07,服饰
U01568,ORD_U01568_004,2024-10-24,135.07,食品
U01568,ORD_U01568_002,2024-10-26,288.19,家居
U01568,ORD_U01568_005,2025-02-20,141.16,食品
U01568,ORD_U01568_006,2025-05-07,339.52,家居
U01568,ORD_U01568_007,2025-06-06,400.01,食品
U01568,ORD_U01568_008,2025-07-26,334.66,服饰
U01569,ORD_U01569_000,2023-02-02,584.32,服饰
U01569,ORD_U01569_002,2023-03-19,652.85,服饰
U01569,ORD_U01569_001,2023-03-23,756.87,食品
U01569,ORD_U01569_003,2023-05-18,517.08,食品
U01569,ORD_U01569_007,2023-05-27,329.71,食品
U01569,ORD_U01569_008,2023-06-07,692.4,数码
U01569,ORD_U01569_004,2023-06-10,790.36,家居
U01569,ORD_U01569_005,2023-06-29,370.67,服饰
U01569,ORD_U01569_006,2023-08-17,835.57,家居
U01569,ORD_U01569_016,2023-10-30,455.98,家居
U01569,ORD_U01569_011,2023-11-15,899.13,食品
U01569,ORD_U01569_010,2023-12-24,256.15,家居
U01569,ORD_U01569_019,2024-01-17,911.56,食品
U01569,ORD_U01569_015,2024-02-21,970.03,食品
U01569,ORD_U01569_014,2024-02-25,987.82,服饰
U01569,ORD_U01569_009,2024-03-12,649.88,家居
U01569,ORD_U01569_012,2024-05-06,288.72,食品
U01569,ORD_U01569_013,2024-06-11,613.7,服饰
U01569,ORD_U01569_018,2024-08-15,617.28,服饰
U01569,ORD_U01569_017,2024-09-23,577.98,美妆
U01570,ORD_U01570_000,2024-09-10,974.7,服饰
U01570,ORD_U01570_001,2024-10-09,801.14,服饰
U01570,ORD_U01570_002,2024-10-19,695.16,食品
U01570,ORD_U01570_003,2024-12-16,387.96,家居
U01570,ORD_U01570_004,2024-12-23,1099.72,数码
U01570,ORD_U01570_006,2025-01-30,987.98,数码
U01570,ORD_U01570_005,2025-03-31,467.88,食品
U01570,ORD_U01570_008,2025-05-06,551.49,服饰
U01570,ORD_U01570_007,2025-06-18,347.88,服饰
U01571,ORD_U01571_000,2024-03-12,182.74,家居
U01571,ORD_U01571_002,2024-05-16,190.68,服饰
U01571,ORD_U01571_001,2024-06-08,136.23,食品
U01572,ORD_U01572_001,2024-11-20,41.17,食品
U01572,ORD_U01572_000,2024-12-10,44.47,食品
U01572,ORD_U01572_002,2025-03-16,23.49,食品
U01572,ORD_U01572_003,2025-07-18,48.76,美妆
U01573,ORD_U01573_000,2023-01-23,66.47,家居
U01573,ORD_U01573_001,2023-04-09,72.54,服饰
U01573,ORD_U01573_003,2023-07-09,142.79,家居
U01573,ORD_U01573_002,2023-08-10,98.16,家居
U01574,ORD_U01574_000,2023-06-29,144.56,服饰
U01574,ORD_U01574_002,2023-08-31,87.9,服饰
U01574,ORD_U01574_001,2023-09-21,120.52,服饰
U01575,ORD_U01575_000,2024-08-12,1733.34,服饰
U01575,ORD_U01575_001,2024-09-23,1766.76,美妆
U01575,ORD_U01575_003,2024-09-26,902.27,数码
U01575,ORD_U01575_002,2024-10-05,1234.92,美妆
U01575,ORD_U01575_005,2024-11-28,1775.82,服饰
U01575,ORD_U01575_009,2024-12-03,1252.99,数码
U01575,ORD_U01575_004,2024-12-04,827.77,服饰
U01575,ORD_U01575_007,2024-12-28,776.16,服饰
U01575,ORD_U01575_018,2025-01-07,889.46,美妆
U01575,ORD_U01575_006,2025-01-22,1050.18,服饰
U01575,ORD_U01575_019,2025-02-19,1350.6,家居
U01575,ORD_U01575_008,2025-02-28,2003.78,数码
U01575,ORD_U01575_029,2025-03-02,1410.59,家居
U01575,ORD_U01575_017,2025-03-05,2273.87,美妆
U01575,ORD_U01575_030,2025-03-12,1157.78,美妆
U01575,ORD_U01575_010,2025-03-13,2206.82,数码
U01575,ORD_U01575_016,2025-03-27,1342.55,数码
U01575,ORD_U01575_011,2025-04-25,883.48,美妆
U01575,ORD_U01575_012,2025-05-19,2250.77,服饰
U01575,ORD_U01575_014,2025-06-23,1657.6,家居
U01575,ORD_U01575_025,2025-07-02,1470.42,家居
U01575,ORD_U01575_045,2025-07-12,930.65,美妆
U01575,ORD_U01575_031,2025-07-27,797.44,食品
U01575,ORD_U01575_020,2025-08-12,794.01,美妆
U01575,ORD_U01575_023,2025-08-12,1140.79,服饰
U01575,ORD_U01575_033,2025-08-15,1470.18,数码
U01575,ORD_U01575_039,2025-08-15,1302.75,家居
U01575,ORD_U01575_013,2025-09-15,1199.73,食品
U01575,ORD_U01575_034,2025-09-24,994.24,家居
U01575,ORD_U01575_015,2025-10-14,2174.16,数码
U01575,ORD_U01575_044,2025-10-24,2228.86,数码
U01575,ORD_U01575_022,2025-10-25,2006.99,服饰
U01575,ORD_U01575_040,2025-10-27,1836.06,服饰
U01575,ORD_U01575_037,2025-11-22,1524.7,美妆
U01575,ORD_U01575_021,2025-12-01,1840.79,数码
U01575,ORD_U01575_027,2026-01-02,2197.57,数码
U01575,ORD_U01575_024,2026-02-12,602.13,美妆
U01575,ORD_U01575_036,2026-05-03,1252.52,食品
U01575,ORD_U01575_032,2026-05-20,2167.53,服饰
U01575,ORD_U01575_035,2026-07-31,1293.9,服饰
U01575,ORD_U01575_026,2026-09-02,1659.59,服饰
U01575,ORD_U01575_038,2026-10-18,1728.63,服饰
U01575,ORD_U01575_028,2026-11-05,869.33,服饰
U01575,ORD_U01575_043,2027-01-02,1797.07,食品
U01575,ORD_U01575_041,2027-09-04,1855.32,美妆
U01575,ORD_U01575_042,2027-10-05,1097.11,家居
U01575,ORD_U01575_048,2027-12-11,1433.74,家居
U01575,ORD_U01575_047,2028-01-06,888.41,食品
U01575,ORD_U01575_046,2028-01-18,1723.85,服饰
U01576,ORD_U01576_000,2024-05-08,139.13,食品
U01576,ORD_U01576_002,2024-06-02,141.94,数码
U01576,ORD_U01576_001,2024-06-25,173.57,服饰
U01576,ORD_U01576_003,2024-07-07,181.25,美妆
U01576,ORD_U01576_005,2024-07-22,195.11,服饰
U01576,ORD_U01576_004,2024-08-16,151.24,家居
U01577,ORD_U01577_000,2024-03-25,579.2,美妆
U01577,ORD_U01577_001,2024-05-16,672.8,服饰
U01577,ORD_U01577_002,2024-06-05,572.8,家居
U01577,ORD_U01577_004,2024-06-24,194.63,服饰
U01577,ORD_U01577_006,2024-07-11,333.02,服饰
U01577,ORD_U01577_005,2024-08-02,183.99,家居
U01577,ORD_U01577_003,2024-08-04,371.1,服饰
U01577,ORD_U01577_008,2024-10-12,625.52,数码
U01577,ORD_U01577_007,2024-10-20,453.64,食品
U01577,ORD_U01577_013,2024-10-25,201.39,家居
U01577,ORD_U01577_014,2024-11-09,255.9,家居
U01577,ORD_U01577_010,2024-12-10,572.01,家居
U01577,ORD_U01577_019,2024-12-31,694.29,美妆
U01577,ORD_U01577_015,2025-01-10,694.27,服饰
U01577,ORD_U01577_011,2025-02-06,320.36,美妆
U01577,ORD_U01577_009,2025-02-08,584.09,食品
U01577,ORD_U01577_016,2025-03-08,656.52,数码
U01577,ORD_U01577_012,2025-06-05,723.32,美妆
U01577,ORD_U01577_018,2025-07-10,253.25,家居
U01577,ORD_U01577_017,2025-12-22,298.41,食品
U01578,ORD_U01578_000,2024-04-06,510.24,服饰
U01578,ORD_U01578_001,2024-05-30,525.12,食品
U01578,ORD_U01578_005,2024-07-05,320.35,服饰
U01578,ORD_U01578_002,2024-07-20,189.32,数码
U01578,ORD_U01578_003,2024-08-12,531.81,数码
U01578,ORD_U01578_004,2024-12-15,362.3,食品
U01579,ORD_U01579_000,2023-12-29,250.0,美妆
U01579,ORD_U01579_001,2024-01-07,276.24,食品
U01579,ORD_U01579_002,2024-04-18,303.04,食品
U01580,ORD_U01580_000,2023-10-11,281.2,家居
U01580,ORD_U01580_001,2023-11-27,185.44,美妆
U01580,ORD_U01580_002,2024-01-03,246.36,服饰
U01580,ORD_U01580_003,2024-01-11,175.13,服饰
U01580,ORD_U01580_004,2024-04-08,264.62,美妆
U01580,ORD_U01580_005,2024-05-28,384.6,美妆
U01580,ORD_U01580_006,2024-06-23,164.22,服饰
U01580,ORD_U01580_007,2024-12-14,308.8,服饰
U01581,ORD_U01581_000,2024-04-16,144.54,家居
U01582,ORD_U01582_000,2024-10-10,59.09,数码
U01582,ORD_U01582_001,2024-11-17,25.57,家居
U01582,ORD_U01582_002,2025-01-09,35.49,美妆
U01582,ORD_U01582_003,2025-04-13,59.78,美妆
U01583,ORD_U01583_000,2024-07-23,183.81,家居
U01583,ORD_U01583_001,2024-10-12,150.41,食品
U01583,ORD_U01583_002,2025-01-05,105.28,食品
U01583,ORD_U01583_003,2025-01-30,116.46,家居
U01584,ORD_U01584_000,2024-03-03,113.62,数码
U01585,ORD_U01585_000,2024-06-10,46.45,数码
U01585,ORD_U01585_002,2024-08-24,59.06,数码
U01585,ORD_U01585_001,2024-10-05,71.84,家居
U01586,ORD_U01586_000,2024-01-12,144.05,美妆
U01586,ORD_U01586_002,2024-05-23,145.33,食品
U01586,ORD_U01586_001,2024-06-05,151.72,家居
U01587,ORD_U01587_000,2024-07-04,54.33,食品
U01587,ORD_U01587_002,2024-08-21,99.64,美妆
U01587,ORD_U01587_001,2024-09-02,90.28,数码
U01587,ORD_U01587_003,2024-12-09,84.21,家居
U01588,ORD_U01588_000,2024-03-17,157.36,美妆
U01588,ORD_U01588_001,2024-05-18,176.21,食品
U01588,ORD_U01588_002,2024-08-01,130.16,食品
U01589,ORD_U01589_000,2024-10-06,73.45,食品
U01589,ORD_U01589_001,2024-12-29,109.5,家居
U01590,ORD_U01590_000,2023-10-10,1250.8,服饰
U01590,ORD_U01590_001,2023-11-09,1252.36,数码
U01590,ORD_U01590_002,2023-11-24,2176.81,服饰
U01590,ORD_U01590_004,2023-12-04,2126.69,服饰
U01590,ORD_U01590_003,2023-12-05,1161.91,美妆
U01590,ORD_U01590_006,2023-12-15,1759.91,食品
U01590,ORD_U01590_014,2024-01-23,1086.71,服饰
U01590,ORD_U01590_005,2024-03-02,695.76,服饰
U01590,ORD_U01590_011,2024-03-05,1722.73,美妆
U01590,ORD_U01590_009,2024-04-08,701.61,食品
U01590,ORD_U01590_007,2024-04-12,2106.7,食品
U01590,ORD_U01590_010,2024-04-28,1461.56,家居
U01590,ORD_U01590_013,2024-04-29,2172.32,美妆
U01590,ORD_U01590_018,2024-05-05,2373.94,服饰
U01590,ORD_U01590_008,2024-05-18,1883.34,食品
U01590,ORD_U01590_017,2024-07-23,1590.29,服饰
U01590,ORD_U01590_016,2024-07-24,1633.49,家居
U01590,ORD_U01590_035,2024-07-30,1336.51,数码
U01590,ORD_U01590_033,2024-08-12,911.98,美妆
U01590,ORD_U01590_012,2024-08-18,2216.15,服饰
U01590,ORD_U01590_021,2024-09-05,1421.74,家居
U01590,ORD_U01590_019,2024-09-06,716.7,数码
U01590,ORD_U01590_023,2024-09-13,604.01,美妆
U01590,ORD_U01590_026,2024-09-13,1276.56,美妆
U01590,ORD_U01590_025,2024-10-10,2140.78,数码
U01590,ORD_U01590_015,2024-10-23,1548.78,食品
U01590,ORD_U01590_022,2024-11-17,2022.23,家居
U01590,ORD_U01590_020,2024-11-27,864.02,家居
U01590,ORD_U01590_031,2024-12-09,1576.16,数码
U01590,ORD_U01590_039,2024-12-22,836.0,食品
U01590,ORD_U01590_030,2025-01-05,2324.13,美妆
U01590,ORD_U01590_036,2025-01-18,698.56,服饰
U01590,ORD_U01590_028,2025-05-12,1036.88,服饰
U01590,ORD_U01590_032,2025-06-17,682.68,食品
U01590,ORD_U01590_029,2025-07-07,1615.82,数码
U01590,ORD_U01590_024,2025-08-16,1346.4,食品
U01590,ORD_U01590_042,2025-09-01,802.87,食品
U01590,ORD_U01590_027,2025-12-14,1870.35,食品
U01590,ORD_U01590_037,2025-12-24,2277.02,服饰
U01590,ORD_U01590_034,2026-01-03,636.64,美妆
U01590,ORD_U01590_041,2026-07-07,1753.32,食品
U01590,ORD_U01590_038,2026-10-21,1466.81,服饰
U01590,ORD_U01590_040,2026-12-16,1097.37,数码
U01591,ORD_U01591_000,2024-02-28,63.49,美妆
U01591,ORD_U01591_001,2024-04-14,59.81,服饰
U01592,ORD_U01592_000,2024-07-23,75.66,服饰
U01592,ORD_U01592_001,2024-11-06,40.47,家居
U01593,ORD_U01593_000,2023-05-25,51.64,服饰
U01593,ORD_U01593_001,2023-09-02,154.03,服饰
U01593,ORD_U01593_002,2023-10-26,97.76,食品
U01593,ORD_U01593_003,2024-03-08,91.3,服饰
U01594,ORD_U01594_000,2024-06-03,1539.81,数码
U01594,ORD_U01594_003,2024-06-06,1718.64,服饰
U01594,ORD_U01594_001,2024-06-21,970.11,数码
U01594,ORD_U01594_002,2024-07-17,747.33,数码
U01594,ORD_U01594_004,2024-07-29,1612.92,美妆
U01594,ORD_U01594_008,2024-08-13,536.53,数码
U01594,ORD_U01594_005,2024-08-17,848.51,食品
U01594,ORD_U01594_009,2024-09-30,1355.29,服饰
U01594,ORD_U01594_010,2024-10-09,1020.48,家居
U01594,ORD_U01594_021,2024-10-10,1559.9,数码
U01594,ORD_U01594_006,2024-10-13,743.12,服饰
U01594,ORD_U01594_019,2024-10-24,565.06,服饰
U01594,ORD_U01594_018,2024-11-15,558.26,服饰
U01594,ORD_U01594_007,2024-11-19,848.74,美妆
U01594,ORD_U01594_015,2024-11-25,1411.54,服饰
U01594,ORD_U01594_013,2024-12-05,1907.54,美妆
U01594,ORD_U01594_031,2025-02-03,1296.7,食品
U01594,ORD_U01594_023,2025-02-16,1424.98,数码
U01594,ORD_U01594_012,2025-02-17,604.03,数码
U01594,ORD_U01594_028,2025-02-20,606.23,家居
U01594,ORD_U01594_016,2025-04-18,1173.04,家居
U01594,ORD_U01594_011,2025-05-05,617.28,家居
U01594,ORD_U01594_025,2025-06-04,1674.01,服饰
U01594,ORD_U01594_022,2025-07-10,836.78,服饰
U01594,ORD_U01594_033,2025-07-10,665.22,家居
U01594,ORD_U01594_014,2025-07-23,1584.81,美妆
U01594,ORD_U01594_029,2025-08-29,832.93,食品
U01594,ORD_U01594_041,2025-09-07,1842.36,数码
U01594,ORD_U01594_020,2025-09-29,1814.49,家居
U01594,ORD_U01594_026,2025-09-30,997.61,食品
U01594,ORD_U01594_037,2025-10-06,1299.29,食品
U01594,ORD_U01594_036,2025-10-08,568.22,家居
U01594,ORD_U01594_017,2025-10-12,1105.23,美妆
U01594,ORD_U01594_042,2025-11-30,714.9,美妆
U01594,ORD_U01594_030,2026-03-02,979.04,家居
U01594,ORD_U01594_035,2026-03-25,925.09,食品
U01594,ORD_U01594_040,2026-04-24,1058.75,家居
U01594,ORD_U01594_024,2026-05-08,1653.08,家居
U01594,ORD_U01594_027,2026-08-04,767.98,家居
U01594,ORD_U01594_034,2026-08-11,699.49,食品
U01594,ORD_U01594_039,2026-11-08,1166.62,家居
U01594,ORD_U01594_032,2026-11-15,1377.64,食品
U01594,ORD_U01594_043,2027-03-29,856.42,服饰
U01594,ORD_U01594_038,2027-07-15,1008.45,数码
U01595,ORD_U01595_000,2023-11-02,202.67,服饰
U01595,ORD_U01595_001,2023-12-10,234.83,美妆
U01595,ORD_U01595_004,2024-02-09,217.56,服饰
U01595,ORD_U01595_002,2024-03-07,181.62,数码
U01595,ORD_U01595_005,2024-03-12,104.74,食品
U01595,ORD_U01595_007,2024-04-29,250.86,食品
U01595,ORD_U01595_006,2024-05-01,92.37,数码
U01595,ORD_U01595_003,2024-05-05,211.42,数码
U01595,ORD_U01595_008,2024-07-12,149.13,服饰
U01595,ORD_U01595_009,2025-01-01,142.63,美妆
U01596,ORD_U01596_001,2023-05-22,34.01,美妆
U01596,ORD_U01596_000,2023-07-01,44.81,美妆
U01596,ORD_U01596_002,2023-10-04,107.55,食品
U01597,ORD_U01597_000,2023-04-30,24.63,家居
U01597,ORD_U01597_001,2023-09-15,72.15,家居
U01597,ORD_U01597_002,2023-09-25,69.83,美妆
U01598,ORD_U01598_000,2023-08-11,61.38,美妆
U01598,ORD_U01598_001,2023-08-15,84.95,美妆
U01598,ORD_U01598_002,2023-11-03,136.41,美妆
U01598,ORD_U01598_003,2023-11-10,209.6,美妆
U01599,ORD_U01599_000,2023-05-30,54.2,食品
U01599,ORD_U01599_001,2023-06-23,38.56,服饰
U01599,ORD_U01599_002,2023-07-18,48.83,食品
U01600,ORD_U01600_000,2025-01-23,181.84,家居
U01600,ORD_U01600_001,2025-04-24,143.21,美妆
U01601,ORD_U01601_000,2023-05-08,831.53,服饰
U01601,ORD_U01601_001,2023-05-20,848.4,家居
U01601,ORD_U01601_003,2023-06-24,376.31,食品
U01601,ORD_U01601_002,2023-08-01,262.99,食品
U01601,ORD_U01601_007,2023-09-02,381.3,服饰
U01601,ORD_U01601_006,2023-10-04,422.44,数码
U01601,ORD_U01601_004,2023-10-22,835.6,美妆
U01601,ORD_U01601_005,2023-10-30,642.81,服饰
U01601,ORD_U01601_009,2023-11-07,648.58,服饰
U01601,ORD_U01601_011,2023-11-10,679.44,服饰
U01601,ORD_U01601_008,2023-11-12,644.87,数码
U01601,ORD_U01601_013,2024-04-30,429.97,数码
U01601,ORD_U01601_010,2024-05-22,231.9,家居
U01601,ORD_U01601_012,2024-08-20,538.54,美妆
U01602,ORD_U01602_000,2023-10-29,74.84,服饰
U01603,ORD_U01603_000,2024-03-29,261.99,美妆
U01603,ORD_U01603_001,2024-05-24,150.74,服饰
U01603,ORD_U01603_002,2024-06-27,148.33,美妆
U01603,ORD_U01603_005,2024-08-21,282.3,美妆
U01603,ORD_U01603_003,2024-08-23,227.76,服饰
U01603,ORD_U01603_008,2024-09-22,270.32,数码
U01603,ORD_U01603_004,2024-11-15,157.22,食品
U01603,ORD_U01603_006,2025-01-10,294.08,数码
U01603,ORD_U01603_007,2025-02-24,246.32,家居
U01604,ORD_U01604_000,2024-01-10,62.24,食品
U01605,ORD_U01605_000,2024-10-20,100.5,数码
U01605,ORD_U01605_001,2024-12-27,202.57,家居
U01605,ORD_U01605_002,2025-03-03,182.5,数码
U01606,ORD_U01606_000,2023-05-27,198.01,家居
U01607,ORD_U01607_000,2025-02-24,153.45,食品
U01608,ORD_U01608_000,2023-11-29,179.54,家居
U01608,ORD_U01608_002,2024-01-22,141.62,服饰
U01608,ORD_U01608_001,2024-02-01,350.19,数码
U01608,ORD_U01608_004,2024-02-28,389.63,数码
U01608,ORD_U01608_005,2024-03-25,465.03,服饰
U01608,ORD_U01608_003,2024-05-01,417.45,美妆
U01608,ORD_U01608_006,2024-09-26,205.08,美妆
U01608,ORD_U01608_007,2024-10-26,386.06,食品
U01609,ORD_U01609_000,2023-07-25,65.62,美妆
U01609,ORD_U01609_001,2023-10-20,89.13,食品
U01609,ORD_U01609_003,2023-11-24,76.62,服饰
U01609,ORD_U01609_002,2023-11-26,73.55,食品
U01610,ORD_U01610_000,2025-02-03,32.07,食品
U01611,ORD_U01611_000,2024-03-09,75.06,食品
U01611,ORD_U01611_001,2024-06-01,119.31,美妆
U01612,ORD_U01612_000,2023-12-10,169.36,家居
U01612,ORD_U01612_001,2023-12-10,106.56,服饰
U01612,ORD_U01612_002,2024-02-10,124.09,食品
U01612,ORD_U01612_003,2024-04-19,98.21,家居
U01613,ORD_U01613_001,2024-04-29,1007.21,家居
U01613,ORD_U01613_002,2024-05-12,2235.01,食品
U01613,ORD_U01613_000,2024-05-15,1088.66,家居
U01613,ORD_U01613_003,2024-05-29,689.44,家居
U01613,ORD_U01613_007,2024-08-06,1675.24,美妆
U01613,ORD_U01613_004,2024-08-30,2500.57,服饰
U01613,ORD_U01613_005,2024-09-05,1932.51,服饰
U01613,ORD_U01613_006,2024-09-16,2589.29,美妆
U01613,ORD_U01613_012,2024-10-06,1462.04,美妆
U01613,ORD_U01613_008,2024-10-09,874.75,数码
U01613,ORD_U01613_011,2024-10-09,1645.32,食品
U01613,ORD_U01613_019,2024-10-25,1515.63,服饰
U01613,ORD_U01613_009,2024-11-06,2234.11,服饰
U01613,ORD_U01613_010,2025-01-13,1617.59,服饰
U01613,ORD_U01613_014,2025-01-20,1026.55,食品
U01613,ORD_U01613_013,2025-01-27,2447.43,数码
U01613,ORD_U01613_034,2025-02-01,1620.88,服饰
U01613,ORD_U01613_024,2025-02-02,1125.66,数码
U01613,ORD_U01613_043,2025-02-21,1197.99,食品
U01613,ORD_U01613_027,2025-02-23,2068.68,美妆
U01613,ORD_U01613_042,2025-02-24,2494.68,数码
U01613,ORD_U01613_021,2025-03-04,1132.45,美妆
U01613,ORD_U01613_040,2025-03-11,1928.62,食品
U01613,ORD_U01613_025,2025-03-28,1127.98,家居
U01613,ORD_U01613_018,2025-05-05,1650.0,美妆
U01613,ORD_U01613_016,2025-05-06,1455.85,美妆
U01613,ORD_U01613_023,2025-05-07,2287.89,家居
U01613,ORD_U01613_029,2025-05-13,1343.15,美妆
U01613,ORD_U01613_031,2025-05-23,1480.06,食品
U01613,ORD_U01613_017,2025-05-25,2637.8,食品
U01613,ORD_U01613_015,2025-06-10,2540.82,食品
U01613,ORD_U01613_028,2025-06-10,1570.06,美妆
U01613,ORD_U01613_022,2025-09-08,1201.52,家居
U01613,ORD_U01613_035,2025-09-24,836.09,服饰
U01613,ORD_U01613_036,2025-10-02,2216.24,食品
U01613,ORD_U01613_020,2025-10-30,794.9,服饰
U01613,ORD_U01613_026,2025-11-11,1288.26,数码
U01613,ORD_U01613_039,2025-12-06,2240.77,食品
U01613,ORD_U01613_047,2026-07-19,2147.73,食品
U01613,ORD_U01613_037,2026-07-20,1785.11,食品
U01613,ORD_U01613_041,2026-08-04,1252.39,美妆
U01613,ORD_U01613_044,2026-08-08,2253.08,美妆
U01613,ORD_U01613_038,2026-08-23,1344.75,家居
U01613,ORD_U01613_033,2026-10-23,2629.42,食品
U01613,ORD_U01613_030,2026-10-26,1342.13,数码
U01613,ORD_U01613_032,2026-11-19,1864.37,数码
U01613,ORD_U01613_048,2027-03-19,2655.87,食品
U01613,ORD_U01613_046,2027-12-12,1473.88,家居
U01613,ORD_U01613_045,2028-01-23,2355.91,食品
U01613,ORD_U01613_049,2028-03-16,1569.61,美妆
U01614,ORD_U01614_000,2023-12-10,163.98,食品
U01614,ORD_U01614_001,2024-01-13,385.8,数码
U01614,ORD_U01614_002,2024-03-15,168.33,美妆
U01614,ORD_U01614_004,2024-03-23,167.13,食品
U01614,ORD_U01614_003,2024-03-24,148.29,食品
U01615,ORD_U01615_000,2024-02-03,76.38,家居
U01616,ORD_U01616_000,2024-01-06,480.34,服饰
U01616,ORD_U01616_001,2024-01-14,466.68,食品
U01616,ORD_U01616_002,2024-03-01,1006.55,家居
U01616,ORD_U01616_003,2024-03-06,728.15,服饰
U01616,ORD_U01616_004,2024-04-05,763.47,食品
U01616,ORD_U01616_005,2024-04-06,576.03,美妆
U01616,ORD_U01616_006,2024-07-28,541.77,服饰
U01616,ORD_U01616_009,2024-08-05,560.72,服饰
U01616,ORD_U01616_010,2024-08-26,303.48,食品
U01616,ORD_U01616_007,2024-09-19,542.27,服饰
U01616,ORD_U01616_008,2024-11-16,859.18,食品
U01617,ORD_U01617_000,2024-03-15,43.78,美妆
U01617,ORD_U01617_001,2024-04-13,96.17,美妆
U01617,ORD_U01617_002,2024-05-18,37.71,数码
U01618,ORD_U01618_000,2024-12-20,51.15,家居
U01618,ORD_U01618_001,2025-03-20,125.29,服饰
U01619,ORD_U01619_000,2024-09-02,135.9,服饰
U01619,ORD_U01619_001,2024-12-07,120.18,美妆
U01620,ORD_U01620_000,2024-02-17,232.14,数码
U01621,ORD_U01621_000,2024-11-17,84.2,数码
U01621,ORD_U01621_001,2024-12-02,44.08,食品
U01621,ORD_U01621_002,2025-02-11,62.86,美妆
U01622,ORD_U01622_000,2024-08-10,118.54,美妆
U01622,ORD_U01622_001,2024-08-11,46.2,数码
U01623,ORD_U01623_000,2023-08-12,373.16,数码
U01623,ORD_U01623_001,2023-09-12,382.6,服饰
U01623,ORD_U01623_002,2023-12-19,380.54,食品
U01623,ORD_U01623_003,2023-12-26,242.0,美妆
U01623,ORD_U01623_005,2023-12-27,148.35,服饰
U01623,ORD_U01623_004,2024-01-29,213.13,家居
U01623,ORD_U01623_008,2024-02-03,138.1,食品
U01623,ORD_U01623_006,2024-05-05,209.77,美妆
U01623,ORD_U01623_007,2024-07-26,437.12,服饰
U01624,ORD_U01624_000,2024-05-02,55.64,数码
U01624,ORD_U01624_001,2024-06-04,136.44,家居
U01624,ORD_U01624_002,2024-06-23,67.72,数码
U01625,ORD_U01625_000,2024-12-09,55.66,数码
U01625,ORD_U01625_001,2025-04-10,33.03,数码
U01625,ORD_U01625_002,2025-06-12,76.05,服饰
U01626,ORD_U01626_000,2024-11-07,88.75,数码
U01626,ORD_U01626_001,2025-01-05,92.01,家居
U01626,ORD_U01626_002,2025-01-14,26.79,美妆
U01626,ORD_U01626_003,2025-02-04,75.69,美妆
U01627,ORD_U01627_000,2024-03-17,83.55,食品
U01627,ORD_U01627_001,2024-07-01,105.69,数码
U01627,ORD_U01627_002,2024-08-08,60.48,食品
U01627,ORD_U01627_003,2024-10-14,180.54,美妆
U01628,ORD_U01628_000,2023-08-24,572.01,家居
U01628,ORD_U01628_002,2023-09-09,333.15,数码
U01628,ORD_U01628_001,2023-09-15,272.56,家居
U01628,ORD_U01628_003,2023-10-18,270.06,食品
U01628,ORD_U01628_004,2023-11-29,190.11,家居
U01628,ORD_U01628_005,2024-01-03,378.04,美妆
U01628,ORD_U01628_007,2024-02-04,390.55,服饰
U01628,ORD_U01628_006,2024-03-07,202.21,美妆
U01629,ORD_U01629_000,2023-11-04,369.23,数码
U01629,ORD_U01629_001,2024-01-04,744.86,食品
U01629,ORD_U01629_004,2024-01-09,937.05,食品
U01629,ORD_U01629_002,2024-02-16,1044.72,美妆
U01629,ORD_U01629_003,2024-02-26,923.75,服饰
U01629,ORD_U01629_007,2024-03-14,351.76,数码
U01629,ORD_U01629_009,2024-04-06,871.72,服饰
U01629,ORD_U01629_008,2024-04-18,788.44,数码
U01629,ORD_U01629_010,2024-04-19,1012.05,美妆
U01629,ORD_U01629_011,2024-05-07,358.4,服饰
U01629,ORD_U01629_005,2024-05-10,932.91,食品
U01629,ORD_U01629_006,2024-06-25,343.6,美妆
U01629,ORD_U01629_013,2024-09-03,416.01,美妆
U01629,ORD_U01629_012,2024-10-29,736.44,家居
U01629,ORD_U01629_014,2025-03-31,463.27,家居
U01630,ORD_U01630_000,2024-03-09,62.37,美妆
U01630,ORD_U01630_001,2024-03-20,31.74,美妆
U01630,ORD_U01630_002,2024-06-06,60.88,服饰
U01631,ORD_U01631_000,2024-03-16,114.16,美妆
U01631,ORD_U01631_001,2024-06-10,137.78,服饰
U01631,ORD_U01631_002,2024-07-18,155.45,数码
U01631,ORD_U01631_004,2024-08-15,181.81,美妆
U01631,ORD_U01631_003,2024-09-01,231.53,数码
U01631,ORD_U01631_005,2024-10-04,154.78,数码
U01632,ORD_U01632_000,2023-08-18,149.97,美妆
U01632,ORD_U01632_001,2023-09-27,82.49,食品
U01633,ORD_U01633_000,2024-11-03,201.61,美妆
U01633,ORD_U01633_001,2024-11-22,407.29,食品
U01633,ORD_U01633_002,2024-12-08,350.65,食品
U01633,ORD_U01633_003,2025-02-22,169.21,家居
U01633,ORD_U01633_007,2025-03-22,206.69,家居
U01633,ORD_U01633_004,2025-04-09,342.66,食品
U01633,ORD_U01633_005,2025-05-26,243.8,数码
U01633,ORD_U01633_006,2025-07-24,353.88,食品
U01634,ORD_U01634_000,2023-05-18,2081.18,家居
U01634,ORD_U01634_002,2023-05-20,1870.85,食品
U01634,ORD_U01634_001,2023-06-01,1183.86,数码
U01634,ORD_U01634_009,2023-07-12,1608.67,服饰
U01634,ORD_U01634_006,2023-07-22,1973.67,食品
U01634,ORD_U01634_003,2023-08-08,829.38,家居
U01634,ORD_U01634_004,2023-09-02,1445.38,服饰
U01634,ORD_U01634_015,2023-09-04,1775.4,服饰
U01634,ORD_U01634_012,2023-09-27,2363.5,服饰
U01634,ORD_U01634_005,2023-10-21,1651.44,家居
U01634,ORD_U01634_010,2023-10-24,2193.93,数码
U01634,ORD_U01634_007,2023-11-05,2165.48,服饰
U01634,ORD_U01634_016,2023-12-08,2476.44,美妆
U01634,ORD_U01634_023,2023-12-11,2056.08,服饰
U01634,ORD_U01634_018,2024-01-12,1865.82,美妆
U01634,ORD_U01634_008,2024-01-25,2603.78,服饰
U01634,ORD_U01634_011,2024-04-12,2384.92,数码
U01634,ORD_U01634_019,2024-04-17,1789.94,服饰
U01634,ORD_U01634_014,2024-05-09,1633.19,服饰
U01634,ORD_U01634_013,2024-05-16,1107.29,数码
U01634,ORD_U01634_022,2024-08-22,2286.81,食品
U01634,ORD_U01634_021,2024-10-03,764.41,美妆
U01634,ORD_U01634_017,2024-10-06,824.36,数码
U01634,ORD_U01634_024,2024-11-12,1960.97,数码
U01634,ORD_U01634_020,2025-01-17,1113.16,服饰
U01635,ORD_U01635_000,2024-12-12,1497.09,数码
U01635,ORD_U01635_001,2024-12-22,1988.62,数码
U01635,ORD_U01635_003,2024-12-28,824.34,美妆
U01635,ORD_U01635_005,2025-01-01,1346.61,美妆
U01635,ORD_U01635_002,2025-01-23,1899.12,服饰
U01635,ORD_U01635_008,2025-01-30,1343.73,家居
U01635,ORD_U01635_006,2025-02-19,1018.22,服饰
U01635,ORD_U01635_010,2025-03-19,1878.65,食品
U01635,ORD_U01635_004,2025-03-26,1340.97,家居
U01635,ORD_U01635_013,2025-04-08,879.79,数码
U01635,ORD_U01635_020,2025-04-17,957.65,服饰
U01635,ORD_U01635_007,2025-06-24,1001.93,美妆
U01635,ORD_U01635_012,2025-07-05,1272.75,家居
U01635,ORD_U01635_009,2025-07-09,1177.86,服饰
U01635,ORD_U01635_011,2025-07-23,1348.61,服饰
U01635,ORD_U01635_014,2025-09-18,1522.78,美妆
U01635,ORD_U01635_015,2025-10-02,1643.33,数码
U01635,ORD_U01635_019,2025-10-10,1347.07,数码
U01635,ORD_U01635_028,2025-10-14,833.95,数码
U01635,ORD_U01635_017,2025-10-17,616.47,数码
U01635,ORD_U01635_027,2025-10-23,2046.46,家居
U01635,ORD_U01635_016,2025-11-16,650.55,食品
U01635,ORD_U01635_023,2025-12-29,1643.41,家居
U01635,ORD_U01635_022,2026-01-06,1438.81,数码
U01635,ORD_U01635_025,2026-03-16,1595.32,家居
U01635,ORD_U01635_018,2026-03-19,1551.66,美妆
U01635,ORD_U01635_026,2026-07-10,1423.04,服饰
U01635,ORD_U01635_024,2026-07-18,761.49,家居
U01635,ORD_U01635_021,2026-09-03,1817.98,家居
U01636,ORD_U01636_000,2023-07-20,67.81,家居
U01637,ORD_U01637_000,2024-06-18,146.92,家居
U01637,ORD_U01637_001,2024-08-04,102.16,美妆
U01637,ORD_U01637_002,2024-10-03,141.64,服饰
U01638,ORD_U01638_000,2024-09-26,77.94,服饰
U01638,ORD_U01638_001,2024-11-05,85.51,服饰
U01639,ORD_U01639_000,2024-10-12,136.91,服饰
U01639,ORD_U01639_002,2024-12-22,59.44,数码
U01639,ORD_U01639_001,2025-02-26,173.79,家居
U01640,ORD_U01640_000,2023-09-09,111.51,食品
U01640,ORD_U01640_001,2023-11-08,349.89,食品
U01640,ORD_U01640_004,2023-11-11,177.28,食品
U01640,ORD_U01640_003,2023-12-03,281.91,家居
U01640,ORD_U01640_002,2023-12-24,230.83,食品
U01640,ORD_U01640_006,2024-02-09,296.53,服饰
U01640,ORD_U01640_009,2024-02-20,151.07,数码
U01640,ORD_U01640_008,2024-03-28,261.04,服饰
U01640,ORD_U01640_010,2024-04-03,306.19,美妆
U01640,ORD_U01640_005,2024-04-16,147.85,数码
U01640,ORD_U01640_013,2024-05-06,310.6,服饰
U01640,ORD_U01640_007,2024-07-03,316.36,食品
U01640,ORD_U01640_018,2024-09-19,186.47,家居
U01640,ORD_U01640_011,2024-11-02,131.45,美妆
U01640,ORD_U01640_014,2024-11-22,307.91,家居
U01640,ORD_U01640_012,2024-11-28,209.36,家居
U01640,ORD_U01640_017,2025-04-25,218.19,数码
U01640,ORD_U01640_016,2025-05-19,108.56,家居
U01640,ORD_U01640_015,2025-06-30,188.31,食品
U01641,ORD_U01641_000,2024-07-23,215.88,美妆
U01641,ORD_U01641_001,2024-08-29,103.25,服饰
U01641,ORD_U01641_002,2024-10-26,240.84,服饰
U01641,ORD_U01641_003,2024-11-26,136.76,家居
U01641,ORD_U01641_004,2025-01-22,107.13,食品
U01642,ORD_U01642_000,2023-04-20,130.47,数码
U01642,ORD_U01642_001,2023-06-30,194.3,数码
U01642,ORD_U01642_002,2023-07-23,171.84,数码
U01643,ORD_U01643_000,2023-07-22,80.83,家居
U01643,ORD_U01643_002,2023-12-15,109.6,数码
U01643,ORD_U01643_001,2023-12-23,159.64,美妆
U01644,ORD_U01644_000,2024-10-26,176.23,美妆
U01644,ORD_U01644_001,2025-01-05,290.39,数码
U01644,ORD_U01644_002,2025-01-14,452.25,服饰
U01644,ORD_U01644_004,2025-02-16,182.9,数码
U01644,ORD_U01644_003,2025-03-27,526.26,食品
U01644,ORD_U01644_005,2025-05-05,485.34,服饰
U01644,ORD_U01644_006,2025-10-18,524.1,美妆
U01645,ORD_U01645_000,2024-06-02,119.41,美妆
U01645,ORD_U01645_002,2024-10-03,65.21,美妆
U01645,ORD_U01645_001,2024-10-23,73.53,家居
U01645,ORD_U01645_003,2024-12-08,174.57,家居
U01646,ORD_U01646_000,2023-04-21,145.59,食品
U01646,ORD_U01646_003,2023-07-14,143.35,食品
U01646,ORD_U01646_001,2023-07-23,105.83,数码
U01646,ORD_U01646_002,2023-10-16,152.2,服饰
U01647,ORD_U01647_000,2023-11-09,177.88,家居
U01647,ORD_U01647_001,2023-12-15,626.47,数码
U01647,ORD_U01647_003,2024-01-01,242.16,家居
U01647,ORD_U01647_002,2024-01-08,345.41,服饰
U01647,ORD_U01647_004,2024-01-09,201.91,数码
U01647,ORD_U01647_006,2024-01-22,225.93,美妆
U01647,ORD_U01647_009,2024-03-20,213.74,食品
U01647,ORD_U01647_007,2024-04-04,163.58,服饰
U01647,ORD_U01647_005,2024-04-05,327.5,服饰
U01647,ORD_U01647_015,2024-04-12,332.08,家居
U01647,ORD_U01647_020,2024-05-11,170.81,家居
U01647,ORD_U01647_008,2024-05-17,194.27,数码
U01647,ORD_U01647_014,2024-06-13,203.85,食品
U01647,ORD_U01647_010,2024-06-16,452.75,食品
U01647,ORD_U01647_019,2024-07-18,543.17,数码
U01647,ORD_U01647_022,2024-07-20,581.31,美妆
U01647,ORD_U01647_026,2024-08-06,245.07,食品
U01647,ORD_U01647_041,2024-08-19,573.78,美妆
U01647,ORD_U01647_011,2024-09-05,303.69,服饰
U01647,ORD_U01647_029,2024-10-25,439.4,美妆
U01647,ORD_U01647_012,2024-10-31,335.34,美妆
U01647,ORD_U01647_013,2024-11-01,298.12,家居
U01647,ORD_U01647_021,2024-11-15,391.04,数码
U01647,ORD_U01647_024,2024-11-29,431.14,服饰
U01647,ORD_U01647_035,2024-11-29,173.01,美妆
U01647,ORD_U01647_016,2025-02-04,423.92,美妆
U01647,ORD_U01647_025,2025-02-27,216.62,服饰
U01647,ORD_U01647_043,2025-03-02,160.14,家居
U01647,ORD_U01647_042,2025-03-24,402.3,服饰
U01647,ORD_U01647_018,2025-04-12,215.44,美妆
U01647,ORD_U01647_017,2025-04-20,608.5,食品
U01647,ORD_U01647_027,2025-05-26,247.86,数码
U01647,ORD_U01647_032,2025-07-03,200.28,美妆
U01647,ORD_U01647_030,2025-08-26,424.21,服饰
U01647,ORD_U01647_023,2025-10-02,348.71,美妆
U01647,ORD_U01647_028,2026-01-29,622.79,数码
U01647,ORD_U01647_034,2026-03-19,339.69,数码
U01647,ORD_U01647_031,2026-04-13,200.93,家居
U01647,ORD_U01647_044,2026-05-22,248.68,食品
U01647,ORD_U01647_037,2026-07-23,624.93,美妆
U01647,ORD_U01647_039,2026-07-30,212.45,家居
U01647,ORD_U01647_038,2026-08-06,632.58,数码
U01647,ORD_U01647_033,2026-08-09,391.11,数码
U01647,ORD_U01647_036,2026-08-27,518.53,美妆
U01647,ORD_U01647_040,2026-10-06,580.5,数码
U01647,ORD_U01647_045,2027-04-02,571.02,数码
U01648,ORD_U01648_000,2023-09-03,380.88,数码
U01648,ORD_U01648_001,2023-09-28,250.23,食品
U01648,ORD_U01648_002,2023-10-16,420.83,服饰
U01648,ORD_U01648_004,2023-10-18,267.41,数码
U01648,ORD_U01648_003,2023-11-14,538.16,数码
U01648,ORD_U01648_008,2023-12-26,220.99,食品
U01648,ORD_U01648_006,2024-01-23,231.9,食品
U01648,ORD_U01648_005,2024-02-13,432.19,家居
U01648,ORD_U01648_009,2024-04-16,542.23,食品
U01648,ORD_U01648_007,2024-04-23,257.24,家居
U01648,ORD_U01648_017,2024-05-23,249.76,食品
U01648,ORD_U01648_015,2024-07-13,434.78,美妆
U01648,ORD_U01648_016,2024-07-27,206.77,食品
U01648,ORD_U01648_010,2024-07-29,455.75,数码
U01648,ORD_U01648_011,2024-10-10,255.05,美妆
U01648,ORD_U01648_012,2024-10-22,215.68,家居
U01648,ORD_U01648_013,2024-11-09,210.76,家居
U01648,ORD_U01648_014,2024-11-29,436.4,数码
U01648,ORD_U01648_019,2024-11-30,328.46,食品
U01648,ORD_U01648_018,2025-09-09,551.27,美妆
U01649,ORD_U01649_000,2024-06-07,90.91,食品
U01649,ORD_U01649_001,2024-06-15,106.93,数码
U01650,ORD_U01650_000,2023-02-19,69.16,数码
U01650,ORD_U01650_001,2023-04-12,163.95,家居
U01650,ORD_U01650_002,2023-06-20,68.55,美妆
U01651,ORD_U01651_000,2024-02-12,678.13,美妆
U01651,ORD_U01651_001,2024-03-13,212.69,食品
U01651,ORD_U01651_002,2024-04-04,301.41,数码
U01651,ORD_U01651_004,2024-05-08,406.04,家居
U01651,ORD_U01651_003,2024-06-01,573.05,家居
U01651,ORD_U01651_006,2024-06-12,297.28,食品
U01651,ORD_U01651_007,2024-06-21,648.37,数码
U01651,ORD_U01651_010,2024-07-13,595.29,服饰
U01651,ORD_U01651_011,2024-09-18,403.89,数码
U01651,ORD_U01651_005,2024-10-09,455.8,数码
U01651,ORD_U01651_012,2024-12-11,177.87,美妆
U01651,ORD_U01651_013,2025-02-05,326.5,服饰
U01651,ORD_U01651_008,2025-02-09,525.86,服饰
U01651,ORD_U01651_009,2025-03-17,387.49,服饰
U01652,ORD_U01652_000,2023-03-10,79.01,数码
U01652,ORD_U01652_001,2023-05-26,79.75,服饰
U01653,ORD_U01653_000,2023-11-27,52.68,服饰
U01653,ORD_U01653_001,2024-01-21,111.63,美妆
U01653,ORD_U01653_004,2024-03-07,166.49,数码
U01653,ORD_U01653_002,2024-03-15,80.25,食品
U01653,ORD_U01653_003,2024-03-29,170.04,服饰
U01654,ORD_U01654_000,2023-06-22,404.69,家居
U01654,ORD_U01654_001,2023-08-02,464.71,家居
U01654,ORD_U01654_002,2023-09-05,283.33,美妆
U01654,ORD_U01654_004,2023-09-09,297.34,食品
U01654,ORD_U01654_007,2023-10-19,149.4,食品
U01654,ORD_U01654_005,2023-10-30,258.48,美妆
U01654,ORD_U01654_003,2023-11-18,228.88,家居
U01654,ORD_U01654_006,2024-03-17,222.17,美妆
U01654,ORD_U01654_008,2024-04-18,194.91,服饰
U01655,ORD_U01655_000,2024-10-13,120.07,食品
U01655,ORD_U01655_001,2024-11-05,229.23,家居
U01655,ORD_U01655_003,2024-12-05,356.96,数码
U01655,ORD_U01655_002,2024-12-16,196.87,数码
U01655,ORD_U01655_006,2025-01-22,129.82,服饰
U01655,ORD_U01655_008,2025-02-20,127.29,食品
U01655,ORD_U01655_004,2025-02-21,383.49,数码
U01655,ORD_U01655_005,2025-04-01,220.9,服饰
U01655,ORD_U01655_009,2025-04-20,187.81,家居
U01655,ORD_U01655_007,2025-07-14,326.92,数码
U01656,ORD_U01656_000,2023-03-30,68.32,服饰
U01657,ORD_U01657_000,2023-02-25,147.93,食品
U01657,ORD_U01657_001,2023-07-21,114.3,家居
U01658,ORD_U01658_001,2024-05-13,182.77,美妆
U01658,ORD_U01658_000,2024-05-22,347.77,家居
U01658,ORD_U01658_002,2024-08-11,385.68,数码
U01658,ORD_U01658_003,2024-10-12,182.4,服饰
U01658,ORD_U01658_004,2024-10-15,331.64,家居
U01658,ORD_U01658_005,2024-10-22,114.58,食品
U01658,ORD_U01658_009,2024-12-10,248.61,数码
U01658,ORD_U01658_006,2025-01-06,113.95,美妆
U01658,ORD_U01658_007,2025-01-18,161.7,数码
U01658,ORD_U01658_008,2025-05-27,274.43,美妆
U01659,ORD_U01659_000,2023-08-13,230.59,家居
U01659,ORD_U01659_001,2023-09-25,365.0,数码
U01659,ORD_U01659_002,2023-10-09,220.24,食品
U01660,ORD_U01660_000,2024-01-20,30.45,服饰
U01661,ORD_U01661_000,2024-05-08,95.45,服饰
U01661,ORD_U01661_001,2024-05-23,169.72,服饰
U01661,ORD_U01661_002,2024-10-17,141.09,服饰
U01662,ORD_U01662_000,2023-09-12,68.39,服饰
U01662,ORD_U01662_001,2023-11-27,131.12,食品
U01662,ORD_U01662_002,2023-12-07,137.38,食品
U01663,ORD_U01663_000,2023-10-23,216.39,服饰
U01663,ORD_U01663_001,2023-11-02,145.34,食品
U01663,ORD_U01663_002,2024-01-04,145.09,家居
U01664,ORD_U01664_000,2024-08-26,200.2,食品
U01664,ORD_U01664_001,2024-10-31,123.93,数码
U01664,ORD_U01664_002,2024-11-03,223.1,食品
U01664,ORD_U01664_003,2024-12-21,213.01,服饰
U01665,ORD_U01665_000,2023-10-08,148.78,数码
U01665,ORD_U01665_001,2023-10-22,129.68,服饰
U01666,ORD_U01666_001,2024-10-31,74.6,家居
U01666,ORD_U01666_000,2024-11-11,54.84,数码
U01666,ORD_U01666_002,2025-03-03,63.22,服饰
U01667,ORD_U01667_000,2023-06-04,91.01,服饰
U01667,ORD_U01667_001,2023-07-08,50.89,美妆
U01667,ORD_U01667_002,2023-07-27,117.93,服饰
U01668,ORD_U01668_000,2024-09-03,633.77,数码
U01668,ORD_U01668_001,2024-09-06,771.79,食品
U01668,ORD_U01668_002,2024-09-19,614.07,食品
U01668,ORD_U01668_003,2024-10-15,795.01,服饰
U01668,ORD_U01668_004,2024-10-19,350.88,服饰
U01668,ORD_U01668_010,2024-11-11,418.27,家居
U01668,ORD_U01668_009,2024-11-25,740.32,数码
U01668,ORD_U01668_005,2024-12-25,464.67,服饰
U01668,ORD_U01668_011,2025-01-06,560.73,数码
U01668,ORD_U01668_015,2025-01-15,814.12,食品
U01668,ORD_U01668_006,2025-01-17,566.65,美妆
U01668,ORD_U01668_014,2025-02-14,269.2,美妆
U01668,ORD_U01668_007,2025-02-22,475.05,食品
U01668,ORD_U01668_018,2025-03-19,717.91,服饰
U01668,ORD_U01668_021,2025-04-24,886.67,美妆
U01668,ORD_U01668_008,2025-04-27,848.73,家居
U01668,ORD_U01668_020,2025-05-12,492.27,食品
U01668,ORD_U01668_016,2025-05-30,361.88,数码
U01668,ORD_U01668_012,2025-06-14,692.82,美妆
U01668,ORD_U01668_019,2025-07-06,574.76,美妆
U01668,ORD_U01668_013,2025-07-09,690.97,数码
U01668,ORD_U01668_017,2025-07-11,592.2,服饰
U01669,ORD_U01669_000,2024-05-16,66.78,美妆
U01669,ORD_U01669_002,2024-07-21,64.75,服饰
U01669,ORD_U01669_001,2024-07-24,59.98,服饰
U01669,ORD_U01669_003,2025-01-26,79.5,食品
U01670,ORD_U01670_000,2023-09-28,241.17,家居
U01670,ORD_U01670_001,2023-10-02,352.22,数码
U01670,ORD_U01670_004,2023-11-10,412.54,食品
U01670,ORD_U01670_002,2023-11-14,390.59,数码
U01670,ORD_U01670_003,2023-12-22,137.09,食品
U01670,ORD_U01670_005,2024-01-24,245.43,数码
U01670,ORD_U01670_008,2024-02-06,257.31,服饰
U01670,ORD_U01670_009,2024-02-15,118.92,食品
U01670,ORD_U01670_006,2024-02-25,116.83,食品
U01670,ORD_U01670_007,2024-07-19,361.58,服饰
U01670,ORD_U01670_010,2024-07-25,402.91,数码
U01670,ORD_U01670_011,2024-07-28,247.54,美妆
U01670,ORD_U01670_012,2024-08-10,321.92,服饰
U01670,ORD_U01670_014,2024-08-26,315.08,美妆
U01670,ORD_U01670_015,2024-10-05,319.96,家居
U01670,ORD_U01670_017,2025-01-10,344.98,食品
U01670,ORD_U01670_013,2025-03-09,226.41,家居
U01670,ORD_U01670_016,2025-05-01,239.37,服饰
U01670,ORD_U01670_018,2025-08-08,277.76,家居
U01671,ORD_U01671_000,2024-04-10,544.07,食品
U01671,ORD_U01671_002,2024-06-04,272.91,美妆
U01671,ORD_U01671_001,2024-06-06,304.83,美妆
U01671,ORD_U01671_005,2024-07-02,445.0,食品
U01671,ORD_U01671_003,2024-07-12,485.98,食品
U01671,ORD_U01671_006,2024-08-27,477.34,数码
U01671,ORD_U01671_004,2024-10-03,647.17,家居
U01671,ORD_U01671_009,2024-10-28,444.29,家居
U01671,ORD_U01671_012,2025-01-27,212.16,家居
U01671,ORD_U01671_007,2025-02-11,558.28,食品
U01671,ORD_U01671_008,2025-03-06,234.85,美妆
U01671,ORD_U01671_010,2025-05-15,674.56,美妆
U01671,ORD_U01671_011,2025-06-11,483.55,数码
U01672,ORD_U01672_000,2024-11-02,51.05,食品
U01672,ORD_U01672_001,2025-01-02,150.6,服饰
U01673,ORD_U01673_000,2024-04-07,94.35,美妆
U01673,ORD_U01673_002,2024-06-05,161.67,数码
U01673,ORD_U01673_001,2024-06-15,121.16,服饰
U01674,ORD_U01674_000,2023-09-23,458.34,数码
U01674,ORD_U01674_001,2023-11-01,238.99,家居
U01674,ORD_U01674_003,2024-01-05,279.99,数码
U01674,ORD_U01674_002,2024-01-09,212.58,服饰
U01675,ORD_U01675_000,2024-05-09,19.09,美妆
U01675,ORD_U01675_001,2024-08-08,25.5,服饰
U01675,ORD_U01675_002,2024-10-14,53.2,家居
U01676,ORD_U01676_000,2024-12-20,135.14,美妆
U01676,ORD_U01676_001,2025-02-07,173.17,服饰
U01676,ORD_U01676_002,2025-05-22,275.82,食品
U01676,ORD_U01676_003,2025-06-20,137.83,服饰
U01676,ORD_U01676_004,2025-08-16,79.64,服饰
U01676,ORD_U01676_005,2025-08-30,102.3,家居
U01677,ORD_U01677_000,2023-10-08,161.16,美妆
U01677,ORD_U01677_002,2023-12-30,96.32,美妆
U01677,ORD_U01677_001,2024-01-22,97.69,家居
U01677,ORD_U01677_003,2024-04-10,89.78,家居
U01678,ORD_U01678_000,2023-03-01,99.15,食品
U01678,ORD_U01678_001,2023-03-24,98.99,家居
U01678,ORD_U01678_002,2023-07-11,95.11,食品
U01679,ORD_U01679_000,2024-08-08,383.0,家居
U01679,ORD_U01679_001,2024-09-16,157.74,食品
U01679,ORD_U01679_002,2024-10-17,261.46,家居
U01679,ORD_U01679_004,2024-11-25,264.99,数码
U01679,ORD_U01679_003,2024-12-31,316.47,家居
U01679,ORD_U01679_006,2025-04-25,427.44,服饰
U01679,ORD_U01679_005,2025-05-17,251.63,家居
U01680,ORD_U01680_000,2023-06-09,187.64,食品
U01680,ORD_U01680_002,2023-08-15,146.05,服饰
U01680,ORD_U01680_001,2023-08-29,207.41,数码
U01680,ORD_U01680_004,2023-11-02,279.46,美妆
U01680,ORD_U01680_003,2023-11-22,246.5,美妆
U01680,ORD_U01680_005,2023-12-18,351.95,食品
U01680,ORD_U01680_008,2024-02-29,165.8,食品
U01680,ORD_U01680_006,2024-03-05,458.96,食品
U01680,ORD_U01680_007,2024-07-27,329.21,食品
U01681,ORD_U01681_000,2024-09-12,337.74,数码
U01681,ORD_U01681_001,2024-11-02,287.95,食品
U01681,ORD_U01681_002,2024-12-12,237.86,服饰
U01681,ORD_U01681_004,2025-01-23,238.75,服饰
U01681,ORD_U01681_003,2025-02-03,267.73,食品
U01681,ORD_U01681_005,2025-02-04,102.01,家居
U01681,ORD_U01681_006,2025-02-15,266.74,美妆
U01682,ORD_U01682_001,2024-06-30,796.37,数码
U01682,ORD_U01682_000,2024-07-13,773.79,数码
U01682,ORD_U01682_003,2024-08-11,664.28,美妆
U01682,ORD_U01682_002,2024-08-30,412.07,家居
U01682,ORD_U01682_004,2024-11-22,890.66,服饰
U01682,ORD_U01682_009,2024-12-03,791.1,家居
U01682,ORD_U01682_006,2024-12-06,850.72,家居
U01682,ORD_U01682_005,2025-02-18,735.64,家居
U01682,ORD_U01682_010,2025-03-09,576.56,家居
U01682,ORD_U01682_012,2025-03-23,733.23,数码
U01682,ORD_U01682_007,2025-04-28,645.46,美妆
U01682,ORD_U01682_008,2025-07-01,590.11,食品
U01682,ORD_U01682_011,2025-09-03,259.85,服饰
U01683,ORD_U01683_000,2024-08-09,517.3,数码
U01683,ORD_U01683_001,2024-09-13,522.18,数码
U01683,ORD_U01683_002,2024-09-25,179.19,美妆
U01683,ORD_U01683_003,2024-09-26,383.08,食品
U01683,ORD_U01683_004,2024-10-13,582.7,数码
U01683,ORD_U01683_006,2024-11-17,183.69,美妆
U01683,ORD_U01683_009,2024-12-23,581.12,食品
U01683,ORD_U01683_005,2025-03-01,241.83,家居
U01683,ORD_U01683_007,2025-05-14,634.46,家居
U01683,ORD_U01683_008,2025-06-25,296.42,服饰
U01683,ORD_U01683_010,2025-07-10,631.5,美妆
U01684,ORD_U01684_000,2024-09-05,137.53,美妆
U01685,ORD_U01685_000,2025-01-01,300.29,数码
U01685,ORD_U01685_001,2025-02-19,190.45,数码
U01685,ORD_U01685_004,2025-03-29,443.72,食品
U01685,ORD_U01685_002,2025-04-04,267.5,美妆
U01685,ORD_U01685_003,2025-05-13,222.56,服饰
U01685,ORD_U01685_006,2025-11-26,181.68,食品
U01685,ORD_U01685_005,2025-11-27,154.42,美妆
U01686,ORD_U01686_000,2023-12-17,163.99,服饰
U01686,ORD_U01686_001,2024-01-03,141.66,数码
U01686,ORD_U01686_002,2024-02-19,149.88,美妆
U01686,ORD_U01686_003,2024-06-28,106.54,家居
U01687,ORD_U01687_000,2024-12-19,533.93,服饰
U01687,ORD_U01687_001,2025-01-30,490.78,食品
U01687,ORD_U01687_002,2025-04-06,543.36,食品
U01687,ORD_U01687_005,2025-05-31,499.39,服饰
U01687,ORD_U01687_003,2025-06-05,200.12,美妆
U01687,ORD_U01687_004,2025-06-19,306.15,数码
U01687,ORD_U01687_006,2025-07-11,544.9,家居
U01687,ORD_U01687_007,2025-09-06,209.69,家居
U01687,ORD_U01687_010,2025-10-07,626.97,食品
U01687,ORD_U01687_013,2025-10-30,696.43,食品
U01687,ORD_U01687_012,2025-11-05,458.07,服饰
U01687,ORD_U01687_011,2025-12-11,348.31,食品
U01687,ORD_U01687_008,2026-01-09,226.35,服饰
U01687,ORD_U01687_009,2026-01-13,780.73,美妆
U01688,ORD_U01688_000,2023-09-07,65.3,数码
U01689,ORD_U01689_000,2023-07-09,197.06,食品
U01689,ORD_U01689_001,2023-08-14,251.34,服饰
U01689,ORD_U01689_002,2023-10-08,219.83,数码
U01690,ORD_U01690_000,2023-09-03,123.63,食品
U01690,ORD_U01690_001,2023-10-19,98.73,美妆
U01690,ORD_U01690_002,2023-10-23,102.1,数码
U01690,ORD_U01690_004,2023-11-11,259.83,美妆
U01690,ORD_U01690_003,2023-11-25,266.16,食品
U01690,ORD_U01690_005,2024-01-16,138.23,服饰
U01690,ORD_U01690_006,2024-02-12,170.15,家居
U01690,ORD_U01690_009,2024-03-12,260.98,数码
U01690,ORD_U01690_007,2024-04-23,258.28,美妆
U01690,ORD_U01690_010,2024-05-28,256.41,数码
U01690,ORD_U01690_008,2024-08-02,141.66,数码
U01690,ORD_U01690_013,2024-09-24,84.51,美妆
U01690,ORD_U01690_011,2024-10-31,101.11,食品
U01690,ORD_U01690_012,2024-12-17,154.81,家居
U01691,ORD_U01691_000,2023-10-14,154.81,美妆
U01691,ORD_U01691_001,2024-01-08,150.7,服饰
U01691,ORD_U01691_002,2024-03-15,144.86,美妆
U01692,ORD_U01692_000,2024-04-07,705.17,食品
U01692,ORD_U01692_002,2024-05-12,314.46,服饰
U01692,ORD_U01692_001,2024-05-20,369.71,食品
U01692,ORD_U01692_003,2024-06-04,513.3,美妆
U01692,ORD_U01692_004,2024-07-13,673.88,服饰
U01692,ORD_U01692_007,2024-07-22,655.93,数码
U01692,ORD_U01692_008,2024-10-10,748.97,服饰
U01692,ORD_U01692_006,2024-11-13,798.8,服饰
U01692,ORD_U01692_005,2024-11-30,341.66,服饰
U01693,ORD_U01693_000,2024-02-22,78.31,服饰
U01694,ORD_U01694_000,2024-06-05,146.02,服饰
U01694,ORD_U01694_001,2024-09-21,82.82,数码
U01694,ORD_U01694_002,2024-12-13,212.48,食品
U01695,ORD_U01695_001,2024-09-25,81.0,服饰
U01695,ORD_U01695_000,2024-10-05,34.78,服饰
U01696,ORD_U01696_000,2023-12-19,655.44,家居
U01696,ORD_U01696_002,2024-02-02,488.48,家居
U01696,ORD_U01696_001,2024-02-11,672.99,服饰
U01696,ORD_U01696_003,2024-03-24,464.83,数码
U01696,ORD_U01696_004,2024-04-09,789.1,家居
U01696,ORD_U01696_007,2024-06-01,630.26,美妆
U01696,ORD_U01696_012,2024-06-09,934.77,食品
U01696,ORD_U01696_011,2024-07-10,784.04,服饰
U01696,ORD_U01696_006,2024-07-21,471.15,食品
U01696,ORD_U01696_005,2024-07-29,893.67,数码
U01696,ORD_U01696_010,2024-09-02,738.99,食品
U01696,ORD_U01696_009,2024-10-22,732.17,食品
U01696,ORD_U01696_014,2024-11-01,826.73,美妆
U01696,ORD_U01696_008,2024-12-31,286.93,数码
U01696,ORD_U01696_013,2025-01-05,514.7,美妆
U01697,ORD_U01697_000,2023-07-18,257.3,服饰
U01697,ORD_U01697_001,2023-09-02,359.68,美妆
U01697,ORD_U01697_002,2023-10-07,152.37,服饰
U01697,ORD_U01697_003,2024-01-06,147.47,美妆
U01698,ORD_U01698_000,2023-04-05,170.38,食品
U01698,ORD_U01698_002,2023-06-25,402.54,食品
U01698,ORD_U01698_001,2023-07-05,340.73,数码
U01699,ORD_U01699_001,2023-05-22,74.54,服饰
U01699,ORD_U01699_000,2023-05-30,48.08,美妆
U01699,ORD_U01699_002,2023-10-07,122.16,家居
U01699,ORD_U01699_003,2024-01-06,120.42,服饰
U01700,ORD_U01700_000,2024-07-03,535.58,数码
U01700,ORD_U01700_001,2024-08-12,460.63,家居
U01700,ORD_U01700_003,2024-08-16,302.01,服饰
U01700,ORD_U01700_002,2024-10-04,551.8,家居
U01700,ORD_U01700_005,2024-10-29,442.52,食品
U01700,ORD_U01700_004,2024-11-03,703.45,数码
U01700,ORD_U01700_006,2024-12-17,432.26,家居
U01700,ORD_U01700_007,2025-02-10,532.98,数码
U01700,ORD_U01700_009,2025-03-24,199.74,家居
U01700,ORD_U01700_008,2025-04-23,306.21,美妆
U01700,ORD_U01700_010,2025-05-11,409.36,食品
U01700,ORD_U01700_012,2025-06-18,602.89,美妆
U01700,ORD_U01700_011,2025-10-13,671.2,美妆
U01701,ORD_U01701_000,2023-08-19,454.46,家居
U01701,ORD_U01701_001,2023-09-08,437.81,服饰
U01701,ORD_U01701_002,2023-09-16,720.22,家居
U01701,ORD_U01701_005,2023-10-05,692.56,服饰
U01701,ORD_U01701_004,2023-10-28,313.04,食品
U01701,ORD_U01701_003,2023-11-11,246.16,美妆
U01701,ORD_U01701_009,2023-12-28,777.73,食品
U01701,ORD_U01701_006,2024-01-20,440.47,食品
U01701,ORD_U01701_007,2024-02-26,266.19,食品
U01701,ORD_U01701_010,2024-03-13,616.41,服饰
U01701,ORD_U01701_014,2024-03-29,253.84,美妆
U01701,ORD_U01701_019,2024-04-03,671.68,服饰
U01701,ORD_U01701_008,2024-04-23,568.76,家居
U01701,ORD_U01701_016,2024-05-02,621.31,数码
U01701,ORD_U01701_013,2024-06-08,776.95,美妆
U01701,ORD_U01701_011,2024-07-05,323.25,食品
U01701,ORD_U01701_012,2024-07-27,379.23,服饰
U01701,ORD_U01701_015,2024-08-25,448.33,家居
U01701,ORD_U01701_018,2024-08-26,381.94,数码
U01701,ORD_U01701_017,2024-10-21,294.46,美妆
U01701,ORD_U01701_020,2025-03-24,689.25,数码
U01702,ORD_U01702_000,2023-03-11,151.04,数码
U01702,ORD_U01702_002,2023-03-19,272.84,数码
U01702,ORD_U01702_001,2023-04-21,233.43,数码
U01702,ORD_U01702_003,2023-06-09,200.2,家居
U01702,ORD_U01702_005,2023-06-11,226.53,食品
U01702,ORD_U01702_004,2023-06-23,158.04,服饰
U01703,ORD_U01703_001,2023-03-04,191.6,家居
U01703,ORD_U01703_000,2023-03-21,126.4,服饰
U01703,ORD_U01703_002,2023-04-06,189.19,食品
U01703,ORD_U01703_003,2023-05-07,319.62,服饰
U01703,ORD_U01703_005,2023-06-08,179.91,美妆
U01703,ORD_U01703_004,2023-10-07,149.68,数码
U01704,ORD_U01704_000,2023-09-13,225.83,数码
U01704,ORD_U01704_001,2023-09-20,662.34,美妆
U01704,ORD_U01704_003,2023-10-21,648.96,数码
U01704,ORD_U01704_004,2023-10-24,870.97,家居
U01704,ORD_U01704_002,2023-11-14,590.37,家居
U01704,ORD_U01704_006,2024-02-13,247.78,服饰
U01704,ORD_U01704_005,2024-02-23,770.36,食品
U01704,ORD_U01704_008,2024-04-29,791.09,食品
U01704,ORD_U01704_007,2024-06-09,304.94,美妆
U01704,ORD_U01704_009,2024-07-23,847.82,食品
U01705,ORD_U01705_000,2024-04-27,340.76,数码
U01705,ORD_U01705_001,2024-05-24,178.81,食品
U01705,ORD_U01705_002,2024-08-04,341.09,食品
U01705,ORD_U01705_004,2024-08-31,358.05,服饰
U01705,ORD_U01705_005,2024-10-12,328.25,服饰
U01705,ORD_U01705_003,2024-10-15,341.99,服饰
U01705,ORD_U01705_006,2024-10-23,207.07,食品
U01705,ORD_U01705_007,2025-05-03,201.87,服饰
U01706,ORD_U01706_000,2023-06-06,412.55,食品
U01706,ORD_U01706_001,2023-07-12,169.61,美妆
U01706,ORD_U01706_003,2023-08-14,351.12,食品
U01706,ORD_U01706_002,2023-09-22,370.26,美妆
U01707,ORD_U01707_000,2023-07-12,216.98,家居
U01707,ORD_U01707_001,2023-09-13,351.9,服饰
U01707,ORD_U01707_002,2023-10-20,230.84,数码
U01707,ORD_U01707_004,2023-11-14,159.23,家居
U01707,ORD_U01707_003,2023-11-18,378.65,美妆
U01707,ORD_U01707_006,2024-01-01,441.32,食品
U01707,ORD_U01707_005,2024-02-26,267.59,食品
U01707,ORD_U01707_007,2024-03-12,258.38,家居
U01707,ORD_U01707_008,2024-09-01,211.62,服饰
U01708,ORD_U01708_000,2024-11-28,88.22,服饰
U01708,ORD_U01708_001,2024-12-06,138.82,服饰
U01708,ORD_U01708_002,2024-12-29,172.2,服饰
U01708,ORD_U01708_003,2025-01-07,74.59,数码
U01708,ORD_U01708_006,2025-05-11,97.68,服饰
U01708,ORD_U01708_004,2025-05-26,79.18,家居
U01708,ORD_U01708_005,2025-09-10,86.98,服饰
U01709,ORD_U01709_000,2023-10-11,79.79,家居
U01709,ORD_U01709_001,2024-01-26,107.16,食品
U01710,ORD_U01710_000,2023-11-28,1020.9,数码
U01710,ORD_U01710_001,2023-12-12,444.65,家居
U01710,ORD_U01710_007,2024-01-07,857.32,服饰
U01710,ORD_U01710_004,2024-01-18,1261.89,美妆
U01710,ORD_U01710_005,2024-01-21,461.55,数码
U01710,ORD_U01710_002,2024-01-30,1078.59,家居
U01710,ORD_U01710_003,2024-02-01,1297.05,数码
U01710,ORD_U01710_008,2024-02-10,575.47,美妆
U01710,ORD_U01710_012,2024-02-17,993.9,美妆
U01710,ORD_U01710_006,2024-03-07,449.14,家居
U01710,ORD_U01710_011,2024-03-13,803.14,服饰
U01710,ORD_U01710_016,2024-03-18,1115.65,数码
U01710,ORD_U01710_018,2024-04-05,903.59,数码
U01710,ORD_U01710_010,2024-04-30,691.15,服饰
U01710,ORD_U01710_017,2024-05-06,1186.96,食品
U01710,ORD_U01710_022,2024-05-11,516.69,美妆
U01710,ORD_U01710_020,2024-05-18,387.96,服饰
U01710,ORD_U01710_019,2024-05-31,1321.15,美妆
U01710,ORD_U01710_009,2024-07-22,769.05,家居
U01710,ORD_U01710_027,2024-08-01,1182.11,家居
U01710,ORD_U01710_026,2024-08-25,1024.97,美妆
U01710,ORD_U01710_013,2024-09-18,521.9,家居
U01710,ORD_U01710_014,2024-09-26,1045.08,食品
U01710,ORD_U01710_023,2024-12-31,849.12,服饰
U01710,ORD_U01710_015,2025-01-17,1172.52,服饰
U01710,ORD_U01710_021,2025-02-27,987.18,服饰
U01710,ORD_U01710_024,2025-05-16,1139.79,食品
U01710,ORD_U01710_025,2025-10-14,370.38,食品
U01711,ORD_U01711_000,2024-11-28,293.95,美妆
U01711,ORD_U01711_001,2024-11-28,283.31,数码
U01711,ORD_U01711_003,2025-01-01,362.32,食品
U01711,ORD_U01711_002,2025-01-21,471.1,家居
U01711,ORD_U01711_004,2025-03-10,323.95,数码
U01711,ORD_U01711_005,2025-04-28,701.88,服饰
U01711,ORD_U01711_009,2025-05-12,698.63,数码
U01711,ORD_U01711_006,2025-06-06,514.36,食品
U01711,ORD_U01711_008,2025-06-19,243.26,数码
U01711,ORD_U01711_007,2025-08-08,668.29,美妆
U01712,ORD_U01712_000,2023-02-27,272.84,服饰
U01712,ORD_U01712_001,2023-04-10,344.09,服饰
U01712,ORD_U01712_002,2023-06-14,244.39,美妆
U01712,ORD_U01712_005,2023-06-16,171.89,家居
U01712,ORD_U01712_006,2023-06-27,176.55,家居
U01712,ORD_U01712_003,2023-07-20,180.45,食品
U01712,ORD_U01712_004,2023-08-17,254.2,数码
U01712,ORD_U01712_007,2023-10-06,121.08,食品
U01713,ORD_U01713_000,2024-11-28,137.02,家居
U01713,ORD_U01713_002,2025-01-11,88.1,数码
U01713,ORD_U01713_001,2025-02-08,92.49,食品
U01713,ORD_U01713_004,2025-04-20,220.68,服饰
U01713,ORD_U01713_003,2025-04-21,117.28,数码
U01713,ORD_U01713_005,2025-04-27,141.55,美妆
U01714,ORD_U01714_000,2024-09-13,185.37,服饰
U01714,ORD_U01714_002,2024-11-13,157.21,美妆
U01714,ORD_U01714_001,2024-11-26,145.43,数码
U01714,ORD_U01714_003,2025-02-13,140.94,家居
U01714,ORD_U01714_004,2025-03-09,162.16,数码
U01714,ORD_U01714_006,2025-03-12,155.55,服饰
U01714,ORD_U01714_005,2025-07-14,75.38,食品
U01714,ORD_U01714_008,2025-11-26,158.05,家居
U01714,ORD_U01714_007,2025-12-02,122.39,家居
U01715,ORD_U01715_000,2023-04-30,104.29,食品
U01716,ORD_U01716_000,2023-09-03,122.81,数码
U01716,ORD_U01716_001,2023-11-17,49.49,家居
U01716,ORD_U01716_002,2024-01-11,127.67,家居
U01717,ORD_U01717_000,2024-12-17,148.71,家居
U01717,ORD_U01717_001,2025-03-14,143.64,数码
U01717,ORD_U01717_002,2025-03-18,80.67,食品
U01717,ORD_U01717_003,2025-04-05,116.88,服饰
U01717,ORD_U01717_004,2025-08-08,255.0,数码
U01718,ORD_U01718_000,2023-06-15,57.91,美妆
U01718,ORD_U01718_001,2023-08-30,24.15,服饰
U01719,ORD_U01719_000,2023-03-15,180.82,家居
U01719,ORD_U01719_001,2023-05-16,160.24,服饰
U01719,ORD_U01719_002,2023-07-17,467.06,服饰
U01719,ORD_U01719_003,2023-09-15,340.54,食品
U01719,ORD_U01719_007,2023-09-23,193.75,数码
U01719,ORD_U01719_005,2023-10-03,241.91,美妆
U01719,ORD_U01719_004,2023-10-23,135.33,食品
U01719,ORD_U01719_006,2023-12-28,175.89,服饰
U01720,ORD_U01720_001,2023-05-31,229.7,家居
U01720,ORD_U01720_000,2023-06-16,357.61,家居
U01720,ORD_U01720_002,2023-07-14,449.28,家居
U01720,ORD_U01720_005,2023-09-26,223.03,美妆
U01720,ORD_U01720_004,2023-10-16,407.99,美妆
U01720,ORD_U01720_003,2023-11-30,517.82,服饰
U01721,ORD_U01721_000,2024-09-03,94.41,家居
U01722,ORD_U01722_000,2023-05-13,53.87,食品
U01723,ORD_U01723_000,2023-11-08,78.86,美妆
U01724,ORD_U01724_000,2023-06-26,234.46,家居
U01724,ORD_U01724_001,2023-09-07,498.61,食品
U01724,ORD_U01724_002,2023-09-18,440.66,美妆
U01724,ORD_U01724_005,2023-09-18,307.17,服饰
U01724,ORD_U01724_003,2023-11-03,567.69,家居
U01724,ORD_U01724_004,2023-11-07,281.75,家居
U01724,ORD_U01724_007,2023-12-27,617.75,食品
U01724,ORD_U01724_008,2023-12-27,305.47,服饰
U01724,ORD_U01724_006,2024-01-17,442.32,美妆
U01724,ORD_U01724_009,2024-01-31,189.92,服饰
U01724,ORD_U01724_013,2024-02-18,220.57,美妆
U01724,ORD_U01724_010,2024-03-11,234.23,美妆
U01724,ORD_U01724_011,2024-10-05,671.28,家居
U01724,ORD_U01724_012,2024-10-08,662.85,食品
U01725,ORD_U01725_000,2023-07-02,385.04,家居
U01725,ORD_U01725_001,2023-07-19,1040.93,食品
U01725,ORD_U01725_002,2023-07-26,501.91,数码
U01725,ORD_U01725_005,2023-10-29,337.49,美妆
U01725,ORD_U01725_004,2023-11-02,757.43,食品
U01725,ORD_U01725_003,2023-11-10,421.39,数码
U01725,ORD_U01725_007,2023-12-26,552.52,数码
U01725,ORD_U01725_006,2024-02-12,931.47,美妆
U01725,ORD_U01725_010,2024-02-29,397.63,服饰
U01725,ORD_U01725_008,2024-04-05,621.46,美妆
U01725,ORD_U01725_011,2024-04-06,851.12,食品
U01725,ORD_U01725_009,2024-08-15,273.15,美妆
U01725,ORD_U01725_012,2024-08-19,1010.01,服饰
U01726,ORD_U01726_000,2024-03-08,82.78,美妆
U01726,ORD_U01726_001,2024-03-28,99.47,数码
U01727,ORD_U01727_000,2024-01-20,204.95,美妆
U01728,ORD_U01728_000,2024-04-19,440.33,美妆
U01728,ORD_U01728_002,2024-04-28,268.06,家居
U01728,ORD_U01728_001,2024-05-30,180.63,食品
U01728,ORD_U01728_003,2024-06-09,167.17,数码
U01728,ORD_U01728_007,2024-07-22,259.03,数码
U01728,ORD_U01728_004,2024-08-24,144.87,美妆
U01728,ORD_U01728_006,2024-10-02,468.6,食品
U01728,ORD_U01728_005,2024-12-02,350.37,食品
U01729,ORD_U01729_000,2024-01-03,204.25,美妆
U01729,ORD_U01729_001,2024-03-16,190.55,服饰
U01729,ORD_U01729_002,2024-06-06,187.06,家居
U01729,ORD_U01729_003,2024-10-03,114.46,服饰
U01730,ORD_U01730_000,2024-11-08,73.15,数码
U01730,ORD_U01730_001,2024-12-25,114.15,美妆
U01730,ORD_U01730_002,2025-01-28,158.55,食品
U01730,ORD_U01730_003,2025-02-27,102.51,美妆
U01731,ORD_U01731_000,2023-04-15,121.85,数码
U01731,ORD_U01731_001,2023-05-07,106.45,美妆
U01731,ORD_U01731_003,2023-07-12,272.99,家居
U01731,ORD_U01731_002,2023-07-16,109.45,服饰
U01731,ORD_U01731_004,2023-10-07,131.2,美妆
U01731,ORD_U01731_005,2023-11-16,210.62,服饰
U01732,ORD_U01732_000,2023-06-11,17.39,数码
U01732,ORD_U01732_001,2023-07-05,34.45,家居
U01733,ORD_U01733_000,2024-07-03,26.57,家居
U01734,ORD_U01734_000,2024-12-18,2212.29,美妆
U01734,ORD_U01734_001,2025-01-12,2483.81,食品
U01734,ORD_U01734_002,2025-01-18,1977.61,家居
U01734,ORD_U01734_003,2025-02-21,666.63,服饰
U01734,ORD_U01734_005,2025-03-27,1893.28,家居
U01734,ORD_U01734_016,2025-04-11,2382.85,美妆
U01734,ORD_U01734_004,2025-04-13,1633.86,数码
U01734,ORD_U01734_015,2025-04-17,2170.83,美妆
U01734,ORD_U01734_018,2025-05-13,836.3,数码
U01734,ORD_U01734_010,2025-05-28,1054.04,家居
U01734,ORD_U01734_006,2025-06-06,796.02,家居
U01734,ORD_U01734_012,2025-06-18,1470.85,数码
U01734,ORD_U01734_009,2025-07-12,729.99,美妆
U01734,ORD_U01734_008,2025-07-17,1483.95,数码
U01734,ORD_U01734_007,2025-07-19,742.89,家居
U01734,ORD_U01734_026,2025-07-25,1319.02,食品
U01734,ORD_U01734_013,2025-08-03,937.51,服饰
U01734,ORD_U01734_029,2025-08-14,1128.43,服饰
U01734,ORD_U01734_033,2025-09-03,1270.64,家居
U01734,ORD_U01734_038,2025-09-19,1012.98,家居
U01734,ORD_U01734_014,2025-10-14,2012.95,美妆
U01734,ORD_U01734_011,2025-10-24,2541.38,数码
U01734,ORD_U01734_017,2025-10-27,2425.96,数码
U01734,ORD_U01734_035,2025-11-22,1650.82,服饰
U01734,ORD_U01734_020,2025-12-28,2263.21,数码
U01734,ORD_U01734_021,2026-03-06,1137.2,美妆
U01734,ORD_U01734_037,2026-03-31,2557.67,服饰
U01734,ORD_U01734_032,2026-04-11,1143.49,美妆
U01734,ORD_U01734_019,2026-05-16,1139.51,美妆
U01734,ORD_U01734_022,2026-08-25,1623.74,服饰
U01734,ORD_U01734_030,2026-08-29,1645.1,家居
U01734,ORD_U01734_024,2026-09-03,744.79,食品
U01734,ORD_U01734_023,2026-10-17,1560.13,食品
U01734,ORD_U01734_025,2026-11-16,984.19,食品
U01734,ORD_U01734_028,2027-01-01,936.22,数码
U01734,ORD_U01734_027,2027-02-05,1796.77,服饰
U01734,ORD_U01734_034,2027-05-26,2059.44,家居
U01734,ORD_U01734_031,2027-05-30,1185.15,数码
U01734,ORD_U01734_036,2027-07-24,1713.73,家居
U01735,ORD_U01735_000,2023-02-24,101.86,美妆
U01736,ORD_U01736_000,2023-03-22,360.78,数码
U01736,ORD_U01736_001,2023-05-25,318.95,家居
U01736,ORD_U01736_002,2023-06-26,155.64,美妆
U01736,ORD_U01736_003,2023-08-25,326.46,家居
U01736,ORD_U01736_004,2023-10-29,126.34,美妆
U01736,ORD_U01736_006,2023-12-24,117.82,数码
U01736,ORD_U01736_007,2024-01-10,101.96,食品
U01736,ORD_U01736_005,2024-02-19,276.77,服饰
U01737,ORD_U01737_000,2023-03-12,305.22,服饰
U01737,ORD_U01737_001,2023-04-12,307.79,服饰
U01737,ORD_U01737_002,2023-04-26,215.04,食品
U01737,ORD_U01737_003,2023-06-17,130.35,服饰
U01737,ORD_U01737_004,2023-07-13,207.58,服饰
U01737,ORD_U01737_008,2023-08-05,420.75,服饰
U01737,ORD_U01737_006,2023-09-15,158.38,食品
U01737,ORD_U01737_005,2023-09-21,228.53,食品
U01737,ORD_U01737_007,2024-01-07,473.68,美妆
U01738,ORD_U01738_000,2024-09-30,73.36,数码
U01739,ORD_U01739_000,2024-07-17,121.39,美妆
U01739,ORD_U01739_001,2024-10-31,75.81,食品
U01739,ORD_U01739_002,2024-11-28,159.09,家居
U01740,ORD_U01740_000,2023-11-28,224.64,数码
U01740,ORD_U01740_001,2024-03-18,169.21,美妆
U01740,ORD_U01740_002,2024-04-28,206.53,数码
U01740,ORD_U01740_003,2024-08-01,70.13,数码
U01741,ORD_U01741_000,2025-01-10,179.53,数码
U01741,ORD_U01741_001,2025-03-30,173.89,家居
U01742,ORD_U01742_000,2024-10-15,83.33,服饰
U01743,ORD_U01743_000,2023-07-12,217.02,数码
U01743,ORD_U01743_001,2023-09-20,69.67,家居
U01744,ORD_U01744_000,2023-12-02,1634.79,数码
U01744,ORD_U01744_001,2023-12-26,1111.55,食品
U01744,ORD_U01744_003,2024-01-05,637.12,食品
U01744,ORD_U01744_002,2024-01-08,1154.25,服饰
U01744,ORD_U01744_004,2024-01-15,689.57,服饰
U01744,ORD_U01744_007,2024-02-02,1746.2,家居
U01744,ORD_U01744_005,2024-03-08,1214.27,美妆
U01744,ORD_U01744_006,2024-04-02,1200.67,数码
U01744,ORD_U01744_016,2024-04-04,1378.41,食品
U01744,ORD_U01744_008,2024-04-10,579.53,食品
U01744,ORD_U01744_013,2024-04-26,705.41,美妆
U01744,ORD_U01744_018,2024-05-03,1311.96,家居
U01744,ORD_U01744_011,2024-05-15,796.31,美妆
U01744,ORD_U01744_014,2024-07-02,1171.18,数码
U01744,ORD_U01744_017,2024-07-11,473.22,家居
U01744,ORD_U01744_009,2024-08-15,525.03,数码
U01744,ORD_U01744_010,2024-08-22,1390.18,家居
U01744,ORD_U01744_012,2024-09-09,1271.92,服饰
U01744,ORD_U01744_015,2024-11-03,847.56,数码
U01744,ORD_U01744_019,2025-04-08,842.05,食品
U01745,ORD_U01745_000,2023-03-22,139.44,数码
U01745,ORD_U01745_001,2023-07-13,89.99,美妆
U01746,ORD_U01746_000,2024-08-23,47.98,家居
U01746,ORD_U01746_001,2024-10-01,55.18,食品
U01747,ORD_U01747_000,2023-02-09,1766.4,家居
U01747,ORD_U01747_004,2023-03-09,692.96,服饰
U01747,ORD_U01747_002,2023-03-18,726.34,服饰
U01747,ORD_U01747_003,2023-03-21,678.47,家居
U01747,ORD_U01747_001,2023-03-22,795.94,食品
U01747,ORD_U01747_009,2023-05-16,558.68,家居
U01747,ORD_U01747_007,2023-06-28,488.07,食品
U01747,ORD_U01747_005,2023-07-02,1101.45,数码
U01747,ORD_U01747_008,2023-07-02,1706.55,食品
U01747,ORD_U01747_006,2023-07-14,1151.88,家居
U01747,ORD_U01747_016,2023-08-17,867.4,家居
U01747,ORD_U01747_019,2023-09-09,1295.68,家居
U01747,ORD_U01747_020,2023-10-25,708.96,食品
U01747,ORD_U01747_011,2023-11-03,1838.87,食品
U01747,ORD_U01747_015,2023-11-18,1254.13,美妆
U01747,ORD_U01747_014,2023-11-21,972.89,食品
U01747,ORD_U01747_010,2023-12-08,1518.85,家居
U01747,ORD_U01747_017,2024-01-18,1389.88,数码
U01747,ORD_U01747_032,2024-01-23,839.64,服饰
U01747,ORD_U01747_012,2024-02-02,878.5,服饰
U01747,ORD_U01747_031,2024-02-09,508.15,数码
U01747,ORD_U01747_013,2024-02-12,773.52,家居
U01747,ORD_U01747_030,2024-03-19,598.14,服饰
U01747,ORD_U01747_026,2024-03-25,1238.62,服饰
U01747,ORD_U01747_018,2024-04-23,1711.87,数码
U01747,ORD_U01747_021,2024-06-23,649.7,服饰
U01747,ORD_U01747_024,2024-07-08,1705.74,服饰
U01747,ORD_U01747_023,2024-08-12,1208.91,数码
U01747,ORD_U01747_034,2024-11-03,981.27,服饰
U01747,ORD_U01747_029,2024-11-06,523.47,美妆
U01747,ORD_U01747_025,2024-11-10,1194.94,美妆
U01747,ORD_U01747_022,2024-11-23,1568.84,家居
U01747,ORD_U01747_027,2025-03-11,1339.15,美妆
U01747,ORD_U01747_035,2025-03-17,1538.81,家居
U01747,ORD_U01747_028,2025-05-22,526.79,数码
U01747,ORD_U01747_036,2025-08-04,867.7,家居
U01747,ORD_U01747_033,2025-09-02,1623.4,家居
U01748,ORD_U01748_001,2023-04-27,20.95,美妆
U01748,ORD_U01748_000,2023-05-02,28.01,服饰
U01749,ORD_U01749_000,2025-01-06,173.33,数码
U01749,ORD_U01749_001,2025-05-12,122.61,服饰
U01749,ORD_U01749_002,2025-05-14,47.94,美妆
U01750,ORD_U01750_000,2024-04-14,179.88,家居
U01750,ORD_U01750_001,2024-08-05,125.26,服饰
U01751,ORD_U01751_000,2023-06-25,661.31,服饰
U01751,ORD_U01751_001,2023-07-29,568.6,服饰
U01751,ORD_U01751_003,2023-08-14,567.23,服饰
U01751,ORD_U01751_002,2023-09-27,479.59,数码
U01751,ORD_U01751_010,2023-12-07,288.49,美妆
U01751,ORD_U01751_006,2023-12-18,757.08,食品
U01751,ORD_U01751_005,2023-12-26,723.11,家居
U01751,ORD_U01751_004,2023-12-27,650.45,食品
U01751,ORD_U01751_007,2024-04-01,733.19,美妆
U01751,ORD_U01751_009,2024-04-22,745.62,数码
U01751,ORD_U01751_008,2024-05-26,583.13,服饰
U01752,ORD_U01752_000,2024-08-25,71.31,食品
U01752,ORD_U01752_001,2024-11-26,84.07,数码
U01753,ORD_U01753_000,2023-01-26,652.66,家居
U01753,ORD_U01753_001,2023-03-10,315.14,食品
U01753,ORD_U01753_002,2023-03-23,1044.07,服饰
U01753,ORD_U01753_003,2023-04-20,706.21,数码
U01753,ORD_U01753_005,2023-05-10,798.31,食品
U01753,ORD_U01753_010,2023-06-28,742.29,食品
U01753,ORD_U01753_008,2023-06-29,777.56,服饰
U01753,ORD_U01753_004,2023-07-12,304.63,食品
U01753,ORD_U01753_006,2023-08-13,577.14,家居
U01753,ORD_U01753_007,2023-09-09,608.93,家居
U01753,ORD_U01753_012,2023-10-20,525.19,食品
U01753,ORD_U01753_009,2024-02-24,701.38,服饰
U01753,ORD_U01753_016,2024-03-04,879.64,美妆
U01753,ORD_U01753_013,2024-03-09,462.02,数码
U01753,ORD_U01753_014,2024-04-18,350.27,美妆
U01753,ORD_U01753_011,2024-06-07,904.85,美妆
U01753,ORD_U01753_015,2024-11-14,439.69,服饰
U01754,ORD_U01754_000,2024-12-03,173.59,美妆
U01754,ORD_U01754_001,2025-02-21,112.97,家居
U01754,ORD_U01754_002,2025-03-25,190.39,美妆
U01754,ORD_U01754_004,2025-04-02,393.66,美妆
U01754,ORD_U01754_003,2025-04-23,169.63,服饰
U01754,ORD_U01754_005,2025-04-24,414.51,食品
U01754,ORD_U01754_006,2025-06-06,400.21,服饰
U01754,ORD_U01754_009,2025-08-23,358.88,美妆
U01754,ORD_U01754_007,2025-10-04,118.44,数码
U01754,ORD_U01754_008,2026-01-28,333.47,服饰
U01755,ORD_U01755_000,2023-03-14,180.1,数码
U01755,ORD_U01755_001,2023-07-04,170.08,食品
U01756,ORD_U01756_000,2024-03-09,83.17,食品
U01757,ORD_U01757_000,2024-04-13,144.77,食品
U01757,ORD_U01757_001,2024-06-29,410.77,数码
U01757,ORD_U01757_002,2024-08-05,344.81,食品
U01757,ORD_U01757_004,2024-08-18,450.37,美妆
U01757,ORD_U01757_003,2024-09-02,500.77,食品
U01757,ORD_U01757_006,2024-10-17,202.21,数码
U01757,ORD_U01757_005,2025-01-31,422.59,数码
U01758,ORD_U01758_000,2023-04-17,428.91,数码
U01758,ORD_U01758_001,2023-05-12,810.78,数码
U01758,ORD_U01758_002,2023-05-18,930.54,数码
U01758,ORD_U01758_006,2023-06-07,583.25,美妆
U01758,ORD_U01758_011,2023-06-18,887.65,服饰
U01758,ORD_U01758_003,2023-06-25,1051.13,家居
U01758,ORD_U01758_005,2023-07-07,777.4,家居
U01758,ORD_U01758_004,2023-07-29,551.22,数码
U01758,ORD_U01758_009,2023-08-15,890.66,美妆
U01758,ORD_U01758_013,2023-09-08,844.34,美妆
U01758,ORD_U01758_014,2023-10-15,269.97,食品
U01758,ORD_U01758_017,2023-10-17,510.49,食品
U01758,ORD_U01758_007,2023-10-30,492.74,美妆
U01758,ORD_U01758_008,2023-10-30,1027.13,美妆
U01758,ORD_U01758_010,2023-11-17,317.67,服饰
U01758,ORD_U01758_023,2023-11-24,895.71,食品
U01758,ORD_U01758_022,2023-11-25,823.19,美妆
U01758,ORD_U01758_012,2024-02-01,563.44,美妆
U01758,ORD_U01758_020,2024-02-06,941.04,食品
U01758,ORD_U01758_016,2024-02-26,767.54,食品
U01758,ORD_U01758_018,2024-02-29,459.64,食品
U01758,ORD_U01758_025,2024-04-01,486.25,数码
U01758,ORD_U01758_019,2024-04-10,1038.56,食品
U01758,ORD_U01758_021,2024-05-24,944.1,食品
U01758,ORD_U01758_015,2024-06-16,1007.9,数码
U01758,ORD_U01758_024,2025-02-12,408.88,服饰
U01759,ORD_U01759_000,2024-10-18,105.63,家居
U01759,ORD_U01759_001,2024-11-21,183.86,家居
U01759,ORD_U01759_002,2025-02-08,105.85,食品
U01759,ORD_U01759_003,2025-08-01,110.66,服饰
U01760,ORD_U01760_000,2024-04-13,106.37,服饰
U01760,ORD_U01760_001,2024-07-17,70.56,美妆
U01760,ORD_U01760_002,2024-07-21,109.86,数码
U01761,ORD_U01761_000,2024-03-03,78.85,家居
U01761,ORD_U01761_001,2024-05-20,56.42,食品
U01762,ORD_U01762_000,2024-02-06,190.84,食品
U01762,ORD_U01762_001,2024-05-04,61.51,食品
U01762,ORD_U01762_002,2024-06-01,159.55,数码
U01762,ORD_U01762_003,2024-06-02,118.82,食品
U01763,ORD_U01763_000,2023-08-09,761.6,美妆
U01763,ORD_U01763_001,2023-08-15,764.99,数码
U01763,ORD_U01763_003,2023-09-30,1034.32,家居
U01763,ORD_U01763_002,2023-10-17,839.49,美妆
U01763,ORD_U01763_004,2023-11-27,439.84,美妆
U01763,ORD_U01763_005,2023-12-08,354.56,家居
U01763,ORD_U01763_011,2024-01-26,897.43,食品
U01763,ORD_U01763_007,2024-02-26,354.49,服饰
U01763,ORD_U01763_006,2024-03-03,292.69,美妆
U01763,ORD_U01763_010,2024-03-24,617.39,美妆
U01763,ORD_U01763_009,2024-06-06,827.73,家居
U01763,ORD_U01763_008,2024-07-18,550.57,数码
U01763,ORD_U01763_012,2024-10-26,580.88,食品
U01764,ORD_U01764_000,2023-05-04,175.62,食品
U01764,ORD_U01764_001,2023-06-08,204.63,数码
U01764,ORD_U01764_003,2023-07-20,185.33,服饰
U01764,ORD_U01764_002,2023-08-08,113.71,家居
U01764,ORD_U01764_004,2023-10-13,201.05,美妆
U01765,ORD_U01765_000,2024-02-08,1084.4,美妆
U01765,ORD_U01765_001,2024-02-23,871.63,数码
U01765,ORD_U01765_002,2024-03-15,403.75,数码
U01765,ORD_U01765_005,2024-04-29,733.24,数码
U01765,ORD_U01765_003,2024-05-04,383.86,服饰
U01765,ORD_U01765_006,2024-05-28,590.23,美妆
U01765,ORD_U01765_004,2024-06-02,871.32,数码
U01765,ORD_U01765_008,2024-08-20,889.64,食品
U01765,ORD_U01765_009,2024-08-31,469.59,美妆
U01765,ORD_U01765_010,2024-11-01,308.02,美妆
U01765,ORD_U01765_007,2024-11-22,294.97,数码
U01765,ORD_U01765_011,2024-12-14,861.04,服饰
U01765,ORD_U01765_019,2025-01-30,757.56,家居
U01765,ORD_U01765_013,2025-02-05,972.9,服饰
U01765,ORD_U01765_014,2025-03-08,769.91,数码
U01765,ORD_U01765_012,2025-03-10,773.66,美妆
U01765,ORD_U01765_015,2025-08-13,549.73,家居
U01765,ORD_U01765_016,2025-10-03,542.02,食品
U01765,ORD_U01765_017,2026-03-19,484.13,食品
U01765,ORD_U01765_018,2026-05-08,304.31,数码
U01766,ORD_U01766_000,2024-07-26,182.98,数码
U01766,ORD_U01766_001,2024-08-26,144.15,数码
U01766,ORD_U01766_004,2024-10-01,299.43,美妆
U01766,ORD_U01766_002,2024-10-20,434.75,美妆
U01766,ORD_U01766_003,2024-10-29,378.07,家居
U01766,ORD_U01766_005,2024-11-15,234.34,数码
U01767,ORD_U01767_000,2023-02-22,402.58,服饰
U01767,ORD_U01767_001,2023-03-22,377.97,食品
U01767,ORD_U01767_002,2023-06-10,191.31,美妆
U01767,ORD_U01767_003,2023-06-16,183.71,数码
U01768,ORD_U01768_000,2025-01-03,327.3,食品
U01768,ORD_U01768_001,2025-01-18,243.94,服饰
U01768,ORD_U01768_002,2025-02-13,234.08,美妆
U01768,ORD_U01768_003,2025-02-14,257.04,美妆
U01768,ORD_U01768_004,2025-05-24,336.91,食品
U01768,ORD_U01768_005,2025-08-08,160.77,食品
U01769,ORD_U01769_001,2023-05-19,54.58,美妆
U01769,ORD_U01769_000,2023-05-24,63.64,服饰
U01769,ORD_U01769_002,2023-09-15,151.76,食品
U01770,ORD_U01770_000,2024-02-02,335.29,美妆
U01770,ORD_U01770_001,2024-05-04,303.52,食品
U01770,ORD_U01770_002,2024-05-25,321.98,食品
U01770,ORD_U01770_003,2024-08-08,295.77,食品
U01770,ORD_U01770_004,2024-08-14,255.9,美妆
U01771,ORD_U01771_000,2024-04-14,57.52,数码
U01772,ORD_U01772_000,2024-10-16,48.36,美妆
U01772,ORD_U01772_001,2024-12-29,63.25,数码
U01772,ORD_U01772_002,2024-12-29,107.53,数码
U01773,ORD_U01773_000,2023-05-23,117.45,服饰
U01774,ORD_U01774_000,2024-02-29,84.42,家居
U01774,ORD_U01774_001,2024-06-16,43.35,数码
U01774,ORD_U01774_002,2024-07-11,120.81,家居
U01774,ORD_U01774_003,2024-10-18,105.88,家居
U01775,ORD_U01775_000,2024-11-03,177.75,数码
U01775,ORD_U01775_001,2024-12-16,118.55,服饰
U01775,ORD_U01775_002,2025-02-24,53.26,食品
U01776,ORD_U01776_000,2023-10-02,541.12,美妆
U01776,ORD_U01776_001,2023-10-23,315.06,美妆
U01776,ORD_U01776_004,2023-12-20,166.35,食品
U01776,ORD_U01776_002,2024-01-04,401.89,数码
U01776,ORD_U01776_003,2024-01-22,441.83,服饰
U01776,ORD_U01776_005,2024-03-07,267.3,食品
U01776,ORD_U01776_006,2024-03-23,151.79,数码
U01776,ORD_U01776_007,2024-08-24,520.04,数码
U01776,ORD_U01776_008,2024-09-09,514.06,数码
U01777,ORD_U01777_000,2024-02-25,864.14,家居
U01777,ORD_U01777_001,2024-04-04,2311.66,家居
U01777,ORD_U01777_002,2024-04-23,1089.53,食品
U01777,ORD_U01777_005,2024-05-09,2914.38,美妆
U01777,ORD_U01777_006,2024-05-10,1725.18,食品
U01777,ORD_U01777_003,2024-06-04,955.4,服饰
U01777,ORD_U01777_007,2024-06-20,2402.21,服饰
U01777,ORD_U01777_004,2024-06-21,878.55,美妆
U01777,ORD_U01777_014,2024-07-13,893.14,美妆
U01777,ORD_U01777_015,2024-08-07,2199.47,服饰
U01777,ORD_U01777_009,2024-08-13,1455.02,数码
U01777,ORD_U01777_008,2024-09-19,2896.52,家居
U01777,ORD_U01777_013,2024-10-17,1365.74,食品
U01777,ORD_U01777_012,2024-10-31,2064.81,数码
U01777,ORD_U01777_010,2024-12-13,2132.48,食品
U01777,ORD_U01777_011,2025-01-11,1659.15,数码
U01778,ORD_U01778_000,2023-06-28,390.84,食品
U01778,ORD_U01778_001,2023-08-30,428.29,美妆
U01778,ORD_U01778_002,2023-09-05,208.68,美妆
U01778,ORD_U01778_004,2023-10-04,396.09,数码
U01778,ORD_U01778_005,2023-11-15,189.16,家居
U01778,ORD_U01778_003,2023-11-23,215.86,数码
U01778,ORD_U01778_009,2024-01-08,278.42,美妆
U01778,ORD_U01778_006,2024-01-25,394.29,家居
U01778,ORD_U01778_007,2024-02-26,458.71,家居
U01778,ORD_U01778_017,2024-04-13,463.22,食品
U01778,ORD_U01778_008,2024-04-14,472.4,数码
U01778,ORD_U01778_010,2024-05-05,238.9,数码
U01778,ORD_U01778_013,2024-07-26,249.63,美妆
U01778,ORD_U01778_012,2024-10-07,212.24,数码
U01778,ORD_U01778_011,2024-10-14,409.89,美妆
U01778,ORD_U01778_018,2024-11-10,289.18,服饰
U01778,ORD_U01778_014,2025-01-14,201.15,数码
U01778,ORD_U01778_016,2025-03-17,471.28,食品
U01778,ORD_U01778_015,2025-03-25,304.94,美妆
U01779,ORD_U01779_000,2024-11-13,129.3,美妆
U01779,ORD_U01779_001,2024-11-27,235.32,数码
U01779,ORD_U01779_002,2024-12-26,317.85,家居
U01779,ORD_U01779_003,2025-03-22,131.11,服饰
U01779,ORD_U01779_004,2025-04-09,104.91,家居
U01779,ORD_U01779_006,2025-04-29,224.6,家居
U01779,ORD_U01779_005,2025-05-09,341.23,美妆
U01779,ORD_U01779_008,2025-06-01,260.75,服饰
U01779,ORD_U01779_007,2025-12-01,257.15,服饰
U01779,ORD_U01779_009,2026-02-03,239.16,服饰
U01780,ORD_U01780_000,2024-09-23,40.21,数码
U01781,ORD_U01781_000,2024-08-09,60.12,家居
U01781,ORD_U01781_001,2024-08-12,72.77,美妆
U01782,ORD_U01782_000,2023-11-20,166.73,服饰
U01782,ORD_U01782_001,2024-01-21,103.55,食品
U01782,ORD_U01782_002,2024-04-30,172.86,食品
U01783,ORD_U01783_000,2023-10-05,1770.1,家居
U01783,ORD_U01783_001,2023-10-13,741.16,数码
U01783,ORD_U01783_004,2023-11-19,949.31,家居
U01783,ORD_U01783_002,2023-11-30,2203.17,家居
U01783,ORD_U01783_005,2023-12-05,2308.94,美妆
U01783,ORD_U01783_003,2023-12-19,2623.31,数码
U01783,ORD_U01783_007,2024-01-12,2688.68,家居
U01783,ORD_U01783_006,2024-01-22,838.51,家居
U01783,ORD_U01783_015,2024-02-07,1820.35,服饰
U01783,ORD_U01783_009,2024-03-30,1698.78,食品
U01783,ORD_U01783_011,2024-04-01,2871.83,食品
U01783,ORD_U01783_012,2024-04-28,2362.86,数码
U01783,ORD_U01783_008,2024-05-22,2073.83,服饰
U01783,ORD_U01783_020,2024-06-10,1469.46,美妆
U01783,ORD_U01783_021,2024-06-16,2418.63,服饰
U01783,ORD_U01783_010,2024-06-21,1940.52,食品
U01783,ORD_U01783_016,2024-07-01,805.86,服饰
U01783,ORD_U01783_013,2024-07-05,725.06,美妆
U01783,ORD_U01783_022,2024-10-08,2477.97,家居
U01783,ORD_U01783_028,2024-10-19,1969.1,美妆
U01783,ORD_U01783_018,2024-10-27,1608.8,服饰
U01783,ORD_U01783_019,2024-11-11,1824.01,服饰
U01783,ORD_U01783_036,2024-12-09,2521.65,美妆
U01783,ORD_U01783_023,2024-12-12,2369.97,食品
U01783,ORD_U01783_034,2024-12-16,2792.37,食品
U01783,ORD_U01783_014,2024-12-18,2651.84,数码
U01783,ORD_U01783_017,2024-12-21,2233.12,家居
U01783,ORD_U01783_025,2025-01-03,1392.19,数码
U01783,ORD_U01783_043,2025-01-20,1171.91,数码
U01783,ORD_U01783_027,2025-01-30,1596.09,家居
U01783,ORD_U01783_037,2025-02-11,1414.84,食品
U01783,ORD_U01783_031,2025-03-25,1007.18,家居
U01783,ORD_U01783_033,2025-03-29,910.35,家居
U01783,ORD_U01783_024,2025-04-12,2202.85,数码
U01783,ORD_U01783_035,2025-05-06,2027.59,家居
U01783,ORD_U01783_030,2025-07-20,725.82,数码
U01783,ORD_U01783_026,2025-08-23,1434.93,数码
U01783,ORD_U01783_040,2025-10-14,1873.85,数码
U01783,ORD_U01783_032,2025-10-21,2638.19,家居
U01783,ORD_U01783_038,2025-12-03,1689.88,家居
U01783,ORD_U01783_042,2025-12-05,1154.42,服饰
U01783,ORD_U01783_041,2026-02-14,1964.96,食品
U01783,ORD_U01783_029,2026-02-27,2622.09,家居
U01783,ORD_U01783_039,2026-06-13,1074.86,服饰
U01784,ORD_U01784_001,2024-09-20,144.67,数码
U01784,ORD_U01784_000,2024-10-09,168.89,数码
U01784,ORD_U01784_002,2025-02-09,144.11,数码
U01784,ORD_U01784_003,2025-05-31,70.59,家居
U01785,ORD_U01785_000,2023-08-11,276.49,美妆
U01785,ORD_U01785_001,2023-09-07,523.62,家居
U01785,ORD_U01785_002,2023-10-27,530.64,美妆
U01785,ORD_U01785_004,2023-12-03,264.74,美妆
U01785,ORD_U01785_003,2023-12-05,222.91,服饰
U01785,ORD_U01785_005,2024-02-01,482.77,食品
U01785,ORD_U01785_006,2024-05-26,276.27,美妆
U01786,ORD_U01786_000,2023-09-28,102.29,数码
U01786,ORD_U01786_001,2023-12-18,151.4,服饰
U01787,ORD_U01787_000,2024-11-19,486.42,数码
U01787,ORD_U01787_001,2024-12-15,312.8,数码
U01787,ORD_U01787_002,2025-01-02,130.54,食品
U01787,ORD_U01787_003,2025-02-20,398.87,服饰
U01787,ORD_U01787_004,2025-04-08,388.88,美妆
U01787,ORD_U01787_006,2025-05-13,507.06,食品
U01787,ORD_U01787_007,2025-05-14,293.95,食品
U01787,ORD_U01787_005,2025-06-13,355.82,食品
U01788,ORD_U01788_000,2024-08-20,479.4,数码
U01788,ORD_U01788_003,2024-09-21,591.21,服饰
U01788,ORD_U01788_001,2024-09-23,418.99,食品
U01788,ORD_U01788_002,2024-09-25,237.05,食品
U01788,ORD_U01788_005,2024-10-30,226.89,食品
U01788,ORD_U01788_010,2025-01-28,653.46,食品
U01788,ORD_U01788_004,2025-02-06,714.85,美妆
U01788,ORD_U01788_007,2025-03-19,499.35,数码
U01788,ORD_U01788_006,2025-03-26,423.6,数码
U01788,ORD_U01788_008,2025-03-30,821.19,美妆
U01788,ORD_U01788_011,2025-06-04,597.9,食品
U01788,ORD_U01788_009,2025-08-14,824.3,食品
U01788,ORD_U01788_012,2025-08-23,756.53,美妆
U01788,ORD_U01788_013,2026-01-20,503.17,数码
U01788,ORD_U01788_014,2026-03-14,817.26,食品
U01789,ORD_U01789_000,2024-08-14,189.58,美妆
U01789,ORD_U01789_001,2024-10-13,216.46,服饰
U01789,ORD_U01789_003,2024-11-23,172.13,服饰
U01789,ORD_U01789_002,2024-12-28,137.62,数码
U01789,ORD_U01789_005,2025-02-02,178.72,食品
U01789,ORD_U01789_004,2025-05-02,258.61,数码
U01789,ORD_U01789_006,2025-08-12,154.0,家居
U01789,ORD_U01789_007,2025-09-25,116.14,美妆
U01790,ORD_U01790_000,2024-12-04,33.0,家居
U01791,ORD_U01791_001,2024-09-29,140.89,家居
U01791,ORD_U01791_000,2024-10-19,382.29,服饰
U01791,ORD_U01791_002,2025-01-01,450.03,家居
U01792,ORD_U01792_000,2023-08-26,530.06,服饰
U01792,ORD_U01792_001,2023-10-03,553.81,数码
U01792,ORD_U01792_002,2023-10-14,186.76,食品
U01792,ORD_U01792_004,2023-10-31,553.13,家居
U01792,ORD_U01792_003,2023-11-12,399.47,美妆
U01792,ORD_U01792_005,2024-01-09,328.86,服饰
U01792,ORD_U01792_006,2024-02-05,623.47,数码
U01792,ORD_U01792_007,2024-04-25,419.14,食品
U01792,ORD_U01792_011,2024-05-16,286.19,家居
U01792,ORD_U01792_009,2024-05-30,416.72,服饰
U01792,ORD_U01792_016,2024-07-02,613.11,服饰
U01792,ORD_U01792_008,2024-07-18,477.25,服饰
U01792,ORD_U01792_010,2024-07-28,388.76,家居
U01792,ORD_U01792_012,2024-08-25,621.77,数码
U01792,ORD_U01792_015,2024-09-19,611.61,食品
U01792,ORD_U01792_013,2025-03-27,172.92,数码
U01792,ORD_U01792_014,2025-05-08,352.23,服饰
U01792,ORD_U01792_017,2025-07-09,192.98,食品
U01793,ORD_U01793_000,2023-09-20,93.31,数码
U01794,ORD_U01794_000,2025-02-16,163.99,食品
U01794,ORD_U01794_001,2025-02-20,82.17,数码
U01795,ORD_U01795_000,2024-02-17,780.08,美妆
U01795,ORD_U01795_001,2024-03-29,1428.18,食品
U01795,ORD_U01795_003,2024-03-29,1468.12,服饰
U01795,ORD_U01795_002,2024-04-22,988.02,家居
U01795,ORD_U01795_004,2024-04-25,735.78,家居
U01795,ORD_U01795_006,2024-04-28,1956.94,服饰
U01795,ORD_U01795_005,2024-05-11,1231.19,数码
U01795,ORD_U01795_011,2024-05-29,1723.41,服饰
U01795,ORD_U01795_017,2024-06-05,1892.75,服饰
U01795,ORD_U01795_012,2024-06-30,2111.96,服饰
U01795,ORD_U01795_010,2024-07-05,1724.53,美妆
U01795,ORD_U01795_007,2024-07-20,1298.89,家居
U01795,ORD_U01795_022,2024-07-27,1245.0,美妆
U01795,ORD_U01795_009,2024-08-04,1612.0,数码
U01795,ORD_U01795_018,2024-08-30,907.05,服饰
U01795,ORD_U01795_013,2024-09-15,1373.5,数码
U01795,ORD_U01795_027,2024-09-28,971.27,食品
U01795,ORD_U01795_015,2024-10-04,1205.09,美妆
U01795,ORD_U01795_008,2024-10-16,1263.66,服饰
U01795,ORD_U01795_028,2024-10-20,1218.38,美妆
U01795,ORD_U01795_031,2024-11-13,1235.8,数码
U01795,ORD_U01795_045,2025-02-07,1205.39,家居
U01795,ORD_U01795_014,2025-02-21,1854.67,家居
U01795,ORD_U01795_030,2025-02-22,1514.96,服饰
U01795,ORD_U01795_034,2025-03-04,1841.2,服饰
U01795,ORD_U01795_016,2025-03-12,1627.63,服饰
U01795,ORD_U01795_025,2025-04-05,1164.28,美妆
U01795,ORD_U01795_023,2025-04-21,1731.58,数码
U01795,ORD_U01795_043,2025-07-10,810.12,服饰
U01795,ORD_U01795_038,2025-07-27,1127.73,家居
U01795,ORD_U01795_020,2025-08-06,1178.04,数码
U01795,ORD_U01795_024,2025-08-08,942.43,服饰
U01795,ORD_U01795_041,2025-08-11,1383.96,数码
U01795,ORD_U01795_021,2025-08-21,2121.11,服饰
U01795,ORD_U01795_032,2025-09-07,596.38,服饰
U01795,ORD_U01795_019,2025-09-24,1548.16,服饰
U01795,ORD_U01795_026,2025-10-19,951.29,食品
U01795,ORD_U01795_029,2025-12-30,1198.51,服饰
U01795,ORD_U01795_033,2026-02-18,1716.55,数码
U01795,ORD_U01795_042,2026-04-15,2205.8,食品
U01795,ORD_U01795_037,2026-06-16,1244.62,美妆
U01795,ORD_U01795_040,2026-07-27,733.73,食品
U01795,ORD_U01795_036,2026-07-31,1267.55,家居
U01795,ORD_U01795_039,2026-08-07,1610.01,食品
U01795,ORD_U01795_044,2026-12-07,1692.04,数码
U01795,ORD_U01795_035,2026-12-27,1969.27,家居
U01796,ORD_U01796_001,2024-10-13,78.18,数码
U01796,ORD_U01796_000,2024-10-25,119.77,食品
U01796,ORD_U01796_002,2025-02-16,118.36,美妆
U01797,ORD_U01797_001,2023-10-17,170.48,食品
U01797,ORD_U01797_000,2023-10-23,112.86,数码
U01797,ORD_U01797_002,2023-12-04,119.73,家居
U01797,ORD_U01797_003,2024-02-17,70.47,数码
U01797,ORD_U01797_004,2024-03-16,104.4,数码
U01797,ORD_U01797_005,2024-06-19,82.92,美妆
U01798,ORD_U01798_000,2024-03-24,154.5,服饰
U01798,ORD_U01798_001,2024-04-02,145.86,服饰
U01798,ORD_U01798_002,2024-06-01,159.81,家居
U01798,ORD_U01798_003,2024-06-11,71.31,家居
U01798,ORD_U01798_006,2024-08-01,131.77,美妆
U01798,ORD_U01798_004,2024-09-01,225.31,家居
U01798,ORD_U01798_005,2024-09-08,82.25,数码
U01798,ORD_U01798_007,2025-01-16,140.99,服饰
U01798,ORD_U01798_008,2025-03-29,141.52,美妆
U01799,ORD_U01799_000,2023-05-02,116.25,服饰
U01799,ORD_U01799_001,2023-07-31,345.94,数码
U01799,ORD_U01799_002,2023-08-01,295.83,食品
U01800,ORD_U01800_000,2023-04-30,430.83,美妆
U01800,ORD_U01800_001,2023-06-27,248.93,美妆
U01800,ORD_U01800_002,2023-06-28,413.68,数码
U01800,ORD_U01800_003,2023-10-17,415.53,服饰
U01801,ORD_U01801_000,2023-09-12,104.88,美妆
U01801,ORD_U01801_001,2023-10-01,149.17,美妆
U01801,ORD_U01801_002,2023-12-15,163.1,数码
U01802,ORD_U01802_000,2023-11-23,56.75,食品
U01802,ORD_U01802_002,2023-12-03,123.95,家居
U01802,ORD_U01802_001,2024-02-17,126.35,食品
U01803,ORD_U01803_000,2024-10-20,190.28,家居
U01803,ORD_U01803_001,2024-11-16,288.32,食品
U01803,ORD_U01803_002,2025-01-09,159.59,家居
U01803,ORD_U01803_004,2025-02-20,328.36,美妆
U01803,ORD_U01803_003,2025-05-01,349.14,食品
U01804,ORD_U01804_000,2025-03-12,187.37,家居
U01804,ORD_U01804_002,2025-04-11,116.04,家居
U01804,ORD_U01804_001,2025-04-16,182.28,美妆
U01805,ORD_U01805_000,2024-05-28,163.14,服饰
U01805,ORD_U01805_001,2024-06-25,55.27,美妆
U01805,ORD_U01805_002,2024-12-05,62.13,美妆
U01805,ORD_U01805_003,2025-01-11,117.89,数码
U01806,ORD_U01806_000,2024-05-13,99.55,美妆
U01806,ORD_U01806_002,2024-06-22,199.19,数码
U01806,ORD_U01806_003,2024-07-02,313.69,家居
U01806,ORD_U01806_001,2024-07-06,151.49,服饰
U01806,ORD_U01806_004,2024-12-03,185.15,数码
U01806,ORD_U01806_006,2025-02-24,148.44,美妆
U01806,ORD_U01806_005,2025-03-17,115.69,数码
U01807,ORD_U01807_000,2023-04-26,493.45,服饰
U01807,ORD_U01807_004,2023-05-19,250.86,食品
U01807,ORD_U01807_001,2023-05-28,757.4,服饰
U01807,ORD_U01807_002,2023-06-21,333.94,家居
U01807,ORD_U01807_003,2023-07-10,481.22,服饰
U01807,ORD_U01807_006,2023-09-03,729.88,服饰
U01807,ORD_U01807_007,2023-11-25,914.61,食品
U01807,ORD_U01807_005,2023-11-27,247.03,数码
U01808,ORD_U01808_000,2024-03-03,100.77,美妆
U01809,ORD_U01809_000,2024-10-06,46.61,数码
U01809,ORD_U01809_002,2024-12-08,97.97,家居
U01809,ORD_U01809_001,2025-01-31,51.11,服饰
U01810,ORD_U01810_000,2023-08-06,28.89,美妆
U01810,ORD_U01810_001,2023-10-09,41.96,服饰
U01810,ORD_U01810_002,2023-10-25,38.67,服饰
U01811,ORD_U01811_000,2024-09-06,109.94,家居
U01811,ORD_U01811_001,2024-11-27,178.2,家居
U01811,ORD_U01811_002,2025-02-07,151.23,食品
U01811,ORD_U01811_003,2025-04-19,180.05,美妆
U01812,ORD_U01812_000,2023-03-18,258.38,美妆
U01812,ORD_U01812_001,2023-05-10,160.14,服饰
U01812,ORD_U01812_002,2023-08-02,414.99,食品
U01812,ORD_U01812_003,2023-10-07,122.49,家居
U01813,ORD_U01813_000,2023-04-11,21.31,美妆
U01813,ORD_U01813_001,2023-04-16,27.06,数码
U01813,ORD_U01813_002,2023-06-19,67.54,美妆
U01814,ORD_U01814_000,2023-10-29,477.7,家居
U01814,ORD_U01814_003,2023-11-29,177.22,服饰
U01814,ORD_U01814_001,2023-12-04,273.27,家居
U01814,ORD_U01814_002,2023-12-16,459.55,食品
U01815,ORD_U01815_000,2023-06-28,61.88,家居
U01815,ORD_U01815_001,2023-09-11,135.77,服饰
U01815,ORD_U01815_002,2023-09-21,45.92,数码
U01815,ORD_U01815_003,2023-11-21,48.32,家居
U01816,ORD_U01816_000,2024-07-25,52.6,食品
U01817,ORD_U01817_000,2024-12-09,299.18,服饰
U01817,ORD_U01817_001,2025-01-25,281.95,家居
U01817,ORD_U01817_004,2025-03-19,368.73,数码
U01817,ORD_U01817_002,2025-03-21,230.57,食品
U01817,ORD_U01817_006,2025-05-06,295.37,美妆
U01817,ORD_U01817_003,2025-05-15,120.37,数码
U01817,ORD_U01817_008,2025-06-01,171.07,服饰
U01817,ORD_U01817_007,2025-07-20,394.35,数码
U01817,ORD_U01817_005,2025-09-04,226.13,家居
U01818,ORD_U01818_000,2023-09-26,105.53,家居
U01818,ORD_U01818_001,2023-10-11,190.08,数码
U01818,ORD_U01818_004,2023-12-19,267.91,家居
U01818,ORD_U01818_002,2024-01-18,247.5,家居
U01818,ORD_U01818_003,2024-02-10,235.0,美妆
U01818,ORD_U01818_005,2024-02-27,190.9,食品
U01819,ORD_U01819_000,2024-12-25,20.34,服饰
U01820,ORD_U01820_000,2023-08-15,215.68,数码
U01820,ORD_U01820_001,2023-10-16,270.81,服饰
U01820,ORD_U01820_002,2023-11-29,156.31,服饰
U01820,ORD_U01820_003,2024-02-05,146.72,服饰
U01820,ORD_U01820_005,2024-03-15,92.61,食品
U01820,ORD_U01820_004,2024-05-03,126.04,食品
U01820,ORD_U01820_006,2024-06-13,138.69,食品
U01821,ORD_U01821_000,2024-11-16,147.38,美妆
U01821,ORD_U01821_001,2024-11-30,165.51,食品
U01821,ORD_U01821_003,2025-02-15,213.52,服饰
U01821,ORD_U01821_002,2025-03-09,145.94,美妆
U01822,ORD_U01822_000,2024-04-28,171.27,服饰
U01822,ORD_U01822_001,2024-04-28,186.93,美妆
U01823,ORD_U01823_000,2024-04-16,94.73,数码
U01823,ORD_U01823_001,2024-05-09,98.92,食品
U01824,ORD_U01824_000,2024-07-20,338.77,服饰
U01824,ORD_U01824_001,2024-10-01,318.5,美妆
U01824,ORD_U01824_002,2024-10-15,564.17,数码
U01824,ORD_U01824_003,2024-12-03,546.06,家居
U01824,ORD_U01824_007,2024-12-30,796.49,食品
U01824,ORD_U01824_004,2025-01-30,927.61,美妆
U01824,ORD_U01824_005,2025-02-19,615.37,数码
U01824,ORD_U01824_010,2025-02-21,874.54,服饰
U01824,ORD_U01824_012,2025-03-04,440.63,服饰
U01824,ORD_U01824_006,2025-03-31,566.05,服饰
U01824,ORD_U01824_008,2025-04-29,680.52,数码
U01824,ORD_U01824_009,2025-07-16,266.91,美妆
U01824,ORD_U01824_011,2025-07-26,571.92,美妆
U01824,ORD_U01824_014,2025-10-13,530.31,数码
U01824,ORD_U01824_013,2025-10-20,678.54,美妆
U01824,ORD_U01824_015,2026-06-20,335.07,数码
U01825,ORD_U01825_000,2024-10-12,50.51,数码
U01825,ORD_U01825_001,2024-12-19,44.55,服饰
U01825,ORD_U01825_002,2025-01-14,119.85,服饰
U01826,ORD_U01826_000,2023-10-19,135.66,家居
U01826,ORD_U01826_001,2023-12-24,98.87,服饰
U01827,ORD_U01827_000,2024-07-12,83.8,家居
U01827,ORD_U01827_001,2024-10-18,37.58,数码
U01827,ORD_U01827_003,2024-10-26,81.98,食品
U01827,ORD_U01827_002,2025-01-02,52.33,家居
U01828,ORD_U01828_000,2024-09-12,76.71,美妆
U01829,ORD_U01829_000,2024-07-14,86.82,美妆
U01830,ORD_U01830_000,2024-11-12,132.71,食品
U01830,ORD_U01830_001,2025-01-31,70.14,家居
U01830,ORD_U01830_002,2025-03-18,124.59,食品
U01831,ORD_U01831_000,2023-04-30,304.17,服饰
U01831,ORD_U01831_001,2023-06-09,271.5,美妆
U01831,ORD_U01831_002,2023-08-07,210.13,食品
U01831,ORD_U01831_003,2023-10-18,254.97,食品
U01831,ORD_U01831_004,2023-11-01,332.83,家居
U01832,ORD_U01832_000,2024-02-20,147.31,数码
U01832,ORD_U01832_001,2024-03-07,93.4,家居
U01832,ORD_U01832_002,2024-03-16,51.48,服饰
U01833,ORD_U01833_000,2023-05-01,344.77,食品
U01833,ORD_U01833_001,2023-05-18,507.55,家居
U01833,ORD_U01833_003,2023-06-06,593.15,家居
U01833,ORD_U01833_002,2023-06-11,664.66,食品
U01833,ORD_U01833_005,2023-08-03,488.15,家居
U01833,ORD_U01833_006,2023-08-29,727.76,数码
U01833,ORD_U01833_004,2023-09-11,199.01,数码
U01833,ORD_U01833_010,2023-09-21,465.85,服饰
U01833,ORD_U01833_008,2023-09-22,260.62,家居
U01833,ORD_U01833_007,2024-01-04,338.4,家居
U01833,ORD_U01833_009,2024-03-19,367.83,家居
U01834,ORD_U01834_000,2023-12-22,215.63,美妆
U01834,ORD_U01834_001,2024-02-12,82.99,美妆
U01834,ORD_U01834_002,2024-02-26,147.33,服饰
U01834,ORD_U01834_005,2024-04-06,144.84,服饰
U01834,ORD_U01834_003,2024-06-05,210.69,数码
U01834,ORD_U01834_004,2024-06-17,160.87,食品
U01834,ORD_U01834_006,2024-08-23,72.4,食品
U01834,ORD_U01834_008,2024-09-04,142.86,数码
U01834,ORD_U01834_007,2024-11-26,79.7,数码
U01835,ORD_U01835_000,2024-12-11,115.1,美妆
U01835,ORD_U01835_001,2025-01-15,160.51,食品
U01835,ORD_U01835_002,2025-02-04,46.53,美妆
U01835,ORD_U01835_005,2025-04-30,85.69,食品
U01835,ORD_U01835_003,2025-05-18,101.6,食品
U01835,ORD_U01835_004,2025-05-18,167.43,服饰
U01835,ORD_U01835_006,2025-11-20,146.94,服饰
U01836,ORD_U01836_000,2025-01-07,213.77,家居
U01836,ORD_U01836_001,2025-03-04,172.96,美妆
U01836,ORD_U01836_002,2025-05-01,210.46,家居
U01837,ORD_U01837_000,2023-03-25,103.36,家居
U01837,ORD_U01837_001,2023-04-30,77.71,服饰
U01837,ORD_U01837_002,2023-06-07,88.93,数码
U01838,ORD_U01838_000,2024-12-10,52.44,数码
U01838,ORD_U01838_001,2025-01-29,53.24,美妆
U01838,ORD_U01838_003,2025-04-11,27.42,服饰
U01838,ORD_U01838_002,2025-06-12,62.02,服饰
U01839,ORD_U01839_000,2023-06-23,406.06,美妆
U01839,ORD_U01839_001,2023-08-06,428.75,美妆
U01839,ORD_U01839_002,2023-10-18,185.53,美妆
U01839,ORD_U01839_004,2023-11-16,385.56,数码
U01839,ORD_U01839_003,2023-11-28,316.4,数码
U01840,ORD_U01840_000,2024-07-16,837.24,服饰
U01840,ORD_U01840_001,2024-07-27,841.09,服饰
U01840,ORD_U01840_002,2024-09-20,826.63,服饰
U01840,ORD_U01840_003,2024-10-13,531.1,数码
U01840,ORD_U01840_006,2024-11-21,385.88,食品
U01840,ORD_U01840_009,2024-11-25,464.65,美妆
U01840,ORD_U01840_004,2025-01-05,667.07,服饰
U01840,ORD_U01840_012,2025-01-23,699.15,数码
U01840,ORD_U01840_007,2025-01-31,656.03,数码
U01840,ORD_U01840_005,2025-02-20,371.77,数码
U01840,ORD_U01840_010,2025-03-24,871.62,服饰
U01840,ORD_U01840_011,2025-04-27,855.28,数码
U01840,ORD_U01840_008,2025-06-10,854.52,服饰
U01841,ORD_U01841_000,2023-12-07,268.55,食品
U01841,ORD_U01841_001,2024-02-01,247.82,家居
U01841,ORD_U01841_002,2024-04-10,428.07,家居
U01841,ORD_U01841_006,2024-05-28,330.24,食品
U01841,ORD_U01841_003,2024-06-08,191.81,服饰
U01841,ORD_U01841_004,2024-07-13,315.47,服饰
U01841,ORD_U01841_005,2024-11-16,134.2,家居
U01841,ORD_U01841_007,2024-11-27,380.14,食品
U01841,ORD_U01841_008,2025-04-14,173.91,服饰
U01841,ORD_U01841_009,2025-04-16,406.49,美妆
U01842,ORD_U01842_000,2023-10-15,96.88,家居
U01843,ORD_U01843_000,2023-11-27,56.41,食品
U01843,ORD_U01843_001,2024-01-02,54.83,家居
U01843,ORD_U01843_002,2024-01-07,54.09,服饰
U01844,ORD_U01844_000,2024-01-19,93.0,家居
U01844,ORD_U01844_001,2024-02-19,250.99,食品
U01844,ORD_U01844_003,2024-04-02,267.93,服饰
U01844,ORD_U01844_002,2024-04-06,215.23,数码
U01844,ORD_U01844_004,2024-05-12,158.45,家居
U01845,ORD_U01845_000,2023-04-14,447.59,数码
U01845,ORD_U01845_001,2023-05-10,424.34,数码
U01845,ORD_U01845_002,2023-06-25,259.43,美妆
U01845,ORD_U01845_004,2023-07-25,177.51,数码
U01845,ORD_U01845_005,2023-08-08,327.43,数码
U01845,ORD_U01845_003,2023-08-27,417.34,数码
U01845,ORD_U01845_008,2023-10-30,381.35,家居
U01845,ORD_U01845_006,2024-01-08,484.55,数码
U01845,ORD_U01845_007,2024-01-17,159.41,家居
U01845,ORD_U01845_009,2024-06-04,329.08,家居
U01846,ORD_U01846_000,2024-02-14,44.66,数码
U01846,ORD_U01846_001,2024-06-21,72.67,食品
U01846,ORD_U01846_002,2024-07-06,52.16,数码
U01846,ORD_U01846_003,2024-09-18,35.67,食品
U01847,ORD_U01847_002,2024-06-08,116.05,数码
U01847,ORD_U01847_000,2024-06-27,82.2,家居
U01847,ORD_U01847_001,2024-07-02,173.1,数码
U01848,ORD_U01848_000,2024-09-26,77.93,服饰
U01848,ORD_U01848_001,2025-01-01,57.95,服饰
U01849,ORD_U01849_000,2024-05-17,57.95,食品
U01849,ORD_U01849_001,2024-06-19,164.36,服饰
U01849,ORD_U01849_002,2024-06-29,88.06,服饰
U01849,ORD_U01849_003,2024-08-23,93.7,家居
U01849,ORD_U01849_005,2024-08-28,114.37,服饰
U01849,ORD_U01849_004,2024-12-21,153.41,食品
U01849,ORD_U01849_006,2025-04-13,123.97,食品
U01850,ORD_U01850_000,2023-07-15,206.58,数码
U01850,ORD_U01850_001,2023-08-05,295.72,美妆
U01850,ORD_U01850_002,2023-09-03,315.83,服饰
U01851,ORD_U01851_000,2024-03-10,505.37,服饰
U01851,ORD_U01851_002,2024-03-30,1011.4,数码
U01851,ORD_U01851_001,2024-04-08,291.76,家居
U01851,ORD_U01851_004,2024-05-03,498.48,家居
U01851,ORD_U01851_003,2024-07-01,373.29,食品
U01851,ORD_U01851_006,2024-07-01,935.82,食品
U01851,ORD_U01851_009,2024-08-23,825.71,食品
U01851,ORD_U01851_005,2024-09-06,884.08,美妆
U01851,ORD_U01851_008,2024-11-19,1018.94,数码
U01851,ORD_U01851_010,2025-01-19,1019.39,家居
U01851,ORD_U01851_007,2025-01-22,631.77,服饰
U01851,ORD_U01851_011,2025-03-11,881.78,服饰
U01851,ORD_U01851_012,2025-07-16,672.61,家居
U01852,ORD_U01852_000,2023-08-19,340.74,家居
U01852,ORD_U01852_001,2023-09-18,344.89,家居
U01852,ORD_U01852_003,2023-09-30,440.41,服饰
U01852,ORD_U01852_002,2023-11-04,708.26,美妆
U01852,ORD_U01852_005,2023-12-26,423.26,美妆
U01852,ORD_U01852_004,2024-01-10,542.03,美妆
U01852,ORD_U01852_009,2024-02-21,348.22,美妆
U01852,ORD_U01852_006,2024-02-22,434.8,美妆
U01852,ORD_U01852_007,2024-03-20,373.38,服饰
U01852,ORD_U01852_015,2024-05-09,357.0,家居
U01852,ORD_U01852_011,2024-06-04,525.13,服饰
U01852,ORD_U01852_013,2024-06-20,647.05,家居
U01852,ORD_U01852_008,2024-07-11,796.06,数码
U01852,ORD_U01852_012,2024-08-23,349.32,家居
U01852,ORD_U01852_014,2024-09-06,630.79,服饰
U01852,ORD_U01852_010,2024-10-21,324.84,食品
U01852,ORD_U01852_016,2024-11-07,458.03,服饰
U01852,ORD_U01852_018,2025-04-15,519.02,服饰
U01852,ORD_U01852_017,2025-08-12,449.86,数码
U01853,ORD_U01853_000,2024-09-07,504.37,数码
U01853,ORD_U01853_001,2024-10-30,415.61,家居
U01853,ORD_U01853_002,2024-11-20,389.85,数码
U01853,ORD_U01853_006,2024-12-22,303.22,数码
U01853,ORD_U01853_005,2024-12-31,309.63,服饰
U01853,ORD_U01853_003,2025-01-02,502.67,家居
U01853,ORD_U01853_004,2025-01-03,398.69,美妆
U01853,ORD_U01853_007,2025-01-29,460.83,美妆
U01853,ORD_U01853_009,2025-04-04,384.95,家居
U01853,ORD_U01853_008,2025-06-18,790.81,服饰
U01854,ORD_U01854_000,2023-02-02,167.64,美妆
U01854,ORD_U01854_001,2023-03-31,178.06,数码
U01854,ORD_U01854_003,2023-05-06,506.42,美妆
U01854,ORD_U01854_002,2023-05-12,238.2,数码
U01854,ORD_U01854_005,2023-06-10,475.82,服饰
U01854,ORD_U01854_004,2023-06-26,314.08,食品
U01854,ORD_U01854_007,2023-08-19,439.5,食品
U01854,ORD_U01854_013,2023-09-23,299.06,数码
U01854,ORD_U01854_006,2023-10-13,268.69,数码
U01854,ORD_U01854_011,2023-10-24,339.04,服饰
U01854,ORD_U01854_008,2023-11-28,320.12,家居
U01854,ORD_U01854_009,2023-12-10,480.17,食品
U01854,ORD_U01854_010,2024-01-20,292.13,食品
U01854,ORD_U01854_015,2024-03-18,423.63,数码
U01854,ORD_U01854_012,2024-06-08,268.86,家居
U01854,ORD_U01854_014,2024-06-16,269.19,美妆
U01855,ORD_U01855_000,2023-07-29,202.61,服饰
U01855,ORD_U01855_001,2023-09-03,251.94,服饰
U01855,ORD_U01855_003,2023-10-05,214.93,美妆
U01855,ORD_U01855_002,2023-10-22,387.62,食品
U01855,ORD_U01855_004,2023-11-04,354.01,家居
U01855,ORD_U01855_007,2023-11-13,389.98,数码
U01855,ORD_U01855_005,2023-12-24,231.85,美妆
U01855,ORD_U01855_009,2024-02-23,162.68,数码
U01855,ORD_U01855_006,2024-03-30,407.94,食品
U01855,ORD_U01855_008,2024-07-13,432.59,数码
U01855,ORD_U01855_010,2024-10-15,340.31,家居
U01855,ORD_U01855_011,2024-11-02,406.09,食品
U01856,ORD_U01856_000,2024-10-11,161.92,食品
U01856,ORD_U01856_001,2024-12-08,316.15,美妆
U01856,ORD_U01856_002,2025-01-29,122.81,食品
U01856,ORD_U01856_003,2025-03-11,235.55,数码
U01856,ORD_U01856_004,2025-04-13,270.99,美妆
U01856,ORD_U01856_005,2025-07-02,115.08,食品
U01857,ORD_U01857_000,2023-10-27,182.68,食品
U01857,ORD_U01857_001,2023-12-20,595.35,服饰
U01857,ORD_U01857_002,2024-01-14,391.22,食品
U01857,ORD_U01857_003,2024-01-23,244.72,食品
U01857,ORD_U01857_005,2024-02-10,212.4,家居
U01857,ORD_U01857_004,2024-03-20,398.91,食品
U01857,ORD_U01857_009,2024-04-04,214.0,家居
U01857,ORD_U01857_006,2024-04-23,355.3,家居
U01857,ORD_U01857_007,2024-07-06,221.28,服饰
U01857,ORD_U01857_015,2024-07-08,564.55,家居
U01857,ORD_U01857_008,2024-08-05,651.19,美妆
U01857,ORD_U01857_012,2024-08-14,423.89,数码
U01857,ORD_U01857_014,2024-10-02,574.36,数码
U01857,ORD_U01857_013,2024-10-05,266.42,食品
U01857,ORD_U01857_011,2024-10-11,361.8,服饰
U01857,ORD_U01857_010,2025-01-12,618.45,数码
U01858,ORD_U01858_000,2024-11-19,123.91,家居
U01859,ORD_U01859_000,2023-12-12,91.77,数码
U01860,ORD_U01860_000,2023-07-21,150.2,美妆
U01860,ORD_U01860_002,2023-09-03,76.07,家居
U01860,ORD_U01860_001,2023-09-19,181.43,食品
U01861,ORD_U01861_000,2023-09-27,1614.91,美妆
U01861,ORD_U01861_001,2023-10-20,1525.06,家居
U01861,ORD_U01861_004,2023-10-31,1546.39,数码
U01861,ORD_U01861_002,2023-11-01,1407.12,美妆
U01861,ORD_U01861_005,2023-11-14,985.71,家居
U01861,ORD_U01861_003,2023-11-15,1675.86,美妆
U01861,ORD_U01861_009,2023-12-07,1596.71,数码
U01861,ORD_U01861_012,2023-12-21,1067.96,美妆
U01861,ORD_U01861_007,2024-01-04,1209.78,服饰
U01861,ORD_U01861_008,2024-02-19,1666.98,服饰
U01861,ORD_U01861_006,2024-02-24,1086.68,美妆
U01861,ORD_U01861_013,2024-03-26,524.24,数码
U01861,ORD_U01861_016,2024-04-10,761.89,美妆
U01861,ORD_U01861_022,2024-06-14,1437.16,美妆
U01861,ORD_U01861_021,2024-07-02,684.56,家居
U01861,ORD_U01861_010,2024-07-07,1429.57,美妆
U01861,ORD_U01861_035,2024-07-07,1537.7,服饰
U01861,ORD_U01861_032,2024-07-26,720.45,家居
U01861,ORD_U01861_027,2024-07-29,1435.5,服饰
U01861,ORD_U01861_014,2024-08-02,1323.77,家居
U01861,ORD_U01861_028,2024-08-15,1122.98,食品
U01861,ORD_U01861_011,2024-08-16,1548.29,美妆
U01861,ORD_U01861_015,2024-08-29,1040.55,美妆
U01861,ORD_U01861_023,2024-10-15,1718.13,食品
U01861,ORD_U01861_036,2024-10-21,713.19,家居
U01861,ORD_U01861_025,2024-12-02,1527.67,数码
U01861,ORD_U01861_020,2025-01-06,516.9,家居
U01861,ORD_U01861_026,2025-01-15,1108.4,数码
U01861,ORD_U01861_044,2025-01-23,925.63,服饰
U01861,ORD_U01861_030,2025-02-01,581.02,食品
U01861,ORD_U01861_017,2025-02-03,904.41,食品
U01861,ORD_U01861_041,2025-03-02,501.73,美妆
U01861,ORD_U01861_018,2025-03-28,1494.89,服饰
U01861,ORD_U01861_029,2025-04-24,1077.71,家居
U01861,ORD_U01861_019,2025-05-01,1007.02,家居
U01861,ORD_U01861_024,2025-07-27,1725.55,家居
U01861,ORD_U01861_037,2025-08-03,1341.35,服饰
U01861,ORD_U01861_040,2025-10-01,1133.77,服饰
U01861,ORD_U01861_042,2025-10-10,1624.1,服饰
U01861,ORD_U01861_031,2025-10-31,1205.69,数码
U01861,ORD_U01861_038,2025-12-11,1501.14,食品
U01861,ORD_U01861_034,2026-02-07,610.36,数码
U01861,ORD_U01861_033,2026-05-04,979.72,美妆
U01861,ORD_U01861_039,2026-05-24,544.64,服饰
U01861,ORD_U01861_043,2026-06-25,549.94,美妆
U01862,ORD_U01862_000,2025-01-04,454.79,家居
U01862,ORD_U01862_001,2025-02-03,163.09,美妆
U01862,ORD_U01862_002,2025-03-08,304.04,家居
U01862,ORD_U01862_003,2025-04-21,186.54,食品
U01862,ORD_U01862_004,2025-06-22,428.35,数码
U01863,ORD_U01863_000,2024-07-24,61.94,家居
U01864,ORD_U01864_000,2023-08-15,557.92,服饰
U01864,ORD_U01864_001,2023-08-27,832.7,服饰
U01864,ORD_U01864_002,2023-09-11,468.23,服饰
U01864,ORD_U01864_003,2023-11-19,743.1,数码
U01864,ORD_U01864_004,2023-12-26,682.78,美妆
U01864,ORD_U01864_005,2023-12-29,241.06,服饰
U01864,ORD_U01864_006,2024-03-13,235.88,服饰
U01864,ORD_U01864_011,2024-04-17,593.75,美妆
U01864,ORD_U01864_012,2024-04-23,352.24,美妆
U01864,ORD_U01864_008,2024-05-05,494.33,服饰
U01864,ORD_U01864_013,2024-05-18,471.61,食品
U01864,ORD_U01864_010,2024-06-09,355.41,服饰
U01864,ORD_U01864_016,2024-06-17,481.26,服饰
U01864,ORD_U01864_007,2024-06-23,607.43,美妆
U01864,ORD_U01864_015,2024-06-24,301.44,美妆
U01864,ORD_U01864_009,2024-06-27,539.5,美妆
U01864,ORD_U01864_014,2024-11-24,433.75,家居
U01864,ORD_U01864_018,2024-12-10,448.24,美妆
U01864,ORD_U01864_017,2025-06-01,647.62,数码
U01865,ORD_U01865_000,2023-10-03,46.82,数码
U01865,ORD_U01865_001,2024-01-13,107.44,美妆
U01865,ORD_U01865_003,2024-04-16,108.38,家居
U01865,ORD_U01865_002,2024-05-10,110.3,家居
U01866,ORD_U01866_000,2024-02-02,138.65,数码
U01866,ORD_U01866_001,2024-04-26,80.19,数码
U01867,ORD_U01867_000,2024-02-17,207.4,服饰
U01867,ORD_U01867_001,2024-05-28,144.16,食品
U01868,ORD_U01868_000,2023-11-10,96.3,美妆
U01868,ORD_U01868_001,2024-03-06,101.8,家居
U01869,ORD_U01869_000,2024-03-14,44.16,美妆
U01869,ORD_U01869_001,2024-04-25,123.37,数码
U01869,ORD_U01869_002,2024-09-11,121.52,服饰
U01870,ORD_U01870_000,2023-02-05,88.12,服饰
U01870,ORD_U01870_002,2023-05-09,91.89,食品
U01870,ORD_U01870_001,2023-05-22,63.59,美妆
U01871,ORD_U01871_000,2023-12-29,99.83,数码
U01871,ORD_U01871_001,2024-02-28,121.58,家居
U01871,ORD_U01871_002,2024-03-08,231.61,美妆
U01871,ORD_U01871_003,2024-05-29,123.7,数码
U01871,ORD_U01871_005,2024-07-27,193.0,食品
U01871,ORD_U01871_004,2024-08-01,198.03,服饰
U01871,ORD_U01871_007,2024-08-31,211.29,美妆
U01871,ORD_U01871_006,2024-11-16,152.94,服饰
U01872,ORD_U01872_000,2023-12-30,257.91,美妆
U01872,ORD_U01872_001,2024-01-08,353.03,家居
U01872,ORD_U01872_002,2024-03-14,522.42,家居
U01872,ORD_U01872_003,2024-04-06,197.37,家居
U01872,ORD_U01872_005,2024-04-15,398.93,食品
U01872,ORD_U01872_006,2024-05-06,229.68,服饰
U01872,ORD_U01872_004,2024-06-20,318.98,数码
U01872,ORD_U01872_008,2024-06-22,439.63,美妆
U01872,ORD_U01872_007,2024-07-06,249.59,服饰
U01873,ORD_U01873_000,2023-09-10,220.32,食品
U01873,ORD_U01873_002,2023-11-14,491.0,数码
U01873,ORD_U01873_001,2023-11-16,444.92,食品
U01873,ORD_U01873_003,2024-01-29,337.52,数码
U01874,ORD_U01874_000,2024-02-02,156.93,食品
U01874,ORD_U01874_001,2024-03-10,133.21,服饰
U01874,ORD_U01874_002,2024-03-16,363.35,服饰
U01874,ORD_U01874_003,2024-03-30,126.02,数码
U01874,ORD_U01874_004,2024-05-06,134.85,家居
U01874,ORD_U01874_005,2024-05-27,427.27,食品
U01874,ORD_U01874_006,2024-10-16,369.13,服饰
U01874,ORD_U01874_012,2024-11-10,193.0,服饰
U01874,ORD_U01874_009,2024-11-11,401.6,美妆
U01874,ORD_U01874_007,2024-11-23,165.95,食品
U01874,ORD_U01874_010,2024-12-11,269.5,美妆
U01874,ORD_U01874_008,2025-01-12,134.55,家居
U01874,ORD_U01874_013,2025-01-29,126.12,美妆
U01874,ORD_U01874_011,2025-06-14,413.08,家居
U01875,ORD_U01875_000,2024-03-30,362.55,家居
U01875,ORD_U01875_001,2024-04-23,210.81,数码
U01875,ORD_U01875_006,2024-07-01,207.54,服饰
U01875,ORD_U01875_002,2024-07-02,258.68,食品
U01875,ORD_U01875_005,2024-08-14,283.61,数码
U01875,ORD_U01875_003,2024-08-16,331.45,数码
U01875,ORD_U01875_004,2024-08-19,188.19,食品
U01875,ORD_U01875_010,2024-09-22,290.19,美妆
U01875,ORD_U01875_008,2024-11-09,92.93,食品
U01875,ORD_U01875_012,2024-11-25,262.62,食品
U01875,ORD_U01875_007,2024-11-29,311.25,美妆
U01875,ORD_U01875_011,2025-01-04,140.17,服饰
U01875,ORD_U01875_009,2025-03-05,138.7,美妆
U01875,ORD_U01875_013,2025-05-12,273.75,家居
U01875,ORD_U01875_016,2025-08-04,163.88,食品
U01875,ORD_U01875_014,2025-11-13,93.85,服饰
U01875,ORD_U01875_015,2026-01-20,337.82,美妆
U01876,ORD_U01876_000,2024-02-29,270.44,家居
U01876,ORD_U01876_001,2024-03-16,255.45,家居
U01876,ORD_U01876_002,2024-05-18,193.79,美妆
U01877,ORD_U01877_000,2023-10-02,50.22,家居
U01877,ORD_U01877_001,2023-10-14,17.04,服饰
U01878,ORD_U01878_000,2023-05-14,1405.18,服饰
U01878,ORD_U01878_001,2023-06-22,1981.5,家居
U01878,ORD_U01878_002,2023-06-26,1102.91,服饰
U01878,ORD_U01878_003,2023-06-26,1048.01,服饰
U01878,ORD_U01878_004,2023-08-12,768.69,服饰
U01878,ORD_U01878_009,2023-09-01,1355.78,美妆
U01878,ORD_U01878_006,2023-09-14,641.65,家居
U01878,ORD_U01878_005,2023-10-06,2023.75,家居
U01878,ORD_U01878_008,2023-10-30,2101.87,数码
U01878,ORD_U01878_024,2023-11-20,2112.95,服饰
U01878,ORD_U01878_007,2023-11-30,743.79,食品
U01878,ORD_U01878_013,2023-12-16,947.82,家居
U01878,ORD_U01878_028,2023-12-31,1395.06,美妆
U01878,ORD_U01878_030,2023-12-31,779.76,美妆
U01878,ORD_U01878_016,2024-02-02,704.83,家居
U01878,ORD_U01878_034,2024-02-10,764.46,美妆
U01878,ORD_U01878_012,2024-02-11,887.68,数码
U01878,ORD_U01878_014,2024-02-13,1777.9,家居
U01878,ORD_U01878_033,2024-02-13,1274.97,食品
U01878,ORD_U01878_022,2024-02-27,1764.59,服饰
U01878,ORD_U01878_010,2024-03-10,724.15,服饰
U01878,ORD_U01878_011,2024-03-14,979.63,数码
U01878,ORD_U01878_021,2024-03-21,929.74,美妆
U01878,ORD_U01878_041,2024-04-14,1793.88,数码
U01878,ORD_U01878_018,2024-06-29,2183.56,食品
U01878,ORD_U01878_017,2024-07-04,1861.65,食品
U01878,ORD_U01878_015,2024-07-23,1993.23,数码
U01878,ORD_U01878_040,2024-07-31,1677.1,美妆
U01878,ORD_U01878_025,2024-08-26,879.97,食品
U01878,ORD_U01878_019,2024-09-10,1370.76,美妆
U01878,ORD_U01878_031,2024-10-20,586.86,家居
U01878,ORD_U01878_020,2024-10-30,2123.16,美妆
U01878,ORD_U01878_035,2024-10-31,849.33,美妆
U01878,ORD_U01878_023,2024-12-01,1752.9,食品
U01878,ORD_U01878_026,2025-01-16,1219.01,数码
U01878,ORD_U01878_027,2025-01-28,1916.47,服饰
U01878,ORD_U01878_036,2025-08-28,1656.49,美妆
U01878,ORD_U01878_032,2025-09-03,1836.67,食品
U01878,ORD_U01878_029,2025-10-20,1040.44,食品
U01878,ORD_U01878_038,2026-02-17,1953.92,数码
U01878,ORD_U01878_037,2026-02-28,1892.8,食品
U01878,ORD_U01878_039,2026-07-28,1655.64,家居
U01879,ORD_U01879_000,2024-02-23,157.22,数码
U01879,ORD_U01879_001,2024-04-30,125.65,美妆
U01879,ORD_U01879_002,2024-06-26,120.64,服饰
U01879,ORD_U01879_003,2024-09-01,75.46,服饰
U01880,ORD_U01880_001,2024-02-21,189.78,美妆
U01880,ORD_U01880_000,2024-02-27,216.28,美妆
U01880,ORD_U01880_002,2024-04-24,441.99,数码
U01881,ORD_U01881_000,2024-12-02,65.11,家居
U01882,ORD_U01882_000,2024-03-30,727.97,食品
U01882,ORD_U01882_001,2024-04-26,595.94,数码
U01882,ORD_U01882_002,2024-05-04,904.35,美妆
U01882,ORD_U01882_003,2024-06-09,711.08,服饰
U01882,ORD_U01882_004,2024-08-10,344.29,家居
U01882,ORD_U01882_005,2024-09-22,293.93,美妆
U01882,ORD_U01882_007,2024-11-21,800.07,美妆
U01882,ORD_U01882_010,2024-12-03,651.6,美妆
U01882,ORD_U01882_006,2024-12-15,766.28,服饰
U01882,ORD_U01882_008,2025-01-28,498.46,美妆
U01882,ORD_U01882_009,2025-02-23,882.67,美妆
U01882,ORD_U01882_011,2025-03-07,869.07,食品
U01882,ORD_U01882_012,2025-03-15,881.86,美妆
U01882,ORD_U01882_014,2025-09-13,863.96,服饰
U01882,ORD_U01882_013,2025-10-25,402.49,服饰
U01883,ORD_U01883_000,2024-07-18,112.14,美妆
U01884,ORD_U01884_000,2023-03-19,16.75,数码
U01884,ORD_U01884_001,2023-05-15,56.9,食品
U01884,ORD_U01884_002,2023-09-16,58.13,家居
U01885,ORD_U01885_000,2023-02-05,122.72,服饰
U01886,ORD_U01886_000,2024-06-02,650.68,食品
U01886,ORD_U01886_001,2024-07-04,850.84,数码
U01886,ORD_U01886_008,2024-08-02,483.74,美妆
U01886,ORD_U01886_002,2024-08-13,624.47,数码
U01886,ORD_U01886_004,2024-08-26,760.29,美妆
U01886,ORD_U01886_003,2024-08-27,463.88,数码
U01886,ORD_U01886_006,2024-09-16,583.13,食品
U01886,ORD_U01886_009,2024-10-02,867.42,服饰
U01886,ORD_U01886_005,2024-10-23,772.46,食品
U01886,ORD_U01886_007,2024-11-05,889.92,美妆
U01886,ORD_U01886_011,2024-12-17,845.94,家居
U01886,ORD_U01886_015,2025-01-16,830.31,家居
U01886,ORD_U01886_012,2025-01-17,863.54,美妆
U01886,ORD_U01886_014,2025-01-22,860.37,美妆
U01886,ORD_U01886_021,2025-01-27,573.9,家居
U01886,ORD_U01886_010,2025-02-01,795.05,美妆
U01886,ORD_U01886_030,2025-02-01,960.05,食品
U01886,ORD_U01886_023,2025-03-18,322.76,数码
U01886,ORD_U01886_018,2025-04-01,316.6,食品
U01886,ORD_U01886_017,2025-04-30,845.47,数码
U01886,ORD_U01886_013,2025-05-12,276.85,服饰
U01886,ORD_U01886_028,2025-05-29,509.28,家居
U01886,ORD_U01886_025,2025-06-14,753.95,服饰
U01886,ORD_U01886_029,2025-07-06,872.29,家居
U01886,ORD_U01886_035,2025-08-11,294.34,食品
U01886,ORD_U01886_031,2025-09-05,354.3,服饰
U01886,ORD_U01886_036,2025-09-17,673.62,食品
U01886,ORD_U01886_022,2025-09-26,496.75,数码
U01886,ORD_U01886_016,2025-09-30,766.86,美妆
U01886,ORD_U01886_041,2025-10-08,957.23,食品
U01886,ORD_U01886_034,2025-11-11,583.37,家居
U01886,ORD_U01886_019,2025-11-21,524.76,家居
U01886,ORD_U01886_024,2025-12-20,368.43,食品
U01886,ORD_U01886_026,2025-12-26,289.52,食品
U01886,ORD_U01886_020,2025-12-31,853.9,家居
U01886,ORD_U01886_033,2026-03-24,309.61,食品
U01886,ORD_U01886_027,2026-08-18,738.57,家居
U01886,ORD_U01886_037,2026-11-07,656.2,美妆
U01886,ORD_U01886_032,2026-12-03,805.18,服饰
U01886,ORD_U01886_040,2026-12-07,753.12,数码
U01886,ORD_U01886_038,2027-01-24,868.86,美妆
U01886,ORD_U01886_039,2027-08-13,797.03,数码
U01887,ORD_U01887_000,2024-08-30,254.22,家居
U01887,ORD_U01887_001,2024-09-17,415.69,食品
U01887,ORD_U01887_003,2024-10-15,443.02,美妆
U01887,ORD_U01887_002,2024-11-25,257.56,家居
U01888,ORD_U01888_000,2023-10-04,165.57,数码
U01888,ORD_U01888_002,2023-12-02,82.78,服饰
U01888,ORD_U01888_001,2023-12-15,157.6,服饰
U01888,ORD_U01888_003,2024-03-01,84.79,家居
U01889,ORD_U01889_000,2024-05-05,405.54,美妆
U01889,ORD_U01889_002,2024-08-03,121.98,服饰
U01889,ORD_U01889_003,2024-08-12,309.43,服饰
U01889,ORD_U01889_001,2024-08-13,360.77,食品
U01889,ORD_U01889_004,2024-08-22,393.07,家居
U01889,ORD_U01889_005,2024-09-03,136.36,数码
U01890,ORD_U01890_000,2023-12-23,240.82,服饰
U01890,ORD_U01890_001,2024-02-27,184.68,家居
U01890,ORD_U01890_002,2024-04-11,360.38,家居
U01891,ORD_U01891_000,2024-08-02,1746.51,数码
U01891,ORD_U01891_001,2024-08-04,1324.16,服饰
U01891,ORD_U01891_002,2024-08-19,647.0,食品
U01891,ORD_U01891_007,2024-09-03,1367.67,食品
U01891,ORD_U01891_004,2024-10-09,1512.58,食品
U01891,ORD_U01891_003,2024-10-11,1323.37,数码
U01891,ORD_U01891_008,2024-10-11,1765.4,美妆
U01891,ORD_U01891_009,2024-10-14,1528.94,家居
U01891,ORD_U01891_006,2024-10-21,583.75,美妆
U01891,ORD_U01891_012,2024-11-26,802.49,食品
U01891,ORD_U01891_016,2024-12-05,1403.58,服饰
U01891,ORD_U01891_005,2024-12-12,737.79,食品
U01891,ORD_U01891_010,2024-12-20,1079.1,食品
U01891,ORD_U01891_019,2024-12-27,1445.68,食品
U01891,ORD_U01891_015,2025-02-12,492.5,家居
U01891,ORD_U01891_018,2025-02-16,1533.4,服饰
U01891,ORD_U01891_014,2025-03-14,1340.76,美妆
U01891,ORD_U01891_028,2025-03-19,1363.46,食品
U01891,ORD_U01891_023,2025-05-06,624.62,家居
U01891,ORD_U01891_025,2025-05-14,972.17,食品
U01891,ORD_U01891_030,2025-05-14,759.03,服饰
U01891,ORD_U01891_011,2025-05-15,995.17,家居
U01891,ORD_U01891_036,2025-06-14,476.99,美妆
U01891,ORD_U01891_040,2025-06-20,1610.04,数码
U01891,ORD_U01891_041,2025-07-17,627.58,食品
U01891,ORD_U01891_033,2025-07-25,497.54,美妆
U01891,ORD_U01891_024,2025-08-03,1148.1,家居
U01891,ORD_U01891_013,2025-08-22,1061.84,美妆
U01891,ORD_U01891_037,2025-08-25,1634.4,服饰
U01891,ORD_U01891_017,2025-10-20,778.07,服饰
U01891,ORD_U01891_022,2025-12-09,1263.73,服饰
U01891,ORD_U01891_021,2025-12-12,1222.23,家居
U01891,ORD_U01891_020,2025-12-20,1761.6,服饰
U01891,ORD_U01891_026,2026-01-26,1448.96,美妆
U01891,ORD_U01891_032,2026-03-04,1134.41,家居
U01891,ORD_U01891_029,2026-03-16,680.31,数码
U01891,ORD_U01891_035,2026-04-22,878.92,服饰
U01891,ORD_U01891_031,2026-05-10,1388.24,服饰
U01891,ORD_U01891_042,2026-07-20,999.45,食品
U01891,ORD_U01891_027,2026-08-05,1089.63,食品
U01891,ORD_U01891_034,2026-11-14,1502.04,服饰
U01891,ORD_U01891_038,2026-12-08,1635.73,数码
U01891,ORD_U01891_039,2027-04-08,838.19,服饰
U01892,ORD_U01892_000,2023-10-23,52.72,数码
U01893,ORD_U01893_000,2023-03-20,641.6,服饰
U01893,ORD_U01893_002,2023-03-31,299.34,数码
U01893,ORD_U01893_001,2023-04-09,581.27,食品
U01893,ORD_U01893_003,2023-05-31,319.15,美妆
U01893,ORD_U01893_005,2023-06-17,347.7,美妆
U01893,ORD_U01893_004,2023-07-18,381.02,数码
U01893,ORD_U01893_007,2023-08-14,307.53,美妆
U01893,ORD_U01893_009,2023-09-13,234.39,数码
U01893,ORD_U01893_010,2023-10-21,230.89,食品
U01893,ORD_U01893_006,2023-12-06,293.58,食品
U01893,ORD_U01893_008,2023-12-26,471.6,数码
U01893,ORD_U01893_011,2024-05-21,547.1,数码
U01894,ORD_U01894_001,2023-12-11,58.41,服饰
U01894,ORD_U01894_000,2023-12-13,91.5,数码
U01894,ORD_U01894_002,2024-02-29,97.88,数码
U01895,ORD_U01895_000,2024-08-04,390.45,食品
U01895,ORD_U01895_001,2024-09-03,278.29,食品
U01895,ORD_U01895_002,2024-10-31,200.21,美妆
U01895,ORD_U01895_003,2025-02-07,281.49,食品
U01896,ORD_U01896_000,2024-03-03,144.88,食品
U01897,ORD_U01897_000,2024-04-15,117.55,美妆
U01897,ORD_U01897_001,2024-06-02,83.22,服饰
U01897,ORD_U01897_002,2024-07-27,129.72,服饰
U01897,ORD_U01897_003,2024-12-05,139.96,服饰
U01898,ORD_U01898_000,2024-08-06,563.08,数码
U01898,ORD_U01898_001,2024-09-02,483.77,服饰
U01898,ORD_U01898_002,2024-10-18,335.43,家居
U01898,ORD_U01898_004,2024-10-19,189.53,食品
U01898,ORD_U01898_003,2024-10-21,194.53,美妆
U01898,ORD_U01898_006,2024-11-20,571.59,家居
U01898,ORD_U01898_005,2025-02-25,256.67,服饰
U01898,ORD_U01898_007,2025-03-20,147.29,服饰
U01898,ORD_U01898_008,2025-04-05,567.46,美妆
U01898,ORD_U01898_009,2025-04-24,180.46,美妆
U01898,ORD_U01898_011,2025-05-31,210.53,家居
U01898,ORD_U01898_010,2025-09-04,214.45,家居
U01899,ORD_U01899_000,2023-10-02,140.9,美妆
U01899,ORD_U01899_001,2023-12-13,358.8,数码
U01899,ORD_U01899_002,2024-01-16,426.12,服饰
U01899,ORD_U01899_003,2024-02-04,394.89,家居
U01899,ORD_U01899_005,2024-03-23,361.83,食品
U01899,ORD_U01899_004,2024-04-18,387.48,家居
U01899,ORD_U01899_006,2024-10-18,150.88,食品
U01900,ORD_U01900_000,2023-08-07,238.27,服饰
U01900,ORD_U01900_001,2023-10-14,238.23,食品
U01900,ORD_U01900_003,2023-12-13,143.83,家居
U01900,ORD_U01900_002,2023-12-16,222.8,食品
U01900,ORD_U01900_006,2024-01-17,416.07,食品
U01900,ORD_U01900_004,2024-02-05,166.63,数码
U01900,ORD_U01900_008,2024-04-13,280.76,数码
U01900,ORD_U01900_007,2024-04-24,205.79,家居
U01900,ORD_U01900_005,2024-05-17,202.92,美妆
U01901,ORD_U01901_000,2023-04-20,433.8,食品
U01901,ORD_U01901_001,2023-06-10,401.22,服饰
U01901,ORD_U01901_002,2023-06-11,660.98,家居
U01901,ORD_U01901_003,2023-07-26,680.88,数码
U01901,ORD_U01901_004,2023-07-28,581.69,家居
U01901,ORD_U01901_006,2023-07-30,922.21,食品
U01901,ORD_U01901_008,2023-09-10,746.54,美妆
U01901,ORD_U01901_005,2023-10-23,373.71,服饰
U01901,ORD_U01901_007,2023-12-04,328.49,服饰
U01901,ORD_U01901_009,2023-12-13,418.48,服饰
U01901,ORD_U01901_010,2024-03-05,556.38,数码
U01901,ORD_U01901_012,2024-05-25,399.2,美妆
U01901,ORD_U01901_011,2024-08-07,847.89,数码
U01902,ORD_U01902_000,2023-09-03,187.03,食品
U01902,ORD_U01902_001,2023-09-10,112.01,服饰
U01902,ORD_U01902_002,2024-01-28,171.01,美妆
U01902,ORD_U01902_003,2024-04-24,176.22,数码
U01903,ORD_U01903_000,2024-08-26,1633.06,数码
U01903,ORD_U01903_001,2024-09-28,1921.96,服饰
U01903,ORD_U01903_002,2024-10-12,2901.65,数码
U01903,ORD_U01903_004,2024-11-25,2836.43,美妆
U01903,ORD_U01903_003,2024-11-28,1500.86,数码
U01903,ORD_U01903_005,2024-11-29,1558.08,食品
U01903,ORD_U01903_012,2024-12-07,1639.51,美妆
U01903,ORD_U01903_014,2024-12-29,1471.54,数码
U01903,ORD_U01903_010,2025-01-09,899.68,家居
U01903,ORD_U01903_015,2025-02-16,2369.96,家居
U01903,ORD_U01903_008,2025-02-20,1756.0,美妆
U01903,ORD_U01903_009,2025-02-27,1611.05,美妆
U01903,ORD_U01903_006,2025-03-14,2045.14,数码
U01903,ORD_U01903_007,2025-03-21,992.48,服饰
U01903,ORD_U01903_017,2025-04-09,1208.58,服饰
U01903,ORD_U01903_011,2025-04-28,2166.18,家居
U01903,ORD_U01903_022,2025-05-17,1023.11,美妆
U01903,ORD_U01903_016,2025-07-28,2766.98,数码
U01903,ORD_U01903_013,2025-09-26,1320.08,服饰
U01903,ORD_U01903_018,2025-10-02,1807.48,数码
U01903,ORD_U01903_024,2025-11-19,2681.58,家居
U01903,ORD_U01903_021,2025-12-04,1565.04,服饰
U01903,ORD_U01903_019,2026-01-26,2642.58,美妆
U01903,ORD_U01903_020,2026-02-18,2206.5,家居
U01903,ORD_U01903_023,2026-03-22,1763.32,服饰
U01904,ORD_U01904_000,2023-07-13,124.16,美妆
U01904,ORD_U01904_001,2023-09-22,81.39,家居
U01904,ORD_U01904_002,2023-12-07,67.53,服饰
U01905,ORD_U01905_000,2024-05-28,316.42,食品
U01905,ORD_U01905_001,2024-06-25,341.38,服饰
U01905,ORD_U01905_002,2024-07-19,451.43,服饰
U01905,ORD_U01905_003,2024-07-23,225.3,食品
U01905,ORD_U01905_004,2024-11-14,278.11,数码
U01905,ORD_U01905_005,2025-01-14,281.39,数码
U01906,ORD_U01906_000,2023-03-19,403.6,家居
U01906,ORD_U01906_001,2023-03-28,506.24,食品
U01906,ORD_U01906_002,2023-04-23,351.02,服饰
U01906,ORD_U01906_003,2023-05-20,504.87,服饰
U01906,ORD_U01906_005,2023-06-03,236.44,数码
U01906,ORD_U01906_004,2023-07-05,336.29,食品
U01906,ORD_U01906_008,2023-07-18,332.68,服饰
U01906,ORD_U01906_007,2023-08-27,650.58,食品
U01906,ORD_U01906_006,2023-10-08,238.88,数码
U01906,ORD_U01906_011,2023-12-27,379.45,食品
U01906,ORD_U01906_010,2023-12-30,644.94,数码
U01906,ORD_U01906_009,2024-03-25,474.0,家居
U01906,ORD_U01906_012,2024-09-01,515.33,美妆
U01907,ORD_U01907_000,2023-11-17,87.4,美妆
U01907,ORD_U01907_001,2024-01-31,44.36,数码
U01907,ORD_U01907_002,2024-03-11,130.11,服饰
U01908,ORD_U01908_000,2023-04-13,37.43,数码
U01908,ORD_U01908_001,2023-06-04,40.35,家居
U01908,ORD_U01908_002,2023-10-30,61.63,家居
U01909,ORD_U01909_000,2023-03-09,238.82,食品
U01909,ORD_U01909_001,2023-04-06,239.59,食品
U01909,ORD_U01909_003,2023-05-13,289.14,服饰
U01909,ORD_U01909_002,2023-05-28,289.74,美妆
U01909,ORD_U01909_005,2023-09-08,228.91,食品
U01909,ORD_U01909_004,2023-09-24,181.58,食品
U01910,ORD_U01910_001,2024-03-09,111.36,食品
U01910,ORD_U01910_000,2024-04-02,104.65,服饰
U01911,ORD_U01911_000,2023-05-30,122.5,美妆
U01911,ORD_U01911_002,2023-07-26,162.88,数码
U01911,ORD_U01911_001,2023-07-30,110.25,服饰
U01911,ORD_U01911_003,2023-10-20,155.99,数码
U01911,ORD_U01911_004,2023-10-24,159.46,家居
U01911,ORD_U01911_005,2024-04-15,94.76,数码
U01912,ORD_U01912_000,2024-05-20,88.34,食品
U01913,ORD_U01913_000,2024-11-22,89.73,食品
U01913,ORD_U01913_001,2025-01-25,79.09,数码
U01913,ORD_U01913_002,2025-03-25,155.49,家居
U01914,ORD_U01914_000,2023-08-11,220.02,服饰
U01914,ORD_U01914_001,2023-09-05,188.48,服饰
U01914,ORD_U01914_002,2023-10-11,262.04,数码
U01915,ORD_U01915_000,2024-10-27,36.92,美妆
U01915,ORD_U01915_002,2025-01-14,77.23,美妆
U01915,ORD_U01915_001,2025-01-17,22.94,家居
U01916,ORD_U01916_000,2023-12-05,820.66,数码
U01916,ORD_U01916_001,2023-12-19,1563.87,服饰
U01916,ORD_U01916_002,2024-01-13,972.96,美妆
U01916,ORD_U01916_005,2024-02-04,910.61,服饰
U01916,ORD_U01916_009,2024-02-05,630.35,美妆
U01916,ORD_U01916_003,2024-02-08,746.41,美妆
U01916,ORD_U01916_015,2024-03-04,1547.13,数码
U01916,ORD_U01916_007,2024-03-07,1051.64,食品
U01916,ORD_U01916_004,2024-03-13,577.32,服饰
U01916,ORD_U01916_008,2024-03-17,1548.46,服饰
U01916,ORD_U01916_006,2024-03-28,892.07,服饰
U01916,ORD_U01916_018,2024-04-29,1269.26,服饰
U01916,ORD_U01916_033,2024-07-17,1313.54,食品
U01916,ORD_U01916_019,2024-08-03,569.2,数码
U01916,ORD_U01916_010,2024-08-17,1399.42,数码
U01916,ORD_U01916_024,2024-08-24,1056.28,食品
U01916,ORD_U01916_013,2024-08-30,1653.81,服饰
U01916,ORD_U01916_011,2024-09-02,1517.49,家居
U01916,ORD_U01916_014,2024-09-15,967.21,服饰
U01916,ORD_U01916_030,2024-10-15,839.84,数码
U01916,ORD_U01916_016,2024-10-22,1069.69,服饰
U01916,ORD_U01916_012,2024-10-30,447.45,服饰
U01916,ORD_U01916_017,2024-11-07,1117.1,服饰
U01916,ORD_U01916_029,2025-01-16,1078.98,数码
U01916,ORD_U01916_023,2025-03-11,1697.06,服饰
U01916,ORD_U01916_032,2025-03-28,621.94,食品
U01916,ORD_U01916_021,2025-04-23,1054.67,美妆
U01916,ORD_U01916_020,2025-05-02,767.34,家居
U01916,ORD_U01916_022,2025-05-20,1004.99,数码
U01916,ORD_U01916_028,2025-06-11,971.19,美妆
U01916,ORD_U01916_026,2025-06-15,1237.04,服饰
U01916,ORD_U01916_027,2025-07-15,1317.08,服饰
U01916,ORD_U01916_034,2025-11-14,957.97,家居
U01916,ORD_U01916_025,2025-12-19,1413.59,数码
U01916,ORD_U01916_031,2026-05-17,1104.54,美妆
U01917,ORD_U01917_000,2023-04-28,127.63,食品
U01917,ORD_U01917_001,2023-07-01,69.92,数码
U01917,ORD_U01917_003,2023-07-24,176.26,数码
U01917,ORD_U01917_002,2023-07-26,122.02,美妆
U01917,ORD_U01917_006,2023-11-08,100.71,食品
U01917,ORD_U01917_004,2023-11-13,142.1,美妆
U01917,ORD_U01917_005,2024-03-16,78.98,数码
U01917,ORD_U01917_007,2024-06-22,147.82,数码
U01918,ORD_U01918_000,2024-01-20,243.14,数码
U01918,ORD_U01918_001,2024-03-29,319.92,家居
U01918,ORD_U01918_003,2024-04-23,464.45,家居
U01918,ORD_U01918_002,2024-06-11,324.15,服饰
U01918,ORD_U01918_005,2024-06-30,230.6,家居
U01918,ORD_U01918_004,2024-08-18,238.04,服饰
U01918,ORD_U01918_006,2024-10-27,166.32,食品
U01919,ORD_U01919_000,2023-12-16,180.09,服饰
U01919,ORD_U01919_001,2023-12-20,57.81,数码
U01920,ORD_U01920_000,2023-09-19,97.32,美妆
U01921,ORD_U01921_000,2024-02-03,130.11,食品
U01921,ORD_U01921_001,2024-02-27,67.9,美妆
U01921,ORD_U01921_002,2024-03-24,146.7,家居
U01922,ORD_U01922_000,2023-04-27,434.07,美妆
U01922,ORD_U01922_001,2023-05-02,426.29,服饰
U01922,ORD_U01922_002,2023-06-22,421.11,美妆
U01922,ORD_U01922_003,2023-08-21,181.15,服饰
U01922,ORD_U01922_004,2023-09-16,368.01,美妆
U01922,ORD_U01922_005,2023-09-21,126.4,食品
U01922,ORD_U01922_006,2023-12-21,205.93,服饰
U01923,ORD_U01923_000,2024-01-29,72.76,食品
U01923,ORD_U01923_001,2024-03-22,161.17,食品
U01923,ORD_U01923_002,2024-07-04,66.42,数码
U01924,ORD_U01924_000,2023-11-07,155.75,美妆
U01924,ORD_U01924_001,2023-11-20,69.04,美妆
U01924,ORD_U01924_003,2023-12-13,121.41,服饰
U01924,ORD_U01924_002,2024-02-05,93.2,美妆
U01924,ORD_U01924_004,2024-04-08,143.87,美妆
U01925,ORD_U01925_000,2023-09-01,78.31,服饰
U01925,ORD_U01925_001,2023-10-26,53.1,数码
U01925,ORD_U01925_004,2023-11-29,84.01,美妆
U01925,ORD_U01925_002,2023-12-16,62.65,服饰
U01925,ORD_U01925_003,2024-03-01,192.03,美妆
U01926,ORD_U01926_000,2024-06-29,113.9,服饰
U01926,ORD_U01926_001,2024-08-25,61.7,美妆
U01927,ORD_U01927_000,2024-10-12,80.16,美妆
U01927,ORD_U01927_001,2024-10-19,277.71,食品
U01927,ORD_U01927_002,2024-12-16,117.15,数码
U01927,ORD_U01927_003,2024-12-30,164.81,数码
U01927,ORD_U01927_004,2025-03-11,232.44,美妆
U01927,ORD_U01927_005,2025-04-26,156.95,数码
U01927,ORD_U01927_006,2025-04-26,266.66,数码
U01927,ORD_U01927_007,2025-05-23,228.96,食品
U01927,ORD_U01927_010,2025-06-16,163.59,家居
U01927,ORD_U01927_014,2025-07-10,213.0,数码
U01927,ORD_U01927_008,2025-08-13,176.65,家居
U01927,ORD_U01927_009,2025-08-13,225.35,食品
U01927,ORD_U01927_013,2025-09-10,164.33,食品
U01927,ORD_U01927_012,2025-10-25,147.45,美妆
U01927,ORD_U01927_011,2026-01-26,196.04,食品
U01927,ORD_U01927_016,2026-02-24,186.1,服饰
U01927,ORD_U01927_015,2026-07-22,114.78,数码
U01928,ORD_U01928_000,2023-03-21,165.67,食品
U01928,ORD_U01928_001,2023-04-11,51.81,家居
U01928,ORD_U01928_002,2023-05-27,68.37,食品
U01928,ORD_U01928_005,2023-06-04,64.14,美妆
U01928,ORD_U01928_003,2023-07-09,134.79,数码
U01928,ORD_U01928_004,2023-08-19,95.38,美妆
U01928,ORD_U01928_007,2023-08-30,104.53,服饰
U01928,ORD_U01928_006,2024-01-14,164.48,数码
U01928,ORD_U01928_008,2024-03-02,49.57,服饰
U01929,ORD_U01929_000,2023-07-31,118.44,食品
U01929,ORD_U01929_001,2023-10-20,74.32,家居
U01929,ORD_U01929_002,2023-11-04,55.51,服饰
U01930,ORD_U01930_000,2025-01-22,63.71,美妆
U01931,ORD_U01931_000,2023-05-24,748.12,食品
U01931,ORD_U01931_002,2023-06-04,577.77,美妆
U01931,ORD_U01931_001,2023-06-17,1470.33,食品
U01931,ORD_U01931_005,2023-07-03,1474.18,家居
U01931,ORD_U01931_003,2023-07-10,1379.15,数码
U01931,ORD_U01931_004,2023-07-27,761.15,美妆
U01931,ORD_U01931_008,2023-07-31,2033.07,家居
U01931,ORD_U01931_007,2023-08-14,1033.17,美妆
U01931,ORD_U01931_012,2023-09-14,1747.28,数码
U01931,ORD_U01931_009,2023-10-07,1844.13,服饰
U01931,ORD_U01931_016,2023-10-15,1067.72,家居
U01931,ORD_U01931_013,2023-10-27,1588.73,食品
U01931,ORD_U01931_011,2023-11-09,536.12,家居
U01931,ORD_U01931_006,2023-11-16,1668.41,食品
U01931,ORD_U01931_018,2023-12-18,1299.89,家居
U01931,ORD_U01931_025,2023-12-26,1620.31,服饰
U01931,ORD_U01931_023,2024-01-28,972.16,美妆
U01931,ORD_U01931_021,2024-01-31,1220.41,数码
U01931,ORD_U01931_020,2024-02-02,1948.15,食品
U01931,ORD_U01931_015,2024-02-21,1301.05,食品
U01931,ORD_U01931_010,2024-03-13,1261.35,数码
U01931,ORD_U01931_017,2024-06-26,1946.97,服饰
U01931,ORD_U01931_037,2024-07-01,1974.57,食品
U01931,ORD_U01931_019,2024-07-02,1085.95,数码
U01931,ORD_U01931_027,2024-07-02,897.81,家居
U01931,ORD_U01931_014,2024-07-03,1336.61,服饰
U01931,ORD_U01931_022,2024-07-10,1005.68,服饰
U01931,ORD_U01931_033,2024-07-22,1122.75,食品
U01931,ORD_U01931_035,2024-08-07,1328.3,食品
U01931,ORD_U01931_024,2024-10-07,1840.43,数码
U01931,ORD_U01931_028,2025-01-14,1551.36,数码
U01931,ORD_U01931_034,2025-01-16,1608.99,美妆
U01931,ORD_U01931_026,2025-02-12,1602.27,服饰
U01931,ORD_U01931_036,2025-04-04,1171.94,数码
U01931,ORD_U01931_031,2025-04-11,754.94,家居
U01931,ORD_U01931_032,2025-05-13,1819.55,服饰
U01931,ORD_U01931_030,2025-06-11,1541.31,数码
U01931,ORD_U01931_029,2025-06-15,2037.97,食品
U01932,ORD_U01932_000,2023-04-25,623.03,数码
U01932,ORD_U01932_003,2023-05-15,328.81,美妆
U01932,ORD_U01932_001,2023-05-20,758.73,食品
U01932,ORD_U01932_002,2023-05-20,316.64,数码
U01932,ORD_U01932_008,2023-07-15,381.87,家居
U01932,ORD_U01932_006,2023-07-25,786.81,美妆
U01932,ORD_U01932_004,2023-08-19,484.55,美妆
U01932,ORD_U01932_005,2023-08-29,352.0,服饰
U01932,ORD_U01932_013,2023-09-01,462.79,家居
U01932,ORD_U01932_007,2023-09-09,336.59,家居
U01932,ORD_U01932_009,2023-09-18,334.57,美妆
U01932,ORD_U01932_011,2023-09-20,673.13,美妆
U01932,ORD_U01932_010,2023-12-14,650.67,食品
U01932,ORD_U01932_014,2024-04-17,552.26,美妆
U01932,ORD_U01932_012,2024-04-28,427.85,食品
U01933,ORD_U01933_000,2024-11-22,65.89,家居
U01933,ORD_U01933_001,2025-03-05,34.11,家居
U01933,ORD_U01933_002,2025-04-21,64.44,美妆
U01933,ORD_U01933_003,2025-10-22,37.57,服饰
U01934,ORD_U01934_000,2023-01-31,140.62,服饰
U01934,ORD_U01934_001,2023-04-03,79.33,家居
U01934,ORD_U01934_002,2023-04-19,237.7,食品
U01934,ORD_U01934_003,2023-06-24,252.55,美妆
U01934,ORD_U01934_005,2023-09-28,207.95,服饰
U01934,ORD_U01934_004,2023-10-12,123.47,美妆
U01934,ORD_U01934_006,2023-12-20,138.68,食品
U01935,ORD_U01935_001,2024-09-25,163.4,美妆
U01935,ORD_U01935_000,2024-10-03,476.36,美妆
U01935,ORD_U01935_002,2024-11-21,223.64,服饰
U01935,ORD_U01935_003,2024-12-31,137.84,食品
U01935,ORD_U01935_004,2025-01-07,421.35,家居
U01935,ORD_U01935_005,2025-01-17,453.55,数码
U01936,ORD_U01936_000,2023-12-06,125.08,服饰
U01936,ORD_U01936_001,2024-01-07,264.41,服饰
U01936,ORD_U01936_002,2024-04-04,208.54,美妆
U01936,ORD_U01936_003,2024-04-24,100.84,美妆
U01936,ORD_U01936_004,2024-06-08,169.9,家居
U01936,ORD_U01936_006,2024-08-06,125.82,美妆
U01936,ORD_U01936_005,2024-08-29,90.47,食品
U01936,ORD_U01936_007,2024-10-06,301.29,食品
U01936,ORD_U01936_008,2024-10-17,162.44,服饰
U01937,ORD_U01937_000,2024-08-29,91.76,美妆
U01937,ORD_U01937_001,2024-10-14,47.5,美妆
U01937,ORD_U01937_002,2024-11-07,90.43,服饰
U01937,ORD_U01937_003,2025-01-19,55.75,数码
U01938,ORD_U01938_001,2023-04-21,169.86,食品
U01938,ORD_U01938_000,2023-05-08,219.79,美妆
U01938,ORD_U01938_002,2023-07-23,172.58,数码
U01939,ORD_U01939_000,2024-04-12,191.42,美妆
U01939,ORD_U01939_002,2024-05-24,132.18,食品
U01939,ORD_U01939_001,2024-06-11,106.8,美妆
U01939,ORD_U01939_003,2024-08-31,179.91,服饰
U01939,ORD_U01939_006,2024-09-11,102.27,食品
U01939,ORD_U01939_004,2024-11-02,190.52,家居
U01939,ORD_U01939_005,2025-01-16,168.72,美妆
U01939,ORD_U01939_009,2025-03-05,89.84,家居
U01939,ORD_U01939_007,2025-03-23,122.64,美妆
U01939,ORD_U01939_008,2025-07-25,98.89,服饰
U01940,ORD_U01940_001,2023-12-24,143.51,美妆
U01940,ORD_U01940_000,2024-01-07,144.49,服饰
U01940,ORD_U01940_002,2024-02-27,91.63,数码
U01940,ORD_U01940_003,2024-06-18,69.48,家居
U01941,ORD_U01941_000,2024-05-16,195.58,食品
U01941,ORD_U01941_001,2024-07-14,252.98,食品
U01941,ORD_U01941_003,2024-07-30,630.58,数码
U01941,ORD_U01941_002,2024-07-31,573.5,家居
U01941,ORD_U01941_006,2024-08-23,470.98,数码
U01941,ORD_U01941_004,2024-09-01,312.37,家居
U01941,ORD_U01941_005,2024-11-23,414.86,家居
U01941,ORD_U01941_012,2025-02-14,547.65,家居
U01941,ORD_U01941_008,2025-02-19,358.7,数码
U01941,ORD_U01941_007,2025-03-06,431.04,数码
U01941,ORD_U01941_011,2025-03-17,674.04,数码
U01941,ORD_U01941_009,2025-03-22,683.14,数码
U01941,ORD_U01941_010,2025-07-11,668.4,数码
U01941,ORD_U01941_014,2025-07-13,490.96,服饰
U01941,ORD_U01941_018,2025-09-22,710.89,食品
U01941,ORD_U01941_016,2025-10-06,631.86,家居
U01941,ORD_U01941_013,2025-11-12,392.82,服饰
U01941,ORD_U01941_015,2026-02-09,180.74,服饰
U01941,ORD_U01941_017,2026-04-30,206.82,数码
U01942,ORD_U01942_000,2023-05-21,58.88,美妆
U01942,ORD_U01942_001,2023-08-07,90.46,数码
U01942,ORD_U01942_004,2023-09-16,104.95,数码
U01942,ORD_U01942_002,2023-09-23,67.27,家居
U01942,ORD_U01942_003,2023-11-29,64.39,食品
U01942,ORD_U01942_005,2023-12-12,157.86,美妆
U01943,ORD_U01943_000,2023-04-12,91.53,美妆
U01943,ORD_U01943_001,2023-04-13,85.74,食品
U01943,ORD_U01943_002,2023-09-04,57.81,食品
U01944,ORD_U01944_000,2024-09-14,124.03,食品
U01945,ORD_U01945_000,2023-12-10,716.02,数码
U01945,ORD_U01945_001,2024-01-13,251.37,食品
U01945,ORD_U01945_002,2024-02-09,466.16,数码
U01945,ORD_U01945_003,2024-03-25,222.84,数码
U01945,ORD_U01945_005,2024-04-05,712.04,美妆
U01945,ORD_U01945_004,2024-04-23,528.55,数码
U01945,ORD_U01945_010,2024-05-28,350.39,美妆
U01945,ORD_U01945_006,2024-06-13,225.57,家居
U01945,ORD_U01945_016,2024-09-16,442.61,食品
U01945,ORD_U01945_008,2024-09-24,297.54,食品
U01945,ORD_U01945_014,2024-09-26,292.86,美妆
U01945,ORD_U01945_009,2024-09-30,436.35,家居
U01945,ORD_U01945_007,2024-10-04,760.12,数码
U01945,ORD_U01945_015,2024-10-15,638.86,食品
U01945,ORD_U01945_013,2024-10-25,278.35,数码
U01945,ORD_U01945_011,2024-12-04,255.32,服饰
U01945,ORD_U01945_012,2025-01-09,543.25,数码
U01945,ORD_U01945_017,2025-04-09,202.03,家居
U01946,ORD_U01946_000,2023-01-23,143.82,美妆
U01946,ORD_U01946_001,2023-03-15,128.25,美妆
U01947,ORD_U01947_000,2024-06-30,380.43,服饰
U01947,ORD_U01947_001,2024-07-19,487.93,食品
U01947,ORD_U01947_003,2024-08-19,199.16,服饰
U01947,ORD_U01947_004,2024-09-05,182.4,数码
U01947,ORD_U01947_002,2024-09-12,145.96,服饰
U01947,ORD_U01947_005,2024-12-17,500.72,美妆
U01948,ORD_U01948_000,2024-07-09,72.86,数码
U01948,ORD_U01948_003,2024-10-26,100.1,服饰
U01948,ORD_U01948_002,2024-11-07,108.56,美妆
U01948,ORD_U01948_001,2024-11-08,207.3,服饰
U01949,ORD_U01949_000,2024-12-31,542.94,美妆
U01949,ORD_U01949_001,2024-12-31,662.31,食品
U01949,ORD_U01949_003,2025-02-12,675.68,服饰
U01949,ORD_U01949_002,2025-03-11,485.06,服饰
U01949,ORD_U01949_004,2025-04-09,564.83,数码
U01949,ORD_U01949_005,2025-04-30,905.03,美妆
U01949,ORD_U01949_011,2025-06-16,731.62,家居
U01949,ORD_U01949_008,2025-06-22,593.09,美妆
U01949,ORD_U01949_010,2025-07-09,571.08,美妆
U01949,ORD_U01949_006,2025-07-31,266.01,食品
U01949,ORD_U01949_009,2025-08-18,739.81,服饰
U01949,ORD_U01949_007,2025-11-24,817.27,家居
U01949,ORD_U01949_012,2025-12-06,579.69,美妆
U01949,ORD_U01949_015,2026-01-24,774.26,食品
U01949,ORD_U01949_013,2026-03-22,290.58,数码
U01949,ORD_U01949_017,2026-07-02,668.2,美妆
U01949,ORD_U01949_014,2026-07-17,611.15,家居
U01949,ORD_U01949_016,2026-10-30,379.74,服饰
U01949,ORD_U01949_018,2026-12-06,357.15,家居
U01949,ORD_U01949_019,2027-02-17,631.1,数码
U01950,ORD_U01950_000,2023-04-04,40.59,数码
U01950,ORD_U01950_001,2023-08-03,84.34,家居
U01950,ORD_U01950_002,2023-11-09,137.36,美妆
U01950,ORD_U01950_003,2023-12-30,72.93,服饰
U01951,ORD_U01951_000,2024-01-18,234.44,美妆
U01951,ORD_U01951_001,2024-01-31,239.24,数码
U01951,ORD_U01951_002,2024-02-29,103.38,食品
U01951,ORD_U01951_004,2024-03-25,352.96,家居
U01951,ORD_U01951_003,2024-05-12,269.29,家居
U01951,ORD_U01951_008,2024-06-20,286.35,服饰
U01951,ORD_U01951_005,2024-07-08,339.82,食品
U01951,ORD_U01951_006,2024-07-18,356.66,家居
U01951,ORD_U01951_007,2024-09-10,119.95,食品
U01951,ORD_U01951_012,2024-10-09,318.01,家居
U01951,ORD_U01951_009,2024-10-30,196.75,食品
U01951,ORD_U01951_011,2024-11-03,200.04,服饰
U01951,ORD_U01951_013,2025-01-17,162.57,数码
U01951,ORD_U01951_010,2025-04-16,405.4,家居
U01952,ORD_U01952_000,2024-03-03,38.64,食品
U01952,ORD_U01952_002,2024-06-04,26.15,服饰
U01952,ORD_U01952_001,2024-06-27,76.26,数码
U01953,ORD_U01953_000,2024-01-06,99.82,美妆
U01953,ORD_U01953_002,2024-04-09,105.3,数码
U01953,ORD_U01953_001,2024-04-18,53.3,食品
U01954,ORD_U01954_000,2023-11-27,435.95,美妆
U01954,ORD_U01954_002,2023-12-04,652.48,服饰
U01954,ORD_U01954_001,2023-12-15,500.77,美妆
U01954,ORD_U01954_003,2024-01-31,305.93,食品
U01954,ORD_U01954_004,2024-02-24,289.43,数码
U01954,ORD_U01954_005,2024-03-07,527.9,美妆
U01954,ORD_U01954_011,2024-05-25,305.76,家居
U01954,ORD_U01954_009,2024-06-01,384.73,家居
U01954,ORD_U01954_007,2024-08-10,432.64,食品
U01954,ORD_U01954_012,2024-08-10,668.74,美妆
U01954,ORD_U01954_006,2024-08-15,623.07,服饰
U01954,ORD_U01954_008,2024-11-14,698.58,服饰
U01954,ORD_U01954_010,2025-02-04,644.19,服饰
U01955,ORD_U01955_000,2024-06-26,313.21,美妆
U01955,ORD_U01955_001,2024-09-06,198.87,食品
U01955,ORD_U01955_005,2024-09-23,223.51,美妆
U01955,ORD_U01955_003,2024-10-05,470.66,服饰
U01955,ORD_U01955_002,2024-10-15,317.69,数码
U01955,ORD_U01955_008,2025-02-11,422.34,食品
U01955,ORD_U01955_006,2025-02-20,306.6,数码
U01955,ORD_U01955_004,2025-03-20,141.08,食品
U01955,ORD_U01955_007,2025-09-13,369.64,数码
U01956,ORD_U01956_000,2024-03-24,433.55,美妆
U01956,ORD_U01956_001,2024-04-11,448.84,美妆
U01956,ORD_U01956_002,2024-05-06,465.72,服饰
U01956,ORD_U01956_005,2024-05-23,567.5,数码
U01956,ORD_U01956_003,2024-06-10,540.7,数码
U01956,ORD_U01956_011,2024-06-29,350.2,数码
U01956,ORD_U01956_004,2024-07-02,258.53,数码
U01956,ORD_U01956_013,2024-07-20,520.92,服饰
U01956,ORD_U01956_010,2024-07-21,357.25,食品
U01956,ORD_U01956_006,2024-08-11,662.26,食品
U01956,ORD_U01956_018,2024-09-07,481.7,服饰
U01956,ORD_U01956_014,2024-09-17,880.33,食品
U01956,ORD_U01956_007,2024-10-06,595.84,服饰
U01956,ORD_U01956_008,2024-10-16,876.8,数码
U01956,ORD_U01956_019,2024-10-20,944.42,食品
U01956,ORD_U01956_009,2024-11-15,678.25,服饰
U01956,ORD_U01956_027,2024-12-14,447.86,食品
U01956,ORD_U01956_028,2024-12-22,264.0,服饰
U01956,ORD_U01956_023,2024-12-28,593.98,数码
U01956,ORD_U01956_021,2025-02-01,904.28,数码
U01956,ORD_U01956_017,2025-02-07,908.27,美妆
U01956,ORD_U01956_012,2025-02-08,834.02,服饰
U01956,ORD_U01956_015,2025-02-16,701.55,服饰
U01956,ORD_U01956_024,2025-02-20,857.91,食品
U01956,ORD_U01956_031,2025-02-24,894.06,美妆
U01956,ORD_U01956_016,2025-03-26,352.68,食品
U01956,ORD_U01956_020,2025-04-11,248.25,家居
U01956,ORD_U01956_022,2025-07-09,737.88,数码
U01956,ORD_U01956_032,2025-08-14,454.75,数码
U01956,ORD_U01956_042,2025-08-15,506.25,服饰
U01956,ORD_U01956_037,2025-08-27,520.89,美妆
U01956,ORD_U01956_033,2025-10-03,866.19,家居
U01956,ORD_U01956_034,2025-11-29,455.24,数码
U01956,ORD_U01956_026,2025-12-19,450.56,数码
U01956,ORD_U01956_025,2026-02-19,484.92,食品
U01956,ORD_U01956_043,2026-02-23,490.66,美妆
U01956,ORD_U01956_029,2026-03-08,881.26,服饰
U01956,ORD_U01956_038,2026-03-15,288.21,服饰
U01956,ORD_U01956_039,2026-09-05,445.82,美妆
U01956,ORD_U01956_030,2026-09-30,596.63,服饰
U01956,ORD_U01956_040,2026-10-17,897.74,美妆
U01956,ORD_U01956_045,2026-12-13,921.91,家居
U01956,ORD_U01956_035,2026-12-18,405.8,服饰
U01956,ORD_U01956_036,2027-01-04,565.28,数码
U01956,ORD_U01956_041,2027-04-13,512.64,美妆
U01956,ORD_U01956_044,2027-08-08,851.79,美妆
U01957,ORD_U01957_000,2023-10-26,68.02,美妆
U01957,ORD_U01957_001,2023-11-18,69.92,服饰
U01958,ORD_U01958_000,2023-06-20,476.4,食品
U01958,ORD_U01958_003,2023-07-24,454.31,服饰
U01958,ORD_U01958_001,2023-08-21,158.72,美妆
U01958,ORD_U01958_002,2023-10-14,206.12,数码
U01958,ORD_U01958_005,2023-10-16,363.64,食品
U01958,ORD_U01958_007,2024-02-02,346.7,服饰
U01958,ORD_U01958_004,2024-02-22,495.52,食品
U01958,ORD_U01958_006,2024-03-28,365.07,服饰
U01958,ORD_U01958_008,2024-08-15,357.44,美妆
U01959,ORD_U01959_000,2023-05-19,112.17,服饰
U01960,ORD_U01960_000,2024-11-09,56.0,美妆
U01960,ORD_U01960_001,2025-02-15,30.26,美妆
U01960,ORD_U01960_002,2025-03-23,63.0,数码
U01960,ORD_U01960_003,2025-06-30,31.68,数码
U01961,ORD_U01961_000,2023-04-19,453.63,美妆
U01961,ORD_U01961_001,2023-05-31,518.26,美妆
U01961,ORD_U01961_002,2023-08-18,462.59,美妆
U01961,ORD_U01961_003,2023-09-27,160.45,家居
U01961,ORD_U01961_004,2023-10-11,506.56,数码
U01961,ORD_U01961_005,2023-12-08,217.64,服饰
U01961,ORD_U01961_006,2024-01-29,228.32,服饰
U01961,ORD_U01961_007,2024-07-02,567.04,服饰
U01962,ORD_U01962_000,2023-10-05,1290.84,美妆
U01962,ORD_U01962_001,2023-10-25,1040.89,数码
U01962,ORD_U01962_002,2023-11-01,1036.31,数码
U01962,ORD_U01962_004,2023-11-13,629.8,数码
U01962,ORD_U01962_003,2023-11-26,468.43,家居
U01962,ORD_U01962_005,2023-12-10,476.2,食品
U01962,ORD_U01962_008,2023-12-12,550.66,家居
U01962,ORD_U01962_009,2023-12-22,682.7,食品
U01962,ORD_U01962_006,2023-12-23,1463.72,食品
U01962,ORD_U01962_007,2024-01-15,473.42,数码
U01962,ORD_U01962_012,2024-02-22,1342.37,数码
U01962,ORD_U01962_010,2024-03-29,842.83,美妆
U01962,ORD_U01962_013,2024-04-23,954.72,食品
U01962,ORD_U01962_015,2024-04-27,1088.2,美妆
U01962,ORD_U01962_022,2024-06-11,950.93,食品
U01962,ORD_U01962_011,2024-07-22,615.25,家居
U01962,ORD_U01962_016,2024-08-12,1440.57,数码
U01962,ORD_U01962_014,2024-09-15,815.17,家居
U01962,ORD_U01962_019,2024-09-28,1207.53,美妆
U01962,ORD_U01962_018,2024-11-18,1071.24,食品
U01962,ORD_U01962_020,2024-12-22,1430.01,家居
U01962,ORD_U01962_017,2025-02-02,1044.21,服饰
U01962,ORD_U01962_021,2025-05-14,1173.91,食品
U01963,ORD_U01963_000,2024-02-22,94.72,家居
U01964,ORD_U01964_000,2024-03-31,137.72,家居
U01965,ORD_U01965_001,2024-06-27,44.29,数码
U01965,ORD_U01965_000,2024-08-04,82.19,服饰
U01965,ORD_U01965_002,2024-09-18,42.39,美妆
U01966,ORD_U01966_000,2024-05-20,830.13,食品
U01966,ORD_U01966_001,2024-05-25,372.63,家居
U01966,ORD_U01966_002,2024-07-09,384.16,数码
U01966,ORD_U01966_003,2024-08-20,284.24,美妆
U01966,ORD_U01966_004,2024-08-20,340.59,美妆
U01966,ORD_U01966_005,2024-09-14,518.3,美妆
U01966,ORD_U01966_007,2024-09-26,548.37,家居
U01966,ORD_U01966_006,2024-11-08,254.09,家居
U01967,ORD_U01967_000,2023-05-17,325.69,家居
U01967,ORD_U01967_001,2023-05-24,229.61,美妆
U01967,ORD_U01967_002,2023-08-19,148.03,家居
U01967,ORD_U01967_003,2023-08-24,368.78,家居
U01968,ORD_U01968_000,2023-06-16,146.8,美妆
U01968,ORD_U01968_001,2023-08-18,80.37,数码
U01968,ORD_U01968_003,2023-10-28,53.51,数码
U01968,ORD_U01968_002,2023-11-02,114.1,家居
U01969,ORD_U01969_000,2024-05-15,185.81,食品
U01969,ORD_U01969_001,2024-09-13,167.44,食品
U01970,ORD_U01970_000,2023-03-24,108.79,美妆
U01970,ORD_U01970_001,2023-04-26,70.33,数码
U01970,ORD_U01970_002,2023-07-12,102.9,数码
U01971,ORD_U01971_000,2024-11-27,115.39,美妆
U01971,ORD_U01971_002,2024-12-13,378.44,食品
U01971,ORD_U01971_001,2024-12-26,240.54,食品
U01971,ORD_U01971_003,2025-03-03,231.24,数码
U01971,ORD_U01971_004,2025-05-12,295.38,服饰
U01971,ORD_U01971_006,2025-05-28,286.63,美妆
U01971,ORD_U01971_005,2025-06-01,349.52,数码
U01972,ORD_U01972_000,2024-12-25,353.07,美妆
U01972,ORD_U01972_001,2025-01-06,424.01,美妆
U01972,ORD_U01972_002,2025-03-03,563.15,数码
U01972,ORD_U01972_003,2025-05-06,374.04,数码
U01973,ORD_U01973_000,2023-04-13,289.04,数码
U01973,ORD_U01973_001,2023-04-15,548.21,家居
U01973,ORD_U01973_002,2023-06-01,463.08,家居
U01973,ORD_U01973_003,2023-07-20,365.72,美妆
U01973,ORD_U01973_009,2023-08-22,576.88,食品
U01973,ORD_U01973_008,2023-08-28,506.94,美妆
U01973,ORD_U01973_005,2023-09-23,446.32,美妆
U01973,ORD_U01973_004,2023-10-12,348.06,服饰
U01973,ORD_U01973_006,2023-10-15,354.08,数码
U01973,ORD_U01973_007,2023-12-14,430.19,服饰
U01973,ORD_U01973_010,2024-03-29,652.83,食品
U01974,ORD_U01974_000,2023-03-11,92.5,家居
U01975,ORD_U01975_000,2024-08-31,364.21,食品
U01975,ORD_U01975_001,2024-08-31,157.91,食品
U01975,ORD_U01975_003,2024-09-21,226.15,家居
U01975,ORD_U01975_004,2024-10-03,286.9,数码
U01975,ORD_U01975_002,2024-10-26,319.88,家居
U01975,ORD_U01975_005,2024-11-10,336.25,数码
U01975,ORD_U01975_006,2024-12-17,436.65,数码
U01975,ORD_U01975_010,2025-01-11,426.59,服饰
U01975,ORD_U01975_008,2025-02-02,342.44,服饰
U01975,ORD_U01975_007,2025-03-13,350.8,数码
U01975,ORD_U01975_013,2025-05-16,112.71,食品
U01975,ORD_U01975_017,2025-05-23,179.73,数码
U01975,ORD_U01975_009,2025-06-14,301.82,数码
U01975,ORD_U01975_012,2025-08-15,422.56,服饰
U01975,ORD_U01975_011,2025-09-08,142.17,食品
U01975,ORD_U01975_016,2025-09-12,345.67,食品
U01975,ORD_U01975_015,2025-10-15,391.24,服饰
U01975,ORD_U01975_014,2026-02-20,355.44,数码
U01976,ORD_U01976_000,2024-06-18,50.54,家居
U01976,ORD_U01976_001,2024-08-14,94.0,数码
U01976,ORD_U01976_002,2024-09-02,49.64,美妆
U01977,ORD_U01977_000,2024-02-13,36.12,美妆
U01977,ORD_U01977_001,2024-07-09,42.21,美妆
U01977,ORD_U01977_002,2024-07-24,30.75,美妆
U01978,ORD_U01978_000,2024-09-25,246.89,食品
U01978,ORD_U01978_001,2024-11-27,163.24,美妆
U01978,ORD_U01978_005,2024-12-19,276.62,美妆
U01978,ORD_U01978_002,2025-01-05,274.71,食品
U01978,ORD_U01978_003,2025-02-26,151.76,家居
U01978,ORD_U01978_004,2025-03-19,277.74,美妆
U01978,ORD_U01978_006,2025-04-07,217.6,服饰
U01978,ORD_U01978_007,2025-06-13,354.76,服饰
U01979,ORD_U01979_000,2023-12-07,216.77,数码
U01979,ORD_U01979_002,2024-01-18,174.82,美妆
U01979,ORD_U01979_001,2024-01-29,110.84,服饰
U01980,ORD_U01980_000,2023-06-22,116.58,服饰
U01981,ORD_U01981_000,2023-02-16,194.18,食品
U01981,ORD_U01981_002,2023-04-02,157.64,数码
U01981,ORD_U01981_001,2023-05-11,168.27,数码
U01981,ORD_U01981_003,2023-06-10,223.08,美妆
U01982,ORD_U01982_000,2024-12-31,196.5,食品
U01982,ORD_U01982_001,2025-02-05,103.12,服饰
U01982,ORD_U01982_002,2025-03-21,251.07,食品
U01983,ORD_U01983_000,2024-01-11,383.3,美妆
U01983,ORD_U01983_001,2024-03-02,193.84,服饰
U01983,ORD_U01983_002,2024-05-18,399.33,美妆
U01983,ORD_U01983_003,2024-08-01,300.86,数码
U01983,ORD_U01983_004,2024-09-07,255.11,服饰
U01983,ORD_U01983_009,2024-10-07,164.52,数码
U01983,ORD_U01983_008,2024-10-25,208.24,数码
U01983,ORD_U01983_005,2024-10-29,417.85,家居
U01983,ORD_U01983_006,2025-01-20,303.0,美妆
U01983,ORD_U01983_007,2025-02-20,293.0,食品
U01984,ORD_U01984_000,2023-04-02,25.06,服饰
U01984,ORD_U01984_001,2023-06-17,50.58,数码
U01984,ORD_U01984_002,2023-08-17,57.67,服饰
U01985,ORD_U01985_000,2023-05-30,90.47,家居
U01985,ORD_U01985_001,2023-08-09,84.9,数码
U01986,ORD_U01986_000,2024-06-07,156.63,食品
U01986,ORD_U01986_001,2024-07-03,117.58,家居
U01986,ORD_U01986_002,2024-07-12,118.73,美妆
U01987,ORD_U01987_000,2024-07-10,42.09,食品
U01987,ORD_U01987_001,2024-08-30,61.86,食品
U01987,ORD_U01987_002,2024-09-24,59.37,数码
U01988,ORD_U01988_001,2024-12-10,105.53,食品
U01988,ORD_U01988_000,2025-01-09,89.34,食品
U01988,ORD_U01988_002,2025-04-16,165.04,食品
U01989,ORD_U01989_000,2025-02-23,60.4,美妆
U01989,ORD_U01989_001,2025-04-04,89.57,家居
U01989,ORD_U01989_002,2025-05-31,76.5,家居
U01989,ORD_U01989_003,2025-07-25,74.42,数码
U01990,ORD_U01990_000,2024-08-21,79.7,服饰
U01990,ORD_U01990_001,2024-09-23,128.34,家居
U01991,ORD_U01991_000,2023-09-13,537.16,服饰
U01991,ORD_U01991_002,2023-10-08,472.42,数码
U01991,ORD_U01991_001,2023-10-14,358.09,数码
U01991,ORD_U01991_003,2023-12-10,222.62,数码
U01991,ORD_U01991_004,2024-01-14,447.32,数码
U01991,ORD_U01991_005,2024-03-25,220.28,家居
U01991,ORD_U01991_007,2024-08-19,252.61,家居
U01991,ORD_U01991_006,2024-08-25,415.79,家居
U01991,ORD_U01991_008,2024-11-17,438.44,服饰
U01992,ORD_U01992_000,2023-09-22,285.15,家居
U01992,ORD_U01992_001,2023-10-05,421.48,美妆
U01992,ORD_U01992_003,2023-10-12,708.78,食品
U01992,ORD_U01992_002,2023-11-09,539.07,服饰
U01992,ORD_U01992_004,2023-12-09,224.26,服饰
U01992,ORD_U01992_006,2024-01-09,540.31,美妆
U01992,ORD_U01992_007,2024-04-14,487.36,食品
U01992,ORD_U01992_008,2024-04-18,480.03,美妆
U01992,ORD_U01992_005,2024-04-21,577.96,食品
U01992,ORD_U01992_012,2024-06-01,747.83,家居
U01992,ORD_U01992_009,2024-08-22,475.81,家居
U01992,ORD_U01992_010,2024-09-23,207.19,食品
U01992,ORD_U01992_011,2024-10-22,452.26,服饰
U01992,ORD_U01992_015,2025-01-05,736.47,家居
U01992,ORD_U01992_013,2025-01-25,741.54,服饰
U01992,ORD_U01992_014,2025-05-27,540.02,服饰
U01992,ORD_U01992_016,2025-05-31,343.12,家居
U01993,ORD_U01993_000,2023-07-20,34.77,服饰
U01993,ORD_U01993_001,2023-08-26,35.62,食品
U01993,ORD_U01993_002,2023-09-12,44.4,服饰
U01993,ORD_U01993_003,2024-03-03,83.18,家居
U01994,ORD_U01994_000,2023-05-13,39.68,服饰
U01994,ORD_U01994_001,2023-07-20,20.28,家居
U01994,ORD_U01994_002,2023-12-04,56.33,食品
U01995,ORD_U01995_001,2024-11-14,367.76,美妆
U01995,ORD_U01995_000,2024-11-18,296.97,服饰
U01995,ORD_U01995_002,2025-02-18,302.48,家居
U01995,ORD_U01995_003,2025-03-17,355.74,数码
U01995,ORD_U01995_004,2025-03-18,119.27,食品
U01996,ORD_U01996_000,2024-10-03,104.01,服饰
U01996,ORD_U01996_001,2024-11-25,167.97,服饰
U01996,ORD_U01996_003,2025-01-18,152.26,美妆
U01996,ORD_U01996_002,2025-02-11,165.7,服饰
U01997,ORD_U01997_000,2023-12-23,196.87,美妆
U01997,ORD_U01997_003,2024-03-09,163.41,服饰
U01997,ORD_U01997_001,2024-03-12,189.63,家居
U01997,ORD_U01997_004,2024-03-12,157.58,服饰
U01997,ORD_U01997_002,2024-04-05,169.21,美妆
U01997,ORD_U01997_008,2024-05-18,170.02,食品
U01997,ORD_U01997_006,2024-06-26,245.49,美妆
U01997,ORD_U01997_005,2024-08-12,146.42,家居
U01997,ORD_U01997_007,2025-01-29,149.95,家居
U01998,ORD_U01998_000,2024-03-03,224.86,美妆
U01998,ORD_U01998_002,2024-04-09,263.51,家居
U01998,ORD_U01998_001,2024-04-22,205.52,服饰
U01998,ORD_U01998_005,2024-06-15,537.6,家居
U01998,ORD_U01998_006,2024-07-06,433.61,数码
U01998,ORD_U01998_003,2024-07-17,524.53,家居
U01998,ORD_U01998_004,2024-08-07,534.53,数码
U01999,ORD_U01999_000,2024-01-13,74.66,食品
U02000,ORD_U02000_000,2024-10-31,382.96,服饰
U02000,ORD_U02000_001,2024-11-29,397.39,食品
U02000,ORD_U02000_003,2024-12-10,176.7,美妆
U02000,ORD_U02000_002,2024-12-16,295.08,家居
U02000,ORD_U02000_008,2025-05-06,486.17,食品
U02000,ORD_U02000_004,2025-05-13,311.48,食品
U02000,ORD_U02000_005,2025-05-26,201.61,家居
U02000,ORD_U02000_006,2025-09-07,473.22,家居
U02000,ORD_U02000_007,2025-11-13,419.56,食品
U02001,ORD_U02001_000,2023-12-18,109.62,服饰
U02002,ORD_U02002_001,2023-06-13,101.53,服饰
U02002,ORD_U02002_000,2023-06-22,259.86,食品
U02002,ORD_U02002_003,2023-08-08,317.37,家居
U02002,ORD_U02002_002,2023-08-20,321.28,家居
U02002,ORD_U02002_004,2023-08-25,201.82,数码
U02002,ORD_U02002_006,2023-10-15,114.92,美妆
U02002,ORD_U02002_005,2023-11-06,215.88,数码
U02002,ORD_U02002_008,2023-12-31,198.76,家居
U02002,ORD_U02002_007,2024-02-13,286.58,美妆
U02002,ORD_U02002_009,2024-04-30,275.11,服饰
U02002,ORD_U02002_011,2024-05-02,183.81,数码
U02002,ORD_U02002_010,2024-07-28,308.64,食品
U02003,ORD_U02003_001,2025-01-05,623.18,美妆
U02003,ORD_U02003_000,2025-01-24,392.82,数码
U02003,ORD_U02003_002,2025-02-16,554.14,家居
U02003,ORD_U02003_007,2025-05-08,580.81,家居
U02003,ORD_U02003_003,2025-05-09,499.32,服饰
U02003,ORD_U02003_004,2025-06-04,586.9,食品
U02003,ORD_U02003_005,2025-07-28,392.32,服饰
U02003,ORD_U02003_006,2025-08-15,248.06,服饰
U02003,ORD_U02003_009,2025-09-13,389.13,数码
U02003,ORD_U02003_008,2025-11-05,515.69,食品
U02003,ORD_U02003_010,2026-02-12,452.9,家居
U02004,ORD_U02004_000,2023-09-30,89.65,美妆
U02004,ORD_U02004_001,2024-01-04,93.84,服饰
U02005,ORD_U02005_000,2024-02-11,121.34,家居
U02006,ORD_U02006_000,2024-05-30,154.4,服饰
U02006,ORD_U02006_002,2024-07-09,124.76,服饰
U02006,ORD_U02006_001,2024-07-12,141.86,服饰
U02006,ORD_U02006_004,2024-08-30,158.67,食品
U02006,ORD_U02006_007,2024-09-15,344.34,数码
U02006,ORD_U02006_003,2024-10-24,135.58,家居
U02006,ORD_U02006_008,2024-10-24,376.12,食品
U02006,ORD_U02006_006,2024-11-27,217.46,服饰
U02006,ORD_U02006_005,2024-12-01,142.65,食品
U02006,ORD_U02006_010,2024-12-30,344.46,美妆
U02006,ORD_U02006_009,2025-01-26,158.69,食品
U02006,ORD_U02006_011,2025-03-05,255.66,服饰
U02007,ORD_U02007_000,2024-08-04,43.33,数码
U02007,ORD_U02007_002,2024-10-03,33.96,家居
U02007,ORD_U02007_001,2024-10-18,91.64,服饰
U02008,ORD_U02008_000,2024-04-08,138.23,美妆
U02008,ORD_U02008_001,2024-08-12,167.66,服饰
U02008,ORD_U02008_002,2024-09-17,185.08,美妆
U02009,ORD_U02009_000,2024-01-01,872.25,家居
U02009,ORD_U02009_001,2024-02-21,592.73,食品
U02009,ORD_U02009_002,2024-02-24,376.14,食品
U02009,ORD_U02009_003,2024-05-19,964.19,食品
U02009,ORD_U02009_011,2024-06-26,374.08,食品
U02009,ORD_U02009_004,2024-07-03,498.21,家居
U02009,ORD_U02009_007,2024-07-20,697.21,食品
U02009,ORD_U02009_005,2024-07-26,395.56,食品
U02009,ORD_U02009_006,2024-08-01,327.83,美妆
U02009,ORD_U02009_012,2024-08-25,706.27,服饰
U02009,ORD_U02009_009,2024-09-29,642.1,数码
U02009,ORD_U02009_008,2024-10-09,249.46,食品
U02009,ORD_U02009_013,2024-10-18,992.91,美妆
U02009,ORD_U02009_010,2025-02-09,898.94,食品
U02010,ORD_U02010_000,2023-07-18,434.43,家居
U02010,ORD_U02010_001,2023-08-22,523.1,美妆
U02010,ORD_U02010_002,2023-10-07,403.65,食品
U02010,ORD_U02010_003,2023-10-15,135.08,家居
U02010,ORD_U02010_007,2024-01-29,183.84,食品
U02010,ORD_U02010_004,2024-02-17,378.22,食品
U02010,ORD_U02010_005,2024-03-31,212.48,美妆
U02010,ORD_U02010_008,2024-04-07,197.17,数码
U02010,ORD_U02010_006,2024-04-28,523.15,美妆
U02011,ORD_U02011_001,2023-06-19,173.51,食品
U02011,ORD_U02011_000,2023-07-02,175.72,食品
U02012,ORD_U02012_000,2023-12-18,127.57,服饰
U02013,ORD_U02013_000,2024-12-31,279.79,服饰
U02013,ORD_U02013_001,2025-02-02,612.04,服饰
U02013,ORD_U02013_002,2025-03-08,315.63,美妆
U02013,ORD_U02013_004,2025-03-23,529.7,家居
U02013,ORD_U02013_003,2025-05-15,315.99,数码
U02013,ORD_U02013_010,2025-06-06,388.94,服饰
U02013,ORD_U02013_006,2025-07-01,574.03,家居
U02013,ORD_U02013_009,2025-07-01,596.13,服饰
U02013,ORD_U02013_007,2025-07-05,219.17,服饰
U02013,ORD_U02013_008,2025-08-27,681.28,食品
U02013,ORD_U02013_005,2025-08-31,657.56,美妆
U02013,ORD_U02013_015,2025-09-28,639.74,数码
U02013,ORD_U02013_011,2025-09-29,733.14,数码
U02013,ORD_U02013_012,2025-11-20,324.46,服饰
U02013,ORD_U02013_013,2025-12-05,470.29,家居
U02013,ORD_U02013_014,2026-06-20,632.38,食品
U02014,ORD_U02014_000,2024-03-23,633.3,美妆
U02014,ORD_U02014_001,2024-05-05,803.23,数码
U02014,ORD_U02014_003,2024-05-25,793.77,食品
U02014,ORD_U02014_002,2024-07-13,521.95,食品
U02014,ORD_U02014_004,2024-07-18,1021.44,美妆
U02014,ORD_U02014_006,2024-08-13,713.41,食品
U02014,ORD_U02014_007,2024-10-06,556.99,数码
U02014,ORD_U02014_009,2024-10-14,462.44,服饰
U02014,ORD_U02014_005,2024-11-01,706.4,家居
U02014,ORD_U02014_015,2024-12-21,494.69,食品
U02014,ORD_U02014_010,2025-01-29,301.48,服饰
U02014,ORD_U02014_012,2025-01-31,1054.6,家居
U02014,ORD_U02014_008,2025-04-07,993.23,服饰
U02014,ORD_U02014_014,2025-04-19,1085.05,数码
U02014,ORD_U02014_017,2025-04-22,326.7,食品
U02014,ORD_U02014_011,2025-06-13,633.24,食品
U02014,ORD_U02014_016,2025-11-16,687.37,食品
U02014,ORD_U02014_013,2025-11-24,544.63,食品
U02015,ORD_U02015_000,2023-12-02,197.28,家居
U02015,ORD_U02015_001,2024-01-19,352.84,数码
U02015,ORD_U02015_002,2024-02-22,280.12,食品
U02015,ORD_U02015_003,2024-05-19,353.55,家居
U02016,ORD_U02016_001,2024-08-22,128.08,数码
U02016,ORD_U02016_000,2024-09-06,119.73,服饰
U02016,ORD_U02016_002,2024-11-19,129.73,美妆
U02016,ORD_U02016_003,2024-11-24,151.97,服饰
U02016,ORD_U02016_006,2025-01-10,182.86,数码
U02016,ORD_U02016_004,2025-04-21,53.22,美妆
U02016,ORD_U02016_005,2025-06-02,105.62,家居
U02017,ORD_U02017_000,2024-07-02,195.59,美妆
U02018,ORD_U02018_000,2024-11-27,198.49,服饰
U02018,ORD_U02018_001,2024-12-08,211.25,家居
U02019,ORD_U02019_001,2024-07-21,163.34,美妆
U02019,ORD_U02019_000,2024-08-18,179.31,数码
U02019,ORD_U02019_002,2024-10-06,131.84,家居
U02019,ORD_U02019_003,2024-11-24,222.15,服饰
U02020,ORD_U02020_001,2024-09-19,137.92,家居
U02020,ORD_U02020_000,2024-09-24,63.93,家居
U02021,ORD_U02021_000,2024-04-06,61.33,数码
U02021,ORD_U02021_001,2024-05-31,93.43,数码
U02021,ORD_U02021_002,2024-07-03,138.78,服饰
U02022,ORD_U02022_000,2023-09-15,74.44,家居
U02022,ORD_U02022_001,2023-11-09,39.66,食品
U02022,ORD_U02022_002,2023-11-25,101.62,服饰
U02022,ORD_U02022_003,2024-05-21,43.64,服饰
U02023,ORD_U02023_000,2023-06-03,52.31,美妆
U02024,ORD_U02024_001,2023-10-13,40.69,数码
U02024,ORD_U02024_000,2023-11-05,143.92,服饰
U02024,ORD_U02024_002,2024-05-10,64.57,服饰
U02025,ORD_U02025_000,2024-09-12,146.16,数码
U02026,ORD_U02026_000,2024-05-26,435.58,服饰
U02026,ORD_U02026_001,2024-06-28,145.96,食品
U02026,ORD_U02026_003,2024-08-24,296.07,食品
U02026,ORD_U02026_002,2024-10-12,284.34,数码
U02027,ORD_U02027_000,2024-06-21,290.98,家居
U02027,ORD_U02027_001,2024-07-12,470.5,食品
U02027,ORD_U02027_002,2024-08-07,268.85,家居
U02027,ORD_U02027_003,2024-10-10,265.65,家居
U02027,ORD_U02027_005,2024-12-01,487.81,数码
U02027,ORD_U02027_004,2024-12-28,249.34,食品
U02027,ORD_U02027_006,2025-05-05,155.38,家居
U02028,ORD_U02028_000,2023-09-08,141.16,美妆
U02029,ORD_U02029_000,2023-07-26,169.68,家居
U02029,ORD_U02029_001,2023-07-31,118.28,服饰
U02029,ORD_U02029_002,2023-09-10,68.32,数码
U02029,ORD_U02029_004,2023-10-03,121.82,家居
U02029,ORD_U02029_003,2023-10-14,131.86,数码
U02029,ORD_U02029_005,2024-04-08,147.32,数码
U02029,ORD_U02029_006,2024-05-14,134.91,家居
U02030,ORD_U02030_000,2023-06-15,305.31,美妆
U02030,ORD_U02030_001,2023-07-04,131.44,服饰
U02030,ORD_U02030_002,2023-07-23,165.81,数码
U02030,ORD_U02030_004,2023-08-18,127.06,数码
U02030,ORD_U02030_003,2023-09-28,195.43,服饰
U02030,ORD_U02030_007,2023-10-02,245.92,美妆
U02030,ORD_U02030_005,2023-11-26,171.17,服饰
U02030,ORD_U02030_010,2024-01-08,196.36,家居
U02030,ORD_U02030_008,2024-01-12,253.27,服饰
U02030,ORD_U02030_006,2024-02-23,344.72,家居
U02030,ORD_U02030_009,2024-03-04,197.84,服饰
U02030,ORD_U02030_011,2024-08-19,158.83,美妆
U02030,ORD_U02030_012,2024-09-08,181.19,数码
U02031,ORD_U02031_000,2024-04-23,419.04,家居
U02031,ORD_U02031_003,2024-04-28,492.42,美妆
U02031,ORD_U02031_001,2024-05-20,224.2,服饰
U02031,ORD_U02031_002,2024-06-02,422.61,家居
U02031,ORD_U02031_004,2024-08-13,134.83,服饰
U02031,ORD_U02031_005,2024-08-16,224.27,食品
U02031,ORD_U02031_006,2024-08-17,339.57,家居
U02031,ORD_U02031_008,2024-08-30,337.9,数码
U02031,ORD_U02031_007,2024-08-31,263.06,数码
U02031,ORD_U02031_009,2024-11-07,330.18,美妆
U02032,ORD_U02032_001,2025-01-27,153.52,美妆
U02032,ORD_U02032_000,2025-01-30,91.76,食品
U02033,ORD_U02033_000,2024-06-27,65.96,服饰
U02033,ORD_U02033_001,2024-09-27,62.19,服饰
U02033,ORD_U02033_002,2024-10-05,72.49,食品
U02033,ORD_U02033_003,2025-04-05,75.74,美妆
U02034,ORD_U02034_000,2024-10-10,420.74,家居
U02034,ORD_U02034_001,2025-01-09,445.89,美妆
U02034,ORD_U02034_002,2025-03-02,579.84,美妆
U02034,ORD_U02034_003,2025-03-15,402.4,美妆
U02034,ORD_U02034_004,2025-06-01,311.79,数码
U02035,ORD_U02035_000,2023-04-13,83.56,服饰
U02035,ORD_U02035_001,2023-06-02,105.1,美妆
U02035,ORD_U02035_005,2023-07-27,250.87,食品
U02035,ORD_U02035_002,2023-08-17,215.08,家居
U02035,ORD_U02035_004,2023-09-07,220.46,数码
U02035,ORD_U02035_003,2023-09-15,283.6,数码
U02035,ORD_U02035_007,2024-01-16,211.84,美妆
U02035,ORD_U02035_006,2024-03-28,203.69,服饰
U02036,ORD_U02036_000,2023-11-16,68.35,家居
U02036,ORD_U02036_001,2023-12-02,46.37,美妆
U02037,ORD_U02037_000,2024-09-22,375.84,美妆
U02037,ORD_U02037_001,2024-10-02,941.78,服饰
U02037,ORD_U02037_002,2024-10-23,1026.54,美妆
U02037,ORD_U02037_003,2024-12-04,1036.0,食品
U02037,ORD_U02037_008,2024-12-11,441.48,数码
U02037,ORD_U02037_005,2024-12-28,512.11,美妆
U02037,ORD_U02037_012,2025-01-06,655.1,服饰
U02037,ORD_U02037_004,2025-01-22,1037.42,食品
U02037,ORD_U02037_010,2025-01-28,546.92,数码
U02037,ORD_U02037_015,2025-01-28,1160.16,服饰
U02037,ORD_U02037_006,2025-03-11,878.32,服饰
U02037,ORD_U02037_013,2025-03-30,924.96,食品
U02037,ORD_U02037_016,2025-04-05,1111.95,家居
U02037,ORD_U02037_007,2025-04-07,1084.93,美妆
U02037,ORD_U02037_021,2025-04-15,1124.5,食品
U02037,ORD_U02037_009,2025-04-26,480.62,数码
U02037,ORD_U02037_014,2025-05-06,585.98,家居
U02037,ORD_U02037_018,2025-06-07,1072.29,数码
U02037,ORD_U02037_011,2025-06-27,472.23,服饰
U02037,ORD_U02037_019,2025-06-30,924.59,家居
U02037,ORD_U02037_017,2026-01-23,1017.47,数码
U02037,ORD_U02037_020,2026-05-19,1142.81,美妆
U02038,ORD_U02038_000,2024-01-22,42.59,数码
U02038,ORD_U02038_001,2024-02-28,17.33,服饰
U02039,ORD_U02039_000,2023-11-08,362.81,数码
U02039,ORD_U02039_001,2023-11-17,373.74,家居
U02039,ORD_U02039_002,2023-12-29,164.99,家居
U02039,ORD_U02039_003,2024-03-16,520.67,家居
U02039,ORD_U02039_004,2024-04-28,151.24,食品
U02040,ORD_U02040_000,2023-05-30,43.1,美妆
U02040,ORD_U02040_001,2023-07-27,41.51,家居
U02040,ORD_U02040_002,2023-10-02,46.82,数码
U02041,ORD_U02041_000,2024-04-15,133.91,服饰
U02041,ORD_U02041_001,2024-06-06,56.01,服饰
U02042,ORD_U02042_000,2024-08-22,23.68,数码
U02043,ORD_U02043_000,2023-09-11,62.56,食品
U02044,ORD_U02044_000,2024-05-23,98.45,美妆
U02044,ORD_U02044_001,2024-07-09,121.47,食品
U02044,ORD_U02044_002,2024-07-30,92.4,服饰
U02044,ORD_U02044_003,2024-09-23,148.72,服饰
U02045,ORD_U02045_000,2023-07-10,538.0,家居
U02045,ORD_U02045_002,2023-08-30,151.32,服饰
U02045,ORD_U02045_001,2023-10-09,437.23,服饰
U02046,ORD_U02046_000,2023-04-16,83.95,服饰
U02046,ORD_U02046_001,2023-07-11,157.28,食品
U02046,ORD_U02046_003,2023-08-19,123.21,食品
U02046,ORD_U02046_002,2023-09-06,92.23,数码
U02047,ORD_U02047_000,2023-06-16,102.78,美妆
U02048,ORD_U02048_000,2023-06-22,151.72,数码
U02048,ORD_U02048_002,2023-07-09,499.5,数码
U02048,ORD_U02048_001,2023-08-17,270.2,数码
U02048,ORD_U02048_004,2023-09-24,207.2,家居
U02048,ORD_U02048_003,2023-11-16,300.42,数码
U02048,ORD_U02048_006,2023-12-29,297.47,数码
U02048,ORD_U02048_005,2024-01-13,338.02,食品
U02048,ORD_U02048_007,2024-05-16,285.91,美妆
U02049,ORD_U02049_000,2024-05-12,128.78,服饰
U02049,ORD_U02049_001,2024-06-18,112.05,家居
U02050,ORD_U02050_000,2024-02-22,126.56,数码
U02050,ORD_U02050_001,2024-04-27,73.12,美妆
U02050,ORD_U02050_002,2024-06-08,68.58,美妆
U02051,ORD_U02051_000,2023-09-01,178.11,食品
U02051,ORD_U02051_001,2023-09-20,82.49,食品
U02051,ORD_U02051_002,2024-01-08,186.59,服饰
U02051,ORD_U02051_003,2024-02-03,62.86,家居
U02052,ORD_U02052_000,2023-09-23,83.96,食品
U02052,ORD_U02052_001,2023-11-15,124.35,美妆
U02052,ORD_U02052_002,2024-02-13,44.54,家居
U02052,ORD_U02052_003,2024-04-17,49.03,食品
U02053,ORD_U02053_001,2023-06-11,173.66,食品
U02053,ORD_U02053_000,2023-06-20,47.86,数码
U02053,ORD_U02053_002,2023-07-25,182.06,食品
U02054,ORD_U02054_000,2023-02-27,61.66,家居
U02054,ORD_U02054_001,2023-04-02,142.2,美妆
U02054,ORD_U02054_003,2023-07-09,136.22,食品
U02054,ORD_U02054_002,2023-08-22,158.19,家居
U02055,ORD_U02055_000,2025-01-11,130.94,服饰
U02055,ORD_U02055_001,2025-02-15,188.74,数码
U02055,ORD_U02055_002,2025-04-10,186.66,食品
U02056,ORD_U02056_000,2023-02-20,176.42,数码
U02056,ORD_U02056_001,2023-04-12,74.35,服饰
U02056,ORD_U02056_002,2023-08-01,90.51,美妆
U02057,ORD_U02057_000,2024-03-06,55.05,数码
U02057,ORD_U02057_001,2024-05-20,43.04,家居
U02057,ORD_U02057_002,2024-08-14,52.43,数码
U02058,ORD_U02058_000,2023-07-05,140.01,美妆
U02058,ORD_U02058_002,2023-08-26,207.89,数码
U02058,ORD_U02058_001,2023-08-29,80.86,美妆
U02058,ORD_U02058_003,2023-10-16,116.18,服饰
U02058,ORD_U02058_004,2023-10-25,71.75,食品
U02058,ORD_U02058_005,2023-12-07,60.58,食品
U02058,ORD_U02058_006,2023-12-21,106.9,食品
U02058,ORD_U02058_007,2024-06-30,157.39,数码
U02059,ORD_U02059_000,2023-04-17,525.13,服饰
U02059,ORD_U02059_002,2023-04-26,595.05,服饰
U02059,ORD_U02059_001,2023-05-27,402.31,数码
U02059,ORD_U02059_003,2023-07-14,307.56,食品
U02059,ORD_U02059_006,2023-09-05,516.9,食品
U02059,ORD_U02059_004,2023-09-28,680.96,服饰
U02059,ORD_U02059_011,2023-10-08,461.54,数码
U02059,ORD_U02059_005,2023-10-18,387.84,服饰
U02059,ORD_U02059_008,2023-10-28,276.84,食品
U02059,ORD_U02059_007,2023-11-07,512.56,服饰
U02059,ORD_U02059_012,2023-12-08,341.03,数码
U02059,ORD_U02059_010,2024-01-03,565.89,美妆
U02059,ORD_U02059_009,2024-02-27,635.93,数码
U02059,ORD_U02059_013,2024-07-08,627.88,数码
U02060,ORD_U02060_000,2023-05-14,274.83,美妆
U02060,ORD_U02060_001,2023-05-29,245.48,服饰
U02060,ORD_U02060_002,2023-06-21,164.36,服饰
U02061,ORD_U02061_000,2024-03-04,194.76,食品
U02061,ORD_U02061_001,2024-03-24,207.44,家居
U02061,ORD_U02061_002,2024-09-01,169.43,家居
U02062,ORD_U02062_001,2023-04-16,142.34,食品
U02062,ORD_U02062_000,2023-04-27,217.8,美妆
U02062,ORD_U02062_003,2023-06-26,217.72,数码
U02062,ORD_U02062_002,2023-07-22,217.3,数码
U02063,ORD_U02063_000,2024-07-29,40.02,数码
U02064,ORD_U02064_000,2023-09-03,183.03,家居
U02065,ORD_U02065_000,2023-02-27,150.6,美妆
U02065,ORD_U02065_001,2023-04-28,182.17,服饰
U02065,ORD_U02065_004,2023-07-02,176.39,家居
U02065,ORD_U02065_002,2023-07-13,142.52,家居
U02065,ORD_U02065_003,2023-08-09,198.96,家居
U02065,ORD_U02065_005,2023-09-05,188.89,美妆
U02065,ORD_U02065_008,2023-10-17,269.2,食品
U02065,ORD_U02065_007,2023-11-05,390.62,服饰
U02065,ORD_U02065_006,2024-02-02,322.08,食品
U02065,ORD_U02065_009,2024-05-24,152.27,家居
U02066,ORD_U02066_000,2024-06-10,447.56,家居
U02066,ORD_U02066_001,2024-08-02,459.85,家居
U02066,ORD_U02066_002,2024-09-22,357.1,食品
U02067,ORD_U02067_000,2023-02-15,59.54,美妆
U02067,ORD_U02067_001,2023-06-24,181.94,服饰
U02067,ORD_U02067_002,2023-10-24,89.82,食品
U02068,ORD_U02068_000,2024-04-24,475.41,数码
U02068,ORD_U02068_001,2024-06-26,146.16,食品
U02068,ORD_U02068_003,2024-07-19,533.42,家居
U02068,ORD_U02068_002,2024-08-20,312.22,美妆
U02068,ORD_U02068_006,2024-09-14,404.09,数码
U02068,ORD_U02068_004,2024-09-22,359.82,美妆
U02068,ORD_U02068_005,2024-10-09,474.76,美妆
U02068,ORD_U02068_008,2024-11-20,333.09,数码
U02068,ORD_U02068_007,2025-02-10,483.95,数码
U02069,ORD_U02069_000,2023-02-03,1056.72,数码
U02069,ORD_U02069_002,2023-04-05,509.86,美妆
U02069,ORD_U02069_001,2023-04-07,919.5,数码
U02069,ORD_U02069_003,2023-06-05,607.47,服饰
U02069,ORD_U02069_006,2023-06-06,980.34,服饰
U02069,ORD_U02069_004,2023-06-13,537.36,数码
U02069,ORD_U02069_005,2023-08-27,674.25,食品
U02069,ORD_U02069_007,2023-09-07,863.12,美妆
U02069,ORD_U02069_008,2023-10-22,766.31,数码
U02070,ORD_U02070_000,2024-02-11,174.85,家居
U02071,ORD_U02071_000,2024-04-11,166.72,服饰
U02071,ORD_U02071_002,2024-05-19,179.76,数码
U02071,ORD_U02071_001,2024-05-28,247.5,服饰
U02072,ORD_U02072_000,2023-02-15,92.06,美妆
U02072,ORD_U02072_001,2023-05-10,96.43,美妆
U02073,ORD_U02073_000,2023-05-02,50.44,食品
U02073,ORD_U02073_001,2023-05-30,42.14,家居
U02073,ORD_U02073_004,2023-08-01,122.91,数码
U02073,ORD_U02073_003,2023-08-14,119.75,食品
U02073,ORD_U02073_002,2023-08-18,74.84,服饰
U02073,ORD_U02073_006,2023-10-17,101.93,家居
U02073,ORD_U02073_005,2023-11-03,111.98,食品
U02073,ORD_U02073_007,2024-01-19,94.68,服饰
U02074,ORD_U02074_000,2025-01-24,121.69,美妆
U02074,ORD_U02074_001,2025-03-02,158.15,美妆
U02075,ORD_U02075_000,2025-02-07,509.24,食品
U02075,ORD_U02075_002,2025-02-22,269.92,数码
U02075,ORD_U02075_001,2025-03-26,189.91,食品
U02075,ORD_U02075_003,2025-04-22,426.42,家居
U02075,ORD_U02075_004,2025-04-24,421.61,食品
U02076,ORD_U02076_000,2024-10-20,242.96,数码
U02076,ORD_U02076_002,2024-11-01,388.86,数码
U02076,ORD_U02076_001,2024-12-23,258.98,服饰
U02076,ORD_U02076_003,2025-02-13,341.95,食品
U02076,ORD_U02076_005,2025-03-07,353.15,家居
U02076,ORD_U02076_004,2025-03-16,116.72,数码
U02076,ORD_U02076_007,2025-03-18,137.24,家居
U02076,ORD_U02076_006,2025-08-02,266.87,数码
U02077,ORD_U02077_000,2024-09-03,89.45,家居
U02077,ORD_U02077_001,2024-11-24,96.58,家居
U02077,ORD_U02077_002,2024-12-28,93.7,家居
U02077,ORD_U02077_003,2025-03-18,70.62,数码
U02078,ORD_U02078_000,2023-02-16,30.48,美妆
U02079,ORD_U02079_000,2023-11-05,62.96,美妆
U02080,ORD_U02080_000,2024-01-28,177.79,数码
U02080,ORD_U02080_002,2024-04-16,359.52,服饰
U02080,ORD_U02080_001,2024-04-25,282.61,服饰
U02080,ORD_U02080_004,2024-06-07,390.23,食品
U02080,ORD_U02080_003,2024-07-20,419.43,家居
U02080,ORD_U02080_005,2024-08-04,156.06,美妆
U02080,ORD_U02080_008,2024-10-05,371.35,数码
U02080,ORD_U02080_007,2024-10-16,135.45,服饰
U02080,ORD_U02080_006,2024-11-02,236.14,家居
U02081,ORD_U02081_000,2024-07-20,553.12,家居
U02081,ORD_U02081_001,2024-08-13,692.11,服饰
U02081,ORD_U02081_002,2024-09-11,377.68,服饰
U02081,ORD_U02081_003,2024-09-13,945.86,服饰
U02081,ORD_U02081_006,2024-09-13,422.28,食品
U02081,ORD_U02081_004,2024-09-28,253.23,服饰
U02081,ORD_U02081_005,2024-10-09,479.54,数码
U02081,ORD_U02081_011,2024-10-11,688.45,美妆
U02081,ORD_U02081_012,2024-10-15,658.06,美妆
U02081,ORD_U02081_008,2024-11-30,703.95,食品
U02081,ORD_U02081_007,2024-12-19,501.72,美妆
U02081,ORD_U02081_017,2024-12-25,710.15,服饰
U02081,ORD_U02081_010,2025-01-11,914.11,家居
U02081,ORD_U02081_019,2025-01-28,860.62,服饰
U02081,ORD_U02081_009,2025-02-26,637.6,数码
U02081,ORD_U02081_023,2025-03-11,399.12,美妆
U02081,ORD_U02081_015,2025-03-19,604.38,服饰
U02081,ORD_U02081_013,2025-04-28,466.67,美妆
U02081,ORD_U02081_018,2025-05-01,330.58,食品
U02081,ORD_U02081_014,2025-05-11,525.13,数码
U02081,ORD_U02081_034,2025-05-19,446.82,食品
U02081,ORD_U02081_020,2025-07-19,248.41,美妆
U02081,ORD_U02081_036,2025-08-16,972.93,食品
U02081,ORD_U02081_022,2025-08-20,293.54,美妆
U02081,ORD_U02081_040,2025-10-01,437.61,食品
U02081,ORD_U02081_016,2025-10-09,640.49,服饰
U02081,ORD_U02081_024,2026-01-10,452.15,食品
U02081,ORD_U02081_032,2026-01-28,576.06,食品
U02081,ORD_U02081_028,2026-03-26,620.04,家居
U02081,ORD_U02081_021,2026-04-06,447.46,服饰
U02081,ORD_U02081_033,2026-04-13,880.18,家居
U02081,ORD_U02081_025,2026-04-24,458.67,服饰
U02081,ORD_U02081_027,2026-04-30,504.9,服饰
U02081,ORD_U02081_029,2026-06-02,933.93,食品
U02081,ORD_U02081_037,2026-06-04,357.91,食品
U02081,ORD_U02081_026,2026-09-02,380.56,家居
U02081,ORD_U02081_031,2026-09-04,526.87,食品
U02081,ORD_U02081_035,2026-11-19,387.79,美妆
U02081,ORD_U02081_030,2027-01-17,529.1,数码
U02081,ORD_U02081_038,2027-02-07,867.52,家居
U02081,ORD_U02081_039,2027-08-09,398.12,食品
U02082,ORD_U02082_000,2024-09-30,61.51,数码
U02082,ORD_U02082_001,2024-11-17,64.64,数码
U02083,ORD_U02083_000,2024-10-27,240.53,食品
U02083,ORD_U02083_001,2024-11-20,298.98,数码
U02083,ORD_U02083_002,2024-12-27,115.81,美妆
U02083,ORD_U02083_003,2025-01-24,322.39,食品
U02083,ORD_U02083_004,2025-02-18,249.4,服饰
U02083,ORD_U02083_007,2025-02-23,157.97,食品
U02083,ORD_U02083_006,2025-04-12,237.74,家居
U02083,ORD_U02083_005,2025-05-08,364.46,数码
U02083,ORD_U02083_012,2025-05-09,144.85,数码
U02083,ORD_U02083_008,2025-07-01,285.35,家居
U02083,ORD_U02083_010,2025-08-12,277.3,美妆
U02083,ORD_U02083_013,2025-10-03,113.45,服饰
U02083,ORD_U02083_009,2025-10-17,107.49,食品
U02083,ORD_U02083_011,2025-12-23,170.46,家居
U02084,ORD_U02084_000,2024-12-29,302.11,美妆
U02084,ORD_U02084_001,2025-01-10,96.45,家居
U02084,ORD_U02084_002,2025-03-22,105.72,美妆
U02085,ORD_U02085_000,2023-11-13,87.19,家居
U02085,ORD_U02085_001,2023-12-08,165.6,美妆
U02085,ORD_U02085_002,2024-05-01,67.16,食品
U02086,ORD_U02086_000,2023-05-18,404.83,美妆
U02086,ORD_U02086_001,2023-06-08,676.28,服饰
U02086,ORD_U02086_002,2023-06-30,337.74,数码
U02086,ORD_U02086_003,2023-07-14,266.03,美妆
U02086,ORD_U02086_004,2023-07-24,544.07,家居
U02086,ORD_U02086_005,2023-11-13,315.9,数码
U02086,ORD_U02086_007,2023-11-19,381.79,数码
U02086,ORD_U02086_008,2023-12-16,696.33,美妆
U02086,ORD_U02086_006,2023-12-24,591.35,数码
U02086,ORD_U02086_009,2024-02-09,508.3,数码
U02086,ORD_U02086_016,2024-02-15,436.49,家居
U02086,ORD_U02086_013,2024-02-16,654.3,服饰
U02086,ORD_U02086_014,2024-05-08,354.54,数码
U02086,ORD_U02086_010,2024-06-28,361.08,食品
U02086,ORD_U02086_011,2024-07-19,504.05,美妆
U02086,ORD_U02086_015,2024-09-20,332.0,美妆
U02086,ORD_U02086_012,2024-10-30,360.66,美妆
U02087,ORD_U02087_000,2024-11-02,439.54,美妆
U02087,ORD_U02087_001,2024-11-15,501.51,家居
U02087,ORD_U02087_005,2025-01-10,872.09,家居
U02087,ORD_U02087_004,2025-01-23,642.79,服饰
U02087,ORD_U02087_002,2025-02-01,707.52,家居
U02087,ORD_U02087_003,2025-02-24,973.77,食品
U02087,ORD_U02087_007,2025-04-26,552.35,服饰
U02087,ORD_U02087_013,2025-05-22,494.62,食品
U02087,ORD_U02087_009,2025-05-25,1012.03,服饰
U02087,ORD_U02087_010,2025-06-09,1124.99,数码
U02087,ORD_U02087_008,2025-06-12,652.62,数码
U02087,ORD_U02087_006,2025-08-07,362.8,数码
U02087,ORD_U02087_012,2025-09-03,1075.75,服饰
U02087,ORD_U02087_015,2025-10-04,763.77,服饰
U02087,ORD_U02087_011,2025-12-16,421.37,数码
U02087,ORD_U02087_014,2026-07-14,724.39,数码
U02088,ORD_U02088_000,2024-09-16,215.81,食品
U02088,ORD_U02088_001,2024-10-06,211.32,数码
U02088,ORD_U02088_002,2024-11-15,230.52,家居
U02088,ORD_U02088_003,2024-12-03,297.12,家居
U02088,ORD_U02088_004,2025-03-02,318.39,服饰
U02088,ORD_U02088_005,2025-03-10,123.13,服饰
U02088,ORD_U02088_008,2025-03-17,264.15,食品
U02088,ORD_U02088_006,2025-04-16,201.57,数码
U02088,ORD_U02088_007,2025-05-24,121.59,美妆
U02088,ORD_U02088_009,2025-05-31,251.68,服饰
U02088,ORD_U02088_010,2025-06-20,296.1,服饰
U02088,ORD_U02088_012,2025-09-03,331.19,家居
U02088,ORD_U02088_011,2025-09-04,341.13,美妆
U02088,ORD_U02088_013,2025-09-15,194.08,数码
U02088,ORD_U02088_014,2025-10-04,106.42,数码
U02088,ORD_U02088_017,2025-11-07,245.13,美妆
U02088,ORD_U02088_018,2026-06-01,249.81,美妆
U02088,ORD_U02088_015,2026-07-14,171.88,食品
U02088,ORD_U02088_016,2026-08-24,127.71,美妆
U02089,ORD_U02089_000,2024-05-02,117.43,美妆
U02089,ORD_U02089_001,2024-05-30,67.93,数码
U02089,ORD_U02089_002,2024-08-10,40.59,服饰
U02089,ORD_U02089_003,2024-10-24,132.1,食品
U02090,ORD_U02090_000,2024-03-29,146.8,服饰
U02090,ORD_U02090_001,2024-06-03,303.38,食品
U02090,ORD_U02090_002,2024-06-10,362.64,服饰
U02090,ORD_U02090_003,2024-06-20,208.22,数码
U02091,ORD_U02091_000,2024-10-14,46.74,家居
U02091,ORD_U02091_001,2025-01-17,83.79,食品
U02091,ORD_U02091_002,2025-01-26,54.29,食品
U02092,ORD_U02092_000,2024-05-01,328.19,数码
U02092,ORD_U02092_001,2024-05-29,131.54,食品
U02092,ORD_U02092_002,2024-06-06,336.56,美妆
U02092,ORD_U02092_003,2024-08-22,409.95,食品
U02092,ORD_U02092_005,2024-10-10,328.76,服饰
U02092,ORD_U02092_004,2024-10-25,147.92,美妆
U02093,ORD_U02093_000,2023-05-30,107.76,家居
U02093,ORD_U02093_001,2023-07-13,142.38,数码
U02094,ORD_U02094_000,2024-11-21,358.72,家居
U02094,ORD_U02094_001,2024-12-22,214.47,服饰
U02094,ORD_U02094_003,2025-01-28,474.52,美妆
U02094,ORD_U02094_002,2025-01-29,323.48,食品
U02094,ORD_U02094_004,2025-05-27,182.82,数码
U02094,ORD_U02094_005,2025-07-24,337.31,服饰
U02095,ORD_U02095_000,2024-07-09,305.73,食品
U02095,ORD_U02095_001,2024-07-30,146.89,食品
U02095,ORD_U02095_002,2024-09-27,278.41,数码
U02095,ORD_U02095_003,2024-10-03,262.86,数码
U02095,ORD_U02095_005,2024-10-22,418.92,数码
U02095,ORD_U02095_008,2025-01-07,345.57,家居
U02095,ORD_U02095_006,2025-02-03,290.91,家居
U02095,ORD_U02095_004,2025-03-02,233.91,数码
U02095,ORD_U02095_007,2025-06-02,314.39,食品
U02095,ORD_U02095_009,2025-08-07,138.27,家居
U02096,ORD_U02096_000,2025-01-28,52.83,食品
U02096,ORD_U02096_001,2025-03-02,133.85,服饰
U02097,ORD_U02097_002,2023-04-27,54.92,家居
U02097,ORD_U02097_000,2023-05-04,130.21,家居
U02097,ORD_U02097_001,2023-05-26,115.08,家居
U02097,ORD_U02097_003,2023-08-10,61.64,食品
U02098,ORD_U02098_000,2024-12-02,18.82,服饰
U02098,ORD_U02098_002,2025-02-24,53.57,食品
U02098,ORD_U02098_001,2025-04-23,58.53,数码
U02098,ORD_U02098_003,2025-07-25,44.56,食品
U02099,ORD_U02099_000,2023-12-31,143.09,家居
U02099,ORD_U02099_001,2024-02-05,164.22,家居
U02099,ORD_U02099_002,2024-04-11,52.53,食品
U02100,ORD_U02100_000,2023-12-16,61.0,食品
U02100,ORD_U02100_001,2024-03-26,236.12,数码
U02100,ORD_U02100_003,2024-03-30,240.94,美妆
U02100,ORD_U02100_002,2024-04-05,237.81,家居
U02100,ORD_U02100_006,2024-07-27,180.13,美妆
U02100,ORD_U02100_004,2024-08-29,213.36,家居
U02100,ORD_U02100_005,2024-08-31,184.34,食品
U02100,ORD_U02100_007,2024-12-11,198.25,食品
U02100,ORD_U02100_008,2025-01-05,68.98,家居
U02101,ORD_U02101_000,2024-04-20,197.7,美妆
U02101,ORD_U02101_001,2024-06-10,99.97,家居
U02101,ORD_U02101_002,2024-07-01,132.2,美妆
U02102,ORD_U02102_000,2024-07-09,155.98,家居
U02102,ORD_U02102_001,2024-07-11,72.23,美妆
U02102,ORD_U02102_002,2024-09-16,59.26,数码
U02103,ORD_U02103_000,2024-09-02,34.51,服饰
U02103,ORD_U02103_001,2024-10-28,66.91,数码
U02103,ORD_U02103_002,2024-11-23,57.37,数码
U02104,ORD_U02104_000,2023-07-25,72.84,数码
U02104,ORD_U02104_001,2023-08-25,122.49,食品
U02104,ORD_U02104_002,2023-10-05,177.79,数码
U02105,ORD_U02105_000,2025-01-26,155.58,食品
U02106,ORD_U02106_000,2024-06-30,469.25,美妆
U02106,ORD_U02106_001,2024-08-14,357.76,美妆
U02106,ORD_U02106_002,2024-10-08,271.02,食品
U02107,ORD_U02107_001,2023-11-27,76.67,食品
U02107,ORD_U02107_000,2023-11-29,154.67,家居
U02108,ORD_U02108_000,2023-06-16,336.65,服饰
U02108,ORD_U02108_001,2023-07-24,483.79,美妆
U02108,ORD_U02108_003,2023-09-13,420.0,家居
U02108,ORD_U02108_002,2023-10-10,390.54,家居
U02108,ORD_U02108_004,2023-11-16,522.91,家居
U02108,ORD_U02108_005,2024-01-16,166.62,数码
U02108,ORD_U02108_007,2024-01-22,391.86,家居
U02108,ORD_U02108_009,2024-03-15,396.27,服饰
U02108,ORD_U02108_006,2024-05-31,502.86,服饰
U02108,ORD_U02108_008,2024-09-24,141.8,食品
U02109,ORD_U02109_000,2024-01-12,238.46,家居
U02109,ORD_U02109_001,2024-02-05,261.62,家居
U02109,ORD_U02109_002,2024-03-05,432.41,家居
U02109,ORD_U02109_003,2024-03-15,213.3,数码
U02109,ORD_U02109_004,2024-06-01,273.09,数码
U02110,ORD_U02110_000,2023-04-08,16.95,家居
U02110,ORD_U02110_001,2023-05-28,62.14,数码
U02111,ORD_U02111_000,2024-07-11,117.56,美妆
U02111,ORD_U02111_001,2024-10-07,63.83,数码
U02111,ORD_U02111_002,2024-12-29,108.77,食品
U02111,ORD_U02111_003,2025-03-16,95.47,服饰
U02112,ORD_U02112_000,2023-05-12,221.29,服饰
U02113,ORD_U02113_000,2023-05-29,69.45,家居
U02113,ORD_U02113_001,2023-06-15,88.97,数码
U02113,ORD_U02113_002,2023-10-06,88.57,数码
U02114,ORD_U02114_000,2024-06-26,52.72,食品
U02115,ORD_U02115_000,2024-07-30,55.21,数码
U02115,ORD_U02115_001,2024-09-20,56.35,数码
U02115,ORD_U02115_002,2024-10-05,39.62,家居
U02116,ORD_U02116_000,2024-08-09,180.44,食品
U02117,ORD_U02117_000,2023-08-26,110.01,美妆
U02117,ORD_U02117_001,2023-11-30,102.25,服饰
U02117,ORD_U02117_002,2024-01-12,45.68,数码
U02117,ORD_U02117_003,2024-03-30,84.28,服饰
U02118,ORD_U02118_000,2025-01-14,167.75,美妆
U02118,ORD_U02118_001,2025-02-06,138.48,数码
U02118,ORD_U02118_003,2025-04-19,73.84,食品
U02118,ORD_U02118_002,2025-04-29,73.03,家居
U02118,ORD_U02118_004,2025-08-27,112.37,数码
U02119,ORD_U02119_000,2024-08-25,142.27,食品
U02119,ORD_U02119_001,2024-10-04,206.75,家居
U02119,ORD_U02119_003,2024-11-25,171.68,美妆
U02119,ORD_U02119_002,2024-11-28,225.21,家居
U02119,ORD_U02119_004,2024-12-30,271.87,美妆
U02119,ORD_U02119_005,2025-04-06,270.56,数码
U02119,ORD_U02119_007,2025-05-13,116.67,美妆
U02119,ORD_U02119_006,2025-06-23,226.24,家居
U02119,ORD_U02119_008,2025-12-03,86.57,数码
U02119,ORD_U02119_009,2026-01-07,91.18,食品
U02120,ORD_U02120_000,2024-07-01,55.28,数码
U02121,ORD_U02121_000,2024-11-30,43.78,家居
U02121,ORD_U02121_001,2025-02-14,74.35,美妆
U02121,ORD_U02121_002,2025-04-06,67.7,食品
U02121,ORD_U02121_003,2025-04-22,32.8,食品
U02122,ORD_U02122_000,2023-03-05,118.17,食品
U02122,ORD_U02122_001,2023-03-30,181.63,食品
U02122,ORD_U02122_002,2023-04-13,244.6,美妆
U02122,ORD_U02122_003,2023-05-20,202.19,美妆
U02122,ORD_U02122_004,2023-07-22,230.76,美妆
U02122,ORD_U02122_007,2023-08-03,247.97,食品
U02122,ORD_U02122_006,2023-09-27,107.09,美妆
U02122,ORD_U02122_008,2023-10-25,140.95,食品
U02122,ORD_U02122_005,2023-12-07,233.43,家居
U02122,ORD_U02122_009,2024-07-10,84.63,数码
U02123,ORD_U02123_000,2024-12-28,175.41,家居
U02123,ORD_U02123_001,2025-02-19,127.18,服饰
U02123,ORD_U02123_002,2025-04-17,147.4,家居
U02123,ORD_U02123_003,2025-05-29,250.21,家居
U02123,ORD_U02123_005,2025-07-04,267.46,美妆
U02123,ORD_U02123_004,2025-07-24,311.4,食品
U02123,ORD_U02123_006,2025-08-17,174.15,美妆
U02123,ORD_U02123_007,2026-01-29,352.73,服饰
U02123,ORD_U02123_008,2026-03-25,165.53,服饰
U02124,ORD_U02124_000,2023-11-09,184.8,食品
U02124,ORD_U02124_002,2024-01-02,53.72,数码
U02124,ORD_U02124_001,2024-01-12,137.41,家居
U02125,ORD_U02125_000,2024-11-18,194.03,家居
U02125,ORD_U02125_001,2024-12-13,490.82,食品
U02125,ORD_U02125_002,2025-01-01,253.37,美妆
U02125,ORD_U02125_003,2025-01-30,146.1,食品
U02125,ORD_U02125_004,2025-01-31,177.67,美妆
U02125,ORD_U02125_006,2025-03-31,453.26,美妆
U02125,ORD_U02125_007,2025-04-09,531.1,服饰
U02125,ORD_U02125_010,2025-04-21,188.67,服饰
U02125,ORD_U02125_008,2025-05-21,496.86,服饰
U02125,ORD_U02125_011,2025-05-26,220.31,服饰
U02125,ORD_U02125_005,2025-06-26,424.36,数码
U02125,ORD_U02125_013,2025-09-10,187.97,家居
U02125,ORD_U02125_014,2025-10-10,404.11,数码
U02125,ORD_U02125_012,2025-10-20,165.14,食品
U02125,ORD_U02125_009,2025-12-16,450.19,食品
U02125,ORD_U02125_015,2026-09-30,250.71,美妆
U02126,ORD_U02126_000,2024-09-14,53.74,家居
U02126,ORD_U02126_001,2024-11-01,30.89,家居
U02127,ORD_U02127_000,2024-01-15,69.85,美妆
U02128,ORD_U02128_000,2023-03-24,52.68,数码
U02128,ORD_U02128_001,2023-05-09,50.2,食品
U02128,ORD_U02128_002,2023-07-05,88.39,美妆
U02128,ORD_U02128_003,2023-07-14,147.46,食品
U02129,ORD_U02129_000,2024-02-19,132.8,服饰
U02130,ORD_U02130_000,2024-06-10,64.62,服饰
U02130,ORD_U02130_001,2024-09-14,171.26,美妆
U02130,ORD_U02130_002,2024-12-02,121.49,数码
U02131,ORD_U02131_000,2024-03-27,106.52,家居
U02132,ORD_U02132_000,2023-10-18,215.63,食品
U02132,ORD_U02132_001,2023-11-07,144.44,美妆
U02132,ORD_U02132_002,2024-01-31,215.31,数码
U02132,ORD_U02132_005,2024-02-07,179.22,数码
U02132,ORD_U02132_003,2024-03-09,82.54,美妆
U02132,ORD_U02132_004,2024-03-11,167.66,美妆
U02132,ORD_U02132_007,2024-06-19,140.92,美妆
U02132,ORD_U02132_008,2024-07-12,141.96,服饰
U02132,ORD_U02132_006,2024-08-23,96.87,食品
U02132,ORD_U02132_009,2024-10-17,81.54,家居
U02133,ORD_U02133_000,2024-08-16,429.21,数码
U02133,ORD_U02133_001,2024-10-05,438.75,数码
U02133,ORD_U02133_003,2024-11-11,422.76,服饰
U02133,ORD_U02133_002,2024-12-11,222.67,数码
U02133,ORD_U02133_004,2025-01-03,298.37,数码
U02133,ORD_U02133_007,2025-02-04,412.62,美妆
U02133,ORD_U02133_005,2025-03-08,299.59,服饰
U02133,ORD_U02133_006,2025-07-23,125.97,数码
U02133,ORD_U02133_009,2025-12-30,217.22,美妆
U02133,ORD_U02133_008,2026-01-21,286.48,服饰
U02134,ORD_U02134_000,2024-08-03,92.87,食品
U02134,ORD_U02134_001,2024-11-30,213.59,数码
U02134,ORD_U02134_002,2025-01-09,196.13,食品
U02134,ORD_U02134_003,2025-06-06,127.55,数码
U02135,ORD_U02135_000,2023-06-09,153.69,家居
U02135,ORD_U02135_001,2023-07-13,137.12,美妆
U02135,ORD_U02135_003,2023-08-05,190.98,美妆
U02135,ORD_U02135_002,2023-08-07,138.32,服饰
U02135,ORD_U02135_005,2023-11-10,80.9,数码
U02135,ORD_U02135_004,2023-12-30,78.36,美妆
U02136,ORD_U02136_000,2024-06-23,60.89,服饰
U02136,ORD_U02136_001,2024-07-20,147.58,数码
U02136,ORD_U02136_002,2024-08-24,115.81,食品
U02136,ORD_U02136_005,2024-10-11,130.41,美妆
U02136,ORD_U02136_003,2024-10-15,83.11,服饰
U02136,ORD_U02136_004,2024-12-03,57.3,数码
U02136,ORD_U02136_008,2024-12-10,112.89,数码
U02136,ORD_U02136_007,2025-02-17,217.53,食品
U02136,ORD_U02136_006,2025-04-09,99.01,服饰
U02136,ORD_U02136_009,2025-05-25,65.24,美妆
U02137,ORD_U02137_000,2024-11-02,158.22,数码
U02137,ORD_U02137_002,2024-12-21,300.73,服饰
U02137,ORD_U02137_001,2024-12-31,153.15,美妆
U02137,ORD_U02137_004,2025-03-12,393.62,美妆
U02137,ORD_U02137_006,2025-04-30,171.31,美妆
U02137,ORD_U02137_003,2025-05-18,196.86,家居
U02137,ORD_U02137_005,2025-07-14,230.66,美妆
U02137,ORD_U02137_008,2025-07-22,221.6,美妆
U02137,ORD_U02137_007,2025-09-17,268.14,家居
U02138,ORD_U02138_000,2023-07-30,732.41,美妆
U02138,ORD_U02138_001,2023-08-25,618.32,美妆
U02138,ORD_U02138_003,2023-10-11,695.48,食品
U02138,ORD_U02138_002,2023-11-01,488.37,家居
U02138,ORD_U02138_004,2023-11-22,374.35,家居
U02138,ORD_U02138_006,2024-03-10,469.97,服饰
U02138,ORD_U02138_005,2024-03-12,781.69,食品
U02138,ORD_U02138_007,2024-03-18,331.57,美妆
U02139,ORD_U02139_000,2023-10-18,264.45,食品
U02139,ORD_U02139_001,2023-11-19,80.66,食品
U02139,ORD_U02139_002,2023-12-23,89.99,数码
U02139,ORD_U02139_005,2024-01-05,153.65,食品
U02139,ORD_U02139_003,2024-04-06,281.05,食品
U02139,ORD_U02139_004,2024-04-17,216.45,数码
U02139,ORD_U02139_006,2024-05-24,300.42,数码
U02139,ORD_U02139_007,2024-08-24,103.99,服饰
U02140,ORD_U02140_000,2024-04-06,138.7,美妆
U02140,ORD_U02140_002,2024-06-13,289.92,数码
U02140,ORD_U02140_001,2024-06-14,95.62,家居
U02140,ORD_U02140_003,2024-09-30,268.99,服饰
U02140,ORD_U02140_004,2024-12-03,286.27,服饰
U02141,ORD_U02141_000,2024-08-30,66.99,数码
U02141,ORD_U02141_001,2024-10-09,178.48,食品
U02141,ORD_U02141_002,2024-12-16,184.26,美妆
U02141,ORD_U02141_003,2025-05-03,176.62,服饰
U02142,ORD_U02142_000,2023-04-16,75.58,家居
U02142,ORD_U02142_001,2023-07-30,108.49,服饰
U02143,ORD_U02143_000,2023-10-17,201.92,美妆
U02143,ORD_U02143_001,2023-11-10,383.56,食品
U02143,ORD_U02143_003,2023-12-24,419.94,服饰
U02143,ORD_U02143_002,2024-01-07,129.08,美妆
U02143,ORD_U02143_004,2024-04-23,337.25,家居
U02144,ORD_U02144_000,2023-09-28,59.97,美妆
U02144,ORD_U02144_001,2023-10-31,53.23,数码
U02144,ORD_U02144_002,2023-11-14,36.55,食品
U02144,ORD_U02144_003,2024-01-19,92.7,家居
U02145,ORD_U02145_002,2024-02-10,761.38,美妆
U02145,ORD_U02145_000,2024-02-12,752.48,家居
U02145,ORD_U02145_001,2024-03-04,880.95,美妆
U02145,ORD_U02145_003,2024-03-11,850.41,服饰
U02145,ORD_U02145_005,2024-03-19,1013.02,食品
U02145,ORD_U02145_006,2024-06-01,502.63,美妆
U02145,ORD_U02145_004,2024-06-09,688.04,食品
U02145,ORD_U02145_009,2024-06-11,367.15,服饰
U02145,ORD_U02145_013,2024-07-04,832.68,食品
U02145,ORD_U02145_007,2024-07-06,715.93,美妆
U02145,ORD_U02145_022,2024-07-17,747.24,家居
U02145,ORD_U02145_008,2024-08-21,748.46,数码
U02145,ORD_U02145_011,2024-08-27,1048.47,家居
U02145,ORD_U02145_010,2024-08-30,689.91,食品
U02145,ORD_U02145_020,2024-09-05,479.36,服饰
U02145,ORD_U02145_025,2024-10-12,784.81,美妆
U02145,ORD_U02145_017,2024-12-09,1078.55,食品
U02145,ORD_U02145_012,2024-12-14,685.77,数码
U02145,ORD_U02145_014,2024-12-19,666.46,服饰
U02145,ORD_U02145_027,2025-02-18,665.29,服饰
U02145,ORD_U02145_024,2025-02-22,1150.05,数码
U02145,ORD_U02145_018,2025-03-10,435.77,服饰
U02145,ORD_U02145_015,2025-03-23,588.12,服饰
U02145,ORD_U02145_016,2025-04-18,348.35,服饰
U02145,ORD_U02145_019,2025-05-20,1117.75,家居
U02145,ORD_U02145_026,2025-05-22,792.27,美妆
U02145,ORD_U02145_028,2025-08-27,861.8,家居
U02145,ORD_U02145_021,2025-09-04,402.64,数码
U02145,ORD_U02145_023,2025-09-20,403.11,数码
U02145,ORD_U02145_030,2026-01-10,1011.19,美妆
U02145,ORD_U02145_031,2026-01-28,1078.35,家居
U02145,ORD_U02145_029,2026-05-22,743.75,食品
U02146,ORD_U02146_001,2023-07-14,96.03,食品
U02146,ORD_U02146_000,2023-08-11,108.97,服饰
U02147,ORD_U02147_000,2023-05-02,87.35,家居
U02147,ORD_U02147_001,2023-06-30,149.49,服饰
U02147,ORD_U02147_002,2023-07-22,161.56,美妆
U02148,ORD_U02148_000,2024-04-28,464.38,数码
U02148,ORD_U02148_001,2024-05-18,418.39,数码
U02148,ORD_U02148_002,2024-06-28,851.95,服饰
U02148,ORD_U02148_003,2024-07-12,359.36,食品
U02148,ORD_U02148_005,2024-07-18,752.26,数码
U02148,ORD_U02148_004,2024-08-09,1194.7,美妆
U02148,ORD_U02148_008,2024-11-23,466.18,家居
U02148,ORD_U02148_007,2024-12-15,988.54,食品
U02148,ORD_U02148_009,2024-12-26,832.52,食品
U02148,ORD_U02148_006,2025-01-12,805.83,美妆
U02149,ORD_U02149_000,2023-09-14,119.91,食品
U02150,ORD_U02150_000,2023-12-16,337.84,食品
U02150,ORD_U02150_001,2024-01-27,678.11,家居
U02150,ORD_U02150_002,2024-02-01,765.96,食品
U02150,ORD_U02150_006,2024-03-24,688.42,家居
U02150,ORD_U02150_004,2024-04-13,879.56,家居
U02150,ORD_U02150_003,2024-04-17,743.28,美妆
U02150,ORD_U02150_005,2024-06-08,967.98,数码
U02150,ORD_U02150_007,2024-09-23,1177.89,数码
U02150,ORD_U02150_008,2024-10-25,860.77,数码
U02150,ORD_U02150_009,2024-11-29,354.42,美妆
U02151,ORD_U02151_000,2024-12-24,85.25,家居
U02151,ORD_U02151_001,2025-01-30,140.59,食品
U02152,ORD_U02152_000,2023-01-14,194.12,服饰
U02152,ORD_U02152_001,2023-03-02,462.04,家居
U02152,ORD_U02152_005,2023-04-28,271.8,食品
U02152,ORD_U02152_002,2023-05-12,274.48,食品
U02152,ORD_U02152_004,2023-05-15,300.75,数码
U02152,ORD_U02152_003,2023-05-31,196.44,服饰
U02152,ORD_U02152_007,2023-12-14,473.18,服饰
U02152,ORD_U02152_006,2023-12-20,371.98,美妆
U02152,ORD_U02152_008,2024-03-24,215.7,食品
U02153,ORD_U02153_000,2024-02-04,1419.15,服饰
U02153,ORD_U02153_002,2024-02-22,1969.94,服饰
U02153,ORD_U02153_001,2024-03-11,1285.47,服饰
U02153,ORD_U02153_004,2024-03-11,1255.47,食品
U02153,ORD_U02153_003,2024-04-24,2492.27,食品
U02153,ORD_U02153_014,2024-04-26,2782.7,数码
U02153,ORD_U02153_015,2024-05-03,1321.53,数码
U02153,ORD_U02153_007,2024-05-04,1576.24,数码
U02153,ORD_U02153_010,2024-05-14,2313.61,服饰
U02153,ORD_U02153_005,2024-05-17,2811.09,家居
U02153,ORD_U02153_008,2024-06-04,1868.92,食品
U02153,ORD_U02153_011,2024-06-11,753.02,美妆
U02153,ORD_U02153_020,2024-07-02,2038.99,食品
U02153,ORD_U02153_021,2024-07-28,2259.13,服饰
U02153,ORD_U02153_009,2024-07-29,2310.99,服饰
U02153,ORD_U02153_006,2024-07-31,1241.64,数码
U02153,ORD_U02153_012,2024-08-01,2233.96,美妆
U02153,ORD_U02153_016,2024-08-02,885.42,美妆
U02153,ORD_U02153_027,2024-08-24,2360.36,数码
U02153,ORD_U02153_013,2024-09-04,1940.84,美妆
U02153,ORD_U02153_026,2024-09-14,2433.19,食品
U02153,ORD_U02153_028,2024-10-22,1559.49,家居
U02153,ORD_U02153_019,2024-11-28,1072.86,数码
U02153,ORD_U02153_043,2024-12-12,1214.96,家居
U02153,ORD_U02153_023,2025-01-26,1551.76,数码
U02153,ORD_U02153_017,2025-03-26,2452.5,美妆
U02153,ORD_U02153_024,2025-05-15,2722.1,数码
U02153,ORD_U02153_031,2025-05-22,1445.45,数码
U02153,ORD_U02153_018,2025-05-26,2040.05,美妆
U02153,ORD_U02153_029,2025-06-11,2170.36,食品
U02153,ORD_U02153_022,2025-09-28,769.66,食品
U02153,ORD_U02153_041,2026-01-01,2654.16,家居
U02153,ORD_U02153_034,2026-01-12,1185.02,食品
U02153,ORD_U02153_025,2026-01-24,1203.54,美妆
U02153,ORD_U02153_036,2026-01-24,1108.54,食品
U02153,ORD_U02153_038,2026-04-14,1634.83,美妆
U02153,ORD_U02153_042,2026-04-18,752.89,家居
U02153,ORD_U02153_035,2026-06-03,915.85,家居
U02153,ORD_U02153_030,2026-07-01,1468.2,食品
U02153,ORD_U02153_032,2026-07-03,1141.18,服饰
U02153,ORD_U02153_037,2026-07-09,2706.4,数码
U02153,ORD_U02153_033,2026-08-05,1395.45,数码
U02153,ORD_U02153_045,2026-08-28,2437.58,食品
U02153,ORD_U02153_040,2026-12-20,2281.18,食品
U02153,ORD_U02153_044,2027-03-21,2690.87,服饰
U02153,ORD_U02153_039,2027-04-12,2718.41,服饰
U02154,ORD_U02154_000,2024-03-31,91.89,数码
U02154,ORD_U02154_001,2024-05-03,174.7,食品
U02154,ORD_U02154_002,2024-07-20,120.11,家居
U02154,ORD_U02154_003,2024-11-01,157.72,食品
U02155,ORD_U02155_000,2023-03-19,137.74,服饰
U02155,ORD_U02155_001,2023-05-31,80.85,服饰
U02155,ORD_U02155_002,2023-08-01,173.77,家居
U02156,ORD_U02156_000,2024-12-03,113.38,服饰
U02156,ORD_U02156_001,2025-01-25,357.46,服饰
U02156,ORD_U02156_002,2025-03-13,265.15,数码
U02157,ORD_U02157_001,2023-08-21,60.97,家居
U02157,ORD_U02157_000,2023-08-29,87.66,服饰
U02157,ORD_U02157_002,2023-10-26,134.83,食品
U02157,ORD_U02157_003,2023-12-26,150.13,家居
U02157,ORD_U02157_004,2024-02-22,120.38,服饰
U02157,ORD_U02157_005,2024-03-06,135.88,数码
U02157,ORD_U02157_006,2024-04-03,120.81,家居
U02157,ORD_U02157_007,2024-08-29,111.09,家居
U02157,ORD_U02157_008,2024-09-08,128.71,美妆
U02157,ORD_U02157_009,2024-10-17,60.27,服饰
U02158,ORD_U02158_000,2024-05-30,1004.61,服饰
U02158,ORD_U02158_001,2024-07-19,409.37,数码
U02158,ORD_U02158_002,2024-08-02,917.92,食品
U02158,ORD_U02158_008,2024-10-18,359.74,家居
U02158,ORD_U02158_003,2024-10-21,295.71,家居
U02158,ORD_U02158_006,2024-10-21,647.64,家居
U02158,ORD_U02158_004,2024-12-08,350.07,食品
U02158,ORD_U02158_009,2024-12-28,506.15,家居
U02158,ORD_U02158_005,2025-01-12,377.83,数码
U02158,ORD_U02158_010,2025-01-31,591.7,美妆
U02158,ORD_U02158_007,2025-03-24,533.95,数码
U02159,ORD_U02159_000,2023-09-08,166.39,食品
U02160,ORD_U02160_000,2024-01-20,354.56,美妆
U02160,ORD_U02160_003,2024-02-23,284.9,美妆
U02160,ORD_U02160_001,2024-03-22,114.35,数码
U02160,ORD_U02160_005,2024-04-21,269.67,家居
U02160,ORD_U02160_002,2024-05-19,293.66,服饰
U02160,ORD_U02160_007,2024-06-02,377.46,数码
U02160,ORD_U02160_004,2024-06-05,263.09,家居
U02160,ORD_U02160_008,2024-07-15,334.44,家居
U02160,ORD_U02160_006,2024-07-31,208.65,食品
U02160,ORD_U02160_009,2024-08-27,213.22,服饰
U02161,ORD_U02161_000,2023-09-23,111.04,美妆
U02161,ORD_U02161_001,2023-11-03,404.61,家居
U02161,ORD_U02161_002,2023-11-10,257.1,数码
U02161,ORD_U02161_005,2023-11-21,231.46,服饰
U02161,ORD_U02161_003,2023-11-27,117.86,美妆
U02161,ORD_U02161_006,2023-12-10,359.48,服饰
U02161,ORD_U02161_004,2023-12-25,140.92,家居
U02161,ORD_U02161_007,2024-05-21,230.04,美妆
U02162,ORD_U02162_001,2024-11-28,66.91,数码
U02162,ORD_U02162_000,2024-12-05,66.54,食品
U02162,ORD_U02162_002,2025-05-27,35.47,数码
U02162,ORD_U02162_003,2025-06-25,70.63,食品
U02163,ORD_U02163_000,2023-05-07,188.05,家居
U02163,ORD_U02163_001,2023-05-22,261.94,服饰
U02163,ORD_U02163_002,2023-06-27,152.16,家居
U02164,ORD_U02164_000,2023-11-22,163.22,数码
U02164,ORD_U02164_001,2023-12-21,94.25,服饰
U02164,ORD_U02164_002,2024-01-16,110.2,美妆
U02164,ORD_U02164_003,2024-03-18,53.52,家居
U02164,ORD_U02164_007,2024-04-07,149.8,服饰
U02164,ORD_U02164_005,2024-06-09,143.78,美妆
U02164,ORD_U02164_006,2024-06-11,175.07,美妆
U02164,ORD_U02164_004,2024-07-07,163.12,数码
U02164,ORD_U02164_008,2024-09-13,71.17,家居
U02165,ORD_U02165_000,2024-03-19,299.04,美妆
U02165,ORD_U02165_001,2024-04-17,98.05,家居
U02165,ORD_U02165_002,2024-04-23,309.47,美妆
U02165,ORD_U02165_003,2024-05-15,248.47,食品
U02165,ORD_U02165_004,2024-06-30,197.86,数码
U02165,ORD_U02165_005,2024-09-30,192.65,数码
U02166,ORD_U02166_000,2024-07-27,60.72,美妆
U02166,ORD_U02166_001,2024-08-13,48.89,食品
U02167,ORD_U02167_000,2024-10-31,579.07,食品
U02167,ORD_U02167_001,2024-12-11,654.5,家居
U02167,ORD_U02167_002,2025-01-11,573.76,数码
U02167,ORD_U02167_003,2025-01-22,300.86,美妆
U02167,ORD_U02167_004,2025-01-31,640.43,美妆
U02167,ORD_U02167_006,2025-02-05,289.21,食品
U02167,ORD_U02167_010,2025-04-13,258.02,数码
U02167,ORD_U02167_005,2025-04-15,308.01,服饰
U02167,ORD_U02167_009,2025-05-09,279.7,数码
U02167,ORD_U02167_011,2025-06-06,410.17,家居
U02167,ORD_U02167_007,2025-08-23,204.6,食品
U02167,ORD_U02167_008,2025-09-29,658.0,美妆
U02167,ORD_U02167_013,2025-10-29,369.12,美妆
U02167,ORD_U02167_012,2026-02-08,683.9,服饰
U02168,ORD_U02168_000,2024-09-17,90.56,食品
U02168,ORD_U02168_002,2024-11-29,100.47,食品
U02168,ORD_U02168_001,2024-12-08,78.1,美妆
U02168,ORD_U02168_005,2025-02-21,288.44,服饰
U02168,ORD_U02168_006,2025-03-05,92.1,食品
U02168,ORD_U02168_003,2025-03-08,91.72,服饰
U02168,ORD_U02168_004,2025-06-12,213.67,服饰
U02168,ORD_U02168_007,2025-06-19,80.92,美妆
U02168,ORD_U02168_008,2025-12-02,159.38,美妆
U02168,ORD_U02168_009,2026-01-16,197.61,美妆
U02169,ORD_U02169_000,2024-03-29,49.11,美妆
U02169,ORD_U02169_001,2024-06-01,70.71,食品
U02169,ORD_U02169_002,2024-10-09,129.2,数码
U02169,ORD_U02169_003,2024-12-15,102.0,食品
U02170,ORD_U02170_000,2023-11-03,214.41,服饰
U02170,ORD_U02170_001,2023-11-12,334.08,家居
U02170,ORD_U02170_004,2024-01-19,387.37,美妆
U02170,ORD_U02170_002,2024-02-11,224.28,美妆
U02170,ORD_U02170_007,2024-02-16,119.62,食品
U02170,ORD_U02170_003,2024-02-23,123.52,家居
U02170,ORD_U02170_005,2024-04-17,106.38,服饰
U02170,ORD_U02170_008,2024-04-24,260.6,美妆
U02170,ORD_U02170_009,2024-07-28,260.58,数码
U02170,ORD_U02170_006,2024-07-31,331.38,数码
U02170,ORD_U02170_014,2024-08-15,273.92,食品
U02170,ORD_U02170_010,2024-11-01,217.44,数码
U02170,ORD_U02170_011,2025-01-26,270.82,服饰
U02170,ORD_U02170_013,2025-02-05,252.8,数码
U02170,ORD_U02170_012,2025-04-08,173.95,美妆
U02171,ORD_U02171_000,2024-01-14,154.37,数码
U02171,ORD_U02171_001,2024-01-28,90.5,食品
U02171,ORD_U02171_002,2024-03-23,101.28,服饰
U02171,ORD_U02171_003,2024-06-25,144.12,美妆
U02171,ORD_U02171_004,2024-09-02,189.32,家居
U02171,ORD_U02171_006,2024-09-19,150.98,数码
U02171,ORD_U02171_005,2024-12-05,193.13,美妆
U02172,ORD_U02172_000,2023-07-26,495.1,食品
U02172,ORD_U02172_003,2023-09-24,211.53,服饰
U02172,ORD_U02172_001,2023-10-04,249.92,数码
U02172,ORD_U02172_002,2023-11-06,487.32,美妆
U02172,ORD_U02172_004,2023-12-15,317.05,食品
U02173,ORD_U02173_000,2023-05-09,121.11,食品
U02173,ORD_U02173_001,2023-07-13,100.77,食品
U02173,ORD_U02173_002,2023-09-29,170.22,数码
U02174,ORD_U02174_000,2024-05-05,179.44,美妆
U02175,ORD_U02175_000,2024-02-16,125.52,食品
U02175,ORD_U02175_001,2024-04-05,353.82,家居
U02175,ORD_U02175_005,2024-06-14,363.43,服饰
U02175,ORD_U02175_002,2024-06-15,258.15,数码
U02175,ORD_U02175_003,2024-07-06,266.13,家居
U02175,ORD_U02175_004,2024-08-17,144.35,服饰
U02175,ORD_U02175_007,2024-10-23,208.42,美妆
U02175,ORD_U02175_006,2024-11-06,273.9,美妆
U02175,ORD_U02175_009,2024-11-09,339.2,美妆
U02175,ORD_U02175_008,2025-04-24,391.73,家居
U02176,ORD_U02176_000,2023-05-03,300.97,美妆
U02176,ORD_U02176_001,2023-06-03,284.21,家居
U02176,ORD_U02176_002,2023-08-03,512.13,数码
U02176,ORD_U02176_003,2023-08-10,358.9,食品
U02176,ORD_U02176_005,2023-09-11,137.6,食品
U02176,ORD_U02176_004,2023-09-30,380.98,服饰
U02176,ORD_U02176_008,2023-10-13,217.15,美妆
U02176,ORD_U02176_007,2023-12-26,450.03,美妆
U02176,ORD_U02176_006,2023-12-29,268.99,家居
U02176,ORD_U02176_009,2024-04-08,148.62,数码
U02176,ORD_U02176_010,2024-04-12,218.66,数码
U02177,ORD_U02177_001,2023-05-01,520.42,服饰
U02177,ORD_U02177_000,2023-05-04,295.13,数码
U02177,ORD_U02177_002,2023-08-15,411.81,数码
U02178,ORD_U02178_000,2023-07-03,353.01,家居
U02178,ORD_U02178_002,2023-08-10,317.67,数码
U02178,ORD_U02178_001,2023-08-26,726.25,家居
U02178,ORD_U02178_004,2023-09-15,322.41,家居
U02178,ORD_U02178_003,2023-10-30,275.2,服饰
U02178,ORD_U02178_006,2023-11-13,684.6,数码
U02178,ORD_U02178_005,2023-12-15,280.99,美妆
U02178,ORD_U02178_008,2024-01-18,474.89,数码
U02178,ORD_U02178_007,2024-02-05,750.98,美妆
U02178,ORD_U02178_009,2024-03-19,245.99,数码
U02178,ORD_U02178_010,2024-06-23,620.02,服饰
U02179,ORD_U02179_000,2023-12-27,78.4,美妆
U02179,ORD_U02179_001,2024-03-14,40.47,数码
U02179,ORD_U02179_003,2024-04-16,89.26,美妆
U02179,ORD_U02179_002,2024-06-25,88.79,家居
U02180,ORD_U02180_001,2024-09-05,709.86,食品
U02180,ORD_U02180_000,2024-09-11,1886.41,美妆
U02180,ORD_U02180_002,2024-10-22,1616.45,美妆
U02180,ORD_U02180_007,2024-11-04,1961.01,美妆
U02180,ORD_U02180_003,2024-11-20,764.87,服饰
U02180,ORD_U02180_008,2024-11-30,1604.39,数码
U02180,ORD_U02180_004,2024-12-07,1086.36,家居
U02180,ORD_U02180_005,2024-12-09,1883.76,数码
U02180,ORD_U02180_009,2024-12-16,1272.8,家居
U02180,ORD_U02180_006,2025-01-08,1498.28,美妆
U02180,ORD_U02180_018,2025-01-29,1020.76,美妆
U02180,ORD_U02180_025,2025-02-22,1738.38,数码
U02180,ORD_U02180_011,2025-02-24,1102.17,食品
U02180,ORD_U02180_015,2025-02-24,639.86,数码
U02180,ORD_U02180_028,2025-03-05,971.62,服饰
U02180,ORD_U02180_032,2025-04-02,764.13,家居
U02180,ORD_U02180_014,2025-04-03,1172.94,服饰
U02180,ORD_U02180_022,2025-04-13,962.93,服饰
U02180,ORD_U02180_020,2025-04-17,1455.41,食品
U02180,ORD_U02180_010,2025-04-18,1404.66,美妆
U02180,ORD_U02180_029,2025-05-01,577.49,美妆
U02180,ORD_U02180_012,2025-05-09,674.74,数码
U02180,ORD_U02180_033,2025-07-01,1123.66,食品
U02180,ORD_U02180_037,2025-07-24,1003.35,食品
U02180,ORD_U02180_021,2025-08-12,1329.38,服饰
U02180,ORD_U02180_013,2025-08-24,543.56,家居
U02180,ORD_U02180_016,2025-08-25,948.32,服饰
U02180,ORD_U02180_042,2025-09-12,1124.03,家居
U02180,ORD_U02180_017,2025-10-03,1311.99,数码
U02180,ORD_U02180_046,2025-12-13,981.97,美妆
U02180,ORD_U02180_019,2026-02-13,670.31,家居
U02180,ORD_U02180_026,2026-03-09,912.27,数码
U02180,ORD_U02180_030,2026-03-21,1252.68,美妆
U02180,ORD_U02180_024,2026-03-27,762.37,服饰
U02180,ORD_U02180_023,2026-04-16,723.51,数码
U02180,ORD_U02180_031,2026-09-23,1108.12,美妆
U02180,ORD_U02180_027,2026-11-26,1903.52,服饰
U02180,ORD_U02180_041,2026-12-04,1057.56,数码
U02180,ORD_U02180_038,2027-01-15,640.16,服饰
U02180,ORD_U02180_043,2027-01-23,1588.07,美妆
U02180,ORD_U02180_040,2027-03-17,1708.0,服饰
U02180,ORD_U02180_034,2027-03-29,1473.23,美妆
U02180,ORD_U02180_036,2027-05-15,1466.01,数码
U02180,ORD_U02180_039,2027-06-13,1107.83,家居
U02180,ORD_U02180_035,2027-07-21,1999.59,美妆
U02180,ORD_U02180_044,2027-10-15,847.99,食品
U02180,ORD_U02180_045,2028-02-17,662.83,食品
U02181,ORD_U02181_000,2023-11-30,158.0,美妆
U02181,ORD_U02181_001,2024-02-16,158.88,数码
U02181,ORD_U02181_002,2024-03-21,282.67,食品
U02182,ORD_U02182_000,2023-05-13,118.35,服饰
U02183,ORD_U02183_000,2023-07-19,180.55,家居
U02183,ORD_U02183_001,2023-08-08,356.29,食品
U02183,ORD_U02183_002,2023-09-16,188.3,数码
U02183,ORD_U02183_003,2023-09-23,345.01,服饰
U02183,ORD_U02183_006,2023-11-14,160.86,服饰
U02183,ORD_U02183_005,2024-01-25,143.75,美妆
U02183,ORD_U02183_004,2024-03-04,162.01,家居
U02183,ORD_U02183_008,2024-04-25,338.34,家居
U02183,ORD_U02183_007,2024-07-05,163.09,美妆
U02183,ORD_U02183_009,2024-08-31,264.75,数码
U02184,ORD_U02184_000,2024-10-17,192.48,数码
U02184,ORD_U02184_002,2024-11-18,154.37,服饰
U02184,ORD_U02184_001,2024-12-10,69.82,食品
U02184,ORD_U02184_003,2025-02-24,120.49,服饰
U02185,ORD_U02185_001,2024-05-21,285.53,数码
U02185,ORD_U02185_000,2024-05-23,375.81,食品
U02185,ORD_U02185_002,2024-05-25,291.02,美妆
U02185,ORD_U02185_004,2024-08-08,222.01,数码
U02185,ORD_U02185_003,2024-08-25,409.57,服饰
U02185,ORD_U02185_007,2024-09-24,382.9,数码
U02185,ORD_U02185_009,2024-10-14,386.05,美妆
U02185,ORD_U02185_005,2024-11-05,171.48,美妆
U02185,ORD_U02185_011,2024-11-05,201.84,服饰
U02185,ORD_U02185_006,2024-12-02,377.81,数码
U02185,ORD_U02185_008,2024-12-24,269.11,家居
U02185,ORD_U02185_010,2025-08-10,212.39,数码
U02186,ORD_U02186_000,2024-05-07,55.9,数码
U02186,ORD_U02186_001,2024-07-29,42.0,服饰
U02187,ORD_U02187_000,2023-12-30,190.62,服饰
U02187,ORD_U02187_001,2024-02-20,238.1,食品
U02187,ORD_U02187_002,2024-05-16,154.58,数码
U02187,ORD_U02187_003,2024-07-23,262.79,食品
U02187,ORD_U02187_004,2024-09-02,139.81,食品
U02188,ORD_U02188_000,2024-11-04,79.94,美妆
U02189,ORD_U02189_000,2023-11-25,53.37,美妆
U02189,ORD_U02189_001,2024-01-21,69.98,美妆
U02189,ORD_U02189_002,2024-02-07,77.89,数码
U02189,ORD_U02189_003,2024-02-20,131.52,数码
U02190,ORD_U02190_000,2024-03-21,123.23,数码
U02190,ORD_U02190_001,2024-06-15,53.12,数码
U02191,ORD_U02191_000,2023-03-24,449.91,家居
U02191,ORD_U02191_001,2023-05-30,534.23,食品
U02191,ORD_U02191_002,2023-07-03,307.29,美妆
U02192,ORD_U02192_000,2023-08-01,38.15,食品
U02192,ORD_U02192_001,2023-08-06,25.59,数码
U02193,ORD_U02193_000,2024-09-21,270.13,服饰
U02193,ORD_U02193_001,2024-11-22,204.66,美妆
U02193,ORD_U02193_004,2024-12-22,113.26,数码
U02193,ORD_U02193_002,2025-01-19,148.92,食品
U02193,ORD_U02193_003,2025-03-23,104.05,服饰
U02194,ORD_U02194_000,2023-03-05,43.14,家居
U02194,ORD_U02194_001,2023-05-01,58.91,数码
U02195,ORD_U02195_000,2023-08-30,34.59,家居
U02195,ORD_U02195_001,2023-10-14,69.17,服饰
U02195,ORD_U02195_002,2023-11-27,44.93,家居
U02195,ORD_U02195_003,2024-03-12,64.36,美妆
U02196,ORD_U02196_000,2024-03-07,206.95,服饰
U02197,ORD_U02197_000,2024-06-10,157.64,食品
U02197,ORD_U02197_001,2024-06-29,60.23,数码
U02198,ORD_U02198_000,2024-08-29,515.55,家居
U02198,ORD_U02198_001,2024-10-20,384.45,家居
U02198,ORD_U02198_002,2024-11-04,342.26,家居
U02198,ORD_U02198_007,2025-01-11,201.72,数码
U02198,ORD_U02198_004,2025-01-21,348.66,服饰
U02198,ORD_U02198_003,2025-02-14,468.89,数码
U02198,ORD_U02198_009,2025-02-26,209.35,美妆
U02198,ORD_U02198_006,2025-03-20,363.55,数码
U02198,ORD_U02198_005,2025-04-08,569.15,数码
U02198,ORD_U02198_008,2025-04-21,705.12,服饰
U02198,ORD_U02198_012,2025-04-25,579.34,服饰
U02198,ORD_U02198_011,2025-04-28,516.84,服饰
U02198,ORD_U02198_010,2025-09-13,437.9,食品
U02199,ORD_U02199_000,2024-02-05,120.61,服饰
U02199,ORD_U02199_001,2024-02-28,159.96,数码
U02199,ORD_U02199_003,2024-04-21,143.47,家居
U02199,ORD_U02199_002,2024-04-27,138.74,服饰
U02199,ORD_U02199_005,2024-06-17,80.64,美妆
U02199,ORD_U02199_007,2024-07-25,56.53,家居
U02199,ORD_U02199_004,2024-08-10,179.61,食品
U02199,ORD_U02199_006,2024-11-09,115.58,服饰
U02199,ORD_U02199_008,2025-02-05,51.45,服饰
U02200,ORD_U02200_000,2023-05-15,127.55,数码
U02200,ORD_U02200_001,2023-07-10,84.0,食品
U02200,ORD_U02200_002,2023-09-27,80.76,美妆
U02201,ORD_U02201_000,2024-07-09,612.27,数码
U02201,ORD_U02201_001,2024-07-28,525.92,美妆
U02201,ORD_U02201_002,2024-09-20,501.59,食品
U02201,ORD_U02201_003,2024-09-22,231.55,数码
U02201,ORD_U02201_005,2024-09-23,366.2,家居
U02201,ORD_U02201_009,2024-10-11,534.48,家居
U02201,ORD_U02201_004,2024-10-12,508.51,数码
U02201,ORD_U02201_008,2024-11-10,737.72,家居
U02201,ORD_U02201_006,2024-11-21,642.69,数码
U02201,ORD_U02201_007,2024-11-30,792.16,服饰
U02201,ORD_U02201_016,2024-12-22,532.15,食品
U02201,ORD_U02201_011,2024-12-25,808.78,服饰
U02201,ORD_U02201_019,2025-01-22,359.98,家居
U02201,ORD_U02201_020,2025-02-13,654.09,服饰
U02201,ORD_U02201_015,2025-04-16,492.14,食品
U02201,ORD_U02201_010,2025-05-15,524.43,服饰
U02201,ORD_U02201_013,2025-06-14,621.24,美妆
U02201,ORD_U02201_014,2025-06-19,846.67,家居
U02201,ORD_U02201_012,2025-07-17,594.88,服饰
U02201,ORD_U02201_021,2025-07-29,851.11,家居
U02201,ORD_U02201_018,2025-09-12,852.42,食品
U02201,ORD_U02201_017,2025-11-11,495.39,美妆
U02202,ORD_U02202_000,2023-12-20,372.23,美妆
U02202,ORD_U02202_001,2024-01-12,328.35,数码
U02202,ORD_U02202_002,2024-02-24,305.63,服饰
U02203,ORD_U02203_000,2023-02-25,277.4,食品
U02203,ORD_U02203_001,2023-03-12,155.94,数码
U02203,ORD_U02203_002,2023-05-11,525.31,美妆
U02203,ORD_U02203_003,2023-08-03,201.5,数码
U02204,ORD_U02204_000,2024-12-10,116.66,食品
U02204,ORD_U02204_004,2025-02-28,204.19,数码
U02204,ORD_U02204_001,2025-03-01,194.57,数码
U02204,ORD_U02204_002,2025-03-28,149.31,服饰
U02204,ORD_U02204_003,2025-05-10,63.99,美妆
U02204,ORD_U02204_006,2025-06-14,134.74,美妆
U02204,ORD_U02204_007,2025-07-06,182.98,数码
U02204,ORD_U02204_005,2025-07-10,121.01,食品
U02204,ORD_U02204_008,2025-08-17,157.15,家居
U02204,ORD_U02204_009,2026-02-15,146.94,美妆
U02205,ORD_U02205_000,2024-04-15,152.88,美妆
U02205,ORD_U02205_001,2024-04-26,206.32,美妆
U02205,ORD_U02205_002,2024-06-06,149.29,食品
U02206,ORD_U02206_000,2023-04-17,20.07,服饰
U02207,ORD_U02207_000,2023-04-25,55.45,食品
U02207,ORD_U02207_001,2023-07-02,57.04,食品
U02207,ORD_U02207_002,2023-08-13,37.75,食品
U02207,ORD_U02207_003,2023-10-28,111.96,服饰
U02208,ORD_U02208_000,2023-02-09,222.03,食品
U02208,ORD_U02208_001,2023-03-14,182.92,家居
U02208,ORD_U02208_002,2023-07-08,208.76,食品
U02208,ORD_U02208_003,2023-08-13,197.86,家居
U02208,ORD_U02208_004,2023-08-22,212.86,美妆
U02208,ORD_U02208_005,2023-12-18,86.14,服饰
U02209,ORD_U02209_000,2024-04-03,35.89,家居
U02210,ORD_U02210_000,2025-01-06,87.01,服饰
U02210,ORD_U02210_001,2025-04-20,166.77,美妆
U02210,ORD_U02210_002,2025-06-04,61.42,家居
U02210,ORD_U02210_003,2025-08-06,144.23,服饰
U02211,ORD_U02211_000,2023-07-21,148.2,服饰
U02211,ORD_U02211_001,2023-08-12,66.98,食品
U02212,ORD_U02212_000,2023-09-11,52.52,服饰
U02213,ORD_U02213_000,2024-12-28,219.94,食品
U02213,ORD_U02213_001,2025-02-24,184.12,数码
U02213,ORD_U02213_002,2025-06-08,162.24,食品
U02214,ORD_U02214_000,2025-01-14,243.28,家居
U02214,ORD_U02214_001,2025-03-01,131.13,服饰
U02214,ORD_U02214_002,2025-03-06,305.08,数码
U02214,ORD_U02214_003,2025-06-07,270.78,食品
U02214,ORD_U02214_004,2025-07-24,225.92,服饰
U02214,ORD_U02214_005,2025-08-01,356.95,服饰
U02214,ORD_U02214_006,2025-09-08,316.79,服饰
U02214,ORD_U02214_008,2025-10-21,347.89,美妆
U02214,ORD_U02214_007,2025-12-01,230.64,数码
U02214,ORD_U02214_009,2025-12-17,362.6,家居
U02215,ORD_U02215_000,2024-08-02,196.27,家居
U02215,ORD_U02215_001,2024-08-17,243.52,家居
U02215,ORD_U02215_002,2024-09-17,82.34,数码
U02216,ORD_U02216_000,2024-04-02,165.54,家居
U02216,ORD_U02216_001,2024-06-12,115.49,家居
U02216,ORD_U02216_002,2024-06-30,148.03,食品
U02216,ORD_U02216_003,2024-10-06,183.2,数码
U02216,ORD_U02216_004,2024-11-05,156.13,食品
U02216,ORD_U02216_006,2025-01-13,86.19,美妆
U02216,ORD_U02216_005,2025-02-03,193.91,家居
U02216,ORD_U02216_007,2025-05-21,58.91,数码
U02217,ORD_U02217_001,2024-12-06,126.46,家居
U02217,ORD_U02217_000,2024-12-18,87.8,数码
U02217,ORD_U02217_002,2025-04-06,105.31,数码
U02218,ORD_U02218_000,2024-05-22,45.71,食品
U02219,ORD_U02219_000,2024-02-29,49.29,美妆
U02219,ORD_U02219_001,2024-03-12,107.75,服饰
U02220,ORD_U02220_000,2023-11-30,31.47,食品
U02220,ORD_U02220_001,2024-03-05,87.48,美妆
U02221,ORD_U02221_000,2024-01-03,32.19,服饰
U02221,ORD_U02221_002,2024-02-15,25.01,美妆
U02221,ORD_U02221_001,2024-02-18,40.78,美妆
U02221,ORD_U02221_003,2024-05-08,89.02,美妆
U02222,ORD_U02222_000,2024-02-03,122.19,数码
U02223,ORD_U02223_000,2024-01-18,137.89,家居
U02223,ORD_U02223_001,2024-01-30,82.75,服饰
U02223,ORD_U02223_003,2024-05-08,79.97,食品
U02223,ORD_U02223_002,2024-06-03,149.7,数码
U02224,ORD_U02224_000,2024-10-28,184.88,食品
U02224,ORD_U02224_001,2024-11-19,215.81,食品
U02224,ORD_U02224_002,2024-12-21,222.42,食品
U02224,ORD_U02224_003,2025-01-27,515.65,数码
U02224,ORD_U02224_005,2025-02-05,249.27,食品
U02224,ORD_U02224_004,2025-06-02,208.54,家居
U02225,ORD_U02225_000,2023-08-04,177.61,服饰
U02225,ORD_U02225_001,2023-10-08,220.49,食品
U02225,ORD_U02225_002,2023-12-18,361.74,服饰
U02225,ORD_U02225_003,2023-12-31,278.34,家居
U02225,ORD_U02225_004,2024-01-07,198.04,美妆
U02225,ORD_U02225_006,2024-05-07,250.88,美妆
U02225,ORD_U02225_005,2024-06-07,211.71,食品
U02225,ORD_U02225_008,2024-07-18,174.46,美妆
U02225,ORD_U02225_007,2024-10-11,268.77,数码
U02225,ORD_U02225_009,2025-02-20,205.87,家居
U02226,ORD_U02226_000,2024-03-26,336.98,数码
U02226,ORD_U02226_002,2024-05-04,380.92,家居
U02226,ORD_U02226_001,2024-05-10,598.48,服饰
U02226,ORD_U02226_004,2024-05-21,911.73,服饰
U02226,ORD_U02226_009,2024-06-20,577.71,食品
U02226,ORD_U02226_003,2024-06-29,658.49,数码
U02226,ORD_U02226_005,2024-07-29,1218.29,家居
U02226,ORD_U02226_006,2024-07-29,480.79,美妆
U02226,ORD_U02226_008,2024-08-18,785.43,美妆
U02226,ORD_U02226_010,2024-08-27,1028.81,美妆
U02226,ORD_U02226_019,2024-09-10,1157.4,数码
U02226,ORD_U02226_018,2024-09-12,1021.26,家居
U02226,ORD_U02226_015,2024-09-21,1310.32,美妆
U02226,ORD_U02226_020,2024-09-25,995.21,美妆
U02226,ORD_U02226_024,2024-10-04,1054.47,美妆
U02226,ORD_U02226_007,2024-10-10,427.49,服饰
U02226,ORD_U02226_025,2024-11-26,640.62,食品
U02226,ORD_U02226_012,2024-11-28,633.66,食品
U02226,ORD_U02226_023,2025-01-09,781.24,家居
U02226,ORD_U02226_028,2025-01-13,710.95,家居
U02226,ORD_U02226_011,2025-01-24,1062.36,美妆
U02226,ORD_U02226_017,2025-01-26,804.78,服饰
U02226,ORD_U02226_016,2025-03-11,653.28,数码
U02226,ORD_U02226_013,2025-03-13,660.66,数码
U02226,ORD_U02226_021,2025-03-31,966.59,服饰
U02226,ORD_U02226_027,2025-04-07,379.66,家居
U02226,ORD_U02226_014,2025-04-19,492.47,食品
U02226,ORD_U02226_026,2025-06-13,652.58,家居
U02226,ORD_U02226_033,2025-09-15,655.94,家居
U02226,ORD_U02226_031,2025-10-08,1081.25,数码
U02226,ORD_U02226_022,2025-12-10,485.91,数码
U02226,ORD_U02226_029,2026-02-13,343.18,家居
U02226,ORD_U02226_032,2026-03-01,1205.63,家居
U02226,ORD_U02226_030,2026-06-17,1077.25,服饰
U02227,ORD_U02227_000,2023-11-17,416.23,数码
U02227,ORD_U02227_001,2024-01-31,271.25,家居
U02227,ORD_U02227_002,2024-03-04,256.16,美妆
U02227,ORD_U02227_003,2024-04-03,388.98,食品
U02227,ORD_U02227_004,2024-05-07,362.98,家居
U02227,ORD_U02227_005,2024-07-23,384.26,美妆
U02227,ORD_U02227_006,2024-11-05,222.39,服饰
U02228,ORD_U02228_000,2023-03-04,43.62,美妆
U02229,ORD_U02229_000,2024-05-06,394.94,美妆
U02229,ORD_U02229_001,2024-06-08,264.21,数码
U02229,ORD_U02229_003,2024-08-07,321.04,食品
U02229,ORD_U02229_002,2024-08-10,402.71,数码
U02230,ORD_U02230_000,2023-09-10,36.95,美妆
U02230,ORD_U02230_001,2023-10-24,47.53,服饰
U02230,ORD_U02230_002,2023-11-19,78.46,食品
U02231,ORD_U02231_000,2024-11-25,290.79,家居
U02231,ORD_U02231_001,2024-12-29,223.89,食品
U02231,ORD_U02231_002,2025-01-04,144.68,食品
U02231,ORD_U02231_006,2025-03-18,233.22,食品
U02231,ORD_U02231_003,2025-04-20,186.74,美妆
U02231,ORD_U02231_005,2025-06-21,228.67,数码
U02231,ORD_U02231_004,2025-06-25,328.16,数码
U02231,ORD_U02231_007,2025-09-30,136.54,家居
U02231,ORD_U02231_009,2025-11-14,154.22,美妆
U02231,ORD_U02231_008,2025-11-27,276.13,食品
U02232,ORD_U02232_000,2024-03-28,345.78,家居
U02232,ORD_U02232_001,2024-04-19,650.99,数码
U02232,ORD_U02232_002,2024-06-02,279.2,美妆
U02232,ORD_U02232_003,2024-06-11,647.29,食品
U02232,ORD_U02232_005,2024-09-09,273.06,服饰
U02232,ORD_U02232_007,2024-09-10,322.78,服饰
U02232,ORD_U02232_011,2024-09-17,231.14,美妆
U02232,ORD_U02232_006,2024-09-20,377.37,服饰
U02232,ORD_U02232_004,2024-10-08,587.02,美妆
U02232,ORD_U02232_008,2024-10-13,668.1,家居
U02232,ORD_U02232_009,2024-11-08,249.03,美妆
U02232,ORD_U02232_012,2025-04-04,549.28,食品
U02232,ORD_U02232_010,2025-04-30,441.49,数码
U02232,ORD_U02232_013,2025-06-15,670.08,家居
U02232,ORD_U02232_014,2025-09-21,255.2,美妆
U02233,ORD_U02233_000,2024-04-01,75.09,美妆
U02233,ORD_U02233_001,2024-06-21,70.09,美妆
U02234,ORD_U02234_000,2024-05-14,77.12,美妆
U02235,ORD_U02235_000,2023-06-14,350.33,美妆
U02235,ORD_U02235_001,2023-07-27,262.65,家居
U02235,ORD_U02235_002,2023-08-25,404.37,服饰
U02235,ORD_U02235_004,2023-11-30,157.02,美妆
U02235,ORD_U02235_003,2023-12-29,342.67,家居
U02236,ORD_U02236_000,2024-08-12,119.5,数码
U02236,ORD_U02236_001,2024-10-11,151.02,美妆
U02236,ORD_U02236_002,2025-02-08,88.0,数码
U02236,ORD_U02236_003,2025-02-28,96.21,数码
U02237,ORD_U02237_000,2023-12-01,312.34,美妆
U02237,ORD_U02237_001,2024-03-04,235.91,数码
U02237,ORD_U02237_002,2024-03-21,297.44,服饰
U02237,ORD_U02237_003,2024-04-30,270.73,数码
U02237,ORD_U02237_005,2024-06-16,202.31,食品
U02237,ORD_U02237_004,2024-07-29,283.96,食品
U02237,ORD_U02237_006,2024-10-18,115.82,家居
U02237,ORD_U02237_007,2025-02-07,246.69,数码
U02238,ORD_U02238_000,2024-10-03,114.64,数码
U02238,ORD_U02238_001,2024-11-04,94.2,美妆
U02239,ORD_U02239_000,2024-08-17,70.71,服饰
U02239,ORD_U02239_001,2024-10-22,160.96,数码
U02240,ORD_U02240_000,2023-03-27,761.18,美妆
U02240,ORD_U02240_002,2023-04-09,827.0,数码
U02240,ORD_U02240_001,2023-04-26,656.11,数码
U02240,ORD_U02240_003,2023-05-27,330.19,数码
U02240,ORD_U02240_004,2023-05-29,1034.47,食品
U02240,ORD_U02240_009,2023-08-13,272.97,美妆
U02240,ORD_U02240_008,2023-08-27,280.14,美妆
U02240,ORD_U02240_007,2023-09-16,621.63,家居
U02240,ORD_U02240_005,2023-10-09,570.4,家居
U02240,ORD_U02240_006,2023-10-18,479.08,家居
U02241,ORD_U02241_000,2024-12-02,50.64,服饰
U02241,ORD_U02241_002,2024-12-03,66.95,服饰
U02241,ORD_U02241_001,2024-12-07,96.68,美妆
U02241,ORD_U02241_003,2025-05-08,35.96,服饰
U02242,ORD_U02242_000,2023-06-08,86.89,家居
U02242,ORD_U02242_001,2023-08-30,138.8,家居
U02242,ORD_U02242_002,2023-12-06,126.23,服饰
U02243,ORD_U02243_000,2023-06-24,87.23,食品
U02243,ORD_U02243_001,2023-09-02,204.42,美妆
U02243,ORD_U02243_002,2023-12-10,58.73,食品
U02244,ORD_U02244_000,2024-09-01,226.76,服饰
U02244,ORD_U02244_001,2024-10-03,227.46,食品
U02244,ORD_U02244_002,2024-12-27,228.02,家居
U02244,ORD_U02244_003,2025-01-07,70.21,食品
U02245,ORD_U02245_000,2023-11-29,303.99,食品
U02245,ORD_U02245_001,2023-12-11,283.27,食品
U02245,ORD_U02245_002,2024-01-14,339.87,美妆
U02245,ORD_U02245_003,2024-02-05,447.81,食品
U02246,ORD_U02246_000,2024-02-07,56.96,数码
U02246,ORD_U02246_001,2024-02-21,39.45,美妆
U02246,ORD_U02246_002,2024-04-29,56.29,服饰
U02246,ORD_U02246_003,2024-10-04,109.39,服饰
U02247,ORD_U02247_000,2023-06-26,26.77,食品
U02247,ORD_U02247_001,2023-08-14,71.82,服饰
U02248,ORD_U02248_000,2023-12-17,46.33,家居
U02248,ORD_U02248_001,2024-03-27,47.26,服饰
U02248,ORD_U02248_002,2024-05-18,94.1,美妆
U02249,ORD_U02249_000,2023-12-16,428.07,数码
U02249,ORD_U02249_001,2024-01-21,216.48,数码
U02249,ORD_U02249_002,2024-03-21,504.12,服饰
U02250,ORD_U02250_000,2023-04-07,72.82,服饰
U02250,ORD_U02250_001,2023-05-01,42.25,家居
U02250,ORD_U02250_003,2023-05-27,51.46,美妆
U02250,ORD_U02250_002,2023-06-19,30.51,家居
U02251,ORD_U02251_000,2024-06-11,26.66,美妆
U02251,ORD_U02251_001,2024-06-21,38.21,食品
U02251,ORD_U02251_002,2024-10-12,34.67,美妆
U02252,ORD_U02252_000,2024-01-30,36.34,数码
U02253,ORD_U02253_000,2023-12-02,156.82,家居
U02253,ORD_U02253_001,2023-12-30,305.52,家居
U02253,ORD_U02253_002,2024-01-08,337.46,美妆
U02253,ORD_U02253_003,2024-02-01,271.35,家居
U02253,ORD_U02253_005,2024-06-07,506.89,食品
U02253,ORD_U02253_004,2024-08-26,384.45,数码
U02253,ORD_U02253_006,2024-10-26,314.19,家居
U02253,ORD_U02253_007,2024-11-02,230.25,美妆
U02253,ORD_U02253_008,2025-03-02,168.73,服饰
U02254,ORD_U02254_000,2023-12-10,542.87,数码
U02254,ORD_U02254_001,2024-01-21,738.11,美妆
U02254,ORD_U02254_002,2024-01-30,745.14,服饰
U02254,ORD_U02254_005,2024-04-02,975.16,美妆
U02254,ORD_U02254_003,2024-04-16,416.41,家居
U02254,ORD_U02254_008,2024-04-22,568.8,服饰
U02254,ORD_U02254_004,2024-04-23,796.61,服饰
U02254,ORD_U02254_009,2024-04-25,322.17,服饰
U02254,ORD_U02254_006,2024-05-15,594.18,食品
U02254,ORD_U02254_012,2024-07-27,858.86,家居
U02254,ORD_U02254_007,2024-10-10,544.6,服饰
U02254,ORD_U02254_011,2024-12-07,1018.75,美妆
U02254,ORD_U02254_013,2024-12-23,968.02,美妆
U02254,ORD_U02254_010,2025-02-07,859.82,食品
U02255,ORD_U02255_000,2023-11-04,85.75,服饰
U02255,ORD_U02255_001,2023-11-23,211.54,数码
U02255,ORD_U02255_002,2023-12-31,101.1,服饰
U02255,ORD_U02255_004,2024-01-05,194.8,食品
U02255,ORD_U02255_003,2024-03-01,201.63,美妆
U02256,ORD_U02256_000,2023-05-18,252.72,数码
U02256,ORD_U02256_001,2023-07-10,109.45,数码
U02256,ORD_U02256_002,2023-07-21,115.07,数码
U02256,ORD_U02256_004,2023-09-24,344.6,美妆
U02256,ORD_U02256_003,2023-09-29,312.82,数码
U02256,ORD_U02256_005,2024-01-15,162.35,数码
U02257,ORD_U02257_000,2024-06-27,88.56,家居
U02257,ORD_U02257_002,2024-09-11,120.17,家居
U02257,ORD_U02257_001,2024-09-16,163.21,数码
U02258,ORD_U02258_000,2024-02-09,67.36,数码
U02259,ORD_U02259_002,2023-08-06,85.37,家居
U02259,ORD_U02259_000,2023-08-10,68.66,美妆
U02259,ORD_U02259_001,2023-08-20,52.58,食品
U02260,ORD_U02260_000,2024-08-30,59.19,家居
U02260,ORD_U02260_001,2024-11-07,68.02,食品
U02260,ORD_U02260_002,2025-01-11,53.87,家居
U02261,ORD_U02261_000,2024-12-11,266.8,服饰
U02261,ORD_U02261_001,2025-01-03,801.17,美妆
U02261,ORD_U02261_002,2025-02-04,347.23,家居
U02261,ORD_U02261_003,2025-02-18,268.29,家居
U02261,ORD_U02261_004,2025-03-04,898.7,家居
U02261,ORD_U02261_005,2025-03-10,792.47,服饰
U02261,ORD_U02261_008,2025-05-16,579.97,家居
U02261,ORD_U02261_009,2025-06-07,436.24,食品
U02261,ORD_U02261_007,2025-06-23,649.6,美妆
U02261,ORD_U02261_006,2025-08-19,757.97,服饰
U02261,ORD_U02261_013,2025-12-12,486.66,数码
U02261,ORD_U02261_010,2025-12-27,251.12,服饰
U02261,ORD_U02261_011,2026-01-13,479.82,数码
U02261,ORD_U02261_014,2026-02-12,355.17,美妆
U02261,ORD_U02261_012,2026-05-01,808.04,数码
U02261,ORD_U02261_016,2026-10-05,838.73,服饰
U02261,ORD_U02261_015,2026-10-16,568.82,食品
U02262,ORD_U02262_001,2023-08-09,403.61,美妆
U02262,ORD_U02262_000,2023-08-16,361.47,美妆
U02262,ORD_U02262_002,2023-11-07,185.33,食品
U02263,ORD_U02263_000,2024-07-03,75.16,食品
U02264,ORD_U02264_000,2023-08-27,177.61,服饰
U02265,ORD_U02265_000,2024-02-28,55.1,家居
U02266,ORD_U02266_000,2023-03-24,191.69,食品
U02266,ORD_U02266_003,2023-05-24,213.29,美妆
U02266,ORD_U02266_002,2023-05-27,169.55,家居
U02266,ORD_U02266_001,2023-05-30,130.74,数码
U02266,ORD_U02266_004,2023-08-27,128.95,数码
U02266,ORD_U02266_005,2023-11-26,75.32,美妆
U02266,ORD_U02266_006,2024-03-26,236.8,数码
U02267,ORD_U02267_000,2023-11-08,114.7,食品
U02267,ORD_U02267_001,2024-01-17,57.34,服饰
U02267,ORD_U02267_002,2024-05-07,39.6,数码
U02268,ORD_U02268_000,2024-10-10,556.14,美妆
U02268,ORD_U02268_001,2024-10-20,192.31,服饰
U02268,ORD_U02268_002,2024-10-21,277.97,家居
U02268,ORD_U02268_004,2024-12-28,519.9,家居
U02268,ORD_U02268_006,2025-01-03,355.02,数码
U02268,ORD_U02268_003,2025-02-15,350.49,数码
U02268,ORD_U02268_005,2025-02-17,467.27,食品
U02268,ORD_U02268_009,2025-03-08,567.89,服饰
U02268,ORD_U02268_012,2025-04-12,360.68,家居
U02268,ORD_U02268_007,2025-04-28,462.26,美妆
U02268,ORD_U02268_008,2025-08-19,718.67,家居
U02268,ORD_U02268_011,2025-08-30,498.64,美妆
U02268,ORD_U02268_013,2025-09-20,536.91,服饰
U02268,ORD_U02268_014,2025-10-30,664.72,数码
U02268,ORD_U02268_010,2025-12-20,579.52,美妆
U02269,ORD_U02269_000,2023-03-18,52.99,数码
U02269,ORD_U02269_001,2023-03-26,111.18,食品
U02270,ORD_U02270_000,2024-10-31,92.81,服饰
U02270,ORD_U02270_001,2025-01-18,67.62,服饰
U02270,ORD_U02270_002,2025-05-25,37.5,食品
U02271,ORD_U02271_000,2024-01-26,126.62,美妆
U02271,ORD_U02271_001,2024-04-19,121.04,食品
U02271,ORD_U02271_003,2024-07-23,74.84,数码
U02271,ORD_U02271_002,2024-09-07,36.16,家居
U02272,ORD_U02272_000,2023-08-11,586.17,食品
U02272,ORD_U02272_001,2023-09-10,511.25,数码
U02272,ORD_U02272_006,2023-09-23,530.54,食品
U02272,ORD_U02272_002,2023-10-11,235.16,服饰
U02272,ORD_U02272_003,2023-10-21,649.27,服饰
U02272,ORD_U02272_005,2023-11-06,504.21,数码
U02272,ORD_U02272_012,2023-11-10,408.18,服饰
U02272,ORD_U02272_011,2023-12-04,215.76,食品
U02272,ORD_U02272_004,2023-12-11,622.34,食品
U02272,ORD_U02272_013,2023-12-19,569.76,数码
U02272,ORD_U02272_009,2024-01-04,276.16,美妆
U02272,ORD_U02272_007,2024-01-09,191.95,数码
U02272,ORD_U02272_020,2024-01-16,265.05,服饰
U02272,ORD_U02272_018,2024-01-18,173.54,家居
U02272,ORD_U02272_026,2024-02-28,202.48,服饰
U02272,ORD_U02272_019,2024-03-01,552.27,家居
U02272,ORD_U02272_014,2024-03-06,593.58,服饰
U02272,ORD_U02272_008,2024-03-27,358.78,家居
U02272,ORD_U02272_028,2024-03-31,516.28,数码
U02272,ORD_U02272_010,2024-04-02,640.02,服饰
U02272,ORD_U02272_029,2024-04-30,337.93,服饰
U02272,ORD_U02272_016,2024-05-04,331.14,食品
U02272,ORD_U02272_039,2024-05-28,231.34,食品
U02272,ORD_U02272_024,2024-06-10,450.21,数码
U02272,ORD_U02272_032,2024-06-18,611.0,服饰
U02272,ORD_U02272_021,2024-07-05,164.89,食品
U02272,ORD_U02272_015,2024-09-20,636.92,数码
U02272,ORD_U02272_023,2024-09-21,332.37,家居
U02272,ORD_U02272_036,2024-09-27,615.75,数码
U02272,ORD_U02272_022,2024-10-14,631.45,食品
U02272,ORD_U02272_040,2024-10-28,268.26,食品
U02272,ORD_U02272_033,2024-11-11,414.56,数码
U02272,ORD_U02272_017,2024-11-28,262.75,美妆
U02272,ORD_U02272_030,2025-01-12,528.83,数码
U02272,ORD_U02272_038,2025-01-27,541.73,美妆
U02272,ORD_U02272_025,2025-02-22,424.69,家居
U02272,ORD_U02272_027,2025-03-25,365.46,家居
U02272,ORD_U02272_037,2025-05-08,174.64,家居
U02272,ORD_U02272_034,2025-06-16,643.87,家居
U02272,ORD_U02272_043,2025-12-24,433.05,数码
U02272,ORD_U02272_031,2026-01-03,169.79,美妆
U02272,ORD_U02272_035,2026-01-07,483.86,美妆
U02272,ORD_U02272_042,2026-08-03,493.64,数码
U02272,ORD_U02272_041,2026-12-25,632.8,美妆
U02273,ORD_U02273_000,2024-04-11,63.33,食品
U02273,ORD_U02273_001,2024-07-01,112.83,服饰
U02274,ORD_U02274_000,2023-11-27,195.62,数码
U02274,ORD_U02274_001,2024-02-09,192.79,服饰
U02274,ORD_U02274_002,2024-03-08,76.33,食品
U02274,ORD_U02274_003,2024-03-09,201.56,服饰
U02274,ORD_U02274_005,2024-04-07,199.98,美妆
U02274,ORD_U02274_006,2024-05-17,78.77,数码
U02274,ORD_U02274_004,2024-05-21,202.57,美妆
U02274,ORD_U02274_007,2024-12-30,85.44,数码
U02275,ORD_U02275_000,2024-06-30,968.62,服饰
U02275,ORD_U02275_002,2024-07-04,294.28,食品
U02275,ORD_U02275_001,2024-07-16,1015.56,服饰
U02275,ORD_U02275_003,2024-09-14,1056.99,美妆
U02275,ORD_U02275_004,2024-11-29,354.76,服饰
U02275,ORD_U02275_007,2025-01-10,974.47,数码
U02275,ORD_U02275_006,2025-01-14,971.23,服饰
U02275,ORD_U02275_005,2025-01-27,1000.13,服饰
U02275,ORD_U02275_014,2025-01-27,767.13,家居
U02275,ORD_U02275_015,2025-01-27,1006.78,数码
U02275,ORD_U02275_010,2025-01-28,554.23,家居
U02275,ORD_U02275_008,2025-04-25,1119.92,数码
U02275,ORD_U02275_016,2025-06-13,1031.11,美妆
U02275,ORD_U02275_012,2025-07-06,427.55,食品
U02275,ORD_U02275_009,2025-07-10,890.79,食品
U02275,ORD_U02275_011,2025-09-24,996.37,数码
U02275,ORD_U02275_013,2025-10-23,707.4,数码
U02276,ORD_U02276_000,2024-08-23,145.61,家居
U02277,ORD_U02277_000,2024-07-27,425.85,服饰
U02277,ORD_U02277_001,2024-08-28,833.89,美妆
U02277,ORD_U02277_004,2024-08-31,734.42,家居
U02277,ORD_U02277_003,2024-09-16,697.76,服饰
U02277,ORD_U02277_002,2024-09-20,592.02,美妆
U02277,ORD_U02277_005,2024-11-14,565.86,服饰
U02277,ORD_U02277_009,2024-12-20,507.67,家居
U02277,ORD_U02277_008,2025-01-24,607.96,数码
U02277,ORD_U02277_010,2025-02-10,497.31,数码
U02277,ORD_U02277_006,2025-03-08,768.28,数码
U02277,ORD_U02277_013,2025-03-28,338.95,食品
U02277,ORD_U02277_007,2025-04-02,460.8,美妆
U02277,ORD_U02277_011,2025-09-04,887.42,家居
U02277,ORD_U02277_012,2025-12-13,984.72,服饰
U02278,ORD_U02278_000,2024-12-21,43.76,食品
U02279,ORD_U02279_000,2023-10-17,99.15,家居
U02279,ORD_U02279_002,2023-11-27,203.12,食品
U02279,ORD_U02279_001,2023-12-18,117.92,美妆
U02279,ORD_U02279_004,2024-01-14,116.38,美妆
U02279,ORD_U02279_003,2024-02-24,147.61,食品
U02279,ORD_U02279_005,2024-05-18,331.63,数码
U02279,ORD_U02279_006,2024-09-02,178.0,美妆
U02280,ORD_U02280_000,2023-10-15,122.0,数码
U02280,ORD_U02280_001,2023-12-09,101.65,美妆
U02280,ORD_U02280_002,2024-03-06,76.99,服饰
U02280,ORD_U02280_003,2024-04-25,108.58,服饰
U02281,ORD_U02281_000,2023-07-02,49.53,食品
U02281,ORD_U02281_001,2023-08-30,69.74,美妆
U02281,ORD_U02281_002,2023-12-20,96.75,服饰
U02282,ORD_U02282_000,2023-10-13,272.15,食品
U02282,ORD_U02282_001,2023-12-17,154.92,数码
U02282,ORD_U02282_002,2024-02-01,81.59,数码
U02282,ORD_U02282_004,2024-02-15,171.21,美妆
U02282,ORD_U02282_003,2024-02-21,171.33,食品
U02282,ORD_U02282_009,2024-06-01,201.7,食品
U02282,ORD_U02282_006,2024-07-31,208.95,食品
U02282,ORD_U02282_005,2024-09-21,112.36,家居
U02282,ORD_U02282_008,2024-09-29,94.92,数码
U02282,ORD_U02282_007,2024-12-10,251.98,服饰
U02283,ORD_U02283_000,2024-09-22,81.64,美妆
U02284,ORD_U02284_000,2023-11-28,150.02,家居
U02284,ORD_U02284_001,2024-01-25,129.23,食品
U02284,ORD_U02284_002,2024-04-19,56.67,美妆
U02284,ORD_U02284_003,2024-04-20,120.34,家居
U02285,ORD_U02285_000,2023-10-26,135.27,美妆
U02285,ORD_U02285_001,2024-01-02,38.12,食品
U02285,ORD_U02285_002,2024-01-15,75.04,数码
U02286,ORD_U02286_000,2025-01-02,69.64,美妆
U02286,ORD_U02286_001,2025-03-10,87.92,家居
U02286,ORD_U02286_002,2025-03-27,57.83,家居
U02286,ORD_U02286_003,2025-06-27,70.74,家居
U02287,ORD_U02287_000,2024-05-30,106.29,食品
U02287,ORD_U02287_001,2024-09-02,35.25,食品
U02287,ORD_U02287_002,2024-11-12,67.79,美妆
U02287,ORD_U02287_003,2025-01-11,34.16,食品
U02288,ORD_U02288_000,2024-10-15,408.85,食品
U02288,ORD_U02288_001,2024-12-09,193.99,服饰
U02288,ORD_U02288_003,2024-12-21,180.27,家居
U02288,ORD_U02288_002,2025-01-28,128.03,服饰
U02288,ORD_U02288_005,2025-02-27,262.51,美妆
U02288,ORD_U02288_004,2025-05-13,252.73,家居
U02289,ORD_U02289_000,2023-04-22,324.06,服饰
U02289,ORD_U02289_002,2023-05-19,207.44,美妆
U02289,ORD_U02289_001,2023-05-21,236.74,美妆
U02289,ORD_U02289_003,2023-06-18,388.19,美妆
U02289,ORD_U02289_005,2023-07-18,296.5,家居
U02289,ORD_U02289_007,2023-08-01,140.31,数码
U02289,ORD_U02289_006,2023-08-12,176.26,服饰
U02289,ORD_U02289_004,2023-08-30,101.56,数码
U02289,ORD_U02289_008,2023-12-04,381.46,美妆
U02289,ORD_U02289_013,2024-01-17,235.93,食品
U02289,ORD_U02289_017,2024-01-23,340.98,食品
U02289,ORD_U02289_009,2024-01-29,303.95,家居
U02289,ORD_U02289_015,2024-04-12,129.87,食品
U02289,ORD_U02289_010,2024-05-28,178.33,家居
U02289,ORD_U02289_014,2024-06-08,112.08,美妆
U02289,ORD_U02289_018,2024-07-15,255.86,数码
U02289,ORD_U02289_011,2024-07-23,384.59,数码
U02289,ORD_U02289_019,2024-08-21,329.75,家居
U02289,ORD_U02289_012,2024-08-24,354.0,食品
U02289,ORD_U02289_016,2025-03-16,328.6,美妆
U02290,ORD_U02290_000,2024-01-22,381.27,服饰
U02290,ORD_U02290_001,2024-02-02,776.03,美妆
U02290,ORD_U02290_004,2024-03-17,1150.67,家居
U02290,ORD_U02290_002,2024-03-26,862.54,美妆
U02290,ORD_U02290_003,2024-04-08,363.74,美妆
U02290,ORD_U02290_006,2024-05-09,537.98,食品
U02290,ORD_U02290_005,2024-05-26,921.51,食品
U02290,ORD_U02290_007,2024-06-03,1050.26,服饰
U02290,ORD_U02290_012,2024-06-07,457.7,服饰
U02290,ORD_U02290_011,2024-06-29,890.58,数码
U02290,ORD_U02290_009,2024-07-15,738.92,数码
U02290,ORD_U02290_010,2024-07-18,1253.46,数码
U02290,ORD_U02290_008,2024-08-04,546.0,数码
U02290,ORD_U02290_016,2024-08-18,744.37,食品
U02290,ORD_U02290_014,2024-10-24,514.01,美妆
U02290,ORD_U02290_013,2025-02-13,927.58,服饰
U02290,ORD_U02290_015,2025-02-13,806.41,家居
U02291,ORD_U02291_000,2023-12-19,93.47,数码
U02292,ORD_U02292_000,2023-11-22,62.45,家居
U02292,ORD_U02292_001,2023-12-20,183.07,家居
U02292,ORD_U02292_002,2024-02-08,205.96,服饰
U02293,ORD_U02293_000,2025-02-14,65.93,家居
U02294,ORD_U02294_000,2023-03-09,202.47,数码
U02295,ORD_U02295_001,2023-04-04,50.82,数码
U02295,ORD_U02295_000,2023-04-19,47.9,家居
U02296,ORD_U02296_000,2023-09-08,375.59,数码
U02296,ORD_U02296_002,2023-09-08,281.32,食品
U02296,ORD_U02296_001,2023-10-31,565.8,服饰
U02296,ORD_U02296_003,2023-11-28,390.13,家居
U02296,ORD_U02296_007,2024-01-04,465.14,服饰
U02296,ORD_U02296_004,2024-03-23,490.11,美妆
U02296,ORD_U02296_005,2024-03-25,487.89,家居
U02296,ORD_U02296_006,2024-06-02,387.5,服饰
U02297,ORD_U02297_000,2023-04-22,665.72,美妆
U02297,ORD_U02297_001,2023-05-20,257.81,服饰
U02297,ORD_U02297_002,2023-06-23,901.34,服饰
U02297,ORD_U02297_003,2023-08-02,663.56,服饰
U02297,ORD_U02297_004,2023-08-10,997.55,食品
U02297,ORD_U02297_006,2023-08-27,656.84,美妆
U02297,ORD_U02297_009,2023-09-13,707.81,数码
U02297,ORD_U02297_011,2023-10-29,857.86,美妆
U02297,ORD_U02297_005,2023-11-12,884.2,美妆
U02297,ORD_U02297_010,2023-12-11,497.42,美妆
U02297,ORD_U02297_008,2024-01-07,774.55,数码
U02297,ORD_U02297_007,2024-02-05,853.15,家居
U02297,ORD_U02297_012,2024-02-25,527.52,服饰
U02297,ORD_U02297_013,2024-11-29,505.4,食品
U02298,ORD_U02298_000,2024-09-22,130.03,美妆
U02299,ORD_U02299_000,2023-03-18,145.79,美妆
U02299,ORD_U02299_002,2023-04-14,388.45,美妆
U02299,ORD_U02299_001,2023-05-18,159.49,服饰
U02299,ORD_U02299_003,2023-06-10,185.9,家居
U02299,ORD_U02299_004,2023-07-23,115.55,食品
U02299,ORD_U02299_006,2023-08-11,186.5,食品
U02299,ORD_U02299_005,2023-10-13,354.64,服饰
U02299,ORD_U02299_007,2023-12-09,310.86,家居
U02300,ORD_U02300_000,2024-06-20,51.66,食品
U02300,ORD_U02300_001,2024-09-25,104.37,食品
U02300,ORD_U02300_002,2024-10-31,43.08,服饰
U02300,ORD_U02300_003,2024-10-31,41.28,美妆
U02301,ORD_U02301_000,2024-02-27,226.98,服饰
U02301,ORD_U02301_001,2024-05-14,234.82,服饰
U02301,ORD_U02301_002,2024-06-06,216.79,服饰
U02301,ORD_U02301_003,2024-06-09,238.53,服饰
U02302,ORD_U02302_000,2024-06-18,245.77,家居
U02302,ORD_U02302_001,2024-08-01,334.82,服饰
U02302,ORD_U02302_002,2024-09-02,545.73,美妆
U02302,ORD_U02302_003,2024-09-11,276.46,家居
U02303,ORD_U02303_000,2024-10-29,123.62,家居
U02303,ORD_U02303_001,2024-10-31,154.61,家居
U02304,ORD_U02304_000,2024-11-12,441.72,数码
U02304,ORD_U02304_001,2024-11-26,465.78,服饰
U02304,ORD_U02304_004,2025-01-22,443.12,数码
U02304,ORD_U02304_002,2025-02-19,225.64,家居
U02304,ORD_U02304_003,2025-04-08,285.49,美妆
U02304,ORD_U02304_005,2025-05-18,431.97,家居
U02304,ORD_U02304_007,2025-05-19,470.46,家居
U02304,ORD_U02304_006,2025-07-03,190.55,美妆
U02305,ORD_U02305_000,2024-07-25,94.25,食品
U02305,ORD_U02305_001,2024-09-15,182.64,食品
U02305,ORD_U02305_002,2024-10-04,196.69,数码
U02305,ORD_U02305_003,2024-11-03,86.55,食品
U02306,ORD_U02306_000,2023-02-03,115.17,数码
U02306,ORD_U02306_003,2023-03-25,116.63,美妆
U02306,ORD_U02306_001,2023-04-11,101.57,家居
U02306,ORD_U02306_002,2023-04-23,53.4,食品
U02306,ORD_U02306_004,2023-10-03,187.55,食品
U02307,ORD_U02307_000,2023-02-14,28.61,数码
U02307,ORD_U02307_001,2023-05-29,21.37,数码
U02307,ORD_U02307_003,2023-06-26,35.43,美妆
U02307,ORD_U02307_002,2023-07-21,35.76,食品
U02308,ORD_U02308_000,2024-03-14,50.38,食品
U02308,ORD_U02308_001,2024-04-13,80.71,家居
U02308,ORD_U02308_002,2024-04-16,72.46,数码
U02309,ORD_U02309_000,2024-08-17,31.27,食品
U02309,ORD_U02309_002,2024-12-20,60.3,数码
U02309,ORD_U02309_001,2024-12-28,40.74,家居
U02310,ORD_U02310_000,2023-11-22,140.17,美妆
U02310,ORD_U02310_001,2024-02-04,144.25,食品
U02310,ORD_U02310_002,2024-04-22,85.13,服饰
U02311,ORD_U02311_000,2023-11-19,136.84,食品
U02311,ORD_U02311_001,2023-12-27,148.6,食品
U02311,ORD_U02311_002,2024-04-05,106.82,家居
U02311,ORD_U02311_004,2024-04-06,56.16,服饰
U02311,ORD_U02311_003,2024-05-18,185.78,美妆
U02312,ORD_U02312_000,2023-09-20,533.94,家居
U02312,ORD_U02312_001,2023-10-31,730.24,服饰
U02312,ORD_U02312_002,2023-11-24,231.91,数码
U02312,ORD_U02312_004,2023-12-22,569.35,数码
U02312,ORD_U02312_003,2024-02-04,784.87,服饰
U02312,ORD_U02312_008,2024-03-12,291.41,家居
U02312,ORD_U02312_010,2024-03-19,481.34,数码
U02312,ORD_U02312_006,2024-03-23,321.84,美妆
U02312,ORD_U02312_011,2024-05-01,409.08,家居
U02312,ORD_U02312_005,2024-05-06,575.69,服饰
U02312,ORD_U02312_007,2024-06-20,379.74,美妆
U02312,ORD_U02312_009,2024-07-09,222.06,数码
U02312,ORD_U02312_014,2024-07-27,459.27,家居
U02312,ORD_U02312_016,2024-08-11,208.16,数码
U02312,ORD_U02312_018,2024-08-26,253.04,服饰
U02312,ORD_U02312_012,2024-10-23,715.06,服饰
U02312,ORD_U02312_013,2024-11-06,605.37,数码
U02312,ORD_U02312_015,2025-08-04,580.51,家居
U02312,ORD_U02312_017,2025-08-28,547.64,食品
U02313,ORD_U02313_000,2023-02-24,875.0,数码
U02313,ORD_U02313_001,2023-03-22,489.29,家居
U02313,ORD_U02313_002,2023-03-27,815.84,食品
U02313,ORD_U02313_004,2023-04-22,369.36,服饰
U02313,ORD_U02313_007,2023-06-14,328.74,家居
U02313,ORD_U02313_003,2023-06-21,679.77,美妆
U02313,ORD_U02313_005,2023-08-09,522.61,服饰
U02313,ORD_U02313_006,2023-09-26,623.83,家居
U02314,ORD_U02314_000,2024-10-26,139.77,家居
U02314,ORD_U02314_002,2024-12-13,135.49,家居
U02314,ORD_U02314_001,2024-12-23,81.05,服饰
U02314,ORD_U02314_003,2025-04-18,66.64,服饰
U02315,ORD_U02315_000,2025-02-17,67.81,食品
U02315,ORD_U02315_001,2025-04-05,39.03,数码
U02316,ORD_U02316_000,2023-09-28,267.7,美妆
U02316,ORD_U02316_001,2023-10-20,121.03,食品
U02316,ORD_U02316_002,2023-12-14,294.33,家居
U02316,ORD_U02316_005,2024-01-27,116.6,服饰
U02316,ORD_U02316_004,2024-01-30,386.26,美妆
U02316,ORD_U02316_003,2024-02-13,330.28,数码
U02316,ORD_U02316_009,2024-03-06,240.19,服饰
U02316,ORD_U02316_006,2024-06-17,111.98,食品
U02316,ORD_U02316_007,2024-08-05,301.2,服饰
U02316,ORD_U02316_008,2024-08-05,345.49,家居
U02317,ORD_U02317_000,2023-07-25,96.52,食品
U02318,ORD_U02318_001,2025-01-03,566.9,食品
U02318,ORD_U02318_000,2025-01-07,1186.01,食品
U02318,ORD_U02318_002,2025-02-11,539.22,食品
U02318,ORD_U02318_005,2025-03-03,477.89,食品
U02318,ORD_U02318_003,2025-03-05,523.64,美妆
U02318,ORD_U02318_009,2025-03-09,1219.62,美妆
U02318,ORD_U02318_004,2025-03-23,540.69,家居
U02318,ORD_U02318_010,2025-03-23,355.18,服饰
U02318,ORD_U02318_007,2025-04-09,613.94,服饰
U02318,ORD_U02318_006,2025-04-15,1283.08,食品
U02318,ORD_U02318_013,2025-05-26,873.86,家居
U02318,ORD_U02318_018,2025-06-07,1279.33,家居
U02318,ORD_U02318_012,2025-07-29,407.12,数码
U02318,ORD_U02318_008,2025-07-31,925.48,数码
U02318,ORD_U02318_011,2025-07-31,609.26,家居
U02318,ORD_U02318_024,2025-09-07,500.45,服饰
U02318,ORD_U02318_023,2025-11-18,560.08,服饰
U02318,ORD_U02318_014,2025-12-21,969.86,美妆
U02318,ORD_U02318_015,2026-01-07,664.6,家居
U02318,ORD_U02318_016,2026-02-09,570.28,食品
U02318,ORD_U02318_017,2026-03-30,425.85,食品
U02318,ORD_U02318_020,2026-04-01,1273.71,家居
U02318,ORD_U02318_028,2026-05-10,1177.69,家居
U02318,ORD_U02318_019,2026-07-02,658.7,家居
U02318,ORD_U02318_022,2026-07-28,713.48,食品
U02318,ORD_U02318_021,2026-08-03,865.71,家居
U02318,ORD_U02318_025,2026-11-12,618.62,家居
U02318,ORD_U02318_027,2026-11-15,1014.7,数码
U02318,ORD_U02318_026,2027-01-09,385.78,家居
U02319,ORD_U02319_001,2024-10-03,804.13,家居
U02319,ORD_U02319_000,2024-10-04,735.89,数码
U02319,ORD_U02319_003,2024-10-26,450.06,食品
U02319,ORD_U02319_002,2024-11-11,598.76,食品
U02319,ORD_U02319_006,2025-01-27,701.66,数码
U02319,ORD_U02319_004,2025-02-14,337.02,美妆
U02319,ORD_U02319_005,2025-02-21,682.04,家居
U02319,ORD_U02319_009,2025-03-19,879.64,数码
U02319,ORD_U02319_007,2025-04-20,897.67,食品
U02319,ORD_U02319_008,2025-06-18,718.64,食品
U02320,ORD_U02320_000,2024-01-25,116.22,食品
U02320,ORD_U02320_002,2024-03-26,174.12,服饰
U02320,ORD_U02320_001,2024-06-16,176.28,家居
U02321,ORD_U02321_000,2024-08-07,608.99,数码
U02321,ORD_U02321_001,2024-09-09,568.62,食品
U02321,ORD_U02321_002,2024-09-30,590.15,美妆
U02321,ORD_U02321_005,2024-10-18,515.09,数码
U02321,ORD_U02321_008,2024-12-02,431.22,服饰
U02321,ORD_U02321_004,2024-12-03,335.59,食品
U02321,ORD_U02321_006,2024-12-26,414.06,家居
U02321,ORD_U02321_003,2025-01-04,214.31,食品
U02321,ORD_U02321_007,2025-02-04,226.66,数码
U02322,ORD_U02322_000,2024-02-22,154.01,家居
U02322,ORD_U02322_001,2024-03-16,95.06,美妆
U02322,ORD_U02322_002,2024-05-19,134.62,数码
U02322,ORD_U02322_005,2024-07-04,201.5,美妆
U02322,ORD_U02322_003,2024-08-22,143.92,美妆
U02322,ORD_U02322_007,2024-09-08,130.87,数码
U02322,ORD_U02322_004,2024-10-08,199.47,数码
U02322,ORD_U02322_006,2025-03-08,134.66,家居
U02323,ORD_U02323_000,2023-10-05,137.49,家居
U02323,ORD_U02323_001,2023-10-23,74.43,家居
U02324,ORD_U02324_000,2024-11-13,145.12,美妆
U02324,ORD_U02324_001,2024-12-26,157.04,家居
U02324,ORD_U02324_002,2025-04-03,114.14,服饰
U02325,ORD_U02325_000,2023-10-01,267.92,食品
U02325,ORD_U02325_001,2023-11-15,560.12,食品
U02325,ORD_U02325_003,2023-12-14,247.48,美妆
U02325,ORD_U02325_002,2024-01-04,275.33,美妆
U02325,ORD_U02325_004,2024-03-03,537.29,数码
U02325,ORD_U02325_005,2024-05-29,378.4,数码
U02325,ORD_U02325_006,2024-06-21,347.47,服饰
U02326,ORD_U02326_000,2024-11-21,202.27,美妆
U02326,ORD_U02326_001,2025-01-25,97.63,数码
U02327,ORD_U02327_000,2023-06-30,117.08,服饰
U02327,ORD_U02327_001,2023-09-01,178.89,美妆
U02328,ORD_U02328_001,2023-11-10,160.9,食品
U02328,ORD_U02328_000,2023-11-25,173.69,食品
U02328,ORD_U02328_002,2024-01-17,203.16,食品
U02328,ORD_U02328_003,2024-01-18,240.17,服饰
U02328,ORD_U02328_004,2024-01-31,165.23,家居
U02328,ORD_U02328_006,2024-02-06,337.74,家居
U02328,ORD_U02328_008,2024-05-01,128.35,服饰
U02328,ORD_U02328_012,2024-05-11,325.43,数码
U02328,ORD_U02328_009,2024-06-07,439.02,家居
U02328,ORD_U02328_005,2024-06-27,223.07,食品
U02328,ORD_U02328_007,2024-09-25,430.69,家居
U02328,ORD_U02328_010,2024-10-15,378.83,服饰
U02328,ORD_U02328_011,2025-02-17,201.31,食品
U02329,ORD_U02329_000,2024-04-16,140.16,美妆
U02329,ORD_U02329_001,2024-07-12,124.92,食品
U02329,ORD_U02329_003,2024-08-13,52.86,数码
U02329,ORD_U02329_002,2024-10-10,90.56,服饰
U02330,ORD_U02330_000,2024-09-02,281.44,家居
U02330,ORD_U02330_002,2024-09-17,360.66,家居
U02330,ORD_U02330_001,2024-09-28,319.97,服饰
U02330,ORD_U02330_003,2024-11-09,437.46,美妆
U02330,ORD_U02330_004,2024-11-12,674.7,家居
U02330,ORD_U02330_007,2024-12-14,323.01,食品
U02330,ORD_U02330_006,2025-01-17,671.2,数码
U02330,ORD_U02330_008,2025-01-23,521.9,家居
U02330,ORD_U02330_013,2025-03-22,517.24,食品
U02330,ORD_U02330_005,2025-04-18,349.54,数码
U02330,ORD_U02330_014,2025-05-05,341.98,家居
U02330,ORD_U02330_009,2025-06-02,290.72,家居
U02330,ORD_U02330_010,2025-06-09,386.94,美妆
U02330,ORD_U02330_015,2025-07-26,355.23,食品
U02330,ORD_U02330_011,2025-09-29,282.54,数码
U02330,ORD_U02330_012,2026-01-07,330.4,服饰
U02330,ORD_U02330_017,2026-02-27,315.41,家居
U02330,ORD_U02330_016,2026-03-28,287.46,家居
U02331,ORD_U02331_000,2023-08-09,1509.44,食品
U02331,ORD_U02331_001,2023-08-22,790.24,美妆
U02331,ORD_U02331_002,2023-09-13,823.68,服饰
U02331,ORD_U02331_004,2023-10-01,485.27,数码
U02331,ORD_U02331_003,2023-11-12,1033.66,数码
U02331,ORD_U02331_005,2023-12-29,1395.3,服饰
U02331,ORD_U02331_015,2024-01-08,1203.58,美妆
U02331,ORD_U02331_006,2024-01-23,594.06,服饰
U02331,ORD_U02331_011,2024-01-24,686.43,数码
U02331,ORD_U02331_023,2024-02-14,594.15,数码
U02331,ORD_U02331_007,2024-02-21,1464.35,家居
U02331,ORD_U02331_019,2024-03-10,1048.75,家居
U02331,ORD_U02331_020,2024-03-11,445.64,数码
U02331,ORD_U02331_010,2024-03-17,971.87,家居
U02331,ORD_U02331_008,2024-03-29,1206.26,美妆
U02331,ORD_U02331_021,2024-04-17,1176.32,数码
U02331,ORD_U02331_009,2024-04-26,480.17,数码
U02331,ORD_U02331_016,2024-06-15,1232.46,服饰
U02331,ORD_U02331_012,2024-06-20,1188.42,服饰
U02331,ORD_U02331_014,2024-07-26,1465.44,数码
U02331,ORD_U02331_013,2024-08-14,1432.93,数码
U02331,ORD_U02331_022,2024-10-02,1403.82,家居
U02331,ORD_U02331_017,2025-01-03,489.23,数码
U02331,ORD_U02331_018,2025-02-09,716.87,食品
U02332,ORD_U02332_000,2024-05-21,330.05,数码
U02332,ORD_U02332_001,2024-06-19,154.1,数码
U02332,ORD_U02332_002,2024-07-17,110.24,服饰
U02332,ORD_U02332_003,2024-08-10,266.81,美妆
U02332,ORD_U02332_005,2024-11-21,134.64,家居
U02332,ORD_U02332_004,2025-01-01,181.02,食品
U02332,ORD_U02332_006,2025-03-26,253.64,美妆
U02333,ORD_U02333_000,2024-06-11,135.36,服饰
U02333,ORD_U02333_001,2024-06-16,196.82,家居
U02334,ORD_U02334_000,2024-03-31,264.08,数码
U02334,ORD_U02334_002,2024-04-01,603.11,服饰
U02334,ORD_U02334_001,2024-05-02,545.38,食品
U02334,ORD_U02334_003,2024-06-13,725.07,服饰
U02334,ORD_U02334_004,2024-06-18,716.14,食品
U02334,ORD_U02334_007,2024-07-31,777.61,服饰
U02334,ORD_U02334_009,2024-09-22,408.0,服饰
U02334,ORD_U02334_006,2024-10-20,757.5,美妆
U02334,ORD_U02334_005,2024-11-02,483.09,数码
U02334,ORD_U02334_014,2024-12-11,407.83,食品
U02334,ORD_U02334_010,2025-02-05,427.59,美妆
U02334,ORD_U02334_008,2025-02-16,563.68,家居
U02334,ORD_U02334_011,2025-05-05,617.04,食品
U02334,ORD_U02334_013,2025-06-14,747.43,食品
U02334,ORD_U02334_015,2025-08-06,679.1,数码
U02334,ORD_U02334_012,2025-09-08,535.55,数码
U02335,ORD_U02335_000,2024-03-08,1709.15,食品
U02335,ORD_U02335_002,2024-03-24,2191.24,服饰
U02335,ORD_U02335_001,2024-03-25,2031.72,数码
U02335,ORD_U02335_003,2024-03-31,1064.25,家居
U02335,ORD_U02335_007,2024-05-04,2007.75,服饰
U02335,ORD_U02335_004,2024-05-11,1104.95,数码
U02335,ORD_U02335_013,2024-06-02,2432.19,美妆
U02335,ORD_U02335_005,2024-07-05,746.14,食品
U02335,ORD_U02335_009,2024-07-27,2066.24,家居
U02335,ORD_U02335_014,2024-08-05,1767.93,服饰
U02335,ORD_U02335_006,2024-08-13,1457.51,数码
U02335,ORD_U02335_008,2024-08-22,1932.88,数码
U02335,ORD_U02335_015,2024-09-16,1274.22,家居
U02335,ORD_U02335_010,2024-09-25,617.8,服饰
U02335,ORD_U02335_011,2024-11-06,1144.14,数码
U02335,ORD_U02335_018,2024-11-14,1870.23,数码
U02335,ORD_U02335_012,2024-12-07,1194.88,美妆
U02335,ORD_U02335_020,2024-12-16,954.57,美妆
U02335,ORD_U02335_023,2025-01-08,2304.04,服饰
U02335,ORD_U02335_017,2025-01-20,2031.75,家居
U02335,ORD_U02335_016,2025-01-26,2178.62,食品
U02335,ORD_U02335_019,2025-02-06,1805.36,服饰
U02335,ORD_U02335_029,2025-02-06,1136.63,食品
U02335,ORD_U02335_021,2025-02-17,2003.19,食品
U02335,ORD_U02335_039,2025-03-01,2202.8,数码
U02335,ORD_U02335_030,2025-03-28,972.77,数码
U02335,ORD_U02335_025,2025-03-29,1459.08,数码
U02335,ORD_U02335_024,2025-04-28,2299.48,服饰
U02335,ORD_U02335_027,2025-07-17,1464.55,美妆
U02335,ORD_U02335_034,2025-07-18,2209.25,服饰
U02335,ORD_U02335_028,2025-09-29,2142.09,美妆
U02335,ORD_U02335_022,2025-10-10,947.99,服饰
U02335,ORD_U02335_026,2025-10-12,723.97,美妆
U02335,ORD_U02335_031,2025-12-27,1190.29,家居
U02335,ORD_U02335_038,2026-03-06,1951.29,服饰
U02335,ORD_U02335_037,2026-04-11,1982.92,美妆
U02335,ORD_U02335_033,2026-04-23,2300.23,家居
U02335,ORD_U02335_032,2026-07-20,1536.85,美妆
U02335,ORD_U02335_035,2026-11-03,2165.13,服饰
U02335,ORD_U02335_036,2027-01-08,729.91,服饰
U02336,ORD_U02336_000,2023-05-05,270.29,美妆
U02336,ORD_U02336_001,2023-06-13,435.79,家居
U02336,ORD_U02336_002,2023-07-06,440.79,服饰
U02336,ORD_U02336_003,2023-08-02,581.83,美妆
U02336,ORD_U02336_004,2023-08-08,633.71,家居
U02336,ORD_U02336_006,2023-08-30,195.96,食品
U02336,ORD_U02336_005,2023-09-21,386.7,数码
U02336,ORD_U02336_009,2023-11-26,509.35,美妆
U02336,ORD_U02336_008,2023-11-28,532.38,家居
U02336,ORD_U02336_007,2024-01-14,229.03,美妆
U02336,ORD_U02336_012,2024-05-05,333.26,美妆
U02336,ORD_U02336_017,2024-06-10,481.58,食品
U02336,ORD_U02336_016,2024-07-02,514.7,家居
U02336,ORD_U02336_010,2024-07-24,170.57,服饰
U02336,ORD_U02336_014,2024-08-10,429.73,美妆
U02336,ORD_U02336_011,2024-09-12,173.37,美妆
U02336,ORD_U02336_013,2024-09-22,263.47,服饰
U02336,ORD_U02336_018,2024-10-11,530.97,食品
U02336,ORD_U02336_015,2024-10-22,192.74,服饰
U02336,ORD_U02336_019,2025-07-04,160.81,家居
U02337,ORD_U02337_000,2024-03-04,213.33,美妆
U02337,ORD_U02337_002,2024-04-29,205.97,美妆
U02337,ORD_U02337_001,2024-05-06,292.16,服饰
U02337,ORD_U02337_003,2024-05-16,155.36,食品
U02337,ORD_U02337_004,2024-06-26,295.37,美妆
U02337,ORD_U02337_006,2024-07-31,358.89,家居
U02337,ORD_U02337_005,2024-08-04,172.66,家居
U02337,ORD_U02337_007,2024-08-30,263.56,数码
U02337,ORD_U02337_008,2024-09-29,254.35,美妆
U02337,ORD_U02337_009,2025-04-08,102.12,食品
U02338,ORD_U02338_000,2023-05-18,188.43,美妆
U02339,ORD_U02339_000,2023-04-11,277.85,美妆
U02339,ORD_U02339_001,2023-04-22,296.29,服饰
U02339,ORD_U02339_004,2023-06-24,107.66,食品
U02339,ORD_U02339_002,2023-07-10,171.6,服饰
U02339,ORD_U02339_005,2023-07-17,245.73,服饰
U02339,ORD_U02339_003,2023-08-16,257.63,服饰
U02339,ORD_U02339_009,2023-09-28,110.33,服饰
U02339,ORD_U02339_007,2023-10-15,159.07,家居
U02339,ORD_U02339_006,2023-10-31,188.13,家居
U02339,ORD_U02339_013,2023-12-12,268.25,食品
U02339,ORD_U02339_015,2023-12-24,275.4,美妆
U02339,ORD_U02339_010,2024-02-18,79.46,美妆
U02339,ORD_U02339_008,2024-03-01,88.14,食品
U02339,ORD_U02339_011,2024-03-06,172.41,食品
U02339,ORD_U02339_012,2024-03-13,189.2,数码
U02339,ORD_U02339_014,2024-11-28,206.3,家居
U02340,ORD_U02340_000,2024-12-26,57.69,食品
U02341,ORD_U02341_000,2023-10-29,19.43,服饰
U02342,ORD_U02342_000,2023-03-18,60.09,家居
U02342,ORD_U02342_001,2023-05-19,100.11,家居
U02342,ORD_U02342_002,2023-10-24,161.53,家居
U02343,ORD_U02343_000,2025-01-09,255.1,家居
U02343,ORD_U02343_001,2025-02-13,249.63,食品
U02343,ORD_U02343_003,2025-03-18,178.74,服饰
U02343,ORD_U02343_002,2025-04-17,160.09,食品
U02344,ORD_U02344_000,2023-04-08,126.4,美妆
U02344,ORD_U02344_001,2023-06-11,83.31,服饰
U02344,ORD_U02344_003,2023-07-17,98.3,食品
U02344,ORD_U02344_004,2023-07-19,207.5,数码
U02344,ORD_U02344_002,2023-08-05,225.01,数码
U02345,ORD_U02345_000,2023-04-12,226.28,家居
U02345,ORD_U02345_001,2023-04-23,242.32,食品
U02345,ORD_U02345_002,2023-05-25,211.31,食品
U02345,ORD_U02345_003,2023-07-17,270.11,数码
U02345,ORD_U02345_004,2023-11-25,100.14,食品
U02345,ORD_U02345_005,2024-01-15,278.08,食品
U02346,ORD_U02346_000,2024-07-24,83.52,食品
U02347,ORD_U02347_000,2024-10-11,223.79,数码
U02347,ORD_U02347_001,2024-11-24,628.97,食品
U02347,ORD_U02347_002,2024-12-17,311.06,家居
U02347,ORD_U02347_004,2024-12-27,229.55,数码
U02347,ORD_U02347_006,2025-01-11,277.9,美妆
U02347,ORD_U02347_003,2025-02-04,201.9,家居
U02347,ORD_U02347_009,2025-02-14,376.69,食品
U02347,ORD_U02347_005,2025-02-15,686.99,食品
U02347,ORD_U02347_008,2025-03-13,271.26,数码
U02347,ORD_U02347_012,2025-05-14,199.11,家居
U02347,ORD_U02347_011,2025-06-30,545.42,家居
U02347,ORD_U02347_010,2025-07-15,596.61,美妆
U02347,ORD_U02347_014,2025-08-27,571.46,食品
U02347,ORD_U02347_007,2025-08-31,573.62,美妆
U02347,ORD_U02347_018,2026-01-04,475.91,美妆
U02347,ORD_U02347_017,2026-02-02,210.75,食品
U02347,ORD_U02347_013,2026-02-19,480.72,美妆
U02347,ORD_U02347_015,2026-03-08,217.03,美妆
U02347,ORD_U02347_016,2026-07-10,569.46,数码
U02347,ORD_U02347_019,2027-01-30,582.33,家居
U02348,ORD_U02348_000,2024-09-24,199.94,家居
U02348,ORD_U02348_001,2024-12-27,199.8,数码
U02349,ORD_U02349_000,2024-01-29,280.84,美妆
U02349,ORD_U02349_001,2024-02-22,215.32,食品
U02349,ORD_U02349_002,2024-04-10,197.88,食品
U02349,ORD_U02349_004,2024-05-31,149.54,食品
U02349,ORD_U02349_003,2024-07-04,160.77,数码
U02350,ORD_U02350_000,2024-09-24,227.16,服饰
U02350,ORD_U02350_001,2024-10-24,350.0,食品
U02350,ORD_U02350_002,2024-11-24,217.45,服饰
U02350,ORD_U02350_003,2024-12-23,394.48,服饰
U02351,ORD_U02351_000,2024-10-11,62.77,服饰
U02351,ORD_U02351_001,2024-12-04,176.36,数码
U02351,ORD_U02351_002,2024-12-26,97.73,数码
U02351,ORD_U02351_004,2025-02-12,207.8,家居
U02351,ORD_U02351_003,2025-03-10,81.75,服饰
U02351,ORD_U02351_005,2025-06-04,185.96,美妆
U02351,ORD_U02351_008,2025-07-01,105.75,食品
U02351,ORD_U02351_006,2025-07-04,169.83,食品
U02351,ORD_U02351_007,2025-12-06,90.0,服饰
U02352,ORD_U02352_001,2023-06-23,332.36,家居
U02352,ORD_U02352_000,2023-06-25,332.25,食品
U02352,ORD_U02352_002,2023-09-09,269.84,数码
U02352,ORD_U02352_003,2023-10-03,186.56,数码
U02352,ORD_U02352_004,2023-10-15,200.65,数码
U02352,ORD_U02352_005,2023-11-13,159.25,食品
U02352,ORD_U02352_006,2023-12-19,115.89,美妆
U02352,ORD_U02352_007,2023-12-27,218.58,数码
U02352,ORD_U02352_009,2024-01-24,153.58,家居
U02352,ORD_U02352_014,2024-05-02,365.76,食品
U02352,ORD_U02352_008,2024-06-02,311.18,食品
U02352,ORD_U02352_011,2024-07-12,218.19,服饰
U02352,ORD_U02352_010,2024-08-11,306.67,家居
U02352,ORD_U02352_012,2024-09-03,330.13,食品
U02352,ORD_U02352_013,2024-12-03,358.9,数码
U02353,ORD_U02353_000,2023-11-20,57.38,食品
U02353,ORD_U02353_001,2023-12-21,38.35,美妆
U02353,ORD_U02353_002,2024-04-13,75.74,数码
U02354,ORD_U02354_000,2023-07-08,528.94,美妆
U02354,ORD_U02354_001,2023-08-23,770.44,服饰
U02354,ORD_U02354_002,2023-09-03,886.12,服饰
U02354,ORD_U02354_003,2023-11-28,878.02,美妆
U02354,ORD_U02354_005,2024-01-18,879.72,食品
U02354,ORD_U02354_004,2024-01-20,412.96,美妆
U02354,ORD_U02354_006,2024-02-04,347.26,数码
U02354,ORD_U02354_008,2024-04-18,265.5,数码
U02354,ORD_U02354_007,2024-05-23,267.67,美妆
U02355,ORD_U02355_000,2023-06-24,69.23,食品
U02355,ORD_U02355_001,2023-10-22,55.99,服饰
U02356,ORD_U02356_000,2024-10-03,36.1,食品
U02356,ORD_U02356_002,2024-10-30,46.22,服饰
U02356,ORD_U02356_001,2024-11-18,59.22,美妆
U02356,ORD_U02356_003,2025-02-18,43.04,数码
U02357,ORD_U02357_000,2024-09-17,39.3,数码
U02357,ORD_U02357_001,2024-11-01,80.83,食品
U02357,ORD_U02357_002,2024-12-17,100.49,美妆
U02357,ORD_U02357_003,2025-04-09,87.79,服饰
U02358,ORD_U02358_000,2024-03-14,243.01,美妆
U02358,ORD_U02358_001,2024-05-02,480.82,美妆
U02358,ORD_U02358_004,2024-05-30,213.23,服饰
U02358,ORD_U02358_002,2024-06-06,443.63,数码
U02358,ORD_U02358_003,2024-08-28,203.13,食品
U02358,ORD_U02358_005,2024-11-13,266.17,数码
U02358,ORD_U02358_006,2024-12-06,382.87,美妆
U02358,ORD_U02358_007,2025-05-24,153.46,数码
U02359,ORD_U02359_000,2024-01-26,94.33,服饰
U02359,ORD_U02359_001,2024-03-13,149.64,食品
U02359,ORD_U02359_002,2024-05-19,74.84,数码
U02360,ORD_U02360_000,2024-07-03,179.49,数码
U02360,ORD_U02360_001,2024-10-22,256.45,服饰
U02360,ORD_U02360_002,2024-10-27,379.23,数码
U02361,ORD_U02361_000,2024-04-28,59.31,美妆
U02361,ORD_U02361_002,2024-06-07,60.39,服饰
U02361,ORD_U02361_001,2024-07-05,101.13,食品
U02361,ORD_U02361_003,2024-07-13,85.43,家居
U02362,ORD_U02362_001,2023-05-30,773.95,食品
U02362,ORD_U02362_000,2023-06-09,754.48,美妆
U02362,ORD_U02362_002,2023-08-15,768.62,家居
U02362,ORD_U02362_006,2023-10-07,727.85,服饰
U02362,ORD_U02362_003,2023-10-12,730.64,服饰
U02362,ORD_U02362_004,2023-11-25,320.47,服饰
U02362,ORD_U02362_005,2023-12-01,720.21,食品
U02362,ORD_U02362_007,2024-01-14,365.45,数码
U02362,ORD_U02362_008,2024-02-24,350.77,美妆
U02363,ORD_U02363_000,2025-01-02,258.17,家居
U02363,ORD_U02363_001,2025-01-14,249.62,食品
U02363,ORD_U02363_003,2025-04-12,229.97,数码
U02363,ORD_U02363_002,2025-05-03,198.62,服饰
U02363,ORD_U02363_004,2025-07-11,252.22,数码
U02364,ORD_U02364_000,2024-08-11,71.94,服饰
U02365,ORD_U02365_000,2024-06-28,87.79,家居
U02365,ORD_U02365_001,2024-07-01,91.79,食品
U02366,ORD_U02366_000,2024-08-23,56.84,家居
U02366,ORD_U02366_001,2024-10-02,86.45,服饰
U02366,ORD_U02366_002,2024-11-10,90.91,服饰
U02366,ORD_U02366_005,2024-12-06,144.01,服饰
U02366,ORD_U02366_007,2025-02-03,114.81,服饰
U02366,ORD_U02366_003,2025-02-22,65.32,数码
U02366,ORD_U02366_006,2025-03-02,81.61,美妆
U02366,ORD_U02366_004,2025-03-15,120.41,美妆
U02367,ORD_U02367_000,2024-06-03,556.42,家居
U02367,ORD_U02367_003,2024-06-16,657.53,美妆
U02367,ORD_U02367_001,2024-06-23,619.78,美妆
U02367,ORD_U02367_002,2024-07-17,594.25,数码
U02367,ORD_U02367_004,2024-08-13,477.01,食品
U02367,ORD_U02367_006,2024-09-21,279.42,服饰
U02367,ORD_U02367_011,2024-10-25,643.47,数码
U02367,ORD_U02367_008,2024-11-05,265.87,数码
U02367,ORD_U02367_007,2024-11-23,506.51,美妆
U02367,ORD_U02367_005,2024-12-04,301.18,数码
U02367,ORD_U02367_010,2024-12-16,208.68,美妆
U02367,ORD_U02367_009,2025-03-28,533.26,服饰
U02367,ORD_U02367_014,2025-04-22,267.28,服饰
U02367,ORD_U02367_012,2025-08-13,312.19,食品
U02367,ORD_U02367_013,2026-01-04,341.43,服饰
U02368,ORD_U02368_000,2024-04-08,68.5,服饰
U02368,ORD_U02368_001,2024-06-11,54.34,美妆
U02368,ORD_U02368_002,2024-09-29,111.07,数码
U02369,ORD_U02369_000,2023-05-29,330.83,美妆
U02369,ORD_U02369_001,2023-06-02,197.46,数码
U02369,ORD_U02369_002,2023-07-30,274.31,美妆
U02369,ORD_U02369_003,2023-10-18,323.26,家居
U02370,ORD_U02370_000,2024-04-23,439.38,美妆
U02370,ORD_U02370_001,2024-06-26,1015.06,美妆
U02370,ORD_U02370_002,2024-06-30,1031.03,服饰
U02370,ORD_U02370_003,2024-07-12,542.52,美妆
U02370,ORD_U02370_004,2024-09-08,404.68,服饰
U02370,ORD_U02370_006,2024-10-05,782.72,美妆
U02370,ORD_U02370_005,2024-11-18,446.19,数码
U02370,ORD_U02370_013,2024-12-27,780.02,美妆
U02370,ORD_U02370_010,2025-01-14,493.33,服饰
U02370,ORD_U02370_009,2025-01-20,971.59,服饰
U02370,ORD_U02370_014,2025-02-03,676.11,美妆
U02370,ORD_U02370_011,2025-02-08,996.99,食品
U02370,ORD_U02370_007,2025-02-25,600.8,家居
U02370,ORD_U02370_008,2025-04-24,413.91,家居
U02370,ORD_U02370_015,2025-06-11,1047.01,美妆
U02370,ORD_U02370_016,2025-06-25,950.87,食品
U02370,ORD_U02370_012,2025-09-27,1051.95,美妆
U02370,ORD_U02370_018,2026-01-20,718.21,服饰
U02370,ORD_U02370_019,2026-04-15,823.24,服饰
U02370,ORD_U02370_017,2026-04-28,586.49,数码
U02371,ORD_U02371_000,2024-11-09,64.66,家居
U02371,ORD_U02371_001,2025-01-30,41.19,服饰
U02372,ORD_U02372_000,2024-12-13,21.15,美妆
U02373,ORD_U02373_000,2023-09-16,91.88,家居
U02374,ORD_U02374_000,2024-06-13,41.27,美妆
U02374,ORD_U02374_001,2024-08-16,29.12,美妆
U02374,ORD_U02374_002,2024-11-27,41.44,食品
U02375,ORD_U02375_000,2024-11-05,191.92,家居
U02375,ORD_U02375_001,2024-12-22,433.25,食品
U02375,ORD_U02375_002,2025-01-05,273.7,食品
U02375,ORD_U02375_004,2025-03-05,152.71,数码
U02375,ORD_U02375_003,2025-03-30,329.93,数码
U02375,ORD_U02375_005,2025-04-22,263.63,食品
U02375,ORD_U02375_010,2025-05-19,139.56,数码
U02375,ORD_U02375_006,2025-06-09,419.5,数码
U02375,ORD_U02375_008,2025-06-17,428.11,食品
U02375,ORD_U02375_014,2025-07-08,414.11,服饰
U02375,ORD_U02375_009,2025-08-21,263.83,美妆
U02375,ORD_U02375_013,2025-08-22,461.5,服饰
U02375,ORD_U02375_007,2025-09-13,191.09,服饰
U02375,ORD_U02375_012,2025-11-12,444.46,美妆
U02375,ORD_U02375_011,2025-12-22,262.62,食品
U02375,ORD_U02375_016,2026-01-20,248.99,美妆
U02375,ORD_U02375_015,2026-07-13,210.9,家居
U02375,ORD_U02375_017,2026-09-04,144.9,美妆
U02376,ORD_U02376_000,2023-12-01,48.2,数码
U02376,ORD_U02376_002,2024-02-06,79.13,数码
U02376,ORD_U02376_001,2024-03-20,69.94,数码
U02376,ORD_U02376_003,2024-04-15,117.72,数码
U02377,ORD_U02377_000,2023-02-19,189.11,家居
U02377,ORD_U02377_001,2023-05-08,129.88,服饰
U02377,ORD_U02377_002,2023-05-28,152.49,数码
U02377,ORD_U02377_003,2023-07-10,88.12,美妆
U02377,ORD_U02377_005,2023-07-20,194.33,服饰
U02377,ORD_U02377_004,2023-08-15,113.39,食品
U02377,ORD_U02377_007,2023-08-27,112.24,服饰
U02377,ORD_U02377_006,2023-11-08,241.68,美妆
U02377,ORD_U02377_008,2024-05-30,106.65,服饰
U02378,ORD_U02378_000,2024-05-14,300.54,家居
U02378,ORD_U02378_001,2024-06-02,930.2,美妆
U02378,ORD_U02378_002,2024-07-02,956.64,数码
U02378,ORD_U02378_004,2024-08-12,512.89,美妆
U02378,ORD_U02378_003,2024-09-15,291.66,食品
U02378,ORD_U02378_006,2024-09-16,924.87,食品
U02378,ORD_U02378_008,2024-10-27,729.45,数码
U02378,ORD_U02378_005,2024-11-04,653.38,数码
U02378,ORD_U02378_010,2025-02-24,567.11,服饰
U02378,ORD_U02378_007,2025-03-07,283.04,服饰
U02378,ORD_U02378_009,2025-05-08,742.33,服饰
U02378,ORD_U02378_011,2025-07-21,979.18,家居
U02379,ORD_U02379_000,2023-10-27,137.87,服饰
U02379,ORD_U02379_001,2023-12-10,58.24,服饰
U02379,ORD_U02379_002,2024-04-29,70.56,家居
U02379,ORD_U02379_003,2024-06-07,80.62,美妆
U02380,ORD_U02380_000,2024-06-17,388.22,数码
U02380,ORD_U02380_002,2024-07-04,163.33,食品
U02380,ORD_U02380_001,2024-08-08,280.26,美妆
U02380,ORD_U02380_003,2024-11-16,196.91,美妆
U02380,ORD_U02380_009,2024-12-14,177.82,数码
U02380,ORD_U02380_007,2025-01-04,435.02,家居
U02380,ORD_U02380_004,2025-01-12,123.31,家居
U02380,ORD_U02380_005,2025-02-21,254.69,数码
U02380,ORD_U02380_006,2025-04-04,171.52,服饰
U02380,ORD_U02380_008,2025-04-24,172.83,数码
U02381,ORD_U02381_000,2024-06-06,66.68,服饰
U02382,ORD_U02382_000,2024-04-24,721.53,家居
U02382,ORD_U02382_001,2024-05-09,592.05,美妆
U02382,ORD_U02382_002,2024-06-17,396.79,家居
U02382,ORD_U02382_003,2024-07-14,808.22,数码
U02382,ORD_U02382_004,2024-08-11,708.49,家居
U02382,ORD_U02382_007,2024-08-13,501.33,数码
U02382,ORD_U02382_005,2024-11-04,393.22,数码
U02382,ORD_U02382_006,2024-11-24,483.76,服饰
U02382,ORD_U02382_011,2024-12-23,684.99,家居
U02382,ORD_U02382_009,2025-01-01,328.09,数码
U02382,ORD_U02382_008,2025-03-14,595.65,服饰
U02382,ORD_U02382_010,2025-03-25,335.4,服饰
U02383,ORD_U02383_000,2024-09-12,214.16,家居
U02383,ORD_U02383_001,2024-10-15,151.88,美妆
U02383,ORD_U02383_002,2024-11-12,101.47,服饰
U02383,ORD_U02383_003,2025-03-03,310.65,食品
U02383,ORD_U02383_007,2025-03-11,267.42,家居
U02383,ORD_U02383_004,2025-05-22,128.97,美妆
U02383,ORD_U02383_005,2025-07-13,126.64,服饰
U02383,ORD_U02383_006,2025-09-04,206.72,食品
U02384,ORD_U02384_000,2023-07-09,54.92,食品
U02385,ORD_U02385_000,2023-02-08,480.87,家居
U02385,ORD_U02385_001,2023-04-30,178.2,家居
U02385,ORD_U02385_002,2023-05-20,505.83,食品
U02385,ORD_U02385_003,2023-08-31,389.6,数码
U02386,ORD_U02386_000,2024-07-10,756.91,服饰
U02386,ORD_U02386_001,2024-08-21,753.3,美妆
U02386,ORD_U02386_004,2024-09-26,305.34,服饰
U02386,ORD_U02386_002,2024-10-09,471.74,美妆
U02386,ORD_U02386_003,2024-10-19,381.3,家居
U02386,ORD_U02386_009,2024-12-22,738.66,服饰
U02386,ORD_U02386_010,2025-01-17,400.03,数码
U02386,ORD_U02386_005,2025-01-26,280.24,家居
U02386,ORD_U02386_008,2025-03-01,243.19,美妆
U02386,ORD_U02386_006,2025-03-02,731.87,数码
U02386,ORD_U02386_011,2025-03-15,522.21,服饰
U02386,ORD_U02386_007,2025-06-10,225.82,食品
U02387,ORD_U02387_000,2024-06-25,362.29,家居
U02387,ORD_U02387_001,2024-08-17,382.23,服饰
U02387,ORD_U02387_002,2024-10-03,470.22,美妆
U02387,ORD_U02387_003,2024-11-25,393.01,食品
U02387,ORD_U02387_004,2025-02-13,230.25,美妆
U02388,ORD_U02388_000,2024-11-28,217.96,服饰
U02388,ORD_U02388_001,2025-02-06,195.86,美妆
U02388,ORD_U02388_002,2025-02-25,164.11,数码
U02388,ORD_U02388_003,2025-04-04,217.74,家居
U02388,ORD_U02388_004,2025-08-06,256.53,食品
U02389,ORD_U02389_000,2023-09-22,174.21,服饰
U02389,ORD_U02389_001,2023-10-31,92.17,美妆
U02389,ORD_U02389_003,2023-11-21,227.19,数码
U02389,ORD_U02389_004,2023-12-02,138.63,家居
U02389,ORD_U02389_002,2023-12-23,61.18,食品
U02389,ORD_U02389_008,2024-02-27,136.3,家居
U02389,ORD_U02389_006,2024-04-10,91.46,家居
U02389,ORD_U02389_005,2024-04-29,106.26,美妆
U02389,ORD_U02389_007,2024-05-05,115.44,家居
U02390,ORD_U02390_000,2023-10-10,150.81,服饰
U02391,ORD_U02391_000,2023-07-15,295.62,食品
U02391,ORD_U02391_002,2023-07-15,133.65,家居
U02391,ORD_U02391_001,2023-08-23,131.37,服饰
U02391,ORD_U02391_003,2023-09-03,168.5,服饰
U02391,ORD_U02391_004,2023-10-25,189.86,数码
U02391,ORD_U02391_005,2023-10-26,272.66,服饰
U02392,ORD_U02392_000,2024-03-23,120.73,服饰
U02392,ORD_U02392_001,2024-07-02,133.45,食品
U02392,ORD_U02392_002,2024-08-25,155.83,美妆
U02392,ORD_U02392_003,2024-12-01,147.42,家居
U02393,ORD_U02393_000,2023-08-17,423.62,家居
U02393,ORD_U02393_001,2023-09-21,617.78,数码
U02393,ORD_U02393_002,2023-10-06,929.73,美妆
U02393,ORD_U02393_009,2023-12-26,414.69,食品
U02393,ORD_U02393_005,2023-12-28,524.51,美妆
U02393,ORD_U02393_007,2023-12-29,942.89,服饰
U02393,ORD_U02393_003,2024-01-15,494.28,食品
U02393,ORD_U02393_004,2024-01-31,380.79,数码
U02393,ORD_U02393_010,2024-02-04,637.23,食品
U02393,ORD_U02393_008,2024-02-23,885.66,美妆
U02393,ORD_U02393_013,2024-03-23,577.68,美妆
U02393,ORD_U02393_006,2024-04-01,698.03,数码
U02393,ORD_U02393_015,2024-06-12,569.23,数码
U02393,ORD_U02393_011,2024-11-03,773.91,服饰
U02393,ORD_U02393_012,2024-12-18,923.97,美妆
U02393,ORD_U02393_016,2025-01-19,875.95,美妆
U02393,ORD_U02393_014,2025-02-17,366.96,家居
U02393,ORD_U02393_017,2025-04-04,613.56,家居
U02394,ORD_U02394_000,2024-05-22,176.22,家居
U02394,ORD_U02394_001,2024-06-13,149.43,食品
U02394,ORD_U02394_002,2024-07-23,94.93,服饰
U02394,ORD_U02394_003,2024-10-01,115.22,食品
U02394,ORD_U02394_004,2024-11-23,148.85,美妆
U02395,ORD_U02395_000,2023-09-11,589.47,数码
U02395,ORD_U02395_001,2023-11-04,245.43,食品
U02395,ORD_U02395_005,2023-12-25,431.0,数码
U02395,ORD_U02395_002,2023-12-26,506.76,食品
U02395,ORD_U02395_004,2024-01-01,208.56,数码
U02395,ORD_U02395_003,2024-01-19,391.63,数码
U02395,ORD_U02395_007,2024-01-19,587.51,食品
U02395,ORD_U02395_009,2024-03-07,406.7,家居
U02395,ORD_U02395_006,2024-03-25,414.4,家居
U02395,ORD_U02395_011,2024-06-18,517.95,数码
U02395,ORD_U02395_010,2024-07-05,182.25,数码
U02395,ORD_U02395_008,2024-08-31,424.7,美妆
U02396,ORD_U02396_000,2024-02-22,153.27,数码
U02396,ORD_U02396_001,2024-04-19,131.35,数码
U02396,ORD_U02396_002,2024-06-07,212.61,美妆
U02397,ORD_U02397_000,2023-06-28,934.8,食品
U02397,ORD_U02397_001,2023-09-05,794.05,数码
U02397,ORD_U02397_002,2023-09-16,880.39,数码
U02397,ORD_U02397_004,2023-10-12,513.01,美妆
U02397,ORD_U02397_003,2023-10-31,358.23,食品
U02397,ORD_U02397_005,2024-01-22,564.03,家居
U02397,ORD_U02397_007,2024-02-06,561.96,家居
U02397,ORD_U02397_009,2024-03-04,751.41,家居
U02397,ORD_U02397_006,2024-03-24,541.6,食品
U02397,ORD_U02397_008,2024-05-29,878.54,食品
U02398,ORD_U02398_000,2024-09-25,244.16,数码
U02398,ORD_U02398_001,2024-12-06,208.37,家居
U02398,ORD_U02398_002,2024-12-26,296.62,食品
U02399,ORD_U02399_000,2023-05-15,128.45,家居
U02399,ORD_U02399_002,2023-05-16,206.18,美妆
U02399,ORD_U02399_001,2023-06-01,81.19,数码
U02399,ORD_U02399_004,2023-07-06,211.95,家居
U02399,ORD_U02399_003,2023-10-14,220.32,服饰
U02399,ORD_U02399_005,2023-12-04,85.86,美妆
U02400,ORD_U02400_000,2024-05-25,139.63,美妆
U02400,ORD_U02400_001,2024-07-30,414.99,美妆
U02400,ORD_U02400_002,2024-09-02,142.02,食品
U02400,ORD_U02400_003,2024-09-12,164.9,食品
U02400,ORD_U02400_004,2024-10-17,309.84,服饰
U02401,ORD_U02401_001,2024-06-30,76.89,食品
U02401,ORD_U02401_000,2024-07-05,60.73,服饰
U02402,ORD_U02402_000,2024-04-06,174.61,家居
U02402,ORD_U02402_001,2024-07-08,82.82,食品
U02402,ORD_U02402_002,2024-08-03,152.19,家居
U02402,ORD_U02402_003,2024-10-07,90.74,服饰
U02403,ORD_U02403_000,2023-01-30,255.15,数码
U02403,ORD_U02403_001,2023-03-25,160.68,食品
U02403,ORD_U02403_003,2023-04-27,216.43,食品
U02403,ORD_U02403_002,2023-05-14,90.34,食品
U02403,ORD_U02403_004,2023-06-29,88.51,家居
U02403,ORD_U02403_005,2023-11-13,139.84,服饰
U02404,ORD_U02404_000,2023-05-24,64.4,食品
U02405,ORD_U02405_000,2024-03-22,35.15,家居
U02406,ORD_U02406_000,2023-05-31,488.0,数码
U02406,ORD_U02406_001,2023-07-08,211.92,服饰
U02406,ORD_U02406_002,2023-08-05,450.94,美妆
U02406,ORD_U02406_003,2023-09-26,515.65,家居
U02406,ORD_U02406_005,2023-10-30,373.05,家居
U02406,ORD_U02406_004,2023-11-28,321.53,家居
U02406,ORD_U02406_006,2024-04-21,354.31,家居
U02406,ORD_U02406_007,2024-06-08,221.85,食品
U02407,ORD_U02407_000,2024-06-09,127.77,数码
U02407,ORD_U02407_001,2024-09-17,127.42,数码
U02407,ORD_U02407_002,2024-11-22,36.08,食品
U02408,ORD_U02408_000,2024-01-20,107.34,服饰
U02408,ORD_U02408_001,2024-02-14,157.47,数码
U02408,ORD_U02408_002,2024-05-22,71.88,服饰
U02408,ORD_U02408_003,2024-07-23,74.66,家居
U02409,ORD_U02409_000,2023-03-25,162.46,食品
U02409,ORD_U02409_001,2023-05-25,417.52,家居
U02409,ORD_U02409_002,2023-06-17,260.04,食品
U02409,ORD_U02409_004,2023-07-20,233.2,服饰
U02409,ORD_U02409_003,2023-09-03,353.58,家居
U02409,ORD_U02409_005,2023-12-17,152.86,数码
U02409,ORD_U02409_006,2024-02-06,186.57,食品
U02410,ORD_U02410_000,2024-04-16,61.12,服饰
U02410,ORD_U02410_001,2024-07-04,61.34,食品
U02411,ORD_U02411_000,2023-04-01,93.24,美妆
U02411,ORD_U02411_001,2023-05-18,78.14,食品
U02412,ORD_U02412_000,2023-03-19,70.12,家居
U02412,ORD_U02412_001,2023-05-13,120.33,美妆
U02412,ORD_U02412_002,2023-06-19,72.68,家居
U02412,ORD_U02412_003,2023-09-02,56.54,家居
U02413,ORD_U02413_000,2023-05-14,272.67,服饰
U02413,ORD_U02413_001,2023-07-16,368.66,数码
U02413,ORD_U02413_002,2023-08-09,292.55,食品
U02413,ORD_U02413_003,2023-09-21,468.71,食品
U02413,ORD_U02413_005,2023-11-05,172.41,数码
U02413,ORD_U02413_004,2023-11-06,520.15,服饰
U02413,ORD_U02413_006,2024-05-28,191.19,服饰
U02414,ORD_U02414_001,2024-09-02,146.22,家居
U02414,ORD_U02414_000,2024-09-09,108.91,数码
U02414,ORD_U02414_002,2024-12-18,209.58,数码
U02414,ORD_U02414_003,2025-01-01,181.51,数码
U02415,ORD_U02415_000,2023-03-04,129.32,家居
U02415,ORD_U02415_001,2023-05-16,77.54,数码
U02416,ORD_U02416_000,2023-09-02,518.24,数码
U02416,ORD_U02416_001,2023-09-30,708.37,数码
U02416,ORD_U02416_003,2023-10-05,405.77,食品
U02416,ORD_U02416_002,2023-12-02,685.04,家居
U02416,ORD_U02416_004,2024-01-08,327.12,食品
U02416,ORD_U02416_005,2024-03-03,601.42,家居
U02416,ORD_U02416_006,2024-03-30,423.77,家居
U02416,ORD_U02416_012,2024-04-13,371.07,食品
U02416,ORD_U02416_009,2024-06-16,727.13,食品
U02416,ORD_U02416_007,2024-07-06,220.24,美妆
U02416,ORD_U02416_008,2024-07-18,227.76,数码
U02416,ORD_U02416_010,2024-09-11,607.93,食品
U02416,ORD_U02416_011,2024-11-01,740.84,食品
U02417,ORD_U02417_000,2024-09-21,426.2,家居
U02417,ORD_U02417_001,2024-10-25,189.45,数码
U02417,ORD_U02417_004,2024-11-26,301.89,服饰
U02417,ORD_U02417_002,2024-12-21,426.32,数码
U02417,ORD_U02417_003,2025-01-21,274.19,服饰
U02417,ORD_U02417_010,2025-01-21,420.39,家居
U02417,ORD_U02417_012,2025-02-26,265.67,服饰
U02417,ORD_U02417_008,2025-03-14,404.2,数码
U02417,ORD_U02417_007,2025-03-24,434.27,数码
U02417,ORD_U02417_005,2025-05-02,173.39,服饰
U02417,ORD_U02417_009,2025-05-24,275.17,数码
U02417,ORD_U02417_006,2025-06-25,320.48,食品
U02417,ORD_U02417_011,2025-08-22,283.71,美妆
U02418,ORD_U02418_000,2023-06-12,23.03,美妆
U02418,ORD_U02418_001,2023-09-27,76.63,美妆
U02419,ORD_U02419_001,2024-04-28,383.31,食品
U02419,ORD_U02419_000,2024-05-07,570.72,服饰
U02419,ORD_U02419_002,2024-05-27,479.77,美妆
U02419,ORD_U02419_006,2024-07-18,555.39,服饰
U02419,ORD_U02419_003,2024-08-01,314.03,家居
U02419,ORD_U02419_005,2024-08-04,392.64,家居
U02419,ORD_U02419_004,2024-10-19,493.83,美妆
U02419,ORD_U02419_007,2024-10-19,335.87,服饰
U02419,ORD_U02419_008,2024-11-17,237.57,美妆
U02419,ORD_U02419_012,2024-11-27,189.32,服饰
U02419,ORD_U02419_010,2025-01-05,262.15,家居
U02419,ORD_U02419_009,2025-01-18,361.25,美妆
U02419,ORD_U02419_011,2025-02-16,509.83,食品
U02419,ORD_U02419_017,2025-02-23,528.33,食品
U02419,ORD_U02419_016,2025-06-09,523.65,服饰
U02419,ORD_U02419_013,2025-06-11,257.41,家居
U02419,ORD_U02419_015,2025-06-22,519.6,美妆
U02419,ORD_U02419_018,2025-09-10,181.83,食品
U02419,ORD_U02419_014,2025-12-16,183.02,数码
U02420,ORD_U02420_000,2023-09-11,46.22,食品
U02420,ORD_U02420_001,2023-12-20,51.96,数码
U02420,ORD_U02420_002,2023-12-25,34.7,美妆
U02420,ORD_U02420_003,2024-06-01,27.62,家居
U02421,ORD_U02421_001,2024-05-08,427.49,服饰
U02421,ORD_U02421_000,2024-05-13,288.52,服饰
U02421,ORD_U02421_003,2024-06-23,138.79,数码
U02421,ORD_U02421_002,2024-08-14,267.24,美妆
U02421,ORD_U02421_005,2024-09-04,372.83,家居
U02421,ORD_U02421_004,2024-11-09,161.01,美妆
U02422,ORD_U02422_000,2024-07-16,591.27,服饰
U02422,ORD_U02422_003,2024-08-14,262.63,服饰
U02422,ORD_U02422_001,2024-08-22,1002.82,家居
U02422,ORD_U02422_002,2024-09-09,635.4,家居
U02422,ORD_U02422_007,2024-10-08,392.6,美妆
U02422,ORD_U02422_004,2024-10-30,653.77,食品
U02422,ORD_U02422_017,2024-11-27,913.55,家居
U02422,ORD_U02422_005,2024-12-02,554.12,家居
U02422,ORD_U02422_006,2025-01-12,749.01,食品
U02422,ORD_U02422_013,2025-02-05,347.67,服饰
U02422,ORD_U02422_015,2025-03-01,843.6,美妆
U02422,ORD_U02422_021,2025-03-01,860.52,美妆
U02422,ORD_U02422_014,2025-03-12,846.33,食品
U02422,ORD_U02422_008,2025-03-21,889.88,服饰
U02422,ORD_U02422_032,2025-03-28,325.47,数码
U02422,ORD_U02422_010,2025-03-29,885.36,美妆
U02422,ORD_U02422_009,2025-04-05,874.71,美妆
U02422,ORD_U02422_012,2025-05-02,387.57,美妆
U02422,ORD_U02422_019,2025-05-02,284.8,数码
U02422,ORD_U02422_011,2025-05-21,517.38,服饰
U02422,ORD_U02422_024,2025-05-28,975.74,食品
U02422,ORD_U02422_016,2025-07-14,1035.74,美妆
U02422,ORD_U02422_023,2025-09-17,999.59,数码
U02422,ORD_U02422_026,2025-09-19,1007.33,美妆
U02422,ORD_U02422_027,2025-10-07,335.98,食品
U02422,ORD_U02422_018,2025-12-11,503.07,美妆
U02422,ORD_U02422_020,2025-12-13,650.4,美妆
U02422,ORD_U02422_022,2026-02-10,481.42,家居
U02422,ORD_U02422_028,2026-04-04,1031.32,食品
U02422,ORD_U02422_025,2026-06-03,922.71,服饰
U02422,ORD_U02422_030,2026-10-15,330.28,服饰
U02422,ORD_U02422_031,2026-10-17,964.94,食品
U02422,ORD_U02422_029,2026-10-27,403.43,服饰
U02423,ORD_U02423_000,2024-05-18,330.31,家居
U02423,ORD_U02423_001,2024-06-02,699.72,食品
U02423,ORD_U02423_002,2024-06-04,371.39,数码
U02423,ORD_U02423_003,2024-07-01,303.27,美妆
U02423,ORD_U02423_004,2024-07-31,992.59,美妆
U02423,ORD_U02423_005,2024-10-28,266.99,数码
U02423,ORD_U02423_009,2024-11-05,904.22,美妆
U02423,ORD_U02423_006,2024-12-24,434.43,家居
U02423,ORD_U02423_014,2025-01-15,636.93,服饰
U02423,ORD_U02423_007,2025-02-07,529.59,美妆
U02423,ORD_U02423_013,2025-02-20,299.11,服饰
U02423,ORD_U02423_008,2025-03-17,894.33,食品
U02423,ORD_U02423_010,2025-04-02,507.68,食品
U02423,ORD_U02423_012,2025-04-09,808.93,食品
U02423,ORD_U02423_011,2025-05-19,370.78,数码
U02423,ORD_U02423_015,2025-08-21,999.79,服饰
U02424,ORD_U02424_000,2023-12-08,158.3,美妆
U02424,ORD_U02424_001,2023-12-20,184.87,食品
U02424,ORD_U02424_002,2024-02-08,188.68,数码
U02425,ORD_U02425_000,2024-09-05,391.74,食品
U02425,ORD_U02425_001,2024-09-12,750.23,服饰
U02425,ORD_U02425_002,2024-09-12,204.72,数码
U02425,ORD_U02425_003,2024-11-12,366.8,数码
U02425,ORD_U02425_005,2024-11-27,466.24,数码
U02425,ORD_U02425_004,2025-01-25,267.52,美妆
U02425,ORD_U02425_007,2025-02-10,693.06,食品
U02425,ORD_U02425_010,2025-03-08,468.96,服饰
U02425,ORD_U02425_009,2025-04-11,246.5,美妆
U02425,ORD_U02425_006,2025-05-12,277.73,服饰
U02425,ORD_U02425_008,2025-05-25,572.77,美妆
U02425,ORD_U02425_011,2025-07-12,404.93,数码
U02425,ORD_U02425_012,2025-10-22,211.76,服饰
U02426,ORD_U02426_000,2024-01-01,114.29,美妆
U02426,ORD_U02426_001,2024-02-25,201.47,数码
U02427,ORD_U02427_000,2023-04-11,150.96,食品
U02427,ORD_U02427_001,2023-04-29,97.43,食品
U02428,ORD_U02428_000,2024-12-05,184.8,食品
U02428,ORD_U02428_001,2025-01-15,274.57,服饰
U02428,ORD_U02428_002,2025-02-20,324.46,家居
U02429,ORD_U02429_000,2023-05-18,104.33,家居
U02429,ORD_U02429_001,2023-08-23,45.36,美妆
U02430,ORD_U02430_000,2023-08-20,423.74,服饰
U02430,ORD_U02430_001,2023-09-17,356.14,服饰
U02430,ORD_U02430_002,2023-12-09,393.98,食品
U02430,ORD_U02430_005,2024-01-14,176.14,数码
U02430,ORD_U02430_003,2024-01-21,415.43,家居
U02430,ORD_U02430_004,2024-03-23,263.29,家居
U02431,ORD_U02431_000,2025-01-01,371.49,服饰
U02431,ORD_U02431_001,2025-02-27,458.1,食品
U02431,ORD_U02431_002,2025-04-17,371.19,数码
U02431,ORD_U02431_003,2025-05-20,372.55,美妆
U02432,ORD_U02432_000,2023-05-06,226.79,食品
U02432,ORD_U02432_001,2023-07-06,230.0,服饰
U02432,ORD_U02432_002,2023-08-05,466.01,美妆
U02432,ORD_U02432_003,2023-09-05,418.02,数码
U02433,ORD_U02433_000,2024-05-23,269.57,数码
U02433,ORD_U02433_001,2024-06-26,332.66,服饰
U02433,ORD_U02433_003,2024-07-16,253.06,美妆
U02433,ORD_U02433_002,2024-08-16,251.44,家居
U02434,ORD_U02434_000,2024-09-22,179.53,美妆
U02435,ORD_U02435_000,2024-08-20,78.89,美妆
U02435,ORD_U02435_001,2024-09-22,68.37,家居
U02435,ORD_U02435_002,2024-11-04,51.91,服饰
U02436,ORD_U02436_000,2024-04-18,220.19,美妆
U02436,ORD_U02436_001,2024-07-01,138.29,家居
U02436,ORD_U02436_002,2024-07-08,260.7,数码
U02436,ORD_U02436_003,2024-07-31,132.68,家居
U02437,ORD_U02437_000,2023-02-20,122.5,美妆
U02437,ORD_U02437_001,2023-05-26,130.71,数码
U02437,ORD_U02437_002,2023-06-24,89.07,食品
U02438,ORD_U02438_000,2024-01-03,167.32,美妆
U02438,ORD_U02438_001,2024-01-28,106.37,家居
U02438,ORD_U02438_004,2024-03-07,98.66,美妆
U02438,ORD_U02438_002,2024-04-16,278.08,食品
U02438,ORD_U02438_003,2024-05-27,152.43,美妆
U02438,ORD_U02438_005,2024-10-08,117.14,家居
U02438,ORD_U02438_006,2024-11-13,272.82,食品
U02439,ORD_U02439_000,2023-12-09,724.96,服饰
U02439,ORD_U02439_001,2023-12-14,352.78,服饰
U02439,ORD_U02439_003,2024-01-09,307.72,家居
U02439,ORD_U02439_002,2024-02-04,565.15,美妆
U02439,ORD_U02439_005,2024-02-06,244.99,数码
U02439,ORD_U02439_004,2024-02-14,750.23,服饰
U02439,ORD_U02439_007,2024-05-23,412.86,家居
U02439,ORD_U02439_009,2024-06-27,733.85,服饰
U02439,ORD_U02439_006,2024-07-09,756.56,美妆
U02439,ORD_U02439_008,2024-08-03,697.78,数码
U02439,ORD_U02439_010,2024-10-08,239.05,数码
U02439,ORD_U02439_011,2024-10-24,648.72,食品
U02439,ORD_U02439_015,2024-11-15,470.43,数码
U02439,ORD_U02439_012,2024-12-29,240.01,家居
U02439,ORD_U02439_013,2025-01-20,654.03,家居
U02439,ORD_U02439_017,2025-01-27,449.98,服饰
U02439,ORD_U02439_016,2025-01-29,200.48,家居
U02439,ORD_U02439_014,2025-04-10,478.93,食品
U02439,ORD_U02439_018,2025-11-12,655.28,食品
U02440,ORD_U02440_000,2024-02-01,185.46,食品
U02440,ORD_U02440_001,2024-02-27,219.46,美妆
U02440,ORD_U02440_002,2024-04-01,111.71,美妆
U02440,ORD_U02440_004,2024-04-24,239.98,服饰
U02440,ORD_U02440_003,2024-04-27,263.52,服饰
U02440,ORD_U02440_005,2024-06-30,372.44,美妆
U02440,ORD_U02440_006,2024-07-01,183.01,家居
U02441,ORD_U02441_000,2023-06-13,59.51,食品
U02441,ORD_U02441_001,2023-10-08,56.1,家居
U02441,ORD_U02441_002,2024-02-03,55.25,数码
U02441,ORD_U02441_003,2024-02-13,71.51,数码
U02442,ORD_U02442_000,2023-07-03,547.32,数码
U02442,ORD_U02442_002,2023-08-23,382.25,美妆
U02442,ORD_U02442_001,2023-08-27,249.63,美妆
U02442,ORD_U02442_005,2023-09-20,560.94,家居
U02442,ORD_U02442_003,2023-10-07,344.0,家居
U02442,ORD_U02442_004,2023-12-07,215.72,家居
U02443,ORD_U02443_000,2024-03-22,130.94,服饰
U02444,ORD_U02444_000,2024-12-11,509.13,服饰
U02444,ORD_U02444_001,2024-12-18,345.49,食品
U02444,ORD_U02444_003,2025-02-05,356.74,服饰
U02444,ORD_U02444_002,2025-03-02,568.11,食品
U02444,ORD_U02444_004,2025-03-15,489.8,美妆
U02445,ORD_U02445_000,2023-01-26,147.61,美妆
U02445,ORD_U02445_002,2023-03-16,169.32,食品
U02445,ORD_U02445_001,2023-03-21,183.57,数码
U02445,ORD_U02445_004,2023-04-29,104.08,食品
U02445,ORD_U02445_003,2023-08-13,105.25,服饰
U02445,ORD_U02445_005,2023-11-18,126.81,服饰
U02445,ORD_U02445_007,2024-01-02,97.2,美妆
U02445,ORD_U02445_006,2024-01-26,138.08,食品
U02445,ORD_U02445_008,2024-02-24,162.86,美妆
U02445,ORD_U02445_009,2024-06-06,191.59,食品
U02446,ORD_U02446_000,2024-05-31,192.47,食品
U02446,ORD_U02446_001,2024-06-15,115.77,美妆
U02446,ORD_U02446_002,2024-10-02,212.81,食品
U02447,ORD_U02447_000,2024-07-30,345.3,家居
U02447,ORD_U02447_001,2024-09-18,122.22,家居
U02447,ORD_U02447_002,2024-09-25,203.46,美妆
U02447,ORD_U02447_004,2024-10-18,160.63,数码
U02447,ORD_U02447_003,2024-12-19,159.91,家居
U02447,ORD_U02447_005,2025-04-29,303.74,服饰
U02447,ORD_U02447_009,2025-05-23,243.19,家居
U02447,ORD_U02447_006,2025-06-17,116.79,食品
U02447,ORD_U02447_007,2025-07-11,307.67,美妆
U02447,ORD_U02447_008,2025-09-06,102.52,美妆
U02448,ORD_U02448_001,2023-07-20,58.17,食品
U02448,ORD_U02448_002,2023-08-14,85.9,家居
U02448,ORD_U02448_000,2023-08-19,57.49,家居
U02448,ORD_U02448_003,2023-11-28,74.43,食品
U02449,ORD_U02449_000,2023-04-05,135.45,家居
U02449,ORD_U02449_001,2023-05-14,151.07,食品
U02450,ORD_U02450_000,2023-09-14,58.3,数码
U02451,ORD_U02451_000,2023-02-25,341.02,食品
U02451,ORD_U02451_001,2023-03-26,234.31,数码
U02451,ORD_U02451_002,2023-04-05,521.09,数码
U02451,ORD_U02451_003,2023-05-09,638.66,数码
U02451,ORD_U02451_005,2023-06-08,336.05,数码
U02451,ORD_U02451_004,2023-06-15,438.33,数码
U02451,ORD_U02451_007,2023-07-04,520.42,服饰
U02451,ORD_U02451_009,2023-07-31,655.28,数码
U02451,ORD_U02451_008,2023-08-31,366.11,数码
U02451,ORD_U02451_006,2023-09-19,494.96,服饰
U02451,ORD_U02451_010,2023-09-30,452.72,美妆
U02452,ORD_U02452_000,2024-09-03,84.74,数码
U02452,ORD_U02452_001,2024-11-08,147.32,美妆
U02452,ORD_U02452_003,2024-11-12,62.56,美妆
U02452,ORD_U02452_002,2024-12-29,212.81,食品
U02452,ORD_U02452_004,2024-12-31,73.62,服饰
U02452,ORD_U02452_005,2025-02-23,216.29,家居
U02452,ORD_U02452_007,2025-04-19,67.84,食品
U02452,ORD_U02452_006,2025-06-15,134.76,美妆
U02452,ORD_U02452_008,2026-01-17,73.15,数码
U02453,ORD_U02453_000,2023-08-23,66.31,家居
U02454,ORD_U02454_000,2024-11-29,45.3,美妆
U02454,ORD_U02454_002,2025-01-24,90.95,食品
U02454,ORD_U02454_001,2025-03-02,53.12,食品
U02455,ORD_U02455_000,2025-02-05,34.5,家居
U02455,ORD_U02455_002,2025-02-07,55.64,服饰
U02455,ORD_U02455_001,2025-03-24,83.08,家居
U02456,ORD_U02456_000,2024-11-23,660.55,家居
U02456,ORD_U02456_001,2024-12-17,987.55,食品
U02456,ORD_U02456_002,2024-12-27,973.92,服饰
U02456,ORD_U02456_005,2025-01-05,860.34,美妆
U02456,ORD_U02456_003,2025-01-08,538.87,美妆
U02456,ORD_U02456_004,2025-01-17,494.89,服饰
U02456,ORD_U02456_007,2025-05-04,951.51,食品
U02456,ORD_U02456_008,2025-05-04,701.42,数码
U02456,ORD_U02456_006,2025-06-11,771.42,数码
U02457,ORD_U02457_000,2024-09-06,275.58,食品
U02457,ORD_U02457_001,2024-10-22,147.17,美妆
U02457,ORD_U02457_005,2024-12-16,385.24,家居
U02457,ORD_U02457_002,2025-01-22,541.38,食品
U02457,ORD_U02457_003,2025-02-03,336.18,服饰
U02457,ORD_U02457_004,2025-03-23,330.05,数码
U02458,ORD_U02458_000,2024-08-14,132.41,食品
U02459,ORD_U02459_000,2023-10-07,248.93,数码
U02459,ORD_U02459_002,2023-12-25,153.38,家居
U02459,ORD_U02459_001,2023-12-29,165.28,食品
U02459,ORD_U02459_003,2024-01-28,182.55,服饰
U02459,ORD_U02459_004,2024-03-13,78.63,家居
U02459,ORD_U02459_007,2024-04-03,81.74,数码
U02459,ORD_U02459_008,2024-05-06,224.08,服饰
U02459,ORD_U02459_006,2024-07-20,85.77,数码
U02459,ORD_U02459_005,2024-08-21,242.23,家居
U02460,ORD_U02460_000,2023-09-28,300.16,服饰
U02460,ORD_U02460_001,2023-10-31,173.94,家居
U02460,ORD_U02460_002,2023-11-15,297.74,家居
U02461,ORD_U02461_000,2023-10-22,263.75,食品
U02461,ORD_U02461_001,2023-12-07,233.73,家居
U02461,ORD_U02461_002,2024-02-07,583.54,家居
U02461,ORD_U02461_006,2024-02-11,550.12,数码
U02461,ORD_U02461_008,2024-02-16,245.5,数码
U02461,ORD_U02461_003,2024-02-17,609.67,食品
U02461,ORD_U02461_009,2024-03-07,264.48,食品
U02461,ORD_U02461_004,2024-03-12,201.62,数码
U02461,ORD_U02461_005,2024-05-20,199.79,服饰
U02461,ORD_U02461_007,2024-07-28,476.06,食品
U02461,ORD_U02461_010,2024-07-31,405.0,数码
U02461,ORD_U02461_013,2024-07-31,525.59,美妆
U02461,ORD_U02461_016,2024-10-28,660.31,美妆
U02461,ORD_U02461_015,2024-11-10,637.45,家居
U02461,ORD_U02461_011,2024-11-13,266.91,美妆
U02461,ORD_U02461_014,2024-12-12,228.02,食品
U02461,ORD_U02461_012,2025-01-22,588.57,家居
U02462,ORD_U02462_000,2023-03-12,243.2,家居
U02462,ORD_U02462_001,2023-03-12,629.01,家居
U02462,ORD_U02462_002,2023-04-02,239.22,食品
U02462,ORD_U02462_003,2023-05-15,390.5,食品
U02462,ORD_U02462_006,2023-05-24,463.65,服饰
U02462,ORD_U02462_007,2023-06-22,559.77,美妆
U02462,ORD_U02462_004,2023-07-17,545.02,美妆
U02462,ORD_U02462_008,2023-07-20,250.93,美妆
U02462,ORD_U02462_012,2023-09-18,670.61,数码
U02462,ORD_U02462_005,2023-09-21,455.29,服饰
U02462,ORD_U02462_016,2024-02-05,186.47,数码
U02462,ORD_U02462_010,2024-02-12,395.11,服饰
U02462,ORD_U02462_009,2024-03-18,525.63,数码
U02462,ORD_U02462_014,2024-04-16,564.68,美妆
U02462,ORD_U02462_011,2024-05-15,586.77,家居
U02462,ORD_U02462_015,2024-06-11,680.26,食品
U02462,ORD_U02462_017,2024-07-02,474.21,美妆
U02462,ORD_U02462_013,2024-09-01,683.37,数码
U02462,ORD_U02462_019,2024-09-28,528.17,食品
U02462,ORD_U02462_018,2024-10-29,272.8,数码
U02463,ORD_U02463_000,2023-08-17,135.28,食品
U02463,ORD_U02463_001,2023-10-04,74.56,食品
U02463,ORD_U02463_002,2023-11-08,96.12,食品
U02463,ORD_U02463_003,2024-03-18,63.53,美妆
U02464,ORD_U02464_000,2023-09-11,47.63,服饰
U02464,ORD_U02464_001,2023-12-19,87.4,家居
U02464,ORD_U02464_002,2024-02-01,78.99,数码
U02464,ORD_U02464_003,2024-05-11,60.11,家居
U02465,ORD_U02465_000,2024-07-01,668.55,美妆
U02465,ORD_U02465_001,2024-07-16,497.96,数码
U02465,ORD_U02465_004,2024-07-29,224.05,服饰
U02465,ORD_U02465_003,2024-08-17,706.97,数码
U02465,ORD_U02465_002,2024-08-21,776.06,美妆
U02465,ORD_U02465_005,2024-08-27,534.08,数码
U02465,ORD_U02465_007,2024-08-27,742.05,服饰
U02465,ORD_U02465_009,2024-09-17,288.83,数码
U02465,ORD_U02465_010,2024-11-05,574.21,数码
U02465,ORD_U02465_011,2024-12-19,754.79,家居
U02465,ORD_U02465_006,2025-01-01,345.36,数码
U02465,ORD_U02465_008,2025-01-25,570.6,服饰
U02465,ORD_U02465_021,2025-02-09,241.29,数码
U02465,ORD_U02465_013,2025-02-12,561.21,食品
U02465,ORD_U02465_015,2025-02-22,373.51,服饰
U02465,ORD_U02465_026,2025-03-29,700.29,数码
U02465,ORD_U02465_012,2025-04-22,244.94,美妆
U02465,ORD_U02465_019,2025-05-29,506.18,家居
U02465,ORD_U02465_016,2025-06-04,369.04,数码
U02465,ORD_U02465_020,2025-06-07,247.25,家居
U02465,ORD_U02465_032,2025-06-08,415.9,美妆
U02465,ORD_U02465_014,2025-07-17,727.41,服饰
U02465,ORD_U02465_023,2025-07-23,795.0,食品
U02465,ORD_U02465_018,2025-08-19,730.53,美妆
U02465,ORD_U02465_017,2025-08-30,606.2,服饰
U02465,ORD_U02465_031,2025-09-24,225.08,家居
U02465,ORD_U02465_024,2026-01-16,668.68,美妆
U02465,ORD_U02465_029,2026-01-31,355.16,服饰
U02465,ORD_U02465_022,2026-02-12,572.31,数码
U02465,ORD_U02465_030,2026-03-21,395.26,家居
U02465,ORD_U02465_028,2026-04-30,281.78,家居
U02465,ORD_U02465_025,2026-06-19,723.76,服饰
U02465,ORD_U02465_027,2026-08-19,639.71,食品
U02465,ORD_U02465_033,2026-10-07,563.22,数码
U02466,ORD_U02466_000,2024-08-11,128.24,美妆
U02466,ORD_U02466_002,2024-10-17,249.99,家居
U02466,ORD_U02466_001,2024-10-26,226.69,数码
U02466,ORD_U02466_003,2025-01-12,215.16,家居
U02466,ORD_U02466_004,2025-04-07,183.24,食品
U02467,ORD_U02467_000,2024-06-06,76.9,家居
U02467,ORD_U02467_001,2024-07-19,83.86,食品
U02467,ORD_U02467_002,2024-09-27,185.74,数码
U02467,ORD_U02467_003,2024-11-11,48.41,服饰
U02468,ORD_U02468_000,2024-05-12,80.67,服饰
U02468,ORD_U02468_001,2024-07-23,134.19,服饰
U02468,ORD_U02468_002,2024-09-08,63.87,美妆
U02468,ORD_U02468_003,2024-10-17,84.83,家居
U02469,ORD_U02469_000,2023-10-21,88.18,家居
U02470,ORD_U02470_000,2023-05-22,212.41,家居
U02470,ORD_U02470_001,2023-07-26,200.54,美妆
U02470,ORD_U02470_002,2023-08-15,84.21,家居
U02471,ORD_U02471_000,2023-03-20,67.02,数码
U02471,ORD_U02471_001,2023-06-19,115.53,食品
U02471,ORD_U02471_002,2023-07-13,119.38,家居
U02471,ORD_U02471_003,2023-11-27,66.11,服饰
U02472,ORD_U02472_000,2023-05-05,98.8,服饰
U02472,ORD_U02472_001,2023-07-09,82.67,家居
U02472,ORD_U02472_003,2023-07-21,65.63,家居
U02472,ORD_U02472_002,2023-08-14,26.16,服饰
U02473,ORD_U02473_000,2023-03-25,213.31,数码
U02473,ORD_U02473_001,2023-04-06,112.89,数码
U02473,ORD_U02473_002,2023-05-17,268.13,服饰
U02473,ORD_U02473_003,2023-06-24,196.01,数码
U02473,ORD_U02473_007,2023-08-26,130.09,家居
U02473,ORD_U02473_009,2023-09-26,119.74,家居
U02473,ORD_U02473_004,2023-11-21,161.36,家居
U02473,ORD_U02473_005,2023-12-04,85.74,服饰
U02473,ORD_U02473_006,2024-02-19,85.5,美妆
U02473,ORD_U02473_008,2024-04-29,182.68,服饰
U02474,ORD_U02474_000,2025-01-14,140.21,家居
U02474,ORD_U02474_002,2025-04-06,104.73,数码
U02474,ORD_U02474_001,2025-05-09,136.14,数码
U02474,ORD_U02474_003,2025-11-08,155.49,服饰
U02475,ORD_U02475_000,2023-07-12,159.95,美妆
U02475,ORD_U02475_001,2023-07-27,513.04,食品
U02475,ORD_U02475_002,2023-09-14,390.77,数码
U02475,ORD_U02475_004,2023-10-01,283.13,食品
U02475,ORD_U02475_003,2023-11-14,496.55,服饰
U02475,ORD_U02475_006,2023-11-21,527.61,家居
U02475,ORD_U02475_005,2023-12-31,144.72,家居
U02475,ORD_U02475_007,2024-01-16,357.59,美妆
U02475,ORD_U02475_008,2024-07-03,510.1,服饰
U02476,ORD_U02476_000,2023-11-30,1674.86,数码
U02476,ORD_U02476_001,2023-12-15,2361.75,家居
U02476,ORD_U02476_003,2024-01-16,2652.67,美妆
U02476,ORD_U02476_002,2024-01-18,2354.7,服饰
U02476,ORD_U02476_006,2024-03-21,1076.33,美妆
U02476,ORD_U02476_005,2024-03-28,1027.31,美妆
U02476,ORD_U02476_004,2024-04-09,2847.67,家居
U02476,ORD_U02476_008,2024-04-09,2569.88,食品
U02476,ORD_U02476_018,2024-05-07,932.63,服饰
U02476,ORD_U02476_009,2024-05-12,2694.15,美妆
U02476,ORD_U02476_010,2024-06-11,1316.68,家居
U02476,ORD_U02476_011,2024-06-12,1785.08,食品
U02476,ORD_U02476_007,2024-06-21,1130.47,食品
U02476,ORD_U02476_027,2024-08-04,2716.73,服饰
U02476,ORD_U02476_012,2024-08-15,1029.31,家居
U02476,ORD_U02476_013,2024-09-04,830.89,食品
U02476,ORD_U02476_015,2024-09-09,2656.6,服饰
U02476,ORD_U02476_016,2024-09-22,1468.22,数码
U02476,ORD_U02476_014,2024-10-15,2593.71,数码
U02476,ORD_U02476_023,2024-12-09,1553.78,美妆
U02476,ORD_U02476_035,2025-01-16,904.8,服饰
U02476,ORD_U02476_034,2025-01-26,1140.32,服饰
U02476,ORD_U02476_021,2025-02-14,2311.35,数码
U02476,ORD_U02476_026,2025-02-17,1959.16,美妆
U02476,ORD_U02476_017,2025-02-23,2334.4,数码
U02476,ORD_U02476_019,2025-03-18,1224.18,食品
U02476,ORD_U02476_022,2025-05-08,2771.99,食品
U02476,ORD_U02476_032,2025-06-11,2372.54,数码
U02476,ORD_U02476_020,2025-07-11,2599.91,食品
U02476,ORD_U02476_024,2025-08-14,2119.86,美妆
U02476,ORD_U02476_029,2025-10-09,2641.51,食品
U02476,ORD_U02476_031,2025-10-17,1288.57,服饰
U02476,ORD_U02476_030,2025-11-24,1700.35,数码
U02476,ORD_U02476_025,2025-12-29,1521.63,食品
U02476,ORD_U02476_028,2026-01-15,1173.9,数码
U02476,ORD_U02476_033,2026-04-20,790.14,食品
U02477,ORD_U02477_001,2023-08-21,913.6,食品
U02477,ORD_U02477_000,2023-08-24,618.47,家居
U02477,ORD_U02477_002,2023-09-21,801.66,家居
U02477,ORD_U02477_007,2023-10-29,558.34,美妆
U02477,ORD_U02477_003,2023-11-04,1026.33,美妆
U02477,ORD_U02477_005,2023-12-05,744.74,家居
U02477,ORD_U02477_013,2023-12-08,937.31,家居
U02477,ORD_U02477_004,2023-12-18,1059.28,服饰
U02477,ORD_U02477_006,2024-01-07,572.81,美妆
U02477,ORD_U02477_008,2024-01-23,934.92,服饰
U02477,ORD_U02477_026,2024-02-03,1001.86,美妆
U02477,ORD_U02477_022,2024-02-12,767.39,数码
U02477,ORD_U02477_019,2024-02-18,1022.81,服饰
U02477,ORD_U02477_009,2024-02-19,707.22,美妆
U02477,ORD_U02477_014,2024-02-24,800.74,美妆
U02477,ORD_U02477_018,2024-03-09,315.31,服饰
U02477,ORD_U02477_015,2024-04-17,364.95,美妆
U02477,ORD_U02477_024,2024-04-19,949.84,美妆
U02477,ORD_U02477_023,2024-05-18,1042.12,家居
U02477,ORD_U02477_010,2024-05-24,921.86,食品
U02477,ORD_U02477_021,2024-05-31,1035.85,服饰
U02477,ORD_U02477_011,2024-06-02,709.89,美妆
U02477,ORD_U02477_027,2024-06-07,1015.33,食品
U02477,ORD_U02477_020,2024-06-22,642.54,服饰
U02477,ORD_U02477_012,2024-06-30,800.64,服饰
U02477,ORD_U02477_016,2024-08-14,1081.2,食品
U02477,ORD_U02477_017,2024-10-22,721.76,服饰
U02477,ORD_U02477_025,2025-08-06,677.26,美妆
U02477,ORD_U02477_028,2025-09-18,434.74,服饰
U02478,ORD_U02478_000,2024-03-23,233.0,服饰
U02478,ORD_U02478_001,2024-05-05,374.75,美妆
U02478,ORD_U02478_002,2024-08-02,262.5,服饰
U02478,ORD_U02478_003,2024-10-08,116.84,食品
U02479,ORD_U02479_000,2024-10-03,199.37,数码
U02479,ORD_U02479_001,2024-11-21,355.03,家居
U02479,ORD_U02479_002,2024-11-30,383.43,服饰
U02479,ORD_U02479_003,2025-03-10,244.82,家居
U02480,ORD_U02480_000,2023-10-08,535.38,数码
U02480,ORD_U02480_001,2023-10-20,428.91,家居
U02480,ORD_U02480_002,2024-01-15,545.21,美妆
U02480,ORD_U02480_003,2024-01-30,354.76,服饰
U02480,ORD_U02480_006,2024-02-12,240.83,家居
U02480,ORD_U02480_005,2024-03-24,384.4,食品
U02480,ORD_U02480_004,2024-04-19,260.83,服饰
U02480,ORD_U02480_008,2024-06-19,353.62,美妆
U02480,ORD_U02480_007,2024-08-21,556.22,美妆
U02480,ORD_U02480_009,2024-08-27,183.11,数码
U02480,ORD_U02480_010,2025-01-13,156.87,数码
U02481,ORD_U02481_000,2024-10-01,38.61,服饰
U02481,ORD_U02481_001,2024-12-24,25.64,美妆
U02481,ORD_U02481_002,2025-01-19,52.97,服饰
U02481,ORD_U02481_003,2025-05-14,82.54,食品
U02482,ORD_U02482_000,2024-08-16,104.75,数码
U02483,ORD_U02483_000,2023-04-05,744.87,食品
U02483,ORD_U02483_001,2023-05-15,272.29,服饰
U02483,ORD_U02483_002,2023-06-02,456.38,家居
U02483,ORD_U02483_005,2023-06-05,520.01,数码
U02483,ORD_U02483_003,2023-07-04,561.39,服饰
U02483,ORD_U02483_006,2023-08-01,820.73,食品
U02483,ORD_U02483_004,2023-09-03,429.87,美妆
U02483,ORD_U02483_010,2023-09-24,284.64,食品
U02483,ORD_U02483_008,2023-09-29,306.91,食品
U02483,ORD_U02483_007,2023-10-03,538.18,数码
U02483,ORD_U02483_009,2023-11-07,820.73,数码
U02483,ORD_U02483_015,2023-11-18,688.03,食品
U02483,ORD_U02483_012,2023-12-02,311.23,数码
U02483,ORD_U02483_011,2023-12-06,835.22,服饰
U02483,ORD_U02483_016,2024-03-27,303.79,食品
U02483,ORD_U02483_013,2024-04-28,524.28,食品
U02483,ORD_U02483_014,2024-06-08,232.52,服饰
U02484,ORD_U02484_000,2023-02-28,97.14,数码
U02484,ORD_U02484_001,2023-05-16,162.4,数码
U02484,ORD_U02484_002,2023-07-04,57.81,食品
U02485,ORD_U02485_000,2023-03-22,438.68,食品
U02485,ORD_U02485_001,2023-03-31,752.58,服饰
U02485,ORD_U02485_002,2023-05-01,353.31,家居
U02485,ORD_U02485_003,2023-05-08,250.55,美妆
U02485,ORD_U02485_005,2023-06-07,377.7,数码
U02485,ORD_U02485_006,2023-07-03,598.6,服饰
U02485,ORD_U02485_004,2023-08-18,370.17,数码
U02485,ORD_U02485_008,2023-10-16,387.58,美妆
U02485,ORD_U02485_010,2023-11-22,287.96,数码
U02485,ORD_U02485_007,2024-01-27,706.84,食品
U02485,ORD_U02485_009,2024-03-29,263.2,数码
U02486,ORD_U02486_000,2023-03-27,31.54,服饰
U02487,ORD_U02487_000,2024-05-02,383.64,食品
U02487,ORD_U02487_002,2024-05-21,190.39,数码
U02487,ORD_U02487_001,2024-06-07,209.01,家居
U02488,ORD_U02488_000,2023-10-20,44.42,美妆
U02489,ORD_U02489_000,2023-02-27,143.15,数码
U02489,ORD_U02489_002,2023-04-08,136.59,食品
U02489,ORD_U02489_001,2023-04-24,477.08,家居
U02489,ORD_U02489_003,2023-04-27,469.39,数码
U02489,ORD_U02489_004,2023-08-30,322.01,数码
U02489,ORD_U02489_005,2023-10-08,293.14,数码
U02490,ORD_U02490_000,2023-07-05,43.57,食品
U02490,ORD_U02490_002,2023-08-09,89.2,家居
U02490,ORD_U02490_001,2023-09-02,88.05,服饰
U02491,ORD_U02491_000,2023-05-16,449.76,美妆
U02491,ORD_U02491_001,2023-06-29,162.38,美妆
U02491,ORD_U02491_002,2023-08-11,487.48,服饰
U02491,ORD_U02491_004,2023-09-21,284.02,家居
U02491,ORD_U02491_003,2023-09-26,517.51,家居
U02491,ORD_U02491_008,2024-02-23,324.09,食品
U02491,ORD_U02491_005,2024-03-10,458.14,美妆
U02491,ORD_U02491_006,2024-04-13,293.09,数码
U02491,ORD_U02491_007,2024-05-10,455.67,数码
U02492,ORD_U02492_000,2023-03-01,458.41,数码
U02492,ORD_U02492_001,2023-04-13,207.92,食品
U02492,ORD_U02492_002,2023-05-16,231.95,服饰
U02492,ORD_U02492_005,2023-06-29,137.48,服饰
U02492,ORD_U02492_004,2023-07-03,175.11,食品
U02492,ORD_U02492_003,2023-07-06,314.97,数码
U02492,ORD_U02492_006,2023-07-24,146.0,服饰
U02493,ORD_U02493_000,2023-01-27,495.17,家居
U02493,ORD_U02493_001,2023-03-30,242.29,食品
U02493,ORD_U02493_002,2023-04-16,706.46,美妆
U02493,ORD_U02493_004,2023-05-13,397.2,食品
U02493,ORD_U02493_003,2023-05-21,504.89,家居
U02493,ORD_U02493_005,2023-08-20,657.59,食品
U02493,ORD_U02493_008,2023-08-26,370.56,数码
U02493,ORD_U02493_006,2023-11-07,682.87,美妆
U02493,ORD_U02493_007,2023-11-10,272.7,服饰
U02494,ORD_U02494_001,2023-11-23,349.05,食品
U02494,ORD_U02494_000,2023-12-02,504.14,美妆
U02494,ORD_U02494_004,2024-01-18,310.44,美妆
U02494,ORD_U02494_002,2024-02-20,168.79,服饰
U02494,ORD_U02494_003,2024-04-06,279.21,家居
U02494,ORD_U02494_006,2024-04-20,444.06,家居
U02494,ORD_U02494_005,2024-06-20,228.39,服饰
U02494,ORD_U02494_007,2024-09-27,383.78,家居
U02494,ORD_U02494_009,2024-10-09,219.52,食品
U02494,ORD_U02494_008,2024-12-23,485.49,美妆
U02495,ORD_U02495_000,2024-05-09,57.19,数码
U02495,ORD_U02495_001,2024-07-23,83.13,食品
U02495,ORD_U02495_002,2024-08-03,72.03,家居
U02496,ORD_U02496_000,2024-11-07,189.02,服饰
U02496,ORD_U02496_001,2025-02-01,153.09,服饰
U02497,ORD_U02497_000,2024-05-17,242.59,美妆
U02497,ORD_U02497_001,2024-05-18,161.49,家居
U02497,ORD_U02497_002,2024-07-25,295.63,食品
U02497,ORD_U02497_004,2024-07-30,152.03,家居
U02497,ORD_U02497_003,2024-09-19,270.79,数码
U02497,ORD_U02497_006,2025-01-22,238.13,家居
U02497,ORD_U02497_005,2025-02-19,218.78,数码
U02497,ORD_U02497_008,2025-02-24,437.81,服饰
U02497,ORD_U02497_009,2025-03-11,240.44,美妆
U02497,ORD_U02497_007,2025-05-07,180.47,食品
U02498,ORD_U02498_000,2025-01-03,99.59,服饰
U02498,ORD_U02498_002,2025-04-14,42.45,美妆
U02498,ORD_U02498_001,2025-04-15,31.9,家居
U02499,ORD_U02499_000,2023-05-27,90.78,数码
U02499,ORD_U02499_001,2023-06-17,158.87,食品
U02499,ORD_U02499_002,2023-06-22,160.41,美妆
U02499,ORD_U02499_003,2023-08-31,91.15,数码
U02499,ORD_U02499_004,2023-09-11,138.77,服饰
U02500,ORD_U02500_000,2024-02-07,110.31,数码
U02500,ORD_U02500_001,2024-04-20,77.34,数码
U02500,ORD_U02500_002,2024-09-30,124.38,美妆
U02501,ORD_U02501_000,2023-02-12,602.89,食品
U02501,ORD_U02501_001,2023-03-23,328.58,数码
U02501,ORD_U02501_002,2023-04-22,443.3,服饰
U02501,ORD_U02501_003,2023-05-19,709.95,家居
U02501,ORD_U02501_004,2023-08-03,734.97,服饰
U02501,ORD_U02501_005,2023-08-09,461.38,食品
U02501,ORD_U02501_007,2023-08-15,755.96,服饰
U02501,ORD_U02501_006,2023-09-02,448.77,数码
U02501,ORD_U02501_011,2023-11-14,748.53,服饰
U02501,ORD_U02501_008,2024-01-31,700.4,美妆
U02501,ORD_U02501_009,2024-03-04,474.28,服饰
U02501,ORD_U02501_010,2024-03-29,601.97,家居
U02502,ORD_U02502_000,2024-01-06,20.64,食品
U02502,ORD_U02502_001,2024-05-03,26.5,美妆
U02503,ORD_U02503_000,2023-07-22,1891.49,食品
U02503,ORD_U02503_001,2023-09-07,1624.73,食品
U02503,ORD_U02503_002,2023-09-07,660.49,美妆
U02503,ORD_U02503_003,2023-09-26,1789.11,食品
U02503,ORD_U02503_006,2023-10-28,1306.09,家居
U02503,ORD_U02503_007,2023-10-31,1910.93,美妆
U02503,ORD_U02503_012,2023-11-04,1746.6,食品
U02503,ORD_U02503_004,2023-11-17,505.16,食品
U02503,ORD_U02503_008,2023-12-04,1408.27,数码
U02503,ORD_U02503_005,2023-12-28,1004.78,数码
U02503,ORD_U02503_017,2023-12-30,1600.02,美妆
U02503,ORD_U02503_014,2024-01-04,679.56,家居
U02503,ORD_U02503_023,2024-01-18,1050.94,食品
U02503,ORD_U02503_010,2024-01-26,1274.39,家居
U02503,ORD_U02503_030,2024-02-13,1081.83,食品
U02503,ORD_U02503_009,2024-02-16,1058.61,美妆
U02503,ORD_U02503_019,2024-02-21,864.78,食品
U02503,ORD_U02503_021,2024-02-29,1808.86,家居
U02503,ORD_U02503_032,2024-03-18,937.15,家居
U02503,ORD_U02503_011,2024-04-12,1944.95,食品
U02503,ORD_U02503_013,2024-04-28,1201.32,服饰
U02503,ORD_U02503_028,2024-05-19,1246.66,美妆
U02503,ORD_U02503_043,2024-05-29,1420.66,家居
U02503,ORD_U02503_024,2024-06-12,1567.83,食品
U02503,ORD_U02503_037,2024-06-30,1102.22,美妆
U02503,ORD_U02503_018,2024-07-20,884.35,服饰
U02503,ORD_U02503_027,2024-08-10,1546.02,美妆
U02503,ORD_U02503_020,2024-08-16,1600.82,美妆
U02503,ORD_U02503_042,2024-08-21,1005.21,食品
U02503,ORD_U02503_022,2024-08-25,559.91,服饰
U02503,ORD_U02503_034,2024-09-07,1736.9,美妆
U02503,ORD_U02503_015,2024-09-30,1096.21,食品
U02503,ORD_U02503_040,2024-10-18,760.69,服饰
U02503,ORD_U02503_025,2024-11-01,555.55,服饰
U02503,ORD_U02503_016,2024-11-22,1244.89,美妆
U02503,ORD_U02503_035,2025-02-14,1865.48,服饰
U02503,ORD_U02503_033,2025-05-02,1232.35,食品
U02503,ORD_U02503_039,2025-05-28,792.39,食品
U02503,ORD_U02503_026,2025-07-24,819.34,数码
U02503,ORD_U02503_031,2025-07-31,1639.4,数码
U02503,ORD_U02503_038,2025-08-03,646.44,美妆
U02503,ORD_U02503_029,2025-11-05,879.05,服饰
U02503,ORD_U02503_036,2025-12-12,994.89,数码
U02503,ORD_U02503_041,2026-04-01,1175.07,数码
U02503,ORD_U02503_044,2026-08-17,1758.33,美妆
U02504,ORD_U02504_000,2023-11-15,142.66,美妆
U02504,ORD_U02504_001,2023-12-23,143.6,家居
U02504,ORD_U02504_002,2024-04-15,161.98,服饰
U02505,ORD_U02505_000,2024-06-30,202.47,美妆
U02505,ORD_U02505_001,2024-08-30,220.64,食品
U02505,ORD_U02505_003,2024-10-04,340.45,服饰
U02505,ORD_U02505_002,2024-11-16,212.77,美妆
U02505,ORD_U02505_004,2024-11-27,319.15,美妆
U02505,ORD_U02505_005,2025-01-17,280.1,服饰
U02505,ORD_U02505_007,2025-02-11,96.8,家居
U02505,ORD_U02505_006,2025-04-27,291.96,家居
U02505,ORD_U02505_008,2025-09-24,216.77,美妆
U02506,ORD_U02506_000,2023-10-26,88.26,食品
U02506,ORD_U02506_001,2024-01-25,85.0,数码
U02507,ORD_U02507_000,2023-11-12,130.66,数码
U02507,ORD_U02507_001,2023-12-04,224.59,食品
U02507,ORD_U02507_002,2024-03-13,143.13,家居
U02508,ORD_U02508_000,2024-02-20,155.05,服饰
U02508,ORD_U02508_001,2024-04-04,159.8,服饰
U02508,ORD_U02508_002,2024-06-25,103.97,服饰
U02508,ORD_U02508_004,2024-07-10,244.19,食品
U02508,ORD_U02508_003,2024-08-11,192.93,服饰
U02508,ORD_U02508_006,2024-09-29,217.06,服饰
U02508,ORD_U02508_005,2024-10-04,247.34,食品
U02508,ORD_U02508_007,2025-02-13,242.45,服饰
U02508,ORD_U02508_008,2025-04-13,167.08,服饰
U02509,ORD_U02509_000,2023-07-25,63.03,服饰
U02509,ORD_U02509_001,2023-11-25,144.33,家居
U02510,ORD_U02510_000,2023-07-14,195.41,家居
U02510,ORD_U02510_001,2023-10-22,91.41,家居
U02510,ORD_U02510_002,2023-12-25,154.23,服饰
U02510,ORD_U02510_003,2024-03-10,195.34,服饰
U02511,ORD_U02511_000,2023-12-08,77.85,美妆
U02512,ORD_U02512_000,2024-11-24,135.65,食品
U02512,ORD_U02512_001,2024-12-28,174.3,食品
U02512,ORD_U02512_002,2025-06-20,113.48,食品
U02513,ORD_U02513_000,2023-04-28,156.27,家居
U02514,ORD_U02514_000,2024-09-28,152.89,食品
U02514,ORD_U02514_001,2025-02-03,154.32,食品
U02514,ORD_U02514_003,2025-02-13,109.63,数码
U02514,ORD_U02514_002,2025-03-14,143.32,食品
U02515,ORD_U02515_000,2024-04-08,45.99,食品
U02515,ORD_U02515_001,2024-04-24,53.39,美妆
U02516,ORD_U02516_000,2023-05-29,167.62,服饰
U02516,ORD_U02516_001,2023-06-21,221.7,数码
U02516,ORD_U02516_002,2023-08-06,122.96,家居
U02516,ORD_U02516_003,2023-10-05,282.95,数码
U02516,ORD_U02516_006,2023-11-19,390.76,美妆
U02516,ORD_U02516_004,2023-12-07,271.39,服饰
U02516,ORD_U02516_005,2024-01-15,375.03,数码
U02516,ORD_U02516_007,2024-03-14,116.09,美妆
U02516,ORD_U02516_008,2024-08-18,392.05,数码
U02517,ORD_U02517_000,2023-11-25,93.07,数码
U02517,ORD_U02517_001,2023-12-14,57.9,食品
U02517,ORD_U02517_002,2024-02-10,83.44,服饰
U02518,ORD_U02518_000,2024-08-23,88.11,美妆
U02519,ORD_U02519_001,2024-06-24,24.87,服饰
U02519,ORD_U02519_000,2024-07-28,55.08,食品
U02520,ORD_U02520_000,2023-10-09,248.97,服饰
U02520,ORD_U02520_001,2023-11-15,169.54,食品
U02520,ORD_U02520_002,2023-12-30,160.47,食品
U02521,ORD_U02521_000,2024-07-05,170.42,食品
U02521,ORD_U02521_001,2024-07-31,215.38,服饰
U02521,ORD_U02521_002,2024-08-20,185.21,服饰
U02521,ORD_U02521_003,2024-10-02,281.29,服饰
U02521,ORD_U02521_008,2024-11-16,250.61,家居
U02521,ORD_U02521_009,2024-11-16,96.75,数码
U02521,ORD_U02521_007,2024-11-19,142.81,服饰
U02521,ORD_U02521_004,2024-11-20,225.35,美妆
U02521,ORD_U02521_005,2025-01-06,290.55,家居
U02521,ORD_U02521_011,2025-01-18,234.72,服饰
U02521,ORD_U02521_006,2025-02-03,225.42,数码
U02521,ORD_U02521_010,2025-02-27,205.45,家居
U02521,ORD_U02521_015,2025-06-16,229.88,服饰
U02521,ORD_U02521_013,2025-07-01,117.53,家居
U02521,ORD_U02521_016,2025-10-05,316.87,食品
U02521,ORD_U02521_012,2025-11-08,319.38,家居
U02521,ORD_U02521_014,2025-11-14,161.35,家居
U02522,ORD_U02522_000,2024-03-21,45.97,家居
U02522,ORD_U02522_003,2024-05-06,33.91,家居
U02522,ORD_U02522_001,2024-05-11,49.38,服饰
U02522,ORD_U02522_002,2024-06-23,64.69,数码
U02523,ORD_U02523_000,2023-07-19,40.87,家居
U02524,ORD_U02524_000,2024-10-01,341.21,家居
U02524,ORD_U02524_001,2024-12-16,248.76,数码
U02524,ORD_U02524_005,2025-02-14,277.76,家居
U02524,ORD_U02524_002,2025-02-17,186.01,数码
U02524,ORD_U02524_004,2025-03-10,130.29,服饰
U02524,ORD_U02524_003,2025-05-01,209.26,食品
U02524,ORD_U02524_009,2025-06-12,327.68,美妆
U02524,ORD_U02524_008,2025-07-11,204.95,食品
U02524,ORD_U02524_006,2025-08-04,263.24,数码
U02524,ORD_U02524_007,2025-09-11,172.27,服饰
U02525,ORD_U02525_001,2024-04-15,801.62,食品
U02525,ORD_U02525_000,2024-04-29,294.33,服饰
U02525,ORD_U02525_002,2024-05-30,632.04,家居
U02525,ORD_U02525_003,2024-06-12,979.5,美妆
U02525,ORD_U02525_005,2024-07-13,875.49,食品
U02525,ORD_U02525_004,2024-08-21,866.86,服饰
U02525,ORD_U02525_006,2024-11-27,645.65,数码
U02525,ORD_U02525_007,2024-12-28,508.37,家居
U02526,ORD_U02526_000,2024-02-27,346.24,家居
U02526,ORD_U02526_003,2024-05-09,252.5,服饰
U02526,ORD_U02526_001,2024-05-27,120.72,家居
U02526,ORD_U02526_002,2024-08-02,131.4,美妆
U02526,ORD_U02526_004,2024-08-03,382.95,服饰
U02526,ORD_U02526_005,2024-09-15,116.37,家居
U02526,ORD_U02526_009,2024-11-04,306.42,美妆
U02526,ORD_U02526_006,2024-12-12,344.67,美妆
U02526,ORD_U02526_008,2024-12-22,260.2,食品
U02526,ORD_U02526_007,2025-02-14,122.21,家居
U02527,ORD_U02527_001,2024-03-22,32.32,食品
U02527,ORD_U02527_000,2024-03-24,35.72,服饰
U02527,ORD_U02527_002,2024-09-09,32.16,服饰
U02527,ORD_U02527_003,2024-10-18,83.16,数码
U02528,ORD_U02528_000,2023-11-13,319.03,服饰
U02528,ORD_U02528_001,2023-12-29,142.18,美妆
U02528,ORD_U02528_003,2024-02-16,297.41,美妆
U02528,ORD_U02528_002,2024-03-11,200.26,美妆
U02528,ORD_U02528_004,2024-03-31,318.11,数码
U02528,ORD_U02528_005,2024-04-10,190.73,美妆
U02528,ORD_U02528_006,2024-07-25,285.01,服饰
U02529,ORD_U02529_000,2023-03-27,73.77,美妆
U02529,ORD_U02529_002,2023-05-13,123.07,食品
U02529,ORD_U02529_001,2023-07-22,138.01,食品
U02530,ORD_U02530_000,2024-02-11,64.38,食品
U02531,ORD_U02531_001,2023-06-01,38.67,服饰
U02531,ORD_U02531_000,2023-06-08,95.28,食品
U02531,ORD_U02531_002,2023-08-10,41.87,数码
U02532,ORD_U02532_000,2023-02-12,74.39,美妆
U02532,ORD_U02532_001,2023-03-13,78.93,服饰
U02532,ORD_U02532_002,2023-04-08,106.15,美妆
U02532,ORD_U02532_003,2023-06-25,172.66,数码
U02532,ORD_U02532_005,2023-07-18,143.32,家居
U02532,ORD_U02532_006,2023-07-19,127.28,服饰
U02532,ORD_U02532_004,2023-10-19,118.91,美妆
U02532,ORD_U02532_007,2024-01-27,116.26,美妆
U02533,ORD_U02533_000,2024-06-01,28.92,食品
U02533,ORD_U02533_001,2024-09-03,51.69,数码
U02533,ORD_U02533_002,2024-09-15,56.07,食品
U02533,ORD_U02533_003,2024-10-04,18.96,服饰
U02534,ORD_U02534_000,2024-06-07,34.41,食品
U02534,ORD_U02534_001,2024-07-04,76.09,美妆
U02535,ORD_U02535_000,2023-10-27,515.83,家居
U02535,ORD_U02535_001,2023-11-14,1068.82,家居
U02535,ORD_U02535_002,2024-01-17,364.73,服饰
U02535,ORD_U02535_004,2024-01-28,1073.81,食品
U02535,ORD_U02535_007,2024-02-20,451.67,服饰
U02535,ORD_U02535_003,2024-03-01,1108.81,数码
U02535,ORD_U02535_009,2024-04-06,739.34,家居
U02535,ORD_U02535_005,2024-05-17,541.48,食品
U02535,ORD_U02535_006,2024-06-17,382.51,服饰
U02535,ORD_U02535_012,2024-09-08,697.94,美妆
U02535,ORD_U02535_008,2024-09-22,963.3,美妆
U02535,ORD_U02535_011,2024-11-04,1095.78,美妆
U02535,ORD_U02535_010,2024-12-22,751.38,服饰
U02535,ORD_U02535_013,2025-04-30,544.97,数码
U02536,ORD_U02536_000,2023-07-19,206.2,家居
U02536,ORD_U02536_001,2023-08-11,138.71,家居
U02536,ORD_U02536_002,2023-09-01,280.2,家居
U02537,ORD_U02537_000,2023-06-20,85.25,食品
U02537,ORD_U02537_001,2023-07-09,76.16,食品
U02537,ORD_U02537_003,2023-10-26,79.24,服饰
U02537,ORD_U02537_002,2023-10-28,93.86,家居
U02538,ORD_U02538_000,2024-03-10,27.69,美妆
U02538,ORD_U02538_001,2024-03-28,69.35,食品
U02539,ORD_U02539_000,2024-01-30,135.06,家居
U02539,ORD_U02539_001,2024-05-12,158.46,数码
U02540,ORD_U02540_000,2023-10-26,215.45,家居
U02540,ORD_U02540_001,2023-12-18,419.29,美妆
U02540,ORD_U02540_002,2024-01-25,394.59,数码
U02540,ORD_U02540_003,2024-02-08,117.43,服饰
U02540,ORD_U02540_005,2024-03-06,406.35,数码
U02540,ORD_U02540_004,2024-04-08,118.56,美妆
U02540,ORD_U02540_009,2024-04-29,367.31,家居
U02540,ORD_U02540_006,2024-05-10,236.65,数码
U02540,ORD_U02540_008,2024-05-17,401.31,家居
U02540,ORD_U02540_007,2024-09-16,237.24,美妆
U02541,ORD_U02541_000,2023-01-25,134.44,食品
U02541,ORD_U02541_001,2023-03-12,268.07,服饰
U02541,ORD_U02541_002,2023-03-13,385.03,家居
U02541,ORD_U02541_003,2023-07-09,183.75,数码
U02541,ORD_U02541_004,2023-07-23,430.99,数码
U02541,ORD_U02541_007,2023-08-15,155.52,食品
U02541,ORD_U02541_005,2023-08-19,348.61,家居
U02541,ORD_U02541_006,2023-08-19,306.02,美妆
U02541,ORD_U02541_009,2023-11-06,228.93,美妆
U02541,ORD_U02541_008,2023-11-22,162.23,家居
U02541,ORD_U02541_010,2023-11-30,449.41,数码
U02541,ORD_U02541_011,2024-06-01,272.51,美妆
U02542,ORD_U02542_000,2024-12-27,505.48,服饰
U02542,ORD_U02542_001,2025-02-15,256.8,家居
U02542,ORD_U02542_002,2025-03-12,732.44,数码
U02542,ORD_U02542_005,2025-03-19,543.37,美妆
U02542,ORD_U02542_006,2025-04-28,773.32,食品
U02542,ORD_U02542_003,2025-04-30,529.0,美妆
U02542,ORD_U02542_004,2025-06-25,760.21,食品
U02542,ORD_U02542_009,2025-08-27,666.04,美妆
U02542,ORD_U02542_010,2025-09-01,384.36,食品
U02542,ORD_U02542_011,2025-09-19,737.11,食品
U02542,ORD_U02542_007,2025-09-25,218.37,服饰
U02542,ORD_U02542_008,2025-11-01,728.76,家居
U02542,ORD_U02542_012,2026-01-14,431.07,数码
U02542,ORD_U02542_013,2026-03-15,319.24,数码
U02542,ORD_U02542_014,2026-10-13,724.28,家居
U02543,ORD_U02543_000,2024-02-23,144.06,食品
U02544,ORD_U02544_000,2024-07-10,83.45,服饰
U02544,ORD_U02544_001,2024-12-13,130.7,美妆
U02545,ORD_U02545_000,2023-10-19,111.69,服饰
U02545,ORD_U02545_001,2023-12-04,70.0,服饰
U02545,ORD_U02545_004,2024-02-10,105.56,美妆
U02545,ORD_U02545_002,2024-02-24,97.93,食品
U02545,ORD_U02545_005,2024-03-26,180.13,数码
U02545,ORD_U02545_003,2024-04-02,97.99,服饰
U02545,ORD_U02545_006,2024-09-10,109.55,美妆
U02546,ORD_U02546_000,2023-11-02,175.69,服饰
U02546,ORD_U02546_001,2023-11-23,159.25,家居
U02546,ORD_U02546_002,2023-12-16,131.71,食品
U02546,ORD_U02546_003,2023-12-30,169.37,服饰
U02547,ORD_U02547_000,2024-01-24,63.06,美妆
U02547,ORD_U02547_001,2024-02-18,213.91,数码
U02547,ORD_U02547_002,2024-02-23,86.69,美妆
U02548,ORD_U02548_000,2023-08-29,31.67,服饰
U02548,ORD_U02548_001,2023-10-18,75.22,美妆
U02549,ORD_U02549_000,2023-01-27,368.69,服饰
U02549,ORD_U02549_001,2023-03-18,278.27,美妆
U02549,ORD_U02549_002,2023-04-26,512.41,数码
U02549,ORD_U02549_003,2023-05-02,466.8,食品
U02549,ORD_U02549_005,2023-06-27,360.82,数码
U02549,ORD_U02549_004,2023-10-16,487.86,食品
U02549,ORD_U02549_006,2024-02-05,233.73,食品
U02549,ORD_U02549_007,2024-02-24,189.54,家居
U02550,ORD_U02550_000,2023-05-17,83.8,家居
U02550,ORD_U02550_002,2023-08-26,61.86,数码
U02550,ORD_U02550_001,2023-09-29,139.78,服饰
U02550,ORD_U02550_003,2024-01-02,96.9,服饰
U02551,ORD_U02551_000,2024-07-26,92.25,食品
U02551,ORD_U02551_001,2024-08-24,46.97,服饰
U02551,ORD_U02551_002,2024-12-31,43.05,食品
U02551,ORD_U02551_003,2025-02-03,89.73,服饰
U02552,ORD_U02552_001,2024-10-03,829.04,食品
U02552,ORD_U02552_000,2024-10-05,423.98,数码
U02552,ORD_U02552_002,2024-11-01,730.63,食品
U02552,ORD_U02552_003,2024-11-21,535.16,家居
U02552,ORD_U02552_004,2024-11-29,285.91,服饰
U02552,ORD_U02552_005,2024-12-23,740.54,家居
U02552,ORD_U02552_007,2025-02-11,643.87,服饰
U02552,ORD_U02552_006,2025-02-12,856.36,美妆
U02552,ORD_U02552_008,2025-08-05,367.13,数码
U02553,ORD_U02553_000,2023-12-08,170.77,服饰
U02553,ORD_U02553_001,2024-03-13,113.95,服饰
U02553,ORD_U02553_002,2024-03-24,406.64,美妆
U02553,ORD_U02553_003,2024-04-27,208.54,数码
U02553,ORD_U02553_007,2024-05-09,406.73,家居
U02553,ORD_U02553_006,2024-07-22,239.55,食品
U02553,ORD_U02553_004,2024-07-30,294.16,家居
U02553,ORD_U02553_005,2024-08-08,116.64,美妆
U02553,ORD_U02553_008,2024-09-04,219.91,数码
U02553,ORD_U02553_009,2024-12-25,331.74,数码
U02554,ORD_U02554_000,2023-08-01,637.62,服饰
U02554,ORD_U02554_001,2023-09-15,780.33,服饰
U02554,ORD_U02554_003,2023-09-23,1011.48,数码
U02554,ORD_U02554_002,2023-10-09,891.24,数码
U02554,ORD_U02554_004,2023-12-06,524.92,家居
U02554,ORD_U02554_005,2023-12-20,333.8,美妆
U02554,ORD_U02554_006,2024-02-24,948.92,家居
U02554,ORD_U02554_007,2024-05-18,417.39,美妆
U02555,ORD_U02555_000,2023-08-04,240.12,数码
U02555,ORD_U02555_001,2023-09-28,302.91,家居
U02555,ORD_U02555_003,2023-10-25,478.17,食品
U02555,ORD_U02555_002,2023-11-20,178.15,服饰
U02555,ORD_U02555_004,2024-03-16,391.12,服饰
U02555,ORD_U02555_005,2024-04-29,477.16,美妆
U02555,ORD_U02555_006,2024-06-26,244.66,服饰
U02555,ORD_U02555_007,2024-06-28,411.75,食品
U02556,ORD_U02556_000,2024-08-01,166.29,服饰
U02556,ORD_U02556_001,2024-09-18,73.16,美妆
U02556,ORD_U02556_002,2024-11-16,200.71,美妆
U02556,ORD_U02556_003,2025-02-15,172.19,服饰
U02557,ORD_U02557_000,2023-11-14,142.09,食品
U02557,ORD_U02557_001,2023-12-22,174.27,数码
U02557,ORD_U02557_002,2024-02-13,238.74,食品
U02557,ORD_U02557_003,2024-04-22,173.57,食品
U02557,ORD_U02557_004,2024-07-13,155.21,食品
U02557,ORD_U02557_006,2024-08-16,162.79,食品
U02557,ORD_U02557_005,2024-08-31,204.22,家居
U02558,ORD_U02558_000,2024-04-19,389.75,数码
U02558,ORD_U02558_001,2024-07-04,468.38,美妆
U02558,ORD_U02558_002,2024-07-30,236.08,数码
U02558,ORD_U02558_004,2024-09-13,400.52,家居
U02558,ORD_U02558_005,2024-09-21,379.31,家居
U02558,ORD_U02558_003,2024-10-10,213.97,服饰
U02558,ORD_U02558_006,2025-01-08,276.53,家居
U02559,ORD_U02559_000,2024-08-14,117.34,服饰
U02559,ORD_U02559_001,2024-09-21,63.71,家居
U02559,ORD_U02559_002,2024-11-23,102.39,家居
U02559,ORD_U02559_003,2025-01-17,85.74,数码
U02560,ORD_U02560_001,2024-11-03,833.54,数码
U02560,ORD_U02560_000,2024-11-04,712.82,家居
U02560,ORD_U02560_002,2025-01-03,821.19,家居
U02560,ORD_U02560_004,2025-01-11,250.72,家居
U02560,ORD_U02560_003,2025-02-01,597.15,家居
U02560,ORD_U02560_005,2025-03-21,303.07,食品
U02560,ORD_U02560_007,2025-06-17,674.01,家居
U02560,ORD_U02560_006,2025-06-22,552.74,数码
U02560,ORD_U02560_009,2025-08-08,709.16,家居
U02560,ORD_U02560_008,2025-08-25,567.59,家居
U02561,ORD_U02561_000,2024-01-03,78.48,家居
U02561,ORD_U02561_001,2024-04-20,120.86,数码
U02562,ORD_U02562_000,2024-10-03,240.61,家居
U02562,ORD_U02562_001,2024-11-22,125.41,家居
U02562,ORD_U02562_002,2024-12-08,120.96,家居
U02562,ORD_U02562_004,2025-01-30,248.59,食品
U02562,ORD_U02562_003,2025-02-20,191.88,数码
U02562,ORD_U02562_009,2025-04-26,300.14,数码
U02562,ORD_U02562_006,2025-05-06,227.1,服饰
U02562,ORD_U02562_007,2025-05-27,175.53,食品
U02562,ORD_U02562_005,2025-06-22,87.81,数码
U02562,ORD_U02562_008,2025-07-13,101.19,服饰
U02563,ORD_U02563_000,2024-01-01,302.9,食品
U02563,ORD_U02563_001,2024-01-06,385.44,食品
U02563,ORD_U02563_003,2024-03-12,253.3,数码
U02563,ORD_U02563_002,2024-04-02,300.26,数码
U02563,ORD_U02563_005,2024-04-04,185.74,食品
U02563,ORD_U02563_008,2024-05-16,302.0,美妆
U02563,ORD_U02563_004,2024-07-05,435.81,数码
U02563,ORD_U02563_007,2024-09-02,410.95,食品
U02563,ORD_U02563_006,2024-10-01,475.65,美妆
U02564,ORD_U02564_000,2024-12-08,205.46,数码
U02565,ORD_U02565_000,2024-04-21,488.31,家居
U02565,ORD_U02565_003,2024-05-27,375.12,美妆
U02565,ORD_U02565_001,2024-05-30,267.93,数码
U02565,ORD_U02565_002,2024-06-16,427.4,数码
U02565,ORD_U02565_005,2024-07-26,457.71,食品
U02565,ORD_U02565_006,2024-08-28,355.76,家居
U02565,ORD_U02565_004,2024-09-06,458.75,食品
U02565,ORD_U02565_007,2025-04-22,505.24,家居
U02566,ORD_U02566_000,2024-11-24,97.24,家居
U02566,ORD_U02566_001,2025-03-28,116.61,美妆
U02567,ORD_U02567_000,2024-02-03,103.27,家居
U02567,ORD_U02567_001,2024-03-07,172.54,食品
U02567,ORD_U02567_002,2024-05-23,323.45,家居
U02567,ORD_U02567_003,2024-07-08,160.22,服饰
U02567,ORD_U02567_004,2024-10-03,219.01,数码
U02567,ORD_U02567_005,2024-10-10,154.49,服饰
U02568,ORD_U02568_000,2024-08-09,109.6,服饰
U02568,ORD_U02568_001,2024-10-15,69.77,数码
U02569,ORD_U02569_000,2023-03-29,49.49,食品
U02569,ORD_U02569_001,2023-06-02,61.51,美妆
U02569,ORD_U02569_002,2023-06-20,76.42,服饰
U02570,ORD_U02570_000,2023-07-21,84.47,服饰
U02570,ORD_U02570_001,2023-08-28,157.84,数码
U02570,ORD_U02570_002,2023-09-02,79.68,美妆
U02570,ORD_U02570_004,2023-11-08,129.27,美妆
U02570,ORD_U02570_005,2023-11-24,159.65,家居
U02570,ORD_U02570_006,2023-12-10,188.54,美妆
U02570,ORD_U02570_003,2024-01-12,123.44,数码
U02570,ORD_U02570_008,2024-02-20,101.88,服饰
U02570,ORD_U02570_007,2024-04-17,95.49,食品
U02571,ORD_U02571_000,2024-06-14,65.01,美妆
U02571,ORD_U02571_001,2024-06-26,38.84,食品
U02571,ORD_U02571_002,2024-10-06,57.39,家居
U02571,ORD_U02571_003,2024-10-26,130.85,数码
U02572,ORD_U02572_000,2024-05-06,379.68,食品
U02572,ORD_U02572_001,2024-07-01,644.83,食品
U02572,ORD_U02572_002,2024-09-06,206.49,食品
U02572,ORD_U02572_003,2024-09-14,733.72,服饰
U02572,ORD_U02572_004,2024-09-14,761.87,服饰
U02572,ORD_U02572_005,2024-10-19,787.09,服饰
U02572,ORD_U02572_006,2025-01-20,706.79,服饰
U02572,ORD_U02572_007,2025-02-28,338.05,数码
U02573,ORD_U02573_000,2024-10-07,69.77,家居
U02573,ORD_U02573_001,2024-12-21,35.22,美妆
U02573,ORD_U02573_002,2025-03-10,94.85,食品
U02574,ORD_U02574_000,2023-07-03,205.44,美妆
U02574,ORD_U02574_001,2023-08-16,275.14,家居
U02574,ORD_U02574_003,2023-10-14,282.24,美妆
U02574,ORD_U02574_004,2023-11-14,224.91,美妆
U02574,ORD_U02574_006,2023-11-23,358.06,家居
U02574,ORD_U02574_002,2023-11-28,224.72,服饰
U02574,ORD_U02574_005,2023-12-30,169.16,服饰
U02574,ORD_U02574_007,2024-02-19,358.55,数码
U02575,ORD_U02575_001,2024-03-13,206.7,美妆
U02575,ORD_U02575_000,2024-03-31,213.24,家居
U02575,ORD_U02575_002,2024-04-23,170.34,美妆
U02575,ORD_U02575_003,2024-08-07,114.66,美妆
U02576,ORD_U02576_000,2024-09-01,345.09,服饰
U02576,ORD_U02576_001,2024-10-07,256.98,服饰
U02576,ORD_U02576_002,2024-12-08,447.93,家居
U02577,ORD_U02577_000,2023-05-26,110.79,食品
U02578,ORD_U02578_000,2023-07-20,46.31,服饰
U02579,ORD_U02579_000,2023-06-10,50.67,数码
U02579,ORD_U02579_001,2023-07-18,54.98,家居
U02579,ORD_U02579_002,2023-10-09,107.68,服饰
U02579,ORD_U02579_003,2023-11-16,57.02,美妆
U02580,ORD_U02580_000,2024-12-09,708.02,数码
U02580,ORD_U02580_001,2024-12-25,696.84,数码
U02580,ORD_U02580_002,2025-02-21,404.23,家居
U02580,ORD_U02580_004,2025-03-10,357.44,美妆
U02580,ORD_U02580_003,2025-04-29,691.47,家居
U02580,ORD_U02580_006,2025-05-16,462.45,美妆
U02580,ORD_U02580_007,2025-06-09,288.11,家居
U02580,ORD_U02580_005,2025-06-10,690.17,食品
U02580,ORD_U02580_008,2025-06-14,327.22,家居
U02580,ORD_U02580_009,2025-07-18,559.93,家居
U02580,ORD_U02580_014,2025-08-22,416.83,食品
U02580,ORD_U02580_013,2025-10-11,656.03,服饰
U02580,ORD_U02580_010,2025-10-27,213.66,美妆
U02580,ORD_U02580_012,2025-11-24,194.25,家居
U02580,ORD_U02580_016,2026-01-30,395.89,服饰
U02580,ORD_U02580_015,2026-03-23,617.47,服饰
U02580,ORD_U02580_011,2026-04-29,502.53,食品
U02581,ORD_U02581_000,2025-01-26,150.45,服饰
U02581,ORD_U02581_001,2025-03-20,125.21,服饰
U02582,ORD_U02582_000,2024-10-01,300.51,食品
U02582,ORD_U02582_001,2024-11-27,182.82,服饰
U02582,ORD_U02582_002,2024-12-02,392.5,美妆
U02582,ORD_U02582_003,2025-02-24,168.77,美妆
U02582,ORD_U02582_004,2025-05-18,176.21,美妆
U02582,ORD_U02582_007,2025-05-18,104.65,家居
U02582,ORD_U02582_005,2025-05-20,288.64,食品
U02582,ORD_U02582_006,2025-07-14,304.78,数码
U02582,ORD_U02582_008,2025-12-08,372.15,服饰
U02583,ORD_U02583_000,2024-09-17,197.29,食品
U02583,ORD_U02583_001,2024-11-13,243.88,服饰
U02583,ORD_U02583_002,2024-12-04,68.36,家居
U02583,ORD_U02583_003,2025-01-14,257.15,服饰
U02584,ORD_U02584_000,2024-02-29,71.37,食品
U02584,ORD_U02584_002,2024-03-17,185.58,食品
U02584,ORD_U02584_003,2024-04-17,140.62,美妆
U02584,ORD_U02584_001,2024-04-23,180.77,食品
U02584,ORD_U02584_004,2024-08-11,91.56,家居
U02584,ORD_U02584_005,2024-09-30,186.2,服饰
U02584,ORD_U02584_006,2024-10-22,59.9,家居
U02584,ORD_U02584_007,2025-03-25,127.81,家居
U02585,ORD_U02585_000,2024-02-29,154.97,数码
U02585,ORD_U02585_001,2024-04-26,275.12,数码
U02585,ORD_U02585_002,2024-05-27,149.16,食品
U02585,ORD_U02585_004,2024-08-05,93.69,美妆
U02585,ORD_U02585_003,2024-09-15,221.16,数码
U02585,ORD_U02585_005,2024-11-27,230.02,食品
U02586,ORD_U02586_000,2023-07-15,99.94,服饰
U02586,ORD_U02586_001,2023-09-16,31.82,数码
U02587,ORD_U02587_000,2024-03-01,375.39,服饰
U02587,ORD_U02587_003,2024-04-05,309.27,服饰
U02587,ORD_U02587_001,2024-04-22,413.42,美妆
U02587,ORD_U02587_004,2024-05-19,215.84,美妆
U02587,ORD_U02587_002,2024-05-23,158.63,家居
U02587,ORD_U02587_005,2024-07-03,186.61,美妆
U02587,ORD_U02587_006,2024-07-09,309.03,食品
U02587,ORD_U02587_007,2024-10-16,283.21,食品
U02587,ORD_U02587_008,2024-10-20,383.04,美妆
U02587,ORD_U02587_009,2024-12-15,341.81,美妆
U02587,ORD_U02587_010,2025-02-19,452.05,美妆
U02587,ORD_U02587_011,2025-04-12,144.05,服饰
U02588,ORD_U02588_000,2024-07-21,53.36,食品
U02589,ORD_U02589_000,2023-07-26,316.85,家居
U02589,ORD_U02589_001,2023-10-12,433.2,数码
U02589,ORD_U02589_002,2023-10-16,343.88,数码
U02589,ORD_U02589_003,2023-11-30,340.54,美妆
U02589,ORD_U02589_006,2023-12-28,508.04,食品
U02589,ORD_U02589_005,2024-01-31,275.61,数码
U02589,ORD_U02589_004,2024-03-10,219.92,家居
U02589,ORD_U02589_008,2024-03-14,424.66,美妆
U02589,ORD_U02589_007,2024-07-03,152.25,服饰
U02589,ORD_U02589_009,2024-12-07,466.31,数码
U02590,ORD_U02590_000,2023-01-27,312.84,服饰
U02590,ORD_U02590_001,2023-04-17,120.58,数码
U02590,ORD_U02590_003,2023-06-09,163.17,数码
U02590,ORD_U02590_002,2023-07-07,254.04,数码
U02590,ORD_U02590_005,2023-08-29,338.88,家居
U02590,ORD_U02590_004,2023-09-18,345.05,服饰
U02591,ORD_U02591_000,2024-09-25,59.21,家居
U02591,ORD_U02591_001,2024-12-01,97.05,数码
U02592,ORD_U02592_000,2023-06-19,1374.47,食品
U02592,ORD_U02592_002,2023-07-23,1546.5,服饰
U02592,ORD_U02592_001,2023-07-24,1598.38,美妆
U02592,ORD_U02592_003,2023-09-18,1067.35,家居
U02592,ORD_U02592_004,2023-09-18,1155.12,数码
U02592,ORD_U02592_006,2023-10-13,2479.22,服饰
U02592,ORD_U02592_010,2023-10-14,1041.51,数码
U02592,ORD_U02592_005,2023-10-26,1593.79,食品
U02592,ORD_U02592_008,2023-11-28,2129.83,家居
U02592,ORD_U02592_022,2023-12-14,966.76,数码
U02592,ORD_U02592_007,2023-12-16,1001.58,家居
U02592,ORD_U02592_013,2024-01-12,919.25,数码
U02592,ORD_U02592_018,2024-02-26,1174.43,数码
U02592,ORD_U02592_036,2024-03-10,2292.11,数码
U02592,ORD_U02592_009,2024-03-14,1139.66,家居
U02592,ORD_U02592_015,2024-03-22,696.99,家居
U02592,ORD_U02592_034,2024-04-10,2224.15,家居
U02592,ORD_U02592_011,2024-05-12,1476.36,家居
U02592,ORD_U02592_032,2024-05-15,749.04,食品
U02592,ORD_U02592_027,2024-06-06,1532.51,食品
U02592,ORD_U02592_014,2024-06-15,2459.67,美妆
U02592,ORD_U02592_012,2024-06-22,1905.36,数码
U02592,ORD_U02592_020,2024-06-30,1238.01,美妆
U02592,ORD_U02592_037,2024-07-12,2111.79,食品
U02592,ORD_U02592_026,2024-07-13,639.47,服饰
U02592,ORD_U02592_021,2024-07-27,2096.98,数码
U02592,ORD_U02592_043,2024-09-06,703.3,美妆
U02592,ORD_U02592_045,2024-09-21,1839.2,服饰
U02592,ORD_U02592_017,2024-10-11,725.71,服饰
U02592,ORD_U02592_039,2024-10-21,1185.62,食品
U02592,ORD_U02592_016,2024-10-22,1604.77,食品
U02592,ORD_U02592_030,2024-10-29,2369.5,服饰
U02592,ORD_U02592_038,2024-11-11,1682.9,美妆
U02592,ORD_U02592_023,2024-12-15,2035.88,食品
U02592,ORD_U02592_024,2024-12-23,1691.71,数码
U02592,ORD_U02592_019,2024-12-30,2267.11,数码
U02592,ORD_U02592_028,2025-01-12,1968.36,美妆
U02592,ORD_U02592_031,2025-02-15,1841.01,食品
U02592,ORD_U02592_044,2025-03-08,1939.15,美妆
U02592,ORD_U02592_042,2025-03-19,862.07,服饰
U02592,ORD_U02592_025,2025-05-31,1419.16,服饰
U02592,ORD_U02592_029,2025-09-03,1122.18,食品
U02592,ORD_U02592_046,2025-10-20,1247.53,食品
U02592,ORD_U02592_040,2025-12-08,1701.79,服饰
U02592,ORD_U02592_033,2026-01-20,1612.77,家居
U02592,ORD_U02592_035,2026-05-24,2359.76,食品
U02592,ORD_U02592_041,2026-11-16,2100.94,美妆
U02593,ORD_U02593_000,2024-01-21,165.97,家居
U02593,ORD_U02593_001,2024-01-21,95.6,服饰
U02593,ORD_U02593_002,2024-04-06,94.55,服饰
U02593,ORD_U02593_003,2024-05-21,99.23,食品
U02593,ORD_U02593_006,2024-08-25,106.96,服饰
U02593,ORD_U02593_004,2024-09-12,156.43,食品
U02593,ORD_U02593_005,2024-10-20,83.4,家居
U02593,ORD_U02593_007,2025-01-01,198.41,家居
U02593,ORD_U02593_008,2025-01-15,198.21,食品
U02593,ORD_U02593_009,2025-05-24,163.47,美妆
U02594,ORD_U02594_000,2023-09-15,79.77,美妆
U02594,ORD_U02594_001,2023-10-15,228.2,数码
U02594,ORD_U02594_002,2023-11-25,136.17,服饰
U02594,ORD_U02594_003,2024-01-06,256.32,家居
U02594,ORD_U02594_004,2024-01-06,176.74,家居
U02594,ORD_U02594_006,2024-02-14,97.5,数码
U02594,ORD_U02594_005,2024-06-04,182.3,数码
U02594,ORD_U02594_007,2024-07-29,257.52,家居
U02595,ORD_U02595_000,2023-11-09,305.52,美妆
U02595,ORD_U02595_001,2023-12-21,190.34,美妆
U02595,ORD_U02595_002,2024-01-17,202.43,食品
U02596,ORD_U02596_000,2023-06-26,108.23,美妆
U02596,ORD_U02596_001,2023-08-06,79.73,食品
U02596,ORD_U02596_002,2023-09-29,158.22,美妆
U02597,ORD_U02597_000,2024-11-27,214.72,服饰
U02597,ORD_U02597_002,2024-12-31,171.54,数码
U02597,ORD_U02597_001,2025-01-18,131.07,家居
U02597,ORD_U02597_004,2025-03-07,105.23,美妆
U02597,ORD_U02597_003,2025-05-09,188.5,数码
U02598,ORD_U02598_000,2023-12-24,362.81,服饰
U02598,ORD_U02598_001,2024-02-26,282.92,服饰
U02598,ORD_U02598_002,2024-03-07,92.85,美妆
U02598,ORD_U02598_003,2024-04-06,115.05,食品
U02598,ORD_U02598_006,2024-06-10,219.56,家居
U02598,ORD_U02598_007,2024-06-16,127.62,数码
U02598,ORD_U02598_004,2024-08-12,223.64,数码
U02598,ORD_U02598_005,2024-10-01,98.16,美妆
U02598,ORD_U02598_008,2025-02-27,221.3,数码
U02599,ORD_U02599_000,2024-05-08,174.65,数码
U02599,ORD_U02599_002,2024-08-22,204.76,美妆
U02599,ORD_U02599_001,2024-08-31,56.61,服饰
U02600,ORD_U02600_000,2024-10-20,132.54,美妆
U02601,ORD_U02601_000,2024-03-08,1793.4,家居
U02601,ORD_U02601_001,2024-03-29,772.45,服饰
U02601,ORD_U02601_003,2024-04-07,1652.87,数码
U02601,ORD_U02601_002,2024-04-23,1834.42,数码
U02601,ORD_U02601_005,2024-05-13,1978.83,服饰
U02601,ORD_U02601_006,2024-05-14,1125.35,美妆
U02601,ORD_U02601_004,2024-05-22,820.41,数码
U02601,ORD_U02601_010,2024-06-16,1976.31,服饰
U02601,ORD_U02601_013,2024-07-19,1930.61,美妆
U02601,ORD_U02601_008,2024-08-07,1589.49,数码
U02601,ORD_U02601_022,2024-08-09,1761.64,数码
U02601,ORD_U02601_007,2024-08-12,1481.55,美妆
U02601,ORD_U02601_014,2024-08-16,538.27,美妆
U02601,ORD_U02601_011,2024-09-12,1378.28,家居
U02601,ORD_U02601_018,2024-09-15,1352.45,家居
U02601,ORD_U02601_012,2024-09-20,881.66,家居
U02601,ORD_U02601_021,2024-09-20,1972.08,家居
U02601,ORD_U02601_009,2024-11-01,548.58,服饰
U02601,ORD_U02601_026,2025-02-26,1597.3,食品
U02601,ORD_U02601_015,2025-03-16,999.16,美妆
U02601,ORD_U02601_017,2025-03-20,1315.81,数码
U02601,ORD_U02601_020,2025-05-06,1567.33,美妆
U02601,ORD_U02601_023,2025-05-14,1504.14,数码
U02601,ORD_U02601_016,2025-05-26,714.56,数码
U02601,ORD_U02601_024,2025-07-12,1451.26,家居
U02601,ORD_U02601_027,2025-09-03,667.27,食品
U02601,ORD_U02601_019,2025-10-16,1369.61,美妆
U02601,ORD_U02601_025,2026-04-06,936.17,服饰
U02602,ORD_U02602_000,2024-11-29,74.33,美妆
U02602,ORD_U02602_002,2025-01-12,139.4,家居
U02602,ORD_U02602_001,2025-01-21,61.11,美妆
U02602,ORD_U02602_003,2025-03-05,151.45,家居
U02603,ORD_U02603_000,2024-03-28,255.71,美妆
U02603,ORD_U02603_001,2024-05-08,266.23,家居
U02603,ORD_U02603_002,2024-05-27,421.52,服饰
U02603,ORD_U02603_003,2024-08-06,251.93,美妆
U02603,ORD_U02603_004,2024-08-13,364.18,服饰
U02603,ORD_U02603_005,2024-10-28,403.98,家居
U02604,ORD_U02604_000,2024-03-27,299.35,服饰
U02604,ORD_U02604_001,2024-05-17,236.75,美妆
U02604,ORD_U02604_002,2024-06-06,232.13,服饰
U02604,ORD_U02604_003,2024-06-29,207.19,数码
U02604,ORD_U02604_004,2024-07-28,313.83,家居
U02604,ORD_U02604_005,2024-09-08,210.56,家居
U02604,ORD_U02604_007,2024-11-23,312.82,美妆
U02604,ORD_U02604_006,2024-12-24,122.52,服饰
U02604,ORD_U02604_008,2025-04-20,204.71,美妆
U02604,ORD_U02604_009,2025-09-17,255.5,食品
U02605,ORD_U02605_000,2024-11-26,205.89,美妆
U02605,ORD_U02605_001,2025-01-25,314.08,家居
U02605,ORD_U02605_002,2025-03-25,379.49,数码
U02605,ORD_U02605_003,2025-06-16,171.17,食品
U02605,ORD_U02605_004,2025-06-29,324.12,美妆
U02605,ORD_U02605_005,2025-07-26,434.18,食品
U02605,ORD_U02605_006,2025-09-20,493.41,数码
U02605,ORD_U02605_007,2025-09-20,360.51,美妆
U02606,ORD_U02606_000,2024-08-07,78.54,食品
U02606,ORD_U02606_001,2024-10-01,78.38,服饰
U02606,ORD_U02606_002,2025-01-03,109.11,家居
U02607,ORD_U02607_000,2023-09-12,494.49,美妆
U02607,ORD_U02607_001,2023-10-17,585.17,美妆
U02607,ORD_U02607_003,2023-10-19,310.71,家居
U02607,ORD_U02607_004,2023-12-09,603.04,服饰
U02607,ORD_U02607_002,2023-12-23,770.9,服饰
U02607,ORD_U02607_007,2024-02-21,770.24,数码
U02607,ORD_U02607_011,2024-02-23,779.01,家居
U02607,ORD_U02607_005,2024-03-11,228.1,家居
U02607,ORD_U02607_012,2024-05-02,786.97,家居
U02607,ORD_U02607_009,2024-05-15,869.15,食品
U02607,ORD_U02607_006,2024-06-10,402.99,家居
U02607,ORD_U02607_008,2024-08-07,544.29,美妆
U02607,ORD_U02607_010,2024-08-26,744.38,美妆
U02608,ORD_U02608_000,2023-02-23,47.13,数码
U02608,ORD_U02608_001,2023-07-11,42.02,服饰
U02608,ORD_U02608_002,2023-09-24,127.3,数码
U02609,ORD_U02609_000,2023-07-01,159.26,家居
U02609,ORD_U02609_001,2023-08-15,429.4,服饰
U02609,ORD_U02609_002,2023-09-02,279.98,食品
U02609,ORD_U02609_003,2023-11-23,300.42,数码
U02609,ORD_U02609_004,2023-12-14,431.47,美妆
U02609,ORD_U02609_005,2024-03-02,331.13,服饰
U02609,ORD_U02609_006,2024-06-14,182.23,美妆
U02610,ORD_U02610_000,2024-07-24,340.68,家居
U02610,ORD_U02610_001,2024-08-15,307.6,家居
U02610,ORD_U02610_003,2024-09-09,95.42,美妆
U02610,ORD_U02610_002,2024-10-15,277.68,家居
U02611,ORD_U02611_000,2024-12-19,169.22,服饰
U02611,ORD_U02611_002,2025-02-15,112.07,服饰
U02611,ORD_U02611_001,2025-03-01,58.34,美妆
U02611,ORD_U02611_003,2025-03-09,166.32,数码
U02612,ORD_U02612_000,2024-05-24,2871.81,美妆
U02612,ORD_U02612_001,2024-06-02,1288.37,数码
U02612,ORD_U02612_003,2024-06-09,1736.16,美妆
U02612,ORD_U02612_002,2024-06-22,1705.09,食品
U02612,ORD_U02612_005,2024-06-26,2148.51,服饰
U02612,ORD_U02612_007,2024-06-30,2301.08,服饰
U02612,ORD_U02612_006,2024-07-23,1894.99,美妆
U02612,ORD_U02612_013,2024-08-24,1338.86,美妆
U02612,ORD_U02612_004,2024-08-29,2911.49,服饰
U02612,ORD_U02612_010,2024-10-30,2034.62,服饰
U02612,ORD_U02612_008,2024-11-05,1569.5,美妆
U02612,ORD_U02612_009,2024-11-11,1874.12,数码
U02612,ORD_U02612_011,2024-11-16,1815.79,家居
U02612,ORD_U02612_016,2024-12-28,1052.97,服饰
U02612,ORD_U02612_012,2025-01-02,1671.08,家居
U02612,ORD_U02612_018,2025-01-04,2157.93,美妆
U02612,ORD_U02612_036,2025-01-20,2099.17,家居
U02612,ORD_U02612_014,2025-02-11,1426.74,家居
U02612,ORD_U02612_015,2025-02-11,2035.95,美妆
U02612,ORD_U02612_031,2025-02-16,1030.13,服饰
U02612,ORD_U02612_022,2025-02-20,947.37,服饰
U02612,ORD_U02612_020,2025-03-06,984.48,服饰
U02612,ORD_U02612_025,2025-03-06,741.49,家居
U02612,ORD_U02612_028,2025-03-18,2702.51,服饰
U02612,ORD_U02612_017,2025-04-24,737.71,美妆
U02612,ORD_U02612_019,2025-08-11,2029.61,数码
U02612,ORD_U02612_024,2025-08-24,1200.79,美妆
U02612,ORD_U02612_038,2025-10-04,2754.97,服饰
U02612,ORD_U02612_032,2025-10-15,2331.24,家居
U02612,ORD_U02612_021,2025-10-23,968.39,美妆
U02612,ORD_U02612_027,2025-11-09,2888.53,数码
U02612,ORD_U02612_030,2025-12-04,2429.01,美妆
U02612,ORD_U02612_026,2025-12-07,2312.15,数码
U02612,ORD_U02612_029,2026-03-15,2514.78,数码
U02612,ORD_U02612_034,2026-03-23,2692.73,数码
U02612,ORD_U02612_023,2026-04-11,2440.23,家居
U02612,ORD_U02612_037,2026-04-19,1377.63,食品
U02612,ORD_U02612_035,2026-08-06,2737.33,美妆
U02612,ORD_U02612_033,2027-01-31,1341.31,食品
U02613,ORD_U02613_000,2023-11-14,253.1,数码
U02613,ORD_U02613_001,2023-12-28,365.34,美妆
U02613,ORD_U02613_004,2024-02-01,276.32,食品
U02613,ORD_U02613_002,2024-02-22,204.83,数码
U02613,ORD_U02613_003,2024-03-27,222.66,服饰
U02613,ORD_U02613_005,2024-04-06,162.37,食品
U02613,ORD_U02613_006,2024-07-04,311.91,家居
U02614,ORD_U02614_000,2024-04-06,180.15,家居
U02614,ORD_U02614_001,2024-04-25,229.38,服饰
U02614,ORD_U02614_002,2024-05-29,215.76,美妆
U02614,ORD_U02614_004,2024-08-14,106.95,食品
U02614,ORD_U02614_003,2024-08-26,134.59,食品
U02615,ORD_U02615_000,2023-10-20,187.77,家居
U02615,ORD_U02615_001,2023-11-11,108.84,美妆
U02615,ORD_U02615_002,2023-12-06,147.6,家居
U02615,ORD_U02615_004,2024-03-15,101.87,食品
U02615,ORD_U02615_003,2024-05-15,49.89,家居
U02616,ORD_U02616_000,2024-07-17,224.56,数码
U02616,ORD_U02616_001,2024-08-29,154.31,美妆
U02616,ORD_U02616_002,2024-11-16,271.45,服饰
U02616,ORD_U02616_003,2024-12-12,249.07,数码
U02617,ORD_U02617_000,2023-03-10,875.43,数码
U02617,ORD_U02617_001,2023-03-12,362.45,美妆
U02617,ORD_U02617_002,2023-03-18,384.58,食品
U02617,ORD_U02617_004,2023-03-20,970.32,家居
U02617,ORD_U02617_003,2023-04-03,864.81,家居
U02617,ORD_U02617_007,2023-04-23,566.42,服饰
U02617,ORD_U02617_010,2023-05-25,865.48,服饰
U02617,ORD_U02617_006,2023-07-16,771.04,服饰
U02617,ORD_U02617_005,2023-07-20,860.96,数码
U02617,ORD_U02617_012,2023-09-18,526.68,数码
U02617,ORD_U02617_009,2023-10-04,414.38,服饰
U02617,ORD_U02617_011,2023-10-12,925.99,服饰
U02617,ORD_U02617_008,2023-10-17,957.2,家居
U02617,ORD_U02617_014,2023-11-09,825.19,美妆
U02617,ORD_U02617_021,2023-11-30,427.32,数码
U02617,ORD_U02617_022,2023-12-23,425.97,美妆
U02617,ORD_U02617_023,2024-01-19,290.09,服饰
U02617,ORD_U02617_016,2024-01-20,374.52,食品
U02617,ORD_U02617_013,2024-02-08,326.09,食品
U02617,ORD_U02617_020,2024-02-25,292.1,家居
U02617,ORD_U02617_018,2024-03-22,851.34,美妆
U02617,ORD_U02617_017,2024-04-23,827.19,美妆
U02617,ORD_U02617_015,2024-05-14,915.67,数码
U02617,ORD_U02617_025,2024-05-19,661.59,家居
U02617,ORD_U02617_019,2024-07-09,990.03,数码
U02617,ORD_U02617_026,2024-08-08,480.06,数码
U02617,ORD_U02617_024,2024-10-25,278.09,服饰
U02618,ORD_U02618_000,2023-11-21,370.19,美妆
U02618,ORD_U02618_001,2023-12-03,655.7,数码
U02618,ORD_U02618_004,2024-01-09,260.19,食品
U02618,ORD_U02618_002,2024-01-22,470.63,家居
U02618,ORD_U02618_003,2024-02-14,540.65,数码
U02618,ORD_U02618_009,2024-04-26,615.68,服饰
U02618,ORD_U02618_006,2024-05-14,197.71,家居
U02618,ORD_U02618_005,2024-05-20,220.05,家居
U02618,ORD_U02618_007,2024-06-19,423.2,美妆
U02618,ORD_U02618_010,2024-06-26,488.23,数码
U02618,ORD_U02618_008,2024-07-12,558.76,食品
U02618,ORD_U02618_014,2024-07-31,189.96,家居
U02618,ORD_U02618_012,2024-10-22,353.6,数码
U02618,ORD_U02618_017,2024-11-27,464.81,数码
U02618,ORD_U02618_011,2024-11-28,263.89,家居
U02618,ORD_U02618_015,2025-02-26,600.31,服饰
U02618,ORD_U02618_013,2025-03-12,270.35,家居
U02618,ORD_U02618_019,2025-08-09,253.82,食品
U02618,ORD_U02618_016,2025-08-21,731.34,美妆
U02618,ORD_U02618_018,2025-12-15,245.04,数码
U02619,ORD_U02619_000,2023-11-25,302.38,数码
U02619,ORD_U02619_001,2024-01-10,264.87,食品
U02619,ORD_U02619_002,2024-01-19,242.53,食品
U02619,ORD_U02619_005,2024-02-27,321.32,食品
U02619,ORD_U02619_003,2024-03-26,565.54,家居
U02619,ORD_U02619_008,2024-04-09,351.83,服饰
U02619,ORD_U02619_004,2024-04-29,191.08,食品
U02619,ORD_U02619_007,2024-07-05,525.73,食品
U02619,ORD_U02619_006,2024-07-18,669.61,美妆
U02619,ORD_U02619_009,2024-09-05,647.79,服饰
U02620,ORD_U02620_000,2023-09-29,127.1,服饰
U02620,ORD_U02620_002,2023-10-11,99.47,服饰
U02620,ORD_U02620_001,2023-12-04,225.4,美妆
U02621,ORD_U02621_000,2024-04-05,932.5,美妆
U02621,ORD_U02621_001,2024-04-21,906.46,家居
U02621,ORD_U02621_002,2024-05-10,832.69,服饰
U02621,ORD_U02621_004,2024-06-11,521.56,家居
U02621,ORD_U02621_007,2024-06-18,1112.2,数码
U02621,ORD_U02621_003,2024-06-19,795.2,食品
U02621,ORD_U02621_005,2024-06-28,1407.85,服饰
U02621,ORD_U02621_009,2024-07-16,399.32,数码
U02621,ORD_U02621_012,2024-08-01,1422.03,数码
U02621,ORD_U02621_006,2024-09-16,1367.5,服饰
U02621,ORD_U02621_008,2024-10-27,907.3,美妆
U02621,ORD_U02621_010,2025-01-10,1288.13,美妆
U02621,ORD_U02621_011,2025-01-27,1373.17,数码
U02621,ORD_U02621_015,2025-01-27,717.66,服饰
U02621,ORD_U02621_016,2025-02-02,515.3,数码
U02621,ORD_U02621_013,2025-02-22,1329.43,服饰
U02621,ORD_U02621_017,2025-03-16,1075.07,食品
U02621,ORD_U02621_019,2025-04-12,1383.26,数码
U02621,ORD_U02621_014,2025-04-29,1372.32,食品
U02621,ORD_U02621_018,2025-08-09,953.31,数码
U02622,ORD_U02622_000,2024-07-18,849.0,数码
U02622,ORD_U02622_001,2024-10-04,352.88,家居
U02622,ORD_U02622_005,2024-10-14,1019.55,食品
U02622,ORD_U02622_004,2024-10-15,735.87,美妆
U02622,ORD_U02622_002,2024-10-19,809.74,食品
U02622,ORD_U02622_007,2024-12-11,828.66,数码
U02622,ORD_U02622_006,2024-12-25,445.98,家居
U02622,ORD_U02622_003,2025-01-01,427.39,美妆
U02622,ORD_U02622_010,2025-02-15,918.57,食品
U02622,ORD_U02622_008,2025-02-27,357.94,美妆
U02622,ORD_U02622_009,2025-04-04,1070.17,数码
U02622,ORD_U02622_011,2025-04-22,525.24,美妆
U02622,ORD_U02622_013,2025-05-04,1071.63,美妆
U02622,ORD_U02622_014,2025-07-11,906.77,服饰
U02622,ORD_U02622_012,2025-12-16,1053.82,美妆
U02622,ORD_U02622_015,2026-06-09,485.37,食品
U02623,ORD_U02623_000,2024-06-09,70.23,数码
U02623,ORD_U02623_001,2024-07-02,162.16,家居
U02623,ORD_U02623_002,2024-10-10,159.86,数码
U02624,ORD_U02624_000,2024-11-29,112.7,食品
U02625,ORD_U02625_000,2023-11-16,156.89,数码
U02625,ORD_U02625_002,2024-01-22,207.24,食品
U02625,ORD_U02625_001,2024-02-01,71.81,数码
U02626,ORD_U02626_000,2024-03-17,694.07,家居
U02626,ORD_U02626_001,2024-04-15,596.72,美妆
U02626,ORD_U02626_002,2024-05-16,741.85,数码
U02626,ORD_U02626_003,2024-06-25,487.29,数码
U02626,ORD_U02626_004,2024-06-29,203.78,家居
U02626,ORD_U02626_005,2024-07-27,430.26,数码
U02626,ORD_U02626_006,2024-09-10,207.24,美妆
U02626,ORD_U02626_007,2024-10-03,638.25,食品
U02626,ORD_U02626_013,2024-10-29,299.54,美妆
U02626,ORD_U02626_012,2024-11-16,503.29,食品
U02626,ORD_U02626_009,2024-12-18,556.02,数码
U02626,ORD_U02626_010,2024-12-26,706.23,服饰
U02626,ORD_U02626_018,2025-02-10,751.46,食品
U02626,ORD_U02626_008,2025-03-01,311.32,家居
U02626,ORD_U02626_015,2025-03-28,307.72,美妆
U02626,ORD_U02626_017,2025-06-22,220.82,数码
U02626,ORD_U02626_011,2025-06-23,513.23,服饰
U02626,ORD_U02626_016,2025-10-14,370.11,服饰
U02626,ORD_U02626_014,2025-10-29,447.65,食品
U02626,ORD_U02626_019,2026-07-23,570.92,数码
U02627,ORD_U02627_000,2023-04-10,91.89,家居
U02627,ORD_U02627_001,2023-04-16,114.38,食品
U02627,ORD_U02627_002,2023-07-10,70.62,数码
U02628,ORD_U02628_000,2023-04-02,784.83,食品
U02628,ORD_U02628_001,2023-04-12,925.9,家居
U02628,ORD_U02628_002,2023-06-29,824.27,食品
U02628,ORD_U02628_003,2023-07-07,447.79,家居
U02628,ORD_U02628_004,2023-07-31,651.18,美妆
U02628,ORD_U02628_007,2023-08-09,713.81,家居
U02628,ORD_U02628_013,2023-09-24,622.81,数码
U02628,ORD_U02628_005,2023-10-22,314.43,服饰
U02628,ORD_U02628_014,2023-11-23,630.12,家居
U02628,ORD_U02628_006,2023-12-05,606.93,家居
U02628,ORD_U02628_009,2023-12-16,845.66,家居
U02628,ORD_U02628_016,2023-12-17,598.27,美妆
U02628,ORD_U02628_018,2024-01-06,952.84,服饰
U02628,ORD_U02628_008,2024-01-09,360.12,家居
U02628,ORD_U02628_010,2024-04-26,405.1,家居
U02628,ORD_U02628_011,2024-07-25,801.61,家居
U02628,ORD_U02628_012,2024-08-25,647.3,食品
U02628,ORD_U02628_017,2024-11-01,322.64,美妆
U02628,ORD_U02628_015,2024-12-16,385.68,数码
U02629,ORD_U02629_000,2023-09-08,140.13,家居
U02629,ORD_U02629_001,2024-01-14,111.19,数码
U02630,ORD_U02630_000,2023-10-26,138.63,数码
U02630,ORD_U02630_001,2023-12-22,155.81,数码
U02630,ORD_U02630_002,2024-05-02,102.8,食品
U02630,ORD_U02630_003,2024-08-23,166.69,数码
U02631,ORD_U02631_000,2024-07-02,87.65,家居
U02632,ORD_U02632_000,2024-07-21,159.7,食品
U02632,ORD_U02632_001,2024-09-25,125.62,家居
U02632,ORD_U02632_003,2024-10-15,89.8,服饰
U02632,ORD_U02632_002,2024-11-23,238.38,食品
U02632,ORD_U02632_005,2024-12-09,137.09,美妆
U02632,ORD_U02632_004,2025-03-01,201.12,食品
U02632,ORD_U02632_006,2025-07-02,124.92,数码
U02633,ORD_U02633_000,2024-10-16,38.77,家居
U02633,ORD_U02633_001,2024-12-08,87.58,家居
U02633,ORD_U02633_003,2025-04-11,27.31,家居
U02633,ORD_U02633_002,2025-04-20,27.37,服饰
U02634,ORD_U02634_000,2023-02-17,42.98,美妆
U02634,ORD_U02634_001,2023-06-01,30.62,数码
U02634,ORD_U02634_002,2023-08-02,19.08,服饰
U02635,ORD_U02635_000,2024-06-04,91.41,数码
U02636,ORD_U02636_000,2024-06-02,339.31,美妆
U02636,ORD_U02636_001,2024-06-15,309.0,家居
U02636,ORD_U02636_002,2024-07-01,296.84,美妆
U02636,ORD_U02636_003,2024-10-04,305.8,数码
U02637,ORD_U02637_000,2024-11-09,45.28,服饰
U02637,ORD_U02637_001,2024-11-19,88.51,数码
U02637,ORD_U02637_002,2025-03-11,72.98,服饰
U02638,ORD_U02638_000,2025-02-09,79.1,食品
U02638,ORD_U02638_001,2025-03-12,80.6,美妆
U02639,ORD_U02639_000,2024-06-30,114.88,服饰
U02640,ORD_U02640_000,2024-03-03,120.26,美妆
U02641,ORD_U02641_000,2024-05-22,180.41,服饰
U02641,ORD_U02641_001,2024-05-29,141.33,家居
U02641,ORD_U02641_002,2024-08-01,111.62,数码
U02641,ORD_U02641_003,2024-08-10,180.79,服饰
U02641,ORD_U02641_006,2024-10-14,163.74,数码
U02641,ORD_U02641_009,2024-11-19,93.16,数码
U02641,ORD_U02641_004,2024-12-03,166.15,食品
U02641,ORD_U02641_007,2024-12-15,153.53,家居
U02641,ORD_U02641_008,2024-12-22,145.88,食品
U02641,ORD_U02641_005,2025-01-23,174.84,食品
U02642,ORD_U02642_000,2023-08-01,28.72,美妆
U02642,ORD_U02642_002,2023-10-29,36.33,食品
U02642,ORD_U02642_001,2023-12-08,23.17,美妆
U02643,ORD_U02643_000,2024-05-03,474.09,数码
U02643,ORD_U02643_002,2024-08-05,439.25,家居
U02643,ORD_U02643_001,2024-08-19,167.32,服饰
U02643,ORD_U02643_003,2024-09-09,245.67,数码
U02643,ORD_U02643_005,2024-10-15,340.05,家居
U02643,ORD_U02643_004,2024-12-26,172.4,食品
U02643,ORD_U02643_006,2025-04-20,183.32,服饰
U02644,ORD_U02644_000,2024-10-15,208.79,家居
U02644,ORD_U02644_001,2024-11-24,135.14,食品
U02644,ORD_U02644_002,2025-01-27,180.31,家居
U02645,ORD_U02645_000,2024-05-30,296.36,美妆
U02645,ORD_U02645_001,2024-06-26,195.18,食品
U02645,ORD_U02645_004,2024-08-03,285.41,数码
U02645,ORD_U02645_002,2024-08-23,340.18,服饰
U02645,ORD_U02645_003,2024-10-20,321.22,服饰
U02645,ORD_U02645_007,2024-12-29,189.73,服饰
U02645,ORD_U02645_010,2025-01-05,265.3,数码
U02645,ORD_U02645_009,2025-01-06,304.94,数码
U02645,ORD_U02645_005,2025-01-07,266.31,家居
U02645,ORD_U02645_006,2025-01-31,210.32,美妆
U02645,ORD_U02645_011,2025-04-29,252.47,家居
U02645,ORD_U02645_008,2025-05-17,149.08,服饰
U02646,ORD_U02646_000,2023-12-25,206.01,食品
U02646,ORD_U02646_001,2024-01-11,112.15,服饰
U02646,ORD_U02646_002,2024-04-21,232.68,美妆
U02646,ORD_U02646_003,2024-05-27,201.12,美妆
U02647,ORD_U02647_000,2023-03-27,120.22,数码
U02647,ORD_U02647_001,2023-05-25,82.35,食品
U02647,ORD_U02647_003,2023-08-24,119.79,家居
U02647,ORD_U02647_002,2023-11-08,93.54,服饰
U02648,ORD_U02648_000,2024-10-08,151.01,家居
U02648,ORD_U02648_001,2024-11-05,237.1,数码
U02648,ORD_U02648_004,2025-01-29,236.26,美妆
U02648,ORD_U02648_002,2025-02-15,220.21,家居
U02648,ORD_U02648_003,2025-03-05,88.96,家居
U02648,ORD_U02648_006,2025-05-04,135.29,服饰
U02648,ORD_U02648_005,2025-06-24,175.75,食品
U02648,ORD_U02648_007,2025-09-11,146.79,家居
U02648,ORD_U02648_008,2025-12-13,83.0,家居
U02649,ORD_U02649_000,2024-06-29,160.66,数码
U02649,ORD_U02649_001,2024-07-17,60.29,美妆
U02649,ORD_U02649_002,2024-07-26,46.18,美妆
U02649,ORD_U02649_003,2024-11-26,53.98,食品
U02650,ORD_U02650_000,2024-12-04,34.37,服饰
U02650,ORD_U02650_001,2025-02-24,44.64,数码
U02651,ORD_U02651_000,2023-10-11,168.83,食品
U02651,ORD_U02651_001,2023-12-11,93.57,数码
U02651,ORD_U02651_002,2023-12-14,148.79,食品
U02651,ORD_U02651_004,2023-12-16,149.43,数码
U02651,ORD_U02651_005,2024-02-08,72.68,家居
U02651,ORD_U02651_003,2024-02-22,109.49,服饰
U02651,ORD_U02651_006,2024-05-08,185.11,美妆
U02652,ORD_U02652_000,2024-12-08,152.37,服饰
U02652,ORD_U02652_001,2025-01-25,426.99,家居
U02652,ORD_U02652_002,2025-02-16,359.12,食品
U02653,ORD_U02653_000,2024-11-19,159.12,家居
U02654,ORD_U02654_000,2023-10-01,278.38,数码
U02654,ORD_U02654_001,2023-11-17,212.18,美妆
U02654,ORD_U02654_002,2023-12-10,351.32,服饰
U02654,ORD_U02654_003,2024-02-13,155.1,服饰
U02654,ORD_U02654_004,2024-03-18,182.04,数码
U02654,ORD_U02654_008,2024-04-09,407.98,服饰
U02654,ORD_U02654_006,2024-04-17,288.36,美妆
U02654,ORD_U02654_005,2024-05-11,126.94,家居
U02654,ORD_U02654_007,2024-06-02,361.52,家居
U02654,ORD_U02654_009,2024-08-14,213.94,食品
U02655,ORD_U02655_000,2024-01-19,81.14,美妆
U02655,ORD_U02655_001,2024-03-30,32.79,服饰
U02655,ORD_U02655_002,2024-04-28,92.12,美妆
U02655,ORD_U02655_003,2024-11-30,41.58,美妆
U02656,ORD_U02656_000,2024-11-22,30.16,家居
U02657,ORD_U02657_000,2023-07-25,47.01,数码
U02658,ORD_U02658_000,2024-08-29,195.25,食品
U02658,ORD_U02658_001,2024-10-13,114.14,食品
U02658,ORD_U02658_002,2024-11-03,175.06,服饰
U02659,ORD_U02659_000,2023-03-24,127.99,美妆
U02659,ORD_U02659_001,2023-05-25,67.96,服饰
U02659,ORD_U02659_002,2023-10-08,94.07,数码
U02660,ORD_U02660_000,2024-03-04,103.53,美妆
U02661,ORD_U02661_000,2023-04-19,79.61,食品
U02662,ORD_U02662_000,2024-09-09,49.5,美妆
U02663,ORD_U02663_000,2023-09-13,1917.53,家居
U02663,ORD_U02663_001,2023-09-27,968.53,家居
U02663,ORD_U02663_002,2023-09-30,1705.1,服饰
U02663,ORD_U02663_004,2023-10-13,1068.13,家居
U02663,ORD_U02663_003,2023-11-04,2321.14,家居
U02663,ORD_U02663_012,2024-01-02,1386.75,美妆
U02663,ORD_U02663_008,2024-01-10,2249.48,食品
U02663,ORD_U02663_005,2024-01-17,1990.7,美妆
U02663,ORD_U02663_006,2024-01-17,2007.08,数码
U02663,ORD_U02663_017,2024-01-21,1647.36,数码
U02663,ORD_U02663_009,2024-02-08,1991.79,食品
U02663,ORD_U02663_007,2024-02-09,1908.63,家居
U02663,ORD_U02663_018,2024-02-19,1984.62,美妆
U02663,ORD_U02663_019,2024-03-13,2510.0,数码
U02663,ORD_U02663_011,2024-04-10,2424.89,家居
U02663,ORD_U02663_029,2024-05-20,1359.38,家居
U02663,ORD_U02663_010,2024-06-25,1514.04,美妆
U02663,ORD_U02663_013,2024-06-25,853.0,食品
U02663,ORD_U02663_014,2024-07-07,1479.85,数码
U02663,ORD_U02663_025,2024-07-07,1401.91,家居
U02663,ORD_U02663_021,2024-07-16,2598.91,美妆
U02663,ORD_U02663_015,2024-08-12,2665.95,家居
U02663,ORD_U02663_022,2024-08-16,2117.91,食品
U02663,ORD_U02663_016,2024-12-27,1084.31,美妆
U02663,ORD_U02663_026,2025-01-27,834.2,食品
U02663,ORD_U02663_020,2025-02-08,2631.54,数码
U02663,ORD_U02663_024,2025-02-21,2187.01,服饰
U02663,ORD_U02663_031,2025-03-09,1707.9,美妆
U02663,ORD_U02663_030,2025-03-11,2454.04,服饰
U02663,ORD_U02663_023,2025-04-20,2339.69,美妆
U02663,ORD_U02663_032,2025-06-05,2635.04,家居
U02663,ORD_U02663_028,2025-07-15,1733.63,美妆
U02663,ORD_U02663_033,2025-09-25,1679.82,美妆
U02663,ORD_U02663_027,2025-11-17,2264.73,食品
U02664,ORD_U02664_000,2024-08-23,178.77,服饰
U02664,ORD_U02664_001,2024-09-21,275.19,家居
U02664,ORD_U02664_002,2024-11-27,146.57,家居
U02664,ORD_U02664_003,2024-12-27,287.96,数码
U02664,ORD_U02664_004,2025-02-28,321.82,食品
U02664,ORD_U02664_005,2025-03-14,258.96,美妆
U02665,ORD_U02665_001,2023-04-28,71.87,食品
U02665,ORD_U02665_000,2023-04-29,75.62,数码
U02666,ORD_U02666_000,2024-10-08,136.78,家居
U02666,ORD_U02666_001,2024-12-20,140.99,数码
U02667,ORD_U02667_000,2024-01-16,353.99,服饰
U02667,ORD_U02667_001,2024-03-26,455.01,美妆
U02667,ORD_U02667_002,2024-04-18,176.57,服饰
U02667,ORD_U02667_003,2024-05-26,302.82,美妆
U02667,ORD_U02667_004,2024-06-26,132.24,数码
U02668,ORD_U02668_000,2023-08-15,252.91,服饰
U02668,ORD_U02668_001,2023-10-04,270.3,服饰
U02668,ORD_U02668_002,2023-10-17,232.19,服饰
U02668,ORD_U02668_006,2023-11-25,246.05,美妆
U02668,ORD_U02668_003,2023-12-06,213.01,美妆
U02668,ORD_U02668_008,2024-01-08,332.29,家居
U02668,ORD_U02668_010,2024-02-05,211.87,服饰
U02668,ORD_U02668_004,2024-02-15,271.98,食品
U02668,ORD_U02668_005,2024-02-17,194.86,家居
U02668,ORD_U02668_011,2024-03-24,259.29,数码
U02668,ORD_U02668_007,2024-03-31,126.4,家居
U02668,ORD_U02668_012,2024-04-14,367.61,美妆
U02668,ORD_U02668_009,2024-04-27,286.11,食品
U02668,ORD_U02668_013,2024-07-15,309.51,美妆
U02669,ORD_U02669_000,2024-05-21,194.73,数码
U02669,ORD_U02669_001,2024-07-04,191.52,美妆
U02669,ORD_U02669_002,2024-08-30,87.56,家居
U02670,ORD_U02670_000,2024-09-02,367.77,服饰
U02670,ORD_U02670_001,2024-12-02,126.79,数码
U02670,ORD_U02670_002,2025-01-14,314.4,数码
U02670,ORD_U02670_003,2025-02-19,275.1,美妆
U02671,ORD_U02671_000,2024-06-28,240.88,美妆
U02671,ORD_U02671_002,2024-07-30,216.44,数码
U02671,ORD_U02671_001,2024-08-20,204.27,美妆
U02671,ORD_U02671_004,2024-09-13,172.92,家居
U02671,ORD_U02671_003,2024-09-30,189.55,美妆
U02671,ORD_U02671_006,2024-12-25,73.05,家居
U02671,ORD_U02671_005,2025-02-12,215.26,服饰
U02671,ORD_U02671_007,2025-06-19,178.15,家居
U02671,ORD_U02671_009,2025-08-10,199.71,美妆
U02671,ORD_U02671_008,2025-08-29,125.88,家居
U02672,ORD_U02672_000,2024-06-28,259.24,家居
U02672,ORD_U02672_001,2024-07-08,184.95,服饰
U02672,ORD_U02672_003,2024-08-29,492.23,美妆
U02672,ORD_U02672_004,2024-09-21,222.29,美妆
U02672,ORD_U02672_002,2024-09-23,415.57,美妆
U02672,ORD_U02672_006,2025-01-25,475.09,美妆
U02672,ORD_U02672_005,2025-03-20,341.81,服饰
U02672,ORD_U02672_007,2025-08-26,191.77,美妆
U02673,ORD_U02673_000,2024-02-12,173.13,美妆
U02674,ORD_U02674_000,2024-10-08,218.65,服饰
U02674,ORD_U02674_001,2025-01-03,165.38,食品
U02674,ORD_U02674_002,2025-01-16,342.66,服饰
U02674,ORD_U02674_005,2025-02-11,138.79,数码
U02674,ORD_U02674_003,2025-03-08,255.65,服饰
U02674,ORD_U02674_004,2025-04-13,259.87,数码
U02674,ORD_U02674_006,2025-10-24,426.49,美妆
U02675,ORD_U02675_000,2024-09-07,416.94,服饰
U02675,ORD_U02675_004,2024-11-28,570.31,美妆
U02675,ORD_U02675_001,2024-12-14,349.32,食品
U02675,ORD_U02675_003,2024-12-21,176.27,数码
U02675,ORD_U02675_002,2025-01-09,327.67,服饰
U02676,ORD_U02676_000,2023-10-23,830.58,数码
U02676,ORD_U02676_001,2023-11-01,543.77,食品
U02676,ORD_U02676_002,2024-01-08,650.63,数码
U02676,ORD_U02676_003,2024-01-30,960.55,服饰
U02676,ORD_U02676_005,2024-02-19,357.79,服饰
U02676,ORD_U02676_004,2024-03-03,505.79,美妆
U02676,ORD_U02676_009,2024-03-16,658.05,家居
U02676,ORD_U02676_008,2024-04-16,546.66,数码
U02676,ORD_U02676_007,2024-04-28,936.62,服饰
U02676,ORD_U02676_006,2024-06-29,475.28,数码
U02676,ORD_U02676_014,2024-08-01,520.4,数码
U02676,ORD_U02676_010,2024-11-02,738.81,家居
U02676,ORD_U02676_011,2024-11-10,533.36,数码
U02676,ORD_U02676_012,2025-01-02,531.49,家居
U02676,ORD_U02676_015,2025-03-18,546.64,食品
U02676,ORD_U02676_013,2025-05-13,577.33,美妆
U02677,ORD_U02677_000,2024-07-07,162.06,食品
U02677,ORD_U02677_002,2024-09-17,156.43,食品
U02677,ORD_U02677_001,2024-10-02,156.59,食品
U02677,ORD_U02677_004,2024-10-06,169.15,服饰
U02677,ORD_U02677_003,2024-12-12,125.07,数码
U02678,ORD_U02678_000,2024-10-22,81.88,美妆
U02679,ORD_U02679_000,2023-10-10,156.24,食品
U02679,ORD_U02679_001,2023-12-17,205.12,食品
U02680,ORD_U02680_000,2024-10-27,99.79,食品
U02680,ORD_U02680_001,2025-01-17,214.54,家居
U02680,ORD_U02680_005,2025-03-28,221.05,家居
U02680,ORD_U02680_002,2025-04-11,286.04,家居
U02680,ORD_U02680_003,2025-05-06,170.05,数码
U02680,ORD_U02680_004,2025-07-15,229.95,服饰
U02680,ORD_U02680_007,2025-09-18,294.56,家居
U02680,ORD_U02680_006,2025-10-26,223.41,食品
U02681,ORD_U02681_001,2024-09-12,290.79,美妆
U02681,ORD_U02681_000,2024-09-14,366.72,食品
U02681,ORD_U02681_002,2024-11-20,388.57,食品
U02681,ORD_U02681_004,2024-11-27,466.79,数码
U02681,ORD_U02681_003,2024-12-11,361.37,家居
U02681,ORD_U02681_006,2024-12-11,404.6,美妆
U02681,ORD_U02681_005,2025-04-14,356.96,服饰
U02682,ORD_U02682_000,2024-01-05,65.42,食品
U02682,ORD_U02682_001,2024-01-05,156.41,数码
U02682,ORD_U02682_002,2024-05-01,208.64,食品
U02683,ORD_U02683_000,2023-10-31,607.41,数码
U02683,ORD_U02683_001,2023-11-18,732.38,家居
U02683,ORD_U02683_004,2024-01-06,764.88,数码
U02683,ORD_U02683_002,2024-01-15,508.05,美妆
U02683,ORD_U02683_003,2024-02-02,224.65,服饰
U02683,ORD_U02683_005,2024-04-24,529.64,家居
U02683,ORD_U02683_007,2024-07-02,628.56,美妆
U02683,ORD_U02683_006,2024-08-03,807.1,服饰
U02683,ORD_U02683_009,2024-08-12,645.93,美妆
U02683,ORD_U02683_014,2024-09-04,295.09,数码
U02683,ORD_U02683_013,2024-09-11,782.81,家居
U02683,ORD_U02683_008,2024-10-04,572.19,食品
U02683,ORD_U02683_010,2024-11-02,405.66,美妆
U02683,ORD_U02683_012,2024-11-29,405.11,服饰
U02683,ORD_U02683_011,2024-12-03,306.22,服饰
U02683,ORD_U02683_015,2025-04-16,391.72,美妆
U02683,ORD_U02683_016,2025-10-17,693.72,服饰
U02684,ORD_U02684_000,2024-07-08,38.93,食品
U02684,ORD_U02684_001,2024-09-17,18.85,数码
U02684,ORD_U02684_002,2024-10-24,25.61,数码
U02684,ORD_U02684_003,2025-01-21,19.67,数码
U02685,ORD_U02685_000,2023-03-06,167.94,服饰
U02685,ORD_U02685_001,2023-03-27,218.28,数码
U02685,ORD_U02685_002,2023-06-29,307.12,服饰
U02686,ORD_U02686_000,2024-03-29,892.42,服饰
U02686,ORD_U02686_002,2024-04-16,504.27,数码
U02686,ORD_U02686_001,2024-04-25,512.99,服饰
U02686,ORD_U02686_003,2024-07-09,462.83,服饰
U02686,ORD_U02686_006,2024-08-17,550.81,家居
U02686,ORD_U02686_009,2024-08-29,965.06,服饰
U02686,ORD_U02686_004,2024-08-31,1067.33,食品
U02686,ORD_U02686_005,2024-10-28,793.53,食品
U02686,ORD_U02686_007,2024-11-06,487.31,数码
U02686,ORD_U02686_013,2024-12-10,579.3,食品
U02686,ORD_U02686_010,2024-12-26,526.9,美妆
U02686,ORD_U02686_012,2025-02-24,439.42,数码
U02686,ORD_U02686_008,2025-04-05,962.96,服饰
U02686,ORD_U02686_011,2025-08-09,749.08,家居
U02687,ORD_U02687_000,2023-04-10,2449.98,美妆
U02687,ORD_U02687_003,2023-05-15,2074.86,美妆
U02687,ORD_U02687_001,2023-05-25,2424.24,数码
U02687,ORD_U02687_002,2023-05-30,1896.31,服饰
U02687,ORD_U02687_006,2023-06-19,2541.29,服饰
U02687,ORD_U02687_004,2023-07-08,2587.55,家居
U02687,ORD_U02687_005,2023-07-14,1367.22,服饰
U02687,ORD_U02687_014,2023-07-29,2609.54,数码
U02687,ORD_U02687_013,2023-08-04,2790.42,家居
U02687,ORD_U02687_007,2023-08-07,1212.17,食品
U02687,ORD_U02687_008,2023-08-28,2751.93,数码
U02687,ORD_U02687_012,2023-09-15,1896.22,数码
U02687,ORD_U02687_018,2023-09-21,1995.92,数码
U02687,ORD_U02687_015,2023-10-04,2392.28,家居
U02687,ORD_U02687_009,2023-10-06,2558.95,家居
U02687,ORD_U02687_010,2023-10-06,2469.15,服饰
U02687,ORD_U02687_011,2024-02-28,1149.76,服饰
U02687,ORD_U02687_016,2024-04-08,1582.07,数码
U02687,ORD_U02687_020,2024-04-27,1917.06,数码
U02687,ORD_U02687_019,2024-05-06,2719.17,食品
U02687,ORD_U02687_027,2024-09-02,2398.39,家居
U02687,ORD_U02687_017,2024-09-09,2032.54,数码
U02687,ORD_U02687_022,2024-09-25,2402.21,食品
U02687,ORD_U02687_021,2024-10-20,740.88,服饰
U02687,ORD_U02687_023,2024-12-14,2587.7,数码
U02687,ORD_U02687_028,2025-01-21,2359.85,食品
U02687,ORD_U02687_024,2025-03-05,2710.89,家居
U02687,ORD_U02687_026,2025-03-16,1181.1,食品
U02687,ORD_U02687_029,2025-03-24,763.13,家居
U02687,ORD_U02687_025,2025-05-10,1303.97,美妆
U02688,ORD_U02688_000,2023-09-24,29.18,数码
U02689,ORD_U02689_000,2023-05-18,747.6,服饰
U02689,ORD_U02689_001,2023-06-07,1126.78,数码
U02689,ORD_U02689_002,2023-07-03,514.26,家居
U02689,ORD_U02689_004,2023-07-12,1072.63,服饰
U02689,ORD_U02689_003,2023-07-25,1210.77,美妆
U02689,ORD_U02689_006,2023-08-05,1061.41,美妆
U02689,ORD_U02689_007,2023-08-07,563.27,美妆
U02689,ORD_U02689_005,2023-09-17,760.3,家居
U02689,ORD_U02689_021,2023-10-23,348.89,美妆
U02689,ORD_U02689_010,2023-11-19,1100.45,美妆
U02689,ORD_U02689_008,2023-12-16,1092.07,数码
U02689,ORD_U02689_009,2023-12-24,866.92,服饰
U02689,ORD_U02689_015,2023-12-29,969.98,家居
U02689,ORD_U02689_014,2024-01-12,958.27,数码
U02689,ORD_U02689_023,2024-01-12,1317.43,食品
U02689,ORD_U02689_011,2024-02-13,1335.36,家居
U02689,ORD_U02689_012,2024-02-24,1103.2,服饰
U02689,ORD_U02689_018,2024-03-07,1135.01,数码
U02689,ORD_U02689_013,2024-03-13,1174.52,数码
U02689,ORD_U02689_017,2024-03-23,371.75,数码
U02689,ORD_U02689_016,2024-04-12,1018.01,美妆
U02689,ORD_U02689_024,2024-05-05,686.95,美妆
U02689,ORD_U02689_020,2024-05-06,1311.25,美妆
U02689,ORD_U02689_042,2024-05-13,1213.13,食品
U02689,ORD_U02689_032,2024-05-17,579.67,美妆
U02689,ORD_U02689_019,2024-06-22,418.37,美妆
U02689,ORD_U02689_038,2024-07-11,1023.16,服饰
U02689,ORD_U02689_029,2024-07-15,398.38,食品
U02689,ORD_U02689_047,2024-08-03,481.29,服饰
U02689,ORD_U02689_043,2024-09-20,613.13,美妆
U02689,ORD_U02689_045,2024-11-16,1229.56,食品
U02689,ORD_U02689_022,2024-11-20,1120.02,食品
U02689,ORD_U02689_026,2024-11-27,931.72,家居
U02689,ORD_U02689_044,2024-12-26,967.67,服饰
U02689,ORD_U02689_025,2025-02-09,471.13,美妆
U02689,ORD_U02689_027,2025-02-12,1119.16,数码
U02689,ORD_U02689_033,2025-02-20,471.48,美妆
U02689,ORD_U02689_031,2025-03-05,1097.25,美妆
U02689,ORD_U02689_028,2025-03-23,856.75,服饰
U02689,ORD_U02689_035,2025-04-01,732.33,食品
U02689,ORD_U02689_030,2025-04-19,508.54,食品
U02689,ORD_U02689_036,2025-05-29,1052.04,服饰
U02689,ORD_U02689_041,2025-08-30,806.19,服饰
U02689,ORD_U02689_040,2025-09-10,983.14,食品
U02689,ORD_U02689_034,2025-12-29,1245.07,服饰
U02689,ORD_U02689_039,2026-01-05,799.49,家居
U02689,ORD_U02689_037,2026-01-18,708.92,数码
U02689,ORD_U02689_049,2026-05-09,1040.44,家居
U02689,ORD_U02689_046,2026-12-12,1039.34,服饰
U02689,ORD_U02689_048,2027-02-09,492.2,服饰
U02690,ORD_U02690_001,2024-01-23,297.81,美妆
U02690,ORD_U02690_000,2024-02-05,491.47,服饰
U02690,ORD_U02690_002,2024-03-11,295.14,家居
U02690,ORD_U02690_007,2024-05-02,394.16,服饰
U02690,ORD_U02690_003,2024-05-19,722.83,数码
U02690,ORD_U02690_004,2024-07-08,723.49,家居
U02690,ORD_U02690_009,2024-07-08,701.61,服饰
U02690,ORD_U02690_005,2024-08-24,357.43,服饰
U02690,ORD_U02690_006,2024-08-27,496.81,美妆
U02690,ORD_U02690_012,2024-09-15,255.62,美妆
U02690,ORD_U02690_011,2024-09-23,568.97,美妆
U02690,ORD_U02690_013,2024-12-01,707.37,数码
U02690,ORD_U02690_008,2025-01-10,748.18,数码
U02690,ORD_U02690_010,2025-03-27,334.5,美妆
U02691,ORD_U02691_000,2024-10-02,107.2,食品
U02691,ORD_U02691_001,2024-10-09,102.98,家居
U02691,ORD_U02691_003,2024-11-20,128.47,服饰
U02691,ORD_U02691_004,2024-12-29,117.84,服饰
U02691,ORD_U02691_002,2025-01-03,316.04,数码
U02691,ORD_U02691_005,2025-05-06,113.19,家居
U02691,ORD_U02691_008,2025-06-01,154.4,服饰
U02691,ORD_U02691_007,2025-06-24,177.4,服饰
U02691,ORD_U02691_006,2025-07-24,307.29,家居
U02691,ORD_U02691_009,2026-03-13,153.0,美妆
U02692,ORD_U02692_000,2023-03-08,641.91,美妆
U02692,ORD_U02692_001,2023-04-11,563.07,美妆
U02692,ORD_U02692_002,2023-04-22,1557.74,美妆
U02692,ORD_U02692_005,2023-05-01,558.31,美妆
U02692,ORD_U02692_006,2023-05-14,1635.33,服饰
U02692,ORD_U02692_004,2023-05-31,605.82,家居
U02692,ORD_U02692_003,2023-06-03,1069.55,美妆
U02692,ORD_U02692_009,2023-06-15,1274.75,食品
U02692,ORD_U02692_012,2023-06-26,1202.15,美妆
U02692,ORD_U02692_007,2023-07-10,988.85,美妆
U02692,ORD_U02692_016,2023-09-23,686.71,家居
U02692,ORD_U02692_021,2023-09-27,946.81,数码
U02692,ORD_U02692_020,2023-10-11,1710.15,数码
U02692,ORD_U02692_008,2023-10-17,574.57,家居
U02692,ORD_U02692_017,2023-10-20,1574.2,美妆
U02692,ORD_U02692_022,2023-10-21,1325.03,服饰
U02692,ORD_U02692_024,2023-10-24,1452.13,家居
U02692,ORD_U02692_010,2023-10-28,1521.16,食品
U02692,ORD_U02692_015,2023-11-26,1508.5,美妆
U02692,ORD_U02692_014,2023-12-22,1669.23,服饰
U02692,ORD_U02692_011,2023-12-29,847.07,家居
U02692,ORD_U02692_023,2024-01-01,568.0,服饰
U02692,ORD_U02692_019,2024-01-10,693.92,美妆
U02692,ORD_U02692_013,2024-01-28,610.21,数码
U02692,ORD_U02692_018,2024-07-22,713.89,家居
U02693,ORD_U02693_000,2024-07-20,262.96,数码
U02693,ORD_U02693_001,2024-08-17,179.82,食品
U02693,ORD_U02693_002,2024-11-10,75.52,美妆
U02693,ORD_U02693_003,2024-12-12,284.75,食品
U02693,ORD_U02693_004,2025-01-11,129.64,数码
U02693,ORD_U02693_009,2025-03-01,161.36,服饰
U02693,ORD_U02693_005,2025-06-06,131.15,服饰
U02693,ORD_U02693_008,2025-06-07,89.54,数码
U02693,ORD_U02693_007,2025-07-13,211.88,服饰
U02693,ORD_U02693_006,2025-07-14,159.22,服饰
U02694,ORD_U02694_001,2023-09-02,374.66,服饰
U02694,ORD_U02694_000,2023-09-05,631.36,食品
U02694,ORD_U02694_002,2023-10-24,413.39,美妆
U02694,ORD_U02694_005,2023-11-23,885.88,家居
U02694,ORD_U02694_006,2023-12-17,818.59,数码
U02694,ORD_U02694_003,2024-01-12,489.86,服饰
U02694,ORD_U02694_004,2024-01-23,725.13,美妆
U02694,ORD_U02694_007,2024-06-12,341.35,服饰
U02695,ORD_U02695_000,2023-11-09,170.66,食品
U02695,ORD_U02695_001,2023-12-06,137.27,服饰
U02695,ORD_U02695_002,2023-12-07,144.65,食品
U02695,ORD_U02695_005,2024-02-18,94.91,家居
U02695,ORD_U02695_003,2024-03-10,95.16,食品
U02695,ORD_U02695_008,2024-04-18,112.58,数码
U02695,ORD_U02695_004,2024-06-19,50.83,家居
U02695,ORD_U02695_007,2024-08-10,60.49,食品
U02695,ORD_U02695_006,2024-08-19,115.62,家居
U02696,ORD_U02696_000,2023-09-21,80.1,服饰
U02696,ORD_U02696_001,2023-11-10,125.75,服饰
U02696,ORD_U02696_002,2024-01-18,86.96,美妆
U02696,ORD_U02696_003,2024-01-18,51.68,美妆
U02697,ORD_U02697_000,2024-07-08,74.17,服饰
U02697,ORD_U02697_002,2024-07-15,77.19,食品
U02697,ORD_U02697_001,2024-08-24,95.97,家居
U02697,ORD_U02697_003,2024-11-05,120.26,家居
U02698,ORD_U02698_000,2024-11-15,67.38,服饰
U02698,ORD_U02698_001,2024-11-28,94.28,家居
U02698,ORD_U02698_003,2025-03-05,179.85,数码
U02698,ORD_U02698_002,2025-03-06,140.83,数码
U02699,ORD_U02699_000,2024-10-15,273.27,数码
U02699,ORD_U02699_002,2024-11-01,779.15,美妆
U02699,ORD_U02699_001,2024-12-04,774.11,数码
U02699,ORD_U02699_004,2024-12-12,536.87,数码
U02699,ORD_U02699_003,2025-01-10,559.95,食品
U02699,ORD_U02699_007,2025-02-27,848.45,服饰
U02699,ORD_U02699_010,2025-05-13,548.65,食品
U02699,ORD_U02699_008,2025-05-16,292.83,服饰
U02699,ORD_U02699_006,2025-05-21,760.58,食品
U02699,ORD_U02699_005,2025-05-24,826.86,家居
U02699,ORD_U02699_009,2025-06-14,490.19,食品
U02699,ORD_U02699_014,2025-08-07,299.67,数码
U02699,ORD_U02699_012,2025-10-06,503.26,服饰
U02699,ORD_U02699_011,2025-12-20,420.21,食品
U02699,ORD_U02699_016,2026-01-04,341.3,数码
U02699,ORD_U02699_013,2026-01-05,488.11,美妆
U02699,ORD_U02699_015,2026-06-16,570.27,食品
U02700,ORD_U02700_000,2023-05-02,178.86,数码
U02700,ORD_U02700_001,2023-08-16,51.89,家居
U02701,ORD_U02701_000,2023-06-05,109.25,美妆
U02701,ORD_U02701_002,2023-07-08,325.31,美妆
U02701,ORD_U02701_001,2023-07-10,383.39,家居
U02701,ORD_U02701_003,2023-08-31,233.26,家居
U02701,ORD_U02701_004,2023-10-01,280.11,服饰
U02701,ORD_U02701_006,2023-11-02,355.6,美妆
U02701,ORD_U02701_005,2023-12-31,257.55,数码
U02701,ORD_U02701_007,2024-01-22,344.55,食品
U02701,ORD_U02701_010,2024-03-02,337.96,家居
U02701,ORD_U02701_009,2024-03-30,228.44,数码
U02701,ORD_U02701_011,2024-05-19,342.67,美妆
U02701,ORD_U02701_008,2024-05-20,210.57,美妆
U02701,ORD_U02701_014,2024-07-12,211.84,数码
U02701,ORD_U02701_012,2024-10-25,172.22,家居
U02701,ORD_U02701_013,2025-01-23,407.55,服饰
U02702,ORD_U02702_000,2024-10-12,231.05,数码
U02702,ORD_U02702_002,2024-11-27,362.47,美妆
U02702,ORD_U02702_001,2024-12-13,151.89,服饰
U02702,ORD_U02702_006,2025-01-01,120.65,食品
U02702,ORD_U02702_004,2025-01-17,405.52,数码
U02702,ORD_U02702_007,2025-01-30,189.56,美妆
U02702,ORD_U02702_003,2025-03-09,320.2,家居
U02702,ORD_U02702_008,2025-04-27,173.3,家居
U02702,ORD_U02702_005,2025-05-22,363.87,食品
U02702,ORD_U02702_009,2025-10-18,298.24,食品
U02702,ORD_U02702_010,2025-10-27,284.55,数码
U02702,ORD_U02702_011,2026-02-10,193.15,家居
U02702,ORD_U02702_012,2026-02-14,414.37,数码
U02703,ORD_U02703_001,2024-02-28,61.91,食品
U02703,ORD_U02703_000,2024-03-02,32.94,家居
U02703,ORD_U02703_002,2024-06-09,39.14,家居
U02703,ORD_U02703_003,2024-06-16,36.87,数码
U02704,ORD_U02704_000,2024-01-14,49.33,食品
U02704,ORD_U02704_001,2024-03-18,49.55,美妆
U02704,ORD_U02704_002,2024-06-13,130.85,食品
U02705,ORD_U02705_000,2024-11-23,87.29,食品
U02705,ORD_U02705_001,2024-12-16,257.9,数码
U02705,ORD_U02705_002,2024-12-29,137.85,美妆
U02705,ORD_U02705_003,2025-02-10,186.2,服饰
U02705,ORD_U02705_004,2025-05-20,185.78,数码
U02705,ORD_U02705_006,2025-07-09,200.63,食品
U02705,ORD_U02705_005,2025-08-05,124.69,美妆
U02706,ORD_U02706_000,2023-08-07,276.42,数码
U02706,ORD_U02706_001,2023-08-31,353.33,食品
U02706,ORD_U02706_002,2023-09-12,526.1,家居
U02706,ORD_U02706_008,2023-10-12,737.89,数码
U02706,ORD_U02706_007,2023-10-22,521.62,家居
U02706,ORD_U02706_004,2023-11-08,753.65,食品
U02706,ORD_U02706_003,2023-11-19,264.99,服饰
U02706,ORD_U02706_013,2023-11-30,856.85,服饰
U02706,ORD_U02706_016,2023-12-15,873.87,食品
U02706,ORD_U02706_005,2024-01-21,327.31,美妆
U02706,ORD_U02706_006,2024-01-31,969.46,数码
U02706,ORD_U02706_020,2024-02-27,821.03,数码
U02706,ORD_U02706_010,2024-03-15,348.27,家居
U02706,ORD_U02706_011,2024-03-17,585.9,数码
U02706,ORD_U02706_014,2024-03-20,691.63,美妆
U02706,ORD_U02706_009,2024-04-16,817.28,美妆
U02706,ORD_U02706_032,2024-04-23,437.58,食品
U02706,ORD_U02706_021,2024-06-19,310.7,服饰
U02706,ORD_U02706_012,2024-07-13,788.37,美妆
U02706,ORD_U02706_015,2024-09-02,744.37,食品
U02706,ORD_U02706_023,2024-09-18,669.81,美妆
U02706,ORD_U02706_019,2024-09-19,605.24,数码
U02706,ORD_U02706_026,2024-10-24,274.82,食品
U02706,ORD_U02706_028,2024-11-09,874.64,数码
U02706,ORD_U02706_027,2024-12-05,707.83,数码
U02706,ORD_U02706_017,2024-12-30,431.55,美妆
U02706,ORD_U02706_025,2025-01-07,517.22,食品
U02706,ORD_U02706_033,2025-01-19,297.35,服饰
U02706,ORD_U02706_018,2025-02-10,803.08,服饰
U02706,ORD_U02706_030,2025-04-04,669.84,家居
U02706,ORD_U02706_029,2025-04-17,572.99,服饰
U02706,ORD_U02706_022,2025-05-27,645.12,家居
U02706,ORD_U02706_024,2025-06-10,822.04,食品
U02706,ORD_U02706_031,2025-12-10,624.5,美妆
U02707,ORD_U02707_000,2023-09-22,96.72,服饰
U02707,ORD_U02707_001,2023-11-10,97.54,家居
U02708,ORD_U02708_000,2023-03-17,279.68,家居
U02708,ORD_U02708_002,2023-04-13,417.66,服饰
U02708,ORD_U02708_001,2023-04-20,355.41,美妆
U02708,ORD_U02708_004,2023-05-15,268.38,家居
U02708,ORD_U02708_003,2023-05-29,470.78,数码
U02708,ORD_U02708_006,2023-07-03,446.54,数码
U02708,ORD_U02708_005,2023-08-01,339.94,家居
U02708,ORD_U02708_010,2023-09-04,171.96,服饰
U02708,ORD_U02708_013,2023-09-28,374.57,美妆
U02708,ORD_U02708_014,2023-09-30,146.39,数码
U02708,ORD_U02708_008,2023-10-11,300.05,家居
U02708,ORD_U02708_011,2023-10-20,482.18,数码
U02708,ORD_U02708_007,2023-12-31,541.95,服饰
U02708,ORD_U02708_016,2024-01-15,266.54,食品
U02708,ORD_U02708_019,2024-01-26,483.72,数码
U02708,ORD_U02708_009,2024-02-02,215.92,数码
U02708,ORD_U02708_012,2024-06-30,437.06,服饰
U02708,ORD_U02708_015,2024-08-10,156.73,服饰
U02708,ORD_U02708_017,2024-08-23,486.26,美妆
U02708,ORD_U02708_018,2024-12-24,467.8,家居
U02709,ORD_U02709_000,2023-10-16,69.98,家居
U02710,ORD_U02710_000,2023-12-16,318.42,食品
U02710,ORD_U02710_001,2023-12-30,416.81,数码
U02710,ORD_U02710_002,2024-02-06,469.63,家居
U02710,ORD_U02710_004,2024-02-17,508.89,数码
U02710,ORD_U02710_003,2024-05-27,241.83,美妆
U02710,ORD_U02710_005,2024-06-15,427.29,服饰
U02710,ORD_U02710_006,2024-09-28,457.81,家居
U02711,ORD_U02711_000,2024-05-17,201.89,服饰
U02711,ORD_U02711_001,2024-06-08,113.21,家居
U02711,ORD_U02711_002,2024-07-03,197.68,美妆
U02711,ORD_U02711_004,2024-09-06,139.72,家居
U02711,ORD_U02711_005,2024-10-10,202.36,服饰
U02711,ORD_U02711_003,2024-10-20,98.53,家居
U02711,ORD_U02711_006,2025-02-28,250.88,食品
U02711,ORD_U02711_007,2025-06-29,215.19,食品
U02711,ORD_U02711_008,2025-08-18,102.42,美妆
U02712,ORD_U02712_000,2023-02-26,84.69,服饰
U02712,ORD_U02712_002,2023-05-22,84.03,家居
U02712,ORD_U02712_001,2023-07-05,145.79,数码
U02713,ORD_U02713_000,2023-12-26,71.48,美妆
U02714,ORD_U02714_000,2025-01-14,206.64,食品
U02715,ORD_U02715_000,2024-05-23,129.13,服饰
U02715,ORD_U02715_001,2024-06-24,288.88,食品
U02715,ORD_U02715_002,2024-08-18,132.28,家居
U02715,ORD_U02715_003,2024-09-06,202.96,服饰
U02715,ORD_U02715_004,2025-02-04,373.61,服饰
U02716,ORD_U02716_000,2024-05-18,163.93,食品
U02716,ORD_U02716_001,2024-06-25,163.79,数码
U02716,ORD_U02716_002,2024-09-30,102.02,美妆
U02717,ORD_U02717_000,2023-07-10,53.61,美妆
U02717,ORD_U02717_001,2023-09-08,148.21,服饰
U02717,ORD_U02717_002,2023-11-04,104.01,服饰
U02718,ORD_U02718_000,2023-02-14,32.97,食品
U02718,ORD_U02718_001,2023-03-20,49.22,家居
U02718,ORD_U02718_002,2023-07-14,121.2,美妆
U02718,ORD_U02718_003,2023-09-21,115.56,美妆
U02719,ORD_U02719_001,2024-11-11,103.03,美妆
U02719,ORD_U02719_000,2024-11-15,124.88,美妆
U02720,ORD_U02720_000,2024-02-23,1435.12,数码
U02720,ORD_U02720_002,2024-03-12,1147.72,食品
U02720,ORD_U02720_001,2024-03-22,1377.31,家居
U02720,ORD_U02720_005,2024-04-21,1497.64,美妆
U02720,ORD_U02720_004,2024-04-24,1028.54,食品
U02720,ORD_U02720_003,2024-05-25,1667.67,服饰
U02720,ORD_U02720_011,2024-06-25,2398.6,食品
U02720,ORD_U02720_006,2024-07-03,808.85,数码
U02720,ORD_U02720_014,2024-07-24,2384.74,数码
U02720,ORD_U02720_007,2024-08-16,1177.57,数码
U02720,ORD_U02720_009,2024-08-18,1078.36,食品
U02720,ORD_U02720_013,2024-08-23,941.1,服饰
U02720,ORD_U02720_010,2024-08-24,2403.74,家居
U02720,ORD_U02720_008,2024-10-05,1221.85,家居
U02720,ORD_U02720_012,2024-12-29,1715.86,食品
U02721,ORD_U02721_000,2023-05-19,357.4,食品
U02721,ORD_U02721_001,2023-05-24,230.52,美妆
U02721,ORD_U02721_002,2023-06-19,407.15,家居
U02722,ORD_U02722_000,2024-12-22,54.43,美妆
U02722,ORD_U02722_001,2024-12-25,53.25,家居
U02722,ORD_U02722_002,2025-03-06,56.91,服饰
U02723,ORD_U02723_000,2023-08-22,150.69,数码
U02724,ORD_U02724_000,2024-03-26,631.01,食品
U02724,ORD_U02724_001,2024-04-17,1019.82,家居
U02724,ORD_U02724_002,2024-05-08,955.19,服饰
U02724,ORD_U02724_003,2024-05-13,1427.67,家居
U02724,ORD_U02724_009,2024-06-11,1950.98,服饰
U02724,ORD_U02724_004,2024-06-12,928.4,服饰
U02724,ORD_U02724_012,2024-06-24,1864.67,数码
U02724,ORD_U02724_005,2024-07-15,2022.33,食品
U02724,ORD_U02724_006,2024-08-16,1845.77,食品
U02724,ORD_U02724_008,2024-08-18,2347.1,美妆
U02724,ORD_U02724_007,2024-08-19,1984.96,家居
U02724,ORD_U02724_010,2024-08-23,2227.09,食品
U02724,ORD_U02724_014,2024-08-30,1618.45,美妆
U02724,ORD_U02724_011,2024-09-26,2263.02,服饰
U02724,ORD_U02724_018,2024-09-28,1710.74,食品
U02724,ORD_U02724_019,2024-10-14,1097.1,数码
U02724,ORD_U02724_025,2024-12-15,705.88,美妆
U02724,ORD_U02724_016,2025-01-03,1335.98,服饰
U02724,ORD_U02724_031,2025-01-22,1012.41,美妆
U02724,ORD_U02724_044,2025-01-29,910.7,数码
U02724,ORD_U02724_013,2025-02-11,1800.2,美妆
U02724,ORD_U02724_024,2025-02-15,685.4,家居
U02724,ORD_U02724_021,2025-03-10,851.93,服饰
U02724,ORD_U02724_036,2025-04-27,1160.71,数码
U02724,ORD_U02724_041,2025-05-03,1750.77,食品
U02724,ORD_U02724_035,2025-06-21,2278.66,家居
U02724,ORD_U02724_015,2025-06-23,2350.72,家居
U02724,ORD_U02724_020,2025-06-25,1695.2,数码
U02724,ORD_U02724_033,2025-07-13,1511.32,食品
U02724,ORD_U02724_027,2025-07-19,2020.35,数码
U02724,ORD_U02724_017,2025-08-16,1701.93,服饰
U02724,ORD_U02724_022,2025-09-08,1641.72,食品
U02724,ORD_U02724_026,2025-11-09,1927.79,数码
U02724,ORD_U02724_023,2025-12-17,1259.83,美妆
U02724,ORD_U02724_042,2025-12-17,1444.45,数码
U02724,ORD_U02724_038,2025-12-23,1105.36,食品
U02724,ORD_U02724_032,2026-01-22,1766.16,服饰
U02724,ORD_U02724_028,2026-01-26,1787.55,服饰
U02724,ORD_U02724_029,2026-05-01,664.22,数码
U02724,ORD_U02724_030,2026-06-17,749.79,食品
U02724,ORD_U02724_034,2026-07-02,1083.24,食品
U02724,ORD_U02724_039,2026-10-30,1785.85,服饰
U02724,ORD_U02724_040,2026-11-21,687.65,食品
U02724,ORD_U02724_045,2026-12-10,729.62,家居
U02724,ORD_U02724_047,2027-01-21,2385.57,服饰
U02724,ORD_U02724_046,2027-02-18,1874.45,家居
U02724,ORD_U02724_037,2027-04-17,1036.59,数码
U02724,ORD_U02724_043,2027-06-10,1321.77,美妆
U02725,ORD_U02725_000,2023-04-29,376.6,美妆
U02725,ORD_U02725_001,2023-05-28,200.72,家居
U02725,ORD_U02725_002,2023-06-16,319.45,数码
U02725,ORD_U02725_004,2023-09-30,322.07,食品
U02725,ORD_U02725_003,2023-10-23,294.53,食品
U02725,ORD_U02725_005,2023-12-19,207.51,数码
U02725,ORD_U02725_008,2023-12-28,107.94,数码
U02725,ORD_U02725_006,2024-01-08,138.44,食品
U02725,ORD_U02725_007,2024-02-05,355.08,食品
U02726,ORD_U02726_000,2024-12-08,143.96,家居
U02726,ORD_U02726_001,2025-04-10,195.17,家居
U02727,ORD_U02727_000,2025-01-25,175.17,数码
U02727,ORD_U02727_002,2025-03-01,239.44,数码
U02727,ORD_U02727_001,2025-03-25,308.67,家居
U02728,ORD_U02728_000,2023-07-01,35.25,家居
U02728,ORD_U02728_001,2023-08-08,46.02,服饰
U02729,ORD_U02729_000,2023-12-21,859.97,美妆
U02729,ORD_U02729_001,2024-01-18,768.49,食品
U02729,ORD_U02729_002,2024-03-16,617.47,服饰
U02729,ORD_U02729_005,2024-03-27,569.16,美妆
U02729,ORD_U02729_006,2024-04-12,292.59,食品
U02729,ORD_U02729_003,2024-04-28,358.46,家居
U02729,ORD_U02729_007,2024-05-19,801.3,家居
U02729,ORD_U02729_004,2024-06-04,694.99,美妆
U02729,ORD_U02729_011,2024-06-07,851.15,食品
U02729,ORD_U02729_008,2024-08-08,628.79,食品
U02729,ORD_U02729_010,2025-01-14,594.03,家居
U02729,ORD_U02729_009,2025-01-31,552.4,美妆
U02729,ORD_U02729_012,2025-05-03,505.13,服饰
U02730,ORD_U02730_000,2023-09-26,38.41,美妆
U02731,ORD_U02731_000,2023-07-06,401.04,家居
U02731,ORD_U02731_001,2023-08-08,582.4,美妆
U02731,ORD_U02731_002,2023-09-02,271.18,数码
U02731,ORD_U02731_005,2023-11-27,213.2,家居
U02731,ORD_U02731_003,2023-12-10,420.64,食品
U02731,ORD_U02731_004,2023-12-16,503.91,家居
U02732,ORD_U02732_000,2023-07-10,547.02,服饰
U02732,ORD_U02732_001,2023-08-19,432.77,数码
U02732,ORD_U02732_002,2023-09-02,372.71,服饰
U02732,ORD_U02732_005,2023-11-15,506.87,服饰
U02732,ORD_U02732_003,2023-11-17,446.86,数码
U02732,ORD_U02732_006,2023-11-18,360.25,家居
U02732,ORD_U02732_009,2023-12-03,392.61,美妆
U02732,ORD_U02732_004,2024-01-09,543.58,家居
U02732,ORD_U02732_008,2024-02-07,222.47,服饰
U02732,ORD_U02732_007,2024-02-21,289.53,服饰
U02732,ORD_U02732_011,2024-04-14,519.01,数码
U02732,ORD_U02732_010,2024-05-31,350.75,美妆
U02733,ORD_U02733_000,2023-03-22,49.96,服饰
U02733,ORD_U02733_001,2023-06-20,115.57,美妆
U02733,ORD_U02733_002,2023-06-20,165.11,美妆
U02733,ORD_U02733_003,2023-08-01,133.5,数码
U02733,ORD_U02733_004,2023-11-22,71.75,服饰
U02733,ORD_U02733_005,2023-12-22,140.07,服饰
U02733,ORD_U02733_007,2024-01-02,118.88,家居
U02733,ORD_U02733_008,2024-02-16,108.7,美妆
U02733,ORD_U02733_006,2024-03-15,61.83,数码
U02733,ORD_U02733_009,2024-08-16,61.66,数码
U02734,ORD_U02734_000,2023-07-26,52.78,美妆
U02734,ORD_U02734_002,2023-08-15,29.84,食品
U02734,ORD_U02734_001,2023-10-14,31.08,服饰
U02735,ORD_U02735_000,2025-01-18,80.36,美妆
U02735,ORD_U02735_001,2025-02-19,71.5,美妆
U02735,ORD_U02735_002,2025-08-04,38.45,家居
U02736,ORD_U02736_000,2024-07-21,71.42,服饰
U02736,ORD_U02736_002,2024-10-05,118.85,美妆
U02736,ORD_U02736_001,2024-10-22,119.69,数码
U02736,ORD_U02736_003,2025-01-04,159.27,家居
U02737,ORD_U02737_000,2023-07-05,82.03,家居
U02737,ORD_U02737_001,2023-08-06,77.6,服饰
U02737,ORD_U02737_002,2023-09-27,158.62,美妆
U02737,ORD_U02737_003,2023-10-03,59.18,家居
U02737,ORD_U02737_004,2023-12-14,132.45,服饰
U02738,ORD_U02738_000,2025-01-15,96.15,食品
U02738,ORD_U02738_001,2025-01-15,116.72,家居
U02739,ORD_U02739_000,2024-12-04,105.86,家居
U02740,ORD_U02740_000,2023-08-15,80.22,食品
U02741,ORD_U02741_000,2024-01-28,70.38,数码
U02741,ORD_U02741_002,2024-04-08,52.54,食品
U02741,ORD_U02741_001,2024-05-15,43.04,家居
U02742,ORD_U02742_000,2024-07-15,378.99,家居
U02742,ORD_U02742_001,2024-07-19,159.15,食品
U02742,ORD_U02742_002,2024-09-03,172.71,服饰
U02742,ORD_U02742_005,2024-09-27,335.69,服饰
U02742,ORD_U02742_003,2024-10-14,336.5,服饰
U02742,ORD_U02742_007,2024-12-24,202.56,家居
U02742,ORD_U02742_004,2025-01-07,156.49,家居
U02742,ORD_U02742_006,2025-02-28,281.84,食品
U02742,ORD_U02742_009,2025-05-21,167.81,家居
U02742,ORD_U02742_008,2025-07-23,400.32,家居
U02743,ORD_U02743_000,2023-10-05,64.48,服饰
U02744,ORD_U02744_000,2023-02-02,94.86,食品
U02744,ORD_U02744_001,2023-06-06,41.92,数码
U02745,ORD_U02745_000,2023-08-07,94.61,家居
U02745,ORD_U02745_001,2023-11-11,32.16,食品
U02746,ORD_U02746_000,2024-10-19,85.08,美妆
U02746,ORD_U02746_002,2024-11-14,108.52,美妆
U02746,ORD_U02746_001,2024-12-23,125.8,服饰
U02746,ORD_U02746_003,2025-03-09,188.94,家居
U02747,ORD_U02747_000,2023-12-11,211.2,服饰
U02747,ORD_U02747_001,2024-01-24,135.79,数码
U02747,ORD_U02747_003,2024-02-18,489.18,数码
U02747,ORD_U02747_002,2024-02-26,133.54,美妆
U02747,ORD_U02747_004,2024-04-04,210.33,家居
U02747,ORD_U02747_007,2024-04-17,367.46,数码
U02747,ORD_U02747_014,2024-07-01,168.21,数码
U02747,ORD_U02747_005,2024-07-20,344.53,食品
U02747,ORD_U02747_006,2024-08-21,366.67,美妆
U02747,ORD_U02747_012,2024-09-08,158.35,数码
U02747,ORD_U02747_008,2024-12-03,339.58,家居
U02747,ORD_U02747_011,2024-12-14,427.68,服饰
U02747,ORD_U02747_016,2024-12-20,270.77,家居
U02747,ORD_U02747_015,2024-12-27,439.93,食品
U02747,ORD_U02747_013,2025-01-01,232.94,家居
U02747,ORD_U02747_009,2025-01-13,454.56,数码
U02747,ORD_U02747_010,2025-02-08,379.35,食品
U02748,ORD_U02748_000,2023-11-15,132.97,食品
U02749,ORD_U02749_000,2024-04-04,57.34,数码
U02749,ORD_U02749_002,2024-04-21,117.85,服饰
U02749,ORD_U02749_001,2024-06-02,113.38,家居
U02749,ORD_U02749_003,2024-10-10,49.78,服饰
U02750,ORD_U02750_000,2023-04-07,355.87,服饰
U02750,ORD_U02750_001,2023-04-30,375.45,数码
U02750,ORD_U02750_002,2023-06-02,149.93,食品
U02750,ORD_U02750_004,2023-06-17,266.88,数码
U02750,ORD_U02750_003,2023-07-10,513.74,数码
U02750,ORD_U02750_009,2023-09-16,325.44,家居
U02750,ORD_U02750_005,2023-10-13,395.32,家居
U02750,ORD_U02750_007,2023-10-14,306.14,服饰
U02750,ORD_U02750_006,2023-10-19,159.35,美妆
U02750,ORD_U02750_008,2023-11-05,195.63,数码
U02750,ORD_U02750_010,2023-11-26,286.64,美妆
U02750,ORD_U02750_013,2024-02-17,472.86,数码
U02750,ORD_U02750_011,2024-07-07,539.1,美妆
U02750,ORD_U02750_012,2024-08-27,386.81,美妆
U02751,ORD_U02751_000,2024-05-06,63.77,美妆
U02751,ORD_U02751_001,2024-07-18,39.28,美妆
U02751,ORD_U02751_002,2024-10-27,69.3,食品
U02751,ORD_U02751_003,2025-02-16,56.27,美妆
U02752,ORD_U02752_000,2024-06-09,556.11,服饰
U02752,ORD_U02752_001,2024-06-22,527.2,家居
U02752,ORD_U02752_003,2024-09-11,176.33,数码
U02752,ORD_U02752_002,2024-09-18,395.58,美妆
U02753,ORD_U02753_000,2024-08-19,183.39,服饰
U02753,ORD_U02753_001,2024-10-25,329.13,美妆
U02753,ORD_U02753_002,2024-11-03,200.45,食品
U02753,ORD_U02753_004,2025-02-01,155.03,食品
U02753,ORD_U02753_003,2025-03-19,140.07,家居
U02753,ORD_U02753_005,2025-04-06,361.62,数码
U02754,ORD_U02754_000,2024-09-17,47.33,服饰
U02754,ORD_U02754_001,2024-11-23,52.36,家居
U02755,ORD_U02755_000,2024-11-07,294.15,美妆
U02755,ORD_U02755_001,2024-12-01,398.19,服饰
U02755,ORD_U02755_002,2024-12-03,156.6,食品
U02755,ORD_U02755_004,2025-02-18,361.65,服饰
U02755,ORD_U02755_003,2025-03-04,142.48,美妆
U02755,ORD_U02755_005,2025-08-21,153.55,食品
U02756,ORD_U02756_000,2024-05-16,204.95,家居
U02756,ORD_U02756_002,2024-05-30,706.67,服饰
U02756,ORD_U02756_001,2024-06-08,260.56,家居
U02756,ORD_U02756_003,2024-07-03,351.38,家居
U02756,ORD_U02756_004,2024-09-10,616.49,食品
U02756,ORD_U02756_009,2024-09-26,514.53,家居
U02756,ORD_U02756_005,2024-10-22,710.42,服饰
U02756,ORD_U02756_008,2024-11-26,638.18,服饰
U02756,ORD_U02756_006,2024-12-21,374.84,服饰
U02756,ORD_U02756_007,2024-12-29,287.28,美妆
U02756,ORD_U02756_012,2025-01-16,262.93,家居
U02756,ORD_U02756_010,2025-04-28,368.24,美妆
U02756,ORD_U02756_013,2025-04-30,350.58,家居
U02756,ORD_U02756_014,2025-05-10,448.99,家居
U02756,ORD_U02756_011,2025-07-14,248.68,食品
U02757,ORD_U02757_000,2023-03-25,100.04,服饰
U02757,ORD_U02757_001,2023-05-27,270.04,数码
U02757,ORD_U02757_002,2023-08-10,273.69,美妆
U02758,ORD_U02758_000,2023-06-29,714.26,食品
U02758,ORD_U02758_001,2023-08-09,927.61,食品
U02758,ORD_U02758_003,2023-08-26,625.16,家居
U02758,ORD_U02758_002,2023-08-29,1043.77,服饰
U02758,ORD_U02758_005,2023-10-05,786.92,家居
U02758,ORD_U02758_004,2023-11-09,1059.92,服饰
U02758,ORD_U02758_006,2024-01-23,955.15,数码
U02758,ORD_U02758_007,2024-03-20,589.38,数码
U02758,ORD_U02758_008,2024-05-15,382.78,食品
U02758,ORD_U02758_010,2024-06-20,1084.96,数码
U02758,ORD_U02758_011,2024-07-01,651.09,数码
U02758,ORD_U02758_009,2024-08-24,891.2,数码
U02759,ORD_U02759_001,2025-01-08,555.3,食品
U02759,ORD_U02759_000,2025-01-18,229.94,美妆
U02759,ORD_U02759_003,2025-03-18,628.87,数码
U02759,ORD_U02759_002,2025-03-24,217.48,家居
U02759,ORD_U02759_007,2025-04-02,219.47,数码
U02759,ORD_U02759_005,2025-04-09,438.85,家居
U02759,ORD_U02759_004,2025-04-16,627.03,家居
U02759,ORD_U02759_006,2025-04-30,291.15,服饰
U02759,ORD_U02759_008,2025-09-26,617.23,家居
U02759,ORD_U02759_011,2025-11-02,401.06,服饰
U02759,ORD_U02759_015,2025-11-19,221.08,服饰
U02759,ORD_U02759_014,2025-11-22,442.93,家居
U02759,ORD_U02759_018,2025-12-08,643.55,食品
U02759,ORD_U02759_009,2026-01-02,165.95,食品
U02759,ORD_U02759_012,2026-02-13,448.77,美妆
U02759,ORD_U02759_010,2026-03-29,312.7,食品
U02759,ORD_U02759_013,2026-04-08,230.5,数码
U02759,ORD_U02759_017,2026-04-25,433.69,家居
U02759,ORD_U02759_016,2026-10-25,193.86,食品
U02760,ORD_U02760_000,2024-05-07,1527.4,美妆
U02760,ORD_U02760_001,2024-05-26,1999.8,家居
U02760,ORD_U02760_003,2024-06-15,2504.28,数码
U02760,ORD_U02760_002,2024-06-21,739.54,数码
U02760,ORD_U02760_008,2024-07-04,2141.3,数码
U02760,ORD_U02760_005,2024-07-12,2336.65,数码
U02760,ORD_U02760_006,2024-07-21,1216.93,家居
U02760,ORD_U02760_015,2024-08-15,1713.79,食品
U02760,ORD_U02760_004,2024-08-23,955.38,家居
U02760,ORD_U02760_007,2024-09-13,2126.55,家居
U02760,ORD_U02760_009,2024-09-23,1049.4,数码
U02760,ORD_U02760_010,2024-10-11,1804.33,数码
U02760,ORD_U02760_013,2024-10-17,1691.74,美妆
U02760,ORD_U02760_011,2024-10-20,2108.13,食品
U02760,ORD_U02760_012,2025-03-29,910.6,数码
U02760,ORD_U02760_014,2025-04-15,738.13,美妆
U02761,ORD_U02761_000,2024-11-18,379.88,服饰
U02761,ORD_U02761_001,2024-12-15,209.06,数码
U02761,ORD_U02761_002,2025-01-15,395.36,数码
U02761,ORD_U02761_004,2025-02-01,203.9,家居
U02761,ORD_U02761_003,2025-03-24,272.09,美妆
U02761,ORD_U02761_009,2025-04-06,439.6,美妆
U02761,ORD_U02761_007,2025-04-12,441.84,服饰
U02761,ORD_U02761_008,2025-05-01,237.16,美妆
U02761,ORD_U02761_014,2025-07-01,430.96,美妆
U02761,ORD_U02761_005,2025-07-02,236.67,美妆
U02761,ORD_U02761_006,2025-07-06,440.83,家居
U02761,ORD_U02761_010,2025-10-23,363.15,美妆
U02761,ORD_U02761_011,2025-11-02,262.39,美妆
U02761,ORD_U02761_015,2026-02-08,157.72,家居
U02761,ORD_U02761_013,2026-03-08,312.29,食品
U02761,ORD_U02761_012,2026-05-31,216.16,食品
U02761,ORD_U02761_016,2026-07-17,137.02,美妆
U02761,ORD_U02761_018,2026-11-07,279.58,食品
U02761,ORD_U02761_017,2026-12-23,436.18,食品
U02762,ORD_U02762_000,2023-12-09,214.36,食品
U02762,ORD_U02762_001,2024-02-20,503.75,数码
U02762,ORD_U02762_003,2024-04-13,516.47,家居
U02762,ORD_U02762_002,2024-05-03,398.36,家居
U02763,ORD_U02763_000,2023-04-06,98.23,美妆
U02763,ORD_U02763_001,2023-06-29,101.79,美妆
U02763,ORD_U02763_003,2023-09-04,104.56,美妆
U02763,ORD_U02763_002,2023-10-30,125.96,食品
U02764,ORD_U02764_000,2024-06-06,53.86,数码
U02765,ORD_U02765_000,2024-09-17,27.17,食品
U02765,ORD_U02765_001,2025-01-19,51.81,数码
U02765,ORD_U02765_002,2025-03-26,29.13,家居
U02766,ORD_U02766_000,2024-08-10,53.79,家居
U02767,ORD_U02767_000,2023-04-29,277.09,美妆
U02767,ORD_U02767_002,2023-06-13,128.82,家居
U02767,ORD_U02767_001,2023-07-13,308.04,美妆
U02767,ORD_U02767_003,2023-08-05,373.62,美妆
U02768,ORD_U02768_000,2024-01-15,52.55,家居
U02768,ORD_U02768_001,2024-01-17,81.07,家居
U02769,ORD_U02769_000,2023-11-27,227.71,数码
U02770,ORD_U02770_000,2024-10-05,137.99,家居
U02770,ORD_U02770_001,2024-11-04,144.27,食品
U02770,ORD_U02770_003,2024-12-05,268.69,服饰
U02770,ORD_U02770_002,2025-01-23,325.17,美妆
U02770,ORD_U02770_004,2025-01-25,295.02,美妆
U02771,ORD_U02771_000,2024-07-27,415.14,服饰
U02771,ORD_U02771_001,2024-08-07,263.02,服饰
U02771,ORD_U02771_004,2024-10-05,735.66,服饰
U02771,ORD_U02771_002,2024-10-13,900.8,美妆
U02771,ORD_U02771_003,2024-10-15,581.92,数码
U02771,ORD_U02771_006,2024-11-29,876.27,美妆
U02771,ORD_U02771_012,2025-01-16,436.32,数码
U02771,ORD_U02771_009,2025-01-26,653.32,家居
U02771,ORD_U02771_005,2025-02-04,557.37,服饰
U02771,ORD_U02771_008,2025-02-12,453.84,美妆
U02771,ORD_U02771_010,2025-03-15,815.46,食品
U02771,ORD_U02771_011,2025-05-03,584.68,美妆
U02771,ORD_U02771_007,2025-05-08,915.45,美妆
U02772,ORD_U02772_000,2024-12-03,164.16,家居
U02772,ORD_U02772_001,2025-02-02,348.62,服饰
U02772,ORD_U02772_003,2025-02-23,224.82,家居
U02772,ORD_U02772_002,2025-03-08,151.41,数码
U02772,ORD_U02772_004,2025-07-31,325.83,食品
U02773,ORD_U02773_000,2024-02-08,61.38,食品
U02773,ORD_U02773_001,2024-07-18,97.8,食品
U02773,ORD_U02773_002,2024-08-09,122.21,美妆
U02774,ORD_U02774_000,2024-12-18,223.26,数码
U02774,ORD_U02774_001,2025-01-23,390.84,数码
U02774,ORD_U02774_002,2025-03-02,223.3,服饰
U02774,ORD_U02774_005,2025-06-02,332.25,数码
U02774,ORD_U02774_004,2025-06-03,302.6,家居
U02774,ORD_U02774_003,2025-06-07,397.04,美妆
U02774,ORD_U02774_006,2025-10-01,352.97,美妆
U02774,ORD_U02774_007,2025-12-18,258.28,家居
U02775,ORD_U02775_000,2023-07-03,75.7,服饰
U02775,ORD_U02775_001,2023-08-28,90.37,服饰
U02775,ORD_U02775_002,2023-11-30,57.84,家居
U02776,ORD_U02776_000,2023-06-03,240.09,食品
U02776,ORD_U02776_001,2023-08-14,456.16,服饰
U02776,ORD_U02776_002,2023-09-10,429.97,食品
U02776,ORD_U02776_003,2023-12-15,178.5,食品
U02777,ORD_U02777_000,2024-09-18,589.53,数码
U02777,ORD_U02777_001,2024-11-14,228.72,家居
U02777,ORD_U02777_003,2024-12-18,458.39,美妆
U02777,ORD_U02777_002,2024-12-23,729.87,家居
U02777,ORD_U02777_004,2025-01-05,713.07,家居
U02777,ORD_U02777_006,2025-01-18,439.77,美妆
U02777,ORD_U02777_005,2025-02-26,356.02,美妆
U02777,ORD_U02777_008,2025-03-13,630.27,家居
U02777,ORD_U02777_007,2025-06-06,261.16,家居
U02777,ORD_U02777_009,2025-07-30,258.48,数码
U02778,ORD_U02778_000,2024-06-11,79.04,服饰
U02779,ORD_U02779_000,2025-01-05,158.13,美妆
U02779,ORD_U02779_001,2025-02-25,69.33,美妆
U02780,ORD_U02780_000,2023-11-14,315.17,服饰
U02780,ORD_U02780_001,2023-12-03,263.6,美妆
U02780,ORD_U02780_003,2024-01-12,200.62,食品
U02780,ORD_U02780_002,2024-01-14,254.35,数码
U02780,ORD_U02780_004,2024-02-15,123.44,数码
U02781,ORD_U02781_000,2023-07-14,79.4,美妆
U02781,ORD_U02781_001,2023-10-23,117.53,食品
U02781,ORD_U02781_002,2023-11-25,185.88,食品
U02781,ORD_U02781_003,2024-03-14,128.12,服饰
U02782,ORD_U02782_000,2024-02-14,429.87,美妆
U02782,ORD_U02782_001,2024-03-21,376.03,美妆
U02782,ORD_U02782_003,2024-04-26,274.16,数码
U02782,ORD_U02782_002,2024-07-04,382.3,美妆
U02783,ORD_U02783_000,2023-11-21,134.33,家居
U02783,ORD_U02783_003,2024-03-22,87.64,服饰
U02783,ORD_U02783_001,2024-03-26,37.44,数码
U02783,ORD_U02783_002,2024-05-20,50.46,美妆
U02784,ORD_U02784_001,2025-01-02,64.06,数码
U02784,ORD_U02784_000,2025-01-25,81.1,家居
U02785,ORD_U02785_000,2024-08-24,129.18,食品
U02785,ORD_U02785_001,2024-10-18,103.77,数码
U02785,ORD_U02785_002,2024-11-20,110.95,家居
U02786,ORD_U02786_000,2024-11-24,386.1,美妆
U02786,ORD_U02786_001,2024-12-26,688.29,服饰
U02786,ORD_U02786_002,2025-01-22,614.02,食品
U02786,ORD_U02786_005,2025-02-04,738.12,服饰
U02786,ORD_U02786_006,2025-03-30,495.93,家居
U02786,ORD_U02786_003,2025-04-11,644.83,家居
U02786,ORD_U02786_004,2025-05-13,263.11,服饰
U02786,ORD_U02786_007,2025-09-02,558.16,食品
U02787,ORD_U02787_000,2024-09-26,276.03,美妆
U02787,ORD_U02787_002,2024-11-07,333.4,美妆
U02787,ORD_U02787_001,2024-12-01,547.44,数码
U02787,ORD_U02787_004,2025-03-21,152.18,食品
U02787,ORD_U02787_007,2025-04-18,386.72,美妆
U02787,ORD_U02787_003,2025-04-19,197.29,服饰
U02787,ORD_U02787_005,2025-06-18,295.15,数码
U02787,ORD_U02787_006,2025-08-23,316.99,家居
U02787,ORD_U02787_008,2025-11-02,409.45,服饰
U02788,ORD_U02788_000,2023-05-30,194.47,食品
U02788,ORD_U02788_001,2023-07-09,88.68,食品
U02789,ORD_U02789_000,2023-10-02,1531.46,数码
U02789,ORD_U02789_001,2023-11-16,2661.36,服饰
U02789,ORD_U02789_002,2023-11-16,906.74,美妆
U02789,ORD_U02789_005,2023-11-16,2719.42,服饰
U02789,ORD_U02789_009,2023-12-12,2357.13,美妆
U02789,ORD_U02789_011,2024-01-09,2184.05,服饰
U02789,ORD_U02789_004,2024-01-13,781.8,数码
U02789,ORD_U02789_003,2024-01-19,2320.56,服饰
U02789,ORD_U02789_010,2024-02-12,1202.15,家居
U02789,ORD_U02789_012,2024-02-24,2404.16,美妆
U02789,ORD_U02789_006,2024-03-25,2465.88,家居
U02789,ORD_U02789_014,2024-03-26,1600.38,数码
U02789,ORD_U02789_007,2024-04-03,1243.38,食品
U02789,ORD_U02789_013,2024-04-07,1412.97,食品
U02789,ORD_U02789_030,2024-05-29,2510.78,服饰
U02789,ORD_U02789_008,2024-06-01,1576.72,美妆
U02789,ORD_U02789_022,2024-06-16,2133.75,美妆
U02789,ORD_U02789_042,2024-07-22,1614.71,服饰
U02789,ORD_U02789_017,2024-08-04,2247.07,家居
U02789,ORD_U02789_032,2024-08-06,2078.34,美妆
U02789,ORD_U02789_019,2024-08-20,1082.08,家居
U02789,ORD_U02789_018,2024-08-29,2930.68,食品
U02789,ORD_U02789_015,2024-11-18,1297.65,美妆
U02789,ORD_U02789_024,2024-12-21,1216.12,服饰
U02789,ORD_U02789_016,2024-12-27,2023.66,家居
U02789,ORD_U02789_031,2025-01-07,890.92,家居
U02789,ORD_U02789_021,2025-02-02,2564.88,美妆
U02789,ORD_U02789_026,2025-03-04,2857.41,美妆
U02789,ORD_U02789_023,2025-03-27,1499.38,美妆
U02789,ORD_U02789_025,2025-04-09,2619.16,服饰
U02789,ORD_U02789_020,2025-04-17,2185.49,服饰
U02789,ORD_U02789_039,2025-05-04,1406.64,食品
U02789,ORD_U02789_045,2025-05-07,2422.86,食品
U02789,ORD_U02789_037,2025-05-30,1578.46,美妆
U02789,ORD_U02789_028,2025-06-18,808.55,家居
U02789,ORD_U02789_027,2025-07-13,1579.7,美妆
U02789,ORD_U02789_029,2025-07-31,2883.41,数码
U02789,ORD_U02789_034,2025-09-25,1404.83,美妆
U02789,ORD_U02789_048,2025-11-29,1200.22,家居
U02789,ORD_U02789_035,2026-03-09,2222.23,数码
U02789,ORD_U02789_033,2026-04-12,1085.29,美妆
U02789,ORD_U02789_043,2026-04-12,1269.7,服饰
U02789,ORD_U02789_040,2026-06-04,1634.88,食品
U02789,ORD_U02789_047,2026-06-13,2727.19,美妆
U02789,ORD_U02789_036,2026-06-21,1011.25,服饰
U02789,ORD_U02789_041,2026-07-20,2720.14,数码
U02789,ORD_U02789_044,2026-07-28,2750.51,数码
U02789,ORD_U02789_038,2026-10-20,974.94,家居
U02789,ORD_U02789_046,2027-01-05,849.76,食品
U02789,ORD_U02789_049,2027-08-20,1307.95,美妆
U02790,ORD_U02790_000,2023-10-19,164.68,美妆
U02790,ORD_U02790_001,2023-12-15,157.16,食品
U02790,ORD_U02790_002,2024-01-21,119.49,服饰
U02791,ORD_U02791_000,2024-01-04,60.41,家居
U02792,ORD_U02792_001,2024-07-30,269.71,服饰
U02792,ORD_U02792_000,2024-07-31,321.04,家居
U02792,ORD_U02792_002,2024-10-23,100.99,数码
U02792,ORD_U02792_004,2024-11-14,283.77,食品
U02792,ORD_U02792_003,2024-12-14,272.14,食品
U02792,ORD_U02792_007,2025-01-01,134.3,食品
U02792,ORD_U02792_005,2025-03-24,198.05,服饰
U02792,ORD_U02792_006,2025-05-24,308.18,食品
U02792,ORD_U02792_009,2025-08-06,118.04,家居
U02792,ORD_U02792_008,2025-11-13,335.24,服饰
U02793,ORD_U02793_000,2023-09-01,98.26,食品
U02794,ORD_U02794_000,2023-02-18,60.33,食品
U02794,ORD_U02794_002,2023-03-03,176.93,美妆
U02794,ORD_U02794_001,2023-03-26,153.03,数码
U02794,ORD_U02794_003,2023-06-10,105.84,服饰
U02795,ORD_U02795_000,2023-08-26,102.1,家居
U02796,ORD_U02796_000,2024-12-02,43.08,美妆
U02796,ORD_U02796_001,2025-02-11,29.65,食品
U02796,ORD_U02796_003,2025-03-10,38.42,食品
U02796,ORD_U02796_002,2025-04-29,40.5,数码
U02797,ORD_U02797_000,2024-08-30,101.63,食品
U02797,ORD_U02797_001,2024-09-19,99.22,食品
U02797,ORD_U02797_002,2024-10-28,184.78,服饰
U02798,ORD_U02798_000,2024-05-24,261.09,美妆
U02798,ORD_U02798_001,2024-06-07,511.31,食品
U02798,ORD_U02798_004,2024-08-12,466.75,美妆
U02798,ORD_U02798_002,2024-08-21,471.45,食品
U02798,ORD_U02798_003,2024-09-24,605.52,美妆
U02798,ORD_U02798_006,2024-10-30,597.79,食品
U02798,ORD_U02798_007,2024-11-04,272.38,数码
U02798,ORD_U02798_005,2024-12-04,384.2,服饰
U02798,ORD_U02798_008,2025-02-19,248.4,数码
U02798,ORD_U02798_017,2025-02-27,290.08,家居
U02798,ORD_U02798_013,2025-02-28,711.09,服饰
U02798,ORD_U02798_010,2025-05-06,572.63,家居
U02798,ORD_U02798_014,2025-05-13,371.48,服饰
U02798,ORD_U02798_009,2025-06-13,484.39,食品
U02798,ORD_U02798_016,2025-09-17,537.83,家居
U02798,ORD_U02798_011,2025-09-25,663.02,美妆
U02798,ORD_U02798_012,2025-10-12,330.99,服饰
U02798,ORD_U02798_018,2026-03-14,288.98,服饰
U02798,ORD_U02798_015,2026-03-26,396.94,数码
U02799,ORD_U02799_000,2024-02-23,74.41,服饰
U02799,ORD_U02799_001,2024-03-25,40.44,数码
U02799,ORD_U02799_003,2024-06-23,145.27,家居
U02799,ORD_U02799_002,2024-07-21,111.71,数码
U02800,ORD_U02800_000,2024-09-14,49.77,数码
U02800,ORD_U02800_002,2024-12-07,126.75,数码
U02800,ORD_U02800_003,2024-12-19,117.62,食品
U02800,ORD_U02800_001,2025-01-26,81.42,服饰
U02801,ORD_U02801_000,2024-04-22,236.09,数码
U02801,ORD_U02801_001,2024-06-27,168.86,美妆
U02801,ORD_U02801_004,2024-08-21,170.51,家居
U02801,ORD_U02801_005,2024-08-30,148.56,食品
U02801,ORD_U02801_002,2024-09-13,198.23,家居
U02801,ORD_U02801_003,2024-10-28,231.05,美妆
U02802,ORD_U02802_000,2024-12-21,163.92,食品
U02802,ORD_U02802_001,2025-01-26,163.3,美妆
U02802,ORD_U02802_003,2025-03-11,490.57,数码
U02802,ORD_U02802_002,2025-04-10,463.12,数码
U02802,ORD_U02802_004,2025-05-01,282.2,美妆
U02803,ORD_U02803_000,2023-11-13,101.25,食品
U02803,ORD_U02803_001,2024-01-24,42.28,服饰
U02803,ORD_U02803_002,2024-03-02,151.17,美妆
U02803,ORD_U02803_003,2024-04-25,48.11,数码
U02804,ORD_U02804_000,2023-12-18,87.1,食品
U02804,ORD_U02804_001,2024-02-28,80.56,美妆
U02804,ORD_U02804_002,2024-03-18,116.79,美妆
U02804,ORD_U02804_003,2024-06-17,165.08,食品
U02805,ORD_U02805_000,2024-12-20,80.0,服饰
U02805,ORD_U02805_001,2024-12-28,140.59,美妆
U02805,ORD_U02805_002,2025-01-24,132.48,数码
U02806,ORD_U02806_000,2023-08-02,38.39,家居
U02806,ORD_U02806_001,2023-08-04,105.46,家居
U02807,ORD_U02807_000,2024-12-30,48.42,美妆
U02807,ORD_U02807_001,2025-02-04,106.05,食品
U02807,ORD_U02807_002,2025-04-30,109.07,家居
U02807,ORD_U02807_003,2025-11-26,145.88,美妆
U02808,ORD_U02808_000,2024-03-07,87.36,美妆
U02808,ORD_U02808_001,2024-03-14,257.56,家居
U02808,ORD_U02808_002,2024-05-01,314.91,数码
U02809,ORD_U02809_000,2023-02-05,257.27,食品
U02809,ORD_U02809_001,2023-04-04,260.62,服饰
U02809,ORD_U02809_002,2023-04-13,72.18,食品
U02809,ORD_U02809_003,2023-06-15,242.34,食品
U02809,ORD_U02809_004,2023-07-04,114.79,家居
U02810,ORD_U02810_000,2024-06-02,122.5,数码
U02810,ORD_U02810_001,2024-07-03,263.41,家居
U02810,ORD_U02810_004,2024-09-16,120.92,数码
U02810,ORD_U02810_002,2024-09-22,146.14,数码
U02810,ORD_U02810_003,2024-12-02,108.5,服饰
U02810,ORD_U02810_005,2024-12-24,147.71,美妆
U02811,ORD_U02811_000,2023-03-01,133.41,美妆
U02811,ORD_U02811_002,2023-03-08,242.07,数码
U02811,ORD_U02811_001,2023-04-14,224.57,数码
U02811,ORD_U02811_004,2023-05-30,208.51,美妆
U02811,ORD_U02811_003,2023-06-03,101.87,家居
U02811,ORD_U02811_011,2023-08-29,178.4,食品
U02811,ORD_U02811_013,2023-09-10,147.01,数码
U02811,ORD_U02811_010,2023-09-15,248.33,数码
U02811,ORD_U02811_005,2023-09-16,289.98,服饰
U02811,ORD_U02811_007,2023-10-06,245.8,美妆
U02811,ORD_U02811_008,2023-10-07,294.65,美妆
U02811,ORD_U02811_006,2023-10-25,221.57,数码
U02811,ORD_U02811_009,2023-12-09,276.22,食品
U02811,ORD_U02811_014,2024-01-07,91.86,服饰
U02811,ORD_U02811_018,2024-01-29,301.99,家居
U02811,ORD_U02811_017,2024-02-17,156.76,服饰
U02811,ORD_U02811_016,2024-06-01,109.8,美妆
U02811,ORD_U02811_012,2024-06-05,113.86,美妆
U02811,ORD_U02811_015,2024-10-26,86.49,家居
U02812,ORD_U02812_000,2024-12-01,67.76,美妆
U02812,ORD_U02812_001,2025-02-24,39.98,美妆
U02813,ORD_U02813_000,2024-01-12,70.62,数码
U02813,ORD_U02813_001,2024-04-01,113.02,服饰
U02814,ORD_U02814_000,2024-03-02,152.61,家居
U02814,ORD_U02814_001,2024-03-04,59.55,服饰
U02814,ORD_U02814_002,2024-06-25,42.8,家居
U02815,ORD_U02815_000,2023-12-03,109.9,服饰
U02815,ORD_U02815_003,2024-02-18,105.83,食品
U02815,ORD_U02815_001,2024-02-23,252.37,家居
U02815,ORD_U02815_002,2024-03-12,210.04,食品
U02815,ORD_U02815_004,2024-06-13,223.44,食品
U02815,ORD_U02815_005,2024-07-26,80.79,数码
U02815,ORD_U02815_006,2024-10-05,154.9,数码
U02816,ORD_U02816_000,2024-09-01,157.88,服饰
U02816,ORD_U02816_001,2024-09-08,135.06,服饰
U02816,ORD_U02816_002,2024-12-05,103.76,服饰
U02817,ORD_U02817_000,2023-10-06,109.56,美妆
U02818,ORD_U02818_000,2024-06-27,224.94,服饰
U02818,ORD_U02818_001,2024-07-06,117.55,家居
U02818,ORD_U02818_002,2024-08-24,236.69,食品
U02819,ORD_U02819_000,2024-09-17,38.76,数码
U02820,ORD_U02820_000,2024-05-30,215.47,数码
U02820,ORD_U02820_001,2024-07-04,346.43,服饰
U02820,ORD_U02820_003,2024-08-28,417.88,美妆
U02820,ORD_U02820_002,2024-09-24,361.04,服饰
U02820,ORD_U02820_004,2024-12-10,209.16,服饰
U02820,ORD_U02820_005,2025-02-10,418.75,服饰
U02820,ORD_U02820_006,2025-02-10,195.85,家居
U02821,ORD_U02821_000,2024-01-28,191.62,美妆
U02821,ORD_U02821_001,2024-03-15,126.28,美妆
U02822,ORD_U02822_000,2024-04-25,148.44,数码
U02822,ORD_U02822_001,2024-08-16,104.65,数码
U02823,ORD_U02823_000,2024-03-31,70.33,食品
U02824,ORD_U02824_000,2024-04-22,286.16,美妆
U02824,ORD_U02824_001,2024-07-08,473.26,家居
U02824,ORD_U02824_002,2024-08-17,200.92,家居
U02824,ORD_U02824_003,2024-09-09,443.41,服饰
U02824,ORD_U02824_005,2024-09-29,515.93,服饰
U02824,ORD_U02824_004,2024-10-16,380.58,美妆
U02824,ORD_U02824_008,2025-01-20,492.27,服饰
U02824,ORD_U02824_006,2025-05-30,219.05,数码
U02824,ORD_U02824_007,2025-06-16,393.48,家居
U02824,ORD_U02824_009,2025-10-25,551.99,美妆
U02825,ORD_U02825_000,2024-10-14,406.02,美妆
U02825,ORD_U02825_002,2024-11-10,923.92,数码
U02825,ORD_U02825_001,2024-11-14,1036.69,美妆
U02825,ORD_U02825_003,2024-12-19,957.14,家居
U02825,ORD_U02825_004,2025-02-04,610.07,食品
U02825,ORD_U02825_005,2025-03-22,837.29,食品
U02825,ORD_U02825_006,2025-04-02,568.17,家居
U02825,ORD_U02825_008,2025-04-08,876.09,家居
U02825,ORD_U02825_009,2025-04-18,656.82,服饰
U02825,ORD_U02825_010,2025-04-24,848.39,服饰
U02825,ORD_U02825_007,2025-06-04,681.85,家居
U02825,ORD_U02825_011,2025-12-08,436.3,数码
U02826,ORD_U02826_000,2025-01-17,217.51,家居
U02826,ORD_U02826_001,2025-02-22,320.42,美妆
U02826,ORD_U02826_004,2025-04-11,331.87,家居
U02826,ORD_U02826_003,2025-05-16,320.27,家居
U02826,ORD_U02826_002,2025-05-17,170.98,服饰
U02826,ORD_U02826_007,2025-06-09,190.71,家居
U02826,ORD_U02826_006,2025-06-24,316.59,数码
U02826,ORD_U02826_008,2025-06-27,180.86,服饰
U02826,ORD_U02826_005,2025-08-11,150.55,服饰
U02827,ORD_U02827_000,2023-03-28,113.92,服饰
U02827,ORD_U02827_001,2023-07-02,46.56,服饰
U02827,ORD_U02827_002,2023-08-29,132.43,服饰
U02827,ORD_U02827_003,2023-12-22,68.15,数码
U02828,ORD_U02828_000,2024-10-05,23.82,数码
U02828,ORD_U02828_001,2024-10-12,23.73,数码
U02828,ORD_U02828_002,2025-03-30,55.56,家居
U02829,ORD_U02829_000,2023-10-23,277.69,家居
U02829,ORD_U02829_001,2023-12-31,194.8,食品
U02829,ORD_U02829_002,2024-01-09,164.87,家居
U02829,ORD_U02829_003,2024-05-20,296.55,食品
U02830,ORD_U02830_000,2024-06-12,74.42,数码
U02830,ORD_U02830_001,2024-06-21,84.42,美妆
U02831,ORD_U02831_000,2023-09-19,230.06,美妆
U02831,ORD_U02831_001,2023-10-16,124.44,数码
U02831,ORD_U02831_003,2023-10-28,200.28,数码
U02831,ORD_U02831_002,2023-12-23,97.88,家居
U02831,ORD_U02831_004,2024-02-07,192.79,食品
U02832,ORD_U02832_000,2024-10-04,546.15,食品
U02832,ORD_U02832_001,2024-11-11,457.16,数码
U02832,ORD_U02832_003,2024-12-20,548.64,数码
U02832,ORD_U02832_002,2025-01-26,463.5,数码
U02832,ORD_U02832_004,2025-02-14,373.3,数码
U02833,ORD_U02833_000,2024-08-31,153.84,食品
U02833,ORD_U02833_001,2024-12-13,87.69,服饰
U02834,ORD_U02834_000,2023-09-07,42.13,食品
U02834,ORD_U02834_001,2023-09-24,57.3,食品
U02835,ORD_U02835_000,2024-11-27,119.54,食品
U02835,ORD_U02835_003,2025-02-01,168.93,数码
U02835,ORD_U02835_001,2025-02-23,201.42,食品
U02835,ORD_U02835_002,2025-03-10,255.89,数码
U02836,ORD_U02836_000,2024-05-21,263.3,家居
U02836,ORD_U02836_001,2024-08-10,90.34,家居
U02836,ORD_U02836_004,2024-09-22,282.3,家居
U02836,ORD_U02836_002,2024-09-30,117.93,家居
U02836,ORD_U02836_003,2024-11-29,142.96,家居
U02836,ORD_U02836_005,2024-12-28,111.28,食品
U02836,ORD_U02836_006,2025-05-06,262.64,美妆
U02836,ORD_U02836_007,2025-05-19,219.07,家居
U02837,ORD_U02837_000,2023-11-17,317.03,食品
U02837,ORD_U02837_001,2023-12-16,96.06,家居
U02837,ORD_U02837_002,2024-01-10,176.53,食品
U02838,ORD_U02838_000,2024-02-20,325.12,美妆
U02838,ORD_U02838_001,2024-03-29,849.33,食品
U02838,ORD_U02838_002,2024-05-19,811.44,美妆
U02838,ORD_U02838_003,2024-07-10,934.14,服饰
U02838,ORD_U02838_004,2024-07-31,362.53,食品
U02838,ORD_U02838_007,2024-08-13,1032.36,食品
U02838,ORD_U02838_005,2024-08-27,816.66,美妆
U02838,ORD_U02838_009,2024-10-18,871.69,食品
U02838,ORD_U02838_006,2024-11-15,315.49,美妆
U02838,ORD_U02838_008,2024-11-21,426.34,家居
U02839,ORD_U02839_001,2023-03-30,99.08,服饰
U02839,ORD_U02839_000,2023-04-30,202.2,数码
U02840,ORD_U02840_000,2023-09-30,64.95,服饰
U02840,ORD_U02840_001,2023-11-02,144.6,数码
U02841,ORD_U02841_000,2023-04-01,322.75,家居
U02841,ORD_U02841_001,2023-04-02,295.65,家居
U02841,ORD_U02841_004,2023-05-10,179.01,食品
U02841,ORD_U02841_002,2023-05-25,156.75,家居
U02841,ORD_U02841_003,2023-06-09,235.67,家居
U02841,ORD_U02841_006,2023-09-15,323.04,食品
U02841,ORD_U02841_010,2023-09-20,342.71,数码
U02841,ORD_U02841_009,2023-10-04,195.05,美妆
U02841,ORD_U02841_005,2023-11-09,265.09,服饰
U02841,ORD_U02841_007,2023-12-17,239.97,服饰
U02841,ORD_U02841_008,2023-12-27,197.5,家居
U02841,ORD_U02841_011,2024-04-18,474.88,家居
U02841,ORD_U02841_012,2024-08-22,404.78,家居
U02841,ORD_U02841_014,2024-09-07,395.77,食品
U02841,ORD_U02841_013,2024-09-16,270.91,美妆
U02841,ORD_U02841_015,2025-01-15,400.28,食品
U02841,ORD_U02841_016,2025-02-24,324.52,服饰
U02842,ORD_U02842_000,2024-08-17,390.95,服饰
U02842,ORD_U02842_001,2024-10-02,595.43,家居
U02842,ORD_U02842_002,2024-11-16,434.62,数码
U02842,ORD_U02842_005,2024-11-20,377.25,数码
U02842,ORD_U02842_003,2025-01-05,644.49,家居
U02842,ORD_U02842_006,2025-02-01,223.21,美妆
U02842,ORD_U02842_004,2025-02-05,449.78,家居
U02842,ORD_U02842_008,2025-03-26,196.3,美妆
U02842,ORD_U02842_007,2025-04-03,549.69,家居
U02843,ORD_U02843_000,2023-08-11,142.19,家居
U02843,ORD_U02843_001,2023-10-28,111.42,食品
U02843,ORD_U02843_002,2023-10-29,41.31,服饰
U02843,ORD_U02843_003,2024-01-02,112.34,家居
U02844,ORD_U02844_000,2023-12-07,167.0,美妆
U02844,ORD_U02844_001,2023-12-28,162.03,食品
U02844,ORD_U02844_003,2024-02-27,56.41,数码
U02844,ORD_U02844_002,2024-04-22,86.17,食品
U02845,ORD_U02845_000,2024-03-04,30.03,家居
U02845,ORD_U02845_001,2024-06-14,88.52,服饰
U02846,ORD_U02846_000,2024-08-24,882.75,家居
U02846,ORD_U02846_001,2024-09-18,434.95,食品
U02846,ORD_U02846_002,2024-10-05,290.59,家居
U02846,ORD_U02846_003,2024-11-04,595.28,食品
U02846,ORD_U02846_005,2024-12-14,945.69,家居
U02846,ORD_U02846_006,2024-12-24,473.66,食品
U02846,ORD_U02846_004,2025-01-19,794.82,数码
U02846,ORD_U02846_007,2025-03-04,893.65,美妆
U02846,ORD_U02846_008,2025-08-04,921.08,服饰
U02847,ORD_U02847_001,2023-08-14,144.9,家居
U02847,ORD_U02847_000,2023-08-15,153.85,食品
U02848,ORD_U02848_000,2023-09-24,320.07,数码
U02848,ORD_U02848_001,2023-10-15,317.52,美妆
U02848,ORD_U02848_002,2023-11-05,266.12,食品
U02848,ORD_U02848_004,2024-01-14,327.97,家居
U02848,ORD_U02848_003,2024-02-04,212.88,服饰
U02848,ORD_U02848_005,2024-02-26,212.01,美妆
U02848,ORD_U02848_006,2024-04-11,303.62,服饰
U02848,ORD_U02848_008,2024-05-03,290.03,家居
U02848,ORD_U02848_009,2024-07-07,455.56,食品
U02848,ORD_U02848_007,2024-09-21,474.19,家居
U02849,ORD_U02849_000,2023-09-29,182.67,美妆
U02850,ORD_U02850_000,2024-12-21,85.29,数码
U02851,ORD_U02851_000,2023-08-30,654.12,数码
U02851,ORD_U02851_001,2023-10-02,286.64,服饰
U02851,ORD_U02851_002,2023-10-18,282.78,数码
U02851,ORD_U02851_003,2023-11-28,438.64,家居
U02851,ORD_U02851_005,2024-01-06,392.23,数码
U02851,ORD_U02851_004,2024-02-15,691.9,美妆
U02851,ORD_U02851_006,2024-03-31,693.92,家居
U02851,ORD_U02851_011,2024-04-15,266.51,服饰
U02851,ORD_U02851_013,2024-04-17,431.98,美妆
U02851,ORD_U02851_008,2024-05-07,334.61,美妆
U02851,ORD_U02851_007,2024-06-29,541.62,食品
U02851,ORD_U02851_014,2024-07-07,232.62,食品
U02851,ORD_U02851_010,2024-07-15,477.51,数码
U02851,ORD_U02851_009,2024-08-14,749.72,数码
U02851,ORD_U02851_012,2024-10-14,769.04,数码
U02851,ORD_U02851_015,2025-01-29,338.3,服饰
U02851,ORD_U02851_017,2025-03-05,216.89,数码
U02851,ORD_U02851_016,2025-08-16,425.29,美妆
U02852,ORD_U02852_000,2024-02-10,217.01,食品
U02852,ORD_U02852_001,2024-03-28,154.23,美妆
U02852,ORD_U02852_003,2024-06-02,388.01,服饰
U02852,ORD_U02852_002,2024-06-27,491.87,服饰
U02852,ORD_U02852_006,2024-07-11,184.32,家居
U02852,ORD_U02852_004,2024-08-12,304.12,服饰
U02852,ORD_U02852_005,2024-12-10,469.74,美妆
U02852,ORD_U02852_008,2025-02-20,158.73,服饰
U02852,ORD_U02852_007,2025-03-02,436.85,美妆
U02853,ORD_U02853_000,2024-12-28,929.6,食品
U02853,ORD_U02853_001,2025-01-20,858.68,美妆
U02853,ORD_U02853_005,2025-02-07,532.58,服饰
U02853,ORD_U02853_003,2025-02-13,447.98,数码
U02853,ORD_U02853_004,2025-02-21,468.5,家居
U02853,ORD_U02853_002,2025-03-05,444.07,数码
U02853,ORD_U02853_008,2025-04-16,564.41,服饰
U02853,ORD_U02853_007,2025-05-06,677.36,美妆
U02853,ORD_U02853_021,2025-05-18,1167.8,食品
U02853,ORD_U02853_012,2025-05-23,601.17,数码
U02853,ORD_U02853_006,2025-05-30,1187.16,食品
U02853,ORD_U02853_014,2025-06-03,858.17,服饰
U02853,ORD_U02853_015,2025-06-07,1035.29,美妆
U02853,ORD_U02853_018,2025-06-12,853.04,食品
U02853,ORD_U02853_010,2025-07-04,858.33,食品
U02853,ORD_U02853_011,2025-07-11,961.02,数码
U02853,ORD_U02853_016,2025-07-20,466.75,家居
U02853,ORD_U02853_027,2025-08-01,842.77,服饰
U02853,ORD_U02853_009,2025-09-22,1048.56,食品
U02853,ORD_U02853_019,2025-10-02,1071.87,美妆
U02853,ORD_U02853_013,2025-10-06,785.43,食品
U02853,ORD_U02853_024,2025-10-20,851.0,家居
U02853,ORD_U02853_022,2025-10-28,1034.46,美妆
U02853,ORD_U02853_025,2026-01-24,851.22,食品
U02853,ORD_U02853_029,2026-02-07,1160.19,服饰
U02853,ORD_U02853_020,2026-02-22,1235.66,家居
U02853,ORD_U02853_017,2026-03-03,736.81,服饰
U02853,ORD_U02853_026,2026-05-24,1315.59,数码
U02853,ORD_U02853_023,2026-07-21,842.5,美妆
U02853,ORD_U02853_028,2027-02-27,429.15,家居
U02853,ORD_U02853_030,2027-03-03,405.87,家居
U02853,ORD_U02853_031,2027-06-27,1280.22,数码
U02854,ORD_U02854_000,2023-10-19,147.1,美妆
U02854,ORD_U02854_001,2023-11-19,215.93,家居
U02854,ORD_U02854_002,2024-01-12,456.57,美妆
U02854,ORD_U02854_003,2024-03-11,278.97,美妆
U02855,ORD_U02855_000,2024-04-29,328.13,服饰
U02855,ORD_U02855_001,2024-07-03,266.9,家居
U02855,ORD_U02855_002,2024-10-07,453.08,食品
U02855,ORD_U02855_003,2024-11-24,280.32,数码
U02856,ORD_U02856_000,2024-01-04,21.29,服饰
U02856,ORD_U02856_001,2024-02-19,27.88,食品
U02856,ORD_U02856_002,2024-06-06,37.03,服饰
U02856,ORD_U02856_003,2024-09-10,27.32,美妆
U02857,ORD_U02857_000,2023-05-27,182.99,美妆
U02857,ORD_U02857_001,2023-08-11,269.28,家居
U02857,ORD_U02857_002,2023-09-15,369.15,美妆
U02857,ORD_U02857_003,2023-10-06,110.65,服饰
U02858,ORD_U02858_000,2024-10-21,89.69,食品
U02858,ORD_U02858_001,2024-12-24,50.6,数码
U02859,ORD_U02859_000,2024-08-03,169.54,家居
U02859,ORD_U02859_001,2024-09-18,161.45,数码
U02860,ORD_U02860_000,2025-01-19,87.35,美妆
U02861,ORD_U02861_000,2024-12-30,25.91,家居
U02861,ORD_U02861_001,2025-03-22,44.86,家居
U02861,ORD_U02861_002,2025-03-24,59.38,服饰
U02862,ORD_U02862_000,2023-03-26,128.54,数码
U02862,ORD_U02862_002,2023-05-04,113.68,食品
U02862,ORD_U02862_001,2023-05-13,159.49,家居
U02862,ORD_U02862_003,2023-06-09,107.05,食品
U02862,ORD_U02862_005,2023-07-19,162.19,食品
U02862,ORD_U02862_004,2023-08-05,268.71,美妆
U02862,ORD_U02862_006,2024-01-25,156.08,服饰
U02862,ORD_U02862_008,2024-03-15,134.48,服饰
U02862,ORD_U02862_007,2024-04-22,228.29,数码
U02863,ORD_U02863_000,2024-01-08,493.29,美妆
U02863,ORD_U02863_001,2024-01-17,981.03,食品
U02863,ORD_U02863_002,2024-03-02,729.81,食品
U02863,ORD_U02863_005,2024-03-04,271.5,数码
U02863,ORD_U02863_003,2024-04-03,437.52,食品
U02863,ORD_U02863_006,2024-05-08,566.71,家居
U02863,ORD_U02863_004,2024-05-27,407.06,服饰
U02863,ORD_U02863_008,2024-06-23,650.66,数码
U02863,ORD_U02863_007,2024-06-27,588.72,数码
U02863,ORD_U02863_014,2024-07-07,802.22,家居
U02863,ORD_U02863_011,2024-09-04,943.16,服饰
U02863,ORD_U02863_010,2024-11-12,887.51,家居
U02863,ORD_U02863_009,2024-11-26,487.48,服饰
U02863,ORD_U02863_012,2025-03-23,636.22,家居
U02863,ORD_U02863_013,2025-04-06,610.69,美妆
U02864,ORD_U02864_000,2024-02-12,2069.93,美妆
U02864,ORD_U02864_001,2024-02-22,2227.72,家居
U02864,ORD_U02864_002,2024-03-03,1426.16,服饰
U02864,ORD_U02864_003,2024-04-06,1387.54,食品
U02864,ORD_U02864_005,2024-05-16,2121.45,数码
U02864,ORD_U02864_004,2024-06-06,1849.77,家居
U02864,ORD_U02864_006,2024-06-11,2460.21,美妆
U02864,ORD_U02864_017,2024-06-14,1189.88,家居
U02864,ORD_U02864_015,2024-07-07,1707.87,食品
U02864,ORD_U02864_007,2024-07-11,775.87,食品
U02864,ORD_U02864_008,2024-07-21,1088.25,食品
U02864,ORD_U02864_011,2024-07-26,871.51,家居
U02864,ORD_U02864_019,2024-08-20,2379.55,数码
U02864,ORD_U02864_009,2024-10-04,1991.52,美妆
U02864,ORD_U02864_012,2024-10-18,2137.87,美妆
U02864,ORD_U02864_026,2024-10-19,1345.91,美妆
U02864,ORD_U02864_027,2024-11-01,1594.04,食品
U02864,ORD_U02864_010,2024-12-02,2114.35,美妆
U02864,ORD_U02864_018,2024-12-07,1027.32,美妆
U02864,ORD_U02864_013,2024-12-11,1846.85,数码
U02864,ORD_U02864_020,2024-12-11,1545.24,美妆
U02864,ORD_U02864_031,2024-12-15,1702.05,食品
U02864,ORD_U02864_021,2025-01-10,1708.08,数码
U02864,ORD_U02864_023,2025-02-07,1183.85,服饰
U02864,ORD_U02864_025,2025-02-10,2165.72,数码
U02864,ORD_U02864_034,2025-02-28,657.02,美妆
U02864,ORD_U02864_014,2025-03-14,2103.42,服饰
U02864,ORD_U02864_016,2025-05-14,1822.87,美妆
U02864,ORD_U02864_030,2025-06-11,1890.32,服饰
U02864,ORD_U02864_024,2025-07-12,2072.45,家居
U02864,ORD_U02864_041,2025-07-27,1969.6,家居
U02864,ORD_U02864_022,2025-09-12,2237.09,美妆
U02864,ORD_U02864_040,2025-10-05,2041.5,家居
U02864,ORD_U02864_036,2025-12-18,626.03,美妆
U02864,ORD_U02864_028,2026-01-18,1675.53,数码
U02864,ORD_U02864_029,2026-01-28,1508.3,服饰
U02864,ORD_U02864_039,2026-08-09,1310.1,食品
U02864,ORD_U02864_033,2026-08-22,2290.46,美妆
U02864,ORD_U02864_038,2026-09-11,635.5,服饰
U02864,ORD_U02864_032,2026-09-20,2448.71,美妆
U02864,ORD_U02864_035,2026-10-31,1346.17,美妆
U02864,ORD_U02864_037,2026-12-15,1206.92,食品
U02865,ORD_U02865_000,2023-09-03,103.69,数码
U02865,ORD_U02865_002,2023-09-26,198.42,食品
U02865,ORD_U02865_001,2023-11-18,131.68,家居
U02865,ORD_U02865_003,2024-05-13,135.3,食品
U02866,ORD_U02866_000,2023-09-17,337.5,美妆
U02866,ORD_U02866_001,2023-09-24,443.78,美妆
U02866,ORD_U02866_002,2023-10-16,722.24,家居
U02866,ORD_U02866_004,2023-11-11,686.03,数码
U02866,ORD_U02866_003,2023-11-23,369.22,美妆
U02866,ORD_U02866_005,2023-12-28,457.91,服饰
U02866,ORD_U02866_008,2024-01-03,588.57,食品
U02866,ORD_U02866_011,2024-02-07,549.36,美妆
U02866,ORD_U02866_006,2024-03-29,310.18,服饰
U02866,ORD_U02866_007,2024-06-18,418.19,美妆
U02866,ORD_U02866_009,2024-07-16,487.43,食品
U02866,ORD_U02866_010,2024-07-27,688.37,美妆
U02866,ORD_U02866_016,2024-08-19,295.82,美妆
U02866,ORD_U02866_013,2024-08-30,522.61,美妆
U02866,ORD_U02866_012,2024-09-22,401.49,食品
U02866,ORD_U02866_014,2024-12-02,641.3,家居
U02866,ORD_U02866_015,2025-01-25,237.72,家居
U02867,ORD_U02867_000,2024-12-07,92.69,数码
U02867,ORD_U02867_003,2025-02-08,290.89,食品
U02867,ORD_U02867_001,2025-02-21,153.25,食品
U02867,ORD_U02867_002,2025-04-04,237.69,服饰
U02867,ORD_U02867_004,2025-04-22,170.18,数码
U02867,ORD_U02867_005,2025-05-22,100.43,美妆
U02867,ORD_U02867_007,2025-06-05,294.73,数码
U02867,ORD_U02867_006,2025-11-14,195.12,食品
U02867,ORD_U02867_008,2026-03-06,159.34,美妆
U02867,ORD_U02867_009,2026-04-23,267.25,家居
U02868,ORD_U02868_000,2024-01-04,888.92,家居
U02868,ORD_U02868_002,2024-01-07,885.93,食品
U02868,ORD_U02868_001,2024-01-17,1283.23,食品
U02868,ORD_U02868_004,2024-02-16,584.42,美妆
U02868,ORD_U02868_003,2024-03-25,796.57,服饰
U02868,ORD_U02868_007,2024-03-29,1069.03,美妆
U02868,ORD_U02868_012,2024-04-04,879.23,服饰
U02868,ORD_U02868_008,2024-04-11,441.75,食品
U02868,ORD_U02868_006,2024-05-05,1494.85,服饰
U02868,ORD_U02868_005,2024-05-10,1511.88,食品
U02868,ORD_U02868_009,2024-06-04,1275.06,家居
U02868,ORD_U02868_014,2024-06-24,1510.43,数码
U02868,ORD_U02868_013,2024-07-12,1043.49,美妆
U02868,ORD_U02868_010,2024-08-08,1271.5,食品
U02868,ORD_U02868_011,2024-09-07,1446.09,美妆
U02869,ORD_U02869_000,2024-12-08,65.56,美妆
U02869,ORD_U02869_001,2025-01-12,50.03,数码
U02869,ORD_U02869_002,2025-01-31,55.41,数码
U02870,ORD_U02870_000,2023-03-14,130.5,服饰
U02870,ORD_U02870_001,2023-03-18,120.23,数码
U02870,ORD_U02870_003,2023-05-08,160.64,服饰
U02870,ORD_U02870_002,2023-05-26,160.58,食品
U02870,ORD_U02870_004,2023-06-19,125.13,食品
U02870,ORD_U02870_005,2023-07-17,105.79,美妆
U02870,ORD_U02870_006,2023-08-12,145.62,家居
U02871,ORD_U02871_000,2023-11-03,736.71,服饰
U02871,ORD_U02871_001,2023-11-28,607.21,数码
U02871,ORD_U02871_004,2024-01-10,324.31,美妆
U02871,ORD_U02871_002,2024-01-14,390.12,美妆
U02871,ORD_U02871_003,2024-03-15,829.71,家居
U02871,ORD_U02871_005,2024-05-23,492.09,服饰
U02871,ORD_U02871_006,2024-06-22,712.51,食品
U02871,ORD_U02871_012,2024-08-10,246.73,食品
U02871,ORD_U02871_007,2024-08-26,608.41,服饰
U02871,ORD_U02871_008,2024-08-29,894.74,食品
U02871,ORD_U02871_011,2024-09-03,424.83,家居
U02871,ORD_U02871_009,2024-10-19,278.98,服饰
U02871,ORD_U02871_010,2024-12-10,343.34,家居
U02871,ORD_U02871_014,2024-12-24,533.81,数码
U02871,ORD_U02871_015,2024-12-28,406.14,数码
U02871,ORD_U02871_016,2025-03-12,633.43,家居
U02871,ORD_U02871_017,2025-04-01,291.34,美妆
U02871,ORD_U02871_013,2025-05-01,683.2,家居
U02871,ORD_U02871_018,2025-05-03,720.2,家居
U02871,ORD_U02871_019,2025-11-24,295.08,食品
U02872,ORD_U02872_000,2024-11-25,145.72,服饰
U02872,ORD_U02872_001,2025-01-20,567.73,家居
U02872,ORD_U02872_002,2025-02-02,180.16,食品
U02873,ORD_U02873_000,2024-09-23,87.07,服饰
U02873,ORD_U02873_001,2024-12-18,39.58,食品
U02874,ORD_U02874_000,2023-03-31,80.09,家居
U02874,ORD_U02874_001,2023-06-19,192.33,美妆
U02875,ORD_U02875_000,2024-12-03,185.55,食品
U02875,ORD_U02875_001,2024-12-08,125.05,美妆
U02875,ORD_U02875_002,2025-02-02,184.48,服饰
U02875,ORD_U02875_004,2025-02-03,276.39,食品
U02875,ORD_U02875_006,2025-02-10,233.84,服饰
U02875,ORD_U02875_003,2025-02-20,243.97,数码
U02875,ORD_U02875_005,2025-08-04,325.99,美妆
U02875,ORD_U02875_007,2025-08-26,84.95,家居
U02875,ORD_U02875_008,2026-02-08,310.08,服饰
U02876,ORD_U02876_000,2024-05-19,42.45,数码
U02876,ORD_U02876_001,2024-07-18,31.97,服饰
U02876,ORD_U02876_002,2024-08-09,83.16,家居
U02877,ORD_U02877_000,2024-07-06,334.73,数码
U02877,ORD_U02877_002,2024-09-09,358.38,数码
U02877,ORD_U02877_001,2024-09-11,604.46,食品
U02877,ORD_U02877_003,2024-11-12,726.98,食品
U02877,ORD_U02877_005,2024-12-22,757.05,服饰
U02877,ORD_U02877_004,2025-01-18,837.32,美妆
U02877,ORD_U02877_011,2025-02-16,528.84,食品
U02877,ORD_U02877_013,2025-02-22,413.52,食品
U02877,ORD_U02877_006,2025-05-04,491.16,家居
U02877,ORD_U02877_009,2025-05-13,1063.76,美妆
U02877,ORD_U02877_007,2025-05-15,611.54,美妆
U02877,ORD_U02877_008,2025-06-29,842.94,服饰
U02877,ORD_U02877_010,2025-09-12,483.45,服饰
U02877,ORD_U02877_014,2025-10-06,1118.16,家居
U02877,ORD_U02877_015,2025-10-26,977.96,服饰
U02877,ORD_U02877_012,2026-01-13,1047.12,家居
U02878,ORD_U02878_000,2023-09-17,1030.29,数码
U02878,ORD_U02878_001,2023-09-20,405.17,数码
U02878,ORD_U02878_002,2023-11-14,319.05,食品
U02878,ORD_U02878_005,2023-12-15,662.56,服饰
U02878,ORD_U02878_003,2024-01-20,1080.86,服饰
U02878,ORD_U02878_004,2024-01-26,317.86,服饰
U02878,ORD_U02878_006,2024-02-17,376.5,食品
U02878,ORD_U02878_007,2024-02-28,460.58,家居
U02878,ORD_U02878_009,2024-03-25,546.57,食品
U02878,ORD_U02878_008,2024-04-06,292.49,家居
U02878,ORD_U02878_013,2024-08-03,580.64,家居
U02878,ORD_U02878_011,2024-08-23,1019.79,食品
U02878,ORD_U02878_010,2024-10-21,321.26,美妆
U02878,ORD_U02878_012,2025-01-07,619.16,家居
U02879,ORD_U02879_001,2024-03-21,2726.61,数码
U02879,ORD_U02879_000,2024-03-26,1530.85,美妆
U02879,ORD_U02879_002,2024-04-25,1186.2,数码
U02879,ORD_U02879_004,2024-05-20,808.61,家居
U02879,ORD_U02879_003,2024-05-23,2781.87,数码
U02879,ORD_U02879_006,2024-05-28,1281.98,美妆
U02879,ORD_U02879_011,2024-07-10,1968.77,食品
U02879,ORD_U02879_007,2024-07-11,910.82,家居
U02879,ORD_U02879_008,2024-07-24,2351.36,食品
U02879,ORD_U02879_013,2024-07-30,1249.21,食品
U02879,ORD_U02879_005,2024-08-19,1608.19,数码
U02879,ORD_U02879_017,2024-08-20,1174.11,数码
U02879,ORD_U02879_012,2024-09-14,2531.73,食品
U02879,ORD_U02879_014,2024-09-17,2502.12,家居
U02879,ORD_U02879_009,2024-10-15,770.15,家居
U02879,ORD_U02879_015,2024-10-16,2708.19,服饰
U02879,ORD_U02879_010,2024-11-11,1581.39,食品
U02879,ORD_U02879_039,2024-12-14,2078.32,食品
U02879,ORD_U02879_037,2024-12-27,1334.72,家居
U02879,ORD_U02879_038,2025-01-30,1106.59,服饰
U02879,ORD_U02879_018,2025-02-03,2368.36,美妆
U02879,ORD_U02879_035,2025-02-23,2604.64,家居
U02879,ORD_U02879_044,2025-03-03,2221.35,美妆
U02879,ORD_U02879_030,2025-03-29,2538.94,食品
U02879,ORD_U02879_042,2025-04-07,2189.44,食品
U02879,ORD_U02879_016,2025-04-23,1024.47,服饰
U02879,ORD_U02879_027,2025-05-03,1211.79,数码
U02879,ORD_U02879_047,2025-05-11,1655.93,美妆
U02879,ORD_U02879_019,2025-05-16,1970.2,美妆
U02879,ORD_U02879_036,2025-06-23,2764.09,食品
U02879,ORD_U02879_026,2025-07-11,1906.14,美妆
U02879,ORD_U02879_020,2025-09-01,2118.41,美妆
U02879,ORD_U02879_028,2025-09-09,724.44,数码
U02879,ORD_U02879_022,2025-10-14,2737.96,美妆
U02879,ORD_U02879_048,2025-10-23,2086.64,食品
U02879,ORD_U02879_021,2025-10-30,1096.54,数码
U02879,ORD_U02879_040,2025-11-10,1868.83,数码
U02879,ORD_U02879_025,2025-11-17,2531.86,食品
U02879,ORD_U02879_032,2025-11-19,2150.66,数码
U02879,ORD_U02879_023,2025-12-07,1404.99,家居
U02879,ORD_U02879_041,2026-01-11,2163.36,家居
U02879,ORD_U02879_029,2026-02-11,2571.63,家居
U02879,ORD_U02879_024,2026-02-15,1156.44,服饰
U02879,ORD_U02879_033,2026-05-09,1278.12,美妆
U02879,ORD_U02879_034,2026-06-27,1679.8,家居
U02879,ORD_U02879_031,2026-07-11,1417.17,食品
U02879,ORD_U02879_045,2026-10-23,1383.8,服饰
U02879,ORD_U02879_046,2027-05-05,2438.86,数码
U02879,ORD_U02879_043,2027-07-10,1233.86,美妆
U02880,ORD_U02880_001,2024-05-29,133.99,美妆
U02880,ORD_U02880_000,2024-06-05,112.0,服饰
U02880,ORD_U02880_002,2024-08-02,108.24,家居
U02881,ORD_U02881_000,2024-12-08,105.11,家居
U02881,ORD_U02881_001,2025-01-09,106.58,数码
U02881,ORD_U02881_002,2025-04-23,100.98,数码
U02882,ORD_U02882_000,2024-01-31,300.94,数码
U02882,ORD_U02882_001,2024-03-09,230.15,家居
U02882,ORD_U02882_002,2024-05-05,136.11,美妆
U02882,ORD_U02882_003,2024-05-12,328.56,数码
U02882,ORD_U02882_004,2024-05-31,201.57,食品
U02882,ORD_U02882_007,2024-07-26,167.76,数码
U02882,ORD_U02882_006,2024-08-18,264.74,服饰
U02882,ORD_U02882_005,2024-09-04,197.59,家居
U02882,ORD_U02882_008,2024-09-11,188.39,美妆
U02882,ORD_U02882_010,2024-11-18,107.35,服饰
U02882,ORD_U02882_011,2024-12-25,295.31,美妆
U02882,ORD_U02882_009,2025-02-12,266.74,服饰
U02883,ORD_U02883_000,2023-11-09,138.99,服饰
U02884,ORD_U02884_000,2024-08-31,285.94,数码
U02884,ORD_U02884_001,2024-11-24,326.13,服饰
U02884,ORD_U02884_002,2025-01-17,522.97,美妆
U02885,ORD_U02885_000,2024-11-21,55.34,服饰
U02885,ORD_U02885_001,2025-01-15,168.03,食品
U02885,ORD_U02885_002,2025-02-04,163.46,食品
U02886,ORD_U02886_000,2024-02-03,80.93,食品
U02886,ORD_U02886_001,2024-03-14,188.59,服饰
U02886,ORD_U02886_002,2024-07-09,86.39,家居
U02886,ORD_U02886_003,2024-08-10,148.43,美妆
U02887,ORD_U02887_000,2023-12-05,28.25,数码
U02887,ORD_U02887_001,2024-01-26,61.77,美妆
U02887,ORD_U02887_003,2024-03-08,34.34,数码
U02887,ORD_U02887_002,2024-03-24,62.34,食品
U02888,ORD_U02888_001,2024-02-09,124.72,美妆
U02888,ORD_U02888_000,2024-02-27,140.51,数码
U02888,ORD_U02888_002,2024-05-14,110.05,美妆
U02889,ORD_U02889_000,2024-09-11,136.97,服饰
U02889,ORD_U02889_001,2024-10-29,174.37,数码
U02889,ORD_U02889_002,2024-11-08,156.96,家居
U02889,ORD_U02889_003,2025-01-12,184.77,食品
U02890,ORD_U02890_000,2023-08-18,48.5,食品
U02890,ORD_U02890_001,2023-11-04,36.0,服饰
U02890,ORD_U02890_002,2024-01-11,41.12,服饰
U02890,ORD_U02890_003,2024-05-21,18.82,美妆
U02891,ORD_U02891_000,2023-04-30,68.3,数码
U02891,ORD_U02891_001,2023-05-31,66.26,食品
U02891,ORD_U02891_002,2023-10-18,39.26,数码
U02891,ORD_U02891_003,2024-01-01,32.81,服饰
U02892,ORD_U02892_000,2024-07-20,297.91,数码
U02892,ORD_U02892_001,2024-08-07,308.85,美妆
U02892,ORD_U02892_002,2024-10-10,342.82,服饰
U02892,ORD_U02892_003,2024-10-16,277.6,美妆
U02892,ORD_U02892_004,2024-11-18,329.1,食品
U02892,ORD_U02892_006,2025-01-07,352.41,数码
U02892,ORD_U02892_008,2025-03-14,384.64,服饰
U02892,ORD_U02892_005,2025-03-15,282.37,服饰
U02892,ORD_U02892_007,2025-09-08,151.57,美妆
U02892,ORD_U02892_009,2025-10-22,196.1,美妆
U02893,ORD_U02893_000,2024-10-30,76.31,食品
U02893,ORD_U02893_001,2024-12-19,106.12,家居
U02893,ORD_U02893_002,2025-02-24,152.24,食品
U02893,ORD_U02893_003,2025-02-28,161.35,食品
U02893,ORD_U02893_005,2025-03-05,186.76,数码
U02893,ORD_U02893_004,2025-05-22,123.34,美妆
U02893,ORD_U02893_006,2025-06-13,141.48,食品
U02893,ORD_U02893_008,2025-09-15,91.24,食品
U02893,ORD_U02893_007,2025-09-30,177.67,食品
U02893,ORD_U02893_009,2025-10-21,127.28,服饰
U02894,ORD_U02894_000,2023-05-01,389.35,服饰
U02894,ORD_U02894_001,2023-06-25,155.6,服饰
U02894,ORD_U02894_002,2023-08-16,240.88,数码
U02894,ORD_U02894_003,2023-09-18,378.03,数码
U02894,ORD_U02894_004,2023-10-22,321.99,美妆
U02894,ORD_U02894_007,2023-12-12,371.34,服饰
U02894,ORD_U02894_008,2024-01-26,486.43,食品
U02894,ORD_U02894_009,2024-02-22,161.09,美妆
U02894,ORD_U02894_005,2024-03-26,462.76,数码
U02894,ORD_U02894_006,2024-05-04,393.69,数码
U02895,ORD_U02895_000,2023-08-26,78.69,美妆
U02896,ORD_U02896_000,2024-03-09,297.36,服饰
U02896,ORD_U02896_001,2024-03-29,250.92,数码
U02896,ORD_U02896_002,2024-04-21,444.74,数码
U02896,ORD_U02896_003,2024-04-24,353.36,数码
U02896,ORD_U02896_004,2024-08-09,325.91,服饰
U02896,ORD_U02896_007,2024-09-03,376.54,数码
U02896,ORD_U02896_005,2024-10-17,292.29,家居
U02896,ORD_U02896_006,2024-11-10,425.29,数码
U02896,ORD_U02896_008,2025-01-12,304.06,食品
U02897,ORD_U02897_000,2024-06-26,175.27,美妆
U02897,ORD_U02897_001,2024-07-27,86.52,数码
U02898,ORD_U02898_000,2023-08-11,502.98,美妆
U02898,ORD_U02898_001,2023-08-27,479.09,服饰
U02898,ORD_U02898_002,2023-10-29,474.51,服饰
U02898,ORD_U02898_003,2023-11-02,446.77,数码
U02898,ORD_U02898_005,2024-01-14,449.85,美妆
U02898,ORD_U02898_004,2024-03-01,464.89,服饰
U02898,ORD_U02898_006,2024-04-29,575.04,食品
U02899,ORD_U02899_000,2024-03-18,105.7,美妆
U02899,ORD_U02899_001,2024-04-25,184.36,食品
U02900,ORD_U02900_001,2024-03-19,222.22,服饰
U02900,ORD_U02900_000,2024-03-27,91.97,美妆
U02900,ORD_U02900_002,2024-04-26,340.72,美妆
U02900,ORD_U02900_003,2024-07-29,130.33,食品
U02900,ORD_U02900_004,2024-08-08,244.73,食品
U02900,ORD_U02900_005,2024-10-04,144.67,美妆
U02900,ORD_U02900_006,2024-11-08,293.06,数码
U02900,ORD_U02900_007,2025-02-19,214.22,家居
U02901,ORD_U02901_000,2023-05-01,119.76,美妆
U02901,ORD_U02901_001,2023-08-14,107.28,食品
U02902,ORD_U02902_000,2023-08-10,450.26,美妆
U02902,ORD_U02902_002,2023-09-06,522.18,数码
U02902,ORD_U02902_001,2023-09-12,223.37,数码
U02902,ORD_U02902_003,2023-11-26,240.77,家居
U02902,ORD_U02902_004,2024-03-11,389.57,美妆
U02903,ORD_U02903_000,2024-04-04,133.39,食品
U02903,ORD_U02903_001,2024-04-26,196.84,食品
U02903,ORD_U02903_002,2024-08-07,83.02,数码
U02903,ORD_U02903_003,2024-10-04,143.23,服饰
U02904,ORD_U02904_000,2023-07-27,162.71,数码
U02904,ORD_U02904_002,2023-09-15,252.2,数码
U02904,ORD_U02904_001,2023-09-22,256.67,服饰
U02904,ORD_U02904_003,2023-10-29,405.29,食品
U02904,ORD_U02904_004,2024-01-05,422.12,美妆
U02904,ORD_U02904_005,2024-01-06,160.46,美妆
U02904,ORD_U02904_006,2024-07-09,190.11,食品
U02905,ORD_U02905_000,2025-01-01,159.54,服饰
U02905,ORD_U02905_002,2025-03-04,146.73,数码
U02905,ORD_U02905_001,2025-03-31,142.87,家居
U02905,ORD_U02905_003,2025-04-30,191.09,数码
U02905,ORD_U02905_005,2025-06-23,168.48,服饰
U02905,ORD_U02905_004,2025-08-17,70.23,服饰
U02905,ORD_U02905_007,2025-08-26,91.82,家居
U02905,ORD_U02905_006,2025-09-10,74.76,美妆
U02905,ORD_U02905_008,2025-10-18,130.67,服饰
U02905,ORD_U02905_009,2026-03-18,61.4,数码
U02906,ORD_U02906_000,2024-10-22,143.49,数码
U02906,ORD_U02906_003,2024-11-30,156.49,家居
U02906,ORD_U02906_001,2025-01-11,146.13,家居
U02906,ORD_U02906_002,2025-03-13,97.1,家居
U02907,ORD_U02907_000,2023-03-15,147.88,数码
U02907,ORD_U02907_001,2023-04-21,395.78,数码
U02907,ORD_U02907_003,2023-06-15,285.16,家居
U02907,ORD_U02907_002,2023-06-22,261.84,服饰
U02907,ORD_U02907_004,2023-07-19,413.64,数码
U02907,ORD_U02907_005,2023-08-15,426.77,数码
U02907,ORD_U02907_006,2023-10-09,129.78,服饰
U02907,ORD_U02907_009,2023-10-12,365.77,美妆
U02907,ORD_U02907_011,2023-10-23,163.67,家居
U02907,ORD_U02907_010,2023-11-17,378.09,服饰
U02907,ORD_U02907_007,2024-01-07,348.05,食品
U02907,ORD_U02907_017,2024-01-26,186.99,服饰
U02907,ORD_U02907_012,2024-02-12,409.04,数码
U02907,ORD_U02907_008,2024-02-15,189.7,食品
U02907,ORD_U02907_013,2024-02-19,412.12,食品
U02907,ORD_U02907_014,2024-08-22,227.46,数码
U02907,ORD_U02907_015,2024-11-20,426.52,美妆
U02907,ORD_U02907_016,2025-01-04,268.4,数码
U02907,ORD_U02907_018,2025-03-15,373.76,家居
U02908,ORD_U02908_000,2024-11-13,144.63,服饰
U02908,ORD_U02908_001,2024-12-11,192.47,食品
U02908,ORD_U02908_002,2025-03-05,242.61,家居
U02908,ORD_U02908_003,2025-03-07,147.23,家居
U02908,ORD_U02908_007,2025-05-19,208.78,家居
U02908,ORD_U02908_004,2025-06-10,306.59,数码
U02908,ORD_U02908_005,2025-08-03,255.99,数码
U02908,ORD_U02908_006,2025-08-06,384.27,数码
U02908,ORD_U02908_008,2026-02-20,210.2,服饰
U02909,ORD_U02909_000,2024-04-22,452.05,家居
U02909,ORD_U02909_002,2024-06-13,921.81,数码
U02909,ORD_U02909_001,2024-06-17,1007.83,食品
U02909,ORD_U02909_003,2024-08-24,681.34,食品
U02909,ORD_U02909_009,2024-09-18,928.74,服饰
U02909,ORD_U02909_005,2024-10-20,743.61,服饰
U02909,ORD_U02909_010,2024-11-02,673.27,家居
U02909,ORD_U02909_006,2024-11-20,859.7,数码
U02909,ORD_U02909_004,2024-11-27,494.99,家居
U02909,ORD_U02909_007,2024-12-19,918.71,美妆
U02909,ORD_U02909_008,2025-02-17,1043.91,食品
U02909,ORD_U02909_011,2025-03-04,1057.23,数码
U02909,ORD_U02909_016,2025-03-29,544.27,服饰
U02909,ORD_U02909_013,2025-04-17,779.94,美妆
U02909,ORD_U02909_012,2025-04-22,711.62,服饰
U02909,ORD_U02909_015,2025-04-22,1175.94,数码
U02909,ORD_U02909_017,2025-10-09,340.84,家居
U02909,ORD_U02909_014,2025-10-15,460.96,食品
U02909,ORD_U02909_018,2026-03-09,975.0,家居
U02910,ORD_U02910_000,2023-07-07,172.04,食品
U02911,ORD_U02911_000,2024-11-19,217.66,美妆
U02911,ORD_U02911_003,2025-01-02,334.33,服饰
U02911,ORD_U02911_001,2025-01-20,398.71,美妆
U02911,ORD_U02911_002,2025-02-17,481.95,服饰
U02911,ORD_U02911_004,2025-05-17,304.66,食品
U02911,ORD_U02911_005,2025-06-01,518.71,服饰
U02911,ORD_U02911_006,2025-06-06,269.47,家居
U02912,ORD_U02912_000,2023-07-29,103.78,数码
U02912,ORD_U02912_002,2023-10-05,50.55,数码
U02912,ORD_U02912_001,2023-10-18,50.14,数码
U02912,ORD_U02912_003,2023-11-13,69.03,食品
U02913,ORD_U02913_000,2023-03-28,158.67,美妆
U02913,ORD_U02913_001,2023-05-07,153.19,美妆
U02913,ORD_U02913_003,2023-05-21,283.85,食品
U02913,ORD_U02913_004,2023-06-09,179.18,数码
U02913,ORD_U02913_006,2023-06-15,92.24,美妆
U02913,ORD_U02913_002,2023-07-11,315.04,服饰
U02913,ORD_U02913_005,2023-07-26,295.11,美妆
U02913,ORD_U02913_008,2023-08-18,246.83,服饰
U02913,ORD_U02913_007,2023-10-25,94.4,家居
U02913,ORD_U02913_010,2023-12-30,135.09,美妆
U02913,ORD_U02913_014,2024-01-29,351.89,数码
U02913,ORD_U02913_009,2024-03-26,135.11,家居
U02913,ORD_U02913_011,2024-04-25,311.02,数码
U02913,ORD_U02913_012,2024-08-09,293.94,数码
U02913,ORD_U02913_016,2024-08-14,253.51,家居
U02913,ORD_U02913_013,2024-10-03,351.22,家居
U02913,ORD_U02913_015,2025-01-27,285.24,服饰
U02914,ORD_U02914_001,2023-05-12,236.72,食品
U02914,ORD_U02914_000,2023-05-27,85.13,美妆
U02914,ORD_U02914_002,2023-06-30,269.1,数码
U02914,ORD_U02914_003,2023-08-19,192.9,服饰
U02914,ORD_U02914_007,2023-10-01,255.53,数码
U02914,ORD_U02914_004,2023-12-05,313.09,美妆
U02914,ORD_U02914_005,2024-01-21,93.91,数码
U02914,ORD_U02914_006,2024-02-13,116.25,数码
U02914,ORD_U02914_008,2024-03-03,197.52,美妆
U02915,ORD_U02915_000,2023-12-14,143.57,家居
U02915,ORD_U02915_001,2024-03-19,140.3,数码
U02915,ORD_U02915_002,2024-07-23,207.55,美妆
U02916,ORD_U02916_000,2023-05-26,888.57,服饰
U02916,ORD_U02916_001,2023-06-21,484.34,家居
U02916,ORD_U02916_003,2023-07-08,553.08,食品
U02916,ORD_U02916_002,2023-07-27,539.67,服饰
U02916,ORD_U02916_005,2023-08-13,884.68,家居
U02916,ORD_U02916_004,2023-09-24,472.02,数码
U02916,ORD_U02916_006,2023-10-18,579.67,食品
U02916,ORD_U02916_008,2023-11-23,881.43,食品
U02916,ORD_U02916_007,2024-01-24,891.5,家居
U02916,ORD_U02916_009,2024-02-12,362.6,美妆
U02916,ORD_U02916_011,2024-04-07,434.12,美妆
U02916,ORD_U02916_014,2024-05-18,681.71,服饰
U02916,ORD_U02916_012,2024-06-21,587.71,数码
U02916,ORD_U02916_010,2024-07-05,773.55,食品
U02916,ORD_U02916_013,2024-09-08,407.52,美妆
U02916,ORD_U02916_015,2025-03-20,1000.24,食品
U02917,ORD_U02917_000,2023-11-07,105.84,食品
U02917,ORD_U02917_001,2024-02-01,74.1,服饰
U02917,ORD_U02917_002,2024-04-06,107.94,服饰
U02917,ORD_U02917_003,2024-05-31,63.36,食品
U02918,ORD_U02918_000,2024-08-08,219.41,服饰
U02918,ORD_U02918_001,2024-10-31,273.68,食品
U02918,ORD_U02918_002,2024-11-29,292.89,服饰
U02918,ORD_U02918_003,2025-01-30,102.25,家居
U02918,ORD_U02918_004,2025-02-11,213.42,家居
U02918,ORD_U02918_006,2025-05-15,136.03,服饰
U02918,ORD_U02918_005,2025-06-21,249.96,数码
U02919,ORD_U02919_000,2024-10-22,304.44,服饰
U02919,ORD_U02919_001,2024-11-20,220.33,数码
U02919,ORD_U02919_002,2025-01-05,394.64,服饰
U02919,ORD_U02919_003,2025-01-24,323.67,家居
U02919,ORD_U02919_004,2025-06-11,218.54,食品
U02920,ORD_U02920_000,2024-02-06,62.63,服饰
U02920,ORD_U02920_001,2024-03-29,97.16,数码
U02920,ORD_U02920_002,2024-06-05,59.33,服饰
U02921,ORD_U02921_000,2023-12-19,44.15,家居
U02921,ORD_U02921_001,2024-02-02,86.68,服饰
U02921,ORD_U02921_002,2024-05-03,95.65,数码
U02922,ORD_U02922_000,2024-07-01,43.83,服饰
U02922,ORD_U02922_001,2024-10-03,30.39,数码
U02923,ORD_U02923_000,2024-08-27,112.98,美妆
U02923,ORD_U02923_001,2024-10-31,72.37,食品
U02924,ORD_U02924_000,2024-06-04,225.77,家居
U02924,ORD_U02924_001,2024-06-18,143.71,家居
U02924,ORD_U02924_003,2024-09-08,179.4,美妆
U02924,ORD_U02924_002,2024-09-30,117.5,美妆
U02924,ORD_U02924_004,2024-10-04,363.04,家居
U02924,ORD_U02924_007,2025-01-01,249.95,美妆
U02924,ORD_U02924_005,2025-01-16,134.93,数码
U02924,ORD_U02924_006,2025-04-14,261.28,家居
U02924,ORD_U02924_008,2025-07-15,152.22,数码
U02925,ORD_U02925_000,2023-04-17,494.96,食品
U02925,ORD_U02925_001,2023-06-06,158.0,食品
U02925,ORD_U02925_002,2023-07-24,162.72,食品
U02925,ORD_U02925_004,2023-08-20,165.2,美妆
U02925,ORD_U02925_003,2023-09-12,431.66,数码
U02925,ORD_U02925_006,2023-11-12,167.48,服饰
U02925,ORD_U02925_005,2024-01-07,520.21,家居
U02925,ORD_U02925_007,2024-02-01,350.16,食品
U02925,ORD_U02925_008,2024-07-16,220.27,美妆
U02925,ORD_U02925_009,2024-10-25,303.38,数码
U02926,ORD_U02926_000,2023-01-17,974.74,食品
U02926,ORD_U02926_001,2023-02-06,387.81,服饰
U02926,ORD_U02926_004,2023-03-06,849.89,数码
U02926,ORD_U02926_002,2023-03-24,1118.18,美妆
U02926,ORD_U02926_005,2023-04-18,550.48,家居
U02926,ORD_U02926_003,2023-04-22,847.68,食品
U02926,ORD_U02926_006,2023-05-04,369.79,美妆
U02926,ORD_U02926_015,2023-05-18,852.61,家居
U02926,ORD_U02926_017,2023-06-13,451.65,数码
U02926,ORD_U02926_009,2023-07-14,593.26,服饰
U02926,ORD_U02926_007,2023-08-03,530.69,服饰
U02926,ORD_U02926_016,2023-08-15,1105.12,食品
U02926,ORD_U02926_023,2023-08-24,914.14,食品
U02926,ORD_U02926_010,2023-08-28,322.68,数码
U02926,ORD_U02926_008,2023-09-02,657.76,食品
U02926,ORD_U02926_011,2023-09-19,1072.41,服饰
U02926,ORD_U02926_012,2023-10-03,312.69,服饰
U02926,ORD_U02926_031,2023-10-03,1019.39,数码
U02926,ORD_U02926_029,2023-10-14,297.53,家居
U02926,ORD_U02926_039,2023-11-09,523.73,美妆
U02926,ORD_U02926_038,2023-11-30,974.19,服饰
U02926,ORD_U02926_027,2023-12-01,587.66,数码
U02926,ORD_U02926_020,2023-12-03,801.17,食品
U02926,ORD_U02926_014,2023-12-11,794.91,服饰
U02926,ORD_U02926_013,2024-01-18,767.65,家居
U02926,ORD_U02926_019,2024-02-22,785.56,服饰
U02926,ORD_U02926_018,2024-03-04,352.03,家居
U02926,ORD_U02926_025,2024-04-01,982.64,食品
U02926,ORD_U02926_037,2024-04-19,658.48,数码
U02926,ORD_U02926_024,2024-04-21,485.93,数码
U02926,ORD_U02926_022,2024-04-25,428.19,家居
U02926,ORD_U02926_033,2024-06-17,411.58,家居
U02926,ORD_U02926_021,2024-10-25,600.92,家居
U02926,ORD_U02926_028,2024-11-01,567.94,服饰
U02926,ORD_U02926_034,2024-11-16,390.78,食品
U02926,ORD_U02926_030,2024-12-19,556.52,食品
U02926,ORD_U02926_026,2024-12-21,934.68,数码
U02926,ORD_U02926_035,2025-02-08,541.19,美妆
U02926,ORD_U02926_036,2025-05-07,649.58,食品
U02926,ORD_U02926_032,2025-09-22,1138.84,食品
U02927,ORD_U02927_001,2024-02-26,142.07,美妆
U02927,ORD_U02927_000,2024-03-05,143.19,家居
U02928,ORD_U02928_000,2025-02-12,47.47,数码
U02928,ORD_U02928_001,2025-03-07,46.68,服饰
U02928,ORD_U02928_002,2025-06-22,73.88,数码
U02929,ORD_U02929_000,2023-09-09,656.03,数码
U02929,ORD_U02929_001,2023-10-04,824.31,服饰
U02929,ORD_U02929_002,2023-10-24,692.79,美妆
U02929,ORD_U02929_003,2023-11-14,417.71,家居
U02929,ORD_U02929_006,2023-11-21,434.99,家居
U02929,ORD_U02929_004,2023-12-27,794.43,服饰
U02929,ORD_U02929_005,2023-12-31,877.29,数码
U02929,ORD_U02929_009,2024-01-01,957.83,食品
U02929,ORD_U02929_007,2024-04-12,276.74,美妆
U02929,ORD_U02929_010,2024-05-05,617.91,美妆
U02929,ORD_U02929_008,2024-06-24,879.92,数码
U02930,ORD_U02930_001,2024-02-28,105.67,食品
U02930,ORD_U02930_000,2024-03-08,144.95,食品
U02930,ORD_U02930_003,2024-06-09,176.51,数码
U02930,ORD_U02930_002,2024-06-27,190.38,数码
U02930,ORD_U02930_005,2024-07-12,201.53,食品
U02930,ORD_U02930_004,2024-08-04,92.74,家居
U02931,ORD_U02931_000,2024-02-27,1426.41,家居
U02931,ORD_U02931_001,2024-03-07,1300.99,家居
U02931,ORD_U02931_005,2024-03-21,801.91,家居
U02931,ORD_U02931_004,2024-03-23,1954.49,家居
U02931,ORD_U02931_002,2024-04-08,825.62,食品
U02931,ORD_U02931_003,2024-04-16,614.68,家居
U02931,ORD_U02931_016,2024-06-03,1284.83,食品
U02931,ORD_U02931_019,2024-06-23,1953.57,食品
U02931,ORD_U02931_006,2024-06-27,553.54,美妆
U02931,ORD_U02931_020,2024-07-03,1141.17,食品
U02931,ORD_U02931_010,2024-07-19,1045.12,家居
U02931,ORD_U02931_017,2024-08-06,860.83,食品
U02931,ORD_U02931_012,2024-08-12,1128.42,食品
U02931,ORD_U02931_009,2024-08-20,1326.15,服饰
U02931,ORD_U02931_021,2024-09-01,2003.34,家居
U02931,ORD_U02931_013,2024-09-07,1760.65,美妆
U02931,ORD_U02931_007,2024-09-10,1104.23,家居
U02931,ORD_U02931_027,2024-09-20,1403.71,食品
U02931,ORD_U02931_018,2024-09-24,1447.75,家居
U02931,ORD_U02931_023,2024-09-30,1047.89,数码
U02931,ORD_U02931_008,2024-10-07,1057.82,服饰
U02931,ORD_U02931_039,2024-11-04,829.62,美妆
U02931,ORD_U02931_024,2024-11-22,1688.38,美妆
U02931,ORD_U02931_011,2024-12-25,1992.83,服饰
U02931,ORD_U02931_015,2025-02-10,892.39,服饰
U02931,ORD_U02931_030,2025-03-22,986.39,数码
U02931,ORD_U02931_014,2025-03-23,825.38,家居
U02931,ORD_U02931_029,2025-08-20,1420.3,食品
U02931,ORD_U02931_031,2025-08-26,2120.35,数码
U02931,ORD_U02931_037,2025-09-01,1162.89,数码
U02931,ORD_U02931_036,2025-09-19,809.97,服饰
U02931,ORD_U02931_022,2025-09-26,1805.22,服饰
U02931,ORD_U02931_026,2025-10-19,2042.1,服饰
U02931,ORD_U02931_028,2025-11-19,700.1,数码
U02931,ORD_U02931_025,2026-02-05,1718.15,家居
U02931,ORD_U02931_038,2026-02-08,1878.52,服饰
U02931,ORD_U02931_035,2026-04-21,1144.35,家居
U02931,ORD_U02931_033,2026-09-23,1180.23,家居
U02931,ORD_U02931_032,2026-10-06,595.18,服饰
U02931,ORD_U02931_041,2026-10-29,1784.58,家居
U02931,ORD_U02931_034,2026-12-16,997.25,服饰
U02931,ORD_U02931_040,2027-06-01,788.19,家居
U02932,ORD_U02932_000,2023-10-19,48.91,家居
U02932,ORD_U02932_001,2024-01-25,59.51,服饰
U02933,ORD_U02933_000,2024-03-27,34.61,家居
U02933,ORD_U02933_001,2024-06-26,60.55,数码
U02934,ORD_U02934_000,2024-02-23,442.61,家居
U02934,ORD_U02934_003,2024-03-30,344.95,美妆
U02934,ORD_U02934_001,2024-04-04,284.43,服饰
U02934,ORD_U02934_002,2024-04-17,400.61,服饰
U02934,ORD_U02934_005,2024-07-22,174.13,服饰
U02934,ORD_U02934_006,2024-07-25,114.45,数码
U02934,ORD_U02934_004,2024-08-17,135.81,家居
U02935,ORD_U02935_000,2023-06-24,165.19,美妆
U02935,ORD_U02935_001,2023-07-17,344.14,服饰
U02935,ORD_U02935_002,2023-09-06,281.42,家居
U02935,ORD_U02935_003,2023-09-30,339.22,家居
U02935,ORD_U02935_006,2023-10-22,138.99,美妆
U02935,ORD_U02935_005,2023-12-29,269.61,食品
U02935,ORD_U02935_004,2024-01-23,152.18,家居
U02935,ORD_U02935_007,2024-05-29,406.27,数码
U02936,ORD_U02936_000,2024-05-18,316.76,数码
U02936,ORD_U02936_001,2024-06-29,285.74,家居
U02936,ORD_U02936_002,2024-08-29,291.39,服饰
U02936,ORD_U02936_003,2024-09-14,236.39,食品
U02936,ORD_U02936_004,2024-11-29,147.18,家居
U02936,ORD_U02936_005,2025-03-09,203.01,美妆
U02937,ORD_U02937_001,2023-05-04,52.2,美妆
U02937,ORD_U02937_000,2023-05-21,34.43,服饰
U02937,ORD_U02937_003,2023-07-14,50.76,食品
U02937,ORD_U02937_002,2023-07-28,71.99,家居
U02938,ORD_U02938_000,2024-08-29,181.76,服饰
U02938,ORD_U02938_001,2024-08-30,116.39,数码
U02939,ORD_U02939_000,2023-07-27,469.14,美妆
U02939,ORD_U02939_001,2023-10-08,243.75,美妆
U02939,ORD_U02939_002,2023-10-16,386.1,数码
U02939,ORD_U02939_003,2023-12-14,430.24,服饰
U02939,ORD_U02939_004,2023-12-15,165.38,食品
U02939,ORD_U02939_005,2024-02-18,266.8,服饰
U02939,ORD_U02939_006,2024-03-11,449.79,家居
U02939,ORD_U02939_007,2024-04-23,259.95,食品
U02939,ORD_U02939_009,2024-08-17,333.53,数码
U02939,ORD_U02939_008,2024-08-27,243.9,食品
U02940,ORD_U02940_000,2024-08-31,33.54,数码
U02940,ORD_U02940_001,2024-09-19,52.61,数码
U02941,ORD_U02941_000,2024-08-05,45.9,食品
U02942,ORD_U02942_000,2023-12-05,384.67,服饰
U02942,ORD_U02942_003,2024-01-15,404.06,数码
U02942,ORD_U02942_001,2024-01-24,345.72,食品
U02942,ORD_U02942_002,2024-02-08,193.16,服饰
U02942,ORD_U02942_007,2024-04-11,313.96,美妆
U02942,ORD_U02942_008,2024-04-20,225.24,美妆
U02942,ORD_U02942_004,2024-04-21,118.78,服饰
U02942,ORD_U02942_005,2024-05-16,320.2,家居
U02942,ORD_U02942_010,2024-05-24,411.47,服饰
U02942,ORD_U02942_006,2024-07-07,242.97,服饰
U02942,ORD_U02942_013,2024-08-11,292.9,家居
U02942,ORD_U02942_015,2024-10-25,128.64,美妆
U02942,ORD_U02942_009,2024-10-31,202.15,食品
U02942,ORD_U02942_011,2024-12-02,241.72,数码
U02942,ORD_U02942_014,2024-12-25,144.63,家居
U02942,ORD_U02942_017,2025-02-05,255.53,家居
U02942,ORD_U02942_012,2025-02-15,244.66,食品
U02942,ORD_U02942_016,2025-03-03,351.51,食品
U02942,ORD_U02942_018,2025-04-25,170.58,服饰
U02943,ORD_U02943_000,2024-11-27,65.73,数码
U02943,ORD_U02943_001,2024-11-29,56.3,美妆
U02944,ORD_U02944_000,2024-11-21,357.18,数码
U02944,ORD_U02944_001,2024-12-05,146.33,食品
U02944,ORD_U02944_002,2025-02-15,392.82,服饰
U02944,ORD_U02944_005,2025-03-22,178.49,数码
U02944,ORD_U02944_003,2025-05-21,250.44,家居
U02944,ORD_U02944_004,2025-08-17,432.88,食品
U02944,ORD_U02944_009,2025-11-13,483.95,家居
U02944,ORD_U02944_008,2025-11-15,351.56,数码
U02944,ORD_U02944_006,2025-11-21,152.8,家居
U02944,ORD_U02944_007,2025-11-21,462.14,家居
U02945,ORD_U02945_000,2023-10-24,143.95,美妆
U02945,ORD_U02945_001,2023-11-21,124.05,服饰
U02946,ORD_U02946_000,2024-09-13,140.59,美妆
U02946,ORD_U02946_001,2024-10-23,191.3,数码
U02946,ORD_U02946_002,2024-11-03,144.74,数码
U02947,ORD_U02947_000,2023-09-20,86.17,数码
U02947,ORD_U02947_003,2023-12-06,252.57,食品
U02947,ORD_U02947_001,2023-12-08,224.23,服饰
U02947,ORD_U02947_002,2024-01-28,84.8,服饰
U02947,ORD_U02947_005,2024-03-23,191.02,数码
U02947,ORD_U02947_008,2024-04-21,132.01,服饰
U02947,ORD_U02947_004,2024-06-04,228.8,美妆
U02947,ORD_U02947_007,2024-08-16,80.91,美妆
U02947,ORD_U02947_006,2024-08-21,119.28,数码
U02948,ORD_U02948_000,2023-11-19,64.48,家居
U02948,ORD_U02948_001,2023-12-01,56.78,家居
U02949,ORD_U02949_000,2024-11-19,175.87,数码
U02949,ORD_U02949_001,2024-12-03,76.22,家居
U02949,ORD_U02949_002,2025-02-18,127.32,服饰
U02949,ORD_U02949_003,2025-05-13,170.87,服饰
U02950,ORD_U02950_000,2024-07-31,304.77,数码
U02950,ORD_U02950_002,2024-10-05,392.37,服饰
U02950,ORD_U02950_001,2024-10-21,284.4,家居
U02950,ORD_U02950_003,2024-12-19,299.53,美妆
U02950,ORD_U02950_004,2025-02-14,402.55,美妆
U02950,ORD_U02950_007,2025-02-18,198.24,服饰
U02950,ORD_U02950_005,2025-03-24,239.6,食品
U02950,ORD_U02950_006,2025-05-23,240.79,服饰
U02951,ORD_U02951_001,2024-10-14,35.57,服饰
U02951,ORD_U02951_000,2024-10-19,56.98,美妆
U02951,ORD_U02951_002,2025-02-10,85.25,美妆
U02952,ORD_U02952_000,2024-11-19,144.66,美妆
U02952,ORD_U02952_003,2025-01-01,319.64,美妆
U02952,ORD_U02952_001,2025-01-02,170.72,美妆
U02952,ORD_U02952_002,2025-02-05,454.14,服饰
U02952,ORD_U02952_006,2025-04-03,317.87,美妆
U02952,ORD_U02952_004,2025-04-04,364.99,服饰
U02952,ORD_U02952_007,2025-04-05,403.55,家居
U02952,ORD_U02952_005,2025-05-13,425.93,美妆
U02953,ORD_U02953_000,2023-01-21,322.36,美妆
U02953,ORD_U02953_001,2023-02-16,137.51,家居
U02953,ORD_U02953_002,2023-06-03,252.3,家居
U02953,ORD_U02953_003,2023-07-14,244.86,服饰
U02953,ORD_U02953_005,2023-07-31,92.83,服饰
U02953,ORD_U02953_004,2023-09-09,258.21,服饰
U02953,ORD_U02953_006,2024-01-19,198.73,数码
U02954,ORD_U02954_000,2023-05-31,86.69,家居
U02955,ORD_U02955_000,2023-02-24,487.8,服饰
U02955,ORD_U02955_002,2023-03-30,757.45,食品
U02955,ORD_U02955_001,2023-03-31,332.73,美妆
U02955,ORD_U02955_003,2023-04-03,901.56,数码
U02955,ORD_U02955_006,2023-04-18,394.1,数码
U02955,ORD_U02955_005,2023-05-02,470.63,服饰
U02955,ORD_U02955_004,2023-05-04,626.74,服饰
U02955,ORD_U02955_011,2023-05-28,785.19,服饰
U02955,ORD_U02955_008,2023-06-10,393.75,数码
U02955,ORD_U02955_012,2023-07-10,779.89,家居
U02955,ORD_U02955_009,2023-07-26,731.89,家居
U02955,ORD_U02955_018,2023-09-24,519.29,美妆
U02955,ORD_U02955_007,2023-09-28,1034.32,美妆
U02955,ORD_U02955_022,2023-12-04,881.06,数码
U02955,ORD_U02955_013,2023-12-15,692.78,数码
U02955,ORD_U02955_010,2023-12-19,638.87,家居
U02955,ORD_U02955_015,2024-02-04,532.71,家居
U02955,ORD_U02955_017,2024-02-18,647.34,家居
U02955,ORD_U02955_020,2024-02-28,348.36,美妆
U02955,ORD_U02955_014,2024-04-16,855.18,服饰
U02955,ORD_U02955_016,2024-05-14,468.81,美妆
U02955,ORD_U02955_019,2024-09-19,680.47,家居
U02955,ORD_U02955_023,2024-09-29,618.0,食品
U02955,ORD_U02955_021,2024-11-27,376.91,数码
U02956,ORD_U02956_000,2023-10-28,294.7,食品
U02956,ORD_U02956_001,2023-11-14,348.32,食品
U02956,ORD_U02956_003,2023-12-28,147.38,数码
U02956,ORD_U02956_002,2024-01-05,253.45,数码
U02956,ORD_U02956_004,2024-02-12,304.18,美妆
U02956,ORD_U02956_008,2024-03-26,108.25,美妆
U02956,ORD_U02956_005,2024-06-07,306.53,食品
U02956,ORD_U02956_006,2024-08-16,240.71,服饰
U02956,ORD_U02956_007,2024-08-29,379.78,家居
U02957,ORD_U02957_000,2023-12-29,54.56,家居
U02957,ORD_U02957_001,2024-04-25,24.43,服饰
U02957,ORD_U02957_002,2024-05-23,47.29,美妆
U02958,ORD_U02958_002,2024-02-13,565.6,美妆
U02958,ORD_U02958_000,2024-02-14,793.22,家居
U02958,ORD_U02958_001,2024-03-25,1178.99,家居
U02958,ORD_U02958_005,2024-05-03,905.66,美妆
U02958,ORD_U02958_004,2024-05-14,828.78,美妆
U02958,ORD_U02958_003,2024-06-01,370.16,服饰
U02958,ORD_U02958_006,2024-07-22,669.19,服饰
U02958,ORD_U02958_007,2024-09-04,860.22,食品
U02958,ORD_U02958_010,2024-09-19,853.94,美妆
U02958,ORD_U02958_012,2024-10-26,1049.48,食品
U02958,ORD_U02958_008,2024-11-17,928.64,美妆
U02958,ORD_U02958_013,2025-01-09,862.99,服饰
U02958,ORD_U02958_009,2025-01-22,726.16,家居
U02958,ORD_U02958_011,2025-03-29,993.84,服饰
U02959,ORD_U02959_000,2023-08-14,84.37,数码
U02960,ORD_U02960_000,2023-12-24,188.52,美妆
U02960,ORD_U02960_003,2024-02-10,90.09,家居
U02960,ORD_U02960_001,2024-03-07,123.77,美妆
U02960,ORD_U02960_002,2024-04-06,252.29,服饰
U02960,ORD_U02960_004,2024-06-09,107.4,服饰
U02960,ORD_U02960_007,2024-08-15,216.09,服饰
U02960,ORD_U02960_006,2024-09-12,234.51,服饰
U02960,ORD_U02960_005,2024-10-06,130.21,美妆
U02960,ORD_U02960_008,2025-05-14,113.58,美妆
U02961,ORD_U02961_000,2023-12-09,56.18,数码
U02962,ORD_U02962_000,2023-11-02,239.42,数码
U02962,ORD_U02962_001,2023-12-31,280.32,家居
U02962,ORD_U02962_002,2024-01-12,344.2,家居
U02962,ORD_U02962_003,2024-03-04,576.84,美妆
U02962,ORD_U02962_005,2024-04-19,358.44,美妆
U02962,ORD_U02962_004,2024-04-20,429.79,家居
U02962,ORD_U02962_006,2024-08-08,165.45,美妆
U02962,ORD_U02962_007,2024-10-07,284.21,食品
U02963,ORD_U02963_000,2023-12-26,354.97,食品
U02963,ORD_U02963_001,2024-01-28,196.77,数码
U02963,ORD_U02963_004,2024-02-25,311.06,家居
U02963,ORD_U02963_003,2024-03-06,374.51,服饰
U02963,ORD_U02963_002,2024-03-27,434.56,食品
U02963,ORD_U02963_006,2024-04-19,281.13,服饰
U02963,ORD_U02963_007,2024-04-24,228.02,美妆
U02963,ORD_U02963_005,2024-06-27,122.43,服饰
U02964,ORD_U02964_000,2023-12-09,52.28,服饰
U02965,ORD_U02965_001,2023-03-26,64.64,美妆
U02965,ORD_U02965_000,2023-04-01,143.36,食品
U02965,ORD_U02965_002,2023-09-19,78.11,食品
U02965,ORD_U02965_003,2023-09-20,66.2,数码
U02966,ORD_U02966_000,2024-09-24,45.13,美妆
U02966,ORD_U02966_001,2025-02-02,51.48,数码
U02966,ORD_U02966_002,2025-02-10,26.04,服饰
U02966,ORD_U02966_003,2025-05-29,69.82,服饰
U02967,ORD_U02967_000,2023-09-18,466.27,美妆
U02967,ORD_U02967_001,2023-10-31,181.28,食品
U02967,ORD_U02967_003,2023-12-14,472.72,家居
U02967,ORD_U02967_002,2024-01-18,403.77,食品
U02967,ORD_U02967_004,2024-06-04,293.12,美妆
U02968,ORD_U02968_000,2024-12-22,79.83,家居
U02968,ORD_U02968_001,2025-03-03,109.87,服饰
U02968,ORD_U02968_002,2025-04-26,177.97,食品
U02968,ORD_U02968_003,2025-06-30,175.29,服饰
U02969,ORD_U02969_000,2024-10-25,185.36,家居
U02969,ORD_U02969_001,2025-01-20,281.47,家居
U02969,ORD_U02969_002,2025-03-09,119.29,食品
U02969,ORD_U02969_003,2025-03-18,81.58,服饰
U02969,ORD_U02969_005,2025-04-14,252.55,家居
U02969,ORD_U02969_004,2025-06-06,124.55,数码
U02969,ORD_U02969_006,2025-07-26,213.75,美妆
U02969,ORD_U02969_007,2025-08-05,251.98,食品
U02969,ORD_U02969_008,2025-10-08,215.53,数码
U02970,ORD_U02970_000,2023-07-06,53.97,美妆
U02971,ORD_U02971_000,2024-03-31,56.77,美妆
U02972,ORD_U02972_000,2024-10-13,357.43,服饰
U02972,ORD_U02972_001,2024-10-27,530.94,美妆
U02972,ORD_U02972_002,2025-01-18,710.64,食品
U02972,ORD_U02972_007,2025-01-23,729.98,食品
U02972,ORD_U02972_003,2025-01-27,737.1,美妆
U02972,ORD_U02972_006,2025-02-23,692.38,数码
U02972,ORD_U02972_005,2025-03-05,212.04,食品
U02972,ORD_U02972_004,2025-04-27,489.06,数码
U02972,ORD_U02972_010,2025-07-04,286.64,美妆
U02972,ORD_U02972_011,2025-07-06,457.61,数码
U02972,ORD_U02972_017,2025-07-15,428.72,食品
U02972,ORD_U02972_009,2025-08-21,600.69,美妆
U02972,ORD_U02972_014,2025-08-29,681.68,食品
U02972,ORD_U02972_013,2025-10-19,341.66,服饰
U02972,ORD_U02972_008,2025-10-26,204.75,服饰
U02972,ORD_U02972_012,2026-04-08,257.73,食品
U02972,ORD_U02972_016,2026-04-22,290.81,数码
U02972,ORD_U02972_015,2026-07-22,209.38,家居
U02973,ORD_U02973_000,2023-12-01,145.06,服饰
U02974,ORD_U02974_000,2023-04-12,551.89,家居
U02974,ORD_U02974_001,2023-04-22,952.03,食品
U02974,ORD_U02974_003,2023-04-24,504.99,家居
U02974,ORD_U02974_004,2023-05-16,639.08,美妆
U02974,ORD_U02974_002,2023-05-19,886.81,食品
U02974,ORD_U02974_006,2023-06-26,633.77,美妆
U02974,ORD_U02974_009,2023-06-28,691.9,服饰
U02974,ORD_U02974_005,2023-07-02,907.57,服饰
U02974,ORD_U02974_007,2023-07-03,895.39,美妆
U02974,ORD_U02974_013,2023-07-17,301.39,家居
U02974,ORD_U02974_012,2023-08-12,598.1,数码
U02974,ORD_U02974_015,2023-08-31,800.97,家居
U02974,ORD_U02974_011,2023-09-30,944.73,服饰
U02974,ORD_U02974_008,2023-10-25,1018.05,服饰
U02974,ORD_U02974_032,2023-12-02,878.16,美妆
U02974,ORD_U02974_010,2023-12-19,797.07,服饰
U02974,ORD_U02974_027,2023-12-31,491.11,美妆
U02974,ORD_U02974_019,2024-01-03,794.74,家居
U02974,ORD_U02974_014,2024-01-06,707.25,数码
U02974,ORD_U02974_022,2024-01-12,473.49,美妆
U02974,ORD_U02974_024,2024-01-21,999.26,食品
U02974,ORD_U02974_020,2024-02-07,979.02,服饰
U02974,ORD_U02974_026,2024-02-22,322.84,服饰
U02974,ORD_U02974_031,2024-04-05,1068.8,家居
U02974,ORD_U02974_025,2024-04-18,890.31,美妆
U02974,ORD_U02974_023,2024-04-28,700.62,数码
U02974,ORD_U02974_017,2024-06-01,834.59,家居
U02974,ORD_U02974_016,2024-06-13,608.1,家居
U02974,ORD_U02974_028,2024-08-06,1089.45,数码
U02974,ORD_U02974_033,2024-09-16,476.49,数码
U02974,ORD_U02974_018,2024-09-20,1037.8,美妆
U02974,ORD_U02974_021,2024-10-01,721.91,美妆
U02974,ORD_U02974_030,2024-12-18,996.87,食品
U02974,ORD_U02974_029,2024-12-26,981.04,美妆
U02975,ORD_U02975_000,2023-11-29,63.02,家居
U02975,ORD_U02975_002,2024-02-06,133.35,食品
U02975,ORD_U02975_001,2024-02-07,123.28,美妆
U02976,ORD_U02976_000,2024-07-03,48.42,数码
U02976,ORD_U02976_001,2024-09-14,97.32,数码
U02976,ORD_U02976_002,2024-09-17,85.53,美妆
U02976,ORD_U02976_003,2025-03-02,111.31,数码
U02977,ORD_U02977_000,2024-08-08,124.41,数码
U02977,ORD_U02977_002,2024-08-09,193.68,美妆
U02977,ORD_U02977_001,2024-09-11,355.92,食品
U02977,ORD_U02977_003,2024-09-30,350.68,美妆
U02977,ORD_U02977_004,2024-11-29,315.09,食品
U02977,ORD_U02977_005,2024-12-18,184.48,服饰
U02977,ORD_U02977_008,2024-12-24,172.77,数码
U02977,ORD_U02977_010,2025-01-26,336.95,家居
U02977,ORD_U02977_006,2025-01-28,120.4,服饰
U02977,ORD_U02977_011,2025-01-29,177.1,家居
U02977,ORD_U02977_009,2025-03-31,163.25,服饰
U02977,ORD_U02977_007,2025-04-23,362.03,数码
U02977,ORD_U02977_014,2025-05-07,302.24,服饰
U02977,ORD_U02977_013,2025-05-18,215.61,美妆
U02977,ORD_U02977_018,2025-05-31,292.71,家居
U02977,ORD_U02977_015,2025-06-28,273.39,美妆
U02977,ORD_U02977_012,2025-07-28,314.63,服饰
U02977,ORD_U02977_017,2025-11-20,307.87,家居
U02977,ORD_U02977_016,2026-01-06,314.62,美妆
U02978,ORD_U02978_000,2023-10-02,123.45,服饰
U02978,ORD_U02978_001,2023-11-20,153.91,食品
U02978,ORD_U02978_002,2023-12-04,154.83,美妆
U02978,ORD_U02978_003,2024-05-22,181.11,食品
U02979,ORD_U02979_000,2023-07-28,204.92,服饰
U02979,ORD_U02979_001,2023-10-13,361.37,家居
U02979,ORD_U02979_005,2023-11-21,263.9,食品
U02979,ORD_U02979_003,2023-12-11,195.28,食品
U02979,ORD_U02979_002,2023-12-31,392.11,食品
U02979,ORD_U02979_004,2024-01-09,287.7,食品
U02979,ORD_U02979_007,2024-05-13,296.43,食品
U02979,ORD_U02979_006,2024-08-02,125.27,家居
U02980,ORD_U02980_000,2024-06-07,89.84,数码
U02981,ORD_U02981_000,2024-07-30,271.29,服饰
U02981,ORD_U02981_001,2024-08-09,623.71,家居
U02981,ORD_U02981_002,2024-10-26,870.11,家居
U02981,ORD_U02981_003,2024-11-24,456.11,美妆
U02981,ORD_U02981_004,2024-11-26,278.12,家居
U02981,ORD_U02981_009,2025-01-02,387.6,美妆
U02981,ORD_U02981_005,2025-02-24,268.07,美妆
U02981,ORD_U02981_006,2025-03-06,676.57,家居
U02981,ORD_U02981_011,2025-03-23,479.67,美妆
U02981,ORD_U02981_007,2025-04-05,796.17,数码
U02981,ORD_U02981_008,2025-04-16,779.6,家居
U02981,ORD_U02981_012,2025-06-08,333.97,食品
U02981,ORD_U02981_010,2025-08-13,404.08,美妆
U02981,ORD_U02981_014,2025-12-02,651.15,服饰
U02981,ORD_U02981_013,2025-12-06,637.48,服饰
U02982,ORD_U02982_000,2023-08-31,103.87,家居
U02982,ORD_U02982_001,2023-10-22,144.84,数码
U02982,ORD_U02982_002,2023-12-04,82.22,数码
U02982,ORD_U02982_003,2024-01-16,80.93,美妆
U02983,ORD_U02983_000,2023-02-06,345.17,美妆
U02983,ORD_U02983_001,2023-04-05,203.97,美妆
U02983,ORD_U02983_002,2023-04-07,393.83,美妆
U02983,ORD_U02983_003,2023-06-06,348.7,家居
U02983,ORD_U02983_004,2023-08-06,383.45,家居
U02983,ORD_U02983_005,2023-10-14,485.11,家居
U02983,ORD_U02983_016,2023-10-28,448.4,数码
U02983,ORD_U02983_007,2023-11-05,326.06,服饰
U02983,ORD_U02983_006,2023-11-28,391.51,美妆
U02983,ORD_U02983_008,2023-12-31,435.94,服饰
U02983,ORD_U02983_009,2024-01-11,412.12,服饰
U02983,ORD_U02983_015,2024-01-19,302.04,服饰
U02983,ORD_U02983_011,2024-04-01,352.93,家居
U02983,ORD_U02983_014,2024-05-08,223.99,服饰
U02983,ORD_U02983_010,2024-05-25,393.56,家居
U02983,ORD_U02983_013,2024-06-01,154.71,美妆
U02983,ORD_U02983_012,2024-07-05,328.6,服饰
U02983,ORD_U02983_017,2024-09-08,380.34,家居
U02984,ORD_U02984_000,2024-11-29,319.21,数码
U02984,ORD_U02984_001,2025-01-13,131.8,家居
U02984,ORD_U02984_002,2025-01-27,293.13,美妆
U02984,ORD_U02984_003,2025-04-04,211.77,服饰
U02984,ORD_U02984_004,2025-06-01,237.21,家居
U02984,ORD_U02984_005,2025-06-02,93.22,数码
U02984,ORD_U02984_006,2025-09-17,239.08,服饰
U02984,ORD_U02984_007,2025-09-21,302.88,食品
U02984,ORD_U02984_008,2025-10-18,299.93,美妆
U02985,ORD_U02985_000,2024-10-09,43.47,家居
U02985,ORD_U02985_001,2024-10-21,38.3,家居
U02986,ORD_U02986_000,2023-05-05,203.46,家居
U02986,ORD_U02986_001,2023-07-30,313.21,美妆
U02986,ORD_U02986_004,2023-08-04,273.08,服饰
U02986,ORD_U02986_002,2023-08-16,256.09,美妆
U02986,ORD_U02986_003,2023-09-13,171.74,美妆
U02986,ORD_U02986_005,2023-11-24,295.16,美妆
U02987,ORD_U02987_001,2024-05-24,552.74,家居
U02987,ORD_U02987_000,2024-05-30,364.3,数码
U02987,ORD_U02987_003,2024-05-31,606.45,食品
U02987,ORD_U02987_002,2024-07-06,244.08,美妆
U02987,ORD_U02987_012,2024-08-14,567.3,美妆
U02987,ORD_U02987_004,2024-08-29,613.52,美妆
U02987,ORD_U02987_005,2024-09-03,586.99,家居
U02987,ORD_U02987_008,2024-10-05,707.68,家居
U02987,ORD_U02987_025,2024-11-19,226.68,家居
U02987,ORD_U02987_021,2024-11-21,714.34,数码
U02987,ORD_U02987_006,2024-11-28,344.78,数码
U02987,ORD_U02987_007,2024-12-03,279.76,美妆
U02987,ORD_U02987_009,2025-01-03,518.39,美妆
U02987,ORD_U02987_011,2025-01-19,331.35,数码
U02987,ORD_U02987_010,2025-02-06,611.84,家居
U02987,ORD_U02987_014,2025-04-21,882.17,美妆
U02987,ORD_U02987_017,2025-04-21,366.91,数码
U02987,ORD_U02987_016,2025-04-27,740.76,服饰
U02987,ORD_U02987_018,2025-05-06,702.75,美妆
U02987,ORD_U02987_013,2025-06-21,670.84,食品
U02987,ORD_U02987_015,2025-07-13,565.55,家居
U02987,ORD_U02987_026,2025-07-18,583.16,美妆
U02987,ORD_U02987_024,2025-08-04,534.21,食品
U02987,ORD_U02987_022,2025-10-15,784.09,数码
U02987,ORD_U02987_019,2025-11-07,296.51,家居
U02987,ORD_U02987_029,2025-11-07,272.47,食品
U02987,ORD_U02987_028,2026-01-01,704.64,服饰
U02987,ORD_U02987_020,2026-01-08,692.09,食品
U02987,ORD_U02987_027,2026-03-05,631.65,数码
U02987,ORD_U02987_023,2026-04-16,403.06,食品
U02988,ORD_U02988_000,2023-04-27,203.9,服饰
U02988,ORD_U02988_001,2023-06-28,201.59,家居
U02989,ORD_U02989_000,2024-02-23,46.74,数码
U02990,ORD_U02990_000,2024-05-26,67.35,服饰
U02991,ORD_U02991_000,2023-05-06,823.55,数码
U02991,ORD_U02991_001,2023-05-29,271.81,美妆
U02991,ORD_U02991_002,2023-05-30,666.59,数码
U02991,ORD_U02991_003,2023-07-26,710.05,食品
U02991,ORD_U02991_008,2023-07-31,575.9,食品
U02991,ORD_U02991_007,2023-08-13,766.14,家居
U02991,ORD_U02991_004,2023-08-17,591.66,美妆
U02991,ORD_U02991_006,2023-09-08,677.46,服饰
U02991,ORD_U02991_020,2023-09-11,643.9,美妆
U02991,ORD_U02991_009,2023-09-15,812.09,数码
U02991,ORD_U02991_005,2023-09-17,642.51,食品
U02991,ORD_U02991_016,2023-09-26,245.86,数码
U02991,ORD_U02991_011,2023-10-09,763.54,食品
U02991,ORD_U02991_018,2023-11-04,605.52,家居
U02991,ORD_U02991_021,2023-11-05,701.85,美妆
U02991,ORD_U02991_024,2023-11-12,794.53,服饰
U02991,ORD_U02991_010,2023-12-01,302.51,数码
U02991,ORD_U02991_014,2023-12-04,382.89,食品
U02991,ORD_U02991_023,2023-12-08,843.87,食品
U02991,ORD_U02991_025,2024-02-26,560.57,美妆
U02991,ORD_U02991_013,2024-03-09,557.15,食品
U02991,ORD_U02991_017,2024-04-23,545.69,数码
U02991,ORD_U02991_012,2024-05-05,247.0,家居
U02991,ORD_U02991_022,2024-05-27,577.81,食品
U02991,ORD_U02991_026,2024-07-10,238.85,家居
U02991,ORD_U02991_015,2024-07-15,821.24,数码
U02991,ORD_U02991_028,2024-09-06,641.14,食品
U02991,ORD_U02991_019,2024-10-22,320.65,数码
U02991,ORD_U02991_027,2025-05-01,232.91,食品
U02992,ORD_U02992_000,2024-05-09,160.86,食品
U02993,ORD_U02993_000,2023-03-26,526.39,数码
U02993,ORD_U02993_001,2023-04-22,511.88,家居
U02993,ORD_U02993_002,2023-05-01,295.01,家居
U02993,ORD_U02993_003,2023-06-06,266.58,数码
U02993,ORD_U02993_005,2023-08-05,549.56,家居
U02993,ORD_U02993_006,2023-08-29,348.27,家居
U02993,ORD_U02993_011,2023-09-17,391.01,家居
U02993,ORD_U02993_004,2023-10-18,430.78,家居
U02993,ORD_U02993_010,2023-11-29,366.76,服饰
U02993,ORD_U02993_009,2023-12-13,482.84,家居
U02993,ORD_U02993_007,2024-01-20,818.18,食品
U02993,ORD_U02993_013,2024-02-05,563.21,数码
U02993,ORD_U02993_008,2024-02-07,682.29,食品
U02993,ORD_U02993_012,2024-08-27,786.91,食品
U02993,ORD_U02993_014,2024-09-08,222.22,家居
U02994,ORD_U02994_000,2023-10-12,67.65,美妆
U02994,ORD_U02994_002,2023-11-04,53.9,美妆
U02994,ORD_U02994_001,2023-12-16,131.1,家居
U02994,ORD_U02994_003,2024-05-11,86.65,家居
U02995,ORD_U02995_000,2023-01-13,129.87,食品
U02995,ORD_U02995_001,2023-05-11,83.72,家居
U02995,ORD_U02995_002,2023-09-10,41.85,食品
U02996,ORD_U02996_000,2024-08-18,151.31,服饰
U02996,ORD_U02996_001,2024-10-17,53.15,美妆
U02997,ORD_U02997_000,2023-09-10,227.76,食品
U02997,ORD_U02997_001,2023-10-04,299.83,美妆
U02997,ORD_U02997_003,2023-11-04,278.2,美妆
U02997,ORD_U02997_002,2023-11-17,143.94,食品
U02997,ORD_U02997_004,2024-01-18,277.72,食品
U02997,ORD_U02997_005,2024-04-24,141.28,服饰
U02997,ORD_U02997_006,2024-08-06,136.51,数码
U02997,ORD_U02997_007,2024-09-04,132.54,美妆
U02997,ORD_U02997_008,2024-11-21,107.45,美妆
U02998,ORD_U02998_000,2023-12-21,182.35,食品
U02998,ORD_U02998_001,2024-05-19,197.79,美妆
U02999,ORD_U02999_000,2025-02-07,113.65,服饰
U03000,ORD_U03000_000,2024-06-02,82.24,食品
U03000,ORD_U03000_001,2024-09-29,40.49,美妆
U03000,ORD_U03000_002,2024-11-24,49.26,美妆
U03000,ORD_U03000_003,2025-02-06,40.69,食品
