user_id,register_date,channel,device,city_tier
U00001,2024-08-11,付费广告,iOS,二线
U00002,2024-12-21,付费广告,iOS,三线
U00003,2024-11-08,口碑推荐,iOS,三线
U00004,2024-10-09,付费广告,Android,一线
U00005,2024-05-24,口碑推荐,iOS,一线
U00006,2024-05-24,自然搜索,Android,一线
U00007,2024-03-28,口碑推荐,iOS,二线
U00008,2024-12-05,口碑推荐,Android,三线
U00009,2024-10-09,自然搜索,Android,二线
U00010,2024-11-03,付费广告,Android,一线
U00011,2024-02-22,自然搜索,Android,一线
U00012,2024-12-25,社交媒体,Android,一线
U00013,2024-11-29,付费广告,Android,四线及以下
U00014,2024-06-17,社交媒体,iOS,二线
U00015,2024-06-04,自然搜索,iOS,四线及以下
U00016,2024-06-05,自然搜索,iOS,四线及以下
U00017,2024-07-20,自然搜索,iOS,二线
U00018,2024-09-21,付费广告,iOS,三线
U00019,2024-08-27,社交媒体,iOS,一线
U00020,2024-07-15,口碑推荐,iOS,三线
U00021,2024-10-12,社交媒体,iOS,二线
U00022,2024-05-16,付费广告,iOS,四线及以下
U00023,2024-07-16,应用商店,Android,一线
U00024,2024-08-08,社交媒体,iOS,三线
U00025,2024-09-03,应用商店,Android,一线
U00026,2024-11-19,付费广告,iOS,四线及以下
U00027,2024-06-12,自然搜索,Android,二线
U00028,2024-09-18,自然搜索,Android,三线
U00029,2024-10-07,社交媒体,Android,二线
U00030,2024-03-19,自然搜索,Android,二线
U00031,2024-10-11,付费广告,iOS,三线
U00032,2024-05-30,付费广告,Android,四线及以下
U00033,2024-04-03,社交媒体,Android,一线
U00034,2024-12-21,社交媒体,Android,四线及以下
U00035,2024-12-24,自然搜索,Android,三线
U00036,2024-11-24,付费广告,iOS,四线及以下
U00037,2024-07-20,社交媒体,Android,二线
U00038,2024-04-24,应用商店,iOS,二线
U00039,2024-10-28,社交媒体,Android,四线及以下
U00040,2024-08-30,应用商店,iOS,二线
U00041,2024-05-07,口碑推荐,Android,二线
U00042,2024-09-13,社交媒体,iOS,一线
U00043,2024-03-08,自然搜索,iOS,一线
U00044,2024-12-14,社交媒体,Android,三线
U00045,2024-07-04,社交媒体,Android,三线
U00046,2024-10-24,社交媒体,Android,三线
U00047,2024-07-22,付费广告,iOS,一线
U00048,2024-09-20,付费广告,iOS,二线
U00049,2024-09-26,付费广告,Android,二线
U00050,2024-06-05,付费广告,Android,二线
U00051,2024-12-25,自然搜索,Android,四线及以下
U00052,2024-11-17,口碑推荐,iOS,三线
U00053,2024-12-19,自然搜索,Android,一线
U00054,2024-12-11,自然搜索,iOS,四线及以下
U00055,2024-10-09,付费广告,iOS,二线
U00056,2024-12-16,社交媒体,iOS,三线
U00057,2024-04-18,付费广告,iOS,一线
U00058,2024-06-10,自然搜索,Android,三线
U00059,2024-03-18,社交媒体,iOS,一线
U00060,2024-07-27,付费广告,iOS,二线
U00061,2024-08-15,应用商店,iOS,一线
U00062,2024-07-09,应用商店,iOS,一线
U00063,2024-11-28,付费广告,Android,一线
U00064,2024-08-06,付费广告,iOS,一线
U00065,2024-07-12,社交媒体,iOS,一线
U00066,2024-09-25,自然搜索,Android,三线
U00067,2024-05-17,付费广告,Android,一线
U00068,2024-11-22,付费广告,Android,三线
U00069,2024-04-09,应用商店,iOS,一线
U00070,2024-12-28,自然搜索,Android,四线及以下
U00071,2024-11-16,社交媒体,Android,四线及以下
U00072,2024-06-11,社交媒体,Android,一线
U00073,2024-01-28,付费广告,Android,三线
U00074,2024-11-25,自然搜索,iOS,一线
U00075,2024-11-02,应用商店,Android,四线及以下
U00076,2024-11-07,付费广告,iOS,二线
U00077,2024-11-16,社交媒体,iOS,一线
U00078,2024-04-09,自然搜索,iOS,二线
U00079,2024-08-06,付费广告,iOS,一线
U00080,2024-05-04,付费广告,Android,二线
U00081,2024-12-05,自然搜索,Android,三线
U00082,2024-10-15,自然搜索,Android,二线
U00083,2024-07-28,口碑推荐,Android,二线
U00084,2024-04-02,自然搜索,iOS,一线
U00085,2024-07-22,自然搜索,iOS,一线
U00086,2024-07-27,付费广告,Android,一线
U00087,2024-11-07,口碑推荐,Android,四线及以下
U00088,2024-10-18,自然搜索,iOS,一线
U00089,2024-12-09,社交媒体,Android,三线
U00090,2024-09-07,自然搜索,iOS,二线
U00091,2024-05-06,自然搜索,iOS,一线
U00092,2024-11-04,自然搜索,iOS,三线
U00093,2024-11-14,口碑推荐,iOS,二线
U00094,2024-09-30,自然搜索,Android,二线
U00095,2024-11-16,自然搜索,Android,三线
U00096,2024-09-13,付费广告,iOS,二线
U00097,2024-09-20,口碑推荐,Android,二线
U00098,2024-08-26,自然搜索,Android,三线
U00099,2024-02-28,付费广告,iOS,三线
U00100,2024-04-29,自然搜索,iOS,一线
U00101,2024-03-05,付费广告,Android,二线
U00102,2024-10-18,社交媒体,Android,一线
U00103,2024-07-23,社交媒体,Android,一线
U00104,2024-09-17,付费广告,iOS,三线
U00105,2024-12-13,付费广告,Android,四线及以下
U00106,2024-07-01,自然搜索,iOS,四线及以下
U00107,2024-08-21,付费广告,iOS,一线
U00108,2024-11-13,自然搜索,iOS,二线
U00109,2024-06-23,口碑推荐,iOS,三线
U00110,2024-04-11,应用商店,iOS,一线
U00111,2024-07-15,应用商店,iOS,三线
U00112,2024-05-26,口碑推荐,iOS,三线
U00113,2024-12-17,社交媒体,Android,四线及以下
U00114,2024-11-24,社交媒体,iOS,一线
U00115,2024-10-17,自然搜索,iOS,一线
U00116,2024-12-06,社交媒体,iOS,四线及以下
U00117,2024-11-23,付费广告,iOS,三线
U00118,2024-06-06,付费广告,Android,四线及以下
U00119,2024-12-10,口碑推荐,iOS,一线
U00120,2024-09-25,自然搜索,Android,三线
U00121,2024-11-23,付费广告,iOS,三线
U00122,2024-12-11,应用商店,iOS,一线
U00123,2024-07-24,自然搜索,Android,二线
U00124,2024-05-01,付费广告,Android,三线
U00125,2024-06-23,应用商店,iOS,一线
U00126,2024-08-26,社交媒体,Android,二线
U00127,2024-11-26,付费广告,iOS,三线
U00128,2024-12-04,自然搜索,Android,二线
U00129,2024-01-31,付费广告,Android,四线及以下
U00130,2024-09-17,口碑推荐,Android,二线
U00131,2024-08-23,社交媒体,Android,二线
U00132,2024-06-21,付费广告,iOS,四线及以下
U00133,2024-05-06,自然搜索,Android,四线及以下
U00134,2024-07-31,自然搜索,iOS,一线
U00135,2024-12-20,应用商店,iOS,三线
U00136,2024-07-26,付费广告,iOS,一线
U00137,2024-09-19,社交媒体,iOS,一线
U00138,2024-11-02,自然搜索,Android,二线
U00139,2024-08-08,社交媒体,Android,二线
U00140,2024-12-25,应用商店,Android,四线及以下
U00141,2024-12-24,社交媒体,iOS,三线
U00142,2024-07-02,自然搜索,iOS,四线及以下
U00143,2024-09-14,社交媒体,Android,三线
U00144,2024-07-19,口碑推荐,iOS,二线
U00145,2024-07-13,付费广告,Android,三线
U00146,2024-03-11,口碑推荐,Android,四线及以下
U00147,2024-10-11,社交媒体,Android,三线
U00148,2024-09-15,口碑推荐,iOS,三线
U00149,2024-03-23,社交媒体,Android,四线及以下
U00150,2024-07-11,自然搜索,iOS,一线
U00151,2024-12-13,付费广告,Android,三线
U00152,2024-06-27,自然搜索,iOS,四线及以下
U00153,2024-05-18,应用商店,iOS,四线及以下
U00154,2024-09-12,口碑推荐,iOS,一线
U00155,2024-12-28,社交媒体,Android,二线
U00156,2024-06-28,付费广告,iOS,三线
U00157,2024-10-26,自然搜索,iOS,一线
U00158,2024-11-14,口碑推荐,iOS,三线
U00159,2024-06-26,付费广告,Android,二线
U00160,2024-11-07,自然搜索,Android,二线
U00161,2024-08-09,社交媒体,Android,二线
U00162,2024-10-17,自然搜索,Android,二线
U00163,2024-10-17,付费广告,iOS,二线
U00164,2024-09-24,付费广告,iOS,二线
U00165,2024-04-19,自然搜索,Android,二线
U00166,2024-11-29,应用商店,iOS,一线
U00167,2024-07-25,自然搜索,iOS,一线
U00168,2024-06-06,自然搜索,iOS,一线
U00169,2024-03-14,自然搜索,iOS,三线
U00170,2024-10-07,口碑推荐,iOS,三线
U00171,2024-10-27,付费广告,iOS,一线
U00172,2024-02-17,社交媒体,iOS,一线
U00173,2024-09-18,自然搜索,iOS,三线
U00174,2024-06-22,自然搜索,iOS,二线
U00175,2024-10-20,付费广告,iOS,四线及以下
U00176,2024-06-01,口碑推荐,iOS,三线
U00177,2024-10-30,口碑推荐,Android,二线
U00178,2024-08-14,自然搜索,iOS,二线
U00179,2024-12-19,付费广告,Android,二线
U00180,2024-05-15,应用商店,Android,一线
U00181,2024-08-01,付费广告,Android,一线
U00182,2024-05-02,口碑推荐,iOS,一线
U00183,2024-12-16,自然搜索,iOS,三线
U00184,2024-12-07,应用商店,iOS,二线
U00185,2024-07-04,口碑推荐,Android,一线
U00186,2024-10-23,应用商店,iOS,三线
U00187,2024-11-25,社交媒体,Android,二线
U00188,2024-09-28,付费广告,Android,二线
U00189,2024-09-22,应用商店,iOS,一线
U00190,2024-06-28,自然搜索,iOS,三线
U00191,2024-04-21,付费广告,Android,四线及以下
U00192,2024-12-11,社交媒体,iOS,一线
U00193,2024-12-12,口碑推荐,iOS,二线
U00194,2024-10-17,应用商店,Android,一线
U00195,2024-07-31,自然搜索,iOS,一线
U00196,2024-08-03,口碑推荐,Android,二线
U00197,2024-11-06,社交媒体,Android,四线及以下
U00198,2024-12-11,自然搜索,Android,四线及以下
U00199,2024-12-09,付费广告,iOS,一线
U00200,2024-11-18,自然搜索,iOS,二线
U00201,2024-10-19,付费广告,iOS,三线
U00202,2024-04-15,应用商店,iOS,二线
U00203,2024-05-26,社交媒体,iOS,二线
U00204,2024-12-11,社交媒体,iOS,一线
U00205,2024-10-11,应用商店,iOS,二线
U00206,2024-02-05,付费广告,iOS,二线
U00207,2024-04-26,口碑推荐,Android,三线
U00208,2024-10-24,付费广告,iOS,三线
U00209,2024-01-26,口碑推荐,iOS,一线
U00210,2024-05-26,自然搜索,Android,一线
U00211,2024-09-27,应用商店,Android,四线及以下
U00212,2024-10-30,自然搜索,iOS,二线
U00213,2024-10-21,付费广告,iOS,四线及以下
U00214,2024-06-21,口碑推荐,Android,一线
U00215,2024-11-04,付费广告,Android,二线
U00216,2024-06-26,社交媒体,Android,二线
U00217,2024-07-27,付费广告,Android,四线及以下
U00218,2024-11-11,社交媒体,iOS,一线
U00219,2024-10-21,自然搜索,iOS,一线
U00220,2024-12-02,自然搜索,iOS,二线
U00221,2024-10-22,自然搜索,Android,四线及以下
U00222,2024-10-02,付费广告,Android,四线及以下
U00223,2024-04-21,自然搜索,Android,四线及以下
U00224,2024-08-09,付费广告,iOS,四线及以下
U00225,2024-07-06,付费广告,iOS,一线
U00226,2024-06-29,自然搜索,iOS,一线
U00227,2024-12-26,社交媒体,Android,一线
U00228,2024-08-16,口碑推荐,Android,二线
U00229,2024-12-10,自然搜索,iOS,四线及以下
U00230,2024-10-16,社交媒体,iOS,四线及以下
U00231,2024-11-21,社交媒体,iOS,一线
U00232,2024-09-15,付费广告,iOS,三线
U00233,2024-10-04,社交媒体,Android,四线及以下
U00234,2024-09-13,付费广告,iOS,二线
U00235,2024-06-10,付费广告,Android,一线
U00236,2024-11-06,自然搜索,Android,二线
U00237,2024-07-12,社交媒体,Android,二线
U00238,2024-02-26,社交媒体,iOS,三线
U00239,2024-10-20,自然搜索,Android,二线
U00240,2024-06-02,付费广告,iOS,一线
U00241,2024-12-19,应用商店,iOS,四线及以下
U00242,2024-12-22,付费广告,iOS,二线
U00243,2024-12-15,付费广告,iOS,二线
U00244,2024-08-10,应用商店,iOS,四线及以下
U00245,2024-02-15,社交媒体,iOS,一线
U00246,2024-12-17,社交媒体,Android,一线
U00247,2024-08-26,口碑推荐,iOS,四线及以下
U00248,2024-12-24,口碑推荐,Android,二线
U00249,2024-12-24,付费广告,Android,三线
U00250,2024-12-03,付费广告,iOS,二线
U00251,2024-07-17,付费广告,Android,一线
U00252,2024-08-14,应用商店,iOS,二线
U00253,2024-12-02,社交媒体,iOS,一线
U00254,2024-07-24,自然搜索,iOS,三线
U00255,2024-05-30,口碑推荐,Android,三线
U00256,2024-09-29,付费广告,iOS,四线及以下
U00257,2024-12-19,自然搜索,Android,三线
U00258,2024-10-31,付费广告,iOS,一线
U00259,2024-10-02,付费广告,Android,四线及以下
U00260,2024-04-23,口碑推荐,iOS,三线
U00261,2024-10-13,自然搜索,Android,三线
U00262,2024-12-29,口碑推荐,Android,四线及以下
U00263,2024-05-16,社交媒体,Android,三线
U00264,2024-09-19,自然搜索,Android,二线
U00265,2024-12-07,应用商店,Android,三线
U00266,2024-11-10,付费广告,iOS,二线
U00267,2024-10-31,自然搜索,iOS,一线
U00268,2024-11-01,付费广告,iOS,三线
U00269,2024-08-06,口碑推荐,iOS,一线
U00270,2024-07-16,付费广告,iOS,一线
U00271,2024-11-24,自然搜索,iOS,一线
U00272,2024-11-24,自然搜索,iOS,三线
U00273,2024-12-05,自然搜索,Android,二线
U00274,2024-12-14,口碑推荐,iOS,三线
U00275,2024-09-18,付费广告,Android,二线
U00276,2024-09-15,自然搜索,iOS,二线
U00277,2024-11-22,自然搜索,Android,二线
U00278,2024-10-21,付费广告,Android,三线
U00279,2024-11-01,应用商店,iOS,二线
U00280,2024-11-21,付费广告,iOS,四线及以下
U00281,2024-12-10,应用商店,iOS,四线及以下
U00282,2024-07-31,付费广告,iOS,四线及以下
U00283,2024-08-11,自然搜索,Android,四线及以下
U00284,2024-04-21,口碑推荐,Android,二线
U00285,2024-10-04,付费广告,iOS,二线
U00286,2024-03-10,社交媒体,iOS,三线
U00287,2024-09-06,应用商店,iOS,三线
U00288,2024-09-25,自然搜索,iOS,四线及以下
U00289,2024-07-14,自然搜索,Android,三线
U00290,2024-10-07,社交媒体,iOS,四线及以下
U00291,2024-03-04,自然搜索,iOS,二线
U00292,2024-03-11,自然搜索,iOS,四线及以下
U00293,2024-11-27,自然搜索,iOS,三线
U00294,2024-08-07,自然搜索,Android,三线
U00295,2024-05-10,口碑推荐,iOS,二线
U00296,2024-09-20,自然搜索,Android,三线
U00297,2024-11-16,付费广告,Android,四线及以下
U00298,2024-06-18,社交媒体,iOS,一线
U00299,2024-10-15,付费广告,iOS,三线
U00300,2024-04-16,自然搜索,Android,二线
U00301,2024-03-23,口碑推荐,Android,四线及以下
U00302,2024-09-23,自然搜索,Android,二线
U00303,2024-09-25,口碑推荐,iOS,一线
U00304,2024-10-18,口碑推荐,Android,二线
U00305,2024-11-07,付费广告,iOS,三线
U00306,2024-12-26,付费广告,Android,一线
U00307,2024-09-19,付费广告,Android,三线
U00308,2024-07-26,付费广告,iOS,四线及以下
U00309,2024-11-21,口碑推荐,Android,四线及以下
U00310,2024-07-08,口碑推荐,iOS,一线
U00311,2024-08-29,付费广告,Android,四线及以下
U00312,2024-04-12,社交媒体,iOS,三线
U00313,2024-02-28,应用商店,Android,一线
U00314,2024-12-24,应用商店,iOS,一线
U00315,2024-11-29,付费广告,Android,一线
U00316,2024-10-31,付费广告,iOS,四线及以下
U00317,2024-08-21,自然搜索,iOS,一线
U00318,2024-05-31,应用商店,iOS,一线
U00319,2024-05-24,自然搜索,Android,三线
U00320,2024-07-01,社交媒体,iOS,三线
U00321,2024-09-27,自然搜索,Android,三线
U00322,2024-11-04,自然搜索,iOS,三线
U00323,2024-10-23,付费广告,Android,一线
U00324,2024-07-12,应用商店,iOS,四线及以下
U00325,2024-12-22,自然搜索,iOS,一线
U00326,2024-11-09,社交媒体,iOS,三线
U00327,2024-09-28,自然搜索,iOS,三线
U00328,2024-10-12,自然搜索,iOS,一线
U00329,2024-08-24,付费广告,iOS,四线及以下
U00330,2024-06-30,付费广告,Android,二线
U00331,2024-08-05,自然搜索,Android,一线
U00332,2024-11-13,付费广告,Android,四线及以下
U00333,2024-02-13,自然搜索,iOS,三线
U00334,2024-05-04,付费广告,Android,三线
U00335,2024-03-19,应用商店,iOS,二线
U00336,2024-03-14,应用商店,Android,四线及以下
U00337,2024-12-03,付费广告,iOS,一线
U00338,2024-11-02,社交媒体,iOS,二线
U00339,2024-09-08,应用商店,iOS,二线
U00340,2024-04-24,自然搜索,Android,一线
U00341,2024-09-12,口碑推荐,iOS,三线
U00342,2024-09-08,应用商店,Android,二线
U00343,2024-05-31,自然搜索,iOS,二线
U00344,2024-08-28,自然搜索,Android,一线
U00345,2024-08-18,应用商店,Android,三线
U00346,2024-10-13,付费广告,iOS,四线及以下
U00347,2024-10-17,自然搜索,iOS,二线
U00348,2024-03-18,自然搜索,Android,三线
U00349,2024-08-11,付费广告,iOS,一线
U00350,2024-10-15,社交媒体,iOS,三线
U00351,2024-09-15,社交媒体,Android,一线
U00352,2024-12-03,应用商店,Android,二线
U00353,2024-10-23,自然搜索,iOS,三线
U00354,2024-05-27,付费广告,Android,四线及以下
U00355,2024-04-06,付费广告,iOS,二线
U00356,2024-10-19,付费广告,iOS,三线
U00357,2024-02-29,自然搜索,Android,三线
U00358,2024-10-06,应用商店,iOS,四线及以下
U00359,2024-12-19,口碑推荐,iOS,二线
U00360,2024-10-03,付费广告,Android,二线
U00361,2024-08-15,社交媒体,Android,四线及以下
U00362,2024-10-19,自然搜索,Android,一线
U00363,2024-09-04,付费广告,Android,一线
U00364,2024-09-26,社交媒体,Android,一线
U00365,2024-12-20,付费广告,iOS,四线及以下
U00366,2024-08-14,应用商店,iOS,一线
U00367,2024-12-23,社交媒体,Android,四线及以下
U00368,2024-12-13,付费广告,iOS,二线
U00369,2024-06-10,口碑推荐,Android,一线
U00370,2024-04-06,自然搜索,Android,二线
U00371,2024-04-25,付费广告,iOS,一线
U00372,2024-02-19,付费广告,Android,三线
U00373,2024-04-22,付费广告,iOS,三线
U00374,2024-10-28,口碑推荐,iOS,二线
U00375,2024-04-07,付费广告,Android,一线
U00376,2024-07-25,口碑推荐,iOS,三线
U00377,2024-12-01,社交媒体,iOS,四线及以下
U00378,2024-02-25,付费广告,iOS,三线
U00379,2024-11-25,口碑推荐,Android,四线及以下
U00380,2024-07-12,自然搜索,Android,一线
U00381,2024-05-05,自然搜索,Android,四线及以下
U00382,2024-10-31,付费广告,Android,二线
U00383,2024-10-16,自然搜索,iOS,一线
U00384,2024-12-07,自然搜索,Android,四线及以下
U00385,2024-11-08,社交媒体,Android,四线及以下
U00386,2024-11-23,付费广告,iOS,三线
U00387,2024-07-12,付费广告,iOS,一线
U00388,2024-06-02,应用商店,Android,二线
U00389,2024-11-12,社交媒体,Android,二线
U00390,2024-11-23,口碑推荐,Android,四线及以下
U00391,2024-12-29,自然搜索,Android,一线
U00392,2024-08-22,社交媒体,iOS,四线及以下
U00393,2024-08-10,口碑推荐,Android,二线
U00394,2024-11-17,社交媒体,iOS,四线及以下
U00395,2024-08-01,社交媒体,iOS,四线及以下
U00396,2024-12-18,付费广告,Android,二线
U00397,2024-12-04,自然搜索,iOS,二线
U00398,2024-08-27,付费广告,Android,四线及以下
U00399,2024-11-12,付费广告,iOS,二线
U00400,2024-11-13,口碑推荐,iOS,三线
U00401,2024-04-27,自然搜索,iOS,三线
U00402,2024-12-12,应用商店,iOS,一线
U00403,2024-09-16,应用商店,iOS,四线及以下
U00404,2024-11-27,自然搜索,iOS,一线
U00405,2024-07-25,付费广告,Android,四线及以下
U00406,2024-12-11,口碑推荐,iOS,二线
U00407,2024-08-15,应用商店,iOS,三线
U00408,2024-02-07,付费广告,Android,二线
U00409,2024-12-13,付费广告,Android,二线
U00410,2024-04-20,付费广告,iOS,二线
U00411,2024-07-25,社交媒体,Android,三线
U00412,2024-12-21,自然搜索,Android,三线
U00413,2024-12-21,社交媒体,iOS,四线及以下
U00414,2024-10-03,自然搜索,iOS,二线
U00415,2024-10-17,自然搜索,Android,三线
U00416,2024-09-01,付费广告,Android,三线
U00417,2024-07-16,付费广告,Android,一线
U00418,2024-07-28,付费广告,iOS,二线
U00419,2024-10-26,付费广告,iOS,二线
U00420,2024-11-12,付费广告,Android,二线
U00421,2024-11-20,自然搜索,iOS,二线
U00422,2024-11-20,付费广告,iOS,三线
U00423,2024-04-20,应用商店,Android,一线
U00424,2024-09-13,付费广告,iOS,三线
U00425,2024-03-28,付费广告,Android,四线及以下
U00426,2024-09-27,社交媒体,Android,三线
U00427,2024-08-30,应用商店,iOS,三线
U00428,2024-12-09,自然搜索,Android,一线
U00429,2024-08-04,社交媒体,iOS,四线及以下
U00430,2024-05-04,社交媒体,Android,二线
U00431,2024-05-18,社交媒体,iOS,三线
U00432,2024-11-14,自然搜索,iOS,四线及以下
U00433,2024-10-13,社交媒体,Android,三线
U00434,2024-04-26,自然搜索,iOS,三线
U00435,2024-04-15,社交媒体,Android,二线
U00436,2024-11-01,社交媒体,iOS,一线
U00437,2024-04-08,自然搜索,iOS,三线
U00438,2024-11-26,口碑推荐,iOS,一线
U00439,2024-11-02,自然搜索,iOS,三线
U00440,2024-04-14,口碑推荐,iOS,一线
U00441,2024-04-16,付费广告,Android,四线及以下
U00442,2024-12-28,自然搜索,Android,一线
U00443,2024-08-11,自然搜索,Android,二线
U00444,2024-08-10,应用商店,Android,三线
U00445,2024-11-25,自然搜索,iOS,二线
U00446,2024-12-21,自然搜索,Android,二线
U00447,2024-12-28,付费广告,iOS,二线
U00448,2024-11-12,社交媒体,Android,二线
U00449,2024-08-11,付费广告,iOS,二线
U00450,2024-04-15,自然搜索,Android,二线
U00451,2024-11-17,自然搜索,Android,三线
U00452,2024-09-29,自然搜索,Android,一线
U00453,2024-08-25,自然搜索,Android,四线及以下
U00454,2024-12-13,付费广告,Android,二线
U00455,2024-05-01,社交媒体,Android,一线
U00456,2024-09-13,自然搜索,iOS,二线
U00457,2024-02-08,付费广告,iOS,四线及以下
U00458,2024-09-06,付费广告,iOS,一线
U00459,2024-03-27,应用商店,iOS,三线
U00460,2024-05-05,应用商店,iOS,二线
U00461,2024-05-05,口碑推荐,iOS,一线
U00462,2024-10-21,自然搜索,iOS,四线及以下
U00463,2024-11-11,自然搜索,Android,二线
U00464,2024-10-05,付费广告,Android,二线
U00465,2024-12-24,自然搜索,iOS,四线及以下
U00466,2024-08-11,付费广告,iOS,三线
U00467,2024-07-14,口碑推荐,iOS,四线及以下
U00468,2024-12-06,口碑推荐,iOS,三线
U00469,2024-06-21,口碑推荐,Android,三线
U00470,2024-12-24,付费广告,iOS,四线及以下
U00471,2024-02-10,社交媒体,Android,一线
U00472,2024-12-25,付费广告,Android,三线
U00473,2024-03-16,自然搜索,Android,三线
U00474,2024-12-10,社交媒体,iOS,一线
U00475,2024-09-22,自然搜索,Android,二线
U00476,2024-12-29,付费广告,iOS,一线
U00477,2024-04-09,付费广告,iOS,三线
U00478,2024-09-28,社交媒体,iOS,二线
U00479,2024-12-25,口碑推荐,iOS,四线及以下
U00480,2024-09-20,付费广告,iOS,一线
U00481,2024-10-16,口碑推荐,iOS,三线
U00482,2024-10-31,自然搜索,Android,一线
U00483,2024-09-03,付费广告,Android,三线
U00484,2024-10-16,社交媒体,iOS,三线
U00485,2024-10-06,社交媒体,iOS,三线
U00486,2024-12-12,应用商店,Android,四线及以下
U00487,2024-03-18,自然搜索,iOS,四线及以下
U00488,2024-07-12,社交媒体,Android,一线
U00489,2024-12-21,社交媒体,Android,二线
U00490,2024-12-10,应用商店,iOS,三线
U00491,2024-09-03,自然搜索,iOS,二线
U00492,2024-10-14,口碑推荐,iOS,一线
U00493,2024-07-11,社交媒体,iOS,三线
U00494,2024-06-07,自然搜索,iOS,二线
U00495,2024-09-05,付费广告,Android,二线
U00496,2024-08-04,付费广告,iOS,四线及以下
U00497,2024-10-05,社交媒体,iOS,二线
U00498,2024-04-11,口碑推荐,Android,一线
U00499,2024-12-26,社交媒体,iOS,一线
U00500,2024-12-28,社交媒体,iOS,四线及以下
U00501,2024-10-31,付费广告,iOS,四线及以下
U00502,2024-09-24,自然搜索,iOS,三线
U00503,2024-07-22,自然搜索,Android,二线
U00504,2024-11-25,付费广告,iOS,四线及以下
U00505,2024-10-29,付费广告,Android,三线
U00506,2024-05-27,自然搜索,iOS,四线及以下
U00507,2024-12-14,付费广告,iOS,三线
U00508,2024-11-27,付费广告,iOS,二线
U00509,2024-12-21,自然搜索,Android,二线
U00510,2024-11-06,付费广告,iOS,一线
U00511,2024-10-12,自然搜索,iOS,二线
U00512,2024-08-24,应用商店,Android,三线
U00513,2024-12-18,口碑推荐,iOS,四线及以下
U00514,2024-12-05,社交媒体,iOS,三线
U00515,2024-03-18,自然搜索,Android,二线
U00516,2024-02-29,口碑推荐,iOS,一线
U00517,2024-08-11,口碑推荐,Android,一线
U00518,2024-11-24,口碑推荐,iOS,二线
U00519,2024-12-28,自然搜索,Android,二线
U00520,2024-05-21,社交媒体,Android,三线
U00521,2024-10-08,口碑推荐,iOS,一线
U00522,2024-08-13,社交媒体,Android,四线及以下
U00523,2024-12-25,社交媒体,Android,二线
U00524,2024-11-30,付费广告,iOS,四线及以下
U00525,2024-11-30,付费广告,iOS,二线
U00526,2024-09-06,自然搜索,Android,一线
U00527,2024-08-23,社交媒体,Android,三线
U00528,2024-07-09,自然搜索,iOS,三线
U00529,2024-03-27,付费广告,Android,二线
U00530,2024-12-05,自然搜索,iOS,二线
U00531,2024-11-25,付费广告,Android,一线
U00532,2024-12-30,自然搜索,Android,三线
U00533,2024-12-30,社交媒体,Android,四线及以下
U00534,2024-09-29,口碑推荐,iOS,一线
U00535,2024-11-16,自然搜索,Android,二线
U00536,2024-12-20,自然搜索,iOS,四线及以下
U00537,2024-12-02,自然搜索,iOS,二线
U00538,2024-06-30,口碑推荐,iOS,三线
U00539,2024-09-01,付费广告,Android,二线
U00540,2024-05-11,付费广告,iOS,三线
U00541,2024-12-22,自然搜索,iOS,二线
U00542,2024-10-11,社交媒体,Android,二线
U00543,2024-06-23,口碑推荐,Android,一线
U00544,2024-10-26,口碑推荐,Android,三线
U00545,2024-10-13,社交媒体,Android,三线
U00546,2024-08-06,自然搜索,iOS,三线
U00547,2024-05-02,自然搜索,Android,三线
U00548,2024-10-26,自然搜索,Android,一线
U00549,2024-09-20,自然搜索,iOS,一线
U00550,2024-11-16,自然搜索,iOS,四线及以下
U00551,2024-09-20,自然搜索,iOS,二线
U00552,2024-12-02,付费广告,iOS,二线
U00553,2024-09-28,应用商店,Android,一线
U00554,2024-09-30,社交媒体,Android,一线
U00555,2024-12-07,口碑推荐,Android,二线
U00556,2024-08-19,社交媒体,iOS,四线及以下
U00557,2024-05-13,自然搜索,iOS,四线及以下
U00558,2024-03-02,社交媒体,Android,四线及以下
U00559,2024-11-13,自然搜索,iOS,四线及以下
U00560,2024-10-14,社交媒体,Android,四线及以下
U00561,2024-11-02,付费广告,iOS,二线
U00562,2024-06-17,应用商店,Android,一线
U00563,2024-05-14,自然搜索,iOS,三线
U00564,2024-02-14,自然搜索,iOS,一线
U00565,2024-08-04,应用商店,iOS,二线
U00566,2024-10-07,自然搜索,Android,一线
U00567,2024-08-16,社交媒体,Android,二线
U00568,2024-08-29,社交媒体,iOS,二线
U00569,2024-12-13,口碑推荐,Android,一线
U00570,2024-08-03,应用商店,Android,二线
U00571,2024-09-18,应用商店,Android,四线及以下
U00572,2024-11-19,自然搜索,Android,三线
U00573,2024-08-17,口碑推荐,iOS,四线及以下
U00574,2024-10-14,社交媒体,iOS,一线
U00575,2024-12-04,社交媒体,Android,一线
U00576,2024-12-21,自然搜索,Android,三线
U00577,2024-05-19,社交媒体,Android,二线
U00578,2024-12-17,应用商店,Android,三线
U00579,2024-09-13,应用商店,iOS,三线
U00580,2024-07-04,付费广告,Android,三线
U00581,2024-09-04,自然搜索,iOS,四线及以下
U00582,2024-12-27,付费广告,Android,二线
U00583,2024-09-13,口碑推荐,iOS,一线
U00584,2024-07-28,社交媒体,Android,三线
U00585,2024-10-17,付费广告,iOS,一线
U00586,2024-06-27,自然搜索,iOS,二线
U00587,2024-04-10,付费广告,iOS,一线
U00588,2024-05-11,付费广告,Android,二线
U00589,2024-05-10,应用商店,Android,一线
U00590,2024-05-22,社交媒体,iOS,一线
U00591,2024-05-15,付费广告,Android,三线
U00592,2024-10-19,付费广告,Android,三线
U00593,2024-06-04,自然搜索,iOS,三线
U00594,2024-08-02,应用商店,iOS,三线
U00595,2024-12-11,付费广告,Android,一线
U00596,2024-09-08,付费广告,Android,二线
U00597,2024-10-25,付费广告,iOS,一线
U00598,2024-05-31,社交媒体,Android,四线及以下
U00599,2024-06-09,社交媒体,iOS,三线
U00600,2024-03-14,社交媒体,iOS,一线
U00601,2024-05-30,自然搜索,iOS,二线
U00602,2024-07-11,付费广告,iOS,四线及以下
U00603,2024-06-02,自然搜索,Android,三线
U00604,2024-04-18,社交媒体,Android,四线及以下
U00605,2024-05-06,自然搜索,iOS,二线
U00606,2024-09-04,社交媒体,iOS,一线
U00607,2024-06-14,口碑推荐,Android,三线
U00608,2024-08-08,口碑推荐,Android,三线
U00609,2024-09-15,付费广告,Android,三线
U00610,2024-10-30,付费广告,Android,三线
U00611,2024-03-13,自然搜索,iOS,三线
U00612,2024-11-22,社交媒体,Android,三线
U00613,2024-10-16,口碑推荐,iOS,二线
U00614,2024-04-14,自然搜索,iOS,二线
U00615,2024-12-07,付费广告,iOS,四线及以下
U00616,2024-12-16,口碑推荐,iOS,二线
U00617,2024-03-31,口碑推荐,Android,二线
U00618,2024-07-11,自然搜索,Android,三线
U00619,2024-11-23,社交媒体,iOS,四线及以下
U00620,2024-11-11,自然搜索,iOS,二线
U00621,2024-06-05,自然搜索,iOS,二线
U00622,2024-06-16,应用商店,iOS,四线及以下
U00623,2024-08-10,口碑推荐,Android,四线及以下
U00624,2024-09-11,口碑推荐,Android,三线
U00625,2024-10-13,自然搜索,Android,二线
U00626,2024-08-09,口碑推荐,Android,二线
U00627,2024-09-05,付费广告,Android,三线
U00628,2024-11-11,付费广告,iOS,四线及以下
U00629,2024-03-10,付费广告,iOS,四线及以下
U00630,2024-07-02,自然搜索,iOS,一线
U00631,2024-11-04,口碑推荐,Android,二线
U00632,2024-12-11,社交媒体,Android,二线
U00633,2024-09-18,自然搜索,iOS,四线及以下
U00634,2024-09-23,自然搜索,iOS,三线
U00635,2024-04-29,自然搜索,iOS,二线
U00636,2024-09-01,自然搜索,Android,一线
U00637,2024-09-23,社交媒体,iOS,三线
U00638,2024-06-28,口碑推荐,Android,一线
U00639,2024-07-08,自然搜索,Android,四线及以下
U00640,2024-08-12,自然搜索,iOS,三线
U00641,2024-02-21,社交媒体,Android,二线
U00642,2024-07-26,口碑推荐,Android,二线
U00643,2024-06-16,付费广告,iOS,四线及以下
U00644,2024-07-27,付费广告,Android,二线
U00645,2024-05-06,社交媒体,iOS,一线
U00646,2024-12-10,自然搜索,iOS,四线及以下
U00647,2024-10-08,自然搜索,Android,四线及以下
U00648,2024-10-27,社交媒体,Android,四线及以下
U00649,2024-11-20,社交媒体,Android,一线
U00650,2024-09-14,社交媒体,Android,一线
U00651,2024-04-17,社交媒体,Android,一线
U00652,2024-09-24,社交媒体,Android,一线
U00653,2024-10-06,自然搜索,Android,三线
U00654,2024-11-11,付费广告,Android,一线
U00655,2024-08-27,自然搜索,iOS,三线
U00656,2024-05-10,自然搜索,Android,二线
U00657,2024-07-13,社交媒体,iOS,二线
U00658,2024-08-07,口碑推荐,iOS,四线及以下
U00659,2024-10-20,应用商店,iOS,一线
U00660,2024-10-02,社交媒体,Android,二线
U00661,2024-08-05,自然搜索,iOS,二线
U00662,2024-12-28,自然搜索,iOS,一线
U00663,2024-10-11,口碑推荐,Android,二线
U00664,2024-06-26,社交媒体,iOS,二线
U00665,2024-04-26,社交媒体,Android,三线
U00666,2024-05-22,口碑推荐,iOS,四线及以下
U00667,2024-06-30,社交媒体,iOS,二线
U00668,2024-05-26,口碑推荐,iOS,一线
U00669,2024-06-06,自然搜索,Android,三线
U00670,2024-07-13,社交媒体,iOS,一线
U00671,2024-05-31,口碑推荐,Android,三线
U00672,2024-12-11,自然搜索,iOS,三线
U00673,2024-04-13,社交媒体,iOS,一线
U00674,2024-09-21,付费广告,iOS,四线及以下
U00675,2024-08-21,应用商店,iOS,四线及以下
U00676,2024-12-27,自然搜索,Android,四线及以下
U00677,2024-05-02,社交媒体,Android,二线
U00678,2024-08-18,自然搜索,Android,三线
U00679,2024-12-25,社交媒体,iOS,四线及以下
U00680,2024-12-05,自然搜索,iOS,二线
U00681,2024-11-25,自然搜索,iOS,四线及以下
U00682,2024-07-04,付费广告,Android,一线
U00683,2024-05-30,应用商店,iOS,一线
U00684,2024-10-25,自然搜索,Android,三线
U00685,2024-12-17,自然搜索,iOS,三线
U00686,2024-09-29,口碑推荐,iOS,三线
U00687,2024-10-02,付费广告,iOS,四线及以下
U00688,2024-07-12,应用商店,iOS,一线
U00689,2024-11-16,自然搜索,Android,一线
U00690,2024-06-06,社交媒体,iOS,四线及以下
U00691,2024-07-26,自然搜索,Android,一线
U00692,2024-08-26,自然搜索,iOS,三线
U00693,2024-09-17,社交媒体,Android,二线
U00694,2024-06-28,社交媒体,iOS,一线
U00695,2024-05-03,口碑推荐,Android,二线
U00696,2024-10-12,付费广告,Android,二线
U00697,2024-07-15,付费广告,Android,四线及以下
U00698,2024-10-05,付费广告,iOS,三线
U00699,2024-05-23,应用商店,Android,三线
U00700,2024-09-10,自然搜索,iOS,二线
U00701,2024-09-23,自然搜索,iOS,二线
U00702,2024-03-24,付费广告,iOS,一线
U00703,2024-07-30,社交媒体,iOS,二线
U00704,2024-05-13,自然搜索,Android,一线
U00705,2024-04-01,应用商店,iOS,一线
U00706,2024-12-29,自然搜索,Android,二线
U00707,2024-07-26,口碑推荐,Android,二线
U00708,2024-11-24,自然搜索,iOS,一线
U00709,2024-07-03,社交媒体,Android,三线
U00710,2024-10-28,应用商店,iOS,二线
U00711,2024-11-14,自然搜索,Android,一线
U00712,2024-10-08,应用商店,iOS,四线及以下
U00713,2024-09-07,付费广告,Android,一线
U00714,2024-08-22,应用商店,Android,四线及以下
U00715,2024-08-03,社交媒体,Android,一线
U00716,2024-12-17,付费广告,iOS,四线及以下
U00717,2024-11-28,自然搜索,iOS,一线
U00718,2024-12-24,付费广告,iOS,三线
U00719,2024-05-08,自然搜索,iOS,二线
U00720,2024-11-08,自然搜索,iOS,三线
U00721,2024-12-19,自然搜索,Android,二线
U00722,2024-06-04,付费广告,iOS,一线
U00723,2024-04-04,口碑推荐,iOS,三线
U00724,2024-11-10,自然搜索,Android,一线
U00725,2024-10-03,自然搜索,Android,四线及以下
U00726,2024-11-30,社交媒体,iOS,一线
U00727,2024-05-16,自然搜索,iOS,二线
U00728,2024-11-21,自然搜索,iOS,三线
U00729,2024-06-12,自然搜索,iOS,二线
U00730,2024-05-27,应用商店,Android,一线
U00731,2024-05-27,口碑推荐,iOS,三线
U00732,2024-11-25,付费广告,Android,三线
U00733,2024-10-24,社交媒体,Android,四线及以下
U00734,2024-09-20,付费广告,Android,二线
U00735,2024-08-06,社交媒体,iOS,二线
U00736,2024-12-07,社交媒体,iOS,二线
U00737,2024-08-16,社交媒体,Android,二线
U00738,2024-11-25,自然搜索,iOS,三线
U00739,2024-08-29,自然搜索,iOS,二线
U00740,2024-08-12,付费广告,iOS,二线
U00741,2024-09-05,口碑推荐,iOS,二线
U00742,2024-07-19,社交媒体,Android,三线
U00743,2024-11-11,口碑推荐,iOS,四线及以下
U00744,2024-09-15,应用商店,iOS,三线
U00745,2024-06-24,自然搜索,iOS,二线
U00746,2024-12-12,社交媒体,Android,三线
U00747,2024-08-14,社交媒体,Android,三线
U00748,2024-09-26,应用商店,Android,一线
U00749,2024-12-13,应用商店,iOS,一线
U00750,2024-10-15,社交媒体,iOS,一线
U00751,2024-05-04,自然搜索,iOS,二线
U00752,2024-12-19,口碑推荐,Android,四线及以下
U00753,2024-10-16,自然搜索,Android,二线
U00754,2024-07-30,口碑推荐,Android,二线
U00755,2024-05-16,应用商店,iOS,四线及以下
U00756,2024-11-21,付费广告,Android,四线及以下
U00757,2024-10-14,社交媒体,iOS,三线
U00758,2024-09-23,付费广告,Android,二线
U00759,2024-12-11,付费广告,iOS,一线
U00760,2024-11-20,付费广告,Android,一线
U00761,2024-05-22,口碑推荐,iOS,一线
U00762,2024-07-22,应用商店,iOS,二线
U00763,2024-06-30,应用商店,Android,三线
U00764,2024-11-10,自然搜索,iOS,一线
U00765,2024-03-07,口碑推荐,Android,一线
U00766,2024-10-02,社交媒体,Android,一线
U00767,2024-11-14,自然搜索,Android,三线
U00768,2024-12-07,自然搜索,iOS,三线
U00769,2024-08-01,自然搜索,iOS,三线
U00770,2024-11-26,应用商店,Android,二线
U00771,2024-05-01,社交媒体,iOS,二线
U00772,2024-12-01,社交媒体,Android,一线
U00773,2024-05-10,自然搜索,iOS,一线
U00774,2024-08-18,社交媒体,iOS,四线及以下
U00775,2024-11-21,自然搜索,iOS,四线及以下
U00776,2024-05-21,付费广告,iOS,三线
U00777,2024-06-23,社交媒体,iOS,四线及以下
U00778,2024-11-06,自然搜索,Android,三线
U00779,2024-11-05,口碑推荐,Android,一线
U00780,2024-10-19,自然搜索,iOS,四线及以下
U00781,2024-10-31,社交媒体,Android,一线
U00782,2024-09-25,付费广告,iOS,三线
U00783,2024-07-02,社交媒体,Android,二线
U00784,2024-08-02,自然搜索,Android,二线
U00785,2024-06-04,自然搜索,Android,三线
U00786,2024-12-13,应用商店,iOS,二线
U00787,2024-10-05,自然搜索,iOS,二线
U00788,2024-08-19,口碑推荐,iOS,二线
U00789,2024-09-05,应用商店,Android,二线
U00790,2024-12-21,自然搜索,iOS,四线及以下
U00791,2024-05-22,自然搜索,Android,三线
U00792,2024-10-06,社交媒体,iOS,二线
U00793,2024-09-16,应用商店,Android,一线
U00794,2024-10-12,应用商店,iOS,四线及以下
U00795,2024-02-19,付费广告,iOS,一线
U00796,2024-12-06,口碑推荐,iOS,一线
U00797,2024-12-18,自然搜索,iOS,二线
U00798,2024-10-01,应用商店,iOS,四线及以下
U00799,2024-10-31,应用商店,Android,一线
U00800,2024-12-16,自然搜索,iOS,一线
U00801,2024-11-02,自然搜索,iOS,二线
U00802,2024-05-22,自然搜索,Android,二线
U00803,2024-10-04,自然搜索,iOS,三线
U00804,2024-10-11,口碑推荐,Android,二线
U00805,2024-08-25,付费广告,Android,二线
U00806,2024-11-09,自然搜索,iOS,一线
U00807,2024-12-18,付费广告,iOS,一线
U00808,2024-12-17,应用商店,iOS,四线及以下
U00809,2024-09-02,社交媒体,Android,四线及以下
U00810,2024-05-02,付费广告,Android,一线
U00811,2024-12-28,自然搜索,Android,一线
U00812,2024-11-30,应用商店,Android,一线
U00813,2024-05-08,口碑推荐,iOS,三线
U00814,2024-12-16,自然搜索,Android,三线
U00815,2024-12-06,自然搜索,Android,二线
U00816,2024-09-19,自然搜索,Android,三线
U00817,2024-10-07,自然搜索,Android,三线
U00818,2024-08-18,社交媒体,Android,四线及以下
U00819,2024-03-26,应用商店,iOS,一线
U00820,2024-07-30,付费广告,iOS,一线
U00821,2024-11-23,口碑推荐,iOS,一线
U00822,2024-01-25,付费广告,iOS,四线及以下
U00823,2024-07-29,社交媒体,Android,三线
U00824,2024-08-18,社交媒体,iOS,三线
U00825,2024-09-24,自然搜索,Android,一线
U00826,2024-12-16,付费广告,iOS,二线
U00827,2024-08-02,社交媒体,iOS,二线
U00828,2024-08-02,自然搜索,Android,三线
U00829,2024-11-09,付费广告,Android,二线
U00830,2024-09-02,付费广告,iOS,一线
U00831,2024-06-21,应用商店,iOS,三线
U00832,2024-09-02,付费广告,iOS,二线
U00833,2024-05-16,口碑推荐,iOS,二线
U00834,2024-06-02,付费广告,iOS,一线
U00835,2024-09-14,口碑推荐,iOS,四线及以下
U00836,2024-08-24,社交媒体,Android,三线
U00837,2024-12-15,口碑推荐,Android,四线及以下
U00838,2024-08-07,付费广告,Android,二线
U00839,2024-10-05,社交媒体,Android,四线及以下
U00840,2024-10-17,社交媒体,iOS,四线及以下
U00841,2024-02-11,付费广告,Android,三线
U00842,2024-10-24,自然搜索,iOS,四线及以下
U00843,2024-06-03,自然搜索,Android,二线
U00844,2024-12-23,自然搜索,iOS,二线
U00845,2024-05-20,口碑推荐,iOS,一线
U00846,2024-08-23,自然搜索,Android,三线
U00847,2024-04-16,自然搜索,Android,三线
U00848,2024-12-30,社交媒体,Android,三线
U00849,2024-09-15,付费广告,Android,一线
U00850,2024-10-08,付费广告,iOS,二线
U00851,2024-04-04,自然搜索,iOS,一线
U00852,2024-11-12,应用商店,iOS,三线
U00853,2024-06-16,口碑推荐,Android,一线
U00854,2024-12-11,口碑推荐,Android,四线及以下
U00855,2024-06-14,付费广告,iOS,一线
U00856,2024-06-08,口碑推荐,Android,二线
U00857,2024-03-10,自然搜索,Android,四线及以下
U00858,2024-09-07,自然搜索,iOS,二线
U00859,2024-10-01,自然搜索,Android,一线
U00860,2024-04-03,社交媒体,Android,二线
U00861,2024-11-17,付费广告,Android,一线
U00862,2024-09-02,付费广告,iOS,四线及以下
U00863,2024-09-21,自然搜索,iOS,三线
U00864,2024-08-30,付费广告,iOS,二线
U00865,2024-08-19,社交媒体,iOS,三线
U00866,2024-09-30,付费广告,Android,一线
U00867,2024-05-23,社交媒体,iOS,三线
U00868,2024-06-04,自然搜索,Android,四线及以下
U00869,2024-12-04,口碑推荐,iOS,四线及以下
U00870,2024-12-21,社交媒体,iOS,二线
U00871,2024-08-11,自然搜索,iOS,二线
U00872,2024-07-08,自然搜索,Android,一线
U00873,2024-10-19,社交媒体,Android,三线
U00874,2024-08-21,口碑推荐,iOS,二线
U00875,2024-02-28,付费广告,Android,二线
U00876,2024-05-24,自然搜索,iOS,四线及以下
U00877,2024-11-04,口碑推荐,iOS,一线
U00878,2024-10-23,社交媒体,iOS,一线
U00879,2024-03-01,付费广告,iOS,一线
U00880,2024-06-20,付费广告,Android,一线
U00881,2024-06-24,自然搜索,iOS,一线
U00882,2024-10-26,社交媒体,iOS,二线
U00883,2024-02-21,付费广告,iOS,二线
U00884,2024-04-27,应用商店,Android,一线
U00885,2024-11-22,付费广告,iOS,三线
U00886,2024-06-03,付费广告,Android,一线
U00887,2024-10-21,社交媒体,iOS,三线
U00888,2024-06-27,应用商店,iOS,二线
U00889,2024-04-25,口碑推荐,Android,二线
U00890,2024-06-28,付费广告,iOS,四线及以下
U00891,2024-11-06,社交媒体,Android,一线
U00892,2024-12-03,社交媒体,iOS,二线
U00893,2024-11-28,付费广告,Android,四线及以下
U00894,2024-08-18,自然搜索,iOS,三线
U00895,2024-10-25,付费广告,Android,二线
U00896,2024-06-14,自然搜索,iOS,二线
U00897,2024-07-16,应用商店,iOS,三线
U00898,2024-12-11,付费广告,iOS,四线及以下
U00899,2024-02-11,应用商店,iOS,一线
U00900,2024-04-16,付费广告,iOS,一线
U00901,2024-06-15,社交媒体,iOS,二线
U00902,2024-02-29,付费广告,Android,一线
U00903,2024-06-04,自然搜索,Android,二线
U00904,2024-10-05,付费广告,Android,一线
U00905,2024-08-24,自然搜索,Android,一线
U00906,2024-12-10,社交媒体,iOS,一线
U00907,2024-11-26,付费广告,iOS,四线及以下
U00908,2024-08-01,口碑推荐,iOS,一线
U00909,2024-07-04,自然搜索,Android,一线
U00910,2024-08-12,自然搜索,iOS,一线
U00911,2024-10-07,付费广告,iOS,四线及以下
U00912,2024-07-07,应用商店,Android,三线
U00913,2024-10-15,社交媒体,iOS,三线
U00914,2024-08-21,付费广告,Android,一线
U00915,2024-09-28,付费广告,Android,四线及以下
U00916,2024-08-29,自然搜索,iOS,二线
U00917,2024-07-17,应用商店,iOS,二线
U00918,2024-12-21,社交媒体,iOS,三线
U00919,2024-11-14,自然搜索,Android,四线及以下
U00920,2024-05-16,社交媒体,iOS,三线
U00921,2024-12-06,自然搜索,Android,四线及以下
U00922,2024-09-11,应用商店,Android,四线及以下
U00923,2024-12-11,自然搜索,iOS,一线
U00924,2024-11-22,社交媒体,iOS,二线
U00925,2024-08-26,自然搜索,Android,一线
U00926,2024-02-24,社交媒体,iOS,四线及以下
U00927,2024-07-08,口碑推荐,Android,一线
U00928,2024-09-25,社交媒体,iOS,四线及以下
U00929,2024-10-17,社交媒体,Android,二线
U00930,2024-07-04,口碑推荐,Android,二线
U00931,2024-05-16,自然搜索,Android,一线
U00932,2024-11-29,付费广告,iOS,二线
U00933,2024-12-28,自然搜索,iOS,四线及以下
U00934,2024-09-21,应用商店,Android,一线
U00935,2024-05-31,付费广告,iOS,二线
U00936,2024-07-09,社交媒体,iOS,一线
U00937,2024-02-19,社交媒体,Android,二线
U00938,2024-12-15,自然搜索,iOS,一线
U00939,2024-05-05,自然搜索,iOS,二线
U00940,2024-10-04,自然搜索,iOS,四线及以下
U00941,2024-07-10,付费广告,Android,二线
U00942,2024-09-28,自然搜索,Android,二线
U00943,2024-10-21,自然搜索,iOS,三线
U00944,2024-11-28,口碑推荐,iOS,一线
U00945,2024-06-14,应用商店,iOS,二线
U00946,2024-02-08,付费广告,Android,二线
U00947,2024-05-15,付费广告,iOS,一线
U00948,2024-12-12,自然搜索,Android,三线
U00949,2024-12-07,社交媒体,iOS,二线
U00950,2024-10-09,口碑推荐,Android,三线
U00951,2024-10-09,自然搜索,iOS,四线及以下
U00952,2024-10-24,自然搜索,Android,一线
U00953,2024-06-01,口碑推荐,iOS,二线
U00954,2024-12-15,社交媒体,iOS,二线
U00955,2024-08-24,自然搜索,Android,一线
U00956,2024-08-13,社交媒体,Android,四线及以下
U00957,2024-09-19,付费广告,iOS,三线
U00958,2024-03-20,付费广告,Android,二线
U00959,2024-05-28,口碑推荐,Android,二线
U00960,2024-11-09,口碑推荐,Android,一线
U00961,2024-04-15,付费广告,iOS,三线
U00962,2024-10-10,应用商店,iOS,三线
U00963,2024-06-29,付费广告,iOS,三线
U00964,2024-08-15,口碑推荐,iOS,二线
U00965,2024-07-15,付费广告,Android,三线
U00966,2024-08-05,口碑推荐,iOS,二线
U00967,2024-11-05,应用商店,iOS,二线
U00968,2024-07-17,自然搜索,Android,二线
U00969,2024-10-01,应用商店,Android,二线
U00970,2024-09-08,口碑推荐,iOS,三线
U00971,2024-10-24,口碑推荐,iOS,四线及以下
U00972,2024-12-19,自然搜索,Android,一线
U00973,2024-11-08,口碑推荐,iOS,四线及以下
U00974,2024-06-18,口碑推荐,Android,二线
U00975,2024-03-05,自然搜索,Android,三线
U00976,2024-07-05,应用商店,iOS,四线及以下
U00977,2024-10-08,自然搜索,Android,二线
U00978,2024-03-23,自然搜索,Android,四线及以下
U00979,2024-09-14,付费广告,iOS,一线
U00980,2024-10-08,社交媒体,Android,一线
U00981,2024-07-30,社交媒体,Android,三线
U00982,2024-11-16,自然搜索,Android,四线及以下
U00983,2024-04-29,应用商店,Android,四线及以下
U00984,2024-04-10,自然搜索,iOS,三线
U00985,2024-11-07,自然搜索,iOS,二线
U00986,2024-09-13,自然搜索,iOS,二线
U00987,2024-10-29,社交媒体,iOS,四线及以下
U00988,2024-08-28,应用商店,iOS,二线
U00989,2024-06-30,社交媒体,Android,三线
U00990,2024-11-26,口碑推荐,Android,二线
U00991,2024-11-22,自然搜索,Android,三线
U00992,2024-10-31,付费广告,Android,二线
U00993,2024-07-09,付费广告,Android,四线及以下
U00994,2024-10-07,付费广告,iOS,三线
U00995,2024-08-07,自然搜索,Android,四线及以下
U00996,2024-04-20,社交媒体,iOS,一线
U00997,2024-12-15,付费广告,Android,三线
U00998,2024-05-15,口碑推荐,Android,三线
U00999,2024-12-21,付费广告,iOS,三线
U01000,2024-08-31,自然搜索,Android,四线及以下
U01001,2024-06-06,社交媒体,iOS,一线
U01002,2024-09-25,自然搜索,iOS,一线
U01003,2024-12-07,口碑推荐,Android,二线
U01004,2024-11-08,社交媒体,iOS,一线
U01005,2024-11-23,自然搜索,iOS,四线及以下
U01006,2024-10-23,应用商店,Android,一线
U01007,2024-10-30,付费广告,Android,二线
U01008,2024-12-02,自然搜索,Android,一线
U01009,2024-07-01,社交媒体,Android,二线
U01010,2024-09-12,自然搜索,iOS,二线
U01011,2024-06-20,口碑推荐,iOS,一线
U01012,2024-12-28,口碑推荐,Android,二线
U01013,2024-12-20,应用商店,Android,二线
U01014,2024-03-13,付费广告,iOS,四线及以下
U01015,2024-11-02,付费广告,Android,一线
U01016,2024-12-17,口碑推荐,Android,二线
U01017,2024-06-04,自然搜索,Android,四线及以下
U01018,2024-10-02,付费广告,Android,三线
U01019,2024-12-15,付费广告,iOS,四线及以下
U01020,2024-03-08,自然搜索,Android,四线及以下
U01021,2024-10-31,付费广告,Android,二线
U01022,2024-07-18,口碑推荐,iOS,三线
U01023,2024-12-16,口碑推荐,Android,一线
U01024,2024-12-25,自然搜索,iOS,二线
U01025,2024-12-20,自然搜索,iOS,四线及以下
U01026,2024-09-08,自然搜索,Android,二线
U01027,2024-12-04,口碑推荐,iOS,三线
U01028,2024-12-01,自然搜索,iOS,三线
U01029,2024-07-25,社交媒体,Android,二线
U01030,2024-11-28,自然搜索,iOS,四线及以下
U01031,2024-03-11,社交媒体,iOS,二线
U01032,2024-10-08,付费广告,iOS,一线
U01033,2024-06-24,口碑推荐,iOS,四线及以下
U01034,2024-05-06,自然搜索,Android,二线
U01035,2024-04-11,社交媒体,Android,三线
U01036,2024-10-31,自然搜索,Android,二线
U01037,2024-07-31,社交媒体,Android,二线
U01038,2024-11-06,口碑推荐,iOS,四线及以下
U01039,2024-04-03,自然搜索,Android,三线
U01040,2024-07-23,口碑推荐,Android,二线
U01041,2024-09-25,社交媒体,Android,一线
U01042,2024-11-20,自然搜索,Android,四线及以下
U01043,2024-07-25,付费广告,Android,一线
U01044,2024-10-15,自然搜索,Android,四线及以下
U01045,2024-12-09,社交媒体,iOS,二线
U01046,2024-10-13,口碑推荐,Android,三线
U01047,2024-06-25,自然搜索,iOS,四线及以下
U01048,2024-02-27,付费广告,iOS,一线
U01049,2024-12-06,口碑推荐,iOS,三线
U01050,2024-02-23,应用商店,iOS,三线
U01051,2024-12-07,付费广告,iOS,三线
U01052,2024-09-22,应用商店,iOS,二线
U01053,2024-12-19,付费广告,Android,三线
U01054,2024-11-22,付费广告,Android,三线
U01055,2024-12-30,口碑推荐,Android,四线及以下
U01056,2024-08-04,付费广告,iOS,三线
U01057,2024-11-15,付费广告,Android,二线
U01058,2024-08-19,付费广告,Android,四线及以下
U01059,2024-09-09,口碑推荐,iOS,二线
U01060,2024-10-16,口碑推荐,Android,一线
U01061,2024-12-07,付费广告,Android,二线
U01062,2024-12-28,付费广告,iOS,一线
U01063,2024-11-15,付费广告,Android,一线
U01064,2024-08-23,社交媒体,Android,二线
U01065,2024-08-24,自然搜索,iOS,一线
U01066,2024-11-09,口碑推荐,iOS,三线
U01067,2024-06-27,付费广告,iOS,一线
U01068,2024-05-01,付费广告,iOS,一线
U01069,2024-08-05,自然搜索,iOS,一线
U01070,2024-07-14,自然搜索,iOS,一线
U01071,2024-07-17,应用商店,iOS,二线
U01072,2024-06-25,付费广告,Android,三线
U01073,2024-03-15,自然搜索,iOS,四线及以下
U01074,2024-02-18,付费广告,iOS,四线及以下
U01075,2024-12-28,付费广告,iOS,四线及以下
U01076,2024-08-26,自然搜索,iOS,一线
U01077,2024-08-14,付费广告,iOS,二线
U01078,2024-10-27,付费广告,iOS,一线
U01079,2024-06-19,社交媒体,iOS,三线
U01080,2024-12-21,付费广告,Android,一线
U01081,2024-11-19,付费广告,Android,三线
U01082,2024-04-19,应用商店,iOS,一线
U01083,2024-08-23,付费广告,iOS,一线
U01084,2024-12-08,自然搜索,Android,四线及以下
U01085,2024-12-20,自然搜索,Android,三线
U01086,2024-09-06,付费广告,iOS,四线及以下
U01087,2024-10-12,口碑推荐,Android,三线
U01088,2024-05-29,自然搜索,Android,四线及以下
U01089,2024-12-29,社交媒体,iOS,三线
U01090,2024-06-24,自然搜索,Android,四线及以下
U01091,2024-12-20,付费广告,Android,二线
U01092,2024-10-21,口碑推荐,Android,三线
U01093,2024-10-11,付费广告,iOS,三线
U01094,2024-09-18,社交媒体,iOS,二线
U01095,2024-06-24,自然搜索,iOS,四线及以下
U01096,2024-06-02,社交媒体,iOS,四线及以下
U01097,2024-06-20,自然搜索,Android,二线
U01098,2024-06-06,口碑推荐,Android,二线
U01099,2024-11-18,自然搜索,Android,二线
U01100,2024-08-03,口碑推荐,Android,四线及以下
U01101,2024-03-28,付费广告,iOS,三线
U01102,2024-12-25,社交媒体,Android,一线
U01103,2024-12-09,付费广告,Android,二线
U01104,2024-12-17,应用商店,iOS,一线
U01105,2024-12-30,自然搜索,Android,三线
U01106,2024-06-01,自然搜索,iOS,二线
U01107,2024-08-17,付费广告,Android,二线
U01108,2024-11-13,自然搜索,iOS,三线
U01109,2024-10-31,自然搜索,iOS,一线
U01110,2024-05-23,应用商店,Android,一线
U01111,2024-11-25,应用商店,Android,二线
U01112,2024-06-21,付费广告,iOS,一线
U01113,2024-06-21,应用商店,iOS,二线
U01114,2024-09-24,付费广告,iOS,四线及以下
U01115,2024-10-08,自然搜索,Android,四线及以下
U01116,2024-10-04,社交媒体,Android,四线及以下
U01117,2024-04-20,社交媒体,Android,四线及以下
U01118,2024-12-07,应用商店,iOS,二线
U01119,2024-07-07,自然搜索,Android,二线
U01120,2024-05-11,社交媒体,iOS,一线
U01121,2024-12-10,自然搜索,Android,四线及以下
U01122,2024-12-22,自然搜索,iOS,三线
U01123,2024-12-04,自然搜索,iOS,一线
U01124,2024-11-24,应用商店,Android,二线
U01125,2024-10-22,口碑推荐,iOS,二线
U01126,2024-09-27,口碑推荐,Android,二线
U01127,2024-04-17,付费广告,Android,四线及以下
U01128,2024-08-21,付费广告,iOS,二线
U01129,2024-08-10,自然搜索,iOS,四线及以下
U01130,2024-07-05,自然搜索,Android,二线
U01131,2024-11-06,付费广告,Android,三线
U01132,2024-09-14,口碑推荐,iOS,四线及以下
U01133,2024-04-13,付费广告,iOS,四线及以下
U01134,2024-06-20,自然搜索,Android,一线
U01135,2024-10-28,自然搜索,Android,一线
U01136,2024-04-10,自然搜索,iOS,二线
U01137,2024-12-02,付费广告,iOS,二线
U01138,2024-09-13,应用商店,Android,三线
U01139,2024-09-10,社交媒体,Android,四线及以下
U01140,2024-10-07,口碑推荐,Android,一线
U01141,2024-11-27,付费广告,Android,二线
U01142,2024-08-03,付费广告,Android,一线
U01143,2024-10-27,自然搜索,iOS,四线及以下
U01144,2024-10-01,口碑推荐,Android,四线及以下
U01145,2024-07-07,口碑推荐,iOS,二线
U01146,2024-12-08,自然搜索,Android,一线
U01147,2024-11-21,付费广告,iOS,三线
U01148,2024-10-23,付费广告,iOS,三线
U01149,2024-12-02,社交媒体,Android,二线
U01150,2024-12-05,应用商店,Android,四线及以下
U01151,2024-11-03,社交媒体,iOS,四线及以下
U01152,2024-11-29,付费广告,Android,三线
U01153,2024-10-31,自然搜索,iOS,三线
U01154,2024-10-28,自然搜索,iOS,二线
U01155,2024-10-14,自然搜索,Android,三线
U01156,2024-11-12,自然搜索,iOS,二线
U01157,2024-05-25,社交媒体,Android,二线
U01158,2024-12-08,社交媒体,iOS,一线
U01159,2024-12-06,自然搜索,Android,二线
U01160,2024-03-03,口碑推荐,Android,一线
U01161,2024-11-27,自然搜索,iOS,二线
U01162,2024-05-11,付费广告,iOS,三线
U01163,2024-07-30,自然搜索,Android,三线
U01164,2024-11-10,付费广告,Android,二线
U01165,2024-05-26,自然搜索,iOS,二线
U01166,2024-11-26,付费广告,iOS,四线及以下
U01167,2024-11-28,付费广告,iOS,二线
U01168,2024-09-17,应用商店,iOS,四线及以下
U01169,2024-01-30,自然搜索,iOS,二线
U01170,2024-07-14,自然搜索,iOS,三线
U01171,2024-10-13,自然搜索,Android,一线
U01172,2024-12-27,社交媒体,Android,三线
U01173,2024-10-17,自然搜索,Android,四线及以下
U01174,2024-07-05,口碑推荐,Android,四线及以下
U01175,2024-10-17,付费广告,Android,四线及以下
U01176,2024-09-25,付费广告,Android,二线
U01177,2024-11-18,社交媒体,Android,三线
U01178,2024-04-29,自然搜索,Android,二线
U01179,2024-11-14,自然搜索,Android,三线
U01180,2024-09-25,付费广告,iOS,一线
U01181,2024-12-24,社交媒体,Android,四线及以下
U01182,2024-08-01,自然搜索,Android,四线及以下
U01183,2024-10-17,自然搜索,Android,二线
U01184,2024-12-18,应用商店,Android,二线
U01185,2024-04-26,自然搜索,Android,一线
U01186,2024-12-19,口碑推荐,Android,三线
U01187,2024-10-29,口碑推荐,iOS,二线
U01188,2024-04-05,自然搜索,Android,四线及以下
U01189,2024-07-19,自然搜索,iOS,三线
U01190,2024-11-03,自然搜索,Android,三线
U01191,2024-04-04,社交媒体,Android,三线
U01192,2024-10-05,社交媒体,iOS,一线
U01193,2024-08-02,口碑推荐,iOS,四线及以下
U01194,2024-10-14,应用商店,Android,三线
U01195,2024-03-19,社交媒体,iOS,四线及以下
U01196,2024-12-06,自然搜索,iOS,二线
U01197,2024-12-26,自然搜索,Android,三线
U01198,2024-12-25,口碑推荐,iOS,一线
U01199,2024-11-12,自然搜索,iOS,三线
U01200,2024-05-11,自然搜索,Android,三线
U01201,2024-11-13,社交媒体,iOS,三线
U01202,2024-02-27,付费广告,iOS,三线
U01203,2024-02-24,应用商店,Android,一线
U01204,2024-07-26,社交媒体,Android,四线及以下
U01205,2024-09-12,自然搜索,Android,四线及以下
U01206,2024-11-16,应用商店,Android,一线
U01207,2024-10-28,自然搜索,Android,四线及以下
U01208,2024-08-31,付费广告,iOS,二线
U01209,2024-07-09,付费广告,iOS,三线
U01210,2024-12-30,自然搜索,iOS,二线
U01211,2024-08-26,付费广告,iOS,四线及以下
U01212,2024-09-02,自然搜索,Android,一线
U01213,2024-05-27,付费广告,Android,二线
U01214,2024-11-21,付费广告,iOS,二线
U01215,2024-10-30,口碑推荐,Android,二线
U01216,2024-06-20,口碑推荐,iOS,三线
U01217,2024-04-14,自然搜索,iOS,一线
U01218,2024-10-28,付费广告,Android,三线
U01219,2024-10-22,付费广告,iOS,四线及以下
U01220,2024-07-09,自然搜索,iOS,四线及以下
U01221,2024-12-21,口碑推荐,iOS,四线及以下
U01222,2024-05-21,社交媒体,iOS,二线
U01223,2024-08-27,自然搜索,Android,二线
U01224,2024-12-20,付费广告,Android,二线
U01225,2024-08-24,自然搜索,iOS,一线
U01226,2024-10-18,社交媒体,iOS,四线及以下
U01227,2024-08-18,自然搜索,Android,一线
U01228,2024-07-10,应用商店,Android,四线及以下
U01229,2024-12-28,口碑推荐,iOS,一线
U01230,2024-08-21,付费广告,iOS,四线及以下
U01231,2024-12-11,社交媒体,Android,一线
U01232,2024-06-24,应用商店,Android,一线
U01233,2024-06-17,社交媒体,iOS,三线
U01234,2024-03-05,自然搜索,Android,二线
U01235,2024-10-21,付费广告,iOS,三线
U01236,2024-08-09,口碑推荐,iOS,三线
U01237,2024-12-05,社交媒体,iOS,一线
U01238,2024-09-08,社交媒体,Android,四线及以下
U01239,2024-12-25,口碑推荐,iOS,二线
U01240,2024-06-06,口碑推荐,iOS,三线
U01241,2024-12-06,应用商店,iOS,二线
U01242,2024-11-17,自然搜索,Android,三线
U01243,2024-11-16,付费广告,iOS,二线
U01244,2024-12-01,社交媒体,iOS,一线
U01245,2024-11-14,口碑推荐,iOS,二线
U01246,2024-10-15,社交媒体,Android,二线
U01247,2024-05-12,自然搜索,iOS,二线
U01248,2024-03-06,口碑推荐,iOS,三线
U01249,2024-12-16,社交媒体,iOS,三线
U01250,2024-10-13,自然搜索,Android,一线
U01251,2024-11-21,付费广告,Android,二线
U01252,2024-09-10,自然搜索,Android,二线
U01253,2024-05-05,付费广告,Android,一线
U01254,2024-05-09,自然搜索,Android,一线
U01255,2024-10-29,付费广告,iOS,一线
U01256,2024-08-27,付费广告,Android,四线及以下
U01257,2024-06-12,社交媒体,iOS,三线
U01258,2024-09-12,社交媒体,iOS,一线
U01259,2024-04-02,口碑推荐,Android,一线
U01260,2024-10-05,自然搜索,iOS,三线
U01261,2024-07-08,自然搜索,iOS,二线
U01262,2024-11-21,口碑推荐,iOS,三线
U01263,2024-07-22,自然搜索,Android,四线及以下
U01264,2024-09-03,应用商店,iOS,三线
U01265,2024-02-09,口碑推荐,Android,一线
U01266,2024-04-08,付费广告,Android,三线
U01267,2024-08-16,应用商店,Android,四线及以下
U01268,2024-09-09,自然搜索,iOS,三线
U01269,2024-10-09,付费广告,Android,三线
U01270,2024-07-16,社交媒体,iOS,二线
U01271,2024-10-31,付费广告,iOS,二线
U01272,2024-12-04,应用商店,iOS,三线
U01273,2024-11-18,自然搜索,Android,四线及以下
U01274,2024-03-13,付费广告,iOS,三线
U01275,2024-09-10,社交媒体,iOS,三线
U01276,2024-04-28,社交媒体,iOS,一线
U01277,2024-06-28,自然搜索,iOS,一线
U01278,2024-12-28,付费广告,Android,二线
U01279,2024-05-17,口碑推荐,Android,一线
U01280,2024-09-14,自然搜索,Android,三线
U01281,2024-10-13,口碑推荐,iOS,二线
U01282,2024-11-01,社交媒体,iOS,三线
U01283,2024-09-30,口碑推荐,Android,四线及以下
U01284,2024-02-06,社交媒体,iOS,二线
U01285,2024-07-27,自然搜索,Android,一线
U01286,2024-09-19,社交媒体,iOS,三线
U01287,2024-04-18,口碑推荐,Android,四线及以下
U01288,2024-08-04,付费广告,iOS,三线
U01289,2024-03-07,应用商店,iOS,一线
U01290,2024-04-12,付费广告,Android,一线
U01291,2024-08-17,自然搜索,Android,二线
U01292,2024-05-12,付费广告,iOS,一线
U01293,2024-10-01,应用商店,Android,四线及以下
U01294,2024-10-30,付费广告,Android,四线及以下
U01295,2024-11-22,口碑推荐,iOS,二线
U01296,2024-06-12,口碑推荐,iOS,二线
U01297,2024-05-29,付费广告,iOS,一线
U01298,2024-04-28,自然搜索,iOS,四线及以下
U01299,2024-10-18,社交媒体,Android,二线
U01300,2024-11-02,付费广告,iOS,三线
U01301,2024-03-05,口碑推荐,iOS,二线
U01302,2024-12-19,付费广告,iOS,三线
U01303,2024-03-24,付费广告,iOS,二线
U01304,2024-09-25,口碑推荐,iOS,二线
U01305,2024-11-03,付费广告,iOS,三线
U01306,2024-12-06,付费广告,iOS,三线
U01307,2024-11-04,付费广告,Android,二线
U01308,2024-11-22,付费广告,iOS,一线
U01309,2024-07-31,付费广告,Android,二线
U01310,2024-11-25,口碑推荐,iOS,二线
U01311,2024-04-13,付费广告,iOS,三线
U01312,2024-12-11,付费广告,iOS,四线及以下
U01313,2024-09-27,社交媒体,iOS,一线
U01314,2024-11-25,自然搜索,Android,一线
U01315,2024-09-02,自然搜索,Android,一线
U01316,2024-10-19,应用商店,Android,二线
U01317,2024-09-21,社交媒体,Android,二线
U01318,2024-11-08,社交媒体,iOS,三线
U01319,2024-04-14,社交媒体,iOS,一线
U01320,2024-03-30,自然搜索,Android,三线
U01321,2024-06-30,社交媒体,Android,四线及以下
U01322,2024-05-25,付费广告,Android,四线及以下
U01323,2024-12-06,付费广告,iOS,四线及以下
U01324,2024-06-19,付费广告,iOS,三线
U01325,2024-12-26,自然搜索,Android,四线及以下
U01326,2024-07-30,自然搜索,iOS,一线
U01327,2024-06-04,应用商店,iOS,一线
U01328,2024-11-20,付费广告,iOS,一线
U01329,2024-10-23,付费广告,Android,三线
U01330,2024-09-14,自然搜索,iOS,四线及以下
U01331,2024-09-29,自然搜索,Android,一线
U01332,2024-11-05,社交媒体,iOS,三线
U01333,2024-06-23,付费广告,Android,三线
U01334,2024-12-30,付费广告,Android,四线及以下
U01335,2024-12-26,自然搜索,iOS,三线
U01336,2024-10-21,社交媒体,Android,四线及以下
U01337,2024-06-12,自然搜索,iOS,二线
U01338,2024-10-28,自然搜索,iOS,二线
U01339,2024-04-08,付费广告,Android,二线
U01340,2024-03-04,自然搜索,iOS,二线
U01341,2024-07-04,自然搜索,iOS,一线
U01342,2024-09-05,社交媒体,iOS,三线
U01343,2024-12-06,社交媒体,iOS,三线
U01344,2024-11-07,口碑推荐,Android,三线
U01345,2024-11-10,付费广告,iOS,二线
U01346,2024-08-26,自然搜索,Android,二线
U01347,2024-08-02,自然搜索,Android,二线
U01348,2024-08-10,应用商店,iOS,一线
U01349,2024-12-28,社交媒体,iOS,三线
U01350,2024-03-14,社交媒体,Android,一线
U01351,2024-12-05,自然搜索,iOS,一线
U01352,2024-10-04,付费广告,iOS,三线
U01353,2024-08-29,自然搜索,iOS,一线
U01354,2024-11-06,社交媒体,Android,四线及以下
U01355,2024-09-11,应用商店,Android,二线
U01356,2024-12-07,应用商店,iOS,四线及以下
U01357,2024-12-12,付费广告,iOS,一线
U01358,2024-08-25,付费广告,Android,三线
U01359,2024-07-11,应用商店,Android,二线
U01360,2024-10-07,社交媒体,Android,四线及以下
U01361,2024-12-14,自然搜索,Android,二线
U01362,2024-06-16,付费广告,iOS,二线
U01363,2024-10-15,自然搜索,Android,四线及以下
U01364,2024-10-17,付费广告,iOS,二线
U01365,2024-11-08,付费广告,iOS,一线
U01366,2024-05-12,社交媒体,Android,二线
U01367,2024-11-04,付费广告,iOS,三线
U01368,2024-12-14,自然搜索,Android,二线
U01369,2024-06-03,付费广告,iOS,二线
U01370,2024-06-26,口碑推荐,Android,一线
U01371,2024-12-25,社交媒体,Android,三线
U01372,2024-06-04,付费广告,iOS,三线
U01373,2024-12-03,应用商店,Android,二线
U01374,2024-09-13,应用商店,iOS,二线
U01375,2024-06-30,自然搜索,Android,一线
U01376,2024-12-06,自然搜索,iOS,一线
U01377,2024-08-31,社交媒体,Android,一线
U01378,2024-09-18,口碑推荐,iOS,二线
U01379,2024-08-06,应用商店,iOS,二线
U01380,2024-10-08,口碑推荐,iOS,四线及以下
U01381,2024-05-27,社交媒体,iOS,一线
U01382,2024-08-16,付费广告,Android,三线
U01383,2024-12-25,自然搜索,Android,二线
U01384,2024-07-04,自然搜索,Android,二线
U01385,2024-10-22,付费广告,iOS,四线及以下
U01386,2024-07-27,社交媒体,iOS,一线
U01387,2024-11-17,社交媒体,iOS,一线
U01388,2024-05-12,社交媒体,Android,三线
U01389,2024-12-25,自然搜索,Android,二线
U01390,2024-09-02,社交媒体,iOS,一线
U01391,2024-06-26,自然搜索,iOS,二线
U01392,2024-04-08,付费广告,iOS,二线
U01393,2024-05-30,口碑推荐,Android,三线
U01394,2024-09-20,社交媒体,Android,一线
U01395,2024-07-30,应用商店,Android,二线
U01396,2024-11-28,自然搜索,iOS,二线
U01397,2024-08-27,付费广告,Android,二线
U01398,2024-07-01,付费广告,Android,四线及以下
U01399,2024-10-13,付费广告,iOS,一线
U01400,2024-11-02,口碑推荐,iOS,四线及以下
U01401,2024-05-29,社交媒体,iOS,三线
U01402,2024-05-29,口碑推荐,iOS,三线
U01403,2024-03-10,自然搜索,Android,二线
U01404,2024-11-09,口碑推荐,iOS,二线
U01405,2024-10-24,自然搜索,Android,四线及以下
U01406,2024-09-08,口碑推荐,Android,四线及以下
U01407,2024-12-01,付费广告,iOS,一线
U01408,2024-11-23,付费广告,Android,一线
U01409,2024-10-06,付费广告,iOS,二线
U01410,2024-12-06,应用商店,iOS,四线及以下
U01411,2024-06-14,自然搜索,iOS,二线
U01412,2024-05-02,付费广告,iOS,三线
U01413,2024-07-08,口碑推荐,iOS,三线
U01414,2024-03-28,付费广告,iOS,三线
U01415,2024-09-23,自然搜索,iOS,三线
U01416,2024-12-19,付费广告,iOS,二线
U01417,2024-03-13,付费广告,Android,四线及以下
U01418,2024-05-07,应用商店,iOS,三线
U01419,2024-09-02,口碑推荐,Android,三线
U01420,2024-12-18,付费广告,iOS,二线
U01421,2024-07-24,应用商店,Android,三线
U01422,2024-09-16,付费广告,iOS,二线
U01423,2024-03-15,自然搜索,Android,一线
U01424,2024-05-20,自然搜索,iOS,三线
U01425,2024-12-28,付费广告,Android,二线
U01426,2024-12-24,自然搜索,iOS,三线
U01427,2024-01-26,应用商店,iOS,二线
U01428,2024-12-22,口碑推荐,Android,三线
U01429,2024-10-18,自然搜索,iOS,二线
U01430,2024-12-06,社交媒体,iOS,三线
U01431,2024-09-03,社交媒体,iOS,二线
U01432,2024-09-19,应用商店,Android,三线
U01433,2024-09-12,口碑推荐,Android,四线及以下
U01434,2024-10-25,付费广告,iOS,二线
U01435,2024-05-16,口碑推荐,Android,二线
U01436,2024-03-04,社交媒体,iOS,三线
U01437,2024-07-21,社交媒体,iOS,三线
U01438,2024-11-02,自然搜索,Android,三线
U01439,2024-06-12,自然搜索,Android,三线
U01440,2024-10-26,付费广告,Android,二线
U01441,2024-12-25,自然搜索,iOS,二线
U01442,2024-04-21,自然搜索,iOS,二线
U01443,2024-10-26,社交媒体,iOS,一线
U01444,2024-08-31,自然搜索,iOS,三线
U01445,2024-12-06,社交媒体,iOS,一线
U01446,2024-06-02,付费广告,Android,四线及以下
U01447,2024-10-30,应用商店,Android,四线及以下
U01448,2024-11-30,付费广告,iOS,四线及以下
U01449,2024-12-20,自然搜索,iOS,四线及以下
U01450,2024-10-28,社交媒体,Android,二线
U01451,2024-09-14,口碑推荐,iOS,四线及以下
U01452,2024-10-13,应用商店,Android,一线
U01453,2024-12-06,付费广告,iOS,一线
U01454,2024-10-02,付费广告,iOS,三线
U01455,2024-03-04,应用商店,Android,一线
U01456,2024-12-18,自然搜索,iOS,四线及以下
U01457,2024-10-30,社交媒体,iOS,三线
U01458,2024-10-27,付费广告,iOS,三线
U01459,2024-06-18,自然搜索,Android,一线
U01460,2024-10-23,付费广告,Android,三线
U01461,2024-08-17,自然搜索,iOS,一线
U01462,2024-10-21,社交媒体,iOS,四线及以下
U01463,2024-04-29,应用商店,Android,一线
U01464,2024-10-23,自然搜索,iOS,三线
U01465,2024-12-30,口碑推荐,Android,一线
U01466,2024-03-21,自然搜索,iOS,一线
U01467,2024-12-26,付费广告,iOS,二线
U01468,2024-08-20,自然搜索,Android,一线
U01469,2024-12-06,应用商店,iOS,三线
U01470,2024-11-18,口碑推荐,Android,一线
U01471,2024-10-01,社交媒体,iOS,二线
U01472,2024-11-09,口碑推荐,iOS,三线
U01473,2024-12-08,社交媒体,Android,二线
U01474,2024-08-20,应用商店,iOS,二线
U01475,2024-07-27,社交媒体,Android,四线及以下
U01476,2024-10-25,应用商店,iOS,一线
U01477,2024-11-24,付费广告,Android,一线
U01478,2024-11-14,自然搜索,Android,二线
U01479,2024-11-22,付费广告,iOS,二线
U01480,2024-08-28,自然搜索,Android,二线
U01481,2024-11-26,社交媒体,Android,二线
U01482,2024-05-06,付费广告,iOS,三线
U01483,2024-09-26,社交媒体,Android,一线
U01484,2024-01-28,自然搜索,Android,二线
U01485,2024-07-26,自然搜索,iOS,二线
U01486,2024-08-08,付费广告,iOS,三线
U01487,2024-08-17,应用商店,iOS,四线及以下
U01488,2024-10-31,付费广告,iOS,二线
U01489,2024-08-15,付费广告,Android,四线及以下
U01490,2024-09-01,社交媒体,iOS,二线
U01491,2024-06-26,社交媒体,Android,一线
U01492,2024-08-10,自然搜索,iOS,一线
U01493,2024-06-23,付费广告,iOS,二线
U01494,2024-04-08,自然搜索,Android,二线
U01495,2024-10-10,应用商店,iOS,一线
U01496,2024-10-25,自然搜索,iOS,二线
U01497,2024-10-14,付费广告,iOS,二线
U01498,2024-09-05,自然搜索,iOS,一线
U01499,2024-08-12,自然搜索,iOS,二线
U01500,2024-12-05,口碑推荐,Android,四线及以下
U01501,2024-09-19,自然搜索,iOS,二线
U01502,2024-09-09,自然搜索,Android,三线
U01503,2024-02-28,付费广告,Android,三线
U01504,2024-08-01,自然搜索,iOS,二线
U01505,2024-08-13,自然搜索,iOS,一线
U01506,2024-08-18,口碑推荐,Android,二线
U01507,2024-10-05,口碑推荐,Android,三线
U01508,2024-09-23,应用商店,iOS,二线
U01509,2024-10-11,口碑推荐,iOS,一线
U01510,2024-11-15,社交媒体,iOS,一线
U01511,2024-11-25,自然搜索,iOS,四线及以下
U01512,2024-11-05,口碑推荐,Android,二线
U01513,2024-12-22,口碑推荐,Android,三线
U01514,2024-02-19,口碑推荐,iOS,二线
U01515,2024-06-10,付费广告,Android,四线及以下
U01516,2024-02-01,自然搜索,Android,二线
U01517,2024-10-20,口碑推荐,iOS,二线
U01518,2024-12-11,社交媒体,iOS,四线及以下
U01519,2024-06-29,应用商店,Android,三线
U01520,2024-12-17,自然搜索,Android,一线
U01521,2024-03-30,自然搜索,Android,一线
U01522,2024-12-18,自然搜索,iOS,三线
U01523,2024-08-04,口碑推荐,iOS,四线及以下
U01524,2024-04-26,自然搜索,iOS,二线
U01525,2024-09-11,自然搜索,Android,三线
U01526,2024-07-03,应用商店,Android,三线
U01527,2024-07-13,自然搜索,iOS,二线
U01528,2024-07-21,口碑推荐,Android,三线
U01529,2024-11-23,付费广告,Android,一线
U01530,2024-09-25,口碑推荐,Android,四线及以下
U01531,2024-07-22,社交媒体,Android,三线
U01532,2024-10-12,应用商店,iOS,三线
U01533,2024-11-04,应用商店,Android,二线
U01534,2024-07-09,自然搜索,iOS,一线
U01535,2024-08-22,自然搜索,iOS,二线
U01536,2024-05-07,自然搜索,Android,三线
U01537,2024-06-04,社交媒体,Android,三线
U01538,2024-10-28,口碑推荐,iOS,二线
U01539,2024-06-04,付费广告,Android,三线
U01540,2024-09-21,社交媒体,Android,四线及以下
U01541,2024-11-03,自然搜索,Android,一线
U01542,2024-04-29,口碑推荐,iOS,二线
U01543,2024-10-01,应用商店,Android,三线
U01544,2024-07-03,自然搜索,iOS,二线
U01545,2024-12-24,付费广告,iOS,三线
U01546,2024-09-10,自然搜索,iOS,二线
U01547,2024-11-23,社交媒体,iOS,四线及以下
U01548,2024-09-27,付费广告,Android,一线
U01549,2024-03-17,自然搜索,iOS,二线
U01550,2024-10-17,付费广告,Android,一线
U01551,2024-12-22,付费广告,iOS,一线
U01552,2024-10-10,付费广告,Android,二线
U01553,2024-11-26,社交媒体,Android,一线
U01554,2024-12-09,自然搜索,Android,四线及以下
U01555,2024-06-23,口碑推荐,Android,四线及以下
U01556,2024-06-17,社交媒体,Android,二线
U01557,2024-10-12,付费广告,Android,三线
U01558,2024-08-22,自然搜索,Android,二线
U01559,2024-11-30,口碑推荐,iOS,四线及以下
U01560,2024-12-12,应用商店,Android,三线
U01561,2024-08-04,自然搜索,iOS,一线
U01562,2024-06-26,付费广告,iOS,三线
U01563,2024-11-18,自然搜索,Android,三线
U01564,2024-07-10,社交媒体,iOS,二线
U01565,2024-11-27,自然搜索,Android,四线及以下
U01566,2024-08-25,付费广告,iOS,四线及以下
U01567,2024-10-25,社交媒体,iOS,二线
U01568,2024-04-22,社交媒体,iOS,三线
U01569,2024-10-15,付费广告,iOS,四线及以下
U01570,2024-09-02,付费广告,Android,二线
U01571,2024-10-06,社交媒体,iOS,二线
U01572,2024-05-29,自然搜索,iOS,一线
U01573,2024-11-09,自然搜索,iOS,四线及以下
U01574,2024-12-05,口碑推荐,iOS,三线
U01575,2024-06-18,自然搜索,Android,一线
U01576,2024-04-22,社交媒体,iOS,四线及以下
U01577,2024-02-26,应用商店,Android,三线
U01578,2024-10-19,自然搜索,Android,四线及以下
U01579,2024-10-11,付费广告,Android,一线
U01580,2024-09-26,社交媒体,Android,二线
U01581,2024-06-24,口碑推荐,iOS,三线
U01582,2024-08-16,应用商店,iOS,二线
U01583,2024-10-08,社交媒体,Android,三线
U01584,2024-09-14,自然搜索,Android,四线及以下
U01585,2024-12-28,社交媒体,Android,二线
U01586,2024-05-14,付费广告,Android,四线及以下
U01587,2024-10-31,付费广告,iOS,一线
U01588,2024-08-20,自然搜索,iOS,二线
U01589,2024-08-26,自然搜索,Android,一线
U01590,2024-11-05,口碑推荐,Android,二线
U01591,2024-10-30,付费广告,iOS,二线
U01592,2024-12-29,付费广告,Android,四线及以下
U01593,2024-05-10,付费广告,iOS,三线
U01594,2024-04-27,口碑推荐,iOS,二线
U01595,2024-11-06,社交媒体,Android,三线
U01596,2024-10-04,自然搜索,Android,一线
U01597,2024-07-10,自然搜索,iOS,一线
U01598,2024-04-12,自然搜索,iOS,三线
U01599,2024-04-16,应用商店,iOS,三线
U01600,2024-12-11,社交媒体,Android,三线
U01601,2024-06-08,付费广告,iOS,二线
U01602,2024-07-26,社交媒体,Android,三线
U01603,2024-06-22,付费广告,Android,三线
U01604,2024-08-05,口碑推荐,Android,四线及以下
U01605,2024-04-06,付费广告,iOS,一线
U01606,2024-09-19,自然搜索,Android,三线
U01607,2024-04-04,自然搜索,iOS,三线
U01608,2024-11-22,付费广告,iOS,四线及以下
U01609,2024-06-25,应用商店,iOS,一线
U01610,2024-09-25,付费广告,iOS,二线
U01611,2024-12-08,口碑推荐,Android,二线
U01612,2024-10-21,口碑推荐,iOS,二线
U01613,2024-09-23,自然搜索,iOS,一线
U01614,2024-07-26,自然搜索,Android,一线
U01615,2024-07-29,自然搜索,iOS,三线
U01616,2024-10-25,社交媒体,Android,二线
U01617,2024-12-29,自然搜索,iOS,一线
U01618,2024-10-23,付费广告,iOS,二线
U01619,2024-09-29,付费广告,Android,一线
U01620,2024-11-07,社交媒体,iOS,四线及以下
U01621,2024-09-05,自然搜索,Android,三线
U01622,2024-03-30,付费广告,iOS,四线及以下
U01623,2024-09-30,付费广告,iOS,二线
U01624,2024-12-23,付费广告,iOS,四线及以下
U01625,2024-06-01,口碑推荐,iOS,二线
U01626,2024-10-30,自然搜索,iOS,三线
U01627,2024-06-12,口碑推荐,Android,二线
U01628,2024-09-24,社交媒体,iOS,三线
U01629,2024-04-23,社交媒体,iOS,三线
U01630,2024-09-01,社交媒体,iOS,二线
U01631,2024-11-13,付费广告,Android,一线
U01632,2024-08-03,自然搜索,Android,三线
U01633,2024-10-24,社交媒体,Android,二线
U01634,2024-11-21,付费广告,Android,一线
U01635,2024-12-17,社交媒体,iOS,二线
U01636,2024-06-25,付费广告,iOS,二线
U01637,2024-08-18,应用商店,Android,四线及以下
U01638,2024-05-22,社交媒体,Android,一线
U01639,2024-12-29,自然搜索,iOS,二线
U01640,2024-12-17,付费广告,iOS,四线及以下
U01641,2024-09-25,口碑推荐,Android,三线
U01642,2024-11-30,口碑推荐,Android,二线
U01643,2024-09-20,付费广告,iOS,四线及以下
U01644,2024-10-15,口碑推荐,Android,二线
U01645,2024-04-18,自然搜索,iOS,二线
U01646,2024-11-13,付费广告,iOS,四线及以下
U01647,2024-05-10,口碑推荐,iOS,四线及以下
U01648,2024-11-27,口碑推荐,iOS,二线
U01649,2024-11-18,社交媒体,iOS,一线
U01650,2024-11-03,口碑推荐,Android,二线
U01651,2024-03-10,自然搜索,iOS,一线
U01652,2024-07-19,口碑推荐,Android,一线
U01653,2024-07-06,付费广告,iOS,二线
U01654,2024-08-07,自然搜索,iOS,四线及以下
U01655,2024-04-18,自然搜索,Android,四线及以下
U01656,2024-12-19,付费广告,Android,二线
U01657,2024-09-28,自然搜索,Android,三线
U01658,2024-07-20,付费广告,Android,一线
U01659,2024-08-17,自然搜索,iOS,一线
U01660,2024-09-01,自然搜索,iOS,一线
U01661,2024-10-09,社交媒体,Android,三线
U01662,2024-09-19,付费广告,Android,一线
U01663,2024-12-15,付费广告,Android,四线及以下
U01664,2024-09-14,社交媒体,Android,三线
U01665,2024-12-29,口碑推荐,Android,一线
U01666,2024-12-02,口碑推荐,iOS,一线
U01667,2024-06-15,付费广告,Android,三线
U01668,2024-12-18,社交媒体,Android,四线及以下
U01669,2024-05-04,自然搜索,Android,三线
U01670,2024-11-26,自然搜索,iOS,二线
U01671,2024-08-13,付费广告,iOS,三线
U01672,2024-12-08,口碑推荐,iOS,二线
U01673,2024-12-06,自然搜索,iOS,四线及以下
U01674,2024-11-23,自然搜索,Android,三线
U01675,2024-11-20,自然搜索,iOS,三线
U01676,2024-07-20,口碑推荐,iOS,二线
U01677,2024-04-13,社交媒体,iOS,三线
U01678,2024-08-19,自然搜索,Android,二线
U01679,2024-06-01,社交媒体,iOS,一线
U01680,2024-10-31,付费广告,iOS,二线
U01681,2024-08-02,社交媒体,iOS,四线及以下
U01682,2024-12-26,自然搜索,iOS,三线
U01683,2024-10-19,口碑推荐,iOS,一线
U01684,2024-11-27,付费广告,iOS,四线及以下
U01685,2024-05-12,社交媒体,Android,二线
U01686,2024-12-04,自然搜索,iOS,一线
U01687,2024-12-16,付费广告,iOS,二线
U01688,2024-09-11,付费广告,Android,三线
U01689,2024-10-11,付费广告,iOS,二线
U01690,2024-11-15,自然搜索,Android,二线
U01691,2024-06-01,口碑推荐,iOS,三线
U01692,2024-09-15,自然搜索,Android,二线
U01693,2024-08-18,社交媒体,Android,三线
U01694,2024-05-19,口碑推荐,Android,一线
U01695,2024-08-09,社交媒体,iOS,三线
U01696,2024-04-05,社交媒体,iOS,三线
U01697,2024-02-28,社交媒体,iOS,三线
U01698,2024-05-14,付费广告,Android,二线
U01699,2024-12-24,口碑推荐,Android,三线
U01700,2024-09-27,自然搜索,iOS,一线
U01701,2024-12-24,社交媒体,iOS,四线及以下
U01702,2024-08-28,社交媒体,iOS,一线
U01703,2024-07-22,付费广告,iOS,一线
U01704,2024-09-16,付费广告,iOS,三线
U01705,2024-08-29,付费广告,iOS,三线
U01706,2024-04-28,口碑推荐,Android,一线
U01707,2024-10-19,应用商店,Android,四线及以下
U01708,2024-06-18,付费广告,Android,四线及以下
U01709,2024-10-14,社交媒体,iOS,三线
U01710,2024-10-21,应用商店,Android,二线
U01711,2024-05-22,自然搜索,Android,三线
U01712,2024-03-31,自然搜索,iOS,二线
U01713,2024-11-18,社交媒体,Android,二线
U01714,2024-09-04,口碑推荐,iOS,四线及以下
U01715,2024-03-29,口碑推荐,iOS,四线及以下
U01716,2024-12-30,付费广告,iOS,四线及以下
U01717,2024-03-28,自然搜索,iOS,二线
U01718,2024-10-31,付费广告,Android,一线
U01719,2024-12-28,自然搜索,iOS,二线
U01720,2024-06-27,自然搜索,iOS,二线
U01721,2024-05-17,口碑推荐,iOS,二线
U01722,2024-05-07,自然搜索,Android,二线
U01723,2024-07-20,口碑推荐,iOS,三线
U01724,2024-04-26,付费广告,Android,三线
U01725,2024-10-30,社交媒体,Android,三线
U01726,2024-04-01,自然搜索,iOS,四线及以下
U01727,2024-09-17,付费广告,iOS,一线
U01728,2024-12-30,自然搜索,Android,一线
U01729,2024-11-25,应用商店,iOS,三线
U01730,2024-10-13,口碑推荐,iOS,二线
U01731,2024-07-20,付费广告,Android,三线
U01732,2024-10-15,自然搜索,iOS,一线
U01733,2024-09-21,应用商店,iOS,二线
U01734,2024-08-26,付费广告,iOS,三线
U01735,2024-05-11,自然搜索,iOS,四线及以下
U01736,2024-12-09,社交媒体,Android,四线及以下
U01737,2024-09-01,应用商店,Android,二线
U01738,2024-06-10,自然搜索,Android,二线
U01739,2024-08-09,自然搜索,Android,四线及以下
U01740,2024-08-22,应用商店,iOS,二线
U01741,2024-11-28,自然搜索,iOS,二线
U01742,2024-11-08,自然搜索,iOS,四线及以下
U01743,2024-11-16,社交媒体,iOS,三线
U01744,2024-02-08,口碑推荐,Android,四线及以下
U01745,2024-08-23,付费广告,Android,一线
U01746,2024-09-10,应用商店,iOS,二线
U01747,2024-02-20,社交媒体,iOS,四线及以下
U01748,2024-07-05,自然搜索,iOS,一线
U01749,2024-11-14,应用商店,iOS,三线
U01750,2024-05-15,付费广告,iOS,一线
U01751,2024-09-24,自然搜索,iOS,四线及以下
U01752,2024-06-18,社交媒体,Android,三线
U01753,2024-02-10,付费广告,Android,一线
U01754,2024-06-28,自然搜索,iOS,二线
U01755,2024-12-26,自然搜索,iOS,三线
U01756,2024-11-22,付费广告,iOS,三线
U01757,2024-12-23,口碑推荐,Android,二线
U01758,2024-09-11,社交媒体,Android,四线及以下
U01759,2024-04-30,应用商店,Android,二线
U01760,2024-09-27,自然搜索,iOS,二线
U01761,2024-09-03,自然搜索,Android,一线
U01762,2024-12-01,自然搜索,iOS,四线及以下
U01763,2024-04-24,自然搜索,Android,一线
U01764,2024-09-12,自然搜索,iOS,二线
U01765,2024-05-21,口碑推荐,iOS,四线及以下
U01766,2024-07-26,应用商店,Android,一线
U01767,2024-11-09,应用商店,iOS,二线
U01768,2024-09-08,自然搜索,iOS,一线
U01769,2024-08-11,口碑推荐,iOS,三线
U01770,2024-08-17,付费广告,iOS,三线
U01771,2024-09-04,自然搜索,iOS,四线及以下
U01772,2024-11-19,口碑推荐,iOS,四线及以下
U01773,2024-12-10,社交媒体,iOS,三线
U01774,2024-12-22,自然搜索,iOS,三线
U01775,2024-11-19,付费广告,Android,二线
U01776,2024-07-23,自然搜索,iOS,二线
U01777,2024-10-29,社交媒体,iOS,三线
U01778,2024-08-29,付费广告,iOS,四线及以下
U01779,2024-07-03,应用商店,Android,二线
U01780,2024-11-30,自然搜索,Android,二线
U01781,2024-03-12,付费广告,iOS,二线
U01782,2024-12-12,付费广告,Android,二线
U01783,2024-09-04,付费广告,Android,一线
U01784,2024-10-18,付费广告,Android,二线
U01785,2024-10-23,社交媒体,Android,二线
U01786,2024-12-11,口碑推荐,Android,三线
U01787,2024-10-18,应用商店,Android,二线
U01788,2024-10-12,口碑推荐,Android,三线
U01789,2024-04-04,口碑推荐,iOS,四线及以下
U01790,2024-09-19,社交媒体,Android,四线及以下
U01791,2024-05-21,口碑推荐,Android,三线
U01792,2024-11-09,付费广告,iOS,一线
U01793,2024-09-18,付费广告,Android,四线及以下
U01794,2024-10-28,付费广告,iOS,三线
U01795,2024-03-15,付费广告,iOS,二线
U01796,2024-04-16,自然搜索,Android,一线
U01797,2024-11-04,应用商店,iOS,一线
U01798,2024-04-07,付费广告,iOS,一线
U01799,2024-04-07,自然搜索,iOS,一线
U01800,2024-02-10,付费广告,iOS,四线及以下
U01801,2024-12-22,自然搜索,iOS,二线
U01802,2024-11-09,自然搜索,iOS,三线
U01803,2024-08-04,自然搜索,iOS,四线及以下
U01804,2024-07-17,付费广告,Android,三线
U01805,2024-08-03,付费广告,Android,四线及以下
U01806,2024-11-17,口碑推荐,iOS,四线及以下
U01807,2024-10-23,社交媒体,Android,二线
U01808,2024-06-06,付费广告,iOS,四线及以下
U01809,2024-06-01,付费广告,iOS,三线
U01810,2024-04-24,付费广告,iOS,一线
U01811,2024-10-23,口碑推荐,Android,三线
U01812,2024-11-15,自然搜索,Android,三线
U01813,2024-07-06,自然搜索,iOS,四线及以下
U01814,2024-02-22,口碑推荐,iOS,二线
U01815,2024-04-14,付费广告,iOS,三线
U01816,2024-12-25,自然搜索,iOS,一线
U01817,2024-07-17,自然搜索,Android,二线
U01818,2024-11-16,应用商店,iOS,一线
U01819,2024-10-15,口碑推荐,Android,二线
U01820,2024-08-13,社交媒体,iOS,四线及以下
U01821,2024-06-14,付费广告,Android,一线
U01822,2024-05-07,付费广告,Android,二线
U01823,2024-10-13,应用商店,iOS,一线
U01824,2024-11-17,应用商店,Android,一线
U01825,2024-10-19,自然搜索,Android,二线
U01826,2024-09-22,口碑推荐,iOS,一线
U01827,2024-03-15,自然搜索,iOS,三线
U01828,2024-12-25,自然搜索,Android,一线
U01829,2024-11-22,社交媒体,iOS,一线
U01830,2024-07-16,付费广告,iOS,二线
U01831,2024-12-27,应用商店,iOS,三线
U01832,2024-10-10,自然搜索,Android,一线
U01833,2024-10-05,付费广告,Android,三线
U01834,2024-11-11,应用商店,Android,四线及以下
U01835,2024-11-24,应用商店,iOS,三线
U01836,2024-10-22,自然搜索,iOS,一线
U01837,2024-05-10,付费广告,Android,三线
U01838,2024-07-31,社交媒体,Android,三线
U01839,2024-12-17,自然搜索,iOS,一线
U01840,2024-06-21,应用商店,iOS,四线及以下
U01841,2024-08-10,应用商店,iOS,四线及以下
U01842,2024-08-27,自然搜索,Android,四线及以下
U01843,2024-08-29,自然搜索,Android,四线及以下
U01844,2024-10-12,自然搜索,Android,三线
U01845,2024-12-20,应用商店,Android,三线
U01846,2024-06-28,自然搜索,iOS,三线
U01847,2024-05-07,付费广告,Android,四线及以下
U01848,2024-06-11,付费广告,Android,三线
U01849,2024-12-09,社交媒体,iOS,二线
U01850,2024-10-20,自然搜索,Android,二线
U01851,2024-07-14,自然搜索,iOS,四线及以下
U01852,2024-11-25,应用商店,Android,一线
U01853,2024-12-04,应用商店,Android,三线
U01854,2024-12-01,口碑推荐,Android,四线及以下
U01855,2024-12-15,自然搜索,Android,三线
U01856,2024-07-02,付费广告,iOS,四线及以下
U01857,2024-11-13,社交媒体,iOS,三线
U01858,2024-09-04,自然搜索,iOS,一线
U01859,2024-11-30,应用商店,Android,四线及以下
U01860,2024-11-07,社交媒体,Android,二线
U01861,2024-11-17,自然搜索,Android,二线
U01862,2024-10-22,应用商店,iOS,二线
U01863,2024-06-02,应用商店,Android,二线
U01864,2024-09-26,自然搜索,Android,二线
U01865,2024-12-28,付费广告,Android,二线
U01866,2024-12-19,付费广告,iOS,三线
U01867,2024-03-16,付费广告,iOS,四线及以下
U01868,2024-05-28,自然搜索,iOS,二线
U01869,2024-05-12,社交媒体,Android,一线
U01870,2024-11-06,应用商店,Android,三线
U01871,2024-11-26,付费广告,Android,三线
U01872,2024-06-17,自然搜索,iOS,四线及以下
U01873,2024-09-16,社交媒体,iOS,一线
U01874,2024-11-30,付费广告,Android,四线及以下
U01875,2024-11-08,口碑推荐,Android,二线
U01876,2024-09-25,付费广告,Android,三线
U01877,2024-10-07,自然搜索,Android,一线
U01878,2024-09-17,自然搜索,iOS,二线
U01879,2024-07-18,口碑推荐,Android,一线
U01880,2024-10-01,自然搜索,Android,二线
U01881,2024-10-29,口碑推荐,iOS,二线
U01882,2024-12-07,自然搜索,iOS,四线及以下
U01883,2024-10-18,付费广告,iOS,三线
U01884,2024-11-14,付费广告,iOS,三线
U01885,2024-05-26,应用商店,Android,二线
U01886,2024-09-04,应用商店,iOS,二线
U01887,2024-02-05,自然搜索,iOS,四线及以下
U01888,2024-06-30,付费广告,iOS,三线
U01889,2024-11-07,自然搜索,Android,二线
U01890,2024-12-29,付费广告,iOS,一线
U01891,2024-04-24,付费广告,Android,三线
U01892,2024-08-19,应用商店,iOS,二线
U01893,2024-11-22,应用商店,iOS,一线
U01894,2024-06-13,付费广告,iOS,四线及以下
U01895,2024-09-28,付费广告,iOS,三线
U01896,2024-11-08,口碑推荐,iOS,三线
U01897,2024-10-13,口碑推荐,iOS,一线
U01898,2024-06-07,自然搜索,Android,二线
U01899,2024-08-05,付费广告,Android,四线及以下
U01900,2024-11-19,付费广告,iOS,四线及以下
U01901,2024-09-28,自然搜索,iOS,二线
U01902,2024-01-27,自然搜索,Android,一线
U01903,2024-11-14,自然搜索,Android,二线
U01904,2024-03-09,社交媒体,iOS,二线
U01905,2024-11-11,自然搜索,Android,三线
U01906,2024-06-13,自然搜索,Android,四线及以下
U01907,2024-12-23,自然搜索,Android,二线
U01908,2024-08-09,口碑推荐,iOS,一线
U01909,2024-07-27,口碑推荐,iOS,四线及以下
U01910,2024-05-20,付费广告,iOS,一线
U01911,2024-07-20,付费广告,Android,四线及以下
U01912,2024-12-07,应用商店,Android,三线
U01913,2024-12-30,自然搜索,iOS,四线及以下
U01914,2024-08-09,自然搜索,Android,一线
U01915,2024-09-01,自然搜索,Android,一线
U01916,2024-11-06,自然搜索,Android,二线
U01917,2024-12-09,付费广告,Android,二线
U01918,2024-10-08,应用商店,Android,二线
U01919,2024-08-16,社交媒体,iOS,四线及以下
U01920,2024-08-22,付费广告,Android,四线及以下
U01921,2024-10-31,应用商店,Android,三线
U01922,2024-01-21,自然搜索,iOS,一线
U01923,2024-10-14,自然搜索,iOS,三线
U01924,2024-08-05,社交媒体,Android,三线
U01925,2024-11-21,社交媒体,iOS,二线
U01926,2024-04-21,自然搜索,Android,四线及以下
U01927,2024-10-06,付费广告,iOS,一线
U01928,2024-09-10,社交媒体,iOS,二线
U01929,2024-10-19,社交媒体,iOS,一线
U01930,2024-04-02,社交媒体,iOS,三线
U01931,2024-10-04,付费广告,Android,三线
U01932,2024-09-30,自然搜索,Android,二线
U01933,2024-09-30,付费广告,iOS,一线
U01934,2024-10-10,自然搜索,iOS,一线
U01935,2024-10-27,应用商店,iOS,一线
U01936,2024-11-23,付费广告,iOS,二线
U01937,2024-07-08,付费广告,Android,一线
U01938,2024-11-27,口碑推荐,iOS,二线
U01939,2024-09-14,付费广告,iOS,四线及以下
U01940,2024-04-11,付费广告,iOS,二线
U01941,2024-03-29,口碑推荐,iOS,三线
U01942,2024-07-30,口碑推荐,iOS,一线
U01943,2024-11-19,社交媒体,iOS,二线
U01944,2024-11-03,自然搜索,Android,二线
U01945,2024-11-20,社交媒体,Android,一线
U01946,2024-09-19,口碑推荐,Android,一线
U01947,2024-08-30,自然搜索,iOS,四线及以下
U01948,2024-05-20,自然搜索,iOS,四线及以下
U01949,2024-07-28,口碑推荐,iOS,一线
U01950,2024-08-28,自然搜索,Android,二线
U01951,2024-04-18,口碑推荐,Android,四线及以下
U01952,2024-06-20,付费广告,iOS,一线
U01953,2024-10-09,付费广告,iOS,三线
U01954,2024-11-09,自然搜索,Android,四线及以下
U01955,2024-12-30,口碑推荐,Android,四线及以下
U01956,2024-12-18,付费广告,Android,二线
U01957,2024-10-19,付费广告,Android,一线
U01958,2024-08-24,社交媒体,Android,一线
U01959,2024-10-18,社交媒体,iOS,四线及以下
U01960,2024-11-19,应用商店,Android,四线及以下
U01961,2024-05-05,付费广告,Android,三线
U01962,2024-08-21,付费广告,Android,三线
U01963,2024-11-30,应用商店,iOS,三线
U01964,2024-08-14,社交媒体,iOS,三线
U01965,2024-10-03,自然搜索,iOS,四线及以下
U01966,2024-10-06,自然搜索,iOS,三线
U01967,2024-06-05,口碑推荐,Android,二线
U01968,2024-08-07,付费广告,iOS,一线
U01969,2024-07-30,社交媒体,iOS,三线
U01970,2024-02-29,付费广告,Android,二线
U01971,2024-02-26,自然搜索,iOS,二线
U01972,2024-11-28,社交媒体,iOS,四线及以下
U01973,2024-07-09,自然搜索,iOS,三线
U01974,2024-09-19,付费广告,Android,四线及以下
U01975,2024-07-18,付费广告,iOS,一线
U01976,2024-12-20,付费广告,Android,三线
U01977,2024-07-04,社交媒体,iOS,一线
U01978,2024-08-27,口碑推荐,Android,四线及以下
U01979,2024-12-06,口碑推荐,iOS,一线
U01980,2024-11-30,自然搜索,iOS,三线
U01981,2024-06-06,自然搜索,iOS,三线
U01982,2024-11-23,付费广告,iOS,二线
U01983,2024-09-04,应用商店,iOS,四线及以下
U01984,2024-09-10,口碑推荐,iOS,四线及以下
U01985,2024-05-13,口碑推荐,iOS,二线
U01986,2024-04-13,付费广告,Android,一线
U01987,2024-11-07,付费广告,iOS,二线
U01988,2024-09-14,付费广告,iOS,二线
U01989,2024-08-29,自然搜索,Android,四线及以下
U01990,2024-11-07,自然搜索,Android,四线及以下
U01991,2024-11-15,应用商店,iOS,一线
U01992,2024-05-25,自然搜索,iOS,二线
U01993,2024-10-12,自然搜索,Android,二线
U01994,2024-05-14,自然搜索,iOS,一线
U01995,2024-11-12,应用商店,Android,二线
U01996,2024-10-22,社交媒体,iOS,二线
U01997,2024-12-22,社交媒体,Android,二线
U01998,2024-04-05,应用商店,iOS,三线
U01999,2024-03-28,付费广告,Android,三线
U02000,2024-07-12,社交媒体,iOS,一线
U02001,2024-07-05,自然搜索,Android,四线及以下
U02002,2024-06-30,自然搜索,iOS,三线
U02003,2024-12-13,口碑推荐,iOS,四线及以下
U02004,2024-07-01,口碑推荐,Android,二线
U02005,2024-07-09,付费广告,iOS,四线及以下
U02006,2024-11-14,付费广告,Android,四线及以下
U02007,2024-09-01,付费广告,iOS,二线
U02008,2024-11-17,自然搜索,Android,二线
U02009,2024-04-03,自然搜索,iOS,四线及以下
U02010,2024-09-11,自然搜索,Android,三线
U02011,2024-03-07,自然搜索,Android,四线及以下
U02012,2024-04-01,口碑推荐,iOS,三线
U02013,2024-12-13,自然搜索,Android,三线
U02014,2024-05-16,自然搜索,Android,一线
U02015,2024-09-23,付费广告,iOS,二线
U02016,2024-08-22,口碑推荐,Android,四线及以下
U02017,2024-08-03,自然搜索,iOS,二线
U02018,2024-12-12,自然搜索,Android,一线
U02019,2024-02-23,付费广告,iOS,三线
U02020,2024-10-24,社交媒体,iOS,三线
U02021,2024-12-24,社交媒体,iOS,二线
U02022,2024-09-30,口碑推荐,Android,二线
U02023,2024-12-19,应用商店,Android,二线
U02024,2024-03-24,口碑推荐,Android,一线
U02025,2024-08-24,社交媒体,iOS,三线
U02026,2024-07-05,付费广告,iOS,二线
U02027,2024-11-08,自然搜索,Android,四线及以下
U02028,2024-12-27,应用商店,Android,四线及以下
U02029,2024-07-03,付费广告,iOS,三线
U02030,2024-10-22,自然搜索,iOS,二线
U02031,2024-06-11,社交媒体,iOS,二线
U02032,2024-10-01,自然搜索,iOS,二线
U02033,2024-09-05,社交媒体,Android,二线
U02034,2024-12-25,社交媒体,iOS,四线及以下
U02035,2024-10-11,付费广告,Android,二线
U02036,2024-08-03,口碑推荐,iOS,四线及以下
U02037,2024-05-03,自然搜索,iOS,一线
U02038,2024-05-21,付费广告,Android,一线
U02039,2024-06-22,付费广告,Android,四线及以下
U02040,2024-07-01,社交媒体,iOS,三线
U02041,2024-12-02,口碑推荐,Android,二线
U02042,2024-09-30,付费广告,iOS,二线
U02043,2024-09-21,社交媒体,Android,一线
U02044,2024-05-03,自然搜索,iOS,三线
U02045,2024-12-04,应用商店,Android,一线
U02046,2024-11-06,付费广告,iOS,三线
U02047,2024-04-04,社交媒体,iOS,三线
U02048,2024-11-03,自然搜索,Android,四线及以下
U02049,2024-09-26,自然搜索,Android,二线
U02050,2024-04-14,付费广告,iOS,一线
U02051,2024-09-04,口碑推荐,iOS,三线
U02052,2024-09-11,付费广告,iOS,一线
U02053,2024-05-28,应用商店,Android,一线
U02054,2024-12-20,付费广告,Android,一线
U02055,2024-12-02,付费广告,Android,二线
U02056,2024-10-25,自然搜索,iOS,一线
U02057,2024-09-05,口碑推荐,Android,二线
U02058,2024-08-22,自然搜索,iOS,四线及以下
U02059,2024-10-21,口碑推荐,iOS,三线
U02060,2024-09-26,应用商店,Android,一线
U02061,2024-04-01,应用商店,Android,一线
U02062,2024-09-18,付费广告,Android,三线
U02063,2024-11-23,社交媒体,Android,四线及以下
U02064,2024-09-04,口碑推荐,Android,一线
U02065,2024-03-24,自然搜索,Android,四线及以下
U02066,2024-11-19,社交媒体,iOS,三线
U02067,2024-06-12,自然搜索,iOS,二线
U02068,2024-07-04,付费广告,Android,四线及以下
U02069,2024-05-28,自然搜索,Android,三线
U02070,2024-07-28,自然搜索,iOS,四线及以下
U02071,2024-11-13,付费广告,iOS,二线
U02072,2024-09-20,付费广告,iOS,三线
U02073,2024-06-14,社交媒体,iOS,三线
U02074,2024-12-07,自然搜索,Android,二线
U02075,2024-12-08,付费广告,iOS,三线
U02076,2024-12-06,自然搜索,Android,一线
U02077,2024-06-27,社交媒体,iOS,一线
U02078,2024-09-02,社交媒体,iOS,二线
U02079,2024-12-28,社交媒体,iOS,三线
U02080,2024-11-16,社交媒体,Android,四线及以下
U02081,2024-03-01,付费广告,Android,二线
U02082,2024-04-03,口碑推荐,Android,三线
U02083,2024-09-05,付费广告,iOS,一线
U02084,2024-12-14,付费广告,iOS,四线及以下
U02085,2024-09-24,社交媒体,iOS,三线
U02086,2024-09-14,自然搜索,iOS,三线
U02087,2024-04-28,社交媒体,Android,三线
U02088,2024-10-22,社交媒体,Android,二线
U02089,2024-11-26,付费广告,Android,二线
U02090,2024-08-13,自然搜索,iOS,四线及以下
U02091,2024-11-17,自然搜索,iOS,一线
U02092,2024-12-24,应用商店,iOS,三线
U02093,2024-06-13,社交媒体,iOS,四线及以下
U02094,2024-09-21,自然搜索,Android,二线
U02095,2024-07-14,付费广告,Android,四线及以下
U02096,2024-11-21,社交媒体,iOS,四线及以下
U02097,2024-10-04,口碑推荐,iOS,三线
U02098,2024-10-17,自然搜索,Android,一线
U02099,2024-11-22,自然搜索,Android,二线
U02100,2024-08-17,口碑推荐,Android,一线
U02101,2024-12-15,自然搜索,iOS,四线及以下
U02102,2024-09-23,自然搜索,iOS,四线及以下
U02103,2024-05-25,应用商店,Android,三线
U02104,2024-10-31,社交媒体,Android,二线
U02105,2024-11-21,自然搜索,iOS,一线
U02106,2024-07-24,自然搜索,Android,三线
U02107,2024-12-03,自然搜索,Android,三线
U02108,2024-12-13,自然搜索,iOS,四线及以下
U02109,2024-07-11,口碑推荐,iOS,三线
U02110,2024-12-27,付费广告,iOS,四线及以下
U02111,2024-05-16,社交媒体,iOS,三线
U02112,2024-06-13,应用商店,Android,三线
U02113,2024-06-05,付费广告,iOS,二线
U02114,2024-12-11,自然搜索,Android,四线及以下
U02115,2024-10-22,付费广告,Android,三线
U02116,2024-05-22,应用商店,iOS,二线
U02117,2024-08-30,口碑推荐,iOS,一线
U02118,2024-10-13,自然搜索,Android,二线
U02119,2024-04-15,社交媒体,Android,二线
U02120,2024-12-08,社交媒体,Android,二线
U02121,2024-11-23,应用商店,iOS,一线
U02122,2024-09-16,自然搜索,iOS,二线
U02123,2024-12-24,付费广告,Android,一线
U02124,2024-08-23,口碑推荐,Android,四线及以下
U02125,2024-12-28,付费广告,iOS,二线
U02126,2024-10-25,付费广告,Android,三线
U02127,2024-10-17,自然搜索,iOS,一线
U02128,2024-05-28,自然搜索,Android,二线
U02129,2024-12-08,付费广告,Android,二线
U02130,2024-08-26,应用商店,iOS,四线及以下
U02131,2024-05-27,自然搜索,Android,三线
U02132,2024-02-10,付费广告,iOS,一线
U02133,2024-09-30,社交媒体,iOS,三线
U02134,2024-09-22,自然搜索,iOS,一线
U02135,2024-11-05,付费广告,iOS,四线及以下
U02136,2024-12-10,社交媒体,iOS,四线及以下
U02137,2024-04-12,口碑推荐,Android,三线
U02138,2024-11-08,社交媒体,Android,三线
U02139,2024-06-07,社交媒体,iOS,四线及以下
U02140,2024-12-04,自然搜索,Android,三线
U02141,2024-11-26,应用商店,Android,三线
U02142,2024-09-25,自然搜索,Android,四线及以下
U02143,2024-11-03,口碑推荐,Android,三线
U02144,2024-07-23,自然搜索,iOS,三线
U02145,2024-09-07,应用商店,iOS,四线及以下
U02146,2024-11-26,社交媒体,Android,三线
U02147,2024-09-04,口碑推荐,iOS,三线
U02148,2024-08-06,自然搜索,iOS,一线
U02149,2024-09-13,付费广告,iOS,二线
U02150,2024-11-28,社交媒体,iOS,一线
U02151,2024-07-30,口碑推荐,iOS,二线
U02152,2024-06-01,自然搜索,iOS,二线
U02153,2024-11-03,应用商店,iOS,四线及以下
U02154,2024-11-27,口碑推荐,Android,三线
U02155,2024-04-25,自然搜索,Android,三线
U02156,2024-06-27,口碑推荐,iOS,二线
U02157,2024-05-17,付费广告,iOS,四线及以下
U02158,2024-08-03,付费广告,iOS,三线
U02159,2024-09-01,付费广告,iOS,三线
U02160,2024-11-11,社交媒体,iOS,二线
U02161,2024-10-21,社交媒体,iOS,二线
U02162,2024-10-14,付费广告,Android,三线
U02163,2024-08-04,社交媒体,iOS,三线
U02164,2024-11-30,社交媒体,iOS,四线及以下
U02165,2024-09-07,社交媒体,iOS,四线及以下
U02166,2024-12-27,自然搜索,Android,四线及以下
U02167,2024-10-17,口碑推荐,Android,三线
U02168,2024-05-09,付费广告,Android,四线及以下
U02169,2024-10-27,自然搜索,Android,四线及以下
U02170,2024-07-27,自然搜索,iOS,二线
U02171,2024-10-29,付费广告,iOS,二线
U02172,2024-04-06,口碑推荐,Android,一线
U02173,2024-06-01,付费广告,iOS,一线
U02174,2024-12-03,社交媒体,Android,一线
U02175,2024-06-22,自然搜索,Android,一线
U02176,2024-11-29,付费广告,Android,三线
U02177,2024-07-11,应用商店,iOS,二线
U02178,2024-10-19,口碑推荐,Android,二线
U02179,2024-10-31,自然搜索,iOS,三线
U02180,2024-09-18,付费广告,iOS,四线及以下
U02181,2024-07-20,自然搜索,iOS,四线及以下
U02182,2024-06-17,付费广告,Android,三线
U02183,2024-03-07,口碑推荐,iOS,二线
U02184,2024-07-20,口碑推荐,iOS,二线
U02185,2024-10-21,自然搜索,iOS,一线
U02186,2024-12-19,应用商店,Android,一线
U02187,2024-12-06,社交媒体,Android,二线
U02188,2024-11-15,付费广告,Android,四线及以下
U02189,2024-11-20,付费广告,iOS,一线
U02190,2024-10-24,社交媒体,iOS,一线
U02191,2024-07-05,社交媒体,Android,一线
U02192,2024-12-13,付费广告,iOS,三线
U02193,2024-10-25,付费广告,Android,二线
U02194,2024-09-30,自然搜索,Android,二线
U02195,2024-05-01,口碑推荐,iOS,一线
U02196,2024-09-01,付费广告,iOS,二线
U02197,2024-09-04,自然搜索,Android,一线
U02198,2024-12-05,口碑推荐,iOS,二线
U02199,2024-09-26,应用商店,iOS,一线
U02200,2024-08-13,应用商店,Android,三线
U02201,2024-12-26,付费广告,iOS,三线
U02202,2024-05-01,自然搜索,Android,三线
U02203,2024-08-25,付费广告,iOS,二线
U02204,2024-03-15,自然搜索,Android,二线
U02205,2024-11-09,应用商店,iOS,一线
U02206,2024-12-15,自然搜索,iOS,二线
U02207,2024-07-12,自然搜索,Android,二线
U02208,2024-12-04,付费广告,Android,二线
U02209,2024-07-16,付费广告,iOS,三线
U02210,2024-12-14,口碑推荐,iOS,四线及以下
U02211,2024-11-12,付费广告,Android,三线
U02212,2024-11-23,自然搜索,iOS,一线
U02213,2024-02-18,自然搜索,Android,三线
U02214,2024-12-24,付费广告,Android,一线
U02215,2024-11-07,自然搜索,Android,三线
U02216,2024-07-20,社交媒体,iOS,二线
U02217,2024-11-28,社交媒体,iOS,一线
U02218,2024-07-12,社交媒体,Android,四线及以下
U02219,2024-12-06,应用商店,iOS,三线
U02220,2024-05-02,应用商店,iOS,二线
U02221,2024-11-02,应用商店,iOS,一线
U02222,2024-09-25,自然搜索,iOS,二线
U02223,2024-04-23,自然搜索,iOS,四线及以下
U02224,2024-06-28,付费广告,iOS,三线
U02225,2024-02-10,口碑推荐,Android,四线及以下
U02226,2024-09-06,应用商店,iOS,一线
U02227,2024-07-19,口碑推荐,iOS,三线
U02228,2024-10-09,自然搜索,iOS,三线
U02229,2024-07-17,应用商店,Android,二线
U02230,2024-07-18,付费广告,iOS,一线
U02231,2024-11-10,自然搜索,Android,三线
U02232,2024-03-21,付费广告,Android,三线
U02233,2024-12-12,自然搜索,iOS,三线
U02234,2024-12-02,付费广告,iOS,三线
U02235,2024-10-25,付费广告,iOS,三线
U02236,2024-10-08,付费广告,Android,三线
U02237,2024-12-10,社交媒体,Android,一线
U02238,2024-06-06,口碑推荐,Android,二线
U02239,2024-04-12,社交媒体,iOS,三线
U02240,2024-06-27,付费广告,Android,四线及以下
U02241,2024-11-21,口碑推荐,iOS,一线
U02242,2024-03-08,应用商店,iOS,二线
U02243,2024-10-05,自然搜索,Android,二线
U02244,2024-12-30,付费广告,Android,一线
U02245,2024-12-03,自然搜索,iOS,二线
U02246,2024-09-20,自然搜索,iOS,三线
U02247,2024-04-02,社交媒体,iOS,一线
U02248,2024-11-28,口碑推荐,iOS,三线
U02249,2024-10-09,自然搜索,iOS,四线及以下
U02250,2024-05-03,口碑推荐,Android,四线及以下
U02251,2024-04-21,口碑推荐,Android,一线
U02252,2024-12-14,应用商店,Android,三线
U02253,2024-10-25,自然搜索,Android,二线
U02254,2024-11-28,应用商店,iOS,二线
U02255,2024-12-08,付费广告,Android,三线
U02256,2024-10-02,社交媒体,Android,三线
U02257,2024-09-19,自然搜索,iOS,一线
U02258,2024-08-27,自然搜索,Android,四线及以下
U02259,2024-07-24,社交媒体,iOS,四线及以下
U02260,2024-08-28,付费广告,Android,三线
U02261,2024-11-17,自然搜索,Android,三线
U02262,2024-10-10,自然搜索,iOS,二线
U02263,2024-12-10,社交媒体,Android,三线
U02264,2024-08-31,自然搜索,iOS,二线
U02265,2024-10-11,口碑推荐,Android,四线及以下
U02266,2024-10-17,自然搜索,iOS,一线
U02267,2024-10-07,自然搜索,iOS,二线
U02268,2024-11-01,付费广告,iOS,三线
U02269,2024-06-26,付费广告,Android,二线
U02270,2024-09-18,付费广告,iOS,二线
U02271,2024-04-27,付费广告,Android,二线
U02272,2024-08-14,应用商店,iOS,四线及以下
U02273,2024-09-11,社交媒体,Android,二线
U02274,2024-10-21,自然搜索,Android,二线
U02275,2024-12-21,付费广告,iOS,一线
U02276,2024-10-09,口碑推荐,iOS,二线
U02277,2024-11-10,付费广告,Android,二线
U02278,2024-09-16,自然搜索,Android,三线
U02279,2024-10-17,口碑推荐,Android,一线
U02280,2024-04-07,社交媒体,iOS,一线
U02281,2024-07-03,社交媒体,iOS,二线
U02282,2024-08-07,自然搜索,Android,二线
U02283,2024-09-07,自然搜索,iOS,二线
U02284,2024-03-18,社交媒体,iOS,三线
U02285,2024-05-16,自然搜索,iOS,二线
U02286,2024-07-11,付费广告,Android,二线
U02287,2024-12-25,付费广告,Android,三线
U02288,2024-07-29,自然搜索,iOS,一线
U02289,2024-09-10,应用商店,iOS,三线
U02290,2024-06-10,口碑推荐,iOS,二线
U02291,2024-10-12,社交媒体,iOS,二线
U02292,2024-07-12,自然搜索,iOS,四线及以下
U02293,2024-06-15,自然搜索,Android,一线
U02294,2024-09-19,付费广告,iOS,四线及以下
U02295,2024-01-28,自然搜索,iOS,三线
U02296,2024-02-01,应用商店,Android,三线
U02297,2024-06-19,自然搜索,iOS,四线及以下
U02298,2024-03-10,付费广告,Android,四线及以下
U02299,2024-04-29,付费广告,iOS,三线
U02300,2024-07-31,社交媒体,iOS,三线
U02301,2024-11-22,自然搜索,Android,二线
U02302,2024-10-03,付费广告,Android,二线
U02303,2024-09-18,自然搜索,iOS,一线
U02304,2024-07-16,口碑推荐,Android,一线
U02305,2024-12-18,自然搜索,Android,四线及以下
U02306,2024-08-17,应用商店,iOS,一线
U02307,2024-04-17,口碑推荐,iOS,一线
U02308,2024-10-13,自然搜索,Android,三线
U02309,2024-05-03,口碑推荐,iOS,一线
U02310,2024-08-02,自然搜索,Android,二线
U02311,2024-09-16,应用商店,Android,三线
U02312,2024-12-07,付费广告,Android,三线
U02313,2024-09-13,付费广告,iOS,三线
U02314,2024-11-01,付费广告,iOS,二线
U02315,2024-12-29,自然搜索,Android,二线
U02316,2024-05-12,应用商店,iOS,三线
U02317,2024-07-10,自然搜索,iOS,二线
U02318,2024-08-17,社交媒体,iOS,三线
U02319,2024-08-25,付费广告,iOS,四线及以下
U02320,2024-08-22,应用商店,Android,二线
U02321,2024-12-13,自然搜索,iOS,二线
U02322,2024-11-04,付费广告,Android,一线
U02323,2024-10-11,付费广告,iOS,三线
U02324,2024-07-22,社交媒体,Android,一线
U02325,2024-11-27,自然搜索,iOS,二线
U02326,2024-12-22,自然搜索,Android,四线及以下
U02327,2024-11-26,自然搜索,Android,二线
U02328,2024-01-15,社交媒体,iOS,二线
U02329,2024-10-18,自然搜索,Android,三线
U02330,2024-03-23,社交媒体,iOS,二线
U02331,2024-07-04,自然搜索,Android,三线
U02332,2024-03-30,口碑推荐,Android,三线
U02333,2024-10-10,应用商店,Android,一线
U02334,2024-10-29,付费广告,Android,四线及以下
U02335,2024-05-03,付费广告,iOS,一线
U02336,2024-08-14,自然搜索,iOS,四线及以下
U02337,2024-09-03,自然搜索,iOS,一线
U02338,2024-08-09,自然搜索,iOS,二线
U02339,2024-05-06,社交媒体,Android,一线
U02340,2024-08-24,付费广告,iOS,一线
U02341,2024-11-12,应用商店,Android,三线
U02342,2024-04-07,付费广告,iOS,三线
U02343,2024-04-13,社交媒体,iOS,三线
U02344,2024-08-05,付费广告,Android,二线
U02345,2024-12-20,付费广告,iOS,二线
U02346,2024-10-25,自然搜索,Android,三线
U02347,2024-10-27,付费广告,iOS,二线
U02348,2024-08-07,付费广告,Android,三线
U02349,2024-10-08,社交媒体,iOS,三线
U02350,2024-02-06,应用商店,iOS,一线
U02351,2024-10-18,付费广告,Android,三线
U02352,2024-12-14,自然搜索,Android,三线
U02353,2024-10-12,付费广告,iOS,三线
U02354,2024-12-07,付费广告,iOS,一线
U02355,2024-11-06,自然搜索,iOS,二线
U02356,2024-05-06,口碑推荐,iOS,二线
U02357,2024-12-12,应用商店,Android,二线
U02358,2024-04-04,应用商店,Android,一线
U02359,2024-09-23,自然搜索,iOS,四线及以下
U02360,2024-05-17,口碑推荐,iOS,三线
U02361,2024-02-09,社交媒体,Android,三线
U02362,2024-08-25,付费广告,iOS,一线
U02363,2024-07-17,付费广告,Android,四线及以下
U02364,2024-09-11,口碑推荐,iOS,一线
U02365,2024-10-04,付费广告,Android,三线
U02366,2024-03-17,付费广告,iOS,四线及以下
U02367,2024-05-08,付费广告,Android,三线
U02368,2024-09-29,社交媒体,iOS,四线及以下
U02369,2024-08-01,自然搜索,iOS,三线
U02370,2024-11-07,应用商店,Android,一线
U02371,2024-10-21,社交媒体,iOS,一线
U02372,2024-12-01,社交媒体,iOS,二线
U02373,2024-10-30,自然搜索,iOS,一线
U02374,2024-08-27,社交媒体,iOS,三线
U02375,2024-10-26,自然搜索,Android,二线
U02376,2024-07-10,自然搜索,Android,四线及以下
U02377,2024-07-21,付费广告,iOS,二线
U02378,2024-11-20,付费广告,Android,二线
U02379,2024-08-31,社交媒体,iOS,四线及以下
U02380,2024-11-22,自然搜索,Android,一线
U02381,2024-11-27,付费广告,iOS,三线
U02382,2024-12-04,自然搜索,Android,三线
U02383,2024-12-15,应用商店,iOS,一线
U02384,2024-08-27,社交媒体,iOS,二线
U02385,2024-07-25,社交媒体,iOS,二线
U02386,2024-10-05,付费广告,iOS,三线
U02387,2024-08-10,自然搜索,Android,三线
U02388,2024-10-09,应用商店,iOS,二线
U02389,2024-11-02,自然搜索,Android,三线
U02390,2024-10-29,付费广告,iOS,一线
U02391,2024-08-11,社交媒体,Android,三线
U02392,2024-05-29,自然搜索,Android,四线及以下
U02393,2024-08-27,口碑推荐,Android,四线及以下
U02394,2024-05-17,付费广告,Android,三线
U02395,2024-12-10,自然搜索,Android,二线
U02396,2024-08-02,自然搜索,iOS,四线及以下
U02397,2024-05-23,自然搜索,Android,二线
U02398,2024-02-28,口碑推荐,iOS,三线
U02399,2024-10-20,社交媒体,iOS,一线
U02400,2024-10-18,自然搜索,iOS,四线及以下
U02401,2024-08-01,自然搜索,Android,三线
U02402,2024-04-07,社交媒体,iOS,三线
U02403,2024-08-21,社交媒体,iOS,一线
U02404,2024-07-22,付费广告,iOS,三线
U02405,2024-10-27,付费广告,Android,三线
U02406,2024-10-11,自然搜索,iOS,三线
U02407,2024-08-08,社交媒体,iOS,二线
U02408,2024-06-19,应用商店,iOS,二线
U02409,2024-12-28,自然搜索,Android,一线
U02410,2024-09-02,社交媒体,Android,二线
U02411,2024-10-29,付费广告,Android,一线
U02412,2024-05-16,付费广告,Android,二线
U02413,2024-09-11,自然搜索,iOS,一线
U02414,2024-03-01,口碑推荐,Android,一线
U02415,2024-09-16,付费广告,iOS,一线
U02416,2024-12-24,付费广告,iOS,四线及以下
U02417,2024-08-14,付费广告,iOS,二线
U02418,2024-03-13,自然搜索,Android,二线
U02419,2024-03-05,自然搜索,Android,二线
U02420,2024-08-15,社交媒体,iOS,三线
U02421,2024-05-26,自然搜索,Android,四线及以下
U02422,2024-02-25,社交媒体,iOS,一线
U02423,2024-11-13,付费广告,iOS,二线
U02424,2024-09-04,付费广告,iOS,四线及以下
U02425,2024-07-15,付费广告,Android,二线
U02426,2024-12-12,付费广告,Android,一线
U02427,2024-05-04,自然搜索,iOS,一线
U02428,2024-12-22,付费广告,Android,一线
U02429,2024-07-23,社交媒体,iOS,四线及以下
U02430,2024-12-10,社交媒体,Android,二线
U02431,2024-10-10,自然搜索,Android,四线及以下
U02432,2024-11-27,付费广告,iOS,四线及以下
U02433,2024-12-28,自然搜索,Android,三线
U02434,2024-07-15,自然搜索,Android,一线
U02435,2024-12-23,自然搜索,iOS,一线
U02436,2024-08-15,口碑推荐,Android,二线
U02437,2024-08-14,自然搜索,iOS,二线
U02438,2024-07-31,自然搜索,iOS,三线
U02439,2024-09-25,自然搜索,iOS,二线
U02440,2024-05-23,自然搜索,iOS,四线及以下
U02441,2024-09-28,社交媒体,Android,二线
U02442,2024-09-25,自然搜索,Android,三线
U02443,2024-11-14,自然搜索,Android,四线及以下
U02444,2024-11-29,社交媒体,iOS,一线
U02445,2024-08-30,付费广告,iOS,一线
U02446,2024-07-19,社交媒体,iOS,一线
U02447,2024-07-04,社交媒体,iOS,一线
U02448,2024-06-10,自然搜索,Android,二线
U02449,2024-03-28,社交媒体,Android,二线
U02450,2024-08-01,自然搜索,iOS,二线
U02451,2024-07-08,付费广告,Android,四线及以下
U02452,2024-12-24,付费广告,Android,一线
U02453,2024-09-29,自然搜索,iOS,二线
U02454,2024-08-03,社交媒体,Android,一线
U02455,2024-10-05,口碑推荐,iOS,二线
U02456,2024-05-16,应用商店,iOS,二线
U02457,2024-08-31,社交媒体,iOS,四线及以下
U02458,2024-10-15,付费广告,iOS,二线
U02459,2024-09-12,自然搜索,iOS,一线
U02460,2024-08-19,自然搜索,iOS,二线
U02461,2024-12-29,付费广告,iOS,一线
U02462,2024-12-08,付费广告,Android,一线
U02463,2024-10-15,应用商店,Android,三线
U02464,2024-10-02,付费广告,Android,一线
U02465,2024-10-14,付费广告,iOS,二线
U02466,2024-06-12,付费广告,iOS,三线
U02467,2024-08-17,口碑推荐,iOS,二线
U02468,2024-03-13,社交媒体,iOS,一线
U02469,2024-09-08,社交媒体,Android,四线及以下
U02470,2024-09-25,付费广告,Android,二线
U02471,2024-06-23,口碑推荐,Android,三线
U02472,2024-12-24,自然搜索,Android,二线
U02473,2024-12-14,口碑推荐,iOS,二线
U02474,2024-11-06,付费广告,iOS,二线
U02475,2024-09-23,付费广告,Android,二线
U02476,2024-12-06,付费广告,iOS,一线
U02477,2024-05-11,社交媒体,iOS,二线
U02478,2024-11-20,自然搜索,iOS,四线及以下
U02479,2024-05-08,口碑推荐,iOS,三线
U02480,2024-11-21,付费广告,iOS,一线
U02481,2024-07-10,付费广告,Android,三线
U02482,2024-12-07,自然搜索,Android,四线及以下
U02483,2024-12-20,付费广告,iOS,三线
U02484,2024-05-20,付费广告,iOS,一线
U02485,2024-09-05,付费广告,Android,四线及以下
U02486,2024-12-27,社交媒体,iOS,二线
U02487,2024-09-10,付费广告,iOS,二线
U02488,2024-12-05,应用商店,iOS,二线
U02489,2024-10-07,社交媒体,iOS,四线及以下
U02490,2024-08-11,口碑推荐,Android,四线及以下
U02491,2024-07-14,自然搜索,Android,四线及以下
U02492,2024-06-13,付费广告,iOS,一线
U02493,2024-11-14,付费广告,iOS,四线及以下
U02494,2024-08-14,社交媒体,iOS,一线
U02495,2024-09-17,口碑推荐,iOS,二线
U02496,2024-09-13,自然搜索,Android,二线
U02497,2024-10-04,自然搜索,Android,二线
U02498,2024-12-05,口碑推荐,iOS,三线
U02499,2024-12-27,自然搜索,Android,二线
U02500,2024-08-21,社交媒体,Android,四线及以下
U02501,2024-11-28,付费广告,Android,一线
U02502,2024-11-15,口碑推荐,iOS,二线
U02503,2024-10-03,自然搜索,iOS,四线及以下
U02504,2024-12-22,自然搜索,Android,一线
U02505,2024-06-12,社交媒体,iOS,三线
U02506,2024-04-30,应用商店,Android,三线
U02507,2024-12-03,付费广告,Android,二线
U02508,2024-08-29,付费广告,Android,三线
U02509,2024-12-01,社交媒体,iOS,一线
U02510,2024-12-10,应用商店,Android,四线及以下
U02511,2024-04-01,口碑推荐,iOS,一线
U02512,2024-12-09,应用商店,Android,二线
U02513,2024-09-01,自然搜索,iOS,一线
U02514,2024-09-17,自然搜索,iOS,二线
U02515,2024-10-15,社交媒体,Android,三线
U02516,2024-12-17,口碑推荐,iOS,四线及以下
U02517,2024-02-20,自然搜索,iOS,三线
U02518,2024-09-09,自然搜索,Android,二线
U02519,2024-10-29,口碑推荐,iOS,四线及以下
U02520,2024-11-06,自然搜索,Android,二线
U02521,2024-10-30,付费广告,iOS,三线
U02522,2024-05-13,付费广告,Android,三线
U02523,2024-07-18,社交媒体,Android,二线
U02524,2024-08-06,社交媒体,iOS,四线及以下
U02525,2024-11-23,付费广告,iOS,一线
U02526,2024-07-11,社交媒体,Android,三线
U02527,2024-06-16,社交媒体,iOS,三线
U02528,2024-12-23,付费广告,iOS,四线及以下
U02529,2024-02-04,社交媒体,Android,四线及以下
U02530,2024-12-30,自然搜索,iOS,二线
U02531,2024-10-27,自然搜索,iOS,三线
U02532,2024-11-28,自然搜索,Android,二线
U02533,2024-07-17,自然搜索,iOS,二线
U02534,2024-02-13,付费广告,iOS,四线及以下
U02535,2024-11-09,口碑推荐,iOS,四线及以下
U02536,2024-11-29,社交媒体,Android,四线及以下
U02537,2024-11-10,口碑推荐,Android,一线
U02538,2024-05-17,付费广告,Android,四线及以下
U02539,2024-11-12,付费广告,iOS,四线及以下
U02540,2024-11-16,付费广告,iOS,二线
U02541,2024-10-23,自然搜索,iOS,二线
U02542,2024-11-15,自然搜索,iOS,三线
U02543,2024-12-01,社交媒体,Android,三线
U02544,2024-10-12,应用商店,iOS,四线及以下
U02545,2024-04-18,自然搜索,iOS,二线
U02546,2024-09-11,自然搜索,iOS,三线
U02547,2024-04-11,口碑推荐,Android,三线
U02548,2024-08-21,自然搜索,Android,二线
U02549,2024-08-20,口碑推荐,Android,四线及以下
U02550,2024-04-03,社交媒体,Android,二线
U02551,2024-08-03,应用商店,iOS,二线
U02552,2024-05-01,付费广告,iOS,一线
U02553,2024-11-24,社交媒体,iOS,二线
U02554,2024-12-21,付费广告,Android,三线
U02555,2024-04-08,社交媒体,Android,四线及以下
U02556,2024-12-22,付费广告,iOS,二线
U02557,2024-09-20,自然搜索,Android,二线
U02558,2024-07-18,付费广告,Android,一线
U02559,2024-04-11,付费广告,Android,三线
U02560,2024-09-15,口碑推荐,Android,四线及以下
U02561,2024-11-21,社交媒体,Android,三线
U02562,2024-11-02,社交媒体,iOS,三线
U02563,2024-03-22,自然搜索,Android,三线
U02564,2024-04-08,社交媒体,Android,一线
U02565,2024-08-19,付费广告,iOS,三线
U02566,2024-07-17,口碑推荐,Android,三线
U02567,2024-06-24,应用商店,Android,三线
U02568,2024-07-12,自然搜索,iOS,四线及以下
U02569,2024-11-23,口碑推荐,Android,三线
U02570,2024-12-17,自然搜索,iOS,三线
U02571,2024-08-20,付费广告,Android,四线及以下
U02572,2024-12-13,付费广告,Android,四线及以下
U02573,2024-07-25,自然搜索,iOS,三线
U02574,2024-09-08,社交媒体,iOS,一线
U02575,2024-06-22,自然搜索,Android,二线
U02576,2024-10-19,自然搜索,iOS,三线
U02577,2024-12-27,社交媒体,iOS,一线
U02578,2024-10-10,社交媒体,iOS,一线
U02579,2024-08-06,应用商店,iOS,一线
U02580,2024-10-20,社交媒体,iOS,三线
U02581,2024-05-07,社交媒体,Android,二线
U02582,2024-12-10,付费广告,Android,二线
U02583,2024-09-15,自然搜索,Android,一线
U02584,2024-09-01,自然搜索,Android,三线
U02585,2024-10-06,付费广告,iOS,二线
U02586,2024-10-15,社交媒体,iOS,二线
U02587,2024-04-07,付费广告,iOS,三线
U02588,2024-10-28,社交媒体,Android,三线
U02589,2024-06-28,付费广告,Android,二线
U02590,2024-11-04,自然搜索,Android,三线
U02591,2024-11-27,自然搜索,Android,二线
U02592,2024-11-23,口碑推荐,Android,三线
U02593,2024-09-28,社交媒体,iOS,一线
U02594,2024-09-20,口碑推荐,iOS,一线
U02595,2024-05-17,自然搜索,iOS,三线
U02596,2024-11-17,应用商店,iOS,三线
U02597,2024-07-09,自然搜索,Android,一线
U02598,2024-09-14,自然搜索,iOS,一线
U02599,2024-07-13,应用商店,Android,四线及以下
U02600,2024-05-13,自然搜索,Android,三线
U02601,2024-10-16,社交媒体,iOS,二线
U02602,2024-03-26,自然搜索,iOS,三线
U02603,2024-11-11,社交媒体,iOS,一线
U02604,2024-07-24,应用商店,iOS,二线
U02605,2024-01-05,付费广告,Android,一线
U02606,2024-09-17,社交媒体,iOS,二线
U02607,2024-03-20,自然搜索,Android,一线
U02608,2024-07-10,社交媒体,Android,二线
U02609,2024-11-02,付费广告,Android,二线
U02610,2024-04-01,自然搜索,Android,二线
U02611,2024-11-30,付费广告,iOS,一线
U02612,2024-01-23,自然搜索,iOS,二线
U02613,2024-06-30,应用商店,iOS,三线
U02614,2024-11-10,付费广告,iOS,二线
U02615,2024-07-24,自然搜索,Android,三线
U02616,2024-04-26,付费广告,Android,二线
U02617,2024-08-07,付费广告,iOS,二线
U02618,2024-07-08,社交媒体,iOS,三线
U02619,2024-12-01,应用商店,iOS,四线及以下
U02620,2024-07-23,付费广告,Android,一线
U02621,2024-11-20,口碑推荐,Android,一线
U02622,2024-12-10,社交媒体,Android,三线
U02623,2024-08-28,自然搜索,Android,四线及以下
U02624,2024-12-14,社交媒体,iOS,四线及以下
U02625,2024-08-12,付费广告,iOS,二线
U02626,2024-12-24,社交媒体,iOS,二线
U02627,2024-04-19,口碑推荐,iOS,三线
U02628,2024-10-29,付费广告,Android,三线
U02629,2024-09-13,应用商店,Android,三线
U02630,2024-08-15,口碑推荐,Android,四线及以下
U02631,2024-10-17,付费广告,iOS,三线
U02632,2024-11-02,社交媒体,iOS,二线
U02633,2024-01-25,付费广告,iOS,二线
U02634,2024-05-29,应用商店,iOS,三线
U02635,2024-11-04,社交媒体,Android,二线
U02636,2024-10-24,自然搜索,iOS,二线
U02637,2024-12-24,付费广告,Android,一线
U02638,2024-11-14,社交媒体,Android,一线
U02639,2024-12-21,自然搜索,iOS,二线
U02640,2024-11-01,自然搜索,Android,四线及以下
U02641,2024-07-18,付费广告,iOS,二线
U02642,2024-04-28,付费广告,Android,二线
U02643,2024-11-18,付费广告,Android,二线
U02644,2024-10-19,自然搜索,Android,一线
U02645,2024-03-21,自然搜索,iOS,四线及以下
U02646,2024-08-07,社交媒体,iOS,四线及以下
U02647,2024-12-23,付费广告,iOS,一线
U02648,2024-09-15,自然搜索,iOS,三线
U02649,2024-08-28,付费广告,Android,二线
U02650,2024-09-03,社交媒体,Android,四线及以下
U02651,2024-06-15,自然搜索,iOS,二线
U02652,2024-08-09,自然搜索,iOS,一线
U02653,2024-08-09,自然搜索,iOS,三线
U02654,2024-03-24,口碑推荐,iOS,四线及以下
U02655,2024-11-15,口碑推荐,iOS,一线
U02656,2024-08-23,口碑推荐,iOS,三线
U02657,2024-11-26,社交媒体,Android,一线
U02658,2024-12-02,社交媒体,iOS,四线及以下
U02659,2024-06-17,付费广告,iOS,一线
U02660,2024-10-22,社交媒体,Android,四线及以下
U02661,2024-09-07,自然搜索,iOS,二线
U02662,2024-12-08,社交媒体,Android,二线
U02663,2024-06-18,口碑推荐,Android,四线及以下
U02664,2024-10-27,付费广告,Android,四线及以下
U02665,2024-10-11,付费广告,iOS,三线
U02666,2024-07-17,自然搜索,iOS,一线
U02667,2024-05-14,社交媒体,Android,二线
U02668,2024-10-21,社交媒体,Android,二线
U02669,2024-11-09,口碑推荐,iOS,二线
U02670,2024-07-24,付费广告,iOS,三线
U02671,2024-10-20,口碑推荐,iOS,一线
U02672,2024-08-17,社交媒体,iOS,三线
U02673,2024-11-04,口碑推荐,Android,三线
U02674,2024-06-11,付费广告,iOS,一线
U02675,2024-12-10,付费广告,iOS,三线
U02676,2024-07-14,社交媒体,Android,三线
U02677,2024-08-09,社交媒体,iOS,三线
U02678,2024-03-28,应用商店,Android,一线
U02679,2024-05-01,自然搜索,Android,三线
U02680,2024-09-19,自然搜索,iOS,二线
U02681,2024-07-07,应用商店,Android,二线
U02682,2024-11-29,付费广告,Android,三线
U02683,2024-02-14,社交媒体,iOS,三线
U02684,2024-08-12,付费广告,iOS,一线
U02685,2024-07-30,自然搜索,iOS,三线
U02686,2024-02-20,口碑推荐,Android,四线及以下
U02687,2024-05-08,社交媒体,Android,一线
U02688,2024-08-22,付费广告,iOS,四线及以下
U02689,2024-09-13,付费广告,Android,三线
U02690,2024-08-20,口碑推荐,iOS,三线
U02691,2024-09-22,自然搜索,Android,二线
U02692,2024-10-08,口碑推荐,Android,二线
U02693,2024-02-06,自然搜索,iOS,四线及以下
U02694,2024-09-05,社交媒体,Android,二线
U02695,2024-12-24,应用商店,Android,一线
U02696,2024-09-19,社交媒体,Android,三线
U02697,2024-10-27,付费广告,iOS,一线
U02698,2024-07-22,社交媒体,Android,三线
U02699,2024-11-17,付费广告,Android,三线
U02700,2024-11-16,自然搜索,iOS,四线及以下
U02701,2024-09-20,应用商店,iOS,三线
U02702,2024-12-26,口碑推荐,iOS,一线
U02703,2024-05-09,社交媒体,Android,二线
U02704,2024-02-17,付费广告,Android,三线
U02705,2024-11-16,自然搜索,iOS,二线
U02706,2024-11-23,自然搜索,Android,四线及以下
U02707,2024-05-06,社交媒体,iOS,三线
U02708,2024-07-07,口碑推荐,Android,一线
U02709,2024-02-18,付费广告,iOS,四线及以下
U02710,2024-07-16,口碑推荐,iOS,一线
U02711,2024-11-16,自然搜索,iOS,一线
U02712,2024-09-19,付费广告,iOS,三线
U02713,2024-08-03,自然搜索,Android,四线及以下
U02714,2024-08-10,付费广告,Android,二线
U02715,2024-01-14,自然搜索,iOS,二线
U02716,2024-07-18,应用商店,iOS,二线
U02717,2024-10-20,自然搜索,iOS,二线
U02718,2024-12-26,应用商店,Android,二线
U02719,2024-12-01,付费广告,Android,一线
U02720,2024-02-26,应用商店,iOS,三线
U02721,2024-12-11,社交媒体,Android,四线及以下
U02722,2024-11-19,应用商店,iOS,二线
U02723,2024-11-18,自然搜索,Android,一线
U02724,2024-09-04,社交媒体,Android,四线及以下
U02725,2024-08-18,应用商店,Android,三线
U02726,2024-07-19,自然搜索,Android,四线及以下
U02727,2024-04-03,自然搜索,Android,一线
U02728,2024-06-23,付费广告,Android,一线
U02729,2024-06-30,应用商店,Android,二线
U02730,2024-09-10,付费广告,iOS,三线
U02731,2024-11-11,付费广告,iOS,二线
U02732,2024-09-08,自然搜索,iOS,三线
U02733,2024-03-28,自然搜索,Android,一线
U02734,2024-12-23,口碑推荐,iOS,二线
U02735,2024-12-20,自然搜索,iOS,三线
U02736,2024-11-19,社交媒体,iOS,二线
U02737,2024-12-29,应用商店,iOS,三线
U02738,2024-09-26,自然搜索,Android,二线
U02739,2024-12-24,社交媒体,Android,二线
U02740,2024-04-10,自然搜索,Android,二线
U02741,2024-08-08,社交媒体,Android,二线
U02742,2024-06-22,自然搜索,Android,一线
U02743,2024-06-10,社交媒体,iOS,三线
U02744,2024-05-16,付费广告,iOS,四线及以下
U02745,2024-10-14,付费广告,Android,二线
U02746,2024-11-18,社交媒体,iOS,一线
U02747,2024-10-04,自然搜索,iOS,四线及以下
U02748,2024-05-19,社交媒体,Android,二线
U02749,2024-11-24,付费广告,iOS,一线
U02750,2024-10-18,社交媒体,iOS,二线
U02751,2024-08-15,自然搜索,iOS,三线
U02752,2024-10-26,社交媒体,iOS,二线
U02753,2024-07-05,自然搜索,iOS,三线
U02754,2024-08-02,付费广告,iOS,二线
U02755,2024-12-15,自然搜索,Android,一线
U02756,2024-07-15,社交媒体,Android,二线
U02757,2024-09-07,自然搜索,iOS,三线
U02758,2024-12-10,口碑推荐,Android,三线
U02759,2024-11-03,口碑推荐,iOS,一线
U02760,2024-04-01,自然搜索,iOS,一线
U02761,2024-05-20,社交媒体,iOS,三线
U02762,2024-02-02,自然搜索,Android,四线及以下
U02763,2024-10-16,付费广告,iOS,二线
U02764,2024-09-01,社交媒体,Android,三线
U02765,2024-05-13,社交媒体,Android,一线
U02766,2024-12-23,社交媒体,iOS,二线
U02767,2024-09-22,自然搜索,Android,一线
U02768,2024-06-28,付费广告,Android,三线
U02769,2024-09-15,自然搜索,iOS,二线
U02770,2024-10-27,社交媒体,iOS,四线及以下
U02771,2024-04-10,付费广告,Android,三线
U02772,2024-07-10,社交媒体,Android,四线及以下
U02773,2024-11-23,自然搜索,iOS,二线
U02774,2024-09-04,付费广告,iOS,一线
U02775,2024-09-26,付费广告,iOS,四线及以下
U02776,2024-08-28,自然搜索,iOS,三线
U02777,2024-03-17,付费广告,iOS,四线及以下
U02778,2024-05-28,口碑推荐,Android,一线
U02779,2024-08-31,口碑推荐,Android,二线
U02780,2024-06-15,付费广告,iOS,三线
U02781,2024-03-22,付费广告,Android,一线
U02782,2024-12-01,自然搜索,Android,三线
U02783,2024-12-27,口碑推荐,iOS,二线
U02784,2024-11-21,自然搜索,iOS,一线
U02785,2024-12-03,应用商店,iOS,一线
U02786,2024-06-28,付费广告,Android,二线
U02787,2024-12-23,付费广告,iOS,一线
U02788,2024-06-10,应用商店,Android,三线
U02789,2024-12-22,自然搜索,iOS,一线
U02790,2024-12-30,社交媒体,iOS,二线
U02791,2024-11-03,付费广告,iOS,四线及以下
U02792,2024-12-27,自然搜索,iOS,二线
U02793,2024-10-02,付费广告,Android,二线
U02794,2024-07-04,社交媒体,Android,三线
U02795,2024-08-29,社交媒体,iOS,四线及以下
U02796,2024-10-08,自然搜索,Android,一线
U02797,2024-04-08,应用商店,Android,二线
U02798,2024-10-14,自然搜索,iOS,三线
U02799,2024-12-27,自然搜索,Android,二线
U02800,2024-06-08,自然搜索,iOS,三线
U02801,2024-11-20,自然搜索,Android,四线及以下
U02802,2024-12-13,自然搜索,iOS,四线及以下
U02803,2024-12-20,应用商店,Android,二线
U02804,2024-12-23,付费广告,iOS,一线
U02805,2024-09-20,自然搜索,Android,四线及以下
U02806,2024-12-26,自然搜索,Android,二线
U02807,2024-11-13,社交媒体,iOS,一线
U02808,2024-05-26,口碑推荐,iOS,三线
U02809,2024-09-09,自然搜索,iOS,二线
U02810,2024-11-05,自然搜索,Android,二线
U02811,2024-06-30,自然搜索,iOS,四线及以下
U02812,2024-10-19,自然搜索,Android,一线
U02813,2024-10-25,自然搜索,iOS,一线
U02814,2024-05-27,付费广告,iOS,二线
U02815,2024-10-01,自然搜索,iOS,三线
U02816,2024-11-16,付费广告,iOS,一线
U02817,2024-09-14,自然搜索,Android,二线
U02818,2024-02-10,应用商店,Android,三线
U02819,2024-02-04,应用商店,iOS,四线及以下
U02820,2024-08-06,社交媒体,iOS,一线
U02821,2024-12-17,付费广告,iOS,四线及以下
U02822,2024-06-23,付费广告,Android,一线
U02823,2024-10-17,付费广告,iOS,三线
U02824,2024-06-21,社交媒体,Android,二线
U02825,2024-07-26,付费广告,Android,一线
U02826,2024-12-02,口碑推荐,iOS,三线
U02827,2024-11-07,应用商店,Android,一线
U02828,2024-04-22,付费广告,iOS,一线
U02829,2024-08-26,社交媒体,iOS,二线
U02830,2024-03-03,自然搜索,iOS,三线
U02831,2024-09-10,自然搜索,iOS,一线
U02832,2024-10-24,付费广告,iOS,一线
U02833,2024-05-05,自然搜索,iOS,一线
U02834,2024-07-15,口碑推荐,iOS,二线
U02835,2024-08-18,自然搜索,iOS,二线
U02836,2024-12-16,付费广告,Android,一线
U02837,2024-12-29,社交媒体,Android,一线
U02838,2024-03-18,社交媒体,iOS,二线
U02839,2024-11-14,付费广告,iOS,三线
U02840,2024-08-10,口碑推荐,iOS,三线
U02841,2024-08-16,社交媒体,Android,四线及以下
U02842,2024-11-12,付费广告,Android,一线
U02843,2024-12-15,自然搜索,iOS,四线及以下
U02844,2024-12-21,付费广告,iOS,二线
U02845,2024-10-04,口碑推荐,iOS,四线及以下
U02846,2024-08-06,社交媒体,iOS,二线
U02847,2024-11-19,口碑推荐,Android,二线
U02848,2024-07-01,付费广告,Android,二线
U02849,2024-10-01,自然搜索,iOS,二线
U02850,2024-08-06,自然搜索,iOS,四线及以下
U02851,2024-10-22,付费广告,iOS,三线
U02852,2024-06-27,社交媒体,iOS,四线及以下
U02853,2024-06-08,口碑推荐,Android,三线
U02854,2024-12-15,自然搜索,iOS,二线
U02855,2024-04-26,付费广告,iOS,一线
U02856,2024-09-16,付费广告,iOS,四线及以下
U02857,2024-06-20,付费广告,Android,三线
U02858,2024-03-13,自然搜索,Android,三线
U02859,2024-03-10,自然搜索,iOS,二线
U02860,2024-06-01,自然搜索,iOS,二线
U02861,2024-12-05,自然搜索,iOS,四线及以下
U02862,2024-07-12,自然搜索,Android,一线
U02863,2024-12-21,自然搜索,iOS,二线
U02864,2024-10-05,社交媒体,iOS,一线
U02865,2024-08-29,付费广告,iOS,三线
U02866,2024-10-04,应用商店,Android,一线
U02867,2024-09-19,自然搜索,iOS,一线
U02868,2024-11-13,付费广告,iOS,二线
U02869,2024-07-12,付费广告,Android,二线
U02870,2024-08-04,自然搜索,Android,二线
U02871,2024-12-11,口碑推荐,Android,一线
U02872,2024-12-21,自然搜索,Android,四线及以下
U02873,2024-12-10,应用商店,iOS,四线及以下
U02874,2024-08-24,口碑推荐,iOS,二线
U02875,2024-11-18,付费广告,Android,三线
U02876,2024-09-08,付费广告,iOS,三线
U02877,2024-09-14,社交媒体,Android,一线
U02878,2024-06-14,付费广告,Android,二线
U02879,2024-10-07,社交媒体,iOS,二线
U02880,2024-06-06,自然搜索,iOS,二线
U02881,2024-07-29,自然搜索,Android,二线
U02882,2024-12-03,付费广告,Android,四线及以下
U02883,2024-06-15,付费广告,Android,二线
U02884,2024-04-07,口碑推荐,iOS,三线
U02885,2024-04-05,自然搜索,iOS,一线
U02886,2024-12-20,口碑推荐,iOS,二线
U02887,2024-09-16,自然搜索,iOS,二线
U02888,2024-08-21,付费广告,iOS,二线
U02889,2024-11-24,付费广告,Android,三线
U02890,2024-11-29,付费广告,Android,三线
U02891,2024-07-29,自然搜索,Android,二线
U02892,2024-10-30,付费广告,iOS,三线
U02893,2024-11-16,口碑推荐,iOS,四线及以下
U02894,2024-10-22,付费广告,Android,三线
U02895,2024-05-22,付费广告,iOS,一线
U02896,2024-12-07,口碑推荐,iOS,三线
U02897,2024-09-24,社交媒体,iOS,一线
U02898,2024-07-12,付费广告,Android,四线及以下
U02899,2024-08-26,自然搜索,Android,二线
U02900,2024-03-11,口碑推荐,iOS,二线
U02901,2024-05-10,社交媒体,Android,一线
U02902,2024-11-15,自然搜索,iOS,二线
U02903,2024-01-02,自然搜索,iOS,四线及以下
U02904,2024-08-23,口碑推荐,Android,一线
U02905,2024-09-20,自然搜索,Android,二线
U02906,2024-03-26,应用商店,Android,四线及以下
U02907,2024-12-26,自然搜索,Android,二线
U02908,2024-06-22,口碑推荐,Android,二线
U02909,2024-07-20,付费广告,Android,三线
U02910,2024-07-20,付费广告,Android,二线
U02911,2024-06-24,口碑推荐,Android,一线
U02912,2024-01-15,付费广告,Android,一线
U02913,2024-11-07,付费广告,Android,三线
U02914,2024-12-24,自然搜索,iOS,四线及以下
U02915,2024-06-21,自然搜索,Android,一线
U02916,2024-10-24,自然搜索,iOS,一线
U02917,2024-11-10,社交媒体,iOS,二线
U02918,2024-12-02,自然搜索,Android,四线及以下
U02919,2024-08-25,自然搜索,iOS,二线
U02920,2024-07-19,付费广告,iOS,四线及以下
U02921,2024-07-27,社交媒体,Android,一线
U02922,2024-11-04,社交媒体,iOS,四线及以下
U02923,2024-11-25,自然搜索,iOS,三线
U02924,2024-06-04,自然搜索,Android,三线
U02925,2024-08-10,应用商店,iOS,二线
U02926,2024-12-12,自然搜索,iOS,三线
U02927,2024-11-23,口碑推荐,iOS,一线
U02928,2024-12-28,口碑推荐,iOS,一线
U02929,2024-11-12,口碑推荐,Android,二线
U02930,2024-08-16,自然搜索,Android,四线及以下
U02931,2024-10-07,口碑推荐,iOS,三线
U02932,2024-10-23,口碑推荐,Android,二线
U02933,2024-04-12,社交媒体,iOS,三线
U02934,2024-09-26,付费广告,iOS,一线
U02935,2024-11-03,自然搜索,Android,四线及以下
U02936,2024-05-29,自然搜索,Android,三线
U02937,2024-11-18,付费广告,Android,三线
U02938,2024-10-05,社交媒体,iOS,二线
U02939,2024-12-22,付费广告,iOS,四线及以下
U02940,2024-03-16,付费广告,iOS,四线及以下
U02941,2024-07-07,付费广告,iOS,三线
U02942,2024-10-10,社交媒体,Android,二线
U02943,2024-07-17,应用商店,iOS,三线
U02944,2024-11-04,自然搜索,Android,三线
U02945,2024-11-13,付费广告,iOS,二线
U02946,2024-04-26,自然搜索,iOS,二线
U02947,2024-09-18,社交媒体,iOS,二线
U02948,2024-09-17,社交媒体,iOS,三线
U02949,2024-08-09,应用商店,Android,二线
U02950,2024-12-18,自然搜索,iOS,二线
U02951,2024-11-28,应用商店,iOS,三线
U02952,2024-10-31,自然搜索,Android,二线
U02953,2024-11-04,社交媒体,Android,一线
U02954,2024-09-05,自然搜索,iOS,二线
U02955,2024-12-16,口碑推荐,iOS,四线及以下
U02956,2024-10-31,付费广告,Android,三线
U02957,2024-11-07,社交媒体,Android,二线
U02958,2024-12-04,口碑推荐,Android,四线及以下
U02959,2024-07-10,自然搜索,iOS,一线
U02960,2024-11-23,自然搜索,Android,四线及以下
U02961,2024-06-10,口碑推荐,iOS,一线
U02962,2024-08-02,付费广告,iOS,一线
U02963,2024-07-30,自然搜索,Android,二线
U02964,2024-12-27,付费广告,iOS,二线
U02965,2024-12-03,社交媒体,iOS,二线
U02966,2024-11-01,自然搜索,iOS,三线
U02967,2024-11-07,自然搜索,iOS,四线及以下
U02968,2024-09-30,自然搜索,Android,二线
U02969,2024-12-21,付费广告,Android,二线
U02970,2024-09-14,口碑推荐,iOS,一线
U02971,2024-08-13,应用商店,iOS,一线
U02972,2024-05-27,社交媒体,Android,三线
U02973,2024-11-19,自然搜索,Android,一线
U02974,2024-11-08,应用商店,iOS,三线
U02975,2024-08-14,付费广告,Android,二线
U02976,2024-02-27,自然搜索,Android,一线
U02977,2024-11-30,应用商店,iOS,二线
U02978,2024-02-09,口碑推荐,iOS,一线
U02979,2024-11-02,社交媒体,iOS,二线
U02980,2024-12-25,社交媒体,Android,三线
U02981,2024-08-29,自然搜索,iOS,二线
U02982,2024-06-25,自然搜索,iOS,一线
U02983,2024-11-02,社交媒体,iOS,三线
U02984,2024-11-25,自然搜索,Android,一线
U02985,2024-09-26,付费广告,iOS,三线
U02986,2024-12-24,口碑推荐,Android,二线
U02987,2024-03-23,口碑推荐,Android,二线
U02988,2024-09-16,付费广告,iOS,四线及以下
U02989,2024-11-05,口碑推荐,iOS,三线
U02990,2024-12-05,口碑推荐,iOS,一线
U02991,2024-06-03,社交媒体,Android,二线
U02992,2024-11-22,自然搜索,iOS,四线及以下
U02993,2024-09-28,自然搜索,iOS,一线
U02994,2024-08-17,付费广告,iOS,二线
U02995,2024-05-12,自然搜索,iOS,三线
U02996,2024-12-05,自然搜索,Android,三线
U02997,2024-05-24,自然搜索,Android,三线
U02998,2024-07-22,付费广告,Android,三线
U02999,2024-07-15,应用商店,iOS,三线
U03000,2024-12-06,自然搜索,iOS,四线及以下
U03001,2024-10-26,社交媒体,Android,三线
U03002,2024-11-21,社交媒体,iOS,二线
U03003,2024-07-01,自然搜索,Android,二线
U03004,2024-10-15,应用商店,iOS,三线
U03005,2024-10-02,社交媒体,iOS,四线及以下
U03006,2024-11-29,付费广告,Android,二线
U03007,2024-12-13,口碑推荐,Android,二线
U03008,2024-02-10,自然搜索,Android,四线及以下
U03009,2024-10-26,社交媒体,iOS,三线
U03010,2024-03-24,自然搜索,iOS,一线
U03011,2024-09-27,口碑推荐,Android,三线
U03012,2024-07-14,付费广告,Android,四线及以下
U03013,2024-07-21,社交媒体,Android,四线及以下
U03014,2024-08-04,自然搜索,iOS,三线
U03015,2024-10-14,社交媒体,Android,一线
U03016,2024-07-29,口碑推荐,Android,四线及以下
U03017,2024-11-08,付费广告,Android,二线
U03018,2024-08-20,社交媒体,iOS,四线及以下
U03019,2024-04-05,付费广告,iOS,二线
U03020,2024-11-19,口碑推荐,Android,一线
U03021,2024-07-14,付费广告,Android,二线
U03022,2024-08-28,口碑推荐,Android,二线
U03023,2024-10-29,口碑推荐,Android,三线
U03024,2024-07-29,付费广告,Android,四线及以下
U03025,2024-03-27,自然搜索,iOS,三线
U03026,2024-08-11,付费广告,iOS,四线及以下
U03027,2024-12-20,口碑推荐,iOS,二线
U03028,2024-10-19,自然搜索,iOS,三线
U03029,2024-10-26,付费广告,iOS,四线及以下
U03030,2024-10-17,口碑推荐,iOS,三线
U03031,2024-06-11,付费广告,iOS,二线
U03032,2024-08-24,社交媒体,iOS,三线
U03033,2024-11-12,自然搜索,iOS,三线
U03034,2024-04-26,自然搜索,iOS,二线
U03035,2024-07-11,口碑推荐,iOS,四线及以下
U03036,2024-07-10,自然搜索,Android,四线及以下
U03037,2024-08-27,自然搜索,iOS,二线
U03038,2024-12-27,口碑推荐,iOS,三线
U03039,2024-04-04,付费广告,Android,三线
U03040,2024-09-19,应用商店,Android,三线
U03041,2024-06-03,应用商店,iOS,二线
U03042,2024-12-25,自然搜索,Android,四线及以下
U03043,2024-05-02,自然搜索,Android,二线
U03044,2024-08-19,社交媒体,Android,一线
U03045,2024-11-09,付费广告,iOS,四线及以下
U03046,2024-11-02,自然搜索,Android,三线
U03047,2024-08-25,社交媒体,iOS,四线及以下
U03048,2024-08-02,自然搜索,Android,一线
U03049,2024-08-18,口碑推荐,Android,一线
U03050,2024-07-06,自然搜索,iOS,四线及以下
U03051,2024-06-14,自然搜索,Android,一线
U03052,2024-09-10,自然搜索,iOS,四线及以下
U03053,2024-07-08,应用商店,Android,四线及以下
U03054,2024-07-14,社交媒体,Android,三线
U03055,2024-10-22,口碑推荐,iOS,一线
U03056,2024-12-25,付费广告,Android,三线
U03057,2024-10-10,付费广告,iOS,四线及以下
U03058,2024-04-11,自然搜索,iOS,二线
U03059,2024-04-10,付费广告,Android,二线
U03060,2024-12-22,社交媒体,iOS,二线
U03061,2024-07-18,社交媒体,Android,一线
U03062,2024-04-20,自然搜索,iOS,四线及以下
U03063,2024-10-09,应用商店,iOS,四线及以下
U03064,2024-10-15,自然搜索,Android,四线及以下
U03065,2024-10-20,应用商店,iOS,三线
U03066,2024-07-07,自然搜索,Android,三线
U03067,2024-02-14,付费广告,Android,一线
U03068,2024-12-24,付费广告,Android,三线
U03069,2024-07-01,付费广告,Android,三线
U03070,2024-10-27,社交媒体,Android,四线及以下
U03071,2024-11-02,付费广告,iOS,四线及以下
U03072,2024-10-12,付费广告,Android,四线及以下
U03073,2024-07-23,社交媒体,iOS,四线及以下
U03074,2024-07-09,社交媒体,iOS,四线及以下
U03075,2024-10-09,口碑推荐,Android,一线
U03076,2024-12-05,自然搜索,Android,四线及以下
U03077,2024-12-21,社交媒体,Android,三线
U03078,2024-04-28,社交媒体,Android,二线
U03079,2024-05-23,付费广告,Android,一线
U03080,2024-12-20,付费广告,Android,三线
U03081,2024-11-09,付费广告,iOS,二线
U03082,2024-12-08,自然搜索,iOS,二线
U03083,2024-06-13,自然搜索,iOS,三线
U03084,2024-10-06,自然搜索,Android,四线及以下
U03085,2024-11-01,社交媒体,iOS,四线及以下
U03086,2024-10-28,社交媒体,iOS,二线
U03087,2024-08-21,应用商店,iOS,二线
U03088,2024-02-15,社交媒体,Android,一线
U03089,2024-10-05,自然搜索,Android,二线
U03090,2024-07-02,口碑推荐,iOS,一线
U03091,2024-09-01,口碑推荐,iOS,四线及以下
U03092,2024-12-23,付费广告,iOS,三线
U03093,2024-08-18,社交媒体,iOS,一线
U03094,2024-11-30,应用商店,iOS,二线
U03095,2024-06-07,付费广告,Android,二线
U03096,2024-10-26,应用商店,Android,二线
U03097,2024-12-26,自然搜索,iOS,一线
U03098,2024-04-26,自然搜索,iOS,四线及以下
U03099,2024-02-03,付费广告,iOS,二线
U03100,2024-08-28,社交媒体,iOS,一线
U03101,2024-04-21,口碑推荐,iOS,一线
U03102,2024-11-11,应用商店,iOS,三线
U03103,2024-12-15,付费广告,iOS,一线
U03104,2024-08-28,自然搜索,Android,一线
U03105,2024-07-04,口碑推荐,Android,二线
U03106,2024-08-28,社交媒体,Android,三线
U03107,2024-11-06,自然搜索,iOS,一线
U03108,2024-02-04,付费广告,Android,二线
U03109,2024-10-07,社交媒体,Android,二线
U03110,2024-10-12,口碑推荐,iOS,一线
U03111,2024-10-18,付费广告,iOS,二线
U03112,2024-06-28,付费广告,iOS,一线
U03113,2024-11-04,应用商店,iOS,一线
U03114,2024-04-20,社交媒体,iOS,二线
U03115,2024-06-11,付费广告,Android,一线
U03116,2024-12-07,自然搜索,iOS,一线
U03117,2024-11-09,社交媒体,iOS,二线
U03118,2024-02-12,自然搜索,iOS,四线及以下
U03119,2024-06-30,自然搜索,Android,三线
U03120,2024-06-18,付费广告,iOS,四线及以下
U03121,2024-07-08,自然搜索,Android,四线及以下
U03122,2024-06-30,社交媒体,iOS,四线及以下
U03123,2024-04-01,自然搜索,iOS,三线
U03124,2024-09-04,社交媒体,Android,三线
U03125,2024-11-08,自然搜索,iOS,二线
U03126,2024-10-11,自然搜索,iOS,一线
U03127,2024-10-26,自然搜索,iOS,三线
U03128,2024-04-13,应用商店,Android,四线及以下
U03129,2024-12-22,口碑推荐,Android,二线
U03130,2024-11-30,自然搜索,iOS,三线
U03131,2024-11-23,口碑推荐,Android,二线
U03132,2024-11-27,社交媒体,iOS,二线
U03133,2024-12-18,应用商店,Android,二线
U03134,2024-09-26,付费广告,iOS,二线
U03135,2024-06-12,社交媒体,Android,二线
U03136,2024-10-13,自然搜索,Android,三线
U03137,2024-11-10,付费广告,Android,四线及以下
U03138,2024-11-09,应用商店,iOS,四线及以下
U03139,2024-09-20,付费广告,Android,一线
U03140,2024-04-05,自然搜索,iOS,四线及以下
U03141,2024-08-10,自然搜索,Android,二线
U03142,2024-12-16,社交媒体,iOS,二线
U03143,2024-10-06,社交媒体,iOS,三线
U03144,2024-09-24,付费广告,iOS,二线
U03145,2024-07-08,应用商店,iOS,一线
U03146,2024-08-09,自然搜索,Android,二线
U03147,2024-12-11,付费广告,Android,三线
U03148,2024-10-24,应用商店,Android,二线
U03149,2024-11-19,付费广告,Android,三线
U03150,2024-09-03,自然搜索,Android,三线
U03151,2024-10-16,付费广告,iOS,三线
U03152,2024-06-30,口碑推荐,iOS,四线及以下
U03153,2024-11-02,自然搜索,iOS,二线
U03154,2024-08-26,应用商店,iOS,一线
U03155,2024-08-30,口碑推荐,iOS,二线
U03156,2024-10-21,自然搜索,iOS,二线
U03157,2024-12-19,社交媒体,iOS,三线
U03158,2024-04-02,付费广告,iOS,一线
U03159,2024-11-27,付费广告,Android,二线
U03160,2024-07-16,口碑推荐,iOS,三线
U03161,2024-08-31,应用商店,iOS,三线
U03162,2024-02-24,自然搜索,Android,三线
U03163,2024-07-19,付费广告,iOS,四线及以下
U03164,2024-09-15,付费广告,iOS,三线
U03165,2024-03-27,付费广告,iOS,三线
U03166,2024-09-12,付费广告,iOS,二线
U03167,2024-12-17,自然搜索,iOS,四线及以下
U03168,2024-04-28,社交媒体,iOS,三线
U03169,2024-11-15,付费广告,Android,一线
U03170,2024-08-21,自然搜索,Android,二线
U03171,2024-10-22,口碑推荐,iOS,三线
U03172,2024-07-05,口碑推荐,iOS,四线及以下
U03173,2024-05-25,付费广告,iOS,一线
U03174,2024-05-26,自然搜索,Android,一线
U03175,2024-04-06,社交媒体,iOS,四线及以下
U03176,2024-06-06,自然搜索,Android,四线及以下
U03177,2024-10-24,自然搜索,Android,二线
U03178,2024-12-08,社交媒体,iOS,二线
U03179,2024-11-25,自然搜索,iOS,三线
U03180,2024-10-29,自然搜索,iOS,二线
U03181,2024-05-01,自然搜索,iOS,四线及以下
U03182,2024-07-15,自然搜索,iOS,一线
U03183,2024-07-22,自然搜索,iOS,一线
U03184,2024-07-01,应用商店,iOS,一线
U03185,2024-09-18,自然搜索,iOS,二线
U03186,2024-09-24,自然搜索,Android,一线
U03187,2024-08-06,自然搜索,iOS,一线
U03188,2024-08-05,应用商店,Android,三线
U03189,2024-11-28,付费广告,Android,一线
U03190,2024-11-20,付费广告,Android,四线及以下
U03191,2024-07-21,口碑推荐,Android,二线
U03192,2024-12-14,付费广告,iOS,三线
U03193,2024-12-22,付费广告,iOS,一线
U03194,2024-07-27,自然搜索,Android,一线
U03195,2024-08-05,付费广告,Android,三线
U03196,2024-09-16,付费广告,Android,三线
U03197,2024-12-20,社交媒体,Android,三线
U03198,2024-12-07,自然搜索,iOS,三线
U03199,2024-04-26,社交媒体,iOS,三线
U03200,2024-08-16,自然搜索,iOS,二线
U03201,2024-09-28,自然搜索,iOS,四线及以下
U03202,2024-09-15,付费广告,iOS,三线
U03203,2024-06-09,应用商店,Android,四线及以下
U03204,2024-12-04,付费广告,Android,四线及以下
U03205,2024-10-27,社交媒体,iOS,一线
U03206,2024-11-30,自然搜索,Android,二线
U03207,2024-12-04,自然搜索,Android,三线
U03208,2024-11-11,自然搜索,Android,三线
U03209,2024-08-29,付费广告,iOS,三线
U03210,2024-10-12,自然搜索,Android,三线
U03211,2024-05-26,自然搜索,Android,二线
U03212,2024-10-26,口碑推荐,iOS,一线
U03213,2024-06-03,自然搜索,iOS,一线
U03214,2024-10-31,社交媒体,Android,三线
U03215,2024-06-23,付费广告,iOS,三线
U03216,2024-05-05,付费广告,iOS,二线
U03217,2024-05-28,社交媒体,iOS,三线
U03218,2024-01-17,付费广告,Android,一线
U03219,2024-11-05,自然搜索,Android,一线
U03220,2024-11-08,社交媒体,iOS,三线
U03221,2024-09-18,口碑推荐,iOS,二线
U03222,2024-05-26,自然搜索,Android,三线
U03223,2024-04-15,自然搜索,Android,四线及以下
U03224,2024-02-20,口碑推荐,Android,四线及以下
U03225,2024-05-28,付费广告,iOS,一线
U03226,2024-12-10,社交媒体,iOS,二线
U03227,2024-06-28,付费广告,iOS,三线
U03228,2024-08-05,自然搜索,Android,三线
U03229,2024-04-28,社交媒体,iOS,三线
U03230,2024-06-21,付费广告,iOS,一线
U03231,2024-09-20,自然搜索,iOS,一线
U03232,2024-10-11,付费广告,iOS,三线
U03233,2024-06-29,口碑推荐,Android,三线
U03234,2024-03-28,社交媒体,iOS,二线
U03235,2024-08-16,自然搜索,Android,一线
U03236,2024-06-25,付费广告,Android,三线
U03237,2024-06-20,社交媒体,iOS,二线
U03238,2024-12-23,口碑推荐,Android,一线
U03239,2024-10-13,社交媒体,Android,一线
U03240,2024-09-29,自然搜索,Android,二线
U03241,2024-08-23,社交媒体,iOS,三线
U03242,2024-08-27,社交媒体,iOS,二线
U03243,2024-09-25,自然搜索,iOS,一线
U03244,2024-10-31,付费广告,Android,一线
U03245,2024-11-01,付费广告,Android,二线
U03246,2024-05-31,社交媒体,Android,三线
U03247,2024-09-15,自然搜索,iOS,一线
U03248,2024-08-22,社交媒体,iOS,三线
U03249,2024-12-06,应用商店,Android,一线
U03250,2024-10-17,口碑推荐,iOS,一线
U03251,2024-09-23,应用商店,Android,一线
U03252,2024-05-03,应用商店,iOS,一线
U03253,2024-10-11,自然搜索,iOS,三线
U03254,2024-05-04,社交媒体,iOS,二线
U03255,2024-07-30,付费广告,iOS,四线及以下
U03256,2024-05-17,口碑推荐,iOS,一线
U03257,2024-10-30,自然搜索,iOS,一线
U03258,2024-06-14,应用商店,iOS,二线
U03259,2024-08-16,社交媒体,iOS,三线
U03260,2024-12-11,口碑推荐,iOS,二线
U03261,2024-06-13,自然搜索,Android,二线
U03262,2024-09-17,自然搜索,iOS,二线
U03263,2024-08-24,口碑推荐,Android,一线
U03264,2024-02-19,自然搜索,Android,四线及以下
U03265,2024-11-20,口碑推荐,Android,二线
U03266,2024-04-05,自然搜索,Android,三线
U03267,2024-09-08,社交媒体,iOS,三线
U03268,2024-09-30,付费广告,Android,二线
U03269,2024-10-16,社交媒体,Android,一线
U03270,2024-10-29,社交媒体,Android,三线
U03271,2024-07-02,付费广告,iOS,一线
U03272,2024-02-06,自然搜索,iOS,二线
U03273,2024-11-06,自然搜索,iOS,三线
U03274,2024-09-24,社交媒体,Android,三线
U03275,2024-11-29,付费广告,Android,三线
U03276,2024-11-26,社交媒体,iOS,三线
U03277,2024-12-01,付费广告,iOS,一线
U03278,2024-09-11,付费广告,Android,二线
U03279,2024-07-29,付费广告,iOS,一线
U03280,2024-11-20,自然搜索,Android,三线
U03281,2024-09-02,付费广告,Android,四线及以下
U03282,2024-06-05,应用商店,iOS,二线
U03283,2024-12-03,口碑推荐,Android,一线
U03284,2024-12-08,付费广告,iOS,二线
U03285,2024-09-06,社交媒体,Android,四线及以下
U03286,2024-04-10,口碑推荐,Android,三线
U03287,2024-08-15,付费广告,Android,一线
U03288,2024-11-23,自然搜索,iOS,四线及以下
U03289,2024-12-12,自然搜索,iOS,四线及以下
U03290,2024-06-13,付费广告,iOS,一线
U03291,2024-04-04,应用商店,iOS,四线及以下
U03292,2024-12-07,社交媒体,iOS,二线
U03293,2024-08-15,自然搜索,iOS,二线
U03294,2024-09-25,自然搜索,iOS,二线
U03295,2024-12-25,口碑推荐,iOS,四线及以下
U03296,2024-04-04,口碑推荐,iOS,三线
U03297,2024-10-20,社交媒体,Android,一线
U03298,2024-04-09,社交媒体,Android,四线及以下
U03299,2024-08-11,自然搜索,iOS,一线
U03300,2024-11-23,口碑推荐,iOS,三线
U03301,2024-08-28,口碑推荐,iOS,三线
U03302,2024-12-30,自然搜索,iOS,一线
U03303,2024-09-29,社交媒体,iOS,一线
U03304,2024-07-25,自然搜索,Android,四线及以下
U03305,2024-06-20,自然搜索,Android,二线
U03306,2024-08-04,自然搜索,Android,三线
U03307,2024-08-10,自然搜索,iOS,二线
U03308,2024-04-05,付费广告,Android,三线
U03309,2024-08-09,付费广告,Android,二线
U03310,2024-09-05,付费广告,iOS,二线
U03311,2024-11-06,付费广告,iOS,二线
U03312,2024-10-22,自然搜索,iOS,四线及以下
U03313,2024-11-03,自然搜索,iOS,二线
U03314,2024-02-03,社交媒体,Android,一线
U03315,2024-06-19,付费广告,iOS,四线及以下
U03316,2024-10-23,自然搜索,iOS,三线
U03317,2024-09-10,口碑推荐,iOS,一线
U03318,2024-01-27,社交媒体,iOS,四线及以下
U03319,2024-11-23,口碑推荐,Android,三线
U03320,2024-11-16,付费广告,Android,一线
U03321,2024-09-27,自然搜索,Android,一线
U03322,2024-04-04,社交媒体,iOS,三线
U03323,2024-11-15,自然搜索,Android,三线
U03324,2024-10-05,付费广告,iOS,一线
U03325,2024-11-18,自然搜索,Android,二线
U03326,2024-11-12,口碑推荐,iOS,二线
U03327,2024-11-23,自然搜索,iOS,三线
U03328,2024-09-19,应用商店,iOS,一线
U03329,2024-05-16,口碑推荐,iOS,一线
U03330,2024-10-26,付费广告,Android,三线
U03331,2024-10-14,社交媒体,iOS,三线
U03332,2024-11-10,社交媒体,iOS,二线
U03333,2024-05-30,口碑推荐,iOS,二线
U03334,2024-06-10,付费广告,Android,二线
U03335,2024-12-10,口碑推荐,iOS,二线
U03336,2024-11-12,付费广告,Android,四线及以下
U03337,2024-12-13,应用商店,Android,三线
U03338,2024-11-13,付费广告,iOS,一线
U03339,2024-10-09,付费广告,iOS,二线
U03340,2024-10-22,口碑推荐,iOS,二线
U03341,2024-12-10,口碑推荐,Android,三线
U03342,2024-10-04,社交媒体,iOS,二线
U03343,2024-10-17,自然搜索,iOS,四线及以下
U03344,2024-05-24,付费广告,Android,三线
U03345,2024-09-08,应用商店,Android,二线
U03346,2024-11-04,口碑推荐,iOS,四线及以下
U03347,2024-07-08,口碑推荐,iOS,三线
U03348,2024-06-13,自然搜索,iOS,三线
U03349,2024-07-23,付费广告,iOS,四线及以下
U03350,2024-06-28,社交媒体,iOS,二线
U03351,2024-06-18,口碑推荐,Android,二线
U03352,2024-08-25,自然搜索,iOS,四线及以下
U03353,2024-12-13,口碑推荐,Android,三线
U03354,2024-09-16,付费广告,Android,四线及以下
U03355,2024-06-07,自然搜索,iOS,一线
U03356,2024-04-11,付费广告,Android,三线
U03357,2024-10-31,自然搜索,iOS,一线
U03358,2024-08-13,付费广告,Android,二线
U03359,2024-11-26,自然搜索,Android,一线
U03360,2024-10-23,自然搜索,iOS,一线
U03361,2024-11-21,口碑推荐,iOS,一线
U03362,2024-07-09,自然搜索,iOS,三线
U03363,2024-10-30,自然搜索,iOS,二线
U03364,2024-07-06,付费广告,iOS,一线
U03365,2024-12-19,付费广告,iOS,二线
U03366,2024-10-18,口碑推荐,Android,一线
U03367,2024-07-26,付费广告,iOS,四线及以下
U03368,2024-07-08,口碑推荐,Android,二线
U03369,2024-06-08,社交媒体,Android,二线
U03370,2024-10-31,自然搜索,iOS,四线及以下
U03371,2024-06-19,自然搜索,Android,三线
U03372,2024-10-08,付费广告,iOS,三线
U03373,2024-07-06,付费广告,iOS,三线
U03374,2024-10-23,社交媒体,Android,四线及以下
U03375,2024-11-25,社交媒体,iOS,一线
U03376,2024-11-17,付费广告,Android,四线及以下
U03377,2024-11-14,自然搜索,Android,四线及以下
U03378,2024-06-07,自然搜索,Android,三线
U03379,2024-04-18,社交媒体,Android,三线
U03380,2024-11-01,付费广告,Android,三线
U03381,2024-08-09,付费广告,iOS,一线
U03382,2024-08-27,自然搜索,iOS,一线
U03383,2024-03-05,社交媒体,Android,四线及以下
U03384,2024-07-04,口碑推荐,iOS,二线
U03385,2024-03-07,自然搜索,iOS,二线
U03386,2024-12-08,付费广告,iOS,三线
U03387,2024-06-29,应用商店,Android,二线
U03388,2024-09-29,付费广告,iOS,一线
U03389,2024-03-13,社交媒体,Android,三线
U03390,2024-10-25,自然搜索,iOS,三线
U03391,2024-07-26,社交媒体,iOS,一线
U03392,2024-12-11,自然搜索,iOS,四线及以下
U03393,2024-12-09,应用商店,iOS,一线
U03394,2024-07-27,社交媒体,Android,二线
U03395,2024-12-12,口碑推荐,iOS,一线
U03396,2024-12-30,社交媒体,iOS,三线
U03397,2024-11-27,社交媒体,iOS,二线
U03398,2024-12-01,付费广告,iOS,二线
U03399,2024-07-01,口碑推荐,iOS,四线及以下
U03400,2024-10-04,应用商店,iOS,一线
U03401,2024-04-04,付费广告,Android,三线
U03402,2024-04-22,应用商店,Android,三线
U03403,2024-12-30,社交媒体,iOS,四线及以下
U03404,2024-07-27,付费广告,iOS,三线
U03405,2024-11-11,付费广告,iOS,一线
U03406,2024-11-23,自然搜索,iOS,一线
U03407,2024-12-04,自然搜索,Android,四线及以下
U03408,2024-12-30,自然搜索,Android,四线及以下
U03409,2024-06-28,付费广告,iOS,二线
U03410,2024-03-14,付费广告,Android,三线
U03411,2024-08-22,付费广告,iOS,二线
U03412,2024-05-11,应用商店,iOS,四线及以下
U03413,2024-02-24,付费广告,iOS,四线及以下
U03414,2024-08-07,付费广告,iOS,四线及以下
U03415,2024-11-19,自然搜索,Android,四线及以下
U03416,2024-10-01,自然搜索,iOS,四线及以下
U03417,2024-07-23,口碑推荐,iOS,一线
U03418,2024-10-22,社交媒体,Android,四线及以下
U03419,2024-06-24,口碑推荐,Android,三线
U03420,2024-02-13,自然搜索,Android,四线及以下
U03421,2024-11-15,社交媒体,Android,三线
U03422,2024-10-15,自然搜索,iOS,一线
U03423,2024-11-14,自然搜索,Android,三线
U03424,2024-03-13,自然搜索,Android,三线
U03425,2024-11-29,自然搜索,Android,一线
U03426,2024-10-14,付费广告,Android,二线
U03427,2024-09-30,自然搜索,iOS,三线
U03428,2024-10-15,应用商店,Android,二线
U03429,2024-12-05,付费广告,iOS,二线
U03430,2024-10-06,自然搜索,iOS,一线
U03431,2024-10-05,自然搜索,iOS,四线及以下
U03432,2024-12-29,社交媒体,Android,三线
U03433,2024-11-13,自然搜索,iOS,一线
U03434,2024-08-30,口碑推荐,iOS,三线
U03435,2024-11-02,应用商店,iOS,三线
U03436,2024-08-15,自然搜索,Android,一线
U03437,2024-06-23,付费广告,iOS,二线
U03438,2024-10-08,自然搜索,Android,三线
U03439,2024-12-17,社交媒体,Android,二线
U03440,2024-12-17,付费广告,iOS,三线
U03441,2024-08-01,自然搜索,iOS,二线
U03442,2024-09-22,自然搜索,Android,一线
U03443,2024-06-16,社交媒体,Android,四线及以下
U03444,2024-12-30,付费广告,Android,一线
U03445,2024-12-27,自然搜索,iOS,三线
U03446,2024-10-21,社交媒体,Android,一线
U03447,2024-11-23,社交媒体,iOS,二线
U03448,2024-11-04,口碑推荐,Android,二线
U03449,2024-10-08,自然搜索,Android,一线
U03450,2024-03-25,口碑推荐,iOS,二线
U03451,2024-09-03,社交媒体,Android,一线
U03452,2024-10-26,自然搜索,Android,三线
U03453,2024-10-27,社交媒体,Android,三线
U03454,2024-08-10,付费广告,iOS,一线
U03455,2024-12-20,应用商店,iOS,四线及以下
U03456,2024-05-29,自然搜索,Android,一线
U03457,2024-09-15,社交媒体,iOS,一线
U03458,2024-10-30,付费广告,iOS,三线
U03459,2024-10-31,应用商店,Android,二线
U03460,2024-10-20,付费广告,iOS,二线
U03461,2024-07-10,应用商店,Android,一线
U03462,2024-05-24,应用商店,iOS,四线及以下
U03463,2024-10-18,自然搜索,iOS,三线
U03464,2024-10-09,口碑推荐,Android,一线
U03465,2024-06-03,应用商店,Android,二线
U03466,2024-11-02,自然搜索,Android,四线及以下
U03467,2024-09-03,付费广告,iOS,三线
U03468,2024-10-25,付费广告,Android,一线
U03469,2024-11-30,自然搜索,iOS,二线
U03470,2024-05-30,自然搜索,iOS,一线
U03471,2024-02-20,自然搜索,iOS,二线
U03472,2024-11-18,自然搜索,Android,四线及以下
U03473,2024-10-12,付费广告,iOS,二线
U03474,2024-11-01,自然搜索,iOS,二线
U03475,2024-11-30,口碑推荐,iOS,四线及以下
U03476,2024-11-23,社交媒体,iOS,三线
U03477,2024-12-23,自然搜索,iOS,三线
U03478,2024-09-24,社交媒体,Android,二线
U03479,2024-09-12,社交媒体,iOS,三线
U03480,2024-08-19,应用商店,Android,三线
U03481,2024-05-23,自然搜索,Android,二线
U03482,2024-10-03,自然搜索,iOS,四线及以下
U03483,2024-07-11,应用商店,Android,四线及以下
U03484,2024-12-16,应用商店,iOS,三线
U03485,2024-10-05,社交媒体,Android,二线
U03486,2024-10-08,口碑推荐,Android,二线
U03487,2024-08-05,自然搜索,iOS,一线
U03488,2024-03-24,付费广告,Android,二线
U03489,2024-03-06,自然搜索,iOS,三线
U03490,2024-08-25,自然搜索,iOS,二线
U03491,2024-04-16,口碑推荐,Android,四线及以下
U03492,2024-10-11,自然搜索,iOS,一线
U03493,2024-12-08,付费广告,iOS,二线
U03494,2024-12-08,应用商店,iOS,三线
U03495,2024-10-23,自然搜索,Android,二线
U03496,2024-06-16,应用商店,iOS,四线及以下
U03497,2024-12-05,应用商店,Android,四线及以下
U03498,2024-12-09,社交媒体,iOS,一线
U03499,2024-06-10,自然搜索,iOS,一线
U03500,2024-11-09,付费广告,Android,一线
U03501,2024-07-14,付费广告,iOS,三线
U03502,2024-11-23,付费广告,Android,二线
U03503,2024-12-30,自然搜索,iOS,三线
U03504,2024-03-04,应用商店,iOS,二线
U03505,2024-12-11,自然搜索,iOS,三线
U03506,2024-10-15,社交媒体,Android,三线
U03507,2024-12-26,自然搜索,Android,二线
U03508,2024-09-05,社交媒体,Android,二线
U03509,2024-12-01,应用商店,iOS,一线
U03510,2024-04-01,自然搜索,Android,二线
U03511,2024-07-30,自然搜索,iOS,二线
U03512,2024-04-04,社交媒体,Android,二线
U03513,2024-12-26,社交媒体,Android,四线及以下
U03514,2024-11-25,社交媒体,Android,四线及以下
U03515,2024-12-03,付费广告,iOS,四线及以下
U03516,2024-12-19,自然搜索,iOS,二线
U03517,2024-04-16,应用商店,iOS,三线
U03518,2024-08-14,应用商店,Android,二线
U03519,2024-04-07,付费广告,iOS,一线
U03520,2024-06-16,口碑推荐,iOS,二线
U03521,2024-06-23,付费广告,iOS,一线
U03522,2024-09-06,付费广告,iOS,二线
U03523,2024-07-08,自然搜索,iOS,二线
U03524,2024-04-25,付费广告,Android,四线及以下
U03525,2024-05-29,付费广告,Android,二线
U03526,2024-05-20,自然搜索,Android,四线及以下
U03527,2024-12-26,付费广告,Android,一线
U03528,2024-11-14,口碑推荐,iOS,一线
U03529,2024-12-25,社交媒体,iOS,二线
U03530,2024-08-30,社交媒体,iOS,三线
U03531,2024-07-11,应用商店,Android,一线
U03532,2024-11-22,自然搜索,iOS,一线
U03533,2024-07-27,社交媒体,iOS,二线
U03534,2024-07-18,口碑推荐,iOS,二线
U03535,2024-06-24,付费广告,iOS,三线
U03536,2024-05-11,付费广告,iOS,二线
U03537,2024-07-03,自然搜索,iOS,一线
U03538,2024-08-05,口碑推荐,Android,四线及以下
U03539,2024-10-26,付费广告,Android,二线
U03540,2024-04-01,口碑推荐,iOS,三线
U03541,2024-06-16,社交媒体,iOS,三线
U03542,2024-11-24,社交媒体,Android,四线及以下
U03543,2024-05-19,口碑推荐,iOS,二线
U03544,2024-08-01,社交媒体,Android,三线
U03545,2024-12-05,付费广告,iOS,二线
U03546,2024-05-23,付费广告,Android,三线
U03547,2024-04-14,口碑推荐,Android,二线
U03548,2024-09-11,付费广告,Android,二线
U03549,2024-07-19,付费广告,Android,四线及以下
U03550,2024-09-30,自然搜索,iOS,一线
U03551,2024-11-23,应用商店,iOS,四线及以下
U03552,2024-05-15,自然搜索,iOS,四线及以下
U03553,2024-10-05,社交媒体,Android,二线
U03554,2024-09-16,付费广告,iOS,二线
U03555,2024-05-18,付费广告,Android,二线
U03556,2024-10-15,社交媒体,iOS,四线及以下
U03557,2024-07-09,自然搜索,iOS,一线
U03558,2024-09-11,社交媒体,Android,三线
U03559,2024-04-14,口碑推荐,iOS,三线
U03560,2024-09-04,口碑推荐,iOS,四线及以下
U03561,2024-07-21,自然搜索,iOS,三线
U03562,2024-11-27,口碑推荐,iOS,三线
U03563,2024-03-28,社交媒体,Android,一线
U03564,2024-08-24,口碑推荐,Android,二线
U03565,2024-09-04,付费广告,iOS,一线
U03566,2024-11-06,付费广告,iOS,四线及以下
U03567,2024-10-03,应用商店,iOS,三线
U03568,2024-10-25,口碑推荐,iOS,三线
U03569,2024-11-17,付费广告,Android,三线
U03570,2024-12-04,自然搜索,Android,二线
U03571,2024-07-23,付费广告,iOS,一线
U03572,2024-09-24,付费广告,iOS,二线
U03573,2024-11-30,自然搜索,Android,一线
U03574,2024-12-29,自然搜索,iOS,三线
U03575,2024-12-10,口碑推荐,iOS,一线
U03576,2024-08-10,自然搜索,Android,三线
U03577,2024-06-10,社交媒体,iOS,三线
U03578,2024-09-12,自然搜索,iOS,二线
U03579,2024-11-10,付费广告,Android,一线
U03580,2024-09-13,自然搜索,Android,二线
U03581,2024-09-10,自然搜索,iOS,二线
U03582,2024-11-30,口碑推荐,iOS,三线
U03583,2024-08-07,口碑推荐,iOS,一线
U03584,2024-12-04,自然搜索,Android,四线及以下
U03585,2024-08-20,付费广告,iOS,三线
U03586,2024-07-28,付费广告,iOS,一线
U03587,2024-09-02,口碑推荐,Android,三线
U03588,2024-11-14,口碑推荐,iOS,三线
U03589,2024-05-09,付费广告,iOS,三线
U03590,2024-06-10,社交媒体,iOS,一线
U03591,2024-12-22,口碑推荐,iOS,一线
U03592,2024-06-01,自然搜索,iOS,一线
U03593,2024-10-02,付费广告,Android,二线
U03594,2024-10-04,应用商店,Android,三线
U03595,2024-09-12,社交媒体,iOS,三线
U03596,2024-10-20,付费广告,iOS,四线及以下
U03597,2024-06-23,付费广告,Android,一线
U03598,2024-09-28,付费广告,iOS,一线
U03599,2024-08-10,付费广告,iOS,三线
U03600,2024-10-23,社交媒体,Android,二线
U03601,2024-05-17,付费广告,iOS,二线
U03602,2024-10-02,社交媒体,iOS,二线
U03603,2024-06-06,口碑推荐,iOS,一线
U03604,2024-07-11,自然搜索,iOS,三线
U03605,2024-06-19,付费广告,iOS,二线
U03606,2024-06-05,付费广告,iOS,三线
U03607,2024-11-27,社交媒体,iOS,四线及以下
U03608,2024-07-14,自然搜索,Android,一线
U03609,2024-12-17,社交媒体,iOS,四线及以下
U03610,2024-12-25,口碑推荐,iOS,二线
U03611,2024-10-02,付费广告,Android,四线及以下
U03612,2024-05-18,应用商店,Android,一线
U03613,2024-08-11,应用商店,iOS,三线
U03614,2024-11-22,自然搜索,iOS,二线
U03615,2024-08-09,自然搜索,iOS,三线
U03616,2024-04-17,应用商店,Android,三线
U03617,2024-09-29,应用商店,iOS,二线
U03618,2024-12-01,自然搜索,iOS,四线及以下
U03619,2024-11-21,自然搜索,iOS,二线
U03620,2024-06-01,自然搜索,iOS,一线
U03621,2024-10-26,应用商店,iOS,三线
U03622,2024-06-20,自然搜索,iOS,三线
U03623,2024-06-19,付费广告,Android,二线
U03624,2024-12-07,口碑推荐,Android,二线
U03625,2024-07-01,自然搜索,iOS,四线及以下
U03626,2024-07-06,社交媒体,iOS,三线
U03627,2024-01-10,自然搜索,iOS,一线
U03628,2024-12-06,口碑推荐,iOS,一线
U03629,2024-11-20,自然搜索,Android,四线及以下
U03630,2024-10-16,社交媒体,Android,三线
U03631,2024-11-12,社交媒体,iOS,四线及以下
U03632,2024-05-22,自然搜索,iOS,二线
U03633,2024-09-04,自然搜索,iOS,三线
U03634,2024-08-04,付费广告,Android,三线
U03635,2024-04-21,自然搜索,Android,二线
U03636,2024-09-11,口碑推荐,Android,三线
U03637,2024-12-16,口碑推荐,Android,三线
U03638,2024-03-14,付费广告,iOS,二线
U03639,2024-07-16,社交媒体,Android,四线及以下
U03640,2024-06-15,社交媒体,Android,四线及以下
U03641,2024-06-27,口碑推荐,iOS,四线及以下
U03642,2024-12-13,付费广告,iOS,四线及以下
U03643,2024-09-06,自然搜索,Android,二线
U03644,2024-09-06,自然搜索,Android,二线
U03645,2024-11-14,付费广告,Android,四线及以下
U03646,2024-05-23,付费广告,Android,二线
U03647,2024-09-11,付费广告,Android,一线
U03648,2024-08-27,自然搜索,Android,二线
U03649,2024-10-08,社交媒体,iOS,一线
U03650,2024-12-30,自然搜索,Android,三线
U03651,2024-11-16,自然搜索,iOS,二线
U03652,2024-08-18,付费广告,iOS,二线
U03653,2024-11-28,自然搜索,iOS,四线及以下
U03654,2024-05-30,社交媒体,Android,三线
U03655,2024-03-04,付费广告,Android,三线
U03656,2024-06-14,付费广告,Android,三线
U03657,2024-07-31,付费广告,iOS,四线及以下
U03658,2024-09-17,自然搜索,iOS,三线
U03659,2024-10-13,自然搜索,iOS,三线
U03660,2024-12-14,口碑推荐,iOS,四线及以下
U03661,2024-09-17,付费广告,Android,一线
U03662,2024-09-15,付费广告,iOS,四线及以下
U03663,2024-03-22,自然搜索,Android,二线
U03664,2024-03-09,付费广告,Android,二线
U03665,2024-09-27,社交媒体,iOS,一线
U03666,2024-08-29,社交媒体,Android,二线
U03667,2024-11-30,社交媒体,iOS,三线
U03668,2024-05-26,自然搜索,iOS,四线及以下
U03669,2024-02-27,自然搜索,Android,四线及以下
U03670,2024-09-01,口碑推荐,Android,四线及以下
U03671,2024-06-26,应用商店,iOS,二线
U03672,2024-03-22,自然搜索,iOS,四线及以下
U03673,2024-11-06,付费广告,iOS,二线
U03674,2024-05-01,自然搜索,iOS,四线及以下
U03675,2024-10-11,自然搜索,Android,一线
U03676,2024-07-12,付费广告,Android,二线
U03677,2024-06-01,自然搜索,iOS,四线及以下
U03678,2024-08-12,社交媒体,Android,四线及以下
U03679,2024-11-22,付费广告,iOS,三线
U03680,2024-08-16,自然搜索,iOS,三线
U03681,2024-11-12,自然搜索,Android,一线
U03682,2024-05-09,口碑推荐,Android,三线
U03683,2024-11-16,自然搜索,Android,三线
U03684,2024-06-26,社交媒体,iOS,一线
U03685,2024-10-27,付费广告,Android,一线
U03686,2024-10-01,社交媒体,iOS,一线
U03687,2024-12-17,付费广告,Android,三线
U03688,2024-08-15,自然搜索,Android,一线
U03689,2024-04-03,自然搜索,iOS,二线
U03690,2024-02-20,自然搜索,Android,二线
U03691,2024-11-27,付费广告,iOS,三线
U03692,2024-09-21,社交媒体,iOS,三线
U03693,2024-11-17,自然搜索,Android,三线
U03694,2024-06-25,自然搜索,iOS,二线
U03695,2024-08-02,付费广告,Android,二线
U03696,2024-03-04,社交媒体,iOS,二线
U03697,2024-12-23,应用商店,Android,四线及以下
U03698,2024-10-25,社交媒体,iOS,二线
U03699,2024-12-18,付费广告,iOS,二线
U03700,2024-07-07,社交媒体,iOS,三线
U03701,2024-10-12,应用商店,Android,二线
U03702,2024-10-27,口碑推荐,Android,四线及以下
U03703,2024-07-24,付费广告,Android,二线
U03704,2024-12-02,自然搜索,iOS,三线
U03705,2024-12-21,自然搜索,iOS,一线
U03706,2024-12-09,付费广告,iOS,二线
U03707,2024-11-09,社交媒体,Android,二线
U03708,2024-07-11,付费广告,iOS,四线及以下
U03709,2024-07-12,自然搜索,Android,四线及以下
U03710,2024-12-24,社交媒体,Android,二线
U03711,2024-02-07,口碑推荐,iOS,四线及以下
U03712,2024-11-04,自然搜索,iOS,三线
U03713,2024-11-02,社交媒体,Android,四线及以下
U03714,2024-10-15,付费广告,iOS,四线及以下
U03715,2024-12-29,口碑推荐,iOS,一线
U03716,2024-07-22,口碑推荐,iOS,三线
U03717,2024-07-31,付费广告,Android,二线
U03718,2024-04-12,社交媒体,Android,一线
U03719,2024-08-30,口碑推荐,iOS,二线
U03720,2024-07-05,付费广告,iOS,四线及以下
U03721,2024-08-01,付费广告,iOS,四线及以下
U03722,2024-11-29,口碑推荐,Android,三线
U03723,2024-12-19,自然搜索,iOS,四线及以下
U03724,2024-06-06,付费广告,iOS,四线及以下
U03725,2024-08-10,口碑推荐,Android,一线
U03726,2024-12-17,社交媒体,Android,二线
U03727,2024-03-31,付费广告,Android,一线
U03728,2024-04-20,自然搜索,Android,一线
U03729,2024-05-27,付费广告,iOS,一线
U03730,2024-10-08,自然搜索,iOS,二线
U03731,2024-05-21,自然搜索,iOS,四线及以下
U03732,2024-12-25,社交媒体,iOS,四线及以下
U03733,2024-08-31,自然搜索,Android,三线
U03734,2024-09-15,付费广告,Android,四线及以下
U03735,2024-06-30,付费广告,Android,二线
U03736,2024-09-07,应用商店,iOS,四线及以下
U03737,2024-10-23,付费广告,Android,二线
U03738,2024-11-12,自然搜索,Android,二线
U03739,2024-11-12,自然搜索,iOS,四线及以下
U03740,2024-10-04,社交媒体,Android,二线
U03741,2024-12-13,社交媒体,iOS,二线
U03742,2024-11-25,付费广告,iOS,二线
U03743,2024-11-13,付费广告,Android,三线
U03744,2024-03-27,自然搜索,Android,四线及以下
U03745,2024-01-31,付费广告,iOS,一线
U03746,2024-06-17,付费广告,iOS,四线及以下
U03747,2024-10-24,自然搜索,Android,一线
U03748,2024-08-22,自然搜索,Android,二线
U03749,2024-08-19,自然搜索,Android,一线
U03750,2024-12-09,自然搜索,iOS,三线
U03751,2024-12-11,社交媒体,iOS,一线
U03752,2024-12-14,自然搜索,iOS,三线
U03753,2024-07-23,自然搜索,iOS,二线
U03754,2024-10-30,自然搜索,iOS,一线
U03755,2024-07-09,应用商店,iOS,三线
U03756,2024-06-08,口碑推荐,Android,一线
U03757,2024-06-05,自然搜索,iOS,一线
U03758,2024-08-01,付费广告,Android,二线
U03759,2024-08-27,自然搜索,iOS,三线
U03760,2024-11-28,付费广告,iOS,三线
U03761,2024-05-06,自然搜索,iOS,一线
U03762,2024-11-08,社交媒体,iOS,一线
U03763,2024-09-23,付费广告,iOS,二线
U03764,2024-07-14,口碑推荐,Android,二线
U03765,2024-09-13,自然搜索,Android,四线及以下
U03766,2024-07-18,口碑推荐,iOS,三线
U03767,2024-10-08,口碑推荐,iOS,三线
U03768,2024-08-28,自然搜索,Android,二线
U03769,2024-05-27,付费广告,Android,三线
U03770,2024-05-04,自然搜索,iOS,四线及以下
U03771,2024-09-26,自然搜索,Android,三线
U03772,2024-12-12,自然搜索,Android,三线
U03773,2024-08-02,社交媒体,Android,三线
U03774,2024-11-08,付费广告,Android,三线
U03775,2024-10-23,应用商店,Android,二线
U03776,2024-12-18,自然搜索,Android,三线
U03777,2024-11-26,应用商店,iOS,一线
U03778,2024-10-01,自然搜索,Android,三线
U03779,2024-10-22,口碑推荐,Android,四线及以下
U03780,2024-12-11,付费广告,Android,四线及以下
U03781,2024-08-18,自然搜索,Android,二线
U03782,2024-07-27,口碑推荐,iOS,一线
U03783,2024-02-07,付费广告,iOS,一线
U03784,2024-11-27,社交媒体,iOS,三线
U03785,2024-11-22,社交媒体,iOS,四线及以下
U03786,2024-04-27,付费广告,iOS,三线
U03787,2024-10-04,付费广告,Android,一线
U03788,2024-09-05,社交媒体,iOS,四线及以下
U03789,2024-05-05,自然搜索,Android,四线及以下
U03790,2024-12-27,社交媒体,Android,二线
U03791,2024-06-18,口碑推荐,iOS,三线
U03792,2024-04-04,自然搜索,iOS,三线
U03793,2024-10-08,自然搜索,Android,三线
U03794,2024-11-09,社交媒体,Android,四线及以下
U03795,2024-03-06,付费广告,Android,一线
U03796,2024-10-23,付费广告,Android,三线
U03797,2024-09-23,自然搜索,Android,三线
U03798,2024-04-27,付费广告,Android,四线及以下
U03799,2024-05-31,自然搜索,Android,四线及以下
U03800,2024-10-02,付费广告,Android,四线及以下
U03801,2024-07-17,口碑推荐,Android,二线
U03802,2024-12-19,自然搜索,iOS,四线及以下
U03803,2024-11-26,付费广告,Android,二线
U03804,2024-12-27,应用商店,iOS,二线
U03805,2024-07-04,社交媒体,Android,二线
U03806,2024-12-25,口碑推荐,iOS,四线及以下
U03807,2024-08-27,付费广告,iOS,四线及以下
U03808,2024-08-03,口碑推荐,iOS,二线
U03809,2024-03-22,自然搜索,iOS,一线
U03810,2024-03-24,自然搜索,iOS,四线及以下
U03811,2024-10-30,自然搜索,Android,三线
U03812,2024-09-03,付费广告,iOS,四线及以下
U03813,2024-06-22,口碑推荐,iOS,二线
U03814,2024-10-13,付费广告,iOS,一线
U03815,2024-07-02,社交媒体,Android,二线
U03816,2024-10-04,社交媒体,iOS,一线
U03817,2024-08-06,社交媒体,iOS,二线
U03818,2024-11-27,付费广告,iOS,一线
U03819,2024-11-26,社交媒体,Android,一线
U03820,2024-09-09,付费广告,iOS,一线
U03821,2024-08-04,自然搜索,iOS,四线及以下
U03822,2024-08-07,应用商店,iOS,二线
U03823,2024-11-23,自然搜索,Android,二线
U03824,2024-07-28,自然搜索,iOS,四线及以下
U03825,2024-06-15,口碑推荐,Android,三线
U03826,2024-04-16,付费广告,iOS,三线
U03827,2024-09-06,社交媒体,iOS,三线
U03828,2024-09-10,付费广告,iOS,四线及以下
U03829,2024-11-30,付费广告,iOS,四线及以下
U03830,2024-06-20,自然搜索,iOS,三线
U03831,2024-08-13,付费广告,iOS,四线及以下
U03832,2024-11-24,付费广告,iOS,二线
U03833,2024-11-27,社交媒体,Android,二线
U03834,2024-08-14,付费广告,Android,四线及以下
U03835,2024-09-04,应用商店,iOS,二线
U03836,2024-07-20,自然搜索,Android,四线及以下
U03837,2024-12-18,付费广告,Android,一线
U03838,2024-05-05,社交媒体,Android,二线
U03839,2024-12-18,应用商店,iOS,四线及以下
U03840,2024-10-28,自然搜索,Android,一线
U03841,2024-09-23,社交媒体,iOS,四线及以下
U03842,2024-03-06,口碑推荐,iOS,四线及以下
U03843,2024-09-08,自然搜索,iOS,四线及以下
U03844,2024-08-21,口碑推荐,iOS,三线
U03845,2024-05-26,自然搜索,iOS,三线
U03846,2024-10-22,社交媒体,iOS,四线及以下
U03847,2024-12-25,应用商店,Android,三线
U03848,2024-09-30,社交媒体,iOS,三线
U03849,2024-11-04,付费广告,iOS,四线及以下
U03850,2024-04-05,自然搜索,iOS,三线
U03851,2024-08-23,应用商店,iOS,四线及以下
U03852,2024-05-04,付费广告,Android,一线
U03853,2024-10-12,自然搜索,Android,一线
U03854,2024-12-19,社交媒体,iOS,二线
U03855,2024-10-23,付费广告,iOS,二线
U03856,2024-04-11,自然搜索,Android,三线
U03857,2024-08-05,自然搜索,iOS,一线
U03858,2024-09-27,自然搜索,Android,四线及以下
U03859,2024-08-19,社交媒体,iOS,二线
U03860,2024-11-29,社交媒体,iOS,二线
U03861,2024-11-25,付费广告,iOS,二线
U03862,2024-10-12,口碑推荐,iOS,三线
U03863,2024-08-11,口碑推荐,iOS,一线
U03864,2024-07-03,社交媒体,Android,一线
U03865,2024-04-28,自然搜索,Android,三线
U03866,2024-08-05,社交媒体,Android,一线
U03867,2024-08-22,付费广告,Android,一线
U03868,2024-10-27,社交媒体,iOS,三线
U03869,2024-10-23,社交媒体,Android,一线
U03870,2024-04-06,付费广告,iOS,二线
U03871,2024-08-17,应用商店,Android,一线
U03872,2024-06-04,自然搜索,iOS,二线
U03873,2024-05-24,社交媒体,Android,三线
U03874,2024-11-27,自然搜索,Android,一线
U03875,2024-03-15,应用商店,iOS,四线及以下
U03876,2024-08-24,自然搜索,iOS,四线及以下
U03877,2024-05-29,自然搜索,iOS,一线
U03878,2024-12-08,付费广告,iOS,四线及以下
U03879,2024-09-29,付费广告,Android,二线
U03880,2024-06-24,自然搜索,Android,一线
U03881,2024-09-15,社交媒体,iOS,一线
U03882,2024-11-08,付费广告,iOS,二线
U03883,2024-12-23,自然搜索,Android,三线
U03884,2024-06-20,付费广告,iOS,二线
U03885,2024-12-09,口碑推荐,iOS,四线及以下
U03886,2024-12-18,社交媒体,Android,三线
U03887,2024-12-15,社交媒体,Android,二线
U03888,2024-10-17,社交媒体,iOS,三线
U03889,2024-10-16,付费广告,iOS,四线及以下
U03890,2024-08-19,自然搜索,Android,一线
U03891,2024-11-12,自然搜索,Android,二线
U03892,2024-09-23,口碑推荐,Android,二线
U03893,2024-10-27,应用商店,iOS,二线
U03894,2024-08-26,付费广告,Android,二线
U03895,2024-11-08,自然搜索,Android,二线
U03896,2024-11-27,自然搜索,Android,三线
U03897,2024-05-19,付费广告,Android,三线
U03898,2024-11-29,社交媒体,iOS,三线
U03899,2024-09-25,自然搜索,Android,一线
U03900,2024-12-01,应用商店,iOS,二线
U03901,2024-08-27,付费广告,iOS,二线
U03902,2024-08-12,应用商店,Android,二线
U03903,2024-12-15,口碑推荐,Android,四线及以下
U03904,2024-07-01,口碑推荐,Android,二线
U03905,2024-12-01,社交媒体,iOS,一线
U03906,2024-09-10,社交媒体,iOS,二线
U03907,2024-09-18,社交媒体,Android,四线及以下
U03908,2024-07-21,社交媒体,iOS,三线
U03909,2024-10-03,社交媒体,Android,二线
U03910,2024-07-27,应用商店,iOS,一线
U03911,2024-03-13,社交媒体,Android,二线
U03912,2024-07-09,口碑推荐,iOS,三线
U03913,2024-01-30,口碑推荐,Android,四线及以下
U03914,2024-12-27,自然搜索,Android,三线
U03915,2024-12-24,自然搜索,iOS,三线
U03916,2024-08-17,付费广告,Android,二线
U03917,2024-11-07,付费广告,Android,二线
U03918,2024-08-02,口碑推荐,Android,四线及以下
U03919,2024-10-26,付费广告,Android,二线
U03920,2024-11-23,社交媒体,iOS,四线及以下
U03921,2024-12-21,付费广告,iOS,二线
U03922,2024-08-18,自然搜索,iOS,一线
U03923,2024-11-19,社交媒体,iOS,三线
U03924,2024-07-07,口碑推荐,iOS,一线
U03925,2024-12-29,自然搜索,Android,二线
U03926,2024-02-28,社交媒体,iOS,二线
U03927,2024-10-10,社交媒体,iOS,三线
U03928,2024-10-23,自然搜索,iOS,二线
U03929,2024-10-29,自然搜索,Android,一线
U03930,2024-05-06,应用商店,Android,三线
U03931,2024-12-19,付费广告,iOS,二线
U03932,2024-06-04,自然搜索,Android,四线及以下
U03933,2024-10-15,自然搜索,iOS,二线
U03934,2024-06-21,社交媒体,Android,三线
U03935,2024-07-21,社交媒体,Android,一线
U03936,2024-09-26,社交媒体,iOS,三线
U03937,2024-08-23,自然搜索,Android,三线
U03938,2024-05-26,口碑推荐,Android,四线及以下
U03939,2024-05-30,付费广告,iOS,一线
U03940,2024-08-24,付费广告,Android,二线
U03941,2024-11-13,付费广告,iOS,三线
U03942,2024-12-11,付费广告,iOS,一线
U03943,2024-04-15,口碑推荐,iOS,二线
U03944,2024-08-16,应用商店,iOS,四线及以下
U03945,2024-04-25,付费广告,iOS,二线
U03946,2024-02-17,口碑推荐,Android,四线及以下
U03947,2024-10-23,口碑推荐,iOS,一线
U03948,2024-10-10,应用商店,iOS,三线
U03949,2024-05-27,自然搜索,iOS,三线
U03950,2024-06-25,社交媒体,Android,二线
U03951,2024-02-26,自然搜索,Android,四线及以下
U03952,2024-11-29,口碑推荐,Android,一线
U03953,2024-12-26,自然搜索,Android,四线及以下
U03954,2024-05-14,社交媒体,Android,三线
U03955,2024-06-24,付费广告,Android,二线
U03956,2024-12-06,付费广告,Android,四线及以下
U03957,2024-12-17,社交媒体,iOS,二线
U03958,2024-08-24,口碑推荐,iOS,四线及以下
U03959,2024-03-23,社交媒体,Android,二线
U03960,2024-03-13,口碑推荐,iOS,四线及以下
U03961,2024-10-03,自然搜索,iOS,三线
U03962,2024-08-16,付费广告,Android,一线
U03963,2024-03-02,付费广告,Android,三线
U03964,2024-10-05,自然搜索,iOS,一线
U03965,2024-02-08,社交媒体,Android,二线
U03966,2024-11-19,社交媒体,Android,一线
U03967,2024-07-21,社交媒体,Android,一线
U03968,2024-03-14,社交媒体,Android,一线
U03969,2024-10-06,社交媒体,Android,二线
U03970,2024-08-18,自然搜索,iOS,二线
U03971,2024-12-26,自然搜索,iOS,二线
U03972,2024-09-26,社交媒体,iOS,一线
U03973,2024-07-10,自然搜索,Android,三线
U03974,2024-11-03,自然搜索,Android,三线
U03975,2024-07-09,付费广告,Android,二线
U03976,2024-12-13,社交媒体,iOS,四线及以下
U03977,2024-08-11,付费广告,Android,三线
U03978,2024-09-27,社交媒体,iOS,三线
U03979,2024-03-23,社交媒体,iOS,二线
U03980,2024-08-26,付费广告,iOS,一线
U03981,2024-11-29,口碑推荐,iOS,四线及以下
U03982,2024-11-23,社交媒体,Android,四线及以下
U03983,2024-06-21,社交媒体,iOS,一线
U03984,2024-06-22,社交媒体,iOS,二线
U03985,2024-11-25,自然搜索,Android,三线
U03986,2024-12-18,社交媒体,iOS,三线
U03987,2024-04-22,付费广告,iOS,四线及以下
U03988,2024-09-01,应用商店,iOS,一线
U03989,2024-07-31,口碑推荐,iOS,二线
U03990,2024-12-06,社交媒体,iOS,一线
U03991,2024-04-15,自然搜索,iOS,二线
U03992,2024-06-16,自然搜索,Android,一线
U03993,2024-11-12,付费广告,iOS,四线及以下
U03994,2024-03-23,付费广告,iOS,二线
U03995,2024-09-13,自然搜索,Android,四线及以下
U03996,2024-08-30,付费广告,iOS,一线
U03997,2024-07-30,自然搜索,Android,一线
U03998,2024-08-17,应用商店,iOS,二线
U03999,2024-09-22,自然搜索,iOS,二线
U04000,2024-05-26,应用商店,Android,四线及以下
U04001,2024-10-03,应用商店,iOS,二线
U04002,2024-11-23,付费广告,iOS,一线
U04003,2024-11-14,社交媒体,Android,一线
U04004,2024-05-23,付费广告,iOS,一线
U04005,2024-05-21,社交媒体,Android,三线
U04006,2024-07-08,付费广告,Android,二线
U04007,2024-08-07,付费广告,iOS,三线
U04008,2024-08-21,社交媒体,Android,三线
U04009,2024-10-27,付费广告,iOS,一线
U04010,2024-03-27,社交媒体,Android,一线
U04011,2024-03-08,自然搜索,Android,三线
U04012,2024-08-16,付费广告,Android,三线
U04013,2024-10-31,自然搜索,iOS,二线
U04014,2024-06-09,自然搜索,Android,一线
U04015,2024-10-19,自然搜索,iOS,一线
U04016,2024-07-05,自然搜索,iOS,二线
U04017,2024-12-09,自然搜索,Android,一线
U04018,2024-12-11,口碑推荐,iOS,一线
U04019,2024-07-18,自然搜索,Android,二线
U04020,2024-06-24,社交媒体,iOS,一线
U04021,2024-08-22,自然搜索,Android,一线
U04022,2024-06-28,口碑推荐,iOS,四线及以下
U04023,2024-10-26,付费广告,iOS,三线
U04024,2024-11-27,付费广告,iOS,四线及以下
U04025,2024-10-26,付费广告,Android,二线
U04026,2024-11-27,付费广告,iOS,三线
U04027,2024-08-17,社交媒体,Android,一线
U04028,2024-05-24,自然搜索,iOS,三线
U04029,2024-11-09,应用商店,iOS,一线
U04030,2024-08-07,付费广告,iOS,一线
U04031,2024-10-26,付费广告,iOS,四线及以下
U04032,2024-07-08,社交媒体,Android,三线
U04033,2024-04-14,付费广告,Android,四线及以下
U04034,2024-12-29,口碑推荐,iOS,二线
U04035,2024-05-24,付费广告,Android,二线
U04036,2024-12-28,社交媒体,Android,二线
U04037,2024-12-26,自然搜索,iOS,三线
U04038,2024-11-21,口碑推荐,iOS,三线
U04039,2024-10-23,社交媒体,iOS,四线及以下
U04040,2024-10-04,自然搜索,iOS,一线
U04041,2024-12-05,自然搜索,iOS,三线
U04042,2024-07-15,付费广告,iOS,二线
U04043,2024-09-06,应用商店,Android,一线
U04044,2024-10-14,自然搜索,iOS,二线
U04045,2024-08-22,付费广告,iOS,二线
U04046,2024-08-26,自然搜索,iOS,一线
U04047,2024-07-28,付费广告,iOS,一线
U04048,2024-10-01,社交媒体,iOS,二线
U04049,2024-12-02,应用商店,Android,二线
U04050,2024-06-12,付费广告,iOS,二线
U04051,2024-12-18,口碑推荐,Android,一线
U04052,2024-10-29,付费广告,iOS,一线
U04053,2024-11-27,自然搜索,Android,四线及以下
U04054,2024-09-29,付费广告,Android,四线及以下
U04055,2024-11-18,社交媒体,iOS,二线
U04056,2024-02-16,应用商店,Android,四线及以下
U04057,2024-11-26,口碑推荐,iOS,三线
U04058,2024-03-14,自然搜索,Android,一线
U04059,2024-12-10,自然搜索,iOS,一线
U04060,2024-12-29,自然搜索,Android,四线及以下
U04061,2024-07-16,应用商店,Android,三线
U04062,2024-06-16,口碑推荐,Android,四线及以下
U04063,2024-11-15,口碑推荐,iOS,四线及以下
U04064,2024-07-02,付费广告,iOS,二线
U04065,2024-12-05,付费广告,Android,一线
U04066,2024-04-27,付费广告,Android,一线
U04067,2024-05-09,自然搜索,Android,一线
U04068,2024-12-27,付费广告,iOS,一线
U04069,2024-10-26,自然搜索,Android,二线
U04070,2024-12-01,自然搜索,iOS,一线
U04071,2024-07-26,口碑推荐,iOS,一线
U04072,2024-10-27,口碑推荐,iOS,二线
U04073,2024-10-08,付费广告,iOS,二线
U04074,2024-10-10,付费广告,Android,二线
U04075,2024-10-28,付费广告,iOS,二线
U04076,2024-10-03,社交媒体,Android,三线
U04077,2024-08-27,口碑推荐,Android,四线及以下
U04078,2024-07-10,口碑推荐,iOS,一线
U04079,2024-11-15,社交媒体,iOS,一线
U04080,2024-06-22,自然搜索,Android,四线及以下
U04081,2024-10-30,付费广告,iOS,二线
U04082,2024-06-25,付费广告,Android,三线
U04083,2024-10-15,付费广告,Android,一线
U04084,2024-11-11,口碑推荐,iOS,四线及以下
U04085,2024-06-19,付费广告,iOS,四线及以下
U04086,2024-03-30,自然搜索,iOS,三线
U04087,2024-05-12,付费广告,Android,一线
U04088,2024-10-11,应用商店,iOS,四线及以下
U04089,2024-12-02,自然搜索,iOS,三线
U04090,2024-03-18,社交媒体,iOS,三线
U04091,2024-11-08,付费广告,Android,一线
U04092,2024-08-01,自然搜索,iOS,三线
U04093,2024-09-09,付费广告,iOS,一线
U04094,2024-12-17,社交媒体,Android,一线
U04095,2024-07-29,付费广告,Android,三线
U04096,2024-09-05,口碑推荐,Android,二线
U04097,2024-02-12,自然搜索,Android,三线
U04098,2024-04-14,自然搜索,Android,三线
U04099,2024-07-04,应用商店,Android,一线
U04100,2024-03-01,付费广告,Android,三线
U04101,2024-10-17,社交媒体,Android,四线及以下
U04102,2024-08-26,口碑推荐,Android,一线
U04103,2024-09-27,付费广告,iOS,三线
U04104,2024-06-01,社交媒体,iOS,二线
U04105,2024-07-17,自然搜索,Android,二线
U04106,2024-10-24,自然搜索,iOS,二线
U04107,2024-12-24,自然搜索,Android,二线
U04108,2024-03-22,口碑推荐,iOS,一线
U04109,2024-12-10,自然搜索,Android,四线及以下
U04110,2024-10-04,社交媒体,iOS,三线
U04111,2024-10-01,应用商店,Android,二线
U04112,2024-09-15,付费广告,Android,二线
U04113,2024-04-06,付费广告,iOS,二线
U04114,2024-04-19,付费广告,iOS,二线
U04115,2024-10-09,付费广告,iOS,二线
U04116,2024-08-01,付费广告,iOS,二线
U04117,2024-12-15,社交媒体,iOS,二线
U04118,2024-08-20,应用商店,iOS,一线
U04119,2024-05-18,应用商店,Android,三线
U04120,2024-11-04,口碑推荐,iOS,四线及以下
U04121,2024-07-16,口碑推荐,Android,一线
U04122,2024-09-21,付费广告,iOS,一线
U04123,2024-10-31,社交媒体,Android,一线
U04124,2024-12-12,口碑推荐,iOS,四线及以下
U04125,2024-11-20,付费广告,Android,四线及以下
U04126,2024-10-27,应用商店,Android,三线
U04127,2024-10-27,付费广告,Android,四线及以下
U04128,2024-12-20,社交媒体,iOS,二线
U04129,2024-07-17,社交媒体,Android,四线及以下
U04130,2024-01-13,应用商店,iOS,二线
U04131,2024-07-09,自然搜索,iOS,一线
U04132,2024-06-19,社交媒体,iOS,三线
U04133,2024-10-23,付费广告,iOS,二线
U04134,2024-10-17,自然搜索,iOS,三线
U04135,2024-10-08,口碑推荐,Android,二线
U04136,2024-02-16,社交媒体,iOS,三线
U04137,2024-11-07,社交媒体,iOS,二线
U04138,2024-07-26,付费广告,iOS,一线
U04139,2024-10-24,付费广告,Android,四线及以下
U04140,2024-09-29,社交媒体,Android,四线及以下
U04141,2024-08-01,付费广告,iOS,四线及以下
U04142,2024-05-13,自然搜索,Android,三线
U04143,2024-04-22,应用商店,iOS,三线
U04144,2024-11-28,付费广告,iOS,三线
U04145,2024-12-15,社交媒体,iOS,一线
U04146,2024-10-21,付费广告,Android,一线
U04147,2024-04-27,付费广告,Android,二线
U04148,2024-08-19,付费广告,iOS,四线及以下
U04149,2024-11-07,付费广告,iOS,一线
U04150,2024-11-18,付费广告,iOS,四线及以下
U04151,2024-05-05,付费广告,Android,二线
U04152,2024-01-03,付费广告,Android,三线
U04153,2024-11-04,自然搜索,iOS,一线
U04154,2024-08-05,付费广告,iOS,二线
U04155,2024-07-03,自然搜索,Android,四线及以下
U04156,2024-02-11,自然搜索,Android,二线
U04157,2024-09-25,应用商店,Android,二线
U04158,2024-12-02,社交媒体,Android,一线
U04159,2024-12-23,社交媒体,Android,一线
U04160,2024-10-01,付费广告,iOS,一线
U04161,2024-09-18,应用商店,iOS,三线
U04162,2024-04-16,社交媒体,iOS,二线
U04163,2024-09-27,口碑推荐,Android,三线
U04164,2024-08-12,付费广告,iOS,一线
U04165,2024-10-11,应用商店,iOS,四线及以下
U04166,2024-08-15,口碑推荐,iOS,三线
U04167,2024-06-27,口碑推荐,iOS,一线
U04168,2024-04-22,自然搜索,Android,二线
U04169,2024-07-23,自然搜索,iOS,一线
U04170,2024-04-23,自然搜索,iOS,三线
U04171,2024-06-02,自然搜索,Android,三线
U04172,2024-12-28,口碑推荐,iOS,四线及以下
U04173,2024-08-31,自然搜索,Android,一线
U04174,2024-09-23,自然搜索,Android,二线
U04175,2024-12-07,自然搜索,Android,一线
U04176,2024-12-30,自然搜索,Android,二线
U04177,2024-10-05,自然搜索,iOS,二线
U04178,2024-11-25,口碑推荐,Android,一线
U04179,2024-07-27,社交媒体,iOS,三线
U04180,2024-07-20,自然搜索,iOS,二线
U04181,2024-08-19,付费广告,iOS,四线及以下
U04182,2024-10-26,付费广告,iOS,二线
U04183,2024-10-28,自然搜索,Android,四线及以下
U04184,2024-07-23,社交媒体,iOS,四线及以下
U04185,2024-05-13,社交媒体,Android,四线及以下
U04186,2024-10-17,社交媒体,iOS,三线
U04187,2024-05-10,社交媒体,iOS,四线及以下
U04188,2024-10-04,自然搜索,Android,三线
U04189,2024-10-30,应用商店,iOS,一线
U04190,2024-11-01,口碑推荐,Android,三线
U04191,2024-11-12,应用商店,iOS,三线
U04192,2024-12-07,自然搜索,iOS,四线及以下
U04193,2024-09-15,应用商店,iOS,二线
U04194,2024-11-07,口碑推荐,Android,二线
U04195,2024-10-14,口碑推荐,iOS,三线
U04196,2024-06-06,自然搜索,iOS,四线及以下
U04197,2024-02-28,社交媒体,iOS,一线
U04198,2024-07-13,应用商店,Android,二线
U04199,2024-08-30,社交媒体,Android,二线
U04200,2024-10-13,社交媒体,Android,一线
U04201,2024-12-02,应用商店,iOS,一线
U04202,2024-06-10,付费广告,Android,二线
U04203,2024-05-09,社交媒体,Android,四线及以下
U04204,2024-12-24,付费广告,Android,一线
U04205,2024-04-29,应用商店,Android,二线
U04206,2024-09-09,自然搜索,Android,三线
U04207,2024-10-06,付费广告,iOS,四线及以下
U04208,2024-09-25,社交媒体,Android,四线及以下
U04209,2024-04-17,口碑推荐,Android,二线
U04210,2024-03-28,社交媒体,iOS,四线及以下
U04211,2024-04-28,应用商店,iOS,一线
U04212,2024-10-06,应用商店,Android,三线
U04213,2024-09-26,自然搜索,iOS,三线
U04214,2024-06-25,付费广告,Android,一线
U04215,2024-10-18,自然搜索,iOS,二线
U04216,2024-11-26,付费广告,iOS,一线
U04217,2024-03-15,付费广告,iOS,四线及以下
U04218,2024-09-14,应用商店,iOS,二线
U04219,2024-10-30,口碑推荐,iOS,三线
U04220,2024-07-02,自然搜索,iOS,一线
U04221,2024-07-21,自然搜索,Android,一线
U04222,2024-10-12,社交媒体,Android,四线及以下
U04223,2024-12-11,付费广告,iOS,三线
U04224,2024-11-24,自然搜索,iOS,四线及以下
U04225,2024-10-05,口碑推荐,iOS,二线
U04226,2024-11-07,应用商店,iOS,一线
U04227,2024-08-08,付费广告,iOS,二线
U04228,2024-10-19,口碑推荐,iOS,二线
U04229,2024-09-06,付费广告,iOS,一线
U04230,2024-06-08,社交媒体,iOS,三线
U04231,2024-11-01,付费广告,iOS,二线
U04232,2024-09-29,自然搜索,Android,一线
U04233,2024-08-06,应用商店,iOS,二线
U04234,2024-12-14,付费广告,Android,三线
U04235,2024-02-22,社交媒体,Android,三线
U04236,2024-07-24,付费广告,Android,二线
U04237,2024-03-28,自然搜索,Android,二线
U04238,2024-11-15,自然搜索,iOS,一线
U04239,2024-11-01,付费广告,iOS,四线及以下
U04240,2024-07-29,社交媒体,iOS,四线及以下
U04241,2024-10-27,付费广告,Android,三线
U04242,2024-08-17,社交媒体,Android,一线
U04243,2024-11-13,社交媒体,Android,二线
U04244,2024-09-02,社交媒体,iOS,三线
U04245,2024-08-22,付费广告,Android,四线及以下
U04246,2024-12-18,应用商店,iOS,四线及以下
U04247,2024-07-01,付费广告,iOS,四线及以下
U04248,2024-05-06,付费广告,Android,一线
U04249,2024-10-06,自然搜索,iOS,四线及以下
U04250,2024-12-25,付费广告,Android,三线
U04251,2024-08-12,自然搜索,iOS,四线及以下
U04252,2024-03-31,社交媒体,Android,二线
U04253,2024-07-31,自然搜索,iOS,二线
U04254,2024-09-16,付费广告,Android,二线
U04255,2024-05-26,口碑推荐,Android,一线
U04256,2024-10-23,付费广告,Android,二线
U04257,2024-12-30,自然搜索,iOS,四线及以下
U04258,2024-09-02,自然搜索,Android,一线
U04259,2024-08-05,口碑推荐,iOS,一线
U04260,2024-08-19,自然搜索,iOS,一线
U04261,2024-05-03,付费广告,iOS,二线
U04262,2024-12-09,付费广告,Android,四线及以下
U04263,2024-08-23,社交媒体,iOS,一线
U04264,2024-08-15,社交媒体,Android,一线
U04265,2024-10-23,口碑推荐,Android,四线及以下
U04266,2024-08-30,自然搜索,iOS,四线及以下
U04267,2024-10-20,自然搜索,Android,一线
U04268,2024-03-31,自然搜索,iOS,三线
U04269,2024-11-25,自然搜索,Android,三线
U04270,2024-12-19,自然搜索,iOS,三线
U04271,2024-10-20,付费广告,iOS,二线
U04272,2024-12-22,付费广告,iOS,四线及以下
U04273,2024-05-22,社交媒体,iOS,一线
U04274,2024-09-09,付费广告,iOS,一线
U04275,2024-10-10,社交媒体,iOS,二线
U04276,2024-10-05,付费广告,iOS,二线
U04277,2024-08-19,自然搜索,iOS,四线及以下
U04278,2024-07-31,付费广告,iOS,三线
U04279,2024-05-09,自然搜索,Android,一线
U04280,2024-08-16,自然搜索,Android,二线
U04281,2024-05-27,付费广告,Android,二线
U04282,2024-11-08,应用商店,Android,四线及以下
U04283,2024-06-15,社交媒体,Android,三线
U04284,2024-03-29,自然搜索,Android,三线
U04285,2024-09-28,口碑推荐,iOS,三线
U04286,2024-10-08,社交媒体,Android,三线
U04287,2024-12-06,社交媒体,iOS,三线
U04288,2024-10-04,口碑推荐,Android,一线
U04289,2024-08-02,付费广告,Android,四线及以下
U04290,2024-11-23,自然搜索,iOS,三线
U04291,2024-09-25,付费广告,Android,三线
U04292,2024-04-12,付费广告,iOS,四线及以下
U04293,2024-10-01,付费广告,iOS,四线及以下
U04294,2024-12-13,社交媒体,iOS,四线及以下
U04295,2024-08-17,应用商店,Android,四线及以下
U04296,2024-07-17,应用商店,Android,一线
U04297,2024-05-18,口碑推荐,Android,二线
U04298,2024-05-22,口碑推荐,iOS,三线
U04299,2024-08-28,应用商店,iOS,二线
U04300,2024-10-08,自然搜索,Android,四线及以下
U04301,2024-04-13,自然搜索,iOS,三线
U04302,2024-12-19,付费广告,Android,三线
U04303,2024-11-13,口碑推荐,iOS,四线及以下
U04304,2024-10-06,付费广告,iOS,二线
U04305,2024-11-28,社交媒体,iOS,三线
U04306,2024-04-13,自然搜索,Android,三线
U04307,2024-09-09,自然搜索,iOS,二线
U04308,2024-10-16,社交媒体,iOS,一线
U04309,2024-11-28,自然搜索,iOS,四线及以下
U04310,2024-11-19,付费广告,iOS,三线
U04311,2024-07-11,自然搜索,iOS,四线及以下
U04312,2024-12-20,付费广告,iOS,二线
U04313,2024-05-08,社交媒体,Android,一线
U04314,2024-12-07,付费广告,iOS,二线
U04315,2024-12-25,社交媒体,Android,二线
U04316,2024-06-02,自然搜索,Android,四线及以下
U04317,2024-11-06,口碑推荐,iOS,一线
U04318,2024-03-14,付费广告,iOS,四线及以下
U04319,2024-08-20,社交媒体,Android,四线及以下
U04320,2024-09-19,社交媒体,iOS,四线及以下
U04321,2024-10-05,自然搜索,iOS,二线
U04322,2024-12-19,口碑推荐,iOS,四线及以下
U04323,2024-10-26,社交媒体,Android,二线
U04324,2024-09-10,付费广告,Android,一线
U04325,2024-11-24,自然搜索,Android,一线
U04326,2024-12-21,应用商店,Android,四线及以下
U04327,2024-02-24,口碑推荐,iOS,一线
U04328,2024-12-27,自然搜索,iOS,二线
U04329,2024-04-17,付费广告,iOS,一线
U04330,2024-11-25,口碑推荐,iOS,二线
U04331,2024-07-12,社交媒体,iOS,一线
U04332,2024-05-12,口碑推荐,iOS,四线及以下
U04333,2024-08-30,付费广告,iOS,三线
U04334,2024-10-19,社交媒体,iOS,四线及以下
U04335,2024-08-13,付费广告,iOS,三线
U04336,2024-03-26,自然搜索,Android,四线及以下
U04337,2024-10-09,社交媒体,Android,二线
U04338,2024-12-12,应用商店,Android,三线
U04339,2024-08-13,付费广告,iOS,三线
U04340,2024-06-18,付费广告,iOS,二线
U04341,2024-08-30,社交媒体,iOS,四线及以下
U04342,2024-03-21,付费广告,iOS,三线
U04343,2024-11-26,口碑推荐,iOS,四线及以下
U04344,2024-11-27,口碑推荐,Android,三线
U04345,2024-10-06,自然搜索,Android,一线
U04346,2024-08-04,应用商店,iOS,三线
U04347,2024-11-22,口碑推荐,iOS,一线
U04348,2024-09-28,口碑推荐,iOS,三线
U04349,2024-11-27,社交媒体,iOS,三线
U04350,2024-10-17,口碑推荐,iOS,四线及以下
U04351,2024-11-19,自然搜索,iOS,一线
U04352,2024-10-09,付费广告,iOS,一线
U04353,2024-08-22,口碑推荐,iOS,一线
U04354,2024-12-23,自然搜索,iOS,二线
U04355,2024-09-25,自然搜索,iOS,四线及以下
U04356,2024-10-10,口碑推荐,iOS,四线及以下
U04357,2024-06-20,口碑推荐,Android,三线
U04358,2024-10-15,自然搜索,iOS,四线及以下
U04359,2024-10-02,口碑推荐,Android,二线
U04360,2024-06-05,社交媒体,Android,一线
U04361,2024-03-30,付费广告,Android,一线
U04362,2024-10-10,口碑推荐,Android,四线及以下
U04363,2024-11-14,付费广告,Android,三线
U04364,2024-09-21,自然搜索,Android,三线
U04365,2024-06-22,自然搜索,iOS,二线
U04366,2024-10-24,付费广告,iOS,二线
U04367,2024-04-13,付费广告,Android,四线及以下
U04368,2024-08-30,口碑推荐,Android,一线
U04369,2024-05-27,口碑推荐,Android,三线
U04370,2024-06-05,社交媒体,Android,二线
U04371,2024-06-13,口碑推荐,Android,一线
U04372,2024-08-14,自然搜索,Android,三线
U04373,2024-03-23,自然搜索,Android,二线
U04374,2024-08-18,口碑推荐,iOS,三线
U04375,2024-09-18,自然搜索,Android,三线
U04376,2024-09-10,自然搜索,Android,二线
U04377,2024-08-13,社交媒体,Android,三线
U04378,2024-11-30,付费广告,Android,三线
U04379,2024-05-19,口碑推荐,iOS,二线
U04380,2024-09-16,自然搜索,iOS,三线
U04381,2024-03-31,自然搜索,Android,三线
U04382,2024-04-07,付费广告,Android,一线
U04383,2024-10-03,社交媒体,iOS,四线及以下
U04384,2024-10-01,付费广告,iOS,二线
U04385,2024-12-08,付费广告,Android,四线及以下
U04386,2024-09-29,口碑推荐,Android,四线及以下
U04387,2024-12-23,应用商店,Android,二线
U04388,2024-03-21,自然搜索,Android,二线
U04389,2024-04-24,付费广告,iOS,二线
U04390,2024-03-17,付费广告,iOS,二线
U04391,2024-06-06,应用商店,iOS,四线及以下
U04392,2024-09-25,应用商店,Android,三线
U04393,2024-10-20,自然搜索,iOS,一线
U04394,2024-03-18,社交媒体,Android,三线
U04395,2024-12-21,付费广告,iOS,四线及以下
U04396,2024-11-30,自然搜索,iOS,三线
U04397,2024-07-17,自然搜索,Android,三线
U04398,2024-04-11,付费广告,iOS,三线
U04399,2024-05-30,付费广告,Android,二线
U04400,2024-05-10,自然搜索,iOS,二线
U04401,2024-05-08,社交媒体,iOS,三线
U04402,2024-09-19,自然搜索,iOS,二线
U04403,2024-06-29,社交媒体,iOS,三线
U04404,2024-08-06,付费广告,Android,三线
U04405,2024-12-29,自然搜索,iOS,三线
U04406,2024-10-28,付费广告,iOS,二线
U04407,2024-12-21,自然搜索,iOS,一线
U04408,2024-05-17,付费广告,Android,二线
U04409,2024-08-13,自然搜索,Android,二线
U04410,2024-09-28,付费广告,iOS,二线
U04411,2024-04-11,自然搜索,Android,三线
U04412,2024-01-24,社交媒体,Android,一线
U04413,2024-10-25,口碑推荐,Android,二线
U04414,2024-10-19,自然搜索,iOS,二线
U04415,2024-08-21,付费广告,Android,二线
U04416,2024-09-12,自然搜索,Android,二线
U04417,2024-08-23,社交媒体,Android,二线
U04418,2024-02-26,自然搜索,Android,四线及以下
U04419,2024-07-30,付费广告,Android,一线
U04420,2024-06-02,付费广告,iOS,三线
U04421,2024-04-24,应用商店,Android,四线及以下
U04422,2024-12-23,付费广告,iOS,二线
U04423,2024-10-09,社交媒体,Android,四线及以下
U04424,2024-11-07,付费广告,iOS,一线
U04425,2024-07-23,应用商店,iOS,二线
U04426,2024-08-16,口碑推荐,Android,二线
U04427,2024-06-26,自然搜索,Android,一线
U04428,2024-04-23,口碑推荐,iOS,二线
U04429,2024-06-03,付费广告,iOS,二线
U04430,2024-11-21,口碑推荐,iOS,三线
U04431,2024-10-27,口碑推荐,Android,四线及以下
U04432,2024-09-26,自然搜索,Android,一线
U04433,2024-09-08,社交媒体,iOS,二线
U04434,2024-12-16,自然搜索,Android,二线
U04435,2024-04-08,自然搜索,Android,二线
U04436,2024-07-12,自然搜索,iOS,三线
U04437,2024-08-03,社交媒体,Android,二线
U04438,2024-11-18,自然搜索,iOS,一线
U04439,2024-12-29,自然搜索,Android,三线
U04440,2024-06-28,社交媒体,iOS,四线及以下
U04441,2024-12-07,自然搜索,iOS,二线
U04442,2024-11-28,自然搜索,iOS,三线
U04443,2024-06-22,自然搜索,iOS,一线
U04444,2024-08-18,付费广告,Android,一线
U04445,2024-08-21,付费广告,iOS,一线
U04446,2024-12-27,自然搜索,iOS,二线
U04447,2024-06-04,应用商店,Android,四线及以下
U04448,2024-11-22,社交媒体,iOS,二线
U04449,2024-07-30,付费广告,iOS,一线
U04450,2024-11-08,付费广告,Android,二线
U04451,2024-08-24,付费广告,Android,二线
U04452,2024-10-04,社交媒体,iOS,三线
U04453,2024-11-29,自然搜索,iOS,二线
U04454,2024-11-23,自然搜索,Android,二线
U04455,2024-12-05,口碑推荐,iOS,三线
U04456,2024-03-30,自然搜索,iOS,一线
U04457,2024-10-30,付费广告,iOS,一线
U04458,2024-05-16,口碑推荐,iOS,一线
U04459,2024-08-23,社交媒体,Android,二线
U04460,2024-09-27,付费广告,Android,一线
U04461,2024-08-19,社交媒体,Android,二线
U04462,2024-09-20,自然搜索,Android,三线
U04463,2024-12-30,社交媒体,iOS,三线
U04464,2024-05-14,付费广告,iOS,三线
U04465,2024-10-26,口碑推荐,Android,四线及以下
U04466,2024-08-17,应用商店,iOS,二线
U04467,2024-05-13,应用商店,iOS,四线及以下
U04468,2024-05-25,应用商店,Android,二线
U04469,2024-12-21,付费广告,Android,二线
U04470,2024-12-08,付费广告,iOS,二线
U04471,2024-12-13,付费广告,Android,一线
U04472,2024-12-29,社交媒体,Android,四线及以下
U04473,2024-06-15,口碑推荐,iOS,一线
U04474,2024-08-05,自然搜索,Android,二线
U04475,2024-10-25,应用商店,iOS,二线
U04476,2024-09-10,口碑推荐,iOS,一线
U04477,2024-08-24,应用商店,Android,一线
U04478,2024-08-06,口碑推荐,Android,一线
U04479,2024-10-08,自然搜索,iOS,二线
U04480,2024-10-03,自然搜索,iOS,四线及以下
U04481,2024-05-26,自然搜索,iOS,二线
U04482,2024-09-07,自然搜索,Android,一线
U04483,2024-09-28,社交媒体,iOS,三线
U04484,2024-10-02,口碑推荐,iOS,四线及以下
U04485,2024-06-16,口碑推荐,iOS,一线
U04486,2024-11-10,社交媒体,iOS,二线
U04487,2024-02-27,自然搜索,iOS,四线及以下
U04488,2024-08-05,自然搜索,Android,一线
U04489,2024-11-18,自然搜索,iOS,二线
U04490,2024-10-01,付费广告,iOS,一线
U04491,2024-07-05,付费广告,Android,四线及以下
U04492,2024-10-31,自然搜索,Android,四线及以下
U04493,2024-10-01,付费广告,iOS,四线及以下
U04494,2024-11-21,自然搜索,iOS,二线
U04495,2024-11-08,社交媒体,Android,二线
U04496,2024-10-12,付费广告,iOS,一线
U04497,2024-09-12,付费广告,Android,四线及以下
U04498,2024-05-13,付费广告,iOS,四线及以下
U04499,2024-07-05,应用商店,iOS,二线
U04500,2024-08-24,自然搜索,iOS,三线
U04501,2024-10-09,付费广告,Android,一线
U04502,2024-09-18,社交媒体,Android,二线
U04503,2024-07-14,社交媒体,iOS,三线
U04504,2024-01-30,应用商店,iOS,二线
U04505,2024-09-14,付费广告,iOS,二线
U04506,2024-07-14,付费广告,iOS,一线
U04507,2024-11-08,自然搜索,Android,四线及以下
U04508,2024-02-26,社交媒体,iOS,四线及以下
U04509,2024-10-06,自然搜索,Android,四线及以下
U04510,2024-12-20,自然搜索,Android,三线
U04511,2024-06-01,付费广告,Android,二线
U04512,2024-09-07,付费广告,Android,二线
U04513,2024-04-20,自然搜索,iOS,四线及以下
U04514,2024-10-15,社交媒体,iOS,三线
U04515,2024-09-27,社交媒体,iOS,三线
U04516,2024-08-20,自然搜索,iOS,三线
U04517,2024-09-20,付费广告,iOS,四线及以下
U04518,2024-12-11,社交媒体,iOS,一线
U04519,2024-06-10,付费广告,Android,一线
U04520,2024-02-24,付费广告,iOS,三线
U04521,2024-12-04,付费广告,Android,四线及以下
U04522,2024-10-04,社交媒体,Android,三线
U04523,2024-12-10,应用商店,Android,二线
U04524,2024-10-09,社交媒体,iOS,二线
U04525,2024-11-24,自然搜索,iOS,三线
U04526,2024-08-27,付费广告,iOS,三线
U04527,2024-11-12,口碑推荐,iOS,三线
U04528,2024-12-14,自然搜索,iOS,二线
U04529,2024-10-03,应用商店,Android,四线及以下
U04530,2024-06-04,应用商店,iOS,三线
U04531,2024-07-08,自然搜索,iOS,三线
U04532,2024-06-11,应用商店,Android,一线
U04533,2024-06-30,付费广告,iOS,二线
U04534,2024-07-21,口碑推荐,iOS,四线及以下
U04535,2024-09-28,付费广告,Android,一线
U04536,2024-10-06,付费广告,iOS,二线
U04537,2024-08-26,社交媒体,Android,二线
U04538,2024-10-13,口碑推荐,iOS,三线
U04539,2024-04-14,自然搜索,Android,二线
U04540,2024-04-18,社交媒体,iOS,一线
U04541,2024-05-31,自然搜索,iOS,四线及以下
U04542,2024-09-19,付费广告,Android,三线
U04543,2024-06-17,付费广告,iOS,一线
U04544,2024-07-13,付费广告,iOS,一线
U04545,2024-08-18,付费广告,iOS,四线及以下
U04546,2024-11-24,自然搜索,iOS,一线
U04547,2024-02-12,自然搜索,iOS,三线
U04548,2024-10-21,自然搜索,Android,二线
U04549,2024-10-25,付费广告,Android,四线及以下
U04550,2024-11-22,应用商店,Android,三线
U04551,2024-12-18,自然搜索,iOS,三线
U04552,2024-02-21,应用商店,iOS,一线
U04553,2024-05-23,社交媒体,Android,四线及以下
U04554,2024-12-09,社交媒体,Android,二线
U04555,2024-09-04,社交媒体,iOS,四线及以下
U04556,2024-10-01,口碑推荐,iOS,二线
U04557,2024-10-24,自然搜索,iOS,三线
U04558,2024-10-27,付费广告,iOS,一线
U04559,2024-12-18,社交媒体,Android,三线
U04560,2024-12-30,社交媒体,iOS,二线
U04561,2024-11-05,口碑推荐,Android,二线
U04562,2024-07-14,自然搜索,iOS,一线
U04563,2024-12-08,社交媒体,iOS,一线
U04564,2024-03-21,付费广告,Android,一线
U04565,2024-06-24,付费广告,iOS,二线
U04566,2024-12-11,付费广告,iOS,四线及以下
U04567,2024-07-03,社交媒体,Android,二线
U04568,2024-06-20,口碑推荐,Android,三线
U04569,2024-05-15,付费广告,Android,一线
U04570,2024-12-04,口碑推荐,iOS,三线
U04571,2024-09-15,付费广告,iOS,二线
U04572,2024-10-26,自然搜索,Android,四线及以下
U04573,2024-06-27,自然搜索,iOS,四线及以下
U04574,2024-11-13,自然搜索,Android,二线
U04575,2024-11-14,付费广告,iOS,三线
U04576,2024-07-23,付费广告,iOS,一线
U04577,2024-08-21,社交媒体,Android,三线
U04578,2024-06-16,社交媒体,iOS,一线
U04579,2024-12-26,自然搜索,iOS,二线
U04580,2024-10-20,自然搜索,iOS,一线
U04581,2024-12-18,自然搜索,iOS,三线
U04582,2024-07-20,付费广告,iOS,二线
U04583,2024-11-18,自然搜索,iOS,三线
U04584,2024-11-15,自然搜索,iOS,二线
U04585,2024-10-30,应用商店,Android,一线
U04586,2024-12-24,口碑推荐,iOS,三线
U04587,2024-08-16,自然搜索,Android,四线及以下
U04588,2024-05-11,付费广告,iOS,四线及以下
U04589,2024-10-26,付费广告,Android,三线
U04590,2024-11-07,口碑推荐,iOS,三线
U04591,2024-10-03,付费广告,Android,三线
U04592,2024-06-14,自然搜索,Android,一线
U04593,2024-09-16,社交媒体,Android,一线
U04594,2024-07-22,付费广告,Android,一线
U04595,2024-08-26,自然搜索,iOS,二线
U04596,2024-10-20,付费广告,Android,二线
U04597,2024-11-11,付费广告,Android,四线及以下
U04598,2024-06-24,付费广告,Android,二线
U04599,2024-08-20,自然搜索,iOS,三线
U04600,2024-07-08,付费广告,Android,三线
U04601,2024-06-11,自然搜索,iOS,一线
U04602,2024-11-19,口碑推荐,iOS,一线
U04603,2024-12-14,自然搜索,iOS,二线
U04604,2024-08-10,自然搜索,iOS,三线
U04605,2024-11-12,社交媒体,Android,四线及以下
U04606,2024-12-11,口碑推荐,Android,二线
U04607,2024-12-01,口碑推荐,Android,四线及以下
U04608,2024-06-05,付费广告,Android,二线
U04609,2024-12-22,自然搜索,iOS,三线
U04610,2024-08-12,社交媒体,Android,三线
U04611,2024-07-31,社交媒体,iOS,一线
U04612,2024-04-01,自然搜索,Android,一线
U04613,2024-09-11,应用商店,Android,一线
U04614,2024-04-30,自然搜索,Android,二线
U04615,2024-06-30,应用商店,iOS,三线
U04616,2024-07-24,口碑推荐,Android,一线
U04617,2024-11-24,社交媒体,iOS,三线
U04618,2024-12-07,应用商店,iOS,二线
U04619,2024-07-19,社交媒体,Android,三线
U04620,2024-12-04,自然搜索,iOS,三线
U04621,2024-12-03,付费广告,Android,三线
U04622,2024-11-15,自然搜索,iOS,二线
U04623,2024-05-19,付费广告,iOS,二线
U04624,2024-10-30,社交媒体,Android,四线及以下
U04625,2024-12-20,付费广告,iOS,一线
U04626,2024-10-28,付费广告,iOS,二线
U04627,2024-07-29,社交媒体,iOS,一线
U04628,2024-09-15,口碑推荐,iOS,三线
U04629,2024-10-20,自然搜索,Android,三线
U04630,2024-09-17,付费广告,iOS,三线
U04631,2024-05-06,自然搜索,Android,二线
U04632,2024-07-22,社交媒体,Android,一线
U04633,2024-11-22,自然搜索,iOS,四线及以下
U04634,2024-12-04,社交媒体,Android,二线
U04635,2024-05-15,自然搜索,Android,二线
U04636,2024-12-22,自然搜索,iOS,三线
U04637,2024-07-28,应用商店,iOS,一线
U04638,2024-10-24,自然搜索,iOS,一线
U04639,2024-11-12,付费广告,Android,二线
U04640,2024-11-24,自然搜索,Android,一线
U04641,2024-12-20,付费广告,iOS,一线
U04642,2024-07-23,付费广告,Android,四线及以下
U04643,2024-12-04,付费广告,Android,二线
U04644,2024-05-12,自然搜索,Android,二线
U04645,2024-11-02,付费广告,Android,三线
U04646,2024-11-10,社交媒体,iOS,四线及以下
U04647,2024-10-27,口碑推荐,Android,一线
U04648,2024-07-02,付费广告,Android,四线及以下
U04649,2024-12-07,社交媒体,Android,三线
U04650,2024-05-29,自然搜索,iOS,一线
U04651,2024-03-25,自然搜索,iOS,二线
U04652,2024-11-05,自然搜索,iOS,二线
U04653,2024-09-08,自然搜索,iOS,三线
U04654,2024-12-02,自然搜索,Android,一线
U04655,2024-08-14,付费广告,iOS,二线
U04656,2024-05-29,社交媒体,Android,三线
U04657,2024-11-29,应用商店,Android,二线
U04658,2024-09-27,自然搜索,Android,四线及以下
U04659,2024-06-07,社交媒体,iOS,四线及以下
U04660,2024-11-05,口碑推荐,Android,二线
U04661,2024-09-17,社交媒体,Android,四线及以下
U04662,2024-10-10,自然搜索,Android,一线
U04663,2024-09-04,自然搜索,iOS,一线
U04664,2024-11-28,自然搜索,iOS,二线
U04665,2024-11-28,付费广告,iOS,三线
U04666,2024-11-03,社交媒体,iOS,三线
U04667,2024-04-28,自然搜索,iOS,二线
U04668,2024-11-30,自然搜索,Android,一线
U04669,2024-10-25,社交媒体,Android,一线
U04670,2024-10-31,口碑推荐,iOS,四线及以下
U04671,2024-08-07,付费广告,iOS,四线及以下
U04672,2024-12-08,社交媒体,Android,三线
U04673,2024-11-06,付费广告,iOS,三线
U04674,2024-05-02,自然搜索,Android,三线
U04675,2024-08-21,付费广告,iOS,一线
U04676,2024-12-09,社交媒体,iOS,二线
U04677,2024-03-20,应用商店,iOS,三线
U04678,2024-12-23,自然搜索,Android,二线
U04679,2024-10-27,付费广告,iOS,一线
U04680,2024-10-17,付费广告,Android,四线及以下
U04681,2024-07-08,付费广告,iOS,四线及以下
U04682,2024-07-01,自然搜索,iOS,二线
U04683,2024-12-20,付费广告,Android,三线
U04684,2024-07-18,口碑推荐,iOS,四线及以下
U04685,2024-11-17,社交媒体,Android,一线
U04686,2024-08-16,付费广告,iOS,二线
U04687,2024-05-16,自然搜索,iOS,二线
U04688,2024-02-07,自然搜索,Android,二线
U04689,2024-09-26,付费广告,Android,四线及以下
U04690,2024-12-26,口碑推荐,iOS,二线
U04691,2024-08-09,应用商店,Android,一线
U04692,2024-08-06,付费广告,iOS,一线
U04693,2024-08-02,付费广告,Android,一线
U04694,2024-09-20,口碑推荐,Android,二线
U04695,2024-08-30,付费广告,iOS,三线
U04696,2024-12-08,社交媒体,iOS,一线
U04697,2024-09-16,自然搜索,iOS,三线
U04698,2024-09-17,社交媒体,iOS,三线
U04699,2024-05-15,付费广告,iOS,二线
U04700,2024-12-27,口碑推荐,Android,三线
U04701,2024-07-01,口碑推荐,Android,三线
U04702,2024-04-08,自然搜索,iOS,二线
U04703,2024-10-24,社交媒体,iOS,二线
U04704,2024-10-08,口碑推荐,Android,三线
U04705,2024-08-23,付费广告,Android,四线及以下
U04706,2024-08-25,自然搜索,iOS,二线
U04707,2024-11-19,自然搜索,iOS,二线
U04708,2024-06-10,付费广告,iOS,二线
U04709,2024-11-26,付费广告,iOS,一线
U04710,2024-10-20,社交媒体,iOS,三线
U04711,2024-08-24,自然搜索,iOS,二线
U04712,2024-09-04,口碑推荐,iOS,一线
U04713,2024-07-03,自然搜索,Android,二线
U04714,2024-11-12,自然搜索,iOS,一线
U04715,2024-09-18,付费广告,iOS,二线
U04716,2024-07-25,付费广告,iOS,一线
U04717,2024-10-08,自然搜索,Android,一线
U04718,2024-12-30,自然搜索,Android,四线及以下
U04719,2024-08-28,自然搜索,iOS,四线及以下
U04720,2024-12-16,社交媒体,iOS,一线
U04721,2024-08-02,口碑推荐,Android,二线
U04722,2024-03-26,付费广告,iOS,二线
U04723,2024-06-13,社交媒体,iOS,二线
U04724,2024-08-24,社交媒体,iOS,二线
U04725,2024-06-20,自然搜索,Android,二线
U04726,2024-01-06,应用商店,Android,三线
U04727,2024-12-15,口碑推荐,Android,一线
U04728,2024-12-01,自然搜索,iOS,一线
U04729,2024-11-10,自然搜索,Android,三线
U04730,2024-05-29,自然搜索,Android,三线
U04731,2024-05-06,自然搜索,Android,二线
U04732,2024-04-04,社交媒体,iOS,二线
U04733,2024-11-06,付费广告,iOS,二线
U04734,2024-12-17,口碑推荐,Android,二线
U04735,2024-08-27,社交媒体,iOS,二线
U04736,2024-05-05,社交媒体,iOS,二线
U04737,2024-09-18,社交媒体,iOS,二线
U04738,2024-08-03,自然搜索,Android,三线
U04739,2024-08-11,付费广告,Android,三线
U04740,2024-10-14,社交媒体,iOS,二线
U04741,2024-11-05,自然搜索,Android,二线
U04742,2024-05-01,自然搜索,Android,二线
U04743,2024-03-09,口碑推荐,Android,二线
U04744,2024-12-29,社交媒体,iOS,二线
U04745,2024-06-25,自然搜索,iOS,四线及以下
U04746,2024-03-25,社交媒体,iOS,三线
U04747,2024-06-08,口碑推荐,iOS,四线及以下
U04748,2024-03-13,付费广告,Android,三线
U04749,2024-08-16,自然搜索,iOS,四线及以下
U04750,2024-11-22,应用商店,Android,三线
U04751,2024-08-01,付费广告,iOS,四线及以下
U04752,2024-08-31,自然搜索,iOS,一线
U04753,2024-10-27,付费广告,iOS,一线
U04754,2024-09-17,口碑推荐,iOS,三线
U04755,2024-12-04,自然搜索,iOS,四线及以下
U04756,2024-12-05,自然搜索,Android,二线
U04757,2024-02-06,自然搜索,iOS,一线
U04758,2024-11-17,应用商店,Android,二线
U04759,2024-09-04,自然搜索,Android,三线
U04760,2024-12-28,社交媒体,iOS,二线
U04761,2024-09-10,应用商店,Android,三线
U04762,2024-12-28,自然搜索,Android,四线及以下
U04763,2024-11-13,应用商店,iOS,四线及以下
U04764,2024-06-30,应用商店,iOS,二线
U04765,2024-09-24,口碑推荐,Android,二线
U04766,2024-12-29,自然搜索,iOS,二线
U04767,2024-12-04,社交媒体,iOS,二线
U04768,2024-04-23,口碑推荐,Android,一线
U04769,2024-11-02,应用商店,iOS,三线
U04770,2024-08-02,自然搜索,iOS,二线
U04771,2024-01-31,口碑推荐,Android,四线及以下
U04772,2024-08-19,付费广告,Android,四线及以下
U04773,2024-06-25,自然搜索,iOS,一线
U04774,2024-11-26,付费广告,iOS,四线及以下
U04775,2024-07-30,口碑推荐,Android,三线
U04776,2024-11-28,付费广告,Android,二线
U04777,2024-01-09,付费广告,iOS,二线
U04778,2024-07-21,应用商店,iOS,二线
U04779,2024-06-28,付费广告,iOS,二线
U04780,2024-06-25,社交媒体,Android,三线
U04781,2024-04-05,付费广告,Android,一线
U04782,2024-06-06,付费广告,Android,三线
U04783,2024-09-29,社交媒体,Android,二线
U04784,2024-07-16,应用商店,Android,一线
U04785,2024-08-23,付费广告,iOS,三线
U04786,2024-08-12,口碑推荐,Android,三线
U04787,2024-12-07,自然搜索,Android,二线
U04788,2024-12-13,自然搜索,iOS,一线
U04789,2024-09-13,付费广告,iOS,四线及以下
U04790,2024-07-28,自然搜索,Android,三线
U04791,2024-04-29,自然搜索,iOS,一线
U04792,2024-12-22,付费广告,iOS,二线
U04793,2024-03-30,自然搜索,Android,二线
U04794,2024-07-18,自然搜索,Android,一线
U04795,2024-07-18,付费广告,iOS,三线
U04796,2024-07-25,社交媒体,Android,四线及以下
U04797,2024-05-27,应用商店,iOS,三线
U04798,2024-11-19,社交媒体,iOS,一线
U04799,2024-05-07,付费广告,iOS,四线及以下
U04800,2024-10-17,应用商店,Android,二线
U04801,2024-05-08,口碑推荐,Android,四线及以下
U04802,2024-04-06,自然搜索,Android,一线
U04803,2024-12-14,自然搜索,Android,二线
U04804,2024-06-08,社交媒体,iOS,三线
U04805,2024-11-26,社交媒体,iOS,一线
U04806,2024-09-26,口碑推荐,Android,三线
U04807,2024-04-11,社交媒体,iOS,三线
U04808,2024-12-22,社交媒体,Android,一线
U04809,2024-06-30,应用商店,Android,三线
U04810,2024-12-04,付费广告,Android,二线
U04811,2024-05-29,自然搜索,iOS,一线
U04812,2024-12-03,口碑推荐,iOS,四线及以下
U04813,2024-02-11,自然搜索,iOS,四线及以下
U04814,2024-09-18,口碑推荐,iOS,二线
U04815,2024-11-16,应用商店,Android,二线
U04816,2024-12-18,社交媒体,iOS,二线
U04817,2024-12-14,社交媒体,iOS,三线
U04818,2024-11-26,付费广告,iOS,四线及以下
U04819,2024-12-09,付费广告,iOS,二线
U04820,2024-06-11,付费广告,iOS,四线及以下
U04821,2024-07-13,社交媒体,iOS,二线
U04822,2024-07-15,口碑推荐,iOS,二线
U04823,2024-08-12,社交媒体,iOS,四线及以下
U04824,2024-08-16,自然搜索,iOS,二线
U04825,2024-09-26,付费广告,iOS,二线
U04826,2024-05-25,口碑推荐,iOS,三线
U04827,2024-10-30,付费广告,iOS,二线
U04828,2024-05-29,付费广告,Android,二线
U04829,2024-07-22,口碑推荐,Android,四线及以下
U04830,2024-09-15,社交媒体,Android,三线
U04831,2024-11-21,付费广告,iOS,四线及以下
U04832,2024-11-09,口碑推荐,iOS,二线
U04833,2024-10-20,自然搜索,Android,二线
U04834,2024-05-24,应用商店,iOS,四线及以下
U04835,2024-09-26,自然搜索,Android,二线
U04836,2024-04-17,自然搜索,iOS,一线
U04837,2024-08-12,口碑推荐,iOS,二线
U04838,2024-08-22,自然搜索,Android,二线
U04839,2024-03-13,社交媒体,iOS,一线
U04840,2024-07-10,口碑推荐,iOS,四线及以下
U04841,2024-12-22,口碑推荐,iOS,四线及以下
U04842,2024-12-22,应用商店,iOS,三线
U04843,2024-08-04,自然搜索,iOS,三线
U04844,2024-03-16,社交媒体,Android,四线及以下
U04845,2024-06-03,自然搜索,Android,三线
U04846,2024-08-16,付费广告,Android,一线
U04847,2024-12-21,口碑推荐,iOS,一线
U04848,2024-05-17,付费广告,Android,一线
U04849,2024-11-14,社交媒体,Android,一线
U04850,2024-04-30,付费广告,iOS,二线
U04851,2024-12-27,社交媒体,Android,二线
U04852,2024-08-13,应用商店,Android,一线
U04853,2024-11-17,自然搜索,Android,一线
U04854,2024-08-01,社交媒体,iOS,二线
U04855,2024-10-16,口碑推荐,iOS,二线
U04856,2024-06-08,付费广告,Android,三线
U04857,2024-05-19,自然搜索,iOS,一线
U04858,2024-12-19,社交媒体,Android,四线及以下
U04859,2024-12-15,付费广告,Android,四线及以下
U04860,2024-12-09,自然搜索,Android,三线
U04861,2024-10-15,口碑推荐,iOS,三线
U04862,2024-11-24,付费广告,Android,四线及以下
U04863,2024-04-05,应用商店,iOS,一线
U04864,2024-07-30,口碑推荐,Android,四线及以下
U04865,2024-07-23,社交媒体,Android,三线
U04866,2024-10-18,自然搜索,iOS,三线
U04867,2024-08-05,付费广告,Android,二线
U04868,2024-05-20,自然搜索,iOS,二线
U04869,2024-10-08,应用商店,iOS,三线
U04870,2024-11-25,自然搜索,iOS,三线
U04871,2024-08-13,自然搜索,iOS,三线
U04872,2024-05-12,付费广告,iOS,一线
U04873,2024-06-10,自然搜索,iOS,二线
U04874,2024-06-26,自然搜索,Android,二线
U04875,2024-07-18,社交媒体,Android,二线
U04876,2024-10-19,自然搜索,Android,一线
U04877,2024-10-09,自然搜索,iOS,一线
U04878,2024-10-31,付费广告,Android,二线
U04879,2024-08-07,社交媒体,Android,二线
U04880,2024-11-27,社交媒体,iOS,一线
U04881,2024-06-13,付费广告,Android,四线及以下
U04882,2024-09-06,社交媒体,iOS,三线
U04883,2024-11-22,付费广告,Android,三线
U04884,2024-06-03,应用商店,iOS,一线
U04885,2024-04-30,自然搜索,iOS,三线
U04886,2024-12-09,社交媒体,Android,二线
U04887,2024-08-01,口碑推荐,iOS,四线及以下
U04888,2024-10-28,口碑推荐,iOS,三线
U04889,2024-02-28,自然搜索,Android,三线
U04890,2024-10-30,自然搜索,Android,四线及以下
U04891,2024-07-24,社交媒体,Android,一线
U04892,2024-03-27,自然搜索,iOS,一线
U04893,2024-10-12,口碑推荐,iOS,三线
U04894,2024-06-28,社交媒体,Android,一线
U04895,2024-08-15,社交媒体,iOS,一线
U04896,2024-04-13,自然搜索,iOS,三线
U04897,2024-05-20,社交媒体,iOS,二线
U04898,2024-07-18,社交媒体,iOS,三线
U04899,2024-04-19,口碑推荐,iOS,四线及以下
U04900,2024-12-14,自然搜索,iOS,二线
U04901,2024-01-29,自然搜索,iOS,一线
U04902,2024-09-10,付费广告,iOS,一线
U04903,2024-05-08,自然搜索,iOS,一线
U04904,2024-07-21,社交媒体,iOS,一线
U04905,2024-12-17,应用商店,Android,一线
U04906,2024-05-26,付费广告,Android,二线
U04907,2024-12-24,口碑推荐,iOS,二线
U04908,2024-06-14,自然搜索,iOS,三线
U04909,2024-11-10,自然搜索,iOS,四线及以下
U04910,2024-09-26,自然搜索,iOS,三线
U04911,2024-12-09,付费广告,iOS,二线
U04912,2024-09-28,应用商店,iOS,一线
U04913,2024-09-23,自然搜索,Android,三线
U04914,2024-06-10,社交媒体,Android,二线
U04915,2024-05-28,付费广告,iOS,一线
U04916,2024-12-15,应用商店,iOS,四线及以下
U04917,2024-07-27,自然搜索,Android,二线
U04918,2024-08-10,自然搜索,iOS,一线
U04919,2024-11-14,自然搜索,Android,四线及以下
U04920,2024-07-31,付费广告,iOS,四线及以下
U04921,2024-12-22,自然搜索,Android,二线
U04922,2024-11-09,口碑推荐,Android,二线
U04923,2024-10-09,社交媒体,Android,三线
U04924,2024-12-08,社交媒体,iOS,三线
U04925,2024-03-22,付费广告,iOS,一线
U04926,2024-07-04,自然搜索,iOS,三线
U04927,2024-09-05,付费广告,Android,四线及以下
U04928,2024-06-22,应用商店,iOS,二线
U04929,2024-11-10,口碑推荐,iOS,四线及以下
U04930,2024-12-15,口碑推荐,iOS,四线及以下
U04931,2024-08-25,口碑推荐,iOS,二线
U04932,2024-08-01,自然搜索,iOS,三线
U04933,2024-12-23,自然搜索,Android,一线
U04934,2024-08-31,自然搜索,iOS,三线
U04935,2024-09-12,付费广告,iOS,三线
U04936,2024-08-04,自然搜索,Android,一线
U04937,2024-12-14,付费广告,Android,三线
U04938,2024-10-02,社交媒体,Android,四线及以下
U04939,2024-11-14,口碑推荐,iOS,二线
U04940,2024-11-24,社交媒体,Android,一线
U04941,2024-08-01,应用商店,iOS,一线
U04942,2024-08-28,自然搜索,iOS,三线
U04943,2024-12-02,自然搜索,iOS,四线及以下
U04944,2024-08-07,社交媒体,iOS,四线及以下
U04945,2024-11-21,自然搜索,iOS,二线
U04946,2024-12-20,自然搜索,Android,二线
U04947,2024-10-15,付费广告,iOS,二线
U04948,2024-11-10,自然搜索,iOS,一线
U04949,2024-11-23,付费广告,iOS,二线
U04950,2024-12-01,付费广告,iOS,二线
U04951,2024-08-17,付费广告,Android,二线
U04952,2024-03-23,社交媒体,iOS,四线及以下
U04953,2024-08-19,付费广告,Android,三线
U04954,2024-10-26,自然搜索,iOS,三线
U04955,2024-09-01,自然搜索,Android,一线
U04956,2024-11-11,付费广告,Android,四线及以下
U04957,2024-08-06,社交媒体,Android,三线
U04958,2024-10-17,口碑推荐,Android,四线及以下
U04959,2024-06-06,社交媒体,Android,二线
U04960,2024-11-11,自然搜索,iOS,二线
U04961,2024-09-26,社交媒体,iOS,二线
U04962,2024-06-13,社交媒体,Android,一线
U04963,2024-07-16,付费广告,Android,三线
U04964,2024-11-11,付费广告,iOS,四线及以下
U04965,2024-09-10,付费广告,iOS,一线
U04966,2024-06-18,社交媒体,Android,一线
U04967,2024-12-24,社交媒体,iOS,三线
U04968,2024-11-04,自然搜索,iOS,二线
U04969,2024-12-23,社交媒体,iOS,三线
U04970,2024-08-26,自然搜索,Android,三线
U04971,2024-09-08,自然搜索,Android,二线
U04972,2024-12-11,应用商店,iOS,四线及以下
U04973,2024-09-21,应用商店,iOS,二线
U04974,2024-11-02,自然搜索,iOS,四线及以下
U04975,2024-07-02,付费广告,iOS,三线
U04976,2024-08-31,自然搜索,Android,四线及以下
U04977,2024-05-08,付费广告,iOS,一线
U04978,2024-06-14,口碑推荐,iOS,一线
U04979,2024-01-12,应用商店,Android,一线
U04980,2024-03-13,社交媒体,Android,二线
U04981,2024-12-26,付费广告,iOS,四线及以下
U04982,2024-06-28,社交媒体,iOS,二线
U04983,2024-10-24,付费广告,Android,四线及以下
U04984,2024-11-30,应用商店,iOS,二线
U04985,2024-09-27,口碑推荐,Android,二线
U04986,2024-05-22,社交媒体,iOS,四线及以下
U04987,2024-11-07,付费广告,Android,二线
U04988,2024-10-09,自然搜索,Android,三线
U04989,2024-11-08,自然搜索,Android,一线
U04990,2024-11-16,口碑推荐,Android,四线及以下
U04991,2024-12-26,付费广告,Android,三线
U04992,2024-10-03,付费广告,Android,三线
U04993,2024-08-01,付费广告,iOS,一线
U04994,2024-10-20,口碑推荐,iOS,二线
U04995,2024-04-05,自然搜索,Android,四线及以下
U04996,2024-12-11,口碑推荐,Android,四线及以下
U04997,2024-05-06,口碑推荐,iOS,一线
U04998,2024-07-27,应用商店,iOS,二线
U04999,2024-11-25,付费广告,Android,二线
U05000,2024-10-09,自然搜索,iOS,一线
