user_id,event_type,event_date
U00001,register,2024-08-11
U00001,app_open,2024-08-11
U00001,browse,2024-08-11
U00001,add_to_cart,2024-08-13
U00001,purchase,2024-08-15
U00002,register,2024-12-21
U00002,app_open,2024-12-21
U00003,register,2024-11-08
U00003,app_open,2024-11-08
U00003,browse,2024-11-09
U00003,add_to_cart,2024-11-11
U00003,purchase,2024-11-13
U00004,register,2024-10-09
U00004,browse,2024-10-09
U00005,register,2024-05-24
U00005,app_open,2024-05-24
U00006,register,2024-05-24
U00006,browse,2024-05-25
U00006,add_to_cart,2024-05-25
U00006,purchase,2024-05-25
U00006,repurchase,2024-06-08
U00007,register,2024-03-28
U00007,app_open,2024-03-28
U00007,browse,2024-03-28
U00007,add_to_cart,2024-03-28
U00008,register,2024-12-05
U00008,app_open,2024-12-05
U00008,browse,2024-12-06
U00009,register,2024-10-09
U00009,app_open,2024-10-09
U00009,browse,2024-10-10
U00010,register,2024-11-03
U00010,app_open,2024-11-03
U00010,browse,2024-11-04
U00010,add_to_cart,2024-11-06
U00011,register,2024-02-22
U00011,app_open,2024-02-22
U00011,browse,2024-02-22
U00012,register,2024-12-25
U00012,app_open,2024-12-25
U00012,browse,2024-12-26
U00013,register,2024-11-29
U00014,register,2024-06-17
U00015,register,2024-06-04
U00015,app_open,2024-06-04
U00015,browse,2024-06-05
U00016,register,2024-06-05
U00016,app_open,2024-06-05
U00017,register,2024-07-20
U00017,app_open,2024-07-20
U00017,browse,2024-07-21
U00018,register,2024-09-21
U00018,app_open,2024-09-21
U00018,browse,2024-09-21
U00018,add_to_cart,2024-09-22
U00019,register,2024-08-27
U00019,app_open,2024-08-27
U00019,browse,2024-08-27
U00019,add_to_cart,2024-08-27
U00020,register,2024-07-15
U00020,app_open,2024-07-15
U00020,browse,2024-07-15
U00020,add_to_cart,2024-07-17
U00020,purchase,2024-07-19
U00021,register,2024-10-12
U00021,app_open,2024-10-12
U00021,browse,2024-10-12
U00022,register,2024-05-16
U00023,register,2024-07-16
U00023,app_open,2024-07-16
U00023,browse,2024-07-17
U00024,register,2024-08-08
U00024,app_open,2024-08-08
U00024,browse,2024-08-08
U00025,register,2024-09-03
U00025,app_open,2024-09-03
U00026,register,2024-11-19
U00026,app_open,2024-11-19
U00026,browse,2024-11-19
U00027,register,2024-06-12
U00027,app_open,2024-06-12
U00028,register,2024-09-18
U00028,app_open,2024-09-18
U00028,browse,2024-09-19
U00029,register,2024-10-07
U00029,app_open,2024-10-07
U00029,browse,2024-10-08
U00030,register,2024-03-19
U00030,app_open,2024-03-19
U00030,browse,2024-03-19
U00030,add_to_cart,2024-03-21
U00030,purchase,2024-03-23
U00031,register,2024-10-11
U00031,browse,2024-10-11
U00032,register,2024-05-30
U00032,app_open,2024-05-30
U00032,browse,2024-05-30
U00033,register,2024-04-03
U00034,register,2024-12-21
U00034,app_open,2024-12-21
U00034,browse,2024-12-21
U00034,add_to_cart,2024-12-21
U00035,register,2024-12-24
U00035,app_open,2024-12-24
U00036,register,2024-11-24
U00036,browse,2024-11-24
U00037,register,2024-07-20
U00037,app_open,2024-07-20
U00037,browse,2024-07-21
U00038,register,2024-04-24
U00038,app_open,2024-04-24
U00038,browse,2024-04-24
U00038,add_to_cart,2024-04-24
U00039,register,2024-10-28
U00039,app_open,2024-10-28
U00039,browse,2024-10-28
U00039,add_to_cart,2024-10-29
U00040,register,2024-08-30
U00040,app_open,2024-08-30
U00041,register,2024-05-07
U00041,app_open,2024-05-07
U00041,browse,2024-05-08
U00041,add_to_cart,2024-05-09
U00042,register,2024-09-13
U00042,app_open,2024-09-13
U00043,register,2024-03-08
U00043,app_open,2024-03-08
U00043,browse,2024-03-09
U00043,add_to_cart,2024-03-09
U00043,purchase,2024-03-11
U00044,register,2024-12-14
U00044,app_open,2024-12-14
U00045,register,2024-07-04
U00045,app_open,2024-07-04
U00045,browse,2024-07-04
U00046,register,2024-10-24
U00046,app_open,2024-10-24
U00046,browse,2024-10-24
U00047,register,2024-07-22
U00047,app_open,2024-07-22
U00047,browse,2024-07-23
U00048,register,2024-09-20
U00048,app_open,2024-09-20
U00048,browse,2024-09-20
U00049,register,2024-09-26
U00049,app_open,2024-09-26
U00050,register,2024-06-05
U00050,app_open,2024-06-05
U00050,browse,2024-06-06
U00051,register,2024-12-25
U00051,app_open,2024-12-25
U00051,browse,2024-12-25
U00052,register,2024-11-17
U00052,app_open,2024-11-17
U00052,browse,2024-11-17
U00053,register,2024-12-19
U00053,app_open,2024-12-19
U00053,browse,2024-12-20
U00054,register,2024-12-11
U00054,app_open,2024-12-11
U00054,browse,2024-12-11
U00055,register,2024-10-09
U00055,app_open,2024-10-09
U00055,browse,2024-10-09
U00056,register,2024-12-16
U00056,app_open,2024-12-16
U00056,browse,2024-12-16
U00056,add_to_cart,2024-12-18
U00056,purchase,2024-12-19
U00057,register,2024-04-18
U00057,browse,2024-04-18
U00058,register,2024-06-10
U00058,app_open,2024-06-10
U00059,register,2024-03-18
U00059,app_open,2024-03-18
U00059,browse,2024-03-18
U00059,add_to_cart,2024-03-20
U00059,purchase,2024-03-20
U00059,repurchase,2024-04-18
U00060,register,2024-07-27
U00060,app_open,2024-07-27
U00060,browse,2024-07-28
U00060,add_to_cart,2024-07-29
U00061,register,2024-08-15
U00061,browse,2024-08-16
U00062,register,2024-07-09
U00063,register,2024-11-28
U00063,app_open,2024-11-28
U00063,browse,2024-11-29
U00064,register,2024-08-06
U00064,app_open,2024-08-06
U00064,browse,2024-08-06
U00065,register,2024-07-12
U00065,app_open,2024-07-12
U00066,register,2024-09-25
U00066,app_open,2024-09-25
U00066,browse,2024-09-25
U00066,add_to_cart,2024-09-26
U00067,register,2024-05-17
U00067,app_open,2024-05-17
U00067,browse,2024-05-18
U00068,register,2024-11-22
U00068,app_open,2024-11-22
U00069,register,2024-04-09
U00069,app_open,2024-04-09
U00070,register,2024-12-28
U00070,app_open,2024-12-28
U00070,browse,2024-12-28
U00071,register,2024-11-16
U00071,app_open,2024-11-16
U00071,browse,2024-11-17
U00072,register,2024-06-11
U00072,app_open,2024-06-11
U00072,browse,2024-06-12
U00072,add_to_cart,2024-06-12
U00072,purchase,2024-06-12
U00072,share,2024-06-16
U00073,register,2024-01-28
U00073,browse,2024-01-28
U00074,register,2024-11-25
U00074,app_open,2024-11-25
U00074,browse,2024-11-25
U00074,add_to_cart,2024-11-26
U00075,register,2024-11-02
U00075,app_open,2024-11-02
U00075,browse,2024-11-02
U00076,register,2024-11-07
U00076,browse,2024-11-07
U00077,register,2024-11-16
U00077,app_open,2024-11-16
U00077,browse,2024-11-17
U00077,add_to_cart,2024-11-19
U00077,purchase,2024-11-19
U00078,register,2024-04-09
U00078,app_open,2024-04-09
U00078,browse,2024-04-09
U00078,add_to_cart,2024-04-11
U00079,register,2024-08-06
U00079,app_open,2024-08-06
U00079,browse,2024-08-06
U00079,add_to_cart,2024-08-08
U00079,purchase,2024-08-09
U00080,register,2024-05-04
U00080,app_open,2024-05-04
U00081,register,2024-12-05
U00081,app_open,2024-12-05
U00081,browse,2024-12-06
U00082,register,2024-10-15
U00082,app_open,2024-10-15
U00082,browse,2024-10-15
U00082,add_to_cart,2024-10-15
U00082,purchase,2024-10-15
U00083,register,2024-07-28
U00083,app_open,2024-07-28
U00084,register,2024-04-02
U00084,app_open,2024-04-02
U00085,register,2024-07-22
U00085,app_open,2024-07-22
U00086,register,2024-07-27
U00086,app_open,2024-07-27
U00086,browse,2024-07-27
U00086,add_to_cart,2024-07-28
U00087,register,2024-11-07
U00087,app_open,2024-11-07
U00087,browse,2024-11-07
U00088,register,2024-10-18
U00088,app_open,2024-10-18
U00088,browse,2024-10-19
U00088,add_to_cart,2024-10-20
U00088,purchase,2024-10-20
U00088,repurchase,2024-11-09
U00089,register,2024-12-09
U00089,app_open,2024-12-09
U00090,register,2024-09-07
U00090,app_open,2024-09-07
U00090,browse,2024-09-08
U00090,add_to_cart,2024-09-09
U00090,purchase,2024-09-09
U00090,repurchase,2024-09-26
U00090,share,2024-09-28
U00091,register,2024-05-06
U00091,app_open,2024-05-06
U00092,register,2024-11-04
U00092,app_open,2024-11-04
U00092,browse,2024-11-04
U00092,add_to_cart,2024-11-06
U00092,purchase,2024-11-07
U00093,register,2024-11-14
U00093,app_open,2024-11-14
U00093,browse,2024-11-15
U00093,add_to_cart,2024-11-16
U00094,register,2024-09-30
U00094,app_open,2024-09-30
U00094,browse,2024-10-01
U00094,add_to_cart,2024-10-02
U00095,register,2024-11-16
U00095,app_open,2024-11-16
U00096,register,2024-09-13
U00096,app_open,2024-09-13
U00097,register,2024-09-20
U00097,app_open,2024-09-20
U00097,browse,2024-09-21
U00097,add_to_cart,2024-09-22
U00098,register,2024-08-26
U00098,app_open,2024-08-26
U00098,browse,2024-08-27
U00098,add_to_cart,2024-08-29
U00099,register,2024-02-28
U00099,app_open,2024-02-28
U00099,browse,2024-02-28
U00100,register,2024-04-29
U00100,app_open,2024-04-29
U00100,browse,2024-04-30
U00101,register,2024-03-05
U00101,app_open,2024-03-05
U00101,browse,2024-03-05
U00101,add_to_cart,2024-03-05
U00102,register,2024-10-18
U00102,app_open,2024-10-18
U00102,browse,2024-10-19
U00103,register,2024-07-23
U00103,app_open,2024-07-23
U00103,browse,2024-07-24
U00104,register,2024-09-17
U00104,app_open,2024-09-17
U00104,browse,2024-09-17
U00105,register,2024-12-13
U00105,app_open,2024-12-13
U00106,register,2024-07-01
U00106,app_open,2024-07-01
U00106,browse,2024-07-01
U00106,add_to_cart,2024-07-02
U00106,purchase,2024-07-02
U00106,repurchase,2024-07-21
U00107,register,2024-08-21
U00107,app_open,2024-08-21
U00107,browse,2024-08-22
U00108,register,2024-11-13
U00108,app_open,2024-11-13
U00108,browse,2024-11-13
U00108,add_to_cart,2024-11-13
U00108,purchase,2024-11-14
U00109,register,2024-06-23
U00109,app_open,2024-06-23
U00109,browse,2024-06-24
U00110,register,2024-04-11
U00110,app_open,2024-04-11
U00110,browse,2024-04-12
U00111,register,2024-07-15
U00111,app_open,2024-07-15
U00111,browse,2024-07-15
U00112,register,2024-05-26
U00112,app_open,2024-05-26
U00112,browse,2024-05-26
U00112,add_to_cart,2024-05-27
U00112,purchase,2024-05-28
U00113,register,2024-12-17
U00113,browse,2024-12-17
U00113,add_to_cart,2024-12-18
U00113,purchase,2024-12-18
U00113,repurchase,2025-01-15
U00113,share,2025-01-18
U00114,register,2024-11-24
U00114,app_open,2024-11-24
U00115,register,2024-10-17
U00115,app_open,2024-10-17
U00115,browse,2024-10-17
U00116,register,2024-12-06
U00116,app_open,2024-12-06
U00116,browse,2024-12-06
U00117,register,2024-11-23
U00117,app_open,2024-11-23
U00117,browse,2024-11-24
U00118,register,2024-06-06
U00118,app_open,2024-06-06
U00118,browse,2024-06-07
U00119,register,2024-12-10
U00120,register,2024-09-25
U00121,register,2024-11-23
U00121,app_open,2024-11-23
U00122,register,2024-12-11
U00122,app_open,2024-12-11
U00122,browse,2024-12-12
U00122,add_to_cart,2024-12-12
U00123,register,2024-07-24
U00123,app_open,2024-07-24
U00124,register,2024-05-01
U00124,app_open,2024-05-01
U00124,browse,2024-05-01
U00124,add_to_cart,2024-05-02
U00125,register,2024-06-23
U00125,app_open,2024-06-23
U00125,browse,2024-06-23
U00125,add_to_cart,2024-06-23
U00126,register,2024-08-26
U00126,browse,2024-08-27
U00127,register,2024-11-26
U00127,browse,2024-11-27
U00128,register,2024-12-04
U00128,app_open,2024-12-04
U00128,browse,2024-12-04
U00129,register,2024-01-31
U00129,app_open,2024-01-31
U00130,register,2024-09-17
U00130,app_open,2024-09-17
U00130,browse,2024-09-17
U00131,register,2024-08-23
U00131,browse,2024-08-23
U00131,add_to_cart,2024-08-24
U00132,register,2024-06-21
U00132,app_open,2024-06-21
U00132,browse,2024-06-21
U00132,add_to_cart,2024-06-22
U00133,register,2024-05-06
U00133,browse,2024-05-06
U00134,register,2024-07-31
U00134,app_open,2024-07-31
U00134,browse,2024-08-01
U00135,register,2024-12-20
U00135,app_open,2024-12-20
U00135,browse,2024-12-20
U00136,register,2024-07-26
U00136,app_open,2024-07-26
U00136,browse,2024-07-27
U00137,register,2024-09-19
U00137,app_open,2024-09-19
U00137,browse,2024-09-20
U00137,add_to_cart,2024-09-20
U00137,purchase,2024-09-20
U00138,register,2024-11-02
U00138,app_open,2024-11-02
U00138,browse,2024-11-02
U00139,register,2024-08-08
U00139,app_open,2024-08-08
U00139,browse,2024-08-08
U00140,register,2024-12-25
U00140,app_open,2024-12-25
U00140,browse,2024-12-26
U00140,add_to_cart,2024-12-27
U00140,purchase,2024-12-27
U00141,register,2024-12-24
U00141,app_open,2024-12-24
U00141,browse,2024-12-24
U00142,register,2024-07-02
U00142,browse,2024-07-02
U00142,add_to_cart,2024-07-04
U00142,purchase,2024-07-06
U00143,register,2024-09-14
U00143,app_open,2024-09-14
U00144,register,2024-07-19
U00144,app_open,2024-07-19
U00144,browse,2024-07-20
U00145,register,2024-07-13
U00145,app_open,2024-07-13
U00146,register,2024-03-11
U00146,app_open,2024-03-11
U00146,browse,2024-03-11
U00147,register,2024-10-11
U00148,register,2024-09-15
U00148,browse,2024-09-16
U00149,register,2024-03-23
U00149,app_open,2024-03-23
U00149,browse,2024-03-24
U00149,add_to_cart,2024-03-26
U00149,purchase,2024-03-27
U00150,register,2024-07-11
U00150,app_open,2024-07-11
U00151,register,2024-12-13
U00151,app_open,2024-12-13
U00151,browse,2024-12-13
U00152,register,2024-06-27
U00152,app_open,2024-06-27
U00152,browse,2024-06-27
U00153,register,2024-05-18
U00153,app_open,2024-05-18
U00154,register,2024-09-12
U00154,app_open,2024-09-12
U00154,browse,2024-09-13
U00155,register,2024-12-28
U00155,app_open,2024-12-28
U00155,browse,2024-12-28
U00156,register,2024-06-28
U00157,register,2024-10-26
U00157,app_open,2024-10-26
U00158,register,2024-11-14
U00158,app_open,2024-11-14
U00158,browse,2024-11-14
U00158,add_to_cart,2024-11-14
U00158,purchase,2024-11-14
U00159,register,2024-06-26
U00159,app_open,2024-06-26
U00160,register,2024-11-07
U00160,app_open,2024-11-07
U00160,browse,2024-11-07
U00161,register,2024-08-09
U00161,app_open,2024-08-09
U00161,browse,2024-08-10
U00162,register,2024-10-17
U00162,app_open,2024-10-17
U00162,browse,2024-10-17
U00162,add_to_cart,2024-10-18
U00163,register,2024-10-17
U00163,app_open,2024-10-17
U00163,browse,2024-10-17
U00164,register,2024-09-24
U00164,app_open,2024-09-24
U00165,register,2024-04-19
U00165,app_open,2024-04-19
U00165,browse,2024-04-20
U00165,add_to_cart,2024-04-22
U00165,purchase,2024-04-24
U00166,register,2024-11-29
U00166,app_open,2024-11-29
U00166,browse,2024-11-30
U00167,register,2024-07-25
U00167,app_open,2024-07-25
U00167,browse,2024-07-25
U00168,register,2024-06-06
U00168,app_open,2024-06-06
U00168,browse,2024-06-06
U00168,add_to_cart,2024-06-06
U00168,purchase,2024-06-06
U00169,register,2024-03-14
U00169,app_open,2024-03-14
U00170,register,2024-10-07
U00170,app_open,2024-10-07
U00170,browse,2024-10-08
U00170,add_to_cart,2024-10-08
U00170,purchase,2024-10-08
U00171,register,2024-10-27
U00171,browse,2024-10-27
U00171,add_to_cart,2024-10-27
U00172,register,2024-02-17
U00172,browse,2024-02-18
U00172,add_to_cart,2024-02-20
U00172,purchase,2024-02-21
U00173,register,2024-09-18
U00173,app_open,2024-09-18
U00173,browse,2024-09-18
U00173,add_to_cart,2024-09-20
U00174,register,2024-06-22
U00174,app_open,2024-06-22
U00174,browse,2024-06-22
U00175,register,2024-10-20
U00175,app_open,2024-10-20
U00175,browse,2024-10-20
U00175,add_to_cart,2024-10-22
U00175,purchase,2024-10-23
U00176,register,2024-06-01
U00176,app_open,2024-06-01
U00176,browse,2024-06-02
U00177,register,2024-10-30
U00177,app_open,2024-10-30
U00177,browse,2024-10-30
U00177,add_to_cart,2024-11-01
U00178,register,2024-08-14
U00178,app_open,2024-08-14
U00178,browse,2024-08-15
U00178,add_to_cart,2024-08-16
U00178,purchase,2024-08-16
U00178,repurchase,2024-09-09
U00179,register,2024-12-19
U00179,browse,2024-12-20
U00180,register,2024-05-15
U00181,register,2024-08-01
U00181,app_open,2024-08-01
U00181,browse,2024-08-01
U00181,add_to_cart,2024-08-01
U00182,register,2024-05-02
U00182,app_open,2024-05-02
U00182,browse,2024-05-02
U00183,register,2024-12-16
U00183,app_open,2024-12-16
U00183,browse,2024-12-17
U00183,add_to_cart,2024-12-19
U00184,register,2024-12-07
U00184,app_open,2024-12-07
U00184,browse,2024-12-08
U00184,add_to_cart,2024-12-09
U00185,register,2024-07-04
U00185,app_open,2024-07-04
U00185,browse,2024-07-05
U00186,register,2024-10-23
U00186,app_open,2024-10-23
U00186,browse,2024-10-23
U00186,add_to_cart,2024-10-24
U00187,register,2024-11-25
U00187,app_open,2024-11-25
U00188,register,2024-09-28
U00188,browse,2024-09-28
U00188,add_to_cart,2024-09-28
U00188,purchase,2024-09-29
U00188,repurchase,2024-10-23
U00189,register,2024-09-22
U00189,app_open,2024-09-22
U00189,browse,2024-09-22
U00190,register,2024-06-28
U00190,app_open,2024-06-28
U00190,browse,2024-06-28
U00190,add_to_cart,2024-06-28
U00191,register,2024-04-21
U00191,app_open,2024-04-21
U00191,browse,2024-04-22
U00192,register,2024-12-11
U00192,app_open,2024-12-11
U00193,register,2024-12-12
U00193,app_open,2024-12-12
U00193,browse,2024-12-12
U00194,register,2024-10-17
U00194,app_open,2024-10-17
U00194,browse,2024-10-17
U00194,add_to_cart,2024-10-17
U00195,register,2024-07-31
U00195,app_open,2024-07-31
U00195,browse,2024-08-01
U00195,add_to_cart,2024-08-01
U00196,register,2024-08-03
U00196,app_open,2024-08-03
U00196,browse,2024-08-04
U00197,register,2024-11-06
U00197,app_open,2024-11-06
U00197,browse,2024-11-07
U00198,register,2024-12-11
U00198,app_open,2024-12-11
U00199,register,2024-12-09
U00199,app_open,2024-12-09
U00200,register,2024-11-18
U00200,app_open,2024-11-18
U00200,browse,2024-11-19
U00201,register,2024-10-19
U00201,app_open,2024-10-19
U00201,browse,2024-10-20
U00202,register,2024-04-15
U00202,browse,2024-04-15
U00202,add_to_cart,2024-04-16
U00202,purchase,2024-04-18
U00203,register,2024-05-26
U00203,app_open,2024-05-26
U00203,browse,2024-05-27
U00203,add_to_cart,2024-05-29
U00204,register,2024-12-11
U00204,app_open,2024-12-11
U00204,browse,2024-12-11
U00205,register,2024-10-11
U00205,app_open,2024-10-11
U00205,browse,2024-10-12
U00206,register,2024-02-05
U00206,browse,2024-02-06
U00206,add_to_cart,2024-02-06
U00206,purchase,2024-02-07
U00207,register,2024-04-26
U00207,app_open,2024-04-26
U00208,register,2024-10-24
U00208,app_open,2024-10-24
U00208,browse,2024-10-25
U00209,register,2024-01-26
U00209,app_open,2024-01-26
U00209,browse,2024-01-27
U00209,add_to_cart,2024-01-29
U00210,register,2024-05-26
U00210,app_open,2024-05-26
U00211,register,2024-09-27
U00211,app_open,2024-09-27
U00211,browse,2024-09-28
U00211,add_to_cart,2024-09-28
U00211,purchase,2024-09-30
U00211,repurchase,2024-10-10
U00212,register,2024-10-30
U00212,browse,2024-10-30
U00212,add_to_cart,2024-10-31
U00213,register,2024-10-21
U00213,app_open,2024-10-21
U00214,register,2024-06-21
U00214,app_open,2024-06-21
U00215,register,2024-11-04
U00215,app_open,2024-11-04
U00216,register,2024-06-26
U00216,app_open,2024-06-26
U00217,register,2024-07-27
U00217,app_open,2024-07-27
U00217,browse,2024-07-28
U00217,add_to_cart,2024-07-28
U00217,purchase,2024-07-29
U00218,register,2024-11-11
U00218,app_open,2024-11-11
U00219,register,2024-10-21
U00219,app_open,2024-10-21
U00219,browse,2024-10-21
U00220,register,2024-12-02
U00221,register,2024-10-22
U00221,app_open,2024-10-22
U00221,browse,2024-10-22
U00221,add_to_cart,2024-10-24
U00222,register,2024-10-02
U00222,app_open,2024-10-02
U00222,browse,2024-10-02
U00223,register,2024-04-21
U00223,app_open,2024-04-21
U00223,browse,2024-04-22
U00224,register,2024-08-09
U00224,app_open,2024-08-09
U00225,register,2024-07-06
U00225,app_open,2024-07-06
U00225,browse,2024-07-07
U00225,add_to_cart,2024-07-08
U00225,purchase,2024-07-08
U00225,repurchase,2024-08-05
U00226,register,2024-06-29
U00226,app_open,2024-06-29
U00226,browse,2024-06-30
U00227,register,2024-12-26
U00227,app_open,2024-12-26
U00228,register,2024-08-16
U00228,app_open,2024-08-16
U00228,browse,2024-08-16
U00228,add_to_cart,2024-08-16
U00229,register,2024-12-10
U00229,app_open,2024-12-10
U00230,register,2024-10-16
U00230,app_open,2024-10-16
U00230,browse,2024-10-17
U00230,add_to_cart,2024-10-18
U00230,purchase,2024-10-18
U00231,register,2024-11-21
U00231,app_open,2024-11-21
U00231,browse,2024-11-22
U00232,register,2024-09-15
U00232,app_open,2024-09-15
U00233,register,2024-10-04
U00233,app_open,2024-10-04
U00234,register,2024-09-13
U00234,app_open,2024-09-13
U00234,browse,2024-09-14
U00234,add_to_cart,2024-09-15
U00234,purchase,2024-09-15
U00235,register,2024-06-10
U00235,app_open,2024-06-10
U00235,browse,2024-06-10
U00235,add_to_cart,2024-06-12
U00236,register,2024-11-06
U00236,app_open,2024-11-06
U00236,browse,2024-11-07
U00237,register,2024-07-12
U00237,app_open,2024-07-12
U00237,browse,2024-07-13
U00238,register,2024-02-26
U00238,app_open,2024-02-26
U00238,browse,2024-02-26
U00238,add_to_cart,2024-02-28
U00238,purchase,2024-03-01
U00238,repurchase,2024-03-21
U00238,share,2024-03-24
U00239,register,2024-10-20
U00239,app_open,2024-10-20
U00239,browse,2024-10-20
U00240,register,2024-06-02
U00240,app_open,2024-06-02
U00240,browse,2024-06-03
U00240,add_to_cart,2024-06-03
U00240,purchase,2024-06-03
U00240,repurchase,2024-06-14
U00241,register,2024-12-19
U00241,app_open,2024-12-19
U00241,browse,2024-12-20
U00242,register,2024-12-22
U00242,app_open,2024-12-22
U00242,browse,2024-12-23
U00243,register,2024-12-15
U00243,app_open,2024-12-15
U00243,browse,2024-12-15
U00243,add_to_cart,2024-12-17
U00243,purchase,2024-12-17
U00243,share,2024-12-17
U00244,register,2024-08-10
U00244,app_open,2024-08-10
U00244,browse,2024-08-10
U00245,register,2024-02-15
U00245,app_open,2024-02-15
U00246,register,2024-12-17
U00246,app_open,2024-12-17
U00246,browse,2024-12-17
U00246,add_to_cart,2024-12-19
U00247,register,2024-08-26
U00247,app_open,2024-08-26
U00247,browse,2024-08-26
U00248,register,2024-12-24
U00248,app_open,2024-12-24
U00248,browse,2024-12-24
U00249,register,2024-12-24
U00249,app_open,2024-12-24
U00249,browse,2024-12-24
U00249,add_to_cart,2024-12-25
U00249,purchase,2024-12-25
U00250,register,2024-12-03
U00250,app_open,2024-12-03
U00251,register,2024-07-17
U00251,app_open,2024-07-17
U00252,register,2024-08-14
U00252,app_open,2024-08-14
U00252,browse,2024-08-15
U00252,add_to_cart,2024-08-17
U00253,register,2024-12-02
U00253,app_open,2024-12-02
U00253,browse,2024-12-02
U00253,add_to_cart,2024-12-04
U00253,purchase,2024-12-05
U00254,register,2024-07-24
U00254,app_open,2024-07-24
U00255,register,2024-05-30
U00255,app_open,2024-05-30
U00255,browse,2024-05-30
U00256,register,2024-09-29
U00256,app_open,2024-09-29
U00256,browse,2024-09-30
U00257,register,2024-12-19
U00257,app_open,2024-12-19
U00258,register,2024-10-31
U00258,app_open,2024-10-31
U00258,browse,2024-10-31
U00258,add_to_cart,2024-10-31
U00258,purchase,2024-11-01
U00258,repurchase,2024-11-15
U00258,share,2024-11-15
U00259,register,2024-10-02
U00259,app_open,2024-10-02
U00259,browse,2024-10-02
U00260,register,2024-04-23
U00260,browse,2024-04-23
U00260,add_to_cart,2024-04-25
U00260,purchase,2024-04-25
U00261,register,2024-10-13
U00261,app_open,2024-10-13
U00261,browse,2024-10-14
U00261,add_to_cart,2024-10-15
U00261,purchase,2024-10-17
U00262,register,2024-12-29
U00262,app_open,2024-12-29
U00262,browse,2024-12-30
U00263,register,2024-05-16
U00263,app_open,2024-05-16
U00263,browse,2024-05-17
U00264,register,2024-09-19
U00264,app_open,2024-09-19
U00265,register,2024-12-07
U00265,app_open,2024-12-07
U00265,browse,2024-12-07
U00265,add_to_cart,2024-12-09
U00266,register,2024-11-10
U00266,app_open,2024-11-10
U00266,browse,2024-11-11
U00266,add_to_cart,2024-11-11
U00267,register,2024-10-31
U00267,app_open,2024-10-31
U00267,browse,2024-10-31
U00267,add_to_cart,2024-11-02
U00267,purchase,2024-11-04
U00268,register,2024-11-01
U00268,app_open,2024-11-01
U00268,browse,2024-11-01
U00268,add_to_cart,2024-11-02
U00268,purchase,2024-11-04
U00269,register,2024-08-06
U00269,app_open,2024-08-06
U00269,browse,2024-08-07
U00270,register,2024-07-16
U00270,app_open,2024-07-16
U00271,register,2024-11-24
U00271,app_open,2024-11-24
U00271,browse,2024-11-25
U00272,register,2024-11-24
U00272,app_open,2024-11-24
U00272,browse,2024-11-24
U00273,register,2024-12-05
U00273,app_open,2024-12-05
U00273,browse,2024-12-05
U00274,register,2024-12-14
U00274,app_open,2024-12-14
U00274,browse,2024-12-14
U00275,register,2024-09-18
U00275,browse,2024-09-18
U00275,add_to_cart,2024-09-20
U00275,purchase,2024-09-21
U00275,repurchase,2024-10-14
U00276,register,2024-09-15
U00276,app_open,2024-09-15
U00276,browse,2024-09-15
U00276,add_to_cart,2024-09-15
U00276,purchase,2024-09-17
U00276,share,2024-09-20
U00277,register,2024-11-22
U00277,app_open,2024-11-22
U00278,register,2024-10-21
U00278,app_open,2024-10-21
U00279,register,2024-11-01
U00279,app_open,2024-11-01
U00279,browse,2024-11-02
U00279,add_to_cart,2024-11-03
U00279,purchase,2024-11-03
U00280,register,2024-11-21
U00280,app_open,2024-11-21
U00280,browse,2024-11-21
U00280,add_to_cart,2024-11-22
U00281,register,2024-12-10
U00281,app_open,2024-12-10
U00281,browse,2024-12-10
U00281,add_to_cart,2024-12-12
U00282,register,2024-07-31
U00282,app_open,2024-07-31
U00283,register,2024-08-11
U00283,app_open,2024-08-11
U00283,browse,2024-08-11
U00283,add_to_cart,2024-08-13
U00283,purchase,2024-08-15
U00283,share,2024-08-16
U00284,register,2024-04-21
U00284,app_open,2024-04-21
U00284,browse,2024-04-21
U00285,register,2024-10-04
U00285,app_open,2024-10-04
U00285,browse,2024-10-04
U00285,add_to_cart,2024-10-04
U00285,purchase,2024-10-06
U00286,register,2024-03-10
U00286,app_open,2024-03-10
U00287,register,2024-09-06
U00287,app_open,2024-09-06
U00287,browse,2024-09-06
U00288,register,2024-09-25
U00289,register,2024-07-14
U00289,app_open,2024-07-14
U00290,register,2024-10-07
U00290,browse,2024-10-07
U00291,register,2024-03-04
U00291,app_open,2024-03-04
U00291,browse,2024-03-05
U00291,add_to_cart,2024-03-05
U00291,purchase,2024-03-07
U00291,repurchase,2024-03-20
U00292,register,2024-03-11
U00292,app_open,2024-03-11
U00292,browse,2024-03-11
U00292,add_to_cart,2024-03-12
U00292,purchase,2024-03-13
U00293,register,2024-11-27
U00293,app_open,2024-11-27
U00293,browse,2024-11-27
U00294,register,2024-08-07
U00294,app_open,2024-08-07
U00294,browse,2024-08-07
U00294,add_to_cart,2024-08-08
U00295,register,2024-05-10
U00295,app_open,2024-05-10
U00295,browse,2024-05-10
U00296,register,2024-09-20
U00296,app_open,2024-09-20
U00296,browse,2024-09-20
U00296,add_to_cart,2024-09-20
U00296,purchase,2024-09-21
U00297,register,2024-11-16
U00297,app_open,2024-11-16
U00297,browse,2024-11-16
U00298,register,2024-06-18
U00298,app_open,2024-06-18
U00298,browse,2024-06-18
U00298,add_to_cart,2024-06-20
U00299,register,2024-10-15
U00299,app_open,2024-10-15
U00299,browse,2024-10-15
U00300,register,2024-04-16
U00300,app_open,2024-04-16
U00300,browse,2024-04-17
U00300,add_to_cart,2024-04-19
U00300,purchase,2024-04-20
U00300,repurchase,2024-05-01
U00301,register,2024-03-23
U00301,app_open,2024-03-23
U00302,register,2024-09-23
U00302,app_open,2024-09-23
U00302,browse,2024-09-24
U00302,add_to_cart,2024-09-24
U00302,purchase,2024-09-26
U00302,repurchase,2024-10-11
U00302,share,2024-10-13
U00303,register,2024-09-25
U00303,app_open,2024-09-25
U00303,browse,2024-09-25
U00304,register,2024-10-18
U00304,app_open,2024-10-18
U00304,browse,2024-10-19
U00305,register,2024-11-07
U00305,app_open,2024-11-07
U00306,register,2024-12-26
U00306,app_open,2024-12-26
U00307,register,2024-09-19
U00307,app_open,2024-09-19
U00307,browse,2024-09-20
U00308,register,2024-07-26
U00308,app_open,2024-07-26
U00309,register,2024-11-21
U00309,browse,2024-11-22
U00310,register,2024-07-08
U00310,app_open,2024-07-08
U00310,browse,2024-07-09
U00310,add_to_cart,2024-07-10
U00310,purchase,2024-07-12
U00310,repurchase,2024-08-08
U00311,register,2024-08-29
U00311,app_open,2024-08-29
U00311,browse,2024-08-30
U00312,register,2024-04-12
U00312,browse,2024-04-12
U00313,register,2024-02-28
U00313,app_open,2024-02-28
U00313,browse,2024-02-29
U00314,register,2024-12-24
U00314,app_open,2024-12-24
U00314,browse,2024-12-25
U00314,add_to_cart,2024-12-26
U00314,purchase,2024-12-28
U00314,repurchase,2025-01-22
U00315,register,2024-11-29
U00315,app_open,2024-11-29
U00315,browse,2024-11-29
U00316,register,2024-10-31
U00316,app_open,2024-10-31
U00316,browse,2024-11-01
U00317,register,2024-08-21
U00317,app_open,2024-08-21
U00317,browse,2024-08-22
U00317,add_to_cart,2024-08-22
U00317,purchase,2024-08-24
U00317,repurchase,2024-09-15
U00317,share,2024-09-16
U00318,register,2024-05-31
U00318,app_open,2024-05-31
U00319,register,2024-05-24
U00319,app_open,2024-05-24
U00319,browse,2024-05-25
U00320,register,2024-07-01
U00320,app_open,2024-07-01
U00321,register,2024-09-27
U00321,app_open,2024-09-27
U00322,register,2024-11-04
U00322,app_open,2024-11-04
U00322,browse,2024-11-04
U00323,register,2024-10-23
U00323,app_open,2024-10-23
U00323,browse,2024-10-23
U00323,add_to_cart,2024-10-25
U00324,register,2024-07-12
U00324,app_open,2024-07-12
U00324,browse,2024-07-13
U00324,add_to_cart,2024-07-14
U00324,purchase,2024-07-16
U00325,register,2024-12-22
U00325,browse,2024-12-23
U00326,register,2024-11-09
U00326,app_open,2024-11-09
U00326,browse,2024-11-10
U00326,add_to_cart,2024-11-10
U00326,purchase,2024-11-10
U00327,register,2024-09-28
U00327,browse,2024-09-29
U00327,add_to_cart,2024-09-30
U00327,purchase,2024-10-02
U00328,register,2024-10-12
U00328,app_open,2024-10-12
U00328,browse,2024-10-12
U00329,register,2024-08-24
U00329,app_open,2024-08-24
U00330,register,2024-06-30
U00330,browse,2024-06-30
U00331,register,2024-08-05
U00331,app_open,2024-08-05
U00331,browse,2024-08-06
U00332,register,2024-11-13
U00332,app_open,2024-11-13
U00332,browse,2024-11-13
U00333,register,2024-02-13
U00333,app_open,2024-02-13
U00333,browse,2024-02-13
U00333,add_to_cart,2024-02-13
U00333,purchase,2024-02-15
U00333,repurchase,2024-02-27
U00334,register,2024-05-04
U00334,app_open,2024-05-04
U00335,register,2024-03-19
U00335,app_open,2024-03-19
U00336,register,2024-03-14
U00336,app_open,2024-03-14
U00337,register,2024-12-03
U00337,browse,2024-12-03
U00337,add_to_cart,2024-12-05
U00338,register,2024-11-02
U00338,app_open,2024-11-02
U00339,register,2024-09-08
U00339,app_open,2024-09-08
U00339,browse,2024-09-09
U00340,register,2024-04-24
U00340,app_open,2024-04-24
U00340,browse,2024-04-25
U00340,add_to_cart,2024-04-25
U00340,purchase,2024-04-26
U00341,register,2024-09-12
U00341,app_open,2024-09-12
U00341,browse,2024-09-12
U00341,add_to_cart,2024-09-12
U00341,purchase,2024-09-14
U00342,register,2024-09-08
U00342,app_open,2024-09-08
U00342,browse,2024-09-08
U00343,register,2024-05-31
U00343,app_open,2024-05-31
U00344,register,2024-08-28
U00344,app_open,2024-08-28
U00344,browse,2024-08-28
U00344,add_to_cart,2024-08-29
U00344,purchase,2024-08-29
U00345,register,2024-08-18
U00345,app_open,2024-08-18
U00345,browse,2024-08-18
U00345,add_to_cart,2024-08-19
U00345,purchase,2024-08-19
U00345,repurchase,2024-09-11
U00345,share,2024-09-15
U00346,register,2024-10-13
U00346,app_open,2024-10-13
U00346,browse,2024-10-14
U00347,register,2024-10-17
U00347,app_open,2024-10-17
U00347,browse,2024-10-17
U00348,register,2024-03-18
U00348,app_open,2024-03-18
U00348,browse,2024-03-18
U00349,register,2024-08-11
U00349,browse,2024-08-12
U00349,add_to_cart,2024-08-12
U00350,register,2024-10-15
U00350,app_open,2024-10-15
U00351,register,2024-09-15
U00351,app_open,2024-09-15
U00351,browse,2024-09-15
U00352,register,2024-12-03
U00352,app_open,2024-12-03
U00352,browse,2024-12-03
U00353,register,2024-10-23
U00353,app_open,2024-10-23
U00353,browse,2024-10-24
U00354,register,2024-05-27
U00354,app_open,2024-05-27
U00354,browse,2024-05-27
U00354,add_to_cart,2024-05-27
U00355,register,2024-04-06
U00355,app_open,2024-04-06
U00355,browse,2024-04-06
U00355,add_to_cart,2024-04-06
U00355,purchase,2024-04-06
U00355,repurchase,2024-05-06
U00355,share,2024-05-08
U00356,register,2024-10-19
U00356,app_open,2024-10-19
U00356,browse,2024-10-20
U00357,register,2024-02-29
U00357,app_open,2024-02-29
U00358,register,2024-10-06
U00358,app_open,2024-10-06
U00358,browse,2024-10-07
U00359,register,2024-12-19
U00359,app_open,2024-12-19
U00359,browse,2024-12-19
U00360,register,2024-10-03
U00360,app_open,2024-10-03
U00360,browse,2024-10-03
U00361,register,2024-08-15
U00361,app_open,2024-08-15
U00361,browse,2024-08-15
U00361,add_to_cart,2024-08-15
U00362,register,2024-10-19
U00362,app_open,2024-10-19
U00362,browse,2024-10-19
U00363,register,2024-09-04
U00363,app_open,2024-09-04
U00363,browse,2024-09-04
U00364,register,2024-09-26
U00365,register,2024-12-20
U00365,app_open,2024-12-20
U00366,register,2024-08-14
U00366,app_open,2024-08-14
U00366,browse,2024-08-14
U00367,register,2024-12-23
U00367,app_open,2024-12-23
U00367,browse,2024-12-24
U00368,register,2024-12-13
U00368,app_open,2024-12-13
U00368,browse,2024-12-13
U00368,add_to_cart,2024-12-15
U00368,purchase,2024-12-16
U00368,repurchase,2025-01-13
U00369,register,2024-06-10
U00369,app_open,2024-06-10
U00370,register,2024-04-06
U00370,app_open,2024-04-06
U00370,browse,2024-04-06
U00371,register,2024-04-25
U00371,app_open,2024-04-25
U00372,register,2024-02-19
U00372,app_open,2024-02-19
U00373,register,2024-04-22
U00374,register,2024-10-28
U00374,app_open,2024-10-28
U00375,register,2024-04-07
U00375,app_open,2024-04-07
U00376,register,2024-07-25
U00376,app_open,2024-07-25
U00377,register,2024-12-01
U00377,app_open,2024-12-01
U00377,browse,2024-12-02
U00378,register,2024-02-25
U00378,app_open,2024-02-25
U00379,register,2024-11-25
U00380,register,2024-07-12
U00381,register,2024-05-05
U00382,register,2024-10-31
U00382,app_open,2024-10-31
U00382,browse,2024-11-01
U00383,register,2024-10-16
U00383,browse,2024-10-17
U00383,add_to_cart,2024-10-19
U00383,purchase,2024-10-19
U00383,share,2024-10-19
U00384,register,2024-12-07
U00384,app_open,2024-12-07
U00384,browse,2024-12-07
U00384,add_to_cart,2024-12-09
U00385,register,2024-11-08
U00385,app_open,2024-11-08
U00385,browse,2024-11-08
U00385,add_to_cart,2024-11-09
U00386,register,2024-11-23
U00386,app_open,2024-11-23
U00386,browse,2024-11-23
U00387,register,2024-07-12
U00387,browse,2024-07-13
U00388,register,2024-06-02
U00388,app_open,2024-06-02
U00388,browse,2024-06-02
U00388,add_to_cart,2024-06-03
U00389,register,2024-11-12
U00389,browse,2024-11-13
U00390,register,2024-11-23
U00390,app_open,2024-11-23
U00391,register,2024-12-29
U00391,app_open,2024-12-29
U00391,browse,2024-12-29
U00392,register,2024-08-22
U00392,app_open,2024-08-22
U00392,browse,2024-08-22
U00392,add_to_cart,2024-08-22
U00393,register,2024-08-10
U00393,app_open,2024-08-10
U00393,browse,2024-08-11
U00394,register,2024-11-17
U00394,app_open,2024-11-17
U00395,register,2024-08-01
U00395,app_open,2024-08-01
U00395,browse,2024-08-01
U00396,register,2024-12-18
U00396,app_open,2024-12-18
U00396,browse,2024-12-19
U00396,add_to_cart,2024-12-19
U00397,register,2024-12-04
U00397,app_open,2024-12-04
U00398,register,2024-08-27
U00398,browse,2024-08-28
U00399,register,2024-11-12
U00399,app_open,2024-11-12
U00399,browse,2024-11-12
U00400,register,2024-11-13
U00400,app_open,2024-11-13
U00400,browse,2024-11-13
U00400,add_to_cart,2024-11-13
U00400,purchase,2024-11-15
U00400,repurchase,2024-12-15
U00401,register,2024-04-27
U00401,app_open,2024-04-27
U00401,browse,2024-04-27
U00401,add_to_cart,2024-04-27
U00401,purchase,2024-04-27
U00402,register,2024-12-12
U00402,browse,2024-12-13
U00402,add_to_cart,2024-12-13
U00402,purchase,2024-12-14
U00403,register,2024-09-16
U00403,app_open,2024-09-16
U00403,browse,2024-09-17
U00403,add_to_cart,2024-09-19
U00403,purchase,2024-09-20
U00404,register,2024-11-27
U00404,app_open,2024-11-27
U00405,register,2024-07-25
U00405,app_open,2024-07-25
U00405,browse,2024-07-25
U00406,register,2024-12-11
U00406,app_open,2024-12-11
U00406,browse,2024-12-11
U00406,add_to_cart,2024-12-12
U00407,register,2024-08-15
U00407,browse,2024-08-15
U00407,add_to_cart,2024-08-15
U00407,purchase,2024-08-17
U00407,repurchase,2024-09-05
U00408,register,2024-02-07
U00408,app_open,2024-02-07
U00409,register,2024-12-13
U00409,app_open,2024-12-13
U00410,register,2024-04-20
U00410,app_open,2024-04-20
U00410,browse,2024-04-21
U00411,register,2024-07-25
U00411,browse,2024-07-26
U00411,add_to_cart,2024-07-28
U00411,purchase,2024-07-29
U00411,repurchase,2024-08-13
U00412,register,2024-12-21
U00412,app_open,2024-12-21
U00412,browse,2024-12-22
U00413,register,2024-12-21
U00413,app_open,2024-12-21
U00414,register,2024-10-03
U00414,app_open,2024-10-03
U00414,browse,2024-10-03
U00414,add_to_cart,2024-10-03
U00414,purchase,2024-10-04
U00415,register,2024-10-17
U00415,app_open,2024-10-17
U00415,browse,2024-10-17
U00416,register,2024-09-01
U00416,app_open,2024-09-01
U00416,browse,2024-09-01
U00417,register,2024-07-16
U00418,register,2024-07-28
U00418,app_open,2024-07-28
U00418,browse,2024-07-29
U00419,register,2024-10-26
U00420,register,2024-11-12
U00420,app_open,2024-11-12
U00420,browse,2024-11-13
U00420,add_to_cart,2024-11-13
U00421,register,2024-11-20
U00421,app_open,2024-11-20
U00421,browse,2024-11-20
U00421,add_to_cart,2024-11-20
U00421,purchase,2024-11-20
U00421,repurchase,2024-12-19
U00422,register,2024-11-20
U00422,app_open,2024-11-20
U00422,browse,2024-11-20
U00423,register,2024-04-20
U00423,app_open,2024-04-20
U00423,browse,2024-04-21
U00424,register,2024-09-13
U00424,app_open,2024-09-13
U00425,register,2024-03-28
U00425,app_open,2024-03-28
U00426,register,2024-09-27
U00426,app_open,2024-09-27
U00426,browse,2024-09-27
U00427,register,2024-08-30
U00427,app_open,2024-08-30
U00428,register,2024-12-09
U00428,app_open,2024-12-09
U00428,browse,2024-12-09
U00428,add_to_cart,2024-12-09
U00428,purchase,2024-12-10
U00428,repurchase,2025-01-06
U00428,share,2025-01-09
U00429,register,2024-08-04
U00429,app_open,2024-08-04
U00430,register,2024-05-04
U00430,app_open,2024-05-04
U00430,browse,2024-05-04
U00430,add_to_cart,2024-05-04
U00431,register,2024-05-18
U00431,app_open,2024-05-18
U00431,browse,2024-05-19
U00432,register,2024-11-14
U00433,register,2024-10-13
U00433,app_open,2024-10-13
U00434,register,2024-04-26
U00434,app_open,2024-04-26
U00434,browse,2024-04-26
U00435,register,2024-04-15
U00435,app_open,2024-04-15
U00436,register,2024-11-01
U00436,app_open,2024-11-01
U00436,browse,2024-11-02
U00436,add_to_cart,2024-11-04
U00436,purchase,2024-11-05
U00437,register,2024-04-08
U00437,browse,2024-04-09
U00438,register,2024-11-26
U00438,app_open,2024-11-26
U00438,browse,2024-11-26
U00439,register,2024-11-02
U00439,app_open,2024-11-02
U00439,browse,2024-11-03
U00440,register,2024-04-14
U00440,app_open,2024-04-14
U00440,browse,2024-04-15
U00440,add_to_cart,2024-04-16
U00440,purchase,2024-04-18
U00441,register,2024-04-16
U00441,app_open,2024-04-16
U00442,register,2024-12-28
U00442,app_open,2024-12-28
U00442,browse,2024-12-29
U00442,add_to_cart,2024-12-29
U00443,register,2024-08-11
U00443,app_open,2024-08-11
U00443,browse,2024-08-11
U00443,add_to_cart,2024-08-12
U00443,purchase,2024-08-12
U00443,repurchase,2024-08-31
U00444,register,2024-08-10
U00444,app_open,2024-08-10
U00444,browse,2024-08-11
U00445,register,2024-11-25
U00445,app_open,2024-11-25
U00445,browse,2024-11-26
U00446,register,2024-12-21
U00446,browse,2024-12-21
U00446,add_to_cart,2024-12-22
U00447,register,2024-12-28
U00447,app_open,2024-12-28
U00447,browse,2024-12-28
U00447,add_to_cart,2024-12-28
U00448,register,2024-11-12
U00448,app_open,2024-11-12
U00448,browse,2024-11-12
U00449,register,2024-08-11
U00449,app_open,2024-08-11
U00450,register,2024-04-15
U00450,browse,2024-04-15
U00450,add_to_cart,2024-04-16
U00451,register,2024-11-17
U00451,app_open,2024-11-17
U00452,register,2024-09-29
U00452,app_open,2024-09-29
U00452,browse,2024-09-29
U00452,add_to_cart,2024-09-30
U00453,register,2024-08-25
U00453,app_open,2024-08-25
U00453,browse,2024-08-26
U00453,add_to_cart,2024-08-26
U00454,register,2024-12-13
U00454,app_open,2024-12-13
U00454,browse,2024-12-13
U00454,add_to_cart,2024-12-13
U00454,purchase,2024-12-14
U00455,register,2024-05-01
U00455,app_open,2024-05-01
U00455,browse,2024-05-01
U00456,register,2024-09-13
U00456,app_open,2024-09-13
U00457,register,2024-02-08
U00457,app_open,2024-02-08
U00458,register,2024-09-06
U00458,app_open,2024-09-06
U00458,browse,2024-09-06
U00458,add_to_cart,2024-09-08
U00458,purchase,2024-09-10
U00459,register,2024-03-27
U00459,browse,2024-03-27
U00459,add_to_cart,2024-03-27
U00460,register,2024-05-05
U00460,app_open,2024-05-05
U00460,browse,2024-05-06
U00461,register,2024-05-05
U00461,app_open,2024-05-05
U00461,browse,2024-05-06
U00461,add_to_cart,2024-05-07
U00462,register,2024-10-21
U00462,app_open,2024-10-21
U00462,browse,2024-10-22
U00462,add_to_cart,2024-10-24
U00463,register,2024-11-11
U00463,browse,2024-11-11
U00464,register,2024-10-05
U00464,app_open,2024-10-05
U00464,browse,2024-10-05
U00465,register,2024-12-24
U00465,app_open,2024-12-24
U00465,browse,2024-12-24
U00465,add_to_cart,2024-12-26
U00466,register,2024-08-11
U00466,browse,2024-08-12
U00467,register,2024-07-14
U00467,app_open,2024-07-14
U00467,browse,2024-07-14
U00468,register,2024-12-06
U00469,register,2024-06-21
U00469,app_open,2024-06-21
U00470,register,2024-12-24
U00470,app_open,2024-12-24
U00470,browse,2024-12-24
U00470,add_to_cart,2024-12-26
U00470,purchase,2024-12-28
U00471,register,2024-02-10
U00471,app_open,2024-02-10
U00471,browse,2024-02-10
U00472,register,2024-12-25
U00472,app_open,2024-12-25
U00472,browse,2024-12-25
U00473,register,2024-03-16
U00474,register,2024-12-10
U00474,app_open,2024-12-10
U00474,browse,2024-12-11
U00475,register,2024-09-22
U00475,app_open,2024-09-22
U00475,browse,2024-09-23
U00476,register,2024-12-29
U00476,app_open,2024-12-29
U00477,register,2024-04-09
U00477,app_open,2024-04-09
U00478,register,2024-09-28
U00478,app_open,2024-09-28
U00479,register,2024-12-25
U00479,app_open,2024-12-25
U00479,browse,2024-12-26
U00480,register,2024-09-20
U00480,app_open,2024-09-20
U00481,register,2024-10-16
U00481,app_open,2024-10-16
U00481,browse,2024-10-17
U00482,register,2024-10-31
U00482,app_open,2024-10-31
U00482,browse,2024-11-01
U00482,add_to_cart,2024-11-03
U00482,purchase,2024-11-05
U00482,repurchase,2024-11-17
U00483,register,2024-09-03
U00483,app_open,2024-09-03
U00483,browse,2024-09-03
U00484,register,2024-10-16
U00484,app_open,2024-10-16
U00484,browse,2024-10-17
U00484,add_to_cart,2024-10-18
U00485,register,2024-10-06
U00485,app_open,2024-10-06
U00485,browse,2024-10-06
U00486,register,2024-12-12
U00486,app_open,2024-12-12
U00486,browse,2024-12-12
U00486,add_to_cart,2024-12-13
U00487,register,2024-03-18
U00488,register,2024-07-12
U00488,app_open,2024-07-12
U00489,register,2024-12-21
U00489,app_open,2024-12-21
U00489,browse,2024-12-21
U00490,register,2024-12-10
U00490,app_open,2024-12-10
U00491,register,2024-09-03
U00491,app_open,2024-09-03
U00491,browse,2024-09-03
U00491,add_to_cart,2024-09-04
U00491,purchase,2024-09-04
U00492,register,2024-10-14
U00492,app_open,2024-10-14
U00493,register,2024-07-11
U00493,app_open,2024-07-11
U00493,browse,2024-07-12
U00494,register,2024-06-07
U00494,app_open,2024-06-07
U00494,browse,2024-06-07
U00495,register,2024-09-05
U00495,app_open,2024-09-05
U00495,browse,2024-09-05
U00495,add_to_cart,2024-09-06
U00496,register,2024-08-04
U00496,browse,2024-08-04
U00496,add_to_cart,2024-08-06
U00496,purchase,2024-08-08
U00497,register,2024-10-05
U00497,browse,2024-10-06
U00497,add_to_cart,2024-10-06
U00497,purchase,2024-10-06
U00498,register,2024-04-11
U00498,app_open,2024-04-11
U00498,browse,2024-04-11
U00499,register,2024-12-26
U00499,app_open,2024-12-26
U00500,register,2024-12-28
U00500,app_open,2024-12-28
U00500,browse,2024-12-29
U00501,register,2024-10-31
U00501,app_open,2024-10-31
U00501,browse,2024-11-01
U00501,add_to_cart,2024-11-02
U00502,register,2024-09-24
U00502,app_open,2024-09-24
U00502,browse,2024-09-24
U00502,add_to_cart,2024-09-25
U00502,purchase,2024-09-25
U00503,register,2024-07-22
U00503,app_open,2024-07-22
U00504,register,2024-11-25
U00504,app_open,2024-11-25
U00504,browse,2024-11-25
U00505,register,2024-10-29
U00505,browse,2024-10-30
U00506,register,2024-05-27
U00506,app_open,2024-05-27
U00507,register,2024-12-14
U00507,app_open,2024-12-14
U00507,browse,2024-12-14
U00508,register,2024-11-27
U00508,app_open,2024-11-27
U00508,browse,2024-11-28
U00508,add_to_cart,2024-11-30
U00508,purchase,2024-12-02
U00508,repurchase,2024-12-22
U00509,register,2024-12-21
U00509,app_open,2024-12-21
U00509,browse,2024-12-22
U00510,register,2024-11-06
U00510,app_open,2024-11-06
U00510,browse,2024-11-07
U00511,register,2024-10-12
U00511,app_open,2024-10-12
U00511,browse,2024-10-13
U00511,add_to_cart,2024-10-15
U00512,register,2024-08-24
U00512,app_open,2024-08-24
U00512,browse,2024-08-25
U00513,register,2024-12-18
U00513,app_open,2024-12-18
U00513,browse,2024-12-18
U00514,register,2024-12-05
U00514,browse,2024-12-05
U00514,add_to_cart,2024-12-06
U00515,register,2024-03-18
U00515,app_open,2024-03-18
U00515,browse,2024-03-18
U00516,register,2024-02-29
U00516,app_open,2024-02-29
U00516,browse,2024-02-29
U00517,register,2024-08-11
U00517,app_open,2024-08-11
U00518,register,2024-11-24
U00518,app_open,2024-11-24
U00518,browse,2024-11-25
U00519,register,2024-12-28
U00519,app_open,2024-12-28
U00520,register,2024-05-21
U00520,app_open,2024-05-21
U00520,browse,2024-05-21
U00521,register,2024-10-08
U00521,app_open,2024-10-08
U00521,browse,2024-10-08
U00522,register,2024-08-13
U00522,app_open,2024-08-13
U00523,register,2024-12-25
U00523,browse,2024-12-25
U00524,register,2024-11-30
U00524,browse,2024-12-01
U00525,register,2024-11-30
U00525,app_open,2024-11-30
U00526,register,2024-09-06
U00526,app_open,2024-09-06
U00526,browse,2024-09-07
U00526,add_to_cart,2024-09-09
U00526,purchase,2024-09-09
U00526,share,2024-09-12
U00527,register,2024-08-23
U00527,app_open,2024-08-23
U00527,browse,2024-08-23
U00528,register,2024-07-09
U00528,app_open,2024-07-09
U00528,browse,2024-07-10
U00529,register,2024-03-27
U00529,app_open,2024-03-27
U00529,browse,2024-03-27
U00530,register,2024-12-05
U00530,app_open,2024-12-05
U00530,browse,2024-12-06
U00530,add_to_cart,2024-12-06
U00530,purchase,2024-12-08
U00531,register,2024-11-25
U00531,app_open,2024-11-25
U00531,browse,2024-11-26
U00532,register,2024-12-30
U00532,app_open,2024-12-30
U00532,browse,2024-12-31
U00532,add_to_cart,2024-12-31
U00532,purchase,2025-01-01
U00533,register,2024-12-30
U00533,app_open,2024-12-30
U00533,browse,2024-12-31
U00534,register,2024-09-29
U00534,app_open,2024-09-29
U00534,browse,2024-09-29
U00535,register,2024-11-16
U00535,app_open,2024-11-16
U00535,browse,2024-11-17
U00535,add_to_cart,2024-11-17
U00536,register,2024-12-20
U00536,app_open,2024-12-20
U00537,register,2024-12-02
U00537,app_open,2024-12-02
U00538,register,2024-06-30
U00538,app_open,2024-06-30
U00539,register,2024-09-01
U00539,app_open,2024-09-01
U00539,browse,2024-09-01
U00540,register,2024-05-11
U00540,app_open,2024-05-11
U00540,browse,2024-05-11
U00540,add_to_cart,2024-05-11
U00541,register,2024-12-22
U00541,app_open,2024-12-22
U00541,browse,2024-12-22
U00542,register,2024-10-11
U00542,app_open,2024-10-11
U00542,browse,2024-10-12
U00543,register,2024-06-23
U00544,register,2024-10-26
U00544,app_open,2024-10-26
U00544,browse,2024-10-26
U00545,register,2024-10-13
U00545,app_open,2024-10-13
U00546,register,2024-08-06
U00546,app_open,2024-08-06
U00546,browse,2024-08-06
U00547,register,2024-05-02
U00547,browse,2024-05-03
U00548,register,2024-10-26
U00548,app_open,2024-10-26
U00548,browse,2024-10-26
U00549,register,2024-09-20
U00550,register,2024-11-16
U00550,app_open,2024-11-16
U00550,browse,2024-11-16
U00551,register,2024-09-20
U00551,app_open,2024-09-20
U00552,register,2024-12-02
U00552,app_open,2024-12-02
U00552,browse,2024-12-03
U00553,register,2024-09-28
U00553,app_open,2024-09-28
U00553,browse,2024-09-28
U00554,register,2024-09-30
U00554,app_open,2024-09-30
U00554,browse,2024-09-30
U00554,add_to_cart,2024-10-02
U00555,register,2024-12-07
U00555,app_open,2024-12-07
U00556,register,2024-08-19
U00556,app_open,2024-08-19
U00557,register,2024-05-13
U00557,app_open,2024-05-13
U00557,browse,2024-05-14
U00558,register,2024-03-02
U00558,app_open,2024-03-02
U00559,register,2024-11-13
U00559,app_open,2024-11-13
U00559,browse,2024-11-13
U00559,add_to_cart,2024-11-13
U00559,purchase,2024-11-13
U00560,register,2024-10-14
U00560,app_open,2024-10-14
U00560,browse,2024-10-14
U00561,register,2024-11-02
U00561,app_open,2024-11-02
U00561,browse,2024-11-03
U00562,register,2024-06-17
U00562,app_open,2024-06-17
U00562,browse,2024-06-17
U00562,add_to_cart,2024-06-17
U00563,register,2024-05-14
U00563,app_open,2024-05-14
U00563,browse,2024-05-14
U00563,add_to_cart,2024-05-14
U00563,purchase,2024-05-14
U00564,register,2024-02-14
U00564,app_open,2024-02-14
U00564,browse,2024-02-15
U00564,add_to_cart,2024-02-16
U00564,purchase,2024-02-16
U00565,register,2024-08-04
U00565,app_open,2024-08-04
U00565,browse,2024-08-05
U00565,add_to_cart,2024-08-07
U00565,purchase,2024-08-08
U00565,repurchase,2024-09-04
U00565,share,2024-09-08
U00566,register,2024-10-07
U00566,app_open,2024-10-07
U00567,register,2024-08-16
U00567,app_open,2024-08-16
U00567,browse,2024-08-16
U00567,add_to_cart,2024-08-17
U00567,purchase,2024-08-18
U00567,repurchase,2024-08-25
U00568,register,2024-08-29
U00568,browse,2024-08-29
U00569,register,2024-12-13
U00569,app_open,2024-12-13
U00569,browse,2024-12-13
U00570,register,2024-08-03
U00570,app_open,2024-08-03
U00571,register,2024-09-18
U00571,app_open,2024-09-18
U00571,browse,2024-09-19
U00572,register,2024-11-19
U00573,register,2024-08-17
U00573,app_open,2024-08-17
U00573,browse,2024-08-17
U00573,add_to_cart,2024-08-19
U00573,purchase,2024-08-21
U00573,repurchase,2024-09-19
U00574,register,2024-10-14
U00574,app_open,2024-10-14
U00574,browse,2024-10-14
U00575,register,2024-12-04
U00575,app_open,2024-12-04
U00575,browse,2024-12-04
U00576,register,2024-12-21
U00576,app_open,2024-12-21
U00576,browse,2024-12-22
U00576,add_to_cart,2024-12-22
U00577,register,2024-05-19
U00577,app_open,2024-05-19
U00578,register,2024-12-17
U00578,app_open,2024-12-17
U00578,browse,2024-12-18
U00579,register,2024-09-13
U00579,browse,2024-09-13
U00579,add_to_cart,2024-09-15
U00580,register,2024-07-04
U00580,app_open,2024-07-04
U00581,register,2024-09-04
U00581,app_open,2024-09-04
U00582,register,2024-12-27
U00582,app_open,2024-12-27
U00583,register,2024-09-13
U00583,app_open,2024-09-13
U00583,browse,2024-09-13
U00584,register,2024-07-28
U00584,app_open,2024-07-28
U00584,browse,2024-07-28
U00584,add_to_cart,2024-07-30
U00585,register,2024-10-17
U00585,app_open,2024-10-17
U00585,browse,2024-10-18
U00586,register,2024-06-27
U00586,app_open,2024-06-27
U00587,register,2024-04-10
U00587,browse,2024-04-11
U00588,register,2024-05-11
U00588,app_open,2024-05-11
U00588,browse,2024-05-11
U00588,add_to_cart,2024-05-13
U00589,register,2024-05-10
U00589,app_open,2024-05-10
U00590,register,2024-05-22
U00590,app_open,2024-05-22
U00591,register,2024-05-15
U00591,app_open,2024-05-15
U00591,browse,2024-05-15
U00591,add_to_cart,2024-05-15
U00592,register,2024-10-19
U00592,app_open,2024-10-19
U00592,browse,2024-10-19
U00593,register,2024-06-04
U00593,app_open,2024-06-04
U00594,register,2024-08-02
U00594,app_open,2024-08-02
U00595,register,2024-12-11
U00595,browse,2024-12-11
U00596,register,2024-09-08
U00596,app_open,2024-09-08
U00597,register,2024-10-25
U00597,app_open,2024-10-25
U00598,register,2024-05-31
U00598,app_open,2024-05-31
U00599,register,2024-06-09
U00599,app_open,2024-06-09
U00599,browse,2024-06-10
U00599,add_to_cart,2024-06-11
U00600,register,2024-03-14
U00600,browse,2024-03-14
U00601,register,2024-05-30
U00601,app_open,2024-05-30
U00602,register,2024-07-11
U00602,app_open,2024-07-11
U00603,register,2024-06-02
U00603,app_open,2024-06-02
U00603,browse,2024-06-03
U00603,add_to_cart,2024-06-05
U00604,register,2024-04-18
U00604,app_open,2024-04-18
U00604,browse,2024-04-18
U00605,register,2024-05-06
U00605,app_open,2024-05-06
U00605,browse,2024-05-06
U00606,register,2024-09-04
U00606,app_open,2024-09-04
U00606,browse,2024-09-04
U00607,register,2024-06-14
U00607,app_open,2024-06-14
U00607,browse,2024-06-15
U00607,add_to_cart,2024-06-17
U00608,register,2024-08-08
U00608,app_open,2024-08-08
U00608,browse,2024-08-08
U00609,register,2024-09-15
U00609,app_open,2024-09-15
U00609,browse,2024-09-15
U00609,add_to_cart,2024-09-16
U00610,register,2024-10-30
U00610,app_open,2024-10-30
U00610,browse,2024-10-30
U00610,add_to_cart,2024-10-30
U00610,purchase,2024-11-01
U00610,share,2024-11-02
U00611,register,2024-03-13
U00612,register,2024-11-22
U00612,app_open,2024-11-22
U00613,register,2024-10-16
U00613,app_open,2024-10-16
U00614,register,2024-04-14
U00614,app_open,2024-04-14
U00615,register,2024-12-07
U00615,app_open,2024-12-07
U00615,browse,2024-12-07
U00616,register,2024-12-16
U00616,app_open,2024-12-16
U00616,browse,2024-12-17
U00617,register,2024-03-31
U00617,app_open,2024-03-31
U00617,browse,2024-04-01
U00618,register,2024-07-11
U00618,app_open,2024-07-11
U00618,browse,2024-07-11
U00619,register,2024-11-23
U00619,app_open,2024-11-23
U00619,browse,2024-11-24
U00620,register,2024-11-11
U00620,browse,2024-11-12
U00621,register,2024-06-05
U00621,app_open,2024-06-05
U00621,browse,2024-06-05
U00621,add_to_cart,2024-06-05
U00622,register,2024-06-16
U00622,browse,2024-06-16
U00622,add_to_cart,2024-06-16
U00622,purchase,2024-06-18
U00623,register,2024-08-10
U00623,app_open,2024-08-10
U00624,register,2024-09-11
U00624,browse,2024-09-12
U00624,add_to_cart,2024-09-13
U00624,purchase,2024-09-14
U00624,share,2024-09-14
U00625,register,2024-10-13
U00625,app_open,2024-10-13
U00626,register,2024-08-09
U00626,app_open,2024-08-09
U00626,browse,2024-08-10
U00626,add_to_cart,2024-08-10
U00626,purchase,2024-08-12
U00627,register,2024-09-05
U00627,app_open,2024-09-05
U00628,register,2024-11-11
U00629,register,2024-03-10
U00629,browse,2024-03-11
U00630,register,2024-07-02
U00630,app_open,2024-07-02
U00631,register,2024-11-04
U00631,app_open,2024-11-04
U00631,browse,2024-11-05
U00632,register,2024-12-11
U00632,app_open,2024-12-11
U00632,browse,2024-12-11
U00633,register,2024-09-18
U00633,browse,2024-09-18
U00633,add_to_cart,2024-09-18
U00634,register,2024-09-23
U00634,app_open,2024-09-23
U00634,browse,2024-09-23
U00634,add_to_cart,2024-09-24
U00635,register,2024-04-29
U00635,app_open,2024-04-29
U00636,register,2024-09-01
U00636,app_open,2024-09-01
U00637,register,2024-09-23
U00637,app_open,2024-09-23
U00638,register,2024-06-28
U00638,app_open,2024-06-28
U00638,browse,2024-06-29
U00639,register,2024-07-08
U00639,app_open,2024-07-08
U00639,browse,2024-07-08
U00640,register,2024-08-12
U00640,app_open,2024-08-12
U00641,register,2024-02-21
U00641,app_open,2024-02-21
U00641,browse,2024-02-22
U00642,register,2024-07-26
U00642,app_open,2024-07-26
U00642,browse,2024-07-27
U00642,add_to_cart,2024-07-28
U00642,purchase,2024-07-28
U00642,repurchase,2024-08-15
U00643,register,2024-06-16
U00643,app_open,2024-06-16
U00644,register,2024-07-27
U00644,app_open,2024-07-27
U00645,register,2024-05-06
U00645,browse,2024-05-06
U00646,register,2024-12-10
U00646,browse,2024-12-11
U00646,add_to_cart,2024-12-11
U00647,register,2024-10-08
U00647,app_open,2024-10-08
U00647,browse,2024-10-08
U00648,register,2024-10-27
U00648,app_open,2024-10-27
U00649,register,2024-11-20
U00649,app_open,2024-11-20
U00649,browse,2024-11-20
U00650,register,2024-09-14
U00651,register,2024-04-17
U00651,app_open,2024-04-17
U00651,browse,2024-04-17
U00651,add_to_cart,2024-04-18
U00651,purchase,2024-04-18
U00651,repurchase,2024-05-10
U00652,register,2024-09-24
U00652,app_open,2024-09-24
U00652,browse,2024-09-25
U00653,register,2024-10-06
U00653,app_open,2024-10-06
U00654,register,2024-11-11
U00654,app_open,2024-11-11
U00655,register,2024-08-27
U00655,app_open,2024-08-27
U00655,browse,2024-08-28
U00656,register,2024-05-10
U00656,app_open,2024-05-10
U00656,browse,2024-05-11
U00657,register,2024-07-13
U00657,app_open,2024-07-13
U00657,browse,2024-07-14
U00658,register,2024-08-07
U00658,app_open,2024-08-07
U00659,register,2024-10-20
U00659,app_open,2024-10-20
U00660,register,2024-10-02
U00660,app_open,2024-10-02
U00660,browse,2024-10-02
U00660,add_to_cart,2024-10-04
U00661,register,2024-08-05
U00661,app_open,2024-08-05
U00661,browse,2024-08-06
U00662,register,2024-12-28
U00662,app_open,2024-12-28
U00663,register,2024-10-11
U00663,app_open,2024-10-11
U00664,register,2024-06-26
U00664,app_open,2024-06-26
U00665,register,2024-04-26
U00665,app_open,2024-04-26
U00666,register,2024-05-22
U00666,app_open,2024-05-22
U00666,browse,2024-05-22
U00666,add_to_cart,2024-05-23
U00667,register,2024-06-30
U00667,app_open,2024-06-30
U00667,browse,2024-07-01
U00667,add_to_cart,2024-07-01
U00668,register,2024-05-26
U00668,app_open,2024-05-26
U00668,browse,2024-05-26
U00669,register,2024-06-06
U00669,app_open,2024-06-06
U00669,browse,2024-06-06
U00670,register,2024-07-13
U00670,app_open,2024-07-13
U00670,browse,2024-07-14
U00671,register,2024-05-31
U00671,app_open,2024-05-31
U00671,browse,2024-05-31
U00671,add_to_cart,2024-06-01
U00672,register,2024-12-11
U00672,app_open,2024-12-11
U00672,browse,2024-12-11
U00672,add_to_cart,2024-12-13
U00672,purchase,2024-12-15
U00673,register,2024-04-13
U00673,app_open,2024-04-13
U00673,browse,2024-04-13
U00674,register,2024-09-21
U00674,app_open,2024-09-21
U00675,register,2024-08-21
U00676,register,2024-12-27
U00676,app_open,2024-12-27
U00676,browse,2024-12-28
U00677,register,2024-05-02
U00677,app_open,2024-05-02
U00678,register,2024-08-18
U00678,app_open,2024-08-18
U00678,browse,2024-08-18
U00679,register,2024-12-25
U00679,browse,2024-12-25
U00680,register,2024-12-05
U00680,browse,2024-12-06
U00681,register,2024-11-25
U00681,browse,2024-11-25
U00682,register,2024-07-04
U00683,register,2024-05-30
U00683,app_open,2024-05-30
U00684,register,2024-10-25
U00684,app_open,2024-10-25
U00684,browse,2024-10-26
U00684,add_to_cart,2024-10-28
U00684,purchase,2024-10-29
U00685,register,2024-12-17
U00686,register,2024-09-29
U00686,app_open,2024-09-29
U00686,browse,2024-09-30
U00687,register,2024-10-02
U00687,app_open,2024-10-02
U00688,register,2024-07-12
U00688,app_open,2024-07-12
U00688,browse,2024-07-12
U00688,add_to_cart,2024-07-13
U00689,register,2024-11-16
U00690,register,2024-06-06
U00690,app_open,2024-06-06
U00690,browse,2024-06-07
U00690,add_to_cart,2024-06-09
U00691,register,2024-07-26
U00691,app_open,2024-07-26
U00691,browse,2024-07-27
U00691,add_to_cart,2024-07-29
U00692,register,2024-08-26
U00692,app_open,2024-08-26
U00693,register,2024-09-17
U00693,app_open,2024-09-17
U00693,browse,2024-09-17
U00694,register,2024-06-28
U00694,app_open,2024-06-28
U00694,browse,2024-06-29
U00694,add_to_cart,2024-07-01
U00694,purchase,2024-07-03
U00695,register,2024-05-03
U00695,app_open,2024-05-03
U00695,browse,2024-05-04
U00695,add_to_cart,2024-05-06
U00696,register,2024-10-12
U00696,app_open,2024-10-12
U00696,browse,2024-10-13
U00696,add_to_cart,2024-10-13
U00696,purchase,2024-10-13
U00696,share,2024-10-13
U00697,register,2024-07-15
U00697,app_open,2024-07-15
U00698,register,2024-10-05
U00698,app_open,2024-10-05
U00698,browse,2024-10-05
U00698,add_to_cart,2024-10-05
U00699,register,2024-05-23
U00699,app_open,2024-05-23
U00699,browse,2024-05-24
U00699,add_to_cart,2024-05-24
U00700,register,2024-09-10
U00700,browse,2024-09-10
U00701,register,2024-09-23
U00701,app_open,2024-09-23
U00701,browse,2024-09-24
U00701,add_to_cart,2024-09-24
U00702,register,2024-03-24
U00702,app_open,2024-03-24
U00702,browse,2024-03-25
U00702,add_to_cart,2024-03-26
U00703,register,2024-07-30
U00703,app_open,2024-07-30
U00703,browse,2024-07-30
U00703,add_to_cart,2024-08-01
U00704,register,2024-05-13
U00704,app_open,2024-05-13
U00704,browse,2024-05-13
U00704,add_to_cart,2024-05-14
U00705,register,2024-04-01
U00705,browse,2024-04-02
U00706,register,2024-12-29
U00706,app_open,2024-12-29
U00706,browse,2024-12-29
U00707,register,2024-07-26
U00707,app_open,2024-07-26
U00707,browse,2024-07-27
U00708,register,2024-11-24
U00708,app_open,2024-11-24
U00708,browse,2024-11-25
U00709,register,2024-07-03
U00709,app_open,2024-07-03
U00710,register,2024-10-28
U00710,app_open,2024-10-28
U00710,browse,2024-10-28
U00711,register,2024-11-14
U00711,app_open,2024-11-14
U00711,browse,2024-11-14
U00712,register,2024-10-08
U00712,app_open,2024-10-08
U00713,register,2024-09-07
U00713,app_open,2024-09-07
U00713,browse,2024-09-08
U00713,add_to_cart,2024-09-09
U00714,register,2024-08-22
U00714,browse,2024-08-22
U00714,add_to_cart,2024-08-23
U00715,register,2024-08-03
U00715,browse,2024-08-03
U00716,register,2024-12-17
U00716,app_open,2024-12-17
U00717,register,2024-11-28
U00717,app_open,2024-11-28
U00718,register,2024-12-24
U00718,app_open,2024-12-24
U00718,browse,2024-12-25
U00718,add_to_cart,2024-12-26
U00718,purchase,2024-12-26
U00718,repurchase,2025-01-10
U00719,register,2024-05-08
U00719,browse,2024-05-09
U00720,register,2024-11-08
U00720,app_open,2024-11-08
U00720,browse,2024-11-09
U00720,add_to_cart,2024-11-11
U00720,purchase,2024-11-13
U00720,repurchase,2024-11-29
U00721,register,2024-12-19
U00721,app_open,2024-12-19
U00722,register,2024-06-04
U00722,browse,2024-06-05
U00722,add_to_cart,2024-06-06
U00723,register,2024-04-04
U00723,app_open,2024-04-04
U00723,browse,2024-04-05
U00724,register,2024-11-10
U00724,app_open,2024-11-10
U00725,register,2024-10-03
U00725,app_open,2024-10-03
U00725,browse,2024-10-04
U00726,register,2024-11-30
U00726,app_open,2024-11-30
U00726,browse,2024-12-01
U00726,add_to_cart,2024-12-01
U00726,purchase,2024-12-01
U00726,repurchase,2024-12-14
U00727,register,2024-05-16
U00727,app_open,2024-05-16
U00727,browse,2024-05-16
U00727,add_to_cart,2024-05-18
U00727,purchase,2024-05-18
U00728,register,2024-11-21
U00728,app_open,2024-11-21
U00728,browse,2024-11-22
U00728,add_to_cart,2024-11-23
U00728,purchase,2024-11-23
U00728,repurchase,2024-12-01
U00729,register,2024-06-12
U00729,app_open,2024-06-12
U00729,browse,2024-06-12
U00730,register,2024-05-27
U00730,app_open,2024-05-27
U00731,register,2024-05-27
U00731,app_open,2024-05-27
U00731,browse,2024-05-27
U00731,add_to_cart,2024-05-29
U00732,register,2024-11-25
U00732,app_open,2024-11-25
U00733,register,2024-10-24
U00733,app_open,2024-10-24
U00733,browse,2024-10-25
U00733,add_to_cart,2024-10-27
U00733,purchase,2024-10-27
U00733,repurchase,2024-11-04
U00734,register,2024-09-20
U00734,app_open,2024-09-20
U00735,register,2024-08-06
U00735,app_open,2024-08-06
U00735,browse,2024-08-06
U00736,register,2024-12-07
U00737,register,2024-08-16
U00737,app_open,2024-08-16
U00737,browse,2024-08-17
U00737,add_to_cart,2024-08-18
U00738,register,2024-11-25
U00738,app_open,2024-11-25
U00739,register,2024-08-29
U00739,app_open,2024-08-29
U00739,browse,2024-08-29
U00740,register,2024-08-12
U00740,browse,2024-08-12
U00741,register,2024-09-05
U00741,app_open,2024-09-05
U00742,register,2024-07-19
U00742,browse,2024-07-19
U00742,add_to_cart,2024-07-21
U00742,purchase,2024-07-23
U00742,repurchase,2024-08-03
U00742,share,2024-08-06
U00743,register,2024-11-11
U00743,app_open,2024-11-11
U00744,register,2024-09-15
U00744,app_open,2024-09-15
U00744,browse,2024-09-15
U00745,register,2024-06-24
U00745,app_open,2024-06-24
U00745,browse,2024-06-24
U00745,add_to_cart,2024-06-25
U00745,purchase,2024-06-25
U00745,repurchase,2024-07-05
U00746,register,2024-12-12
U00746,app_open,2024-12-12
U00747,register,2024-08-14
U00747,browse,2024-08-14
U00748,register,2024-09-26
U00748,app_open,2024-09-26
U00748,browse,2024-09-26
U00749,register,2024-12-13
U00749,app_open,2024-12-13
U00749,browse,2024-12-13
U00750,register,2024-10-15
U00750,app_open,2024-10-15
U00750,browse,2024-10-16
U00751,register,2024-05-04
U00751,app_open,2024-05-04
U00751,browse,2024-05-05
U00752,register,2024-12-19
U00752,browse,2024-12-20
U00753,register,2024-10-16
U00753,app_open,2024-10-16
U00753,browse,2024-10-16
U00753,add_to_cart,2024-10-16
U00753,purchase,2024-10-16
U00753,repurchase,2024-10-30
U00753,share,2024-11-01
U00754,register,2024-07-30
U00754,app_open,2024-07-30
U00754,browse,2024-07-30
U00754,add_to_cart,2024-08-01
U00754,purchase,2024-08-02
U00755,register,2024-05-16
U00755,app_open,2024-05-16
U00755,browse,2024-05-16
U00756,register,2024-11-21
U00756,app_open,2024-11-21
U00757,register,2024-10-14
U00757,app_open,2024-10-14
U00757,browse,2024-10-14
U00757,add_to_cart,2024-10-15
U00757,purchase,2024-10-16
U00757,repurchase,2024-10-24
U00758,register,2024-09-23
U00758,app_open,2024-09-23
U00758,browse,2024-09-23
U00758,add_to_cart,2024-09-25
U00758,purchase,2024-09-26
U00759,register,2024-12-11
U00759,app_open,2024-12-11
U00760,register,2024-11-20
U00760,browse,2024-11-20
U00760,add_to_cart,2024-11-22
U00761,register,2024-05-22
U00761,app_open,2024-05-22
U00761,browse,2024-05-22
U00761,add_to_cart,2024-05-22
U00761,purchase,2024-05-24
U00762,register,2024-07-22
U00762,app_open,2024-07-22
U00762,browse,2024-07-22
U00763,register,2024-06-30
U00763,app_open,2024-06-30
U00763,browse,2024-07-01
U00763,add_to_cart,2024-07-02
U00763,purchase,2024-07-02
U00764,register,2024-11-10
U00764,app_open,2024-11-10
U00764,browse,2024-11-11
U00765,register,2024-03-07
U00766,register,2024-10-02
U00766,app_open,2024-10-02
U00766,browse,2024-10-02
U00767,register,2024-11-14
U00767,app_open,2024-11-14
U00767,browse,2024-11-15
U00768,register,2024-12-07
U00768,app_open,2024-12-07
U00769,register,2024-08-01
U00769,app_open,2024-08-01
U00769,browse,2024-08-02
U00770,register,2024-11-26
U00770,app_open,2024-11-26
U00770,browse,2024-11-26
U00770,add_to_cart,2024-11-28
U00770,purchase,2024-11-30
U00771,register,2024-05-01
U00771,app_open,2024-05-01
U00771,browse,2024-05-02
U00771,add_to_cart,2024-05-03
U00772,register,2024-12-01
U00772,app_open,2024-12-01
U00772,browse,2024-12-01
U00773,register,2024-05-10
U00773,browse,2024-05-11
U00774,register,2024-08-18
U00774,app_open,2024-08-18
U00775,register,2024-11-21
U00775,browse,2024-11-22
U00776,register,2024-05-21
U00776,app_open,2024-05-21
U00776,browse,2024-05-21
U00776,add_to_cart,2024-05-23
U00776,purchase,2024-05-25
U00777,register,2024-06-23
U00777,app_open,2024-06-23
U00777,browse,2024-06-24
U00778,register,2024-11-06
U00778,app_open,2024-11-06
U00778,browse,2024-11-06
U00778,add_to_cart,2024-11-07
U00779,register,2024-11-05
U00779,app_open,2024-11-05
U00780,register,2024-10-19
U00780,app_open,2024-10-19
U00780,browse,2024-10-19
U00781,register,2024-10-31
U00781,app_open,2024-10-31
U00781,browse,2024-11-01
U00782,register,2024-09-25
U00782,app_open,2024-09-25
U00783,register,2024-07-02
U00783,app_open,2024-07-02
U00783,browse,2024-07-03
U00784,register,2024-08-02
U00784,app_open,2024-08-02
U00784,browse,2024-08-02
U00784,add_to_cart,2024-08-04
U00784,purchase,2024-08-06
U00784,repurchase,2024-08-30
U00785,register,2024-06-04
U00785,app_open,2024-06-04
U00785,browse,2024-06-04
U00785,add_to_cart,2024-06-06
U00785,purchase,2024-06-06
U00785,repurchase,2024-07-06
U00786,register,2024-12-13
U00786,app_open,2024-12-13
U00786,browse,2024-12-14
U00786,add_to_cart,2024-12-14
U00786,purchase,2024-12-15
U00786,repurchase,2025-01-09
U00786,share,2025-01-09
U00787,register,2024-10-05
U00787,app_open,2024-10-05
U00788,register,2024-08-19
U00788,app_open,2024-08-19
U00788,browse,2024-08-19
U00789,register,2024-09-05
U00789,app_open,2024-09-05
U00789,browse,2024-09-05
U00789,add_to_cart,2024-09-05
U00790,register,2024-12-21
U00790,browse,2024-12-21
U00791,register,2024-05-22
U00791,app_open,2024-05-22
U00791,browse,2024-05-23
U00791,add_to_cart,2024-05-25
U00792,register,2024-10-06
U00792,app_open,2024-10-06
U00792,browse,2024-10-07
U00793,register,2024-09-16
U00793,browse,2024-09-16
U00794,register,2024-10-12
U00794,app_open,2024-10-12
U00794,browse,2024-10-13
U00795,register,2024-02-19
U00795,browse,2024-02-19
U00796,register,2024-12-06
U00796,browse,2024-12-07
U00797,register,2024-12-18
U00797,app_open,2024-12-18
U00798,register,2024-10-01
U00798,app_open,2024-10-01
U00798,browse,2024-10-02
U00799,register,2024-10-31
U00799,browse,2024-11-01
U00800,register,2024-12-16
U00800,app_open,2024-12-16
U00800,browse,2024-12-16
U00800,add_to_cart,2024-12-18
U00800,purchase,2024-12-20
U00801,register,2024-11-02
U00801,app_open,2024-11-02
U00801,browse,2024-11-03
U00802,register,2024-05-22
U00802,app_open,2024-05-22
U00802,browse,2024-05-22
U00802,add_to_cart,2024-05-23
U00803,register,2024-10-04
U00803,app_open,2024-10-04
U00803,browse,2024-10-05
U00803,add_to_cart,2024-10-05
U00803,purchase,2024-10-07
U00804,register,2024-10-11
U00804,app_open,2024-10-11
U00804,browse,2024-10-12
U00804,add_to_cart,2024-10-13
U00805,register,2024-08-25
U00805,app_open,2024-08-25
U00805,browse,2024-08-26
U00806,register,2024-11-09
U00806,app_open,2024-11-09
U00807,register,2024-12-18
U00807,app_open,2024-12-18
U00807,browse,2024-12-18
U00807,add_to_cart,2024-12-20
U00808,register,2024-12-17
U00808,app_open,2024-12-17
U00808,browse,2024-12-18
U00809,register,2024-09-02
U00809,app_open,2024-09-02
U00809,browse,2024-09-03
U00810,register,2024-05-02
U00810,app_open,2024-05-02
U00810,browse,2024-05-02
U00811,register,2024-12-28
U00811,app_open,2024-12-28
U00811,browse,2024-12-29
U00811,add_to_cart,2024-12-31
U00812,register,2024-11-30
U00812,browse,2024-11-30
U00812,add_to_cart,2024-12-01
U00812,purchase,2024-12-01
U00813,register,2024-05-08
U00813,browse,2024-05-09
U00814,register,2024-12-16
U00814,app_open,2024-12-16
U00814,browse,2024-12-16
U00815,register,2024-12-06
U00816,register,2024-09-19
U00816,app_open,2024-09-19
U00816,browse,2024-09-20
U00816,add_to_cart,2024-09-20
U00816,purchase,2024-09-22
U00817,register,2024-10-07
U00817,app_open,2024-10-07
U00817,browse,2024-10-07
U00817,add_to_cart,2024-10-08
U00817,purchase,2024-10-08
U00817,repurchase,2024-10-20
U00817,share,2024-10-23
U00818,register,2024-08-18
U00818,app_open,2024-08-18
U00818,browse,2024-08-18
U00818,add_to_cart,2024-08-18
U00819,register,2024-03-26
U00819,app_open,2024-03-26
U00819,browse,2024-03-26
U00819,add_to_cart,2024-03-27
U00820,register,2024-07-30
U00820,app_open,2024-07-30
U00821,register,2024-11-23
U00821,app_open,2024-11-23
U00821,browse,2024-11-23
U00822,register,2024-01-25
U00823,register,2024-07-29
U00823,app_open,2024-07-29
U00823,browse,2024-07-29
U00824,register,2024-08-18
U00824,app_open,2024-08-18
U00825,register,2024-09-24
U00826,register,2024-12-16
U00826,app_open,2024-12-16
U00826,browse,2024-12-17
U00827,register,2024-08-02
U00827,app_open,2024-08-02
U00828,register,2024-08-02
U00829,register,2024-11-09
U00829,app_open,2024-11-09
U00830,register,2024-09-02
U00830,app_open,2024-09-02
U00830,browse,2024-09-02
U00830,add_to_cart,2024-09-03
U00831,register,2024-06-21
U00831,browse,2024-06-21
U00832,register,2024-09-02
U00832,app_open,2024-09-02
U00832,browse,2024-09-02
U00833,register,2024-05-16
U00833,app_open,2024-05-16
U00834,register,2024-06-02
U00834,app_open,2024-06-02
U00834,browse,2024-06-02
U00834,add_to_cart,2024-06-03
U00834,purchase,2024-06-05
U00835,register,2024-09-14
U00835,browse,2024-09-14
U00836,register,2024-08-24
U00836,app_open,2024-08-24
U00836,browse,2024-08-25
U00837,register,2024-12-15
U00837,app_open,2024-12-15
U00838,register,2024-08-07
U00838,app_open,2024-08-07
U00838,browse,2024-08-07
U00839,register,2024-10-05
U00839,app_open,2024-10-05
U00839,browse,2024-10-06
U00840,register,2024-10-17
U00840,app_open,2024-10-17
U00840,browse,2024-10-18
U00841,register,2024-02-11
U00841,app_open,2024-02-11
U00841,browse,2024-02-11
U00842,register,2024-10-24
U00843,register,2024-06-03
U00844,register,2024-12-23
U00844,browse,2024-12-23
U00845,register,2024-05-20
U00845,app_open,2024-05-20
U00845,browse,2024-05-20
U00845,add_to_cart,2024-05-22
U00845,purchase,2024-05-23
U00846,register,2024-08-23
U00846,app_open,2024-08-23
U00847,register,2024-04-16
U00847,app_open,2024-04-16
U00848,register,2024-12-30
U00848,app_open,2024-12-30
U00848,browse,2024-12-30
U00848,add_to_cart,2025-01-01
U00848,purchase,2025-01-03
U00849,register,2024-09-15
U00849,browse,2024-09-15
U00850,register,2024-10-08
U00850,app_open,2024-10-08
U00851,register,2024-04-04
U00851,app_open,2024-04-04
U00852,register,2024-11-12
U00852,browse,2024-11-12
U00852,add_to_cart,2024-11-13
U00853,register,2024-06-16
U00853,app_open,2024-06-16
U00854,register,2024-12-11
U00855,register,2024-06-14
U00855,browse,2024-06-14
U00855,add_to_cart,2024-06-16
U00856,register,2024-06-08
U00856,app_open,2024-06-08
U00856,browse,2024-06-09
U00857,register,2024-03-10
U00857,app_open,2024-03-10
U00858,register,2024-09-07
U00858,app_open,2024-09-07
U00858,browse,2024-09-07
U00858,add_to_cart,2024-09-07
U00858,purchase,2024-09-08
U00859,register,2024-10-01
U00859,app_open,2024-10-01
U00860,register,2024-04-03
U00860,app_open,2024-04-03
U00861,register,2024-11-17
U00861,app_open,2024-11-17
U00861,browse,2024-11-17
U00861,add_to_cart,2024-11-19
U00862,register,2024-09-02
U00862,browse,2024-09-03
U00862,add_to_cart,2024-09-03
U00862,purchase,2024-09-04
U00863,register,2024-09-21
U00863,app_open,2024-09-21
U00863,browse,2024-09-21
U00864,register,2024-08-30
U00864,app_open,2024-08-30
U00864,browse,2024-08-31
U00865,register,2024-08-19
U00866,register,2024-09-30
U00866,app_open,2024-09-30
U00867,register,2024-05-23
U00867,browse,2024-05-24
U00868,register,2024-06-04
U00868,app_open,2024-06-04
U00868,browse,2024-06-04
U00869,register,2024-12-04
U00869,app_open,2024-12-04
U00870,register,2024-12-21
U00870,app_open,2024-12-21
U00871,register,2024-08-11
U00871,app_open,2024-08-11
U00872,register,2024-07-08
U00872,app_open,2024-07-08
U00872,browse,2024-07-08
U00873,register,2024-10-19
U00874,register,2024-08-21
U00874,app_open,2024-08-21
U00875,register,2024-02-28
U00875,app_open,2024-02-28
U00875,browse,2024-02-29
U00876,register,2024-05-24
U00876,app_open,2024-05-24
U00876,browse,2024-05-24
U00876,add_to_cart,2024-05-24
U00876,purchase,2024-05-25
U00877,register,2024-11-04
U00877,app_open,2024-11-04
U00878,register,2024-10-23
U00878,app_open,2024-10-23
U00878,browse,2024-10-24
U00878,add_to_cart,2024-10-25
U00879,register,2024-03-01
U00879,app_open,2024-03-01
U00879,browse,2024-03-02
U00879,add_to_cart,2024-03-03
U00880,register,2024-06-20
U00880,app_open,2024-06-20
U00880,browse,2024-06-21
U00880,add_to_cart,2024-06-21
U00880,purchase,2024-06-22
U00881,register,2024-06-24
U00881,app_open,2024-06-24
U00881,browse,2024-06-25
U00881,add_to_cart,2024-06-27
U00882,register,2024-10-26
U00882,browse,2024-10-27
U00883,register,2024-02-21
U00883,app_open,2024-02-21
U00883,browse,2024-02-22
U00883,add_to_cart,2024-02-23
U00883,purchase,2024-02-23
U00883,repurchase,2024-03-06
U00884,register,2024-04-27
U00884,app_open,2024-04-27
U00885,register,2024-11-22
U00885,browse,2024-11-22
U00885,add_to_cart,2024-11-24
U00886,register,2024-06-03
U00886,app_open,2024-06-03
U00886,browse,2024-06-03
U00886,add_to_cart,2024-06-05
U00886,purchase,2024-06-07
U00886,repurchase,2024-07-06
U00887,register,2024-10-21
U00887,app_open,2024-10-21
U00887,browse,2024-10-21
U00888,register,2024-06-27
U00888,app_open,2024-06-27
U00889,register,2024-04-25
U00889,app_open,2024-04-25
U00889,browse,2024-04-25
U00889,add_to_cart,2024-04-25
U00890,register,2024-06-28
U00890,app_open,2024-06-28
U00891,register,2024-11-06
U00891,app_open,2024-11-06
U00891,browse,2024-11-06
U00892,register,2024-12-03
U00893,register,2024-11-28
U00893,app_open,2024-11-28
U00893,browse,2024-11-29
U00894,register,2024-08-18
U00894,app_open,2024-08-18
U00894,browse,2024-08-18
U00895,register,2024-10-25
U00896,register,2024-06-14
U00896,app_open,2024-06-14
U00897,register,2024-07-16
U00897,app_open,2024-07-16
U00897,browse,2024-07-16
U00897,add_to_cart,2024-07-17
U00898,register,2024-12-11
U00898,app_open,2024-12-11
U00899,register,2024-02-11
U00899,app_open,2024-02-11
U00900,register,2024-04-16
U00900,app_open,2024-04-16
U00900,browse,2024-04-16
U00900,add_to_cart,2024-04-16
U00900,purchase,2024-04-16
U00901,register,2024-06-15
U00901,app_open,2024-06-15
U00902,register,2024-02-29
U00902,browse,2024-02-29
U00903,register,2024-06-04
U00904,register,2024-10-05
U00904,app_open,2024-10-05
U00905,register,2024-08-24
U00905,app_open,2024-08-24
U00905,browse,2024-08-24
U00906,register,2024-12-10
U00906,app_open,2024-12-10
U00906,browse,2024-12-10
U00907,register,2024-11-26
U00907,app_open,2024-11-26
U00907,browse,2024-11-27
U00908,register,2024-08-01
U00908,browse,2024-08-02
U00909,register,2024-07-04
U00909,app_open,2024-07-04
U00909,browse,2024-07-04
U00910,register,2024-08-12
U00910,app_open,2024-08-12
U00910,browse,2024-08-12
U00911,register,2024-10-07
U00911,app_open,2024-10-07
U00911,browse,2024-10-07
U00912,register,2024-07-07
U00912,app_open,2024-07-07
U00913,register,2024-10-15
U00913,app_open,2024-10-15
U00914,register,2024-08-21
U00914,app_open,2024-08-21
U00915,register,2024-09-28
U00915,app_open,2024-09-28
U00916,register,2024-08-29
U00916,app_open,2024-08-29
U00917,register,2024-07-17
U00917,browse,2024-07-17
U00917,add_to_cart,2024-07-19
U00917,purchase,2024-07-21
U00918,register,2024-12-21
U00918,app_open,2024-12-21
U00919,register,2024-11-14
U00919,browse,2024-11-15
U00919,add_to_cart,2024-11-16
U00919,purchase,2024-11-17
U00919,repurchase,2024-12-12
U00920,register,2024-05-16
U00920,browse,2024-05-17
U00920,add_to_cart,2024-05-17
U00920,purchase,2024-05-19
U00921,register,2024-12-06
U00921,app_open,2024-12-06
U00921,browse,2024-12-07
U00922,register,2024-09-11
U00922,app_open,2024-09-11
U00922,browse,2024-09-11
U00923,register,2024-12-11
U00923,app_open,2024-12-11
U00924,register,2024-11-22
U00924,app_open,2024-11-22
U00924,browse,2024-11-22
U00925,register,2024-08-26
U00925,app_open,2024-08-26
U00925,browse,2024-08-26
U00925,add_to_cart,2024-08-26
U00925,purchase,2024-08-26
U00926,register,2024-02-24
U00926,app_open,2024-02-24
U00927,register,2024-07-08
U00927,app_open,2024-07-08
U00927,browse,2024-07-08
U00928,register,2024-09-25
U00928,app_open,2024-09-25
U00928,browse,2024-09-25
U00928,add_to_cart,2024-09-27
U00928,purchase,2024-09-28
U00929,register,2024-10-17
U00929,app_open,2024-10-17
U00930,register,2024-07-04
U00930,app_open,2024-07-04
U00930,browse,2024-07-05
U00930,add_to_cart,2024-07-07
U00931,register,2024-05-16
U00931,app_open,2024-05-16
U00931,browse,2024-05-16
U00932,register,2024-11-29
U00932,app_open,2024-11-29
U00932,browse,2024-11-30
U00933,register,2024-12-28
U00933,app_open,2024-12-28
U00933,browse,2024-12-28
U00933,add_to_cart,2024-12-29
U00934,register,2024-09-21
U00934,app_open,2024-09-21
U00935,register,2024-05-31
U00935,app_open,2024-05-31
U00935,browse,2024-05-31
U00935,add_to_cart,2024-06-01
U00935,purchase,2024-06-03
U00935,repurchase,2024-06-18
U00936,register,2024-07-09
U00936,app_open,2024-07-09
U00937,register,2024-02-19
U00937,app_open,2024-02-19
U00937,browse,2024-02-20
U00938,register,2024-12-15
U00939,register,2024-05-05
U00939,app_open,2024-05-05
U00939,browse,2024-05-06
U00939,add_to_cart,2024-05-06
U00940,register,2024-10-04
U00940,app_open,2024-10-04
U00940,browse,2024-10-05
U00940,add_to_cart,2024-10-07
U00940,purchase,2024-10-08
U00940,repurchase,2024-10-26
U00940,share,2024-10-28
U00941,register,2024-07-10
U00941,app_open,2024-07-10
U00941,browse,2024-07-10
U00942,register,2024-09-28
U00942,app_open,2024-09-28
U00942,browse,2024-09-28
U00942,add_to_cart,2024-09-30
U00943,register,2024-10-21
U00943,app_open,2024-10-21
U00944,register,2024-11-28
U00944,app_open,2024-11-28
U00944,browse,2024-11-29
U00944,add_to_cart,2024-12-01
U00944,purchase,2024-12-03
U00945,register,2024-06-14
U00945,app_open,2024-06-14
U00945,browse,2024-06-14
U00945,add_to_cart,2024-06-16
U00946,register,2024-02-08
U00946,app_open,2024-02-08
U00946,browse,2024-02-09
U00946,add_to_cart,2024-02-11
U00946,purchase,2024-02-13
U00946,repurchase,2024-02-22
U00946,share,2024-02-25
U00947,register,2024-05-15
U00947,app_open,2024-05-15
U00947,browse,2024-05-16
U00947,add_to_cart,2024-05-18
U00947,purchase,2024-05-19
U00947,repurchase,2024-06-12
U00948,register,2024-12-12
U00948,app_open,2024-12-12
U00949,register,2024-12-07
U00949,app_open,2024-12-07
U00949,browse,2024-12-07
U00950,register,2024-10-09
U00950,app_open,2024-10-09
U00950,browse,2024-10-10
U00951,register,2024-10-09
U00951,app_open,2024-10-09
U00951,browse,2024-10-10
U00952,register,2024-10-24
U00952,app_open,2024-10-24
U00952,browse,2024-10-25
U00953,register,2024-06-01
U00953,app_open,2024-06-01
U00953,browse,2024-06-01
U00953,add_to_cart,2024-06-03
U00953,purchase,2024-06-04
U00953,repurchase,2024-07-03
U00954,register,2024-12-15
U00954,app_open,2024-12-15
U00954,browse,2024-12-15
U00955,register,2024-08-24
U00955,app_open,2024-08-24
U00956,register,2024-08-13
U00956,app_open,2024-08-13
U00956,browse,2024-08-13
U00957,register,2024-09-19
U00957,app_open,2024-09-19
U00957,browse,2024-09-20
U00958,register,2024-03-20
U00958,app_open,2024-03-20
U00958,browse,2024-03-20
U00958,add_to_cart,2024-03-21
U00959,register,2024-05-28
U00959,browse,2024-05-28
U00960,register,2024-11-09
U00960,app_open,2024-11-09
U00960,browse,2024-11-09
U00960,add_to_cart,2024-11-10
U00960,purchase,2024-11-11
U00960,share,2024-11-15
U00961,register,2024-04-15
U00961,app_open,2024-04-15
U00961,browse,2024-04-16
U00961,add_to_cart,2024-04-17
U00961,purchase,2024-04-18
U00962,register,2024-10-10
U00962,app_open,2024-10-10
U00962,browse,2024-10-10
U00962,add_to_cart,2024-10-10
U00962,purchase,2024-10-12
U00963,register,2024-06-29
U00963,app_open,2024-06-29
U00963,browse,2024-06-29
U00963,add_to_cart,2024-07-01
U00963,purchase,2024-07-02
U00963,repurchase,2024-07-25
U00964,register,2024-08-15
U00964,app_open,2024-08-15
U00964,browse,2024-08-16
U00965,register,2024-07-15
U00965,app_open,2024-07-15
U00965,browse,2024-07-16
U00965,add_to_cart,2024-07-16
U00965,purchase,2024-07-17
U00965,repurchase,2024-08-13
U00966,register,2024-08-05
U00966,app_open,2024-08-05
U00966,browse,2024-08-05
U00967,register,2024-11-05
U00968,register,2024-07-17
U00968,app_open,2024-07-17
U00968,browse,2024-07-18
U00968,add_to_cart,2024-07-19
U00968,purchase,2024-07-21
U00969,register,2024-10-01
U00969,app_open,2024-10-01
U00969,browse,2024-10-01
U00969,add_to_cart,2024-10-01
U00970,register,2024-09-08
U00970,app_open,2024-09-08
U00970,browse,2024-09-08
U00970,add_to_cart,2024-09-09
U00970,purchase,2024-09-09
U00971,register,2024-10-24
U00971,app_open,2024-10-24
U00971,browse,2024-10-24
U00972,register,2024-12-19
U00972,app_open,2024-12-19
U00972,browse,2024-12-20
U00973,register,2024-11-08
U00973,app_open,2024-11-08
U00973,browse,2024-11-08
U00974,register,2024-06-18
U00974,app_open,2024-06-18
U00974,browse,2024-06-18
U00974,add_to_cart,2024-06-18
U00975,register,2024-03-05
U00975,browse,2024-03-05
U00975,add_to_cart,2024-03-06
U00976,register,2024-07-05
U00976,app_open,2024-07-05
U00977,register,2024-10-08
U00977,app_open,2024-10-08
U00977,browse,2024-10-08
U00977,add_to_cart,2024-10-09
U00978,register,2024-03-23
U00978,app_open,2024-03-23
U00979,register,2024-09-14
U00979,app_open,2024-09-14
U00980,register,2024-10-08
U00980,browse,2024-10-08
U00980,add_to_cart,2024-10-08
U00981,register,2024-07-30
U00981,app_open,2024-07-30
U00982,register,2024-11-16
U00982,app_open,2024-11-16
U00982,browse,2024-11-16
U00982,add_to_cart,2024-11-16
U00983,register,2024-04-29
U00983,app_open,2024-04-29
U00983,browse,2024-04-30
U00983,add_to_cart,2024-05-01
U00983,purchase,2024-05-01
U00984,register,2024-04-10
U00984,app_open,2024-04-10
U00984,browse,2024-04-11
U00984,add_to_cart,2024-04-11
U00984,purchase,2024-04-13
U00984,repurchase,2024-05-10
U00985,register,2024-11-07
U00985,app_open,2024-11-07
U00985,browse,2024-11-08
U00985,add_to_cart,2024-11-10
U00985,purchase,2024-11-10
U00985,repurchase,2024-11-18
U00986,register,2024-09-13
U00986,browse,2024-09-13
U00986,add_to_cart,2024-09-13
U00986,purchase,2024-09-14
U00987,register,2024-10-29
U00987,app_open,2024-10-29
U00987,browse,2024-10-29
U00988,register,2024-08-28
U00988,app_open,2024-08-28
U00988,browse,2024-08-28
U00988,add_to_cart,2024-08-30
U00988,purchase,2024-09-01
U00988,repurchase,2024-09-24
U00989,register,2024-06-30
U00989,app_open,2024-06-30
U00989,browse,2024-06-30
U00989,add_to_cart,2024-07-01
U00990,register,2024-11-26
U00990,app_open,2024-11-26
U00990,browse,2024-11-26
U00991,register,2024-11-22
U00991,app_open,2024-11-22
U00991,browse,2024-11-23
U00992,register,2024-10-31
U00992,app_open,2024-10-31
U00993,register,2024-07-09
U00993,app_open,2024-07-09
U00993,browse,2024-07-10
U00993,add_to_cart,2024-07-10
U00994,register,2024-10-07
U00995,register,2024-08-07
U00995,app_open,2024-08-07
U00996,register,2024-04-20
U00996,app_open,2024-04-20
U00996,browse,2024-04-21
U00996,add_to_cart,2024-04-22
U00996,purchase,2024-04-23
U00997,register,2024-12-15
U00997,app_open,2024-12-15
U00998,register,2024-05-15
U00998,app_open,2024-05-15
U00998,browse,2024-05-16
U00999,register,2024-12-21
U00999,browse,2024-12-22
U01000,register,2024-08-31
U01000,app_open,2024-08-31
U01000,browse,2024-08-31
U01000,add_to_cart,2024-09-01
U01001,register,2024-06-06
U01001,app_open,2024-06-06
U01001,browse,2024-06-07
U01001,add_to_cart,2024-06-08
U01001,purchase,2024-06-09
U01002,register,2024-09-25
U01002,app_open,2024-09-25
U01002,browse,2024-09-26
U01003,register,2024-12-07
U01003,browse,2024-12-07
U01003,add_to_cart,2024-12-07
U01004,register,2024-11-08
U01004,app_open,2024-11-08
U01004,browse,2024-11-08
U01004,add_to_cart,2024-11-09
U01004,purchase,2024-11-11
U01004,repurchase,2024-11-27
U01005,register,2024-11-23
U01005,app_open,2024-11-23
U01005,browse,2024-11-23
U01005,add_to_cart,2024-11-25
U01005,purchase,2024-11-27
U01006,register,2024-10-23
U01006,app_open,2024-10-23
U01007,register,2024-10-30
U01007,app_open,2024-10-30
U01008,register,2024-12-02
U01008,app_open,2024-12-02
U01008,browse,2024-12-02
U01009,register,2024-07-01
U01009,app_open,2024-07-01
U01009,browse,2024-07-02
U01010,register,2024-09-12
U01010,browse,2024-09-12
U01011,register,2024-06-20
U01011,app_open,2024-06-20
U01011,browse,2024-06-20
U01012,register,2024-12-28
U01012,app_open,2024-12-28
U01012,browse,2024-12-28
U01013,register,2024-12-20
U01014,register,2024-03-13
U01014,app_open,2024-03-13
U01014,browse,2024-03-14
U01014,add_to_cart,2024-03-14
U01015,register,2024-11-02
U01015,browse,2024-11-02
U01015,add_to_cart,2024-11-02
U01015,purchase,2024-11-03
U01016,register,2024-12-17
U01016,app_open,2024-12-17
U01016,browse,2024-12-17
U01017,register,2024-06-04
U01017,app_open,2024-06-04
U01017,browse,2024-06-04
U01017,add_to_cart,2024-06-04
U01017,purchase,2024-06-06
U01017,share,2024-06-09
U01018,register,2024-10-02
U01018,app_open,2024-10-02
U01018,browse,2024-10-02
U01018,add_to_cart,2024-10-03
U01018,purchase,2024-10-05
U01019,register,2024-12-15
U01019,app_open,2024-12-15
U01019,browse,2024-12-16
U01019,add_to_cart,2024-12-18
U01020,register,2024-03-08
U01020,app_open,2024-03-08
U01021,register,2024-10-31
U01022,register,2024-07-18
U01023,register,2024-12-16
U01023,app_open,2024-12-16
U01023,browse,2024-12-17
U01024,register,2024-12-25
U01024,browse,2024-12-26
U01024,add_to_cart,2024-12-28
U01025,register,2024-12-20
U01025,app_open,2024-12-20
U01025,browse,2024-12-21
U01025,add_to_cart,2024-12-21
U01025,purchase,2024-12-23
U01025,repurchase,2025-01-21
U01026,register,2024-09-08
U01026,app_open,2024-09-08
U01026,browse,2024-09-09
U01026,add_to_cart,2024-09-11
U01026,purchase,2024-09-12
U01026,share,2024-09-15
U01027,register,2024-12-04
U01027,app_open,2024-12-04
U01027,browse,2024-12-04
U01028,register,2024-12-01
U01028,app_open,2024-12-01
U01029,register,2024-07-25
U01029,app_open,2024-07-25
U01029,browse,2024-07-25
U01030,register,2024-11-28
U01030,app_open,2024-11-28
U01031,register,2024-03-11
U01031,app_open,2024-03-11
U01031,browse,2024-03-12
U01032,register,2024-10-08
U01032,app_open,2024-10-08
U01032,browse,2024-10-09
U01032,add_to_cart,2024-10-10
U01032,purchase,2024-10-11
U01033,register,2024-06-24
U01033,app_open,2024-06-24
U01033,browse,2024-06-25
U01034,register,2024-05-06
U01034,app_open,2024-05-06
U01034,browse,2024-05-07
U01034,add_to_cart,2024-05-07
U01034,purchase,2024-05-07
U01035,register,2024-04-11
U01035,app_open,2024-04-11
U01035,browse,2024-04-12
U01036,register,2024-10-31
U01036,app_open,2024-10-31
U01036,browse,2024-10-31
U01036,add_to_cart,2024-11-02
U01037,register,2024-07-31
U01037,app_open,2024-07-31
U01038,register,2024-11-06
U01038,app_open,2024-11-06
U01039,register,2024-04-03
U01039,app_open,2024-04-03
U01039,browse,2024-04-04
U01040,register,2024-07-23
U01040,app_open,2024-07-23
U01040,browse,2024-07-23
U01040,add_to_cart,2024-07-23
U01041,register,2024-09-25
U01041,app_open,2024-09-25
U01041,browse,2024-09-26
U01042,register,2024-11-20
U01042,app_open,2024-11-20
U01043,register,2024-07-25
U01043,browse,2024-07-25
U01044,register,2024-10-15
U01044,app_open,2024-10-15
U01044,browse,2024-10-15
U01044,add_to_cart,2024-10-16
U01045,register,2024-12-09
U01045,browse,2024-12-10
U01046,register,2024-10-13
U01046,app_open,2024-10-13
U01046,browse,2024-10-14
U01047,register,2024-06-25
U01047,app_open,2024-06-25
U01047,browse,2024-06-26
U01048,register,2024-02-27
U01049,register,2024-12-06
U01049,app_open,2024-12-06
U01050,register,2024-02-23
U01050,app_open,2024-02-23
U01051,register,2024-12-07
U01051,browse,2024-12-08
U01051,add_to_cart,2024-12-10
U01052,register,2024-09-22
U01052,app_open,2024-09-22
U01052,browse,2024-09-22
U01053,register,2024-12-19
U01053,app_open,2024-12-19
U01053,browse,2024-12-20
U01053,add_to_cart,2024-12-20
U01054,register,2024-11-22
U01054,app_open,2024-11-22
U01054,browse,2024-11-22
U01055,register,2024-12-30
U01055,app_open,2024-12-30
U01055,browse,2024-12-31
U01056,register,2024-08-04
U01056,app_open,2024-08-04
U01057,register,2024-11-15
U01057,app_open,2024-11-15
U01057,browse,2024-11-16
U01058,register,2024-08-19
U01058,app_open,2024-08-19
U01059,register,2024-09-09
U01059,app_open,2024-09-09
U01059,browse,2024-09-10
U01060,register,2024-10-16
U01060,browse,2024-10-16
U01060,add_to_cart,2024-10-17
U01061,register,2024-12-07
U01061,app_open,2024-12-07
U01061,browse,2024-12-08
U01062,register,2024-12-28
U01062,app_open,2024-12-28
U01062,browse,2024-12-28
U01063,register,2024-11-15
U01063,app_open,2024-11-15
U01063,browse,2024-11-15
U01064,register,2024-08-23
U01064,app_open,2024-08-23
U01064,browse,2024-08-23
U01065,register,2024-08-24
U01065,app_open,2024-08-24
U01065,browse,2024-08-25
U01066,register,2024-11-09
U01066,app_open,2024-11-09
U01066,browse,2024-11-10
U01067,register,2024-06-27
U01067,app_open,2024-06-27
U01067,browse,2024-06-27
U01067,add_to_cart,2024-06-28
U01068,register,2024-05-01
U01068,app_open,2024-05-01
U01068,browse,2024-05-01
U01068,add_to_cart,2024-05-01
U01069,register,2024-08-05
U01070,register,2024-07-14
U01071,register,2024-07-17
U01071,app_open,2024-07-17
U01071,browse,2024-07-18
U01071,add_to_cart,2024-07-20
U01071,purchase,2024-07-20
U01072,register,2024-06-25
U01073,register,2024-03-15
U01073,app_open,2024-03-15
U01073,browse,2024-03-16
U01074,register,2024-02-18
U01074,app_open,2024-02-18
U01075,register,2024-12-28
U01076,register,2024-08-26
U01076,app_open,2024-08-26
U01076,browse,2024-08-27
U01077,register,2024-08-14
U01077,app_open,2024-08-14
U01077,browse,2024-08-14
U01078,register,2024-10-27
U01078,app_open,2024-10-27
U01078,browse,2024-10-27
U01078,add_to_cart,2024-10-29
U01078,purchase,2024-10-30
U01079,register,2024-06-19
U01079,app_open,2024-06-19
U01079,browse,2024-06-20
U01080,register,2024-12-21
U01080,app_open,2024-12-21
U01080,browse,2024-12-21
U01080,add_to_cart,2024-12-23
U01080,purchase,2024-12-23
U01080,repurchase,2025-01-01
U01081,register,2024-11-19
U01081,browse,2024-11-19
U01082,register,2024-04-19
U01082,app_open,2024-04-19
U01082,browse,2024-04-20
U01083,register,2024-08-23
U01083,app_open,2024-08-23
U01084,register,2024-12-08
U01084,browse,2024-12-09
U01084,add_to_cart,2024-12-09
U01085,register,2024-12-20
U01085,app_open,2024-12-20
U01085,browse,2024-12-21
U01085,add_to_cart,2024-12-21
U01085,purchase,2024-12-21
U01086,register,2024-09-06
U01086,app_open,2024-09-06
U01086,browse,2024-09-06
U01087,register,2024-10-12
U01087,app_open,2024-10-12
U01087,browse,2024-10-12
U01088,register,2024-05-29
U01088,app_open,2024-05-29
U01088,browse,2024-05-30
U01089,register,2024-12-29
U01089,app_open,2024-12-29
U01089,browse,2024-12-29
U01090,register,2024-06-24
U01090,app_open,2024-06-24
U01090,browse,2024-06-25
U01090,add_to_cart,2024-06-25
U01090,purchase,2024-06-26
U01091,register,2024-12-20
U01091,app_open,2024-12-20
U01091,browse,2024-12-21
U01092,register,2024-10-21
U01092,app_open,2024-10-21
U01093,register,2024-10-11
U01093,browse,2024-10-11
U01093,add_to_cart,2024-10-12
U01093,purchase,2024-10-13
U01093,share,2024-10-14
U01094,register,2024-09-18
U01094,app_open,2024-09-18
U01094,browse,2024-09-19
U01094,add_to_cart,2024-09-21
U01094,purchase,2024-09-22
U01095,register,2024-06-24
U01095,browse,2024-06-25
U01096,register,2024-06-02
U01096,app_open,2024-06-02
U01096,browse,2024-06-02
U01097,register,2024-06-20
U01097,browse,2024-06-21
U01098,register,2024-06-06
U01098,browse,2024-06-07
U01099,register,2024-11-18
U01099,app_open,2024-11-18
U01099,browse,2024-11-19
U01100,register,2024-08-03
U01100,app_open,2024-08-03
U01100,browse,2024-08-04
U01100,add_to_cart,2024-08-04
U01101,register,2024-03-28
U01101,app_open,2024-03-28
U01102,register,2024-12-25
U01102,app_open,2024-12-25
U01102,browse,2024-12-26
U01102,add_to_cart,2024-12-27
U01103,register,2024-12-09
U01103,browse,2024-12-10
U01104,register,2024-12-17
U01104,app_open,2024-12-17
U01104,browse,2024-12-18
U01105,register,2024-12-30
U01105,app_open,2024-12-30
U01105,browse,2024-12-30
U01105,add_to_cart,2024-12-30
U01106,register,2024-06-01
U01106,app_open,2024-06-01
U01107,register,2024-08-17
U01107,app_open,2024-08-17
U01107,browse,2024-08-17
U01108,register,2024-11-13
U01108,browse,2024-11-14
U01108,add_to_cart,2024-11-15
U01109,register,2024-10-31
U01109,app_open,2024-10-31
U01109,browse,2024-10-31
U01110,register,2024-05-23
U01111,register,2024-11-25
U01111,app_open,2024-11-25
U01111,browse,2024-11-26
U01112,register,2024-06-21
U01112,app_open,2024-06-21
U01112,browse,2024-06-21
U01113,register,2024-06-21
U01113,app_open,2024-06-21
U01113,browse,2024-06-21
U01114,register,2024-09-24
U01114,app_open,2024-09-24
U01114,browse,2024-09-24
U01114,add_to_cart,2024-09-26
U01114,purchase,2024-09-27
U01115,register,2024-10-08
U01115,app_open,2024-10-08
U01115,browse,2024-10-08
U01115,add_to_cart,2024-10-09
U01115,purchase,2024-10-11
U01116,register,2024-10-04
U01116,app_open,2024-10-04
U01116,browse,2024-10-05
U01117,register,2024-04-20
U01117,app_open,2024-04-20
U01117,browse,2024-04-20
U01117,add_to_cart,2024-04-22
U01118,register,2024-12-07
U01118,app_open,2024-12-07
U01118,browse,2024-12-08
U01119,register,2024-07-07
U01119,app_open,2024-07-07
U01119,browse,2024-07-08
U01119,add_to_cart,2024-07-08
U01119,purchase,2024-07-08
U01120,register,2024-05-11
U01120,browse,2024-05-11
U01120,add_to_cart,2024-05-12
U01120,purchase,2024-05-13
U01120,repurchase,2024-05-23
U01121,register,2024-12-10
U01121,app_open,2024-12-10
U01121,browse,2024-12-11
U01122,register,2024-12-22
U01122,app_open,2024-12-22
U01123,register,2024-12-04
U01123,app_open,2024-12-04
U01124,register,2024-11-24
U01124,app_open,2024-11-24
U01124,browse,2024-11-24
U01124,add_to_cart,2024-11-25
U01124,purchase,2024-11-27
U01125,register,2024-10-22
U01126,register,2024-09-27
U01126,app_open,2024-09-27
U01126,browse,2024-09-27
U01126,add_to_cart,2024-09-29
U01126,purchase,2024-10-01
U01126,share,2024-10-05
U01127,register,2024-04-17
U01127,app_open,2024-04-17
U01128,register,2024-08-21
U01128,app_open,2024-08-21
U01128,browse,2024-08-21
U01129,register,2024-08-10
U01129,browse,2024-08-10
U01130,register,2024-07-05
U01130,app_open,2024-07-05
U01130,browse,2024-07-06
U01131,register,2024-11-06
U01131,app_open,2024-11-06
U01131,browse,2024-11-07
U01132,register,2024-09-14
U01132,app_open,2024-09-14
U01132,browse,2024-09-14
U01132,add_to_cart,2024-09-16
U01132,purchase,2024-09-17
U01133,register,2024-04-13
U01133,browse,2024-04-14
U01133,add_to_cart,2024-04-14
U01134,register,2024-06-20
U01134,app_open,2024-06-20
U01134,browse,2024-06-21
U01135,register,2024-10-28
U01135,app_open,2024-10-28
U01135,browse,2024-10-28
U01135,add_to_cart,2024-10-30
U01135,purchase,2024-10-30
U01136,register,2024-04-10
U01136,app_open,2024-04-10
U01137,register,2024-12-02
U01137,app_open,2024-12-02
U01137,browse,2024-12-03
U01138,register,2024-09-13
U01138,app_open,2024-09-13
U01138,browse,2024-09-13
U01139,register,2024-09-10
U01139,app_open,2024-09-10
U01139,browse,2024-09-10
U01140,register,2024-10-07
U01140,app_open,2024-10-07
U01140,browse,2024-10-08
U01141,register,2024-11-27
U01141,browse,2024-11-27
U01142,register,2024-08-03
U01142,app_open,2024-08-03
U01143,register,2024-10-27
U01143,app_open,2024-10-27
U01144,register,2024-10-01
U01145,register,2024-07-07
U01145,app_open,2024-07-07
U01145,browse,2024-07-08
U01146,register,2024-12-08
U01146,app_open,2024-12-08
U01146,browse,2024-12-09
U01147,register,2024-11-21
U01147,app_open,2024-11-21
U01147,browse,2024-11-21
U01147,add_to_cart,2024-11-21
U01148,register,2024-10-23
U01148,app_open,2024-10-23
U01148,browse,2024-10-24
U01149,register,2024-12-02
U01149,app_open,2024-12-02
U01149,browse,2024-12-03
U01150,register,2024-12-05
U01150,browse,2024-12-05
U01150,add_to_cart,2024-12-06
U01151,register,2024-11-03
U01151,app_open,2024-11-03
U01151,browse,2024-11-03
U01152,register,2024-11-29
U01152,app_open,2024-11-29
U01152,browse,2024-11-30
U01153,register,2024-10-31
U01153,browse,2024-11-01
U01154,register,2024-10-28
U01154,browse,2024-10-28
U01154,add_to_cart,2024-10-28
U01155,register,2024-10-14
U01155,app_open,2024-10-14
U01156,register,2024-11-12
U01156,app_open,2024-11-12
U01156,browse,2024-11-12
U01157,register,2024-05-25
U01157,browse,2024-05-25
U01157,add_to_cart,2024-05-26
U01158,register,2024-12-08
U01158,app_open,2024-12-08
U01158,browse,2024-12-08
U01158,add_to_cart,2024-12-08
U01158,purchase,2024-12-08
U01158,repurchase,2024-12-30
U01159,register,2024-12-06
U01159,app_open,2024-12-06
U01159,browse,2024-12-06
U01160,register,2024-03-03
U01160,app_open,2024-03-03
U01160,browse,2024-03-03
U01161,register,2024-11-27
U01161,app_open,2024-11-27
U01161,browse,2024-11-27
U01162,register,2024-05-11
U01162,app_open,2024-05-11
U01163,register,2024-07-30
U01163,app_open,2024-07-30
U01163,browse,2024-07-31
U01164,register,2024-11-10
U01164,app_open,2024-11-10
U01164,browse,2024-11-10
U01165,register,2024-05-26
U01165,app_open,2024-05-26
U01165,browse,2024-05-26
U01165,add_to_cart,2024-05-27
U01166,register,2024-11-26
U01166,app_open,2024-11-26
U01166,browse,2024-11-27
U01166,add_to_cart,2024-11-28
U01167,register,2024-11-28
U01167,app_open,2024-11-28
U01167,browse,2024-11-28
U01168,register,2024-09-17
U01168,app_open,2024-09-17
U01168,browse,2024-09-18
U01169,register,2024-01-30
U01169,app_open,2024-01-30
U01170,register,2024-07-14
U01170,app_open,2024-07-14
U01171,register,2024-10-13
U01171,app_open,2024-10-13
U01172,register,2024-12-27
U01172,app_open,2024-12-27
U01172,browse,2024-12-27
U01172,add_to_cart,2024-12-29
U01173,register,2024-10-17
U01173,app_open,2024-10-17
U01173,browse,2024-10-18
U01174,register,2024-07-05
U01174,app_open,2024-07-05
U01174,browse,2024-07-06
U01175,register,2024-10-17
U01175,app_open,2024-10-17
U01175,browse,2024-10-17
U01176,register,2024-09-25
U01176,browse,2024-09-25
U01176,add_to_cart,2024-09-26
U01176,purchase,2024-09-26
U01177,register,2024-11-18
U01177,app_open,2024-11-18
U01177,browse,2024-11-18
U01177,add_to_cart,2024-11-19
U01178,register,2024-04-29
U01178,app_open,2024-04-29
U01178,browse,2024-04-30
U01179,register,2024-11-14
U01179,browse,2024-11-14
U01179,add_to_cart,2024-11-14
U01179,purchase,2024-11-15
U01180,register,2024-09-25
U01180,app_open,2024-09-25
U01180,browse,2024-09-26
U01181,register,2024-12-24
U01181,app_open,2024-12-24
U01182,register,2024-08-01
U01182,app_open,2024-08-01
U01183,register,2024-10-17
U01183,browse,2024-10-18
U01183,add_to_cart,2024-10-20
U01183,purchase,2024-10-21
U01183,repurchase,2024-11-01
U01184,register,2024-12-18
U01184,app_open,2024-12-18
U01184,browse,2024-12-19
U01184,add_to_cart,2024-12-20
U01184,purchase,2024-12-21
U01184,repurchase,2025-01-11
U01185,register,2024-04-26
U01185,app_open,2024-04-26
U01185,browse,2024-04-26
U01185,add_to_cart,2024-04-27
U01185,purchase,2024-04-29
U01186,register,2024-12-19
U01186,app_open,2024-12-19
U01186,browse,2024-12-19
U01186,add_to_cart,2024-12-21
U01186,purchase,2024-12-23
U01186,repurchase,2025-01-15
U01186,share,2025-01-16
U01187,register,2024-10-29
U01187,app_open,2024-10-29
U01187,browse,2024-10-29
U01188,register,2024-04-05
U01188,app_open,2024-04-05
U01188,browse,2024-04-05
U01189,register,2024-07-19
U01189,app_open,2024-07-19
U01189,browse,2024-07-19
U01189,add_to_cart,2024-07-20
U01190,register,2024-11-03
U01190,app_open,2024-11-03
U01190,browse,2024-11-04
U01190,add_to_cart,2024-11-05
U01190,purchase,2024-11-07
U01191,register,2024-04-04
U01191,app_open,2024-04-04
U01191,browse,2024-04-04
U01192,register,2024-10-05
U01192,browse,2024-10-06
U01193,register,2024-08-02
U01193,app_open,2024-08-02
U01193,browse,2024-08-03
U01194,register,2024-10-14
U01194,app_open,2024-10-14
U01194,browse,2024-10-15
U01195,register,2024-03-19
U01195,app_open,2024-03-19
U01196,register,2024-12-06
U01196,app_open,2024-12-06
U01196,browse,2024-12-06
U01196,add_to_cart,2024-12-06
U01197,register,2024-12-26
U01197,app_open,2024-12-26
U01197,browse,2024-12-26
U01198,register,2024-12-25
U01198,app_open,2024-12-25
U01198,browse,2024-12-26
U01199,register,2024-11-12
U01199,app_open,2024-11-12
U01200,register,2024-05-11
U01200,app_open,2024-05-11
U01200,browse,2024-05-11
U01201,register,2024-11-13
U01201,app_open,2024-11-13
U01201,browse,2024-11-13
U01201,add_to_cart,2024-11-15
U01201,purchase,2024-11-15
U01201,share,2024-11-18
U01202,register,2024-02-27
U01202,app_open,2024-02-27
U01203,register,2024-02-24
U01204,register,2024-07-26
U01204,app_open,2024-07-26
U01204,browse,2024-07-27
U01205,register,2024-09-12
U01205,browse,2024-09-12
U01205,add_to_cart,2024-09-12
U01206,register,2024-11-16
U01206,app_open,2024-11-16
U01207,register,2024-10-28
U01207,app_open,2024-10-28
U01207,browse,2024-10-28
U01207,add_to_cart,2024-10-30
U01207,purchase,2024-10-31
U01207,repurchase,2024-11-19
U01207,share,2024-11-21
U01208,register,2024-08-31
U01208,app_open,2024-08-31
U01208,browse,2024-09-01
U01208,add_to_cart,2024-09-03
U01208,purchase,2024-09-03
U01209,register,2024-07-09
U01209,app_open,2024-07-09
U01209,browse,2024-07-10
U01209,add_to_cart,2024-07-11
U01209,purchase,2024-07-12
U01209,share,2024-07-12
U01210,register,2024-12-30
U01210,app_open,2024-12-30
U01211,register,2024-08-26
U01211,app_open,2024-08-26
U01211,browse,2024-08-27
U01212,register,2024-09-02
U01212,app_open,2024-09-02
U01212,browse,2024-09-03
U01213,register,2024-05-27
U01213,browse,2024-05-28
U01213,add_to_cart,2024-05-29
U01213,purchase,2024-05-31
U01214,register,2024-11-21
U01214,browse,2024-11-22
U01214,add_to_cart,2024-11-23
U01214,purchase,2024-11-23
U01214,repurchase,2024-12-17
U01215,register,2024-10-30
U01215,app_open,2024-10-30
U01215,browse,2024-10-30
U01216,register,2024-06-20
U01216,app_open,2024-06-20
U01216,browse,2024-06-21
U01217,register,2024-04-14
U01217,app_open,2024-04-14
U01217,browse,2024-04-14
U01218,register,2024-10-28
U01218,browse,2024-10-28
U01218,add_to_cart,2024-10-28
U01218,purchase,2024-10-28
U01218,repurchase,2024-11-15
U01219,register,2024-10-22
U01219,app_open,2024-10-22
U01219,browse,2024-10-22
U01220,register,2024-07-09
U01220,app_open,2024-07-09
U01220,browse,2024-07-09
U01221,register,2024-12-21
U01221,app_open,2024-12-21
U01221,browse,2024-12-21
U01222,register,2024-05-21
U01222,app_open,2024-05-21
U01222,browse,2024-05-22
U01222,add_to_cart,2024-05-24
U01222,purchase,2024-05-25
U01223,register,2024-08-27
U01223,app_open,2024-08-27
U01223,browse,2024-08-27
U01223,add_to_cart,2024-08-28
U01224,register,2024-12-20
U01224,app_open,2024-12-20
U01224,browse,2024-12-21
U01224,add_to_cart,2024-12-22
U01224,purchase,2024-12-23
U01225,register,2024-08-24
U01225,app_open,2024-08-24
U01225,browse,2024-08-25
U01226,register,2024-10-18
U01226,app_open,2024-10-18
U01226,browse,2024-10-19
U01227,register,2024-08-18
U01227,app_open,2024-08-18
U01227,browse,2024-08-19
U01228,register,2024-07-10
U01228,app_open,2024-07-10
U01228,browse,2024-07-11
U01229,register,2024-12-28
U01229,app_open,2024-12-28
U01229,browse,2024-12-29
U01230,register,2024-08-21
U01230,app_open,2024-08-21
U01231,register,2024-12-11
U01231,browse,2024-12-11
U01232,register,2024-06-24
U01232,app_open,2024-06-24
U01233,register,2024-06-17
U01233,app_open,2024-06-17
U01234,register,2024-03-05
U01234,browse,2024-03-05
U01235,register,2024-10-21
U01235,browse,2024-10-21
U01235,add_to_cart,2024-10-23
U01236,register,2024-08-09
U01236,app_open,2024-08-09
U01236,browse,2024-08-09
U01237,register,2024-12-05
U01238,register,2024-09-08
U01238,app_open,2024-09-08
U01238,browse,2024-09-08
U01239,register,2024-12-25
U01239,app_open,2024-12-25
U01239,browse,2024-12-25
U01240,register,2024-06-06
U01240,app_open,2024-06-06
U01240,browse,2024-06-07
U01240,add_to_cart,2024-06-09
U01240,purchase,2024-06-10
U01241,register,2024-12-06
U01241,app_open,2024-12-06
U01241,browse,2024-12-06
U01242,register,2024-11-17
U01242,browse,2024-11-18
U01242,add_to_cart,2024-11-20
U01243,register,2024-11-16
U01243,app_open,2024-11-16
U01243,browse,2024-11-16
U01244,register,2024-12-01
U01244,app_open,2024-12-01
U01245,register,2024-11-14
U01245,app_open,2024-11-14
U01246,register,2024-10-15
U01246,app_open,2024-10-15
U01246,browse,2024-10-16
U01247,register,2024-05-12
U01247,browse,2024-05-12
U01248,register,2024-03-06
U01248,browse,2024-03-07
U01248,add_to_cart,2024-03-08
U01248,purchase,2024-03-09
U01248,repurchase,2024-03-29
U01249,register,2024-12-16
U01249,app_open,2024-12-16
U01249,browse,2024-12-17
U01250,register,2024-10-13
U01250,app_open,2024-10-13
U01250,browse,2024-10-14
U01250,add_to_cart,2024-10-14
U01250,purchase,2024-10-14
U01251,register,2024-11-21
U01251,app_open,2024-11-21
U01252,register,2024-09-10
U01252,app_open,2024-09-10
U01252,browse,2024-09-11
U01253,register,2024-05-05
U01253,browse,2024-05-06
U01254,register,2024-05-09
U01255,register,2024-10-29
U01255,app_open,2024-10-29
U01255,browse,2024-10-30
U01255,add_to_cart,2024-11-01
U01255,purchase,2024-11-02
U01255,repurchase,2024-11-17
U01256,register,2024-08-27
U01256,app_open,2024-08-27
U01257,register,2024-06-12
U01257,browse,2024-06-13
U01258,register,2024-09-12
U01258,app_open,2024-09-12
U01259,register,2024-04-02
U01259,app_open,2024-04-02
U01259,browse,2024-04-03
U01260,register,2024-10-05
U01260,app_open,2024-10-05
U01260,browse,2024-10-05
U01260,add_to_cart,2024-10-05
U01260,purchase,2024-10-07
U01260,repurchase,2024-10-19
U01261,register,2024-07-08
U01261,app_open,2024-07-08
U01261,browse,2024-07-09
U01262,register,2024-11-21
U01262,app_open,2024-11-21
U01262,browse,2024-11-22
U01262,add_to_cart,2024-11-23
U01262,purchase,2024-11-23
U01262,repurchase,2024-12-09
U01263,register,2024-07-22
U01263,app_open,2024-07-22
U01263,browse,2024-07-22
U01264,register,2024-09-03
U01264,app_open,2024-09-03
U01265,register,2024-02-09
U01265,app_open,2024-02-09
U01266,register,2024-04-08
U01266,app_open,2024-04-08
U01266,browse,2024-04-08
U01266,add_to_cart,2024-04-08
U01267,register,2024-08-16
U01267,app_open,2024-08-16
U01268,register,2024-09-09
U01268,app_open,2024-09-09
U01268,browse,2024-09-09
U01268,add_to_cart,2024-09-09
U01269,register,2024-10-09
U01269,app_open,2024-10-09
U01269,browse,2024-10-09
U01269,add_to_cart,2024-10-10
U01270,register,2024-07-16
U01270,app_open,2024-07-16
U01270,browse,2024-07-17
U01270,add_to_cart,2024-07-18
U01271,register,2024-10-31
U01271,browse,2024-10-31
U01272,register,2024-12-04
U01272,app_open,2024-12-04
U01272,browse,2024-12-04
U01273,register,2024-11-18
U01273,app_open,2024-11-18
U01273,browse,2024-11-18
U01273,add_to_cart,2024-11-18
U01273,purchase,2024-11-19
U01273,repurchase,2024-12-12
U01273,share,2024-12-16
U01274,register,2024-03-13
U01275,register,2024-09-10
U01275,app_open,2024-09-10
U01275,browse,2024-09-10
U01276,register,2024-04-28
U01276,app_open,2024-04-28
U01277,register,2024-06-28
U01277,app_open,2024-06-28
U01277,browse,2024-06-28
U01278,register,2024-12-28
U01278,app_open,2024-12-28
U01278,browse,2024-12-29
U01279,register,2024-05-17
U01279,app_open,2024-05-17
U01279,browse,2024-05-18
U01279,add_to_cart,2024-05-19
U01280,register,2024-09-14
U01280,app_open,2024-09-14
U01280,browse,2024-09-15
U01280,add_to_cart,2024-09-15
U01281,register,2024-10-13
U01281,app_open,2024-10-13
U01282,register,2024-11-01
U01282,app_open,2024-11-01
U01283,register,2024-09-30
U01283,app_open,2024-09-30
U01284,register,2024-02-06
U01284,app_open,2024-02-06
U01284,browse,2024-02-06
U01285,register,2024-07-27
U01285,app_open,2024-07-27
U01285,browse,2024-07-27
U01285,add_to_cart,2024-07-27
U01286,register,2024-09-19
U01286,app_open,2024-09-19
U01286,browse,2024-09-20
U01286,add_to_cart,2024-09-22
U01287,register,2024-04-18
U01287,app_open,2024-04-18
U01287,browse,2024-04-18
U01287,add_to_cart,2024-04-18
U01287,purchase,2024-04-19
U01287,repurchase,2024-04-28
U01287,share,2024-04-29
U01288,register,2024-08-04
U01288,app_open,2024-08-04
U01288,browse,2024-08-05
U01288,add_to_cart,2024-08-07
U01288,purchase,2024-08-08
U01288,repurchase,2024-08-20
U01288,share,2024-08-22
U01289,register,2024-03-07
U01289,app_open,2024-03-07
U01289,browse,2024-03-08
U01290,register,2024-04-12
U01290,app_open,2024-04-12
U01291,register,2024-08-17
U01291,app_open,2024-08-17
U01291,browse,2024-08-17
U01291,add_to_cart,2024-08-19
U01292,register,2024-05-12
U01292,app_open,2024-05-12
U01293,register,2024-10-01
U01293,app_open,2024-10-01
U01293,browse,2024-10-02
U01294,register,2024-10-30
U01294,app_open,2024-10-30
U01294,browse,2024-10-30
U01295,register,2024-11-22
U01295,browse,2024-11-22
U01295,add_to_cart,2024-11-24
U01295,purchase,2024-11-25
U01296,register,2024-06-12
U01296,app_open,2024-06-12
U01296,browse,2024-06-13
U01296,add_to_cart,2024-06-15
U01297,register,2024-05-29
U01297,app_open,2024-05-29
U01297,browse,2024-05-29
U01298,register,2024-04-28
U01298,app_open,2024-04-28
U01298,browse,2024-04-29
U01299,register,2024-10-18
U01299,app_open,2024-10-18
U01299,browse,2024-10-19
U01300,register,2024-11-02
U01300,app_open,2024-11-02
U01300,browse,2024-11-02
U01301,register,2024-03-05
U01301,app_open,2024-03-05
U01301,browse,2024-03-06
U01301,add_to_cart,2024-03-06
U01301,purchase,2024-03-06
U01302,register,2024-12-19
U01302,app_open,2024-12-19
U01302,browse,2024-12-19
U01303,register,2024-03-24
U01303,app_open,2024-03-24
U01303,browse,2024-03-25
U01303,add_to_cart,2024-03-26
U01303,purchase,2024-03-26
U01304,register,2024-09-25
U01304,app_open,2024-09-25
U01305,register,2024-11-03
U01305,browse,2024-11-04
U01306,register,2024-12-06
U01306,app_open,2024-12-06
U01307,register,2024-11-04
U01307,app_open,2024-11-04
U01307,browse,2024-11-04
U01308,register,2024-11-22
U01308,app_open,2024-11-22
U01308,browse,2024-11-23
U01308,add_to_cart,2024-11-24
U01309,register,2024-07-31
U01309,app_open,2024-07-31
U01309,browse,2024-08-01
U01310,register,2024-11-25
U01310,app_open,2024-11-25
U01311,register,2024-04-13
U01311,browse,2024-04-13
U01312,register,2024-12-11
U01312,browse,2024-12-12
U01313,register,2024-09-27
U01313,app_open,2024-09-27
U01313,browse,2024-09-27
U01313,add_to_cart,2024-09-28
U01314,register,2024-11-25
U01314,app_open,2024-11-25
U01314,browse,2024-11-25
U01314,add_to_cart,2024-11-25
U01315,register,2024-09-02
U01316,register,2024-10-19
U01316,app_open,2024-10-19
U01317,register,2024-09-21
U01317,app_open,2024-09-21
U01317,browse,2024-09-22
U01317,add_to_cart,2024-09-23
U01318,register,2024-11-08
U01318,app_open,2024-11-08
U01318,browse,2024-11-09
U01319,register,2024-04-14
U01319,app_open,2024-04-14
U01320,register,2024-03-30
U01320,app_open,2024-03-30
U01320,browse,2024-03-31
U01320,add_to_cart,2024-04-02
U01320,purchase,2024-04-04
U01320,repurchase,2024-04-12
U01321,register,2024-06-30
U01321,app_open,2024-06-30
U01322,register,2024-05-25
U01322,app_open,2024-05-25
U01322,browse,2024-05-26
U01323,register,2024-12-06
U01323,app_open,2024-12-06
U01323,browse,2024-12-07
U01323,add_to_cart,2024-12-09
U01324,register,2024-06-19
U01324,app_open,2024-06-19
U01324,browse,2024-06-19
U01325,register,2024-12-26
U01325,browse,2024-12-26
U01325,add_to_cart,2024-12-26
U01325,purchase,2024-12-26
U01325,share,2024-12-30
U01326,register,2024-07-30
U01326,app_open,2024-07-30
U01326,browse,2024-07-31
U01326,add_to_cart,2024-07-31
U01327,register,2024-06-04
U01327,app_open,2024-06-04
U01327,browse,2024-06-04
U01327,add_to_cart,2024-06-06
U01327,purchase,2024-06-06
U01328,register,2024-11-20
U01328,app_open,2024-11-20
U01328,browse,2024-11-20
U01329,register,2024-10-23
U01329,app_open,2024-10-23
U01329,browse,2024-10-24
U01330,register,2024-09-14
U01330,app_open,2024-09-14
U01331,register,2024-09-29
U01331,app_open,2024-09-29
U01331,browse,2024-09-29
U01331,add_to_cart,2024-10-01
U01331,purchase,2024-10-03
U01332,register,2024-11-05
U01332,app_open,2024-11-05
U01332,browse,2024-11-05
U01333,register,2024-06-23
U01333,browse,2024-06-24
U01333,add_to_cart,2024-06-25
U01333,purchase,2024-06-25
U01333,repurchase,2024-07-02
U01333,share,2024-07-02
U01334,register,2024-12-30
U01334,browse,2024-12-30
U01334,add_to_cart,2025-01-01
U01335,register,2024-12-26
U01335,app_open,2024-12-26
U01335,browse,2024-12-27
U01335,add_to_cart,2024-12-27
U01336,register,2024-10-21
U01336,app_open,2024-10-21
U01336,browse,2024-10-22
U01336,add_to_cart,2024-10-24
U01337,register,2024-06-12
U01337,app_open,2024-06-12
U01337,browse,2024-06-13
U01337,add_to_cart,2024-06-13
U01338,register,2024-10-28
U01338,app_open,2024-10-28
U01338,browse,2024-10-29
U01338,add_to_cart,2024-10-30
U01339,register,2024-04-08
U01339,browse,2024-04-08
U01340,register,2024-03-04
U01340,app_open,2024-03-04
U01340,browse,2024-03-04
U01341,register,2024-07-04
U01341,app_open,2024-07-04
U01341,browse,2024-07-04
U01342,register,2024-09-05
U01342,app_open,2024-09-05
U01343,register,2024-12-06
U01343,browse,2024-12-06
U01343,add_to_cart,2024-12-07
U01344,register,2024-11-07
U01344,app_open,2024-11-07
U01344,browse,2024-11-08
U01344,add_to_cart,2024-11-10
U01344,purchase,2024-11-11
U01344,repurchase,2024-12-04
U01345,register,2024-11-10
U01345,app_open,2024-11-10
U01346,register,2024-08-26
U01346,app_open,2024-08-26
U01347,register,2024-08-02
U01347,app_open,2024-08-02
U01347,browse,2024-08-02
U01347,add_to_cart,2024-08-04
U01347,purchase,2024-08-05
U01348,register,2024-08-10
U01348,app_open,2024-08-10
U01348,browse,2024-08-10
U01349,register,2024-12-28
U01349,app_open,2024-12-28
U01349,browse,2024-12-29
U01350,register,2024-03-14
U01350,app_open,2024-03-14
U01350,browse,2024-03-14
U01350,add_to_cart,2024-03-15
U01351,register,2024-12-05
U01351,app_open,2024-12-05
U01351,browse,2024-12-06
U01352,register,2024-10-04
U01352,app_open,2024-10-04
U01352,browse,2024-10-04
U01353,register,2024-08-29
U01353,app_open,2024-08-29
U01353,browse,2024-08-30
U01353,add_to_cart,2024-08-30
U01353,purchase,2024-08-30
U01354,register,2024-11-06
U01354,app_open,2024-11-06
U01354,browse,2024-11-07
U01355,register,2024-09-11
U01355,app_open,2024-09-11
U01355,browse,2024-09-12
U01356,register,2024-12-07
U01356,app_open,2024-12-07
U01356,browse,2024-12-08
U01357,register,2024-12-12
U01357,app_open,2024-12-12
U01357,browse,2024-12-12
U01357,add_to_cart,2024-12-12
U01357,purchase,2024-12-13
U01358,register,2024-08-25
U01358,app_open,2024-08-25
U01359,register,2024-07-11
U01359,app_open,2024-07-11
U01359,browse,2024-07-11
U01360,register,2024-10-07
U01360,app_open,2024-10-07
U01360,browse,2024-10-07
U01361,register,2024-12-14
U01362,register,2024-06-16
U01362,app_open,2024-06-16
U01363,register,2024-10-15
U01363,app_open,2024-10-15
U01363,browse,2024-10-16
U01364,register,2024-10-17
U01364,app_open,2024-10-17
U01364,browse,2024-10-18
U01365,register,2024-11-08
U01365,browse,2024-11-09
U01365,add_to_cart,2024-11-10
U01365,purchase,2024-11-12
U01366,register,2024-05-12
U01366,browse,2024-05-12
U01366,add_to_cart,2024-05-12
U01366,purchase,2024-05-13
U01366,share,2024-05-14
U01367,register,2024-11-04
U01367,app_open,2024-11-04
U01367,browse,2024-11-04
U01368,register,2024-12-14
U01368,app_open,2024-12-14
U01368,browse,2024-12-14
U01368,add_to_cart,2024-12-14
U01368,purchase,2024-12-14
U01368,repurchase,2024-12-27
U01368,share,2024-12-28
U01369,register,2024-06-03
U01369,app_open,2024-06-03
U01369,browse,2024-06-03
U01370,register,2024-06-26
U01370,app_open,2024-06-26
U01370,browse,2024-06-26
U01371,register,2024-12-25
U01371,browse,2024-12-26
U01371,add_to_cart,2024-12-28
U01372,register,2024-06-04
U01372,app_open,2024-06-04
U01372,browse,2024-06-04
U01372,add_to_cart,2024-06-05
U01372,purchase,2024-06-07
U01373,register,2024-12-03
U01373,app_open,2024-12-03
U01373,browse,2024-12-04
U01373,add_to_cart,2024-12-06
U01374,register,2024-09-13
U01374,app_open,2024-09-13
U01374,browse,2024-09-13
U01374,add_to_cart,2024-09-15
U01374,purchase,2024-09-17
U01375,register,2024-06-30
U01375,app_open,2024-06-30
U01375,browse,2024-06-30
U01375,add_to_cart,2024-07-02
U01375,purchase,2024-07-04
U01375,repurchase,2024-07-15
U01376,register,2024-12-06
U01376,app_open,2024-12-06
U01376,browse,2024-12-06
U01376,add_to_cart,2024-12-06
U01377,register,2024-08-31
U01377,app_open,2024-08-31
U01377,browse,2024-08-31
U01378,register,2024-09-18
U01378,app_open,2024-09-18
U01378,browse,2024-09-19
U01379,register,2024-08-06
U01379,app_open,2024-08-06
U01379,browse,2024-08-07
U01380,register,2024-10-08
U01380,app_open,2024-10-08
U01380,browse,2024-10-08
U01380,add_to_cart,2024-10-10
U01381,register,2024-05-27
U01381,app_open,2024-05-27
U01382,register,2024-08-16
U01382,browse,2024-08-17
U01382,add_to_cart,2024-08-18
U01382,purchase,2024-08-19
U01382,share,2024-08-20
U01383,register,2024-12-25
U01383,app_open,2024-12-25
U01384,register,2024-07-04
U01384,browse,2024-07-05
U01385,register,2024-10-22
U01385,app_open,2024-10-22
U01385,browse,2024-10-22
U01385,add_to_cart,2024-10-23
U01385,purchase,2024-10-24
U01386,register,2024-07-27
U01386,app_open,2024-07-27
U01387,register,2024-11-17
U01387,app_open,2024-11-17
U01387,browse,2024-11-17
U01388,register,2024-05-12
U01388,app_open,2024-05-12
U01388,browse,2024-05-13
U01389,register,2024-12-25
U01389,app_open,2024-12-25
U01389,browse,2024-12-25
U01390,register,2024-09-02
U01390,app_open,2024-09-02
U01391,register,2024-06-26
U01391,app_open,2024-06-26
U01391,browse,2024-06-26
U01391,add_to_cart,2024-06-26
U01391,purchase,2024-06-28
U01392,register,2024-04-08
U01392,app_open,2024-04-08
U01392,browse,2024-04-09
U01393,register,2024-05-30
U01393,app_open,2024-05-30
U01393,browse,2024-05-30
U01393,add_to_cart,2024-05-31
U01394,register,2024-09-20
U01394,app_open,2024-09-20
U01394,browse,2024-09-21
U01394,add_to_cart,2024-09-21
U01395,register,2024-07-30
U01395,app_open,2024-07-30
U01396,register,2024-11-28
U01396,app_open,2024-11-28
U01396,browse,2024-11-28
U01397,register,2024-08-27
U01397,app_open,2024-08-27
U01397,browse,2024-08-28
U01398,register,2024-07-01
U01398,browse,2024-07-02
U01399,register,2024-10-13
U01399,app_open,2024-10-13
U01399,browse,2024-10-14
U01400,register,2024-11-02
U01400,app_open,2024-11-02
U01401,register,2024-05-29
U01401,app_open,2024-05-29
U01402,register,2024-05-29
U01403,register,2024-03-10
U01403,browse,2024-03-10
U01404,register,2024-11-09
U01404,browse,2024-11-09
U01404,add_to_cart,2024-11-10
U01405,register,2024-10-24
U01405,app_open,2024-10-24
U01405,browse,2024-10-25
U01406,register,2024-09-08
U01406,browse,2024-09-09
U01406,add_to_cart,2024-09-11
U01407,register,2024-12-01
U01407,app_open,2024-12-01
U01408,register,2024-11-23
U01408,app_open,2024-11-23
U01408,browse,2024-11-23
U01408,add_to_cart,2024-11-23
U01408,purchase,2024-11-24
U01409,register,2024-10-06
U01409,app_open,2024-10-06
U01409,browse,2024-10-07
U01410,register,2024-12-06
U01410,browse,2024-12-06
U01411,register,2024-06-14
U01411,app_open,2024-06-14
U01411,browse,2024-06-15
U01411,add_to_cart,2024-06-17
U01411,purchase,2024-06-18
U01412,register,2024-05-02
U01412,app_open,2024-05-02
U01412,browse,2024-05-03
U01413,register,2024-07-08
U01413,app_open,2024-07-08
U01413,browse,2024-07-09
U01414,register,2024-03-28
U01414,app_open,2024-03-28
U01414,browse,2024-03-29
U01415,register,2024-09-23
U01415,browse,2024-09-24
U01415,add_to_cart,2024-09-24
U01416,register,2024-12-19
U01416,app_open,2024-12-19
U01416,browse,2024-12-20
U01416,add_to_cart,2024-12-20
U01417,register,2024-03-13
U01417,app_open,2024-03-13
U01417,browse,2024-03-14
U01417,add_to_cart,2024-03-15
U01418,register,2024-05-07
U01418,app_open,2024-05-07
U01419,register,2024-09-02
U01419,app_open,2024-09-02
U01419,browse,2024-09-02
U01420,register,2024-12-18
U01420,app_open,2024-12-18
U01420,browse,2024-12-18
U01421,register,2024-07-24
U01421,app_open,2024-07-24
U01422,register,2024-09-16
U01422,app_open,2024-09-16
U01422,browse,2024-09-17
U01422,add_to_cart,2024-09-17
U01422,purchase,2024-09-18
U01423,register,2024-03-15
U01423,browse,2024-03-15
U01424,register,2024-05-20
U01424,browse,2024-05-21
U01424,add_to_cart,2024-05-21
U01424,purchase,2024-05-22
U01424,share,2024-05-23
U01425,register,2024-12-28
U01425,app_open,2024-12-28
U01425,browse,2024-12-28
U01425,add_to_cart,2024-12-29
U01425,purchase,2024-12-29
U01426,register,2024-12-24
U01426,app_open,2024-12-24
U01426,browse,2024-12-24
U01427,register,2024-01-26
U01428,register,2024-12-22
U01428,browse,2024-12-22
U01429,register,2024-10-18
U01429,browse,2024-10-18
U01430,register,2024-12-06
U01430,app_open,2024-12-06
U01430,browse,2024-12-06
U01431,register,2024-09-03
U01431,app_open,2024-09-03
U01431,browse,2024-09-04
U01432,register,2024-09-19
U01432,browse,2024-09-19
U01433,register,2024-09-12
U01433,app_open,2024-09-12
U01434,register,2024-10-25
U01434,browse,2024-10-26
U01435,register,2024-05-16
U01435,app_open,2024-05-16
U01435,browse,2024-05-17
U01436,register,2024-03-04
U01436,app_open,2024-03-04
U01437,register,2024-07-21
U01437,app_open,2024-07-21
U01438,register,2024-11-02
U01438,app_open,2024-11-02
U01438,browse,2024-11-02
U01438,add_to_cart,2024-11-03
U01438,purchase,2024-11-03
U01439,register,2024-06-12
U01439,app_open,2024-06-12
U01439,browse,2024-06-12
U01439,add_to_cart,2024-06-12
U01440,register,2024-10-26
U01440,app_open,2024-10-26
U01440,browse,2024-10-26
U01441,register,2024-12-25
U01441,app_open,2024-12-25
U01441,browse,2024-12-25
U01441,add_to_cart,2024-12-27
U01441,purchase,2024-12-28
U01442,register,2024-04-21
U01442,app_open,2024-04-21
U01443,register,2024-10-26
U01443,app_open,2024-10-26
U01443,browse,2024-10-26
U01443,add_to_cart,2024-10-26
U01443,purchase,2024-10-27
U01443,repurchase,2024-11-08
U01444,register,2024-08-31
U01444,app_open,2024-08-31
U01444,browse,2024-09-01
U01445,register,2024-12-06
U01445,app_open,2024-12-06
U01445,browse,2024-12-07
U01446,register,2024-06-02
U01446,app_open,2024-06-02
U01447,register,2024-10-30
U01447,app_open,2024-10-30
U01448,register,2024-11-30
U01448,browse,2024-11-30
U01448,add_to_cart,2024-12-01
U01448,purchase,2024-12-01
U01448,repurchase,2024-12-14
U01449,register,2024-12-20
U01450,register,2024-10-28
U01450,app_open,2024-10-28
U01450,browse,2024-10-29
U01450,add_to_cart,2024-10-29
U01451,register,2024-09-14
U01451,app_open,2024-09-14
U01451,browse,2024-09-15
U01451,add_to_cart,2024-09-17
U01451,purchase,2024-09-18
U01451,repurchase,2024-09-28
U01452,register,2024-10-13
U01452,app_open,2024-10-13
U01452,browse,2024-10-14
U01453,register,2024-12-06
U01453,app_open,2024-12-06
U01453,browse,2024-12-07
U01454,register,2024-10-02
U01454,app_open,2024-10-02
U01454,browse,2024-10-03
U01454,add_to_cart,2024-10-04
U01455,register,2024-03-04
U01455,app_open,2024-03-04
U01455,browse,2024-03-04
U01455,add_to_cart,2024-03-06
U01455,purchase,2024-03-07
U01456,register,2024-12-18
U01457,register,2024-10-30
U01457,browse,2024-10-31
U01457,add_to_cart,2024-10-31
U01458,register,2024-10-27
U01458,browse,2024-10-27
U01459,register,2024-06-18
U01459,browse,2024-06-18
U01459,add_to_cart,2024-06-20
U01460,register,2024-10-23
U01460,app_open,2024-10-23
U01460,browse,2024-10-24
U01460,add_to_cart,2024-10-25
U01460,purchase,2024-10-27
U01460,repurchase,2024-11-10
U01461,register,2024-08-17
U01461,app_open,2024-08-17
U01461,browse,2024-08-17
U01462,register,2024-10-21
U01462,app_open,2024-10-21
U01462,browse,2024-10-21
U01463,register,2024-04-29
U01463,app_open,2024-04-29
U01463,browse,2024-04-29
U01463,add_to_cart,2024-04-30
U01463,purchase,2024-05-02
U01464,register,2024-10-23
U01464,app_open,2024-10-23
U01464,browse,2024-10-24
U01465,register,2024-12-30
U01465,app_open,2024-12-30
U01466,register,2024-03-21
U01466,app_open,2024-03-21
U01467,register,2024-12-26
U01467,app_open,2024-12-26
U01467,browse,2024-12-26
U01468,register,2024-08-20
U01468,app_open,2024-08-20
U01468,browse,2024-08-20
U01469,register,2024-12-06
U01469,app_open,2024-12-06
U01469,browse,2024-12-06
U01470,register,2024-11-18
U01470,app_open,2024-11-18
U01470,browse,2024-11-18
U01470,add_to_cart,2024-11-20
U01470,purchase,2024-11-20
U01471,register,2024-10-01
U01471,app_open,2024-10-01
U01471,browse,2024-10-01
U01471,add_to_cart,2024-10-01
U01471,purchase,2024-10-01
U01471,repurchase,2024-10-18
U01472,register,2024-11-09
U01472,app_open,2024-11-09
U01472,browse,2024-11-09
U01473,register,2024-12-08
U01473,app_open,2024-12-08
U01473,browse,2024-12-08
U01474,register,2024-08-20
U01474,app_open,2024-08-20
U01474,browse,2024-08-21
U01474,add_to_cart,2024-08-21
U01474,purchase,2024-08-21
U01474,share,2024-08-21
U01475,register,2024-07-27
U01475,app_open,2024-07-27
U01475,browse,2024-07-28
U01476,register,2024-10-25
U01477,register,2024-11-24
U01477,app_open,2024-11-24
U01478,register,2024-11-14
U01478,app_open,2024-11-14
U01478,browse,2024-11-14
U01479,register,2024-11-22
U01479,app_open,2024-11-22
U01479,browse,2024-11-22
U01480,register,2024-08-28
U01480,app_open,2024-08-28
U01481,register,2024-11-26
U01481,app_open,2024-11-26
U01481,browse,2024-11-27
U01481,add_to_cart,2024-11-28
U01481,purchase,2024-11-29
U01482,register,2024-05-06
U01482,app_open,2024-05-06
U01482,browse,2024-05-06
U01483,register,2024-09-26
U01483,app_open,2024-09-26
U01483,browse,2024-09-26
U01484,register,2024-01-28
U01485,register,2024-07-26
U01485,app_open,2024-07-26
U01486,register,2024-08-08
U01486,app_open,2024-08-08
U01486,browse,2024-08-08
U01487,register,2024-08-17
U01487,browse,2024-08-18
U01487,add_to_cart,2024-08-19
U01487,purchase,2024-08-21
U01488,register,2024-10-31
U01488,app_open,2024-10-31
U01488,browse,2024-11-01
U01489,register,2024-08-15
U01489,app_open,2024-08-15
U01489,browse,2024-08-15
U01490,register,2024-09-01
U01490,app_open,2024-09-01
U01490,browse,2024-09-01
U01491,register,2024-06-26
U01491,app_open,2024-06-26
U01491,browse,2024-06-26
U01491,add_to_cart,2024-06-27
U01491,purchase,2024-06-28
U01492,register,2024-08-10
U01492,app_open,2024-08-10
U01492,browse,2024-08-11
U01493,register,2024-06-23
U01493,app_open,2024-06-23
U01493,browse,2024-06-24
U01493,add_to_cart,2024-06-25
U01493,purchase,2024-06-25
U01494,register,2024-04-08
U01494,app_open,2024-04-08
U01495,register,2024-10-10
U01495,app_open,2024-10-10
U01496,register,2024-10-25
U01497,register,2024-10-14
U01497,browse,2024-10-14
U01498,register,2024-09-05
U01498,app_open,2024-09-05
U01499,register,2024-08-12
U01499,browse,2024-08-13
U01500,register,2024-12-05
U01500,app_open,2024-12-05
U01500,browse,2024-12-05
U01500,add_to_cart,2024-12-07
U01500,purchase,2024-12-08
U01500,repurchase,2024-12-26
U01500,share,2024-12-27
U01501,register,2024-09-19
U01502,register,2024-09-09
U01502,app_open,2024-09-09
U01502,browse,2024-09-10
U01503,register,2024-02-28
U01503,app_open,2024-02-28
U01504,register,2024-08-01
U01504,browse,2024-08-02
U01505,register,2024-08-13
U01505,app_open,2024-08-13
U01506,register,2024-08-18
U01506,app_open,2024-08-18
U01507,register,2024-10-05
U01507,app_open,2024-10-05
U01507,browse,2024-10-05
U01507,add_to_cart,2024-10-05
U01507,purchase,2024-10-05
U01507,repurchase,2024-10-30
U01508,register,2024-09-23
U01509,register,2024-10-11
U01509,app_open,2024-10-11
U01510,register,2024-11-15
U01510,app_open,2024-11-15
U01510,browse,2024-11-16
U01511,register,2024-11-25
U01511,app_open,2024-11-25
U01512,register,2024-11-05
U01512,app_open,2024-11-05
U01512,browse,2024-11-06
U01513,register,2024-12-22
U01513,app_open,2024-12-22
U01513,browse,2024-12-22
U01513,add_to_cart,2024-12-22
U01514,register,2024-02-19
U01514,app_open,2024-02-19
U01514,browse,2024-02-19
U01514,add_to_cart,2024-02-21
U01514,purchase,2024-02-23
U01514,share,2024-02-26
U01515,register,2024-06-10
U01515,app_open,2024-06-10
U01516,register,2024-02-01
U01516,app_open,2024-02-01
U01516,browse,2024-02-02
U01516,add_to_cart,2024-02-02
U01516,purchase,2024-02-04
U01517,register,2024-10-20
U01517,app_open,2024-10-20
U01517,browse,2024-10-21
U01518,register,2024-12-11
U01518,app_open,2024-12-11
U01518,browse,2024-12-12
U01519,register,2024-06-29
U01519,app_open,2024-06-29
U01519,browse,2024-06-29
U01519,add_to_cart,2024-07-01
U01520,register,2024-12-17
U01520,app_open,2024-12-17
U01520,browse,2024-12-17
U01520,add_to_cart,2024-12-17
U01521,register,2024-03-30
U01521,app_open,2024-03-30
U01522,register,2024-12-18
U01522,app_open,2024-12-18
U01522,browse,2024-12-18
U01523,register,2024-08-04
U01523,browse,2024-08-05
U01523,add_to_cart,2024-08-06
U01523,purchase,2024-08-08
U01523,repurchase,2024-09-04
U01524,register,2024-04-26
U01524,app_open,2024-04-26
U01524,browse,2024-04-26
U01525,register,2024-09-11
U01525,app_open,2024-09-11
U01525,browse,2024-09-11
U01525,add_to_cart,2024-09-12
U01526,register,2024-07-03
U01526,browse,2024-07-04
U01527,register,2024-07-13
U01527,app_open,2024-07-13
U01528,register,2024-07-21
U01528,app_open,2024-07-21
U01528,browse,2024-07-21
U01529,register,2024-11-23
U01529,app_open,2024-11-23
U01529,browse,2024-11-24
U01530,register,2024-09-25
U01530,app_open,2024-09-25
U01531,register,2024-07-22
U01531,app_open,2024-07-22
U01531,browse,2024-07-23
U01531,add_to_cart,2024-07-24
U01532,register,2024-10-12
U01532,app_open,2024-10-12
U01532,browse,2024-10-12
U01533,register,2024-11-04
U01533,app_open,2024-11-04
U01534,register,2024-07-09
U01534,app_open,2024-07-09
U01534,browse,2024-07-10
U01534,add_to_cart,2024-07-12
U01535,register,2024-08-22
U01535,app_open,2024-08-22
U01535,browse,2024-08-22
U01535,add_to_cart,2024-08-22
U01535,purchase,2024-08-23
U01535,repurchase,2024-09-21
U01536,register,2024-05-07
U01536,app_open,2024-05-07
U01536,browse,2024-05-08
U01537,register,2024-06-04
U01537,app_open,2024-06-04
U01537,browse,2024-06-05
U01538,register,2024-10-28
U01538,app_open,2024-10-28
U01538,browse,2024-10-29
U01538,add_to_cart,2024-10-30
U01538,purchase,2024-10-30
U01538,repurchase,2024-11-18
U01539,register,2024-06-04
U01539,app_open,2024-06-04
U01539,browse,2024-06-04
U01540,register,2024-09-21
U01540,app_open,2024-09-21
U01541,register,2024-11-03
U01542,register,2024-04-29
U01542,app_open,2024-04-29
U01542,browse,2024-04-29
U01542,add_to_cart,2024-04-30
U01542,purchase,2024-05-02
U01542,repurchase,2024-05-29
U01543,register,2024-10-01
U01543,app_open,2024-10-01
U01543,browse,2024-10-02
U01543,add_to_cart,2024-10-02
U01544,register,2024-07-03
U01544,app_open,2024-07-03
U01545,register,2024-12-24
U01545,app_open,2024-12-24
U01546,register,2024-09-10
U01546,app_open,2024-09-10
U01547,register,2024-11-23
U01547,app_open,2024-11-23
U01547,browse,2024-11-23
U01548,register,2024-09-27
U01548,app_open,2024-09-27
U01548,browse,2024-09-27
U01549,register,2024-03-17
U01549,browse,2024-03-17
U01550,register,2024-10-17
U01550,browse,2024-10-18
U01551,register,2024-12-22
U01551,app_open,2024-12-22
U01551,browse,2024-12-22
U01551,add_to_cart,2024-12-23
U01552,register,2024-10-10
U01552,app_open,2024-10-10
U01552,browse,2024-10-10
U01552,add_to_cart,2024-10-10
U01553,register,2024-11-26
U01553,app_open,2024-11-26
U01553,browse,2024-11-27
U01553,add_to_cart,2024-11-29
U01553,purchase,2024-11-29
U01553,repurchase,2024-12-27
U01553,share,2024-12-30
U01554,register,2024-12-09
U01554,browse,2024-12-09
U01554,add_to_cart,2024-12-11
U01555,register,2024-06-23
U01555,app_open,2024-06-23
U01556,register,2024-06-17
U01556,app_open,2024-06-17
U01556,browse,2024-06-17
U01556,add_to_cart,2024-06-19
U01556,purchase,2024-06-20
U01556,repurchase,2024-07-17
U01556,share,2024-07-17
U01557,register,2024-10-12
U01557,app_open,2024-10-12
U01557,browse,2024-10-13
U01557,add_to_cart,2024-10-14
U01557,purchase,2024-10-15
U01558,register,2024-08-22
U01558,app_open,2024-08-22
U01558,browse,2024-08-23
U01559,register,2024-11-30
U01559,browse,2024-12-01
U01560,register,2024-12-12
U01560,browse,2024-12-12
U01560,add_to_cart,2024-12-12
U01560,purchase,2024-12-12
U01560,repurchase,2025-01-01
U01561,register,2024-08-04
U01561,app_open,2024-08-04
U01561,browse,2024-08-05
U01562,register,2024-06-26
U01562,app_open,2024-06-26
U01562,browse,2024-06-27
U01563,register,2024-11-18
U01563,app_open,2024-11-18
U01563,browse,2024-11-19
U01563,add_to_cart,2024-11-20
U01564,register,2024-07-10
U01564,app_open,2024-07-10
U01564,browse,2024-07-10
U01564,add_to_cart,2024-07-11
U01564,purchase,2024-07-12
U01564,repurchase,2024-08-04
U01565,register,2024-11-27
U01565,browse,2024-11-27
U01565,add_to_cart,2024-11-29
U01565,purchase,2024-11-30
U01566,register,2024-08-25
U01566,app_open,2024-08-25
U01567,register,2024-10-25
U01567,app_open,2024-10-25
U01567,browse,2024-10-25
U01567,add_to_cart,2024-10-27
U01568,register,2024-04-22
U01568,app_open,2024-04-22
U01568,browse,2024-04-23
U01569,register,2024-10-15
U01569,app_open,2024-10-15
U01570,register,2024-09-02
U01570,app_open,2024-09-02
U01571,register,2024-10-06
U01571,app_open,2024-10-06
U01572,register,2024-05-29
U01572,app_open,2024-05-29
U01572,browse,2024-05-29
U01572,add_to_cart,2024-05-31
U01573,register,2024-11-09
U01573,app_open,2024-11-09
U01573,browse,2024-11-09
U01574,register,2024-12-05
U01574,browse,2024-12-05
U01575,register,2024-06-18
U01575,app_open,2024-06-18
U01576,register,2024-04-22
U01576,app_open,2024-04-22
U01576,browse,2024-04-23
U01576,add_to_cart,2024-04-24
U01576,purchase,2024-04-26
U01577,register,2024-02-26
U01577,app_open,2024-02-26
U01577,browse,2024-02-26
U01577,add_to_cart,2024-02-27
U01578,register,2024-10-19
U01578,app_open,2024-10-19
U01578,browse,2024-10-20
U01578,add_to_cart,2024-10-20
U01578,purchase,2024-10-21
U01578,repurchase,2024-11-16
U01579,register,2024-10-11
U01579,app_open,2024-10-11
U01579,browse,2024-10-12
U01580,register,2024-09-26
U01580,app_open,2024-09-26
U01580,browse,2024-09-26
U01580,add_to_cart,2024-09-27
U01580,purchase,2024-09-28
U01581,register,2024-06-24
U01581,app_open,2024-06-24
U01582,register,2024-08-16
U01582,app_open,2024-08-16
U01583,register,2024-10-08
U01583,app_open,2024-10-08
U01584,register,2024-09-14
U01584,app_open,2024-09-14
U01584,browse,2024-09-15
U01584,add_to_cart,2024-09-16
U01585,register,2024-12-28
U01585,app_open,2024-12-28
U01585,browse,2024-12-28
U01586,register,2024-05-14
U01586,app_open,2024-05-14
U01586,browse,2024-05-15
U01586,add_to_cart,2024-05-15
U01587,register,2024-10-31
U01587,app_open,2024-10-31
U01588,register,2024-08-20
U01588,app_open,2024-08-20
U01588,browse,2024-08-20
U01588,add_to_cart,2024-08-22
U01588,purchase,2024-08-23
U01588,repurchase,2024-09-22
U01588,share,2024-09-24
U01589,register,2024-08-26
U01589,app_open,2024-08-26
U01589,browse,2024-08-26
U01589,add_to_cart,2024-08-27
U01590,register,2024-11-05
U01590,app_open,2024-11-05
U01590,browse,2024-11-05
U01591,register,2024-10-30
U01591,app_open,2024-10-30
U01592,register,2024-12-29
U01592,app_open,2024-12-29
U01592,browse,2024-12-30
U01592,add_to_cart,2024-12-30
U01593,register,2024-05-10
U01593,app_open,2024-05-10
U01593,browse,2024-05-11
U01594,register,2024-04-27
U01594,app_open,2024-04-27
U01594,browse,2024-04-28
U01594,add_to_cart,2024-04-30
U01595,register,2024-11-06
U01595,app_open,2024-11-06
U01595,browse,2024-11-07
U01595,add_to_cart,2024-11-09
U01595,purchase,2024-11-11
U01596,register,2024-10-04
U01596,app_open,2024-10-04
U01596,browse,2024-10-05
U01597,register,2024-07-10
U01597,browse,2024-07-11
U01597,add_to_cart,2024-07-11
U01597,purchase,2024-07-12
U01597,share,2024-07-16
U01598,register,2024-04-12
U01598,app_open,2024-04-12
U01599,register,2024-04-16
U01599,app_open,2024-04-16
U01599,browse,2024-04-16
U01599,add_to_cart,2024-04-18
U01600,register,2024-12-11
U01600,app_open,2024-12-11
U01600,browse,2024-12-12
U01601,register,2024-06-08
U01601,app_open,2024-06-08
U01602,register,2024-07-26
U01602,app_open,2024-07-26
U01603,register,2024-06-22
U01603,app_open,2024-06-22
U01603,browse,2024-06-22
U01604,register,2024-08-05
U01604,app_open,2024-08-05
U01604,browse,2024-08-06
U01604,add_to_cart,2024-08-08
U01604,purchase,2024-08-09
U01605,register,2024-04-06
U01605,app_open,2024-04-06
U01605,browse,2024-04-06
U01605,add_to_cart,2024-04-07
U01606,register,2024-09-19
U01606,app_open,2024-09-19
U01607,register,2024-04-04
U01607,browse,2024-04-04
U01608,register,2024-11-22
U01608,browse,2024-11-22
U01609,register,2024-06-25
U01609,app_open,2024-06-25
U01609,browse,2024-06-26
U01610,register,2024-09-25
U01610,app_open,2024-09-25
U01610,browse,2024-09-25
U01611,register,2024-12-08
U01611,app_open,2024-12-08
U01611,browse,2024-12-09
U01612,register,2024-10-21
U01612,app_open,2024-10-21
U01612,browse,2024-10-22
U01613,register,2024-09-23
U01613,app_open,2024-09-23
U01614,register,2024-07-26
U01614,app_open,2024-07-26
U01614,browse,2024-07-26
U01615,register,2024-07-29
U01615,app_open,2024-07-29
U01615,browse,2024-07-29
U01615,add_to_cart,2024-07-30
U01615,purchase,2024-07-31
U01615,share,2024-08-02
U01616,register,2024-10-25
U01616,app_open,2024-10-25
U01616,browse,2024-10-25
U01617,register,2024-12-29
U01617,app_open,2024-12-29
U01618,register,2024-10-23
U01618,app_open,2024-10-23
U01618,browse,2024-10-23
U01619,register,2024-09-29
U01619,app_open,2024-09-29
U01619,browse,2024-09-29
U01620,register,2024-11-07
U01620,app_open,2024-11-07
U01620,browse,2024-11-08
U01621,register,2024-09-05
U01621,app_open,2024-09-05
U01622,register,2024-03-30
U01622,app_open,2024-03-30
U01622,browse,2024-03-30
U01623,register,2024-09-30
U01623,app_open,2024-09-30
U01623,browse,2024-10-01
U01623,add_to_cart,2024-10-03
U01624,register,2024-12-23
U01624,app_open,2024-12-23
U01624,browse,2024-12-24
U01624,add_to_cart,2024-12-24
U01625,register,2024-06-01
U01625,app_open,2024-06-01
U01625,browse,2024-06-02
U01625,add_to_cart,2024-06-04
U01625,purchase,2024-06-04
U01626,register,2024-10-30
U01626,app_open,2024-10-30
U01626,browse,2024-10-31
U01627,register,2024-06-12
U01627,app_open,2024-06-12
U01627,browse,2024-06-13
U01627,add_to_cart,2024-06-14
U01627,purchase,2024-06-16
U01627,share,2024-06-19
U01628,register,2024-09-24
U01628,app_open,2024-09-24
U01628,browse,2024-09-25
U01629,register,2024-04-23
U01629,app_open,2024-04-23
U01630,register,2024-09-01
U01630,app_open,2024-09-01
U01631,register,2024-11-13
U01631,app_open,2024-11-13
U01632,register,2024-08-03
U01632,app_open,2024-08-03
U01633,register,2024-10-24
U01633,browse,2024-10-25
U01634,register,2024-11-21
U01634,app_open,2024-11-21
U01634,browse,2024-11-21
U01634,add_to_cart,2024-11-22
U01634,purchase,2024-11-24
U01634,share,2024-11-25
U01635,register,2024-12-17
U01635,app_open,2024-12-17
U01635,browse,2024-12-17
U01636,register,2024-06-25
U01636,app_open,2024-06-25
U01636,browse,2024-06-25
U01636,add_to_cart,2024-06-26
U01636,purchase,2024-06-27
U01636,repurchase,2024-07-26
U01636,share,2024-07-28
U01637,register,2024-08-18
U01637,app_open,2024-08-18
U01638,register,2024-05-22
U01638,browse,2024-05-23
U01639,register,2024-12-29
U01640,register,2024-12-17
U01640,app_open,2024-12-17
U01641,register,2024-09-25
U01641,browse,2024-09-26
U01641,add_to_cart,2024-09-28
U01642,register,2024-11-30
U01643,register,2024-09-20
U01643,browse,2024-09-21
U01643,add_to_cart,2024-09-21
U01643,purchase,2024-09-22
U01643,repurchase,2024-10-06
U01644,register,2024-10-15
U01644,app_open,2024-10-15
U01645,register,2024-04-18
U01645,app_open,2024-04-18
U01645,browse,2024-04-19
U01645,add_to_cart,2024-04-19
U01645,purchase,2024-04-21
U01646,register,2024-11-13
U01646,app_open,2024-11-13
U01646,browse,2024-11-13
U01647,register,2024-05-10
U01647,app_open,2024-05-10
U01647,browse,2024-05-11
U01647,add_to_cart,2024-05-13
U01647,purchase,2024-05-13
U01647,share,2024-05-15
U01648,register,2024-11-27
U01648,app_open,2024-11-27
U01648,browse,2024-11-27
U01648,add_to_cart,2024-11-27
U01649,register,2024-11-18
U01649,app_open,2024-11-18
U01649,browse,2024-11-18
U01649,add_to_cart,2024-11-19
U01649,purchase,2024-11-19
U01650,register,2024-11-03
U01650,app_open,2024-11-03
U01650,browse,2024-11-04
U01651,register,2024-03-10
U01651,browse,2024-03-10
U01651,add_to_cart,2024-03-10
U01652,register,2024-07-19
U01652,app_open,2024-07-19
U01652,browse,2024-07-20
U01653,register,2024-07-06
U01653,app_open,2024-07-06
U01653,browse,2024-07-07
U01653,add_to_cart,2024-07-09
U01654,register,2024-08-07
U01654,app_open,2024-08-07
U01654,browse,2024-08-07
U01654,add_to_cart,2024-08-09
U01655,register,2024-04-18
U01655,browse,2024-04-18
U01656,register,2024-12-19
U01656,app_open,2024-12-19
U01657,register,2024-09-28
U01657,app_open,2024-09-28
U01658,register,2024-07-20
U01658,app_open,2024-07-20
U01658,browse,2024-07-20
U01658,add_to_cart,2024-07-20
U01659,register,2024-08-17
U01659,browse,2024-08-17
U01659,add_to_cart,2024-08-17
U01659,purchase,2024-08-17
U01660,register,2024-09-01
U01660,app_open,2024-09-01
U01660,browse,2024-09-01
U01660,add_to_cart,2024-09-01
U01661,register,2024-10-09
U01661,app_open,2024-10-09
U01662,register,2024-09-19
U01662,app_open,2024-09-19
U01663,register,2024-12-15
U01663,app_open,2024-12-15
U01663,browse,2024-12-16
U01664,register,2024-09-14
U01664,app_open,2024-09-14
U01665,register,2024-12-29
U01665,app_open,2024-12-29
U01666,register,2024-12-02
U01666,app_open,2024-12-02
U01666,browse,2024-12-02
U01666,add_to_cart,2024-12-03
U01667,register,2024-06-15
U01667,app_open,2024-06-15
U01667,browse,2024-06-15
U01668,register,2024-12-18
U01668,app_open,2024-12-18
U01668,browse,2024-12-19
U01668,add_to_cart,2024-12-19
U01669,register,2024-05-04
U01669,app_open,2024-05-04
U01669,browse,2024-05-05
U01670,register,2024-11-26
U01670,app_open,2024-11-26
U01670,browse,2024-11-26
U01671,register,2024-08-13
U01671,app_open,2024-08-13
U01671,browse,2024-08-13
U01672,register,2024-12-08
U01672,app_open,2024-12-08
U01673,register,2024-12-06
U01673,browse,2024-12-06
U01674,register,2024-11-23
U01674,browse,2024-11-23
U01675,register,2024-11-20
U01675,app_open,2024-11-20
U01676,register,2024-07-20
U01676,app_open,2024-07-20
U01677,register,2024-04-13
U01677,app_open,2024-04-13
U01678,register,2024-08-19
U01678,app_open,2024-08-19
U01678,browse,2024-08-20
U01679,register,2024-06-01
U01679,app_open,2024-06-01
U01679,browse,2024-06-01
U01680,register,2024-10-31
U01680,app_open,2024-10-31
U01680,browse,2024-11-01
U01681,register,2024-08-02
U01681,browse,2024-08-02
U01681,add_to_cart,2024-08-02
U01682,register,2024-12-26
U01682,app_open,2024-12-26
U01682,browse,2024-12-26
U01683,register,2024-10-19
U01683,app_open,2024-10-19
U01683,browse,2024-10-20
U01684,register,2024-11-27
U01684,app_open,2024-11-27
U01684,browse,2024-11-28
U01685,register,2024-05-12
U01685,app_open,2024-05-12
U01686,register,2024-12-04
U01686,app_open,2024-12-04
U01686,browse,2024-12-05
U01686,add_to_cart,2024-12-07
U01687,register,2024-12-16
U01687,browse,2024-12-16
U01687,add_to_cart,2024-12-18
U01688,register,2024-09-11
U01688,app_open,2024-09-11
U01688,browse,2024-09-12
U01689,register,2024-10-11
U01689,app_open,2024-10-11
U01689,browse,2024-10-11
U01689,add_to_cart,2024-10-12
U01689,purchase,2024-10-12
U01690,register,2024-11-15
U01690,app_open,2024-11-15
U01691,register,2024-06-01
U01691,app_open,2024-06-01
U01691,browse,2024-06-01
U01692,register,2024-09-15
U01693,register,2024-08-18
U01693,app_open,2024-08-18
U01693,browse,2024-08-18
U01694,register,2024-05-19
U01694,browse,2024-05-19
U01694,add_to_cart,2024-05-19
U01694,purchase,2024-05-19
U01694,repurchase,2024-06-18
U01694,share,2024-06-20
U01695,register,2024-08-09
U01695,app_open,2024-08-09
U01695,browse,2024-08-10
U01696,register,2024-04-05
U01696,app_open,2024-04-05
U01696,browse,2024-04-06
U01696,add_to_cart,2024-04-08
U01696,purchase,2024-04-10
U01697,register,2024-02-28
U01697,app_open,2024-02-28
U01697,browse,2024-02-29
U01697,add_to_cart,2024-02-29
U01698,register,2024-05-14
U01698,app_open,2024-05-14
U01698,browse,2024-05-14
U01699,register,2024-12-24
U01699,app_open,2024-12-24
U01699,browse,2024-12-25
U01700,register,2024-09-27
U01700,app_open,2024-09-27
U01700,browse,2024-09-28
U01701,register,2024-12-24
U01701,app_open,2024-12-24
U01701,browse,2024-12-24
U01701,add_to_cart,2024-12-25
U01701,purchase,2024-12-26
U01702,register,2024-08-28
U01702,app_open,2024-08-28
U01702,browse,2024-08-28
U01702,add_to_cart,2024-08-30
U01703,register,2024-07-22
U01703,app_open,2024-07-22
U01704,register,2024-09-16
U01704,browse,2024-09-17
U01704,add_to_cart,2024-09-19
U01705,register,2024-08-29
U01705,app_open,2024-08-29
U01706,register,2024-04-28
U01706,app_open,2024-04-28
U01706,browse,2024-04-29
U01707,register,2024-10-19
U01707,app_open,2024-10-19
U01708,register,2024-06-18
U01709,register,2024-10-14
U01709,app_open,2024-10-14
U01710,register,2024-10-21
U01710,app_open,2024-10-21
U01711,register,2024-05-22
U01712,register,2024-03-31
U01712,app_open,2024-03-31
U01712,browse,2024-03-31
U01712,add_to_cart,2024-03-31
U01713,register,2024-11-18
U01713,app_open,2024-11-18
U01713,browse,2024-11-18
U01714,register,2024-09-04
U01714,app_open,2024-09-04
U01714,browse,2024-09-05
U01715,register,2024-03-29
U01715,app_open,2024-03-29
U01716,register,2024-12-30
U01716,app_open,2024-12-30
U01716,browse,2024-12-31
U01716,add_to_cart,2025-01-01
U01717,register,2024-03-28
U01717,app_open,2024-03-28
U01717,browse,2024-03-29
U01718,register,2024-10-31
U01718,app_open,2024-10-31
U01719,register,2024-12-28
U01719,app_open,2024-12-28
U01719,browse,2024-12-29
U01720,register,2024-06-27
U01720,app_open,2024-06-27
U01721,register,2024-05-17
U01721,app_open,2024-05-17
U01721,browse,2024-05-18
U01721,add_to_cart,2024-05-18
U01722,register,2024-05-07
U01722,app_open,2024-05-07
U01722,browse,2024-05-08
U01723,register,2024-07-20
U01723,browse,2024-07-21
U01724,register,2024-04-26
U01724,app_open,2024-04-26
U01724,browse,2024-04-27
U01725,register,2024-10-30
U01726,register,2024-04-01
U01726,app_open,2024-04-01
U01726,browse,2024-04-02
U01727,register,2024-09-17
U01727,app_open,2024-09-17
U01727,browse,2024-09-17
U01728,register,2024-12-30
U01728,app_open,2024-12-30
U01728,browse,2024-12-30
U01728,add_to_cart,2025-01-01
U01729,register,2024-11-25
U01729,app_open,2024-11-25
U01729,browse,2024-11-25
U01729,add_to_cart,2024-11-27
U01729,purchase,2024-11-28
U01730,register,2024-10-13
U01730,browse,2024-10-13
U01730,add_to_cart,2024-10-15
U01730,purchase,2024-10-17
U01730,repurchase,2024-11-16
U01731,register,2024-07-20
U01731,app_open,2024-07-20
U01731,browse,2024-07-21
U01731,add_to_cart,2024-07-21
U01731,purchase,2024-07-23
U01731,repurchase,2024-08-08
U01732,register,2024-10-15
U01732,app_open,2024-10-15
U01732,browse,2024-10-16
U01733,register,2024-09-21
U01733,app_open,2024-09-21
U01733,browse,2024-09-22
U01734,register,2024-08-26
U01734,app_open,2024-08-26
U01734,browse,2024-08-27
U01735,register,2024-05-11
U01735,app_open,2024-05-11
U01736,register,2024-12-09
U01736,app_open,2024-12-09
U01736,browse,2024-12-09
U01737,register,2024-09-01
U01737,browse,2024-09-02
U01738,register,2024-06-10
U01738,app_open,2024-06-10
U01738,browse,2024-06-11
U01738,add_to_cart,2024-06-12
U01738,purchase,2024-06-14
U01738,share,2024-06-18
U01739,register,2024-08-09
U01739,app_open,2024-08-09
U01739,browse,2024-08-10
U01740,register,2024-08-22
U01740,app_open,2024-08-22
U01740,browse,2024-08-22
U01740,add_to_cart,2024-08-24
U01741,register,2024-11-28
U01741,app_open,2024-11-28
U01742,register,2024-11-08
U01742,app_open,2024-11-08
U01742,browse,2024-11-09
U01742,add_to_cart,2024-11-11
U01742,purchase,2024-11-13
U01742,repurchase,2024-12-02
U01743,register,2024-11-16
U01743,app_open,2024-11-16
U01744,register,2024-02-08
U01744,app_open,2024-02-08
U01745,register,2024-08-23
U01745,app_open,2024-08-23
U01746,register,2024-09-10
U01746,app_open,2024-09-10
U01746,browse,2024-09-11
U01747,register,2024-02-20
U01747,app_open,2024-02-20
U01747,browse,2024-02-20
U01747,add_to_cart,2024-02-20
U01747,purchase,2024-02-22
U01747,repurchase,2024-03-02
U01748,register,2024-07-05
U01748,app_open,2024-07-05
U01748,browse,2024-07-06
U01749,register,2024-11-14
U01749,app_open,2024-11-14
U01749,browse,2024-11-15
U01749,add_to_cart,2024-11-16
U01749,purchase,2024-11-17
U01750,register,2024-05-15
U01750,app_open,2024-05-15
U01751,register,2024-09-24
U01751,browse,2024-09-25
U01751,add_to_cart,2024-09-26
U01751,purchase,2024-09-27
U01751,share,2024-09-29
U01752,register,2024-06-18
U01752,app_open,2024-06-18
U01753,register,2024-02-10
U01753,browse,2024-02-10
U01754,register,2024-06-28
U01754,app_open,2024-06-28
U01754,browse,2024-06-28
U01755,register,2024-12-26
U01755,app_open,2024-12-26
U01755,browse,2024-12-27
U01756,register,2024-11-22
U01756,app_open,2024-11-22
U01756,browse,2024-11-22
U01757,register,2024-12-23
U01758,register,2024-09-11
U01759,register,2024-04-30
U01759,app_open,2024-04-30
U01759,browse,2024-05-01
U01760,register,2024-09-27
U01760,app_open,2024-09-27
U01760,browse,2024-09-27
U01761,register,2024-09-03
U01761,app_open,2024-09-03
U01761,browse,2024-09-04
U01761,add_to_cart,2024-09-06
U01762,register,2024-12-01
U01762,app_open,2024-12-01
U01763,register,2024-04-24
U01763,app_open,2024-04-24
U01764,register,2024-09-12
U01764,app_open,2024-09-12
U01764,browse,2024-09-12
U01765,register,2024-05-21
U01765,app_open,2024-05-21
U01765,browse,2024-05-22
U01766,register,2024-07-26
U01766,app_open,2024-07-26
U01766,browse,2024-07-26
U01767,register,2024-11-09
U01767,app_open,2024-11-09
U01767,browse,2024-11-10
U01767,add_to_cart,2024-11-10
U01767,purchase,2024-11-10
U01768,register,2024-09-08
U01768,app_open,2024-09-08
U01768,browse,2024-09-09
U01768,add_to_cart,2024-09-10
U01768,purchase,2024-09-12
U01769,register,2024-08-11
U01769,app_open,2024-08-11
U01770,register,2024-08-17
U01770,app_open,2024-08-17
U01770,browse,2024-08-17
U01770,add_to_cart,2024-08-18
U01771,register,2024-09-04
U01771,browse,2024-09-04
U01771,add_to_cart,2024-09-05
U01771,purchase,2024-09-07
U01772,register,2024-11-19
U01772,browse,2024-11-19
U01773,register,2024-12-10
U01774,register,2024-12-22
U01774,app_open,2024-12-22
U01775,register,2024-11-19
U01775,browse,2024-11-19
U01775,add_to_cart,2024-11-20
U01775,purchase,2024-11-20
U01776,register,2024-07-23
U01776,app_open,2024-07-23
U01776,browse,2024-07-24
U01777,register,2024-10-29
U01777,app_open,2024-10-29
U01777,browse,2024-10-29
U01777,add_to_cart,2024-10-31
U01777,purchase,2024-11-01
U01778,register,2024-08-29
U01778,app_open,2024-08-29
U01778,browse,2024-08-30
U01779,register,2024-07-03
U01779,browse,2024-07-03
U01780,register,2024-11-30
U01780,app_open,2024-11-30
U01780,browse,2024-12-01
U01780,add_to_cart,2024-12-03
U01781,register,2024-03-12
U01781,app_open,2024-03-12
U01781,browse,2024-03-13
U01782,register,2024-12-12
U01782,browse,2024-12-12
U01783,register,2024-09-04
U01783,app_open,2024-09-04
U01784,register,2024-10-18
U01784,app_open,2024-10-18
U01785,register,2024-10-23
U01785,app_open,2024-10-23
U01785,browse,2024-10-24
U01786,register,2024-12-11
U01786,app_open,2024-12-11
U01786,browse,2024-12-11
U01787,register,2024-10-18
U01787,app_open,2024-10-18
U01787,browse,2024-10-19
U01787,add_to_cart,2024-10-19
U01788,register,2024-10-12
U01788,app_open,2024-10-12
U01788,browse,2024-10-13
U01789,register,2024-04-04
U01789,app_open,2024-04-04
U01789,browse,2024-04-04
U01789,add_to_cart,2024-04-04
U01789,purchase,2024-04-04
U01790,register,2024-09-19
U01790,app_open,2024-09-19
U01790,browse,2024-09-20
U01791,register,2024-05-21
U01791,app_open,2024-05-21
U01791,browse,2024-05-22
U01792,register,2024-11-09
U01792,app_open,2024-11-09
U01792,browse,2024-11-10
U01793,register,2024-09-18
U01793,browse,2024-09-18
U01794,register,2024-10-28
U01794,app_open,2024-10-28
U01795,register,2024-03-15
U01795,app_open,2024-03-15
U01795,browse,2024-03-15
U01795,add_to_cart,2024-03-17
U01795,purchase,2024-03-18
U01796,register,2024-04-16
U01796,app_open,2024-04-16
U01797,register,2024-11-04
U01797,app_open,2024-11-04
U01797,browse,2024-11-05
U01798,register,2024-04-07
U01798,app_open,2024-04-07
U01799,register,2024-04-07
U01799,browse,2024-04-07
U01800,register,2024-02-10
U01800,app_open,2024-02-10
U01801,register,2024-12-22
U01801,app_open,2024-12-22
U01801,browse,2024-12-22
U01802,register,2024-11-09
U01802,app_open,2024-11-09
U01802,browse,2024-11-10
U01802,add_to_cart,2024-11-11
U01803,register,2024-08-04
U01803,app_open,2024-08-04
U01803,browse,2024-08-04
U01803,add_to_cart,2024-08-06
U01803,purchase,2024-08-07
U01804,register,2024-07-17
U01804,app_open,2024-07-17
U01804,browse,2024-07-18
U01805,register,2024-08-03
U01805,app_open,2024-08-03
U01805,browse,2024-08-04
U01806,register,2024-11-17
U01806,browse,2024-11-18
U01806,add_to_cart,2024-11-20
U01806,purchase,2024-11-22
U01807,register,2024-10-23
U01807,app_open,2024-10-23
U01807,browse,2024-10-23
U01807,add_to_cart,2024-10-25
U01808,register,2024-06-06
U01808,app_open,2024-06-06
U01808,browse,2024-06-06
U01808,add_to_cart,2024-06-07
U01808,purchase,2024-06-09
U01809,register,2024-06-01
U01809,browse,2024-06-02
U01810,register,2024-04-24
U01811,register,2024-10-23
U01811,app_open,2024-10-23
U01811,browse,2024-10-23
U01811,add_to_cart,2024-10-24
U01811,purchase,2024-10-24
U01812,register,2024-11-15
U01812,browse,2024-11-16
U01813,register,2024-07-06
U01813,app_open,2024-07-06
U01813,browse,2024-07-06
U01814,register,2024-02-22
U01814,app_open,2024-02-22
U01814,browse,2024-02-22
U01815,register,2024-04-14
U01815,app_open,2024-04-14
U01816,register,2024-12-25
U01816,app_open,2024-12-25
U01816,browse,2024-12-26
U01817,register,2024-07-17
U01817,app_open,2024-07-17
U01817,browse,2024-07-17
U01818,register,2024-11-16
U01818,app_open,2024-11-16
U01818,browse,2024-11-17
U01819,register,2024-10-15
U01819,app_open,2024-10-15
U01819,browse,2024-10-16
U01820,register,2024-08-13
U01820,app_open,2024-08-13
U01820,browse,2024-08-14
U01821,register,2024-06-14
U01821,app_open,2024-06-14
U01821,browse,2024-06-15
U01822,register,2024-05-07
U01822,app_open,2024-05-07
U01822,browse,2024-05-08
U01823,register,2024-10-13
U01823,app_open,2024-10-13
U01823,browse,2024-10-13
U01824,register,2024-11-17
U01825,register,2024-10-19
U01825,app_open,2024-10-19
U01825,browse,2024-10-20
U01825,add_to_cart,2024-10-20
U01825,purchase,2024-10-21
U01825,repurchase,2024-11-06
U01826,register,2024-09-22
U01826,app_open,2024-09-22
U01827,register,2024-03-15
U01827,app_open,2024-03-15
U01828,register,2024-12-25
U01829,register,2024-11-22
U01829,app_open,2024-11-22
U01829,browse,2024-11-22
U01829,add_to_cart,2024-11-24
U01829,purchase,2024-11-26
U01829,repurchase,2024-12-14
U01830,register,2024-07-16
U01830,app_open,2024-07-16
U01830,browse,2024-07-16
U01831,register,2024-12-27
U01831,app_open,2024-12-27
U01831,browse,2024-12-27
U01832,register,2024-10-10
U01832,app_open,2024-10-10
U01832,browse,2024-10-11
U01833,register,2024-10-05
U01833,app_open,2024-10-05
U01833,browse,2024-10-06
U01834,register,2024-11-11
U01834,app_open,2024-11-11
U01834,browse,2024-11-11
U01834,add_to_cart,2024-11-11
U01834,purchase,2024-11-12
U01835,register,2024-11-24
U01835,app_open,2024-11-24
U01836,register,2024-10-22
U01836,app_open,2024-10-22
U01836,browse,2024-10-22
U01836,add_to_cart,2024-10-22
U01836,purchase,2024-10-22
U01836,repurchase,2024-11-12
U01837,register,2024-05-10
U01837,browse,2024-05-10
U01838,register,2024-07-31
U01838,app_open,2024-07-31
U01838,browse,2024-07-31
U01838,add_to_cart,2024-08-01
U01838,purchase,2024-08-03
U01839,register,2024-12-17
U01839,app_open,2024-12-17
U01839,browse,2024-12-18
U01840,register,2024-06-21
U01840,app_open,2024-06-21
U01840,browse,2024-06-22
U01841,register,2024-08-10
U01841,app_open,2024-08-10
U01841,browse,2024-08-10
U01842,register,2024-08-27
U01843,register,2024-08-29
U01843,app_open,2024-08-29
U01843,browse,2024-08-30
U01844,register,2024-10-12
U01844,app_open,2024-10-12
U01844,browse,2024-10-13
U01844,add_to_cart,2024-10-15
U01844,purchase,2024-10-15
U01844,repurchase,2024-11-03
U01845,register,2024-12-20
U01845,app_open,2024-12-20
U01845,browse,2024-12-20
U01846,register,2024-06-28
U01846,app_open,2024-06-28
U01846,browse,2024-06-29
U01847,register,2024-05-07
U01847,app_open,2024-05-07
U01847,browse,2024-05-08
U01847,add_to_cart,2024-05-10
U01847,purchase,2024-05-10
U01847,repurchase,2024-06-03
U01848,register,2024-06-11
U01848,app_open,2024-06-11
U01849,register,2024-12-09
U01849,app_open,2024-12-09
U01849,browse,2024-12-10
U01849,add_to_cart,2024-12-10
U01849,purchase,2024-12-12
U01850,register,2024-10-20
U01850,app_open,2024-10-20
U01850,browse,2024-10-20
U01850,add_to_cart,2024-10-20
U01850,purchase,2024-10-20
U01851,register,2024-07-14
U01851,app_open,2024-07-14
U01851,browse,2024-07-15
U01852,register,2024-11-25
U01852,app_open,2024-11-25
U01852,browse,2024-11-25
U01853,register,2024-12-04
U01853,app_open,2024-12-04
U01854,register,2024-12-01
U01854,app_open,2024-12-01
U01854,browse,2024-12-02
U01854,add_to_cart,2024-12-04
U01855,register,2024-12-15
U01855,app_open,2024-12-15
U01855,browse,2024-12-16
U01855,add_to_cart,2024-12-16
U01856,register,2024-07-02
U01856,app_open,2024-07-02
U01857,register,2024-11-13
U01857,app_open,2024-11-13
U01858,register,2024-09-04
U01858,app_open,2024-09-04
U01858,browse,2024-09-04
U01858,add_to_cart,2024-09-06
U01858,purchase,2024-09-07
U01858,repurchase,2024-09-16
U01859,register,2024-11-30
U01859,app_open,2024-11-30
U01859,browse,2024-12-01
U01860,register,2024-11-07
U01860,app_open,2024-11-07
U01860,browse,2024-11-08
U01861,register,2024-11-17
U01861,app_open,2024-11-17
U01862,register,2024-10-22
U01862,app_open,2024-10-22
U01862,browse,2024-10-22
U01862,add_to_cart,2024-10-24
U01863,register,2024-06-02
U01863,app_open,2024-06-02
U01863,browse,2024-06-02
U01864,register,2024-09-26
U01864,app_open,2024-09-26
U01864,browse,2024-09-27
U01864,add_to_cart,2024-09-27
U01864,purchase,2024-09-29
U01864,repurchase,2024-10-26
U01864,share,2024-10-26
U01865,register,2024-12-28
U01865,app_open,2024-12-28
U01865,browse,2024-12-28
U01865,add_to_cart,2024-12-28
U01865,purchase,2024-12-28
U01866,register,2024-12-19
U01866,app_open,2024-12-19
U01867,register,2024-03-16
U01867,app_open,2024-03-16
U01867,browse,2024-03-17
U01868,register,2024-05-28
U01868,app_open,2024-05-28
U01869,register,2024-05-12
U01869,app_open,2024-05-12
U01869,browse,2024-05-12
U01870,register,2024-11-06
U01871,register,2024-11-26
U01871,app_open,2024-11-26
U01871,browse,2024-11-26
U01872,register,2024-06-17
U01872,browse,2024-06-17
U01872,add_to_cart,2024-06-19
U01873,register,2024-09-16
U01873,app_open,2024-09-16
U01873,browse,2024-09-17
U01874,register,2024-11-30
U01874,app_open,2024-11-30
U01874,browse,2024-11-30
U01875,register,2024-11-08
U01875,app_open,2024-11-08
U01876,register,2024-09-25
U01876,app_open,2024-09-25
U01877,register,2024-10-07
U01877,app_open,2024-10-07
U01877,browse,2024-10-07
U01877,add_to_cart,2024-10-08
U01877,purchase,2024-10-09
U01877,repurchase,2024-10-16
U01878,register,2024-09-17
U01878,app_open,2024-09-17
U01878,browse,2024-09-17
U01878,add_to_cart,2024-09-19
U01879,register,2024-07-18
U01879,app_open,2024-07-18
U01879,browse,2024-07-18
U01880,register,2024-10-01
U01880,browse,2024-10-02
U01881,register,2024-10-29
U01881,app_open,2024-10-29
U01881,browse,2024-10-29
U01882,register,2024-12-07
U01882,app_open,2024-12-07
U01883,register,2024-10-18
U01883,browse,2024-10-18
U01883,add_to_cart,2024-10-20
U01883,purchase,2024-10-21
U01884,register,2024-11-14
U01884,browse,2024-11-14
U01884,add_to_cart,2024-11-15
U01885,register,2024-05-26
U01885,app_open,2024-05-26
U01886,register,2024-09-04
U01886,browse,2024-09-05
U01886,add_to_cart,2024-09-05
U01887,register,2024-02-05
U01887,app_open,2024-02-05
U01887,browse,2024-02-05
U01888,register,2024-06-30
U01888,app_open,2024-06-30
U01888,browse,2024-07-01
U01889,register,2024-11-07
U01889,app_open,2024-11-07
U01890,register,2024-12-29
U01891,register,2024-04-24
U01891,app_open,2024-04-24
U01891,browse,2024-04-24
U01891,add_to_cart,2024-04-25
U01892,register,2024-08-19
U01892,app_open,2024-08-19
U01892,browse,2024-08-20
U01893,register,2024-11-22
U01893,app_open,2024-11-22
U01894,register,2024-06-13
U01894,app_open,2024-06-13
U01894,browse,2024-06-14
U01894,add_to_cart,2024-06-15
U01894,purchase,2024-06-15
U01894,repurchase,2024-07-12
U01895,register,2024-09-28
U01895,app_open,2024-09-28
U01896,register,2024-11-08
U01896,browse,2024-11-09
U01897,register,2024-10-13
U01898,register,2024-06-07
U01898,app_open,2024-06-07
U01898,browse,2024-06-07
U01898,add_to_cart,2024-06-07
U01898,purchase,2024-06-07
U01899,register,2024-08-05
U01899,app_open,2024-08-05
U01899,browse,2024-08-05
U01900,register,2024-11-19
U01900,app_open,2024-11-19
U01901,register,2024-09-28
U01902,register,2024-01-27
U01902,app_open,2024-01-27
U01902,browse,2024-01-28
U01902,add_to_cart,2024-01-29
U01903,register,2024-11-14
U01903,app_open,2024-11-14
U01903,browse,2024-11-15
U01903,add_to_cart,2024-11-15
U01904,register,2024-03-09
U01904,app_open,2024-03-09
U01904,browse,2024-03-10
U01905,register,2024-11-11
U01905,app_open,2024-11-11
U01905,browse,2024-11-12
U01906,register,2024-06-13
U01906,app_open,2024-06-13
U01906,browse,2024-06-14
U01906,add_to_cart,2024-06-16
U01907,register,2024-12-23
U01907,app_open,2024-12-23
U01907,browse,2024-12-24
U01907,add_to_cart,2024-12-24
U01907,purchase,2024-12-26
U01908,register,2024-08-09
U01908,app_open,2024-08-09
U01908,browse,2024-08-10
U01909,register,2024-07-27
U01909,app_open,2024-07-27
U01910,register,2024-05-20
U01910,browse,2024-05-21
U01911,register,2024-07-20
U01911,browse,2024-07-21
U01912,register,2024-12-07
U01912,app_open,2024-12-07
U01912,browse,2024-12-07
U01913,register,2024-12-30
U01913,browse,2024-12-30
U01913,add_to_cart,2024-12-30
U01913,purchase,2024-12-31
U01914,register,2024-08-09
U01914,app_open,2024-08-09
U01914,browse,2024-08-09
U01915,register,2024-09-01
U01915,app_open,2024-09-01
U01916,register,2024-11-06
U01916,app_open,2024-11-06
U01916,browse,2024-11-07
U01916,add_to_cart,2024-11-07
U01916,purchase,2024-11-07
U01917,register,2024-12-09
U01917,app_open,2024-12-09
U01917,browse,2024-12-10
U01918,register,2024-10-08
U01918,app_open,2024-10-08
U01919,register,2024-08-16
U01919,browse,2024-08-16
U01919,add_to_cart,2024-08-17
U01919,purchase,2024-08-19
U01920,register,2024-08-22
U01920,app_open,2024-08-22
U01921,register,2024-10-31
U01921,app_open,2024-10-31
U01921,browse,2024-10-31
U01922,register,2024-01-21
U01922,app_open,2024-01-21
U01923,register,2024-10-14
U01923,app_open,2024-10-14
U01924,register,2024-08-05
U01924,app_open,2024-08-05
U01924,browse,2024-08-06
U01925,register,2024-11-21
U01925,app_open,2024-11-21
U01926,register,2024-04-21
U01926,app_open,2024-04-21
U01927,register,2024-10-06
U01927,app_open,2024-10-06
U01928,register,2024-09-10
U01928,app_open,2024-09-10
U01929,register,2024-10-19
U01929,app_open,2024-10-19
U01929,browse,2024-10-19
U01929,add_to_cart,2024-10-19
U01929,purchase,2024-10-20
U01930,register,2024-04-02
U01930,app_open,2024-04-02
U01930,browse,2024-04-02
U01930,add_to_cart,2024-04-03
U01931,register,2024-10-04
U01931,browse,2024-10-04
U01931,add_to_cart,2024-10-04
U01932,register,2024-09-30
U01932,app_open,2024-09-30
U01932,browse,2024-10-01
U01933,register,2024-09-30
U01933,browse,2024-09-30
U01934,register,2024-10-10
U01934,app_open,2024-10-10
U01934,browse,2024-10-10
U01935,register,2024-10-27
U01935,app_open,2024-10-27
U01935,browse,2024-10-28
U01936,register,2024-11-23
U01936,app_open,2024-11-23
U01936,browse,2024-11-23
U01937,register,2024-07-08
U01937,browse,2024-07-08
U01938,register,2024-11-27
U01938,app_open,2024-11-27
U01938,browse,2024-11-27
U01939,register,2024-09-14
U01939,app_open,2024-09-14
U01940,register,2024-04-11
U01940,app_open,2024-04-11
U01940,browse,2024-04-11
U01940,add_to_cart,2024-04-11
U01940,purchase,2024-04-12
U01940,repurchase,2024-04-20
U01941,register,2024-03-29
U01941,app_open,2024-03-29
U01941,browse,2024-03-29
U01941,add_to_cart,2024-03-31
U01941,purchase,2024-04-01
U01941,repurchase,2024-04-26
U01942,register,2024-07-30
U01942,app_open,2024-07-30
U01942,browse,2024-07-31
U01942,add_to_cart,2024-08-01
U01943,register,2024-11-19
U01943,app_open,2024-11-19
U01943,browse,2024-11-19
U01943,add_to_cart,2024-11-20
U01943,purchase,2024-11-20
U01944,register,2024-11-03
U01944,app_open,2024-11-03
U01945,register,2024-11-20
U01945,app_open,2024-11-20
U01945,browse,2024-11-21
U01945,add_to_cart,2024-11-21
U01945,purchase,2024-11-23
U01946,register,2024-09-19
U01946,app_open,2024-09-19
U01946,browse,2024-09-20
U01947,register,2024-08-30
U01947,app_open,2024-08-30
U01947,browse,2024-08-31
U01947,add_to_cart,2024-08-31
U01947,purchase,2024-09-01
U01948,register,2024-05-20
U01948,app_open,2024-05-20
U01948,browse,2024-05-20
U01948,add_to_cart,2024-05-22
U01948,purchase,2024-05-23
U01949,register,2024-07-28
U01949,app_open,2024-07-28
U01949,browse,2024-07-28
U01949,add_to_cart,2024-07-29
U01949,purchase,2024-07-30
U01949,share,2024-07-31
U01950,register,2024-08-28
U01950,browse,2024-08-28
U01951,register,2024-04-18
U01951,app_open,2024-04-18
U01951,browse,2024-04-18
U01952,register,2024-06-20
U01952,app_open,2024-06-20
U01953,register,2024-10-09
U01953,app_open,2024-10-09
U01953,browse,2024-10-09
U01954,register,2024-11-09
U01954,app_open,2024-11-09
U01954,browse,2024-11-09
U01954,add_to_cart,2024-11-11
U01954,purchase,2024-11-11
U01955,register,2024-12-30
U01955,app_open,2024-12-30
U01955,browse,2024-12-30
U01956,register,2024-12-18
U01956,app_open,2024-12-18
U01956,browse,2024-12-18
U01956,add_to_cart,2024-12-18
U01956,purchase,2024-12-20
U01956,repurchase,2025-01-07
U01956,share,2025-01-07
U01957,register,2024-10-19
U01957,browse,2024-10-20
U01957,add_to_cart,2024-10-20
U01957,purchase,2024-10-21
U01957,share,2024-10-23
U01958,register,2024-08-24
U01958,app_open,2024-08-24
U01958,browse,2024-08-24
U01959,register,2024-10-18
U01959,browse,2024-10-18
U01960,register,2024-11-19
U01960,app_open,2024-11-19
U01960,browse,2024-11-20
U01961,register,2024-05-05
U01961,app_open,2024-05-05
U01961,browse,2024-05-06
U01962,register,2024-08-21
U01962,app_open,2024-08-21
U01962,browse,2024-08-21
U01962,add_to_cart,2024-08-21
U01963,register,2024-11-30
U01963,browse,2024-11-30
U01964,register,2024-08-14
U01964,app_open,2024-08-14
U01964,browse,2024-08-14
U01964,add_to_cart,2024-08-16
U01965,register,2024-10-03
U01965,browse,2024-10-04
U01966,register,2024-10-06
U01966,app_open,2024-10-06
U01967,register,2024-06-05
U01967,browse,2024-06-06
U01967,add_to_cart,2024-06-08
U01968,register,2024-08-07
U01968,app_open,2024-08-07
U01969,register,2024-07-30
U01969,app_open,2024-07-30
U01969,browse,2024-07-31
U01970,register,2024-02-29
U01970,app_open,2024-02-29
U01971,register,2024-02-26
U01971,app_open,2024-02-26
U01971,browse,2024-02-26
U01972,register,2024-11-28
U01972,browse,2024-11-28
U01972,add_to_cart,2024-11-29
U01972,purchase,2024-11-29
U01973,register,2024-07-09
U01974,register,2024-09-19
U01975,register,2024-07-18
U01975,app_open,2024-07-18
U01975,browse,2024-07-18
U01975,add_to_cart,2024-07-18
U01975,purchase,2024-07-19
U01976,register,2024-12-20
U01976,app_open,2024-12-20
U01976,browse,2024-12-21
U01976,add_to_cart,2024-12-22
U01976,purchase,2024-12-23
U01976,share,2024-12-23
U01977,register,2024-07-04
U01977,app_open,2024-07-04
U01977,browse,2024-07-05
U01978,register,2024-08-27
U01978,app_open,2024-08-27
U01978,browse,2024-08-28
U01979,register,2024-12-06
U01979,app_open,2024-12-06
U01980,register,2024-11-30
U01980,app_open,2024-11-30
U01980,browse,2024-12-01
U01981,register,2024-06-06
U01981,app_open,2024-06-06
U01982,register,2024-11-23
U01982,app_open,2024-11-23
U01983,register,2024-09-04
U01983,app_open,2024-09-04
U01983,browse,2024-09-04
U01984,register,2024-09-10
U01984,app_open,2024-09-10
U01984,browse,2024-09-11
U01985,register,2024-05-13
U01985,browse,2024-05-14
U01986,register,2024-04-13
U01986,app_open,2024-04-13
U01986,browse,2024-04-13
U01986,add_to_cart,2024-04-15
U01986,purchase,2024-04-16
U01986,repurchase,2024-05-13
U01987,register,2024-11-07
U01987,browse,2024-11-07
U01987,add_to_cart,2024-11-09
U01988,register,2024-09-14
U01988,app_open,2024-09-14
U01988,browse,2024-09-15
U01988,add_to_cart,2024-09-15
U01988,purchase,2024-09-17
U01988,share,2024-09-17
U01989,register,2024-08-29
U01989,app_open,2024-08-29
U01989,browse,2024-08-30
U01990,register,2024-11-07
U01990,app_open,2024-11-07
U01990,browse,2024-11-07
U01990,add_to_cart,2024-11-09
U01990,purchase,2024-11-09
U01991,register,2024-11-15
U01991,app_open,2024-11-15
U01992,register,2024-05-25
U01992,app_open,2024-05-25
U01992,browse,2024-05-25
U01992,add_to_cart,2024-05-25
U01993,register,2024-10-12
U01993,app_open,2024-10-12
U01993,browse,2024-10-12
U01993,add_to_cart,2024-10-13
U01994,register,2024-05-14
U01994,app_open,2024-05-14
U01995,register,2024-11-12
U01995,app_open,2024-11-12
U01995,browse,2024-11-13
U01996,register,2024-10-22
U01996,app_open,2024-10-22
U01996,browse,2024-10-22
U01997,register,2024-12-22
U01997,app_open,2024-12-22
U01997,browse,2024-12-23
U01998,register,2024-04-05
U01998,app_open,2024-04-05
U01998,browse,2024-04-06
U01999,register,2024-03-28
U02000,register,2024-07-12
U02000,app_open,2024-07-12
U02000,browse,2024-07-13
U02001,register,2024-07-05
U02001,browse,2024-07-06
U02002,register,2024-06-30
U02002,app_open,2024-06-30
U02002,browse,2024-06-30
U02003,register,2024-12-13
U02003,app_open,2024-12-13
U02003,browse,2024-12-13
U02004,register,2024-07-01
U02004,app_open,2024-07-01
U02005,register,2024-07-09
U02005,app_open,2024-07-09
U02005,browse,2024-07-10
U02006,register,2024-11-14
U02006,app_open,2024-11-14
U02007,register,2024-09-01
U02007,app_open,2024-09-01
U02007,browse,2024-09-01
U02008,register,2024-11-17
U02008,app_open,2024-11-17
U02008,browse,2024-11-17
U02009,register,2024-04-03
U02009,app_open,2024-04-03
U02009,browse,2024-04-03
U02009,add_to_cart,2024-04-03
U02009,purchase,2024-04-05
U02009,repurchase,2024-04-19
U02010,register,2024-09-11
U02010,app_open,2024-09-11
U02010,browse,2024-09-12
U02011,register,2024-03-07
U02011,app_open,2024-03-07
U02011,browse,2024-03-08
U02012,register,2024-04-01
U02012,app_open,2024-04-01
U02012,browse,2024-04-02
U02013,register,2024-12-13
U02013,app_open,2024-12-13
U02013,browse,2024-12-13
U02013,add_to_cart,2024-12-15
U02013,purchase,2024-12-16
U02013,repurchase,2024-12-25
U02014,register,2024-05-16
U02014,app_open,2024-05-16
U02015,register,2024-09-23
U02015,browse,2024-09-24
U02016,register,2024-08-22
U02016,app_open,2024-08-22
U02016,browse,2024-08-22
U02017,register,2024-08-03
U02017,app_open,2024-08-03
U02017,browse,2024-08-03
U02017,add_to_cart,2024-08-04
U02018,register,2024-12-12
U02018,app_open,2024-12-12
U02018,browse,2024-12-12
U02019,register,2024-02-23
U02019,app_open,2024-02-23
U02019,browse,2024-02-24
U02019,add_to_cart,2024-02-25
U02019,purchase,2024-02-25
U02020,register,2024-10-24
U02020,app_open,2024-10-24
U02020,browse,2024-10-25
U02020,add_to_cart,2024-10-27
U02021,register,2024-12-24
U02021,app_open,2024-12-24
U02021,browse,2024-12-25
U02022,register,2024-09-30
U02022,app_open,2024-09-30
U02022,browse,2024-10-01
U02022,add_to_cart,2024-10-01
U02022,purchase,2024-10-03
U02022,repurchase,2024-10-13
U02023,register,2024-12-19
U02023,app_open,2024-12-19
U02023,browse,2024-12-19
U02024,register,2024-03-24
U02024,app_open,2024-03-24
U02024,browse,2024-03-25
U02025,register,2024-08-24
U02025,app_open,2024-08-24
U02025,browse,2024-08-24
U02026,register,2024-07-05
U02026,app_open,2024-07-05
U02026,browse,2024-07-05
U02027,register,2024-11-08
U02027,browse,2024-11-09
U02028,register,2024-12-27
U02028,app_open,2024-12-27
U02028,browse,2024-12-27
U02029,register,2024-07-03
U02029,app_open,2024-07-03
U02029,browse,2024-07-04
U02030,register,2024-10-22
U02030,app_open,2024-10-22
U02030,browse,2024-10-22
U02031,register,2024-06-11
U02031,app_open,2024-06-11
U02031,browse,2024-06-11
U02031,add_to_cart,2024-06-12
U02031,purchase,2024-06-12
U02031,repurchase,2024-07-07
U02031,share,2024-07-07
U02032,register,2024-10-01
U02032,app_open,2024-10-01
U02032,browse,2024-10-02
U02032,add_to_cart,2024-10-02
U02033,register,2024-09-05
U02033,app_open,2024-09-05
U02033,browse,2024-09-06
U02033,add_to_cart,2024-09-06
U02034,register,2024-12-25
U02034,app_open,2024-12-25
U02035,register,2024-10-11
U02035,app_open,2024-10-11
U02035,browse,2024-10-12
U02035,add_to_cart,2024-10-12
U02036,register,2024-08-03
U02036,app_open,2024-08-03
U02036,browse,2024-08-04
U02036,add_to_cart,2024-08-04
U02037,register,2024-05-03
U02037,app_open,2024-05-03
U02037,browse,2024-05-04
U02038,register,2024-05-21
U02038,app_open,2024-05-21
U02038,browse,2024-05-22
U02038,add_to_cart,2024-05-22
U02038,purchase,2024-05-22
U02039,register,2024-06-22
U02039,app_open,2024-06-22
U02039,browse,2024-06-23
U02040,register,2024-07-01
U02040,app_open,2024-07-01
U02041,register,2024-12-02
U02041,app_open,2024-12-02
U02041,browse,2024-12-02
U02041,add_to_cart,2024-12-04
U02041,purchase,2024-12-04
U02042,register,2024-09-30
U02042,app_open,2024-09-30
U02042,browse,2024-09-30
U02043,register,2024-09-21
U02043,app_open,2024-09-21
U02043,browse,2024-09-21
U02043,add_to_cart,2024-09-23
U02043,purchase,2024-09-25
U02044,register,2024-05-03
U02044,app_open,2024-05-03
U02044,browse,2024-05-04
U02045,register,2024-12-04
U02046,register,2024-11-06
U02046,app_open,2024-11-06
U02046,browse,2024-11-07
U02046,add_to_cart,2024-11-09
U02046,purchase,2024-11-10
U02047,register,2024-04-04
U02047,app_open,2024-04-04
U02047,browse,2024-04-05
U02047,add_to_cart,2024-04-05
U02047,purchase,2024-04-07
U02048,register,2024-11-03
U02048,app_open,2024-11-03
U02048,browse,2024-11-04
U02048,add_to_cart,2024-11-06
U02049,register,2024-09-26
U02049,app_open,2024-09-26
U02049,browse,2024-09-26
U02050,register,2024-04-14
U02050,app_open,2024-04-14
U02050,browse,2024-04-14
U02051,register,2024-09-04
U02051,app_open,2024-09-04
U02052,register,2024-09-11
U02052,app_open,2024-09-11
U02052,browse,2024-09-11
U02053,register,2024-05-28
U02053,app_open,2024-05-28
U02053,browse,2024-05-28
U02053,add_to_cart,2024-05-30
U02054,register,2024-12-20
U02054,app_open,2024-12-20
U02055,register,2024-12-02
U02055,app_open,2024-12-02
U02055,browse,2024-12-02
U02055,add_to_cart,2024-12-03
U02056,register,2024-10-25
U02056,app_open,2024-10-25
U02056,browse,2024-10-26
U02056,add_to_cart,2024-10-28
U02056,purchase,2024-10-30
U02057,register,2024-09-05
U02057,app_open,2024-09-05
U02057,browse,2024-09-05
U02057,add_to_cart,2024-09-05
U02058,register,2024-08-22
U02058,app_open,2024-08-22
U02058,browse,2024-08-22
U02058,add_to_cart,2024-08-24
U02059,register,2024-10-21
U02059,app_open,2024-10-21
U02060,register,2024-09-26
U02060,app_open,2024-09-26
U02060,browse,2024-09-27
U02061,register,2024-04-01
U02061,app_open,2024-04-01
U02061,browse,2024-04-01
U02062,register,2024-09-18
U02063,register,2024-11-23
U02063,app_open,2024-11-23
U02063,browse,2024-11-24
U02063,add_to_cart,2024-11-25
U02064,register,2024-09-04
U02064,browse,2024-09-04
U02064,add_to_cart,2024-09-04
U02064,purchase,2024-09-06
U02064,repurchase,2024-09-28
U02065,register,2024-03-24
U02065,app_open,2024-03-24
U02065,browse,2024-03-25
U02066,register,2024-11-19
U02066,app_open,2024-11-19
U02067,register,2024-06-12
U02067,app_open,2024-06-12
U02067,browse,2024-06-12
U02068,register,2024-07-04
U02068,app_open,2024-07-04
U02069,register,2024-05-28
U02069,app_open,2024-05-28
U02070,register,2024-07-28
U02070,app_open,2024-07-28
U02071,register,2024-11-13
U02071,app_open,2024-11-13
U02071,browse,2024-11-14
U02071,add_to_cart,2024-11-14
U02072,register,2024-09-20
U02072,app_open,2024-09-20
U02072,browse,2024-09-21
U02072,add_to_cart,2024-09-22
U02073,register,2024-06-14
U02074,register,2024-12-07
U02074,app_open,2024-12-07
U02074,browse,2024-12-08
U02074,add_to_cart,2024-12-10
U02074,purchase,2024-12-10
U02075,register,2024-12-08
U02075,app_open,2024-12-08
U02075,browse,2024-12-09
U02075,add_to_cart,2024-12-10
U02075,purchase,2024-12-12
U02075,repurchase,2024-12-28
U02076,register,2024-12-06
U02076,app_open,2024-12-06
U02076,browse,2024-12-06
U02077,register,2024-06-27
U02077,app_open,2024-06-27
U02077,browse,2024-06-27
U02078,register,2024-09-02
U02078,app_open,2024-09-02
U02078,browse,2024-09-03
U02078,add_to_cart,2024-09-05
U02078,purchase,2024-09-07
U02079,register,2024-12-28
U02079,app_open,2024-12-28
U02079,browse,2024-12-29
U02079,add_to_cart,2024-12-30
U02079,purchase,2024-12-31
U02080,register,2024-11-16
U02080,app_open,2024-11-16
U02080,browse,2024-11-17
U02081,register,2024-03-01
U02081,app_open,2024-03-01
U02081,browse,2024-03-01
U02081,add_to_cart,2024-03-03
U02082,register,2024-04-03
U02082,app_open,2024-04-03
U02082,browse,2024-04-04
U02082,add_to_cart,2024-04-06
U02082,purchase,2024-04-08
U02083,register,2024-09-05
U02083,app_open,2024-09-05
U02084,register,2024-12-14
U02084,app_open,2024-12-14
U02084,browse,2024-12-15
U02085,register,2024-09-24
U02085,app_open,2024-09-24
U02085,browse,2024-09-25
U02086,register,2024-09-14
U02086,app_open,2024-09-14
U02086,browse,2024-09-14
U02087,register,2024-04-28
U02087,app_open,2024-04-28
U02087,browse,2024-04-29
U02088,register,2024-10-22
U02088,browse,2024-10-23
U02089,register,2024-11-26
U02089,app_open,2024-11-26
U02089,browse,2024-11-27
U02090,register,2024-08-13
U02090,app_open,2024-08-13
U02090,browse,2024-08-13
U02091,register,2024-11-17
U02091,app_open,2024-11-17
U02091,browse,2024-11-17
U02092,register,2024-12-24
U02092,app_open,2024-12-24
U02092,browse,2024-12-24
U02093,register,2024-06-13
U02093,app_open,2024-06-13
U02093,browse,2024-06-14
U02094,register,2024-09-21
U02094,app_open,2024-09-21
U02094,browse,2024-09-21
U02095,register,2024-07-14
U02095,app_open,2024-07-14
U02095,browse,2024-07-14
U02095,add_to_cart,2024-07-16
U02095,purchase,2024-07-18
U02095,repurchase,2024-07-31
U02095,share,2024-08-01
U02096,register,2024-11-21
U02096,app_open,2024-11-21
U02097,register,2024-10-04
U02097,app_open,2024-10-04
U02097,browse,2024-10-04
U02097,add_to_cart,2024-10-04
U02097,purchase,2024-10-05
U02098,register,2024-10-17
U02098,app_open,2024-10-17
U02099,register,2024-11-22
U02099,app_open,2024-11-22
U02099,browse,2024-11-22
U02099,add_to_cart,2024-11-24
U02099,purchase,2024-11-25
U02099,repurchase,2024-12-04
U02100,register,2024-08-17
U02100,app_open,2024-08-17
U02100,browse,2024-08-18
U02100,add_to_cart,2024-08-18
U02101,register,2024-12-15
U02101,app_open,2024-12-15
U02102,register,2024-09-23
U02102,app_open,2024-09-23
U02103,register,2024-05-25
U02103,app_open,2024-05-25
U02103,browse,2024-05-25
U02103,add_to_cart,2024-05-25
U02103,purchase,2024-05-26
U02104,register,2024-10-31
U02104,browse,2024-10-31
U02104,add_to_cart,2024-11-02
U02105,register,2024-11-21
U02105,app_open,2024-11-21
U02105,browse,2024-11-22
U02105,add_to_cart,2024-11-22
U02105,purchase,2024-11-23
U02106,register,2024-07-24
U02106,app_open,2024-07-24
U02106,browse,2024-07-25
U02107,register,2024-12-03
U02107,app_open,2024-12-03
U02107,browse,2024-12-04
U02108,register,2024-12-13
U02108,browse,2024-12-13
U02108,add_to_cart,2024-12-13
U02109,register,2024-07-11
U02109,app_open,2024-07-11
U02109,browse,2024-07-12
U02109,add_to_cart,2024-07-13
U02109,purchase,2024-07-14
U02110,register,2024-12-27
U02110,app_open,2024-12-27
U02111,register,2024-05-16
U02111,app_open,2024-05-16
U02111,browse,2024-05-17
U02112,register,2024-06-13
U02112,browse,2024-06-14
U02112,add_to_cart,2024-06-14
U02112,purchase,2024-06-14
U02112,repurchase,2024-06-23
U02113,register,2024-06-05
U02113,app_open,2024-06-05
U02113,browse,2024-06-06
U02113,add_to_cart,2024-06-07
U02113,purchase,2024-06-07
U02113,repurchase,2024-07-02
U02113,share,2024-07-05
U02114,register,2024-12-11
U02114,app_open,2024-12-11
U02114,browse,2024-12-12
U02115,register,2024-10-22
U02115,app_open,2024-10-22
U02115,browse,2024-10-23
U02116,register,2024-05-22
U02116,app_open,2024-05-22
U02116,browse,2024-05-22
U02116,add_to_cart,2024-05-22
U02116,purchase,2024-05-22
U02117,register,2024-08-30
U02117,app_open,2024-08-30
U02117,browse,2024-08-31
U02117,add_to_cart,2024-08-31
U02117,purchase,2024-08-31
U02118,register,2024-10-13
U02119,register,2024-04-15
U02120,register,2024-12-08
U02120,app_open,2024-12-08
U02120,browse,2024-12-08
U02120,add_to_cart,2024-12-09
U02121,register,2024-11-23
U02121,app_open,2024-11-23
U02121,browse,2024-11-24
U02122,register,2024-09-16
U02122,app_open,2024-09-16
U02122,browse,2024-09-17
U02123,register,2024-12-24
U02123,app_open,2024-12-24
U02124,register,2024-08-23
U02124,app_open,2024-08-23
U02125,register,2024-12-28
U02125,app_open,2024-12-28
U02126,register,2024-10-25
U02126,app_open,2024-10-25
U02126,browse,2024-10-26
U02127,register,2024-10-17
U02127,app_open,2024-10-17
U02127,browse,2024-10-17
U02128,register,2024-05-28
U02128,app_open,2024-05-28
U02128,browse,2024-05-29
U02129,register,2024-12-08
U02129,app_open,2024-12-08
U02130,register,2024-08-26
U02130,browse,2024-08-26
U02131,register,2024-05-27
U02131,app_open,2024-05-27
U02132,register,2024-02-10
U02132,app_open,2024-02-10
U02132,browse,2024-02-10
U02133,register,2024-09-30
U02133,app_open,2024-09-30
U02133,browse,2024-09-30
U02134,register,2024-09-22
U02134,app_open,2024-09-22
U02134,browse,2024-09-22
U02135,register,2024-11-05
U02135,app_open,2024-11-05
U02135,browse,2024-11-06
U02135,add_to_cart,2024-11-07
U02136,register,2024-12-10
U02136,app_open,2024-12-10
U02136,browse,2024-12-11
U02137,register,2024-04-12
U02137,app_open,2024-04-12
U02137,browse,2024-04-13
U02137,add_to_cart,2024-04-14
U02137,purchase,2024-04-14
U02138,register,2024-11-08
U02138,app_open,2024-11-08
U02138,browse,2024-11-08
U02139,register,2024-06-07
U02139,app_open,2024-06-07
U02139,browse,2024-06-08
U02140,register,2024-12-04
U02140,app_open,2024-12-04
U02140,browse,2024-12-05
U02141,register,2024-11-26
U02141,app_open,2024-11-26
U02141,browse,2024-11-27
U02142,register,2024-09-25
U02142,app_open,2024-09-25
U02143,register,2024-11-03
U02143,app_open,2024-11-03
U02143,browse,2024-11-04
U02144,register,2024-07-23
U02144,app_open,2024-07-23
U02144,browse,2024-07-23
U02144,add_to_cart,2024-07-25
U02144,purchase,2024-07-25
U02144,repurchase,2024-08-19
U02145,register,2024-09-07
U02145,app_open,2024-09-07
U02146,register,2024-11-26
U02146,app_open,2024-11-26
U02146,browse,2024-11-26
U02147,register,2024-09-04
U02147,app_open,2024-09-04
U02148,register,2024-08-06
U02148,browse,2024-08-07
U02149,register,2024-09-13
U02149,app_open,2024-09-13
U02149,browse,2024-09-14
U02149,add_to_cart,2024-09-15
U02150,register,2024-11-28
U02150,app_open,2024-11-28
U02151,register,2024-07-30
U02151,app_open,2024-07-30
U02151,browse,2024-07-30
U02151,add_to_cart,2024-07-31
U02152,register,2024-06-01
U02152,app_open,2024-06-01
U02153,register,2024-11-03
U02153,app_open,2024-11-03
U02153,browse,2024-11-03
U02153,add_to_cart,2024-11-03
U02154,register,2024-11-27
U02154,app_open,2024-11-27
U02154,browse,2024-11-28
U02155,register,2024-04-25
U02155,app_open,2024-04-25
U02156,register,2024-06-27
U02156,app_open,2024-06-27
U02157,register,2024-05-17
U02157,app_open,2024-05-17
U02158,register,2024-08-03
U02158,app_open,2024-08-03
U02158,browse,2024-08-03
U02159,register,2024-09-01
U02159,app_open,2024-09-01
U02159,browse,2024-09-02
U02159,add_to_cart,2024-09-04
U02160,register,2024-11-11
U02160,app_open,2024-11-11
U02161,register,2024-10-21
U02161,app_open,2024-10-21
U02161,browse,2024-10-21
U02161,add_to_cart,2024-10-21
U02161,purchase,2024-10-22
U02161,repurchase,2024-10-29
U02162,register,2024-10-14
U02162,app_open,2024-10-14
U02163,register,2024-08-04
U02163,browse,2024-08-05
U02163,add_to_cart,2024-08-05
U02163,purchase,2024-08-06
U02163,repurchase,2024-08-31
U02164,register,2024-11-30
U02164,app_open,2024-11-30
U02165,register,2024-09-07
U02165,app_open,2024-09-07
U02165,browse,2024-09-07
U02165,add_to_cart,2024-09-07
U02165,purchase,2024-09-09
U02166,register,2024-12-27
U02166,app_open,2024-12-27
U02167,register,2024-10-17
U02167,app_open,2024-10-17
U02167,browse,2024-10-18
U02167,add_to_cart,2024-10-18
U02168,register,2024-05-09
U02168,app_open,2024-05-09
U02168,browse,2024-05-10
U02169,register,2024-10-27
U02169,app_open,2024-10-27
U02169,browse,2024-10-28
U02169,add_to_cart,2024-10-30
U02169,purchase,2024-10-30
U02170,register,2024-07-27
U02170,app_open,2024-07-27
U02170,browse,2024-07-27
U02170,add_to_cart,2024-07-28
U02170,purchase,2024-07-28
U02171,register,2024-10-29
U02171,app_open,2024-10-29
U02171,browse,2024-10-29
U02172,register,2024-04-06
U02172,app_open,2024-04-06
U02172,browse,2024-04-06
U02173,register,2024-06-01
U02173,app_open,2024-06-01
U02173,browse,2024-06-01
U02174,register,2024-12-03
U02174,browse,2024-12-04
U02174,add_to_cart,2024-12-04
U02174,purchase,2024-12-06
U02174,repurchase,2024-12-24
U02175,register,2024-06-22
U02176,register,2024-11-29
U02176,app_open,2024-11-29
U02176,browse,2024-11-29
U02176,add_to_cart,2024-11-30
U02177,register,2024-07-11
U02177,browse,2024-07-12
U02178,register,2024-10-19
U02178,app_open,2024-10-19
U02178,browse,2024-10-20
U02179,register,2024-10-31
U02179,app_open,2024-10-31
U02179,browse,2024-11-01
U02180,register,2024-09-18
U02180,app_open,2024-09-18
U02180,browse,2024-09-19
U02180,add_to_cart,2024-09-20
U02180,purchase,2024-09-22
U02180,share,2024-09-22
U02181,register,2024-07-20
U02181,app_open,2024-07-20
U02181,browse,2024-07-21
U02181,add_to_cart,2024-07-22
U02181,purchase,2024-07-23
U02181,share,2024-07-24
U02182,register,2024-06-17
U02182,app_open,2024-06-17
U02182,browse,2024-06-18
U02182,add_to_cart,2024-06-19
U02183,register,2024-03-07
U02183,app_open,2024-03-07
U02183,browse,2024-03-07
U02184,register,2024-07-20
U02185,register,2024-10-21
U02185,app_open,2024-10-21
U02186,register,2024-12-19
U02186,app_open,2024-12-19
U02186,browse,2024-12-20
U02186,add_to_cart,2024-12-22
U02187,register,2024-12-06
U02187,app_open,2024-12-06
U02187,browse,2024-12-07
U02188,register,2024-11-15
U02188,app_open,2024-11-15
U02188,browse,2024-11-16
U02189,register,2024-11-20
U02189,app_open,2024-11-20
U02190,register,2024-10-24
U02190,app_open,2024-10-24
U02190,browse,2024-10-25
U02190,add_to_cart,2024-10-25
U02190,purchase,2024-10-26
U02190,repurchase,2024-11-16
U02191,register,2024-07-05
U02192,register,2024-12-13
U02192,app_open,2024-12-13
U02192,browse,2024-12-13
U02193,register,2024-10-25
U02194,register,2024-09-30
U02194,app_open,2024-09-30
U02194,browse,2024-10-01
U02194,add_to_cart,2024-10-02
U02195,register,2024-05-01
U02195,browse,2024-05-02
U02195,add_to_cart,2024-05-02
U02195,purchase,2024-05-02
U02195,share,2024-05-05
U02196,register,2024-09-01
U02196,app_open,2024-09-01
U02196,browse,2024-09-01
U02196,add_to_cart,2024-09-02
U02196,purchase,2024-09-04
U02197,register,2024-09-04
U02197,app_open,2024-09-04
U02197,browse,2024-09-05
U02197,add_to_cart,2024-09-05
U02198,register,2024-12-05
U02198,app_open,2024-12-05
U02198,browse,2024-12-05
U02198,add_to_cart,2024-12-07
U02199,register,2024-09-26
U02199,app_open,2024-09-26
U02200,register,2024-08-13
U02200,app_open,2024-08-13
U02200,browse,2024-08-14
U02200,add_to_cart,2024-08-16
U02200,purchase,2024-08-18
U02201,register,2024-12-26
U02201,app_open,2024-12-26
U02202,register,2024-05-01
U02202,app_open,2024-05-01
U02202,browse,2024-05-01
U02202,add_to_cart,2024-05-01
U02202,purchase,2024-05-03
U02203,register,2024-08-25
U02204,register,2024-03-15
U02204,app_open,2024-03-15
U02205,register,2024-11-09
U02205,app_open,2024-11-09
U02206,register,2024-12-15
U02206,app_open,2024-12-15
U02206,browse,2024-12-16
U02207,register,2024-07-12
U02207,app_open,2024-07-12
U02207,browse,2024-07-13
U02208,register,2024-12-04
U02208,app_open,2024-12-04
U02208,browse,2024-12-04
U02209,register,2024-07-16
U02209,app_open,2024-07-16
U02209,browse,2024-07-17
U02210,register,2024-12-14
U02210,app_open,2024-12-14
U02210,browse,2024-12-14
U02211,register,2024-11-12
U02211,app_open,2024-11-12
U02212,register,2024-11-23
U02212,app_open,2024-11-23
U02212,browse,2024-11-23
U02212,add_to_cart,2024-11-23
U02213,register,2024-02-18
U02213,app_open,2024-02-18
U02213,browse,2024-02-18
U02214,register,2024-12-24
U02214,app_open,2024-12-24
U02214,browse,2024-12-25
U02214,add_to_cart,2024-12-25
U02214,purchase,2024-12-25
U02214,repurchase,2025-01-18
U02215,register,2024-11-07
U02215,browse,2024-11-07
U02216,register,2024-07-20
U02216,app_open,2024-07-20
U02216,browse,2024-07-20
U02216,add_to_cart,2024-07-22
U02216,purchase,2024-07-22
U02216,share,2024-07-25
U02217,register,2024-11-28
U02217,app_open,2024-11-28
U02217,browse,2024-11-28
U02218,register,2024-07-12
U02218,app_open,2024-07-12
U02218,browse,2024-07-12
U02218,add_to_cart,2024-07-14
U02218,purchase,2024-07-15
U02219,register,2024-12-06
U02219,browse,2024-12-06
U02220,register,2024-05-02
U02220,app_open,2024-05-02
U02220,browse,2024-05-03
U02221,register,2024-11-02
U02221,app_open,2024-11-02
U02221,browse,2024-11-03
U02221,add_to_cart,2024-11-05
U02221,purchase,2024-11-06
U02222,register,2024-09-25
U02222,app_open,2024-09-25
U02222,browse,2024-09-25
U02222,add_to_cart,2024-09-25
U02222,purchase,2024-09-27
U02223,register,2024-04-23
U02223,browse,2024-04-24
U02224,register,2024-06-28
U02224,app_open,2024-06-28
U02224,browse,2024-06-29
U02225,register,2024-02-10
U02225,app_open,2024-02-10
U02225,browse,2024-02-10
U02226,register,2024-09-06
U02226,app_open,2024-09-06
U02227,register,2024-07-19
U02227,app_open,2024-07-19
U02228,register,2024-10-09
U02228,app_open,2024-10-09
U02228,browse,2024-10-09
U02229,register,2024-07-17
U02229,app_open,2024-07-17
U02229,browse,2024-07-17
U02230,register,2024-07-18
U02230,app_open,2024-07-18
U02230,browse,2024-07-19
U02231,register,2024-11-10
U02231,app_open,2024-11-10
U02231,browse,2024-11-10
U02231,add_to_cart,2024-11-10
U02232,register,2024-03-21
U02233,register,2024-12-12
U02233,browse,2024-12-13
U02233,add_to_cart,2024-12-13
U02233,purchase,2024-12-14
U02233,share,2024-12-15
U02234,register,2024-12-02
U02234,app_open,2024-12-02
U02235,register,2024-10-25
U02235,app_open,2024-10-25
U02235,browse,2024-10-25
U02235,add_to_cart,2024-10-25
U02235,purchase,2024-10-27
U02236,register,2024-10-08
U02236,browse,2024-10-08
U02236,add_to_cart,2024-10-10
U02237,register,2024-12-10
U02237,app_open,2024-12-10
U02237,browse,2024-12-10
U02238,register,2024-06-06
U02238,browse,2024-06-06
U02239,register,2024-04-12
U02239,app_open,2024-04-12
U02239,browse,2024-04-12
U02239,add_to_cart,2024-04-12
U02240,register,2024-06-27
U02240,app_open,2024-06-27
U02241,register,2024-11-21
U02241,app_open,2024-11-21
U02242,register,2024-03-08
U02242,app_open,2024-03-08
U02242,browse,2024-03-09
U02243,register,2024-10-05
U02243,app_open,2024-10-05
U02243,browse,2024-10-06
U02244,register,2024-12-30
U02244,app_open,2024-12-30
U02244,browse,2024-12-30
U02244,add_to_cart,2024-12-31
U02244,purchase,2025-01-02
U02245,register,2024-12-03
U02245,app_open,2024-12-03
U02245,browse,2024-12-04
U02246,register,2024-09-20
U02246,browse,2024-09-20
U02247,register,2024-04-02
U02247,app_open,2024-04-02
U02247,browse,2024-04-03
U02247,add_to_cart,2024-04-03
U02247,purchase,2024-04-04
U02247,repurchase,2024-04-26
U02248,register,2024-11-28
U02248,app_open,2024-11-28
U02248,browse,2024-11-29
U02249,register,2024-10-09
U02249,app_open,2024-10-09
U02250,register,2024-05-03
U02250,app_open,2024-05-03
U02250,browse,2024-05-04
U02251,register,2024-04-21
U02251,app_open,2024-04-21
U02251,browse,2024-04-21
U02252,register,2024-12-14
U02252,browse,2024-12-14
U02252,add_to_cart,2024-12-15
U02252,purchase,2024-12-15
U02253,register,2024-10-25
U02253,browse,2024-10-26
U02254,register,2024-11-28
U02254,app_open,2024-11-28
U02254,browse,2024-11-28
U02254,add_to_cart,2024-11-29
U02254,purchase,2024-12-01
U02255,register,2024-12-08
U02255,app_open,2024-12-08
U02255,browse,2024-12-09
U02256,register,2024-10-02
U02256,app_open,2024-10-02
U02256,browse,2024-10-03
U02256,add_to_cart,2024-10-04
U02257,register,2024-09-19
U02257,app_open,2024-09-19
U02257,browse,2024-09-20
U02257,add_to_cart,2024-09-22
U02258,register,2024-08-27
U02258,app_open,2024-08-27
U02258,browse,2024-08-27
U02258,add_to_cart,2024-08-28
U02258,purchase,2024-08-29
U02259,register,2024-07-24
U02259,app_open,2024-07-24
U02260,register,2024-08-28
U02260,app_open,2024-08-28
U02260,browse,2024-08-29
U02261,register,2024-11-17
U02261,app_open,2024-11-17
U02261,browse,2024-11-17
U02262,register,2024-10-10
U02262,app_open,2024-10-10
U02263,register,2024-12-10
U02263,app_open,2024-12-10
U02263,browse,2024-12-11
U02263,add_to_cart,2024-12-13
U02264,register,2024-08-31
U02264,app_open,2024-08-31
U02264,browse,2024-09-01
U02265,register,2024-10-11
U02265,browse,2024-10-11
U02265,add_to_cart,2024-10-13
U02266,register,2024-10-17
U02266,app_open,2024-10-17
U02266,browse,2024-10-17
U02266,add_to_cart,2024-10-19
U02266,purchase,2024-10-20
U02267,register,2024-10-07
U02267,app_open,2024-10-07
U02267,browse,2024-10-07
U02268,register,2024-11-01
U02268,app_open,2024-11-01
U02268,browse,2024-11-01
U02268,add_to_cart,2024-11-01
U02268,purchase,2024-11-03
U02269,register,2024-06-26
U02269,browse,2024-06-27
U02270,register,2024-09-18
U02270,app_open,2024-09-18
U02270,browse,2024-09-18
U02271,register,2024-04-27
U02271,app_open,2024-04-27
U02271,browse,2024-04-28
U02272,register,2024-08-14
U02272,app_open,2024-08-14
U02272,browse,2024-08-15
U02273,register,2024-09-11
U02273,browse,2024-09-11
U02274,register,2024-10-21
U02274,app_open,2024-10-21
U02274,browse,2024-10-21
U02274,add_to_cart,2024-10-22
U02274,purchase,2024-10-22
U02275,register,2024-12-21
U02275,app_open,2024-12-21
U02275,browse,2024-12-22
U02275,add_to_cart,2024-12-24
U02276,register,2024-10-09
U02276,app_open,2024-10-09
U02276,browse,2024-10-09
U02277,register,2024-11-10
U02277,browse,2024-11-10
U02278,register,2024-09-16
U02278,app_open,2024-09-16
U02278,browse,2024-09-16
U02278,add_to_cart,2024-09-18
U02278,purchase,2024-09-20
U02279,register,2024-10-17
U02279,app_open,2024-10-17
U02279,browse,2024-10-18
U02279,add_to_cart,2024-10-18
U02280,register,2024-04-07
U02280,browse,2024-04-07
U02280,add_to_cart,2024-04-08
U02280,purchase,2024-04-08
U02281,register,2024-07-03
U02281,app_open,2024-07-03
U02282,register,2024-08-07
U02282,app_open,2024-08-07
U02283,register,2024-09-07
U02284,register,2024-03-18
U02284,app_open,2024-03-18
U02284,browse,2024-03-18
U02285,register,2024-05-16
U02285,app_open,2024-05-16
U02285,browse,2024-05-16
U02285,add_to_cart,2024-05-17
U02286,register,2024-07-11
U02286,app_open,2024-07-11
U02286,browse,2024-07-12
U02287,register,2024-12-25
U02287,app_open,2024-12-25
U02287,browse,2024-12-26
U02287,add_to_cart,2024-12-27
U02287,purchase,2024-12-27
U02287,repurchase,2025-01-17
U02287,share,2025-01-18
U02288,register,2024-07-29
U02288,app_open,2024-07-29
U02288,browse,2024-07-30
U02288,add_to_cart,2024-07-31
U02289,register,2024-09-10
U02289,app_open,2024-09-10
U02289,browse,2024-09-11
U02289,add_to_cart,2024-09-11
U02290,register,2024-06-10
U02290,app_open,2024-06-10
U02291,register,2024-10-12
U02291,app_open,2024-10-12
U02291,browse,2024-10-12
U02292,register,2024-07-12
U02292,app_open,2024-07-12
U02292,browse,2024-07-13
U02292,add_to_cart,2024-07-13
U02292,purchase,2024-07-13
U02292,repurchase,2024-08-01
U02293,register,2024-06-15
U02293,app_open,2024-06-15
U02293,browse,2024-06-15
U02294,register,2024-09-19
U02294,app_open,2024-09-19
U02295,register,2024-01-28
U02295,app_open,2024-01-28
U02295,browse,2024-01-28
U02296,register,2024-02-01
U02296,app_open,2024-02-01
U02297,register,2024-06-19
U02297,app_open,2024-06-19
U02297,browse,2024-06-20
U02298,register,2024-03-10
U02298,app_open,2024-03-10
U02299,register,2024-04-29
U02299,app_open,2024-04-29
U02299,browse,2024-04-30
U02300,register,2024-07-31
U02300,app_open,2024-07-31
U02301,register,2024-11-22
U02301,app_open,2024-11-22
U02301,browse,2024-11-23
U02302,register,2024-10-03
U02303,register,2024-09-18
U02303,app_open,2024-09-18
U02303,browse,2024-09-18
U02303,add_to_cart,2024-09-19
U02304,register,2024-07-16
U02304,app_open,2024-07-16
U02305,register,2024-12-18
U02305,app_open,2024-12-18
U02305,browse,2024-12-19
U02306,register,2024-08-17
U02306,app_open,2024-08-17
U02306,browse,2024-08-18
U02307,register,2024-04-17
U02307,browse,2024-04-18
U02308,register,2024-10-13
U02309,register,2024-05-03
U02309,app_open,2024-05-03
U02310,register,2024-08-02
U02310,browse,2024-08-03
U02311,register,2024-09-16
U02311,app_open,2024-09-16
U02312,register,2024-12-07
U02312,app_open,2024-12-07
U02312,browse,2024-12-07
U02313,register,2024-09-13
U02313,app_open,2024-09-13
U02313,browse,2024-09-14
U02313,add_to_cart,2024-09-16
U02314,register,2024-11-01
U02314,app_open,2024-11-01
U02315,register,2024-12-29
U02315,browse,2024-12-30
U02316,register,2024-05-12
U02316,app_open,2024-05-12
U02316,browse,2024-05-13
U02317,register,2024-07-10
U02317,app_open,2024-07-10
U02317,browse,2024-07-10
U02318,register,2024-08-17
U02318,app_open,2024-08-17
U02318,browse,2024-08-18
U02318,add_to_cart,2024-08-18
U02318,purchase,2024-08-19
U02319,register,2024-08-25
U02319,browse,2024-08-25
U02320,register,2024-08-22
U02320,app_open,2024-08-22
U02320,browse,2024-08-22
U02320,add_to_cart,2024-08-22
U02321,register,2024-12-13
U02321,app_open,2024-12-13
U02321,browse,2024-12-14
U02321,add_to_cart,2024-12-15
U02321,purchase,2024-12-15
U02321,repurchase,2024-12-24
U02322,register,2024-11-04
U02322,app_open,2024-11-04
U02322,browse,2024-11-04
U02323,register,2024-10-11
U02323,app_open,2024-10-11
U02323,browse,2024-10-11
U02323,add_to_cart,2024-10-13
U02324,register,2024-07-22
U02324,app_open,2024-07-22
U02324,browse,2024-07-23
U02325,register,2024-11-27
U02325,app_open,2024-11-27
U02326,register,2024-12-22
U02326,app_open,2024-12-22
U02326,browse,2024-12-23
U02327,register,2024-11-26
U02327,app_open,2024-11-26
U02328,register,2024-01-15
U02328,app_open,2024-01-15
U02328,browse,2024-01-16
U02329,register,2024-10-18
U02329,app_open,2024-10-18
U02329,browse,2024-10-19
U02330,register,2024-03-23
U02330,app_open,2024-03-23
U02331,register,2024-07-04
U02331,app_open,2024-07-04
U02332,register,2024-03-30
U02332,app_open,2024-03-30
U02333,register,2024-10-10
U02333,app_open,2024-10-10
U02334,register,2024-10-29
U02334,app_open,2024-10-29
U02334,browse,2024-10-29
U02335,register,2024-05-03
U02335,app_open,2024-05-03
U02335,browse,2024-05-03
U02336,register,2024-08-14
U02336,browse,2024-08-15
U02336,add_to_cart,2024-08-16
U02337,register,2024-09-03
U02337,app_open,2024-09-03
U02337,browse,2024-09-04
U02338,register,2024-08-09
U02338,app_open,2024-08-09
U02338,browse,2024-08-10
U02339,register,2024-05-06
U02339,app_open,2024-05-06
U02340,register,2024-08-24
U02340,app_open,2024-08-24
U02340,browse,2024-08-24
U02341,register,2024-11-12
U02341,app_open,2024-11-12
U02341,browse,2024-11-13
U02341,add_to_cart,2024-11-13
U02342,register,2024-04-07
U02342,app_open,2024-04-07
U02342,browse,2024-04-07
U02342,add_to_cart,2024-04-07
U02343,register,2024-04-13
U02343,app_open,2024-04-13
U02344,register,2024-08-05
U02344,app_open,2024-08-05
U02344,browse,2024-08-06
U02344,add_to_cart,2024-08-06
U02345,register,2024-12-20
U02345,app_open,2024-12-20
U02346,register,2024-10-25
U02346,app_open,2024-10-25
U02346,browse,2024-10-25
U02346,add_to_cart,2024-10-27
U02347,register,2024-10-27
U02347,browse,2024-10-28
U02347,add_to_cart,2024-10-29
U02347,purchase,2024-10-29
U02348,register,2024-08-07
U02348,app_open,2024-08-07
U02348,browse,2024-08-08
U02348,add_to_cart,2024-08-09
U02348,purchase,2024-08-11
U02349,register,2024-10-08
U02349,app_open,2024-10-08
U02349,browse,2024-10-08
U02349,add_to_cart,2024-10-10
U02350,register,2024-02-06
U02350,app_open,2024-02-06
U02350,browse,2024-02-07
U02350,add_to_cart,2024-02-07
U02350,purchase,2024-02-07
U02350,repurchase,2024-02-21
U02351,register,2024-10-18
U02351,app_open,2024-10-18
U02352,register,2024-12-14
U02352,browse,2024-12-15
U02353,register,2024-10-12
U02353,app_open,2024-10-12
U02353,browse,2024-10-12
U02353,add_to_cart,2024-10-12
U02353,purchase,2024-10-14
U02354,register,2024-12-07
U02354,browse,2024-12-07
U02354,add_to_cart,2024-12-07
U02354,purchase,2024-12-09
U02354,repurchase,2024-12-26
U02355,register,2024-11-06
U02355,browse,2024-11-07
U02355,add_to_cart,2024-11-09
U02355,purchase,2024-11-09
U02355,repurchase,2024-12-06
U02356,register,2024-05-06
U02356,app_open,2024-05-06
U02357,register,2024-12-12
U02357,app_open,2024-12-12
U02358,register,2024-04-04
U02358,app_open,2024-04-04
U02358,browse,2024-04-04
U02358,add_to_cart,2024-04-06
U02359,register,2024-09-23
U02359,app_open,2024-09-23
U02360,register,2024-05-17
U02360,app_open,2024-05-17
U02361,register,2024-02-09
U02361,app_open,2024-02-09
U02361,browse,2024-02-10
U02361,add_to_cart,2024-02-11
U02361,purchase,2024-02-12
U02362,register,2024-08-25
U02362,app_open,2024-08-25
U02363,register,2024-07-17
U02363,app_open,2024-07-17
U02364,register,2024-09-11
U02364,app_open,2024-09-11
U02365,register,2024-10-04
U02365,app_open,2024-10-04
U02365,browse,2024-10-04
U02365,add_to_cart,2024-10-05
U02366,register,2024-03-17
U02366,app_open,2024-03-17
U02366,browse,2024-03-18
U02367,register,2024-05-08
U02367,app_open,2024-05-08
U02367,browse,2024-05-09
U02367,add_to_cart,2024-05-10
U02368,register,2024-09-29
U02368,app_open,2024-09-29
U02368,browse,2024-09-29
U02368,add_to_cart,2024-09-30
U02368,purchase,2024-10-02
U02369,register,2024-08-01
U02369,app_open,2024-08-01
U02370,register,2024-11-07
U02370,app_open,2024-11-07
U02370,browse,2024-11-08
U02370,add_to_cart,2024-11-08
U02370,purchase,2024-11-10
U02370,repurchase,2024-11-30
U02371,register,2024-10-21
U02371,browse,2024-10-21
U02371,add_to_cart,2024-10-23
U02372,register,2024-12-01
U02372,app_open,2024-12-01
U02373,register,2024-10-30
U02373,app_open,2024-10-30
U02374,register,2024-08-27
U02374,browse,2024-08-28
U02374,add_to_cart,2024-08-30
U02375,register,2024-10-26
U02375,browse,2024-10-26
U02376,register,2024-07-10
U02376,app_open,2024-07-10
U02376,browse,2024-07-11
U02377,register,2024-07-21
U02377,browse,2024-07-22
U02377,add_to_cart,2024-07-22
U02378,register,2024-11-20
U02378,app_open,2024-11-20
U02378,browse,2024-11-20
U02379,register,2024-08-31
U02379,app_open,2024-08-31
U02379,browse,2024-09-01
U02380,register,2024-11-22
U02380,app_open,2024-11-22
U02381,register,2024-11-27
U02381,app_open,2024-11-27
U02381,browse,2024-11-27
U02382,register,2024-12-04
U02382,app_open,2024-12-04
U02383,register,2024-12-15
U02383,app_open,2024-12-15
U02383,browse,2024-12-15
U02383,add_to_cart,2024-12-15
U02384,register,2024-08-27
U02384,app_open,2024-08-27
U02384,browse,2024-08-28
U02385,register,2024-07-25
U02385,app_open,2024-07-25
U02386,register,2024-10-05
U02386,app_open,2024-10-05
U02386,browse,2024-10-05
U02386,add_to_cart,2024-10-06
U02386,purchase,2024-10-06
U02386,repurchase,2024-10-19
U02387,register,2024-08-10
U02387,app_open,2024-08-10
U02387,browse,2024-08-10
U02388,register,2024-10-09
U02388,app_open,2024-10-09
U02388,browse,2024-10-09
U02389,register,2024-11-02
U02389,app_open,2024-11-02
U02389,browse,2024-11-02
U02389,add_to_cart,2024-11-02
U02389,purchase,2024-11-04
U02389,share,2024-11-08
U02390,register,2024-10-29
U02391,register,2024-08-11
U02391,app_open,2024-08-11
U02391,browse,2024-08-11
U02391,add_to_cart,2024-08-11
U02391,purchase,2024-08-11
U02392,register,2024-05-29
U02392,app_open,2024-05-29
U02392,browse,2024-05-29
U02393,register,2024-08-27
U02393,app_open,2024-08-27
U02393,browse,2024-08-28
U02394,register,2024-05-17
U02394,app_open,2024-05-17
U02394,browse,2024-05-18
U02394,add_to_cart,2024-05-18
U02395,register,2024-12-10
U02395,app_open,2024-12-10
U02395,browse,2024-12-10
U02395,add_to_cart,2024-12-11
U02395,purchase,2024-12-13
U02396,register,2024-08-02
U02396,app_open,2024-08-02
U02396,browse,2024-08-03
U02397,register,2024-05-23
U02397,app_open,2024-05-23
U02397,browse,2024-05-24
U02397,add_to_cart,2024-05-25
U02397,purchase,2024-05-27
U02398,register,2024-02-28
U02399,register,2024-10-20
U02399,app_open,2024-10-20
U02399,browse,2024-10-20
U02400,register,2024-10-18
U02400,app_open,2024-10-18
U02401,register,2024-08-01
U02401,app_open,2024-08-01
U02402,register,2024-04-07
U02402,app_open,2024-04-07
U02403,register,2024-08-21
U02403,app_open,2024-08-21
U02404,register,2024-07-22
U02404,app_open,2024-07-22
U02404,browse,2024-07-23
U02405,register,2024-10-27
U02405,app_open,2024-10-27
U02406,register,2024-10-11
U02406,app_open,2024-10-11
U02406,browse,2024-10-12
U02407,register,2024-08-08
U02407,app_open,2024-08-08
U02408,register,2024-06-19
U02408,app_open,2024-06-19
U02408,browse,2024-06-20
U02409,register,2024-12-28
U02409,app_open,2024-12-28
U02409,browse,2024-12-28
U02409,add_to_cart,2024-12-29
U02410,register,2024-09-02
U02410,app_open,2024-09-02
U02411,register,2024-10-29
U02411,app_open,2024-10-29
U02411,browse,2024-10-29
U02411,add_to_cart,2024-10-30
U02411,purchase,2024-10-31
U02412,register,2024-05-16
U02413,register,2024-09-11
U02413,app_open,2024-09-11
U02413,browse,2024-09-11
U02414,register,2024-03-01
U02414,app_open,2024-03-01
U02415,register,2024-09-16
U02415,app_open,2024-09-16
U02415,browse,2024-09-16
U02416,register,2024-12-24
U02416,browse,2024-12-24
U02416,add_to_cart,2024-12-26
U02417,register,2024-08-14
U02417,app_open,2024-08-14
U02417,browse,2024-08-14
U02418,register,2024-03-13
U02418,app_open,2024-03-13
U02418,browse,2024-03-14
U02418,add_to_cart,2024-03-16
U02419,register,2024-03-05
U02419,app_open,2024-03-05
U02419,browse,2024-03-05
U02420,register,2024-08-15
U02420,app_open,2024-08-15
U02420,browse,2024-08-16
U02420,add_to_cart,2024-08-18
U02420,purchase,2024-08-18
U02420,repurchase,2024-09-17
U02421,register,2024-05-26
U02421,app_open,2024-05-26
U02421,browse,2024-05-26
U02422,register,2024-02-25
U02422,app_open,2024-02-25
U02422,browse,2024-02-26
U02423,register,2024-11-13
U02423,app_open,2024-11-13
U02423,browse,2024-11-13
U02424,register,2024-09-04
U02424,app_open,2024-09-04
U02425,register,2024-07-15
U02425,app_open,2024-07-15
U02426,register,2024-12-12
U02426,app_open,2024-12-12
U02426,browse,2024-12-12
U02427,register,2024-05-04
U02428,register,2024-12-22
U02428,app_open,2024-12-22
U02428,browse,2024-12-22
U02429,register,2024-07-23
U02430,register,2024-12-10
U02430,app_open,2024-12-10
U02431,register,2024-10-10
U02431,browse,2024-10-11
U02432,register,2024-11-27
U02432,app_open,2024-11-27
U02433,register,2024-12-28
U02433,app_open,2024-12-28
U02433,browse,2024-12-29
U02434,register,2024-07-15
U02434,app_open,2024-07-15
U02435,register,2024-12-23
U02435,browse,2024-12-24
U02435,add_to_cart,2024-12-26
U02436,register,2024-08-15
U02437,register,2024-08-14
U02437,app_open,2024-08-14
U02437,browse,2024-08-15
U02438,register,2024-07-31
U02438,app_open,2024-07-31
U02438,browse,2024-07-31
U02438,add_to_cart,2024-08-01
U02438,purchase,2024-08-02
U02439,register,2024-09-25
U02439,app_open,2024-09-25
U02439,browse,2024-09-25
U02439,add_to_cart,2024-09-27
U02439,purchase,2024-09-29
U02439,share,2024-10-02
U02440,register,2024-05-23
U02440,app_open,2024-05-23
U02440,browse,2024-05-24
U02440,add_to_cart,2024-05-26
U02441,register,2024-09-28
U02441,app_open,2024-09-28
U02442,register,2024-09-25
U02442,app_open,2024-09-25
U02442,browse,2024-09-25
U02442,add_to_cart,2024-09-26
U02442,purchase,2024-09-27
U02442,repurchase,2024-10-27
U02443,register,2024-11-14
U02443,app_open,2024-11-14
U02443,browse,2024-11-14
U02444,register,2024-11-29
U02444,app_open,2024-11-29
U02444,browse,2024-11-30
U02444,add_to_cart,2024-12-01
U02444,purchase,2024-12-01
U02444,repurchase,2024-12-09
U02444,share,2024-12-12
U02445,register,2024-08-30
U02445,app_open,2024-08-30
U02445,browse,2024-08-31
U02446,register,2024-07-19
U02446,app_open,2024-07-19
U02446,browse,2024-07-20
U02447,register,2024-07-04
U02447,app_open,2024-07-04
U02447,browse,2024-07-05
U02448,register,2024-06-10
U02448,app_open,2024-06-10
U02448,browse,2024-06-11
U02448,add_to_cart,2024-06-13
U02448,purchase,2024-06-13
U02448,repurchase,2024-07-09
U02449,register,2024-03-28
U02449,app_open,2024-03-28
U02449,browse,2024-03-28
U02449,add_to_cart,2024-03-30
U02449,purchase,2024-04-01
U02450,register,2024-08-01
U02450,browse,2024-08-01
U02450,add_to_cart,2024-08-03
U02450,purchase,2024-08-05
U02450,share,2024-08-06
U02451,register,2024-07-08
U02451,browse,2024-07-08
U02451,add_to_cart,2024-07-08
U02451,purchase,2024-07-08
U02452,register,2024-12-24
U02452,app_open,2024-12-24
U02452,browse,2024-12-25
U02452,add_to_cart,2024-12-26
U02452,purchase,2024-12-28
U02452,repurchase,2025-01-10
U02453,register,2024-09-29
U02453,app_open,2024-09-29
U02453,browse,2024-09-29
U02454,register,2024-08-03
U02454,app_open,2024-08-03
U02454,browse,2024-08-03
U02454,add_to_cart,2024-08-05
U02454,purchase,2024-08-06
U02454,repurchase,2024-09-04
U02455,register,2024-10-05
U02455,app_open,2024-10-05
U02455,browse,2024-10-05
U02456,register,2024-05-16
U02456,app_open,2024-05-16
U02457,register,2024-08-31
U02457,app_open,2024-08-31
U02457,browse,2024-09-01
U02457,add_to_cart,2024-09-01
U02458,register,2024-10-15
U02458,app_open,2024-10-15
U02458,browse,2024-10-15
U02458,add_to_cart,2024-10-15
U02458,purchase,2024-10-16
U02458,repurchase,2024-11-09
U02459,register,2024-09-12
U02459,app_open,2024-09-12
U02459,browse,2024-09-13
U02460,register,2024-08-19
U02460,app_open,2024-08-19
U02460,browse,2024-08-20
U02461,register,2024-12-29
U02461,app_open,2024-12-29
U02461,browse,2024-12-30
U02462,register,2024-12-08
U02462,app_open,2024-12-08
U02463,register,2024-10-15
U02463,browse,2024-10-16
U02464,register,2024-10-02
U02464,browse,2024-10-03
U02465,register,2024-10-14
U02465,app_open,2024-10-14
U02465,browse,2024-10-15
U02466,register,2024-06-12
U02466,app_open,2024-06-12
U02466,browse,2024-06-12
U02467,register,2024-08-17
U02467,app_open,2024-08-17
U02467,browse,2024-08-18
U02468,register,2024-03-13
U02468,app_open,2024-03-13
U02468,browse,2024-03-13
U02469,register,2024-09-08
U02469,app_open,2024-09-08
U02470,register,2024-09-25
U02470,app_open,2024-09-25
U02470,browse,2024-09-25
U02471,register,2024-06-23
U02471,app_open,2024-06-23
U02471,browse,2024-06-24
U02472,register,2024-12-24
U02472,app_open,2024-12-24
U02472,browse,2024-12-25
U02472,add_to_cart,2024-12-25
U02473,register,2024-12-14
U02473,app_open,2024-12-14
U02473,browse,2024-12-15
U02474,register,2024-11-06
U02474,app_open,2024-11-06
U02474,browse,2024-11-07
U02474,add_to_cart,2024-11-09
U02474,purchase,2024-11-09
U02474,repurchase,2024-12-09
U02475,register,2024-09-23
U02475,app_open,2024-09-23
U02475,browse,2024-09-23
U02476,register,2024-12-06
U02476,app_open,2024-12-06
U02476,browse,2024-12-07
U02476,add_to_cart,2024-12-07
U02476,purchase,2024-12-08
U02477,register,2024-05-11
U02477,app_open,2024-05-11
U02478,register,2024-11-20
U02478,app_open,2024-11-20
U02478,browse,2024-11-20
U02479,register,2024-05-08
U02479,app_open,2024-05-08
U02479,browse,2024-05-08
U02479,add_to_cart,2024-05-09
U02479,purchase,2024-05-09
U02480,register,2024-11-21
U02480,browse,2024-11-22
U02481,register,2024-07-10
U02482,register,2024-12-07
U02482,browse,2024-12-07
U02483,register,2024-12-20
U02483,app_open,2024-12-20
U02484,register,2024-05-20
U02484,browse,2024-05-21
U02485,register,2024-09-05
U02485,app_open,2024-09-05
U02485,browse,2024-09-05
U02485,add_to_cart,2024-09-07
U02486,register,2024-12-27
U02486,app_open,2024-12-27
U02486,browse,2024-12-28
U02486,add_to_cart,2024-12-28
U02486,purchase,2024-12-28
U02487,register,2024-09-10
U02487,app_open,2024-09-10
U02487,browse,2024-09-10
U02487,add_to_cart,2024-09-11
U02487,purchase,2024-09-13
U02488,register,2024-12-05
U02489,register,2024-10-07
U02489,app_open,2024-10-07
U02489,browse,2024-10-07
U02490,register,2024-08-11
U02491,register,2024-07-14
U02491,app_open,2024-07-14
U02492,register,2024-06-13
U02492,app_open,2024-06-13
U02493,register,2024-11-14
U02493,app_open,2024-11-14
U02493,browse,2024-11-14
U02494,register,2024-08-14
U02494,app_open,2024-08-14
U02494,browse,2024-08-14
U02495,register,2024-09-17
U02495,app_open,2024-09-17
U02496,register,2024-09-13
U02496,app_open,2024-09-13
U02496,browse,2024-09-13
U02497,register,2024-10-04
U02497,app_open,2024-10-04
U02498,register,2024-12-05
U02498,app_open,2024-12-05
U02499,register,2024-12-27
U02499,app_open,2024-12-27
U02499,browse,2024-12-27
U02500,register,2024-08-21
U02500,app_open,2024-08-21
U02501,register,2024-11-28
U02501,app_open,2024-11-28
U02502,register,2024-11-15
U02502,app_open,2024-11-15
U02502,browse,2024-11-15
U02503,register,2024-10-03
U02503,app_open,2024-10-03
U02503,browse,2024-10-03
U02503,add_to_cart,2024-10-03
U02504,register,2024-12-22
U02504,app_open,2024-12-22
U02504,browse,2024-12-22
U02505,register,2024-06-12
U02505,app_open,2024-06-12
U02505,browse,2024-06-13
U02506,register,2024-04-30
U02506,app_open,2024-04-30
U02506,browse,2024-05-01
U02507,register,2024-12-03
U02507,app_open,2024-12-03
U02507,browse,2024-12-04
U02508,register,2024-08-29
U02508,app_open,2024-08-29
U02508,browse,2024-08-30
U02508,add_to_cart,2024-08-31
U02508,purchase,2024-09-01
U02509,register,2024-12-01
U02509,browse,2024-12-01
U02509,add_to_cart,2024-12-01
U02510,register,2024-12-10
U02510,app_open,2024-12-10
U02511,register,2024-04-01
U02512,register,2024-12-09
U02512,app_open,2024-12-09
U02512,browse,2024-12-09
U02513,register,2024-09-01
U02513,app_open,2024-09-01
U02513,browse,2024-09-01
U02513,add_to_cart,2024-09-02
U02514,register,2024-09-17
U02514,app_open,2024-09-17
U02514,browse,2024-09-18
U02514,add_to_cart,2024-09-18
U02514,purchase,2024-09-20
U02515,register,2024-10-15
U02515,app_open,2024-10-15
U02515,browse,2024-10-16
U02515,add_to_cart,2024-10-17
U02516,register,2024-12-17
U02516,app_open,2024-12-17
U02516,browse,2024-12-17
U02516,add_to_cart,2024-12-18
U02516,purchase,2024-12-20
U02516,repurchase,2025-01-03
U02517,register,2024-02-20
U02517,app_open,2024-02-20
U02517,browse,2024-02-21
U02517,add_to_cart,2024-02-23
U02517,purchase,2024-02-24
U02518,register,2024-09-09
U02518,browse,2024-09-10
U02519,register,2024-10-29
U02519,app_open,2024-10-29
U02519,browse,2024-10-29
U02519,add_to_cart,2024-10-29
U02519,purchase,2024-10-30
U02520,register,2024-11-06
U02520,browse,2024-11-07
U02520,add_to_cart,2024-11-08
U02520,purchase,2024-11-10
U02520,share,2024-11-10
U02521,register,2024-10-30
U02521,app_open,2024-10-30
U02521,browse,2024-10-31
U02522,register,2024-05-13
U02522,app_open,2024-05-13
U02522,browse,2024-05-14
U02522,add_to_cart,2024-05-16
U02522,purchase,2024-05-18
U02523,register,2024-07-18
U02523,app_open,2024-07-18
U02523,browse,2024-07-19
U02523,add_to_cart,2024-07-20
U02523,purchase,2024-07-22
U02523,repurchase,2024-07-31
U02524,register,2024-08-06
U02524,app_open,2024-08-06
U02524,browse,2024-08-07
U02525,register,2024-11-23
U02525,app_open,2024-11-23
U02525,browse,2024-11-24
U02526,register,2024-07-11
U02526,app_open,2024-07-11
U02526,browse,2024-07-12
U02527,register,2024-06-16
U02527,app_open,2024-06-16
U02528,register,2024-12-23
U02528,app_open,2024-12-23
U02528,browse,2024-12-23
U02529,register,2024-02-04
U02529,app_open,2024-02-04
U02529,browse,2024-02-05
U02530,register,2024-12-30
U02530,browse,2024-12-31
U02531,register,2024-10-27
U02531,app_open,2024-10-27
U02531,browse,2024-10-28
U02532,register,2024-11-28
U02532,browse,2024-11-28
U02532,add_to_cart,2024-11-29
U02533,register,2024-07-17
U02533,app_open,2024-07-17
U02533,browse,2024-07-17
U02534,register,2024-02-13
U02534,browse,2024-02-13
U02534,add_to_cart,2024-02-15
U02534,purchase,2024-02-16
U02535,register,2024-11-09
U02535,app_open,2024-11-09
U02536,register,2024-11-29
U02536,app_open,2024-11-29
U02536,browse,2024-11-29
U02537,register,2024-11-10
U02537,app_open,2024-11-10
U02538,register,2024-05-17
U02538,app_open,2024-05-17
U02538,browse,2024-05-18
U02539,register,2024-11-12
U02539,app_open,2024-11-12
U02539,browse,2024-11-12
U02540,register,2024-11-16
U02540,browse,2024-11-16
U02541,register,2024-10-23
U02541,app_open,2024-10-23
U02541,browse,2024-10-24
U02542,register,2024-11-15
U02542,app_open,2024-11-15
U02542,browse,2024-11-16
U02542,add_to_cart,2024-11-18
U02543,register,2024-12-01
U02543,app_open,2024-12-01
U02543,browse,2024-12-01
U02544,register,2024-10-12
U02544,app_open,2024-10-12
U02544,browse,2024-10-12
U02545,register,2024-04-18
U02545,app_open,2024-04-18
U02545,browse,2024-04-18
U02546,register,2024-09-11
U02546,app_open,2024-09-11
U02547,register,2024-04-11
U02547,app_open,2024-04-11
U02548,register,2024-08-21
U02548,app_open,2024-08-21
U02548,browse,2024-08-22
U02549,register,2024-08-20
U02549,app_open,2024-08-20
U02549,browse,2024-08-20
U02549,add_to_cart,2024-08-20
U02550,register,2024-04-03
U02550,app_open,2024-04-03
U02550,browse,2024-04-04
U02550,add_to_cart,2024-04-04
U02551,register,2024-08-03
U02551,app_open,2024-08-03
U02551,browse,2024-08-04
U02552,register,2024-05-01
U02552,app_open,2024-05-01
U02552,browse,2024-05-01
U02552,add_to_cart,2024-05-03
U02553,register,2024-11-24
U02553,app_open,2024-11-24
U02553,browse,2024-11-25
U02553,add_to_cart,2024-11-27
U02554,register,2024-12-21
U02554,app_open,2024-12-21
U02554,browse,2024-12-21
U02555,register,2024-04-08
U02555,app_open,2024-04-08
U02555,browse,2024-04-09
U02555,add_to_cart,2024-04-11
U02555,purchase,2024-04-11
U02555,repurchase,2024-04-24
U02556,register,2024-12-22
U02556,app_open,2024-12-22
U02556,browse,2024-12-23
U02557,register,2024-09-20
U02557,app_open,2024-09-20
U02558,register,2024-07-18
U02558,app_open,2024-07-18
U02559,register,2024-04-11
U02559,app_open,2024-04-11
U02560,register,2024-09-15
U02560,app_open,2024-09-15
U02560,browse,2024-09-16
U02561,register,2024-11-21
U02561,app_open,2024-11-21
U02561,browse,2024-11-22
U02562,register,2024-11-02
U02562,app_open,2024-11-02
U02562,browse,2024-11-03
U02562,add_to_cart,2024-11-04
U02562,purchase,2024-11-04
U02563,register,2024-03-22
U02563,app_open,2024-03-22
U02563,browse,2024-03-23
U02563,add_to_cart,2024-03-24
U02563,purchase,2024-03-26
U02564,register,2024-04-08
U02564,app_open,2024-04-08
U02564,browse,2024-04-08
U02565,register,2024-08-19
U02565,browse,2024-08-19
U02565,add_to_cart,2024-08-21
U02565,purchase,2024-08-22
U02566,register,2024-07-17
U02566,app_open,2024-07-17
U02566,browse,2024-07-18
U02567,register,2024-06-24
U02567,app_open,2024-06-24
U02567,browse,2024-06-24
U02567,add_to_cart,2024-06-24
U02568,register,2024-07-12
U02568,app_open,2024-07-12
U02568,browse,2024-07-13
U02569,register,2024-11-23
U02569,app_open,2024-11-23
U02570,register,2024-12-17
U02570,app_open,2024-12-17
U02571,register,2024-08-20
U02571,app_open,2024-08-20
U02572,register,2024-12-13
U02572,browse,2024-12-14
U02573,register,2024-07-25
U02573,app_open,2024-07-25
U02573,browse,2024-07-26
U02574,register,2024-09-08
U02574,app_open,2024-09-08
U02574,browse,2024-09-08
U02574,add_to_cart,2024-09-08
U02574,purchase,2024-09-09
U02575,register,2024-06-22
U02575,app_open,2024-06-22
U02576,register,2024-10-19
U02576,app_open,2024-10-19
U02576,browse,2024-10-20
U02577,register,2024-12-27
U02577,app_open,2024-12-27
U02577,browse,2024-12-28
U02578,register,2024-10-10
U02579,register,2024-08-06
U02579,app_open,2024-08-06
U02580,register,2024-10-20
U02580,app_open,2024-10-20
U02580,browse,2024-10-21
U02581,register,2024-05-07
U02581,app_open,2024-05-07
U02581,browse,2024-05-07
U02582,register,2024-12-10
U02582,app_open,2024-12-10
U02582,browse,2024-12-10
U02582,add_to_cart,2024-12-11
U02582,purchase,2024-12-11
U02582,repurchase,2025-01-07
U02582,share,2025-01-10
U02583,register,2024-09-15
U02583,app_open,2024-09-15
U02583,browse,2024-09-15
U02583,add_to_cart,2024-09-15
U02583,purchase,2024-09-17
U02583,repurchase,2024-10-04
U02584,register,2024-09-01
U02584,app_open,2024-09-01
U02585,register,2024-10-06
U02585,app_open,2024-10-06
U02585,browse,2024-10-07
U02585,add_to_cart,2024-10-08
U02585,purchase,2024-10-10
U02586,register,2024-10-15
U02586,browse,2024-10-15
U02586,add_to_cart,2024-10-16
U02587,register,2024-04-07
U02587,browse,2024-04-08
U02588,register,2024-10-28
U02588,app_open,2024-10-28
U02588,browse,2024-10-29
U02588,add_to_cart,2024-10-30
U02589,register,2024-06-28
U02589,app_open,2024-06-28
U02590,register,2024-11-04
U02590,app_open,2024-11-04
U02591,register,2024-11-27
U02591,app_open,2024-11-27
U02591,browse,2024-11-27
U02592,register,2024-11-23
U02592,browse,2024-11-24
U02592,add_to_cart,2024-11-26
U02592,purchase,2024-11-28
U02593,register,2024-09-28
U02593,app_open,2024-09-28
U02593,browse,2024-09-28
U02593,add_to_cart,2024-09-29
U02593,purchase,2024-10-01
U02593,share,2024-10-04
U02594,register,2024-09-20
U02594,app_open,2024-09-20
U02594,browse,2024-09-20
U02595,register,2024-05-17
U02595,app_open,2024-05-17
U02595,browse,2024-05-17
U02595,add_to_cart,2024-05-17
U02596,register,2024-11-17
U02596,app_open,2024-11-17
U02596,browse,2024-11-17
U02597,register,2024-07-09
U02597,app_open,2024-07-09
U02598,register,2024-09-14
U02598,app_open,2024-09-14
U02598,browse,2024-09-14
U02598,add_to_cart,2024-09-16
U02598,purchase,2024-09-17
U02599,register,2024-07-13
U02599,browse,2024-07-14
U02599,add_to_cart,2024-07-14
U02600,register,2024-05-13
U02600,app_open,2024-05-13
U02600,browse,2024-05-13
U02600,add_to_cart,2024-05-14
U02601,register,2024-10-16
U02601,app_open,2024-10-16
U02601,browse,2024-10-16
U02602,register,2024-03-26
U02602,app_open,2024-03-26
U02602,browse,2024-03-27
U02603,register,2024-11-11
U02604,register,2024-07-24
U02604,app_open,2024-07-24
U02604,browse,2024-07-24
U02605,register,2024-01-05
U02605,browse,2024-01-06
U02606,register,2024-09-17
U02606,app_open,2024-09-17
U02606,browse,2024-09-17
U02606,add_to_cart,2024-09-18
U02606,purchase,2024-09-19
U02606,repurchase,2024-10-08
U02607,register,2024-03-20
U02607,app_open,2024-03-20
U02607,browse,2024-03-21
U02607,add_to_cart,2024-03-23
U02608,register,2024-07-10
U02608,browse,2024-07-11
U02609,register,2024-11-02
U02609,app_open,2024-11-02
U02609,browse,2024-11-03
U02610,register,2024-04-01
U02610,app_open,2024-04-01
U02610,browse,2024-04-01
U02610,add_to_cart,2024-04-01
U02611,register,2024-11-30
U02611,app_open,2024-11-30
U02611,browse,2024-12-01
U02611,add_to_cart,2024-12-03
U02612,register,2024-01-23
U02612,app_open,2024-01-23
U02613,register,2024-06-30
U02613,app_open,2024-06-30
U02613,browse,2024-06-30
U02614,register,2024-11-10
U02614,app_open,2024-11-10
U02615,register,2024-07-24
U02615,app_open,2024-07-24
U02616,register,2024-04-26
U02616,app_open,2024-04-26
U02617,register,2024-08-07
U02617,app_open,2024-08-07
U02618,register,2024-07-08
U02618,app_open,2024-07-08
U02618,browse,2024-07-08
U02619,register,2024-12-01
U02619,browse,2024-12-01
U02619,add_to_cart,2024-12-03
U02619,purchase,2024-12-05
U02619,share,2024-12-06
U02620,register,2024-07-23
U02620,app_open,2024-07-23
U02620,browse,2024-07-24
U02621,register,2024-11-20
U02621,app_open,2024-11-20
U02622,register,2024-12-10
U02622,app_open,2024-12-10
U02623,register,2024-08-28
U02623,app_open,2024-08-28
U02623,browse,2024-08-29
U02623,add_to_cart,2024-08-31
U02623,purchase,2024-09-01
U02624,register,2024-12-14
U02624,app_open,2024-12-14
U02624,browse,2024-12-15
U02625,register,2024-08-12
U02625,app_open,2024-08-12
U02625,browse,2024-08-13
U02626,register,2024-12-24
U02626,app_open,2024-12-24
U02627,register,2024-04-19
U02627,app_open,2024-04-19
U02628,register,2024-10-29
U02629,register,2024-09-13
U02629,app_open,2024-09-13
U02629,browse,2024-09-13
U02630,register,2024-08-15
U02630,app_open,2024-08-15
U02630,browse,2024-08-16
U02631,register,2024-10-17
U02631,app_open,2024-10-17
U02632,register,2024-11-02
U02632,app_open,2024-11-02
U02632,browse,2024-11-02
U02633,register,2024-01-25
U02633,app_open,2024-01-25
U02633,browse,2024-01-26
U02633,add_to_cart,2024-01-27
U02633,purchase,2024-01-27
U02634,register,2024-05-29
U02634,app_open,2024-05-29
U02634,browse,2024-05-30
U02635,register,2024-11-04
U02635,app_open,2024-11-04
U02635,browse,2024-11-04
U02636,register,2024-10-24
U02636,app_open,2024-10-24
U02636,browse,2024-10-24
U02636,add_to_cart,2024-10-26
U02637,register,2024-12-24
U02637,app_open,2024-12-24
U02637,browse,2024-12-24
U02638,register,2024-11-14
U02638,app_open,2024-11-14
U02638,browse,2024-11-14
U02639,register,2024-12-21
U02639,app_open,2024-12-21
U02639,browse,2024-12-22
U02640,register,2024-11-01
U02640,app_open,2024-11-01
U02640,browse,2024-11-01
U02641,register,2024-07-18
U02641,app_open,2024-07-18
U02642,register,2024-04-28
U02642,browse,2024-04-28
U02642,add_to_cart,2024-04-29
U02642,purchase,2024-05-01
U02642,repurchase,2024-05-30
U02642,share,2024-06-01
U02643,register,2024-11-18
U02643,app_open,2024-11-18
U02644,register,2024-10-19
U02644,app_open,2024-10-19
U02644,browse,2024-10-20
U02644,add_to_cart,2024-10-20
U02645,register,2024-03-21
U02645,app_open,2024-03-21
U02645,browse,2024-03-22
U02646,register,2024-08-07
U02646,browse,2024-08-08
U02646,add_to_cart,2024-08-08
U02647,register,2024-12-23
U02647,app_open,2024-12-23
U02647,browse,2024-12-23
U02648,register,2024-09-15
U02648,app_open,2024-09-15
U02648,browse,2024-09-16
U02649,register,2024-08-28
U02649,browse,2024-08-28
U02649,add_to_cart,2024-08-29
U02650,register,2024-09-03
U02650,app_open,2024-09-03
U02651,register,2024-06-15
U02651,app_open,2024-06-15
U02651,browse,2024-06-15
U02651,add_to_cart,2024-06-17
U02652,register,2024-08-09
U02652,app_open,2024-08-09
U02652,browse,2024-08-09
U02653,register,2024-08-09
U02653,app_open,2024-08-09
U02654,register,2024-03-24
U02654,app_open,2024-03-24
U02655,register,2024-11-15
U02655,app_open,2024-11-15
U02655,browse,2024-11-16
U02655,add_to_cart,2024-11-17
U02656,register,2024-08-23
U02656,app_open,2024-08-23
U02657,register,2024-11-26
U02657,app_open,2024-11-26
U02658,register,2024-12-02
U02658,browse,2024-12-03
U02658,add_to_cart,2024-12-05
U02658,purchase,2024-12-06
U02659,register,2024-06-17
U02659,app_open,2024-06-17
U02660,register,2024-10-22
U02660,app_open,2024-10-22
U02661,register,2024-09-07
U02661,app_open,2024-09-07
U02661,browse,2024-09-07
U02662,register,2024-12-08
U02662,app_open,2024-12-08
U02662,browse,2024-12-08
U02663,register,2024-06-18
U02663,app_open,2024-06-18
U02663,browse,2024-06-19
U02663,add_to_cart,2024-06-21
U02664,register,2024-10-27
U02664,app_open,2024-10-27
U02665,register,2024-10-11
U02665,app_open,2024-10-11
U02666,register,2024-07-17
U02666,app_open,2024-07-17
U02667,register,2024-05-14
U02667,app_open,2024-05-14
U02668,register,2024-10-21
U02668,app_open,2024-10-21
U02668,browse,2024-10-22
U02669,register,2024-11-09
U02669,app_open,2024-11-09
U02669,browse,2024-11-09
U02670,register,2024-07-24
U02670,app_open,2024-07-24
U02671,register,2024-10-20
U02671,browse,2024-10-21
U02672,register,2024-08-17
U02672,app_open,2024-08-17
U02672,browse,2024-08-18
U02672,add_to_cart,2024-08-19
U02672,purchase,2024-08-20
U02672,repurchase,2024-09-01
U02673,register,2024-11-04
U02674,register,2024-06-11
U02674,app_open,2024-06-11
U02674,browse,2024-06-11
U02674,add_to_cart,2024-06-12
U02675,register,2024-12-10
U02675,app_open,2024-12-10
U02675,browse,2024-12-11
U02676,register,2024-07-14
U02676,app_open,2024-07-14
U02676,browse,2024-07-15
U02677,register,2024-08-09
U02677,app_open,2024-08-09
U02677,browse,2024-08-10
U02677,add_to_cart,2024-08-12
U02678,register,2024-03-28
U02678,app_open,2024-03-28
U02678,browse,2024-03-28
U02678,add_to_cart,2024-03-29
U02679,register,2024-05-01
U02679,app_open,2024-05-01
U02679,browse,2024-05-02
U02679,add_to_cart,2024-05-02
U02680,register,2024-09-19
U02680,app_open,2024-09-19
U02681,register,2024-07-07
U02681,app_open,2024-07-07
U02681,browse,2024-07-07
U02682,register,2024-11-29
U02682,app_open,2024-11-29
U02682,browse,2024-11-29
U02683,register,2024-02-14
U02683,app_open,2024-02-14
U02683,browse,2024-02-14
U02684,register,2024-08-12
U02684,app_open,2024-08-12
U02684,browse,2024-08-13
U02685,register,2024-07-30
U02685,app_open,2024-07-30
U02685,browse,2024-07-31
U02685,add_to_cart,2024-07-31
U02685,purchase,2024-08-02
U02686,register,2024-02-20
U02686,app_open,2024-02-20
U02686,browse,2024-02-21
U02687,register,2024-05-08
U02687,app_open,2024-05-08
U02687,browse,2024-05-09
U02687,add_to_cart,2024-05-09
U02688,register,2024-08-22
U02688,app_open,2024-08-22
U02688,browse,2024-08-22
U02689,register,2024-09-13
U02689,app_open,2024-09-13
U02689,browse,2024-09-13
U02690,register,2024-08-20
U02690,browse,2024-08-21
U02690,add_to_cart,2024-08-21
U02691,register,2024-09-22
U02691,app_open,2024-09-22
U02692,register,2024-10-08
U02692,app_open,2024-10-08
U02692,browse,2024-10-08
U02693,register,2024-02-06
U02693,app_open,2024-02-06
U02693,browse,2024-02-07
U02693,add_to_cart,2024-02-07
U02693,purchase,2024-02-08
U02693,share,2024-02-09
U02694,register,2024-09-05
U02694,app_open,2024-09-05
U02695,register,2024-12-24
U02695,app_open,2024-12-24
U02695,browse,2024-12-24
U02695,add_to_cart,2024-12-25
U02696,register,2024-09-19
U02696,app_open,2024-09-19
U02696,browse,2024-09-19
U02696,add_to_cart,2024-09-19
U02696,purchase,2024-09-20
U02696,repurchase,2024-10-10
U02697,register,2024-10-27
U02697,app_open,2024-10-27
U02698,register,2024-07-22
U02698,app_open,2024-07-22
U02698,browse,2024-07-23
U02699,register,2024-11-17
U02699,app_open,2024-11-17
U02699,browse,2024-11-18
U02699,add_to_cart,2024-11-20
U02699,purchase,2024-11-22
U02700,register,2024-11-16
U02700,app_open,2024-11-16
U02700,browse,2024-11-16
U02701,register,2024-09-20
U02701,browse,2024-09-21
U02701,add_to_cart,2024-09-23
U02702,register,2024-12-26
U02702,app_open,2024-12-26
U02702,browse,2024-12-27
U02703,register,2024-05-09
U02703,app_open,2024-05-09
U02703,browse,2024-05-09
U02704,register,2024-02-17
U02705,register,2024-11-16
U02705,app_open,2024-11-16
U02705,browse,2024-11-17
U02705,add_to_cart,2024-11-17
U02705,purchase,2024-11-17
U02706,register,2024-11-23
U02706,browse,2024-11-23
U02707,register,2024-05-06
U02707,app_open,2024-05-06
U02707,browse,2024-05-07
U02707,add_to_cart,2024-05-08
U02708,register,2024-07-07
U02708,app_open,2024-07-07
U02709,register,2024-02-18
U02709,browse,2024-02-18
U02709,add_to_cart,2024-02-19
U02710,register,2024-07-16
U02710,app_open,2024-07-16
U02710,browse,2024-07-17
U02710,add_to_cart,2024-07-17
U02710,purchase,2024-07-17
U02711,register,2024-11-16
U02711,app_open,2024-11-16
U02711,browse,2024-11-16
U02711,add_to_cart,2024-11-17
U02712,register,2024-09-19
U02712,browse,2024-09-20
U02713,register,2024-08-03
U02713,app_open,2024-08-03
U02713,browse,2024-08-04
U02713,add_to_cart,2024-08-04
U02713,purchase,2024-08-04
U02713,repurchase,2024-08-22
U02714,register,2024-08-10
U02714,app_open,2024-08-10
U02714,browse,2024-08-11
U02715,register,2024-01-14
U02715,browse,2024-01-14
U02715,add_to_cart,2024-01-14
U02716,register,2024-07-18
U02716,app_open,2024-07-18
U02716,browse,2024-07-18
U02717,register,2024-10-20
U02717,app_open,2024-10-20
U02718,register,2024-12-26
U02718,app_open,2024-12-26
U02718,browse,2024-12-27
U02719,register,2024-12-01
U02720,register,2024-02-26
U02720,app_open,2024-02-26
U02721,register,2024-12-11
U02721,app_open,2024-12-11
U02721,browse,2024-12-12
U02722,register,2024-11-19
U02722,app_open,2024-11-19
U02722,browse,2024-11-19
U02723,register,2024-11-18
U02723,app_open,2024-11-18
U02723,browse,2024-11-19
U02723,add_to_cart,2024-11-19
U02724,register,2024-09-04
U02724,app_open,2024-09-04
U02724,browse,2024-09-05
U02724,add_to_cart,2024-09-07
U02725,register,2024-08-18
U02725,browse,2024-08-18
U02725,add_to_cart,2024-08-18
U02726,register,2024-07-19
U02726,app_open,2024-07-19
U02726,browse,2024-07-20
U02727,register,2024-04-03
U02727,browse,2024-04-04
U02728,register,2024-06-23
U02728,app_open,2024-06-23
U02728,browse,2024-06-23
U02729,register,2024-06-30
U02729,app_open,2024-06-30
U02729,browse,2024-06-30
U02730,register,2024-09-10
U02730,app_open,2024-09-10
U02730,browse,2024-09-11
U02731,register,2024-11-11
U02731,app_open,2024-11-11
U02732,register,2024-09-08
U02732,app_open,2024-09-08
U02732,browse,2024-09-09
U02733,register,2024-03-28
U02733,browse,2024-03-28
U02733,add_to_cart,2024-03-30
U02733,purchase,2024-04-01
U02733,repurchase,2024-04-16
U02734,register,2024-12-23
U02734,app_open,2024-12-23
U02734,browse,2024-12-24
U02734,add_to_cart,2024-12-24
U02735,register,2024-12-20
U02735,app_open,2024-12-20
U02736,register,2024-11-19
U02736,app_open,2024-11-19
U02736,browse,2024-11-19
U02736,add_to_cart,2024-11-20
U02737,register,2024-12-29
U02737,app_open,2024-12-29
U02737,browse,2024-12-30
U02737,add_to_cart,2024-12-31
U02737,purchase,2025-01-02
U02737,repurchase,2025-01-29
U02738,register,2024-09-26
U02738,app_open,2024-09-26
U02738,browse,2024-09-26
U02738,add_to_cart,2024-09-28
U02738,purchase,2024-09-28
U02739,register,2024-12-24
U02739,app_open,2024-12-24
U02739,browse,2024-12-25
U02739,add_to_cart,2024-12-27
U02740,register,2024-04-10
U02741,register,2024-08-08
U02741,app_open,2024-08-08
U02741,browse,2024-08-08
U02742,register,2024-06-22
U02742,app_open,2024-06-22
U02742,browse,2024-06-23
U02743,register,2024-06-10
U02743,app_open,2024-06-10
U02744,register,2024-05-16
U02744,app_open,2024-05-16
U02744,browse,2024-05-16
U02745,register,2024-10-14
U02745,app_open,2024-10-14
U02746,register,2024-11-18
U02746,browse,2024-11-19
U02747,register,2024-10-04
U02747,app_open,2024-10-04
U02747,browse,2024-10-05
U02748,register,2024-05-19
U02748,app_open,2024-05-19
U02748,browse,2024-05-19
U02748,add_to_cart,2024-05-21
U02748,purchase,2024-05-22
U02749,register,2024-11-24
U02749,app_open,2024-11-24
U02749,browse,2024-11-25
U02749,add_to_cart,2024-11-27
U02749,purchase,2024-11-27
U02750,register,2024-10-18
U02750,app_open,2024-10-18
U02750,browse,2024-10-19
U02751,register,2024-08-15
U02751,app_open,2024-08-15
U02752,register,2024-10-26
U02752,browse,2024-10-27
U02753,register,2024-07-05
U02753,app_open,2024-07-05
U02753,browse,2024-07-05
U02754,register,2024-08-02
U02754,app_open,2024-08-02
U02754,browse,2024-08-02
U02755,register,2024-12-15
U02755,app_open,2024-12-15
U02755,browse,2024-12-16
U02756,register,2024-07-15
U02756,app_open,2024-07-15
U02756,browse,2024-07-15
U02756,add_to_cart,2024-07-17
U02756,purchase,2024-07-17
U02756,repurchase,2024-08-13
U02757,register,2024-09-07
U02757,app_open,2024-09-07
U02757,browse,2024-09-08
U02758,register,2024-12-10
U02758,app_open,2024-12-10
U02758,browse,2024-12-10
U02759,register,2024-11-03
U02759,browse,2024-11-04
U02760,register,2024-04-01
U02760,app_open,2024-04-01
U02760,browse,2024-04-01
U02761,register,2024-05-20
U02761,app_open,2024-05-20
U02761,browse,2024-05-20
U02762,register,2024-02-02
U02762,app_open,2024-02-02
U02762,browse,2024-02-03
U02763,register,2024-10-16
U02763,app_open,2024-10-16
U02763,browse,2024-10-16
U02763,add_to_cart,2024-10-18
U02764,register,2024-09-01
U02764,app_open,2024-09-01
U02764,browse,2024-09-02
U02764,add_to_cart,2024-09-04
U02765,register,2024-05-13
U02765,app_open,2024-05-13
U02766,register,2024-12-23
U02766,app_open,2024-12-23
U02767,register,2024-09-22
U02767,app_open,2024-09-22
U02767,browse,2024-09-22
U02768,register,2024-06-28
U02768,app_open,2024-06-28
U02768,browse,2024-06-28
U02768,add_to_cart,2024-06-30
U02768,purchase,2024-06-30
U02769,register,2024-09-15
U02769,app_open,2024-09-15
U02769,browse,2024-09-15
U02769,add_to_cart,2024-09-17
U02769,purchase,2024-09-18
U02769,share,2024-09-21
U02770,register,2024-10-27
U02770,app_open,2024-10-27
U02771,register,2024-04-10
U02771,app_open,2024-04-10
U02772,register,2024-07-10
U02772,app_open,2024-07-10
U02772,browse,2024-07-10
U02772,add_to_cart,2024-07-11
U02773,register,2024-11-23
U02773,app_open,2024-11-23
U02773,browse,2024-11-24
U02773,add_to_cart,2024-11-26
U02773,purchase,2024-11-27
U02774,register,2024-09-04
U02774,app_open,2024-09-04
U02774,browse,2024-09-04
U02775,register,2024-09-26
U02776,register,2024-08-28
U02776,app_open,2024-08-28
U02776,browse,2024-08-28
U02777,register,2024-03-17
U02777,app_open,2024-03-17
U02777,browse,2024-03-18
U02777,add_to_cart,2024-03-19
U02778,register,2024-05-28
U02778,app_open,2024-05-28
U02778,browse,2024-05-28
U02778,add_to_cart,2024-05-30
U02779,register,2024-08-31
U02779,app_open,2024-08-31
U02779,browse,2024-09-01
U02779,add_to_cart,2024-09-01
U02779,purchase,2024-09-01
U02779,repurchase,2024-09-14
U02780,register,2024-06-15
U02780,app_open,2024-06-15
U02780,browse,2024-06-15
U02781,register,2024-03-22
U02781,app_open,2024-03-22
U02781,browse,2024-03-23
U02782,register,2024-12-01
U02782,app_open,2024-12-01
U02782,browse,2024-12-02
U02783,register,2024-12-27
U02783,app_open,2024-12-27
U02783,browse,2024-12-28
U02784,register,2024-11-21
U02784,app_open,2024-11-21
U02785,register,2024-12-03
U02786,register,2024-06-28
U02786,app_open,2024-06-28
U02786,browse,2024-06-29
U02786,add_to_cart,2024-07-01
U02787,register,2024-12-23
U02787,app_open,2024-12-23
U02787,browse,2024-12-23
U02788,register,2024-06-10
U02788,app_open,2024-06-10
U02788,browse,2024-06-11
U02789,register,2024-12-22
U02789,app_open,2024-12-22
U02789,browse,2024-12-22
U02789,add_to_cart,2024-12-22
U02789,purchase,2024-12-23
U02790,register,2024-12-30
U02790,app_open,2024-12-30
U02790,browse,2024-12-31
U02791,register,2024-11-03
U02791,app_open,2024-11-03
U02791,browse,2024-11-03
U02791,add_to_cart,2024-11-04
U02792,register,2024-12-27
U02792,browse,2024-12-27
U02793,register,2024-10-02
U02793,app_open,2024-10-02
U02794,register,2024-07-04
U02794,app_open,2024-07-04
U02795,register,2024-08-29
U02795,app_open,2024-08-29
U02795,browse,2024-08-29
U02795,add_to_cart,2024-08-30
U02795,purchase,2024-09-01
U02796,register,2024-10-08
U02796,browse,2024-10-09
U02797,register,2024-04-08
U02797,app_open,2024-04-08
U02797,browse,2024-04-08
U02797,add_to_cart,2024-04-08
U02797,purchase,2024-04-09
U02798,register,2024-10-14
U02798,app_open,2024-10-14
U02798,browse,2024-10-15
U02799,register,2024-12-27
U02799,app_open,2024-12-27
U02799,browse,2024-12-28
U02800,register,2024-06-08
U02800,app_open,2024-06-08
U02801,register,2024-11-20
U02801,app_open,2024-11-20
U02801,browse,2024-11-20
U02801,add_to_cart,2024-11-22
U02801,purchase,2024-11-22
U02801,share,2024-11-23
U02802,register,2024-12-13
U02802,app_open,2024-12-13
U02802,browse,2024-12-14
U02803,register,2024-12-20
U02803,app_open,2024-12-20
U02804,register,2024-12-23
U02804,app_open,2024-12-23
U02804,browse,2024-12-24
U02804,add_to_cart,2024-12-26
U02805,register,2024-09-20
U02805,app_open,2024-09-20
U02805,browse,2024-09-20
U02805,add_to_cart,2024-09-21
U02805,purchase,2024-09-23
U02806,register,2024-12-26
U02806,app_open,2024-12-26
U02807,register,2024-11-13
U02807,app_open,2024-11-13
U02807,browse,2024-11-14
U02808,register,2024-05-26
U02808,app_open,2024-05-26
U02808,browse,2024-05-26
U02809,register,2024-09-09
U02809,browse,2024-09-10
U02810,register,2024-11-05
U02810,app_open,2024-11-05
U02810,browse,2024-11-05
U02811,register,2024-06-30
U02811,browse,2024-06-30
U02812,register,2024-10-19
U02812,app_open,2024-10-19
U02812,browse,2024-10-19
U02813,register,2024-10-25
U02813,app_open,2024-10-25
U02813,browse,2024-10-25
U02814,register,2024-05-27
U02814,app_open,2024-05-27
U02814,browse,2024-05-28
U02815,register,2024-10-01
U02815,app_open,2024-10-01
U02815,browse,2024-10-01
U02816,register,2024-11-16
U02816,app_open,2024-11-16
U02816,browse,2024-11-16
U02817,register,2024-09-14
U02817,app_open,2024-09-14
U02817,browse,2024-09-15
U02818,register,2024-02-10
U02818,app_open,2024-02-10
U02818,browse,2024-02-10
U02819,register,2024-02-04
U02819,app_open,2024-02-04
U02819,browse,2024-02-04
U02820,register,2024-08-06
U02820,app_open,2024-08-06
U02820,browse,2024-08-07
U02820,add_to_cart,2024-08-07
U02820,purchase,2024-08-07
U02821,register,2024-12-17
U02821,app_open,2024-12-17
U02821,browse,2024-12-17
U02822,register,2024-06-23
U02822,app_open,2024-06-23
U02822,browse,2024-06-23
U02823,register,2024-10-17
U02823,app_open,2024-10-17
U02823,browse,2024-10-17
U02823,add_to_cart,2024-10-19
U02823,purchase,2024-10-19
U02824,register,2024-06-21
U02824,app_open,2024-06-21
U02824,browse,2024-06-22
U02824,add_to_cart,2024-06-24
U02824,purchase,2024-06-26
U02824,repurchase,2024-07-16
U02825,register,2024-07-26
U02825,app_open,2024-07-26
U02825,browse,2024-07-27
U02825,add_to_cart,2024-07-27
U02825,purchase,2024-07-29
U02825,share,2024-07-30
U02826,register,2024-12-02
U02826,app_open,2024-12-02
U02827,register,2024-11-07
U02827,app_open,2024-11-07
U02828,register,2024-04-22
U02828,app_open,2024-04-22
U02828,browse,2024-04-23
U02828,add_to_cart,2024-04-24
U02828,purchase,2024-04-24
U02829,register,2024-08-26
U02829,app_open,2024-08-26
U02830,register,2024-03-03
U02830,app_open,2024-03-03
U02830,browse,2024-03-03
U02830,add_to_cart,2024-03-05
U02831,register,2024-09-10
U02831,app_open,2024-09-10
U02831,browse,2024-09-11
U02832,register,2024-10-24
U02832,app_open,2024-10-24
U02833,register,2024-05-05
U02833,app_open,2024-05-05
U02833,browse,2024-05-06
U02833,add_to_cart,2024-05-08
U02834,register,2024-07-15
U02834,app_open,2024-07-15
U02834,browse,2024-07-16
U02834,add_to_cart,2024-07-16
U02835,register,2024-08-18
U02835,app_open,2024-08-18
U02835,browse,2024-08-18
U02835,add_to_cart,2024-08-18
U02835,purchase,2024-08-18
U02835,repurchase,2024-08-29
U02835,share,2024-08-29
U02836,register,2024-12-16
U02836,app_open,2024-12-16
U02836,browse,2024-12-17
U02837,register,2024-12-29
U02837,app_open,2024-12-29
U02837,browse,2024-12-29
U02837,add_to_cart,2024-12-29
U02837,purchase,2024-12-29
U02838,register,2024-03-18
U02838,app_open,2024-03-18
U02839,register,2024-11-14
U02839,app_open,2024-11-14
U02839,browse,2024-11-15
U02840,register,2024-08-10
U02840,app_open,2024-08-10
U02840,browse,2024-08-11
U02841,register,2024-08-16
U02841,app_open,2024-08-16
U02842,register,2024-11-12
U02842,app_open,2024-11-12
U02842,browse,2024-11-13
U02843,register,2024-12-15
U02843,app_open,2024-12-15
U02844,register,2024-12-21
U02844,browse,2024-12-21
U02844,add_to_cart,2024-12-21
U02844,purchase,2024-12-22
U02844,repurchase,2025-01-12
U02845,register,2024-10-04
U02845,app_open,2024-10-04
U02846,register,2024-08-06
U02846,browse,2024-08-06
U02847,register,2024-11-19
U02847,app_open,2024-11-19
U02847,browse,2024-11-20
U02848,register,2024-07-01
U02848,app_open,2024-07-01
U02848,browse,2024-07-02
U02848,add_to_cart,2024-07-04
U02848,purchase,2024-07-05
U02849,register,2024-10-01
U02849,app_open,2024-10-01
U02849,browse,2024-10-01
U02850,register,2024-08-06
U02850,app_open,2024-08-06
U02850,browse,2024-08-07
U02850,add_to_cart,2024-08-08
U02850,purchase,2024-08-09
U02851,register,2024-10-22
U02851,app_open,2024-10-22
U02852,register,2024-06-27
U02852,app_open,2024-06-27
U02852,browse,2024-06-28
U02852,add_to_cart,2024-06-28
U02853,register,2024-06-08
U02853,browse,2024-06-08
U02854,register,2024-12-15
U02854,app_open,2024-12-15
U02855,register,2024-04-26
U02855,app_open,2024-04-26
U02856,register,2024-09-16
U02856,app_open,2024-09-16
U02856,browse,2024-09-17
U02857,register,2024-06-20
U02857,app_open,2024-06-20
U02857,browse,2024-06-20
U02857,add_to_cart,2024-06-22
U02857,purchase,2024-06-24
U02857,repurchase,2024-07-22
U02858,register,2024-03-13
U02858,app_open,2024-03-13
U02858,browse,2024-03-14
U02859,register,2024-03-10
U02859,app_open,2024-03-10
U02859,browse,2024-03-10
U02860,register,2024-06-01
U02860,app_open,2024-06-01
U02860,browse,2024-06-02
U02860,add_to_cart,2024-06-04
U02861,register,2024-12-05
U02861,app_open,2024-12-05
U02862,register,2024-07-12
U02862,app_open,2024-07-12
U02863,register,2024-12-21
U02863,app_open,2024-12-21
U02864,register,2024-10-05
U02864,app_open,2024-10-05
U02864,browse,2024-10-05
U02865,register,2024-08-29
U02865,app_open,2024-08-29
U02865,browse,2024-08-29
U02865,add_to_cart,2024-08-31
U02865,purchase,2024-09-01
U02865,share,2024-09-01
U02866,register,2024-10-04
U02866,app_open,2024-10-04
U02866,browse,2024-10-05
U02867,register,2024-09-19
U02867,app_open,2024-09-19
U02867,browse,2024-09-19
U02868,register,2024-11-13
U02868,app_open,2024-11-13
U02868,browse,2024-11-14
U02869,register,2024-07-12
U02869,app_open,2024-07-12
U02869,browse,2024-07-13
U02870,register,2024-08-04
U02870,app_open,2024-08-04
U02870,browse,2024-08-04
U02871,register,2024-12-11
U02871,app_open,2024-12-11
U02871,browse,2024-12-11
U02872,register,2024-12-21
U02872,app_open,2024-12-21
U02872,browse,2024-12-21
U02872,add_to_cart,2024-12-21
U02872,purchase,2024-12-22
U02873,register,2024-12-10
U02874,register,2024-08-24
U02874,app_open,2024-08-24
U02874,browse,2024-08-25
U02874,add_to_cart,2024-08-27
U02875,register,2024-11-18
U02875,app_open,2024-11-18
U02875,browse,2024-11-18
U02876,register,2024-09-08
U02876,app_open,2024-09-08
U02876,browse,2024-09-08
U02876,add_to_cart,2024-09-10
U02877,register,2024-09-14
U02877,app_open,2024-09-14
U02877,browse,2024-09-15
U02877,add_to_cart,2024-09-17
U02878,register,2024-06-14
U02878,browse,2024-06-14
U02878,add_to_cart,2024-06-14
U02878,purchase,2024-06-15
U02878,repurchase,2024-07-03
U02879,register,2024-10-07
U02879,app_open,2024-10-07
U02879,browse,2024-10-07
U02880,register,2024-06-06
U02880,app_open,2024-06-06
U02881,register,2024-07-29
U02881,app_open,2024-07-29
U02882,register,2024-12-03
U02882,app_open,2024-12-03
U02882,browse,2024-12-04
U02883,register,2024-06-15
U02883,app_open,2024-06-15
U02883,browse,2024-06-15
U02884,register,2024-04-07
U02884,app_open,2024-04-07
U02884,browse,2024-04-08
U02884,add_to_cart,2024-04-09
U02885,register,2024-04-05
U02885,app_open,2024-04-05
U02885,browse,2024-04-06
U02885,add_to_cart,2024-04-08
U02885,purchase,2024-04-10
U02885,repurchase,2024-05-06
U02885,share,2024-05-09
U02886,register,2024-12-20
U02886,app_open,2024-12-20
U02886,browse,2024-12-20
U02887,register,2024-09-16
U02887,app_open,2024-09-16
U02887,browse,2024-09-17
U02887,add_to_cart,2024-09-17
U02887,purchase,2024-09-17
U02888,register,2024-08-21
U02888,app_open,2024-08-21
U02888,browse,2024-08-22
U02889,register,2024-11-24
U02889,browse,2024-11-24
U02889,add_to_cart,2024-11-25
U02889,purchase,2024-11-25
U02890,register,2024-11-29
U02890,app_open,2024-11-29
U02890,browse,2024-11-29
U02891,register,2024-07-29
U02891,browse,2024-07-30
U02891,add_to_cart,2024-07-30
U02892,register,2024-10-30
U02892,app_open,2024-10-30
U02893,register,2024-11-16
U02893,app_open,2024-11-16
U02893,browse,2024-11-17
U02894,register,2024-10-22
U02894,app_open,2024-10-22
U02894,browse,2024-10-22
U02894,add_to_cart,2024-10-22
U02894,purchase,2024-10-22
U02895,register,2024-05-22
U02895,app_open,2024-05-22
U02896,register,2024-12-07
U02896,app_open,2024-12-07
U02896,browse,2024-12-07
U02896,add_to_cart,2024-12-09
U02896,purchase,2024-12-11
U02897,register,2024-09-24
U02897,app_open,2024-09-24
U02898,register,2024-07-12
U02898,app_open,2024-07-12
U02898,browse,2024-07-13
U02898,add_to_cart,2024-07-13
U02898,purchase,2024-07-14
U02898,repurchase,2024-07-27
U02899,register,2024-08-26
U02899,app_open,2024-08-26
U02899,browse,2024-08-27
U02899,add_to_cart,2024-08-27
U02899,purchase,2024-08-29
U02900,register,2024-03-11
U02900,app_open,2024-03-11
U02900,browse,2024-03-11
U02900,add_to_cart,2024-03-13
U02901,register,2024-05-10
U02901,app_open,2024-05-10
U02901,browse,2024-05-11
U02901,add_to_cart,2024-05-11
U02902,register,2024-11-15
U02902,browse,2024-11-15
U02902,add_to_cart,2024-11-17
U02902,purchase,2024-11-17
U02903,register,2024-01-02
U02903,app_open,2024-01-02
U02903,browse,2024-01-02
U02903,add_to_cart,2024-01-03
U02903,purchase,2024-01-05
U02904,register,2024-08-23
U02904,app_open,2024-08-23
U02904,browse,2024-08-23
U02904,add_to_cart,2024-08-25
U02904,purchase,2024-08-27
U02905,register,2024-09-20
U02905,app_open,2024-09-20
U02905,browse,2024-09-21
U02906,register,2024-03-26
U02906,app_open,2024-03-26
U02907,register,2024-12-26
U02907,app_open,2024-12-26
U02907,browse,2024-12-27
U02907,add_to_cart,2024-12-28
U02908,register,2024-06-22
U02908,app_open,2024-06-22
U02909,register,2024-07-20
U02909,app_open,2024-07-20
U02910,register,2024-07-20
U02910,app_open,2024-07-20
U02910,browse,2024-07-20
U02910,add_to_cart,2024-07-22
U02910,purchase,2024-07-22
U02910,repurchase,2024-08-07
U02911,register,2024-06-24
U02911,app_open,2024-06-24
U02911,browse,2024-06-24
U02911,add_to_cart,2024-06-25
U02912,register,2024-01-15
U02912,app_open,2024-01-15
U02913,register,2024-11-07
U02914,register,2024-12-24
U02914,app_open,2024-12-24
U02915,register,2024-06-21
U02915,app_open,2024-06-21
U02915,browse,2024-06-22
U02916,register,2024-10-24
U02916,browse,2024-10-24
U02917,register,2024-11-10
U02917,app_open,2024-11-10
U02918,register,2024-12-02
U02918,app_open,2024-12-02
U02919,register,2024-08-25
U02919,app_open,2024-08-25
U02919,browse,2024-08-25
U02920,register,2024-07-19
U02920,app_open,2024-07-19
U02920,browse,2024-07-19
U02920,add_to_cart,2024-07-20
U02920,purchase,2024-07-22
U02920,share,2024-07-25
U02921,register,2024-07-27
U02921,browse,2024-07-27
U02921,add_to_cart,2024-07-27
U02922,register,2024-11-04
U02922,app_open,2024-11-04
U02922,browse,2024-11-05
U02922,add_to_cart,2024-11-06
U02922,purchase,2024-11-08
U02923,register,2024-11-25
U02923,app_open,2024-11-25
U02923,browse,2024-11-25
U02924,register,2024-06-04
U02924,app_open,2024-06-04
U02924,browse,2024-06-04
U02925,register,2024-08-10
U02925,app_open,2024-08-10
U02925,browse,2024-08-11
U02926,register,2024-12-12
U02926,app_open,2024-12-12
U02926,browse,2024-12-12
U02926,add_to_cart,2024-12-12
U02927,register,2024-11-23
U02927,app_open,2024-11-23
U02927,browse,2024-11-23
U02928,register,2024-12-28
U02928,app_open,2024-12-28
U02928,browse,2024-12-28
U02928,add_to_cart,2024-12-28
U02928,purchase,2024-12-29
U02928,repurchase,2025-01-23
U02929,register,2024-11-12
U02929,app_open,2024-11-12
U02929,browse,2024-11-12
U02929,add_to_cart,2024-11-13
U02929,purchase,2024-11-14
U02929,share,2024-11-16
U02930,register,2024-08-16
U02930,app_open,2024-08-16
U02930,browse,2024-08-17
U02931,register,2024-10-07
U02931,app_open,2024-10-07
U02931,browse,2024-10-08
U02932,register,2024-10-23
U02932,app_open,2024-10-23
U02932,browse,2024-10-24
U02933,register,2024-04-12
U02933,app_open,2024-04-12
U02933,browse,2024-04-12
U02933,add_to_cart,2024-04-12
U02933,purchase,2024-04-14
U02933,share,2024-04-17
U02934,register,2024-09-26
U02934,app_open,2024-09-26
U02934,browse,2024-09-26
U02935,register,2024-11-03
U02935,app_open,2024-11-03
U02935,browse,2024-11-04
U02936,register,2024-05-29
U02937,register,2024-11-18
U02937,app_open,2024-11-18
U02937,browse,2024-11-18
U02937,add_to_cart,2024-11-19
U02937,purchase,2024-11-20
U02938,register,2024-10-05
U02938,browse,2024-10-06
U02939,register,2024-12-22
U02939,app_open,2024-12-22
U02940,register,2024-03-16
U02940,app_open,2024-03-16
U02940,browse,2024-03-17
U02941,register,2024-07-07
U02941,browse,2024-07-08
U02942,register,2024-10-10
U02942,app_open,2024-10-10
U02943,register,2024-07-17
U02943,app_open,2024-07-17
U02943,browse,2024-07-17
U02943,add_to_cart,2024-07-17
U02943,purchase,2024-07-17
U02943,repurchase,2024-07-31
U02944,register,2024-11-04
U02944,app_open,2024-11-04
U02944,browse,2024-11-05
U02945,register,2024-11-13
U02945,app_open,2024-11-13
U02945,browse,2024-11-14
U02946,register,2024-04-26
U02946,app_open,2024-04-26
U02946,browse,2024-04-27
U02947,register,2024-09-18
U02947,app_open,2024-09-18
U02947,browse,2024-09-19
U02947,add_to_cart,2024-09-21
U02947,purchase,2024-09-23
U02947,share,2024-09-26
U02948,register,2024-09-17
U02948,app_open,2024-09-17
U02948,browse,2024-09-18
U02948,add_to_cart,2024-09-20
U02949,register,2024-08-09
U02949,app_open,2024-08-09
U02950,register,2024-12-18
U02950,app_open,2024-12-18
U02950,browse,2024-12-19
U02951,register,2024-11-28
U02951,app_open,2024-11-28
U02951,browse,2024-11-29
U02952,register,2024-10-31
U02952,app_open,2024-10-31
U02953,register,2024-11-04
U02953,app_open,2024-11-04
U02954,register,2024-09-05
U02954,browse,2024-09-05
U02955,register,2024-12-16
U02955,browse,2024-12-16
U02955,add_to_cart,2024-12-18
U02956,register,2024-10-31
U02956,app_open,2024-10-31
U02957,register,2024-11-07
U02957,app_open,2024-11-07
U02958,register,2024-12-04
U02958,app_open,2024-12-04
U02959,register,2024-07-10
U02959,app_open,2024-07-10
U02959,browse,2024-07-10
U02959,add_to_cart,2024-07-10
U02960,register,2024-11-23
U02960,app_open,2024-11-23
U02960,browse,2024-11-23
U02961,register,2024-06-10
U02961,app_open,2024-06-10
U02961,browse,2024-06-10
U02961,add_to_cart,2024-06-12
U02962,register,2024-08-02
U02962,app_open,2024-08-02
U02962,browse,2024-08-02
U02963,register,2024-07-30
U02963,app_open,2024-07-30
U02963,browse,2024-07-31
U02964,register,2024-12-27
U02964,app_open,2024-12-27
U02964,browse,2024-12-28
U02965,register,2024-12-03
U02965,app_open,2024-12-03
U02965,browse,2024-12-03
U02966,register,2024-11-01
U02967,register,2024-11-07
U02967,app_open,2024-11-07
U02968,register,2024-09-30
U02968,app_open,2024-09-30
U02968,browse,2024-10-01
U02969,register,2024-12-21
U02969,app_open,2024-12-21
U02969,browse,2024-12-22
U02969,add_to_cart,2024-12-24
U02970,register,2024-09-14
U02970,browse,2024-09-14
U02971,register,2024-08-13
U02971,app_open,2024-08-13
U02971,browse,2024-08-13
U02972,register,2024-05-27
U02972,app_open,2024-05-27
U02972,browse,2024-05-27
U02973,register,2024-11-19
U02973,app_open,2024-11-19
U02973,browse,2024-11-20
U02974,register,2024-11-08
U02974,app_open,2024-11-08
U02974,browse,2024-11-09
U02975,register,2024-08-14
U02975,app_open,2024-08-14
U02975,browse,2024-08-14
U02976,register,2024-02-27
U02976,app_open,2024-02-27
U02977,register,2024-11-30
U02977,app_open,2024-11-30
U02977,browse,2024-12-01
U02978,register,2024-02-09
U02978,app_open,2024-02-09
U02978,browse,2024-02-10
U02978,add_to_cart,2024-02-10
U02978,purchase,2024-02-11
U02978,share,2024-02-14
U02979,register,2024-11-02
U02979,app_open,2024-11-02
U02979,browse,2024-11-02
U02979,add_to_cart,2024-11-03
U02980,register,2024-12-25
U02980,app_open,2024-12-25
U02980,browse,2024-12-25
U02980,add_to_cart,2024-12-25
U02981,register,2024-08-29
U02981,app_open,2024-08-29
U02982,register,2024-06-25
U02982,app_open,2024-06-25
U02982,browse,2024-06-25
U02982,add_to_cart,2024-06-27
U02983,register,2024-11-02
U02983,browse,2024-11-02
U02984,register,2024-11-25
U02984,app_open,2024-11-25
U02985,register,2024-09-26
U02985,app_open,2024-09-26
U02986,register,2024-12-24
U02986,app_open,2024-12-24
U02986,browse,2024-12-24
U02986,add_to_cart,2024-12-24
U02986,purchase,2024-12-26
U02986,repurchase,2025-01-11
U02987,register,2024-03-23
U02987,app_open,2024-03-23
U02988,register,2024-09-16
U02988,app_open,2024-09-16
U02989,register,2024-11-05
U02989,app_open,2024-11-05
U02989,browse,2024-11-06
U02990,register,2024-12-05
U02990,app_open,2024-12-05
U02990,browse,2024-12-06
U02990,add_to_cart,2024-12-08
U02990,purchase,2024-12-09
U02990,repurchase,2025-01-08
U02990,share,2025-01-08
U02991,register,2024-06-03
U02991,app_open,2024-06-03
U02991,browse,2024-06-04
U02992,register,2024-11-22
U02992,app_open,2024-11-22
U02992,browse,2024-11-22
U02993,register,2024-09-28
U02993,browse,2024-09-28
U02994,register,2024-08-17
U02994,app_open,2024-08-17
U02994,browse,2024-08-18
U02995,register,2024-05-12
U02995,app_open,2024-05-12
U02995,browse,2024-05-12
U02995,add_to_cart,2024-05-12
U02995,purchase,2024-05-13
U02996,register,2024-12-05
U02996,app_open,2024-12-05
U02996,browse,2024-12-05
U02996,add_to_cart,2024-12-07
U02996,purchase,2024-12-07
U02997,register,2024-05-24
U02997,app_open,2024-05-24
U02998,register,2024-07-22
U02999,register,2024-07-15
U02999,app_open,2024-07-15
U02999,browse,2024-07-16
U02999,add_to_cart,2024-07-18
U03000,register,2024-12-06
U03000,browse,2024-12-06
U03001,register,2024-10-26
U03001,browse,2024-10-27
U03001,add_to_cart,2024-10-28
U03002,register,2024-11-21
U03002,app_open,2024-11-21
U03002,browse,2024-11-21
U03003,register,2024-07-01
U03003,app_open,2024-07-01
U03003,browse,2024-07-02
U03004,register,2024-10-15
U03004,app_open,2024-10-15
U03004,browse,2024-10-15
U03005,register,2024-10-02
U03005,browse,2024-10-03
U03006,register,2024-11-29
U03007,register,2024-12-13
U03007,app_open,2024-12-13
U03007,browse,2024-12-13
U03008,register,2024-02-10
U03009,register,2024-10-26
U03009,browse,2024-10-26
U03010,register,2024-03-24
U03010,app_open,2024-03-24
U03010,browse,2024-03-24
U03010,add_to_cart,2024-03-26
U03010,purchase,2024-03-27
U03010,repurchase,2024-04-26
U03011,register,2024-09-27
U03011,app_open,2024-09-27
U03011,browse,2024-09-27
U03011,add_to_cart,2024-09-29
U03012,register,2024-07-14
U03012,app_open,2024-07-14
U03012,browse,2024-07-15
U03012,add_to_cart,2024-07-17
U03012,purchase,2024-07-19
U03013,register,2024-07-21
U03013,app_open,2024-07-21
U03013,browse,2024-07-21
U03014,register,2024-08-04
U03014,app_open,2024-08-04
U03015,register,2024-10-14
U03015,browse,2024-10-15
U03016,register,2024-07-29
U03016,app_open,2024-07-29
U03016,browse,2024-07-30
U03016,add_to_cart,2024-07-30
U03016,purchase,2024-08-01
U03017,register,2024-11-08
U03017,app_open,2024-11-08
U03018,register,2024-08-20
U03018,browse,2024-08-20
U03019,register,2024-04-05
U03019,app_open,2024-04-05
U03019,browse,2024-04-05
U03020,register,2024-11-19
U03020,app_open,2024-11-19
U03020,browse,2024-11-19
U03020,add_to_cart,2024-11-20
U03021,register,2024-07-14
U03021,browse,2024-07-14
U03021,add_to_cart,2024-07-16
U03022,register,2024-08-28
U03022,app_open,2024-08-28
U03022,browse,2024-08-29
U03022,add_to_cart,2024-08-31
U03022,purchase,2024-09-02
U03023,register,2024-10-29
U03023,app_open,2024-10-29
U03023,browse,2024-10-29
U03023,add_to_cart,2024-10-31
U03024,register,2024-07-29
U03024,app_open,2024-07-29
U03024,browse,2024-07-29
U03024,add_to_cart,2024-07-31
U03024,purchase,2024-08-02
U03024,repurchase,2024-08-20
U03025,register,2024-03-27
U03025,app_open,2024-03-27
U03025,browse,2024-03-28
U03025,add_to_cart,2024-03-30
U03026,register,2024-08-11
U03026,app_open,2024-08-11
U03027,register,2024-12-20
U03027,app_open,2024-12-20
U03027,browse,2024-12-20
U03028,register,2024-10-19
U03028,app_open,2024-10-19
U03029,register,2024-10-26
U03030,register,2024-10-17
U03030,app_open,2024-10-17
U03030,browse,2024-10-18
U03030,add_to_cart,2024-10-18
U03030,purchase,2024-10-19
U03031,register,2024-06-11
U03031,app_open,2024-06-11
U03031,browse,2024-06-12
U03031,add_to_cart,2024-06-13
U03032,register,2024-08-24
U03032,browse,2024-08-24
U03032,add_to_cart,2024-08-26
U03032,purchase,2024-08-26
U03032,repurchase,2024-09-14
U03033,register,2024-11-12
U03033,app_open,2024-11-12
U03034,register,2024-04-26
U03034,app_open,2024-04-26
U03034,browse,2024-04-26
U03035,register,2024-07-11
U03035,app_open,2024-07-11
U03035,browse,2024-07-11
U03036,register,2024-07-10
U03036,app_open,2024-07-10
U03036,browse,2024-07-11
U03037,register,2024-08-27
U03037,app_open,2024-08-27
U03037,browse,2024-08-27
U03038,register,2024-12-27
U03038,app_open,2024-12-27
U03038,browse,2024-12-27
U03039,register,2024-04-04
U03039,app_open,2024-04-04
U03040,register,2024-09-19
U03040,app_open,2024-09-19
U03040,browse,2024-09-20
U03040,add_to_cart,2024-09-20
U03040,purchase,2024-09-21
U03041,register,2024-06-03
U03041,app_open,2024-06-03
U03041,browse,2024-06-03
U03042,register,2024-12-25
U03042,browse,2024-12-25
U03042,add_to_cart,2024-12-26
U03042,purchase,2024-12-28
U03043,register,2024-05-02
U03043,app_open,2024-05-02
U03044,register,2024-08-19
U03044,app_open,2024-08-19
U03045,register,2024-11-09
U03045,app_open,2024-11-09
U03045,browse,2024-11-10
U03046,register,2024-11-02
U03046,app_open,2024-11-02
U03046,browse,2024-11-02
U03046,add_to_cart,2024-11-02
U03046,purchase,2024-11-04
U03047,register,2024-08-25
U03047,app_open,2024-08-25
U03047,browse,2024-08-26
U03048,register,2024-08-02
U03048,app_open,2024-08-02
U03048,browse,2024-08-02
U03049,register,2024-08-18
U03049,app_open,2024-08-18
U03049,browse,2024-08-18
U03049,add_to_cart,2024-08-19
U03050,register,2024-07-06
U03050,app_open,2024-07-06
U03050,browse,2024-07-07
U03050,add_to_cart,2024-07-08
U03050,purchase,2024-07-10
U03051,register,2024-06-14
U03051,app_open,2024-06-14
U03051,browse,2024-06-15
U03051,add_to_cart,2024-06-17
U03051,purchase,2024-06-18
U03052,register,2024-09-10
U03052,app_open,2024-09-10
U03053,register,2024-07-08
U03053,app_open,2024-07-08
U03053,browse,2024-07-09
U03053,add_to_cart,2024-07-10
U03053,purchase,2024-07-11
U03054,register,2024-07-14
U03054,app_open,2024-07-14
U03054,browse,2024-07-15
U03054,add_to_cart,2024-07-15
U03055,register,2024-10-22
U03055,app_open,2024-10-22
U03055,browse,2024-10-22
U03056,register,2024-12-25
U03056,app_open,2024-12-25
U03056,browse,2024-12-25
U03056,add_to_cart,2024-12-26
U03056,purchase,2024-12-28
U03056,repurchase,2025-01-09
U03056,share,2025-01-09
U03057,register,2024-10-10
U03057,app_open,2024-10-10
U03057,browse,2024-10-10
U03057,add_to_cart,2024-10-12
U03057,purchase,2024-10-14
U03058,register,2024-04-11
U03058,app_open,2024-04-11
U03059,register,2024-04-10
U03059,app_open,2024-04-10
U03059,browse,2024-04-11
U03059,add_to_cart,2024-04-13
U03060,register,2024-12-22
U03060,app_open,2024-12-22
U03061,register,2024-07-18
U03061,app_open,2024-07-18
U03061,browse,2024-07-19
U03062,register,2024-04-20
U03062,browse,2024-04-20
U03062,add_to_cart,2024-04-22
U03063,register,2024-10-09
U03063,app_open,2024-10-09
U03063,browse,2024-10-09
U03064,register,2024-10-15
U03064,app_open,2024-10-15
U03065,register,2024-10-20
U03065,browse,2024-10-20
U03066,register,2024-07-07
U03066,app_open,2024-07-07
U03066,browse,2024-07-08
U03067,register,2024-02-14
U03067,app_open,2024-02-14
U03067,browse,2024-02-15
U03067,add_to_cart,2024-02-15
U03068,register,2024-12-24
U03068,app_open,2024-12-24
U03069,register,2024-07-01
U03069,app_open,2024-07-01
U03070,register,2024-10-27
U03070,app_open,2024-10-27
U03070,browse,2024-10-27
U03071,register,2024-11-02
U03071,app_open,2024-11-02
U03071,browse,2024-11-03
U03071,add_to_cart,2024-11-05
U03071,purchase,2024-11-06
U03071,repurchase,2024-11-19
U03072,register,2024-10-12
U03072,app_open,2024-10-12
U03072,browse,2024-10-13
U03072,add_to_cart,2024-10-15
U03073,register,2024-07-23
U03073,app_open,2024-07-23
U03074,register,2024-07-09
U03074,app_open,2024-07-09
U03074,browse,2024-07-09
U03074,add_to_cart,2024-07-09
U03074,purchase,2024-07-11
U03075,register,2024-10-09
U03075,app_open,2024-10-09
U03075,browse,2024-10-10
U03076,register,2024-12-05
U03076,app_open,2024-12-05
U03076,browse,2024-12-05
U03076,add_to_cart,2024-12-05
U03076,purchase,2024-12-06
U03076,repurchase,2024-12-26
U03077,register,2024-12-21
U03077,app_open,2024-12-21
U03077,browse,2024-12-22
U03078,register,2024-04-28
U03078,app_open,2024-04-28
U03078,browse,2024-04-29
U03079,register,2024-05-23
U03079,app_open,2024-05-23
U03079,browse,2024-05-24
U03079,add_to_cart,2024-05-24
U03079,purchase,2024-05-24
U03079,repurchase,2024-06-07
U03080,register,2024-12-20
U03080,app_open,2024-12-20
U03080,browse,2024-12-20
U03080,add_to_cart,2024-12-22
U03080,purchase,2024-12-24
U03081,register,2024-11-09
U03081,app_open,2024-11-09
U03081,browse,2024-11-09
U03082,register,2024-12-08
U03082,browse,2024-12-09
U03083,register,2024-06-13
U03084,register,2024-10-06
U03084,app_open,2024-10-06
U03085,register,2024-11-01
U03085,app_open,2024-11-01
U03085,browse,2024-11-02
U03086,register,2024-10-28
U03086,app_open,2024-10-28
U03086,browse,2024-10-29
U03087,register,2024-08-21
U03087,app_open,2024-08-21
U03088,register,2024-02-15
U03088,browse,2024-02-15
U03089,register,2024-10-05
U03089,app_open,2024-10-05
U03089,browse,2024-10-06
U03090,register,2024-07-02
U03090,app_open,2024-07-02
U03090,browse,2024-07-03
U03091,register,2024-09-01
U03091,app_open,2024-09-01
U03091,browse,2024-09-01
U03092,register,2024-12-23
U03092,app_open,2024-12-23
U03093,register,2024-08-18
U03093,app_open,2024-08-18
U03093,browse,2024-08-18
U03093,add_to_cart,2024-08-18
U03093,purchase,2024-08-20
U03093,repurchase,2024-09-12
U03094,register,2024-11-30
U03094,app_open,2024-11-30
U03094,browse,2024-11-30
U03094,add_to_cart,2024-12-01
U03094,purchase,2024-12-01
U03094,share,2024-12-01
U03095,register,2024-06-07
U03095,app_open,2024-06-07
U03095,browse,2024-06-08
U03095,add_to_cart,2024-06-08
U03096,register,2024-10-26
U03096,app_open,2024-10-26
U03096,browse,2024-10-26
U03097,register,2024-12-26
U03097,app_open,2024-12-26
U03097,browse,2024-12-27
U03098,register,2024-04-26
U03098,app_open,2024-04-26
U03098,browse,2024-04-27
U03098,add_to_cart,2024-04-27
U03098,purchase,2024-04-29
U03099,register,2024-02-03
U03099,app_open,2024-02-03
U03099,browse,2024-02-04
U03099,add_to_cart,2024-02-06
U03100,register,2024-08-28
U03100,app_open,2024-08-28
U03100,browse,2024-08-29
U03101,register,2024-04-21
U03101,app_open,2024-04-21
U03102,register,2024-11-11
U03102,app_open,2024-11-11
U03102,browse,2024-11-12
U03103,register,2024-12-15
U03103,app_open,2024-12-15
U03103,browse,2024-12-15
U03103,add_to_cart,2024-12-15
U03104,register,2024-08-28
U03104,app_open,2024-08-28
U03104,browse,2024-08-29
U03105,register,2024-07-04
U03105,app_open,2024-07-04
U03105,browse,2024-07-05
U03106,register,2024-08-28
U03106,app_open,2024-08-28
U03107,register,2024-11-06
U03107,app_open,2024-11-06
U03107,browse,2024-11-06
U03107,add_to_cart,2024-11-06
U03107,purchase,2024-11-08
U03107,repurchase,2024-12-06
U03108,register,2024-02-04
U03108,app_open,2024-02-04
U03108,browse,2024-02-05
U03109,register,2024-10-07
U03109,app_open,2024-10-07
U03109,browse,2024-10-07
U03109,add_to_cart,2024-10-07
U03109,purchase,2024-10-08
U03110,register,2024-10-12
U03110,app_open,2024-10-12
U03110,browse,2024-10-12
U03110,add_to_cart,2024-10-14
U03111,register,2024-10-18
U03111,app_open,2024-10-18
U03111,browse,2024-10-19
U03112,register,2024-06-28
U03112,app_open,2024-06-28
U03113,register,2024-11-04
U03113,app_open,2024-11-04
U03113,browse,2024-11-05
U03114,register,2024-04-20
U03114,app_open,2024-04-20
U03114,browse,2024-04-20
U03114,add_to_cart,2024-04-22
U03114,purchase,2024-04-24
U03114,repurchase,2024-05-03
U03115,register,2024-06-11
U03116,register,2024-12-07
U03116,app_open,2024-12-07
U03116,browse,2024-12-07
U03117,register,2024-11-09
U03117,app_open,2024-11-09
U03117,browse,2024-11-09
U03118,register,2024-02-12
U03118,app_open,2024-02-12
U03118,browse,2024-02-13
U03119,register,2024-06-30
U03119,app_open,2024-06-30
U03120,register,2024-06-18
U03120,app_open,2024-06-18
U03120,browse,2024-06-19
U03120,add_to_cart,2024-06-21
U03121,register,2024-07-08
U03121,app_open,2024-07-08
U03122,register,2024-06-30
U03122,app_open,2024-06-30
U03123,register,2024-04-01
U03123,app_open,2024-04-01
U03124,register,2024-09-04
U03124,app_open,2024-09-04
U03125,register,2024-11-08
U03125,app_open,2024-11-08
U03125,browse,2024-11-09
U03126,register,2024-10-11
U03126,app_open,2024-10-11
U03127,register,2024-10-26
U03127,app_open,2024-10-26
U03127,browse,2024-10-27
U03128,register,2024-04-13
U03128,app_open,2024-04-13
U03128,browse,2024-04-14
U03128,add_to_cart,2024-04-15
U03128,purchase,2024-04-16
U03129,register,2024-12-22
U03129,app_open,2024-12-22
U03129,browse,2024-12-23
U03129,add_to_cart,2024-12-23
U03129,purchase,2024-12-25
U03130,register,2024-11-30
U03130,app_open,2024-11-30
U03130,browse,2024-11-30
U03131,register,2024-11-23
U03131,app_open,2024-11-23
U03131,browse,2024-11-24
U03131,add_to_cart,2024-11-24
U03131,purchase,2024-11-25
U03132,register,2024-11-27
U03132,app_open,2024-11-27
U03132,browse,2024-11-28
U03132,add_to_cart,2024-11-28
U03132,purchase,2024-11-29
U03132,repurchase,2024-12-18
U03133,register,2024-12-18
U03133,app_open,2024-12-18
U03133,browse,2024-12-18
U03134,register,2024-09-26
U03134,browse,2024-09-27
U03135,register,2024-06-12
U03135,app_open,2024-06-12
U03135,browse,2024-06-12
U03135,add_to_cart,2024-06-13
U03136,register,2024-10-13
U03136,app_open,2024-10-13
U03136,browse,2024-10-13
U03136,add_to_cart,2024-10-13
U03136,purchase,2024-10-15
U03136,share,2024-10-19
U03137,register,2024-11-10
U03137,app_open,2024-11-10
U03137,browse,2024-11-11
U03137,add_to_cart,2024-11-11
U03137,purchase,2024-11-12
U03137,repurchase,2024-12-12
U03138,register,2024-11-09
U03138,app_open,2024-11-09
U03138,browse,2024-11-09
U03138,add_to_cart,2024-11-10
U03138,purchase,2024-11-12
U03139,register,2024-09-20
U03140,register,2024-04-05
U03140,app_open,2024-04-05
U03141,register,2024-08-10
U03141,app_open,2024-08-10
U03141,browse,2024-08-10
U03142,register,2024-12-16
U03142,app_open,2024-12-16
U03142,browse,2024-12-16
U03143,register,2024-10-06
U03143,app_open,2024-10-06
U03143,browse,2024-10-06
U03144,register,2024-09-24
U03144,browse,2024-09-24
U03145,register,2024-07-08
U03145,app_open,2024-07-08
U03146,register,2024-08-09
U03146,browse,2024-08-10
U03147,register,2024-12-11
U03147,app_open,2024-12-11
U03147,browse,2024-12-12
U03147,add_to_cart,2024-12-12
U03147,purchase,2024-12-14
U03148,register,2024-10-24
U03148,app_open,2024-10-24
U03148,browse,2024-10-24
U03148,add_to_cart,2024-10-26
U03148,purchase,2024-10-28
U03149,register,2024-11-19
U03149,app_open,2024-11-19
U03149,browse,2024-11-20
U03150,register,2024-09-03
U03151,register,2024-10-16
U03151,app_open,2024-10-16
U03151,browse,2024-10-16
U03151,add_to_cart,2024-10-17
U03151,purchase,2024-10-19
U03151,repurchase,2024-11-15
U03151,share,2024-11-16
U03152,register,2024-06-30
U03152,app_open,2024-06-30
U03152,browse,2024-06-30
U03153,register,2024-11-02
U03153,app_open,2024-11-02
U03154,register,2024-08-26
U03154,app_open,2024-08-26
U03154,browse,2024-08-26
U03154,add_to_cart,2024-08-27
U03155,register,2024-08-30
U03155,app_open,2024-08-30
U03156,register,2024-10-21
U03156,browse,2024-10-21
U03156,add_to_cart,2024-10-21
U03156,purchase,2024-10-23
U03157,register,2024-12-19
U03157,app_open,2024-12-19
U03157,browse,2024-12-20
U03158,register,2024-04-02
U03158,browse,2024-04-02
U03159,register,2024-11-27
U03159,app_open,2024-11-27
U03159,browse,2024-11-27
U03160,register,2024-07-16
U03160,browse,2024-07-16
U03160,add_to_cart,2024-07-16
U03161,register,2024-08-31
U03161,app_open,2024-08-31
U03161,browse,2024-08-31
U03162,register,2024-02-24
U03162,app_open,2024-02-24
U03162,browse,2024-02-25
U03163,register,2024-07-19
U03163,app_open,2024-07-19
U03163,browse,2024-07-20
U03164,register,2024-09-15
U03164,app_open,2024-09-15
U03164,browse,2024-09-15
U03165,register,2024-03-27
U03165,app_open,2024-03-27
U03166,register,2024-09-12
U03166,app_open,2024-09-12
U03166,browse,2024-09-13
U03167,register,2024-12-17
U03167,app_open,2024-12-17
U03168,register,2024-04-28
U03168,app_open,2024-04-28
U03168,browse,2024-04-28
U03169,register,2024-11-15
U03169,app_open,2024-11-15
U03169,browse,2024-11-16
U03169,add_to_cart,2024-11-17
U03170,register,2024-08-21
U03170,app_open,2024-08-21
U03171,register,2024-10-22
U03171,app_open,2024-10-22
U03171,browse,2024-10-22
U03171,add_to_cart,2024-10-23
U03171,purchase,2024-10-23
U03172,register,2024-07-05
U03172,app_open,2024-07-05
U03172,browse,2024-07-06
U03172,add_to_cart,2024-07-07
U03172,purchase,2024-07-07
U03173,register,2024-05-25
U03173,app_open,2024-05-25
U03173,browse,2024-05-25
U03173,add_to_cart,2024-05-27
U03174,register,2024-05-26
U03174,app_open,2024-05-26
U03175,register,2024-04-06
U03175,app_open,2024-04-06
U03175,browse,2024-04-07
U03175,add_to_cart,2024-04-08
U03175,purchase,2024-04-10
U03175,share,2024-04-10
U03176,register,2024-06-06
U03176,app_open,2024-06-06
U03176,browse,2024-06-06
U03177,register,2024-10-24
U03177,app_open,2024-10-24
U03177,browse,2024-10-25
U03178,register,2024-12-08
U03178,app_open,2024-12-08
U03178,browse,2024-12-09
U03178,add_to_cart,2024-12-10
U03179,register,2024-11-25
U03179,app_open,2024-11-25
U03180,register,2024-10-29
U03180,app_open,2024-10-29
U03180,browse,2024-10-29
U03180,add_to_cart,2024-10-31
U03180,purchase,2024-11-02
U03181,register,2024-05-01
U03181,app_open,2024-05-01
U03181,browse,2024-05-02
U03182,register,2024-07-15
U03182,app_open,2024-07-15
U03182,browse,2024-07-15
U03183,register,2024-07-22
U03183,app_open,2024-07-22
U03183,browse,2024-07-22
U03184,register,2024-07-01
U03184,app_open,2024-07-01
U03184,browse,2024-07-02
U03185,register,2024-09-18
U03185,app_open,2024-09-18
U03185,browse,2024-09-19
U03186,register,2024-09-24
U03186,app_open,2024-09-24
U03187,register,2024-08-06
U03187,app_open,2024-08-06
U03187,browse,2024-08-06
U03188,register,2024-08-05
U03188,app_open,2024-08-05
U03188,browse,2024-08-06
U03189,register,2024-11-28
U03189,app_open,2024-11-28
U03189,browse,2024-11-29
U03189,add_to_cart,2024-12-01
U03189,purchase,2024-12-03
U03189,repurchase,2024-12-31
U03190,register,2024-11-20
U03190,app_open,2024-11-20
U03191,register,2024-07-21
U03191,app_open,2024-07-21
U03191,browse,2024-07-22
U03192,register,2024-12-14
U03192,app_open,2024-12-14
U03193,register,2024-12-22
U03194,register,2024-07-27
U03194,browse,2024-07-28
U03195,register,2024-08-05
U03195,app_open,2024-08-05
U03195,browse,2024-08-05
U03196,register,2024-09-16
U03196,browse,2024-09-17
U03196,add_to_cart,2024-09-18
U03196,purchase,2024-09-18
U03197,register,2024-12-20
U03197,app_open,2024-12-20
U03197,browse,2024-12-20
U03198,register,2024-12-07
U03198,app_open,2024-12-07
U03198,browse,2024-12-07
U03199,register,2024-04-26
U03199,app_open,2024-04-26
U03199,browse,2024-04-27
U03200,register,2024-08-16
U03200,browse,2024-08-17
U03201,register,2024-09-28
U03201,app_open,2024-09-28
U03202,register,2024-09-15
U03202,app_open,2024-09-15
U03202,browse,2024-09-16
U03203,register,2024-06-09
U03203,app_open,2024-06-09
U03204,register,2024-12-04
U03204,app_open,2024-12-04
U03204,browse,2024-12-04
U03204,add_to_cart,2024-12-05
U03205,register,2024-10-27
U03205,browse,2024-10-28
U03205,add_to_cart,2024-10-28
U03205,purchase,2024-10-30
U03205,share,2024-11-01
U03206,register,2024-11-30
U03206,app_open,2024-11-30
U03206,browse,2024-12-01
U03207,register,2024-12-04
U03207,app_open,2024-12-04
U03207,browse,2024-12-05
U03208,register,2024-11-11
U03208,app_open,2024-11-11
U03208,browse,2024-11-11
U03209,register,2024-08-29
U03209,app_open,2024-08-29
U03210,register,2024-10-12
U03210,browse,2024-10-12
U03210,add_to_cart,2024-10-14
U03210,purchase,2024-10-16
U03211,register,2024-05-26
U03211,app_open,2024-05-26
U03211,browse,2024-05-26
U03212,register,2024-10-26
U03212,app_open,2024-10-26
U03212,browse,2024-10-26
U03213,register,2024-06-03
U03213,app_open,2024-06-03
U03213,browse,2024-06-03
U03214,register,2024-10-31
U03214,app_open,2024-10-31
U03214,browse,2024-11-01
U03214,add_to_cart,2024-11-03
U03215,register,2024-06-23
U03215,app_open,2024-06-23
U03215,browse,2024-06-23
U03215,add_to_cart,2024-06-23
U03216,register,2024-05-05
U03216,app_open,2024-05-05
U03217,register,2024-05-28
U03217,app_open,2024-05-28
U03217,browse,2024-05-29
U03218,register,2024-01-17
U03218,app_open,2024-01-17
U03218,browse,2024-01-17
U03219,register,2024-11-05
U03220,register,2024-11-08
U03220,app_open,2024-11-08
U03220,browse,2024-11-09
U03221,register,2024-09-18
U03221,browse,2024-09-19
U03222,register,2024-05-26
U03222,browse,2024-05-27
U03222,add_to_cart,2024-05-27
U03223,register,2024-04-15
U03223,app_open,2024-04-15
U03223,browse,2024-04-15
U03223,add_to_cart,2024-04-15
U03224,register,2024-02-20
U03224,browse,2024-02-21
U03225,register,2024-05-28
U03225,app_open,2024-05-28
U03225,browse,2024-05-29
U03225,add_to_cart,2024-05-29
U03225,purchase,2024-05-31
U03226,register,2024-12-10
U03226,app_open,2024-12-10
U03226,browse,2024-12-10
U03227,register,2024-06-28
U03227,app_open,2024-06-28
U03227,browse,2024-06-29
U03228,register,2024-08-05
U03228,app_open,2024-08-05
U03228,browse,2024-08-06
U03228,add_to_cart,2024-08-06
U03228,purchase,2024-08-07
U03228,repurchase,2024-08-17
U03229,register,2024-04-28
U03229,app_open,2024-04-28
U03230,register,2024-06-21
U03230,app_open,2024-06-21
U03230,browse,2024-06-21
U03230,add_to_cart,2024-06-22
U03231,register,2024-09-20
U03231,app_open,2024-09-20
U03231,browse,2024-09-21
U03232,register,2024-10-11
U03232,app_open,2024-10-11
U03232,browse,2024-10-12
U03233,register,2024-06-29
U03233,app_open,2024-06-29
U03234,register,2024-03-28
U03234,app_open,2024-03-28
U03234,browse,2024-03-29
U03234,add_to_cart,2024-03-29
U03234,purchase,2024-03-29
U03235,register,2024-08-16
U03235,app_open,2024-08-16
U03235,browse,2024-08-17
U03236,register,2024-06-25
U03236,app_open,2024-06-25
U03236,browse,2024-06-26
U03237,register,2024-06-20
U03237,app_open,2024-06-20
U03237,browse,2024-06-21
U03238,register,2024-12-23
U03238,app_open,2024-12-23
U03239,register,2024-10-13
U03239,browse,2024-10-13
U03240,register,2024-09-29
U03240,app_open,2024-09-29
U03240,browse,2024-09-29
U03240,add_to_cart,2024-09-29
U03241,register,2024-08-23
U03241,app_open,2024-08-23
U03241,browse,2024-08-24
U03242,register,2024-08-27
U03242,app_open,2024-08-27
U03243,register,2024-09-25
U03243,app_open,2024-09-25
U03243,browse,2024-09-26
U03244,register,2024-10-31
U03244,app_open,2024-10-31
U03244,browse,2024-10-31
U03245,register,2024-11-01
U03246,register,2024-05-31
U03246,app_open,2024-05-31
U03246,browse,2024-05-31
U03246,add_to_cart,2024-05-31
U03246,purchase,2024-06-02
U03247,register,2024-09-15
U03247,browse,2024-09-16
U03247,add_to_cart,2024-09-16
U03248,register,2024-08-22
U03248,app_open,2024-08-22
U03248,browse,2024-08-23
U03249,register,2024-12-06
U03249,app_open,2024-12-06
U03249,browse,2024-12-07
U03250,register,2024-10-17
U03250,app_open,2024-10-17
U03251,register,2024-09-23
U03251,app_open,2024-09-23
U03251,browse,2024-09-24
U03251,add_to_cart,2024-09-26
U03252,register,2024-05-03
U03252,app_open,2024-05-03
U03252,browse,2024-05-04
U03253,register,2024-10-11
U03253,app_open,2024-10-11
U03254,register,2024-05-04
U03254,app_open,2024-05-04
U03254,browse,2024-05-05
U03254,add_to_cart,2024-05-05
U03255,register,2024-07-30
U03255,app_open,2024-07-30
U03255,browse,2024-07-31
U03256,register,2024-05-17
U03256,app_open,2024-05-17
U03257,register,2024-10-30
U03257,app_open,2024-10-30
U03257,browse,2024-10-30
U03257,add_to_cart,2024-10-31
U03257,purchase,2024-10-31
U03257,repurchase,2024-11-28
U03258,register,2024-06-14
U03258,app_open,2024-06-14
U03259,register,2024-08-16
U03259,app_open,2024-08-16
U03259,browse,2024-08-16
U03259,add_to_cart,2024-08-16
U03260,register,2024-12-11
U03260,browse,2024-12-12
U03260,add_to_cart,2024-12-13
U03261,register,2024-06-13
U03261,app_open,2024-06-13
U03261,browse,2024-06-14
U03262,register,2024-09-17
U03262,app_open,2024-09-17
U03263,register,2024-08-24
U03263,app_open,2024-08-24
U03264,register,2024-02-19
U03264,app_open,2024-02-19
U03264,browse,2024-02-20
U03265,register,2024-11-20
U03265,browse,2024-11-20
U03266,register,2024-04-05
U03266,app_open,2024-04-05
U03267,register,2024-09-08
U03267,app_open,2024-09-08
U03267,browse,2024-09-09
U03268,register,2024-09-30
U03268,app_open,2024-09-30
U03268,browse,2024-09-30
U03269,register,2024-10-16
U03269,app_open,2024-10-16
U03270,register,2024-10-29
U03270,app_open,2024-10-29
U03271,register,2024-07-02
U03271,app_open,2024-07-02
U03271,browse,2024-07-02
U03272,register,2024-02-06
U03272,app_open,2024-02-06
U03272,browse,2024-02-07
U03273,register,2024-11-06
U03273,app_open,2024-11-06
U03273,browse,2024-11-07
U03273,add_to_cart,2024-11-09
U03274,register,2024-09-24
U03274,app_open,2024-09-24
U03274,browse,2024-09-24
U03275,register,2024-11-29
U03275,app_open,2024-11-29
U03276,register,2024-11-26
U03276,app_open,2024-11-26
U03276,browse,2024-11-27
U03277,register,2024-12-01
U03277,app_open,2024-12-01
U03277,browse,2024-12-02
U03278,register,2024-09-11
U03278,browse,2024-09-12
U03279,register,2024-07-29
U03279,app_open,2024-07-29
U03279,browse,2024-07-30
U03280,register,2024-11-20
U03280,app_open,2024-11-20
U03281,register,2024-09-02
U03281,app_open,2024-09-02
U03281,browse,2024-09-03
U03281,add_to_cart,2024-09-04
U03282,register,2024-06-05
U03282,app_open,2024-06-05
U03282,browse,2024-06-06
U03283,register,2024-12-03
U03283,app_open,2024-12-03
U03284,register,2024-12-08
U03284,app_open,2024-12-08
U03284,browse,2024-12-09
U03284,add_to_cart,2024-12-10
U03284,purchase,2024-12-11
U03284,share,2024-12-14
U03285,register,2024-09-06
U03285,app_open,2024-09-06
U03285,browse,2024-09-06
U03286,register,2024-04-10
U03286,app_open,2024-04-10
U03286,browse,2024-04-10
U03287,register,2024-08-15
U03287,app_open,2024-08-15
U03287,browse,2024-08-15
U03287,add_to_cart,2024-08-16
U03287,purchase,2024-08-17
U03288,register,2024-11-23
U03288,app_open,2024-11-23
U03289,register,2024-12-12
U03289,browse,2024-12-13
U03289,add_to_cart,2024-12-13
U03289,purchase,2024-12-14
U03289,share,2024-12-18
U03290,register,2024-06-13
U03290,app_open,2024-06-13
U03291,register,2024-04-04
U03291,app_open,2024-04-04
U03291,browse,2024-04-04
U03291,add_to_cart,2024-04-05
U03291,purchase,2024-04-06
U03292,register,2024-12-07
U03292,app_open,2024-12-07
U03292,browse,2024-12-08
U03293,register,2024-08-15
U03293,app_open,2024-08-15
U03293,browse,2024-08-16
U03294,register,2024-09-25
U03294,app_open,2024-09-25
U03294,browse,2024-09-26
U03295,register,2024-12-25
U03295,app_open,2024-12-25
U03296,register,2024-04-04
U03296,browse,2024-04-04
U03297,register,2024-10-20
U03298,register,2024-04-09
U03298,app_open,2024-04-09
U03298,browse,2024-04-09
U03298,add_to_cart,2024-04-09
U03298,purchase,2024-04-11
U03298,repurchase,2024-04-22
U03299,register,2024-08-11
U03299,app_open,2024-08-11
U03299,browse,2024-08-12
U03299,add_to_cart,2024-08-14
U03299,purchase,2024-08-15
U03299,share,2024-08-15
U03300,register,2024-11-23
U03300,app_open,2024-11-23
U03300,browse,2024-11-24
U03301,register,2024-08-28
U03301,app_open,2024-08-28
U03301,browse,2024-08-28
U03301,add_to_cart,2024-08-30
U03302,register,2024-12-30
U03302,app_open,2024-12-30
U03302,browse,2024-12-31
U03303,register,2024-09-29
U03303,browse,2024-09-29
U03303,add_to_cart,2024-09-29
U03303,purchase,2024-09-30
U03304,register,2024-07-25
U03304,browse,2024-07-26
U03304,add_to_cart,2024-07-28
U03304,purchase,2024-07-29
U03305,register,2024-06-20
U03305,app_open,2024-06-20
U03305,browse,2024-06-20
U03305,add_to_cart,2024-06-22
U03306,register,2024-08-04
U03306,app_open,2024-08-04
U03306,browse,2024-08-05
U03306,add_to_cart,2024-08-05
U03306,purchase,2024-08-06
U03306,repurchase,2024-08-28
U03307,register,2024-08-10
U03307,app_open,2024-08-10
U03307,browse,2024-08-10
U03308,register,2024-04-05
U03308,app_open,2024-04-05
U03308,browse,2024-04-05
U03309,register,2024-08-09
U03309,app_open,2024-08-09
U03310,register,2024-09-05
U03311,register,2024-11-06
U03311,app_open,2024-11-06
U03311,browse,2024-11-07
U03311,add_to_cart,2024-11-09
U03311,purchase,2024-11-09
U03311,repurchase,2024-11-17
U03312,register,2024-10-22
U03312,app_open,2024-10-22
U03312,browse,2024-10-23
U03312,add_to_cart,2024-10-24
U03313,register,2024-11-03
U03313,app_open,2024-11-03
U03313,browse,2024-11-04
U03314,register,2024-02-03
U03315,register,2024-06-19
U03315,app_open,2024-06-19
U03315,browse,2024-06-20
U03315,add_to_cart,2024-06-22
U03316,register,2024-10-23
U03316,app_open,2024-10-23
U03317,register,2024-09-10
U03317,app_open,2024-09-10
U03317,browse,2024-09-10
U03317,add_to_cart,2024-09-12
U03318,register,2024-01-27
U03318,browse,2024-01-27
U03319,register,2024-11-23
U03319,app_open,2024-11-23
U03319,browse,2024-11-23
U03320,register,2024-11-16
U03320,app_open,2024-11-16
U03320,browse,2024-11-17
U03321,register,2024-09-27
U03321,app_open,2024-09-27
U03321,browse,2024-09-27
U03321,add_to_cart,2024-09-27
U03322,register,2024-04-04
U03322,app_open,2024-04-04
U03322,browse,2024-04-05
U03322,add_to_cart,2024-04-05
U03322,purchase,2024-04-07
U03322,repurchase,2024-04-21
U03323,register,2024-11-15
U03323,app_open,2024-11-15
U03324,register,2024-10-05
U03324,app_open,2024-10-05
U03324,browse,2024-10-06
U03324,add_to_cart,2024-10-07
U03324,purchase,2024-10-07
U03324,repurchase,2024-10-27
U03325,register,2024-11-18
U03325,app_open,2024-11-18
U03325,browse,2024-11-18
U03326,register,2024-11-12
U03326,app_open,2024-11-12
U03326,browse,2024-11-12
U03326,add_to_cart,2024-11-13
U03327,register,2024-11-23
U03327,app_open,2024-11-23
U03327,browse,2024-11-24
U03327,add_to_cart,2024-11-25
U03327,purchase,2024-11-25
U03327,share,2024-11-26
U03328,register,2024-09-19
U03328,app_open,2024-09-19
U03328,browse,2024-09-20
U03329,register,2024-05-16
U03329,app_open,2024-05-16
U03329,browse,2024-05-16
U03329,add_to_cart,2024-05-17
U03330,register,2024-10-26
U03330,app_open,2024-10-26
U03330,browse,2024-10-27
U03330,add_to_cart,2024-10-29
U03331,register,2024-10-14
U03331,app_open,2024-10-14
U03331,browse,2024-10-14
U03331,add_to_cart,2024-10-14
U03331,purchase,2024-10-14
U03331,share,2024-10-17
U03332,register,2024-11-10
U03332,app_open,2024-11-10
U03333,register,2024-05-30
U03333,app_open,2024-05-30
U03333,browse,2024-05-30
U03334,register,2024-06-10
U03334,app_open,2024-06-10
U03334,browse,2024-06-11
U03335,register,2024-12-10
U03335,app_open,2024-12-10
U03335,browse,2024-12-11
U03336,register,2024-11-12
U03336,app_open,2024-11-12
U03336,browse,2024-11-12
U03337,register,2024-12-13
U03337,browse,2024-12-14
U03337,add_to_cart,2024-12-14
U03337,purchase,2024-12-16
U03337,share,2024-12-20
U03338,register,2024-11-13
U03338,browse,2024-11-14
U03339,register,2024-10-09
U03340,register,2024-10-22
U03340,app_open,2024-10-22
U03340,browse,2024-10-23
U03340,add_to_cart,2024-10-25
U03340,purchase,2024-10-26
U03340,repurchase,2024-11-22
U03341,register,2024-12-10
U03341,app_open,2024-12-10
U03341,browse,2024-12-10
U03342,register,2024-10-04
U03342,app_open,2024-10-04
U03342,browse,2024-10-04
U03342,add_to_cart,2024-10-04
U03343,register,2024-10-17
U03343,app_open,2024-10-17
U03343,browse,2024-10-17
U03344,register,2024-05-24
U03344,app_open,2024-05-24
U03344,browse,2024-05-24
U03345,register,2024-09-08
U03345,app_open,2024-09-08
U03345,browse,2024-09-09
U03345,add_to_cart,2024-09-09
U03346,register,2024-11-04
U03346,browse,2024-11-04
U03347,register,2024-07-08
U03348,register,2024-06-13
U03348,app_open,2024-06-13
U03348,browse,2024-06-13
U03349,register,2024-07-23
U03349,browse,2024-07-23
U03350,register,2024-06-28
U03350,app_open,2024-06-28
U03350,browse,2024-06-29
U03351,register,2024-06-18
U03351,app_open,2024-06-18
U03351,browse,2024-06-19
U03352,register,2024-08-25
U03352,browse,2024-08-26
U03352,add_to_cart,2024-08-27
U03353,register,2024-12-13
U03353,app_open,2024-12-13
U03353,browse,2024-12-14
U03353,add_to_cart,2024-12-16
U03353,purchase,2024-12-17
U03354,register,2024-09-16
U03354,app_open,2024-09-16
U03354,browse,2024-09-17
U03355,register,2024-06-07
U03355,app_open,2024-06-07
U03355,browse,2024-06-08
U03356,register,2024-04-11
U03356,app_open,2024-04-11
U03356,browse,2024-04-12
U03357,register,2024-10-31
U03357,app_open,2024-10-31
U03358,register,2024-08-13
U03358,app_open,2024-08-13
U03359,register,2024-11-26
U03359,app_open,2024-11-26
U03360,register,2024-10-23
U03360,app_open,2024-10-23
U03360,browse,2024-10-23
U03361,register,2024-11-21
U03361,browse,2024-11-21
U03362,register,2024-07-09
U03362,browse,2024-07-09
U03362,add_to_cart,2024-07-10
U03362,purchase,2024-07-10
U03362,repurchase,2024-08-05
U03363,register,2024-10-30
U03363,browse,2024-10-31
U03363,add_to_cart,2024-10-31
U03363,purchase,2024-11-02
U03363,repurchase,2024-11-18
U03364,register,2024-07-06
U03364,app_open,2024-07-06
U03364,browse,2024-07-07
U03365,register,2024-12-19
U03365,app_open,2024-12-19
U03365,browse,2024-12-20
U03366,register,2024-10-18
U03366,app_open,2024-10-18
U03366,browse,2024-10-19
U03367,register,2024-07-26
U03367,app_open,2024-07-26
U03367,browse,2024-07-27
U03367,add_to_cart,2024-07-27
U03368,register,2024-07-08
U03368,browse,2024-07-08
U03368,add_to_cart,2024-07-09
U03368,purchase,2024-07-10
U03368,repurchase,2024-08-03
U03369,register,2024-06-08
U03369,app_open,2024-06-08
U03369,browse,2024-06-08
U03370,register,2024-10-31
U03370,app_open,2024-10-31
U03371,register,2024-06-19
U03371,app_open,2024-06-19
U03371,browse,2024-06-20
U03371,add_to_cart,2024-06-22
U03371,purchase,2024-06-23
U03372,register,2024-10-08
U03372,browse,2024-10-08
U03372,add_to_cart,2024-10-08
U03372,purchase,2024-10-10
U03372,repurchase,2024-10-31
U03372,share,2024-11-01
U03373,register,2024-07-06
U03373,app_open,2024-07-06
U03373,browse,2024-07-06
U03374,register,2024-10-23
U03374,app_open,2024-10-23
U03374,browse,2024-10-23
U03374,add_to_cart,2024-10-25
U03374,purchase,2024-10-27
U03374,repurchase,2024-11-22
U03375,register,2024-11-25
U03375,app_open,2024-11-25
U03375,browse,2024-11-26
U03376,register,2024-11-17
U03376,app_open,2024-11-17
U03377,register,2024-11-14
U03377,browse,2024-11-14
U03378,register,2024-06-07
U03378,app_open,2024-06-07
U03378,browse,2024-06-08
U03378,add_to_cart,2024-06-10
U03378,purchase,2024-06-12
U03378,repurchase,2024-07-01
U03378,share,2024-07-03
U03379,register,2024-04-18
U03379,app_open,2024-04-18
U03379,browse,2024-04-19
U03379,add_to_cart,2024-04-19
U03380,register,2024-11-01
U03380,app_open,2024-11-01
U03380,browse,2024-11-01
U03380,add_to_cart,2024-11-02
U03381,register,2024-08-09
U03381,app_open,2024-08-09
U03381,browse,2024-08-09
U03382,register,2024-08-27
U03382,app_open,2024-08-27
U03382,browse,2024-08-28
U03383,register,2024-03-05
U03384,register,2024-07-04
U03384,app_open,2024-07-04
U03384,browse,2024-07-04
U03384,add_to_cart,2024-07-06
U03385,register,2024-03-07
U03385,browse,2024-03-08
U03385,add_to_cart,2024-03-09
U03385,purchase,2024-03-10
U03386,register,2024-12-08
U03386,app_open,2024-12-08
U03386,browse,2024-12-09
U03387,register,2024-06-29
U03388,register,2024-09-29
U03388,app_open,2024-09-29
U03388,browse,2024-09-30
U03388,add_to_cart,2024-09-30
U03389,register,2024-03-13
U03389,app_open,2024-03-13
U03389,browse,2024-03-14
U03389,add_to_cart,2024-03-16
U03389,purchase,2024-03-16
U03390,register,2024-10-25
U03390,app_open,2024-10-25
U03391,register,2024-07-26
U03391,app_open,2024-07-26
U03391,browse,2024-07-26
U03391,add_to_cart,2024-07-26
U03391,purchase,2024-07-28
U03392,register,2024-12-11
U03392,app_open,2024-12-11
U03392,browse,2024-12-11
U03392,add_to_cart,2024-12-13
U03392,purchase,2024-12-14
U03392,repurchase,2025-01-03
U03393,register,2024-12-09
U03393,browse,2024-12-09
U03394,register,2024-07-27
U03394,app_open,2024-07-27
U03394,browse,2024-07-27
U03394,add_to_cart,2024-07-29
U03394,purchase,2024-07-30
U03394,repurchase,2024-08-12
U03395,register,2024-12-12
U03395,app_open,2024-12-12
U03395,browse,2024-12-12
U03396,register,2024-12-30
U03396,app_open,2024-12-30
U03397,register,2024-11-27
U03397,app_open,2024-11-27
U03397,browse,2024-11-27
U03397,add_to_cart,2024-11-28
U03398,register,2024-12-01
U03398,app_open,2024-12-01
U03398,browse,2024-12-01
U03398,add_to_cart,2024-12-03
U03398,purchase,2024-12-04
U03399,register,2024-07-01
U03399,app_open,2024-07-01
U03399,browse,2024-07-01
U03400,register,2024-10-04
U03400,app_open,2024-10-04
U03400,browse,2024-10-05
U03401,register,2024-04-04
U03401,app_open,2024-04-04
U03401,browse,2024-04-05
U03402,register,2024-04-22
U03402,app_open,2024-04-22
U03402,browse,2024-04-23
U03403,register,2024-12-30
U03403,app_open,2024-12-30
U03403,browse,2024-12-31
U03404,register,2024-07-27
U03404,app_open,2024-07-27
U03404,browse,2024-07-27
U03404,add_to_cart,2024-07-28
U03404,purchase,2024-07-28
U03404,repurchase,2024-08-12
U03405,register,2024-11-11
U03405,app_open,2024-11-11
U03405,browse,2024-11-12
U03406,register,2024-11-23
U03406,app_open,2024-11-23
U03406,browse,2024-11-24
U03406,add_to_cart,2024-11-26
U03406,purchase,2024-11-28
U03407,register,2024-12-04
U03407,app_open,2024-12-04
U03407,browse,2024-12-05
U03408,register,2024-12-30
U03408,browse,2024-12-30
U03409,register,2024-06-28
U03409,app_open,2024-06-28
U03409,browse,2024-06-28
U03410,register,2024-03-14
U03410,app_open,2024-03-14
U03410,browse,2024-03-14
U03411,register,2024-08-22
U03411,app_open,2024-08-22
U03411,browse,2024-08-22
U03411,add_to_cart,2024-08-23
U03411,purchase,2024-08-25
U03412,register,2024-05-11
U03412,browse,2024-05-12
U03412,add_to_cart,2024-05-12
U03413,register,2024-02-24
U03413,app_open,2024-02-24
U03414,register,2024-08-07
U03414,app_open,2024-08-07
U03414,browse,2024-08-07
U03414,add_to_cart,2024-08-08
U03414,purchase,2024-08-08
U03414,repurchase,2024-08-22
U03414,share,2024-08-24
U03415,register,2024-11-19
U03415,app_open,2024-11-19
U03415,browse,2024-11-19
U03416,register,2024-10-01
U03416,app_open,2024-10-01
U03416,browse,2024-10-01
U03416,add_to_cart,2024-10-03
U03416,purchase,2024-10-03
U03417,register,2024-07-23
U03417,app_open,2024-07-23
U03417,browse,2024-07-24
U03418,register,2024-10-22
U03418,app_open,2024-10-22
U03418,browse,2024-10-23
U03419,register,2024-06-24
U03419,browse,2024-06-25
U03419,add_to_cart,2024-06-27
U03420,register,2024-02-13
U03421,register,2024-11-15
U03421,app_open,2024-11-15
U03421,browse,2024-11-16
U03421,add_to_cart,2024-11-16
U03421,purchase,2024-11-17
U03421,repurchase,2024-12-03
U03422,register,2024-10-15
U03422,app_open,2024-10-15
U03423,register,2024-11-14
U03423,app_open,2024-11-14
U03423,browse,2024-11-14
U03424,register,2024-03-13
U03424,app_open,2024-03-13
U03425,register,2024-11-29
U03425,app_open,2024-11-29
U03425,browse,2024-11-30
U03426,register,2024-10-14
U03426,browse,2024-10-15
U03426,add_to_cart,2024-10-17
U03426,purchase,2024-10-19
U03427,register,2024-09-30
U03427,app_open,2024-09-30
U03427,browse,2024-09-30
U03428,register,2024-10-15
U03428,app_open,2024-10-15
U03428,browse,2024-10-15
U03428,add_to_cart,2024-10-17
U03428,purchase,2024-10-18
U03428,share,2024-10-20
U03429,register,2024-12-05
U03429,app_open,2024-12-05
U03429,browse,2024-12-05
U03430,register,2024-10-06
U03430,app_open,2024-10-06
U03430,browse,2024-10-07
U03431,register,2024-10-05
U03431,browse,2024-10-05
U03431,add_to_cart,2024-10-05
U03432,register,2024-12-29
U03432,app_open,2024-12-29
U03432,browse,2024-12-30
U03432,add_to_cart,2025-01-01
U03433,register,2024-11-13
U03433,app_open,2024-11-13
U03434,register,2024-08-30
U03434,app_open,2024-08-30
U03434,browse,2024-08-31
U03434,add_to_cart,2024-09-01
U03434,purchase,2024-09-02
U03435,register,2024-11-02
U03435,app_open,2024-11-02
U03436,register,2024-08-15
U03436,app_open,2024-08-15
U03436,browse,2024-08-15
U03437,register,2024-06-23
U03437,app_open,2024-06-23
U03437,browse,2024-06-24
U03437,add_to_cart,2024-06-24
U03438,register,2024-10-08
U03438,app_open,2024-10-08
U03438,browse,2024-10-09
U03438,add_to_cart,2024-10-10
U03438,purchase,2024-10-11
U03439,register,2024-12-17
U03439,browse,2024-12-18
U03439,add_to_cart,2024-12-19
U03440,register,2024-12-17
U03441,register,2024-08-01
U03441,app_open,2024-08-01
U03441,browse,2024-08-02
U03442,register,2024-09-22
U03442,app_open,2024-09-22
U03443,register,2024-06-16
U03443,app_open,2024-06-16
U03443,browse,2024-06-17
U03443,add_to_cart,2024-06-18
U03444,register,2024-12-30
U03444,app_open,2024-12-30
U03445,register,2024-12-27
U03445,app_open,2024-12-27
U03446,register,2024-10-21
U03447,register,2024-11-23
U03447,app_open,2024-11-23
U03447,browse,2024-11-23
U03447,add_to_cart,2024-11-25
U03447,purchase,2024-11-26
U03447,repurchase,2024-12-20
U03448,register,2024-11-04
U03448,app_open,2024-11-04
U03449,register,2024-10-08
U03449,app_open,2024-10-08
U03449,browse,2024-10-09
U03450,register,2024-03-25
U03450,app_open,2024-03-25
U03450,browse,2024-03-26
U03450,add_to_cart,2024-03-26
U03451,register,2024-09-03
U03451,app_open,2024-09-03
U03452,register,2024-10-26
U03452,app_open,2024-10-26
U03453,register,2024-10-27
U03453,browse,2024-10-28
U03453,add_to_cart,2024-10-28
U03454,register,2024-08-10
U03454,app_open,2024-08-10
U03455,register,2024-12-20
U03455,app_open,2024-12-20
U03455,browse,2024-12-20
U03456,register,2024-05-29
U03456,app_open,2024-05-29
U03456,browse,2024-05-29
U03457,register,2024-09-15
U03457,browse,2024-09-15
U03457,add_to_cart,2024-09-16
U03457,purchase,2024-09-17
U03457,share,2024-09-19
U03458,register,2024-10-30
U03458,app_open,2024-10-30
U03458,browse,2024-10-31
U03459,register,2024-10-31
U03459,app_open,2024-10-31
U03459,browse,2024-10-31
U03460,register,2024-10-20
U03460,app_open,2024-10-20
U03460,browse,2024-10-20
U03461,register,2024-07-10
U03461,app_open,2024-07-10
U03461,browse,2024-07-10
U03462,register,2024-05-24
U03462,app_open,2024-05-24
U03463,register,2024-10-18
U03463,app_open,2024-10-18
U03464,register,2024-10-09
U03464,browse,2024-10-09
U03464,add_to_cart,2024-10-11
U03464,purchase,2024-10-13
U03465,register,2024-06-03
U03465,app_open,2024-06-03
U03465,browse,2024-06-03
U03465,add_to_cart,2024-06-04
U03465,purchase,2024-06-04
U03466,register,2024-11-02
U03466,app_open,2024-11-02
U03466,browse,2024-11-02
U03467,register,2024-09-03
U03467,app_open,2024-09-03
U03467,browse,2024-09-03
U03467,add_to_cart,2024-09-04
U03468,register,2024-10-25
U03468,browse,2024-10-26
U03468,add_to_cart,2024-10-27
U03468,purchase,2024-10-27
U03469,register,2024-11-30
U03469,browse,2024-12-01
U03470,register,2024-05-30
U03470,browse,2024-05-30
U03471,register,2024-02-20
U03471,app_open,2024-02-20
U03471,browse,2024-02-21
U03472,register,2024-11-18
U03472,app_open,2024-11-18
U03472,browse,2024-11-19
U03473,register,2024-10-12
U03473,browse,2024-10-12
U03474,register,2024-11-01
U03474,app_open,2024-11-01
U03475,register,2024-11-30
U03475,app_open,2024-11-30
U03475,browse,2024-11-30
U03476,register,2024-11-23
U03476,app_open,2024-11-23
U03477,register,2024-12-23
U03477,app_open,2024-12-23
U03477,browse,2024-12-24
U03478,register,2024-09-24
U03478,browse,2024-09-24
U03479,register,2024-09-12
U03480,register,2024-08-19
U03480,app_open,2024-08-19
U03480,browse,2024-08-20
U03481,register,2024-05-23
U03481,app_open,2024-05-23
U03482,register,2024-10-03
U03482,browse,2024-10-04
U03482,add_to_cart,2024-10-04
U03483,register,2024-07-11
U03483,app_open,2024-07-11
U03483,browse,2024-07-11
U03484,register,2024-12-16
U03484,app_open,2024-12-16
U03484,browse,2024-12-16
U03485,register,2024-10-05
U03485,app_open,2024-10-05
U03486,register,2024-10-08
U03486,app_open,2024-10-08
U03486,browse,2024-10-08
U03487,register,2024-08-05
U03487,app_open,2024-08-05
U03487,browse,2024-08-05
U03487,add_to_cart,2024-08-05
U03487,purchase,2024-08-07
U03488,register,2024-03-24
U03488,app_open,2024-03-24
U03488,browse,2024-03-25
U03488,add_to_cart,2024-03-26
U03489,register,2024-03-06
U03489,app_open,2024-03-06
U03489,browse,2024-03-06
U03489,add_to_cart,2024-03-06
U03489,purchase,2024-03-07
U03489,share,2024-03-11
U03490,register,2024-08-25
U03490,app_open,2024-08-25
U03490,browse,2024-08-25
U03491,register,2024-04-16
U03491,app_open,2024-04-16
U03492,register,2024-10-11
U03492,browse,2024-10-11
U03493,register,2024-12-08
U03493,app_open,2024-12-08
U03493,browse,2024-12-09
U03494,register,2024-12-08
U03494,app_open,2024-12-08
U03494,browse,2024-12-09
U03494,add_to_cart,2024-12-11
U03494,purchase,2024-12-12
U03494,share,2024-12-16
U03495,register,2024-10-23
U03495,app_open,2024-10-23
U03495,browse,2024-10-24
U03496,register,2024-06-16
U03496,app_open,2024-06-16
U03496,browse,2024-06-17
U03497,register,2024-12-05
U03497,app_open,2024-12-05
U03497,browse,2024-12-05
U03497,add_to_cart,2024-12-05
U03497,purchase,2024-12-06
U03498,register,2024-12-09
U03498,app_open,2024-12-09
U03498,browse,2024-12-09
U03499,register,2024-06-10
U03499,app_open,2024-06-10
U03499,browse,2024-06-10
U03500,register,2024-11-09
U03500,app_open,2024-11-09
U03500,browse,2024-11-10
U03500,add_to_cart,2024-11-11
U03500,purchase,2024-11-13
U03500,repurchase,2024-11-24
U03501,register,2024-07-14
U03501,app_open,2024-07-14
U03501,browse,2024-07-15
U03502,register,2024-11-23
U03502,browse,2024-11-24
U03502,add_to_cart,2024-11-24
U03502,purchase,2024-11-26
U03502,share,2024-11-28
U03503,register,2024-12-30
U03503,app_open,2024-12-30
U03503,browse,2024-12-31
U03504,register,2024-03-04
U03504,app_open,2024-03-04
U03504,browse,2024-03-05
U03505,register,2024-12-11
U03505,app_open,2024-12-11
U03506,register,2024-10-15
U03506,app_open,2024-10-15
U03507,register,2024-12-26
U03507,app_open,2024-12-26
U03507,browse,2024-12-27
U03508,register,2024-09-05
U03508,app_open,2024-09-05
U03508,browse,2024-09-06
U03508,add_to_cart,2024-09-07
U03508,purchase,2024-09-08
U03508,share,2024-09-10
U03509,register,2024-12-01
U03510,register,2024-04-01
U03510,app_open,2024-04-01
U03510,browse,2024-04-01
U03510,add_to_cart,2024-04-01
U03510,purchase,2024-04-01
U03511,register,2024-07-30
U03511,browse,2024-07-31
U03511,add_to_cart,2024-07-31
U03511,purchase,2024-08-02
U03511,repurchase,2024-08-12
U03511,share,2024-08-15
U03512,register,2024-04-04
U03512,app_open,2024-04-04
U03512,browse,2024-04-05
U03512,add_to_cart,2024-04-06
U03512,purchase,2024-04-06
U03513,register,2024-12-26
U03513,app_open,2024-12-26
U03513,browse,2024-12-27
U03514,register,2024-11-25
U03514,app_open,2024-11-25
U03514,browse,2024-11-25
U03514,add_to_cart,2024-11-27
U03514,purchase,2024-11-29
U03514,repurchase,2024-12-15
U03515,register,2024-12-03
U03515,app_open,2024-12-03
U03515,browse,2024-12-03
U03516,register,2024-12-19
U03516,app_open,2024-12-19
U03516,browse,2024-12-19
U03517,register,2024-04-16
U03517,browse,2024-04-17
U03518,register,2024-08-14
U03518,app_open,2024-08-14
U03518,browse,2024-08-14
U03518,add_to_cart,2024-08-14
U03518,purchase,2024-08-14
U03519,register,2024-04-07
U03519,browse,2024-04-08
U03520,register,2024-06-16
U03520,app_open,2024-06-16
U03521,register,2024-06-23
U03521,app_open,2024-06-23
U03522,register,2024-09-06
U03522,app_open,2024-09-06
U03522,browse,2024-09-07
U03523,register,2024-07-08
U03523,app_open,2024-07-08
U03523,browse,2024-07-08
U03523,add_to_cart,2024-07-10
U03523,purchase,2024-07-11
U03524,register,2024-04-25
U03524,app_open,2024-04-25
U03524,browse,2024-04-25
U03524,add_to_cart,2024-04-27
U03524,purchase,2024-04-27
U03524,share,2024-04-29
U03525,register,2024-05-29
U03525,app_open,2024-05-29
U03526,register,2024-05-20
U03526,app_open,2024-05-20
U03527,register,2024-12-26
U03527,app_open,2024-12-26
U03527,browse,2024-12-26
U03527,add_to_cart,2024-12-26
U03528,register,2024-11-14
U03528,app_open,2024-11-14
U03528,browse,2024-11-14
U03528,add_to_cart,2024-11-15
U03529,register,2024-12-25
U03529,app_open,2024-12-25
U03529,browse,2024-12-25
U03530,register,2024-08-30
U03531,register,2024-07-11
U03531,app_open,2024-07-11
U03531,browse,2024-07-12
U03531,add_to_cart,2024-07-12
U03532,register,2024-11-22
U03533,register,2024-07-27
U03533,app_open,2024-07-27
U03533,browse,2024-07-27
U03534,register,2024-07-18
U03534,app_open,2024-07-18
U03534,browse,2024-07-18
U03534,add_to_cart,2024-07-18
U03535,register,2024-06-24
U03535,app_open,2024-06-24
U03535,browse,2024-06-24
U03536,register,2024-05-11
U03536,app_open,2024-05-11
U03536,browse,2024-05-11
U03536,add_to_cart,2024-05-11
U03536,purchase,2024-05-13
U03536,repurchase,2024-06-07
U03537,register,2024-07-03
U03537,app_open,2024-07-03
U03537,browse,2024-07-03
U03538,register,2024-08-05
U03538,app_open,2024-08-05
U03538,browse,2024-08-05
U03538,add_to_cart,2024-08-06
U03539,register,2024-10-26
U03539,app_open,2024-10-26
U03539,browse,2024-10-27
U03540,register,2024-04-01
U03540,app_open,2024-04-01
U03540,browse,2024-04-02
U03541,register,2024-06-16
U03541,app_open,2024-06-16
U03541,browse,2024-06-17
U03542,register,2024-11-24
U03542,app_open,2024-11-24
U03543,register,2024-05-19
U03543,app_open,2024-05-19
U03543,browse,2024-05-19
U03544,register,2024-08-01
U03544,app_open,2024-08-01
U03544,browse,2024-08-01
U03545,register,2024-12-05
U03545,browse,2024-12-06
U03545,add_to_cart,2024-12-08
U03545,purchase,2024-12-08
U03545,repurchase,2024-12-30
U03545,share,2024-12-30
U03546,register,2024-05-23
U03546,app_open,2024-05-23
U03546,browse,2024-05-23
U03547,register,2024-04-14
U03547,app_open,2024-04-14
U03547,browse,2024-04-14
U03548,register,2024-09-11
U03548,app_open,2024-09-11
U03549,register,2024-07-19
U03549,app_open,2024-07-19
U03549,browse,2024-07-19
U03550,register,2024-09-30
U03550,app_open,2024-09-30
U03550,browse,2024-09-30
U03551,register,2024-11-23
U03551,app_open,2024-11-23
U03552,register,2024-05-15
U03552,app_open,2024-05-15
U03552,browse,2024-05-16
U03553,register,2024-10-05
U03554,register,2024-09-16
U03554,browse,2024-09-17
U03555,register,2024-05-18
U03555,app_open,2024-05-18
U03555,browse,2024-05-18
U03555,add_to_cart,2024-05-20
U03555,purchase,2024-05-21
U03556,register,2024-10-15
U03556,app_open,2024-10-15
U03557,register,2024-07-09
U03557,app_open,2024-07-09
U03558,register,2024-09-11
U03558,app_open,2024-09-11
U03558,browse,2024-09-11
U03558,add_to_cart,2024-09-12
U03558,purchase,2024-09-12
U03558,repurchase,2024-09-28
U03559,register,2024-04-14
U03559,app_open,2024-04-14
U03559,browse,2024-04-14
U03560,register,2024-09-04
U03560,app_open,2024-09-04
U03560,browse,2024-09-05
U03560,add_to_cart,2024-09-07
U03561,register,2024-07-21
U03561,app_open,2024-07-21
U03561,browse,2024-07-21
U03562,register,2024-11-27
U03562,app_open,2024-11-27
U03562,browse,2024-11-27
U03563,register,2024-03-28
U03563,app_open,2024-03-28
U03563,browse,2024-03-29
U03564,register,2024-08-24
U03564,app_open,2024-08-24
U03564,browse,2024-08-24
U03565,register,2024-09-04
U03565,app_open,2024-09-04
U03566,register,2024-11-06
U03566,app_open,2024-11-06
U03566,browse,2024-11-07
U03566,add_to_cart,2024-11-08
U03566,purchase,2024-11-10
U03567,register,2024-10-03
U03567,app_open,2024-10-03
U03567,browse,2024-10-04
U03568,register,2024-10-25
U03568,app_open,2024-10-25
U03568,browse,2024-10-26
U03568,add_to_cart,2024-10-28
U03569,register,2024-11-17
U03569,app_open,2024-11-17
U03569,browse,2024-11-17
U03570,register,2024-12-04
U03570,app_open,2024-12-04
U03571,register,2024-07-23
U03571,app_open,2024-07-23
U03571,browse,2024-07-24
U03571,add_to_cart,2024-07-25
U03572,register,2024-09-24
U03572,app_open,2024-09-24
U03572,browse,2024-09-25
U03573,register,2024-11-30
U03574,register,2024-12-29
U03574,app_open,2024-12-29
U03574,browse,2024-12-30
U03574,add_to_cart,2024-12-30
U03575,register,2024-12-10
U03575,browse,2024-12-10
U03576,register,2024-08-10
U03576,browse,2024-08-10
U03576,add_to_cart,2024-08-11
U03576,purchase,2024-08-11
U03576,repurchase,2024-08-31
U03577,register,2024-06-10
U03577,browse,2024-06-10
U03578,register,2024-09-12
U03578,app_open,2024-09-12
U03578,browse,2024-09-12
U03579,register,2024-11-10
U03579,app_open,2024-11-10
U03580,register,2024-09-13
U03580,app_open,2024-09-13
U03580,browse,2024-09-14
U03580,add_to_cart,2024-09-15
U03580,purchase,2024-09-16
U03581,register,2024-09-10
U03581,app_open,2024-09-10
U03581,browse,2024-09-11
U03581,add_to_cart,2024-09-12
U03581,purchase,2024-09-14
U03582,register,2024-11-30
U03582,app_open,2024-11-30
U03582,browse,2024-11-30
U03583,register,2024-08-07
U03583,app_open,2024-08-07
U03583,browse,2024-08-08
U03584,register,2024-12-04
U03584,app_open,2024-12-04
U03584,browse,2024-12-05
U03584,add_to_cart,2024-12-05
U03584,purchase,2024-12-05
U03584,share,2024-12-07
U03585,register,2024-08-20
U03585,app_open,2024-08-20
U03585,browse,2024-08-21
U03586,register,2024-07-28
U03586,browse,2024-07-28
U03587,register,2024-09-02
U03587,app_open,2024-09-02
U03587,browse,2024-09-02
U03588,register,2024-11-14
U03588,app_open,2024-11-14
U03588,browse,2024-11-14
U03588,add_to_cart,2024-11-16
U03588,purchase,2024-11-16
U03588,repurchase,2024-12-04
U03589,register,2024-05-09
U03589,app_open,2024-05-09
U03589,browse,2024-05-10
U03590,register,2024-06-10
U03590,app_open,2024-06-10
U03590,browse,2024-06-11
U03591,register,2024-12-22
U03591,app_open,2024-12-22
U03591,browse,2024-12-22
U03591,add_to_cart,2024-12-23
U03592,register,2024-06-01
U03592,browse,2024-06-01
U03592,add_to_cart,2024-06-01
U03592,purchase,2024-06-02
U03593,register,2024-10-02
U03593,app_open,2024-10-02
U03594,register,2024-10-04
U03594,app_open,2024-10-04
U03595,register,2024-09-12
U03595,browse,2024-09-13
U03596,register,2024-10-20
U03596,app_open,2024-10-20
U03596,browse,2024-10-20
U03597,register,2024-06-23
U03597,app_open,2024-06-23
U03598,register,2024-09-28
U03598,app_open,2024-09-28
U03599,register,2024-08-10
U03599,app_open,2024-08-10
U03599,browse,2024-08-10
U03600,register,2024-10-23
U03600,app_open,2024-10-23
U03601,register,2024-05-17
U03601,app_open,2024-05-17
U03602,register,2024-10-02
U03602,app_open,2024-10-02
U03602,browse,2024-10-03
U03602,add_to_cart,2024-10-05
U03602,purchase,2024-10-07
U03602,repurchase,2024-10-22
U03602,share,2024-10-25
U03603,register,2024-06-06
U03603,app_open,2024-06-06
U03603,browse,2024-06-06
U03604,register,2024-07-11
U03604,app_open,2024-07-11
U03604,browse,2024-07-12
U03604,add_to_cart,2024-07-14
U03604,purchase,2024-07-14
U03604,repurchase,2024-08-02
U03605,register,2024-06-19
U03605,app_open,2024-06-19
U03605,browse,2024-06-19
U03605,add_to_cart,2024-06-20
U03605,purchase,2024-06-20
U03605,repurchase,2024-06-29
U03606,register,2024-06-05
U03606,app_open,2024-06-05
U03606,browse,2024-06-05
U03607,register,2024-11-27
U03607,app_open,2024-11-27
U03608,register,2024-07-14
U03608,app_open,2024-07-14
U03609,register,2024-12-17
U03609,browse,2024-12-17
U03610,register,2024-12-25
U03610,app_open,2024-12-25
U03610,browse,2024-12-26
U03611,register,2024-10-02
U03611,app_open,2024-10-02
U03612,register,2024-05-18
U03612,app_open,2024-05-18
U03612,browse,2024-05-19
U03612,add_to_cart,2024-05-21
U03613,register,2024-08-11
U03613,app_open,2024-08-11
U03614,register,2024-11-22
U03614,browse,2024-11-23
U03615,register,2024-08-09
U03615,app_open,2024-08-09
U03615,browse,2024-08-10
U03615,add_to_cart,2024-08-12
U03615,purchase,2024-08-14
U03616,register,2024-04-17
U03616,app_open,2024-04-17
U03616,browse,2024-04-17
U03617,register,2024-09-29
U03617,app_open,2024-09-29
U03617,browse,2024-09-30
U03618,register,2024-12-01
U03618,app_open,2024-12-01
U03619,register,2024-11-21
U03619,app_open,2024-11-21
U03620,register,2024-06-01
U03620,app_open,2024-06-01
U03621,register,2024-10-26
U03621,app_open,2024-10-26
U03621,browse,2024-10-26
U03622,register,2024-06-20
U03622,app_open,2024-06-20
U03622,browse,2024-06-21
U03622,add_to_cart,2024-06-21
U03622,purchase,2024-06-22
U03623,register,2024-06-19
U03623,app_open,2024-06-19
U03623,browse,2024-06-19
U03623,add_to_cart,2024-06-21
U03623,purchase,2024-06-21
U03623,repurchase,2024-07-19
U03624,register,2024-12-07
U03624,app_open,2024-12-07
U03624,browse,2024-12-08
U03625,register,2024-07-01
U03625,app_open,2024-07-01
U03625,browse,2024-07-01
U03625,add_to_cart,2024-07-01
U03626,register,2024-07-06
U03626,app_open,2024-07-06
U03626,browse,2024-07-06
U03626,add_to_cart,2024-07-06
U03626,purchase,2024-07-08
U03626,repurchase,2024-07-23
U03627,register,2024-01-10
U03627,app_open,2024-01-10
U03627,browse,2024-01-11
U03627,add_to_cart,2024-01-11
U03628,register,2024-12-06
U03628,app_open,2024-12-06
U03628,browse,2024-12-07
U03629,register,2024-11-20
U03629,app_open,2024-11-20
U03629,browse,2024-11-21
U03629,add_to_cart,2024-11-21
U03629,purchase,2024-11-23
U03630,register,2024-10-16
U03630,app_open,2024-10-16
U03631,register,2024-11-12
U03631,app_open,2024-11-12
U03632,register,2024-05-22
U03632,browse,2024-05-23
U03633,register,2024-09-04
U03633,app_open,2024-09-04
U03634,register,2024-08-04
U03634,app_open,2024-08-04
U03634,browse,2024-08-04
U03635,register,2024-04-21
U03635,browse,2024-04-21
U03635,add_to_cart,2024-04-21
U03635,purchase,2024-04-21
U03636,register,2024-09-11
U03636,browse,2024-09-12
U03636,add_to_cart,2024-09-12
U03636,purchase,2024-09-13
U03637,register,2024-12-16
U03637,app_open,2024-12-16
U03638,register,2024-03-14
U03638,browse,2024-03-15
U03639,register,2024-07-16
U03639,app_open,2024-07-16
U03640,register,2024-06-15
U03640,app_open,2024-06-15
U03640,browse,2024-06-15
U03640,add_to_cart,2024-06-17
U03640,purchase,2024-06-17
U03641,register,2024-06-27
U03641,app_open,2024-06-27
U03641,browse,2024-06-28
U03642,register,2024-12-13
U03642,app_open,2024-12-13
U03642,browse,2024-12-14
U03642,add_to_cart,2024-12-16
U03643,register,2024-09-06
U03643,app_open,2024-09-06
U03643,browse,2024-09-07
U03643,add_to_cart,2024-09-08
U03644,register,2024-09-06
U03644,app_open,2024-09-06
U03644,browse,2024-09-06
U03645,register,2024-11-14
U03645,app_open,2024-11-14
U03645,browse,2024-11-14
U03645,add_to_cart,2024-11-15
U03646,register,2024-05-23
U03646,app_open,2024-05-23
U03646,browse,2024-05-23
U03647,register,2024-09-11
U03647,app_open,2024-09-11
U03647,browse,2024-09-12
U03647,add_to_cart,2024-09-14
U03647,purchase,2024-09-15
U03647,repurchase,2024-10-07
U03648,register,2024-08-27
U03648,app_open,2024-08-27
U03648,browse,2024-08-27
U03649,register,2024-10-08
U03649,app_open,2024-10-08
U03649,browse,2024-10-08
U03650,register,2024-12-30
U03650,app_open,2024-12-30
U03651,register,2024-11-16
U03651,browse,2024-11-17
U03651,add_to_cart,2024-11-19
U03651,purchase,2024-11-19
U03652,register,2024-08-18
U03652,app_open,2024-08-18
U03653,register,2024-11-28
U03654,register,2024-05-30
U03654,app_open,2024-05-30
U03654,browse,2024-05-30
U03655,register,2024-03-04
U03655,app_open,2024-03-04
U03656,register,2024-06-14
U03656,app_open,2024-06-14
U03656,browse,2024-06-14
U03657,register,2024-07-31
U03657,app_open,2024-07-31
U03657,browse,2024-07-31
U03658,register,2024-09-17
U03658,app_open,2024-09-17
U03658,browse,2024-09-18
U03659,register,2024-10-13
U03659,app_open,2024-10-13
U03659,browse,2024-10-14
U03660,register,2024-12-14
U03660,app_open,2024-12-14
U03660,browse,2024-12-15
U03661,register,2024-09-17
U03661,app_open,2024-09-17
U03661,browse,2024-09-18
U03662,register,2024-09-15
U03663,register,2024-03-22
U03663,app_open,2024-03-22
U03663,browse,2024-03-22
U03664,register,2024-03-09
U03664,app_open,2024-03-09
U03664,browse,2024-03-10
U03664,add_to_cart,2024-03-10
U03664,purchase,2024-03-12
U03665,register,2024-09-27
U03665,app_open,2024-09-27
U03665,browse,2024-09-27
U03666,register,2024-08-29
U03666,app_open,2024-08-29
U03666,browse,2024-08-30
U03666,add_to_cart,2024-08-30
U03667,register,2024-11-30
U03667,browse,2024-11-30
U03668,register,2024-05-26
U03668,app_open,2024-05-26
U03669,register,2024-02-27
U03669,app_open,2024-02-27
U03669,browse,2024-02-28
U03670,register,2024-09-01
U03670,app_open,2024-09-01
U03670,browse,2024-09-01
U03671,register,2024-06-26
U03671,app_open,2024-06-26
U03671,browse,2024-06-26
U03672,register,2024-03-22
U03672,app_open,2024-03-22
U03672,browse,2024-03-22
U03673,register,2024-11-06
U03673,app_open,2024-11-06
U03673,browse,2024-11-06
U03674,register,2024-05-01
U03674,browse,2024-05-01
U03675,register,2024-10-11
U03675,app_open,2024-10-11
U03676,register,2024-07-12
U03676,app_open,2024-07-12
U03676,browse,2024-07-13
U03676,add_to_cart,2024-07-15
U03677,register,2024-06-01
U03677,app_open,2024-06-01
U03677,browse,2024-06-01
U03678,register,2024-08-12
U03678,app_open,2024-08-12
U03678,browse,2024-08-12
U03678,add_to_cart,2024-08-14
U03679,register,2024-11-22
U03679,app_open,2024-11-22
U03680,register,2024-08-16
U03680,app_open,2024-08-16
U03680,browse,2024-08-16
U03681,register,2024-11-12
U03681,app_open,2024-11-12
U03682,register,2024-05-09
U03682,app_open,2024-05-09
U03682,browse,2024-05-10
U03683,register,2024-11-16
U03683,app_open,2024-11-16
U03683,browse,2024-11-17
U03683,add_to_cart,2024-11-17
U03683,purchase,2024-11-19
U03683,repurchase,2024-11-26
U03684,register,2024-06-26
U03684,app_open,2024-06-26
U03684,browse,2024-06-27
U03685,register,2024-10-27
U03685,app_open,2024-10-27
U03685,browse,2024-10-27
U03685,add_to_cart,2024-10-28
U03685,purchase,2024-10-30
U03685,repurchase,2024-11-18
U03686,register,2024-10-01
U03686,app_open,2024-10-01
U03686,browse,2024-10-02
U03687,register,2024-12-17
U03687,app_open,2024-12-17
U03688,register,2024-08-15
U03688,app_open,2024-08-15
U03688,browse,2024-08-15
U03688,add_to_cart,2024-08-15
U03689,register,2024-04-03
U03689,app_open,2024-04-03
U03690,register,2024-02-20
U03690,app_open,2024-02-20
U03690,browse,2024-02-21
U03690,add_to_cart,2024-02-21
U03690,purchase,2024-02-23
U03691,register,2024-11-27
U03691,app_open,2024-11-27
U03691,browse,2024-11-27
U03691,add_to_cart,2024-11-27
U03691,purchase,2024-11-27
U03692,register,2024-09-21
U03692,app_open,2024-09-21
U03692,browse,2024-09-21
U03692,add_to_cart,2024-09-23
U03692,purchase,2024-09-24
U03693,register,2024-11-17
U03693,app_open,2024-11-17
U03693,browse,2024-11-17
U03693,add_to_cart,2024-11-18
U03693,purchase,2024-11-19
U03693,repurchase,2024-12-13
U03693,share,2024-12-13
U03694,register,2024-06-25
U03694,app_open,2024-06-25
U03694,browse,2024-06-25
U03695,register,2024-08-02
U03695,app_open,2024-08-02
U03695,browse,2024-08-02
U03696,register,2024-03-04
U03696,app_open,2024-03-04
U03697,register,2024-12-23
U03697,app_open,2024-12-23
U03698,register,2024-10-25
U03698,app_open,2024-10-25
U03698,browse,2024-10-25
U03699,register,2024-12-18
U03699,app_open,2024-12-18
U03699,browse,2024-12-18
U03700,register,2024-07-07
U03700,app_open,2024-07-07
U03700,browse,2024-07-07
U03701,register,2024-10-12
U03701,app_open,2024-10-12
U03701,browse,2024-10-12
U03702,register,2024-10-27
U03702,app_open,2024-10-27
U03703,register,2024-07-24
U03703,app_open,2024-07-24
U03703,browse,2024-07-25
U03703,add_to_cart,2024-07-27
U03703,purchase,2024-07-29
U03704,register,2024-12-02
U03704,app_open,2024-12-02
U03704,browse,2024-12-03
U03704,add_to_cart,2024-12-04
U03704,purchase,2024-12-05
U03704,share,2024-12-09
U03705,register,2024-12-21
U03705,app_open,2024-12-21
U03705,browse,2024-12-21
U03705,add_to_cart,2024-12-22
U03705,purchase,2024-12-22
U03706,register,2024-12-09
U03706,app_open,2024-12-09
U03706,browse,2024-12-09
U03706,add_to_cart,2024-12-09
U03707,register,2024-11-09
U03707,browse,2024-11-09
U03708,register,2024-07-11
U03708,app_open,2024-07-11
U03708,browse,2024-07-12
U03709,register,2024-07-12
U03709,app_open,2024-07-12
U03709,browse,2024-07-13
U03710,register,2024-12-24
U03710,browse,2024-12-24
U03711,register,2024-02-07
U03711,app_open,2024-02-07
U03711,browse,2024-02-07
U03712,register,2024-11-04
U03712,app_open,2024-11-04
U03712,browse,2024-11-05
U03713,register,2024-11-02
U03713,app_open,2024-11-02
U03713,browse,2024-11-03
U03714,register,2024-10-15
U03714,app_open,2024-10-15
U03714,browse,2024-10-15
U03715,register,2024-12-29
U03715,app_open,2024-12-29
U03715,browse,2024-12-29
U03715,add_to_cart,2024-12-30
U03716,register,2024-07-22
U03716,app_open,2024-07-22
U03716,browse,2024-07-23
U03716,add_to_cart,2024-07-25
U03716,purchase,2024-07-25
U03716,repurchase,2024-08-22
U03717,register,2024-07-31
U03717,app_open,2024-07-31
U03717,browse,2024-07-31
U03717,add_to_cart,2024-08-01
U03718,register,2024-04-12
U03718,app_open,2024-04-12
U03718,browse,2024-04-13
U03718,add_to_cart,2024-04-13
U03718,purchase,2024-04-13
U03719,register,2024-08-30
U03719,app_open,2024-08-30
U03719,browse,2024-08-30
U03719,add_to_cart,2024-09-01
U03720,register,2024-07-05
U03720,app_open,2024-07-05
U03720,browse,2024-07-06
U03721,register,2024-08-01
U03721,app_open,2024-08-01
U03721,browse,2024-08-02
U03722,register,2024-11-29
U03722,app_open,2024-11-29
U03722,browse,2024-11-30
U03722,add_to_cart,2024-11-30
U03722,purchase,2024-12-01
U03722,repurchase,2024-12-28
U03722,share,2024-12-28
U03723,register,2024-12-19
U03723,app_open,2024-12-19
U03724,register,2024-06-06
U03724,app_open,2024-06-06
U03724,browse,2024-06-07
U03725,register,2024-08-10
U03726,register,2024-12-17
U03726,browse,2024-12-18
U03727,register,2024-03-31
U03727,browse,2024-04-01
U03727,add_to_cart,2024-04-02
U03728,register,2024-04-20
U03728,app_open,2024-04-20
U03729,register,2024-05-27
U03729,app_open,2024-05-27
U03729,browse,2024-05-28
U03730,register,2024-10-08
U03730,app_open,2024-10-08
U03730,browse,2024-10-08
U03730,add_to_cart,2024-10-08
U03730,purchase,2024-10-10
U03730,repurchase,2024-10-19
U03731,register,2024-05-21
U03731,app_open,2024-05-21
U03732,register,2024-12-25
U03732,app_open,2024-12-25
U03732,browse,2024-12-25
U03732,add_to_cart,2024-12-27
U03732,purchase,2024-12-28
U03733,register,2024-08-31
U03733,app_open,2024-08-31
U03733,browse,2024-09-01
U03734,register,2024-09-15
U03734,app_open,2024-09-15
U03734,browse,2024-09-16
U03735,register,2024-06-30
U03735,app_open,2024-06-30
U03736,register,2024-09-07
U03736,app_open,2024-09-07
U03736,browse,2024-09-08
U03736,add_to_cart,2024-09-09
U03736,purchase,2024-09-09
U03736,repurchase,2024-10-08
U03737,register,2024-10-23
U03737,app_open,2024-10-23
U03737,browse,2024-10-23
U03737,add_to_cart,2024-10-25
U03738,register,2024-11-12
U03738,app_open,2024-11-12
U03738,browse,2024-11-12
U03739,register,2024-11-12
U03739,app_open,2024-11-12
U03739,browse,2024-11-13
U03739,add_to_cart,2024-11-15
U03739,purchase,2024-11-17
U03739,repurchase,2024-11-26
U03739,share,2024-11-28
U03740,register,2024-10-04
U03740,app_open,2024-10-04
U03740,browse,2024-10-04
U03740,add_to_cart,2024-10-06
U03741,register,2024-12-13
U03741,app_open,2024-12-13
U03741,browse,2024-12-14
U03741,add_to_cart,2024-12-16
U03742,register,2024-11-25
U03742,app_open,2024-11-25
U03742,browse,2024-11-26
U03743,register,2024-11-13
U03743,app_open,2024-11-13
U03743,browse,2024-11-14
U03743,add_to_cart,2024-11-15
U03743,purchase,2024-11-17
U03743,repurchase,2024-12-10
U03743,share,2024-12-14
U03744,register,2024-03-27
U03744,app_open,2024-03-27
U03744,browse,2024-03-27
U03744,add_to_cart,2024-03-28
U03744,purchase,2024-03-30
U03744,share,2024-04-01
U03745,register,2024-01-31
U03745,app_open,2024-01-31
U03745,browse,2024-02-01
U03745,add_to_cart,2024-02-01
U03746,register,2024-06-17
U03746,browse,2024-06-18
U03746,add_to_cart,2024-06-19
U03746,purchase,2024-06-20
U03747,register,2024-10-24
U03747,browse,2024-10-25
U03748,register,2024-08-22
U03748,app_open,2024-08-22
U03748,browse,2024-08-22
U03749,register,2024-08-19
U03749,app_open,2024-08-19
U03749,browse,2024-08-19
U03749,add_to_cart,2024-08-19
U03750,register,2024-12-09
U03750,app_open,2024-12-09
U03751,register,2024-12-11
U03751,app_open,2024-12-11
U03751,browse,2024-12-11
U03752,register,2024-12-14
U03752,app_open,2024-12-14
U03752,browse,2024-12-15
U03753,register,2024-07-23
U03753,app_open,2024-07-23
U03754,register,2024-10-30
U03754,app_open,2024-10-30
U03755,register,2024-07-09
U03755,app_open,2024-07-09
U03755,browse,2024-07-09
U03756,register,2024-06-08
U03756,app_open,2024-06-08
U03756,browse,2024-06-08
U03756,add_to_cart,2024-06-09
U03756,purchase,2024-06-11
U03756,repurchase,2024-06-24
U03757,register,2024-06-05
U03757,app_open,2024-06-05
U03757,browse,2024-06-05
U03757,add_to_cart,2024-06-06
U03758,register,2024-08-01
U03759,register,2024-08-27
U03759,app_open,2024-08-27
U03760,register,2024-11-28
U03760,app_open,2024-11-28
U03760,browse,2024-11-29
U03760,add_to_cart,2024-11-30
U03761,register,2024-05-06
U03761,app_open,2024-05-06
U03761,browse,2024-05-07
U03762,register,2024-11-08
U03762,browse,2024-11-09
U03763,register,2024-09-23
U03763,app_open,2024-09-23
U03764,register,2024-07-14
U03764,app_open,2024-07-14
U03764,browse,2024-07-14
U03764,add_to_cart,2024-07-16
U03765,register,2024-09-13
U03765,app_open,2024-09-13
U03766,register,2024-07-18
U03766,app_open,2024-07-18
U03766,browse,2024-07-19
U03767,register,2024-10-08
U03767,app_open,2024-10-08
U03767,browse,2024-10-08
U03768,register,2024-08-28
U03768,app_open,2024-08-28
U03768,browse,2024-08-29
U03768,add_to_cart,2024-08-31
U03769,register,2024-05-27
U03769,browse,2024-05-27
U03769,add_to_cart,2024-05-28
U03769,purchase,2024-05-28
U03769,repurchase,2024-06-05
U03770,register,2024-05-04
U03770,app_open,2024-05-04
U03770,browse,2024-05-04
U03771,register,2024-09-26
U03771,app_open,2024-09-26
U03771,browse,2024-09-27
U03772,register,2024-12-12
U03772,app_open,2024-12-12
U03772,browse,2024-12-12
U03772,add_to_cart,2024-12-13
U03772,purchase,2024-12-13
U03772,share,2024-12-14
U03773,register,2024-08-02
U03773,app_open,2024-08-02
U03774,register,2024-11-08
U03774,app_open,2024-11-08
U03775,register,2024-10-23
U03775,browse,2024-10-23
U03776,register,2024-12-18
U03776,browse,2024-12-18
U03776,add_to_cart,2024-12-20
U03776,purchase,2024-12-21
U03776,repurchase,2024-12-29
U03777,register,2024-11-26
U03777,app_open,2024-11-26
U03777,browse,2024-11-27
U03778,register,2024-10-01
U03778,app_open,2024-10-01
U03779,register,2024-10-22
U03779,app_open,2024-10-22
U03779,browse,2024-10-22
U03779,add_to_cart,2024-10-23
U03779,purchase,2024-10-24
U03779,repurchase,2024-11-16
U03780,register,2024-12-11
U03780,app_open,2024-12-11
U03780,browse,2024-12-12
U03781,register,2024-08-18
U03781,app_open,2024-08-18
U03781,browse,2024-08-18
U03782,register,2024-07-27
U03782,browse,2024-07-28
U03783,register,2024-02-07
U03783,app_open,2024-02-07
U03784,register,2024-11-27
U03784,app_open,2024-11-27
U03785,register,2024-11-22
U03785,app_open,2024-11-22
U03785,browse,2024-11-22
U03786,register,2024-04-27
U03786,app_open,2024-04-27
U03787,register,2024-10-04
U03788,register,2024-09-05
U03788,browse,2024-09-06
U03788,add_to_cart,2024-09-07
U03789,register,2024-05-05
U03789,app_open,2024-05-05
U03789,browse,2024-05-06
U03790,register,2024-12-27
U03790,app_open,2024-12-27
U03790,browse,2024-12-28
U03791,register,2024-06-18
U03791,app_open,2024-06-18
U03791,browse,2024-06-18
U03792,register,2024-04-04
U03792,app_open,2024-04-04
U03793,register,2024-10-08
U03793,app_open,2024-10-08
U03793,browse,2024-10-08
U03793,add_to_cart,2024-10-09
U03793,purchase,2024-10-11
U03794,register,2024-11-09
U03794,app_open,2024-11-09
U03794,browse,2024-11-09
U03795,register,2024-03-06
U03795,app_open,2024-03-06
U03795,browse,2024-03-07
U03796,register,2024-10-23
U03796,browse,2024-10-23
U03796,add_to_cart,2024-10-24
U03796,purchase,2024-10-24
U03796,repurchase,2024-11-01
U03797,register,2024-09-23
U03797,app_open,2024-09-23
U03797,browse,2024-09-23
U03797,add_to_cart,2024-09-23
U03798,register,2024-04-27
U03798,app_open,2024-04-27
U03799,register,2024-05-31
U03799,app_open,2024-05-31
U03800,register,2024-10-02
U03800,app_open,2024-10-02
U03800,browse,2024-10-03
U03801,register,2024-07-17
U03801,app_open,2024-07-17
U03802,register,2024-12-19
U03802,app_open,2024-12-19
U03802,browse,2024-12-20
U03803,register,2024-11-26
U03803,app_open,2024-11-26
U03803,browse,2024-11-27
U03803,add_to_cart,2024-11-28
U03803,purchase,2024-11-30
U03804,register,2024-12-27
U03804,app_open,2024-12-27
U03804,browse,2024-12-28
U03804,add_to_cart,2024-12-28
U03805,register,2024-07-04
U03805,browse,2024-07-05
U03805,add_to_cart,2024-07-06
U03805,purchase,2024-07-06
U03805,repurchase,2024-07-23
U03806,register,2024-12-25
U03806,app_open,2024-12-25
U03806,browse,2024-12-25
U03807,register,2024-08-27
U03807,app_open,2024-08-27
U03807,browse,2024-08-28
U03808,register,2024-08-03
U03808,browse,2024-08-03
U03809,register,2024-03-22
U03809,browse,2024-03-23
U03809,add_to_cart,2024-03-24
U03809,purchase,2024-03-24
U03810,register,2024-03-24
U03810,app_open,2024-03-24
U03810,browse,2024-03-24
U03810,add_to_cart,2024-03-24
U03811,register,2024-10-30
U03811,app_open,2024-10-30
U03811,browse,2024-10-30
U03811,add_to_cart,2024-10-30
U03811,purchase,2024-11-01
U03811,share,2024-11-02
U03812,register,2024-09-03
U03812,app_open,2024-09-03
U03812,browse,2024-09-03
U03812,add_to_cart,2024-09-03
U03812,purchase,2024-09-05
U03812,share,2024-09-09
U03813,register,2024-06-22
U03813,app_open,2024-06-22
U03814,register,2024-10-13
U03814,app_open,2024-10-13
U03814,browse,2024-10-14
U03815,register,2024-07-02
U03815,app_open,2024-07-02
U03815,browse,2024-07-02
U03815,add_to_cart,2024-07-02
U03815,purchase,2024-07-03
U03816,register,2024-10-04
U03816,app_open,2024-10-04
U03816,browse,2024-10-04
U03817,register,2024-08-06
U03817,app_open,2024-08-06
U03817,browse,2024-08-07
U03818,register,2024-11-27
U03818,app_open,2024-11-27
U03819,register,2024-11-26
U03819,app_open,2024-11-26
U03819,browse,2024-11-27
U03820,register,2024-09-09
U03820,app_open,2024-09-09
U03820,browse,2024-09-10
U03820,add_to_cart,2024-09-12
U03820,purchase,2024-09-13
U03820,repurchase,2024-10-04
U03821,register,2024-08-04
U03821,app_open,2024-08-04
U03822,register,2024-08-07
U03822,app_open,2024-08-07
U03822,browse,2024-08-07
U03822,add_to_cart,2024-08-09
U03823,register,2024-11-23
U03823,app_open,2024-11-23
U03823,browse,2024-11-24
U03823,add_to_cart,2024-11-24
U03823,purchase,2024-11-26
U03823,repurchase,2024-12-18
U03824,register,2024-07-28
U03824,app_open,2024-07-28
U03824,browse,2024-07-29
U03824,add_to_cart,2024-07-29
U03825,register,2024-06-15
U03825,app_open,2024-06-15
U03825,browse,2024-06-16
U03826,register,2024-04-16
U03826,app_open,2024-04-16
U03827,register,2024-09-06
U03827,app_open,2024-09-06
U03827,browse,2024-09-07
U03827,add_to_cart,2024-09-09
U03827,purchase,2024-09-10
U03827,share,2024-09-13
U03828,register,2024-09-10
U03828,app_open,2024-09-10
U03829,register,2024-11-30
U03830,register,2024-06-20
U03830,app_open,2024-06-20
U03830,browse,2024-06-20
U03830,add_to_cart,2024-06-22
U03830,purchase,2024-06-24
U03831,register,2024-08-13
U03831,app_open,2024-08-13
U03831,browse,2024-08-13
U03832,register,2024-11-24
U03832,app_open,2024-11-24
U03832,browse,2024-11-25
U03832,add_to_cart,2024-11-27
U03833,register,2024-11-27
U03833,browse,2024-11-27
U03834,register,2024-08-14
U03834,app_open,2024-08-14
U03835,register,2024-09-04
U03835,app_open,2024-09-04
U03836,register,2024-07-20
U03836,app_open,2024-07-20
U03837,register,2024-12-18
U03837,app_open,2024-12-18
U03837,browse,2024-12-18
U03837,add_to_cart,2024-12-18
U03837,purchase,2024-12-20
U03838,register,2024-05-05
U03838,app_open,2024-05-05
U03838,browse,2024-05-05
U03838,add_to_cart,2024-05-06
U03838,purchase,2024-05-07
U03838,repurchase,2024-05-29
U03839,register,2024-12-18
U03839,browse,2024-12-18
U03840,register,2024-10-28
U03840,app_open,2024-10-28
U03841,register,2024-09-23
U03841,app_open,2024-09-23
U03841,browse,2024-09-24
U03842,register,2024-03-06
U03842,app_open,2024-03-06
U03843,register,2024-09-08
U03843,browse,2024-09-08
U03843,add_to_cart,2024-09-09
U03844,register,2024-08-21
U03844,browse,2024-08-21
U03845,register,2024-05-26
U03845,app_open,2024-05-26
U03845,browse,2024-05-26
U03846,register,2024-10-22
U03846,app_open,2024-10-22
U03846,browse,2024-10-23
U03846,add_to_cart,2024-10-25
U03846,purchase,2024-10-27
U03847,register,2024-12-25
U03847,app_open,2024-12-25
U03847,browse,2024-12-25
U03848,register,2024-09-30
U03848,browse,2024-10-01
U03849,register,2024-11-04
U03849,app_open,2024-11-04
U03849,browse,2024-11-05
U03850,register,2024-04-05
U03850,app_open,2024-04-05
U03850,browse,2024-04-05
U03850,add_to_cart,2024-04-05
U03851,register,2024-08-23
U03851,browse,2024-08-23
U03852,register,2024-05-04
U03852,browse,2024-05-05
U03853,register,2024-10-12
U03853,app_open,2024-10-12
U03854,register,2024-12-19
U03854,app_open,2024-12-19
U03855,register,2024-10-23
U03855,app_open,2024-10-23
U03856,register,2024-04-11
U03856,app_open,2024-04-11
U03856,browse,2024-04-12
U03857,register,2024-08-05
U03857,app_open,2024-08-05
U03857,browse,2024-08-05
U03858,register,2024-09-27
U03858,app_open,2024-09-27
U03859,register,2024-08-19
U03859,app_open,2024-08-19
U03859,browse,2024-08-19
U03859,add_to_cart,2024-08-20
U03860,register,2024-11-29
U03860,app_open,2024-11-29
U03860,browse,2024-11-30
U03860,add_to_cart,2024-12-02
U03861,register,2024-11-25
U03861,app_open,2024-11-25
U03861,browse,2024-11-26
U03862,register,2024-10-12
U03862,app_open,2024-10-12
U03862,browse,2024-10-13
U03863,register,2024-08-11
U03863,app_open,2024-08-11
U03863,browse,2024-08-12
U03863,add_to_cart,2024-08-14
U03863,purchase,2024-08-16
U03863,repurchase,2024-08-30
U03864,register,2024-07-03
U03864,app_open,2024-07-03
U03864,browse,2024-07-03
U03865,register,2024-04-28
U03865,app_open,2024-04-28
U03865,browse,2024-04-28
U03865,add_to_cart,2024-04-30
U03866,register,2024-08-05
U03866,app_open,2024-08-05
U03866,browse,2024-08-06
U03867,register,2024-08-22
U03867,app_open,2024-08-22
U03867,browse,2024-08-23
U03868,register,2024-10-27
U03868,app_open,2024-10-27
U03868,browse,2024-10-28
U03868,add_to_cart,2024-10-28
U03868,purchase,2024-10-29
U03869,register,2024-10-23
U03869,app_open,2024-10-23
U03870,register,2024-04-06
U03870,app_open,2024-04-06
U03870,browse,2024-04-06
U03870,add_to_cart,2024-04-06
U03871,register,2024-08-17
U03871,browse,2024-08-18
U03872,register,2024-06-04
U03872,browse,2024-06-05
U03872,add_to_cart,2024-06-05
U03872,purchase,2024-06-07
U03873,register,2024-05-24
U03873,browse,2024-05-24
U03874,register,2024-11-27
U03874,app_open,2024-11-27
U03874,browse,2024-11-27
U03875,register,2024-03-15
U03875,app_open,2024-03-15
U03876,register,2024-08-24
U03876,app_open,2024-08-24
U03876,browse,2024-08-24
U03877,register,2024-05-29
U03877,app_open,2024-05-29
U03877,browse,2024-05-30
U03877,add_to_cart,2024-05-30
U03877,purchase,2024-05-31
U03878,register,2024-12-08
U03878,app_open,2024-12-08
U03878,browse,2024-12-09
U03879,register,2024-09-29
U03879,app_open,2024-09-29
U03879,browse,2024-09-30
U03879,add_to_cart,2024-09-30
U03879,purchase,2024-10-01
U03880,register,2024-06-24
U03880,browse,2024-06-24
U03881,register,2024-09-15
U03881,app_open,2024-09-15
U03881,browse,2024-09-16
U03882,register,2024-11-08
U03882,app_open,2024-11-08
U03882,browse,2024-11-09
U03882,add_to_cart,2024-11-10
U03883,register,2024-12-23
U03883,app_open,2024-12-23
U03883,browse,2024-12-23
U03884,register,2024-06-20
U03884,app_open,2024-06-20
U03884,browse,2024-06-20
U03884,add_to_cart,2024-06-21
U03884,purchase,2024-06-23
U03884,repurchase,2024-07-09
U03885,register,2024-12-09
U03885,app_open,2024-12-09
U03885,browse,2024-12-10
U03885,add_to_cart,2024-12-11
U03885,purchase,2024-12-13
U03885,repurchase,2024-12-22
U03885,share,2024-12-26
U03886,register,2024-12-18
U03886,app_open,2024-12-18
U03886,browse,2024-12-19
U03887,register,2024-12-15
U03887,app_open,2024-12-15
U03887,browse,2024-12-15
U03887,add_to_cart,2024-12-16
U03887,purchase,2024-12-18
U03887,repurchase,2025-01-10
U03888,register,2024-10-17
U03888,app_open,2024-10-17
U03888,browse,2024-10-18
U03889,register,2024-10-16
U03889,app_open,2024-10-16
U03889,browse,2024-10-16
U03890,register,2024-08-19
U03890,app_open,2024-08-19
U03890,browse,2024-08-20
U03891,register,2024-11-12
U03891,app_open,2024-11-12
U03891,browse,2024-11-13
U03892,register,2024-09-23
U03892,browse,2024-09-24
U03893,register,2024-10-27
U03893,app_open,2024-10-27
U03893,browse,2024-10-28
U03893,add_to_cart,2024-10-30
U03893,purchase,2024-11-01
U03893,share,2024-11-04
U03894,register,2024-08-26
U03894,app_open,2024-08-26
U03895,register,2024-11-08
U03895,browse,2024-11-09
U03896,register,2024-11-27
U03896,app_open,2024-11-27
U03896,browse,2024-11-28
U03897,register,2024-05-19
U03897,app_open,2024-05-19
U03898,register,2024-11-29
U03898,app_open,2024-11-29
U03898,browse,2024-11-30
U03899,register,2024-09-25
U03899,app_open,2024-09-25
U03899,browse,2024-09-26
U03900,register,2024-12-01
U03900,app_open,2024-12-01
U03900,browse,2024-12-02
U03900,add_to_cart,2024-12-02
U03900,purchase,2024-12-04
U03901,register,2024-08-27
U03901,app_open,2024-08-27
U03902,register,2024-08-12
U03902,app_open,2024-08-12
U03902,browse,2024-08-13
U03903,register,2024-12-15
U03903,app_open,2024-12-15
U03904,register,2024-07-01
U03904,app_open,2024-07-01
U03905,register,2024-12-01
U03905,app_open,2024-12-01
U03905,browse,2024-12-02
U03906,register,2024-09-10
U03906,app_open,2024-09-10
U03906,browse,2024-09-10
U03907,register,2024-09-18
U03907,app_open,2024-09-18
U03907,browse,2024-09-19
U03907,add_to_cart,2024-09-21
U03907,purchase,2024-09-22
U03908,register,2024-07-21
U03908,app_open,2024-07-21
U03908,browse,2024-07-21
U03909,register,2024-10-03
U03909,app_open,2024-10-03
U03909,browse,2024-10-03
U03909,add_to_cart,2024-10-05
U03909,purchase,2024-10-06
U03909,repurchase,2024-10-24
U03910,register,2024-07-27
U03910,app_open,2024-07-27
U03910,browse,2024-07-27
U03911,register,2024-03-13
U03911,app_open,2024-03-13
U03911,browse,2024-03-14
U03911,add_to_cart,2024-03-15
U03912,register,2024-07-09
U03912,app_open,2024-07-09
U03913,register,2024-01-30
U03913,app_open,2024-01-30
U03913,browse,2024-01-30
U03914,register,2024-12-27
U03914,browse,2024-12-28
U03914,add_to_cart,2024-12-29
U03915,register,2024-12-24
U03915,app_open,2024-12-24
U03915,browse,2024-12-25
U03916,register,2024-08-17
U03916,app_open,2024-08-17
U03917,register,2024-11-07
U03917,browse,2024-11-08
U03918,register,2024-08-02
U03918,app_open,2024-08-02
U03918,browse,2024-08-02
U03918,add_to_cart,2024-08-02
U03918,purchase,2024-08-04
U03919,register,2024-10-26
U03919,app_open,2024-10-26
U03919,browse,2024-10-26
U03920,register,2024-11-23
U03921,register,2024-12-21
U03921,app_open,2024-12-21
U03921,browse,2024-12-21
U03921,add_to_cart,2024-12-21
U03921,purchase,2024-12-21
U03921,share,2024-12-23
U03922,register,2024-08-18
U03922,browse,2024-08-18
U03923,register,2024-11-19
U03923,app_open,2024-11-19
U03923,browse,2024-11-20
U03923,add_to_cart,2024-11-22
U03924,register,2024-07-07
U03924,app_open,2024-07-07
U03924,browse,2024-07-08
U03925,register,2024-12-29
U03925,browse,2024-12-30
U03926,register,2024-02-28
U03926,app_open,2024-02-28
U03926,browse,2024-02-28
U03926,add_to_cart,2024-02-28
U03926,purchase,2024-02-28
U03927,register,2024-10-10
U03927,browse,2024-10-10
U03928,register,2024-10-23
U03928,app_open,2024-10-23
U03928,browse,2024-10-24
U03928,add_to_cart,2024-10-26
U03928,purchase,2024-10-26
U03929,register,2024-10-29
U03930,register,2024-05-06
U03930,app_open,2024-05-06
U03930,browse,2024-05-07
U03930,add_to_cart,2024-05-07
U03930,purchase,2024-05-07
U03931,register,2024-12-19
U03931,browse,2024-12-20
U03932,register,2024-06-04
U03932,browse,2024-06-04
U03933,register,2024-10-15
U03933,app_open,2024-10-15
U03933,browse,2024-10-16
U03934,register,2024-06-21
U03934,app_open,2024-06-21
U03934,browse,2024-06-22
U03934,add_to_cart,2024-06-22
U03934,purchase,2024-06-22
U03935,register,2024-07-21
U03935,app_open,2024-07-21
U03935,browse,2024-07-21
U03936,register,2024-09-26
U03936,browse,2024-09-26
U03936,add_to_cart,2024-09-28
U03937,register,2024-08-23
U03937,app_open,2024-08-23
U03937,browse,2024-08-24
U03937,add_to_cart,2024-08-25
U03937,purchase,2024-08-25
U03938,register,2024-05-26
U03938,app_open,2024-05-26
U03939,register,2024-05-30
U03939,app_open,2024-05-30
U03940,register,2024-08-24
U03940,app_open,2024-08-24
U03941,register,2024-11-13
U03941,browse,2024-11-14
U03941,add_to_cart,2024-11-16
U03941,purchase,2024-11-17
U03942,register,2024-12-11
U03942,app_open,2024-12-11
U03943,register,2024-04-15
U03943,app_open,2024-04-15
U03943,browse,2024-04-16
U03944,register,2024-08-16
U03944,app_open,2024-08-16
U03944,browse,2024-08-16
U03944,add_to_cart,2024-08-17
U03944,purchase,2024-08-17
U03944,share,2024-08-19
U03945,register,2024-04-25
U03945,app_open,2024-04-25
U03946,register,2024-02-17
U03946,app_open,2024-02-17
U03946,browse,2024-02-18
U03947,register,2024-10-23
U03947,app_open,2024-10-23
U03947,browse,2024-10-24
U03948,register,2024-10-10
U03948,app_open,2024-10-10
U03948,browse,2024-10-10
U03948,add_to_cart,2024-10-11
U03949,register,2024-05-27
U03949,app_open,2024-05-27
U03949,browse,2024-05-27
U03949,add_to_cart,2024-05-28
U03950,register,2024-06-25
U03950,app_open,2024-06-25
U03950,browse,2024-06-26
U03950,add_to_cart,2024-06-28
U03951,register,2024-02-26
U03951,app_open,2024-02-26
U03951,browse,2024-02-27
U03952,register,2024-11-29
U03952,app_open,2024-11-29
U03952,browse,2024-11-29
U03952,add_to_cart,2024-12-01
U03952,purchase,2024-12-01
U03952,share,2024-12-05
U03953,register,2024-12-26
U03953,app_open,2024-12-26
U03953,browse,2024-12-27
U03954,register,2024-05-14
U03954,app_open,2024-05-14
U03954,browse,2024-05-15
U03955,register,2024-06-24
U03955,app_open,2024-06-24
U03955,browse,2024-06-25
U03956,register,2024-12-06
U03956,app_open,2024-12-06
U03956,browse,2024-12-07
U03956,add_to_cart,2024-12-07
U03956,purchase,2024-12-08
U03957,register,2024-12-17
U03957,app_open,2024-12-17
U03957,browse,2024-12-18
U03958,register,2024-08-24
U03958,app_open,2024-08-24
U03959,register,2024-03-23
U03959,app_open,2024-03-23
U03960,register,2024-03-13
U03960,app_open,2024-03-13
U03960,browse,2024-03-13
U03961,register,2024-10-03
U03961,app_open,2024-10-03
U03961,browse,2024-10-04
U03962,register,2024-08-16
U03962,app_open,2024-08-16
U03963,register,2024-03-02
U03963,app_open,2024-03-02
U03963,browse,2024-03-03
U03964,register,2024-10-05
U03964,app_open,2024-10-05
U03965,register,2024-02-08
U03965,app_open,2024-02-08
U03965,browse,2024-02-09
U03966,register,2024-11-19
U03967,register,2024-07-21
U03967,app_open,2024-07-21
U03967,browse,2024-07-21
U03967,add_to_cart,2024-07-23
U03968,register,2024-03-14
U03968,app_open,2024-03-14
U03968,browse,2024-03-15
U03968,add_to_cart,2024-03-16
U03968,purchase,2024-03-17
U03968,repurchase,2024-03-28
U03969,register,2024-10-06
U03969,app_open,2024-10-06
U03970,register,2024-08-18
U03970,browse,2024-08-18
U03970,add_to_cart,2024-08-19
U03970,purchase,2024-08-20
U03970,repurchase,2024-09-03
U03970,share,2024-09-04
U03971,register,2024-12-26
U03971,app_open,2024-12-26
U03971,browse,2024-12-27
U03972,register,2024-09-26
U03972,app_open,2024-09-26
U03972,browse,2024-09-26
U03972,add_to_cart,2024-09-26
U03972,purchase,2024-09-26
U03973,register,2024-07-10
U03973,app_open,2024-07-10
U03973,browse,2024-07-10
U03973,add_to_cart,2024-07-12
U03974,register,2024-11-03
U03974,app_open,2024-11-03
U03974,browse,2024-11-03
U03975,register,2024-07-09
U03975,browse,2024-07-10
U03976,register,2024-12-13
U03976,browse,2024-12-14
U03976,add_to_cart,2024-12-15
U03976,purchase,2024-12-17
U03976,share,2024-12-21
U03977,register,2024-08-11
U03977,app_open,2024-08-11
U03977,browse,2024-08-11
U03978,register,2024-09-27
U03978,app_open,2024-09-27
U03978,browse,2024-09-27
U03978,add_to_cart,2024-09-28
U03978,purchase,2024-09-29
U03978,repurchase,2024-10-20
U03979,register,2024-03-23
U03979,app_open,2024-03-23
U03979,browse,2024-03-24
U03979,add_to_cart,2024-03-26
U03980,register,2024-08-26
U03980,app_open,2024-08-26
U03980,browse,2024-08-26
U03980,add_to_cart,2024-08-26
U03981,register,2024-11-29
U03981,app_open,2024-11-29
U03981,browse,2024-11-29
U03981,add_to_cart,2024-11-30
U03982,register,2024-11-23
U03982,app_open,2024-11-23
U03982,browse,2024-11-24
U03982,add_to_cart,2024-11-24
U03983,register,2024-06-21
U03983,browse,2024-06-21
U03983,add_to_cart,2024-06-23
U03984,register,2024-06-22
U03984,app_open,2024-06-22
U03985,register,2024-11-25
U03985,app_open,2024-11-25
U03985,browse,2024-11-25
U03986,register,2024-12-18
U03986,browse,2024-12-18
U03987,register,2024-04-22
U03988,register,2024-09-01
U03988,app_open,2024-09-01
U03988,browse,2024-09-01
U03988,add_to_cart,2024-09-02
U03989,register,2024-07-31
U03989,app_open,2024-07-31
U03989,browse,2024-08-01
U03989,add_to_cart,2024-08-03
U03990,register,2024-12-06
U03990,app_open,2024-12-06
U03990,browse,2024-12-06
U03990,add_to_cart,2024-12-07
U03990,purchase,2024-12-07
U03991,register,2024-04-15
U03991,app_open,2024-04-15
U03991,browse,2024-04-16
U03992,register,2024-06-16
U03992,app_open,2024-06-16
U03992,browse,2024-06-16
U03993,register,2024-11-12
U03993,browse,2024-11-12
U03993,add_to_cart,2024-11-13
U03993,purchase,2024-11-14
U03994,register,2024-03-23
U03994,browse,2024-03-24
U03995,register,2024-09-13
U03995,app_open,2024-09-13
U03995,browse,2024-09-14
U03995,add_to_cart,2024-09-14
U03995,purchase,2024-09-14
U03996,register,2024-08-30
U03996,app_open,2024-08-30
U03996,browse,2024-08-30
U03996,add_to_cart,2024-08-30
U03997,register,2024-07-30
U03997,app_open,2024-07-30
U03997,browse,2024-07-30
U03998,register,2024-08-17
U03998,app_open,2024-08-17
U03998,browse,2024-08-18
U03999,register,2024-09-22
U03999,app_open,2024-09-22
U03999,browse,2024-09-22
U04000,register,2024-05-26
U04000,app_open,2024-05-26
U04000,browse,2024-05-26
U04001,register,2024-10-03
U04001,app_open,2024-10-03
U04002,register,2024-11-23
U04002,app_open,2024-11-23
U04002,browse,2024-11-24
U04003,register,2024-11-14
U04003,app_open,2024-11-14
U04003,browse,2024-11-14
U04003,add_to_cart,2024-11-14
U04003,purchase,2024-11-14
U04003,repurchase,2024-11-22
U04004,register,2024-05-23
U04004,app_open,2024-05-23
U04004,browse,2024-05-24
U04005,register,2024-05-21
U04005,app_open,2024-05-21
U04005,browse,2024-05-22
U04006,register,2024-07-08
U04006,app_open,2024-07-08
U04006,browse,2024-07-08
U04007,register,2024-08-07
U04007,app_open,2024-08-07
U04007,browse,2024-08-07
U04007,add_to_cart,2024-08-07
U04007,purchase,2024-08-09
U04007,repurchase,2024-08-27
U04007,share,2024-08-30
U04008,register,2024-08-21
U04008,app_open,2024-08-21
U04009,register,2024-10-27
U04009,browse,2024-10-27
U04010,register,2024-03-27
U04010,app_open,2024-03-27
U04010,browse,2024-03-28
U04010,add_to_cart,2024-03-28
U04011,register,2024-03-08
U04011,app_open,2024-03-08
U04011,browse,2024-03-08
U04011,add_to_cart,2024-03-09
U04011,purchase,2024-03-09
U04012,register,2024-08-16
U04012,app_open,2024-08-16
U04012,browse,2024-08-17
U04012,add_to_cart,2024-08-17
U04012,purchase,2024-08-18
U04013,register,2024-10-31
U04013,browse,2024-11-01
U04014,register,2024-06-09
U04014,app_open,2024-06-09
U04014,browse,2024-06-10
U04015,register,2024-10-19
U04015,app_open,2024-10-19
U04015,browse,2024-10-19
U04015,add_to_cart,2024-10-19
U04016,register,2024-07-05
U04016,app_open,2024-07-05
U04016,browse,2024-07-06
U04017,register,2024-12-09
U04017,app_open,2024-12-09
U04017,browse,2024-12-09
U04017,add_to_cart,2024-12-10
U04018,register,2024-12-11
U04018,app_open,2024-12-11
U04019,register,2024-07-18
U04019,app_open,2024-07-18
U04019,browse,2024-07-19
U04019,add_to_cart,2024-07-19
U04020,register,2024-06-24
U04020,browse,2024-06-25
U04021,register,2024-08-22
U04021,app_open,2024-08-22
U04021,browse,2024-08-23
U04022,register,2024-06-28
U04022,app_open,2024-06-28
U04022,browse,2024-06-29
U04022,add_to_cart,2024-07-01
U04022,purchase,2024-07-02
U04023,register,2024-10-26
U04023,app_open,2024-10-26
U04024,register,2024-11-27
U04024,app_open,2024-11-27
U04024,browse,2024-11-27
U04024,add_to_cart,2024-11-28
U04024,purchase,2024-11-30
U04025,register,2024-10-26
U04025,browse,2024-10-27
U04026,register,2024-11-27
U04026,browse,2024-11-27
U04027,register,2024-08-17
U04027,app_open,2024-08-17
U04027,browse,2024-08-17
U04027,add_to_cart,2024-08-17
U04028,register,2024-05-24
U04028,browse,2024-05-24
U04029,register,2024-11-09
U04029,app_open,2024-11-09
U04029,browse,2024-11-09
U04029,add_to_cart,2024-11-10
U04030,register,2024-08-07
U04030,app_open,2024-08-07
U04030,browse,2024-08-07
U04030,add_to_cart,2024-08-08
U04031,register,2024-10-26
U04031,app_open,2024-10-26
U04031,browse,2024-10-26
U04032,register,2024-07-08
U04032,browse,2024-07-08
U04033,register,2024-04-14
U04033,app_open,2024-04-14
U04033,browse,2024-04-15
U04033,add_to_cart,2024-04-15
U04034,register,2024-12-29
U04034,app_open,2024-12-29
U04035,register,2024-05-24
U04035,app_open,2024-05-24
U04035,browse,2024-05-24
U04036,register,2024-12-28
U04036,app_open,2024-12-28
U04037,register,2024-12-26
U04037,app_open,2024-12-26
U04037,browse,2024-12-26
U04038,register,2024-11-21
U04038,app_open,2024-11-21
U04038,browse,2024-11-21
U04038,add_to_cart,2024-11-23
U04038,purchase,2024-11-24
U04039,register,2024-10-23
U04039,app_open,2024-10-23
U04039,browse,2024-10-23
U04040,register,2024-10-04
U04040,app_open,2024-10-04
U04040,browse,2024-10-04
U04041,register,2024-12-05
U04041,app_open,2024-12-05
U04041,browse,2024-12-06
U04042,register,2024-07-15
U04042,app_open,2024-07-15
U04042,browse,2024-07-16
U04043,register,2024-09-06
U04043,browse,2024-09-06
U04043,add_to_cart,2024-09-07
U04044,register,2024-10-14
U04044,app_open,2024-10-14
U04044,browse,2024-10-14
U04044,add_to_cart,2024-10-14
U04045,register,2024-08-22
U04045,app_open,2024-08-22
U04046,register,2024-08-26
U04046,app_open,2024-08-26
U04046,browse,2024-08-27
U04046,add_to_cart,2024-08-27
U04046,purchase,2024-08-28
U04046,repurchase,2024-09-21
U04046,share,2024-09-23
U04047,register,2024-07-28
U04047,app_open,2024-07-28
U04047,browse,2024-07-28
U04048,register,2024-10-01
U04048,app_open,2024-10-01
U04048,browse,2024-10-02
U04048,add_to_cart,2024-10-03
U04049,register,2024-12-02
U04050,register,2024-06-12
U04050,app_open,2024-06-12
U04050,browse,2024-06-12
U04050,add_to_cart,2024-06-12
U04050,purchase,2024-06-12
U04051,register,2024-12-18
U04051,app_open,2024-12-18
U04051,browse,2024-12-18
U04052,register,2024-10-29
U04052,browse,2024-10-30
U04053,register,2024-11-27
U04053,app_open,2024-11-27
U04053,browse,2024-11-27
U04054,register,2024-09-29
U04054,app_open,2024-09-29
U04054,browse,2024-09-30
U04054,add_to_cart,2024-10-01
U04055,register,2024-11-18
U04055,app_open,2024-11-18
U04056,register,2024-02-16
U04056,browse,2024-02-17
U04056,add_to_cart,2024-02-18
U04057,register,2024-11-26
U04057,app_open,2024-11-26
U04057,browse,2024-11-26
U04058,register,2024-03-14
U04058,app_open,2024-03-14
U04059,register,2024-12-10
U04059,app_open,2024-12-10
U04059,browse,2024-12-10
U04059,add_to_cart,2024-12-12
U04059,purchase,2024-12-14
U04059,repurchase,2024-12-30
U04060,register,2024-12-29
U04060,app_open,2024-12-29
U04060,browse,2024-12-30
U04060,add_to_cart,2024-12-30
U04060,purchase,2024-12-30
U04060,repurchase,2025-01-09
U04061,register,2024-07-16
U04061,app_open,2024-07-16
U04061,browse,2024-07-16
U04062,register,2024-06-16
U04062,app_open,2024-06-16
U04062,browse,2024-06-16
U04062,add_to_cart,2024-06-16
U04062,purchase,2024-06-16
U04062,repurchase,2024-07-05
U04063,register,2024-11-15
U04063,app_open,2024-11-15
U04063,browse,2024-11-15
U04063,add_to_cart,2024-11-16
U04064,register,2024-07-02
U04064,app_open,2024-07-02
U04065,register,2024-12-05
U04065,app_open,2024-12-05
U04065,browse,2024-12-06
U04066,register,2024-04-27
U04066,app_open,2024-04-27
U04066,browse,2024-04-27
U04067,register,2024-05-09
U04067,browse,2024-05-09
U04067,add_to_cart,2024-05-10
U04067,purchase,2024-05-12
U04067,share,2024-05-16
U04068,register,2024-12-27
U04068,app_open,2024-12-27
U04068,browse,2024-12-28
U04069,register,2024-10-26
U04069,app_open,2024-10-26
U04069,browse,2024-10-26
U04069,add_to_cart,2024-10-27
U04069,purchase,2024-10-28
U04070,register,2024-12-01
U04070,app_open,2024-12-01
U04070,browse,2024-12-01
U04070,add_to_cart,2024-12-02
U04070,purchase,2024-12-02
U04071,register,2024-07-26
U04071,app_open,2024-07-26
U04072,register,2024-10-27
U04072,app_open,2024-10-27
U04073,register,2024-10-08
U04073,app_open,2024-10-08
U04073,browse,2024-10-09
U04073,add_to_cart,2024-10-11
U04074,register,2024-10-10
U04075,register,2024-10-28
U04075,app_open,2024-10-28
U04076,register,2024-10-03
U04076,app_open,2024-10-03
U04077,register,2024-08-27
U04077,app_open,2024-08-27
U04078,register,2024-07-10
U04078,app_open,2024-07-10
U04078,browse,2024-07-10
U04078,add_to_cart,2024-07-10
U04078,purchase,2024-07-10
U04078,repurchase,2024-08-01
U04079,register,2024-11-15
U04079,app_open,2024-11-15
U04079,browse,2024-11-15
U04079,add_to_cart,2024-11-17
U04079,purchase,2024-11-17
U04079,repurchase,2024-12-14
U04080,register,2024-06-22
U04080,app_open,2024-06-22
U04080,browse,2024-06-23
U04081,register,2024-10-30
U04081,app_open,2024-10-30
U04082,register,2024-06-25
U04082,app_open,2024-06-25
U04082,browse,2024-06-25
U04083,register,2024-10-15
U04083,app_open,2024-10-15
U04083,browse,2024-10-15
U04084,register,2024-11-11
U04084,app_open,2024-11-11
U04085,register,2024-06-19
U04085,app_open,2024-06-19
U04085,browse,2024-06-20
U04085,add_to_cart,2024-06-20
U04085,purchase,2024-06-22
U04086,register,2024-03-30
U04086,app_open,2024-03-30
U04086,browse,2024-03-30
U04087,register,2024-05-12
U04087,app_open,2024-05-12
U04087,browse,2024-05-12
U04087,add_to_cart,2024-05-13
U04088,register,2024-10-11
U04088,app_open,2024-10-11
U04088,browse,2024-10-11
U04088,add_to_cart,2024-10-11
U04088,purchase,2024-10-12
U04089,register,2024-12-02
U04089,app_open,2024-12-02
U04090,register,2024-03-18
U04090,app_open,2024-03-18
U04090,browse,2024-03-19
U04090,add_to_cart,2024-03-21
U04090,purchase,2024-03-22
U04090,share,2024-03-23
U04091,register,2024-11-08
U04091,app_open,2024-11-08
U04092,register,2024-08-01
U04092,app_open,2024-08-01
U04093,register,2024-09-09
U04093,app_open,2024-09-09
U04093,browse,2024-09-09
U04094,register,2024-12-17
U04094,app_open,2024-12-17
U04094,browse,2024-12-18
U04095,register,2024-07-29
U04095,app_open,2024-07-29
U04095,browse,2024-07-29
U04096,register,2024-09-05
U04097,register,2024-02-12
U04097,app_open,2024-02-12
U04097,browse,2024-02-12
U04098,register,2024-04-14
U04098,app_open,2024-04-14
U04098,browse,2024-04-14
U04099,register,2024-07-04
U04099,app_open,2024-07-04
U04100,register,2024-03-01
U04100,browse,2024-03-02
U04100,add_to_cart,2024-03-02
U04101,register,2024-10-17
U04102,register,2024-08-26
U04102,app_open,2024-08-26
U04102,browse,2024-08-26
U04103,register,2024-09-27
U04103,app_open,2024-09-27
U04103,browse,2024-09-27
U04103,add_to_cart,2024-09-29
U04104,register,2024-06-01
U04104,app_open,2024-06-01
U04104,browse,2024-06-02
U04105,register,2024-07-17
U04105,app_open,2024-07-17
U04105,browse,2024-07-18
U04105,add_to_cart,2024-07-20
U04105,purchase,2024-07-20
U04105,repurchase,2024-08-17
U04105,share,2024-08-20
U04106,register,2024-10-24
U04106,app_open,2024-10-24
U04106,browse,2024-10-24
U04107,register,2024-12-24
U04107,app_open,2024-12-24
U04107,browse,2024-12-24
U04108,register,2024-03-22
U04108,app_open,2024-03-22
U04108,browse,2024-03-23
U04108,add_to_cart,2024-03-25
U04108,purchase,2024-03-26
U04109,register,2024-12-10
U04109,app_open,2024-12-10
U04109,browse,2024-12-11
U04109,add_to_cart,2024-12-12
U04109,purchase,2024-12-14
U04109,repurchase,2024-12-27
U04110,register,2024-10-04
U04110,app_open,2024-10-04
U04110,browse,2024-10-05
U04110,add_to_cart,2024-10-05
U04110,purchase,2024-10-06
U04111,register,2024-10-01
U04111,app_open,2024-10-01
U04111,browse,2024-10-02
U04112,register,2024-09-15
U04112,app_open,2024-09-15
U04112,browse,2024-09-15
U04112,add_to_cart,2024-09-17
U04113,register,2024-04-06
U04113,app_open,2024-04-06
U04113,browse,2024-04-07
U04113,add_to_cart,2024-04-09
U04113,purchase,2024-04-10
U04113,share,2024-04-11
U04114,register,2024-04-19
U04114,app_open,2024-04-19
U04114,browse,2024-04-19
U04114,add_to_cart,2024-04-19
U04115,register,2024-10-09
U04115,app_open,2024-10-09
U04115,browse,2024-10-09
U04116,register,2024-08-01
U04116,app_open,2024-08-01
U04116,browse,2024-08-02
U04117,register,2024-12-15
U04117,app_open,2024-12-15
U04118,register,2024-08-20
U04118,app_open,2024-08-20
U04118,browse,2024-08-20
U04119,register,2024-05-18
U04119,app_open,2024-05-18
U04120,register,2024-11-04
U04120,app_open,2024-11-04
U04120,browse,2024-11-05
U04120,add_to_cart,2024-11-06
U04121,register,2024-07-16
U04122,register,2024-09-21
U04122,app_open,2024-09-21
U04122,browse,2024-09-21
U04123,register,2024-10-31
U04123,app_open,2024-10-31
U04123,browse,2024-11-01
U04123,add_to_cart,2024-11-02
U04123,purchase,2024-11-04
U04124,register,2024-12-12
U04124,app_open,2024-12-12
U04124,browse,2024-12-12
U04124,add_to_cart,2024-12-12
U04125,register,2024-11-20
U04125,app_open,2024-11-20
U04125,browse,2024-11-20
U04126,register,2024-10-27
U04126,app_open,2024-10-27
U04127,register,2024-10-27
U04127,app_open,2024-10-27
U04127,browse,2024-10-28
U04127,add_to_cart,2024-10-28
U04128,register,2024-12-20
U04128,app_open,2024-12-20
U04128,browse,2024-12-20
U04128,add_to_cart,2024-12-20
U04128,purchase,2024-12-21
U04129,register,2024-07-17
U04129,app_open,2024-07-17
U04129,browse,2024-07-17
U04130,register,2024-01-13
U04130,app_open,2024-01-13
U04130,browse,2024-01-14
U04131,register,2024-07-09
U04131,browse,2024-07-10
U04132,register,2024-06-19
U04132,app_open,2024-06-19
U04132,browse,2024-06-19
U04132,add_to_cart,2024-06-20
U04132,purchase,2024-06-22
U04133,register,2024-10-23
U04133,app_open,2024-10-23
U04133,browse,2024-10-24
U04134,register,2024-10-17
U04134,app_open,2024-10-17
U04135,register,2024-10-08
U04135,app_open,2024-10-08
U04135,browse,2024-10-08
U04135,add_to_cart,2024-10-10
U04136,register,2024-02-16
U04136,app_open,2024-02-16
U04136,browse,2024-02-17
U04137,register,2024-11-07
U04137,browse,2024-11-08
U04137,add_to_cart,2024-11-10
U04137,purchase,2024-11-12
U04137,share,2024-11-16
U04138,register,2024-07-26
U04138,app_open,2024-07-26
U04138,browse,2024-07-26
U04138,add_to_cart,2024-07-27
U04138,purchase,2024-07-27
U04138,repurchase,2024-08-09
U04139,register,2024-10-24
U04139,app_open,2024-10-24
U04139,browse,2024-10-24
U04140,register,2024-09-29
U04140,app_open,2024-09-29
U04141,register,2024-08-01
U04142,register,2024-05-13
U04142,app_open,2024-05-13
U04142,browse,2024-05-13
U04143,register,2024-04-22
U04143,app_open,2024-04-22
U04143,browse,2024-04-23
U04144,register,2024-11-28
U04144,browse,2024-11-29
U04144,add_to_cart,2024-11-30
U04145,register,2024-12-15
U04145,app_open,2024-12-15
U04145,browse,2024-12-15
U04146,register,2024-10-21
U04146,app_open,2024-10-21
U04147,register,2024-04-27
U04147,app_open,2024-04-27
U04148,register,2024-08-19
U04148,app_open,2024-08-19
U04148,browse,2024-08-19
U04149,register,2024-11-07
U04149,app_open,2024-11-07
U04150,register,2024-11-18
U04150,app_open,2024-11-18
U04151,register,2024-05-05
U04151,app_open,2024-05-05
U04152,register,2024-01-03
U04152,app_open,2024-01-03
U04152,browse,2024-01-04
U04152,add_to_cart,2024-01-04
U04153,register,2024-11-04
U04153,app_open,2024-11-04
U04154,register,2024-08-05
U04154,app_open,2024-08-05
U04155,register,2024-07-03
U04155,app_open,2024-07-03
U04156,register,2024-02-11
U04156,browse,2024-02-12
U04157,register,2024-09-25
U04157,app_open,2024-09-25
U04157,browse,2024-09-25
U04158,register,2024-12-02
U04158,app_open,2024-12-02
U04158,browse,2024-12-02
U04158,add_to_cart,2024-12-02
U04159,register,2024-12-23
U04159,app_open,2024-12-23
U04160,register,2024-10-01
U04160,app_open,2024-10-01
U04161,register,2024-09-18
U04161,app_open,2024-09-18
U04162,register,2024-04-16
U04162,app_open,2024-04-16
U04162,browse,2024-04-17
U04163,register,2024-09-27
U04163,app_open,2024-09-27
U04163,browse,2024-09-27
U04164,register,2024-08-12
U04164,app_open,2024-08-12
U04164,browse,2024-08-13
U04164,add_to_cart,2024-08-13
U04164,purchase,2024-08-14
U04165,register,2024-10-11
U04165,app_open,2024-10-11
U04165,browse,2024-10-11
U04166,register,2024-08-15
U04166,browse,2024-08-16
U04166,add_to_cart,2024-08-18
U04166,purchase,2024-08-19
U04166,repurchase,2024-08-26
U04167,register,2024-06-27
U04167,app_open,2024-06-27
U04168,register,2024-04-22
U04168,browse,2024-04-23
U04168,add_to_cart,2024-04-23
U04169,register,2024-07-23
U04169,app_open,2024-07-23
U04169,browse,2024-07-23
U04170,register,2024-04-23
U04170,app_open,2024-04-23
U04170,browse,2024-04-24
U04170,add_to_cart,2024-04-25
U04171,register,2024-06-02
U04171,app_open,2024-06-02
U04171,browse,2024-06-02
U04171,add_to_cart,2024-06-04
U04172,register,2024-12-28
U04172,app_open,2024-12-28
U04172,browse,2024-12-29
U04172,add_to_cart,2024-12-30
U04172,purchase,2024-12-30
U04173,register,2024-08-31
U04173,app_open,2024-08-31
U04173,browse,2024-09-01
U04173,add_to_cart,2024-09-02
U04173,purchase,2024-09-04
U04174,register,2024-09-23
U04174,app_open,2024-09-23
U04174,browse,2024-09-24
U04175,register,2024-12-07
U04175,app_open,2024-12-07
U04175,browse,2024-12-08
U04176,register,2024-12-30
U04176,app_open,2024-12-30
U04176,browse,2024-12-31
U04177,register,2024-10-05
U04177,app_open,2024-10-05
U04177,browse,2024-10-05
U04178,register,2024-11-25
U04178,app_open,2024-11-25
U04178,browse,2024-11-25
U04179,register,2024-07-27
U04179,app_open,2024-07-27
U04179,browse,2024-07-28
U04180,register,2024-07-20
U04180,app_open,2024-07-20
U04180,browse,2024-07-21
U04181,register,2024-08-19
U04181,app_open,2024-08-19
U04181,browse,2024-08-19
U04182,register,2024-10-26
U04182,app_open,2024-10-26
U04183,register,2024-10-28
U04183,app_open,2024-10-28
U04183,browse,2024-10-29
U04184,register,2024-07-23
U04184,app_open,2024-07-23
U04184,browse,2024-07-24
U04185,register,2024-05-13
U04185,app_open,2024-05-13
U04185,browse,2024-05-14
U04186,register,2024-10-17
U04186,app_open,2024-10-17
U04186,browse,2024-10-18
U04186,add_to_cart,2024-10-20
U04187,register,2024-05-10
U04187,app_open,2024-05-10
U04187,browse,2024-05-11
U04187,add_to_cart,2024-05-11
U04188,register,2024-10-04
U04188,app_open,2024-10-04
U04189,register,2024-10-30
U04189,app_open,2024-10-30
U04190,register,2024-11-01
U04190,browse,2024-11-02
U04190,add_to_cart,2024-11-04
U04191,register,2024-11-12
U04191,app_open,2024-11-12
U04192,register,2024-12-07
U04192,app_open,2024-12-07
U04192,browse,2024-12-08
U04193,register,2024-09-15
U04193,browse,2024-09-15
U04193,add_to_cart,2024-09-16
U04193,purchase,2024-09-17
U04193,share,2024-09-21
U04194,register,2024-11-07
U04194,app_open,2024-11-07
U04195,register,2024-10-14
U04195,app_open,2024-10-14
U04196,register,2024-06-06
U04196,app_open,2024-06-06
U04196,browse,2024-06-06
U04197,register,2024-02-28
U04197,browse,2024-02-28
U04197,add_to_cart,2024-02-28
U04197,purchase,2024-02-29
U04197,repurchase,2024-03-07
U04198,register,2024-07-13
U04198,app_open,2024-07-13
U04198,browse,2024-07-13
U04198,add_to_cart,2024-07-13
U04199,register,2024-08-30
U04199,app_open,2024-08-30
U04200,register,2024-10-13
U04200,app_open,2024-10-13
U04201,register,2024-12-02
U04201,app_open,2024-12-02
U04201,browse,2024-12-02
U04202,register,2024-06-10
U04202,app_open,2024-06-10
U04203,register,2024-05-09
U04203,app_open,2024-05-09
U04204,register,2024-12-24
U04204,app_open,2024-12-24
U04204,browse,2024-12-25
U04205,register,2024-04-29
U04205,app_open,2024-04-29
U04205,browse,2024-04-30
U04205,add_to_cart,2024-04-30
U04205,purchase,2024-04-30
U04205,repurchase,2024-05-17
U04205,share,2024-05-20
U04206,register,2024-09-09
U04206,app_open,2024-09-09
U04206,browse,2024-09-09
U04206,add_to_cart,2024-09-09
U04207,register,2024-10-06
U04207,browse,2024-10-07
U04208,register,2024-09-25
U04208,app_open,2024-09-25
U04209,register,2024-04-17
U04209,app_open,2024-04-17
U04209,browse,2024-04-18
U04209,add_to_cart,2024-04-20
U04209,purchase,2024-04-21
U04210,register,2024-03-28
U04210,app_open,2024-03-28
U04211,register,2024-04-28
U04211,app_open,2024-04-28
U04211,browse,2024-04-28
U04212,register,2024-10-06
U04212,app_open,2024-10-06
U04212,browse,2024-10-07
U04213,register,2024-09-26
U04213,app_open,2024-09-26
U04213,browse,2024-09-26
U04214,register,2024-06-25
U04214,app_open,2024-06-25
U04214,browse,2024-06-26
U04215,register,2024-10-18
U04215,app_open,2024-10-18
U04215,browse,2024-10-19
U04216,register,2024-11-26
U04216,app_open,2024-11-26
U04217,register,2024-03-15
U04217,app_open,2024-03-15
U04217,browse,2024-03-15
U04217,add_to_cart,2024-03-17
U04218,register,2024-09-14
U04218,app_open,2024-09-14
U04218,browse,2024-09-15
U04218,add_to_cart,2024-09-17
U04218,purchase,2024-09-18
U04219,register,2024-10-30
U04219,browse,2024-10-30
U04219,add_to_cart,2024-11-01
U04219,purchase,2024-11-03
U04220,register,2024-07-02
U04220,app_open,2024-07-02
U04221,register,2024-07-21
U04221,app_open,2024-07-21
U04221,browse,2024-07-22
U04222,register,2024-10-12
U04222,app_open,2024-10-12
U04222,browse,2024-10-13
U04223,register,2024-12-11
U04223,app_open,2024-12-11
U04224,register,2024-11-24
U04224,app_open,2024-11-24
U04224,browse,2024-11-24
U04224,add_to_cart,2024-11-26
U04224,purchase,2024-11-26
U04225,register,2024-10-05
U04225,app_open,2024-10-05
U04226,register,2024-11-07
U04226,app_open,2024-11-07
U04226,browse,2024-11-07
U04227,register,2024-08-08
U04227,app_open,2024-08-08
U04227,browse,2024-08-09
U04227,add_to_cart,2024-08-09
U04227,purchase,2024-08-10
U04228,register,2024-10-19
U04228,app_open,2024-10-19
U04228,browse,2024-10-20
U04229,register,2024-09-06
U04229,app_open,2024-09-06
U04229,browse,2024-09-07
U04229,add_to_cart,2024-09-07
U04230,register,2024-06-08
U04230,app_open,2024-06-08
U04230,browse,2024-06-09
U04231,register,2024-11-01
U04231,app_open,2024-11-01
U04231,browse,2024-11-01
U04232,register,2024-09-29
U04232,app_open,2024-09-29
U04232,browse,2024-09-29
U04233,register,2024-08-06
U04233,app_open,2024-08-06
U04233,browse,2024-08-07
U04233,add_to_cart,2024-08-08
U04234,register,2024-12-14
U04235,register,2024-02-22
U04235,app_open,2024-02-22
U04235,browse,2024-02-22
U04235,add_to_cart,2024-02-23
U04236,register,2024-07-24
U04236,app_open,2024-07-24
U04236,browse,2024-07-24
U04236,add_to_cart,2024-07-26
U04237,register,2024-03-28
U04238,register,2024-11-15
U04238,app_open,2024-11-15
U04239,register,2024-11-01
U04239,app_open,2024-11-01
U04239,browse,2024-11-02
U04240,register,2024-07-29
U04240,app_open,2024-07-29
U04240,browse,2024-07-29
U04240,add_to_cart,2024-07-29
U04240,purchase,2024-07-29
U04241,register,2024-10-27
U04241,app_open,2024-10-27
U04241,browse,2024-10-27
U04242,register,2024-08-17
U04242,app_open,2024-08-17
U04242,browse,2024-08-18
U04242,add_to_cart,2024-08-20
U04242,purchase,2024-08-22
U04242,repurchase,2024-08-31
U04243,register,2024-11-13
U04243,app_open,2024-11-13
U04243,browse,2024-11-13
U04243,add_to_cart,2024-11-15
U04243,purchase,2024-11-15
U04243,repurchase,2024-12-03
U04243,share,2024-12-07
U04244,register,2024-09-02
U04244,app_open,2024-09-02
U04244,browse,2024-09-02
U04244,add_to_cart,2024-09-02
U04245,register,2024-08-22
U04245,app_open,2024-08-22
U04245,browse,2024-08-23
U04246,register,2024-12-18
U04246,app_open,2024-12-18
U04246,browse,2024-12-19
U04247,register,2024-07-01
U04247,browse,2024-07-01
U04248,register,2024-05-06
U04248,app_open,2024-05-06
U04248,browse,2024-05-06
U04249,register,2024-10-06
U04249,app_open,2024-10-06
U04250,register,2024-12-25
U04250,app_open,2024-12-25
U04250,browse,2024-12-26
U04251,register,2024-08-12
U04251,app_open,2024-08-12
U04252,register,2024-03-31
U04252,app_open,2024-03-31
U04252,browse,2024-04-01
U04252,add_to_cart,2024-04-01
U04253,register,2024-07-31
U04253,app_open,2024-07-31
U04253,browse,2024-08-01
U04253,add_to_cart,2024-08-02
U04254,register,2024-09-16
U04254,app_open,2024-09-16
U04254,browse,2024-09-17
U04254,add_to_cart,2024-09-18
U04254,purchase,2024-09-19
U04255,register,2024-05-26
U04255,app_open,2024-05-26
U04255,browse,2024-05-27
U04255,add_to_cart,2024-05-29
U04255,purchase,2024-05-29
U04255,repurchase,2024-06-22
U04256,register,2024-10-23
U04256,app_open,2024-10-23
U04256,browse,2024-10-24
U04257,register,2024-12-30
U04257,app_open,2024-12-30
U04258,register,2024-09-02
U04258,app_open,2024-09-02
U04258,browse,2024-09-02
U04258,add_to_cart,2024-09-04
U04258,purchase,2024-09-04
U04258,repurchase,2024-09-21
U04259,register,2024-08-05
U04259,app_open,2024-08-05
U04259,browse,2024-08-06
U04260,register,2024-08-19
U04260,app_open,2024-08-19
U04260,browse,2024-08-20
U04261,register,2024-05-03
U04261,app_open,2024-05-03
U04261,browse,2024-05-04
U04262,register,2024-12-09
U04262,app_open,2024-12-09
U04262,browse,2024-12-09
U04262,add_to_cart,2024-12-09
U04262,purchase,2024-12-11
U04262,repurchase,2025-01-10
U04263,register,2024-08-23
U04263,app_open,2024-08-23
U04263,browse,2024-08-24
U04264,register,2024-08-15
U04265,register,2024-10-23
U04265,app_open,2024-10-23
U04265,browse,2024-10-23
U04265,add_to_cart,2024-10-25
U04265,purchase,2024-10-25
U04265,repurchase,2024-11-02
U04265,share,2024-11-04
U04266,register,2024-08-30
U04266,app_open,2024-08-30
U04267,register,2024-10-20
U04267,app_open,2024-10-20
U04267,browse,2024-10-20
U04267,add_to_cart,2024-10-20
U04268,register,2024-03-31
U04268,app_open,2024-03-31
U04268,browse,2024-03-31
U04268,add_to_cart,2024-04-01
U04268,purchase,2024-04-01
U04269,register,2024-11-25
U04269,app_open,2024-11-25
U04269,browse,2024-11-26
U04269,add_to_cart,2024-11-26
U04269,purchase,2024-11-27
U04270,register,2024-12-19
U04270,app_open,2024-12-19
U04271,register,2024-10-20
U04271,app_open,2024-10-20
U04272,register,2024-12-22
U04272,app_open,2024-12-22
U04272,browse,2024-12-22
U04272,add_to_cart,2024-12-24
U04272,purchase,2024-12-26
U04272,repurchase,2025-01-14
U04273,register,2024-05-22
U04273,app_open,2024-05-22
U04274,register,2024-09-09
U04274,app_open,2024-09-09
U04275,register,2024-10-10
U04275,app_open,2024-10-10
U04275,browse,2024-10-11
U04275,add_to_cart,2024-10-12
U04276,register,2024-10-05
U04276,app_open,2024-10-05
U04276,browse,2024-10-05
U04276,add_to_cart,2024-10-07
U04276,purchase,2024-10-07
U04276,repurchase,2024-10-24
U04277,register,2024-08-19
U04277,app_open,2024-08-19
U04277,browse,2024-08-19
U04277,add_to_cart,2024-08-19
U04278,register,2024-07-31
U04278,app_open,2024-07-31
U04278,browse,2024-07-31
U04279,register,2024-05-09
U04279,app_open,2024-05-09
U04279,browse,2024-05-09
U04279,add_to_cart,2024-05-11
U04280,register,2024-08-16
U04280,app_open,2024-08-16
U04280,browse,2024-08-17
U04280,add_to_cart,2024-08-18
U04281,register,2024-05-27
U04281,app_open,2024-05-27
U04281,browse,2024-05-28
U04282,register,2024-11-08
U04282,app_open,2024-11-08
U04283,register,2024-06-15
U04283,app_open,2024-06-15
U04284,register,2024-03-29
U04284,app_open,2024-03-29
U04284,browse,2024-03-30
U04285,register,2024-09-28
U04286,register,2024-10-08
U04286,app_open,2024-10-08
U04286,browse,2024-10-08
U04286,add_to_cart,2024-10-08
U04286,purchase,2024-10-09
U04286,share,2024-10-11
U04287,register,2024-12-06
U04287,browse,2024-12-07
U04287,add_to_cart,2024-12-08
U04288,register,2024-10-04
U04288,browse,2024-10-04
U04289,register,2024-08-02
U04289,app_open,2024-08-02
U04290,register,2024-11-23
U04290,browse,2024-11-24
U04290,add_to_cart,2024-11-26
U04290,purchase,2024-11-27
U04290,repurchase,2024-12-17
U04290,share,2024-12-21
U04291,register,2024-09-25
U04291,app_open,2024-09-25
U04292,register,2024-04-12
U04292,app_open,2024-04-12
U04293,register,2024-10-01
U04293,app_open,2024-10-01
U04293,browse,2024-10-02
U04294,register,2024-12-13
U04294,app_open,2024-12-13
U04294,browse,2024-12-13
U04294,add_to_cart,2024-12-14
U04295,register,2024-08-17
U04295,app_open,2024-08-17
U04295,browse,2024-08-17
U04296,register,2024-07-17
U04296,app_open,2024-07-17
U04296,browse,2024-07-17
U04296,add_to_cart,2024-07-19
U04296,purchase,2024-07-21
U04296,share,2024-07-22
U04297,register,2024-05-18
U04297,app_open,2024-05-18
U04297,browse,2024-05-19
U04297,add_to_cart,2024-05-21
U04297,purchase,2024-05-23
U04298,register,2024-05-22
U04298,app_open,2024-05-22
U04298,browse,2024-05-22
U04299,register,2024-08-28
U04299,app_open,2024-08-28
U04300,register,2024-10-08
U04300,app_open,2024-10-08
U04301,register,2024-04-13
U04301,app_open,2024-04-13
U04301,browse,2024-04-13
U04302,register,2024-12-19
U04302,app_open,2024-12-19
U04302,browse,2024-12-19
U04302,add_to_cart,2024-12-21
U04303,register,2024-11-13
U04303,app_open,2024-11-13
U04303,browse,2024-11-13
U04303,add_to_cart,2024-11-14
U04304,register,2024-10-06
U04304,app_open,2024-10-06
U04304,browse,2024-10-07
U04305,register,2024-11-28
U04305,app_open,2024-11-28
U04305,browse,2024-11-28
U04305,add_to_cart,2024-11-29
U04305,purchase,2024-11-29
U04306,register,2024-04-13
U04306,app_open,2024-04-13
U04306,browse,2024-04-13
U04307,register,2024-09-09
U04307,app_open,2024-09-09
U04307,browse,2024-09-10
U04308,register,2024-10-16
U04309,register,2024-11-28
U04309,app_open,2024-11-28
U04309,browse,2024-11-28
U04310,register,2024-11-19
U04310,app_open,2024-11-19
U04310,browse,2024-11-19
U04311,register,2024-07-11
U04311,app_open,2024-07-11
U04311,browse,2024-07-12
U04312,register,2024-12-20
U04312,app_open,2024-12-20
U04312,browse,2024-12-20
U04313,register,2024-05-08
U04313,app_open,2024-05-08
U04313,browse,2024-05-09
U04314,register,2024-12-07
U04314,app_open,2024-12-07
U04314,browse,2024-12-08
U04314,add_to_cart,2024-12-09
U04314,purchase,2024-12-11
U04314,repurchase,2024-12-25
U04314,share,2024-12-25
U04315,register,2024-12-25
U04315,app_open,2024-12-25
U04316,register,2024-06-02
U04316,app_open,2024-06-02
U04316,browse,2024-06-03
U04316,add_to_cart,2024-06-03
U04317,register,2024-11-06
U04317,app_open,2024-11-06
U04317,browse,2024-11-06
U04317,add_to_cart,2024-11-08
U04317,purchase,2024-11-08
U04317,repurchase,2024-11-19
U04318,register,2024-03-14
U04318,app_open,2024-03-14
U04318,browse,2024-03-15
U04319,register,2024-08-20
U04319,app_open,2024-08-20
U04319,browse,2024-08-20
U04320,register,2024-09-19
U04320,app_open,2024-09-19
U04321,register,2024-10-05
U04321,app_open,2024-10-05
U04322,register,2024-12-19
U04322,app_open,2024-12-19
U04322,browse,2024-12-19
U04323,register,2024-10-26
U04323,app_open,2024-10-26
U04324,register,2024-09-10
U04324,app_open,2024-09-10
U04324,browse,2024-09-11
U04325,register,2024-11-24
U04325,app_open,2024-11-24
U04325,browse,2024-11-24
U04326,register,2024-12-21
U04326,app_open,2024-12-21
U04327,register,2024-02-24
U04327,app_open,2024-02-24
U04327,browse,2024-02-25
U04327,add_to_cart,2024-02-26
U04328,register,2024-12-27
U04328,app_open,2024-12-27
U04328,browse,2024-12-28
U04329,register,2024-04-17
U04329,app_open,2024-04-17
U04330,register,2024-11-25
U04330,app_open,2024-11-25
U04330,browse,2024-11-25
U04331,register,2024-07-12
U04332,register,2024-05-12
U04332,browse,2024-05-12
U04332,add_to_cart,2024-05-14
U04333,register,2024-08-30
U04333,app_open,2024-08-30
U04334,register,2024-10-19
U04334,app_open,2024-10-19
U04334,browse,2024-10-19
U04334,add_to_cart,2024-10-20
U04334,purchase,2024-10-22
U04335,register,2024-08-13
U04335,app_open,2024-08-13
U04335,browse,2024-08-13
U04335,add_to_cart,2024-08-14
U04335,purchase,2024-08-16
U04335,repurchase,2024-08-24
U04335,share,2024-08-25
U04336,register,2024-03-26
U04336,app_open,2024-03-26
U04336,browse,2024-03-27
U04336,add_to_cart,2024-03-28
U04336,purchase,2024-03-30
U04337,register,2024-10-09
U04337,app_open,2024-10-09
U04338,register,2024-12-12
U04338,app_open,2024-12-12
U04339,register,2024-08-13
U04339,app_open,2024-08-13
U04339,browse,2024-08-14
U04339,add_to_cart,2024-08-15
U04339,purchase,2024-08-17
U04340,register,2024-06-18
U04340,app_open,2024-06-18
U04340,browse,2024-06-18
U04340,add_to_cart,2024-06-18
U04341,register,2024-08-30
U04341,app_open,2024-08-30
U04341,browse,2024-08-31
U04341,add_to_cart,2024-08-31
U04341,purchase,2024-08-31
U04341,repurchase,2024-09-18
U04341,share,2024-09-22
U04342,register,2024-03-21
U04342,app_open,2024-03-21
U04342,browse,2024-03-21
U04342,add_to_cart,2024-03-22
U04343,register,2024-11-26
U04343,app_open,2024-11-26
U04344,register,2024-11-27
U04344,app_open,2024-11-27
U04344,browse,2024-11-28
U04344,add_to_cart,2024-11-28
U04344,purchase,2024-11-28
U04345,register,2024-10-06
U04345,app_open,2024-10-06
U04346,register,2024-08-04
U04346,app_open,2024-08-04
U04346,browse,2024-08-05
U04347,register,2024-11-22
U04347,app_open,2024-11-22
U04347,browse,2024-11-23
U04348,register,2024-09-28
U04348,app_open,2024-09-28
U04348,browse,2024-09-29
U04349,register,2024-11-27
U04349,browse,2024-11-27
U04350,register,2024-10-17
U04350,app_open,2024-10-17
U04350,browse,2024-10-18
U04350,add_to_cart,2024-10-18
U04350,purchase,2024-10-18
U04351,register,2024-11-19
U04351,app_open,2024-11-19
U04351,browse,2024-11-20
U04352,register,2024-10-09
U04352,app_open,2024-10-09
U04352,browse,2024-10-09
U04353,register,2024-08-22
U04353,app_open,2024-08-22
U04353,browse,2024-08-22
U04354,register,2024-12-23
U04354,app_open,2024-12-23
U04354,browse,2024-12-24
U04354,add_to_cart,2024-12-24
U04354,purchase,2024-12-24
U04354,share,2024-12-27
U04355,register,2024-09-25
U04355,app_open,2024-09-25
U04355,browse,2024-09-25
U04356,register,2024-10-10
U04356,app_open,2024-10-10
U04356,browse,2024-10-10
U04357,register,2024-06-20
U04357,app_open,2024-06-20
U04357,browse,2024-06-21
U04357,add_to_cart,2024-06-21
U04357,purchase,2024-06-22
U04358,register,2024-10-15
U04358,app_open,2024-10-15
U04358,browse,2024-10-15
U04359,register,2024-10-02
U04359,app_open,2024-10-02
U04360,register,2024-06-05
U04360,app_open,2024-06-05
U04361,register,2024-03-30
U04361,app_open,2024-03-30
U04361,browse,2024-03-31
U04361,add_to_cart,2024-03-31
U04362,register,2024-10-10
U04362,app_open,2024-10-10
U04362,browse,2024-10-10
U04363,register,2024-11-14
U04363,app_open,2024-11-14
U04363,browse,2024-11-15
U04364,register,2024-09-21
U04364,app_open,2024-09-21
U04365,register,2024-06-22
U04365,browse,2024-06-23
U04365,add_to_cart,2024-06-23
U04366,register,2024-10-24
U04366,app_open,2024-10-24
U04366,browse,2024-10-24
U04367,register,2024-04-13
U04367,app_open,2024-04-13
U04367,browse,2024-04-13
U04367,add_to_cart,2024-04-15
U04368,register,2024-08-30
U04368,app_open,2024-08-30
U04368,browse,2024-08-31
U04368,add_to_cart,2024-09-01
U04368,purchase,2024-09-01
U04369,register,2024-05-27
U04369,app_open,2024-05-27
U04370,register,2024-06-05
U04370,app_open,2024-06-05
U04370,browse,2024-06-05
U04371,register,2024-06-13
U04371,app_open,2024-06-13
U04371,browse,2024-06-14
U04372,register,2024-08-14
U04372,app_open,2024-08-14
U04372,browse,2024-08-15
U04373,register,2024-03-23
U04373,app_open,2024-03-23
U04373,browse,2024-03-23
U04374,register,2024-08-18
U04374,app_open,2024-08-18
U04374,browse,2024-08-18
U04374,add_to_cart,2024-08-19
U04374,purchase,2024-08-20
U04375,register,2024-09-18
U04375,app_open,2024-09-18
U04375,browse,2024-09-19
U04376,register,2024-09-10
U04376,app_open,2024-09-10
U04377,register,2024-08-13
U04377,app_open,2024-08-13
U04377,browse,2024-08-14
U04377,add_to_cart,2024-08-15
U04377,purchase,2024-08-17
U04377,repurchase,2024-08-25
U04377,share,2024-08-29
U04378,register,2024-11-30
U04378,app_open,2024-11-30
U04378,browse,2024-11-30
U04379,register,2024-05-19
U04379,app_open,2024-05-19
U04379,browse,2024-05-19
U04380,register,2024-09-16
U04380,browse,2024-09-17
U04380,add_to_cart,2024-09-17
U04380,purchase,2024-09-17
U04381,register,2024-03-31
U04381,app_open,2024-03-31
U04381,browse,2024-04-01
U04382,register,2024-04-07
U04382,app_open,2024-04-07
U04382,browse,2024-04-07
U04382,add_to_cart,2024-04-08
U04383,register,2024-10-03
U04383,app_open,2024-10-03
U04383,browse,2024-10-04
U04383,add_to_cart,2024-10-04
U04383,purchase,2024-10-04
U04384,register,2024-10-01
U04384,app_open,2024-10-01
U04385,register,2024-12-08
U04385,app_open,2024-12-08
U04385,browse,2024-12-08
U04385,add_to_cart,2024-12-10
U04386,register,2024-09-29
U04386,app_open,2024-09-29
U04386,browse,2024-09-29
U04386,add_to_cart,2024-10-01
U04386,purchase,2024-10-02
U04386,repurchase,2024-10-31
U04386,share,2024-11-01
U04387,register,2024-12-23
U04387,app_open,2024-12-23
U04388,register,2024-03-21
U04388,app_open,2024-03-21
U04388,browse,2024-03-22
U04389,register,2024-04-24
U04389,app_open,2024-04-24
U04390,register,2024-03-17
U04390,browse,2024-03-18
U04391,register,2024-06-06
U04391,app_open,2024-06-06
U04392,register,2024-09-25
U04392,app_open,2024-09-25
U04392,browse,2024-09-25
U04392,add_to_cart,2024-09-26
U04392,purchase,2024-09-27
U04393,register,2024-10-20
U04393,app_open,2024-10-20
U04393,browse,2024-10-21
U04393,add_to_cart,2024-10-22
U04394,register,2024-03-18
U04394,app_open,2024-03-18
U04394,browse,2024-03-18
U04394,add_to_cart,2024-03-20
U04395,register,2024-12-21
U04395,app_open,2024-12-21
U04395,browse,2024-12-21
U04396,register,2024-11-30
U04396,app_open,2024-11-30
U04397,register,2024-07-17
U04397,app_open,2024-07-17
U04397,browse,2024-07-17
U04398,register,2024-04-11
U04398,app_open,2024-04-11
U04398,browse,2024-04-11
U04399,register,2024-05-30
U04399,browse,2024-05-30
U04399,add_to_cart,2024-05-31
U04400,register,2024-05-10
U04400,app_open,2024-05-10
U04400,browse,2024-05-11
U04401,register,2024-05-08
U04401,app_open,2024-05-08
U04401,browse,2024-05-08
U04401,add_to_cart,2024-05-08
U04402,register,2024-09-19
U04402,app_open,2024-09-19
U04403,register,2024-06-29
U04403,app_open,2024-06-29
U04403,browse,2024-06-29
U04404,register,2024-08-06
U04404,app_open,2024-08-06
U04404,browse,2024-08-07
U04405,register,2024-12-29
U04405,app_open,2024-12-29
U04406,register,2024-10-28
U04406,app_open,2024-10-28
U04406,browse,2024-10-29
U04407,register,2024-12-21
U04407,app_open,2024-12-21
U04408,register,2024-05-17
U04408,app_open,2024-05-17
U04408,browse,2024-05-17
U04409,register,2024-08-13
U04409,app_open,2024-08-13
U04409,browse,2024-08-14
U04409,add_to_cart,2024-08-14
U04410,register,2024-09-28
U04410,app_open,2024-09-28
U04411,register,2024-04-11
U04411,app_open,2024-04-11
U04412,register,2024-01-24
U04412,browse,2024-01-24
U04413,register,2024-10-25
U04413,app_open,2024-10-25
U04413,browse,2024-10-25
U04414,register,2024-10-19
U04414,app_open,2024-10-19
U04414,browse,2024-10-20
U04415,register,2024-08-21
U04415,app_open,2024-08-21
U04415,browse,2024-08-21
U04415,add_to_cart,2024-08-23
U04415,purchase,2024-08-24
U04416,register,2024-09-12
U04416,app_open,2024-09-12
U04416,browse,2024-09-12
U04416,add_to_cart,2024-09-14
U04417,register,2024-08-23
U04417,app_open,2024-08-23
U04417,browse,2024-08-24
U04418,register,2024-02-26
U04418,browse,2024-02-27
U04419,register,2024-07-30
U04419,app_open,2024-07-30
U04419,browse,2024-07-31
U04419,add_to_cart,2024-08-02
U04420,register,2024-06-02
U04420,app_open,2024-06-02
U04420,browse,2024-06-02
U04421,register,2024-04-24
U04421,app_open,2024-04-24
U04421,browse,2024-04-24
U04421,add_to_cart,2024-04-24
U04422,register,2024-12-23
U04422,browse,2024-12-23
U04423,register,2024-10-09
U04423,app_open,2024-10-09
U04423,browse,2024-10-10
U04424,register,2024-11-07
U04424,browse,2024-11-08
U04425,register,2024-07-23
U04425,app_open,2024-07-23
U04425,browse,2024-07-23
U04426,register,2024-08-16
U04426,app_open,2024-08-16
U04427,register,2024-06-26
U04427,app_open,2024-06-26
U04427,browse,2024-06-27
U04427,add_to_cart,2024-06-27
U04427,purchase,2024-06-27
U04428,register,2024-04-23
U04428,app_open,2024-04-23
U04428,browse,2024-04-24
U04429,register,2024-06-03
U04429,app_open,2024-06-03
U04429,browse,2024-06-03
U04429,add_to_cart,2024-06-05
U04430,register,2024-11-21
U04430,app_open,2024-11-21
U04430,browse,2024-11-22
U04431,register,2024-10-27
U04431,browse,2024-10-27
U04431,add_to_cart,2024-10-29
U04431,purchase,2024-10-29
U04432,register,2024-09-26
U04432,app_open,2024-09-26
U04433,register,2024-09-08
U04433,app_open,2024-09-08
U04433,browse,2024-09-08
U04434,register,2024-12-16
U04434,app_open,2024-12-16
U04434,browse,2024-12-17
U04435,register,2024-04-08
U04435,app_open,2024-04-08
U04435,browse,2024-04-08
U04435,add_to_cart,2024-04-09
U04436,register,2024-07-12
U04436,app_open,2024-07-12
U04436,browse,2024-07-12
U04436,add_to_cart,2024-07-12
U04437,register,2024-08-03
U04437,browse,2024-08-04
U04437,add_to_cart,2024-08-05
U04437,purchase,2024-08-07
U04437,repurchase,2024-08-22
U04438,register,2024-11-18
U04438,app_open,2024-11-18
U04438,browse,2024-11-19
U04439,register,2024-12-29
U04439,app_open,2024-12-29
U04439,browse,2024-12-30
U04440,register,2024-06-28
U04440,app_open,2024-06-28
U04441,register,2024-12-07
U04441,app_open,2024-12-07
U04441,browse,2024-12-07
U04441,add_to_cart,2024-12-09
U04441,purchase,2024-12-09
U04442,register,2024-11-28
U04442,app_open,2024-11-28
U04442,browse,2024-11-29
U04443,register,2024-06-22
U04443,app_open,2024-06-22
U04443,browse,2024-06-23
U04444,register,2024-08-18
U04444,app_open,2024-08-18
U04444,browse,2024-08-19
U04444,add_to_cart,2024-08-19
U04445,register,2024-08-21
U04445,app_open,2024-08-21
U04445,browse,2024-08-21
U04445,add_to_cart,2024-08-23
U04446,register,2024-12-27
U04446,app_open,2024-12-27
U04446,browse,2024-12-28
U04446,add_to_cart,2024-12-30
U04447,register,2024-06-04
U04447,app_open,2024-06-04
U04447,browse,2024-06-04
U04448,register,2024-11-22
U04448,app_open,2024-11-22
U04449,register,2024-07-30
U04449,app_open,2024-07-30
U04450,register,2024-11-08
U04450,app_open,2024-11-08
U04450,browse,2024-11-09
U04450,add_to_cart,2024-11-11
U04450,purchase,2024-11-11
U04450,repurchase,2024-12-10
U04451,register,2024-08-24
U04451,app_open,2024-08-24
U04451,browse,2024-08-24
U04452,register,2024-10-04
U04452,app_open,2024-10-04
U04453,register,2024-11-29
U04453,app_open,2024-11-29
U04453,browse,2024-11-29
U04453,add_to_cart,2024-11-29
U04453,purchase,2024-11-30
U04453,share,2024-12-01
U04454,register,2024-11-23
U04454,app_open,2024-11-23
U04454,browse,2024-11-23
U04454,add_to_cart,2024-11-23
U04454,purchase,2024-11-25
U04455,register,2024-12-05
U04455,app_open,2024-12-05
U04455,browse,2024-12-05
U04456,register,2024-03-30
U04456,app_open,2024-03-30
U04457,register,2024-10-30
U04457,app_open,2024-10-30
U04458,register,2024-05-16
U04458,app_open,2024-05-16
U04458,browse,2024-05-17
U04459,register,2024-08-23
U04459,app_open,2024-08-23
U04459,browse,2024-08-23
U04460,register,2024-09-27
U04460,app_open,2024-09-27
U04460,browse,2024-09-28
U04460,add_to_cart,2024-09-29
U04460,purchase,2024-09-30
U04460,repurchase,2024-10-23
U04461,register,2024-08-19
U04461,browse,2024-08-20
U04462,register,2024-09-20
U04462,app_open,2024-09-20
U04462,browse,2024-09-21
U04462,add_to_cart,2024-09-22
U04462,purchase,2024-09-24
U04463,register,2024-12-30
U04464,register,2024-05-14
U04464,app_open,2024-05-14
U04464,browse,2024-05-15
U04464,add_to_cart,2024-05-17
U04465,register,2024-10-26
U04465,app_open,2024-10-26
U04465,browse,2024-10-26
U04466,register,2024-08-17
U04466,app_open,2024-08-17
U04466,browse,2024-08-18
U04466,add_to_cart,2024-08-19
U04466,purchase,2024-08-19
U04466,repurchase,2024-09-11
U04467,register,2024-05-13
U04467,app_open,2024-05-13
U04468,register,2024-05-25
U04468,app_open,2024-05-25
U04468,browse,2024-05-25
U04469,register,2024-12-21
U04469,browse,2024-12-21
U04469,add_to_cart,2024-12-21
U04469,purchase,2024-12-21
U04470,register,2024-12-08
U04470,app_open,2024-12-08
U04471,register,2024-12-13
U04471,app_open,2024-12-13
U04471,browse,2024-12-13
U04471,add_to_cart,2024-12-13
U04472,register,2024-12-29
U04472,app_open,2024-12-29
U04472,browse,2024-12-29
U04473,register,2024-06-15
U04473,app_open,2024-06-15
U04474,register,2024-08-05
U04474,app_open,2024-08-05
U04474,browse,2024-08-06
U04475,register,2024-10-25
U04475,app_open,2024-10-25
U04475,browse,2024-10-25
U04476,register,2024-09-10
U04476,app_open,2024-09-10
U04476,browse,2024-09-11
U04477,register,2024-08-24
U04477,app_open,2024-08-24
U04477,browse,2024-08-25
U04477,add_to_cart,2024-08-26
U04477,purchase,2024-08-27
U04478,register,2024-08-06
U04478,app_open,2024-08-06
U04478,browse,2024-08-06
U04478,add_to_cart,2024-08-07
U04479,register,2024-10-08
U04479,app_open,2024-10-08
U04480,register,2024-10-03
U04480,app_open,2024-10-03
U04480,browse,2024-10-04
U04481,register,2024-05-26
U04481,app_open,2024-05-26
U04482,register,2024-09-07
U04482,app_open,2024-09-07
U04482,browse,2024-09-07
U04482,add_to_cart,2024-09-09
U04482,purchase,2024-09-10
U04483,register,2024-09-28
U04483,app_open,2024-09-28
U04484,register,2024-10-02
U04484,app_open,2024-10-02
U04484,browse,2024-10-02
U04485,register,2024-06-16
U04485,app_open,2024-06-16
U04485,browse,2024-06-17
U04485,add_to_cart,2024-06-19
U04485,purchase,2024-06-21
U04486,register,2024-11-10
U04486,app_open,2024-11-10
U04486,browse,2024-11-10
U04486,add_to_cart,2024-11-11
U04486,purchase,2024-11-13
U04487,register,2024-02-27
U04487,app_open,2024-02-27
U04487,browse,2024-02-27
U04488,register,2024-08-05
U04488,app_open,2024-08-05
U04489,register,2024-11-18
U04490,register,2024-10-01
U04490,app_open,2024-10-01
U04490,browse,2024-10-02
U04490,add_to_cart,2024-10-03
U04491,register,2024-07-05
U04491,app_open,2024-07-05
U04491,browse,2024-07-06
U04491,add_to_cart,2024-07-07
U04492,register,2024-10-31
U04492,app_open,2024-10-31
U04492,browse,2024-10-31
U04492,add_to_cart,2024-10-31
U04493,register,2024-10-01
U04493,app_open,2024-10-01
U04493,browse,2024-10-02
U04494,register,2024-11-21
U04494,app_open,2024-11-21
U04495,register,2024-11-08
U04495,app_open,2024-11-08
U04495,browse,2024-11-09
U04496,register,2024-10-12
U04496,app_open,2024-10-12
U04497,register,2024-09-12
U04497,browse,2024-09-12
U04498,register,2024-05-13
U04498,app_open,2024-05-13
U04499,register,2024-07-05
U04499,browse,2024-07-05
U04500,register,2024-08-24
U04500,app_open,2024-08-24
U04500,browse,2024-08-25
U04500,add_to_cart,2024-08-26
U04500,purchase,2024-08-26
U04501,register,2024-10-09
U04501,app_open,2024-10-09
U04501,browse,2024-10-10
U04502,register,2024-09-18
U04502,app_open,2024-09-18
U04502,browse,2024-09-18
U04503,register,2024-07-14
U04503,app_open,2024-07-14
U04503,browse,2024-07-15
U04503,add_to_cart,2024-07-17
U04504,register,2024-01-30
U04504,app_open,2024-01-30
U04504,browse,2024-01-31
U04505,register,2024-09-14
U04505,app_open,2024-09-14
U04505,browse,2024-09-14
U04506,register,2024-07-14
U04506,app_open,2024-07-14
U04506,browse,2024-07-14
U04506,add_to_cart,2024-07-15
U04507,register,2024-11-08
U04507,browse,2024-11-08
U04508,register,2024-02-26
U04508,browse,2024-02-27
U04509,register,2024-10-06
U04509,app_open,2024-10-06
U04509,browse,2024-10-06
U04510,register,2024-12-20
U04510,app_open,2024-12-20
U04510,browse,2024-12-20
U04511,register,2024-06-01
U04511,browse,2024-06-01
U04512,register,2024-09-07
U04512,app_open,2024-09-07
U04512,browse,2024-09-08
U04512,add_to_cart,2024-09-10
U04513,register,2024-04-20
U04513,app_open,2024-04-20
U04513,browse,2024-04-20
U04513,add_to_cart,2024-04-20
U04513,purchase,2024-04-22
U04514,register,2024-10-15
U04514,browse,2024-10-15
U04514,add_to_cart,2024-10-16
U04515,register,2024-09-27
U04515,app_open,2024-09-27
U04515,browse,2024-09-28
U04515,add_to_cart,2024-09-30
U04515,purchase,2024-10-02
U04516,register,2024-08-20
U04516,app_open,2024-08-20
U04517,register,2024-09-20
U04517,app_open,2024-09-20
U04517,browse,2024-09-21
U04518,register,2024-12-11
U04518,app_open,2024-12-11
U04518,browse,2024-12-12
U04518,add_to_cart,2024-12-13
U04518,purchase,2024-12-15
U04519,register,2024-06-10
U04519,browse,2024-06-10
U04519,add_to_cart,2024-06-12
U04519,purchase,2024-06-14
U04519,share,2024-06-18
U04520,register,2024-02-24
U04520,app_open,2024-02-24
U04520,browse,2024-02-25
U04520,add_to_cart,2024-02-27
U04520,purchase,2024-02-27
U04520,repurchase,2024-03-17
U04521,register,2024-12-04
U04521,app_open,2024-12-04
U04521,browse,2024-12-04
U04522,register,2024-10-04
U04522,app_open,2024-10-04
U04523,register,2024-12-10
U04523,browse,2024-12-11
U04524,register,2024-10-09
U04524,app_open,2024-10-09
U04524,browse,2024-10-09
U04525,register,2024-11-24
U04525,app_open,2024-11-24
U04525,browse,2024-11-24
U04526,register,2024-08-27
U04526,app_open,2024-08-27
U04526,browse,2024-08-27
U04526,add_to_cart,2024-08-29
U04527,register,2024-11-12
U04527,browse,2024-11-13
U04527,add_to_cart,2024-11-15
U04527,purchase,2024-11-17
U04528,register,2024-12-14
U04528,browse,2024-12-14
U04529,register,2024-10-03
U04530,register,2024-06-04
U04530,app_open,2024-06-04
U04530,browse,2024-06-05
U04530,add_to_cart,2024-06-06
U04530,purchase,2024-06-06
U04530,repurchase,2024-07-01
U04531,register,2024-07-08
U04531,app_open,2024-07-08
U04531,browse,2024-07-09
U04532,register,2024-06-11
U04532,app_open,2024-06-11
U04533,register,2024-06-30
U04533,app_open,2024-06-30
U04534,register,2024-07-21
U04534,app_open,2024-07-21
U04534,browse,2024-07-21
U04534,add_to_cart,2024-07-22
U04534,purchase,2024-07-24
U04535,register,2024-09-28
U04535,app_open,2024-09-28
U04535,browse,2024-09-29
U04535,add_to_cart,2024-09-29
U04535,purchase,2024-09-30
U04535,repurchase,2024-10-29
U04536,register,2024-10-06
U04536,app_open,2024-10-06
U04537,register,2024-08-26
U04537,browse,2024-08-27
U04538,register,2024-10-13
U04538,app_open,2024-10-13
U04538,browse,2024-10-13
U04538,add_to_cart,2024-10-15
U04538,purchase,2024-10-17
U04539,register,2024-04-14
U04539,app_open,2024-04-14
U04539,browse,2024-04-15
U04540,register,2024-04-18
U04540,app_open,2024-04-18
U04540,browse,2024-04-19
U04541,register,2024-05-31
U04541,app_open,2024-05-31
U04541,browse,2024-06-01
U04541,add_to_cart,2024-06-01
U04541,purchase,2024-06-02
U04542,register,2024-09-19
U04542,app_open,2024-09-19
U04542,browse,2024-09-19
U04543,register,2024-06-17
U04543,app_open,2024-06-17
U04544,register,2024-07-13
U04544,app_open,2024-07-13
U04544,browse,2024-07-13
U04545,register,2024-08-18
U04545,app_open,2024-08-18
U04545,browse,2024-08-19
U04546,register,2024-11-24
U04546,app_open,2024-11-24
U04546,browse,2024-11-24
U04546,add_to_cart,2024-11-26
U04547,register,2024-02-12
U04547,app_open,2024-02-12
U04548,register,2024-10-21
U04548,app_open,2024-10-21
U04548,browse,2024-10-22
U04548,add_to_cart,2024-10-24
U04549,register,2024-10-25
U04549,browse,2024-10-25
U04550,register,2024-11-22
U04550,app_open,2024-11-22
U04550,browse,2024-11-23
U04551,register,2024-12-18
U04551,app_open,2024-12-18
U04551,browse,2024-12-19
U04552,register,2024-02-21
U04552,browse,2024-02-22
U04552,add_to_cart,2024-02-24
U04552,purchase,2024-02-25
U04553,register,2024-05-23
U04553,app_open,2024-05-23
U04553,browse,2024-05-24
U04553,add_to_cart,2024-05-26
U04554,register,2024-12-09
U04554,app_open,2024-12-09
U04554,browse,2024-12-09
U04555,register,2024-09-04
U04555,app_open,2024-09-04
U04555,browse,2024-09-04
U04555,add_to_cart,2024-09-06
U04555,purchase,2024-09-06
U04556,register,2024-10-01
U04556,app_open,2024-10-01
U04557,register,2024-10-24
U04557,app_open,2024-10-24
U04557,browse,2024-10-24
U04558,register,2024-10-27
U04558,app_open,2024-10-27
U04559,register,2024-12-18
U04559,browse,2024-12-19
U04560,register,2024-12-30
U04560,app_open,2024-12-30
U04560,browse,2024-12-30
U04561,register,2024-11-05
U04561,app_open,2024-11-05
U04561,browse,2024-11-06
U04561,add_to_cart,2024-11-07
U04561,purchase,2024-11-07
U04562,register,2024-07-14
U04562,app_open,2024-07-14
U04563,register,2024-12-08
U04563,app_open,2024-12-08
U04563,browse,2024-12-09
U04563,add_to_cart,2024-12-11
U04564,register,2024-03-21
U04564,app_open,2024-03-21
U04565,register,2024-06-24
U04565,app_open,2024-06-24
U04565,browse,2024-06-25
U04565,add_to_cart,2024-06-25
U04565,purchase,2024-06-26
U04566,register,2024-12-11
U04566,browse,2024-12-12
U04566,add_to_cart,2024-12-14
U04567,register,2024-07-03
U04568,register,2024-06-20
U04568,app_open,2024-06-20
U04569,register,2024-05-15
U04569,browse,2024-05-15
U04569,add_to_cart,2024-05-17
U04569,purchase,2024-05-18
U04570,register,2024-12-04
U04570,app_open,2024-12-04
U04570,browse,2024-12-05
U04570,add_to_cart,2024-12-06
U04571,register,2024-09-15
U04572,register,2024-10-26
U04572,app_open,2024-10-26
U04572,browse,2024-10-26
U04573,register,2024-06-27
U04573,app_open,2024-06-27
U04573,browse,2024-06-28
U04574,register,2024-11-13
U04574,app_open,2024-11-13
U04575,register,2024-11-14
U04575,app_open,2024-11-14
U04575,browse,2024-11-14
U04576,register,2024-07-23
U04576,app_open,2024-07-23
U04577,register,2024-08-21
U04577,app_open,2024-08-21
U04578,register,2024-06-16
U04578,app_open,2024-06-16
U04578,browse,2024-06-16
U04579,register,2024-12-26
U04579,app_open,2024-12-26
U04579,browse,2024-12-26
U04580,register,2024-10-20
U04580,app_open,2024-10-20
U04581,register,2024-12-18
U04581,app_open,2024-12-18
U04581,browse,2024-12-19
U04581,add_to_cart,2024-12-19
U04581,purchase,2024-12-19
U04581,repurchase,2025-01-13
U04582,register,2024-07-20
U04582,app_open,2024-07-20
U04582,browse,2024-07-21
U04582,add_to_cart,2024-07-23
U04582,purchase,2024-07-25
U04583,register,2024-11-18
U04583,app_open,2024-11-18
U04583,browse,2024-11-18
U04584,register,2024-11-15
U04584,app_open,2024-11-15
U04584,browse,2024-11-15
U04584,add_to_cart,2024-11-16
U04584,purchase,2024-11-18
U04584,share,2024-11-21
U04585,register,2024-10-30
U04585,app_open,2024-10-30
U04586,register,2024-12-24
U04586,app_open,2024-12-24
U04587,register,2024-08-16
U04587,app_open,2024-08-16
U04587,browse,2024-08-17
U04588,register,2024-05-11
U04588,app_open,2024-05-11
U04588,browse,2024-05-12
U04589,register,2024-10-26
U04589,app_open,2024-10-26
U04590,register,2024-11-07
U04590,app_open,2024-11-07
U04590,browse,2024-11-07
U04591,register,2024-10-03
U04591,app_open,2024-10-03
U04591,browse,2024-10-04
U04592,register,2024-06-14
U04592,app_open,2024-06-14
U04592,browse,2024-06-15
U04593,register,2024-09-16
U04593,app_open,2024-09-16
U04593,browse,2024-09-16
U04594,register,2024-07-22
U04594,app_open,2024-07-22
U04595,register,2024-08-26
U04595,app_open,2024-08-26
U04596,register,2024-10-20
U04596,app_open,2024-10-20
U04596,browse,2024-10-20
U04597,register,2024-11-11
U04597,app_open,2024-11-11
U04597,browse,2024-11-12
U04597,add_to_cart,2024-11-12
U04597,purchase,2024-11-12
U04598,register,2024-06-24
U04599,register,2024-08-20
U04599,app_open,2024-08-20
U04599,browse,2024-08-21
U04599,add_to_cart,2024-08-21
U04599,purchase,2024-08-21
U04599,repurchase,2024-09-06
U04600,register,2024-07-08
U04601,register,2024-06-11
U04601,app_open,2024-06-11
U04601,browse,2024-06-11
U04602,register,2024-11-19
U04602,app_open,2024-11-19
U04603,register,2024-12-14
U04603,app_open,2024-12-14
U04603,browse,2024-12-15
U04603,add_to_cart,2024-12-16
U04603,purchase,2024-12-17
U04604,register,2024-08-10
U04604,app_open,2024-08-10
U04604,browse,2024-08-11
U04604,add_to_cart,2024-08-13
U04605,register,2024-11-12
U04605,app_open,2024-11-12
U04605,browse,2024-11-13
U04605,add_to_cart,2024-11-14
U04606,register,2024-12-11
U04606,app_open,2024-12-11
U04606,browse,2024-12-11
U04607,register,2024-12-01
U04607,app_open,2024-12-01
U04608,register,2024-06-05
U04608,app_open,2024-06-05
U04609,register,2024-12-22
U04609,app_open,2024-12-22
U04610,register,2024-08-12
U04610,app_open,2024-08-12
U04610,browse,2024-08-13
U04610,add_to_cart,2024-08-13
U04611,register,2024-07-31
U04611,browse,2024-08-01
U04611,add_to_cart,2024-08-02
U04612,register,2024-04-01
U04612,browse,2024-04-02
U04612,add_to_cart,2024-04-03
U04612,purchase,2024-04-04
U04613,register,2024-09-11
U04613,app_open,2024-09-11
U04613,browse,2024-09-11
U04613,add_to_cart,2024-09-13
U04614,register,2024-04-30
U04614,app_open,2024-04-30
U04614,browse,2024-05-01
U04615,register,2024-06-30
U04615,browse,2024-06-30
U04616,register,2024-07-24
U04616,app_open,2024-07-24
U04616,browse,2024-07-24
U04617,register,2024-11-24
U04617,app_open,2024-11-24
U04617,browse,2024-11-24
U04617,add_to_cart,2024-11-24
U04618,register,2024-12-07
U04618,app_open,2024-12-07
U04618,browse,2024-12-07
U04619,register,2024-07-19
U04619,browse,2024-07-19
U04620,register,2024-12-04
U04620,app_open,2024-12-04
U04620,browse,2024-12-04
U04621,register,2024-12-03
U04621,app_open,2024-12-03
U04621,browse,2024-12-03
U04622,register,2024-11-15
U04622,app_open,2024-11-15
U04622,browse,2024-11-16
U04622,add_to_cart,2024-11-18
U04623,register,2024-05-19
U04623,browse,2024-05-20
U04624,register,2024-10-30
U04624,app_open,2024-10-30
U04624,browse,2024-10-31
U04624,add_to_cart,2024-11-02
U04624,purchase,2024-11-03
U04625,register,2024-12-20
U04626,register,2024-10-28
U04626,app_open,2024-10-28
U04627,register,2024-07-29
U04627,app_open,2024-07-29
U04627,browse,2024-07-30
U04627,add_to_cart,2024-07-30
U04627,purchase,2024-07-30
U04628,register,2024-09-15
U04628,app_open,2024-09-15
U04629,register,2024-10-20
U04629,app_open,2024-10-20
U04629,browse,2024-10-21
U04630,register,2024-09-17
U04630,app_open,2024-09-17
U04630,browse,2024-09-17
U04631,register,2024-05-06
U04631,app_open,2024-05-06
U04632,register,2024-07-22
U04632,browse,2024-07-22
U04632,add_to_cart,2024-07-24
U04632,purchase,2024-07-26
U04632,repurchase,2024-08-16
U04633,register,2024-11-22
U04633,app_open,2024-11-22
U04633,browse,2024-11-23
U04633,add_to_cart,2024-11-25
U04633,purchase,2024-11-25
U04633,repurchase,2024-12-17
U04634,register,2024-12-04
U04634,app_open,2024-12-04
U04635,register,2024-05-15
U04635,app_open,2024-05-15
U04635,browse,2024-05-16
U04636,register,2024-12-22
U04636,app_open,2024-12-22
U04636,browse,2024-12-23
U04637,register,2024-07-28
U04637,app_open,2024-07-28
U04637,browse,2024-07-28
U04638,register,2024-10-24
U04638,app_open,2024-10-24
U04638,browse,2024-10-25
U04638,add_to_cart,2024-10-27
U04639,register,2024-11-12
U04639,app_open,2024-11-12
U04639,browse,2024-11-13
U04639,add_to_cart,2024-11-14
U04639,purchase,2024-11-14
U04639,repurchase,2024-12-05
U04640,register,2024-11-24
U04640,browse,2024-11-25
U04640,add_to_cart,2024-11-25
U04641,register,2024-12-20
U04641,browse,2024-12-20
U04641,add_to_cart,2024-12-22
U04641,purchase,2024-12-23
U04641,repurchase,2025-01-03
U04642,register,2024-07-23
U04642,app_open,2024-07-23
U04642,browse,2024-07-23
U04643,register,2024-12-04
U04643,app_open,2024-12-04
U04644,register,2024-05-12
U04644,app_open,2024-05-12
U04644,browse,2024-05-12
U04645,register,2024-11-02
U04645,app_open,2024-11-02
U04645,browse,2024-11-03
U04646,register,2024-11-10
U04646,app_open,2024-11-10
U04646,browse,2024-11-11
U04647,register,2024-10-27
U04647,app_open,2024-10-27
U04647,browse,2024-10-27
U04647,add_to_cart,2024-10-29
U04647,purchase,2024-10-30
U04648,register,2024-07-02
U04648,app_open,2024-07-02
U04648,browse,2024-07-03
U04648,add_to_cart,2024-07-04
U04648,purchase,2024-07-06
U04649,register,2024-12-07
U04649,app_open,2024-12-07
U04650,register,2024-05-29
U04650,app_open,2024-05-29
U04650,browse,2024-05-30
U04651,register,2024-03-25
U04651,app_open,2024-03-25
U04651,browse,2024-03-26
U04652,register,2024-11-05
U04652,app_open,2024-11-05
U04652,browse,2024-11-06
U04652,add_to_cart,2024-11-08
U04652,purchase,2024-11-09
U04652,repurchase,2024-11-30
U04653,register,2024-09-08
U04653,app_open,2024-09-08
U04653,browse,2024-09-09
U04653,add_to_cart,2024-09-11
U04654,register,2024-12-02
U04654,browse,2024-12-02
U04655,register,2024-08-14
U04655,app_open,2024-08-14
U04655,browse,2024-08-14
U04656,register,2024-05-29
U04656,app_open,2024-05-29
U04656,browse,2024-05-29
U04656,add_to_cart,2024-05-29
U04656,purchase,2024-05-31
U04656,repurchase,2024-06-13
U04657,register,2024-11-29
U04657,app_open,2024-11-29
U04657,browse,2024-11-30
U04658,register,2024-09-27
U04658,app_open,2024-09-27
U04658,browse,2024-09-28
U04658,add_to_cart,2024-09-29
U04658,purchase,2024-09-30
U04658,repurchase,2024-10-22
U04659,register,2024-06-07
U04659,app_open,2024-06-07
U04659,browse,2024-06-08
U04660,register,2024-11-05
U04660,browse,2024-11-06
U04660,add_to_cart,2024-11-07
U04660,purchase,2024-11-07
U04660,repurchase,2024-11-29
U04660,share,2024-11-30
U04661,register,2024-09-17
U04661,app_open,2024-09-17
U04661,browse,2024-09-17
U04662,register,2024-10-10
U04662,app_open,2024-10-10
U04662,browse,2024-10-10
U04663,register,2024-09-04
U04663,browse,2024-09-04
U04664,register,2024-11-28
U04664,app_open,2024-11-28
U04665,register,2024-11-28
U04665,app_open,2024-11-28
U04666,register,2024-11-03
U04666,app_open,2024-11-03
U04667,register,2024-04-28
U04667,app_open,2024-04-28
U04667,browse,2024-04-29
U04667,add_to_cart,2024-05-01
U04667,purchase,2024-05-02
U04667,repurchase,2024-05-25
U04667,share,2024-05-27
U04668,register,2024-11-30
U04668,browse,2024-11-30
U04668,add_to_cart,2024-12-02
U04668,purchase,2024-12-04
U04668,repurchase,2024-12-29
U04669,register,2024-10-25
U04669,app_open,2024-10-25
U04669,browse,2024-10-25
U04670,register,2024-10-31
U04670,browse,2024-10-31
U04670,add_to_cart,2024-10-31
U04670,purchase,2024-11-02
U04671,register,2024-08-07
U04671,app_open,2024-08-07
U04671,browse,2024-08-07
U04672,register,2024-12-08
U04672,app_open,2024-12-08
U04672,browse,2024-12-09
U04672,add_to_cart,2024-12-11
U04673,register,2024-11-06
U04673,app_open,2024-11-06
U04673,browse,2024-11-06
U04673,add_to_cart,2024-11-07
U04673,purchase,2024-11-08
U04673,share,2024-11-12
U04674,register,2024-05-02
U04674,app_open,2024-05-02
U04675,register,2024-08-21
U04675,app_open,2024-08-21
U04675,browse,2024-08-22
U04675,add_to_cart,2024-08-22
U04675,purchase,2024-08-23
U04676,register,2024-12-09
U04676,app_open,2024-12-09
U04676,browse,2024-12-10
U04677,register,2024-03-20
U04677,app_open,2024-03-20
U04677,browse,2024-03-20
U04678,register,2024-12-23
U04678,app_open,2024-12-23
U04678,browse,2024-12-24
U04679,register,2024-10-27
U04679,app_open,2024-10-27
U04679,browse,2024-10-27
U04680,register,2024-10-17
U04680,app_open,2024-10-17
U04680,browse,2024-10-17
U04681,register,2024-07-08
U04681,app_open,2024-07-08
U04682,register,2024-07-01
U04682,app_open,2024-07-01
U04683,register,2024-12-20
U04683,app_open,2024-12-20
U04683,browse,2024-12-21
U04684,register,2024-07-18
U04684,app_open,2024-07-18
U04685,register,2024-11-17
U04685,app_open,2024-11-17
U04685,browse,2024-11-17
U04686,register,2024-08-16
U04686,app_open,2024-08-16
U04686,browse,2024-08-16
U04687,register,2024-05-16
U04687,app_open,2024-05-16
U04687,browse,2024-05-17
U04687,add_to_cart,2024-05-17
U04688,register,2024-02-07
U04688,app_open,2024-02-07
U04688,browse,2024-02-08
U04688,add_to_cart,2024-02-10
U04688,purchase,2024-02-10
U04688,share,2024-02-10
U04689,register,2024-09-26
U04689,app_open,2024-09-26
U04690,register,2024-12-26
U04690,app_open,2024-12-26
U04690,browse,2024-12-26
U04690,add_to_cart,2024-12-28
U04691,register,2024-08-09
U04691,app_open,2024-08-09
U04691,browse,2024-08-09
U04691,add_to_cart,2024-08-11
U04692,register,2024-08-06
U04692,app_open,2024-08-06
U04692,browse,2024-08-06
U04693,register,2024-08-02
U04693,app_open,2024-08-02
U04694,register,2024-09-20
U04694,app_open,2024-09-20
U04694,browse,2024-09-21
U04695,register,2024-08-30
U04695,app_open,2024-08-30
U04696,register,2024-12-08
U04696,app_open,2024-12-08
U04697,register,2024-09-16
U04697,app_open,2024-09-16
U04697,browse,2024-09-16
U04698,register,2024-09-17
U04698,app_open,2024-09-17
U04698,browse,2024-09-18
U04698,add_to_cart,2024-09-19
U04699,register,2024-05-15
U04699,app_open,2024-05-15
U04699,browse,2024-05-16
U04700,register,2024-12-27
U04700,app_open,2024-12-27
U04700,browse,2024-12-27
U04700,add_to_cart,2024-12-29
U04701,register,2024-07-01
U04701,app_open,2024-07-01
U04701,browse,2024-07-01
U04701,add_to_cart,2024-07-03
U04702,register,2024-04-08
U04702,app_open,2024-04-08
U04703,register,2024-10-24
U04703,app_open,2024-10-24
U04703,browse,2024-10-25
U04703,add_to_cart,2024-10-25
U04704,register,2024-10-08
U04704,browse,2024-10-08
U04705,register,2024-08-23
U04705,app_open,2024-08-23
U04705,browse,2024-08-23
U04705,add_to_cart,2024-08-23
U04705,purchase,2024-08-24
U04705,repurchase,2024-09-20
U04706,register,2024-08-25
U04706,app_open,2024-08-25
U04706,browse,2024-08-26
U04706,add_to_cart,2024-08-27
U04707,register,2024-11-19
U04707,app_open,2024-11-19
U04707,browse,2024-11-19
U04707,add_to_cart,2024-11-20
U04708,register,2024-06-10
U04708,browse,2024-06-11
U04708,add_to_cart,2024-06-12
U04709,register,2024-11-26
U04709,app_open,2024-11-26
U04709,browse,2024-11-27
U04710,register,2024-10-20
U04710,browse,2024-10-21
U04711,register,2024-08-24
U04711,app_open,2024-08-24
U04711,browse,2024-08-24
U04711,add_to_cart,2024-08-25
U04711,purchase,2024-08-26
U04711,repurchase,2024-09-25
U04711,share,2024-09-26
U04712,register,2024-09-04
U04712,app_open,2024-09-04
U04712,browse,2024-09-05
U04712,add_to_cart,2024-09-07
U04713,register,2024-07-03
U04713,app_open,2024-07-03
U04714,register,2024-11-12
U04714,app_open,2024-11-12
U04714,browse,2024-11-12
U04714,add_to_cart,2024-11-12
U04714,purchase,2024-11-14
U04714,repurchase,2024-11-26
U04715,register,2024-09-18
U04715,app_open,2024-09-18
U04715,browse,2024-09-19
U04716,register,2024-07-25
U04716,browse,2024-07-26
U04717,register,2024-10-08
U04717,app_open,2024-10-08
U04718,register,2024-12-30
U04718,app_open,2024-12-30
U04718,browse,2024-12-30
U04719,register,2024-08-28
U04719,app_open,2024-08-28
U04719,browse,2024-08-28
U04719,add_to_cart,2024-08-29
U04720,register,2024-12-16
U04720,app_open,2024-12-16
U04720,browse,2024-12-17
U04721,register,2024-08-02
U04722,register,2024-03-26
U04722,app_open,2024-03-26
U04723,register,2024-06-13
U04723,app_open,2024-06-13
U04724,register,2024-08-24
U04724,app_open,2024-08-24
U04724,browse,2024-08-24
U04724,add_to_cart,2024-08-26
U04724,purchase,2024-08-28
U04725,register,2024-06-20
U04725,app_open,2024-06-20
U04725,browse,2024-06-20
U04725,add_to_cart,2024-06-20
U04725,purchase,2024-06-20
U04726,register,2024-01-06
U04726,app_open,2024-01-06
U04726,browse,2024-01-06
U04726,add_to_cart,2024-01-08
U04726,purchase,2024-01-09
U04726,repurchase,2024-02-03
U04727,register,2024-12-15
U04727,app_open,2024-12-15
U04727,browse,2024-12-15
U04728,register,2024-12-01
U04728,app_open,2024-12-01
U04728,browse,2024-12-01
U04729,register,2024-11-10
U04729,app_open,2024-11-10
U04730,register,2024-05-29
U04730,app_open,2024-05-29
U04730,browse,2024-05-29
U04730,add_to_cart,2024-05-31
U04731,register,2024-05-06
U04731,app_open,2024-05-06
U04732,register,2024-04-04
U04732,app_open,2024-04-04
U04733,register,2024-11-06
U04733,app_open,2024-11-06
U04734,register,2024-12-17
U04734,browse,2024-12-18
U04735,register,2024-08-27
U04735,app_open,2024-08-27
U04735,browse,2024-08-27
U04736,register,2024-05-05
U04736,browse,2024-05-05
U04736,add_to_cart,2024-05-05
U04736,purchase,2024-05-07
U04737,register,2024-09-18
U04737,app_open,2024-09-18
U04737,browse,2024-09-18
U04737,add_to_cart,2024-09-20
U04737,purchase,2024-09-21
U04737,repurchase,2024-10-16
U04738,register,2024-08-03
U04738,app_open,2024-08-03
U04738,browse,2024-08-03
U04739,register,2024-08-11
U04739,app_open,2024-08-11
U04740,register,2024-10-14
U04740,app_open,2024-10-14
U04740,browse,2024-10-15
U04741,register,2024-11-05
U04741,app_open,2024-11-05
U04742,register,2024-05-01
U04742,app_open,2024-05-01
U04743,register,2024-03-09
U04743,app_open,2024-03-09
U04743,browse,2024-03-09
U04744,register,2024-12-29
U04745,register,2024-06-25
U04745,app_open,2024-06-25
U04746,register,2024-03-25
U04746,app_open,2024-03-25
U04746,browse,2024-03-26
U04746,add_to_cart,2024-03-28
U04747,register,2024-06-08
U04747,app_open,2024-06-08
U04747,browse,2024-06-08
U04747,add_to_cart,2024-06-08
U04748,register,2024-03-13
U04748,app_open,2024-03-13
U04748,browse,2024-03-13
U04748,add_to_cart,2024-03-13
U04749,register,2024-08-16
U04749,app_open,2024-08-16
U04749,browse,2024-08-17
U04749,add_to_cart,2024-08-19
U04749,purchase,2024-08-19
U04750,register,2024-11-22
U04750,app_open,2024-11-22
U04750,browse,2024-11-22
U04751,register,2024-08-01
U04751,app_open,2024-08-01
U04751,browse,2024-08-02
U04752,register,2024-08-31
U04752,app_open,2024-08-31
U04752,browse,2024-09-01
U04752,add_to_cart,2024-09-03
U04753,register,2024-10-27
U04753,app_open,2024-10-27
U04754,register,2024-09-17
U04754,app_open,2024-09-17
U04754,browse,2024-09-18
U04754,add_to_cart,2024-09-18
U04755,register,2024-12-04
U04755,app_open,2024-12-04
U04755,browse,2024-12-05
U04756,register,2024-12-05
U04756,app_open,2024-12-05
U04756,browse,2024-12-06
U04756,add_to_cart,2024-12-06
U04757,register,2024-02-06
U04757,app_open,2024-02-06
U04757,browse,2024-02-07
U04758,register,2024-11-17
U04758,app_open,2024-11-17
U04759,register,2024-09-04
U04759,app_open,2024-09-04
U04759,browse,2024-09-05
U04759,add_to_cart,2024-09-06
U04759,purchase,2024-09-06
U04760,register,2024-12-28
U04760,app_open,2024-12-28
U04760,browse,2024-12-29
U04761,register,2024-09-10
U04761,browse,2024-09-10
U04762,register,2024-12-28
U04762,app_open,2024-12-28
U04762,browse,2024-12-29
U04763,register,2024-11-13
U04764,register,2024-06-30
U04764,app_open,2024-06-30
U04764,browse,2024-06-30
U04765,register,2024-09-24
U04765,app_open,2024-09-24
U04765,browse,2024-09-25
U04766,register,2024-12-29
U04766,app_open,2024-12-29
U04766,browse,2024-12-30
U04767,register,2024-12-04
U04767,app_open,2024-12-04
U04768,register,2024-04-23
U04768,browse,2024-04-23
U04769,register,2024-11-02
U04769,browse,2024-11-02
U04770,register,2024-08-02
U04770,browse,2024-08-02
U04771,register,2024-01-31
U04771,app_open,2024-01-31
U04771,browse,2024-02-01
U04771,add_to_cart,2024-02-03
U04772,register,2024-08-19
U04772,app_open,2024-08-19
U04773,register,2024-06-25
U04773,app_open,2024-06-25
U04773,browse,2024-06-26
U04773,add_to_cart,2024-06-26
U04773,purchase,2024-06-26
U04773,repurchase,2024-07-07
U04774,register,2024-11-26
U04774,app_open,2024-11-26
U04775,register,2024-07-30
U04776,register,2024-11-28
U04776,app_open,2024-11-28
U04776,browse,2024-11-29
U04777,register,2024-01-09
U04777,app_open,2024-01-09
U04777,browse,2024-01-10
U04777,add_to_cart,2024-01-12
U04777,purchase,2024-01-13
U04778,register,2024-07-21
U04778,app_open,2024-07-21
U04778,browse,2024-07-22
U04779,register,2024-06-28
U04779,app_open,2024-06-28
U04779,browse,2024-06-29
U04780,register,2024-06-25
U04781,register,2024-04-05
U04781,app_open,2024-04-05
U04782,register,2024-06-06
U04782,app_open,2024-06-06
U04782,browse,2024-06-07
U04782,add_to_cart,2024-06-07
U04783,register,2024-09-29
U04783,app_open,2024-09-29
U04783,browse,2024-09-30
U04783,add_to_cart,2024-10-02
U04783,purchase,2024-10-03
U04784,register,2024-07-16
U04784,browse,2024-07-16
U04784,add_to_cart,2024-07-17
U04784,purchase,2024-07-17
U04784,repurchase,2024-08-15
U04785,register,2024-08-23
U04785,app_open,2024-08-23
U04785,browse,2024-08-23
U04786,register,2024-08-12
U04786,app_open,2024-08-12
U04787,register,2024-12-07
U04787,app_open,2024-12-07
U04787,browse,2024-12-08
U04787,add_to_cart,2024-12-10
U04787,purchase,2024-12-12
U04787,repurchase,2025-01-04
U04788,register,2024-12-13
U04788,app_open,2024-12-13
U04789,register,2024-09-13
U04789,app_open,2024-09-13
U04789,browse,2024-09-13
U04790,register,2024-07-28
U04790,app_open,2024-07-28
U04791,register,2024-04-29
U04791,app_open,2024-04-29
U04791,browse,2024-04-30
U04792,register,2024-12-22
U04792,browse,2024-12-22
U04793,register,2024-03-30
U04793,app_open,2024-03-30
U04793,browse,2024-03-30
U04793,add_to_cart,2024-03-30
U04793,purchase,2024-04-01
U04794,register,2024-07-18
U04794,app_open,2024-07-18
U04795,register,2024-07-18
U04795,app_open,2024-07-18
U04795,browse,2024-07-19
U04795,add_to_cart,2024-07-19
U04796,register,2024-07-25
U04796,app_open,2024-07-25
U04796,browse,2024-07-25
U04796,add_to_cart,2024-07-25
U04797,register,2024-05-27
U04797,app_open,2024-05-27
U04797,browse,2024-05-28
U04797,add_to_cart,2024-05-28
U04797,purchase,2024-05-28
U04797,repurchase,2024-06-05
U04798,register,2024-11-19
U04798,app_open,2024-11-19
U04799,register,2024-05-07
U04799,browse,2024-05-07
U04800,register,2024-10-17
U04800,app_open,2024-10-17
U04800,browse,2024-10-18
U04800,add_to_cart,2024-10-20
U04800,purchase,2024-10-21
U04800,share,2024-10-24
U04801,register,2024-05-08
U04801,app_open,2024-05-08
U04802,register,2024-04-06
U04802,app_open,2024-04-06
U04803,register,2024-12-14
U04803,app_open,2024-12-14
U04803,browse,2024-12-15
U04804,register,2024-06-08
U04804,app_open,2024-06-08
U04804,browse,2024-06-09
U04805,register,2024-11-26
U04805,app_open,2024-11-26
U04806,register,2024-09-26
U04806,app_open,2024-09-26
U04806,browse,2024-09-27
U04807,register,2024-04-11
U04807,app_open,2024-04-11
U04808,register,2024-12-22
U04808,app_open,2024-12-22
U04808,browse,2024-12-23
U04808,add_to_cart,2024-12-24
U04808,purchase,2024-12-26
U04809,register,2024-06-30
U04809,app_open,2024-06-30
U04810,register,2024-12-04
U04810,app_open,2024-12-04
U04811,register,2024-05-29
U04811,app_open,2024-05-29
U04811,browse,2024-05-30
U04812,register,2024-12-03
U04812,app_open,2024-12-03
U04812,browse,2024-12-04
U04812,add_to_cart,2024-12-06
U04813,register,2024-02-11
U04813,app_open,2024-02-11
U04813,browse,2024-02-12
U04814,register,2024-09-18
U04814,app_open,2024-09-18
U04814,browse,2024-09-19
U04815,register,2024-11-16
U04815,app_open,2024-11-16
U04815,browse,2024-11-16
U04816,register,2024-12-18
U04816,app_open,2024-12-18
U04817,register,2024-12-14
U04818,register,2024-11-26
U04818,app_open,2024-11-26
U04818,browse,2024-11-27
U04819,register,2024-12-09
U04819,app_open,2024-12-09
U04820,register,2024-06-11
U04820,app_open,2024-06-11
U04820,browse,2024-06-11
U04820,add_to_cart,2024-06-12
U04820,purchase,2024-06-13
U04821,register,2024-07-13
U04821,app_open,2024-07-13
U04821,browse,2024-07-13
U04822,register,2024-07-15
U04822,app_open,2024-07-15
U04822,browse,2024-07-16
U04823,register,2024-08-12
U04823,app_open,2024-08-12
U04823,browse,2024-08-12
U04824,register,2024-08-16
U04824,app_open,2024-08-16
U04824,browse,2024-08-16
U04825,register,2024-09-26
U04825,app_open,2024-09-26
U04825,browse,2024-09-26
U04826,register,2024-05-25
U04826,app_open,2024-05-25
U04826,browse,2024-05-25
U04827,register,2024-10-30
U04827,app_open,2024-10-30
U04827,browse,2024-10-31
U04828,register,2024-05-29
U04828,app_open,2024-05-29
U04829,register,2024-07-22
U04829,app_open,2024-07-22
U04829,browse,2024-07-22
U04830,register,2024-09-15
U04830,app_open,2024-09-15
U04830,browse,2024-09-15
U04831,register,2024-11-21
U04831,app_open,2024-11-21
U04831,browse,2024-11-21
U04831,add_to_cart,2024-11-23
U04831,purchase,2024-11-23
U04831,repurchase,2024-12-05
U04832,register,2024-11-09
U04832,app_open,2024-11-09
U04833,register,2024-10-20
U04833,browse,2024-10-20
U04834,register,2024-05-24
U04835,register,2024-09-26
U04836,register,2024-04-17
U04836,app_open,2024-04-17
U04836,browse,2024-04-18
U04837,register,2024-08-12
U04837,app_open,2024-08-12
U04837,browse,2024-08-12
U04838,register,2024-08-22
U04838,app_open,2024-08-22
U04838,browse,2024-08-23
U04839,register,2024-03-13
U04839,browse,2024-03-14
U04839,add_to_cart,2024-03-14
U04840,register,2024-07-10
U04840,app_open,2024-07-10
U04840,browse,2024-07-10
U04841,register,2024-12-22
U04841,app_open,2024-12-22
U04841,browse,2024-12-23
U04841,add_to_cart,2024-12-24
U04842,register,2024-12-22
U04842,app_open,2024-12-22
U04842,browse,2024-12-22
U04843,register,2024-08-04
U04843,app_open,2024-08-04
U04844,register,2024-03-16
U04844,app_open,2024-03-16
U04845,register,2024-06-03
U04845,app_open,2024-06-03
U04845,browse,2024-06-04
U04846,register,2024-08-16
U04846,app_open,2024-08-16
U04847,register,2024-12-21
U04847,app_open,2024-12-21
U04847,browse,2024-12-22
U04847,add_to_cart,2024-12-23
U04848,register,2024-05-17
U04848,browse,2024-05-17
U04849,register,2024-11-14
U04849,app_open,2024-11-14
U04849,browse,2024-11-14
U04850,register,2024-04-30
U04850,app_open,2024-04-30
U04850,browse,2024-04-30
U04851,register,2024-12-27
U04851,app_open,2024-12-27
U04851,browse,2024-12-28
U04851,add_to_cart,2024-12-29
U04851,purchase,2024-12-29
U04851,repurchase,2025-01-06
U04852,register,2024-08-13
U04852,app_open,2024-08-13
U04852,browse,2024-08-13
U04852,add_to_cart,2024-08-13
U04853,register,2024-11-17
U04853,app_open,2024-11-17
U04853,browse,2024-11-18
U04853,add_to_cart,2024-11-18
U04853,purchase,2024-11-18
U04853,repurchase,2024-11-30
U04854,register,2024-08-01
U04854,browse,2024-08-01
U04854,add_to_cart,2024-08-03
U04854,purchase,2024-08-05
U04855,register,2024-10-16
U04855,app_open,2024-10-16
U04855,browse,2024-10-17
U04856,register,2024-06-08
U04856,app_open,2024-06-08
U04856,browse,2024-06-09
U04857,register,2024-05-19
U04857,browse,2024-05-19
U04858,register,2024-12-19
U04858,app_open,2024-12-19
U04858,browse,2024-12-19
U04859,register,2024-12-15
U04859,app_open,2024-12-15
U04859,browse,2024-12-15
U04859,add_to_cart,2024-12-17
U04860,register,2024-12-09
U04860,app_open,2024-12-09
U04861,register,2024-10-15
U04861,browse,2024-10-15
U04861,add_to_cart,2024-10-17
U04861,purchase,2024-10-19
U04862,register,2024-11-24
U04862,app_open,2024-11-24
U04862,browse,2024-11-25
U04862,add_to_cart,2024-11-27
U04863,register,2024-04-05
U04863,app_open,2024-04-05
U04863,browse,2024-04-06
U04864,register,2024-07-30
U04865,register,2024-07-23
U04865,app_open,2024-07-23
U04865,browse,2024-07-23
U04865,add_to_cart,2024-07-24
U04865,purchase,2024-07-24
U04866,register,2024-10-18
U04866,app_open,2024-10-18
U04867,register,2024-08-05
U04867,browse,2024-08-05
U04867,add_to_cart,2024-08-05
U04867,purchase,2024-08-06
U04867,repurchase,2024-08-18
U04868,register,2024-05-20
U04868,app_open,2024-05-20
U04868,browse,2024-05-21
U04869,register,2024-10-08
U04869,app_open,2024-10-08
U04870,register,2024-11-25
U04870,app_open,2024-11-25
U04870,browse,2024-11-25
U04870,add_to_cart,2024-11-26
U04871,register,2024-08-13
U04871,app_open,2024-08-13
U04871,browse,2024-08-13
U04872,register,2024-05-12
U04873,register,2024-06-10
U04873,browse,2024-06-10
U04873,add_to_cart,2024-06-12
U04873,purchase,2024-06-13
U04874,register,2024-06-26
U04874,app_open,2024-06-26
U04874,browse,2024-06-26
U04875,register,2024-07-18
U04875,app_open,2024-07-18
U04875,browse,2024-07-19
U04876,register,2024-10-19
U04876,app_open,2024-10-19
U04876,browse,2024-10-20
U04876,add_to_cart,2024-10-22
U04877,register,2024-10-09
U04877,browse,2024-10-09
U04877,add_to_cart,2024-10-10
U04877,purchase,2024-10-11
U04877,repurchase,2024-11-08
U04878,register,2024-10-31
U04878,app_open,2024-10-31
U04878,browse,2024-11-01
U04878,add_to_cart,2024-11-01
U04878,purchase,2024-11-03
U04879,register,2024-08-07
U04879,app_open,2024-08-07
U04879,browse,2024-08-08
U04879,add_to_cart,2024-08-10
U04880,register,2024-11-27
U04880,app_open,2024-11-27
U04881,register,2024-06-13
U04881,browse,2024-06-14
U04882,register,2024-09-06
U04882,app_open,2024-09-06
U04882,browse,2024-09-07
U04882,add_to_cart,2024-09-09
U04882,purchase,2024-09-09
U04882,repurchase,2024-10-08
U04883,register,2024-11-22
U04883,app_open,2024-11-22
U04883,browse,2024-11-22
U04883,add_to_cart,2024-11-24
U04883,purchase,2024-11-24
U04883,repurchase,2024-12-07
U04884,register,2024-06-03
U04884,app_open,2024-06-03
U04884,browse,2024-06-03
U04884,add_to_cart,2024-06-03
U04884,purchase,2024-06-04
U04885,register,2024-04-30
U04885,app_open,2024-04-30
U04886,register,2024-12-09
U04886,browse,2024-12-09
U04886,add_to_cart,2024-12-09
U04886,purchase,2024-12-10
U04887,register,2024-08-01
U04887,app_open,2024-08-01
U04887,browse,2024-08-01
U04888,register,2024-10-28
U04888,app_open,2024-10-28
U04888,browse,2024-10-29
U04888,add_to_cart,2024-10-29
U04888,purchase,2024-10-30
U04888,repurchase,2024-11-18
U04889,register,2024-02-28
U04889,app_open,2024-02-28
U04889,browse,2024-02-28
U04889,add_to_cart,2024-02-28
U04890,register,2024-10-30
U04890,app_open,2024-10-30
U04890,browse,2024-10-30
U04890,add_to_cart,2024-11-01
U04891,register,2024-07-24
U04891,app_open,2024-07-24
U04891,browse,2024-07-24
U04892,register,2024-03-27
U04892,app_open,2024-03-27
U04892,browse,2024-03-28
U04893,register,2024-10-12
U04893,app_open,2024-10-12
U04893,browse,2024-10-13
U04893,add_to_cart,2024-10-14
U04893,purchase,2024-10-16
U04893,share,2024-10-18
U04894,register,2024-06-28
U04894,app_open,2024-06-28
U04894,browse,2024-06-29
U04895,register,2024-08-15
U04895,app_open,2024-08-15
U04895,browse,2024-08-16
U04895,add_to_cart,2024-08-16
U04896,register,2024-04-13
U04896,app_open,2024-04-13
U04897,register,2024-05-20
U04897,app_open,2024-05-20
U04897,browse,2024-05-20
U04898,register,2024-07-18
U04898,app_open,2024-07-18
U04898,browse,2024-07-18
U04899,register,2024-04-19
U04899,app_open,2024-04-19
U04900,register,2024-12-14
U04900,app_open,2024-12-14
U04900,browse,2024-12-14
U04901,register,2024-01-29
U04901,app_open,2024-01-29
U04901,browse,2024-01-30
U04902,register,2024-09-10
U04902,browse,2024-09-10
U04902,add_to_cart,2024-09-10
U04902,purchase,2024-09-11
U04903,register,2024-05-08
U04903,app_open,2024-05-08
U04903,browse,2024-05-08
U04903,add_to_cart,2024-05-08
U04903,purchase,2024-05-08
U04904,register,2024-07-21
U04904,app_open,2024-07-21
U04905,register,2024-12-17
U04905,app_open,2024-12-17
U04906,register,2024-05-26
U04906,app_open,2024-05-26
U04906,browse,2024-05-27
U04907,register,2024-12-24
U04907,app_open,2024-12-24
U04907,browse,2024-12-25
U04907,add_to_cart,2024-12-27
U04907,purchase,2024-12-28
U04908,register,2024-06-14
U04908,app_open,2024-06-14
U04908,browse,2024-06-14
U04909,register,2024-11-10
U04910,register,2024-09-26
U04910,app_open,2024-09-26
U04910,browse,2024-09-26
U04910,add_to_cart,2024-09-27
U04910,purchase,2024-09-28
U04910,repurchase,2024-10-25
U04911,register,2024-12-09
U04911,app_open,2024-12-09
U04912,register,2024-09-28
U04912,app_open,2024-09-28
U04912,browse,2024-09-29
U04912,add_to_cart,2024-09-30
U04913,register,2024-09-23
U04913,app_open,2024-09-23
U04913,browse,2024-09-24
U04913,add_to_cart,2024-09-26
U04914,register,2024-06-10
U04914,app_open,2024-06-10
U04914,browse,2024-06-10
U04915,register,2024-05-28
U04915,app_open,2024-05-28
U04915,browse,2024-05-28
U04915,add_to_cart,2024-05-30
U04916,register,2024-12-15
U04916,app_open,2024-12-15
U04917,register,2024-07-27
U04917,app_open,2024-07-27
U04917,browse,2024-07-28
U04918,register,2024-08-10
U04918,app_open,2024-08-10
U04919,register,2024-11-14
U04919,app_open,2024-11-14
U04919,browse,2024-11-15
U04920,register,2024-07-31
U04920,app_open,2024-07-31
U04920,browse,2024-07-31
U04921,register,2024-12-22
U04921,app_open,2024-12-22
U04921,browse,2024-12-22
U04921,add_to_cart,2024-12-23
U04921,purchase,2024-12-24
U04921,repurchase,2025-01-15
U04921,share,2025-01-19
U04922,register,2024-11-09
U04922,browse,2024-11-10
U04922,add_to_cart,2024-11-12
U04922,purchase,2024-11-14
U04922,repurchase,2024-12-06
U04923,register,2024-10-09
U04923,app_open,2024-10-09
U04924,register,2024-12-08
U04924,app_open,2024-12-08
U04924,browse,2024-12-08
U04925,register,2024-03-22
U04925,app_open,2024-03-22
U04925,browse,2024-03-22
U04926,register,2024-07-04
U04926,app_open,2024-07-04
U04926,browse,2024-07-04
U04927,register,2024-09-05
U04927,app_open,2024-09-05
U04928,register,2024-06-22
U04929,register,2024-11-10
U04929,app_open,2024-11-10
U04929,browse,2024-11-10
U04929,add_to_cart,2024-11-12
U04929,purchase,2024-11-13
U04930,register,2024-12-15
U04931,register,2024-08-25
U04931,app_open,2024-08-25
U04931,browse,2024-08-25
U04932,register,2024-08-01
U04932,browse,2024-08-02
U04932,add_to_cart,2024-08-02
U04932,purchase,2024-08-02
U04933,register,2024-12-23
U04933,app_open,2024-12-23
U04933,browse,2024-12-23
U04933,add_to_cart,2024-12-24
U04934,register,2024-08-31
U04934,app_open,2024-08-31
U04934,browse,2024-09-01
U04935,register,2024-09-12
U04935,app_open,2024-09-12
U04935,browse,2024-09-13
U04936,register,2024-08-04
U04936,app_open,2024-08-04
U04936,browse,2024-08-04
U04937,register,2024-12-14
U04937,app_open,2024-12-14
U04937,browse,2024-12-15
U04938,register,2024-10-02
U04938,app_open,2024-10-02
U04938,browse,2024-10-02
U04939,register,2024-11-14
U04939,app_open,2024-11-14
U04939,browse,2024-11-15
U04939,add_to_cart,2024-11-16
U04940,register,2024-11-24
U04940,app_open,2024-11-24
U04941,register,2024-08-01
U04941,app_open,2024-08-01
U04941,browse,2024-08-02
U04941,add_to_cart,2024-08-02
U04942,register,2024-08-28
U04942,app_open,2024-08-28
U04942,browse,2024-08-28
U04942,add_to_cart,2024-08-29
U04943,register,2024-12-02
U04943,app_open,2024-12-02
U04943,browse,2024-12-02
U04944,register,2024-08-07
U04944,browse,2024-08-08
U04944,add_to_cart,2024-08-08
U04944,purchase,2024-08-10
U04944,repurchase,2024-08-30
U04944,share,2024-09-01
U04945,register,2024-11-21
U04945,app_open,2024-11-21
U04945,browse,2024-11-21
U04946,register,2024-12-20
U04946,browse,2024-12-20
U04946,add_to_cart,2024-12-20
U04946,purchase,2024-12-20
U04946,repurchase,2024-12-27
U04947,register,2024-10-15
U04947,app_open,2024-10-15
U04947,browse,2024-10-15
U04948,register,2024-11-10
U04948,app_open,2024-11-10
U04949,register,2024-11-23
U04949,browse,2024-11-23
U04949,add_to_cart,2024-11-25
U04950,register,2024-12-01
U04950,app_open,2024-12-01
U04950,browse,2024-12-01
U04951,register,2024-08-17
U04951,app_open,2024-08-17
U04952,register,2024-03-23
U04952,browse,2024-03-24
U04952,add_to_cart,2024-03-25
U04952,purchase,2024-03-27
U04952,repurchase,2024-04-22
U04952,share,2024-04-23
U04953,register,2024-08-19
U04953,app_open,2024-08-19
U04953,browse,2024-08-19
U04954,register,2024-10-26
U04954,browse,2024-10-27
U04955,register,2024-09-01
U04955,app_open,2024-09-01
U04955,browse,2024-09-02
U04956,register,2024-11-11
U04956,app_open,2024-11-11
U04957,register,2024-08-06
U04957,app_open,2024-08-06
U04957,browse,2024-08-07
U04957,add_to_cart,2024-08-09
U04957,purchase,2024-08-09
U04958,register,2024-10-17
U04958,browse,2024-10-17
U04959,register,2024-06-06
U04959,app_open,2024-06-06
U04959,browse,2024-06-06
U04960,register,2024-11-11
U04960,app_open,2024-11-11
U04960,browse,2024-11-12
U04960,add_to_cart,2024-11-13
U04960,purchase,2024-11-13
U04961,register,2024-09-26
U04961,app_open,2024-09-26
U04962,register,2024-06-13
U04962,app_open,2024-06-13
U04962,browse,2024-06-14
U04962,add_to_cart,2024-06-15
U04963,register,2024-07-16
U04963,app_open,2024-07-16
U04963,browse,2024-07-16
U04963,add_to_cart,2024-07-18
U04964,register,2024-11-11
U04964,app_open,2024-11-11
U04965,register,2024-09-10
U04965,app_open,2024-09-10
U04965,browse,2024-09-10
U04966,register,2024-06-18
U04966,app_open,2024-06-18
U04966,browse,2024-06-18
U04967,register,2024-12-24
U04967,browse,2024-12-24
U04967,add_to_cart,2024-12-24
U04968,register,2024-11-04
U04968,app_open,2024-11-04
U04968,browse,2024-11-04
U04968,add_to_cart,2024-11-05
U04968,purchase,2024-11-06
U04969,register,2024-12-23
U04969,browse,2024-12-23
U04969,add_to_cart,2024-12-24
U04970,register,2024-08-26
U04970,app_open,2024-08-26
U04970,browse,2024-08-26
U04971,register,2024-09-08
U04971,app_open,2024-09-08
U04971,browse,2024-09-09
U04971,add_to_cart,2024-09-11
U04972,register,2024-12-11
U04972,app_open,2024-12-11
U04972,browse,2024-12-12
U04972,add_to_cart,2024-12-14
U04973,register,2024-09-21
U04973,app_open,2024-09-21
U04974,register,2024-11-02
U04974,app_open,2024-11-02
U04975,register,2024-07-02
U04975,app_open,2024-07-02
U04976,register,2024-08-31
U04976,app_open,2024-08-31
U04976,browse,2024-08-31
U04977,register,2024-05-08
U04977,app_open,2024-05-08
U04978,register,2024-06-14
U04978,app_open,2024-06-14
U04978,browse,2024-06-15
U04978,add_to_cart,2024-06-17
U04978,purchase,2024-06-19
U04978,repurchase,2024-07-07
U04978,share,2024-07-09
U04979,register,2024-01-12
U04979,app_open,2024-01-12
U04979,browse,2024-01-13
U04980,register,2024-03-13
U04980,app_open,2024-03-13
U04980,browse,2024-03-14
U04980,add_to_cart,2024-03-14
U04980,purchase,2024-03-16
U04981,register,2024-12-26
U04981,app_open,2024-12-26
U04981,browse,2024-12-27
U04981,add_to_cart,2024-12-27
U04981,purchase,2024-12-27
U04981,repurchase,2025-01-05
U04982,register,2024-06-28
U04982,app_open,2024-06-28
U04982,browse,2024-06-28
U04982,add_to_cart,2024-06-29
U04982,purchase,2024-06-29
U04983,register,2024-10-24
U04983,app_open,2024-10-24
U04983,browse,2024-10-25
U04984,register,2024-11-30
U04984,app_open,2024-11-30
U04985,register,2024-09-27
U04985,app_open,2024-09-27
U04985,browse,2024-09-28
U04986,register,2024-05-22
U04986,app_open,2024-05-22
U04987,register,2024-11-07
U04987,app_open,2024-11-07
U04987,browse,2024-11-07
U04987,add_to_cart,2024-11-07
U04987,purchase,2024-11-07
U04987,share,2024-11-11
U04988,register,2024-10-09
U04988,app_open,2024-10-09
U04988,browse,2024-10-09
U04988,add_to_cart,2024-10-10
U04988,purchase,2024-10-12
U04988,share,2024-10-14
U04989,register,2024-11-08
U04989,app_open,2024-11-08
U04989,browse,2024-11-09
U04990,register,2024-11-16
U04990,app_open,2024-11-16
U04990,browse,2024-11-16
U04991,register,2024-12-26
U04991,app_open,2024-12-26
U04991,browse,2024-12-27
U04991,add_to_cart,2024-12-27
U04991,purchase,2024-12-27
U04992,register,2024-10-03
U04992,app_open,2024-10-03
U04992,browse,2024-10-04
U04992,add_to_cart,2024-10-05
U04992,purchase,2024-10-07
U04993,register,2024-08-01
U04993,app_open,2024-08-01
U04993,browse,2024-08-01
U04994,register,2024-10-20
U04994,browse,2024-10-21
U04995,register,2024-04-05
U04995,app_open,2024-04-05
U04996,register,2024-12-11
U04996,app_open,2024-12-11
U04996,browse,2024-12-12
U04997,register,2024-05-06
U04997,app_open,2024-05-06
U04997,browse,2024-05-07
U04997,add_to_cart,2024-05-08
U04997,purchase,2024-05-10
U04998,register,2024-07-27
U04998,browse,2024-07-27
U04999,register,2024-11-25
U04999,app_open,2024-11-25
U04999,browse,2024-11-26
U04999,add_to_cart,2024-11-26
U05000,register,2024-10-09
U05000,browse,2024-10-09
U05000,add_to_cart,2024-10-09
