user_id,order_date,order_amount,order_id
U00001,2024-01-05,1524.62,ORD00000_8
U00001,2024-01-08,1532.34,ORD00000_5
U00001,2024-01-26,1413.58,ORD00000_12
U00001,2024-02-08,926.61,ORD00000_0
U00001,2024-02-22,1176.15,ORD00000_17
U00001,2024-03-13,1410.68,ORD00000_21
U00001,2024-03-13,498.32,ORD00000_23
U00001,2024-03-29,1415.75,ORD00000_22
U00001,2024-04-23,678.99,ORD00000_11
U00001,2024-05-05,753.99,ORD00000_3
U00001,2024-05-08,1251.23,ORD00000_6
U00001,2024-06-05,913.69,ORD00000_7
U00001,2024-06-07,1260.19,ORD00000_24
U00001,2024-06-23,1206.31,ORD00000_9
U00001,2024-06-26,794.82,ORD00000_1
U00001,2024-07-10,448.62,ORD00000_20
U00001,2024-08-07,579.22,ORD00000_19
U00001,2024-08-19,1295.55,ORD00000_13
U00001,2024-10-13,1166.64,ORD00000_16
U00001,2024-10-15,1098.12,ORD00000_15
U00001,2024-10-20,556.13,ORD00000_2
U00001,2024-11-06,1542.59,ORD00000_10
U00001,2024-11-23,1327.28,ORD00000_14
U00001,2024-12-01,1496.96,ORD00000_4
U00001,2024-12-26,517.26,ORD00000_18
U00002,2024-01-19,646.54,ORD00001_0
U00002,2024-03-16,534.35,ORD00001_6
U00002,2024-03-22,686.22,ORD00001_1
U00002,2024-05-22,582.87,ORD00001_7
U00002,2024-07-31,372.75,ORD00001_5
U00002,2024-10-05,435.63,ORD00001_2
U00002,2024-11-05,556.59,ORD00001_4
U00002,2024-11-26,401.69,ORD00001_3
U00003,2024-04-19,386.03,ORD00002_2
U00003,2024-09-23,370.55,ORD00002_1
U00003,2024-10-17,221.75,ORD00002_0
U00004,2024-10-30,236.57,ORD00003_0
U00005,2024-10-30,103.62,ORD00004_0
U00006,2024-01-21,101.24,ORD00005_1
U00006,2024-12-01,187.67,ORD00005_2
U00006,2024-12-29,246.61,ORD00005_0
U00007,2024-02-21,322.13,ORD00006_2
U00007,2024-06-05,364.81,ORD00006_3
U00007,2024-10-01,139.57,ORD00006_1
U00007,2024-10-17,293.51,ORD00006_4
U00007,2024-11-19,407.0,ORD00006_0
U00008,2024-01-09,646.68,ORD00007_14
U00008,2024-02-18,376.29,ORD00007_17
U00008,2024-02-18,706.25,ORD00007_24
U00008,2024-02-29,663.05,ORD00007_20
U00008,2024-03-12,728.07,ORD00007_16
U00008,2024-03-14,747.76,ORD00007_3
U00008,2024-03-17,492.88,ORD00007_0
U00008,2024-03-24,539.07,ORD00007_7
U00008,2024-04-27,559.94,ORD00007_12
U00008,2024-04-30,774.21,ORD00007_15
U00008,2024-05-20,616.98,ORD00007_11
U00008,2024-05-31,762.83,ORD00007_19
U00008,2024-06-07,687.88,ORD00007_4
U00008,2024-06-12,318.76,ORD00007_22
U00008,2024-06-20,248.62,ORD00007_9
U00008,2024-08-07,370.48,ORD00007_13
U00008,2024-08-29,320.93,ORD00007_23
U00008,2024-09-19,669.45,ORD00007_2
U00008,2024-09-19,758.3,ORD00007_8
U00008,2024-10-19,419.31,ORD00007_18
U00008,2024-10-24,825.61,ORD00007_6
U00008,2024-11-07,743.55,ORD00007_5
U00008,2024-12-10,564.76,ORD00007_1
U00008,2024-12-10,283.02,ORD00007_21
U00008,2024-12-27,294.08,ORD00007_10
U00009,2024-03-18,222.32,ORD00008_2
U00009,2024-06-08,223.69,ORD00008_1
U00009,2024-10-19,224.61,ORD00008_0
U00010,2024-01-19,512.38,ORD00009_5
U00010,2024-02-05,229.22,ORD00009_8
U00010,2024-04-11,498.79,ORD00009_6
U00010,2024-05-04,574.95,ORD00009_2
U00010,2024-06-15,605.05,ORD00009_7
U00010,2024-08-28,191.02,ORD00009_3
U00010,2024-09-19,562.67,ORD00009_0
U00010,2024-10-06,252.6,ORD00009_4
U00010,2024-11-18,424.57,ORD00009_1
U00011,2024-01-05,101.62,ORD00010_2
U00011,2024-07-14,195.48,ORD00010_0
U00011,2024-11-11,101.04,ORD00010_1
U00012,2024-05-09,605.41,ORD00011_2
U00012,2024-09-14,317.54,ORD00011_3
U00012,2024-09-15,238.82,ORD00011_1
U00012,2024-10-26,299.94,ORD00011_0
U00013,2024-01-12,120.56,ORD00012_5
U00013,2024-06-06,138.77,ORD00012_4
U00013,2024-07-26,131.53,ORD00012_3
U00013,2024-10-26,74.74,ORD00012_0
U00013,2024-10-29,94.6,ORD00012_2
U00013,2024-11-28,171.45,ORD00012_1
U00014,2024-04-27,115.66,ORD00013_1
U00014,2024-12-13,114.06,ORD00013_0
U00015,2024-03-24,158.73,ORD00014_0
U00016,2024-01-12,1362.79,ORD00015_12
U00016,2024-02-11,941.36,ORD00015_13
U00016,2024-04-10,781.04,ORD00015_11
U00016,2024-04-23,727.81,ORD00015_3
U00016,2024-05-22,1429.17,ORD00015_10
U00016,2024-07-08,841.59,ORD00015_7
U00016,2024-07-14,1301.05,ORD00015_8
U00016,2024-08-13,427.45,ORD00015_1
U00016,2024-09-05,956.53,ORD00015_5
U00016,2024-09-18,1350.71,ORD00015_9
U00016,2024-09-28,905.89,ORD00015_0
U00016,2024-10-18,686.24,ORD00015_2
U00016,2024-11-26,1249.24,ORD00015_6
U00016,2024-12-26,453.9,ORD00015_4
U00017,2024-01-07,128.4,ORD00016_1
U00017,2024-05-13,95.52,ORD00016_0
U00018,2024-01-05,357.18,ORD00017_17
U00018,2024-01-25,320.49,ORD00017_7
U00018,2024-01-25,181.43,ORD00017_8
U00018,2024-02-25,202.2,ORD00017_20
U00018,2024-03-23,161.58,ORD00017_21
U00018,2024-04-01,206.84,ORD00017_11
U00018,2024-05-28,145.78,ORD00017_22
U00018,2024-05-30,155.61,ORD00017_16
U00018,2024-06-08,176.13,ORD00017_14
U00018,2024-06-21,283.05,ORD00017_9
U00018,2024-07-08,191.95,ORD00017_23
U00018,2024-07-24,419.65,ORD00017_1
U00018,2024-09-08,305.02,ORD00017_25
U00018,2024-09-10,300.05,ORD00017_15
U00018,2024-09-12,405.91,ORD00017_2
U00018,2024-09-16,426.41,ORD00017_26
U00018,2024-09-19,328.78,ORD00017_24
U00018,2024-09-22,174.76,ORD00017_18
U00018,2024-09-23,348.69,ORD00017_19
U00018,2024-09-26,151.5,ORD00017_5
U00018,2024-09-29,181.46,ORD00017_27
U00018,2024-10-07,260.55,ORD00017_3
U00018,2024-10-14,145.99,ORD00017_10
U00018,2024-10-15,402.71,ORD00017_4
U00018,2024-11-11,379.85,ORD00017_13
U00018,2024-11-29,387.75,ORD00017_12
U00018,2024-12-01,352.07,ORD00017_6
U00018,2024-12-12,329.67,ORD00017_0
U00019,2024-01-07,332.52,ORD00018_3
U00019,2024-01-14,197.54,ORD00018_4
U00019,2024-03-26,502.22,ORD00018_5
U00019,2024-04-25,285.78,ORD00018_1
U00019,2024-08-18,409.49,ORD00018_0
U00019,2024-09-12,204.41,ORD00018_2
U00020,2024-03-05,104.2,ORD00019_2
U00020,2024-03-19,145.23,ORD00019_0
U00020,2024-06-21,59.64,ORD00019_5
U00020,2024-06-29,180.03,ORD00019_4
U00020,2024-07-06,155.37,ORD00019_6
U00020,2024-08-29,152.71,ORD00019_3
U00020,2024-11-09,82.97,ORD00019_1
U00021,2024-01-17,366.76,ORD00020_6
U00021,2024-02-11,413.46,ORD00020_4
U00021,2024-04-21,395.84,ORD00020_1
U00021,2024-04-22,476.43,ORD00020_5
U00021,2024-07-14,442.91,ORD00020_0
U00021,2024-08-08,269.08,ORD00020_3
U00021,2024-08-19,422.95,ORD00020_2
U00022,2024-08-29,35.42,ORD00021_0
U00023,2024-03-09,399.35,ORD00022_3
U00023,2024-03-27,378.01,ORD00022_4
U00023,2024-07-18,208.97,ORD00022_1
U00023,2024-09-20,458.16,ORD00022_0
U00023,2024-12-08,317.66,ORD00022_2
U00024,2024-01-28,614.63,ORD00023_5
U00024,2024-02-18,525.83,ORD00023_12
U00024,2024-04-28,335.18,ORD00023_15
U00024,2024-05-15,984.73,ORD00023_10
U00024,2024-05-17,316.42,ORD00023_8
U00024,2024-05-19,721.36,ORD00023_17
U00024,2024-05-27,956.4,ORD00023_1
U00024,2024-05-31,329.48,ORD00023_0
U00024,2024-06-17,1154.96,ORD00023_14
U00024,2024-07-29,888.4,ORD00023_4
U00024,2024-08-07,1100.55,ORD00023_9
U00024,2024-08-15,610.04,ORD00023_3
U00024,2024-09-17,788.59,ORD00023_6
U00024,2024-09-22,1011.07,ORD00023_16
U00024,2024-11-09,710.29,ORD00023_2
U00024,2024-11-19,989.56,ORD00023_13
U00024,2024-11-24,638.83,ORD00023_11
U00024,2024-12-17,359.08,ORD00023_7
U00025,2024-01-11,310.77,ORD00024_2
U00025,2024-01-18,798.96,ORD00024_12
U00025,2024-03-26,895.49,ORD00024_17
U00025,2024-04-23,1051.99,ORD00024_6
U00025,2024-04-28,999.4,ORD00024_10
U00025,2024-05-01,947.21,ORD00024_9
U00025,2024-05-14,423.57,ORD00024_15
U00025,2024-05-28,1081.1,ORD00024_13
U00025,2024-06-22,285.21,ORD00024_8
U00025,2024-07-01,353.03,ORD00024_4
U00025,2024-07-31,831.86,ORD00024_7
U00025,2024-08-11,420.96,ORD00024_16
U00025,2024-09-24,1032.09,ORD00024_11
U00025,2024-09-29,1039.64,ORD00024_3
U00025,2024-10-11,874.69,ORD00024_19
U00025,2024-10-14,815.78,ORD00024_1
U00025,2024-10-28,875.13,ORD00024_14
U00025,2024-11-10,728.1,ORD00024_5
U00025,2024-12-10,1047.3,ORD00024_18
U00025,2024-12-16,703.93,ORD00024_0
U00026,2024-01-03,601.47,ORD00025_4
U00026,2024-01-03,1263.37,ORD00025_11
U00026,2024-01-10,1025.54,ORD00025_14
U00026,2024-01-13,831.38,ORD00025_17
U00026,2024-01-19,462.3,ORD00025_5
U00026,2024-01-20,629.48,ORD00025_22
U00026,2024-01-20,1061.81,ORD00025_27
U00026,2024-01-30,1150.4,ORD00025_6
U00026,2024-03-06,656.61,ORD00025_16
U00026,2024-03-10,1153.58,ORD00025_24
U00026,2024-03-26,1126.31,ORD00025_18
U00026,2024-03-28,644.22,ORD00025_1
U00026,2024-04-10,436.69,ORD00025_25
U00026,2024-04-13,502.71,ORD00025_12
U00026,2024-04-20,471.14,ORD00025_8
U00026,2024-04-20,745.49,ORD00025_26
U00026,2024-04-30,1231.2,ORD00025_21
U00026,2024-05-08,1024.93,ORD00025_10
U00026,2024-07-04,326.69,ORD00025_9
U00026,2024-07-07,1026.56,ORD00025_3
U00026,2024-07-27,328.31,ORD00025_20
U00026,2024-08-30,1120.51,ORD00025_23
U00026,2024-10-04,834.75,ORD00025_2
U00026,2024-10-07,1043.43,ORD00025_7
U00026,2024-10-09,1237.93,ORD00025_0
U00026,2024-10-28,905.06,ORD00025_15
U00026,2024-11-09,351.46,ORD00025_19
U00026,2024-11-15,1080.57,ORD00025_13
U00027,2024-01-14,354.73,ORD00026_5
U00027,2024-01-20,246.95,ORD00026_3
U00027,2024-02-07,167.91,ORD00026_1
U00027,2024-02-24,347.86,ORD00026_7
U00027,2024-03-11,273.35,ORD00026_4
U00027,2024-07-06,378.49,ORD00026_2
U00027,2024-08-16,306.58,ORD00026_6
U00027,2024-12-24,112.97,ORD00026_0
U00028,2024-04-18,905.96,ORD00027_3
U00028,2024-05-25,591.59,ORD00027_8
U00028,2024-06-07,299.06,ORD00027_0
U00028,2024-06-21,403.59,ORD00027_6
U00028,2024-07-01,897.22,ORD00027_7
U00028,2024-07-29,328.96,ORD00027_2
U00028,2024-10-31,814.1,ORD00027_1
U00028,2024-11-09,873.86,ORD00027_4
U00028,2024-12-21,714.02,ORD00027_5
U00029,2024-02-04,914.45,ORD00028_13
U00029,2024-02-18,921.07,ORD00028_15
U00029,2024-02-20,1526.92,ORD00028_12
U00029,2024-03-01,1573.62,ORD00028_7
U00029,2024-03-09,1408.57,ORD00028_14
U00029,2024-03-10,1155.97,ORD00028_17
U00029,2024-04-09,1316.98,ORD00028_20
U00029,2024-04-22,1101.61,ORD00028_9
U00029,2024-04-27,1169.63,ORD00028_0
U00029,2024-04-27,726.78,ORD00028_10
U00029,2024-05-03,859.53,ORD00028_4
U00029,2024-05-05,1271.95,ORD00028_18
U00029,2024-05-08,1334.6,ORD00028_19
U00029,2024-05-16,1538.47,ORD00028_5
U00029,2024-06-30,669.44,ORD00028_21
U00029,2024-07-10,978.35,ORD00028_16
U00029,2024-07-16,1161.97,ORD00028_1
U00029,2024-07-16,1587.38,ORD00028_3
U00029,2024-08-27,613.14,ORD00028_2
U00029,2024-09-15,430.9,ORD00028_8
U00029,2024-11-20,620.6,ORD00028_6
U00029,2024-12-02,1513.66,ORD00028_11
U00030,2024-01-07,374.11,ORD00029_12
U00030,2024-01-21,771.61,ORD00029_11
U00030,2024-02-05,309.03,ORD00029_0
U00030,2024-03-09,880.13,ORD00029_19
U00030,2024-03-10,355.34,ORD00029_7
U00030,2024-04-15,1050.01,ORD00029_6
U00030,2024-04-16,352.93,ORD00029_9
U00030,2024-05-21,948.44,ORD00029_17
U00030,2024-05-27,411.16,ORD00029_14
U00030,2024-06-02,670.34,ORD00029_16
U00030,2024-06-08,888.7,ORD00029_13
U00030,2024-06-09,431.89,ORD00029_23
U00030,2024-06-11,542.73,ORD00029_3
U00030,2024-07-14,669.62,ORD00029_24
U00030,2024-07-17,647.75,ORD00029_15
U00030,2024-08-05,467.49,ORD00029_20
U00030,2024-09-06,797.97,ORD00029_10
U00030,2024-09-26,519.5,ORD00029_4
U00030,2024-10-15,763.56,ORD00029_26
U00030,2024-10-27,1057.41,ORD00029_8
U00030,2024-10-31,710.57,ORD00029_21
U00030,2024-11-09,1170.12,ORD00029_18
U00030,2024-11-22,906.49,ORD00029_25
U00030,2024-12-01,627.93,ORD00029_5
U00030,2024-12-07,530.33,ORD00029_2
U00030,2024-12-10,1141.14,ORD00029_22
U00030,2024-12-29,336.83,ORD00029_1
U00031,2024-01-02,661.94,ORD00030_5
U00031,2024-02-12,266.1,ORD00030_0
U00031,2024-02-26,665.14,ORD00030_6
U00031,2024-03-26,585.39,ORD00030_1
U00031,2024-04-07,275.42,ORD00030_2
U00031,2024-04-07,793.19,ORD00030_7
U00031,2024-05-04,718.4,ORD00030_8
U00031,2024-07-16,783.19,ORD00030_3
U00031,2024-11-25,331.2,ORD00030_4
U00032,2024-05-17,249.37,ORD00031_0
U00032,2024-08-30,212.9,ORD00031_1
U00033,2024-03-08,430.78,ORD00032_0
U00033,2024-06-16,520.98,ORD00032_5
U00033,2024-08-01,138.82,ORD00032_1
U00033,2024-08-01,195.6,ORD00032_3
U00033,2024-08-19,478.63,ORD00032_2
U00033,2024-09-26,226.1,ORD00032_4
U00034,2024-02-13,167.75,ORD00033_0
U00034,2024-08-14,84.41,ORD00033_1
U00034,2024-10-05,222.27,ORD00033_2
U00035,2024-03-25,51.79,ORD00034_2
U00035,2024-09-24,68.71,ORD00034_0
U00035,2024-10-23,73.07,ORD00034_1
U00036,2024-01-08,478.49,ORD00035_6
U00036,2024-02-11,304.46,ORD00035_0
U00036,2024-06-24,189.25,ORD00035_7
U00036,2024-08-07,208.71,ORD00035_5
U00036,2024-09-15,479.73,ORD00035_3
U00036,2024-09-24,194.68,ORD00035_1
U00036,2024-12-01,464.14,ORD00035_2
U00036,2024-12-28,513.39,ORD00035_4
U00037,2024-05-16,226.52,ORD00036_0
U00037,2024-10-28,130.1,ORD00036_1
U00038,2024-02-28,223.28,ORD00037_2
U00038,2024-04-11,591.64,ORD00037_1
U00038,2024-05-10,387.82,ORD00037_4
U00038,2024-06-02,185.97,ORD00037_6
U00038,2024-09-25,295.73,ORD00037_0
U00038,2024-10-07,520.98,ORD00037_5
U00038,2024-10-09,459.66,ORD00037_3
U00039,2024-05-10,343.83,ORD00038_3
U00039,2024-05-13,295.77,ORD00038_0
U00039,2024-07-31,166.55,ORD00038_2
U00039,2024-08-05,123.0,ORD00038_6
U00039,2024-10-03,126.48,ORD00038_5
U00039,2024-10-12,143.72,ORD00038_4
U00039,2024-12-29,224.64,ORD00038_1
U00040,2024-05-29,517.33,ORD00039_2
U00040,2024-10-05,460.77,ORD00039_1
U00040,2024-12-03,522.52,ORD00039_0
U00041,2024-03-06,103.17,ORD00040_1
U00041,2024-07-30,170.7,ORD00040_0
U00041,2024-09-04,64.13,ORD00040_2
U00042,2024-01-01,1041.35,ORD00041_0
U00042,2024-01-30,1010.48,ORD00041_15
U00042,2024-02-08,1014.97,ORD00041_7
U00042,2024-02-15,706.19,ORD00041_12
U00042,2024-03-07,914.21,ORD00041_2
U00042,2024-03-31,643.37,ORD00041_11
U00042,2024-04-09,636.13,ORD00041_13
U00042,2024-05-13,893.37,ORD00041_10
U00042,2024-07-08,635.05,ORD00041_14
U00042,2024-07-09,357.54,ORD00041_4
U00042,2024-07-28,875.61,ORD00041_9
U00042,2024-09-08,888.26,ORD00041_8
U00042,2024-10-28,972.13,ORD00041_6
U00042,2024-10-29,568.24,ORD00041_3
U00042,2024-11-08,567.02,ORD00041_5
U00042,2024-12-08,365.17,ORD00041_1
U00043,2024-03-03,502.61,ORD00042_4
U00043,2024-03-23,735.52,ORD00042_1
U00043,2024-04-29,583.98,ORD00042_7
U00043,2024-05-03,654.77,ORD00042_5
U00043,2024-06-21,729.9,ORD00042_3
U00043,2024-08-02,259.49,ORD00042_0
U00043,2024-10-01,640.98,ORD00042_2
U00043,2024-10-01,679.19,ORD00042_6
U00044,2024-03-29,197.71,ORD00043_1
U00044,2024-04-29,88.56,ORD00043_7
U00044,2024-05-04,158.21,ORD00043_6
U00044,2024-06-09,136.96,ORD00043_0
U00044,2024-07-14,67.93,ORD00043_4
U00044,2024-09-20,206.72,ORD00043_5
U00044,2024-11-04,107.67,ORD00043_2
U00044,2024-11-29,183.82,ORD00043_3
U00045,2024-01-08,473.68,ORD00044_8
U00045,2024-01-28,315.97,ORD00044_17
U00045,2024-02-07,515.02,ORD00044_14
U00045,2024-03-04,624.96,ORD00044_1
U00045,2024-03-16,457.1,ORD00044_18
U00045,2024-03-27,412.17,ORD00044_22
U00045,2024-06-05,541.69,ORD00044_15
U00045,2024-06-10,448.88,ORD00044_20
U00045,2024-06-20,249.58,ORD00044_4
U00045,2024-06-22,616.45,ORD00044_10
U00045,2024-07-19,692.03,ORD00044_5
U00045,2024-08-01,327.22,ORD00044_23
U00045,2024-08-03,717.75,ORD00044_7
U00045,2024-08-19,713.46,ORD00044_13
U00045,2024-09-11,552.4,ORD00044_2
U00045,2024-09-24,510.07,ORD00044_0
U00045,2024-10-30,648.46,ORD00044_3
U00045,2024-11-03,432.44,ORD00044_12
U00045,2024-11-06,470.85,ORD00044_16
U00045,2024-11-19,669.16,ORD00044_6
U00045,2024-11-27,692.62,ORD00044_9
U00045,2024-12-07,331.83,ORD00044_19
U00045,2024-12-26,375.34,ORD00044_11
U00045,2024-12-26,467.46,ORD00044_21
U00046,2024-04-02,450.18,ORD00045_1
U00046,2024-10-17,435.94,ORD00045_3
U00046,2024-12-20,295.59,ORD00045_2
U00046,2024-12-27,728.53,ORD00045_0
U00047,2024-10-28,17.61,ORD00046_0
U00048,2024-12-06,81.81,ORD00047_0
U00049,2024-02-10,206.65,ORD00048_4
U00049,2024-02-28,478.63,ORD00048_3
U00049,2024-05-06,346.16,ORD00048_7
U00049,2024-05-26,446.28,ORD00048_6
U00049,2024-07-10,589.55,ORD00048_5
U00049,2024-09-21,654.69,ORD00048_0
U00049,2024-10-31,541.05,ORD00048_1
U00049,2024-12-09,492.4,ORD00048_2
U00050,2024-03-30,704.77,ORD00049_2
U00050,2024-04-18,514.87,ORD00049_0
U00050,2024-06-01,530.46,ORD00049_4
U00050,2024-08-27,344.65,ORD00049_1
U00050,2024-09-06,576.95,ORD00049_3
U00050,2024-12-08,574.86,ORD00049_5
U00051,2024-03-24,566.2,ORD00050_3
U00051,2024-05-06,457.13,ORD00050_1
U00051,2024-05-22,497.14,ORD00050_5
U00051,2024-05-26,426.68,ORD00050_2
U00051,2024-11-19,329.16,ORD00050_0
U00051,2024-11-27,189.79,ORD00050_4
U00052,2024-07-28,52.01,ORD00051_1
U00052,2024-11-26,102.66,ORD00051_0
U00053,2024-02-18,596.81,ORD00052_8
U00053,2024-03-13,694.87,ORD00052_13
U00053,2024-03-21,1116.98,ORD00052_4
U00053,2024-03-24,1055.05,ORD00052_0
U00053,2024-04-08,446.42,ORD00052_12
U00053,2024-04-16,829.16,ORD00052_11
U00053,2024-04-26,1342.47,ORD00052_1
U00053,2024-06-14,1262.7,ORD00052_2
U00053,2024-09-24,682.62,ORD00052_5
U00053,2024-10-05,1249.34,ORD00052_9
U00053,2024-10-20,1280.71,ORD00052_10
U00053,2024-11-16,453.79,ORD00052_6
U00053,2024-12-15,516.52,ORD00052_3
U00053,2024-12-22,495.73,ORD00052_7
U00054,2024-01-23,210.6,ORD00053_2
U00054,2024-02-17,111.61,ORD00053_3
U00054,2024-07-13,384.55,ORD00053_0
U00054,2024-11-30,352.84,ORD00053_1
U00055,2024-05-27,309.48,ORD00054_4
U00055,2024-06-04,351.21,ORD00054_1
U00055,2024-06-15,388.52,ORD00054_0
U00055,2024-07-14,173.85,ORD00054_2
U00055,2024-07-20,450.2,ORD00054_5
U00055,2024-11-16,312.29,ORD00054_3
U00056,2024-01-31,517.21,ORD00055_4
U00056,2024-03-04,475.45,ORD00055_1
U00056,2024-03-15,237.5,ORD00055_7
U00056,2024-06-02,188.5,ORD00055_8
U00056,2024-06-24,279.07,ORD00055_2
U00056,2024-07-22,452.11,ORD00055_3
U00056,2024-10-31,220.02,ORD00055_0
U00056,2024-12-09,424.66,ORD00055_6
U00056,2024-12-30,660.87,ORD00055_5
U00057,2024-02-04,801.33,ORD00056_4
U00057,2024-02-11,760.93,ORD00056_14
U00057,2024-03-17,616.68,ORD00056_7
U00057,2024-04-18,855.33,ORD00056_9
U00057,2024-04-18,346.28,ORD00056_15
U00057,2024-05-01,294.8,ORD00056_2
U00057,2024-05-05,474.09,ORD00056_8
U00057,2024-06-10,329.04,ORD00056_12
U00057,2024-06-13,532.07,ORD00056_11
U00057,2024-06-18,464.46,ORD00056_3
U00057,2024-07-14,871.15,ORD00056_5
U00057,2024-07-19,864.04,ORD00056_6
U00057,2024-09-01,408.34,ORD00056_1
U00057,2024-09-18,714.62,ORD00056_0
U00057,2024-10-04,573.73,ORD00056_10
U00057,2024-11-04,765.41,ORD00056_13
U00057,2024-12-06,443.24,ORD00056_16
U00058,2024-04-01,131.1,ORD00057_0
U00058,2024-04-20,164.54,ORD00057_2
U00058,2024-05-04,111.22,ORD00057_1
U00059,2024-04-13,134.11,ORD00058_0
U00059,2024-05-31,194.1,ORD00058_1
U00059,2024-06-13,216.51,ORD00058_2
U00060,2024-01-05,820.84,ORD00059_5
U00060,2024-01-12,948.53,ORD00059_7
U00060,2024-01-20,582.48,ORD00059_6
U00060,2024-03-04,674.37,ORD00059_1
U00060,2024-04-17,594.58,ORD00059_9
U00060,2024-05-26,616.05,ORD00059_8
U00060,2024-06-12,902.91,ORD00059_0
U00060,2024-06-21,576.42,ORD00059_3
U00060,2024-07-01,515.9,ORD00059_11
U00060,2024-09-02,337.78,ORD00059_4
U00060,2024-12-17,600.79,ORD00059_10
U00060,2024-12-19,768.38,ORD00059_2
U00061,2024-06-11,172.92,ORD00060_5
U00061,2024-06-23,355.64,ORD00060_3
U00061,2024-07-21,405.6,ORD00060_0
U00061,2024-08-06,240.02,ORD00060_2
U00061,2024-08-12,397.29,ORD00060_8
U00061,2024-08-29,343.07,ORD00060_1
U00061,2024-09-16,369.27,ORD00060_4
U00061,2024-11-24,127.25,ORD00060_6
U00061,2024-12-02,315.37,ORD00060_7
U00062,2024-01-22,541.61,ORD00061_3
U00062,2024-02-04,288.58,ORD00061_8
U00062,2024-02-26,597.66,ORD00061_9
U00062,2024-06-11,706.1,ORD00061_10
U00062,2024-06-19,639.39,ORD00061_4
U00062,2024-07-07,668.21,ORD00061_1
U00062,2024-07-12,353.67,ORD00061_7
U00062,2024-07-26,581.33,ORD00061_2
U00062,2024-09-20,704.42,ORD00061_11
U00062,2024-10-03,367.09,ORD00061_6
U00062,2024-10-24,512.34,ORD00061_5
U00062,2024-11-20,447.57,ORD00061_0
U00062,2024-11-22,178.04,ORD00061_12
U00063,2024-01-01,422.77,ORD00062_0
U00063,2024-02-04,994.98,ORD00062_4
U00063,2024-03-12,466.87,ORD00062_9
U00063,2024-04-13,769.59,ORD00062_5
U00063,2024-05-06,1279.53,ORD00062_3
U00063,2024-05-20,1141.89,ORD00062_1
U00063,2024-07-06,1042.19,ORD00062_2
U00063,2024-07-06,956.56,ORD00062_10
U00063,2024-09-16,778.0,ORD00062_7
U00063,2024-10-16,431.83,ORD00062_6
U00063,2024-12-23,671.91,ORD00062_8
U00064,2024-01-13,385.23,ORD00063_4
U00064,2024-01-16,390.97,ORD00063_0
U00064,2024-05-24,321.21,ORD00063_1
U00064,2024-08-21,221.68,ORD00063_2
U00064,2024-12-23,147.73,ORD00063_3
U00065,2024-01-27,67.39,ORD00064_1
U00065,2024-04-29,140.03,ORD00064_0
U00065,2024-08-18,153.55,ORD00064_2
U00066,2024-02-22,38.27,ORD00065_0
U00067,2024-01-22,337.48,ORD00066_5
U00067,2024-02-22,428.06,ORD00066_4
U00067,2024-02-23,152.48,ORD00066_1
U00067,2024-03-14,345.97,ORD00066_0
U00067,2024-04-28,185.17,ORD00066_8
U00067,2024-06-08,323.55,ORD00066_2
U00067,2024-06-26,394.19,ORD00066_3
U00067,2024-09-16,179.24,ORD00066_6
U00067,2024-09-20,227.62,ORD00066_7
U00068,2024-06-02,57.43,ORD00067_2
U00068,2024-07-22,40.31,ORD00067_0
U00068,2024-08-28,46.26,ORD00067_1
U00069,2024-11-15,83.83,ORD00068_1
U00069,2024-11-20,164.39,ORD00068_0
U00070,2024-02-25,540.94,ORD00069_4
U00070,2024-04-09,517.22,ORD00069_1
U00070,2024-04-29,420.76,ORD00069_7
U00070,2024-05-16,490.34,ORD00069_0
U00070,2024-06-25,296.29,ORD00069_3
U00070,2024-07-04,156.61,ORD00069_5
U00070,2024-11-02,319.85,ORD00069_2
U00070,2024-11-11,402.78,ORD00069_6
U00071,2024-01-13,486.07,ORD00070_0
U00071,2024-01-13,706.15,ORD00070_11
U00071,2024-01-16,663.45,ORD00070_13
U00071,2024-01-21,761.62,ORD00070_4
U00071,2024-01-24,1030.61,ORD00070_1
U00071,2024-01-28,1231.73,ORD00070_19
U00071,2024-02-10,762.15,ORD00070_8
U00071,2024-02-13,407.96,ORD00070_26
U00071,2024-02-23,799.72,ORD00070_25
U00071,2024-03-14,327.75,ORD00070_27
U00071,2024-04-09,1114.72,ORD00070_12
U00071,2024-04-09,952.24,ORD00070_15
U00071,2024-05-25,911.38,ORD00070_9
U00071,2024-05-28,956.36,ORD00070_20
U00071,2024-06-14,758.68,ORD00070_14
U00071,2024-06-21,347.76,ORD00070_16
U00071,2024-07-29,920.54,ORD00070_5
U00071,2024-08-03,1190.49,ORD00070_17
U00071,2024-08-14,662.18,ORD00070_10
U00071,2024-08-22,660.27,ORD00070_23
U00071,2024-09-29,950.63,ORD00070_2
U00071,2024-10-07,594.6,ORD00070_3
U00071,2024-10-18,1009.48,ORD00070_18
U00071,2024-10-24,412.62,ORD00070_6
U00071,2024-10-30,676.6,ORD00070_7
U00071,2024-11-05,501.52,ORD00070_21
U00071,2024-11-08,1089.26,ORD00070_24
U00071,2024-12-21,394.28,ORD00070_22
U00072,2024-01-24,496.53,ORD00071_3
U00072,2024-04-20,311.36,ORD00071_1
U00072,2024-05-17,171.15,ORD00071_0
U00072,2024-08-15,175.95,ORD00071_4
U00072,2024-09-24,435.66,ORD00071_2
U00072,2024-09-28,519.08,ORD00071_7
U00072,2024-12-05,369.87,ORD00071_6
U00072,2024-12-11,474.33,ORD00071_5
U00073,2024-05-13,114.22,ORD00072_2
U00073,2024-06-18,163.94,ORD00072_0
U00073,2024-08-09,104.15,ORD00072_1
U00074,2024-01-12,128.21,ORD00073_1
U00074,2024-02-12,381.68,ORD00073_2
U00074,2024-02-14,280.16,ORD00073_7
U00074,2024-05-11,472.26,ORD00073_8
U00074,2024-05-14,464.52,ORD00073_3
U00074,2024-08-04,239.23,ORD00073_6
U00074,2024-08-31,373.58,ORD00073_0
U00074,2024-11-02,136.73,ORD00073_4
U00074,2024-11-26,445.56,ORD00073_5
U00075,2024-03-19,51.94,ORD00074_0
U00075,2024-08-05,120.97,ORD00074_1
U00076,2024-01-26,466.33,ORD00075_4
U00076,2024-02-28,418.31,ORD00075_2
U00076,2024-05-22,353.39,ORD00075_0
U00076,2024-07-17,187.29,ORD00075_3
U00076,2024-10-04,276.12,ORD00075_1
U00076,2024-10-27,240.79,ORD00075_5
U00077,2024-02-21,49.96,ORD00076_1
U00077,2024-07-06,64.97,ORD00076_2
U00077,2024-11-16,50.55,ORD00076_0
U00078,2024-01-06,277.27,ORD00077_10
U00078,2024-02-15,145.8,ORD00077_5
U00078,2024-02-17,263.43,ORD00077_17
U00078,2024-03-01,456.51,ORD00077_4
U00078,2024-03-08,457.35,ORD00077_16
U00078,2024-03-10,157.43,ORD00077_15
U00078,2024-03-24,343.26,ORD00077_1
U00078,2024-03-29,445.95,ORD00077_20
U00078,2024-07-05,467.93,ORD00077_18
U00078,2024-07-27,467.95,ORD00077_12
U00078,2024-07-28,313.33,ORD00077_7
U00078,2024-08-09,318.32,ORD00077_9
U00078,2024-08-13,204.77,ORD00077_3
U00078,2024-08-22,358.72,ORD00077_11
U00078,2024-08-28,449.94,ORD00077_0
U00078,2024-09-04,166.46,ORD00077_2
U00078,2024-10-20,449.25,ORD00077_6
U00078,2024-10-28,272.74,ORD00077_8
U00078,2024-11-27,211.05,ORD00077_19
U00078,2024-11-28,306.35,ORD00077_13
U00078,2024-12-16,204.8,ORD00077_14
U00079,2024-02-08,958.75,ORD00078_9
U00079,2024-02-13,297.11,ORD00078_12
U00079,2024-02-28,592.08,ORD00078_2
U00079,2024-03-24,772.74,ORD00078_10
U00079,2024-04-03,837.7,ORD00078_8
U00079,2024-04-17,968.42,ORD00078_1
U00079,2024-06-02,298.91,ORD00078_0
U00079,2024-09-01,1106.3,ORD00078_4
U00079,2024-09-03,624.55,ORD00078_5
U00079,2024-09-29,1112.52,ORD00078_3
U00079,2024-12-07,1022.27,ORD00078_11
U00079,2024-12-17,553.34,ORD00078_7
U00079,2024-12-27,696.89,ORD00078_6
U00080,2024-01-10,789.34,ORD00079_7
U00080,2024-02-03,848.07,ORD00079_9
U00080,2024-03-31,375.36,ORD00079_4
U00080,2024-06-03,231.74,ORD00079_5
U00080,2024-06-04,359.29,ORD00079_0
U00080,2024-06-08,540.87,ORD00079_10
U00080,2024-06-18,418.74,ORD00079_2
U00080,2024-06-19,242.54,ORD00079_1
U00080,2024-09-04,846.04,ORD00079_8
U00080,2024-11-17,542.13,ORD00079_3
U00080,2024-11-22,450.73,ORD00079_11
U00080,2024-12-29,636.58,ORD00079_6
U00081,2024-06-21,32.36,ORD00080_2
U00081,2024-07-24,52.91,ORD00080_1
U00081,2024-12-24,50.43,ORD00080_0
U00082,2024-07-11,270.18,ORD00081_4
U00082,2024-07-21,576.49,ORD00081_3
U00082,2024-09-13,278.88,ORD00081_0
U00082,2024-12-08,445.89,ORD00081_2
U00082,2024-12-19,538.12,ORD00081_5
U00082,2024-12-30,694.75,ORD00081_1
U00083,2024-04-18,276.95,ORD00082_2
U00083,2024-05-28,342.98,ORD00082_0
U00083,2024-06-02,494.64,ORD00082_4
U00083,2024-10-08,473.3,ORD00082_1
U00083,2024-10-29,499.16,ORD00082_3
U00084,2024-08-08,120.67,ORD00083_1
U00084,2024-08-29,110.29,ORD00083_0
U00085,2024-07-13,35.24,ORD00084_1
U00085,2024-11-19,51.72,ORD00084_0
U00086,2024-01-04,224.1,ORD00085_1
U00086,2024-01-24,316.99,ORD00085_0
U00086,2024-06-29,284.58,ORD00085_2
U00086,2024-10-05,584.29,ORD00085_3
U00086,2024-11-13,399.9,ORD00085_5
U00086,2024-12-16,213.13,ORD00085_4
U00087,2024-01-30,114.99,ORD00086_7
U00087,2024-04-12,111.3,ORD00086_1
U00087,2024-05-17,93.21,ORD00086_0
U00087,2024-06-27,67.26,ORD00086_3
U00087,2024-08-26,130.81,ORD00086_5
U00087,2024-11-12,134.57,ORD00086_2
U00087,2024-11-27,97.35,ORD00086_4
U00087,2024-12-08,164.63,ORD00086_6
U00088,2024-02-08,37.42,ORD00087_1
U00088,2024-02-16,77.02,ORD00087_0
U00089,2024-10-13,123.42,ORD00088_0
U00090,2024-01-09,603.73,ORD00089_0
U00090,2024-01-10,817.29,ORD00089_1
U00090,2024-02-20,704.42,ORD00089_6
U00090,2024-03-28,493.62,ORD00089_7
U00090,2024-04-20,1050.45,ORD00089_3
U00090,2024-09-27,1050.35,ORD00089_8
U00090,2024-09-29,937.29,ORD00089_2
U00090,2024-11-16,1044.5,ORD00089_5
U00090,2024-12-22,436.97,ORD00089_4
U00091,2024-03-13,45.83,ORD00090_2
U00091,2024-05-05,45.78,ORD00090_0
U00091,2024-09-07,26.01,ORD00090_1
U00092,2024-02-18,70.41,ORD00091_0
U00092,2024-06-23,51.04,ORD00091_1
U00092,2024-07-10,55.08,ORD00091_2
U00093,2024-03-18,334.92,ORD00092_1
U00093,2024-06-16,124.34,ORD00092_5
U00093,2024-09-03,183.54,ORD00092_3
U00093,2024-09-26,380.0,ORD00092_2
U00093,2024-11-10,269.48,ORD00092_4
U00093,2024-12-04,360.26,ORD00092_0
U00094,2024-05-26,48.41,ORD00093_1
U00094,2024-08-27,75.17,ORD00093_0
U00095,2024-01-19,1039.09,ORD00094_14
U00095,2024-01-22,1034.12,ORD00094_2
U00095,2024-02-16,734.72,ORD00094_15
U00095,2024-02-19,787.48,ORD00094_13
U00095,2024-02-22,657.98,ORD00094_8
U00095,2024-02-28,708.42,ORD00094_12
U00095,2024-03-23,988.16,ORD00094_5
U00095,2024-04-04,661.07,ORD00094_0
U00095,2024-04-06,785.19,ORD00094_10
U00095,2024-04-22,362.99,ORD00094_7
U00095,2024-04-23,1198.71,ORD00094_4
U00095,2024-05-30,668.02,ORD00094_1
U00095,2024-10-09,765.78,ORD00094_9
U00095,2024-10-15,1002.28,ORD00094_16
U00095,2024-11-23,600.1,ORD00094_3
U00095,2024-11-23,395.92,ORD00094_6
U00095,2024-11-29,965.04,ORD00094_11
U00096,2024-05-07,201.22,ORD00095_0
U00096,2024-09-04,245.65,ORD00095_1
U00097,2024-08-05,173.51,ORD00096_0
U00098,2024-03-11,120.11,ORD00097_3
U00098,2024-03-22,208.6,ORD00097_1
U00098,2024-08-06,171.45,ORD00097_2
U00098,2024-11-13,178.64,ORD00097_0
U00099,2024-03-14,285.81,ORD00098_0
U00099,2024-06-02,261.75,ORD00098_1
U00099,2024-08-17,112.21,ORD00098_3
U00099,2024-10-21,141.2,ORD00098_2
U00100,2024-05-13,91.87,ORD00099_2
U00100,2024-10-16,163.1,ORD00099_1
U00100,2024-11-17,94.47,ORD00099_0
U00101,2024-04-09,59.06,ORD00100_0
U00101,2024-09-14,121.53,ORD00100_1
U00102,2024-02-17,144.68,ORD00101_1
U00102,2024-04-07,300.79,ORD00101_3
U00102,2024-09-04,391.87,ORD00101_2
U00102,2024-11-10,455.25,ORD00101_0
U00103,2024-03-08,398.47,ORD00102_0
U00103,2024-05-16,245.93,ORD00102_1
U00103,2024-05-17,229.86,ORD00102_2
U00103,2024-06-14,136.6,ORD00102_5
U00103,2024-08-24,298.35,ORD00102_3
U00103,2024-08-31,339.5,ORD00102_7
U00103,2024-10-09,240.7,ORD00102_6
U00103,2024-10-14,171.99,ORD00102_4
U00104,2024-02-12,502.76,ORD00103_2
U00104,2024-02-16,187.86,ORD00103_6
U00104,2024-03-09,212.53,ORD00103_8
U00104,2024-03-13,399.57,ORD00103_0
U00104,2024-06-16,511.2,ORD00103_4
U00104,2024-06-18,535.47,ORD00103_3
U00104,2024-08-12,283.6,ORD00103_7
U00104,2024-09-01,626.91,ORD00103_5
U00104,2024-09-04,291.24,ORD00103_1
U00105,2024-01-16,198.84,ORD00104_1
U00105,2024-10-30,319.68,ORD00104_2
U00105,2024-11-09,446.35,ORD00104_0
U00105,2024-12-03,546.14,ORD00104_3
U00106,2024-12-23,200.84,ORD00105_0
U00107,2024-04-16,160.15,ORD00106_1
U00107,2024-07-27,230.42,ORD00106_0
U00107,2024-10-10,229.41,ORD00106_2
U00108,2024-02-27,206.19,ORD00107_0
U00108,2024-06-16,275.01,ORD00107_2
U00108,2024-07-06,413.64,ORD00107_1
U00108,2024-09-08,169.33,ORD00107_3
U00108,2024-11-30,140.84,ORD00107_4
U00109,2024-05-08,460.49,ORD00108_4
U00109,2024-07-23,266.11,ORD00108_0
U00109,2024-09-12,310.82,ORD00108_1
U00109,2024-11-19,227.93,ORD00108_3
U00109,2024-12-28,345.83,ORD00108_2
U00110,2024-12-06,104.35,ORD00109_0
U00111,2024-01-06,1018.18,ORD00110_15
U00111,2024-02-04,783.38,ORD00110_16
U00111,2024-02-05,1108.72,ORD00110_11
U00111,2024-02-24,1476.86,ORD00110_10
U00111,2024-03-09,391.9,ORD00110_3
U00111,2024-03-23,509.57,ORD00110_2
U00111,2024-04-18,1331.8,ORD00110_1
U00111,2024-05-19,669.78,ORD00110_4
U00111,2024-06-01,792.56,ORD00110_6
U00111,2024-06-25,963.37,ORD00110_12
U00111,2024-07-31,1420.3,ORD00110_14
U00111,2024-08-29,1395.19,ORD00110_0
U00111,2024-10-21,648.91,ORD00110_13
U00111,2024-11-06,630.86,ORD00110_9
U00111,2024-11-07,1018.19,ORD00110_5
U00111,2024-11-14,470.76,ORD00110_7
U00111,2024-12-09,1289.09,ORD00110_8
U00112,2024-03-27,100.38,ORD00111_2
U00112,2024-10-11,155.19,ORD00111_1
U00112,2024-11-08,67.87,ORD00111_0
U00113,2024-01-11,198.68,ORD00112_8
U00113,2024-04-03,169.84,ORD00112_2
U00113,2024-04-24,190.78,ORD00112_6
U00113,2024-05-01,236.07,ORD00112_5
U00113,2024-05-05,171.35,ORD00112_4
U00113,2024-05-13,385.47,ORD00112_1
U00113,2024-07-19,187.19,ORD00112_7
U00113,2024-09-03,115.13,ORD00112_0
U00113,2024-10-15,232.97,ORD00112_3
U00114,2024-01-19,547.5,ORD00113_3
U00114,2024-01-25,544.4,ORD00113_17
U00114,2024-01-25,575.81,ORD00113_20
U00114,2024-03-02,609.04,ORD00113_16
U00114,2024-03-13,469.99,ORD00113_21
U00114,2024-03-26,636.39,ORD00113_23
U00114,2024-04-02,468.28,ORD00113_7
U00114,2024-04-27,299.02,ORD00113_0
U00114,2024-05-16,405.15,ORD00113_2
U00114,2024-05-31,513.6,ORD00113_1
U00114,2024-06-23,587.85,ORD00113_4
U00114,2024-06-29,401.88,ORD00113_28
U00114,2024-07-23,557.04,ORD00113_8
U00114,2024-07-25,659.26,ORD00113_18
U00114,2024-08-20,467.78,ORD00113_25
U00114,2024-09-01,243.67,ORD00113_9
U00114,2024-09-02,491.49,ORD00113_6
U00114,2024-09-25,392.21,ORD00113_12
U00114,2024-09-27,432.48,ORD00113_27
U00114,2024-10-08,457.34,ORD00113_11
U00114,2024-10-08,317.26,ORD00113_19
U00114,2024-10-21,257.53,ORD00113_10
U00114,2024-10-31,547.46,ORD00113_13
U00114,2024-11-04,600.24,ORD00113_15
U00114,2024-11-09,454.92,ORD00113_14
U00114,2024-11-16,431.8,ORD00113_22
U00114,2024-12-04,624.09,ORD00113_26
U00114,2024-12-19,403.08,ORD00113_5
U00114,2024-12-29,360.72,ORD00113_24
U00115,2024-01-22,146.38,ORD00114_0
U00115,2024-04-25,176.83,ORD00114_3
U00115,2024-08-26,157.64,ORD00114_1
U00115,2024-10-18,212.79,ORD00114_2
U00116,2024-01-03,521.12,ORD00115_3
U00116,2024-02-29,804.76,ORD00115_6
U00116,2024-03-02,539.38,ORD00115_5
U00116,2024-04-05,260.38,ORD00115_8
U00116,2024-05-01,520.68,ORD00115_7
U00116,2024-08-08,680.03,ORD00115_1
U00116,2024-08-08,594.17,ORD00115_2
U00116,2024-11-15,717.64,ORD00115_4
U00116,2024-11-30,430.46,ORD00115_0
U00117,2024-06-07,127.65,ORD00116_0
U00118,2024-07-19,137.17,ORD00117_0
U00119,2024-01-29,120.19,ORD00118_2
U00119,2024-07-27,58.09,ORD00118_0
U00119,2024-07-29,159.23,ORD00118_1
U00120,2024-01-16,261.09,ORD00119_6
U00120,2024-02-28,252.86,ORD00119_7
U00120,2024-08-02,457.63,ORD00119_0
U00120,2024-09-01,470.78,ORD00119_3
U00120,2024-09-25,509.97,ORD00119_5
U00120,2024-10-03,481.38,ORD00119_1
U00120,2024-10-18,578.12,ORD00119_2
U00120,2024-11-27,393.53,ORD00119_4
U00121,2024-10-26,224.89,ORD00120_0
U00121,2024-12-01,85.51,ORD00120_1
U00122,2024-03-02,361.91,ORD00121_1
U00122,2024-08-09,197.02,ORD00121_3
U00122,2024-08-26,342.3,ORD00121_2
U00122,2024-11-13,398.57,ORD00121_0
U00123,2024-09-25,168.0,ORD00122_0
U00124,2024-01-28,284.49,ORD00123_3
U00124,2024-03-10,386.81,ORD00123_5
U00124,2024-04-05,298.01,ORD00123_6
U00124,2024-06-13,306.37,ORD00123_4
U00124,2024-10-05,680.34,ORD00123_0
U00124,2024-12-05,572.01,ORD00123_1
U00124,2024-12-05,362.57,ORD00123_2
U00125,2024-04-13,502.75,ORD00124_3
U00125,2024-07-05,426.05,ORD00124_1
U00125,2024-08-04,618.95,ORD00124_0
U00125,2024-09-11,620.48,ORD00124_2
U00126,2024-02-07,224.45,ORD00125_1
U00126,2024-03-01,624.4,ORD00125_4
U00126,2024-03-26,182.24,ORD00125_11
U00126,2024-04-23,544.81,ORD00125_12
U00126,2024-06-30,545.16,ORD00125_0
U00126,2024-07-05,619.76,ORD00125_9
U00126,2024-07-25,442.85,ORD00125_14
U00126,2024-09-09,341.42,ORD00125_7
U00126,2024-10-02,648.02,ORD00125_2
U00126,2024-10-13,594.7,ORD00125_3
U00126,2024-10-17,186.46,ORD00125_8
U00126,2024-10-30,338.33,ORD00125_10
U00126,2024-12-16,195.85,ORD00125_6
U00126,2024-12-21,195.11,ORD00125_13
U00126,2024-12-30,418.85,ORD00125_5
U00127,2024-01-19,668.71,ORD00126_3
U00127,2024-03-01,837.72,ORD00126_2
U00127,2024-03-14,406.74,ORD00126_4
U00127,2024-05-18,1088.44,ORD00126_7
U00127,2024-06-01,484.71,ORD00126_5
U00127,2024-07-01,820.65,ORD00126_8
U00127,2024-07-09,469.85,ORD00126_9
U00127,2024-07-29,1036.09,ORD00126_6
U00127,2024-12-04,788.25,ORD00126_1
U00127,2024-12-06,634.26,ORD00126_0
U00128,2024-06-14,175.84,ORD00127_0
U00128,2024-07-21,243.42,ORD00127_1
U00129,2024-02-28,327.59,ORD00128_2
U00129,2024-03-15,159.17,ORD00128_0
U00129,2024-05-12,123.26,ORD00128_1
U00129,2024-05-22,170.87,ORD00128_6
U00129,2024-06-30,193.48,ORD00128_3
U00129,2024-08-01,290.27,ORD00128_7
U00129,2024-11-22,296.49,ORD00128_5
U00129,2024-12-04,343.7,ORD00128_4
U00130,2024-02-28,50.04,ORD00129_1
U00130,2024-04-21,17.36,ORD00129_0
U00131,2024-04-03,253.73,ORD00130_1
U00131,2024-06-04,171.63,ORD00130_0
U00132,2024-01-26,226.42,ORD00131_0
U00132,2024-12-29,145.11,ORD00131_1
U00133,2024-02-14,471.26,ORD00132_3
U00133,2024-03-13,478.84,ORD00132_6
U00133,2024-03-28,438.3,ORD00132_5
U00133,2024-04-04,399.19,ORD00132_10
U00133,2024-04-25,208.59,ORD00132_1
U00133,2024-06-03,385.34,ORD00132_4
U00133,2024-07-27,338.35,ORD00132_0
U00133,2024-07-30,197.77,ORD00132_7
U00133,2024-08-26,336.98,ORD00132_8
U00133,2024-09-29,426.77,ORD00132_13
U00133,2024-10-02,245.02,ORD00132_11
U00133,2024-11-04,470.96,ORD00132_12
U00133,2024-11-08,287.3,ORD00132_9
U00133,2024-11-13,334.72,ORD00132_2
U00133,2024-12-15,230.1,ORD00132_14
U00134,2024-02-19,49.92,ORD00133_1
U00134,2024-02-21,64.01,ORD00133_2
U00134,2024-10-16,67.04,ORD00133_0
U00135,2024-10-22,74.97,ORD00134_0
U00136,2024-01-11,532.33,ORD00135_9
U00136,2024-01-28,408.8,ORD00135_2
U00136,2024-02-05,322.84,ORD00135_4
U00136,2024-02-29,688.58,ORD00135_1
U00136,2024-03-26,731.1,ORD00135_5
U00136,2024-04-02,335.9,ORD00135_0
U00136,2024-04-05,290.47,ORD00135_10
U00136,2024-05-04,377.44,ORD00135_3
U00136,2024-05-07,283.41,ORD00135_12
U00136,2024-05-24,460.11,ORD00135_15
U00136,2024-07-10,542.6,ORD00135_11
U00136,2024-08-10,379.8,ORD00135_16
U00136,2024-10-04,485.51,ORD00135_8
U00136,2024-11-08,622.43,ORD00135_17
U00136,2024-11-11,487.47,ORD00135_14
U00136,2024-12-03,401.28,ORD00135_6
U00136,2024-12-09,289.84,ORD00135_7
U00136,2024-12-20,199.74,ORD00135_13
U00137,2024-01-13,629.98,ORD00136_3
U00137,2024-02-09,335.66,ORD00136_4
U00137,2024-04-15,308.23,ORD00136_1
U00137,2024-06-24,419.37,ORD00136_0
U00137,2024-08-06,407.72,ORD00136_5
U00137,2024-11-14,218.93,ORD00136_2
U00137,2024-11-27,388.87,ORD00136_7
U00137,2024-11-28,511.96,ORD00136_6
U00138,2024-03-17,465.33,ORD00137_4
U00138,2024-08-16,430.07,ORD00137_3
U00138,2024-10-21,401.43,ORD00137_0
U00138,2024-12-10,431.96,ORD00137_1
U00138,2024-12-30,655.07,ORD00137_2
U00139,2024-07-09,192.43,ORD00138_1
U00139,2024-08-07,106.12,ORD00138_2
U00139,2024-11-28,211.75,ORD00138_0
U00140,2024-04-05,657.42,ORD00139_0
U00140,2024-06-25,554.32,ORD00139_5
U00140,2024-07-08,689.44,ORD00139_7
U00140,2024-07-18,465.29,ORD00139_1
U00140,2024-07-24,305.71,ORD00139_3
U00140,2024-09-12,219.24,ORD00139_4
U00140,2024-11-13,248.44,ORD00139_2
U00140,2024-12-14,588.99,ORD00139_6
U00141,2024-01-02,1188.55,ORD00140_10
U00141,2024-01-13,1039.73,ORD00140_0
U00141,2024-02-13,389.36,ORD00140_23
U00141,2024-02-22,416.82,ORD00140_19
U00141,2024-02-24,1064.86,ORD00140_16
U00141,2024-03-12,1364.53,ORD00140_27
U00141,2024-04-03,584.39,ORD00140_15
U00141,2024-04-05,770.6,ORD00140_12
U00141,2024-04-07,596.4,ORD00140_24
U00141,2024-04-18,1388.76,ORD00140_5
U00141,2024-04-20,1349.39,ORD00140_7
U00141,2024-04-23,420.37,ORD00140_1
U00141,2024-04-25,1090.32,ORD00140_17
U00141,2024-06-28,916.26,ORD00140_18
U00141,2024-06-28,664.83,ORD00140_20
U00141,2024-06-30,1444.97,ORD00140_22
U00141,2024-07-07,530.1,ORD00140_9
U00141,2024-07-23,614.39,ORD00140_2
U00141,2024-08-16,868.93,ORD00140_8
U00141,2024-08-24,483.49,ORD00140_26
U00141,2024-08-25,1261.49,ORD00140_13
U00141,2024-09-25,1095.07,ORD00140_14
U00141,2024-09-29,681.65,ORD00140_3
U00141,2024-10-12,1448.41,ORD00140_11
U00141,2024-10-14,416.14,ORD00140_25
U00141,2024-11-08,838.37,ORD00140_21
U00141,2024-11-23,1362.76,ORD00140_4
U00141,2024-11-23,587.75,ORD00140_6
U00142,2024-05-18,104.23,ORD00141_0
U00142,2024-12-16,127.84,ORD00141_1
U00143,2024-02-25,140.75,ORD00142_0
U00144,2024-01-06,986.01,ORD00143_6
U00144,2024-01-28,1151.3,ORD00143_7
U00144,2024-04-13,1234.22,ORD00143_4
U00144,2024-04-24,611.11,ORD00143_3
U00144,2024-04-28,909.15,ORD00143_8
U00144,2024-06-04,906.88,ORD00143_5
U00144,2024-06-12,1263.61,ORD00143_11
U00144,2024-08-05,1214.46,ORD00143_10
U00144,2024-08-14,732.73,ORD00143_1
U00144,2024-08-31,1045.04,ORD00143_9
U00144,2024-11-05,410.14,ORD00143_0
U00144,2024-12-09,354.16,ORD00143_2
U00145,2024-03-06,484.62,ORD00144_23
U00145,2024-03-23,603.67,ORD00144_1
U00145,2024-03-27,591.49,ORD00144_21
U00145,2024-04-06,1187.13,ORD00144_5
U00145,2024-04-14,932.68,ORD00144_17
U00145,2024-04-22,318.31,ORD00144_16
U00145,2024-04-27,931.17,ORD00144_11
U00145,2024-05-08,723.6,ORD00144_22
U00145,2024-05-16,536.41,ORD00144_7
U00145,2024-05-19,1162.52,ORD00144_20
U00145,2024-05-21,731.76,ORD00144_9
U00145,2024-07-02,726.17,ORD00144_3
U00145,2024-07-02,868.77,ORD00144_8
U00145,2024-07-13,1020.18,ORD00144_15
U00145,2024-07-26,735.54,ORD00144_6
U00145,2024-07-28,1239.73,ORD00144_4
U00145,2024-09-03,719.47,ORD00144_0
U00145,2024-10-08,917.7,ORD00144_12
U00145,2024-10-08,982.83,ORD00144_18
U00145,2024-10-16,489.07,ORD00144_10
U00145,2024-11-18,587.2,ORD00144_14
U00145,2024-12-16,645.67,ORD00144_19
U00145,2024-12-20,444.97,ORD00144_2
U00145,2024-12-25,852.56,ORD00144_13
U00146,2024-09-06,244.68,ORD00145_1
U00146,2024-10-20,528.18,ORD00145_0
U00146,2024-10-28,502.22,ORD00145_2
U00147,2024-02-09,407.53,ORD00146_4
U00147,2024-03-01,619.1,ORD00146_7
U00147,2024-03-31,703.39,ORD00146_1
U00147,2024-04-21,306.54,ORD00146_0
U00147,2024-05-30,574.45,ORD00146_3
U00147,2024-07-18,645.0,ORD00146_6
U00147,2024-08-14,500.44,ORD00146_2
U00147,2024-12-10,709.56,ORD00146_5
U00148,2024-01-02,769.39,ORD00147_3
U00148,2024-02-25,305.33,ORD00147_0
U00148,2024-03-13,881.93,ORD00147_2
U00148,2024-03-18,894.27,ORD00147_23
U00148,2024-03-30,351.16,ORD00147_21
U00148,2024-04-12,935.05,ORD00147_9
U00148,2024-04-20,651.4,ORD00147_14
U00148,2024-05-22,830.21,ORD00147_26
U00148,2024-06-11,397.95,ORD00147_24
U00148,2024-06-14,882.07,ORD00147_18
U00148,2024-06-14,574.09,ORD00147_22
U00148,2024-06-23,276.36,ORD00147_20
U00148,2024-06-30,883.4,ORD00147_16
U00148,2024-07-02,488.57,ORD00147_10
U00148,2024-07-06,681.9,ORD00147_4
U00148,2024-07-23,646.76,ORD00147_7
U00148,2024-07-26,499.36,ORD00147_19
U00148,2024-08-07,944.99,ORD00147_8
U00148,2024-08-26,339.37,ORD00147_25
U00148,2024-09-03,322.22,ORD00147_11
U00148,2024-09-05,653.69,ORD00147_15
U00148,2024-09-23,621.16,ORD00147_5
U00148,2024-10-04,401.74,ORD00147_13
U00148,2024-10-09,799.99,ORD00147_27
U00148,2024-11-27,865.72,ORD00147_6
U00148,2024-11-30,828.11,ORD00147_17
U00148,2024-12-10,735.77,ORD00147_12
U00148,2024-12-23,393.26,ORD00147_1
U00149,2024-01-20,118.6,ORD00148_3
U00149,2024-02-27,206.89,ORD00148_0
U00149,2024-02-28,201.3,ORD00148_4
U00149,2024-05-25,135.34,ORD00148_5
U00149,2024-08-04,190.17,ORD00148_1
U00149,2024-10-29,164.53,ORD00148_2
U00150,2024-01-19,133.03,ORD00149_0
U00150,2024-08-26,119.59,ORD00149_1
U00150,2024-12-02,117.97,ORD00149_2
U00151,2024-05-24,240.42,ORD00150_1
U00151,2024-12-25,127.37,ORD00150_0
U00152,2024-08-07,416.75,ORD00151_3
U00152,2024-08-24,350.52,ORD00151_5
U00152,2024-08-26,208.72,ORD00151_1
U00152,2024-10-22,164.65,ORD00151_2
U00152,2024-11-09,292.63,ORD00151_0
U00152,2024-12-11,168.48,ORD00151_4
U00153,2024-01-06,439.65,ORD00152_13
U00153,2024-02-14,879.93,ORD00152_1
U00153,2024-03-11,953.5,ORD00152_2
U00153,2024-04-07,870.88,ORD00152_8
U00153,2024-04-12,728.68,ORD00152_3
U00153,2024-04-17,535.84,ORD00152_12
U00153,2024-05-01,429.1,ORD00152_11
U00153,2024-05-25,283.11,ORD00152_6
U00153,2024-05-25,438.4,ORD00152_14
U00153,2024-06-19,448.06,ORD00152_0
U00153,2024-06-21,745.71,ORD00152_9
U00153,2024-08-08,550.27,ORD00152_7
U00153,2024-10-12,816.67,ORD00152_5
U00153,2024-11-08,465.63,ORD00152_4
U00153,2024-12-15,657.13,ORD00152_10
U00154,2024-04-21,496.66,ORD00153_0
U00154,2024-10-25,535.0,ORD00153_2
U00154,2024-11-18,473.87,ORD00153_1
U00154,2024-12-02,433.04,ORD00153_3
U00155,2024-07-11,91.18,ORD00154_0
U00155,2024-09-03,74.49,ORD00154_1
U00156,2024-03-09,151.18,ORD00155_4
U00156,2024-03-23,288.04,ORD00155_3
U00156,2024-04-22,150.53,ORD00155_1
U00156,2024-09-12,295.08,ORD00155_5
U00156,2024-09-26,241.06,ORD00155_0
U00156,2024-11-24,121.43,ORD00155_2
U00157,2024-02-17,243.6,ORD00156_4
U00157,2024-03-25,573.37,ORD00156_6
U00157,2024-04-08,278.92,ORD00156_5
U00157,2024-05-06,171.74,ORD00156_2
U00157,2024-06-21,313.08,ORD00156_7
U00157,2024-07-24,519.03,ORD00156_0
U00157,2024-07-27,277.2,ORD00156_8
U00157,2024-11-09,330.72,ORD00156_1
U00157,2024-11-29,241.93,ORD00156_3
U00158,2024-08-30,153.85,ORD00157_1
U00158,2024-11-26,159.59,ORD00157_0
U00159,2024-01-12,230.72,ORD00158_8
U00159,2024-01-21,353.21,ORD00158_21
U00159,2024-01-27,385.9,ORD00158_22
U00159,2024-02-12,353.28,ORD00158_9
U00159,2024-03-03,119.08,ORD00158_7
U00159,2024-03-16,216.33,ORD00158_2
U00159,2024-03-19,187.6,ORD00158_5
U00159,2024-04-10,129.3,ORD00158_15
U00159,2024-06-28,256.16,ORD00158_17
U00159,2024-08-15,318.59,ORD00158_19
U00159,2024-08-26,115.88,ORD00158_1
U00159,2024-09-02,272.19,ORD00158_3
U00159,2024-09-09,201.89,ORD00158_10
U00159,2024-09-19,144.32,ORD00158_6
U00159,2024-09-26,336.79,ORD00158_16
U00159,2024-10-01,170.47,ORD00158_20
U00159,2024-10-18,356.9,ORD00158_11
U00159,2024-10-18,242.99,ORD00158_13
U00159,2024-10-19,329.05,ORD00158_18
U00159,2024-11-10,269.45,ORD00158_4
U00159,2024-11-20,131.28,ORD00158_12
U00159,2024-12-14,297.7,ORD00158_14
U00159,2024-12-29,200.69,ORD00158_0
U00160,2024-08-11,111.43,ORD00159_0
U00160,2024-10-01,113.35,ORD00159_2
U00160,2024-12-21,100.99,ORD00159_1
U00161,2024-01-22,358.02,ORD00160_0
U00161,2024-02-07,306.36,ORD00160_2
U00161,2024-02-16,290.23,ORD00160_25
U00161,2024-02-19,389.88,ORD00160_5
U00161,2024-04-15,600.47,ORD00160_26
U00161,2024-04-15,640.02,ORD00160_27
U00161,2024-04-16,326.86,ORD00160_20
U00161,2024-04-17,210.52,ORD00160_28
U00161,2024-05-14,240.56,ORD00160_11
U00161,2024-05-16,261.34,ORD00160_10
U00161,2024-05-17,406.16,ORD00160_16
U00161,2024-05-27,537.28,ORD00160_4
U00161,2024-06-07,529.98,ORD00160_12
U00161,2024-06-13,221.74,ORD00160_7
U00161,2024-07-27,653.02,ORD00160_23
U00161,2024-08-26,599.96,ORD00160_3
U00161,2024-10-14,508.61,ORD00160_15
U00161,2024-10-16,193.98,ORD00160_9
U00161,2024-10-28,190.51,ORD00160_19
U00161,2024-11-01,313.32,ORD00160_22
U00161,2024-11-11,533.15,ORD00160_17
U00161,2024-11-19,322.43,ORD00160_8
U00161,2024-11-24,300.73,ORD00160_1
U00161,2024-12-04,703.88,ORD00160_14
U00161,2024-12-06,640.31,ORD00160_13
U00161,2024-12-06,594.09,ORD00160_21
U00161,2024-12-08,571.9,ORD00160_6
U00161,2024-12-13,282.05,ORD00160_24
U00161,2024-12-17,632.02,ORD00160_18
U00162,2024-01-12,257.64,ORD00161_0
U00162,2024-03-24,323.58,ORD00161_4
U00162,2024-10-09,492.63,ORD00161_1
U00162,2024-10-31,539.53,ORD00161_2
U00162,2024-11-11,177.75,ORD00161_3
U00163,2024-07-03,679.36,ORD00162_4
U00163,2024-07-26,313.42,ORD00162_3
U00163,2024-08-12,550.64,ORD00162_0
U00163,2024-10-29,225.89,ORD00162_2
U00163,2024-12-26,566.09,ORD00162_1
U00163,2024-12-28,256.62,ORD00162_5
U00164,2024-03-13,453.63,ORD00163_0
U00164,2024-07-19,543.03,ORD00163_1
U00164,2024-08-13,667.58,ORD00163_2
U00165,2024-01-12,132.94,ORD00164_2
U00165,2024-06-07,163.62,ORD00164_0
U00165,2024-07-12,55.13,ORD00164_1
U00166,2024-01-22,644.32,ORD00165_5
U00166,2024-02-05,993.92,ORD00165_4
U00166,2024-04-19,317.51,ORD00165_0
U00166,2024-05-25,345.73,ORD00165_1
U00166,2024-05-28,725.53,ORD00165_12
U00166,2024-06-10,938.26,ORD00165_2
U00166,2024-06-12,711.1,ORD00165_8
U00166,2024-07-05,943.53,ORD00165_11
U00166,2024-08-04,481.08,ORD00165_7
U00166,2024-08-18,262.27,ORD00165_13
U00166,2024-10-20,472.03,ORD00165_9
U00166,2024-11-27,363.14,ORD00165_3
U00166,2024-12-01,996.14,ORD00165_6
U00166,2024-12-30,454.12,ORD00165_10
U00167,2024-02-13,517.88,ORD00166_3
U00167,2024-04-18,646.66,ORD00166_4
U00167,2024-06-17,418.26,ORD00166_2
U00167,2024-07-24,237.86,ORD00166_6
U00167,2024-10-14,604.08,ORD00166_1
U00167,2024-11-12,356.13,ORD00166_0
U00167,2024-12-08,559.57,ORD00166_5
U00168,2024-03-23,299.01,ORD00167_0
U00168,2024-03-29,449.08,ORD00167_7
U00168,2024-04-04,442.92,ORD00167_5
U00168,2024-05-08,402.52,ORD00167_8
U00168,2024-05-12,526.43,ORD00167_3
U00168,2024-07-08,542.47,ORD00167_1
U00168,2024-09-07,718.39,ORD00167_2
U00168,2024-11-20,448.35,ORD00167_6
U00168,2024-11-21,711.34,ORD00167_4
U00168,2024-12-08,257.3,ORD00167_9
U00169,2024-01-20,128.92,ORD00168_1
U00169,2024-07-11,91.95,ORD00168_2
U00169,2024-08-05,56.17,ORD00168_0
U00170,2024-04-21,211.17,ORD00169_1
U00170,2024-05-10,485.14,ORD00169_2
U00170,2024-07-15,412.72,ORD00169_3
U00170,2024-11-21,418.97,ORD00169_0
U00171,2024-08-30,158.11,ORD00170_0
U00172,2024-03-26,106.55,ORD00171_0
U00173,2024-07-18,104.17,ORD00172_0
U00173,2024-08-27,49.45,ORD00172_1
U00173,2024-10-25,49.09,ORD00172_2
U00174,2024-01-11,82.7,ORD00173_2
U00174,2024-07-25,193.6,ORD00173_0
U00174,2024-09-23,214.21,ORD00173_1
U00175,2024-08-07,188.07,ORD00174_0
U00175,2024-08-19,134.13,ORD00174_1
U00176,2024-01-07,494.83,ORD00175_10
U00176,2024-01-11,441.95,ORD00175_11
U00176,2024-01-28,573.72,ORD00175_13
U00176,2024-02-23,502.71,ORD00175_15
U00176,2024-03-15,794.21,ORD00175_9
U00176,2024-04-02,757.77,ORD00175_20
U00176,2024-04-19,764.44,ORD00175_21
U00176,2024-04-25,633.99,ORD00175_8
U00176,2024-04-26,542.29,ORD00175_4
U00176,2024-04-27,399.84,ORD00175_7
U00176,2024-05-19,434.78,ORD00175_3
U00176,2024-06-02,693.55,ORD00175_2
U00176,2024-07-26,281.17,ORD00175_19
U00176,2024-08-02,705.84,ORD00175_12
U00176,2024-09-23,779.81,ORD00175_0
U00176,2024-09-25,691.09,ORD00175_6
U00176,2024-11-04,407.86,ORD00175_5
U00176,2024-11-08,446.86,ORD00175_14
U00176,2024-11-19,328.79,ORD00175_1
U00176,2024-11-29,247.84,ORD00175_17
U00176,2024-12-13,836.37,ORD00175_18
U00176,2024-12-18,527.34,ORD00175_16
U00177,2024-01-04,456.33,ORD00176_8
U00177,2024-01-07,419.74,ORD00176_2
U00177,2024-07-28,226.93,ORD00176_3
U00177,2024-08-23,309.89,ORD00176_7
U00177,2024-09-02,419.51,ORD00176_0
U00177,2024-11-01,314.05,ORD00176_5
U00177,2024-11-03,269.55,ORD00176_6
U00177,2024-11-15,490.24,ORD00176_1
U00177,2024-11-25,346.51,ORD00176_4
U00178,2024-06-26,203.55,ORD00177_0
U00178,2024-10-17,75.97,ORD00177_1
U00178,2024-10-18,147.54,ORD00177_2
U00179,2024-01-12,556.59,ORD00178_19
U00179,2024-01-16,386.57,ORD00178_1
U00179,2024-01-18,277.59,ORD00178_9
U00179,2024-01-30,179.27,ORD00178_6
U00179,2024-01-30,435.95,ORD00178_17
U00179,2024-02-02,209.16,ORD00178_18
U00179,2024-02-08,551.83,ORD00178_4
U00179,2024-02-08,362.35,ORD00178_5
U00179,2024-02-13,161.97,ORD00178_14
U00179,2024-03-26,348.06,ORD00178_15
U00179,2024-04-04,576.14,ORD00178_16
U00179,2024-06-03,292.71,ORD00178_20
U00179,2024-06-04,272.97,ORD00178_0
U00179,2024-07-21,487.6,ORD00178_7
U00179,2024-08-24,315.38,ORD00178_13
U00179,2024-09-07,332.13,ORD00178_2
U00179,2024-09-11,552.4,ORD00178_10
U00179,2024-09-13,284.58,ORD00178_11
U00179,2024-09-16,410.87,ORD00178_3
U00179,2024-09-24,503.75,ORD00178_8
U00179,2024-12-11,565.43,ORD00178_12
U00180,2024-04-04,318.63,ORD00179_6
U00180,2024-06-20,107.12,ORD00179_2
U00180,2024-07-04,214.27,ORD00179_5
U00180,2024-07-08,189.13,ORD00179_0
U00180,2024-07-28,197.88,ORD00179_4
U00180,2024-09-14,269.88,ORD00179_1
U00180,2024-09-15,144.32,ORD00179_3
U00181,2024-01-22,74.81,ORD00180_0
U00182,2024-02-22,359.27,ORD00181_6
U00182,2024-02-24,243.53,ORD00181_0
U00182,2024-04-28,340.38,ORD00181_3
U00182,2024-05-29,164.77,ORD00181_4
U00182,2024-08-02,470.13,ORD00181_5
U00182,2024-08-11,232.25,ORD00181_2
U00182,2024-09-27,402.02,ORD00181_8
U00182,2024-11-25,367.49,ORD00181_7
U00182,2024-12-16,366.7,ORD00181_1
U00183,2024-01-08,546.39,ORD00182_4
U00183,2024-01-09,415.31,ORD00182_9
U00183,2024-01-16,419.11,ORD00182_8
U00183,2024-02-04,179.17,ORD00182_1
U00183,2024-02-14,413.18,ORD00182_7
U00183,2024-04-20,553.69,ORD00182_2
U00183,2024-06-27,184.25,ORD00182_6
U00183,2024-12-05,376.43,ORD00182_5
U00183,2024-12-13,269.12,ORD00182_0
U00183,2024-12-14,380.56,ORD00182_3
U00184,2024-01-01,331.87,ORD00183_2
U00184,2024-01-25,237.95,ORD00183_8
U00184,2024-04-22,489.47,ORD00183_1
U00184,2024-07-06,228.32,ORD00183_5
U00184,2024-07-26,587.77,ORD00183_3
U00184,2024-08-13,259.31,ORD00183_0
U00184,2024-10-05,661.44,ORD00183_7
U00184,2024-11-01,251.62,ORD00183_4
U00184,2024-11-29,289.6,ORD00183_6
U00185,2024-06-27,110.32,ORD00184_1
U00185,2024-11-14,166.66,ORD00184_0
U00186,2024-01-06,436.3,ORD00185_2
U00186,2024-03-08,209.69,ORD00185_0
U00186,2024-04-03,338.42,ORD00185_3
U00186,2024-04-27,390.64,ORD00185_5
U00186,2024-07-15,176.78,ORD00185_4
U00186,2024-11-18,534.54,ORD00185_1
U00187,2024-11-14,145.52,ORD00186_0
U00188,2024-01-26,224.42,ORD00187_1
U00188,2024-02-04,122.33,ORD00187_0
U00188,2024-02-14,103.7,ORD00187_2
U00189,2024-01-28,484.03,ORD00188_3
U00189,2024-02-06,436.33,ORD00188_5
U00189,2024-04-07,419.4,ORD00188_6
U00189,2024-06-16,375.28,ORD00188_7
U00189,2024-07-05,300.19,ORD00188_2
U00189,2024-08-07,320.57,ORD00188_1
U00189,2024-09-09,218.96,ORD00188_4
U00189,2024-10-01,284.05,ORD00188_0
U00189,2024-11-28,405.07,ORD00188_8
U00190,2024-03-05,312.19,ORD00189_4
U00190,2024-04-24,455.11,ORD00189_5
U00190,2024-06-21,211.7,ORD00189_0
U00190,2024-08-01,550.62,ORD00189_2
U00190,2024-08-19,209.23,ORD00189_3
U00190,2024-08-23,482.78,ORD00189_1
U00191,2024-03-28,615.68,ORD00190_4
U00191,2024-04-12,507.61,ORD00190_2
U00191,2024-05-14,637.39,ORD00190_6
U00191,2024-05-25,520.27,ORD00190_0
U00191,2024-06-16,336.5,ORD00190_5
U00191,2024-08-12,566.24,ORD00190_1
U00191,2024-10-27,319.36,ORD00190_3
U00191,2024-12-05,591.1,ORD00190_7
U00192,2024-03-30,159.42,ORD00191_0
U00193,2024-01-19,402.66,ORD00192_8
U00193,2024-01-25,273.91,ORD00192_2
U00193,2024-02-03,323.01,ORD00192_20
U00193,2024-02-14,386.83,ORD00192_21
U00193,2024-03-15,385.5,ORD00192_5
U00193,2024-04-01,391.58,ORD00192_1
U00193,2024-04-10,522.85,ORD00192_0
U00193,2024-05-01,168.24,ORD00192_22
U00193,2024-05-05,382.27,ORD00192_13
U00193,2024-05-08,277.43,ORD00192_18
U00193,2024-06-01,149.43,ORD00192_12
U00193,2024-06-16,193.95,ORD00192_6
U00193,2024-06-30,523.31,ORD00192_17
U00193,2024-07-08,409.54,ORD00192_11
U00193,2024-07-29,396.76,ORD00192_16
U00193,2024-08-08,480.11,ORD00192_15
U00193,2024-08-28,291.8,ORD00192_9
U00193,2024-09-05,241.8,ORD00192_4
U00193,2024-10-23,348.31,ORD00192_3
U00193,2024-12-01,223.36,ORD00192_19
U00193,2024-12-09,358.86,ORD00192_10
U00193,2024-12-10,272.66,ORD00192_14
U00193,2024-12-20,165.53,ORD00192_7
U00193,2024-12-26,174.21,ORD00192_23
U00194,2024-01-04,978.2,ORD00193_3
U00194,2024-01-09,639.18,ORD00193_4
U00194,2024-03-07,380.8,ORD00193_13
U00194,2024-03-28,730.27,ORD00193_1
U00194,2024-04-02,1259.26,ORD00193_10
U00194,2024-04-04,464.12,ORD00193_12
U00194,2024-04-18,1048.65,ORD00193_11
U00194,2024-04-26,332.73,ORD00193_15
U00194,2024-05-25,1213.64,ORD00193_9
U00194,2024-06-02,1260.27,ORD00193_5
U00194,2024-08-31,908.12,ORD00193_0
U00194,2024-09-12,1225.06,ORD00193_14
U00194,2024-09-17,893.8,ORD00193_8
U00194,2024-09-28,663.05,ORD00193_6
U00194,2024-10-24,1186.96,ORD00193_16
U00194,2024-11-03,1035.57,ORD00193_7
U00194,2024-11-24,933.86,ORD00193_2
U00195,2024-03-13,228.63,ORD00194_0
U00195,2024-05-09,212.0,ORD00194_1
U00196,2024-06-05,38.25,ORD00195_0
U00196,2024-06-27,73.26,ORD00195_1
U00196,2024-08-10,61.57,ORD00195_2
U00197,2024-03-10,162.54,ORD00196_2
U00197,2024-06-01,246.65,ORD00196_0
U00197,2024-12-24,224.06,ORD00196_1
U00198,2024-01-06,901.53,ORD00197_15
U00198,2024-01-07,1048.53,ORD00197_13
U00198,2024-01-15,955.21,ORD00197_4
U00198,2024-01-30,592.33,ORD00197_7
U00198,2024-02-03,534.61,ORD00197_14
U00198,2024-02-04,1038.74,ORD00197_5
U00198,2024-03-23,1064.61,ORD00197_11
U00198,2024-05-05,585.62,ORD00197_17
U00198,2024-05-23,721.74,ORD00197_8
U00198,2024-07-09,1109.27,ORD00197_12
U00198,2024-07-10,853.75,ORD00197_0
U00198,2024-07-28,572.7,ORD00197_10
U00198,2024-08-01,650.53,ORD00197_1
U00198,2024-08-02,1045.09,ORD00197_16
U00198,2024-08-03,1020.33,ORD00197_3
U00198,2024-08-19,1009.04,ORD00197_9
U00198,2024-11-13,983.49,ORD00197_2
U00198,2024-12-23,858.59,ORD00197_6
U00199,2024-06-14,30.07,ORD00198_1
U00199,2024-10-10,100.9,ORD00198_0
U00200,2024-02-04,540.51,ORD00199_6
U00200,2024-06-05,481.78,ORD00199_4
U00200,2024-06-27,573.08,ORD00199_1
U00200,2024-08-09,572.11,ORD00199_0
U00200,2024-08-11,500.26,ORD00199_2
U00200,2024-09-02,286.96,ORD00199_7
U00200,2024-11-07,439.16,ORD00199_5
U00200,2024-11-22,208.35,ORD00199_3
U00201,2024-03-27,30.53,ORD00200_0
U00201,2024-11-26,61.47,ORD00200_1
U00202,2024-01-24,179.58,ORD00201_6
U00202,2024-02-17,441.9,ORD00201_1
U00202,2024-04-04,460.79,ORD00201_5
U00202,2024-04-25,304.81,ORD00201_3
U00202,2024-06-23,166.72,ORD00201_2
U00202,2024-07-27,301.81,ORD00201_0
U00202,2024-09-09,477.1,ORD00201_4
U00203,2024-02-19,165.2,ORD00202_1
U00203,2024-03-10,116.98,ORD00202_0
U00203,2024-07-08,218.4,ORD00202_3
U00203,2024-09-20,176.12,ORD00202_2
U00204,2024-08-09,87.22,ORD00203_0
U00205,2024-02-07,123.2,ORD00204_2
U00205,2024-03-29,288.58,ORD00204_5
U00205,2024-04-02,249.0,ORD00204_6
U00205,2024-07-10,261.36,ORD00204_1
U00205,2024-07-27,243.8,ORD00204_4
U00205,2024-09-01,357.64,ORD00204_7
U00205,2024-09-28,368.71,ORD00204_8
U00205,2024-12-12,181.25,ORD00204_3
U00205,2024-12-14,265.33,ORD00204_0
U00206,2024-01-16,121.17,ORD00205_3
U00206,2024-05-11,144.47,ORD00205_0
U00206,2024-11-20,101.23,ORD00205_2
U00206,2024-12-15,158.67,ORD00205_1
U00207,2024-06-05,112.9,ORD00206_3
U00207,2024-09-21,220.76,ORD00206_0
U00207,2024-10-04,287.54,ORD00206_2
U00207,2024-12-07,292.93,ORD00206_1
U00208,2024-01-18,746.66,ORD00207_9
U00208,2024-02-25,910.58,ORD00207_8
U00208,2024-02-28,907.41,ORD00207_3
U00208,2024-03-19,1051.75,ORD00207_12
U00208,2024-03-22,386.23,ORD00207_2
U00208,2024-03-27,1029.96,ORD00207_7
U00208,2024-04-06,987.48,ORD00207_0
U00208,2024-04-22,739.03,ORD00207_10
U00208,2024-05-07,1176.22,ORD00207_24
U00208,2024-05-11,803.87,ORD00207_1
U00208,2024-06-30,326.26,ORD00207_13
U00208,2024-07-02,1095.18,ORD00207_23
U00208,2024-07-11,1159.46,ORD00207_18
U00208,2024-07-14,1256.73,ORD00207_15
U00208,2024-08-15,1189.25,ORD00207_5
U00208,2024-09-04,621.69,ORD00207_16
U00208,2024-09-06,825.32,ORD00207_14
U00208,2024-09-19,1034.06,ORD00207_17
U00208,2024-10-10,539.73,ORD00207_4
U00208,2024-10-21,1091.57,ORD00207_11
U00208,2024-10-31,1131.92,ORD00207_19
U00208,2024-11-13,538.05,ORD00207_6
U00208,2024-11-27,1223.66,ORD00207_22
U00208,2024-11-29,1133.09,ORD00207_21
U00208,2024-12-28,570.69,ORD00207_20
U00209,2024-01-22,756.4,ORD00208_4
U00209,2024-01-31,388.15,ORD00208_7
U00209,2024-02-11,253.97,ORD00208_6
U00209,2024-02-26,233.05,ORD00208_12
U00209,2024-03-23,439.41,ORD00208_1
U00209,2024-04-08,401.97,ORD00208_3
U00209,2024-05-05,476.8,ORD00208_5
U00209,2024-07-03,360.47,ORD00208_2
U00209,2024-07-25,644.26,ORD00208_10
U00209,2024-08-28,271.41,ORD00208_0
U00209,2024-09-03,765.8,ORD00208_8
U00209,2024-10-04,606.62,ORD00208_11
U00209,2024-10-17,631.41,ORD00208_13
U00209,2024-10-20,377.23,ORD00208_9
U00209,2024-11-03,691.28,ORD00208_14
U00210,2024-01-16,582.44,ORD00209_1
U00210,2024-01-26,980.25,ORD00209_3
U00210,2024-03-01,946.7,ORD00209_2
U00210,2024-03-05,1356.8,ORD00209_4
U00210,2024-06-29,716.26,ORD00209_7
U00210,2024-07-05,1416.85,ORD00209_6
U00210,2024-07-10,1441.22,ORD00209_5
U00210,2024-08-06,1242.5,ORD00209_0
U00211,2024-01-16,241.45,ORD00210_0
U00211,2024-05-04,382.1,ORD00210_2
U00211,2024-05-08,239.44,ORD00210_5
U00211,2024-05-19,553.07,ORD00210_3
U00211,2024-05-26,506.32,ORD00210_1
U00211,2024-10-14,364.48,ORD00210_4
U00212,2024-02-05,127.71,ORD00211_3
U00212,2024-04-06,93.0,ORD00211_0
U00212,2024-10-08,266.19,ORD00211_2
U00212,2024-11-30,320.75,ORD00211_1
U00213,2024-04-06,114.16,ORD00212_0
U00214,2024-01-03,352.61,ORD00213_3
U00214,2024-02-03,238.35,ORD00213_1
U00214,2024-03-19,292.58,ORD00213_0
U00214,2024-04-14,203.22,ORD00213_5
U00214,2024-06-17,380.51,ORD00213_2
U00214,2024-09-26,305.61,ORD00213_6
U00214,2024-10-13,347.24,ORD00213_4
U00215,2024-07-27,115.69,ORD00214_1
U00215,2024-08-15,134.88,ORD00214_0
U00216,2024-02-01,111.82,ORD00215_1
U00216,2024-02-25,147.82,ORD00215_0
U00216,2024-06-03,168.1,ORD00215_2
U00217,2024-01-14,792.83,ORD00216_21
U00217,2024-02-16,880.64,ORD00216_23
U00217,2024-03-14,629.45,ORD00216_17
U00217,2024-03-22,387.72,ORD00216_20
U00217,2024-03-29,737.74,ORD00216_2
U00217,2024-04-03,391.01,ORD00216_14
U00217,2024-04-10,503.14,ORD00216_5
U00217,2024-04-26,522.29,ORD00216_6
U00217,2024-04-26,655.45,ORD00216_13
U00217,2024-04-29,636.28,ORD00216_8
U00217,2024-05-06,321.43,ORD00216_0
U00217,2024-05-09,529.88,ORD00216_10
U00217,2024-07-01,446.55,ORD00216_16
U00217,2024-07-17,541.37,ORD00216_1
U00217,2024-07-21,282.18,ORD00216_4
U00217,2024-07-21,415.98,ORD00216_15
U00217,2024-07-30,906.45,ORD00216_19
U00217,2024-08-03,902.34,ORD00216_9
U00217,2024-08-10,244.54,ORD00216_22
U00217,2024-09-21,469.52,ORD00216_24
U00217,2024-09-30,770.38,ORD00216_18
U00217,2024-10-04,294.17,ORD00216_3
U00217,2024-11-13,830.91,ORD00216_11
U00217,2024-11-19,913.39,ORD00216_12
U00217,2024-12-09,348.49,ORD00216_7
U00218,2024-01-26,367.01,ORD00217_0
U00218,2024-02-18,572.89,ORD00217_7
U00218,2024-03-16,555.12,ORD00217_5
U00218,2024-05-10,332.05,ORD00217_3
U00218,2024-06-02,288.47,ORD00217_1
U00218,2024-10-24,429.93,ORD00217_4
U00218,2024-11-14,513.09,ORD00217_6
U00218,2024-12-03,563.64,ORD00217_2
U00218,2024-12-20,639.44,ORD00217_8
U00219,2024-05-08,68.65,ORD00218_1
U00219,2024-07-07,192.44,ORD00218_0
U00220,2024-05-27,77.97,ORD00219_1
U00220,2024-12-13,142.9,ORD00219_0
U00221,2024-06-09,164.84,ORD00220_0
U00221,2024-10-27,108.76,ORD00220_1
U00222,2024-01-02,717.56,ORD00221_0
U00222,2024-03-06,335.38,ORD00221_6
U00222,2024-03-24,1123.18,ORD00221_10
U00222,2024-03-27,543.23,ORD00221_7
U00222,2024-04-07,943.67,ORD00221_4
U00222,2024-05-28,508.9,ORD00221_5
U00222,2024-08-05,809.98,ORD00221_2
U00222,2024-09-25,897.96,ORD00221_3
U00222,2024-10-05,680.37,ORD00221_8
U00222,2024-10-12,597.31,ORD00221_1
U00222,2024-10-30,834.15,ORD00221_9
U00223,2024-03-18,485.19,ORD00222_0
U00223,2024-06-10,679.48,ORD00222_1
U00223,2024-07-10,273.78,ORD00222_3
U00223,2024-08-25,214.95,ORD00222_2
U00224,2024-01-10,1095.62,ORD00223_17
U00224,2024-01-14,1064.71,ORD00223_14
U00224,2024-01-19,696.35,ORD00223_2
U00224,2024-02-04,661.46,ORD00223_13
U00224,2024-03-09,532.75,ORD00223_5
U00224,2024-03-09,1075.47,ORD00223_7
U00224,2024-03-11,919.2,ORD00223_1
U00224,2024-04-02,640.99,ORD00223_9
U00224,2024-05-04,1034.19,ORD00223_26
U00224,2024-05-09,470.29,ORD00223_24
U00224,2024-05-24,1163.67,ORD00223_18
U00224,2024-05-28,1209.84,ORD00223_11
U00224,2024-06-02,387.64,ORD00223_10
U00224,2024-06-03,1225.22,ORD00223_3
U00224,2024-07-10,1200.68,ORD00223_6
U00224,2024-08-01,1273.78,ORD00223_22
U00224,2024-08-09,681.68,ORD00223_0
U00224,2024-08-10,895.39,ORD00223_19
U00224,2024-08-25,895.13,ORD00223_16
U00224,2024-09-24,403.99,ORD00223_20
U00224,2024-10-19,467.9,ORD00223_8
U00224,2024-10-20,890.34,ORD00223_15
U00224,2024-11-23,1305.05,ORD00223_12
U00224,2024-11-25,956.66,ORD00223_25
U00224,2024-12-03,1097.22,ORD00223_23
U00224,2024-12-19,737.44,ORD00223_21
U00224,2024-12-22,1148.07,ORD00223_4
U00225,2024-09-06,79.08,ORD00224_0
U00226,2024-05-28,125.0,ORD00225_3
U00226,2024-06-15,326.15,ORD00225_4
U00226,2024-08-29,162.2,ORD00225_2
U00226,2024-09-09,263.64,ORD00225_1
U00226,2024-10-18,111.21,ORD00225_0
U00226,2024-12-08,222.19,ORD00225_5
U00227,2024-03-26,134.1,ORD00226_0
U00227,2024-05-24,191.61,ORD00226_1
U00228,2024-01-13,389.75,ORD00227_23
U00228,2024-01-18,153.85,ORD00227_3
U00228,2024-01-18,163.52,ORD00227_14
U00228,2024-01-30,263.85,ORD00227_19
U00228,2024-02-08,307.83,ORD00227_2
U00228,2024-02-26,145.5,ORD00227_10
U00228,2024-03-04,331.96,ORD00227_12
U00228,2024-03-10,357.08,ORD00227_1
U00228,2024-03-14,315.9,ORD00227_6
U00228,2024-05-18,452.95,ORD00227_21
U00228,2024-06-28,268.07,ORD00227_7
U00228,2024-07-18,252.72,ORD00227_0
U00228,2024-07-28,297.34,ORD00227_25
U00228,2024-08-05,451.63,ORD00227_22
U00228,2024-08-16,140.67,ORD00227_15
U00228,2024-08-21,343.0,ORD00227_8
U00228,2024-09-02,372.01,ORD00227_17
U00228,2024-09-10,244.53,ORD00227_18
U00228,2024-10-15,443.69,ORD00227_13
U00228,2024-10-17,450.02,ORD00227_16
U00228,2024-10-30,168.67,ORD00227_5
U00228,2024-11-08,297.78,ORD00227_4
U00228,2024-11-19,445.27,ORD00227_24
U00228,2024-11-26,424.07,ORD00227_9
U00228,2024-12-08,170.08,ORD00227_11
U00228,2024-12-08,414.52,ORD00227_20
U00229,2024-05-19,95.05,ORD00228_0
U00229,2024-11-04,33.75,ORD00228_1
U00230,2024-01-05,446.14,ORD00229_11
U00230,2024-01-11,874.07,ORD00229_19
U00230,2024-02-01,419.51,ORD00229_10
U00230,2024-03-17,1014.1,ORD00229_5
U00230,2024-04-13,758.07,ORD00229_2
U00230,2024-04-17,1101.59,ORD00229_4
U00230,2024-05-06,851.95,ORD00229_15
U00230,2024-05-22,454.5,ORD00229_14
U00230,2024-05-30,560.13,ORD00229_20
U00230,2024-06-29,551.68,ORD00229_13
U00230,2024-06-30,495.22,ORD00229_0
U00230,2024-07-16,685.82,ORD00229_18
U00230,2024-07-22,390.22,ORD00229_8
U00230,2024-08-06,1002.72,ORD00229_22
U00230,2024-08-24,408.77,ORD00229_21
U00230,2024-08-27,414.63,ORD00229_17
U00230,2024-09-06,921.61,ORD00229_3
U00230,2024-09-10,933.99,ORD00229_9
U00230,2024-09-14,292.07,ORD00229_6
U00230,2024-10-08,1005.85,ORD00229_7
U00230,2024-10-11,470.23,ORD00229_1
U00230,2024-11-03,812.67,ORD00229_12
U00230,2024-12-20,538.73,ORD00229_16
U00231,2024-03-08,214.97,ORD00230_0
U00231,2024-06-07,65.0,ORD00230_1
U00232,2024-01-04,806.09,ORD00231_16
U00232,2024-02-11,490.65,ORD00231_8
U00232,2024-02-25,618.68,ORD00231_10
U00232,2024-02-27,448.64,ORD00231_7
U00232,2024-03-14,235.54,ORD00231_12
U00232,2024-04-08,300.73,ORD00231_4
U00232,2024-04-10,813.1,ORD00231_11
U00232,2024-04-15,528.95,ORD00231_6
U00232,2024-05-22,690.2,ORD00231_13
U00232,2024-06-29,428.53,ORD00231_9
U00232,2024-06-30,614.63,ORD00231_3
U00232,2024-06-30,396.72,ORD00231_15
U00232,2024-08-07,540.05,ORD00231_1
U00232,2024-08-13,698.5,ORD00231_5
U00232,2024-09-12,784.66,ORD00231_0
U00232,2024-09-17,471.64,ORD00231_14
U00232,2024-10-07,475.52,ORD00231_18
U00232,2024-11-20,802.69,ORD00231_2
U00232,2024-12-01,676.77,ORD00231_17
U00233,2024-05-25,216.47,ORD00232_0
U00234,2024-09-11,140.89,ORD00233_1
U00234,2024-09-16,148.98,ORD00233_0
U00235,2024-03-30,236.21,ORD00234_5
U00235,2024-06-15,252.93,ORD00234_1
U00235,2024-06-22,308.89,ORD00234_4
U00235,2024-09-29,186.02,ORD00234_2
U00235,2024-12-12,304.13,ORD00234_3
U00235,2024-12-19,204.88,ORD00234_0
U00236,2024-02-18,283.98,ORD00235_1
U00236,2024-09-03,313.26,ORD00235_2
U00236,2024-11-19,232.15,ORD00235_0
U00237,2024-01-27,108.74,ORD00236_2
U00237,2024-03-20,119.65,ORD00236_1
U00237,2024-08-03,110.12,ORD00236_0
U00238,2024-02-13,263.62,ORD00237_4
U00238,2024-08-29,399.31,ORD00237_1
U00238,2024-10-31,218.07,ORD00237_2
U00238,2024-11-07,520.16,ORD00237_3
U00238,2024-12-07,587.26,ORD00237_0
U00238,2024-12-08,241.28,ORD00237_5
U00239,2024-01-10,794.1,ORD00238_11
U00239,2024-01-30,283.75,ORD00238_15
U00239,2024-02-03,878.51,ORD00238_7
U00239,2024-02-11,504.45,ORD00238_9
U00239,2024-02-14,400.48,ORD00238_2
U00239,2024-02-24,1006.1,ORD00238_8
U00239,2024-02-27,356.14,ORD00238_17
U00239,2024-03-02,644.5,ORD00238_3
U00239,2024-04-06,686.56,ORD00238_22
U00239,2024-04-26,507.11,ORD00238_6
U00239,2024-05-07,291.99,ORD00238_12
U00239,2024-05-24,611.17,ORD00238_0
U00239,2024-05-26,850.31,ORD00238_20
U00239,2024-06-09,339.01,ORD00238_21
U00239,2024-06-14,601.77,ORD00238_19
U00239,2024-07-11,802.31,ORD00238_13
U00239,2024-08-18,932.26,ORD00238_10
U00239,2024-08-18,737.94,ORD00238_14
U00239,2024-09-21,289.61,ORD00238_16
U00239,2024-10-26,426.98,ORD00238_5
U00239,2024-11-03,994.78,ORD00238_4
U00239,2024-11-03,715.09,ORD00238_18
U00239,2024-11-28,749.3,ORD00238_1
U00240,2024-08-06,129.68,ORD00239_1
U00240,2024-11-08,167.81,ORD00239_0
U00241,2024-01-05,25.76,ORD00240_1
U00241,2024-01-18,35.57,ORD00240_2
U00241,2024-06-30,66.2,ORD00240_0
U00242,2024-10-03,163.1,ORD00241_0
U00243,2024-02-24,55.8,ORD00242_0
U00244,2024-02-11,730.85,ORD00243_4
U00244,2024-03-27,645.95,ORD00243_1
U00244,2024-04-09,619.89,ORD00243_7
U00244,2024-04-27,283.46,ORD00243_3
U00244,2024-07-16,382.82,ORD00243_0
U00244,2024-09-14,448.74,ORD00243_6
U00244,2024-11-17,728.14,ORD00243_2
U00244,2024-11-20,761.24,ORD00243_8
U00244,2024-11-24,199.1,ORD00243_5
U00245,2024-07-15,79.73,ORD00244_0
U00246,2024-01-14,248.17,ORD00245_0
U00246,2024-02-26,395.23,ORD00245_1
U00246,2024-07-28,277.99,ORD00245_2
U00246,2024-10-05,283.34,ORD00245_4
U00246,2024-11-30,142.99,ORD00245_5
U00246,2024-12-09,454.12,ORD00245_3
U00247,2024-02-16,241.92,ORD00246_4
U00247,2024-04-05,497.99,ORD00246_5
U00247,2024-04-18,425.04,ORD00246_3
U00247,2024-08-01,573.25,ORD00246_0
U00247,2024-11-16,264.22,ORD00246_2
U00247,2024-12-30,580.01,ORD00246_1
U00248,2024-02-07,110.72,ORD00247_5
U00248,2024-03-22,223.23,ORD00247_2
U00248,2024-06-10,131.07,ORD00247_4
U00248,2024-06-15,224.07,ORD00247_1
U00248,2024-07-19,107.28,ORD00247_6
U00248,2024-08-07,222.39,ORD00247_0
U00248,2024-09-11,173.36,ORD00247_7
U00248,2024-11-05,233.98,ORD00247_3
U00249,2024-07-22,101.86,ORD00248_0
U00249,2024-07-24,210.55,ORD00248_1
U00250,2024-03-28,30.3,ORD00249_0
U00250,2024-05-14,41.63,ORD00249_1
U00251,2024-03-14,130.99,ORD00250_1
U00251,2024-04-17,201.53,ORD00250_2
U00251,2024-07-14,113.02,ORD00250_3
U00251,2024-12-24,113.94,ORD00250_0
U00252,2024-01-03,395.45,ORD00251_4
U00252,2024-01-04,1020.07,ORD00251_14
U00252,2024-02-13,863.97,ORD00251_2
U00252,2024-02-14,908.32,ORD00251_1
U00252,2024-02-21,462.98,ORD00251_10
U00252,2024-02-25,710.51,ORD00251_18
U00252,2024-03-06,561.05,ORD00251_25
U00252,2024-03-14,382.96,ORD00251_5
U00252,2024-04-28,288.77,ORD00251_0
U00252,2024-05-24,807.28,ORD00251_7
U00252,2024-06-03,827.81,ORD00251_21
U00252,2024-08-06,713.23,ORD00251_12
U00252,2024-08-18,887.82,ORD00251_9
U00252,2024-08-19,478.95,ORD00251_22
U00252,2024-09-05,940.61,ORD00251_24
U00252,2024-09-15,658.42,ORD00251_15
U00252,2024-10-03,613.14,ORD00251_13
U00252,2024-10-22,359.65,ORD00251_19
U00252,2024-10-28,997.45,ORD00251_20
U00252,2024-11-05,585.84,ORD00251_17
U00252,2024-11-17,388.57,ORD00251_8
U00252,2024-11-20,893.79,ORD00251_11
U00252,2024-11-21,996.56,ORD00251_3
U00252,2024-11-27,691.57,ORD00251_6
U00252,2024-12-02,876.14,ORD00251_23
U00252,2024-12-22,339.8,ORD00251_16
U00253,2024-04-12,92.01,ORD00252_2
U00253,2024-08-03,86.6,ORD00252_1
U00253,2024-11-18,43.7,ORD00252_0
U00254,2024-12-18,153.12,ORD00253_0
U00255,2024-01-05,111.05,ORD00254_0
U00255,2024-11-22,66.18,ORD00254_1
U00255,2024-12-27,136.63,ORD00254_2
U00256,2024-01-20,243.69,ORD00255_1
U00256,2024-02-14,446.07,ORD00255_3
U00256,2024-03-06,469.07,ORD00255_0
U00256,2024-03-31,354.48,ORD00255_4
U00256,2024-06-14,423.88,ORD00255_5
U00256,2024-07-17,234.46,ORD00255_2
U00256,2024-08-01,357.19,ORD00255_6
U00257,2024-06-18,378.19,ORD00256_5
U00257,2024-08-26,289.15,ORD00256_1
U00257,2024-09-30,480.46,ORD00256_2
U00257,2024-10-15,391.22,ORD00256_0
U00257,2024-10-19,379.68,ORD00256_3
U00257,2024-10-26,557.57,ORD00256_6
U00257,2024-11-15,434.24,ORD00256_4
U00258,2024-01-03,927.72,ORD00257_16
U00258,2024-01-21,612.65,ORD00257_20
U00258,2024-01-29,1044.74,ORD00257_17
U00258,2024-02-07,595.13,ORD00257_9
U00258,2024-02-08,1100.12,ORD00257_15
U00258,2024-02-12,638.47,ORD00257_27
U00258,2024-02-16,490.45,ORD00257_8
U00258,2024-03-04,502.89,ORD00257_13
U00258,2024-03-31,351.37,ORD00257_22
U00258,2024-04-01,992.94,ORD00257_3
U00258,2024-04-06,1100.55,ORD00257_18
U00258,2024-04-07,1000.48,ORD00257_0
U00258,2024-04-11,1081.88,ORD00257_21
U00258,2024-04-12,910.18,ORD00257_26
U00258,2024-04-20,809.71,ORD00257_23
U00258,2024-05-04,416.52,ORD00257_14
U00258,2024-05-07,643.18,ORD00257_7
U00258,2024-07-07,337.73,ORD00257_5
U00258,2024-07-09,574.96,ORD00257_28
U00258,2024-07-11,700.54,ORD00257_24
U00258,2024-07-21,875.02,ORD00257_19
U00258,2024-08-11,862.64,ORD00257_11
U00258,2024-08-13,1076.83,ORD00257_10
U00258,2024-10-17,812.91,ORD00257_25
U00258,2024-10-27,889.04,ORD00257_4
U00258,2024-11-09,789.22,ORD00257_6
U00258,2024-11-10,1028.2,ORD00257_2
U00258,2024-12-15,826.75,ORD00257_1
U00258,2024-12-16,748.43,ORD00257_12
U00259,2024-08-17,69.3,ORD00258_1
U00259,2024-09-14,43.77,ORD00258_0
U00260,2024-02-16,696.75,ORD00259_7
U00260,2024-05-02,248.08,ORD00259_5
U00260,2024-05-23,529.9,ORD00259_6
U00260,2024-08-05,578.18,ORD00259_1
U00260,2024-08-23,222.22,ORD00259_3
U00260,2024-09-17,261.01,ORD00259_4
U00260,2024-11-21,709.87,ORD00259_0
U00260,2024-12-11,596.86,ORD00259_2
U00261,2024-01-21,318.01,ORD00260_5
U00261,2024-06-03,624.88,ORD00260_0
U00261,2024-07-04,490.39,ORD00260_1
U00261,2024-07-17,284.58,ORD00260_4
U00261,2024-09-20,421.86,ORD00260_3
U00261,2024-12-06,591.74,ORD00260_6
U00261,2024-12-23,634.39,ORD00260_2
U00262,2024-01-29,741.84,ORD00261_12
U00262,2024-03-13,827.49,ORD00261_18
U00262,2024-03-20,835.14,ORD00261_3
U00262,2024-04-11,265.43,ORD00261_7
U00262,2024-05-08,285.16,ORD00261_19
U00262,2024-05-14,710.03,ORD00261_15
U00262,2024-06-01,304.76,ORD00261_20
U00262,2024-06-02,754.26,ORD00261_2
U00262,2024-06-14,372.24,ORD00261_8
U00262,2024-08-03,902.44,ORD00261_11
U00262,2024-08-07,728.23,ORD00261_13
U00262,2024-08-08,700.19,ORD00261_14
U00262,2024-08-12,607.25,ORD00261_9
U00262,2024-08-19,318.1,ORD00261_6
U00262,2024-09-05,597.31,ORD00261_0
U00262,2024-09-05,645.42,ORD00261_10
U00262,2024-09-21,294.83,ORD00261_1
U00262,2024-10-28,443.72,ORD00261_17
U00262,2024-12-07,889.41,ORD00261_5
U00262,2024-12-26,318.96,ORD00261_16
U00262,2024-12-30,359.33,ORD00261_4
U00263,2024-03-27,211.19,ORD00262_1
U00263,2024-11-09,191.61,ORD00262_0
U00264,2024-02-15,485.49,ORD00263_3
U00264,2024-04-14,219.03,ORD00263_2
U00264,2024-04-26,160.71,ORD00263_1
U00264,2024-07-27,335.37,ORD00263_0
U00264,2024-08-03,249.21,ORD00263_4
U00264,2024-10-27,546.95,ORD00263_5
U00265,2024-01-16,640.53,ORD00264_0
U00265,2024-08-05,378.76,ORD00264_4
U00265,2024-08-30,333.63,ORD00264_1
U00265,2024-09-23,687.07,ORD00264_3
U00265,2024-09-27,599.12,ORD00264_2
U00266,2024-04-12,187.22,ORD00265_0
U00266,2024-06-26,135.63,ORD00265_1
U00266,2024-07-22,90.48,ORD00265_3
U00266,2024-11-10,119.5,ORD00265_2
U00267,2024-01-28,207.17,ORD00266_2
U00267,2024-02-05,115.74,ORD00266_5
U00267,2024-03-23,273.79,ORD00266_7
U00267,2024-04-21,279.31,ORD00266_4
U00267,2024-04-26,310.21,ORD00266_1
U00267,2024-05-07,183.55,ORD00266_8
U00267,2024-05-11,213.18,ORD00266_0
U00267,2024-07-06,126.51,ORD00266_3
U00267,2024-08-04,205.69,ORD00266_6
U00268,2024-06-12,26.29,ORD00267_0
U00269,2024-02-08,137.22,ORD00268_2
U00269,2024-03-06,317.95,ORD00268_0
U00269,2024-10-26,302.72,ORD00268_1
U00270,2024-01-02,485.23,ORD00269_5
U00270,2024-02-18,547.58,ORD00269_1
U00270,2024-02-28,1122.8,ORD00269_3
U00270,2024-03-02,1372.43,ORD00269_15
U00270,2024-03-15,1086.03,ORD00269_22
U00270,2024-03-22,789.13,ORD00269_7
U00270,2024-04-09,1332.19,ORD00269_14
U00270,2024-04-15,862.34,ORD00269_11
U00270,2024-04-23,1161.81,ORD00269_16
U00270,2024-04-23,1024.06,ORD00269_23
U00270,2024-05-19,906.37,ORD00269_8
U00270,2024-05-22,715.18,ORD00269_17
U00270,2024-06-07,522.21,ORD00269_0
U00270,2024-06-18,398.28,ORD00269_18
U00270,2024-06-19,559.88,ORD00269_12
U00270,2024-06-20,1356.94,ORD00269_21
U00270,2024-07-29,1311.71,ORD00269_6
U00270,2024-08-29,528.27,ORD00269_20
U00270,2024-08-31,374.83,ORD00269_2
U00270,2024-09-26,849.66,ORD00269_9
U00270,2024-10-27,631.01,ORD00269_13
U00270,2024-12-14,697.37,ORD00269_19
U00270,2024-12-20,999.14,ORD00269_10
U00270,2024-12-24,512.53,ORD00269_4
U00271,2024-01-29,944.3,ORD00270_10
U00271,2024-01-30,449.06,ORD00270_9
U00271,2024-01-31,751.06,ORD00270_18
U00271,2024-03-02,618.09,ORD00270_12
U00271,2024-03-08,615.81,ORD00270_13
U00271,2024-03-09,1076.98,ORD00270_6
U00271,2024-04-07,927.17,ORD00270_5
U00271,2024-04-21,1094.98,ORD00270_1
U00271,2024-05-09,331.45,ORD00270_16
U00271,2024-05-09,474.12,ORD00270_19
U00271,2024-05-16,324.63,ORD00270_7
U00271,2024-05-20,1018.37,ORD00270_14
U00271,2024-06-11,948.32,ORD00270_15
U00271,2024-07-03,488.05,ORD00270_11
U00271,2024-07-14,613.8,ORD00270_2
U00271,2024-09-11,419.6,ORD00270_0
U00271,2024-10-15,519.9,ORD00270_8
U00271,2024-10-19,342.87,ORD00270_4
U00271,2024-10-23,814.47,ORD00270_17
U00271,2024-12-18,1067.13,ORD00270_3
U00272,2024-02-24,296.89,ORD00271_3
U00272,2024-03-11,216.21,ORD00271_2
U00272,2024-06-10,455.09,ORD00271_1
U00272,2024-09-12,617.52,ORD00271_0
U00273,2024-01-11,587.93,ORD00272_2
U00273,2024-01-16,699.69,ORD00272_19
U00273,2024-01-22,654.39,ORD00272_24
U00273,2024-01-26,311.99,ORD00272_20
U00273,2024-01-27,481.36,ORD00272_15
U00273,2024-01-30,512.27,ORD00272_8
U00273,2024-02-09,589.21,ORD00272_14
U00273,2024-02-13,736.54,ORD00272_5
U00273,2024-03-12,347.9,ORD00272_21
U00273,2024-04-13,221.01,ORD00272_4
U00273,2024-04-24,723.14,ORD00272_10
U00273,2024-05-25,291.5,ORD00272_3
U00273,2024-06-09,533.74,ORD00272_25
U00273,2024-06-18,661.48,ORD00272_16
U00273,2024-06-25,457.09,ORD00272_23
U00273,2024-07-05,477.87,ORD00272_6
U00273,2024-07-06,566.81,ORD00272_0
U00273,2024-07-06,641.66,ORD00272_17
U00273,2024-08-07,245.73,ORD00272_22
U00273,2024-08-16,650.3,ORD00272_18
U00273,2024-08-29,237.44,ORD00272_27
U00273,2024-09-11,308.86,ORD00272_7
U00273,2024-10-07,608.87,ORD00272_11
U00273,2024-10-24,699.97,ORD00272_1
U00273,2024-11-08,788.75,ORD00272_9
U00273,2024-11-23,624.41,ORD00272_13
U00273,2024-11-26,668.69,ORD00272_12
U00273,2024-12-18,501.19,ORD00272_26
U00274,2024-08-28,118.18,ORD00273_0
U00275,2024-03-12,42.97,ORD00274_1
U00275,2024-05-25,41.5,ORD00274_0
U00276,2024-03-19,840.55,ORD00275_6
U00276,2024-04-13,453.48,ORD00275_3
U00276,2024-04-29,1246.2,ORD00275_10
U00276,2024-05-19,1011.72,ORD00275_1
U00276,2024-05-20,830.49,ORD00275_4
U00276,2024-07-01,580.69,ORD00275_5
U00276,2024-07-04,788.78,ORD00275_8
U00276,2024-08-17,750.12,ORD00275_9
U00276,2024-09-02,1348.02,ORD00275_0
U00276,2024-09-03,648.78,ORD00275_11
U00276,2024-09-25,1328.43,ORD00275_7
U00276,2024-10-04,1291.82,ORD00275_2
U00276,2024-11-18,800.23,ORD00275_12
U00277,2024-03-03,66.53,ORD00276_2
U00277,2024-04-03,72.5,ORD00276_0
U00277,2024-05-08,89.78,ORD00276_1
U00278,2024-01-24,432.06,ORD00277_1
U00278,2024-01-31,692.74,ORD00277_10
U00278,2024-02-11,752.3,ORD00277_5
U00278,2024-05-22,445.06,ORD00277_4
U00278,2024-06-21,442.53,ORD00277_0
U00278,2024-07-10,619.19,ORD00277_7
U00278,2024-07-26,725.0,ORD00277_6
U00278,2024-08-02,795.89,ORD00277_9
U00278,2024-08-30,401.64,ORD00277_8
U00278,2024-10-08,785.3,ORD00277_11
U00278,2024-10-20,659.44,ORD00277_15
U00278,2024-10-30,226.09,ORD00277_13
U00278,2024-11-09,326.06,ORD00277_3
U00278,2024-11-18,577.75,ORD00277_14
U00278,2024-11-29,642.87,ORD00277_12
U00278,2024-12-21,794.7,ORD00277_2
U00279,2024-01-17,263.96,ORD00278_1
U00279,2024-02-13,173.81,ORD00278_0
U00279,2024-03-16,243.96,ORD00278_3
U00279,2024-06-16,143.52,ORD00278_2
U00280,2024-03-25,254.58,ORD00279_0
U00280,2024-04-08,178.38,ORD00279_1
U00280,2024-08-03,257.09,ORD00279_2
U00281,2024-01-27,736.79,ORD00280_2
U00281,2024-01-31,486.67,ORD00280_0
U00281,2024-02-27,201.79,ORD00280_4
U00281,2024-05-09,602.36,ORD00280_1
U00281,2024-12-24,542.98,ORD00280_3
U00282,2024-02-17,254.18,ORD00281_5
U00282,2024-04-30,569.2,ORD00281_1
U00282,2024-05-27,527.37,ORD00281_0
U00282,2024-06-17,250.13,ORD00281_2
U00282,2024-08-12,450.73,ORD00281_3
U00282,2024-09-17,624.77,ORD00281_4
U00282,2024-09-17,475.81,ORD00281_7
U00282,2024-10-17,441.32,ORD00281_6
U00282,2024-12-24,303.92,ORD00281_8
U00283,2024-03-09,168.06,ORD00282_0
U00284,2024-01-16,190.76,ORD00283_0
U00284,2024-02-08,584.91,ORD00283_2
U00284,2024-09-12,191.32,ORD00283_3
U00284,2024-11-27,284.34,ORD00283_1
U00285,2024-06-26,60.58,ORD00284_0
U00286,2024-08-01,104.58,ORD00285_0
U00287,2024-03-30,75.94,ORD00286_0
U00287,2024-11-06,152.93,ORD00286_1
U00288,2024-01-12,447.3,ORD00287_19
U00288,2024-01-18,652.18,ORD00287_8
U00288,2024-01-19,404.71,ORD00287_10
U00288,2024-01-21,919.51,ORD00287_20
U00288,2024-03-06,290.22,ORD00287_24
U00288,2024-03-17,806.2,ORD00287_6
U00288,2024-03-20,724.16,ORD00287_17
U00288,2024-03-24,630.62,ORD00287_12
U00288,2024-04-29,580.38,ORD00287_11
U00288,2024-06-29,584.98,ORD00287_5
U00288,2024-07-04,615.22,ORD00287_3
U00288,2024-07-07,749.99,ORD00287_9
U00288,2024-08-05,356.71,ORD00287_15
U00288,2024-08-09,453.38,ORD00287_16
U00288,2024-08-14,621.18,ORD00287_18
U00288,2024-08-15,432.87,ORD00287_21
U00288,2024-08-25,275.22,ORD00287_7
U00288,2024-09-01,310.88,ORD00287_0
U00288,2024-10-02,649.7,ORD00287_4
U00288,2024-10-05,599.52,ORD00287_2
U00288,2024-10-09,773.68,ORD00287_23
U00288,2024-10-14,408.34,ORD00287_22
U00288,2024-10-15,812.69,ORD00287_1
U00288,2024-11-25,405.07,ORD00287_13
U00288,2024-12-06,311.21,ORD00287_14
U00289,2024-02-24,447.76,ORD00288_0
U00289,2024-06-30,258.0,ORD00288_3
U00289,2024-07-16,624.13,ORD00288_1
U00289,2024-08-24,591.92,ORD00288_2
U00289,2024-09-11,527.1,ORD00288_4
U00289,2024-11-10,618.56,ORD00288_5
U00290,2024-01-15,474.19,ORD00289_11
U00290,2024-01-24,979.9,ORD00289_1
U00290,2024-01-29,669.84,ORD00289_13
U00290,2024-02-06,794.7,ORD00289_4
U00290,2024-02-19,276.84,ORD00289_21
U00290,2024-02-22,340.22,ORD00289_7
U00290,2024-04-09,813.99,ORD00289_10
U00290,2024-04-10,409.77,ORD00289_12
U00290,2024-05-18,856.67,ORD00289_20
U00290,2024-06-30,771.42,ORD00289_6
U00290,2024-07-09,771.87,ORD00289_23
U00290,2024-07-12,338.94,ORD00289_19
U00290,2024-07-20,735.39,ORD00289_22
U00290,2024-08-01,971.79,ORD00289_16
U00290,2024-08-14,1014.7,ORD00289_5
U00290,2024-08-22,1022.63,ORD00289_8
U00290,2024-09-12,350.57,ORD00289_0
U00290,2024-09-27,745.56,ORD00289_15
U00290,2024-10-05,907.54,ORD00289_17
U00290,2024-10-13,919.69,ORD00289_9
U00290,2024-10-14,282.35,ORD00289_3
U00290,2024-11-26,617.4,ORD00289_18
U00290,2024-12-12,544.46,ORD00289_2
U00290,2024-12-29,269.6,ORD00289_14
U00291,2024-01-15,167.39,ORD00290_2
U00291,2024-01-21,384.78,ORD00290_1
U00291,2024-03-09,209.69,ORD00290_5
U00291,2024-03-15,130.45,ORD00290_0
U00291,2024-03-26,294.86,ORD00290_3
U00291,2024-04-10,350.51,ORD00290_8
U00291,2024-04-30,470.7,ORD00290_7
U00291,2024-05-25,137.71,ORD00290_9
U00291,2024-07-24,319.15,ORD00290_13
U00291,2024-08-13,434.68,ORD00290_12
U00291,2024-08-30,218.49,ORD00290_10
U00291,2024-11-01,379.18,ORD00290_4
U00291,2024-11-29,279.37,ORD00290_6
U00291,2024-12-02,417.16,ORD00290_11
U00292,2024-01-24,345.2,ORD00291_9
U00292,2024-02-13,255.54,ORD00291_10
U00292,2024-04-02,754.1,ORD00291_15
U00292,2024-04-15,731.41,ORD00291_18
U00292,2024-06-06,679.91,ORD00291_2
U00292,2024-06-10,511.74,ORD00291_13
U00292,2024-06-16,760.57,ORD00291_7
U00292,2024-07-17,440.41,ORD00291_12
U00292,2024-07-21,581.74,ORD00291_8
U00292,2024-07-28,388.35,ORD00291_16
U00292,2024-08-07,230.15,ORD00291_17
U00292,2024-08-09,780.1,ORD00291_1
U00292,2024-08-21,253.61,ORD00291_14
U00292,2024-09-18,353.21,ORD00291_4
U00292,2024-10-06,318.6,ORD00291_6
U00292,2024-11-04,439.47,ORD00291_19
U00292,2024-11-21,377.38,ORD00291_3
U00292,2024-12-02,498.21,ORD00291_0
U00292,2024-12-09,616.9,ORD00291_5
U00292,2024-12-28,242.9,ORD00291_11
U00293,2024-11-23,65.25,ORD00292_0
U00294,2024-02-22,142.2,ORD00293_2
U00294,2024-04-01,357.35,ORD00293_0
U00294,2024-05-11,126.26,ORD00293_3
U00294,2024-12-24,137.33,ORD00293_1
U00295,2024-09-06,245.93,ORD00294_1
U00295,2024-11-18,174.44,ORD00294_0
U00296,2024-02-27,96.14,ORD00295_2
U00296,2024-07-07,63.3,ORD00295_0
U00296,2024-10-16,101.19,ORD00295_1
U00297,2024-02-08,258.14,ORD00296_1
U00297,2024-03-14,373.32,ORD00296_3
U00297,2024-03-18,213.44,ORD00296_0
U00297,2024-05-26,484.88,ORD00296_4
U00297,2024-07-24,279.25,ORD00296_6
U00297,2024-07-31,512.12,ORD00296_5
U00297,2024-12-01,336.38,ORD00296_2
U00298,2024-01-08,156.55,ORD00297_23
U00298,2024-02-03,378.9,ORD00297_27
U00298,2024-02-07,396.39,ORD00297_25
U00298,2024-03-27,318.71,ORD00297_16
U00298,2024-04-07,280.57,ORD00297_15
U00298,2024-04-14,350.72,ORD00297_0
U00298,2024-04-20,521.56,ORD00297_9
U00298,2024-05-06,511.59,ORD00297_10
U00298,2024-05-31,310.9,ORD00297_21
U00298,2024-06-03,174.52,ORD00297_11
U00298,2024-06-11,490.0,ORD00297_24
U00298,2024-07-01,488.76,ORD00297_7
U00298,2024-07-08,183.7,ORD00297_20
U00298,2024-07-17,463.53,ORD00297_17
U00298,2024-07-20,407.53,ORD00297_6
U00298,2024-08-06,152.94,ORD00297_26
U00298,2024-08-08,561.87,ORD00297_3
U00298,2024-08-23,521.18,ORD00297_28
U00298,2024-09-02,307.74,ORD00297_8
U00298,2024-09-14,169.41,ORD00297_1
U00298,2024-09-14,556.35,ORD00297_4
U00298,2024-09-14,346.63,ORD00297_5
U00298,2024-09-18,189.92,ORD00297_2
U00298,2024-09-20,573.2,ORD00297_14
U00298,2024-10-04,492.22,ORD00297_22
U00298,2024-10-07,276.53,ORD00297_19
U00298,2024-10-14,529.61,ORD00297_13
U00298,2024-10-15,342.96,ORD00297_12
U00298,2024-11-05,529.77,ORD00297_18
U00299,2024-01-09,183.23,ORD00298_0
U00299,2024-01-10,271.79,ORD00298_7
U00299,2024-03-05,111.23,ORD00298_5
U00299,2024-04-22,286.67,ORD00298_1
U00299,2024-04-24,228.62,ORD00298_4
U00299,2024-07-04,266.11,ORD00298_2
U00299,2024-08-26,112.52,ORD00298_6
U00299,2024-09-22,276.22,ORD00298_3
U00300,2024-04-27,32.72,ORD00299_1
U00300,2024-06-25,71.5,ORD00299_0
U00301,2024-09-09,145.9,ORD00300_0
U00301,2024-10-17,230.42,ORD00300_1
U00301,2024-12-23,272.64,ORD00300_2
U00302,2024-01-07,124.74,ORD00301_2
U00302,2024-02-24,373.09,ORD00301_3
U00302,2024-03-02,437.86,ORD00301_4
U00302,2024-07-10,114.59,ORD00301_1
U00302,2024-08-12,202.35,ORD00301_0
U00302,2024-08-19,433.35,ORD00301_5
U00302,2024-10-18,397.51,ORD00301_7
U00302,2024-12-19,429.98,ORD00301_6
U00303,2024-02-02,147.75,ORD00302_2
U00303,2024-05-22,63.19,ORD00302_1
U00303,2024-10-10,144.02,ORD00302_0
U00304,2024-03-07,323.61,ORD00303_7
U00304,2024-04-08,299.25,ORD00303_5
U00304,2024-04-18,283.51,ORD00303_1
U00304,2024-06-04,249.95,ORD00303_4
U00304,2024-08-27,94.52,ORD00303_2
U00304,2024-11-05,228.06,ORD00303_3
U00304,2024-11-22,234.89,ORD00303_6
U00304,2024-11-28,256.77,ORD00303_0
U00305,2024-02-21,65.95,ORD00304_0
U00305,2024-12-02,80.58,ORD00304_1
U00306,2024-03-04,685.01,ORD00305_0
U00306,2024-03-19,300.02,ORD00305_7
U00306,2024-03-30,305.16,ORD00305_5
U00306,2024-04-23,679.9,ORD00305_1
U00306,2024-05-24,559.87,ORD00305_2
U00306,2024-06-14,420.92,ORD00305_3
U00306,2024-06-24,405.05,ORD00305_8
U00306,2024-11-27,294.59,ORD00305_6
U00306,2024-12-14,717.83,ORD00305_4
U00307,2024-04-25,87.28,ORD00306_0
U00307,2024-08-17,205.09,ORD00306_1
U00308,2024-01-08,1217.56,ORD00307_7
U00308,2024-02-15,1206.97,ORD00307_6
U00308,2024-04-01,1096.55,ORD00307_3
U00308,2024-05-12,820.81,ORD00307_4
U00308,2024-06-09,457.59,ORD00307_11
U00308,2024-06-27,612.76,ORD00307_8
U00308,2024-07-02,950.08,ORD00307_2
U00308,2024-10-19,1005.86,ORD00307_9
U00308,2024-11-09,529.68,ORD00307_5
U00308,2024-11-26,1101.75,ORD00307_10
U00308,2024-12-10,693.55,ORD00307_0
U00308,2024-12-11,592.78,ORD00307_1
U00309,2024-07-07,45.85,ORD00308_2
U00309,2024-11-07,32.55,ORD00308_1
U00309,2024-11-13,51.65,ORD00308_0
U00310,2024-02-14,1031.55,ORD00309_3
U00310,2024-05-07,1206.7,ORD00309_0
U00310,2024-06-08,1369.82,ORD00309_6
U00310,2024-07-08,1163.92,ORD00309_8
U00310,2024-08-15,1254.3,ORD00309_5
U00310,2024-09-29,1516.96,ORD00309_1
U00310,2024-11-13,1500.19,ORD00309_4
U00310,2024-12-20,1355.11,ORD00309_2
U00310,2024-12-23,1337.34,ORD00309_7
U00311,2024-02-09,166.58,ORD00310_0
U00311,2024-03-22,124.71,ORD00310_1
U00312,2024-06-19,101.25,ORD00311_0
U00312,2024-06-25,81.55,ORD00311_1
U00313,2024-01-12,664.2,ORD00312_7
U00313,2024-01-24,498.73,ORD00312_2
U00313,2024-03-20,808.67,ORD00312_11
U00313,2024-04-02,357.98,ORD00312_4
U00313,2024-05-06,574.4,ORD00312_3
U00313,2024-05-08,483.55,ORD00312_0
U00313,2024-05-20,795.54,ORD00312_9
U00313,2024-06-07,795.65,ORD00312_13
U00313,2024-08-12,881.85,ORD00312_5
U00313,2024-08-15,598.04,ORD00312_8
U00313,2024-08-16,258.29,ORD00312_10
U00313,2024-10-03,310.74,ORD00312_1
U00313,2024-10-06,229.92,ORD00312_6
U00313,2024-10-16,758.42,ORD00312_12
U00314,2024-03-15,237.17,ORD00313_0
U00314,2024-07-12,286.47,ORD00313_2
U00314,2024-07-14,120.77,ORD00313_1
U00315,2024-01-19,20.45,ORD00314_0
U00316,2024-03-01,114.79,ORD00315_0
U00317,2024-04-22,182.82,ORD00316_2
U00317,2024-11-19,106.92,ORD00316_1
U00317,2024-12-24,214.7,ORD00316_0
U00318,2024-05-06,60.82,ORD00317_0
U00319,2024-02-21,62.25,ORD00318_1
U00319,2024-07-24,65.03,ORD00318_2
U00319,2024-11-28,85.9,ORD00318_0
U00320,2024-03-29,626.71,ORD00319_5
U00320,2024-05-28,518.05,ORD00319_4
U00320,2024-06-01,427.16,ORD00319_1
U00320,2024-06-12,668.01,ORD00319_3
U00320,2024-11-04,537.49,ORD00319_0
U00320,2024-12-07,283.06,ORD00319_2
U00321,2024-02-15,454.09,ORD00320_0
U00321,2024-03-19,527.0,ORD00320_4
U00321,2024-07-20,437.66,ORD00320_5
U00321,2024-08-07,549.6,ORD00320_2
U00321,2024-09-28,171.72,ORD00320_1
U00321,2024-10-01,556.73,ORD00320_3
U00322,2024-03-17,313.72,ORD00321_0
U00322,2024-08-26,265.07,ORD00321_2
U00322,2024-11-29,177.26,ORD00321_1
U00323,2024-02-12,107.26,ORD00322_7
U00323,2024-02-26,259.23,ORD00322_2
U00323,2024-06-03,222.64,ORD00322_8
U00323,2024-06-04,223.66,ORD00322_0
U00323,2024-07-21,173.15,ORD00322_3
U00323,2024-08-13,91.31,ORD00322_4
U00323,2024-10-22,175.86,ORD00322_1
U00323,2024-12-21,257.63,ORD00322_6
U00323,2024-12-28,233.7,ORD00322_5
U00324,2024-02-05,240.67,ORD00323_6
U00324,2024-02-20,248.39,ORD00323_2
U00324,2024-05-04,293.86,ORD00323_1
U00324,2024-07-11,447.65,ORD00323_5
U00324,2024-09-02,432.54,ORD00323_4
U00324,2024-09-23,263.92,ORD00323_7
U00324,2024-12-23,287.51,ORD00323_3
U00324,2024-12-26,207.17,ORD00323_0
U00325,2024-07-19,263.27,ORD00324_2
U00325,2024-08-17,118.89,ORD00324_5
U00325,2024-09-22,166.24,ORD00324_4
U00325,2024-10-15,268.13,ORD00324_0
U00325,2024-11-06,125.08,ORD00324_3
U00325,2024-11-09,85.47,ORD00324_1
U00326,2024-02-26,160.43,ORD00325_2
U00326,2024-04-18,165.76,ORD00325_0
U00326,2024-05-17,70.36,ORD00325_1
U00327,2024-01-24,808.05,ORD00326_12
U00327,2024-01-26,261.56,ORD00326_15
U00327,2024-02-12,405.79,ORD00326_2
U00327,2024-03-05,628.7,ORD00326_4
U00327,2024-03-15,831.49,ORD00326_17
U00327,2024-04-03,325.11,ORD00326_3
U00327,2024-04-14,355.21,ORD00326_0
U00327,2024-05-08,321.88,ORD00326_9
U00327,2024-05-17,779.93,ORD00326_22
U00327,2024-05-28,756.78,ORD00326_7
U00327,2024-07-22,701.42,ORD00326_23
U00327,2024-07-31,749.61,ORD00326_6
U00327,2024-08-25,839.38,ORD00326_16
U00327,2024-09-13,792.58,ORD00326_5
U00327,2024-10-04,505.31,ORD00326_8
U00327,2024-10-06,594.59,ORD00326_14
U00327,2024-10-11,608.7,ORD00326_21
U00327,2024-10-18,402.43,ORD00326_11
U00327,2024-10-21,437.86,ORD00326_20
U00327,2024-10-25,590.32,ORD00326_18
U00327,2024-11-06,827.56,ORD00326_13
U00327,2024-12-02,242.6,ORD00326_19
U00327,2024-12-15,428.48,ORD00326_24
U00327,2024-12-18,680.13,ORD00326_10
U00327,2024-12-25,637.91,ORD00326_1
U00328,2024-05-01,78.02,ORD00327_0
U00329,2024-01-22,254.08,ORD00328_0
U00329,2024-02-14,138.43,ORD00328_4
U00329,2024-02-18,362.78,ORD00328_1
U00329,2024-04-14,247.45,ORD00328_5
U00329,2024-05-13,135.48,ORD00328_8
U00329,2024-05-25,370.88,ORD00328_6
U00329,2024-10-25,110.87,ORD00328_7
U00329,2024-12-05,281.56,ORD00328_2
U00329,2024-12-21,179.71,ORD00328_3
U00330,2024-02-06,508.53,ORD00329_0
U00330,2024-03-02,145.89,ORD00329_3
U00330,2024-03-22,143.28,ORD00329_6
U00330,2024-06-09,495.6,ORD00329_4
U00330,2024-06-13,153.32,ORD00329_1
U00330,2024-07-10,176.0,ORD00329_2
U00330,2024-08-26,329.94,ORD00329_5
U00331,2024-01-28,392.38,ORD00330_4
U00331,2024-02-11,408.47,ORD00330_6
U00331,2024-02-27,180.16,ORD00330_3
U00331,2024-03-29,206.24,ORD00330_0
U00331,2024-05-04,431.95,ORD00330_5
U00331,2024-07-12,192.1,ORD00330_2
U00331,2024-09-09,230.54,ORD00330_1
U00332,2024-01-14,1023.95,ORD00331_10
U00332,2024-02-29,475.74,ORD00331_6
U00332,2024-03-10,477.31,ORD00331_8
U00332,2024-03-11,608.94,ORD00331_2
U00332,2024-03-25,1443.76,ORD00331_13
U00332,2024-04-10,943.92,ORD00331_16
U00332,2024-04-14,612.96,ORD00331_4
U00332,2024-06-02,744.55,ORD00331_12
U00332,2024-06-10,1598.75,ORD00331_5
U00332,2024-06-15,825.86,ORD00331_18
U00332,2024-06-17,1052.64,ORD00331_9
U00332,2024-07-26,597.57,ORD00331_14
U00332,2024-08-12,591.59,ORD00331_7
U00332,2024-08-23,939.32,ORD00331_3
U00332,2024-09-01,1457.29,ORD00331_11
U00332,2024-09-27,778.98,ORD00331_20
U00332,2024-10-21,1062.59,ORD00331_19
U00332,2024-11-02,744.57,ORD00331_15
U00332,2024-11-12,879.87,ORD00331_21
U00332,2024-11-15,765.03,ORD00331_1
U00332,2024-11-20,744.74,ORD00331_0
U00332,2024-12-03,1105.57,ORD00331_17
U00333,2024-09-22,126.16,ORD00332_1
U00333,2024-12-19,147.32,ORD00332_0
U00334,2024-01-10,322.4,ORD00333_6
U00334,2024-04-08,241.96,ORD00333_4
U00334,2024-04-18,120.14,ORD00333_1
U00334,2024-05-18,267.7,ORD00333_3
U00334,2024-07-15,120.62,ORD00333_8
U00334,2024-07-23,180.98,ORD00333_7
U00334,2024-08-10,370.85,ORD00333_0
U00334,2024-11-15,315.56,ORD00333_5
U00334,2024-12-19,108.74,ORD00333_2
U00335,2024-01-08,1288.78,ORD00334_11
U00335,2024-01-15,858.37,ORD00334_10
U00335,2024-03-12,1285.1,ORD00334_9
U00335,2024-04-26,632.12,ORD00334_14
U00335,2024-05-09,471.64,ORD00334_0
U00335,2024-05-11,882.7,ORD00334_1
U00335,2024-06-02,861.34,ORD00334_17
U00335,2024-06-14,967.68,ORD00334_13
U00335,2024-06-26,461.76,ORD00334_16
U00335,2024-07-12,864.54,ORD00334_7
U00335,2024-07-22,1316.24,ORD00334_8
U00335,2024-08-02,1151.61,ORD00334_3
U00335,2024-08-29,1162.74,ORD00334_6
U00335,2024-10-03,939.47,ORD00334_15
U00335,2024-10-07,945.83,ORD00334_2
U00335,2024-10-16,1329.5,ORD00334_4
U00335,2024-11-20,497.7,ORD00334_12
U00335,2024-12-15,1098.32,ORD00334_5
U00336,2024-03-30,96.26,ORD00335_1
U00336,2024-11-21,50.95,ORD00335_0
U00336,2024-12-24,156.2,ORD00335_2
U00337,2024-01-19,434.68,ORD00336_3
U00337,2024-02-16,274.98,ORD00336_5
U00337,2024-02-25,470.44,ORD00336_2
U00337,2024-03-13,488.99,ORD00336_7
U00337,2024-05-07,266.45,ORD00336_1
U00337,2024-06-01,470.66,ORD00336_0
U00337,2024-06-17,202.2,ORD00336_4
U00337,2024-06-17,157.62,ORD00336_8
U00337,2024-11-17,242.25,ORD00336_6
U00338,2024-04-14,118.58,ORD00337_2
U00338,2024-06-16,358.57,ORD00337_1
U00338,2024-08-17,181.25,ORD00337_0
U00338,2024-11-25,226.38,ORD00337_3
U00338,2024-12-20,410.51,ORD00337_4
U00339,2024-01-09,396.92,ORD00338_13
U00339,2024-01-19,579.62,ORD00338_9
U00339,2024-02-14,571.42,ORD00338_0
U00339,2024-02-16,556.93,ORD00338_19
U00339,2024-02-17,185.62,ORD00338_20
U00339,2024-04-13,163.84,ORD00338_6
U00339,2024-05-07,419.44,ORD00338_7
U00339,2024-05-15,474.86,ORD00338_10
U00339,2024-05-15,488.94,ORD00338_17
U00339,2024-06-11,410.01,ORD00338_1
U00339,2024-06-13,190.37,ORD00338_14
U00339,2024-06-20,461.23,ORD00338_18
U00339,2024-06-23,346.62,ORD00338_16
U00339,2024-08-15,551.94,ORD00338_12
U00339,2024-08-23,187.51,ORD00338_11
U00339,2024-08-26,529.56,ORD00338_4
U00339,2024-09-09,410.35,ORD00338_2
U00339,2024-10-02,266.77,ORD00338_15
U00339,2024-10-07,273.75,ORD00338_8
U00339,2024-10-11,614.22,ORD00338_3
U00339,2024-11-05,216.34,ORD00338_5
U00340,2024-03-13,37.3,ORD00339_0
U00340,2024-09-12,62.29,ORD00339_2
U00340,2024-11-24,53.76,ORD00339_1
U00341,2024-03-17,44.35,ORD00340_1
U00341,2024-07-29,53.11,ORD00340_0
U00342,2024-02-02,315.33,ORD00341_2
U00342,2024-03-24,116.66,ORD00341_1
U00342,2024-05-23,312.29,ORD00341_5
U00342,2024-06-06,138.12,ORD00341_3
U00342,2024-07-19,345.19,ORD00341_0
U00342,2024-08-11,357.04,ORD00341_6
U00342,2024-08-31,97.89,ORD00341_7
U00342,2024-09-07,375.73,ORD00341_4
U00343,2024-02-18,393.24,ORD00342_1
U00343,2024-03-03,322.18,ORD00342_0
U00343,2024-09-11,343.44,ORD00342_4
U00343,2024-10-15,592.27,ORD00342_2
U00343,2024-11-27,443.62,ORD00342_3
U00344,2024-07-17,73.05,ORD00343_0
U00345,2024-01-08,431.02,ORD00344_9
U00345,2024-02-02,1113.9,ORD00344_5
U00345,2024-02-15,578.87,ORD00344_6
U00345,2024-02-24,328.17,ORD00344_8
U00345,2024-03-06,739.61,ORD00344_4
U00345,2024-03-15,439.89,ORD00344_1
U00345,2024-03-28,326.88,ORD00344_3
U00345,2024-05-29,902.27,ORD00344_12
U00345,2024-06-24,1043.46,ORD00344_10
U00345,2024-07-08,1020.01,ORD00344_2
U00345,2024-09-05,772.92,ORD00344_0
U00345,2024-11-08,559.12,ORD00344_7
U00345,2024-11-12,504.22,ORD00344_11
U00346,2024-01-10,557.94,ORD00345_1
U00346,2024-02-10,503.75,ORD00345_10
U00346,2024-02-26,427.4,ORD00345_3
U00346,2024-03-16,829.34,ORD00345_8
U00346,2024-03-23,562.07,ORD00345_5
U00346,2024-04-20,468.14,ORD00345_2
U00346,2024-04-20,274.12,ORD00345_7
U00346,2024-04-22,576.91,ORD00345_4
U00346,2024-05-10,286.66,ORD00345_9
U00346,2024-12-14,558.34,ORD00345_6
U00346,2024-12-26,648.34,ORD00345_0
U00347,2024-01-13,137.06,ORD00346_0
U00347,2024-01-25,371.82,ORD00346_15
U00347,2024-02-20,374.71,ORD00346_4
U00347,2024-04-03,260.22,ORD00346_13
U00347,2024-04-03,150.78,ORD00346_25
U00347,2024-04-14,420.37,ORD00346_23
U00347,2024-04-19,316.22,ORD00346_7
U00347,2024-05-07,380.08,ORD00346_9
U00347,2024-05-19,416.08,ORD00346_12
U00347,2024-05-31,161.59,ORD00346_8
U00347,2024-06-16,244.64,ORD00346_5
U00347,2024-06-25,375.59,ORD00346_20
U00347,2024-07-08,136.99,ORD00346_18
U00347,2024-07-11,214.0,ORD00346_3
U00347,2024-07-19,161.05,ORD00346_17
U00347,2024-07-25,124.26,ORD00346_6
U00347,2024-07-27,294.19,ORD00346_2
U00347,2024-07-27,273.02,ORD00346_21
U00347,2024-08-16,398.11,ORD00346_14
U00347,2024-09-13,245.36,ORD00346_27
U00347,2024-10-05,201.71,ORD00346_24
U00347,2024-10-07,279.24,ORD00346_16
U00347,2024-10-15,262.39,ORD00346_26
U00347,2024-11-02,408.5,ORD00346_1
U00347,2024-11-23,386.95,ORD00346_22
U00347,2024-12-20,353.7,ORD00346_19
U00347,2024-12-21,305.86,ORD00346_10
U00347,2024-12-30,259.26,ORD00346_11
U00348,2024-01-23,434.92,ORD00347_5
U00348,2024-04-20,424.81,ORD00347_1
U00348,2024-08-02,317.55,ORD00347_4
U00348,2024-08-11,549.15,ORD00347_8
U00348,2024-09-26,439.75,ORD00347_0
U00348,2024-10-09,571.92,ORD00347_3
U00348,2024-11-19,412.55,ORD00347_7
U00348,2024-12-04,328.03,ORD00347_2
U00348,2024-12-27,517.87,ORD00347_6
U00349,2024-01-11,328.17,ORD00348_2
U00349,2024-01-15,128.01,ORD00348_3
U00349,2024-01-28,270.85,ORD00348_5
U00349,2024-03-13,433.19,ORD00348_4
U00349,2024-05-31,318.36,ORD00348_1
U00349,2024-07-12,338.35,ORD00348_0
U00350,2024-01-10,1012.23,ORD00349_7
U00350,2024-02-06,1042.89,ORD00349_9
U00350,2024-02-22,1109.51,ORD00349_3
U00350,2024-02-25,536.91,ORD00349_12
U00350,2024-02-27,831.1,ORD00349_6
U00350,2024-03-10,285.38,ORD00349_2
U00350,2024-07-31,708.63,ORD00349_11
U00350,2024-08-26,332.6,ORD00349_13
U00350,2024-08-29,851.34,ORD00349_10
U00350,2024-09-10,976.29,ORD00349_0
U00350,2024-10-05,1033.87,ORD00349_15
U00350,2024-10-20,507.24,ORD00349_1
U00350,2024-10-21,881.0,ORD00349_8
U00350,2024-11-12,687.59,ORD00349_16
U00350,2024-11-25,437.07,ORD00349_4
U00350,2024-11-30,333.56,ORD00349_5
U00350,2024-12-27,861.85,ORD00349_14
U00351,2024-01-16,53.12,ORD00350_0
U00351,2024-02-26,86.68,ORD00350_1
U00352,2024-01-30,197.89,ORD00351_0
U00352,2024-08-22,479.3,ORD00351_2
U00352,2024-09-21,526.13,ORD00351_3
U00352,2024-10-14,135.15,ORD00351_1
U00353,2024-06-11,66.07,ORD00352_2
U00353,2024-10-16,87.24,ORD00352_1
U00353,2024-11-15,62.32,ORD00352_0
U00354,2024-03-23,68.31,ORD00353_0
U00355,2024-04-16,125.86,ORD00354_0
U00355,2024-08-31,119.92,ORD00354_1
U00355,2024-12-19,77.9,ORD00354_2
U00356,2024-03-16,319.41,ORD00355_4
U00356,2024-05-02,450.04,ORD00355_0
U00356,2024-07-05,372.05,ORD00355_1
U00356,2024-09-09,383.69,ORD00355_3
U00356,2024-12-13,286.36,ORD00355_2
U00357,2024-03-01,377.77,ORD00356_3
U00357,2024-08-25,643.33,ORD00356_0
U00357,2024-09-29,766.32,ORD00356_2
U00357,2024-12-21,486.55,ORD00356_1
U00358,2024-01-27,341.55,ORD00357_2
U00358,2024-03-29,348.02,ORD00357_0
U00358,2024-06-30,454.52,ORD00357_3
U00358,2024-08-27,477.52,ORD00357_4
U00358,2024-10-08,519.93,ORD00357_1
U00359,2024-02-07,460.36,ORD00358_0
U00359,2024-02-25,348.43,ORD00358_1
U00359,2024-11-29,448.78,ORD00358_3
U00359,2024-12-04,185.82,ORD00358_4
U00359,2024-12-24,306.18,ORD00358_2
U00360,2024-01-23,203.67,ORD00359_1
U00360,2024-02-16,433.91,ORD00359_6
U00360,2024-04-19,261.83,ORD00359_7
U00360,2024-06-17,320.49,ORD00359_3
U00360,2024-07-21,149.48,ORD00359_4
U00360,2024-08-18,267.81,ORD00359_0
U00360,2024-09-29,431.07,ORD00359_5
U00360,2024-10-22,402.77,ORD00359_2
U00360,2024-12-30,441.34,ORD00359_8
U00361,2024-02-12,22.2,ORD00360_1
U00361,2024-02-15,43.84,ORD00360_0
U00362,2024-01-02,633.35,ORD00361_2
U00362,2024-06-04,443.26,ORD00361_0
U00362,2024-09-26,546.81,ORD00361_1
U00363,2024-01-04,549.38,ORD00362_3
U00363,2024-03-31,376.57,ORD00362_1
U00363,2024-06-13,176.1,ORD00362_0
U00363,2024-07-25,229.72,ORD00362_2
U00364,2024-02-25,466.63,ORD00363_6
U00364,2024-03-10,497.85,ORD00363_4
U00364,2024-05-20,484.29,ORD00363_3
U00364,2024-06-12,569.32,ORD00363_1
U00364,2024-07-05,383.31,ORD00363_0
U00364,2024-07-16,144.44,ORD00363_5
U00364,2024-08-05,456.03,ORD00363_2
U00364,2024-10-19,227.14,ORD00363_7
U00365,2024-02-07,212.25,ORD00364_6
U00365,2024-02-17,224.02,ORD00364_2
U00365,2024-02-28,671.58,ORD00364_7
U00365,2024-02-29,606.65,ORD00364_4
U00365,2024-03-04,197.31,ORD00364_1
U00365,2024-03-05,519.5,ORD00364_5
U00365,2024-10-18,252.53,ORD00364_0
U00365,2024-12-02,351.06,ORD00364_3
U00365,2024-12-22,299.28,ORD00364_8
U00366,2024-03-05,145.47,ORD00365_0
U00367,2024-06-08,123.14,ORD00366_0
U00368,2024-01-02,125.46,ORD00367_0
U00368,2024-03-01,134.98,ORD00367_2
U00368,2024-05-24,84.42,ORD00367_1
U00369,2024-01-27,571.46,ORD00368_11
U00369,2024-02-01,471.01,ORD00368_14
U00369,2024-02-12,335.02,ORD00368_0
U00369,2024-03-01,568.97,ORD00368_12
U00369,2024-03-05,347.32,ORD00368_7
U00369,2024-03-20,524.77,ORD00368_6
U00369,2024-03-20,203.44,ORD00368_17
U00369,2024-03-29,390.83,ORD00368_9
U00369,2024-04-24,472.61,ORD00368_25
U00369,2024-04-26,552.24,ORD00368_24
U00369,2024-04-28,436.84,ORD00368_21
U00369,2024-05-04,693.48,ORD00368_5
U00369,2024-05-27,212.27,ORD00368_4
U00369,2024-06-07,252.76,ORD00368_19
U00369,2024-06-18,456.63,ORD00368_2
U00369,2024-06-26,257.43,ORD00368_1
U00369,2024-07-19,307.63,ORD00368_8
U00369,2024-08-06,228.97,ORD00368_13
U00369,2024-08-24,206.87,ORD00368_15
U00369,2024-09-27,213.12,ORD00368_10
U00369,2024-10-18,617.58,ORD00368_20
U00369,2024-10-28,199.41,ORD00368_26
U00369,2024-11-03,524.41,ORD00368_18
U00369,2024-11-12,364.08,ORD00368_16
U00369,2024-11-26,319.2,ORD00368_22
U00369,2024-12-01,317.2,ORD00368_3
U00369,2024-12-26,506.0,ORD00368_23
U00370,2024-05-26,77.35,ORD00369_0
U00370,2024-06-21,61.62,ORD00369_1
U00371,2024-01-02,301.98,ORD00370_5
U00371,2024-05-16,323.22,ORD00370_3
U00371,2024-06-14,172.68,ORD00370_2
U00371,2024-07-07,155.52,ORD00370_4
U00371,2024-11-17,288.16,ORD00370_1
U00371,2024-12-21,256.26,ORD00370_0
U00372,2024-02-23,103.88,ORD00371_2
U00372,2024-03-20,73.09,ORD00371_6
U00372,2024-05-20,188.52,ORD00371_1
U00372,2024-07-13,142.31,ORD00371_0
U00372,2024-07-21,125.98,ORD00371_5
U00372,2024-09-14,208.68,ORD00371_4
U00372,2024-12-03,240.14,ORD00371_3
U00373,2024-04-16,56.66,ORD00372_2
U00373,2024-05-05,45.62,ORD00372_0
U00373,2024-07-24,30.24,ORD00372_1
U00374,2024-01-21,940.23,ORD00373_9
U00374,2024-02-23,679.32,ORD00373_2
U00374,2024-04-04,445.49,ORD00373_1
U00374,2024-04-22,385.99,ORD00373_11
U00374,2024-05-24,389.31,ORD00373_6
U00374,2024-06-12,763.26,ORD00373_4
U00374,2024-06-19,587.48,ORD00373_10
U00374,2024-08-03,468.67,ORD00373_5
U00374,2024-08-22,506.51,ORD00373_3
U00374,2024-09-13,1066.57,ORD00373_8
U00374,2024-09-22,874.26,ORD00373_12
U00374,2024-11-06,634.46,ORD00373_7
U00374,2024-11-24,367.29,ORD00373_0
U00375,2024-02-20,299.22,ORD00374_0
U00375,2024-03-14,336.11,ORD00374_2
U00375,2024-03-19,146.29,ORD00374_1
U00375,2024-05-08,267.47,ORD00374_4
U00375,2024-07-02,349.34,ORD00374_3
U00375,2024-07-04,183.28,ORD00374_5
U00376,2024-02-10,608.57,ORD00375_8
U00376,2024-04-09,354.04,ORD00375_1
U00376,2024-06-24,800.13,ORD00375_4
U00376,2024-08-10,668.32,ORD00375_7
U00376,2024-09-26,835.22,ORD00375_3
U00376,2024-10-03,896.66,ORD00375_6
U00376,2024-10-11,260.32,ORD00375_0
U00376,2024-10-20,720.26,ORD00375_9
U00376,2024-12-06,840.59,ORD00375_5
U00376,2024-12-11,313.88,ORD00375_2
U00377,2024-03-01,77.05,ORD00376_0
U00377,2024-06-22,95.78,ORD00376_1
U00377,2024-11-29,111.28,ORD00376_2
U00378,2024-01-31,538.19,ORD00377_4
U00378,2024-02-15,656.56,ORD00377_5
U00378,2024-02-21,636.58,ORD00377_6
U00378,2024-02-21,299.97,ORD00377_9
U00378,2024-02-24,741.91,ORD00377_1
U00378,2024-03-07,774.19,ORD00377_13
U00378,2024-03-14,558.19,ORD00377_7
U00378,2024-03-17,496.2,ORD00377_8
U00378,2024-03-27,667.77,ORD00377_10
U00378,2024-04-05,261.86,ORD00377_16
U00378,2024-04-22,347.43,ORD00377_18
U00378,2024-06-09,732.3,ORD00377_2
U00378,2024-07-07,320.34,ORD00377_15
U00378,2024-07-16,408.25,ORD00377_3
U00378,2024-08-12,770.35,ORD00377_11
U00378,2024-09-04,823.59,ORD00377_12
U00378,2024-09-19,532.39,ORD00377_17
U00378,2024-11-22,281.59,ORD00377_14
U00378,2024-11-28,764.47,ORD00377_0
U00379,2024-04-30,101.83,ORD00378_0
U00379,2024-05-01,281.37,ORD00378_1
U00380,2024-03-02,270.21,ORD00379_3
U00380,2024-06-21,143.31,ORD00379_1
U00380,2024-07-18,471.22,ORD00379_0
U00380,2024-08-05,379.63,ORD00379_2
U00381,2024-04-24,58.15,ORD00380_0
U00382,2024-05-20,82.83,ORD00381_1
U00382,2024-08-13,100.02,ORD00381_0
U00383,2024-03-12,185.28,ORD00382_2
U00383,2024-03-25,281.79,ORD00382_1
U00383,2024-07-21,198.21,ORD00382_0
U00384,2024-01-20,657.71,ORD00383_0
U00384,2024-03-29,291.38,ORD00383_2
U00384,2024-08-08,188.98,ORD00383_1
U00384,2024-12-15,466.01,ORD00383_3
U00385,2024-01-01,519.52,ORD00384_22
U00385,2024-01-09,302.95,ORD00384_18
U00385,2024-01-10,421.78,ORD00384_12
U00385,2024-01-19,858.24,ORD00384_10
U00385,2024-03-11,704.07,ORD00384_6
U00385,2024-03-20,820.41,ORD00384_24
U00385,2024-04-06,671.45,ORD00384_16
U00385,2024-04-19,666.11,ORD00384_5
U00385,2024-04-30,348.69,ORD00384_2
U00385,2024-05-04,571.3,ORD00384_21
U00385,2024-05-07,764.19,ORD00384_4
U00385,2024-05-28,703.73,ORD00384_17
U00385,2024-06-14,712.45,ORD00384_9
U00385,2024-06-21,378.36,ORD00384_3
U00385,2024-07-02,321.61,ORD00384_11
U00385,2024-08-10,393.18,ORD00384_1
U00385,2024-08-15,794.24,ORD00384_0
U00385,2024-09-24,451.16,ORD00384_7
U00385,2024-09-29,549.5,ORD00384_19
U00385,2024-10-23,783.83,ORD00384_23
U00385,2024-10-27,501.55,ORD00384_20
U00385,2024-11-15,335.31,ORD00384_13
U00385,2024-11-23,259.52,ORD00384_8
U00385,2024-12-01,643.84,ORD00384_15
U00385,2024-12-13,699.91,ORD00384_14
U00386,2024-01-23,1292.28,ORD00385_23
U00386,2024-01-25,1099.58,ORD00385_1
U00386,2024-02-08,936.97,ORD00385_19
U00386,2024-02-23,1263.38,ORD00385_25
U00386,2024-03-04,1333.03,ORD00385_13
U00386,2024-03-16,1109.43,ORD00385_12
U00386,2024-04-04,1273.74,ORD00385_4
U00386,2024-05-14,963.35,ORD00385_8
U00386,2024-05-15,355.26,ORD00385_0
U00386,2024-05-25,1208.47,ORD00385_5
U00386,2024-06-08,751.99,ORD00385_10
U00386,2024-06-21,964.08,ORD00385_20
U00386,2024-07-01,1030.79,ORD00385_2
U00386,2024-07-15,1030.1,ORD00385_22
U00386,2024-07-28,1270.8,ORD00385_18
U00386,2024-08-01,1012.86,ORD00385_17
U00386,2024-08-13,1255.55,ORD00385_21
U00386,2024-08-18,536.56,ORD00385_6
U00386,2024-08-29,984.77,ORD00385_24
U00386,2024-09-15,1054.05,ORD00385_16
U00386,2024-09-17,438.11,ORD00385_15
U00386,2024-09-25,1229.47,ORD00385_14
U00386,2024-11-03,1000.44,ORD00385_11
U00386,2024-11-14,1257.45,ORD00385_9
U00386,2024-12-01,1249.9,ORD00385_7
U00386,2024-12-03,1152.78,ORD00385_3
U00387,2024-04-04,217.34,ORD00386_8
U00387,2024-04-09,219.09,ORD00386_2
U00387,2024-05-15,291.21,ORD00386_6
U00387,2024-06-26,128.95,ORD00386_4
U00387,2024-07-27,227.42,ORD00386_1
U00387,2024-09-14,298.34,ORD00386_3
U00387,2024-09-24,281.53,ORD00386_7
U00387,2024-11-12,292.16,ORD00386_0
U00387,2024-12-07,242.09,ORD00386_5
U00388,2024-03-21,324.99,ORD00387_0
U00388,2024-04-19,653.88,ORD00387_6
U00388,2024-06-02,633.86,ORD00387_8
U00388,2024-07-25,549.16,ORD00387_4
U00388,2024-07-26,529.96,ORD00387_2
U00388,2024-07-28,425.52,ORD00387_7
U00388,2024-09-18,305.41,ORD00387_1
U00388,2024-09-22,602.2,ORD00387_3
U00388,2024-10-14,447.38,ORD00387_5
U00389,2024-05-10,88.03,ORD00388_0
U00389,2024-08-15,165.04,ORD00388_1
U00389,2024-08-19,186.74,ORD00388_2
U00390,2024-05-26,352.91,ORD00389_2
U00390,2024-08-22,217.05,ORD00389_4
U00390,2024-10-22,339.95,ORD00389_0
U00390,2024-10-25,368.44,ORD00389_3
U00390,2024-11-25,311.07,ORD00389_1
U00391,2024-01-05,509.61,ORD00390_0
U00391,2024-01-09,172.4,ORD00390_5
U00391,2024-03-31,420.12,ORD00390_1
U00391,2024-04-13,179.8,ORD00390_2
U00391,2024-07-29,164.14,ORD00390_4
U00391,2024-12-04,417.19,ORD00390_3
U00392,2024-01-22,370.81,ORD00391_5
U00392,2024-01-27,423.61,ORD00391_1
U00392,2024-02-09,159.84,ORD00391_6
U00392,2024-07-01,312.14,ORD00391_7
U00392,2024-09-13,139.48,ORD00391_4
U00392,2024-11-01,305.06,ORD00391_3
U00392,2024-12-16,530.23,ORD00391_0
U00392,2024-12-30,400.76,ORD00391_2
U00393,2024-05-16,80.5,ORD00392_0
U00393,2024-12-01,85.04,ORD00392_1
U00394,2024-08-10,104.54,ORD00393_2
U00394,2024-09-26,81.69,ORD00393_0
U00394,2024-10-26,81.92,ORD00393_1
U00395,2024-07-07,33.93,ORD00394_0
U00396,2024-06-18,559.15,ORD00395_1
U00396,2024-09-11,392.17,ORD00395_0
U00396,2024-12-10,628.07,ORD00395_2
U00397,2024-01-22,108.55,ORD00396_6
U00397,2024-02-17,234.35,ORD00396_7
U00397,2024-06-11,66.94,ORD00396_8
U00397,2024-07-06,223.72,ORD00396_1
U00397,2024-07-17,178.6,ORD00396_2
U00397,2024-09-25,135.14,ORD00396_0
U00397,2024-09-25,196.19,ORD00396_4
U00397,2024-10-14,209.03,ORD00396_3
U00397,2024-11-13,149.76,ORD00396_5
U00398,2024-05-17,97.6,ORD00397_0
U00398,2024-06-20,42.85,ORD00397_2
U00398,2024-11-23,76.91,ORD00397_1
U00399,2024-01-03,676.22,ORD00398_2
U00399,2024-02-02,406.72,ORD00398_1
U00399,2024-08-14,256.25,ORD00398_3
U00399,2024-09-09,540.12,ORD00398_0
U00399,2024-11-08,302.5,ORD00398_4
U00400,2024-01-18,350.55,ORD00399_3
U00400,2024-08-18,231.51,ORD00399_5
U00400,2024-11-11,483.71,ORD00399_6
U00400,2024-11-20,261.49,ORD00399_1
U00400,2024-11-28,387.01,ORD00399_0
U00400,2024-12-13,345.0,ORD00399_2
U00400,2024-12-20,340.02,ORD00399_4
U00401,2024-01-18,188.67,ORD00400_2
U00401,2024-02-23,207.29,ORD00400_4
U00401,2024-06-15,276.91,ORD00400_3
U00401,2024-08-22,237.7,ORD00400_1
U00401,2024-12-18,260.54,ORD00400_0
U00402,2024-11-19,52.96,ORD00401_0
U00403,2024-06-11,77.25,ORD00402_5
U00403,2024-07-09,165.3,ORD00402_0
U00403,2024-07-24,123.65,ORD00402_3
U00403,2024-08-16,205.82,ORD00402_1
U00403,2024-10-17,128.36,ORD00402_4
U00403,2024-11-15,118.99,ORD00402_2
U00404,2024-05-25,90.79,ORD00403_0
U00404,2024-06-12,90.77,ORD00403_1
U00404,2024-10-24,207.25,ORD00403_2
U00405,2024-04-16,156.61,ORD00404_2
U00405,2024-07-02,202.55,ORD00404_4
U00405,2024-08-10,112.06,ORD00404_3
U00405,2024-08-21,156.85,ORD00404_0
U00405,2024-11-28,209.76,ORD00404_1
U00406,2024-05-14,114.21,ORD00405_1
U00406,2024-11-19,84.61,ORD00405_0
U00407,2024-01-04,111.87,ORD00406_1
U00407,2024-04-19,54.05,ORD00406_0
U00407,2024-06-14,167.35,ORD00406_2
U00408,2024-01-21,480.23,ORD00407_7
U00408,2024-02-24,430.59,ORD00407_9
U00408,2024-04-06,218.57,ORD00407_8
U00408,2024-04-10,289.14,ORD00407_1
U00408,2024-06-21,324.8,ORD00407_4
U00408,2024-07-25,286.74,ORD00407_0
U00408,2024-08-28,329.9,ORD00407_2
U00408,2024-09-03,161.04,ORD00407_3
U00408,2024-10-10,484.8,ORD00407_5
U00408,2024-12-23,324.73,ORD00407_6
U00409,2024-01-26,94.86,ORD00408_5
U00409,2024-02-18,120.63,ORD00408_4
U00409,2024-05-18,181.71,ORD00408_2
U00409,2024-08-02,87.83,ORD00408_0
U00409,2024-08-22,209.18,ORD00408_1
U00409,2024-08-22,203.84,ORD00408_6
U00409,2024-09-13,211.38,ORD00408_3
U00410,2024-01-19,793.23,ORD00409_7
U00410,2024-01-29,1252.81,ORD00409_8
U00410,2024-02-20,609.16,ORD00409_0
U00410,2024-03-07,1116.51,ORD00409_1
U00410,2024-03-19,560.61,ORD00409_6
U00410,2024-04-18,1233.24,ORD00409_5
U00410,2024-05-21,998.74,ORD00409_4
U00410,2024-05-30,843.57,ORD00409_10
U00410,2024-06-03,905.0,ORD00409_2
U00410,2024-06-16,472.47,ORD00409_3
U00410,2024-06-20,999.39,ORD00409_13
U00410,2024-06-30,1161.58,ORD00409_11
U00410,2024-07-25,760.87,ORD00409_9
U00410,2024-08-23,1225.15,ORD00409_12
U00411,2024-02-07,278.71,ORD00410_1
U00411,2024-04-04,264.58,ORD00410_3
U00411,2024-06-02,212.67,ORD00410_0
U00411,2024-06-19,84.48,ORD00410_4
U00411,2024-07-17,208.91,ORD00410_5
U00411,2024-09-11,283.25,ORD00410_2
U00412,2024-02-24,41.44,ORD00411_0
U00413,2024-01-02,987.5,ORD00412_13
U00413,2024-01-02,1135.27,ORD00412_22
U00413,2024-02-01,853.52,ORD00412_7
U00413,2024-02-10,1127.92,ORD00412_11
U00413,2024-02-18,1387.58,ORD00412_3
U00413,2024-03-31,862.97,ORD00412_6
U00413,2024-05-01,939.29,ORD00412_2
U00413,2024-05-06,1049.01,ORD00412_5
U00413,2024-05-09,1296.57,ORD00412_23
U00413,2024-05-28,671.47,ORD00412_12
U00413,2024-06-06,389.46,ORD00412_1
U00413,2024-06-11,697.64,ORD00412_9
U00413,2024-07-12,670.53,ORD00412_14
U00413,2024-07-30,1181.62,ORD00412_17
U00413,2024-08-09,1072.84,ORD00412_0
U00413,2024-08-15,613.13,ORD00412_25
U00413,2024-09-05,815.9,ORD00412_20
U00413,2024-09-16,1300.58,ORD00412_24
U00413,2024-09-20,1295.7,ORD00412_10
U00413,2024-09-25,1235.26,ORD00412_8
U00413,2024-09-29,1388.52,ORD00412_19
U00413,2024-10-23,1177.5,ORD00412_4
U00413,2024-10-30,1276.31,ORD00412_21
U00413,2024-12-01,655.49,ORD00412_15
U00413,2024-12-08,1372.89,ORD00412_16
U00413,2024-12-27,750.34,ORD00412_18
U00414,2024-05-17,200.26,ORD00413_0
U00414,2024-08-21,157.59,ORD00413_1
U00415,2024-06-10,147.03,ORD00414_0
U00416,2024-09-05,24.66,ORD00415_1
U00416,2024-12-29,54.34,ORD00415_0
U00417,2024-01-10,234.97,ORD00416_0
U00417,2024-01-26,281.48,ORD00416_3
U00417,2024-07-10,345.75,ORD00416_2
U00417,2024-09-19,355.94,ORD00416_1
U00418,2024-01-12,268.27,ORD00417_3
U00418,2024-02-26,352.02,ORD00417_2
U00418,2024-04-01,198.91,ORD00417_4
U00418,2024-05-12,221.5,ORD00417_6
U00418,2024-06-28,208.66,ORD00417_8
U00418,2024-07-11,327.51,ORD00417_0
U00418,2024-09-05,121.4,ORD00417_1
U00418,2024-10-21,262.63,ORD00417_7
U00418,2024-11-21,140.56,ORD00417_5
U00419,2024-09-19,31.18,ORD00418_0
U00420,2024-10-08,27.52,ORD00419_0
U00420,2024-11-14,79.77,ORD00419_1
U00421,2024-02-11,115.47,ORD00420_0
U00421,2024-08-02,97.91,ORD00420_1
U00421,2024-09-21,151.08,ORD00420_2
U00422,2024-03-17,448.73,ORD00421_2
U00422,2024-04-04,683.92,ORD00421_0
U00422,2024-09-10,516.73,ORD00421_3
U00422,2024-11-26,377.59,ORD00421_4
U00422,2024-12-01,703.48,ORD00421_1
U00423,2024-04-24,265.17,ORD00422_4
U00423,2024-08-15,374.69,ORD00422_5
U00423,2024-09-06,381.89,ORD00422_1
U00423,2024-11-16,202.35,ORD00422_0
U00423,2024-11-19,433.33,ORD00422_3
U00423,2024-12-10,132.63,ORD00422_2
U00424,2024-01-19,631.5,ORD00423_1
U00424,2024-03-13,338.51,ORD00423_2
U00424,2024-03-25,265.43,ORD00423_5
U00424,2024-04-14,213.02,ORD00423_6
U00424,2024-04-19,436.18,ORD00423_0
U00424,2024-05-02,745.2,ORD00423_7
U00424,2024-09-30,777.98,ORD00423_4
U00424,2024-11-05,507.7,ORD00423_3
U00425,2024-01-05,327.66,ORD00424_0
U00425,2024-05-12,260.92,ORD00424_2
U00425,2024-06-28,411.2,ORD00424_1
U00426,2024-05-04,100.39,ORD00425_0
U00426,2024-11-02,35.78,ORD00425_1
U00426,2024-11-13,124.34,ORD00425_2
U00427,2024-01-19,242.43,ORD00426_7
U00427,2024-02-17,231.33,ORD00426_2
U00427,2024-02-20,246.36,ORD00426_17
U00427,2024-03-10,387.7,ORD00426_5
U00427,2024-03-21,374.0,ORD00426_9
U00427,2024-03-23,293.63,ORD00426_20
U00427,2024-04-04,556.18,ORD00426_8
U00427,2024-04-12,185.95,ORD00426_10
U00427,2024-05-11,230.04,ORD00426_1
U00427,2024-05-13,693.42,ORD00426_16
U00427,2024-06-27,271.2,ORD00426_3
U00427,2024-07-10,256.28,ORD00426_19
U00427,2024-09-28,477.16,ORD00426_6
U00427,2024-09-30,280.5,ORD00426_14
U00427,2024-10-07,633.29,ORD00426_18
U00427,2024-11-02,529.94,ORD00426_0
U00427,2024-11-06,523.17,ORD00426_15
U00427,2024-11-07,697.95,ORD00426_21
U00427,2024-11-16,605.75,ORD00426_13
U00427,2024-11-25,634.15,ORD00426_4
U00427,2024-12-16,536.97,ORD00426_11
U00427,2024-12-20,695.69,ORD00426_12
U00428,2024-01-10,135.6,ORD00427_0
U00428,2024-02-04,485.56,ORD00427_6
U00428,2024-07-18,388.16,ORD00427_4
U00428,2024-08-03,345.8,ORD00427_5
U00428,2024-08-05,273.13,ORD00427_3
U00428,2024-10-19,174.21,ORD00427_2
U00428,2024-11-21,279.73,ORD00427_1
U00429,2024-01-01,351.77,ORD00428_0
U00429,2024-02-03,1084.63,ORD00428_1
U00429,2024-02-03,386.85,ORD00428_9
U00429,2024-02-04,606.1,ORD00428_10
U00429,2024-02-28,412.15,ORD00428_12
U00429,2024-03-26,679.28,ORD00428_13
U00429,2024-04-21,917.4,ORD00428_6
U00429,2024-05-07,455.43,ORD00428_2
U00429,2024-05-28,772.08,ORD00428_15
U00429,2024-06-28,481.44,ORD00428_14
U00429,2024-08-14,821.35,ORD00428_11
U00429,2024-08-26,564.13,ORD00428_7
U00429,2024-09-08,955.96,ORD00428_4
U00429,2024-09-09,829.23,ORD00428_16
U00429,2024-10-24,1132.91,ORD00428_8
U00429,2024-10-30,753.94,ORD00428_5
U00429,2024-11-07,1130.95,ORD00428_3
U00430,2024-01-19,617.95,ORD00429_27
U00430,2024-01-29,859.98,ORD00429_21
U00430,2024-02-25,774.9,ORD00429_13
U00430,2024-02-28,1018.01,ORD00429_14
U00430,2024-03-09,405.7,ORD00429_0
U00430,2024-03-21,616.73,ORD00429_2
U00430,2024-03-26,453.17,ORD00429_1
U00430,2024-04-04,442.4,ORD00429_24
U00430,2024-05-01,411.49,ORD00429_20
U00430,2024-06-02,407.22,ORD00429_10
U00430,2024-06-15,874.78,ORD00429_17
U00430,2024-06-24,343.22,ORD00429_15
U00430,2024-07-02,333.6,ORD00429_3
U00430,2024-07-15,646.43,ORD00429_5
U00430,2024-07-29,323.83,ORD00429_16
U00430,2024-08-09,320.77,ORD00429_8
U00430,2024-08-24,335.48,ORD00429_25
U00430,2024-08-31,541.33,ORD00429_9
U00430,2024-09-21,334.26,ORD00429_26
U00430,2024-09-29,1225.6,ORD00429_11
U00430,2024-10-17,1054.74,ORD00429_7
U00430,2024-10-19,861.79,ORD00429_6
U00430,2024-11-08,616.35,ORD00429_12
U00430,2024-11-13,621.29,ORD00429_4
U00430,2024-11-22,369.31,ORD00429_19
U00430,2024-11-24,916.2,ORD00429_22
U00430,2024-11-25,786.13,ORD00429_23
U00430,2024-12-22,881.02,ORD00429_18
U00431,2024-01-13,59.37,ORD00430_0
U00432,2024-02-23,65.79,ORD00431_3
U00432,2024-03-09,155.39,ORD00431_0
U00432,2024-04-15,107.76,ORD00431_5
U00432,2024-09-08,213.71,ORD00431_1
U00432,2024-10-23,64.33,ORD00431_4
U00432,2024-12-20,234.57,ORD00431_2
U00433,2024-04-24,348.36,ORD00432_2
U00433,2024-05-25,529.29,ORD00432_5
U00433,2024-05-29,211.85,ORD00432_0
U00433,2024-06-02,150.0,ORD00432_4
U00433,2024-06-18,545.9,ORD00432_3
U00433,2024-10-01,451.71,ORD00432_1
U00434,2024-03-03,402.59,ORD00433_0
U00434,2024-04-03,264.53,ORD00433_2
U00434,2024-10-06,262.17,ORD00433_1
U00435,2024-12-24,89.12,ORD00434_0
U00436,2024-01-17,814.07,ORD00435_3
U00436,2024-01-31,387.04,ORD00435_8
U00436,2024-02-26,929.82,ORD00435_4
U00436,2024-03-12,514.78,ORD00435_2
U00436,2024-05-13,374.5,ORD00435_9
U00436,2024-07-07,813.91,ORD00435_1
U00436,2024-08-05,1331.04,ORD00435_7
U00436,2024-08-06,368.21,ORD00435_6
U00436,2024-10-30,908.04,ORD00435_5
U00436,2024-11-04,1189.85,ORD00435_11
U00436,2024-11-22,441.21,ORD00435_10
U00436,2024-12-30,920.11,ORD00435_0
U00437,2024-02-10,640.14,ORD00436_2
U00437,2024-02-28,364.34,ORD00436_3
U00437,2024-03-05,599.54,ORD00436_10
U00437,2024-03-11,330.69,ORD00436_9
U00437,2024-03-12,499.27,ORD00436_15
U00437,2024-03-20,582.74,ORD00436_5
U00437,2024-03-21,393.07,ORD00436_0
U00437,2024-04-07,373.4,ORD00436_13
U00437,2024-04-08,594.18,ORD00436_12
U00437,2024-07-10,871.57,ORD00436_4
U00437,2024-07-31,768.32,ORD00436_6
U00437,2024-10-09,617.45,ORD00436_14
U00437,2024-10-12,697.06,ORD00436_11
U00437,2024-11-21,504.71,ORD00436_1
U00437,2024-12-13,578.27,ORD00436_7
U00437,2024-12-13,886.14,ORD00436_8
U00438,2024-01-22,259.75,ORD00437_1
U00438,2024-07-10,124.0,ORD00437_2
U00438,2024-08-09,177.76,ORD00437_0
U00439,2024-01-19,66.0,ORD00438_0
U00440,2024-01-05,312.71,ORD00439_19
U00440,2024-01-08,844.07,ORD00439_12
U00440,2024-01-08,559.82,ORD00439_22
U00440,2024-01-14,735.58,ORD00439_4
U00440,2024-01-26,321.99,ORD00439_16
U00440,2024-02-07,799.83,ORD00439_7
U00440,2024-02-22,373.3,ORD00439_6
U00440,2024-05-02,1042.61,ORD00439_17
U00440,2024-05-13,314.7,ORD00439_5
U00440,2024-05-21,899.83,ORD00439_15
U00440,2024-06-16,420.36,ORD00439_18
U00440,2024-06-18,1104.86,ORD00439_3
U00440,2024-07-09,653.89,ORD00439_2
U00440,2024-07-14,1226.86,ORD00439_8
U00440,2024-07-26,1007.67,ORD00439_13
U00440,2024-07-26,432.91,ORD00439_20
U00440,2024-08-06,435.89,ORD00439_10
U00440,2024-08-08,1112.69,ORD00439_1
U00440,2024-08-11,845.14,ORD00439_14
U00440,2024-09-11,976.73,ORD00439_21
U00440,2024-10-29,1032.43,ORD00439_9
U00440,2024-11-03,1140.09,ORD00439_11
U00440,2024-12-23,645.32,ORD00439_0
U00441,2024-02-13,360.45,ORD00440_5
U00441,2024-02-14,348.09,ORD00440_3
U00441,2024-05-07,374.06,ORD00440_0
U00441,2024-05-21,420.23,ORD00440_6
U00441,2024-07-30,263.44,ORD00440_1
U00441,2024-10-07,209.2,ORD00440_4
U00441,2024-11-13,380.98,ORD00440_2
U00442,2024-01-09,414.53,ORD00441_18
U00442,2024-01-12,212.4,ORD00441_12
U00442,2024-02-09,332.42,ORD00441_6
U00442,2024-02-25,590.42,ORD00441_2
U00442,2024-03-16,231.13,ORD00441_22
U00442,2024-04-02,556.37,ORD00441_14
U00442,2024-04-06,295.74,ORD00441_4
U00442,2024-04-24,191.94,ORD00441_10
U00442,2024-06-03,520.16,ORD00441_9
U00442,2024-06-12,580.31,ORD00441_19
U00442,2024-06-20,258.83,ORD00441_20
U00442,2024-07-10,664.37,ORD00441_13
U00442,2024-07-18,466.49,ORD00441_21
U00442,2024-07-25,246.87,ORD00441_0
U00442,2024-08-02,561.05,ORD00441_5
U00442,2024-08-30,426.66,ORD00441_1
U00442,2024-09-26,731.74,ORD00441_7
U00442,2024-10-04,541.49,ORD00441_15
U00442,2024-10-26,338.78,ORD00441_11
U00442,2024-10-27,320.06,ORD00441_17
U00442,2024-10-29,399.35,ORD00441_16
U00442,2024-11-04,424.04,ORD00441_8
U00442,2024-11-09,393.86,ORD00441_3
U00443,2024-06-03,132.83,ORD00442_0
U00444,2024-09-02,110.27,ORD00443_2
U00444,2024-09-15,171.7,ORD00443_0
U00444,2024-11-30,213.44,ORD00443_1
U00445,2024-02-20,307.4,ORD00444_1
U00445,2024-02-26,254.88,ORD00444_4
U00445,2024-03-09,150.37,ORD00444_3
U00445,2024-04-08,246.74,ORD00444_5
U00445,2024-05-04,392.05,ORD00444_0
U00445,2024-11-20,154.82,ORD00444_6
U00445,2024-11-22,318.74,ORD00444_2
U00446,2024-01-26,99.95,ORD00445_0
U00447,2024-01-25,208.07,ORD00446_0
U00448,2024-01-07,445.29,ORD00447_6
U00448,2024-01-15,459.47,ORD00447_13
U00448,2024-02-03,806.76,ORD00447_3
U00448,2024-02-21,756.45,ORD00447_7
U00448,2024-02-21,819.61,ORD00447_16
U00448,2024-03-28,660.94,ORD00447_5
U00448,2024-04-01,312.72,ORD00447_1
U00448,2024-04-02,664.27,ORD00447_15
U00448,2024-05-14,274.72,ORD00447_19
U00448,2024-05-22,861.04,ORD00447_9
U00448,2024-06-29,677.38,ORD00447_17
U00448,2024-07-14,736.11,ORD00447_14
U00448,2024-07-15,306.94,ORD00447_4
U00448,2024-08-08,285.71,ORD00447_8
U00448,2024-09-11,404.73,ORD00447_21
U00448,2024-09-11,400.84,ORD00447_23
U00448,2024-09-16,821.27,ORD00447_20
U00448,2024-10-03,333.23,ORD00447_11
U00448,2024-10-19,582.48,ORD00447_0
U00448,2024-10-24,674.53,ORD00447_12
U00448,2024-11-03,545.15,ORD00447_18
U00448,2024-11-19,858.54,ORD00447_2
U00448,2024-12-01,517.65,ORD00447_22
U00448,2024-12-28,653.65,ORD00447_10
U00449,2024-02-18,339.07,ORD00448_4
U00449,2024-03-22,328.28,ORD00448_2
U00449,2024-04-17,201.97,ORD00448_0
U00449,2024-07-30,163.62,ORD00448_1
U00449,2024-11-24,130.88,ORD00448_3
U00450,2024-03-05,975.39,ORD00449_6
U00450,2024-06-13,394.24,ORD00449_5
U00450,2024-09-15,1164.77,ORD00449_1
U00450,2024-09-15,1055.71,ORD00449_2
U00450,2024-10-08,819.23,ORD00449_7
U00450,2024-10-08,1178.46,ORD00449_8
U00450,2024-10-27,864.36,ORD00449_4
U00450,2024-11-20,859.51,ORD00449_0
U00450,2024-12-09,1223.85,ORD00449_3
U00451,2024-01-27,624.27,ORD00450_6
U00451,2024-02-16,489.65,ORD00450_2
U00451,2024-02-21,862.68,ORD00450_10
U00451,2024-02-29,379.33,ORD00450_8
U00451,2024-03-12,971.32,ORD00450_5
U00451,2024-04-05,451.02,ORD00450_11
U00451,2024-04-14,606.95,ORD00450_0
U00451,2024-05-08,668.72,ORD00450_3
U00451,2024-05-22,901.84,ORD00450_18
U00451,2024-05-26,418.53,ORD00450_4
U00451,2024-06-14,548.73,ORD00450_15
U00451,2024-06-22,365.36,ORD00450_7
U00451,2024-07-13,946.13,ORD00450_17
U00451,2024-08-21,409.99,ORD00450_14
U00451,2024-09-15,873.25,ORD00450_9
U00451,2024-10-01,591.58,ORD00450_13
U00451,2024-10-17,844.11,ORD00450_16
U00451,2024-11-11,438.15,ORD00450_12
U00451,2024-11-25,894.73,ORD00450_1
U00452,2024-02-29,293.45,ORD00451_2
U00452,2024-03-18,176.38,ORD00451_5
U00452,2024-04-07,253.16,ORD00451_0
U00452,2024-05-28,209.98,ORD00451_3
U00452,2024-07-04,222.19,ORD00451_4
U00452,2024-10-07,309.75,ORD00451_6
U00452,2024-10-30,168.08,ORD00451_1
U00453,2024-01-10,189.21,ORD00452_3
U00453,2024-02-04,713.93,ORD00452_0
U00453,2024-08-30,484.75,ORD00452_2
U00453,2024-10-01,201.51,ORD00452_1
U00454,2024-01-28,570.85,ORD00453_0
U00454,2024-02-24,678.38,ORD00453_3
U00454,2024-02-29,1081.71,ORD00453_24
U00454,2024-03-14,954.77,ORD00453_4
U00454,2024-03-14,349.32,ORD00453_14
U00454,2024-03-26,675.78,ORD00453_19
U00454,2024-03-26,413.03,ORD00453_22
U00454,2024-03-27,352.73,ORD00453_6
U00454,2024-03-30,1334.65,ORD00453_15
U00454,2024-03-31,1232.38,ORD00453_21
U00454,2024-04-10,967.4,ORD00453_10
U00454,2024-04-10,1173.09,ORD00453_23
U00454,2024-05-09,355.65,ORD00453_13
U00454,2024-06-23,855.63,ORD00453_1
U00454,2024-08-01,1113.62,ORD00453_20
U00454,2024-08-23,1283.82,ORD00453_16
U00454,2024-09-16,1010.98,ORD00453_9
U00454,2024-10-22,1157.37,ORD00453_12
U00454,2024-11-01,946.07,ORD00453_8
U00454,2024-11-17,378.5,ORD00453_2
U00454,2024-11-27,933.63,ORD00453_17
U00454,2024-11-28,1359.71,ORD00453_7
U00454,2024-12-02,892.77,ORD00453_5
U00454,2024-12-13,703.45,ORD00453_18
U00454,2024-12-18,783.93,ORD00453_11
U00455,2024-02-02,71.95,ORD00454_0
U00455,2024-06-13,243.27,ORD00454_1
U00455,2024-10-18,127.47,ORD00454_2
U00456,2024-04-30,573.63,ORD00455_1
U00456,2024-05-31,395.78,ORD00455_2
U00456,2024-06-20,607.33,ORD00455_0
U00457,2024-01-08,200.06,ORD00456_3
U00457,2024-03-11,214.43,ORD00456_1
U00457,2024-05-09,108.88,ORD00456_2
U00457,2024-10-02,189.46,ORD00456_0
U00458,2024-02-23,409.05,ORD00457_6
U00458,2024-04-11,227.57,ORD00457_7
U00458,2024-05-09,367.54,ORD00457_0
U00458,2024-06-20,182.43,ORD00457_4
U00458,2024-06-23,358.52,ORD00457_3
U00458,2024-11-15,327.39,ORD00457_1
U00458,2024-11-20,157.33,ORD00457_2
U00458,2024-11-29,401.29,ORD00457_5
U00459,2024-01-06,92.45,ORD00458_7
U00459,2024-01-12,174.68,ORD00458_6
U00459,2024-02-16,118.26,ORD00458_4
U00459,2024-02-28,178.9,ORD00458_5
U00459,2024-03-25,147.19,ORD00458_3
U00459,2024-06-06,172.24,ORD00458_0
U00459,2024-08-22,228.74,ORD00458_1
U00459,2024-09-13,72.32,ORD00458_2
U00459,2024-12-11,89.37,ORD00458_8
U00460,2024-01-19,55.59,ORD00459_2
U00460,2024-02-21,46.19,ORD00459_0
U00460,2024-02-22,70.2,ORD00459_1
U00461,2024-01-14,1056.06,ORD00460_12
U00461,2024-02-19,849.2,ORD00460_10
U00461,2024-02-27,776.76,ORD00460_7
U00461,2024-03-18,651.75,ORD00460_16
U00461,2024-03-20,403.18,ORD00460_15
U00461,2024-03-28,590.11,ORD00460_11
U00461,2024-04-20,783.46,ORD00460_6
U00461,2024-04-29,451.02,ORD00460_5
U00461,2024-06-28,629.9,ORD00460_4
U00461,2024-07-04,1178.77,ORD00460_1
U00461,2024-07-26,514.42,ORD00460_14
U00461,2024-07-29,792.15,ORD00460_8
U00461,2024-09-06,1006.93,ORD00460_3
U00461,2024-09-18,780.75,ORD00460_9
U00461,2024-09-29,808.02,ORD00460_2
U00461,2024-10-22,468.65,ORD00460_13
U00461,2024-11-04,428.6,ORD00460_0
U00462,2024-01-07,165.41,ORD00461_0
U00463,2024-02-14,247.84,ORD00462_3
U00463,2024-02-23,134.28,ORD00462_1
U00463,2024-06-14,241.35,ORD00462_6
U00463,2024-08-03,115.89,ORD00462_0
U00463,2024-08-03,170.1,ORD00462_4
U00463,2024-11-27,282.46,ORD00462_5
U00463,2024-12-01,280.99,ORD00462_2
U00463,2024-12-30,107.19,ORD00462_7
U00464,2024-06-17,168.67,ORD00463_0
U00464,2024-12-21,107.0,ORD00463_1
U00465,2024-04-30,230.15,ORD00464_1
U00465,2024-06-18,231.22,ORD00464_0
U00465,2024-09-22,292.6,ORD00464_2
U00465,2024-12-07,193.75,ORD00464_3
U00466,2024-01-03,547.16,ORD00465_7
U00466,2024-02-15,661.13,ORD00465_4
U00466,2024-02-15,736.36,ORD00465_5
U00466,2024-03-25,523.44,ORD00465_6
U00466,2024-04-03,584.57,ORD00465_2
U00466,2024-04-18,540.8,ORD00465_15
U00466,2024-04-23,235.27,ORD00465_10
U00466,2024-04-28,524.89,ORD00465_0
U00466,2024-05-20,801.71,ORD00465_14
U00466,2024-06-05,476.24,ORD00465_8
U00466,2024-07-21,298.33,ORD00465_12
U00466,2024-08-07,305.22,ORD00465_1
U00466,2024-08-17,274.67,ORD00465_18
U00466,2024-08-21,869.65,ORD00465_13
U00466,2024-09-06,814.36,ORD00465_3
U00466,2024-10-15,869.11,ORD00465_16
U00466,2024-11-26,622.5,ORD00465_11
U00466,2024-11-28,388.47,ORD00465_9
U00466,2024-11-30,796.85,ORD00465_17
U00467,2024-01-21,418.71,ORD00466_4
U00467,2024-04-04,387.7,ORD00466_0
U00467,2024-05-20,220.35,ORD00466_5
U00467,2024-07-09,214.95,ORD00466_2
U00467,2024-08-18,305.63,ORD00466_1
U00467,2024-11-29,418.34,ORD00466_3
U00468,2024-01-22,967.42,ORD00467_23
U00468,2024-03-01,983.54,ORD00467_7
U00468,2024-03-18,821.8,ORD00467_0
U00468,2024-04-04,403.93,ORD00467_6
U00468,2024-04-13,592.06,ORD00467_20
U00468,2024-05-05,1111.19,ORD00467_14
U00468,2024-05-07,352.92,ORD00467_5
U00468,2024-05-13,998.96,ORD00467_13
U00468,2024-05-15,376.42,ORD00467_1
U00468,2024-05-20,474.43,ORD00467_15
U00468,2024-06-21,1012.95,ORD00467_24
U00468,2024-07-06,378.93,ORD00467_22
U00468,2024-08-13,372.8,ORD00467_16
U00468,2024-08-23,673.2,ORD00467_21
U00468,2024-08-27,1011.4,ORD00467_9
U00468,2024-08-28,903.85,ORD00467_8
U00468,2024-09-06,784.24,ORD00467_12
U00468,2024-09-10,956.27,ORD00467_18
U00468,2024-09-20,1037.99,ORD00467_19
U00468,2024-09-26,963.1,ORD00467_4
U00468,2024-09-28,706.96,ORD00467_11
U00468,2024-10-08,644.23,ORD00467_2
U00468,2024-10-20,797.64,ORD00467_17
U00468,2024-11-06,939.35,ORD00467_3
U00468,2024-11-10,802.52,ORD00467_10
U00469,2024-10-06,163.03,ORD00468_1
U00469,2024-11-13,172.29,ORD00468_0
U00470,2024-05-12,88.21,ORD00469_0
U00470,2024-12-08,180.14,ORD00469_1
U00471,2024-01-20,445.95,ORD00470_6
U00471,2024-03-14,788.43,ORD00470_11
U00471,2024-03-17,868.75,ORD00470_8
U00471,2024-03-18,1039.42,ORD00470_13
U00471,2024-03-29,884.54,ORD00470_0
U00471,2024-04-05,1023.65,ORD00470_14
U00471,2024-04-09,870.2,ORD00470_7
U00471,2024-05-16,951.0,ORD00470_1
U00471,2024-06-14,674.74,ORD00470_2
U00471,2024-06-21,967.53,ORD00470_9
U00471,2024-08-04,984.23,ORD00470_10
U00471,2024-08-08,836.69,ORD00470_4
U00471,2024-09-12,628.47,ORD00470_12
U00471,2024-09-29,704.17,ORD00470_15
U00471,2024-11-05,367.18,ORD00470_5
U00471,2024-12-08,399.9,ORD00470_3
U00472,2024-06-16,69.49,ORD00471_2
U00472,2024-11-14,133.59,ORD00471_0
U00472,2024-12-06,177.04,ORD00471_1
U00473,2024-01-20,44.61,ORD00472_2
U00473,2024-03-10,60.75,ORD00472_1
U00473,2024-04-30,106.86,ORD00472_0
U00474,2024-02-20,248.97,ORD00473_6
U00474,2024-03-08,356.51,ORD00473_7
U00474,2024-03-23,215.17,ORD00473_1
U00474,2024-05-17,338.08,ORD00473_5
U00474,2024-07-05,530.18,ORD00473_3
U00474,2024-07-24,441.72,ORD00473_0
U00474,2024-09-25,236.28,ORD00473_2
U00474,2024-12-15,207.69,ORD00473_4
U00475,2024-01-19,599.15,ORD00474_3
U00475,2024-01-20,438.55,ORD00474_4
U00475,2024-01-26,296.63,ORD00474_2
U00475,2024-03-02,683.23,ORD00474_0
U00475,2024-09-09,192.51,ORD00474_1
U00475,2024-11-01,226.38,ORD00474_5
U00476,2024-09-20,169.58,ORD00475_0
U00476,2024-09-30,131.16,ORD00475_1
U00477,2024-02-23,248.21,ORD00476_3
U00477,2024-07-01,170.34,ORD00476_2
U00477,2024-09-20,441.21,ORD00476_1
U00477,2024-12-21,507.28,ORD00476_0
U00478,2024-03-02,134.91,ORD00477_0
U00478,2024-04-08,269.37,ORD00477_1
U00479,2024-05-20,244.45,ORD00478_0
U00479,2024-07-27,209.89,ORD00478_2
U00479,2024-09-21,230.39,ORD00478_1
U00480,2024-05-20,117.02,ORD00479_2
U00480,2024-09-11,220.82,ORD00479_1
U00480,2024-09-24,191.16,ORD00479_0
U00481,2024-04-27,457.67,ORD00480_0
U00481,2024-05-31,267.06,ORD00480_2
U00481,2024-12-17,130.59,ORD00480_1
U00482,2024-01-02,1063.25,ORD00481_7
U00482,2024-03-09,695.23,ORD00481_9
U00482,2024-04-02,955.77,ORD00481_11
U00482,2024-04-06,950.0,ORD00481_25
U00482,2024-04-21,554.58,ORD00481_12
U00482,2024-04-25,523.5,ORD00481_1
U00482,2024-04-29,720.15,ORD00481_4
U00482,2024-05-12,860.57,ORD00481_23
U00482,2024-05-15,743.64,ORD00481_15
U00482,2024-05-17,772.56,ORD00481_20
U00482,2024-05-29,598.59,ORD00481_3
U00482,2024-06-14,1089.52,ORD00481_19
U00482,2024-06-15,1033.42,ORD00481_18
U00482,2024-07-01,552.07,ORD00481_26
U00482,2024-07-27,486.21,ORD00481_22
U00482,2024-08-09,640.58,ORD00481_17
U00482,2024-09-07,965.47,ORD00481_2
U00482,2024-10-11,583.18,ORD00481_27
U00482,2024-10-24,438.89,ORD00481_6
U00482,2024-10-26,1109.91,ORD00481_14
U00482,2024-10-29,1028.42,ORD00481_16
U00482,2024-10-30,753.65,ORD00481_13
U00482,2024-11-03,492.66,ORD00481_24
U00482,2024-11-11,1073.99,ORD00481_10
U00482,2024-12-11,877.56,ORD00481_21
U00482,2024-12-16,553.26,ORD00481_5
U00482,2024-12-25,712.18,ORD00481_0
U00482,2024-12-25,621.06,ORD00481_28
U00482,2024-12-30,962.89,ORD00481_8
U00483,2024-01-21,350.3,ORD00482_0
U00483,2024-04-04,276.2,ORD00482_1
U00483,2024-05-03,241.29,ORD00482_9
U00483,2024-05-04,415.53,ORD00482_7
U00483,2024-06-21,211.29,ORD00482_6
U00483,2024-07-19,144.93,ORD00482_10
U00483,2024-08-16,243.72,ORD00482_2
U00483,2024-08-23,317.61,ORD00482_4
U00483,2024-09-17,213.87,ORD00482_8
U00483,2024-10-01,218.88,ORD00482_11
U00483,2024-10-02,272.23,ORD00482_5
U00483,2024-11-17,366.9,ORD00482_3
U00484,2024-01-24,195.13,ORD00483_3
U00484,2024-04-16,364.29,ORD00483_0
U00484,2024-05-14,412.34,ORD00483_2
U00484,2024-12-30,330.7,ORD00483_1
U00485,2024-01-03,641.56,ORD00484_2
U00485,2024-02-16,675.61,ORD00484_8
U00485,2024-04-24,471.27,ORD00484_6
U00485,2024-05-05,453.72,ORD00484_10
U00485,2024-05-15,287.62,ORD00484_1
U00485,2024-05-16,886.84,ORD00484_5
U00485,2024-06-28,989.71,ORD00484_9
U00485,2024-07-27,845.66,ORD00484_4
U00485,2024-08-05,776.99,ORD00484_0
U00485,2024-09-04,901.89,ORD00484_11
U00485,2024-11-28,1108.37,ORD00484_7
U00485,2024-12-26,376.26,ORD00484_3
U00486,2024-05-22,92.67,ORD00485_0
U00487,2024-03-26,373.54,ORD00486_1
U00487,2024-04-19,277.01,ORD00486_0
U00487,2024-04-21,216.27,ORD00486_4
U00487,2024-11-20,294.85,ORD00486_2
U00487,2024-12-20,320.25,ORD00486_3
U00488,2024-01-11,253.75,ORD00487_4
U00488,2024-03-24,261.56,ORD00487_7
U00488,2024-05-26,173.11,ORD00487_3
U00488,2024-07-08,179.6,ORD00487_0
U00488,2024-07-14,179.47,ORD00487_1
U00488,2024-08-06,221.92,ORD00487_5
U00488,2024-11-07,239.74,ORD00487_2
U00488,2024-12-27,89.56,ORD00487_6
U00489,2024-06-03,74.43,ORD00488_1
U00489,2024-08-27,25.32,ORD00488_2
U00489,2024-10-02,31.56,ORD00488_0
U00490,2024-06-07,72.1,ORD00489_0
U00491,2024-01-30,346.58,ORD00490_2
U00491,2024-04-20,334.47,ORD00490_1
U00491,2024-11-11,507.29,ORD00490_0
U00492,2024-04-29,306.79,ORD00491_2
U00492,2024-08-02,296.47,ORD00491_0
U00492,2024-09-15,178.09,ORD00491_1
U00493,2024-01-04,934.33,ORD00492_11
U00493,2024-01-10,951.04,ORD00492_10
U00493,2024-01-14,447.84,ORD00492_1
U00493,2024-01-16,578.63,ORD00492_3
U00493,2024-02-07,938.4,ORD00492_8
U00493,2024-02-11,777.36,ORD00492_12
U00493,2024-03-09,979.22,ORD00492_16
U00493,2024-03-12,692.65,ORD00492_2
U00493,2024-04-23,684.66,ORD00492_13
U00493,2024-05-11,505.07,ORD00492_5
U00493,2024-06-22,648.43,ORD00492_14
U00493,2024-08-17,708.26,ORD00492_17
U00493,2024-09-04,495.02,ORD00492_6
U00493,2024-10-03,630.22,ORD00492_15
U00493,2024-11-13,341.34,ORD00492_9
U00493,2024-11-20,388.23,ORD00492_0
U00493,2024-11-21,993.43,ORD00492_7
U00493,2024-12-22,926.41,ORD00492_4
U00494,2024-01-01,377.66,ORD00493_7
U00494,2024-03-12,214.05,ORD00493_1
U00494,2024-04-16,324.26,ORD00493_5
U00494,2024-06-07,318.85,ORD00493_0
U00494,2024-07-08,254.38,ORD00493_2
U00494,2024-10-04,268.26,ORD00493_4
U00494,2024-10-08,445.36,ORD00493_3
U00494,2024-10-19,367.98,ORD00493_6
U00495,2024-01-27,184.56,ORD00494_0
U00495,2024-03-10,372.44,ORD00494_4
U00495,2024-03-31,385.44,ORD00494_1
U00495,2024-04-21,392.31,ORD00494_7
U00495,2024-07-25,325.63,ORD00494_6
U00495,2024-08-06,129.01,ORD00494_3
U00495,2024-11-01,212.35,ORD00494_5
U00495,2024-11-17,418.51,ORD00494_2
U00495,2024-12-12,332.21,ORD00494_8
U00496,2024-03-10,468.01,ORD00495_0
U00496,2024-03-29,474.58,ORD00495_2
U00496,2024-05-08,387.69,ORD00495_5
U00496,2024-05-10,230.75,ORD00495_3
U00496,2024-05-11,605.24,ORD00495_1
U00496,2024-06-19,552.4,ORD00495_4
U00497,2024-02-24,163.96,ORD00496_0
U00497,2024-06-04,318.34,ORD00496_1
U00497,2024-09-06,312.64,ORD00496_4
U00497,2024-11-24,358.22,ORD00496_2
U00497,2024-12-29,157.21,ORD00496_3
U00498,2024-01-24,106.74,ORD00497_0
U00498,2024-03-06,196.66,ORD00497_1
U00499,2024-01-08,65.71,ORD00498_1
U00499,2024-02-12,78.51,ORD00498_2
U00499,2024-04-13,95.98,ORD00498_0
U00500,2024-03-11,187.95,ORD00499_2
U00500,2024-04-10,163.58,ORD00499_6
U00500,2024-05-17,104.46,ORD00499_4
U00500,2024-06-03,205.02,ORD00499_0
U00500,2024-06-15,110.18,ORD00499_1
U00500,2024-07-03,164.71,ORD00499_7
U00500,2024-07-18,178.04,ORD00499_3
U00500,2024-07-31,199.22,ORD00499_5
U00500,2024-08-01,96.27,ORD00499_8
U00501,2024-05-17,16.97,ORD00500_2
U00501,2024-07-09,31.12,ORD00500_1
U00501,2024-09-15,30.78,ORD00500_0
U00502,2024-01-06,342.07,ORD00501_18
U00502,2024-01-14,509.45,ORD00501_23
U00502,2024-01-16,371.04,ORD00501_5
U00502,2024-01-20,849.51,ORD00501_2
U00502,2024-01-25,867.67,ORD00501_9
U00502,2024-02-01,574.26,ORD00501_8
U00502,2024-02-13,1018.77,ORD00501_21
U00502,2024-02-23,492.88,ORD00501_14
U00502,2024-02-26,777.4,ORD00501_13
U00502,2024-02-28,747.69,ORD00501_10
U00502,2024-05-12,426.91,ORD00501_7
U00502,2024-05-13,664.74,ORD00501_6
U00502,2024-05-14,625.94,ORD00501_3
U00502,2024-06-02,365.7,ORD00501_22
U00502,2024-07-28,982.9,ORD00501_12
U00502,2024-09-25,727.81,ORD00501_4
U00502,2024-10-30,389.07,ORD00501_16
U00502,2024-10-30,616.96,ORD00501_17
U00502,2024-11-04,726.6,ORD00501_0
U00502,2024-11-09,306.94,ORD00501_11
U00502,2024-11-29,314.75,ORD00501_19
U00502,2024-12-05,271.6,ORD00501_20
U00502,2024-12-07,827.34,ORD00501_15
U00502,2024-12-10,808.7,ORD00501_1
U00503,2024-02-29,124.64,ORD00502_1
U00503,2024-04-29,147.7,ORD00502_0
U00504,2024-02-05,324.72,ORD00503_1
U00504,2024-08-21,302.29,ORD00503_0
U00504,2024-11-19,240.28,ORD00503_2
U00505,2024-08-24,144.71,ORD00504_0
U00506,2024-07-26,54.99,ORD00505_1
U00506,2024-08-17,69.88,ORD00505_0
U00507,2024-01-06,460.72,ORD00506_8
U00507,2024-01-12,347.44,ORD00506_14
U00507,2024-01-16,330.76,ORD00506_5
U00507,2024-03-17,187.9,ORD00506_19
U00507,2024-03-18,372.56,ORD00506_16
U00507,2024-03-22,507.59,ORD00506_13
U00507,2024-03-22,407.83,ORD00506_20
U00507,2024-03-24,317.38,ORD00506_22
U00507,2024-04-11,364.07,ORD00506_17
U00507,2024-04-16,509.76,ORD00506_11
U00507,2024-04-25,259.23,ORD00506_24
U00507,2024-06-16,336.06,ORD00506_12
U00507,2024-06-23,397.07,ORD00506_0
U00507,2024-07-27,218.27,ORD00506_21
U00507,2024-08-25,205.45,ORD00506_4
U00507,2024-08-26,269.56,ORD00506_7
U00507,2024-09-10,315.34,ORD00506_9
U00507,2024-09-22,134.86,ORD00506_1
U00507,2024-10-20,202.73,ORD00506_15
U00507,2024-10-21,214.72,ORD00506_10
U00507,2024-10-26,347.07,ORD00506_18
U00507,2024-10-30,487.31,ORD00506_2
U00507,2024-10-30,240.94,ORD00506_23
U00507,2024-12-08,164.34,ORD00506_3
U00507,2024-12-21,330.0,ORD00506_6
U00508,2024-01-02,127.24,ORD00507_2
U00508,2024-07-22,126.28,ORD00507_1
U00508,2024-08-05,76.41,ORD00507_0
U00509,2024-03-07,88.59,ORD00508_4
U00509,2024-06-05,259.23,ORD00508_0
U00509,2024-06-12,149.48,ORD00508_5
U00509,2024-07-28,83.05,ORD00508_7
U00509,2024-08-07,176.57,ORD00508_6
U00509,2024-09-21,80.79,ORD00508_3
U00509,2024-10-15,170.36,ORD00508_1
U00509,2024-11-24,220.94,ORD00508_2
U00510,2024-03-05,462.72,ORD00509_1
U00510,2024-03-06,210.39,ORD00509_3
U00510,2024-05-25,232.63,ORD00509_2
U00510,2024-10-22,155.98,ORD00509_0
U00511,2024-06-07,269.94,ORD00510_2
U00511,2024-07-30,188.08,ORD00510_1
U00511,2024-12-06,563.41,ORD00510_0
U00511,2024-12-15,330.38,ORD00510_3
U00512,2024-04-23,237.15,ORD00511_1
U00512,2024-07-11,227.89,ORD00511_0
U00513,2024-03-25,255.75,ORD00512_4
U00513,2024-07-27,202.74,ORD00512_2
U00513,2024-07-31,168.51,ORD00512_6
U00513,2024-08-14,191.95,ORD00512_3
U00513,2024-09-28,237.41,ORD00512_0
U00513,2024-11-09,393.82,ORD00512_7
U00513,2024-11-18,165.43,ORD00512_5
U00513,2024-12-27,363.95,ORD00512_1
U00514,2024-01-09,605.45,ORD00513_7
U00514,2024-01-13,511.13,ORD00513_21
U00514,2024-01-27,933.74,ORD00513_15
U00514,2024-02-09,704.64,ORD00513_0
U00514,2024-02-14,411.24,ORD00513_13
U00514,2024-02-20,409.51,ORD00513_11
U00514,2024-03-02,902.56,ORD00513_17
U00514,2024-03-06,327.22,ORD00513_1
U00514,2024-03-07,804.69,ORD00513_28
U00514,2024-04-16,519.25,ORD00513_6
U00514,2024-04-24,512.97,ORD00513_20
U00514,2024-04-30,890.27,ORD00513_18
U00514,2024-06-11,806.22,ORD00513_22
U00514,2024-06-15,759.58,ORD00513_12
U00514,2024-06-24,855.35,ORD00513_23
U00514,2024-08-24,345.27,ORD00513_3
U00514,2024-09-30,518.1,ORD00513_2
U00514,2024-10-01,834.96,ORD00513_25
U00514,2024-10-03,434.29,ORD00513_19
U00514,2024-10-06,357.79,ORD00513_8
U00514,2024-10-10,555.42,ORD00513_14
U00514,2024-10-12,589.67,ORD00513_4
U00514,2024-10-16,584.32,ORD00513_9
U00514,2024-11-13,275.55,ORD00513_5
U00514,2024-11-17,311.52,ORD00513_26
U00514,2024-11-19,510.0,ORD00513_24
U00514,2024-11-26,884.58,ORD00513_27
U00514,2024-11-30,813.93,ORD00513_10
U00514,2024-12-02,737.68,ORD00513_16
U00515,2024-07-20,80.03,ORD00514_1
U00515,2024-12-09,156.45,ORD00514_0
U00516,2024-01-29,463.5,ORD00515_0
U00516,2024-02-22,434.44,ORD00515_1
U00516,2024-03-13,295.39,ORD00515_8
U00516,2024-04-26,630.17,ORD00515_4
U00516,2024-06-23,641.8,ORD00515_5
U00516,2024-06-24,280.27,ORD00515_3
U00516,2024-09-08,627.99,ORD00515_6
U00516,2024-11-17,303.14,ORD00515_7
U00516,2024-12-18,248.64,ORD00515_2
U00517,2024-02-13,112.25,ORD00516_0
U00517,2024-03-23,146.51,ORD00516_3
U00517,2024-06-23,171.96,ORD00516_6
U00517,2024-08-15,185.51,ORD00516_5
U00517,2024-10-08,153.88,ORD00516_4
U00517,2024-10-09,170.77,ORD00516_7
U00517,2024-11-11,147.47,ORD00516_1
U00517,2024-12-04,172.33,ORD00516_2
U00518,2024-10-02,20.69,ORD00517_0
U00519,2024-01-03,327.39,ORD00518_3
U00519,2024-02-04,204.89,ORD00518_1
U00519,2024-03-30,161.4,ORD00518_0
U00519,2024-04-25,278.4,ORD00518_6
U00519,2024-05-21,134.28,ORD00518_7
U00519,2024-06-12,118.86,ORD00518_4
U00519,2024-09-13,303.18,ORD00518_5
U00519,2024-11-01,292.08,ORD00518_2
U00520,2024-01-18,594.54,ORD00519_1
U00520,2024-01-18,1143.18,ORD00519_17
U00520,2024-01-26,560.31,ORD00519_12
U00520,2024-02-29,853.03,ORD00519_13
U00520,2024-03-15,1166.45,ORD00519_14
U00520,2024-03-28,957.79,ORD00519_11
U00520,2024-05-31,958.02,ORD00519_0
U00520,2024-06-19,379.32,ORD00519_18
U00520,2024-07-04,878.0,ORD00519_3
U00520,2024-07-15,1401.6,ORD00519_10
U00520,2024-08-10,1097.28,ORD00519_22
U00520,2024-08-16,1164.4,ORD00519_16
U00520,2024-08-17,814.41,ORD00519_2
U00520,2024-08-23,697.73,ORD00519_15
U00520,2024-09-11,785.93,ORD00519_19
U00520,2024-09-11,369.6,ORD00519_20
U00520,2024-09-17,640.63,ORD00519_9
U00520,2024-10-11,918.9,ORD00519_8
U00520,2024-10-26,1190.1,ORD00519_7
U00520,2024-11-02,652.74,ORD00519_5
U00520,2024-11-19,852.92,ORD00519_21
U00520,2024-12-01,1070.7,ORD00519_23
U00520,2024-12-21,1038.05,ORD00519_6
U00520,2024-12-22,378.32,ORD00519_4
U00521,2024-07-17,60.48,ORD00520_0
U00521,2024-08-14,57.3,ORD00520_2
U00521,2024-08-29,22.64,ORD00520_1
U00522,2024-01-09,80.61,ORD00521_1
U00522,2024-07-19,29.73,ORD00521_2
U00522,2024-09-13,35.76,ORD00521_0
U00523,2024-05-13,222.35,ORD00522_1
U00523,2024-09-23,235.64,ORD00522_0
U00523,2024-12-20,165.46,ORD00522_2
U00524,2024-04-12,125.05,ORD00523_2
U00524,2024-04-14,143.5,ORD00523_6
U00524,2024-05-26,294.36,ORD00523_0
U00524,2024-07-28,295.76,ORD00523_1
U00524,2024-11-09,259.8,ORD00523_4
U00524,2024-12-13,145.66,ORD00523_5
U00524,2024-12-21,237.25,ORD00523_3
U00525,2024-12-05,50.35,ORD00524_0
U00526,2024-01-01,936.95,ORD00525_1
U00526,2024-02-26,330.05,ORD00525_10
U00526,2024-03-07,617.34,ORD00525_15
U00526,2024-03-11,687.07,ORD00525_14
U00526,2024-03-24,670.15,ORD00525_0
U00526,2024-04-05,779.86,ORD00525_17
U00526,2024-04-15,895.38,ORD00525_13
U00526,2024-05-11,591.23,ORD00525_5
U00526,2024-05-14,708.64,ORD00525_8
U00526,2024-05-21,270.13,ORD00525_11
U00526,2024-06-05,831.68,ORD00525_19
U00526,2024-06-12,421.59,ORD00525_3
U00526,2024-07-14,258.06,ORD00525_9
U00526,2024-07-19,394.29,ORD00525_4
U00526,2024-07-20,471.77,ORD00525_7
U00526,2024-08-04,660.34,ORD00525_6
U00526,2024-08-11,821.08,ORD00525_12
U00526,2024-09-02,393.11,ORD00525_18
U00526,2024-09-17,553.04,ORD00525_2
U00526,2024-12-27,507.4,ORD00525_16
U00527,2024-02-25,95.55,ORD00526_0
U00528,2024-03-26,29.99,ORD00527_1
U00528,2024-08-25,32.44,ORD00527_0
U00529,2024-03-03,43.94,ORD00528_0
U00529,2024-11-16,112.47,ORD00528_1
U00530,2024-01-18,320.04,ORD00529_12
U00530,2024-02-03,274.27,ORD00529_17
U00530,2024-02-16,392.71,ORD00529_3
U00530,2024-03-03,271.16,ORD00529_21
U00530,2024-04-12,103.57,ORD00529_8
U00530,2024-05-06,203.69,ORD00529_5
U00530,2024-05-19,277.73,ORD00529_2
U00530,2024-05-20,374.86,ORD00529_20
U00530,2024-05-21,204.61,ORD00529_9
U00530,2024-05-28,126.07,ORD00529_4
U00530,2024-06-06,231.48,ORD00529_16
U00530,2024-06-28,132.72,ORD00529_25
U00530,2024-08-01,388.6,ORD00529_18
U00530,2024-08-02,119.84,ORD00529_14
U00530,2024-08-07,299.77,ORD00529_0
U00530,2024-08-18,380.84,ORD00529_10
U00530,2024-09-18,348.76,ORD00529_7
U00530,2024-10-10,331.09,ORD00529_24
U00530,2024-10-14,154.64,ORD00529_13
U00530,2024-10-15,326.84,ORD00529_15
U00530,2024-10-22,337.26,ORD00529_11
U00530,2024-10-22,320.64,ORD00529_19
U00530,2024-10-30,321.53,ORD00529_22
U00530,2024-11-29,405.24,ORD00529_23
U00530,2024-12-07,263.53,ORD00529_1
U00530,2024-12-22,214.22,ORD00529_6
U00531,2024-06-12,39.24,ORD00530_0
U00532,2024-02-25,197.92,ORD00531_2
U00532,2024-05-23,513.93,ORD00531_1
U00532,2024-06-14,612.09,ORD00531_3
U00532,2024-09-06,699.91,ORD00531_0
U00533,2024-01-01,239.71,ORD00532_7
U00533,2024-01-15,157.39,ORD00532_1
U00533,2024-04-22,192.47,ORD00532_3
U00533,2024-06-04,201.13,ORD00532_6
U00533,2024-06-08,179.81,ORD00532_2
U00533,2024-09-09,199.04,ORD00532_4
U00533,2024-09-29,143.69,ORD00532_0
U00533,2024-12-12,87.22,ORD00532_5
U00534,2024-07-28,74.59,ORD00533_0
U00535,2024-02-14,433.43,ORD00534_1
U00535,2024-03-08,258.71,ORD00534_5
U00535,2024-03-20,518.11,ORD00534_0
U00535,2024-09-05,362.79,ORD00534_7
U00535,2024-10-06,426.67,ORD00534_3
U00535,2024-10-10,344.71,ORD00534_6
U00535,2024-11-30,326.32,ORD00534_4
U00535,2024-12-14,177.19,ORD00534_2
U00536,2024-05-13,605.79,ORD00535_4
U00536,2024-07-20,554.52,ORD00535_1
U00536,2024-07-30,331.58,ORD00535_0
U00536,2024-10-06,419.76,ORD00535_5
U00536,2024-10-23,288.63,ORD00535_2
U00536,2024-12-03,459.89,ORD00535_3
U00537,2024-01-15,30.31,ORD00536_2
U00537,2024-07-20,100.78,ORD00536_1
U00537,2024-11-20,51.57,ORD00536_0
U00538,2024-01-19,223.63,ORD00537_1
U00538,2024-05-26,306.38,ORD00537_4
U00538,2024-06-30,404.52,ORD00537_3
U00538,2024-10-13,308.92,ORD00537_0
U00538,2024-12-05,324.9,ORD00537_2
U00539,2024-01-29,204.56,ORD00538_2
U00539,2024-02-06,205.93,ORD00538_7
U00539,2024-05-02,209.06,ORD00538_8
U00539,2024-06-22,68.16,ORD00538_0
U00539,2024-07-01,177.58,ORD00538_6
U00539,2024-07-07,90.85,ORD00538_5
U00539,2024-09-29,196.56,ORD00538_3
U00539,2024-11-01,126.88,ORD00538_4
U00539,2024-12-15,211.45,ORD00538_1
U00540,2024-01-22,193.7,ORD00539_1
U00540,2024-02-17,199.89,ORD00539_0
U00540,2024-10-28,121.43,ORD00539_2
U00541,2024-04-03,376.94,ORD00540_1
U00541,2024-05-15,510.53,ORD00540_2
U00541,2024-07-22,396.96,ORD00540_6
U00541,2024-08-28,526.3,ORD00540_7
U00541,2024-09-01,174.57,ORD00540_0
U00541,2024-09-07,195.21,ORD00540_4
U00541,2024-11-23,138.88,ORD00540_3
U00541,2024-12-26,246.25,ORD00540_5
U00542,2024-04-16,69.0,ORD00541_0
U00542,2024-07-30,95.93,ORD00541_1
U00543,2024-01-04,523.16,ORD00542_4
U00543,2024-01-06,271.83,ORD00542_18
U00543,2024-01-20,357.1,ORD00542_15
U00543,2024-02-08,465.3,ORD00542_3
U00543,2024-03-07,270.07,ORD00542_0
U00543,2024-03-12,442.11,ORD00542_12
U00543,2024-03-17,338.6,ORD00542_5
U00543,2024-05-05,473.0,ORD00542_9
U00543,2024-05-12,340.97,ORD00542_6
U00543,2024-06-13,224.23,ORD00542_17
U00543,2024-06-21,421.22,ORD00542_13
U00543,2024-07-01,391.08,ORD00542_11
U00543,2024-07-05,191.98,ORD00542_2
U00543,2024-08-01,516.6,ORD00542_14
U00543,2024-08-12,530.02,ORD00542_22
U00543,2024-08-18,228.7,ORD00542_20
U00543,2024-10-02,366.22,ORD00542_7
U00543,2024-10-09,388.98,ORD00542_21
U00543,2024-10-16,287.74,ORD00542_8
U00543,2024-10-29,491.44,ORD00542_16
U00543,2024-12-01,379.88,ORD00542_23
U00543,2024-12-07,197.28,ORD00542_19
U00543,2024-12-10,452.76,ORD00542_10
U00543,2024-12-16,468.26,ORD00542_1
U00544,2024-01-23,320.69,ORD00543_7
U00544,2024-03-21,252.97,ORD00543_0
U00544,2024-04-06,252.8,ORD00543_4
U00544,2024-07-26,187.04,ORD00543_1
U00544,2024-09-29,214.47,ORD00543_5
U00544,2024-10-09,391.63,ORD00543_3
U00544,2024-10-14,237.87,ORD00543_2
U00544,2024-12-02,291.92,ORD00543_6
U00545,2024-01-15,303.05,ORD00544_4
U00545,2024-01-23,310.31,ORD00544_0
U00545,2024-02-15,218.89,ORD00544_2
U00545,2024-03-07,354.88,ORD00544_1
U00545,2024-03-18,215.1,ORD00544_5
U00545,2024-05-26,226.95,ORD00544_3
U00545,2024-08-28,160.02,ORD00544_6
U00545,2024-10-03,399.29,ORD00544_7
U00546,2024-01-28,702.63,ORD00545_4
U00546,2024-02-25,854.41,ORD00545_3
U00546,2024-07-02,1070.83,ORD00545_2
U00546,2024-07-28,517.43,ORD00545_5
U00546,2024-08-26,1056.0,ORD00545_1
U00546,2024-09-16,876.8,ORD00545_7
U00546,2024-11-07,318.82,ORD00545_0
U00546,2024-12-21,417.7,ORD00545_6
U00547,2024-07-01,173.7,ORD00546_1
U00547,2024-11-28,116.08,ORD00546_0
U00547,2024-12-14,58.5,ORD00546_2
U00548,2024-10-03,240.88,ORD00547_0
U00549,2024-01-28,278.0,ORD00548_0
U00549,2024-02-04,457.43,ORD00548_2
U00549,2024-05-19,275.96,ORD00548_4
U00549,2024-09-05,292.19,ORD00548_3
U00549,2024-09-08,259.17,ORD00548_1
U00549,2024-10-04,462.65,ORD00548_5
U00550,2024-01-08,278.33,ORD00549_14
U00550,2024-01-15,727.89,ORD00549_4
U00550,2024-02-05,230.3,ORD00549_11
U00550,2024-02-08,579.08,ORD00549_7
U00550,2024-02-18,441.36,ORD00549_24
U00550,2024-02-20,434.88,ORD00549_20
U00550,2024-03-05,233.72,ORD00549_13
U00550,2024-03-12,817.28,ORD00549_25
U00550,2024-03-15,637.56,ORD00549_5
U00550,2024-04-24,697.28,ORD00549_18
U00550,2024-05-18,649.47,ORD00549_22
U00550,2024-06-03,355.18,ORD00549_17
U00550,2024-06-16,517.78,ORD00549_6
U00550,2024-06-29,876.1,ORD00549_16
U00550,2024-07-16,503.24,ORD00549_3
U00550,2024-08-01,528.11,ORD00549_1
U00550,2024-08-09,823.33,ORD00549_26
U00550,2024-08-19,442.6,ORD00549_9
U00550,2024-08-26,240.28,ORD00549_23
U00550,2024-08-31,357.65,ORD00549_21
U00550,2024-09-12,314.31,ORD00549_2
U00550,2024-09-29,471.07,ORD00549_8
U00550,2024-10-17,785.33,ORD00549_10
U00550,2024-10-25,335.68,ORD00549_19
U00550,2024-11-17,552.23,ORD00549_0
U00550,2024-12-06,838.56,ORD00549_15
U00550,2024-12-26,345.98,ORD00549_12
U00551,2024-01-29,31.82,ORD00550_0
U00552,2024-12-07,88.59,ORD00551_0
U00553,2024-04-17,56.95,ORD00552_0
U00553,2024-07-31,53.03,ORD00552_1
U00554,2024-03-23,398.64,ORD00553_0
U00554,2024-04-15,320.69,ORD00553_3
U00554,2024-04-29,682.44,ORD00553_1
U00554,2024-05-26,351.57,ORD00553_5
U00554,2024-06-07,271.33,ORD00553_6
U00554,2024-07-20,656.61,ORD00553_7
U00554,2024-10-09,409.14,ORD00553_2
U00554,2024-10-26,392.41,ORD00553_4
U00555,2024-01-09,101.84,ORD00554_2
U00555,2024-10-06,110.31,ORD00554_0
U00555,2024-11-07,362.34,ORD00554_3
U00555,2024-12-27,370.58,ORD00554_1
U00556,2024-01-01,616.71,ORD00555_10
U00556,2024-01-13,551.27,ORD00555_0
U00556,2024-01-23,701.08,ORD00555_16
U00556,2024-01-26,632.22,ORD00555_13
U00556,2024-01-28,442.55,ORD00555_8
U00556,2024-02-14,693.91,ORD00555_1
U00556,2024-03-17,720.61,ORD00555_14
U00556,2024-04-03,390.3,ORD00555_5
U00556,2024-04-14,210.69,ORD00555_4
U00556,2024-04-25,207.74,ORD00555_9
U00556,2024-05-12,451.54,ORD00555_7
U00556,2024-07-24,259.48,ORD00555_17
U00556,2024-08-23,437.57,ORD00555_3
U00556,2024-08-27,404.08,ORD00555_11
U00556,2024-10-24,605.11,ORD00555_6
U00556,2024-11-21,229.43,ORD00555_2
U00556,2024-11-23,414.06,ORD00555_15
U00556,2024-11-30,429.29,ORD00555_12
U00557,2024-02-05,359.49,ORD00556_1
U00557,2024-02-22,537.32,ORD00556_0
U00557,2024-05-18,472.74,ORD00556_4
U00557,2024-08-07,155.19,ORD00556_2
U00557,2024-09-19,439.09,ORD00556_3
U00557,2024-10-12,545.37,ORD00556_5
U00557,2024-11-17,428.84,ORD00556_6
U00558,2024-01-13,329.2,ORD00557_0
U00558,2024-02-02,268.42,ORD00557_6
U00558,2024-02-23,580.66,ORD00557_7
U00558,2024-03-08,273.77,ORD00557_25
U00558,2024-03-18,387.07,ORD00557_8
U00558,2024-03-18,645.66,ORD00557_23
U00558,2024-03-22,314.74,ORD00557_1
U00558,2024-04-03,403.96,ORD00557_20
U00558,2024-04-07,618.03,ORD00557_22
U00558,2024-04-17,211.85,ORD00557_5
U00558,2024-04-20,245.97,ORD00557_15
U00558,2024-05-13,570.43,ORD00557_17
U00558,2024-06-12,634.21,ORD00557_21
U00558,2024-07-11,289.89,ORD00557_11
U00558,2024-07-31,269.44,ORD00557_2
U00558,2024-08-31,617.51,ORD00557_12
U00558,2024-09-26,422.71,ORD00557_24
U00558,2024-10-07,298.76,ORD00557_16
U00558,2024-10-12,526.11,ORD00557_14
U00558,2024-11-04,533.94,ORD00557_3
U00558,2024-11-09,460.38,ORD00557_19
U00558,2024-11-11,467.72,ORD00557_13
U00558,2024-12-08,610.52,ORD00557_18
U00558,2024-12-23,272.99,ORD00557_9
U00558,2024-12-24,201.24,ORD00557_10
U00558,2024-12-28,389.44,ORD00557_4
U00559,2024-05-10,117.96,ORD00558_0
U00560,2024-04-29,62.19,ORD00559_0
U00560,2024-10-17,191.06,ORD00559_1
U00561,2024-01-06,588.33,ORD00560_3
U00561,2024-01-10,413.21,ORD00560_9
U00561,2024-01-14,271.71,ORD00560_6
U00561,2024-01-15,370.96,ORD00560_11
U00561,2024-01-28,492.0,ORD00560_0
U00561,2024-04-01,917.01,ORD00560_2
U00561,2024-05-05,334.79,ORD00560_12
U00561,2024-06-02,793.85,ORD00560_7
U00561,2024-08-20,478.06,ORD00560_10
U00561,2024-09-14,789.01,ORD00560_8
U00561,2024-09-27,326.7,ORD00560_4
U00561,2024-10-20,802.72,ORD00560_1
U00561,2024-10-25,581.49,ORD00560_5
U00562,2024-05-28,179.74,ORD00561_1
U00562,2024-07-19,233.73,ORD00561_0
U00562,2024-08-13,220.67,ORD00561_2
U00563,2024-07-03,108.02,ORD00562_0
U00564,2024-01-28,272.56,ORD00563_7
U00564,2024-02-05,581.87,ORD00563_6
U00564,2024-02-09,319.61,ORD00563_2
U00564,2024-03-26,246.15,ORD00563_1
U00564,2024-04-18,266.12,ORD00563_4
U00564,2024-06-23,587.81,ORD00563_3
U00564,2024-07-25,640.18,ORD00563_8
U00564,2024-07-28,395.23,ORD00563_0
U00564,2024-11-19,833.81,ORD00563_5
U00565,2024-03-08,204.38,ORD00564_4
U00565,2024-04-23,298.41,ORD00564_3
U00565,2024-07-05,492.78,ORD00564_2
U00565,2024-09-10,493.53,ORD00564_1
U00565,2024-12-15,226.46,ORD00564_0
U00566,2024-01-12,931.89,ORD00565_8
U00566,2024-01-25,242.32,ORD00565_7
U00566,2024-01-26,572.03,ORD00565_1
U00566,2024-02-23,746.03,ORD00565_16
U00566,2024-04-11,256.25,ORD00565_12
U00566,2024-04-18,879.75,ORD00565_9
U00566,2024-04-20,371.4,ORD00565_17
U00566,2024-04-29,926.49,ORD00565_6
U00566,2024-05-15,433.75,ORD00565_5
U00566,2024-05-16,549.33,ORD00565_13
U00566,2024-05-21,256.43,ORD00565_14
U00566,2024-06-10,719.89,ORD00565_0
U00566,2024-06-23,850.77,ORD00565_20
U00566,2024-07-07,744.37,ORD00565_2
U00566,2024-08-17,693.41,ORD00565_3
U00566,2024-09-18,946.65,ORD00565_4
U00566,2024-09-22,831.83,ORD00565_10
U00566,2024-10-16,557.6,ORD00565_19
U00566,2024-11-23,902.15,ORD00565_15
U00566,2024-11-28,346.56,ORD00565_11
U00566,2024-12-17,820.29,ORD00565_18
U00567,2024-01-07,381.52,ORD00566_3
U00567,2024-01-13,226.66,ORD00566_7
U00567,2024-03-21,228.35,ORD00566_0
U00567,2024-06-18,397.11,ORD00566_6
U00567,2024-06-19,143.8,ORD00566_4
U00567,2024-09-05,202.33,ORD00566_2
U00567,2024-10-01,283.88,ORD00566_1
U00567,2024-12-28,151.2,ORD00566_5
U00568,2024-01-03,397.17,ORD00567_0
U00568,2024-04-07,387.91,ORD00567_2
U00568,2024-04-22,230.43,ORD00567_4
U00568,2024-10-05,154.75,ORD00567_3
U00568,2024-11-05,450.5,ORD00567_5
U00568,2024-11-30,354.04,ORD00567_1
U00569,2024-02-24,123.11,ORD00568_0
U00570,2024-01-09,521.5,ORD00569_2
U00570,2024-01-23,492.02,ORD00569_20
U00570,2024-01-27,717.23,ORD00569_5
U00570,2024-01-30,652.27,ORD00569_7
U00570,2024-01-30,216.39,ORD00569_9
U00570,2024-03-13,661.79,ORD00569_0
U00570,2024-04-22,654.07,ORD00569_18
U00570,2024-05-24,199.98,ORD00569_14
U00570,2024-05-25,532.47,ORD00569_15
U00570,2024-06-21,617.62,ORD00569_3
U00570,2024-06-28,377.79,ORD00569_12
U00570,2024-07-08,240.29,ORD00569_8
U00570,2024-07-21,273.31,ORD00569_6
U00570,2024-07-21,237.56,ORD00569_17
U00570,2024-08-12,491.74,ORD00569_1
U00570,2024-08-17,452.35,ORD00569_13
U00570,2024-10-22,554.14,ORD00569_4
U00570,2024-11-09,441.43,ORD00569_19
U00570,2024-11-11,260.23,ORD00569_16
U00570,2024-11-13,273.74,ORD00569_22
U00570,2024-12-04,292.75,ORD00569_21
U00570,2024-12-06,539.18,ORD00569_10
U00570,2024-12-21,501.11,ORD00569_23
U00570,2024-12-25,764.51,ORD00569_11
U00571,2024-02-10,330.25,ORD00570_4
U00571,2024-04-07,218.67,ORD00570_8
U00571,2024-05-21,252.25,ORD00570_7
U00571,2024-05-27,108.82,ORD00570_1
U00571,2024-07-09,244.05,ORD00570_5
U00571,2024-08-10,414.9,ORD00570_0
U00571,2024-10-04,293.73,ORD00570_6
U00571,2024-10-20,271.74,ORD00570_3
U00571,2024-12-16,134.95,ORD00570_2
U00572,2024-06-09,141.8,ORD00571_1
U00572,2024-07-16,230.38,ORD00571_0
U00573,2024-01-13,401.42,ORD00572_5
U00573,2024-02-07,216.84,ORD00572_1
U00573,2024-03-08,372.54,ORD00572_3
U00573,2024-07-04,228.13,ORD00572_4
U00573,2024-08-18,316.63,ORD00572_2
U00573,2024-10-26,158.6,ORD00572_0
U00574,2024-07-11,68.71,ORD00573_1
U00574,2024-11-23,29.1,ORD00573_0
U00575,2024-03-03,343.99,ORD00574_2
U00575,2024-04-01,492.66,ORD00574_4
U00575,2024-04-10,540.97,ORD00574_3
U00575,2024-08-03,318.19,ORD00574_5
U00575,2024-11-05,630.91,ORD00574_0
U00575,2024-11-06,507.4,ORD00574_1
U00575,2024-11-15,738.72,ORD00574_6
U00576,2024-03-04,350.73,ORD00575_3
U00576,2024-07-26,152.36,ORD00575_0
U00576,2024-09-19,421.07,ORD00575_1
U00576,2024-12-07,366.29,ORD00575_2
U00577,2024-04-14,107.03,ORD00576_2
U00577,2024-07-15,85.92,ORD00576_0
U00577,2024-08-31,109.34,ORD00576_1
U00578,2024-05-23,127.5,ORD00577_1
U00578,2024-08-08,121.07,ORD00577_0
U00578,2024-12-07,60.28,ORD00577_2
U00579,2024-06-15,257.65,ORD00578_0
U00579,2024-08-26,272.7,ORD00578_1
U00580,2024-01-17,172.57,ORD00579_2
U00580,2024-01-26,151.07,ORD00579_0
U00580,2024-12-11,148.82,ORD00579_1
U00581,2024-07-20,93.89,ORD00580_0
U00582,2024-07-17,85.7,ORD00581_1
U00582,2024-09-19,190.12,ORD00581_2
U00582,2024-12-14,100.4,ORD00581_0
U00583,2024-02-28,104.72,ORD00582_0
U00583,2024-12-07,191.97,ORD00582_1
U00583,2024-12-07,110.03,ORD00582_2
U00584,2024-01-14,59.45,ORD00583_1
U00584,2024-09-14,66.94,ORD00583_0
U00585,2024-02-05,376.6,ORD00584_1
U00585,2024-03-09,565.62,ORD00584_4
U00585,2024-06-10,514.72,ORD00584_5
U00585,2024-08-04,226.19,ORD00584_0
U00585,2024-09-13,289.58,ORD00584_2
U00585,2024-11-13,208.37,ORD00584_3
U00586,2024-01-17,422.55,ORD00585_16
U00586,2024-02-09,685.81,ORD00585_9
U00586,2024-02-25,296.53,ORD00585_2
U00586,2024-03-22,809.2,ORD00585_5
U00586,2024-04-13,729.91,ORD00585_20
U00586,2024-05-02,947.1,ORD00585_8
U00586,2024-05-16,286.51,ORD00585_11
U00586,2024-05-18,382.52,ORD00585_15
U00586,2024-06-17,678.65,ORD00585_22
U00586,2024-06-26,984.38,ORD00585_1
U00586,2024-07-08,755.26,ORD00585_17
U00586,2024-07-11,342.36,ORD00585_6
U00586,2024-07-20,712.45,ORD00585_24
U00586,2024-07-24,1026.19,ORD00585_3
U00586,2024-08-26,558.95,ORD00585_4
U00586,2024-09-12,607.45,ORD00585_23
U00586,2024-09-20,329.77,ORD00585_19
U00586,2024-09-25,887.05,ORD00585_14
U00586,2024-10-02,976.33,ORD00585_7
U00586,2024-10-15,773.4,ORD00585_10
U00586,2024-10-25,904.95,ORD00585_13
U00586,2024-10-26,931.61,ORD00585_21
U00586,2024-12-12,865.95,ORD00585_0
U00586,2024-12-18,449.58,ORD00585_18
U00586,2024-12-19,871.38,ORD00585_12
U00587,2024-02-28,218.3,ORD00586_7
U00587,2024-03-21,150.82,ORD00586_5
U00587,2024-03-25,170.85,ORD00586_1
U00587,2024-06-25,184.84,ORD00586_4
U00587,2024-08-25,136.25,ORD00586_0
U00587,2024-11-21,133.6,ORD00586_6
U00587,2024-12-25,207.64,ORD00586_2
U00587,2024-12-26,170.06,ORD00586_3
U00588,2024-09-27,51.64,ORD00587_1
U00588,2024-09-28,40.5,ORD00587_2
U00588,2024-12-15,49.12,ORD00587_0
U00589,2024-03-13,128.68,ORD00588_3
U00589,2024-05-10,244.78,ORD00588_0
U00589,2024-07-21,397.05,ORD00588_1
U00589,2024-10-24,363.27,ORD00588_2
U00590,2024-01-11,440.06,ORD00589_7
U00590,2024-03-04,397.63,ORD00589_0
U00590,2024-03-10,296.33,ORD00589_6
U00590,2024-04-15,232.58,ORD00589_2
U00590,2024-04-22,337.42,ORD00589_5
U00590,2024-06-15,341.93,ORD00589_8
U00590,2024-07-21,346.69,ORD00589_1
U00590,2024-11-11,378.42,ORD00589_4
U00590,2024-11-13,202.07,ORD00589_3
U00591,2024-01-03,822.53,ORD00590_14
U00591,2024-01-04,246.79,ORD00590_7
U00591,2024-01-16,825.55,ORD00590_15
U00591,2024-01-20,293.39,ORD00590_8
U00591,2024-01-25,228.0,ORD00590_10
U00591,2024-02-07,544.71,ORD00590_12
U00591,2024-02-19,525.01,ORD00590_25
U00591,2024-02-28,328.75,ORD00590_11
U00591,2024-03-20,627.86,ORD00590_9
U00591,2024-03-20,584.82,ORD00590_22
U00591,2024-05-08,719.26,ORD00590_19
U00591,2024-05-12,415.76,ORD00590_1
U00591,2024-05-13,625.13,ORD00590_17
U00591,2024-07-10,484.68,ORD00590_6
U00591,2024-07-21,615.34,ORD00590_4
U00591,2024-08-09,273.44,ORD00590_21
U00591,2024-08-10,656.53,ORD00590_5
U00591,2024-08-26,571.82,ORD00590_16
U00591,2024-08-28,396.92,ORD00590_20
U00591,2024-09-26,338.53,ORD00590_13
U00591,2024-10-04,373.44,ORD00590_3
U00591,2024-10-07,286.66,ORD00590_2
U00591,2024-10-29,245.78,ORD00590_24
U00591,2024-11-01,640.48,ORD00590_23
U00591,2024-11-18,590.23,ORD00590_0
U00591,2024-11-23,754.53,ORD00590_18
U00592,2024-01-17,211.56,ORD00591_5
U00592,2024-06-10,219.26,ORD00591_3
U00592,2024-07-21,121.0,ORD00591_0
U00592,2024-07-22,121.97,ORD00591_4
U00592,2024-07-28,102.78,ORD00591_6
U00592,2024-10-01,259.54,ORD00591_2
U00592,2024-12-17,233.2,ORD00591_1
U00593,2024-05-14,34.92,ORD00592_1
U00593,2024-07-26,75.76,ORD00592_0
U00594,2024-01-18,217.45,ORD00593_1
U00594,2024-04-29,324.44,ORD00593_4
U00594,2024-05-11,217.79,ORD00593_0
U00594,2024-06-20,571.96,ORD00593_3
U00594,2024-10-20,490.19,ORD00593_2
U00595,2024-03-19,211.01,ORD00594_6
U00595,2024-04-07,267.24,ORD00594_0
U00595,2024-08-23,111.27,ORD00594_2
U00595,2024-08-28,189.47,ORD00594_3
U00595,2024-09-02,186.48,ORD00594_1
U00595,2024-11-08,259.44,ORD00594_5
U00595,2024-12-03,105.54,ORD00594_4
U00596,2024-10-23,79.9,ORD00595_0
U00596,2024-12-25,125.01,ORD00595_1
U00597,2024-01-02,640.72,ORD00596_5
U00597,2024-01-09,444.78,ORD00596_17
U00597,2024-02-04,867.32,ORD00596_8
U00597,2024-02-14,659.63,ORD00596_16
U00597,2024-02-24,434.89,ORD00596_11
U00597,2024-03-22,237.04,ORD00596_6
U00597,2024-04-02,362.64,ORD00596_13
U00597,2024-04-06,628.41,ORD00596_9
U00597,2024-04-09,826.19,ORD00596_10
U00597,2024-04-24,283.04,ORD00596_1
U00597,2024-05-21,551.13,ORD00596_4
U00597,2024-07-06,369.83,ORD00596_0
U00597,2024-08-27,247.9,ORD00596_15
U00597,2024-09-08,650.59,ORD00596_3
U00597,2024-11-10,520.57,ORD00596_12
U00597,2024-11-28,516.15,ORD00596_7
U00597,2024-12-03,271.65,ORD00596_2
U00597,2024-12-06,638.31,ORD00596_14
U00598,2024-04-01,190.88,ORD00597_3
U00598,2024-05-01,289.93,ORD00597_0
U00598,2024-08-11,290.39,ORD00597_2
U00598,2024-11-26,356.46,ORD00597_1
U00598,2024-12-13,656.72,ORD00597_4
U00599,2024-03-01,587.85,ORD00598_14
U00599,2024-03-15,981.5,ORD00598_3
U00599,2024-04-04,438.48,ORD00598_15
U00599,2024-04-05,269.26,ORD00598_8
U00599,2024-06-14,794.01,ORD00598_5
U00599,2024-08-15,796.82,ORD00598_0
U00599,2024-09-06,1018.41,ORD00598_9
U00599,2024-09-16,371.88,ORD00598_16
U00599,2024-10-02,985.98,ORD00598_2
U00599,2024-10-03,971.27,ORD00598_13
U00599,2024-10-14,386.93,ORD00598_4
U00599,2024-11-03,521.12,ORD00598_10
U00599,2024-11-21,875.17,ORD00598_12
U00599,2024-11-25,379.71,ORD00598_6
U00599,2024-11-28,686.77,ORD00598_1
U00599,2024-11-29,723.36,ORD00598_11
U00599,2024-12-02,1025.66,ORD00598_7
U00600,2024-04-14,522.83,ORD00599_2
U00600,2024-07-29,559.43,ORD00599_6
U00600,2024-09-27,363.87,ORD00599_1
U00600,2024-09-27,380.68,ORD00599_4
U00600,2024-10-21,401.36,ORD00599_5
U00600,2024-11-23,563.54,ORD00599_3
U00600,2024-12-02,413.51,ORD00599_7
U00600,2024-12-12,457.21,ORD00599_0
U00601,2024-01-29,269.69,ORD00600_6
U00601,2024-03-27,258.1,ORD00600_0
U00601,2024-05-25,147.22,ORD00600_1
U00601,2024-05-27,122.41,ORD00600_2
U00601,2024-05-28,268.16,ORD00600_5
U00601,2024-05-30,220.97,ORD00600_8
U00601,2024-09-22,77.71,ORD00600_7
U00601,2024-11-30,170.53,ORD00600_4
U00601,2024-12-07,275.87,ORD00600_3
U00602,2024-01-05,257.2,ORD00601_20
U00602,2024-01-15,154.71,ORD00601_24
U00602,2024-02-21,215.99,ORD00601_11
U00602,2024-02-26,155.57,ORD00601_2
U00602,2024-03-03,191.11,ORD00601_4
U00602,2024-05-14,127.15,ORD00601_3
U00602,2024-05-24,396.7,ORD00601_21
U00602,2024-06-01,151.34,ORD00601_25
U00602,2024-06-10,289.6,ORD00601_13
U00602,2024-06-14,330.89,ORD00601_10
U00602,2024-06-20,152.72,ORD00601_6
U00602,2024-06-20,458.37,ORD00601_9
U00602,2024-07-07,381.18,ORD00601_12
U00602,2024-07-28,169.67,ORD00601_18
U00602,2024-07-29,273.04,ORD00601_5
U00602,2024-10-04,139.2,ORD00601_23
U00602,2024-11-19,175.96,ORD00601_1
U00602,2024-11-25,285.29,ORD00601_19
U00602,2024-11-28,466.04,ORD00601_7
U00602,2024-11-30,182.88,ORD00601_15
U00602,2024-12-06,133.89,ORD00601_0
U00602,2024-12-07,351.31,ORD00601_8
U00602,2024-12-13,435.44,ORD00601_22
U00602,2024-12-17,360.12,ORD00601_17
U00602,2024-12-18,129.92,ORD00601_16
U00602,2024-12-23,203.33,ORD00601_26
U00602,2024-12-29,300.24,ORD00601_14
U00603,2024-01-15,272.92,ORD00602_1
U00603,2024-06-06,173.73,ORD00602_3
U00603,2024-07-25,225.72,ORD00602_4
U00603,2024-08-05,245.33,ORD00602_0
U00603,2024-09-21,225.49,ORD00602_5
U00603,2024-12-04,191.7,ORD00602_2
U00604,2024-01-23,393.96,ORD00603_0
U00604,2024-04-19,466.16,ORD00603_4
U00604,2024-05-21,267.59,ORD00603_2
U00604,2024-09-27,260.44,ORD00603_3
U00604,2024-12-26,429.26,ORD00603_1
U00605,2024-01-06,39.77,ORD00604_0
U00605,2024-01-31,61.86,ORD00604_1
U00606,2024-01-13,1000.44,ORD00605_4
U00606,2024-02-29,320.48,ORD00605_9
U00606,2024-04-18,672.71,ORD00605_6
U00606,2024-05-19,786.08,ORD00605_3
U00606,2024-07-22,613.3,ORD00605_8
U00606,2024-10-15,316.69,ORD00605_2
U00606,2024-11-08,750.64,ORD00605_5
U00606,2024-11-25,1071.88,ORD00605_0
U00606,2024-12-01,696.66,ORD00605_1
U00606,2024-12-21,1123.07,ORD00605_7
U00607,2024-07-04,98.35,ORD00606_0
U00608,2024-07-08,131.57,ORD00607_0
U00608,2024-07-09,51.2,ORD00607_1
U00608,2024-09-14,60.89,ORD00607_2
U00609,2024-01-22,552.31,ORD00608_4
U00609,2024-01-30,547.06,ORD00608_1
U00609,2024-02-03,244.26,ORD00608_3
U00609,2024-02-16,370.87,ORD00608_7
U00609,2024-02-24,497.18,ORD00608_2
U00609,2024-04-14,176.09,ORD00608_5
U00609,2024-05-30,222.69,ORD00608_0
U00609,2024-10-02,531.23,ORD00608_6
U00609,2024-10-30,472.73,ORD00608_8
U00610,2024-01-10,413.2,ORD00609_9
U00610,2024-02-24,449.4,ORD00609_17
U00610,2024-04-11,400.4,ORD00609_4
U00610,2024-04-17,316.23,ORD00609_18
U00610,2024-04-21,442.86,ORD00609_6
U00610,2024-05-11,440.88,ORD00609_19
U00610,2024-05-23,450.34,ORD00609_12
U00610,2024-05-31,611.03,ORD00609_15
U00610,2024-06-06,578.12,ORD00609_16
U00610,2024-06-12,270.32,ORD00609_1
U00610,2024-07-01,589.54,ORD00609_8
U00610,2024-07-16,416.6,ORD00609_20
U00610,2024-08-26,304.12,ORD00609_13
U00610,2024-09-01,304.9,ORD00609_21
U00610,2024-09-02,330.52,ORD00609_14
U00610,2024-09-27,570.41,ORD00609_2
U00610,2024-09-27,441.27,ORD00609_7
U00610,2024-10-24,409.89,ORD00609_10
U00610,2024-10-27,596.69,ORD00609_0
U00610,2024-12-02,250.26,ORD00609_5
U00610,2024-12-16,283.18,ORD00609_11
U00610,2024-12-17,384.04,ORD00609_3
U00611,2024-01-01,209.58,ORD00610_0
U00612,2024-01-16,121.27,ORD00611_1
U00612,2024-10-02,33.86,ORD00611_2
U00612,2024-12-14,32.62,ORD00611_0
U00613,2024-09-29,34.64,ORD00612_0
U00614,2024-07-18,34.34,ORD00613_2
U00614,2024-11-01,24.73,ORD00613_0
U00614,2024-12-08,70.93,ORD00613_1
U00615,2024-03-31,87.77,ORD00614_1
U00615,2024-04-20,67.68,ORD00614_0
U00616,2024-01-30,283.85,ORD00615_15
U00616,2024-02-12,606.66,ORD00615_7
U00616,2024-02-13,471.6,ORD00615_18
U00616,2024-03-07,391.0,ORD00615_3
U00616,2024-03-18,453.97,ORD00615_19
U00616,2024-05-07,286.82,ORD00615_2
U00616,2024-05-16,236.07,ORD00615_4
U00616,2024-06-06,422.94,ORD00615_12
U00616,2024-06-14,415.23,ORD00615_9
U00616,2024-07-08,318.21,ORD00615_8
U00616,2024-07-23,517.99,ORD00615_6
U00616,2024-07-29,468.87,ORD00615_5
U00616,2024-08-04,332.41,ORD00615_13
U00616,2024-08-20,575.9,ORD00615_10
U00616,2024-08-26,371.99,ORD00615_0
U00616,2024-09-04,156.53,ORD00615_11
U00616,2024-09-05,343.17,ORD00615_14
U00616,2024-09-23,410.56,ORD00615_1
U00616,2024-10-01,442.63,ORD00615_16
U00616,2024-11-30,433.96,ORD00615_17
U00617,2024-06-20,61.05,ORD00616_0
U00618,2024-07-25,55.31,ORD00617_0
U00619,2024-06-02,100.7,ORD00618_2
U00619,2024-07-07,315.87,ORD00618_1
U00619,2024-10-02,319.22,ORD00618_0
U00619,2024-12-03,99.14,ORD00618_3
U00620,2024-02-23,160.42,ORD00619_4
U00620,2024-05-11,131.8,ORD00619_5
U00620,2024-05-16,136.33,ORD00619_3
U00620,2024-08-19,163.32,ORD00619_0
U00620,2024-11-15,187.55,ORD00619_2
U00620,2024-12-03,110.1,ORD00619_1
U00620,2024-12-21,258.44,ORD00619_6
U00621,2024-01-18,412.63,ORD00620_20
U00621,2024-02-04,323.68,ORD00620_6
U00621,2024-02-18,164.57,ORD00620_0
U00621,2024-02-22,336.77,ORD00620_7
U00621,2024-03-27,152.76,ORD00620_2
U00621,2024-04-13,405.4,ORD00620_5
U00621,2024-04-13,323.96,ORD00620_8
U00621,2024-04-21,422.11,ORD00620_16
U00621,2024-05-15,169.88,ORD00620_19
U00621,2024-06-04,311.12,ORD00620_18
U00621,2024-07-09,279.16,ORD00620_1
U00621,2024-07-10,131.5,ORD00620_10
U00621,2024-07-24,124.9,ORD00620_14
U00621,2024-08-10,218.22,ORD00620_3
U00621,2024-08-20,359.93,ORD00620_11
U00621,2024-08-29,119.92,ORD00620_9
U00621,2024-08-30,268.48,ORD00620_12
U00621,2024-09-15,380.43,ORD00620_13
U00621,2024-10-17,205.97,ORD00620_15
U00621,2024-10-22,444.6,ORD00620_4
U00621,2024-11-12,232.93,ORD00620_17
U00622,2024-01-09,164.62,ORD00621_3
U00622,2024-01-12,365.62,ORD00621_0
U00622,2024-06-27,414.24,ORD00621_1
U00622,2024-07-13,248.64,ORD00621_2
U00622,2024-10-31,418.34,ORD00621_5
U00622,2024-11-05,341.01,ORD00621_4
U00623,2024-03-22,22.77,ORD00622_2
U00623,2024-04-12,70.38,ORD00622_0
U00623,2024-11-09,71.55,ORD00622_1
U00624,2024-02-07,391.33,ORD00623_0
U00624,2024-03-22,276.83,ORD00623_8
U00624,2024-04-26,245.5,ORD00623_1
U00624,2024-05-15,658.08,ORD00623_2
U00624,2024-05-19,314.93,ORD00623_5
U00624,2024-05-21,560.03,ORD00623_6
U00624,2024-09-14,336.1,ORD00623_9
U00624,2024-10-11,541.17,ORD00623_7
U00624,2024-10-19,398.29,ORD00623_4
U00624,2024-10-20,207.08,ORD00623_3
U00625,2024-03-06,95.39,ORD00624_2
U00625,2024-04-04,366.79,ORD00624_3
U00625,2024-08-03,179.15,ORD00624_0
U00625,2024-09-10,366.6,ORD00624_1
U00626,2024-04-18,221.95,ORD00625_1
U00626,2024-05-10,109.94,ORD00625_0
U00626,2024-10-21,143.39,ORD00625_2
U00627,2024-03-18,229.62,ORD00626_4
U00627,2024-04-18,339.42,ORD00626_5
U00627,2024-07-04,279.1,ORD00626_0
U00627,2024-09-10,650.07,ORD00626_1
U00627,2024-10-23,388.98,ORD00626_2
U00627,2024-11-19,230.01,ORD00626_3
U00628,2024-01-10,165.77,ORD00627_1
U00628,2024-02-28,242.53,ORD00627_2
U00628,2024-09-15,291.4,ORD00627_0
U00628,2024-10-11,196.17,ORD00627_3
U00629,2024-02-03,1184.24,ORD00628_8
U00629,2024-02-06,395.82,ORD00628_6
U00629,2024-04-22,1053.94,ORD00628_3
U00629,2024-05-03,879.82,ORD00628_1
U00629,2024-05-31,951.24,ORD00628_10
U00629,2024-07-27,748.71,ORD00628_9
U00629,2024-08-02,424.88,ORD00628_2
U00629,2024-08-16,716.45,ORD00628_0
U00629,2024-09-02,1117.5,ORD00628_4
U00629,2024-11-14,1157.36,ORD00628_5
U00629,2024-12-07,804.39,ORD00628_7
U00630,2024-03-27,71.7,ORD00629_1
U00630,2024-04-10,152.91,ORD00629_2
U00630,2024-10-11,120.2,ORD00629_0
U00631,2024-01-17,293.02,ORD00630_4
U00631,2024-03-29,209.18,ORD00630_2
U00631,2024-06-04,289.78,ORD00630_3
U00631,2024-06-15,119.47,ORD00630_1
U00631,2024-08-13,257.75,ORD00630_0
U00631,2024-11-28,293.9,ORD00630_5
U00632,2024-08-07,258.91,ORD00631_0
U00632,2024-11-30,169.83,ORD00631_1
U00633,2024-01-15,424.77,ORD00632_2
U00633,2024-04-11,433.09,ORD00632_0
U00633,2024-09-27,358.11,ORD00632_1
U00634,2024-06-05,284.67,ORD00633_2
U00634,2024-06-19,399.25,ORD00633_4
U00634,2024-06-26,514.04,ORD00633_3
U00634,2024-08-09,496.9,ORD00633_0
U00634,2024-10-11,479.56,ORD00633_1
U00635,2024-05-22,135.01,ORD00634_2
U00635,2024-10-04,266.85,ORD00634_0
U00635,2024-12-28,131.6,ORD00634_1
U00636,2024-09-06,145.22,ORD00635_0
U00636,2024-10-05,81.01,ORD00635_1
U00637,2024-03-11,55.24,ORD00636_1
U00637,2024-04-19,111.91,ORD00636_0
U00637,2024-04-22,85.77,ORD00636_2
U00638,2024-01-15,74.6,ORD00637_2
U00638,2024-07-11,40.33,ORD00637_0
U00638,2024-08-19,33.69,ORD00637_1
U00639,2024-01-12,435.53,ORD00638_6
U00639,2024-01-24,578.6,ORD00638_3
U00639,2024-01-26,436.31,ORD00638_4
U00639,2024-02-03,379.68,ORD00638_0
U00639,2024-06-27,658.2,ORD00638_1
U00639,2024-07-26,209.07,ORD00638_7
U00639,2024-09-16,543.7,ORD00638_2
U00639,2024-11-22,635.22,ORD00638_5
U00640,2024-01-15,450.25,ORD00639_3
U00640,2024-02-11,273.07,ORD00639_10
U00640,2024-02-14,645.45,ORD00639_1
U00640,2024-02-21,517.3,ORD00639_17
U00640,2024-02-21,541.23,ORD00639_22
U00640,2024-03-12,526.47,ORD00639_5
U00640,2024-03-30,994.18,ORD00639_19
U00640,2024-04-21,761.31,ORD00639_2
U00640,2024-05-06,935.16,ORD00639_4
U00640,2024-05-10,1002.11,ORD00639_15
U00640,2024-05-26,369.35,ORD00639_7
U00640,2024-05-28,605.16,ORD00639_6
U00640,2024-06-04,676.05,ORD00639_18
U00640,2024-06-22,493.43,ORD00639_12
U00640,2024-07-01,856.21,ORD00639_0
U00640,2024-07-17,856.27,ORD00639_13
U00640,2024-07-29,502.0,ORD00639_14
U00640,2024-08-29,807.33,ORD00639_21
U00640,2024-09-06,793.89,ORD00639_16
U00640,2024-09-16,359.73,ORD00639_9
U00640,2024-09-27,988.9,ORD00639_11
U00640,2024-10-18,695.42,ORD00639_23
U00640,2024-12-16,619.7,ORD00639_8
U00640,2024-12-16,868.95,ORD00639_20
U00641,2024-01-04,63.21,ORD00640_1
U00641,2024-03-09,127.26,ORD00640_0
U00642,2024-01-16,246.04,ORD00641_0
U00642,2024-01-16,671.39,ORD00641_15
U00642,2024-02-15,215.26,ORD00641_13
U00642,2024-03-27,470.78,ORD00641_10
U00642,2024-04-27,445.71,ORD00641_20
U00642,2024-05-31,203.85,ORD00641_12
U00642,2024-06-03,515.51,ORD00641_3
U00642,2024-06-10,551.38,ORD00641_2
U00642,2024-07-08,693.14,ORD00641_7
U00642,2024-07-09,214.55,ORD00641_11
U00642,2024-07-09,564.14,ORD00641_21
U00642,2024-07-16,347.31,ORD00641_17
U00642,2024-07-19,682.57,ORD00641_1
U00642,2024-08-30,266.18,ORD00641_4
U00642,2024-09-03,254.47,ORD00641_16
U00642,2024-09-15,223.96,ORD00641_5
U00642,2024-10-14,424.13,ORD00641_14
U00642,2024-10-20,585.83,ORD00641_18
U00642,2024-11-15,340.59,ORD00641_9
U00642,2024-12-02,242.57,ORD00641_19
U00642,2024-12-20,657.89,ORD00641_6
U00642,2024-12-20,292.96,ORD00641_8
U00643,2024-02-19,149.99,ORD00642_4
U00643,2024-03-21,515.36,ORD00642_5
U00643,2024-04-02,473.16,ORD00642_3
U00643,2024-08-20,244.56,ORD00642_6
U00643,2024-08-23,337.29,ORD00642_7
U00643,2024-08-25,322.76,ORD00642_2
U00643,2024-09-08,239.68,ORD00642_0
U00643,2024-11-08,267.92,ORD00642_1
U00643,2024-11-11,372.56,ORD00642_8
U00644,2024-02-21,128.41,ORD00643_0
U00644,2024-05-10,35.44,ORD00643_1
U00645,2024-06-26,447.02,ORD00644_0
U00645,2024-09-02,383.5,ORD00644_1
U00645,2024-12-02,544.05,ORD00644_2
U00646,2024-01-09,277.58,ORD00645_0
U00646,2024-01-21,328.64,ORD00645_1
U00646,2024-06-20,272.62,ORD00645_3
U00646,2024-10-07,115.9,ORD00645_2
U00647,2024-10-19,84.22,ORD00646_0
U00648,2024-01-19,284.42,ORD00647_0
U00648,2024-03-27,108.7,ORD00647_4
U00648,2024-04-06,210.38,ORD00647_7
U00648,2024-04-07,161.43,ORD00647_5
U00648,2024-05-11,300.12,ORD00647_6
U00648,2024-05-29,200.89,ORD00647_3
U00648,2024-10-09,95.49,ORD00647_1
U00648,2024-10-26,180.84,ORD00647_2
U00648,2024-12-21,78.8,ORD00647_8
U00649,2024-04-06,80.91,ORD00648_0
U00649,2024-04-26,48.12,ORD00648_1
U00649,2024-07-22,37.31,ORD00648_2
U00650,2024-01-11,165.34,ORD00649_3
U00650,2024-04-15,94.72,ORD00649_2
U00650,2024-06-29,117.86,ORD00649_0
U00650,2024-10-09,170.89,ORD00649_1
U00651,2024-03-26,682.66,ORD00650_6
U00651,2024-04-25,544.47,ORD00650_1
U00651,2024-06-16,277.32,ORD00650_5
U00651,2024-07-29,515.11,ORD00650_3
U00651,2024-10-01,580.22,ORD00650_0
U00651,2024-11-28,348.57,ORD00650_2
U00651,2024-12-04,739.4,ORD00650_4
U00652,2024-02-20,391.89,ORD00651_8
U00652,2024-05-13,514.69,ORD00651_5
U00652,2024-05-24,418.98,ORD00651_10
U00652,2024-06-01,389.72,ORD00651_9
U00652,2024-06-03,138.41,ORD00651_11
U00652,2024-07-11,483.83,ORD00651_3
U00652,2024-07-14,149.07,ORD00651_0
U00652,2024-10-14,431.1,ORD00651_1
U00652,2024-11-05,472.34,ORD00651_4
U00652,2024-12-01,178.75,ORD00651_13
U00652,2024-12-02,341.49,ORD00651_12
U00652,2024-12-18,295.15,ORD00651_2
U00652,2024-12-28,362.02,ORD00651_7
U00652,2024-12-30,164.26,ORD00651_6
U00653,2024-01-05,108.12,ORD00652_0
U00653,2024-04-01,300.8,ORD00652_4
U00653,2024-06-24,219.57,ORD00652_7
U00653,2024-08-01,290.98,ORD00652_1
U00653,2024-08-16,346.44,ORD00652_5
U00653,2024-08-28,301.57,ORD00652_3
U00653,2024-10-15,308.61,ORD00652_6
U00653,2024-11-13,183.72,ORD00652_2
U00653,2024-12-29,217.61,ORD00652_8
U00654,2024-01-11,63.13,ORD00653_1
U00654,2024-07-13,61.01,ORD00653_0
U00654,2024-07-14,86.77,ORD00653_2
U00655,2024-01-29,632.33,ORD00654_1
U00655,2024-03-10,775.3,ORD00654_3
U00655,2024-06-20,295.48,ORD00654_5
U00655,2024-07-23,539.05,ORD00654_7
U00655,2024-08-18,650.52,ORD00654_4
U00655,2024-09-16,543.97,ORD00654_0
U00655,2024-09-20,686.34,ORD00654_6
U00655,2024-10-11,626.05,ORD00654_2
U00656,2024-06-14,194.1,ORD00655_0
U00657,2024-01-30,318.49,ORD00656_3
U00657,2024-03-30,161.57,ORD00656_0
U00657,2024-04-15,374.03,ORD00656_4
U00657,2024-06-02,338.0,ORD00656_6
U00657,2024-06-15,149.44,ORD00656_2
U00657,2024-08-25,139.82,ORD00656_1
U00657,2024-11-25,243.25,ORD00656_5
U00658,2024-09-20,72.22,ORD00657_0
U00659,2024-01-15,679.17,ORD00658_1
U00659,2024-04-30,773.55,ORD00658_2
U00659,2024-10-22,567.88,ORD00658_0
U00660,2024-03-22,82.23,ORD00659_0
U00661,2024-01-30,286.42,ORD00660_6
U00661,2024-02-01,347.02,ORD00660_2
U00661,2024-02-01,360.72,ORD00660_3
U00661,2024-03-29,339.42,ORD00660_0
U00661,2024-05-23,199.56,ORD00660_7
U00661,2024-08-04,283.98,ORD00660_1
U00661,2024-10-05,289.21,ORD00660_5
U00661,2024-12-12,113.13,ORD00660_4
U00662,2024-12-18,67.18,ORD00661_0
U00663,2024-05-14,77.33,ORD00662_1
U00663,2024-09-16,86.02,ORD00662_0
U00664,2024-10-16,136.1,ORD00663_0
U00665,2024-01-04,334.95,ORD00664_2
U00665,2024-05-20,149.99,ORD00664_1
U00665,2024-09-29,215.1,ORD00664_0
U00666,2024-08-21,228.21,ORD00665_1
U00666,2024-09-25,94.65,ORD00665_0
U00666,2024-10-01,245.46,ORD00665_2
U00667,2024-01-25,171.73,ORD00666_7
U00667,2024-02-17,303.12,ORD00666_4
U00667,2024-02-27,156.09,ORD00666_2
U00667,2024-05-28,355.23,ORD00666_0
U00667,2024-07-05,406.46,ORD00666_3
U00667,2024-08-02,395.75,ORD00666_5
U00667,2024-08-16,421.79,ORD00666_1
U00667,2024-12-23,189.96,ORD00666_6
U00668,2024-01-07,838.15,ORD00667_4
U00668,2024-02-11,1124.68,ORD00667_6
U00668,2024-02-18,711.91,ORD00667_0
U00668,2024-02-21,762.34,ORD00667_10
U00668,2024-02-22,1263.24,ORD00667_16
U00668,2024-03-08,718.1,ORD00667_17
U00668,2024-04-13,1143.61,ORD00667_13
U00668,2024-05-04,1292.83,ORD00667_9
U00668,2024-05-17,1395.23,ORD00667_18
U00668,2024-05-23,488.67,ORD00667_15
U00668,2024-06-23,866.18,ORD00667_1
U00668,2024-07-20,886.2,ORD00667_7
U00668,2024-07-23,716.01,ORD00667_12
U00668,2024-07-27,1245.2,ORD00667_3
U00668,2024-09-30,1108.92,ORD00667_2
U00668,2024-10-30,503.86,ORD00667_14
U00668,2024-11-20,1219.88,ORD00667_5
U00668,2024-11-27,501.01,ORD00667_8
U00668,2024-12-17,751.58,ORD00667_19
U00668,2024-12-26,723.34,ORD00667_11
U00669,2024-02-18,455.07,ORD00668_5
U00669,2024-03-24,851.23,ORD00668_10
U00669,2024-03-27,980.05,ORD00668_0
U00669,2024-03-28,934.79,ORD00668_2
U00669,2024-04-04,765.48,ORD00668_6
U00669,2024-04-17,460.43,ORD00668_3
U00669,2024-05-11,1248.23,ORD00668_7
U00669,2024-05-24,1268.49,ORD00668_8
U00669,2024-06-25,825.67,ORD00668_4
U00669,2024-07-05,936.49,ORD00668_1
U00669,2024-07-16,384.24,ORD00668_9
U00669,2024-09-09,514.96,ORD00668_11
U00670,2024-01-07,233.09,ORD00669_2
U00670,2024-01-13,488.89,ORD00669_5
U00670,2024-01-30,267.19,ORD00669_8
U00670,2024-03-01,610.18,ORD00669_0
U00670,2024-03-17,855.26,ORD00669_14
U00670,2024-05-04,774.51,ORD00669_4
U00670,2024-06-04,653.19,ORD00669_9
U00670,2024-07-11,732.14,ORD00669_10
U00670,2024-07-13,290.9,ORD00669_11
U00670,2024-08-18,286.88,ORD00669_3
U00670,2024-08-26,818.58,ORD00669_12
U00670,2024-08-31,517.38,ORD00669_13
U00670,2024-09-15,336.34,ORD00669_1
U00670,2024-09-19,223.53,ORD00669_6
U00670,2024-11-15,423.71,ORD00669_7
U00671,2024-01-01,193.78,ORD00670_0
U00671,2024-09-12,120.92,ORD00670_1
U00672,2024-12-03,118.1,ORD00671_0
U00672,2024-12-14,73.72,ORD00671_1
U00673,2024-06-07,189.44,ORD00672_1
U00673,2024-12-07,94.29,ORD00672_0
U00674,2024-01-27,451.28,ORD00673_1
U00674,2024-02-08,929.83,ORD00673_5
U00674,2024-02-12,575.83,ORD00673_7
U00674,2024-03-07,857.22,ORD00673_2
U00674,2024-03-13,412.85,ORD00673_16
U00674,2024-06-03,301.71,ORD00673_0
U00674,2024-06-19,524.81,ORD00673_17
U00674,2024-07-08,860.82,ORD00673_11
U00674,2024-07-24,836.7,ORD00673_6
U00674,2024-07-28,706.49,ORD00673_18
U00674,2024-08-02,426.47,ORD00673_3
U00674,2024-09-15,901.45,ORD00673_8
U00674,2024-09-30,676.22,ORD00673_10
U00674,2024-10-04,1015.01,ORD00673_15
U00674,2024-10-08,276.85,ORD00673_14
U00674,2024-10-16,770.49,ORD00673_4
U00674,2024-10-28,665.72,ORD00673_12
U00674,2024-11-14,482.46,ORD00673_9
U00674,2024-11-26,582.42,ORD00673_13
U00675,2024-04-24,69.34,ORD00674_0
U00676,2024-06-30,131.3,ORD00675_1
U00676,2024-11-24,144.26,ORD00675_0
U00677,2024-02-22,212.42,ORD00676_2
U00677,2024-04-01,231.24,ORD00676_0
U00677,2024-05-28,186.25,ORD00676_1
U00677,2024-09-21,232.86,ORD00676_3
U00678,2024-01-18,254.44,ORD00677_3
U00678,2024-07-15,218.21,ORD00677_0
U00678,2024-07-20,527.13,ORD00677_1
U00678,2024-08-10,292.15,ORD00677_2
U00678,2024-09-13,190.71,ORD00677_4
U00679,2024-05-08,140.01,ORD00678_0
U00679,2024-10-24,94.31,ORD00678_1
U00680,2024-03-06,509.08,ORD00679_12
U00680,2024-03-07,494.64,ORD00679_16
U00680,2024-03-08,741.7,ORD00679_11
U00680,2024-03-12,527.13,ORD00679_21
U00680,2024-03-15,896.74,ORD00679_4
U00680,2024-03-22,1262.06,ORD00679_18
U00680,2024-04-08,637.68,ORD00679_7
U00680,2024-04-12,752.85,ORD00679_6
U00680,2024-04-29,1237.43,ORD00679_2
U00680,2024-05-02,1331.77,ORD00679_13
U00680,2024-05-02,1248.74,ORD00679_14
U00680,2024-05-10,1118.47,ORD00679_19
U00680,2024-06-26,467.0,ORD00679_1
U00680,2024-06-29,615.42,ORD00679_9
U00680,2024-07-08,555.45,ORD00679_5
U00680,2024-07-08,1078.47,ORD00679_10
U00680,2024-09-06,1470.5,ORD00679_20
U00680,2024-09-19,1399.94,ORD00679_0
U00680,2024-10-27,496.58,ORD00679_15
U00680,2024-10-28,1245.48,ORD00679_3
U00680,2024-12-27,1474.29,ORD00679_17
U00680,2024-12-28,1506.44,ORD00679_8
U00681,2024-02-16,409.99,ORD00680_3
U00681,2024-04-20,569.28,ORD00680_0
U00681,2024-08-29,518.58,ORD00680_4
U00681,2024-09-26,319.22,ORD00680_6
U00681,2024-10-09,310.2,ORD00680_1
U00681,2024-10-10,196.22,ORD00680_2
U00681,2024-10-15,723.72,ORD00680_5
U00682,2024-02-07,73.76,ORD00681_1
U00682,2024-10-20,125.62,ORD00681_0
U00683,2024-03-17,124.75,ORD00682_0
U00684,2024-03-25,78.36,ORD00683_0
U00685,2024-02-02,600.59,ORD00684_1
U00685,2024-05-08,539.22,ORD00684_0
U00685,2024-05-30,645.0,ORD00684_2
U00686,2024-01-03,980.59,ORD00685_11
U00686,2024-01-04,898.22,ORD00685_1
U00686,2024-01-31,686.1,ORD00685_10
U00686,2024-02-25,1110.84,ORD00685_12
U00686,2024-03-21,396.82,ORD00685_7
U00686,2024-05-07,1442.42,ORD00685_3
U00686,2024-05-16,1049.25,ORD00685_8
U00686,2024-06-04,1501.34,ORD00685_6
U00686,2024-06-13,567.77,ORD00685_2
U00686,2024-08-22,744.29,ORD00685_4
U00686,2024-08-24,532.03,ORD00685_5
U00686,2024-08-28,1489.82,ORD00685_0
U00686,2024-11-02,649.19,ORD00685_9
U00687,2024-01-17,372.6,ORD00686_3
U00687,2024-02-07,185.93,ORD00686_0
U00687,2024-02-10,431.5,ORD00686_6
U00687,2024-04-24,202.33,ORD00686_7
U00687,2024-07-08,304.62,ORD00686_2
U00687,2024-07-27,538.56,ORD00686_5
U00687,2024-11-11,189.16,ORD00686_4
U00687,2024-12-10,364.06,ORD00686_1
U00687,2024-12-10,366.96,ORD00686_8
U00688,2024-03-14,178.12,ORD00687_1
U00688,2024-11-17,185.98,ORD00687_0
U00689,2024-01-04,1376.47,ORD00688_0
U00689,2024-01-04,983.47,ORD00688_7
U00689,2024-01-14,1218.66,ORD00688_17
U00689,2024-03-14,873.72,ORD00688_9
U00689,2024-04-02,799.57,ORD00688_10
U00689,2024-04-04,1180.45,ORD00688_15
U00689,2024-04-12,803.35,ORD00688_4
U00689,2024-04-16,466.71,ORD00688_16
U00689,2024-05-22,1204.85,ORD00688_20
U00689,2024-05-31,1079.25,ORD00688_18
U00689,2024-06-06,1282.96,ORD00688_5
U00689,2024-06-15,620.85,ORD00688_21
U00689,2024-07-10,1244.98,ORD00688_22
U00689,2024-07-13,1261.48,ORD00688_3
U00689,2024-08-02,1111.58,ORD00688_19
U00689,2024-08-04,1491.99,ORD00688_8
U00689,2024-08-05,1328.65,ORD00688_14
U00689,2024-08-19,1258.61,ORD00688_2
U00689,2024-10-04,735.04,ORD00688_6
U00689,2024-10-04,1426.53,ORD00688_13
U00689,2024-10-29,1070.98,ORD00688_12
U00689,2024-11-07,415.82,ORD00688_1
U00689,2024-11-16,569.47,ORD00688_11
U00690,2024-01-15,453.05,ORD00689_3
U00690,2024-03-07,722.78,ORD00689_2
U00690,2024-04-26,671.87,ORD00689_1
U00690,2024-07-20,408.69,ORD00689_0
U00690,2024-09-30,420.0,ORD00689_4
U00691,2024-01-15,258.44,ORD00690_0
U00691,2024-05-15,479.02,ORD00690_4
U00691,2024-07-10,536.55,ORD00690_2
U00691,2024-11-19,416.45,ORD00690_3
U00691,2024-12-19,507.52,ORD00690_1
U00692,2024-01-23,87.7,ORD00691_1
U00692,2024-03-19,58.14,ORD00691_0
U00693,2024-01-02,377.25,ORD00692_1
U00693,2024-01-19,492.58,ORD00692_4
U00693,2024-01-24,725.62,ORD00692_13
U00693,2024-01-31,1443.27,ORD00692_12
U00693,2024-02-21,510.23,ORD00692_7
U00693,2024-02-26,729.61,ORD00692_20
U00693,2024-03-03,819.77,ORD00692_10
U00693,2024-03-08,669.3,ORD00692_3
U00693,2024-03-22,1091.3,ORD00692_5
U00693,2024-04-06,617.64,ORD00692_19
U00693,2024-04-24,484.81,ORD00692_9
U00693,2024-06-08,500.85,ORD00692_16
U00693,2024-06-30,1424.81,ORD00692_8
U00693,2024-07-17,916.85,ORD00692_21
U00693,2024-07-29,1412.44,ORD00692_14
U00693,2024-08-08,1045.28,ORD00692_6
U00693,2024-08-13,1244.39,ORD00692_11
U00693,2024-08-29,1092.97,ORD00692_18
U00693,2024-09-11,884.04,ORD00692_15
U00693,2024-09-20,1438.93,ORD00692_0
U00693,2024-12-08,590.19,ORD00692_2
U00693,2024-12-22,439.15,ORD00692_17
U00694,2024-04-14,126.07,ORD00693_1
U00694,2024-05-06,88.56,ORD00693_2
U00694,2024-08-05,238.68,ORD00693_0
U00694,2024-09-08,104.67,ORD00693_3
U00695,2024-06-10,448.53,ORD00694_6
U00695,2024-07-08,591.99,ORD00694_3
U00695,2024-07-16,425.37,ORD00694_4
U00695,2024-08-06,189.53,ORD00694_0
U00695,2024-12-01,627.07,ORD00694_2
U00695,2024-12-01,172.03,ORD00694_5
U00695,2024-12-06,445.45,ORD00694_1
U00696,2024-03-05,159.62,ORD00695_2
U00696,2024-05-27,159.49,ORD00695_1
U00696,2024-11-16,123.27,ORD00695_0
U00697,2024-07-07,178.2,ORD00696_0
U00698,2024-02-11,139.68,ORD00697_4
U00698,2024-04-16,115.11,ORD00697_5
U00698,2024-04-28,188.89,ORD00697_1
U00698,2024-06-28,250.71,ORD00697_6
U00698,2024-07-22,138.84,ORD00697_7
U00698,2024-08-29,221.69,ORD00697_2
U00698,2024-09-08,131.97,ORD00697_3
U00698,2024-11-12,219.75,ORD00697_0
U00699,2024-01-24,120.37,ORD00698_4
U00699,2024-02-03,136.51,ORD00698_0
U00699,2024-02-18,154.19,ORD00698_1
U00699,2024-04-18,191.1,ORD00698_3
U00699,2024-07-07,197.46,ORD00698_2
U00700,2024-08-02,87.19,ORD00699_0
U00701,2024-08-27,39.52,ORD00700_1
U00701,2024-09-01,50.46,ORD00700_0
U00702,2024-03-06,41.18,ORD00701_0
U00702,2024-10-05,43.34,ORD00701_1
U00703,2024-02-05,422.09,ORD00702_2
U00703,2024-04-05,338.07,ORD00702_4
U00703,2024-04-17,435.39,ORD00702_3
U00703,2024-06-12,211.85,ORD00702_5
U00703,2024-06-26,300.7,ORD00702_1
U00703,2024-09-24,142.28,ORD00702_0
U00704,2024-01-01,275.69,ORD00703_3
U00704,2024-03-31,642.58,ORD00703_0
U00704,2024-07-16,544.36,ORD00703_2
U00704,2024-11-27,550.59,ORD00703_4
U00704,2024-12-07,653.86,ORD00703_1
U00705,2024-02-10,202.62,ORD00704_0
U00706,2024-01-22,126.07,ORD00705_1
U00706,2024-01-26,98.4,ORD00705_5
U00706,2024-02-24,147.73,ORD00705_4
U00706,2024-05-09,70.01,ORD00705_2
U00706,2024-07-15,115.49,ORD00705_6
U00706,2024-07-25,204.59,ORD00705_0
U00706,2024-10-16,75.14,ORD00705_8
U00706,2024-11-07,95.03,ORD00705_7
U00706,2024-11-18,95.81,ORD00705_3
U00707,2024-02-22,188.22,ORD00706_0
U00708,2024-04-21,48.02,ORD00707_0
U00708,2024-09-14,34.02,ORD00707_1
U00709,2024-10-06,63.73,ORD00708_0
U00710,2024-01-30,264.72,ORD00709_8
U00710,2024-03-18,565.71,ORD00709_0
U00710,2024-04-09,177.12,ORD00709_5
U00710,2024-06-20,175.34,ORD00709_6
U00710,2024-07-01,489.87,ORD00709_2
U00710,2024-11-12,595.74,ORD00709_3
U00710,2024-12-01,668.79,ORD00709_1
U00710,2024-12-04,623.12,ORD00709_4
U00710,2024-12-15,333.25,ORD00709_7
U00711,2024-01-11,376.16,ORD00710_14
U00711,2024-01-20,639.89,ORD00710_10
U00711,2024-01-26,518.4,ORD00710_13
U00711,2024-03-23,666.9,ORD00710_15
U00711,2024-03-24,733.25,ORD00710_4
U00711,2024-05-12,569.82,ORD00710_5
U00711,2024-05-20,585.53,ORD00710_9
U00711,2024-06-21,596.83,ORD00710_2
U00711,2024-06-21,353.0,ORD00710_3
U00711,2024-07-07,794.72,ORD00710_12
U00711,2024-07-19,515.01,ORD00710_11
U00711,2024-08-06,387.89,ORD00710_0
U00711,2024-10-08,260.43,ORD00710_7
U00711,2024-10-14,377.61,ORD00710_6
U00711,2024-11-28,437.56,ORD00710_1
U00711,2024-12-14,383.68,ORD00710_8
U00712,2024-05-22,86.42,ORD00711_2
U00712,2024-06-30,73.14,ORD00711_1
U00712,2024-11-03,229.59,ORD00711_0
U00713,2024-06-05,92.02,ORD00712_0
U00713,2024-10-01,58.22,ORD00712_2
U00713,2024-10-27,58.61,ORD00712_1
U00714,2024-01-04,810.95,ORD00713_13
U00714,2024-01-21,549.44,ORD00713_22
U00714,2024-02-11,807.79,ORD00713_14
U00714,2024-02-12,570.23,ORD00713_18
U00714,2024-03-12,924.67,ORD00713_5
U00714,2024-03-20,994.97,ORD00713_10
U00714,2024-03-22,409.87,ORD00713_8
U00714,2024-04-03,667.85,ORD00713_19
U00714,2024-04-06,1425.96,ORD00713_16
U00714,2024-04-21,906.74,ORD00713_9
U00714,2024-04-24,909.22,ORD00713_12
U00714,2024-04-29,974.25,ORD00713_3
U00714,2024-06-02,1077.38,ORD00713_7
U00714,2024-06-07,810.09,ORD00713_6
U00714,2024-07-15,608.82,ORD00713_2
U00714,2024-08-11,1298.57,ORD00713_0
U00714,2024-09-02,1303.06,ORD00713_21
U00714,2024-09-15,455.3,ORD00713_1
U00714,2024-09-25,1179.94,ORD00713_4
U00714,2024-10-04,1374.97,ORD00713_17
U00714,2024-11-02,1052.76,ORD00713_15
U00714,2024-11-11,1104.31,ORD00713_11
U00714,2024-12-10,1167.9,ORD00713_20
U00715,2024-02-05,84.17,ORD00714_1
U00715,2024-07-02,78.5,ORD00714_0
U00716,2024-07-29,48.74,ORD00715_0
U00717,2024-04-05,729.73,ORD00716_6
U00717,2024-04-22,316.23,ORD00716_7
U00717,2024-04-28,340.53,ORD00716_11
U00717,2024-05-25,312.16,ORD00716_13
U00717,2024-05-29,374.38,ORD00716_19
U00717,2024-06-08,221.83,ORD00716_10
U00717,2024-06-09,702.17,ORD00716_12
U00717,2024-06-15,551.86,ORD00716_17
U00717,2024-06-27,692.45,ORD00716_14
U00717,2024-08-09,279.33,ORD00716_1
U00717,2024-08-10,480.46,ORD00716_15
U00717,2024-08-11,478.34,ORD00716_18
U00717,2024-08-18,577.08,ORD00716_3
U00717,2024-09-14,333.77,ORD00716_5
U00717,2024-10-03,274.74,ORD00716_8
U00717,2024-10-07,629.93,ORD00716_2
U00717,2024-10-25,579.33,ORD00716_0
U00717,2024-11-03,404.54,ORD00716_16
U00717,2024-11-15,688.5,ORD00716_9
U00717,2024-11-24,406.02,ORD00716_4
U00718,2024-01-31,53.52,ORD00717_0
U00718,2024-05-07,117.82,ORD00717_1
U00719,2024-07-16,87.4,ORD00718_0
U00719,2024-11-23,194.81,ORD00718_1
U00720,2024-03-08,137.45,ORD00719_1
U00720,2024-05-02,59.0,ORD00719_2
U00720,2024-05-13,99.6,ORD00719_0
U00721,2024-01-09,266.43,ORD00720_1
U00721,2024-02-27,155.86,ORD00720_4
U00721,2024-03-13,147.41,ORD00720_2
U00721,2024-08-17,225.47,ORD00720_0
U00721,2024-10-27,295.16,ORD00720_3
U00722,2024-02-12,251.77,ORD00721_1
U00722,2024-03-14,262.07,ORD00721_0
U00722,2024-08-19,187.65,ORD00721_2
U00722,2024-10-10,323.88,ORD00721_3
U00723,2024-01-15,807.99,ORD00722_13
U00723,2024-01-24,578.87,ORD00722_10
U00723,2024-01-31,1103.81,ORD00722_6
U00723,2024-02-10,443.25,ORD00722_4
U00723,2024-02-29,791.77,ORD00722_12
U00723,2024-04-14,518.79,ORD00722_11
U00723,2024-05-24,791.4,ORD00722_8
U00723,2024-05-24,769.95,ORD00722_17
U00723,2024-06-22,573.95,ORD00722_19
U00723,2024-07-13,398.02,ORD00722_7
U00723,2024-07-15,947.73,ORD00722_14
U00723,2024-07-25,774.5,ORD00722_0
U00723,2024-08-27,319.8,ORD00722_5
U00723,2024-09-07,355.49,ORD00722_2
U00723,2024-10-15,455.62,ORD00722_16
U00723,2024-11-17,483.24,ORD00722_9
U00723,2024-11-30,316.91,ORD00722_20
U00723,2024-12-09,318.24,ORD00722_15
U00723,2024-12-11,1025.9,ORD00722_3
U00723,2024-12-15,372.14,ORD00722_18
U00723,2024-12-27,1094.83,ORD00722_1
U00724,2024-01-03,523.0,ORD00723_11
U00724,2024-01-06,1149.38,ORD00723_23
U00724,2024-01-17,377.63,ORD00723_19
U00724,2024-01-21,738.61,ORD00723_18
U00724,2024-01-27,1029.27,ORD00723_26
U00724,2024-02-21,1296.18,ORD00723_8
U00724,2024-03-11,939.93,ORD00723_10
U00724,2024-05-08,622.08,ORD00723_25
U00724,2024-05-21,1234.18,ORD00723_2
U00724,2024-05-24,1026.16,ORD00723_1
U00724,2024-05-24,505.69,ORD00723_9
U00724,2024-06-06,1119.48,ORD00723_14
U00724,2024-06-13,769.59,ORD00723_5
U00724,2024-06-14,690.96,ORD00723_12
U00724,2024-07-31,488.8,ORD00723_15
U00724,2024-08-13,673.05,ORD00723_3
U00724,2024-09-02,1089.14,ORD00723_13
U00724,2024-09-02,1257.38,ORD00723_16
U00724,2024-09-18,1338.77,ORD00723_22
U00724,2024-09-19,763.23,ORD00723_24
U00724,2024-09-26,780.06,ORD00723_20
U00724,2024-10-02,340.71,ORD00723_17
U00724,2024-10-11,1086.66,ORD00723_4
U00724,2024-11-01,707.63,ORD00723_21
U00724,2024-11-04,783.37,ORD00723_6
U00724,2024-11-20,1011.52,ORD00723_0
U00724,2024-12-09,1336.47,ORD00723_7
U00725,2024-04-10,187.09,ORD00724_0
U00726,2024-01-06,336.64,ORD00725_6
U00726,2024-03-10,371.56,ORD00725_12
U00726,2024-04-13,375.95,ORD00725_1
U00726,2024-05-24,248.6,ORD00725_8
U00726,2024-06-20,259.24,ORD00725_10
U00726,2024-07-07,133.64,ORD00725_3
U00726,2024-07-25,282.31,ORD00725_5
U00726,2024-08-01,141.99,ORD00725_11
U00726,2024-08-11,351.9,ORD00725_7
U00726,2024-10-09,370.05,ORD00725_0
U00726,2024-10-18,203.71,ORD00725_4
U00726,2024-10-26,503.99,ORD00725_9
U00726,2024-12-08,251.13,ORD00725_2
U00727,2024-01-07,552.06,ORD00726_12
U00727,2024-01-26,334.85,ORD00726_18
U00727,2024-03-07,249.33,ORD00726_2
U00727,2024-03-13,595.09,ORD00726_6
U00727,2024-03-14,261.46,ORD00726_5
U00727,2024-04-06,518.11,ORD00726_11
U00727,2024-04-22,588.54,ORD00726_8
U00727,2024-04-27,437.34,ORD00726_0
U00727,2024-04-29,595.74,ORD00726_17
U00727,2024-05-25,304.54,ORD00726_16
U00727,2024-06-27,361.19,ORD00726_4
U00727,2024-06-27,357.22,ORD00726_7
U00727,2024-07-24,334.81,ORD00726_3
U00727,2024-09-12,289.19,ORD00726_1
U00727,2024-09-15,310.11,ORD00726_13
U00727,2024-09-24,387.75,ORD00726_10
U00727,2024-11-04,370.34,ORD00726_9
U00727,2024-12-12,450.26,ORD00726_15
U00727,2024-12-23,517.16,ORD00726_14
U00728,2024-01-21,161.97,ORD00727_0
U00729,2024-06-09,59.35,ORD00728_0
U00730,2024-04-07,669.89,ORD00729_2
U00730,2024-05-22,355.09,ORD00729_0
U00730,2024-12-01,607.66,ORD00729_1
U00731,2024-07-20,24.86,ORD00730_0
U00732,2024-04-21,316.62,ORD00731_1
U00732,2024-08-31,369.7,ORD00731_2
U00732,2024-11-06,468.61,ORD00731_0
U00733,2024-01-15,64.07,ORD00732_0
U00733,2024-07-20,125.12,ORD00732_1
U00734,2024-06-28,169.56,ORD00733_1
U00734,2024-11-15,191.9,ORD00733_0
U00735,2024-02-29,129.53,ORD00734_1
U00735,2024-12-11,152.17,ORD00734_0
U00736,2024-05-12,153.28,ORD00735_0
U00737,2024-03-04,371.27,ORD00736_3
U00737,2024-05-24,259.33,ORD00736_2
U00737,2024-06-04,221.82,ORD00736_4
U00737,2024-08-03,281.57,ORD00736_0
U00737,2024-11-15,204.46,ORD00736_5
U00737,2024-12-12,217.36,ORD00736_1
U00738,2024-04-11,75.82,ORD00737_1
U00738,2024-08-07,145.88,ORD00737_0
U00739,2024-01-03,1011.02,ORD00738_13
U00739,2024-01-21,500.12,ORD00738_3
U00739,2024-03-05,748.76,ORD00738_18
U00739,2024-03-10,916.78,ORD00738_2
U00739,2024-03-30,351.34,ORD00738_5
U00739,2024-04-13,296.97,ORD00738_9
U00739,2024-04-20,991.29,ORD00738_14
U00739,2024-05-02,726.04,ORD00738_1
U00739,2024-05-03,704.11,ORD00738_0
U00739,2024-06-25,950.66,ORD00738_6
U00739,2024-06-28,955.81,ORD00738_24
U00739,2024-07-29,654.84,ORD00738_21
U00739,2024-08-07,748.97,ORD00738_16
U00739,2024-08-11,807.64,ORD00738_17
U00739,2024-08-28,584.51,ORD00738_4
U00739,2024-09-16,388.91,ORD00738_19
U00739,2024-09-27,962.28,ORD00738_23
U00739,2024-10-12,972.38,ORD00738_20
U00739,2024-10-19,412.98,ORD00738_10
U00739,2024-10-28,364.07,ORD00738_11
U00739,2024-11-03,672.09,ORD00738_7
U00739,2024-11-05,602.28,ORD00738_22
U00739,2024-11-08,618.13,ORD00738_25
U00739,2024-11-30,261.09,ORD00738_8
U00739,2024-12-08,588.65,ORD00738_12
U00739,2024-12-26,976.3,ORD00738_15
U00740,2024-02-10,766.86,ORD00739_14
U00740,2024-03-07,846.28,ORD00739_12
U00740,2024-03-26,589.78,ORD00739_16
U00740,2024-04-08,989.18,ORD00739_1
U00740,2024-05-16,1031.59,ORD00739_5
U00740,2024-05-22,433.23,ORD00739_11
U00740,2024-05-31,289.69,ORD00739_3
U00740,2024-06-12,552.06,ORD00739_4
U00740,2024-06-24,405.95,ORD00739_10
U00740,2024-07-20,415.95,ORD00739_7
U00740,2024-08-29,885.92,ORD00739_6
U00740,2024-09-02,322.09,ORD00739_0
U00740,2024-09-13,1004.7,ORD00739_2
U00740,2024-09-25,291.48,ORD00739_13
U00740,2024-10-01,1020.46,ORD00739_15
U00740,2024-10-04,1036.5,ORD00739_8
U00740,2024-11-26,750.2,ORD00739_9
U00741,2024-07-28,103.22,ORD00740_1
U00741,2024-12-24,180.93,ORD00740_0
U00742,2024-05-08,189.05,ORD00741_1
U00742,2024-08-18,101.01,ORD00741_2
U00742,2024-11-16,236.76,ORD00741_0
U00742,2024-12-16,138.76,ORD00741_3
U00743,2024-02-02,383.49,ORD00742_0
U00743,2024-08-19,330.69,ORD00742_3
U00743,2024-11-15,305.02,ORD00742_2
U00743,2024-11-26,424.37,ORD00742_1
U00744,2024-01-26,273.39,ORD00743_1
U00744,2024-01-26,153.3,ORD00743_3
U00744,2024-03-07,198.57,ORD00743_2
U00744,2024-05-07,185.32,ORD00743_0
U00745,2024-05-13,464.23,ORD00744_4
U00745,2024-05-25,574.69,ORD00744_3
U00745,2024-08-20,360.96,ORD00744_2
U00745,2024-10-18,540.57,ORD00744_1
U00745,2024-10-30,259.25,ORD00744_0
U00746,2024-08-28,72.18,ORD00745_0
U00747,2024-01-02,218.34,ORD00746_0
U00747,2024-04-03,129.82,ORD00746_1
U00747,2024-05-14,134.13,ORD00746_2
U00748,2024-01-20,285.41,ORD00747_4
U00748,2024-03-05,519.08,ORD00747_16
U00748,2024-04-11,704.7,ORD00747_12
U00748,2024-05-04,191.4,ORD00747_0
U00748,2024-05-10,245.24,ORD00747_1
U00748,2024-05-10,238.86,ORD00747_15
U00748,2024-05-21,496.76,ORD00747_18
U00748,2024-06-16,743.47,ORD00747_7
U00748,2024-06-16,577.54,ORD00747_19
U00748,2024-07-12,656.58,ORD00747_9
U00748,2024-07-17,726.17,ORD00747_13
U00748,2024-07-25,401.78,ORD00747_10
U00748,2024-08-07,332.58,ORD00747_3
U00748,2024-09-25,510.63,ORD00747_17
U00748,2024-11-05,527.39,ORD00747_2
U00748,2024-11-06,560.51,ORD00747_20
U00748,2024-11-07,617.43,ORD00747_6
U00748,2024-11-12,549.23,ORD00747_11
U00748,2024-11-16,214.93,ORD00747_14
U00748,2024-12-20,703.4,ORD00747_5
U00748,2024-12-20,226.75,ORD00747_21
U00748,2024-12-30,305.25,ORD00747_8
U00749,2024-01-21,227.2,ORD00748_2
U00749,2024-04-12,182.8,ORD00748_7
U00749,2024-04-16,90.7,ORD00748_6
U00749,2024-05-13,162.27,ORD00748_8
U00749,2024-06-10,169.06,ORD00748_4
U00749,2024-07-25,203.74,ORD00748_0
U00749,2024-08-05,205.8,ORD00748_3
U00749,2024-08-12,301.33,ORD00748_5
U00749,2024-10-05,285.41,ORD00748_1
U00750,2024-01-17,537.12,ORD00749_4
U00750,2024-02-13,408.48,ORD00749_20
U00750,2024-02-21,766.52,ORD00749_7
U00750,2024-03-27,790.07,ORD00749_1
U00750,2024-03-28,468.14,ORD00749_2
U00750,2024-04-01,723.75,ORD00749_13
U00750,2024-04-21,496.65,ORD00749_8
U00750,2024-05-12,753.95,ORD00749_18
U00750,2024-05-25,679.62,ORD00749_14
U00750,2024-05-31,882.35,ORD00749_16
U00750,2024-06-05,838.33,ORD00749_17
U00750,2024-07-01,495.22,ORD00749_19
U00750,2024-07-04,409.86,ORD00749_12
U00750,2024-07-21,916.22,ORD00749_15
U00750,2024-08-21,678.13,ORD00749_6
U00750,2024-09-06,741.37,ORD00749_0
U00750,2024-11-05,310.7,ORD00749_5
U00750,2024-11-09,689.15,ORD00749_10
U00750,2024-11-13,297.83,ORD00749_21
U00750,2024-11-19,497.65,ORD00749_3
U00750,2024-12-25,688.55,ORD00749_9
U00750,2024-12-30,683.46,ORD00749_11
U00751,2024-01-14,895.97,ORD00750_15
U00751,2024-02-07,994.83,ORD00750_2
U00751,2024-02-10,727.29,ORD00750_17
U00751,2024-03-05,891.93,ORD00750_6
U00751,2024-03-30,414.53,ORD00750_16
U00751,2024-04-22,326.29,ORD00750_10
U00751,2024-05-10,811.0,ORD00750_8
U00751,2024-05-17,275.54,ORD00750_18
U00751,2024-06-06,741.27,ORD00750_14
U00751,2024-06-10,409.36,ORD00750_19
U00751,2024-06-20,870.5,ORD00750_5
U00751,2024-06-25,956.14,ORD00750_1
U00751,2024-07-09,873.06,ORD00750_11
U00751,2024-07-27,254.87,ORD00750_9
U00751,2024-08-05,425.9,ORD00750_12
U00751,2024-08-08,301.84,ORD00750_0
U00751,2024-08-22,481.69,ORD00750_3
U00751,2024-08-31,979.62,ORD00750_7
U00751,2024-10-01,724.68,ORD00750_13
U00751,2024-10-20,306.04,ORD00750_4
U00752,2024-01-30,377.93,ORD00751_8
U00752,2024-05-30,1249.25,ORD00751_6
U00752,2024-06-04,761.59,ORD00751_3
U00752,2024-06-18,809.0,ORD00751_9
U00752,2024-07-13,616.34,ORD00751_5
U00752,2024-07-18,477.06,ORD00751_1
U00752,2024-08-10,1342.01,ORD00751_12
U00752,2024-08-12,786.68,ORD00751_4
U00752,2024-08-15,1381.27,ORD00751_11
U00752,2024-08-29,1299.04,ORD00751_2
U00752,2024-09-28,802.56,ORD00751_0
U00752,2024-11-04,808.3,ORD00751_7
U00752,2024-12-09,602.01,ORD00751_10
U00753,2024-01-15,199.49,ORD00752_7
U00753,2024-04-21,211.74,ORD00752_2
U00753,2024-08-18,311.89,ORD00752_1
U00753,2024-08-22,292.04,ORD00752_5
U00753,2024-09-02,380.66,ORD00752_3
U00753,2024-10-20,573.0,ORD00752_6
U00753,2024-11-23,617.07,ORD00752_4
U00753,2024-12-25,313.33,ORD00752_0
U00754,2024-01-31,96.27,ORD00753_2
U00754,2024-04-08,58.71,ORD00753_3
U00754,2024-04-19,109.02,ORD00753_0
U00754,2024-07-18,85.64,ORD00753_1
U00754,2024-10-11,145.04,ORD00753_4
U00754,2024-10-28,197.85,ORD00753_5
U00755,2024-01-10,360.35,ORD00754_14
U00755,2024-01-14,446.34,ORD00754_6
U00755,2024-03-03,443.17,ORD00754_0
U00755,2024-03-20,274.03,ORD00754_13
U00755,2024-04-30,404.57,ORD00754_4
U00755,2024-05-27,377.61,ORD00754_5
U00755,2024-07-11,240.65,ORD00754_8
U00755,2024-08-05,167.75,ORD00754_11
U00755,2024-08-29,541.83,ORD00754_9
U00755,2024-09-15,374.12,ORD00754_10
U00755,2024-09-25,523.4,ORD00754_3
U00755,2024-10-05,536.47,ORD00754_1
U00755,2024-10-06,380.72,ORD00754_7
U00755,2024-11-01,434.16,ORD00754_2
U00755,2024-11-06,449.55,ORD00754_12
U00755,2024-11-07,428.68,ORD00754_15
U00756,2024-01-04,222.18,ORD00755_0
U00756,2024-03-25,422.01,ORD00755_4
U00756,2024-05-07,470.37,ORD00755_3
U00756,2024-07-31,278.14,ORD00755_2
U00756,2024-08-08,550.64,ORD00755_1
U00756,2024-08-30,231.09,ORD00755_6
U00756,2024-09-03,335.38,ORD00755_7
U00756,2024-11-13,188.11,ORD00755_5
U00757,2024-03-29,133.7,ORD00756_0
U00757,2024-08-15,70.24,ORD00756_1
U00758,2024-04-15,355.06,ORD00757_2
U00758,2024-04-21,190.94,ORD00757_4
U00758,2024-05-01,377.58,ORD00757_3
U00758,2024-10-27,191.3,ORD00757_1
U00758,2024-12-07,235.25,ORD00757_0
U00759,2024-01-08,425.47,ORD00758_1
U00759,2024-01-19,203.0,ORD00758_3
U00759,2024-02-18,246.74,ORD00758_4
U00759,2024-06-16,207.25,ORD00758_0
U00759,2024-12-25,248.54,ORD00758_2
U00760,2024-11-04,208.35,ORD00759_0
U00761,2024-01-02,178.15,ORD00760_9
U00761,2024-01-12,670.86,ORD00760_26
U00761,2024-01-17,325.91,ORD00760_17
U00761,2024-01-18,503.46,ORD00760_15
U00761,2024-01-24,252.63,ORD00760_5
U00761,2024-03-08,624.04,ORD00760_4
U00761,2024-03-16,258.9,ORD00760_23
U00761,2024-04-05,285.91,ORD00760_1
U00761,2024-06-09,645.46,ORD00760_22
U00761,2024-06-24,411.14,ORD00760_7
U00761,2024-07-04,457.18,ORD00760_11
U00761,2024-07-17,286.58,ORD00760_21
U00761,2024-08-08,441.97,ORD00760_8
U00761,2024-08-17,170.55,ORD00760_6
U00761,2024-08-19,192.51,ORD00760_25
U00761,2024-09-30,612.26,ORD00760_0
U00761,2024-09-30,604.37,ORD00760_10
U00761,2024-10-05,661.65,ORD00760_12
U00761,2024-10-16,355.04,ORD00760_20
U00761,2024-10-31,211.78,ORD00760_14
U00761,2024-11-01,358.26,ORD00760_3
U00761,2024-11-03,614.31,ORD00760_18
U00761,2024-11-15,257.47,ORD00760_19
U00761,2024-11-25,388.23,ORD00760_16
U00761,2024-11-25,560.36,ORD00760_24
U00761,2024-12-14,646.7,ORD00760_13
U00761,2024-12-22,375.39,ORD00760_2
U00762,2024-02-08,438.33,ORD00761_1
U00762,2024-04-06,169.12,ORD00761_4
U00762,2024-04-07,350.4,ORD00761_0
U00762,2024-05-02,369.36,ORD00761_7
U00762,2024-06-17,388.08,ORD00761_8
U00762,2024-06-27,418.64,ORD00761_2
U00762,2024-09-05,146.6,ORD00761_6
U00762,2024-09-18,144.37,ORD00761_5
U00762,2024-10-08,195.58,ORD00761_3
U00763,2024-02-28,330.31,ORD00762_0
U00763,2024-05-17,121.14,ORD00762_3
U00763,2024-08-05,163.57,ORD00762_2
U00763,2024-09-22,186.65,ORD00762_1
U00764,2024-02-04,360.82,ORD00763_3
U00764,2024-03-31,280.07,ORD00763_1
U00764,2024-04-19,439.04,ORD00763_0
U00764,2024-05-12,423.07,ORD00763_4
U00764,2024-05-15,414.73,ORD00763_6
U00764,2024-07-08,261.04,ORD00763_2
U00764,2024-07-16,115.9,ORD00763_5
U00765,2024-01-28,110.92,ORD00764_1
U00765,2024-02-13,211.22,ORD00764_0
U00766,2024-04-28,170.91,ORD00765_0
U00766,2024-08-19,258.04,ORD00765_1
U00767,2024-08-26,61.53,ORD00766_0
U00768,2024-04-01,107.74,ORD00767_1
U00768,2024-09-16,71.16,ORD00767_0
U00769,2024-10-06,87.95,ORD00768_0
U00770,2024-03-12,299.66,ORD00769_1
U00770,2024-06-24,362.39,ORD00769_3
U00770,2024-07-22,911.27,ORD00769_10
U00770,2024-08-16,810.88,ORD00769_7
U00770,2024-09-02,677.18,ORD00769_5
U00770,2024-09-11,499.43,ORD00769_4
U00770,2024-09-16,578.04,ORD00769_9
U00770,2024-10-23,634.73,ORD00769_8
U00770,2024-11-17,976.52,ORD00769_0
U00770,2024-11-21,348.07,ORD00769_2
U00770,2024-11-24,969.43,ORD00769_6
U00771,2024-04-19,108.24,ORD00770_2
U00771,2024-09-03,71.88,ORD00770_0
U00771,2024-11-19,83.99,ORD00770_1
U00772,2024-03-31,110.99,ORD00771_1
U00772,2024-07-28,121.98,ORD00771_0
U00773,2024-01-19,267.56,ORD00772_0
U00773,2024-01-19,85.76,ORD00772_7
U00773,2024-01-28,124.18,ORD00772_1
U00773,2024-04-09,93.8,ORD00772_5
U00773,2024-04-11,262.66,ORD00772_3
U00773,2024-05-20,155.58,ORD00772_8
U00773,2024-08-10,263.44,ORD00772_2
U00773,2024-08-15,126.7,ORD00772_6
U00773,2024-08-24,183.57,ORD00772_4
U00774,2024-01-19,1462.27,ORD00773_8
U00774,2024-02-17,1050.88,ORD00773_7
U00774,2024-02-25,527.49,ORD00773_9
U00774,2024-03-19,1458.64,ORD00773_11
U00774,2024-03-21,839.71,ORD00773_0
U00774,2024-04-01,1357.21,ORD00773_10
U00774,2024-04-20,847.44,ORD00773_1
U00774,2024-04-30,713.03,ORD00773_3
U00774,2024-06-04,435.09,ORD00773_14
U00774,2024-06-08,1104.6,ORD00773_13
U00774,2024-07-20,470.98,ORD00773_15
U00774,2024-07-26,457.7,ORD00773_4
U00774,2024-08-18,755.92,ORD00773_2
U00774,2024-09-13,1179.86,ORD00773_5
U00774,2024-10-09,869.1,ORD00773_12
U00774,2024-12-06,1270.2,ORD00773_16
U00774,2024-12-28,1245.75,ORD00773_6
U00775,2024-02-20,295.07,ORD00774_4
U00775,2024-05-27,436.78,ORD00774_1
U00775,2024-06-27,324.41,ORD00774_3
U00775,2024-08-23,164.18,ORD00774_2
U00775,2024-09-19,270.76,ORD00774_0
U00775,2024-11-18,455.77,ORD00774_7
U00775,2024-11-27,222.32,ORD00774_6
U00775,2024-12-08,339.26,ORD00774_5
U00775,2024-12-23,344.95,ORD00774_8
U00776,2024-01-02,241.55,ORD00775_1
U00776,2024-01-10,866.56,ORD00775_10
U00776,2024-01-23,845.9,ORD00775_4
U00776,2024-03-23,239.54,ORD00775_13
U00776,2024-04-27,692.37,ORD00775_8
U00776,2024-05-11,471.68,ORD00775_9
U00776,2024-05-22,829.69,ORD00775_14
U00776,2024-05-23,430.09,ORD00775_17
U00776,2024-06-25,482.12,ORD00775_21
U00776,2024-07-11,538.11,ORD00775_7
U00776,2024-08-27,233.5,ORD00775_3
U00776,2024-08-30,449.03,ORD00775_18
U00776,2024-09-05,845.92,ORD00775_12
U00776,2024-09-24,560.16,ORD00775_19
U00776,2024-10-03,692.58,ORD00775_15
U00776,2024-10-12,266.64,ORD00775_6
U00776,2024-10-15,301.8,ORD00775_20
U00776,2024-10-16,843.65,ORD00775_2
U00776,2024-10-17,515.04,ORD00775_16
U00776,2024-10-20,615.22,ORD00775_11
U00776,2024-11-18,514.36,ORD00775_5
U00776,2024-12-03,888.76,ORD00775_0
U00777,2024-04-09,265.86,ORD00776_0
U00777,2024-11-13,236.04,ORD00776_2
U00777,2024-11-22,319.08,ORD00776_1
U00778,2024-01-02,727.95,ORD00777_10
U00778,2024-01-07,632.6,ORD00777_18
U00778,2024-01-15,966.57,ORD00777_8
U00778,2024-01-16,849.62,ORD00777_4
U00778,2024-01-19,925.63,ORD00777_11
U00778,2024-02-17,623.91,ORD00777_13
U00778,2024-03-18,1412.26,ORD00777_12
U00778,2024-04-18,378.62,ORD00777_19
U00778,2024-05-15,558.6,ORD00777_0
U00778,2024-05-18,918.03,ORD00777_6
U00778,2024-06-05,775.83,ORD00777_16
U00778,2024-07-05,945.99,ORD00777_21
U00778,2024-07-14,1281.72,ORD00777_3
U00778,2024-08-05,602.47,ORD00777_5
U00778,2024-08-21,873.0,ORD00777_20
U00778,2024-09-15,385.5,ORD00777_1
U00778,2024-10-05,438.22,ORD00777_17
U00778,2024-10-16,562.71,ORD00777_9
U00778,2024-11-24,1333.9,ORD00777_22
U00778,2024-11-30,854.36,ORD00777_7
U00778,2024-12-16,1078.93,ORD00777_2
U00778,2024-12-21,966.0,ORD00777_15
U00778,2024-12-30,1003.35,ORD00777_14
U00779,2024-01-09,676.36,ORD00778_3
U00779,2024-01-23,401.27,ORD00778_7
U00779,2024-03-28,731.05,ORD00778_8
U00779,2024-05-09,707.39,ORD00778_4
U00779,2024-06-20,526.62,ORD00778_1
U00779,2024-09-25,623.15,ORD00778_6
U00779,2024-10-16,653.25,ORD00778_5
U00779,2024-11-29,344.04,ORD00778_0
U00779,2024-12-11,392.17,ORD00778_2
U00780,2024-04-22,137.85,ORD00779_0
U00781,2024-04-13,921.39,ORD00780_8
U00781,2024-05-09,647.87,ORD00780_6
U00781,2024-05-25,893.89,ORD00780_13
U00781,2024-05-30,791.22,ORD00780_5
U00781,2024-06-06,330.32,ORD00780_10
U00781,2024-06-07,928.6,ORD00780_0
U00781,2024-06-25,488.89,ORD00780_1
U00781,2024-07-10,645.73,ORD00780_12
U00781,2024-08-12,553.83,ORD00780_4
U00781,2024-10-14,867.05,ORD00780_15
U00781,2024-10-19,335.45,ORD00780_2
U00781,2024-10-27,401.31,ORD00780_16
U00781,2024-11-03,294.72,ORD00780_3
U00781,2024-11-10,351.56,ORD00780_9
U00781,2024-11-16,407.23,ORD00780_11
U00781,2024-12-08,952.07,ORD00780_7
U00781,2024-12-17,578.74,ORD00780_14
U00782,2024-03-01,75.31,ORD00781_2
U00782,2024-04-30,56.88,ORD00781_1
U00782,2024-05-05,81.46,ORD00781_0
U00783,2024-06-06,112.66,ORD00782_1
U00783,2024-07-14,109.57,ORD00782_0
U00783,2024-09-25,230.68,ORD00782_3
U00783,2024-10-05,96.79,ORD00782_2
U00784,2024-01-04,770.32,ORD00783_14
U00784,2024-01-31,263.6,ORD00783_11
U00784,2024-04-07,383.07,ORD00783_2
U00784,2024-05-14,453.25,ORD00783_13
U00784,2024-06-09,511.62,ORD00783_8
U00784,2024-06-15,723.54,ORD00783_7
U00784,2024-07-10,749.44,ORD00783_0
U00784,2024-08-13,823.01,ORD00783_9
U00784,2024-08-17,356.48,ORD00783_3
U00784,2024-08-29,300.81,ORD00783_4
U00784,2024-09-04,386.36,ORD00783_10
U00784,2024-09-10,257.2,ORD00783_5
U00784,2024-09-15,713.32,ORD00783_15
U00784,2024-10-09,374.46,ORD00783_16
U00784,2024-10-10,342.9,ORD00783_1
U00784,2024-10-22,226.1,ORD00783_12
U00784,2024-11-02,324.72,ORD00783_6
U00785,2024-03-29,211.47,ORD00784_4
U00785,2024-04-12,281.15,ORD00784_3
U00785,2024-05-25,310.74,ORD00784_2
U00785,2024-08-21,297.9,ORD00784_1
U00785,2024-10-16,637.04,ORD00784_0
U00785,2024-12-06,519.33,ORD00784_5
U00786,2024-01-25,204.36,ORD00785_4
U00786,2024-04-21,565.28,ORD00785_0
U00786,2024-05-21,782.88,ORD00785_2
U00786,2024-09-11,481.83,ORD00785_5
U00786,2024-09-25,775.24,ORD00785_1
U00786,2024-10-16,733.31,ORD00785_3
U00787,2024-01-09,277.83,ORD00786_7
U00787,2024-02-12,246.22,ORD00786_0
U00787,2024-03-23,145.16,ORD00786_2
U00787,2024-06-24,97.94,ORD00786_1
U00787,2024-06-27,281.9,ORD00786_5
U00787,2024-10-10,130.25,ORD00786_4
U00787,2024-10-13,167.99,ORD00786_3
U00787,2024-10-29,336.15,ORD00786_6
U00788,2024-02-18,197.84,ORD00787_5
U00788,2024-03-28,277.02,ORD00787_7
U00788,2024-04-27,316.87,ORD00787_1
U00788,2024-06-09,219.96,ORD00787_3
U00788,2024-06-17,343.09,ORD00787_4
U00788,2024-07-05,105.41,ORD00787_0
U00788,2024-10-09,301.34,ORD00787_6
U00788,2024-11-11,339.65,ORD00787_8
U00788,2024-12-21,189.36,ORD00787_2
U00789,2024-04-21,295.5,ORD00788_1
U00789,2024-06-13,313.37,ORD00788_3
U00789,2024-06-16,413.34,ORD00788_7
U00789,2024-07-03,429.07,ORD00788_2
U00789,2024-07-15,352.87,ORD00788_0
U00789,2024-11-06,211.61,ORD00788_5
U00789,2024-11-13,288.55,ORD00788_8
U00789,2024-11-25,254.61,ORD00788_4
U00789,2024-12-18,185.93,ORD00788_6
U00790,2024-04-29,58.75,ORD00789_0
U00791,2024-03-26,82.38,ORD00790_1
U00791,2024-05-07,72.42,ORD00790_0
U00792,2024-01-11,79.74,ORD00791_1
U00792,2024-05-07,72.11,ORD00791_2
U00792,2024-11-04,62.73,ORD00791_0
U00793,2024-01-03,413.48,ORD00792_7
U00793,2024-01-08,260.89,ORD00792_0
U00793,2024-06-02,260.64,ORD00792_4
U00793,2024-06-30,213.82,ORD00792_1
U00793,2024-07-30,451.75,ORD00792_3
U00793,2024-09-29,154.16,ORD00792_2
U00793,2024-12-12,470.16,ORD00792_5
U00793,2024-12-19,486.36,ORD00792_6
U00794,2024-02-09,415.68,ORD00793_21
U00794,2024-02-22,320.33,ORD00793_11
U00794,2024-03-09,448.26,ORD00793_9
U00794,2024-03-22,457.53,ORD00793_23
U00794,2024-03-29,254.26,ORD00793_22
U00794,2024-04-12,495.31,ORD00793_20
U00794,2024-04-17,478.3,ORD00793_16
U00794,2024-04-22,443.13,ORD00793_13
U00794,2024-04-25,181.42,ORD00793_8
U00794,2024-05-05,292.53,ORD00793_10
U00794,2024-05-17,307.58,ORD00793_14
U00794,2024-06-01,151.75,ORD00793_4
U00794,2024-06-21,375.09,ORD00793_7
U00794,2024-07-08,375.91,ORD00793_6
U00794,2024-07-15,432.64,ORD00793_1
U00794,2024-08-02,504.02,ORD00793_18
U00794,2024-08-08,470.93,ORD00793_0
U00794,2024-08-08,348.62,ORD00793_2
U00794,2024-08-16,251.35,ORD00793_24
U00794,2024-08-19,351.3,ORD00793_3
U00794,2024-08-27,179.46,ORD00793_12
U00794,2024-09-14,231.63,ORD00793_5
U00794,2024-10-30,438.64,ORD00793_15
U00794,2024-11-17,539.37,ORD00793_19
U00794,2024-11-21,146.73,ORD00793_17
U00795,2024-01-12,691.05,ORD00794_12
U00795,2024-02-02,993.47,ORD00794_5
U00795,2024-02-02,990.24,ORD00794_10
U00795,2024-02-11,744.66,ORD00794_9
U00795,2024-02-19,767.63,ORD00794_2
U00795,2024-03-01,303.72,ORD00794_19
U00795,2024-03-09,319.49,ORD00794_15
U00795,2024-03-20,1180.2,ORD00794_3
U00795,2024-03-30,326.58,ORD00794_11
U00795,2024-05-05,366.28,ORD00794_7
U00795,2024-05-25,995.78,ORD00794_17
U00795,2024-07-14,874.94,ORD00794_13
U00795,2024-08-01,974.18,ORD00794_16
U00795,2024-08-08,361.87,ORD00794_6
U00795,2024-08-21,827.29,ORD00794_18
U00795,2024-09-18,971.41,ORD00794_14
U00795,2024-09-30,1109.21,ORD00794_0
U00795,2024-10-14,1145.86,ORD00794_1
U00795,2024-10-23,868.88,ORD00794_8
U00795,2024-11-02,372.47,ORD00794_4
U00796,2024-03-17,109.41,ORD00795_4
U00796,2024-03-23,312.92,ORD00795_2
U00796,2024-04-01,142.42,ORD00795_5
U00796,2024-04-09,108.1,ORD00795_6
U00796,2024-07-24,264.48,ORD00795_3
U00796,2024-12-08,189.74,ORD00795_1
U00796,2024-12-17,235.34,ORD00795_0
U00797,2024-01-10,232.05,ORD00796_0
U00797,2024-02-19,306.84,ORD00796_3
U00797,2024-02-28,225.32,ORD00796_2
U00797,2024-11-15,152.06,ORD00796_1
U00798,2024-03-17,180.38,ORD00797_0
U00798,2024-05-25,251.83,ORD00797_1
U00799,2024-01-11,106.35,ORD00798_1
U00799,2024-03-01,255.37,ORD00798_6
U00799,2024-03-09,153.84,ORD00798_4
U00799,2024-04-22,240.3,ORD00798_7
U00799,2024-05-16,273.55,ORD00798_0
U00799,2024-06-10,347.66,ORD00798_3
U00799,2024-07-29,165.9,ORD00798_5
U00799,2024-08-03,234.0,ORD00798_2
U00800,2024-01-29,457.36,ORD00799_6
U00800,2024-02-26,468.97,ORD00799_1
U00800,2024-04-06,185.64,ORD00799_5
U00800,2024-04-15,180.01,ORD00799_4
U00800,2024-06-18,270.78,ORD00799_0
U00800,2024-11-20,383.54,ORD00799_3
U00800,2024-12-23,479.08,ORD00799_2
U00801,2024-04-22,131.7,ORD00800_1
U00801,2024-05-15,63.35,ORD00800_2
U00801,2024-08-24,46.95,ORD00800_0
U00802,2024-01-17,40.91,ORD00801_2
U00802,2024-05-12,76.32,ORD00801_0
U00802,2024-10-03,98.51,ORD00801_1
U00803,2024-03-28,196.51,ORD00802_2
U00803,2024-04-25,336.87,ORD00802_0
U00803,2024-06-21,462.93,ORD00802_1
U00803,2024-06-29,195.75,ORD00802_5
U00803,2024-06-30,328.49,ORD00802_4
U00803,2024-11-06,431.81,ORD00802_3
U00804,2024-05-16,86.27,ORD00803_0
U00804,2024-07-29,183.07,ORD00803_1
U00805,2024-03-08,97.19,ORD00804_2
U00805,2024-03-30,114.26,ORD00804_0
U00805,2024-08-17,237.44,ORD00804_1
U00806,2024-01-08,1186.71,ORD00805_4
U00806,2024-01-28,876.92,ORD00805_11
U00806,2024-02-15,1221.9,ORD00805_2
U00806,2024-03-18,816.45,ORD00805_5
U00806,2024-03-28,1027.48,ORD00805_0
U00806,2024-04-12,1511.82,ORD00805_1
U00806,2024-05-28,1349.92,ORD00805_10
U00806,2024-06-19,602.86,ORD00805_9
U00806,2024-09-14,724.13,ORD00805_6
U00806,2024-09-24,1201.9,ORD00805_3
U00806,2024-11-25,1295.98,ORD00805_7
U00806,2024-12-08,1040.32,ORD00805_8
U00807,2024-02-02,551.94,ORD00806_3
U00807,2024-03-01,281.97,ORD00806_2
U00807,2024-04-09,558.18,ORD00806_5
U00807,2024-04-21,435.71,ORD00806_4
U00807,2024-07-24,425.04,ORD00806_9
U00807,2024-07-27,473.57,ORD00806_8
U00807,2024-08-05,439.06,ORD00806_6
U00807,2024-09-27,548.83,ORD00806_7
U00807,2024-11-23,605.39,ORD00806_10
U00807,2024-11-25,219.84,ORD00806_1
U00807,2024-12-01,268.71,ORD00806_12
U00807,2024-12-04,600.29,ORD00806_0
U00807,2024-12-30,355.93,ORD00806_11
U00808,2024-03-15,262.44,ORD00807_1
U00808,2024-05-22,145.66,ORD00807_3
U00808,2024-07-26,305.19,ORD00807_2
U00808,2024-10-08,171.37,ORD00807_0
U00808,2024-12-26,387.08,ORD00807_4
U00809,2024-01-04,433.57,ORD00808_17
U00809,2024-01-07,752.81,ORD00808_20
U00809,2024-01-15,316.98,ORD00808_14
U00809,2024-02-05,766.61,ORD00808_24
U00809,2024-02-24,742.82,ORD00808_12
U00809,2024-03-09,307.5,ORD00808_10
U00809,2024-03-13,737.37,ORD00808_0
U00809,2024-03-21,445.19,ORD00808_7
U00809,2024-04-05,503.68,ORD00808_22
U00809,2024-04-22,294.54,ORD00808_4
U00809,2024-05-17,598.5,ORD00808_19
U00809,2024-06-25,554.51,ORD00808_23
U00809,2024-07-02,481.52,ORD00808_5
U00809,2024-07-03,888.43,ORD00808_16
U00809,2024-07-19,846.11,ORD00808_13
U00809,2024-07-22,243.19,ORD00808_11
U00809,2024-08-17,466.92,ORD00808_18
U00809,2024-08-21,667.96,ORD00808_3
U00809,2024-08-30,269.37,ORD00808_6
U00809,2024-09-22,779.41,ORD00808_1
U00809,2024-09-27,628.54,ORD00808_2
U00809,2024-10-19,336.79,ORD00808_9
U00809,2024-10-25,269.37,ORD00808_25
U00809,2024-11-04,274.52,ORD00808_15
U00809,2024-11-16,430.57,ORD00808_8
U00809,2024-12-30,802.76,ORD00808_21
U00810,2024-01-03,249.95,ORD00809_11
U00810,2024-01-25,607.76,ORD00809_12
U00810,2024-02-08,445.34,ORD00809_16
U00810,2024-04-22,170.97,ORD00809_18
U00810,2024-04-23,403.79,ORD00809_4
U00810,2024-05-02,395.37,ORD00809_14
U00810,2024-05-26,368.47,ORD00809_9
U00810,2024-06-11,499.25,ORD00809_15
U00810,2024-06-21,458.39,ORD00809_0
U00810,2024-06-27,642.59,ORD00809_5
U00810,2024-07-02,528.03,ORD00809_13
U00810,2024-07-13,522.06,ORD00809_17
U00810,2024-08-17,333.89,ORD00809_19
U00810,2024-09-10,668.85,ORD00809_2
U00810,2024-10-13,274.65,ORD00809_20
U00810,2024-11-08,189.89,ORD00809_6
U00810,2024-12-03,659.29,ORD00809_7
U00810,2024-12-11,351.4,ORD00809_3
U00810,2024-12-16,623.36,ORD00809_1
U00810,2024-12-23,619.75,ORD00809_8
U00810,2024-12-28,239.99,ORD00809_10
U00811,2024-09-16,183.13,ORD00810_2
U00811,2024-09-22,175.52,ORD00810_0
U00811,2024-11-05,76.26,ORD00810_1
U00812,2024-01-19,98.19,ORD00811_1
U00812,2024-07-14,72.11,ORD00811_0
U00812,2024-07-22,222.06,ORD00811_4
U00812,2024-08-14,229.49,ORD00811_3
U00812,2024-10-07,146.45,ORD00811_2
U00813,2024-01-07,108.34,ORD00812_4
U00813,2024-02-18,292.22,ORD00812_2
U00813,2024-06-27,216.72,ORD00812_5
U00813,2024-07-17,122.22,ORD00812_0
U00813,2024-08-27,221.77,ORD00812_1
U00813,2024-12-08,137.34,ORD00812_3
U00814,2024-01-19,379.65,ORD00813_25
U00814,2024-02-10,994.33,ORD00813_6
U00814,2024-02-17,852.88,ORD00813_23
U00814,2024-03-07,829.05,ORD00813_14
U00814,2024-03-11,1030.33,ORD00813_9
U00814,2024-03-20,476.04,ORD00813_19
U00814,2024-04-07,1015.92,ORD00813_7
U00814,2024-04-08,371.11,ORD00813_10
U00814,2024-04-24,358.64,ORD00813_5
U00814,2024-04-24,976.63,ORD00813_16
U00814,2024-05-09,803.79,ORD00813_18
U00814,2024-05-16,723.67,ORD00813_22
U00814,2024-06-09,1018.74,ORD00813_1
U00814,2024-06-22,1283.41,ORD00813_28
U00814,2024-06-23,546.94,ORD00813_11
U00814,2024-08-12,1005.12,ORD00813_21
U00814,2024-09-07,865.9,ORD00813_2
U00814,2024-09-13,1106.2,ORD00813_12
U00814,2024-09-23,1016.95,ORD00813_24
U00814,2024-09-24,686.91,ORD00813_0
U00814,2024-09-25,478.49,ORD00813_27
U00814,2024-10-23,561.12,ORD00813_4
U00814,2024-10-25,1123.79,ORD00813_3
U00814,2024-11-05,534.23,ORD00813_20
U00814,2024-11-09,373.78,ORD00813_15
U00814,2024-11-25,861.24,ORD00813_13
U00814,2024-11-30,1185.3,ORD00813_8
U00814,2024-12-07,759.48,ORD00813_17
U00814,2024-12-11,367.68,ORD00813_26
U00815,2024-05-31,128.97,ORD00814_1
U00815,2024-06-24,241.3,ORD00814_0
U00816,2024-01-06,468.82,ORD00815_1
U00816,2024-02-07,553.54,ORD00815_2
U00816,2024-02-24,199.68,ORD00815_5
U00816,2024-02-27,156.57,ORD00815_15
U00816,2024-03-11,471.78,ORD00815_10
U00816,2024-04-05,144.89,ORD00815_22
U00816,2024-04-10,358.93,ORD00815_23
U00816,2024-04-11,345.97,ORD00815_3
U00816,2024-04-21,359.2,ORD00815_17
U00816,2024-04-24,554.24,ORD00815_19
U00816,2024-04-30,511.94,ORD00815_0
U00816,2024-05-23,193.78,ORD00815_9
U00816,2024-06-08,506.31,ORD00815_21
U00816,2024-06-12,217.77,ORD00815_8
U00816,2024-07-04,485.42,ORD00815_24
U00816,2024-07-19,470.78,ORD00815_16
U00816,2024-07-22,506.96,ORD00815_14
U00816,2024-07-25,275.7,ORD00815_4
U00816,2024-08-10,542.85,ORD00815_20
U00816,2024-08-15,158.5,ORD00815_6
U00816,2024-08-21,171.38,ORD00815_18
U00816,2024-09-04,319.09,ORD00815_12
U00816,2024-10-14,287.15,ORD00815_11
U00816,2024-11-03,441.69,ORD00815_7
U00816,2024-11-20,383.56,ORD00815_13
U00817,2024-02-18,51.12,ORD00816_0
U00818,2024-01-11,656.05,ORD00817_0
U00818,2024-02-01,473.1,ORD00817_3
U00818,2024-10-22,178.91,ORD00817_2
U00818,2024-10-23,559.37,ORD00817_1
U00819,2024-01-12,390.22,ORD00818_21
U00819,2024-01-29,420.62,ORD00818_11
U00819,2024-02-09,275.05,ORD00818_1
U00819,2024-03-01,257.9,ORD00818_19
U00819,2024-03-01,281.47,ORD00818_20
U00819,2024-03-05,928.56,ORD00818_4
U00819,2024-03-20,294.93,ORD00818_12
U00819,2024-03-29,310.56,ORD00818_8
U00819,2024-03-29,656.95,ORD00818_16
U00819,2024-03-30,875.05,ORD00818_14
U00819,2024-03-30,538.05,ORD00818_18
U00819,2024-04-21,434.02,ORD00818_2
U00819,2024-04-21,804.5,ORD00818_13
U00819,2024-05-01,448.78,ORD00818_6
U00819,2024-06-19,281.75,ORD00818_7
U00819,2024-06-30,594.21,ORD00818_23
U00819,2024-07-07,279.98,ORD00818_3
U00819,2024-07-24,944.17,ORD00818_24
U00819,2024-07-29,584.42,ORD00818_26
U00819,2024-08-19,1001.77,ORD00818_22
U00819,2024-08-25,581.18,ORD00818_9
U00819,2024-08-29,380.03,ORD00818_25
U00819,2024-08-30,399.91,ORD00818_15
U00819,2024-09-11,854.03,ORD00818_10
U00819,2024-09-14,845.97,ORD00818_5
U00819,2024-10-17,339.3,ORD00818_0
U00819,2024-11-28,622.69,ORD00818_17
U00820,2024-06-18,374.33,ORD00819_0
U00820,2024-08-19,728.64,ORD00819_2
U00820,2024-10-01,707.92,ORD00819_3
U00820,2024-12-22,723.82,ORD00819_1
U00821,2024-03-22,250.44,ORD00820_3
U00821,2024-03-25,168.93,ORD00820_1
U00821,2024-05-12,101.61,ORD00820_2
U00821,2024-07-28,299.33,ORD00820_6
U00821,2024-07-31,269.02,ORD00820_7
U00821,2024-10-29,160.18,ORD00820_0
U00821,2024-11-22,269.12,ORD00820_5
U00821,2024-11-23,251.21,ORD00820_4
U00822,2024-03-23,111.01,ORD00821_0
U00822,2024-08-21,73.41,ORD00821_1
U00823,2024-09-27,99.12,ORD00822_0
U00824,2024-06-28,146.94,ORD00823_0
U00825,2024-04-19,111.89,ORD00824_0
U00826,2024-01-07,183.89,ORD00825_8
U00826,2024-01-13,409.02,ORD00825_20
U00826,2024-01-18,632.56,ORD00825_4
U00826,2024-02-10,202.86,ORD00825_11
U00826,2024-04-21,401.66,ORD00825_3
U00826,2024-04-25,177.08,ORD00825_15
U00826,2024-04-25,375.37,ORD00825_19
U00826,2024-04-27,652.88,ORD00825_16
U00826,2024-05-18,335.76,ORD00825_9
U00826,2024-06-06,497.53,ORD00825_2
U00826,2024-06-25,558.3,ORD00825_10
U00826,2024-06-28,372.46,ORD00825_12
U00826,2024-06-29,389.16,ORD00825_18
U00826,2024-07-11,623.89,ORD00825_7
U00826,2024-08-31,396.1,ORD00825_22
U00826,2024-09-23,362.49,ORD00825_17
U00826,2024-09-23,402.13,ORD00825_21
U00826,2024-10-07,523.68,ORD00825_6
U00826,2024-10-13,198.84,ORD00825_5
U00826,2024-11-18,636.44,ORD00825_14
U00826,2024-11-20,370.68,ORD00825_1
U00826,2024-12-13,424.03,ORD00825_13
U00826,2024-12-19,207.47,ORD00825_0
U00827,2024-01-04,920.65,ORD00826_9
U00827,2024-02-06,493.9,ORD00826_2
U00827,2024-02-15,804.11,ORD00826_7
U00827,2024-03-03,973.47,ORD00826_11
U00827,2024-03-11,440.81,ORD00826_18
U00827,2024-03-29,550.56,ORD00826_19
U00827,2024-04-06,718.05,ORD00826_0
U00827,2024-05-15,729.92,ORD00826_8
U00827,2024-05-16,423.39,ORD00826_1
U00827,2024-05-17,547.29,ORD00826_12
U00827,2024-05-21,595.96,ORD00826_4
U00827,2024-05-31,779.68,ORD00826_14
U00827,2024-07-06,899.65,ORD00826_20
U00827,2024-07-26,634.77,ORD00826_6
U00827,2024-08-13,503.44,ORD00826_17
U00827,2024-08-21,807.15,ORD00826_15
U00827,2024-09-11,554.35,ORD00826_5
U00827,2024-09-18,543.32,ORD00826_13
U00827,2024-10-16,808.75,ORD00826_10
U00827,2024-10-29,688.55,ORD00826_3
U00827,2024-12-26,503.08,ORD00826_16
U00828,2024-01-17,81.28,ORD00827_4
U00828,2024-04-26,238.68,ORD00827_3
U00828,2024-05-11,198.64,ORD00827_7
U00828,2024-05-18,208.84,ORD00827_2
U00828,2024-09-26,110.28,ORD00827_5
U00828,2024-09-30,174.88,ORD00827_1
U00828,2024-11-14,183.44,ORD00827_0
U00828,2024-12-14,100.39,ORD00827_6
U00829,2024-01-08,72.28,ORD00828_0
U00829,2024-06-06,57.63,ORD00828_2
U00829,2024-11-16,96.53,ORD00828_1
U00830,2024-02-28,71.13,ORD00829_0
U00831,2024-01-31,180.79,ORD00830_7
U00831,2024-04-07,446.49,ORD00830_2
U00831,2024-04-15,447.87,ORD00830_1
U00831,2024-05-19,152.51,ORD00830_4
U00831,2024-06-11,259.17,ORD00830_6
U00831,2024-07-08,246.43,ORD00830_5
U00831,2024-09-04,326.17,ORD00830_0
U00831,2024-11-03,464.62,ORD00830_3
U00832,2024-01-23,389.67,ORD00831_6
U00832,2024-03-25,491.32,ORD00831_4
U00832,2024-04-16,303.67,ORD00831_7
U00832,2024-05-07,304.24,ORD00831_5
U00832,2024-06-25,339.85,ORD00831_1
U00832,2024-08-02,476.58,ORD00831_3
U00832,2024-10-20,584.01,ORD00831_2
U00832,2024-11-10,519.31,ORD00831_0
U00833,2024-01-07,465.66,ORD00832_2
U00833,2024-03-20,366.99,ORD00832_3
U00833,2024-04-21,596.93,ORD00832_0
U00833,2024-05-29,333.79,ORD00832_5
U00833,2024-07-18,515.53,ORD00832_1
U00833,2024-09-28,430.05,ORD00832_4
U00833,2024-10-22,518.81,ORD00832_6
U00833,2024-11-14,270.33,ORD00832_8
U00833,2024-11-29,496.67,ORD00832_7
U00834,2024-01-20,193.43,ORD00833_0
U00835,2024-03-02,516.91,ORD00834_14
U00835,2024-03-23,327.92,ORD00834_1
U00835,2024-05-12,288.18,ORD00834_15
U00835,2024-06-27,222.59,ORD00834_13
U00835,2024-06-28,334.69,ORD00834_6
U00835,2024-07-07,279.81,ORD00834_16
U00835,2024-07-17,289.7,ORD00834_11
U00835,2024-07-20,508.84,ORD00834_10
U00835,2024-07-21,161.16,ORD00834_8
U00835,2024-08-26,228.46,ORD00834_4
U00835,2024-09-08,200.28,ORD00834_3
U00835,2024-09-13,290.42,ORD00834_9
U00835,2024-09-30,547.95,ORD00834_2
U00835,2024-10-21,334.4,ORD00834_7
U00835,2024-11-09,402.59,ORD00834_5
U00835,2024-11-11,457.29,ORD00834_12
U00835,2024-12-01,567.27,ORD00834_0
U00836,2024-01-20,708.06,ORD00835_4
U00836,2024-01-23,1111.86,ORD00835_17
U00836,2024-02-17,597.13,ORD00835_13
U00836,2024-03-02,852.58,ORD00835_6
U00836,2024-04-03,1097.34,ORD00835_2
U00836,2024-04-03,781.81,ORD00835_18
U00836,2024-04-07,990.78,ORD00835_11
U00836,2024-05-21,618.3,ORD00835_1
U00836,2024-07-11,634.75,ORD00835_3
U00836,2024-07-20,762.56,ORD00835_8
U00836,2024-08-13,514.08,ORD00835_14
U00836,2024-09-06,797.11,ORD00835_0
U00836,2024-09-17,832.83,ORD00835_12
U00836,2024-10-11,797.46,ORD00835_20
U00836,2024-10-16,403.48,ORD00835_19
U00836,2024-10-26,342.48,ORD00835_5
U00836,2024-10-27,777.41,ORD00835_7
U00836,2024-10-28,678.83,ORD00835_9
U00836,2024-10-28,427.65,ORD00835_16
U00836,2024-11-23,1043.07,ORD00835_15
U00836,2024-12-02,1080.02,ORD00835_10
U00837,2024-02-13,376.32,ORD00836_5
U00837,2024-02-20,235.3,ORD00836_8
U00837,2024-02-25,272.34,ORD00836_9
U00837,2024-03-04,419.44,ORD00836_7
U00837,2024-05-05,279.98,ORD00836_6
U00837,2024-05-15,271.2,ORD00836_0
U00837,2024-05-17,240.87,ORD00836_4
U00837,2024-06-23,320.09,ORD00836_13
U00837,2024-08-24,313.22,ORD00836_3
U00837,2024-09-30,138.1,ORD00836_1
U00837,2024-11-12,298.58,ORD00836_11
U00837,2024-11-21,150.13,ORD00836_10
U00837,2024-12-03,387.66,ORD00836_2
U00837,2024-12-22,113.46,ORD00836_12
U00838,2024-01-02,729.83,ORD00837_12
U00838,2024-01-17,535.45,ORD00837_8
U00838,2024-01-21,410.48,ORD00837_19
U00838,2024-01-24,307.22,ORD00837_11
U00838,2024-01-28,653.56,ORD00837_7
U00838,2024-01-30,358.28,ORD00837_18
U00838,2024-03-03,484.56,ORD00837_17
U00838,2024-03-09,752.51,ORD00837_22
U00838,2024-03-17,809.51,ORD00837_9
U00838,2024-03-23,452.11,ORD00837_0
U00838,2024-03-26,858.83,ORD00837_26
U00838,2024-03-27,368.07,ORD00837_21
U00838,2024-04-04,350.8,ORD00837_2
U00838,2024-04-10,791.48,ORD00837_4
U00838,2024-04-19,367.42,ORD00837_3
U00838,2024-05-14,476.6,ORD00837_20
U00838,2024-05-20,583.24,ORD00837_1
U00838,2024-05-25,370.87,ORD00837_24
U00838,2024-06-13,798.79,ORD00837_10
U00838,2024-07-15,422.98,ORD00837_15
U00838,2024-08-04,705.93,ORD00837_6
U00838,2024-09-19,764.87,ORD00837_25
U00838,2024-09-21,458.81,ORD00837_16
U00838,2024-11-10,312.13,ORD00837_23
U00838,2024-11-14,558.18,ORD00837_5
U00838,2024-12-02,277.04,ORD00837_14
U00838,2024-12-07,805.53,ORD00837_13
U00839,2024-04-30,59.48,ORD00838_4
U00839,2024-06-04,147.83,ORD00838_3
U00839,2024-06-15,220.25,ORD00838_1
U00839,2024-07-06,164.14,ORD00838_0
U00839,2024-09-28,193.13,ORD00838_2
U00840,2024-03-13,278.77,ORD00839_2
U00840,2024-06-02,206.19,ORD00839_0
U00840,2024-06-25,192.24,ORD00839_3
U00840,2024-09-11,182.31,ORD00839_5
U00840,2024-11-04,280.4,ORD00839_4
U00840,2024-12-11,300.04,ORD00839_1
U00841,2024-01-03,101.38,ORD00840_1
U00841,2024-07-05,163.24,ORD00840_0
U00841,2024-09-29,178.32,ORD00840_2
U00842,2024-07-13,467.28,ORD00841_1
U00842,2024-10-29,201.86,ORD00841_2
U00842,2024-12-30,327.02,ORD00841_0
U00843,2024-01-22,67.1,ORD00842_0
U00844,2024-01-21,241.97,ORD00843_7
U00844,2024-01-28,444.31,ORD00843_8
U00844,2024-02-22,424.33,ORD00843_2
U00844,2024-05-25,234.69,ORD00843_3
U00844,2024-06-06,189.64,ORD00843_5
U00844,2024-07-27,256.16,ORD00843_0
U00844,2024-08-02,218.71,ORD00843_6
U00844,2024-08-29,445.42,ORD00843_4
U00844,2024-10-04,270.06,ORD00843_1
U00845,2024-01-25,25.38,ORD00844_1
U00845,2024-04-29,44.23,ORD00844_0
U00845,2024-09-16,19.36,ORD00844_2
U00846,2024-06-08,212.31,ORD00845_0
U00846,2024-06-28,434.86,ORD00845_1
U00846,2024-09-21,311.4,ORD00845_2
U00846,2024-12-17,141.78,ORD00845_3
U00847,2024-02-12,646.73,ORD00846_3
U00847,2024-03-11,704.36,ORD00846_8
U00847,2024-03-18,594.25,ORD00846_15
U00847,2024-04-02,822.34,ORD00846_0
U00847,2024-05-22,380.46,ORD00846_10
U00847,2024-06-06,580.57,ORD00846_6
U00847,2024-06-24,576.75,ORD00846_5
U00847,2024-07-03,555.61,ORD00846_12
U00847,2024-07-10,749.91,ORD00846_4
U00847,2024-07-20,519.46,ORD00846_16
U00847,2024-08-01,269.33,ORD00846_2
U00847,2024-08-03,605.44,ORD00846_13
U00847,2024-10-11,432.75,ORD00846_9
U00847,2024-10-19,261.96,ORD00846_14
U00847,2024-11-11,264.24,ORD00846_1
U00847,2024-11-15,431.36,ORD00846_11
U00847,2024-12-05,837.8,ORD00846_7
U00848,2024-01-04,640.27,ORD00847_6
U00848,2024-01-20,1041.38,ORD00847_9
U00848,2024-03-09,614.24,ORD00847_11
U00848,2024-03-18,449.8,ORD00847_18
U00848,2024-03-21,660.74,ORD00847_10
U00848,2024-03-23,539.17,ORD00847_5
U00848,2024-03-23,895.36,ORD00847_17
U00848,2024-03-25,942.95,ORD00847_15
U00848,2024-04-03,377.97,ORD00847_13
U00848,2024-04-20,955.96,ORD00847_16
U00848,2024-04-21,530.53,ORD00847_8
U00848,2024-05-19,861.87,ORD00847_19
U00848,2024-05-21,562.58,ORD00847_1
U00848,2024-06-05,653.69,ORD00847_0
U00848,2024-06-06,974.43,ORD00847_3
U00848,2024-06-17,384.55,ORD00847_21
U00848,2024-06-30,316.72,ORD00847_2
U00848,2024-07-23,587.96,ORD00847_12
U00848,2024-09-18,598.26,ORD00847_22
U00848,2024-09-27,1005.33,ORD00847_7
U00848,2024-09-27,994.92,ORD00847_20
U00848,2024-12-08,787.38,ORD00847_14
U00848,2024-12-21,916.73,ORD00847_4
U00849,2024-05-05,98.68,ORD00848_2
U00849,2024-05-30,207.15,ORD00848_6
U00849,2024-06-01,282.23,ORD00848_5
U00849,2024-08-08,279.03,ORD00848_1
U00849,2024-08-18,217.06,ORD00848_0
U00849,2024-08-23,141.47,ORD00848_4
U00849,2024-12-19,255.14,ORD00848_3
U00850,2024-11-24,221.4,ORD00849_0
U00851,2024-05-10,137.01,ORD00850_0
U00852,2024-01-13,750.87,ORD00851_4
U00852,2024-03-18,527.08,ORD00851_6
U00852,2024-04-11,306.03,ORD00851_0
U00852,2024-07-22,676.42,ORD00851_1
U00852,2024-10-04,646.67,ORD00851_3
U00852,2024-10-06,291.59,ORD00851_2
U00852,2024-11-13,310.69,ORD00851_5
U00852,2024-12-12,538.1,ORD00851_7
U00853,2024-01-24,356.37,ORD00852_2
U00853,2024-07-16,338.24,ORD00852_0
U00853,2024-08-15,154.16,ORD00852_1
U00854,2024-02-25,540.85,ORD00853_0
U00854,2024-04-07,513.5,ORD00853_1
U00854,2024-09-18,406.69,ORD00853_2
U00855,2024-03-09,473.12,ORD00854_1
U00855,2024-03-14,348.11,ORD00854_3
U00855,2024-05-02,208.5,ORD00854_4
U00855,2024-06-09,447.38,ORD00854_5
U00855,2024-08-22,461.61,ORD00854_0
U00855,2024-12-20,391.94,ORD00854_2
U00856,2024-02-24,213.32,ORD00855_4
U00856,2024-05-14,152.4,ORD00855_3
U00856,2024-10-17,202.76,ORD00855_1
U00856,2024-11-12,115.55,ORD00855_0
U00856,2024-12-24,177.5,ORD00855_2
U00857,2024-01-01,160.61,ORD00856_3
U00857,2024-01-02,279.59,ORD00856_2
U00857,2024-03-07,434.38,ORD00856_1
U00857,2024-03-08,171.5,ORD00856_0
U00857,2024-03-28,330.96,ORD00856_4
U00858,2024-01-18,518.08,ORD00857_12
U00858,2024-02-04,379.47,ORD00857_13
U00858,2024-02-05,475.76,ORD00857_5
U00858,2024-02-10,929.3,ORD00857_7
U00858,2024-03-01,435.55,ORD00857_15
U00858,2024-03-13,439.09,ORD00857_0
U00858,2024-05-05,1112.26,ORD00857_8
U00858,2024-05-12,928.9,ORD00857_17
U00858,2024-05-17,793.19,ORD00857_4
U00858,2024-05-25,379.94,ORD00857_6
U00858,2024-07-14,774.74,ORD00857_1
U00858,2024-08-18,679.62,ORD00857_19
U00858,2024-09-12,400.16,ORD00857_18
U00858,2024-10-08,679.4,ORD00857_14
U00858,2024-11-04,877.88,ORD00857_2
U00858,2024-11-18,860.24,ORD00857_11
U00858,2024-11-19,1056.73,ORD00857_10
U00858,2024-12-01,634.35,ORD00857_3
U00858,2024-12-12,589.87,ORD00857_16
U00858,2024-12-15,535.64,ORD00857_9
U00859,2024-01-14,579.97,ORD00858_18
U00859,2024-02-04,271.93,ORD00858_11
U00859,2024-02-23,505.13,ORD00858_5
U00859,2024-02-23,181.55,ORD00858_16
U00859,2024-03-26,631.43,ORD00858_4
U00859,2024-04-15,495.29,ORD00858_15
U00859,2024-04-22,241.72,ORD00858_2
U00859,2024-06-04,406.54,ORD00858_1
U00859,2024-06-09,339.99,ORD00858_12
U00859,2024-06-28,489.91,ORD00858_10
U00859,2024-07-01,418.35,ORD00858_13
U00859,2024-07-07,661.62,ORD00858_19
U00859,2024-07-21,426.1,ORD00858_8
U00859,2024-07-27,622.24,ORD00858_3
U00859,2024-08-11,327.12,ORD00858_17
U00859,2024-08-13,182.31,ORD00858_14
U00859,2024-09-12,280.08,ORD00858_9
U00859,2024-09-21,468.09,ORD00858_6
U00859,2024-10-11,202.91,ORD00858_0
U00859,2024-11-28,373.21,ORD00858_7
U00860,2024-01-17,479.78,ORD00859_0
U00860,2024-03-10,427.59,ORD00859_3
U00860,2024-06-14,180.68,ORD00859_1
U00860,2024-06-18,592.08,ORD00859_4
U00860,2024-10-08,205.52,ORD00859_2
U00861,2024-08-08,159.32,ORD00860_1
U00861,2024-09-29,114.34,ORD00860_0
U00861,2024-12-30,94.87,ORD00860_2
U00862,2024-03-23,189.07,ORD00861_2
U00862,2024-06-14,141.12,ORD00861_3
U00862,2024-07-23,146.87,ORD00861_1
U00862,2024-12-20,101.69,ORD00861_0
U00863,2024-03-20,217.51,ORD00862_6
U00863,2024-05-01,301.01,ORD00862_0
U00863,2024-05-04,316.69,ORD00862_7
U00863,2024-07-26,173.7,ORD00862_1
U00863,2024-08-07,318.37,ORD00862_4
U00863,2024-08-11,129.58,ORD00862_3
U00863,2024-08-20,156.19,ORD00862_5
U00863,2024-08-26,257.42,ORD00862_2
U00863,2024-10-03,116.88,ORD00862_8
U00864,2024-04-27,212.61,ORD00863_2
U00864,2024-06-06,451.04,ORD00863_0
U00864,2024-06-30,430.36,ORD00863_3
U00864,2024-10-11,413.44,ORD00863_5
U00864,2024-10-27,269.51,ORD00863_1
U00864,2024-12-24,372.84,ORD00863_4
U00864,2024-12-26,568.11,ORD00863_6
U00865,2024-02-22,232.29,ORD00864_2
U00865,2024-05-18,177.14,ORD00864_0
U00865,2024-08-28,79.81,ORD00864_1
U00866,2024-01-29,226.86,ORD00865_6
U00866,2024-02-13,328.49,ORD00865_1
U00866,2024-02-22,186.51,ORD00865_8
U00866,2024-03-18,176.14,ORD00865_5
U00866,2024-03-30,87.6,ORD00865_3
U00866,2024-10-08,301.63,ORD00865_0
U00866,2024-10-17,221.64,ORD00865_7
U00866,2024-11-11,136.83,ORD00865_4
U00866,2024-11-30,336.91,ORD00865_2
U00867,2024-01-16,39.5,ORD00866_1
U00867,2024-06-21,84.4,ORD00866_2
U00867,2024-08-20,126.88,ORD00866_0
U00868,2024-03-03,29.16,ORD00867_0
U00868,2024-04-16,44.19,ORD00867_2
U00868,2024-04-30,43.41,ORD00867_1
U00869,2024-02-13,402.98,ORD00868_8
U00869,2024-02-16,686.13,ORD00868_5
U00869,2024-03-17,899.52,ORD00868_0
U00869,2024-03-24,965.81,ORD00868_6
U00869,2024-06-04,930.28,ORD00868_10
U00869,2024-06-29,1071.82,ORD00868_1
U00869,2024-08-01,573.33,ORD00868_12
U00869,2024-09-26,783.08,ORD00868_9
U00869,2024-10-08,803.81,ORD00868_4
U00869,2024-11-10,1046.18,ORD00868_3
U00869,2024-12-01,799.61,ORD00868_7
U00869,2024-12-19,920.25,ORD00868_2
U00869,2024-12-23,275.24,ORD00868_11
U00870,2024-01-10,270.39,ORD00869_1
U00870,2024-02-19,423.29,ORD00869_0
U00870,2024-03-27,562.56,ORD00869_6
U00870,2024-04-16,312.94,ORD00869_3
U00870,2024-05-08,316.23,ORD00869_5
U00870,2024-06-10,508.24,ORD00869_2
U00870,2024-09-13,422.28,ORD00869_7
U00870,2024-10-15,374.19,ORD00869_4
U00871,2024-06-28,57.2,ORD00870_1
U00871,2024-08-31,106.25,ORD00870_0
U00872,2024-02-17,196.07,ORD00871_2
U00872,2024-08-27,370.89,ORD00871_1
U00872,2024-12-21,164.73,ORD00871_0
U00873,2024-03-29,42.04,ORD00872_2
U00873,2024-05-11,86.94,ORD00872_1
U00873,2024-12-28,45.44,ORD00872_0
U00874,2024-08-10,201.52,ORD00873_1
U00874,2024-08-28,146.68,ORD00873_2
U00874,2024-09-22,63.51,ORD00873_0
U00875,2024-01-06,235.79,ORD00874_2
U00875,2024-02-02,342.26,ORD00874_1
U00875,2024-07-09,107.38,ORD00874_0
U00876,2024-06-11,208.67,ORD00875_2
U00876,2024-06-16,230.84,ORD00875_1
U00876,2024-12-14,141.16,ORD00875_0
U00877,2024-02-03,1260.05,ORD00876_13
U00877,2024-02-11,667.47,ORD00876_1
U00877,2024-03-06,932.76,ORD00876_2
U00877,2024-03-14,1006.84,ORD00876_8
U00877,2024-03-15,1454.14,ORD00876_20
U00877,2024-04-12,595.36,ORD00876_0
U00877,2024-04-13,618.83,ORD00876_15
U00877,2024-04-17,1499.5,ORD00876_7
U00877,2024-05-20,560.53,ORD00876_4
U00877,2024-05-31,850.28,ORD00876_5
U00877,2024-07-03,869.54,ORD00876_18
U00877,2024-08-19,1204.85,ORD00876_16
U00877,2024-09-10,1570.86,ORD00876_11
U00877,2024-09-15,409.2,ORD00876_12
U00877,2024-10-18,558.85,ORD00876_10
U00877,2024-10-24,977.95,ORD00876_3
U00877,2024-11-18,655.7,ORD00876_19
U00877,2024-11-20,401.37,ORD00876_14
U00877,2024-11-21,1029.5,ORD00876_6
U00877,2024-11-30,1452.06,ORD00876_9
U00877,2024-11-30,1392.55,ORD00876_17
U00878,2024-06-24,706.47,ORD00877_2
U00878,2024-10-31,324.08,ORD00877_0
U00878,2024-11-27,209.97,ORD00877_1
U00879,2024-01-21,382.34,ORD00878_12
U00879,2024-02-05,315.51,ORD00878_15
U00879,2024-02-11,296.27,ORD00878_16
U00879,2024-03-14,488.27,ORD00878_2
U00879,2024-04-03,440.87,ORD00878_13
U00879,2024-05-14,382.75,ORD00878_11
U00879,2024-05-25,483.51,ORD00878_17
U00879,2024-06-03,411.13,ORD00878_4
U00879,2024-06-14,276.62,ORD00878_10
U00879,2024-06-21,353.1,ORD00878_3
U00879,2024-06-22,227.51,ORD00878_6
U00879,2024-07-04,458.88,ORD00878_8
U00879,2024-08-03,428.83,ORD00878_21
U00879,2024-08-13,213.72,ORD00878_20
U00879,2024-09-03,243.15,ORD00878_7
U00879,2024-09-25,243.51,ORD00878_1
U00879,2024-09-28,486.28,ORD00878_26
U00879,2024-09-30,539.03,ORD00878_0
U00879,2024-10-08,219.72,ORD00878_9
U00879,2024-10-10,554.86,ORD00878_27
U00879,2024-10-15,357.88,ORD00878_5
U00879,2024-10-21,545.38,ORD00878_19
U00879,2024-10-30,341.37,ORD00878_22
U00879,2024-10-31,564.33,ORD00878_23
U00879,2024-11-01,334.84,ORD00878_18
U00879,2024-11-28,454.94,ORD00878_24
U00879,2024-12-04,292.77,ORD00878_14
U00879,2024-12-26,311.8,ORD00878_25
U00880,2024-02-17,81.27,ORD00879_1
U00880,2024-06-08,293.21,ORD00879_5
U00880,2024-06-14,205.58,ORD00879_0
U00880,2024-06-16,292.08,ORD00879_6
U00880,2024-12-05,152.94,ORD00879_4
U00880,2024-12-14,283.39,ORD00879_3
U00880,2024-12-18,116.54,ORD00879_7
U00880,2024-12-19,177.0,ORD00879_2
U00881,2024-01-04,89.18,ORD00880_0
U00882,2024-02-07,278.28,ORD00881_5
U00882,2024-06-28,253.06,ORD00881_4
U00882,2024-08-05,347.57,ORD00881_1
U00882,2024-08-29,266.49,ORD00881_2
U00882,2024-09-28,330.12,ORD00881_3
U00882,2024-10-29,305.9,ORD00881_0
U00883,2024-01-13,248.51,ORD00882_1
U00883,2024-02-19,203.35,ORD00882_2
U00883,2024-06-30,507.95,ORD00882_4
U00883,2024-09-05,205.85,ORD00882_3
U00883,2024-12-13,346.84,ORD00882_0
U00884,2024-08-30,93.3,ORD00883_0
U00884,2024-09-25,55.96,ORD00883_1
U00885,2024-02-18,318.29,ORD00884_7
U00885,2024-03-07,453.96,ORD00884_4
U00885,2024-05-17,249.15,ORD00884_5
U00885,2024-08-19,392.31,ORD00884_6
U00885,2024-08-24,424.57,ORD00884_2
U00885,2024-08-26,264.44,ORD00884_0
U00885,2024-09-11,340.59,ORD00884_1
U00885,2024-09-23,185.4,ORD00884_8
U00885,2024-12-02,202.79,ORD00884_3
U00886,2024-09-24,127.87,ORD00885_0
U00887,2024-03-10,235.53,ORD00886_7
U00887,2024-04-16,190.2,ORD00886_1
U00887,2024-04-23,583.87,ORD00886_5
U00887,2024-05-09,303.03,ORD00886_10
U00887,2024-05-24,259.58,ORD00886_4
U00887,2024-06-16,354.48,ORD00886_14
U00887,2024-07-06,582.83,ORD00886_2
U00887,2024-09-19,485.91,ORD00886_12
U00887,2024-10-01,737.56,ORD00886_6
U00887,2024-10-02,238.76,ORD00886_9
U00887,2024-10-04,347.37,ORD00886_13
U00887,2024-10-18,348.91,ORD00886_0
U00887,2024-10-18,492.53,ORD00886_11
U00887,2024-11-04,661.26,ORD00886_3
U00887,2024-12-29,628.05,ORD00886_8
U00888,2024-02-12,794.09,ORD00887_5
U00888,2024-02-13,340.06,ORD00887_7
U00888,2024-07-01,406.01,ORD00887_3
U00888,2024-07-06,350.57,ORD00887_8
U00888,2024-07-20,432.67,ORD00887_4
U00888,2024-08-19,318.33,ORD00887_2
U00888,2024-09-12,689.74,ORD00887_1
U00888,2024-09-19,346.95,ORD00887_9
U00888,2024-09-21,619.62,ORD00887_0
U00888,2024-11-19,680.27,ORD00887_6
U00889,2024-01-03,123.21,ORD00888_3
U00889,2024-04-20,286.04,ORD00888_2
U00889,2024-06-10,301.03,ORD00888_4
U00889,2024-06-14,281.06,ORD00888_1
U00889,2024-11-27,185.47,ORD00888_5
U00889,2024-12-12,249.46,ORD00888_0
U00890,2024-08-16,87.44,ORD00889_1
U00890,2024-10-23,66.14,ORD00889_0
U00890,2024-11-28,40.15,ORD00889_2
U00891,2024-01-27,107.0,ORD00890_5
U00891,2024-02-13,198.07,ORD00890_0
U00891,2024-06-17,89.55,ORD00890_2
U00891,2024-08-14,142.78,ORD00890_1
U00891,2024-12-01,92.09,ORD00890_3
U00891,2024-12-10,235.32,ORD00890_4
U00892,2024-04-04,58.55,ORD00891_1
U00892,2024-09-12,52.34,ORD00891_0
U00893,2024-03-10,233.1,ORD00892_1
U00893,2024-04-11,121.73,ORD00892_0
U00893,2024-12-12,183.81,ORD00892_2
U00894,2024-05-27,287.21,ORD00893_1
U00894,2024-08-14,217.55,ORD00893_0
U00894,2024-12-23,120.67,ORD00893_3
U00894,2024-12-30,261.68,ORD00893_2
U00895,2024-01-23,455.01,ORD00894_3
U00895,2024-02-18,469.71,ORD00894_6
U00895,2024-07-06,229.51,ORD00894_5
U00895,2024-07-29,431.05,ORD00894_2
U00895,2024-08-15,356.85,ORD00894_1
U00895,2024-09-26,440.87,ORD00894_0
U00895,2024-10-10,281.47,ORD00894_4
U00896,2024-05-12,103.51,ORD00895_1
U00896,2024-10-07,33.75,ORD00895_0
U00896,2024-10-21,53.85,ORD00895_2
U00897,2024-02-25,417.73,ORD00896_3
U00897,2024-03-06,560.64,ORD00896_6
U00897,2024-06-07,514.85,ORD00896_5
U00897,2024-06-24,708.07,ORD00896_4
U00897,2024-07-11,259.87,ORD00896_2
U00897,2024-12-15,478.28,ORD00896_1
U00897,2024-12-29,339.18,ORD00896_0
U00898,2024-04-10,134.72,ORD00897_1
U00898,2024-07-21,74.68,ORD00897_2
U00898,2024-12-02,101.1,ORD00897_0
U00899,2024-02-08,169.78,ORD00898_1
U00899,2024-05-13,199.56,ORD00898_0
U00899,2024-11-10,74.69,ORD00898_2
U00900,2024-03-10,48.01,ORD00899_1
U00900,2024-10-16,66.43,ORD00899_0
U00901,2024-02-24,59.51,ORD00900_0
U00901,2024-10-03,108.93,ORD00900_1
U00902,2024-06-19,1010.91,ORD00901_3
U00902,2024-06-24,623.24,ORD00901_0
U00902,2024-07-15,648.03,ORD00901_4
U00902,2024-08-03,1391.68,ORD00901_7
U00902,2024-09-15,504.57,ORD00901_1
U00902,2024-09-18,432.32,ORD00901_2
U00902,2024-10-28,1063.8,ORD00901_6
U00902,2024-10-29,495.39,ORD00901_5
U00903,2024-03-24,480.08,ORD00902_3
U00903,2024-04-03,183.71,ORD00902_1
U00903,2024-04-16,174.65,ORD00902_2
U00903,2024-04-23,316.51,ORD00902_8
U00903,2024-06-10,463.12,ORD00902_0
U00903,2024-07-24,570.82,ORD00902_6
U00903,2024-08-26,173.49,ORD00902_4
U00903,2024-10-08,235.07,ORD00902_5
U00903,2024-12-12,367.32,ORD00902_7
U00904,2024-04-20,215.87,ORD00903_2
U00904,2024-11-25,188.51,ORD00903_1
U00904,2024-12-16,159.09,ORD00903_0
U00905,2024-08-14,83.92,ORD00904_0
U00906,2024-01-11,1033.08,ORD00905_8
U00906,2024-01-24,709.74,ORD00905_13
U00906,2024-02-20,1274.38,ORD00905_3
U00906,2024-03-07,1352.15,ORD00905_0
U00906,2024-03-19,397.64,ORD00905_11
U00906,2024-03-21,1264.98,ORD00905_21
U00906,2024-04-14,1220.87,ORD00905_1
U00906,2024-05-10,1304.25,ORD00905_14
U00906,2024-05-12,922.35,ORD00905_9
U00906,2024-05-27,434.82,ORD00905_10
U00906,2024-06-04,686.63,ORD00905_19
U00906,2024-06-18,923.42,ORD00905_5
U00906,2024-07-01,459.4,ORD00905_4
U00906,2024-07-06,626.1,ORD00905_2
U00906,2024-07-16,536.67,ORD00905_7
U00906,2024-08-27,1002.7,ORD00905_17
U00906,2024-09-05,1284.3,ORD00905_12
U00906,2024-09-14,826.15,ORD00905_22
U00906,2024-10-09,1021.64,ORD00905_18
U00906,2024-10-30,1076.83,ORD00905_6
U00906,2024-10-30,882.2,ORD00905_16
U00906,2024-11-22,382.39,ORD00905_15
U00906,2024-12-01,704.08,ORD00905_20
U00907,2024-01-02,1035.49,ORD00906_0
U00907,2024-01-25,549.99,ORD00906_7
U00907,2024-01-31,379.93,ORD00906_5
U00907,2024-03-02,881.31,ORD00906_4
U00907,2024-03-28,381.19,ORD00906_8
U00907,2024-09-24,1103.82,ORD00906_6
U00907,2024-09-30,578.2,ORD00906_9
U00907,2024-10-11,812.65,ORD00906_2
U00907,2024-10-31,388.68,ORD00906_1
U00907,2024-12-26,769.62,ORD00906_3
U00908,2024-01-18,119.7,ORD00907_0
U00909,2024-02-23,146.09,ORD00908_1
U00909,2024-02-23,288.87,ORD00908_3
U00909,2024-05-11,198.52,ORD00908_6
U00909,2024-07-15,185.63,ORD00908_4
U00909,2024-08-23,190.43,ORD00908_2
U00909,2024-11-16,181.83,ORD00908_7
U00909,2024-12-09,353.43,ORD00908_0
U00909,2024-12-30,157.87,ORD00908_5
U00910,2024-01-13,136.07,ORD00909_2
U00910,2024-03-27,264.24,ORD00909_0
U00910,2024-06-27,188.59,ORD00909_1
U00911,2024-02-18,145.66,ORD00910_1
U00911,2024-07-12,82.84,ORD00910_3
U00911,2024-07-23,86.03,ORD00910_2
U00911,2024-08-22,186.64,ORD00910_0
U00911,2024-10-13,95.1,ORD00910_4
U00912,2024-03-23,62.63,ORD00911_0
U00913,2024-04-17,457.45,ORD00912_0
U00913,2024-06-15,152.44,ORD00912_1
U00913,2024-08-11,272.52,ORD00912_2
U00914,2024-02-23,177.12,ORD00913_0
U00914,2024-05-15,168.12,ORD00913_1
U00914,2024-07-27,252.66,ORD00913_4
U00914,2024-10-08,153.45,ORD00913_2
U00914,2024-10-27,124.4,ORD00913_3
U00914,2024-12-24,144.67,ORD00913_5
U00915,2024-03-01,461.01,ORD00914_19
U00915,2024-03-28,368.31,ORD00914_6
U00915,2024-04-04,592.49,ORD00914_7
U00915,2024-04-28,527.11,ORD00914_15
U00915,2024-05-12,295.34,ORD00914_5
U00915,2024-05-13,592.1,ORD00914_20
U00915,2024-05-21,396.66,ORD00914_4
U00915,2024-06-12,464.23,ORD00914_10
U00915,2024-06-12,212.04,ORD00914_16
U00915,2024-07-29,403.47,ORD00914_3
U00915,2024-09-12,195.96,ORD00914_8
U00915,2024-09-18,288.54,ORD00914_18
U00915,2024-10-11,327.32,ORD00914_2
U00915,2024-10-15,624.52,ORD00914_14
U00915,2024-11-09,230.47,ORD00914_11
U00915,2024-11-14,409.06,ORD00914_1
U00915,2024-11-22,260.27,ORD00914_13
U00915,2024-12-14,362.97,ORD00914_0
U00915,2024-12-14,613.37,ORD00914_12
U00915,2024-12-23,320.36,ORD00914_17
U00915,2024-12-27,274.0,ORD00914_9
U00916,2024-01-29,482.17,ORD00915_0
U00916,2024-03-05,519.62,ORD00915_7
U00916,2024-04-05,523.4,ORD00915_1
U00916,2024-05-02,262.51,ORD00915_4
U00916,2024-05-24,294.1,ORD00915_6
U00916,2024-08-06,151.53,ORD00915_3
U00916,2024-10-17,263.51,ORD00915_2
U00916,2024-12-27,189.52,ORD00915_5
U00917,2024-01-16,136.04,ORD00916_0
U00917,2024-10-24,124.84,ORD00916_1
U00918,2024-03-08,396.88,ORD00917_5
U00918,2024-04-30,582.81,ORD00917_3
U00918,2024-07-23,503.59,ORD00917_0
U00918,2024-08-07,570.31,ORD00917_6
U00918,2024-08-24,512.41,ORD00917_7
U00918,2024-11-04,280.0,ORD00917_2
U00918,2024-11-05,248.31,ORD00917_4
U00918,2024-12-24,230.73,ORD00917_1
U00919,2024-01-16,118.28,ORD00918_3
U00919,2024-01-16,128.46,ORD00918_4
U00919,2024-02-06,218.86,ORD00918_6
U00919,2024-04-17,361.27,ORD00918_5
U00919,2024-08-02,208.94,ORD00918_0
U00919,2024-09-14,249.63,ORD00918_1
U00919,2024-11-10,199.51,ORD00918_2
U00920,2024-03-01,190.34,ORD00919_2
U00920,2024-03-25,238.81,ORD00919_4
U00920,2024-03-26,291.07,ORD00919_3
U00920,2024-06-25,285.88,ORD00919_1
U00920,2024-08-11,213.76,ORD00919_7
U00920,2024-09-15,90.21,ORD00919_5
U00920,2024-10-20,152.09,ORD00919_0
U00920,2024-12-06,287.7,ORD00919_6
U00921,2024-01-31,220.1,ORD00920_1
U00921,2024-04-10,271.9,ORD00920_2
U00921,2024-06-25,268.89,ORD00920_0
U00922,2024-01-14,673.96,ORD00921_6
U00922,2024-02-01,374.41,ORD00921_8
U00922,2024-03-01,592.24,ORD00921_5
U00922,2024-03-29,368.18,ORD00921_2
U00922,2024-07-07,401.64,ORD00921_3
U00922,2024-07-20,362.35,ORD00921_0
U00922,2024-08-12,478.35,ORD00921_1
U00922,2024-08-17,418.02,ORD00921_7
U00922,2024-09-13,446.08,ORD00921_4
U00923,2024-02-23,488.13,ORD00922_2
U00923,2024-03-28,454.61,ORD00922_4
U00923,2024-05-10,222.31,ORD00922_1
U00923,2024-08-27,452.41,ORD00922_3
U00923,2024-09-03,407.25,ORD00922_0
U00924,2024-08-07,41.75,ORD00923_0
U00924,2024-09-11,56.32,ORD00923_2
U00924,2024-11-02,140.95,ORD00923_1
U00925,2024-02-07,381.46,ORD00924_2
U00925,2024-02-19,202.15,ORD00924_6
U00925,2024-03-05,597.95,ORD00924_4
U00925,2024-07-05,332.69,ORD00924_0
U00925,2024-07-18,256.94,ORD00924_8
U00925,2024-07-28,616.33,ORD00924_3
U00925,2024-08-28,400.82,ORD00924_7
U00925,2024-10-18,750.98,ORD00924_1
U00925,2024-11-11,751.47,ORD00924_5
U00926,2024-05-30,408.9,ORD00925_1
U00926,2024-07-25,391.86,ORD00925_2
U00926,2024-12-19,232.3,ORD00925_0
U00927,2024-11-10,74.81,ORD00926_0
U00928,2024-07-05,38.93,ORD00927_0
U00929,2024-08-08,73.89,ORD00928_0
U00930,2024-06-02,184.57,ORD00929_1
U00930,2024-07-02,133.14,ORD00929_0
U00930,2024-12-04,117.52,ORD00929_2
U00931,2024-01-29,532.16,ORD00930_2
U00931,2024-01-30,429.84,ORD00930_3
U00931,2024-10-12,467.28,ORD00930_1
U00931,2024-10-14,593.3,ORD00930_4
U00931,2024-10-26,481.49,ORD00930_0
U00932,2024-02-05,100.1,ORD00931_1
U00932,2024-10-18,85.42,ORD00931_0
U00933,2024-08-27,116.55,ORD00932_0
U00934,2024-02-23,336.03,ORD00933_2
U00934,2024-03-30,247.63,ORD00933_3
U00934,2024-05-30,403.9,ORD00933_4
U00934,2024-07-02,332.2,ORD00933_0
U00934,2024-08-19,390.63,ORD00933_1
U00935,2024-01-14,259.79,ORD00934_2
U00935,2024-03-04,262.56,ORD00934_5
U00935,2024-04-05,155.74,ORD00934_3
U00935,2024-04-30,137.75,ORD00934_6
U00935,2024-08-01,260.22,ORD00934_7
U00935,2024-10-25,153.14,ORD00934_0
U00935,2024-11-25,255.89,ORD00934_1
U00935,2024-12-17,87.56,ORD00934_4
U00936,2024-01-01,315.2,ORD00935_26
U00936,2024-01-02,704.52,ORD00935_25
U00936,2024-01-17,397.12,ORD00935_15
U00936,2024-02-11,722.36,ORD00935_22
U00936,2024-02-12,588.11,ORD00935_1
U00936,2024-02-21,822.99,ORD00935_19
U00936,2024-03-05,551.83,ORD00935_27
U00936,2024-03-10,984.82,ORD00935_18
U00936,2024-03-12,958.65,ORD00935_11
U00936,2024-03-13,784.87,ORD00935_7
U00936,2024-03-22,840.73,ORD00935_0
U00936,2024-03-26,643.55,ORD00935_16
U00936,2024-03-27,899.16,ORD00935_3
U00936,2024-04-21,634.42,ORD00935_14
U00936,2024-05-01,633.56,ORD00935_17
U00936,2024-05-04,974.19,ORD00935_28
U00936,2024-06-03,608.3,ORD00935_8
U00936,2024-07-04,936.24,ORD00935_12
U00936,2024-08-04,708.31,ORD00935_4
U00936,2024-08-05,795.33,ORD00935_9
U00936,2024-08-07,498.04,ORD00935_13
U00936,2024-08-20,817.25,ORD00935_24
U00936,2024-09-09,512.59,ORD00935_10
U00936,2024-09-15,369.37,ORD00935_20
U00936,2024-09-17,324.08,ORD00935_2
U00936,2024-09-26,1023.79,ORD00935_23
U00936,2024-10-29,944.02,ORD00935_21
U00936,2024-12-11,610.56,ORD00935_6
U00936,2024-12-17,400.31,ORD00935_5
U00937,2024-02-10,777.83,ORD00936_2
U00937,2024-02-11,372.32,ORD00936_1
U00937,2024-02-26,345.59,ORD00936_3
U00937,2024-03-30,564.17,ORD00936_0
U00937,2024-08-22,455.18,ORD00936_4
U00937,2024-11-14,559.59,ORD00936_5
U00938,2024-01-02,1327.41,ORD00937_6
U00938,2024-01-24,448.25,ORD00937_3
U00938,2024-01-26,493.02,ORD00937_5
U00938,2024-02-07,725.6,ORD00937_8
U00938,2024-03-10,738.83,ORD00937_9
U00938,2024-04-29,819.46,ORD00937_1
U00938,2024-05-12,1531.69,ORD00937_12
U00938,2024-05-29,439.27,ORD00937_7
U00938,2024-07-27,606.49,ORD00937_2
U00938,2024-08-13,680.73,ORD00937_4
U00938,2024-09-08,522.85,ORD00937_10
U00938,2024-10-18,929.05,ORD00937_11
U00938,2024-12-08,1220.27,ORD00937_0
U00939,2024-01-15,241.58,ORD00938_1
U00939,2024-09-09,156.3,ORD00938_2
U00939,2024-12-25,315.88,ORD00938_0
U00940,2024-01-17,181.33,ORD00939_6
U00940,2024-02-12,209.51,ORD00939_3
U00940,2024-03-22,74.53,ORD00939_0
U00940,2024-04-04,197.83,ORD00939_5
U00940,2024-06-27,149.56,ORD00939_4
U00940,2024-09-02,67.31,ORD00939_1
U00940,2024-12-22,81.46,ORD00939_2
U00941,2024-01-13,108.09,ORD00940_3
U00941,2024-04-11,90.22,ORD00940_4
U00941,2024-05-13,121.44,ORD00940_1
U00941,2024-06-13,119.85,ORD00940_0
U00941,2024-07-21,217.49,ORD00940_5
U00941,2024-08-11,225.32,ORD00940_2
U00941,2024-12-30,169.66,ORD00940_6
U00942,2024-02-18,168.64,ORD00941_1
U00942,2024-09-14,124.15,ORD00941_0
U00942,2024-11-26,47.42,ORD00941_2
U00943,2024-02-04,264.78,ORD00942_8
U00943,2024-02-12,474.47,ORD00942_3
U00943,2024-05-04,342.48,ORD00942_6
U00943,2024-05-11,271.24,ORD00942_2
U00943,2024-05-30,236.17,ORD00942_7
U00943,2024-06-27,492.8,ORD00942_5
U00943,2024-08-24,588.96,ORD00942_1
U00943,2024-09-21,471.19,ORD00942_4
U00943,2024-12-17,561.04,ORD00942_0
U00944,2024-03-02,621.28,ORD00943_3
U00944,2024-04-10,713.79,ORD00943_0
U00944,2024-04-19,655.15,ORD00943_11
U00944,2024-04-30,363.71,ORD00943_5
U00944,2024-05-08,795.65,ORD00943_13
U00944,2024-06-04,745.0,ORD00943_1
U00944,2024-07-12,446.55,ORD00943_9
U00944,2024-09-08,768.92,ORD00943_6
U00944,2024-09-21,328.66,ORD00943_12
U00944,2024-10-15,331.87,ORD00943_7
U00944,2024-11-19,699.06,ORD00943_8
U00944,2024-11-21,335.39,ORD00943_10
U00944,2024-12-04,364.5,ORD00943_2
U00944,2024-12-06,236.54,ORD00943_4
U00945,2024-01-26,731.22,ORD00944_21
U00945,2024-02-04,223.09,ORD00944_19
U00945,2024-02-10,493.37,ORD00944_24
U00945,2024-02-15,731.94,ORD00944_16
U00945,2024-02-21,292.13,ORD00944_6
U00945,2024-02-22,402.11,ORD00944_1
U00945,2024-02-28,489.99,ORD00944_27
U00945,2024-03-02,754.32,ORD00944_4
U00945,2024-03-05,236.43,ORD00944_7
U00945,2024-03-06,390.8,ORD00944_0
U00945,2024-03-24,623.22,ORD00944_20
U00945,2024-04-04,279.12,ORD00944_23
U00945,2024-04-22,209.7,ORD00944_14
U00945,2024-05-31,368.53,ORD00944_10
U00945,2024-06-06,223.83,ORD00944_11
U00945,2024-06-11,739.17,ORD00944_9
U00945,2024-06-20,491.79,ORD00944_26
U00945,2024-06-25,404.94,ORD00944_15
U00945,2024-06-28,308.21,ORD00944_28
U00945,2024-07-28,260.5,ORD00944_25
U00945,2024-08-03,617.89,ORD00944_3
U00945,2024-08-13,415.84,ORD00944_18
U00945,2024-09-01,565.01,ORD00944_17
U00945,2024-09-11,673.09,ORD00944_13
U00945,2024-10-04,480.41,ORD00944_8
U00945,2024-11-12,241.15,ORD00944_22
U00945,2024-11-16,545.92,ORD00944_2
U00945,2024-11-22,396.54,ORD00944_5
U00945,2024-11-22,344.88,ORD00944_12
U00946,2024-01-15,290.72,ORD00945_1
U00946,2024-01-21,282.1,ORD00945_3
U00946,2024-01-22,472.3,ORD00945_8
U00946,2024-02-24,794.23,ORD00945_6
U00946,2024-02-29,393.3,ORD00945_9
U00946,2024-03-26,639.6,ORD00945_7
U00946,2024-05-28,768.03,ORD00945_5
U00946,2024-06-29,500.0,ORD00945_2
U00946,2024-07-02,490.14,ORD00945_4
U00946,2024-07-20,217.02,ORD00945_0
U00946,2024-10-29,760.2,ORD00945_10
U00947,2024-07-04,578.15,ORD00946_1
U00947,2024-09-23,392.24,ORD00946_2
U00947,2024-10-14,321.72,ORD00946_0
U00948,2024-01-31,198.92,ORD00947_1
U00948,2024-06-08,105.17,ORD00947_0
U00948,2024-12-10,89.68,ORD00947_2
U00949,2024-12-18,83.29,ORD00948_0
U00950,2024-04-23,211.85,ORD00949_0
U00951,2024-04-12,720.77,ORD00950_0
U00951,2024-04-29,264.34,ORD00950_4
U00951,2024-06-15,336.8,ORD00950_2
U00951,2024-07-20,691.32,ORD00950_3
U00951,2024-09-11,415.82,ORD00950_1
U00952,2024-01-05,319.64,ORD00951_9
U00952,2024-01-19,332.11,ORD00951_0
U00952,2024-02-24,158.89,ORD00951_2
U00952,2024-04-09,470.84,ORD00951_3
U00952,2024-08-16,524.23,ORD00951_8
U00952,2024-08-17,321.11,ORD00951_1
U00952,2024-09-27,475.72,ORD00951_12
U00952,2024-10-25,591.69,ORD00951_4
U00952,2024-11-18,216.23,ORD00951_7
U00952,2024-11-25,259.23,ORD00951_6
U00952,2024-12-19,437.31,ORD00951_5
U00952,2024-12-22,409.39,ORD00951_11
U00952,2024-12-29,249.69,ORD00951_10
U00953,2024-01-12,151.82,ORD00952_8
U00953,2024-01-14,234.75,ORD00952_7
U00953,2024-01-26,272.92,ORD00952_6
U00953,2024-02-07,103.69,ORD00952_4
U00953,2024-03-28,139.68,ORD00952_0
U00953,2024-07-05,227.57,ORD00952_2
U00953,2024-08-05,191.23,ORD00952_3
U00953,2024-08-30,142.61,ORD00952_1
U00953,2024-12-14,93.07,ORD00952_5
U00954,2024-01-29,441.83,ORD00953_1
U00954,2024-03-15,509.35,ORD00953_5
U00954,2024-04-04,410.47,ORD00953_0
U00954,2024-04-26,341.54,ORD00953_6
U00954,2024-04-27,347.44,ORD00953_11
U00954,2024-05-23,285.35,ORD00953_4
U00954,2024-05-27,564.89,ORD00953_8
U00954,2024-06-15,397.99,ORD00953_10
U00954,2024-06-21,556.37,ORD00953_7
U00954,2024-07-16,564.93,ORD00953_14
U00954,2024-08-14,429.43,ORD00953_13
U00954,2024-09-26,370.93,ORD00953_3
U00954,2024-09-30,361.24,ORD00953_12
U00954,2024-11-16,246.21,ORD00953_9
U00954,2024-12-06,204.77,ORD00953_2
U00955,2024-01-14,73.69,ORD00954_4
U00955,2024-02-13,147.86,ORD00954_3
U00955,2024-02-28,160.99,ORD00954_2
U00955,2024-03-11,123.47,ORD00954_1
U00955,2024-04-18,195.0,ORD00954_0
U00955,2024-06-17,108.35,ORD00954_6
U00955,2024-08-30,165.94,ORD00954_8
U00955,2024-09-02,194.96,ORD00954_7
U00955,2024-11-09,180.71,ORD00954_5
U00956,2024-02-11,357.18,ORD00955_1
U00956,2024-10-12,229.47,ORD00955_2
U00956,2024-12-07,247.79,ORD00955_0
U00956,2024-12-10,281.57,ORD00955_4
U00956,2024-12-17,433.5,ORD00955_3
U00957,2024-04-15,110.88,ORD00956_1
U00957,2024-05-12,120.67,ORD00956_0
U00957,2024-07-19,38.27,ORD00956_2
U00958,2024-02-15,528.62,ORD00957_2
U00958,2024-03-01,324.65,ORD00957_4
U00958,2024-04-05,165.18,ORD00957_0
U00958,2024-05-22,610.0,ORD00957_1
U00958,2024-06-18,531.83,ORD00957_6
U00958,2024-10-04,656.19,ORD00957_3
U00958,2024-10-20,634.81,ORD00957_5
U00959,2024-05-02,344.73,ORD00958_1
U00959,2024-05-17,318.36,ORD00958_3
U00959,2024-06-24,501.35,ORD00958_2
U00959,2024-07-01,215.51,ORD00958_6
U00959,2024-07-07,752.75,ORD00958_8
U00959,2024-07-24,283.92,ORD00958_5
U00959,2024-08-28,404.88,ORD00958_4
U00959,2024-10-23,285.08,ORD00958_0
U00959,2024-12-02,556.7,ORD00958_7
U00960,2024-03-03,29.33,ORD00959_2
U00960,2024-04-08,71.98,ORD00959_0
U00960,2024-05-01,21.32,ORD00959_1
U00961,2024-01-17,216.89,ORD00960_0
U00961,2024-10-06,270.62,ORD00960_2
U00961,2024-10-26,151.71,ORD00960_3
U00961,2024-12-13,212.87,ORD00960_1
U00962,2024-01-31,453.33,ORD00961_1
U00962,2024-02-09,379.24,ORD00961_3
U00962,2024-02-26,228.77,ORD00961_6
U00962,2024-03-21,487.31,ORD00961_5
U00962,2024-06-02,410.18,ORD00961_0
U00962,2024-10-23,336.09,ORD00961_4
U00962,2024-11-18,503.7,ORD00961_2
U00963,2024-01-04,223.66,ORD00962_1
U00963,2024-02-13,180.1,ORD00962_6
U00963,2024-02-28,429.69,ORD00962_5
U00963,2024-03-31,322.04,ORD00962_2
U00963,2024-04-01,386.64,ORD00962_3
U00963,2024-08-21,312.76,ORD00962_4
U00963,2024-10-18,368.11,ORD00962_0
U00964,2024-01-14,1233.08,ORD00963_13
U00964,2024-02-01,915.64,ORD00963_15
U00964,2024-02-03,1059.36,ORD00963_9
U00964,2024-02-12,605.03,ORD00963_4
U00964,2024-03-17,920.17,ORD00963_1
U00964,2024-04-13,803.01,ORD00963_17
U00964,2024-05-04,636.2,ORD00963_20
U00964,2024-05-09,1240.42,ORD00963_10
U00964,2024-05-22,751.7,ORD00963_11
U00964,2024-06-10,744.06,ORD00963_16
U00964,2024-06-19,943.69,ORD00963_8
U00964,2024-07-07,390.36,ORD00963_0
U00964,2024-07-10,1087.81,ORD00963_22
U00964,2024-07-22,1044.76,ORD00963_14
U00964,2024-08-14,400.89,ORD00963_5
U00964,2024-08-21,555.21,ORD00963_3
U00964,2024-08-22,710.05,ORD00963_12
U00964,2024-08-31,1159.89,ORD00963_19
U00964,2024-09-06,1288.44,ORD00963_6
U00964,2024-10-03,1328.05,ORD00963_2
U00964,2024-11-02,1076.66,ORD00963_7
U00964,2024-11-19,1057.9,ORD00963_18
U00964,2024-11-26,1292.39,ORD00963_21
U00965,2024-01-08,121.04,ORD00964_0
U00965,2024-04-09,110.34,ORD00964_4
U00965,2024-05-31,186.52,ORD00964_1
U00965,2024-08-01,142.44,ORD00964_2
U00965,2024-09-26,123.5,ORD00964_3
U00965,2024-11-16,245.55,ORD00964_5
U00966,2024-01-05,723.24,ORD00965_10
U00966,2024-01-13,717.92,ORD00965_23
U00966,2024-01-15,421.14,ORD00965_1
U00966,2024-01-19,379.19,ORD00965_4
U00966,2024-01-25,721.01,ORD00965_11
U00966,2024-01-27,505.4,ORD00965_15
U00966,2024-02-03,795.24,ORD00965_2
U00966,2024-02-16,260.16,ORD00965_20
U00966,2024-03-19,554.33,ORD00965_18
U00966,2024-03-29,545.89,ORD00965_21
U00966,2024-05-12,328.88,ORD00965_16
U00966,2024-05-29,439.1,ORD00965_7
U00966,2024-05-30,607.16,ORD00965_8
U00966,2024-06-10,784.56,ORD00965_28
U00966,2024-06-20,374.65,ORD00965_14
U00966,2024-06-21,726.48,ORD00965_24
U00966,2024-07-06,680.3,ORD00965_9
U00966,2024-08-13,531.85,ORD00965_0
U00966,2024-08-27,214.14,ORD00965_22
U00966,2024-08-30,335.14,ORD00965_25
U00966,2024-09-08,655.6,ORD00965_13
U00966,2024-09-09,559.32,ORD00965_17
U00966,2024-09-14,845.46,ORD00965_19
U00966,2024-09-24,551.43,ORD00965_12
U00966,2024-10-05,366.68,ORD00965_27
U00966,2024-11-21,471.98,ORD00965_5
U00966,2024-11-25,523.6,ORD00965_26
U00966,2024-12-17,493.03,ORD00965_6
U00966,2024-12-20,802.01,ORD00965_3
U00967,2024-03-26,239.87,ORD00966_1
U00967,2024-08-25,162.98,ORD00966_0
U00968,2024-02-28,205.51,ORD00967_1
U00968,2024-04-26,150.25,ORD00967_0
U00969,2024-04-15,165.01,ORD00968_1
U00969,2024-09-07,217.07,ORD00968_0
U00970,2024-04-02,327.4,ORD00969_3
U00970,2024-05-25,286.31,ORD00969_1
U00970,2024-06-11,411.96,ORD00969_4
U00970,2024-10-28,323.4,ORD00969_2
U00970,2024-11-22,177.14,ORD00969_0
U00971,2024-11-09,84.21,ORD00970_0
U00972,2024-01-17,482.56,ORD00971_11
U00972,2024-02-24,211.63,ORD00971_0
U00972,2024-02-27,692.14,ORD00971_8
U00972,2024-03-15,223.42,ORD00971_2
U00972,2024-03-25,626.7,ORD00971_14
U00972,2024-04-14,192.99,ORD00971_10
U00972,2024-04-27,488.22,ORD00971_1
U00972,2024-06-04,377.33,ORD00971_5
U00972,2024-06-20,477.67,ORD00971_12
U00972,2024-07-16,566.98,ORD00971_7
U00972,2024-08-03,253.59,ORD00971_15
U00972,2024-08-16,475.69,ORD00971_9
U00972,2024-09-15,590.17,ORD00971_6
U00972,2024-10-30,514.24,ORD00971_16
U00972,2024-10-31,301.49,ORD00971_13
U00972,2024-11-11,486.06,ORD00971_4
U00972,2024-12-21,628.29,ORD00971_3
U00973,2024-01-16,171.34,ORD00972_9
U00973,2024-02-25,413.86,ORD00972_20
U00973,2024-02-27,372.59,ORD00972_12
U00973,2024-03-02,399.55,ORD00972_1
U00973,2024-03-09,145.89,ORD00972_7
U00973,2024-04-08,334.2,ORD00972_3
U00973,2024-04-17,126.08,ORD00972_24
U00973,2024-04-26,427.32,ORD00972_6
U00973,2024-05-11,197.59,ORD00972_2
U00973,2024-05-16,429.09,ORD00972_5
U00973,2024-05-30,217.29,ORD00972_23
U00973,2024-06-03,136.71,ORD00972_21
U00973,2024-06-06,276.06,ORD00972_18
U00973,2024-07-27,256.04,ORD00972_10
U00973,2024-08-03,440.31,ORD00972_19
U00973,2024-08-04,479.11,ORD00972_14
U00973,2024-08-14,225.14,ORD00972_11
U00973,2024-08-30,132.73,ORD00972_15
U00973,2024-10-31,420.63,ORD00972_13
U00973,2024-11-21,281.35,ORD00972_16
U00973,2024-11-30,348.98,ORD00972_8
U00973,2024-12-05,412.84,ORD00972_26
U00973,2024-12-06,361.06,ORD00972_22
U00973,2024-12-11,333.81,ORD00972_0
U00973,2024-12-22,193.35,ORD00972_4
U00973,2024-12-23,438.07,ORD00972_17
U00973,2024-12-28,322.8,ORD00972_25
U00974,2024-01-31,587.02,ORD00973_8
U00974,2024-02-07,595.59,ORD00973_11
U00974,2024-02-16,641.68,ORD00973_0
U00974,2024-02-18,440.37,ORD00973_3
U00974,2024-03-14,476.66,ORD00973_6
U00974,2024-03-15,204.12,ORD00973_21
U00974,2024-03-16,597.85,ORD00973_7
U00974,2024-03-17,312.27,ORD00973_12
U00974,2024-04-05,188.73,ORD00973_20
U00974,2024-04-12,578.13,ORD00973_1
U00974,2024-05-06,208.59,ORD00973_17
U00974,2024-05-31,623.78,ORD00973_19
U00974,2024-06-21,347.73,ORD00973_14
U00974,2024-07-17,456.31,ORD00973_18
U00974,2024-07-18,463.87,ORD00973_13
U00974,2024-07-30,480.57,ORD00973_9
U00974,2024-10-08,657.53,ORD00973_5
U00974,2024-10-27,351.35,ORD00973_16
U00974,2024-11-11,658.99,ORD00973_4
U00974,2024-12-05,457.7,ORD00973_2
U00974,2024-12-10,300.97,ORD00973_15
U00974,2024-12-19,350.87,ORD00973_10
U00975,2024-03-27,206.13,ORD00974_1
U00975,2024-04-21,217.78,ORD00974_0
U00975,2024-08-27,237.63,ORD00974_2
U00976,2024-04-25,46.73,ORD00975_0
U00976,2024-07-19,46.29,ORD00975_1
U00977,2024-01-27,301.23,ORD00976_2
U00977,2024-03-01,435.02,ORD00976_7
U00977,2024-03-08,495.12,ORD00976_3
U00977,2024-03-13,370.1,ORD00976_0
U00977,2024-05-09,770.72,ORD00976_1
U00977,2024-08-26,712.73,ORD00976_8
U00977,2024-09-03,767.36,ORD00976_5
U00977,2024-10-05,518.0,ORD00976_4
U00977,2024-12-17,595.47,ORD00976_6
U00978,2024-02-08,89.78,ORD00977_1
U00978,2024-07-01,117.16,ORD00977_2
U00978,2024-10-16,46.68,ORD00977_0
U00979,2024-01-22,120.09,ORD00978_2
U00979,2024-03-14,145.93,ORD00978_0
U00979,2024-08-23,130.01,ORD00978_1
U00980,2024-06-08,158.94,ORD00979_0
U00980,2024-08-06,219.49,ORD00979_2
U00980,2024-12-30,94.44,ORD00979_1
U00981,2024-01-10,236.02,ORD00980_0
U00981,2024-02-22,151.78,ORD00980_3
U00981,2024-04-30,426.73,ORD00980_2
U00981,2024-05-03,573.28,ORD00980_1
U00981,2024-12-23,273.68,ORD00980_4
U00982,2024-02-13,199.78,ORD00981_2
U00982,2024-04-23,74.2,ORD00981_0
U00982,2024-08-28,144.24,ORD00981_1
U00983,2024-01-31,181.2,ORD00982_3
U00983,2024-03-02,71.76,ORD00982_2
U00983,2024-09-18,258.59,ORD00982_1
U00983,2024-11-06,184.29,ORD00982_0
U00984,2024-01-03,244.13,ORD00983_0
U00984,2024-04-28,605.94,ORD00983_4
U00984,2024-06-14,242.18,ORD00983_3
U00984,2024-09-10,739.26,ORD00983_2
U00984,2024-09-16,479.87,ORD00983_1
U00985,2024-03-10,264.45,ORD00984_0
U00985,2024-06-29,267.58,ORD00984_2
U00985,2024-07-15,120.87,ORD00984_3
U00985,2024-09-20,220.37,ORD00984_1
U00986,2024-03-17,86.58,ORD00985_0
U00986,2024-12-07,60.71,ORD00985_1
U00987,2024-03-09,129.16,ORD00986_0
U00988,2024-01-01,96.83,ORD00987_0
U00988,2024-06-17,47.99,ORD00987_1
U00988,2024-10-23,38.36,ORD00987_2
U00989,2024-08-12,21.42,ORD00988_0
U00990,2024-07-08,104.82,ORD00989_0
U00991,2024-01-28,914.2,ORD00990_13
U00991,2024-01-30,772.61,ORD00990_8
U00991,2024-02-03,316.34,ORD00990_2
U00991,2024-03-01,753.85,ORD00990_9
U00991,2024-03-27,639.59,ORD00990_17
U00991,2024-04-02,451.14,ORD00990_5
U00991,2024-04-30,334.77,ORD00990_14
U00991,2024-05-12,913.84,ORD00990_6
U00991,2024-05-14,750.91,ORD00990_3
U00991,2024-05-26,1025.44,ORD00990_15
U00991,2024-07-07,451.89,ORD00990_0
U00991,2024-09-29,684.75,ORD00990_16
U00991,2024-10-19,988.97,ORD00990_7
U00991,2024-10-30,713.87,ORD00990_10
U00991,2024-11-05,936.68,ORD00990_1
U00991,2024-11-08,926.09,ORD00990_4
U00991,2024-11-19,466.83,ORD00990_12
U00991,2024-11-24,446.92,ORD00990_18
U00991,2024-12-14,792.34,ORD00990_11
U00992,2024-04-18,161.71,ORD00991_0
U00992,2024-11-03,158.78,ORD00991_1
U00992,2024-12-15,177.42,ORD00991_2
U00993,2024-06-18,104.65,ORD00992_0
U00993,2024-12-28,75.34,ORD00992_1
U00994,2024-03-03,36.7,ORD00993_0
U00995,2024-01-11,371.05,ORD00994_4
U00995,2024-05-08,250.14,ORD00994_1
U00995,2024-05-29,515.2,ORD00994_9
U00995,2024-08-16,641.59,ORD00994_8
U00995,2024-09-08,327.15,ORD00994_3
U00995,2024-09-09,277.58,ORD00994_0
U00995,2024-11-14,591.8,ORD00994_5
U00995,2024-12-09,196.91,ORD00994_6
U00995,2024-12-23,452.79,ORD00994_2
U00995,2024-12-24,287.88,ORD00994_7
U00996,2024-09-01,132.71,ORD00995_2
U00996,2024-10-20,193.52,ORD00995_0
U00996,2024-11-21,263.33,ORD00995_1
U00997,2024-01-19,913.35,ORD00996_0
U00997,2024-03-18,726.65,ORD00996_5
U00997,2024-05-17,1067.72,ORD00996_7
U00997,2024-05-26,1093.32,ORD00996_1
U00997,2024-06-06,1111.94,ORD00996_8
U00997,2024-06-15,810.09,ORD00996_2
U00997,2024-08-05,880.04,ORD00996_6
U00997,2024-11-02,1282.06,ORD00996_11
U00997,2024-11-22,880.6,ORD00996_12
U00997,2024-11-30,1229.59,ORD00996_4
U00997,2024-12-09,1509.77,ORD00996_9
U00997,2024-12-23,1510.84,ORD00996_10
U00997,2024-12-30,1348.36,ORD00996_3
U00998,2024-02-20,213.33,ORD00997_1
U00998,2024-02-20,322.13,ORD00997_3
U00998,2024-05-07,268.46,ORD00997_2
U00998,2024-05-13,418.49,ORD00997_5
U00998,2024-05-15,175.03,ORD00997_6
U00998,2024-06-25,219.23,ORD00997_7
U00998,2024-10-02,183.23,ORD00997_4
U00998,2024-11-28,377.44,ORD00997_0
U00999,2024-03-03,227.86,ORD00998_1
U00999,2024-03-18,267.38,ORD00998_2
U00999,2024-11-22,194.15,ORD00998_0
U01000,2024-01-07,878.69,ORD00999_6
U01000,2024-01-14,725.05,ORD00999_13
U01000,2024-01-30,753.01,ORD00999_12
U01000,2024-01-30,594.18,ORD00999_24
U01000,2024-01-31,968.19,ORD00999_8
U01000,2024-02-24,294.87,ORD00999_10
U01000,2024-03-15,758.63,ORD00999_15
U01000,2024-03-21,427.56,ORD00999_11
U01000,2024-03-26,694.27,ORD00999_1
U01000,2024-04-05,926.58,ORD00999_17
U01000,2024-04-15,730.27,ORD00999_14
U01000,2024-04-16,839.33,ORD00999_18
U01000,2024-04-23,695.97,ORD00999_22
U01000,2024-05-11,634.42,ORD00999_3
U01000,2024-05-25,608.95,ORD00999_0
U01000,2024-06-02,463.44,ORD00999_9
U01000,2024-06-13,649.12,ORD00999_2
U01000,2024-06-23,380.59,ORD00999_5
U01000,2024-07-12,343.74,ORD00999_16
U01000,2024-09-03,365.63,ORD00999_20
U01000,2024-09-13,878.08,ORD00999_4
U01000,2024-09-15,271.61,ORD00999_7
U01000,2024-09-28,807.33,ORD00999_19
U01000,2024-10-18,898.6,ORD00999_21
U01000,2024-12-15,703.73,ORD00999_23
U01001,2024-01-14,334.97,ORD01000_2
U01001,2024-02-12,266.29,ORD01000_4
U01001,2024-03-08,543.66,ORD01000_8
U01001,2024-03-29,650.84,ORD01000_0
U01001,2024-04-05,358.68,ORD01000_6
U01001,2024-06-17,652.79,ORD01000_5
U01001,2024-06-30,450.47,ORD01000_3
U01001,2024-09-11,392.95,ORD01000_1
U01001,2024-11-16,586.01,ORD01000_7
U01002,2024-04-12,141.43,ORD01001_0
U01002,2024-04-13,190.19,ORD01001_2
U01002,2024-04-25,211.45,ORD01001_1
U01003,2024-01-15,240.85,ORD01002_1
U01003,2024-02-17,158.01,ORD01002_0
U01003,2024-02-23,147.82,ORD01002_6
U01003,2024-03-16,111.67,ORD01002_4
U01003,2024-05-13,129.11,ORD01002_3
U01003,2024-10-24,201.5,ORD01002_2
U01003,2024-12-05,122.36,ORD01002_5
U01003,2024-12-05,105.24,ORD01002_7
U01003,2024-12-25,163.85,ORD01002_8
U01004,2024-06-07,77.18,ORD01003_1
U01004,2024-11-03,115.37,ORD01003_0
U01005,2024-01-18,792.46,ORD01004_11
U01005,2024-02-07,518.09,ORD01004_6
U01005,2024-02-13,828.35,ORD01004_8
U01005,2024-03-02,737.73,ORD01004_10
U01005,2024-04-07,704.66,ORD01004_15
U01005,2024-04-16,423.0,ORD01004_4
U01005,2024-05-07,577.09,ORD01004_5
U01005,2024-05-17,292.77,ORD01004_13
U01005,2024-07-05,796.61,ORD01004_14
U01005,2024-07-10,884.31,ORD01004_7
U01005,2024-07-12,709.08,ORD01004_9
U01005,2024-07-23,590.14,ORD01004_0
U01005,2024-07-27,644.36,ORD01004_1
U01005,2024-10-24,529.0,ORD01004_3
U01005,2024-11-05,618.25,ORD01004_12
U01005,2024-11-06,743.18,ORD01004_16
U01005,2024-12-11,356.08,ORD01004_2
U01006,2024-04-17,125.84,ORD01005_0
U01006,2024-05-23,140.2,ORD01005_1
U01007,2024-03-13,118.51,ORD01006_5
U01007,2024-04-08,157.54,ORD01006_2
U01007,2024-05-06,161.47,ORD01006_1
U01007,2024-08-26,149.48,ORD01006_7
U01007,2024-09-21,138.15,ORD01006_6
U01007,2024-09-24,142.51,ORD01006_4
U01007,2024-11-02,81.73,ORD01006_0
U01007,2024-11-14,90.45,ORD01006_3
U01008,2024-01-06,759.79,ORD01007_3
U01008,2024-01-11,685.2,ORD01007_2
U01008,2024-02-29,266.74,ORD01007_6
U01008,2024-03-21,795.72,ORD01007_5
U01008,2024-04-08,424.09,ORD01007_0
U01008,2024-04-12,824.39,ORD01007_11
U01008,2024-07-11,378.83,ORD01007_9
U01008,2024-08-09,459.18,ORD01007_4
U01008,2024-09-13,815.31,ORD01007_10
U01008,2024-10-16,751.78,ORD01007_8
U01008,2024-12-14,935.3,ORD01007_7
U01008,2024-12-22,395.75,ORD01007_1
U01009,2024-03-26,141.37,ORD01008_1
U01009,2024-05-09,191.49,ORD01008_5
U01009,2024-06-11,349.81,ORD01008_4
U01009,2024-06-25,208.06,ORD01008_6
U01009,2024-06-26,210.62,ORD01008_0
U01009,2024-08-04,305.35,ORD01008_2
U01009,2024-09-21,335.4,ORD01008_7
U01009,2024-11-22,398.94,ORD01008_3
U01010,2024-01-26,952.69,ORD01009_8
U01010,2024-02-11,724.98,ORD01009_10
U01010,2024-03-28,556.22,ORD01009_2
U01010,2024-03-28,836.1,ORD01009_5
U01010,2024-03-29,628.56,ORD01009_6
U01010,2024-03-29,446.12,ORD01009_7
U01010,2024-05-05,1092.48,ORD01009_3
U01010,2024-05-24,977.12,ORD01009_1
U01010,2024-09-20,686.05,ORD01009_9
U01010,2024-12-07,477.21,ORD01009_0
U01010,2024-12-19,1102.57,ORD01009_4
U01011,2024-03-14,155.01,ORD01010_2
U01011,2024-05-19,508.84,ORD01010_3
U01011,2024-07-07,266.17,ORD01010_0
U01011,2024-08-12,252.97,ORD01010_4
U01011,2024-12-13,487.88,ORD01010_1
U01012,2024-01-24,516.91,ORD01011_6
U01012,2024-02-08,791.5,ORD01011_1
U01012,2024-03-30,218.26,ORD01011_2
U01012,2024-04-05,559.45,ORD01011_4
U01012,2024-04-07,649.28,ORD01011_0
U01012,2024-04-16,349.94,ORD01011_3
U01012,2024-05-05,768.49,ORD01011_5
U01013,2024-03-22,146.69,ORD01012_0
U01014,2024-02-20,191.77,ORD01013_7
U01014,2024-02-22,135.57,ORD01013_5
U01014,2024-03-01,115.69,ORD01013_0
U01014,2024-03-12,293.06,ORD01013_3
U01014,2024-03-13,136.43,ORD01013_8
U01014,2024-03-24,297.58,ORD01013_1
U01014,2024-04-19,332.17,ORD01013_6
U01014,2024-06-16,384.47,ORD01013_2
U01014,2024-12-06,180.25,ORD01013_4
U01015,2024-05-22,117.47,ORD01014_1
U01015,2024-08-26,287.55,ORD01014_0
U01015,2024-11-07,143.68,ORD01014_2
U01016,2024-04-01,146.33,ORD01015_0
U01016,2024-06-29,228.01,ORD01015_2
U01016,2024-07-24,216.05,ORD01015_1
U01017,2024-09-14,56.51,ORD01016_1
U01017,2024-10-15,95.42,ORD01016_0
U01018,2024-02-29,82.33,ORD01017_1
U01018,2024-09-28,100.36,ORD01017_0
U01019,2024-01-17,91.51,ORD01018_2
U01019,2024-01-23,122.45,ORD01018_0
U01019,2024-06-06,173.73,ORD01018_1
U01020,2024-01-12,211.16,ORD01019_1
U01020,2024-06-26,308.87,ORD01019_6
U01020,2024-07-02,359.36,ORD01019_0
U01020,2024-08-03,306.32,ORD01019_3
U01020,2024-08-22,364.85,ORD01019_7
U01020,2024-08-31,418.53,ORD01019_5
U01020,2024-09-28,248.53,ORD01019_4
U01020,2024-10-23,181.71,ORD01019_2
U01020,2024-10-31,196.97,ORD01019_8
U01021,2024-10-16,122.17,ORD01020_0
U01021,2024-11-11,105.51,ORD01020_1
U01022,2024-09-05,203.33,ORD01021_0
U01023,2024-01-15,305.25,ORD01022_2
U01023,2024-10-15,564.91,ORD01022_1
U01023,2024-12-05,540.0,ORD01022_0
U01024,2024-05-12,185.2,ORD01023_1
U01024,2024-10-08,213.47,ORD01023_0
U01025,2024-04-26,97.52,ORD01024_2
U01025,2024-05-06,130.69,ORD01024_1
U01025,2024-12-16,121.15,ORD01024_0
U01026,2024-01-01,257.41,ORD01025_7
U01026,2024-01-03,650.36,ORD01025_4
U01026,2024-01-14,245.52,ORD01025_1
U01026,2024-02-26,694.36,ORD01025_0
U01026,2024-04-09,733.73,ORD01025_5
U01026,2024-05-11,224.97,ORD01025_6
U01026,2024-08-03,579.06,ORD01025_3
U01026,2024-11-19,281.72,ORD01025_2
U01027,2024-03-19,52.21,ORD01026_1
U01027,2024-05-31,81.48,ORD01026_0
U01028,2024-02-02,499.53,ORD01027_5
U01028,2024-03-08,215.69,ORD01027_6
U01028,2024-03-13,445.34,ORD01027_4
U01028,2024-04-21,606.86,ORD01027_1
U01028,2024-04-21,290.04,ORD01027_2
U01028,2024-08-20,571.63,ORD01027_3
U01028,2024-10-27,576.24,ORD01027_0
U01029,2024-01-18,84.4,ORD01028_1
U01029,2024-03-12,34.52,ORD01028_0
U01029,2024-11-27,80.83,ORD01028_2
U01030,2024-02-14,43.92,ORD01029_2
U01030,2024-10-09,87.68,ORD01029_0
U01030,2024-11-18,136.22,ORD01029_1
U01031,2024-02-11,138.04,ORD01030_0
U01031,2024-09-30,53.66,ORD01030_1
U01032,2024-01-11,64.99,ORD01031_0
U01033,2024-06-13,170.68,ORD01032_1
U01033,2024-11-21,190.2,ORD01032_0
U01034,2024-01-07,358.23,ORD01033_7
U01034,2024-01-27,214.27,ORD01033_6
U01034,2024-03-23,380.91,ORD01033_5
U01034,2024-04-01,290.53,ORD01033_22
U01034,2024-05-02,131.76,ORD01033_23
U01034,2024-05-07,150.91,ORD01033_9
U01034,2024-05-09,373.84,ORD01033_4
U01034,2024-05-17,258.61,ORD01033_0
U01034,2024-06-01,275.74,ORD01033_19
U01034,2024-06-14,230.94,ORD01033_12
U01034,2024-06-29,264.17,ORD01033_17
U01034,2024-07-08,392.58,ORD01033_13
U01034,2024-07-17,180.02,ORD01033_8
U01034,2024-07-21,266.78,ORD01033_18
U01034,2024-07-28,169.43,ORD01033_1
U01034,2024-08-28,329.06,ORD01033_20
U01034,2024-09-15,264.43,ORD01033_25
U01034,2024-10-05,374.52,ORD01033_15
U01034,2024-10-07,124.21,ORD01033_11
U01034,2024-10-15,165.47,ORD01033_10
U01034,2024-10-17,390.45,ORD01033_14
U01034,2024-10-19,269.35,ORD01033_2
U01034,2024-10-27,218.6,ORD01033_3
U01034,2024-11-16,380.88,ORD01033_21
U01034,2024-11-21,257.74,ORD01033_24
U01034,2024-12-03,309.49,ORD01033_16
U01035,2024-04-12,127.63,ORD01034_1
U01035,2024-08-07,69.13,ORD01034_2
U01035,2024-12-05,194.33,ORD01034_0
U01036,2024-01-01,587.98,ORD01035_8
U01036,2024-01-11,663.07,ORD01035_14
U01036,2024-02-29,580.05,ORD01035_16
U01036,2024-04-13,1021.42,ORD01035_7
U01036,2024-05-01,694.22,ORD01035_11
U01036,2024-05-12,736.19,ORD01035_13
U01036,2024-05-14,1423.25,ORD01035_5
U01036,2024-06-25,1087.62,ORD01035_2
U01036,2024-07-14,700.81,ORD01035_12
U01036,2024-07-25,1475.57,ORD01035_9
U01036,2024-07-30,1005.16,ORD01035_0
U01036,2024-08-18,1434.86,ORD01035_1
U01036,2024-08-19,1247.23,ORD01035_3
U01036,2024-09-05,547.76,ORD01035_4
U01036,2024-09-27,1336.61,ORD01035_10
U01036,2024-11-17,1376.13,ORD01035_15
U01036,2024-12-12,1456.4,ORD01035_6
U01037,2024-02-22,128.25,ORD01036_2
U01037,2024-03-15,130.38,ORD01036_1
U01037,2024-10-20,65.7,ORD01036_0
U01038,2024-01-05,600.49,ORD01037_7
U01038,2024-01-16,333.28,ORD01037_14
U01038,2024-01-19,546.06,ORD01037_15
U01038,2024-02-06,768.49,ORD01037_18
U01038,2024-04-12,485.63,ORD01037_16
U01038,2024-05-03,669.76,ORD01037_0
U01038,2024-05-13,741.53,ORD01037_2
U01038,2024-06-26,662.54,ORD01037_3
U01038,2024-06-29,438.86,ORD01037_8
U01038,2024-06-30,441.05,ORD01037_1
U01038,2024-08-23,876.61,ORD01037_6
U01038,2024-08-24,758.35,ORD01037_12
U01038,2024-08-31,863.17,ORD01037_20
U01038,2024-09-21,465.88,ORD01037_9
U01038,2024-09-24,776.89,ORD01037_13
U01038,2024-10-09,391.4,ORD01037_17
U01038,2024-10-17,627.09,ORD01037_19
U01038,2024-10-27,299.65,ORD01037_10
U01038,2024-11-06,754.7,ORD01037_21
U01038,2024-11-22,701.16,ORD01037_5
U01038,2024-12-01,725.24,ORD01037_11
U01038,2024-12-02,817.86,ORD01037_4
U01039,2024-08-11,178.75,ORD01038_0
U01040,2024-04-02,71.8,ORD01039_2
U01040,2024-06-30,92.59,ORD01039_0
U01040,2024-08-19,84.4,ORD01039_1
U01041,2024-01-02,285.12,ORD01040_5
U01041,2024-06-23,242.2,ORD01040_4
U01041,2024-06-29,595.09,ORD01040_2
U01041,2024-07-21,526.05,ORD01040_3
U01041,2024-11-05,241.87,ORD01040_0
U01041,2024-11-18,371.83,ORD01040_1
U01042,2024-03-02,94.23,ORD01041_1
U01042,2024-07-20,40.81,ORD01041_0
U01043,2024-02-29,92.02,ORD01042_1
U01043,2024-03-09,62.1,ORD01042_0
U01044,2024-02-05,130.4,ORD01043_3
U01044,2024-04-06,129.57,ORD01043_2
U01044,2024-04-21,226.29,ORD01043_0
U01044,2024-08-02,114.56,ORD01043_1
U01044,2024-10-16,178.72,ORD01043_4
U01045,2024-12-17,99.25,ORD01044_0
U01046,2024-07-23,164.28,ORD01045_0
U01047,2024-06-08,73.16,ORD01046_1
U01047,2024-07-02,62.38,ORD01046_0
U01048,2024-03-26,98.23,ORD01047_0
U01049,2024-01-19,87.58,ORD01048_4
U01049,2024-02-04,164.15,ORD01048_6
U01049,2024-03-16,83.77,ORD01048_7
U01049,2024-06-28,282.45,ORD01048_1
U01049,2024-08-24,114.3,ORD01048_3
U01049,2024-10-05,110.7,ORD01048_2
U01049,2024-10-11,139.96,ORD01048_5
U01049,2024-12-10,163.94,ORD01048_0
U01050,2024-03-31,42.32,ORD01049_0
U01050,2024-09-09,27.63,ORD01049_1
U01051,2024-04-16,254.88,ORD01050_1
U01051,2024-05-30,565.87,ORD01050_4
U01051,2024-06-04,654.37,ORD01050_6
U01051,2024-08-07,569.24,ORD01050_3
U01051,2024-08-07,487.56,ORD01050_5
U01051,2024-10-10,334.37,ORD01050_2
U01051,2024-12-16,644.23,ORD01050_0
U01051,2024-12-24,654.63,ORD01050_7
U01052,2024-06-28,247.87,ORD01051_0
U01053,2024-03-15,87.5,ORD01052_0
U01054,2024-03-11,215.58,ORD01053_2
U01054,2024-10-03,155.48,ORD01053_0
U01054,2024-11-20,172.0,ORD01053_1
U01055,2024-01-09,185.99,ORD01054_0
U01055,2024-04-14,290.31,ORD01054_3
U01055,2024-04-25,306.31,ORD01054_1
U01055,2024-05-26,161.06,ORD01054_5
U01055,2024-10-07,243.0,ORD01054_4
U01055,2024-12-09,95.1,ORD01054_2
U01056,2024-05-17,133.98,ORD01055_0
U01056,2024-06-02,100.03,ORD01055_1
U01056,2024-11-23,45.5,ORD01055_2
U01057,2024-05-24,143.3,ORD01056_0
U01057,2024-11-20,87.66,ORD01056_1
U01058,2024-01-02,153.56,ORD01057_1
U01058,2024-01-13,90.05,ORD01057_0
U01059,2024-07-31,112.7,ORD01058_0
U01060,2024-01-04,185.36,ORD01059_2
U01060,2024-03-20,87.25,ORD01059_8
U01060,2024-04-12,114.82,ORD01059_7
U01060,2024-04-22,135.34,ORD01059_1
U01060,2024-06-03,60.56,ORD01059_5
U01060,2024-07-25,65.24,ORD01059_6
U01060,2024-08-20,120.49,ORD01059_3
U01060,2024-09-11,72.84,ORD01059_4
U01060,2024-09-19,90.47,ORD01059_0
U01061,2024-05-31,229.27,ORD01060_1
U01061,2024-07-07,120.4,ORD01060_2
U01061,2024-10-06,184.1,ORD01060_0
U01062,2024-01-16,106.51,ORD01061_2
U01062,2024-04-17,64.3,ORD01061_0
U01062,2024-04-25,156.51,ORD01061_4
U01062,2024-07-21,133.51,ORD01061_3
U01062,2024-12-28,95.66,ORD01061_1
U01063,2024-01-12,451.74,ORD01062_0
U01063,2024-01-21,155.81,ORD01062_1
U01063,2024-02-02,279.41,ORD01062_3
U01063,2024-03-17,318.42,ORD01062_4
U01063,2024-04-30,584.21,ORD01062_2
U01063,2024-09-26,382.03,ORD01062_6
U01063,2024-10-23,420.74,ORD01062_5
U01064,2024-04-03,216.78,ORD01063_0
U01065,2024-06-03,216.41,ORD01064_1
U01065,2024-10-07,167.03,ORD01064_0
U01066,2024-09-23,222.11,ORD01065_1
U01066,2024-11-11,212.62,ORD01065_2
U01066,2024-12-11,193.97,ORD01065_0
U01067,2024-01-22,419.76,ORD01066_0
U01067,2024-03-05,579.98,ORD01066_3
U01067,2024-04-12,532.0,ORD01066_1
U01067,2024-06-06,402.32,ORD01066_4
U01067,2024-08-08,455.5,ORD01066_2
U01068,2024-03-19,481.2,ORD01067_0
U01068,2024-03-25,402.9,ORD01067_11
U01068,2024-03-31,414.22,ORD01067_13
U01068,2024-04-02,335.22,ORD01067_6
U01068,2024-05-28,430.21,ORD01067_2
U01068,2024-06-11,208.27,ORD01067_9
U01068,2024-07-11,438.16,ORD01067_14
U01068,2024-07-30,477.15,ORD01067_1
U01068,2024-07-31,376.71,ORD01067_12
U01068,2024-08-19,147.62,ORD01067_5
U01068,2024-09-03,292.15,ORD01067_7
U01068,2024-09-10,345.72,ORD01067_10
U01068,2024-10-06,165.55,ORD01067_3
U01068,2024-11-26,217.61,ORD01067_8
U01068,2024-12-25,174.87,ORD01067_4
U01069,2024-02-02,259.47,ORD01068_1
U01069,2024-02-09,244.28,ORD01068_0
U01070,2024-04-04,302.17,ORD01069_0
U01070,2024-05-13,143.83,ORD01069_1
U01070,2024-12-16,233.37,ORD01069_2
U01071,2024-01-29,133.25,ORD01070_6
U01071,2024-06-13,424.16,ORD01070_0
U01071,2024-06-20,223.11,ORD01070_2
U01071,2024-07-19,281.67,ORD01070_3
U01071,2024-09-04,234.5,ORD01070_1
U01071,2024-11-04,417.57,ORD01070_4
U01071,2024-12-10,210.5,ORD01070_5
U01072,2024-05-25,529.8,ORD01071_0
U01072,2024-05-25,464.99,ORD01071_1
U01072,2024-06-02,202.22,ORD01071_3
U01072,2024-07-29,677.56,ORD01071_5
U01072,2024-09-08,631.77,ORD01071_7
U01072,2024-09-13,416.2,ORD01071_2
U01072,2024-09-18,641.69,ORD01071_8
U01072,2024-11-10,231.93,ORD01071_4
U01072,2024-11-13,322.08,ORD01071_6
U01073,2024-01-13,975.14,ORD01072_22
U01073,2024-01-16,571.56,ORD01072_16
U01073,2024-02-04,651.43,ORD01072_6
U01073,2024-02-14,1003.15,ORD01072_24
U01073,2024-03-08,677.14,ORD01072_26
U01073,2024-03-09,670.93,ORD01072_18
U01073,2024-03-17,790.51,ORD01072_27
U01073,2024-05-12,925.94,ORD01072_4
U01073,2024-05-26,307.43,ORD01072_17
U01073,2024-05-29,951.05,ORD01072_23
U01073,2024-06-12,893.51,ORD01072_2
U01073,2024-06-22,562.95,ORD01072_12
U01073,2024-06-26,347.25,ORD01072_9
U01073,2024-07-14,808.7,ORD01072_28
U01073,2024-07-15,884.39,ORD01072_25
U01073,2024-07-19,836.22,ORD01072_14
U01073,2024-07-28,827.16,ORD01072_3
U01073,2024-08-17,648.15,ORD01072_1
U01073,2024-08-19,982.32,ORD01072_5
U01073,2024-08-19,491.46,ORD01072_10
U01073,2024-08-23,824.96,ORD01072_0
U01073,2024-09-04,463.66,ORD01072_19
U01073,2024-10-20,375.2,ORD01072_11
U01073,2024-10-23,924.0,ORD01072_15
U01073,2024-10-31,303.49,ORD01072_21
U01073,2024-11-04,670.58,ORD01072_20
U01073,2024-11-16,673.77,ORD01072_7
U01073,2024-11-19,1022.78,ORD01072_13
U01073,2024-11-23,947.92,ORD01072_8
U01074,2024-01-01,911.31,ORD01073_6
U01074,2024-01-29,759.87,ORD01073_12
U01074,2024-02-08,317.71,ORD01073_8
U01074,2024-02-19,690.62,ORD01073_21
U01074,2024-02-20,692.27,ORD01073_13
U01074,2024-03-16,424.73,ORD01073_20
U01074,2024-03-24,481.56,ORD01073_19
U01074,2024-04-10,474.55,ORD01073_16
U01074,2024-04-13,553.61,ORD01073_11
U01074,2024-05-26,319.18,ORD01073_14
U01074,2024-06-22,282.95,ORD01073_3
U01074,2024-07-28,625.13,ORD01073_22
U01074,2024-08-08,727.29,ORD01073_18
U01074,2024-08-12,834.64,ORD01073_4
U01074,2024-08-20,344.95,ORD01073_23
U01074,2024-09-04,621.31,ORD01073_0
U01074,2024-09-08,860.92,ORD01073_1
U01074,2024-10-03,275.13,ORD01073_7
U01074,2024-10-10,659.1,ORD01073_15
U01074,2024-10-17,794.51,ORD01073_17
U01074,2024-11-05,270.82,ORD01073_5
U01074,2024-11-11,692.22,ORD01073_9
U01074,2024-11-24,489.97,ORD01073_2
U01074,2024-12-18,395.54,ORD01073_10
U01075,2024-02-17,320.35,ORD01074_8
U01075,2024-02-26,387.88,ORD01074_6
U01075,2024-06-03,284.36,ORD01074_4
U01075,2024-06-06,124.49,ORD01074_9
U01075,2024-06-13,193.49,ORD01074_7
U01075,2024-07-10,404.21,ORD01074_2
U01075,2024-07-31,254.38,ORD01074_3
U01075,2024-08-12,151.97,ORD01074_10
U01075,2024-08-28,316.84,ORD01074_1
U01075,2024-09-12,138.69,ORD01074_11
U01075,2024-09-16,173.37,ORD01074_12
U01075,2024-11-01,242.09,ORD01074_5
U01075,2024-12-06,359.12,ORD01074_0
U01076,2024-01-02,292.48,ORD01075_0
U01076,2024-02-02,355.58,ORD01075_10
U01076,2024-02-11,457.62,ORD01075_15
U01076,2024-02-28,237.01,ORD01075_4
U01076,2024-04-04,596.72,ORD01075_11
U01076,2024-05-14,505.66,ORD01075_1
U01076,2024-06-08,515.35,ORD01075_8
U01076,2024-06-08,464.94,ORD01075_13
U01076,2024-09-20,419.14,ORD01075_2
U01076,2024-10-02,601.66,ORD01075_14
U01076,2024-10-04,224.14,ORD01075_7
U01076,2024-10-05,476.88,ORD01075_6
U01076,2024-10-20,266.55,ORD01075_12
U01076,2024-10-25,250.66,ORD01075_3
U01076,2024-11-19,495.18,ORD01075_5
U01076,2024-12-11,347.76,ORD01075_9
U01077,2024-01-10,1113.87,ORD01076_4
U01077,2024-02-04,588.55,ORD01076_2
U01077,2024-02-04,1132.65,ORD01076_8
U01077,2024-03-06,1030.81,ORD01076_6
U01077,2024-03-07,638.69,ORD01076_7
U01077,2024-04-19,929.52,ORD01076_3
U01077,2024-05-29,481.54,ORD01076_9
U01077,2024-07-31,403.76,ORD01076_11
U01077,2024-08-03,688.1,ORD01076_12
U01077,2024-09-02,478.5,ORD01076_0
U01077,2024-09-10,1087.2,ORD01076_10
U01077,2024-09-13,731.39,ORD01076_5
U01077,2024-09-28,761.28,ORD01076_1
U01078,2024-05-26,146.31,ORD01077_1
U01078,2024-05-29,143.03,ORD01077_2
U01078,2024-07-17,79.55,ORD01077_0
U01079,2024-01-10,543.1,ORD01078_0
U01079,2024-01-17,292.49,ORD01078_3
U01079,2024-01-29,253.62,ORD01078_8
U01079,2024-05-03,487.96,ORD01078_5
U01079,2024-08-01,476.76,ORD01078_1
U01079,2024-08-12,172.93,ORD01078_6
U01079,2024-11-01,243.08,ORD01078_4
U01079,2024-11-27,291.66,ORD01078_7
U01079,2024-12-19,309.73,ORD01078_2
U01080,2024-02-28,98.87,ORD01079_0
U01081,2024-02-08,244.31,ORD01080_4
U01081,2024-02-14,471.72,ORD01080_5
U01081,2024-03-03,287.54,ORD01080_3
U01081,2024-04-26,319.69,ORD01080_0
U01081,2024-05-24,328.75,ORD01080_2
U01081,2024-12-20,317.55,ORD01080_1
U01082,2024-04-14,137.2,ORD01081_0
U01082,2024-04-17,379.7,ORD01081_2
U01082,2024-10-27,419.55,ORD01081_1
U01083,2024-01-13,243.32,ORD01082_3
U01083,2024-06-21,394.69,ORD01082_0
U01083,2024-07-13,637.14,ORD01082_2
U01083,2024-07-23,405.42,ORD01082_4
U01083,2024-11-18,478.14,ORD01082_1
U01084,2024-06-13,251.61,ORD01083_1
U01084,2024-10-07,207.03,ORD01083_2
U01084,2024-11-15,73.61,ORD01083_0
U01085,2024-01-12,750.83,ORD01084_5
U01085,2024-01-16,368.03,ORD01084_12
U01085,2024-02-23,440.15,ORD01084_10
U01085,2024-04-09,855.67,ORD01084_0
U01085,2024-04-20,814.38,ORD01084_3
U01085,2024-05-01,628.41,ORD01084_7
U01085,2024-05-08,567.29,ORD01084_13
U01085,2024-05-18,867.23,ORD01084_4
U01085,2024-06-30,876.27,ORD01084_6
U01085,2024-08-26,1116.65,ORD01084_2
U01085,2024-09-01,768.11,ORD01084_11
U01085,2024-10-19,735.18,ORD01084_9
U01085,2024-10-29,1129.8,ORD01084_1
U01085,2024-12-21,305.95,ORD01084_8
U01086,2024-01-24,62.49,ORD01085_1
U01086,2024-03-21,150.17,ORD01085_0
U01087,2024-04-05,171.63,ORD01086_2
U01087,2024-05-09,203.2,ORD01086_0
U01087,2024-11-11,177.79,ORD01086_1
U01088,2024-02-26,985.12,ORD01087_11
U01088,2024-04-07,520.83,ORD01087_8
U01088,2024-04-12,730.04,ORD01087_10
U01088,2024-05-07,762.3,ORD01087_4
U01088,2024-05-31,608.29,ORD01087_3
U01088,2024-06-29,1124.54,ORD01087_9
U01088,2024-08-07,1110.67,ORD01087_6
U01088,2024-08-17,570.32,ORD01087_0
U01088,2024-09-05,947.93,ORD01087_1
U01088,2024-10-03,1335.12,ORD01087_7
U01088,2024-10-11,804.37,ORD01087_5
U01088,2024-12-30,975.32,ORD01087_2
U01089,2024-10-26,228.14,ORD01088_1
U01089,2024-12-10,239.26,ORD01088_0
U01090,2024-04-01,97.57,ORD01089_0
U01090,2024-06-14,45.01,ORD01089_1
U01090,2024-07-14,124.2,ORD01089_2
U01091,2024-01-20,423.19,ORD01090_2
U01091,2024-01-23,385.04,ORD01090_0
U01091,2024-02-07,259.2,ORD01090_12
U01091,2024-02-19,309.38,ORD01090_1
U01091,2024-04-01,482.31,ORD01090_3
U01091,2024-05-02,465.76,ORD01090_5
U01091,2024-05-16,316.09,ORD01090_8
U01091,2024-05-20,285.92,ORD01090_9
U01091,2024-07-26,407.29,ORD01090_10
U01091,2024-09-19,337.91,ORD01090_11
U01091,2024-09-21,164.21,ORD01090_6
U01091,2024-10-07,174.51,ORD01090_7
U01091,2024-12-04,262.79,ORD01090_4
U01092,2024-02-06,209.99,ORD01091_3
U01092,2024-02-22,437.33,ORD01091_5
U01092,2024-04-29,258.62,ORD01091_4
U01092,2024-05-21,261.35,ORD01091_2
U01092,2024-10-03,370.44,ORD01091_1
U01092,2024-12-28,436.36,ORD01091_0
U01093,2024-02-15,161.28,ORD01092_7
U01093,2024-03-09,506.12,ORD01092_0
U01093,2024-04-09,412.24,ORD01092_4
U01093,2024-04-28,422.06,ORD01092_5
U01093,2024-07-09,503.05,ORD01092_6
U01093,2024-09-26,382.42,ORD01092_1
U01093,2024-10-10,177.39,ORD01092_2
U01093,2024-12-16,204.13,ORD01092_3
U01094,2024-02-12,215.34,ORD01093_0
U01095,2024-10-10,85.4,ORD01094_0
U01096,2024-01-19,71.92,ORD01095_1
U01096,2024-12-05,150.73,ORD01095_0
U01097,2024-02-08,523.5,ORD01096_9
U01097,2024-03-10,344.43,ORD01096_8
U01097,2024-04-22,1151.26,ORD01096_7
U01097,2024-09-04,963.62,ORD01096_3
U01097,2024-10-24,501.88,ORD01096_0
U01097,2024-10-31,604.9,ORD01096_6
U01097,2024-11-06,1173.66,ORD01096_4
U01097,2024-11-27,1042.5,ORD01096_2
U01097,2024-12-16,667.95,ORD01096_1
U01097,2024-12-19,797.75,ORD01096_5
U01098,2024-02-08,338.76,ORD01097_6
U01098,2024-02-10,359.08,ORD01097_5
U01098,2024-02-21,221.18,ORD01097_4
U01098,2024-04-05,229.5,ORD01097_7
U01098,2024-04-06,278.4,ORD01097_0
U01098,2024-05-20,331.3,ORD01097_3
U01098,2024-11-13,288.9,ORD01097_1
U01098,2024-12-16,180.7,ORD01097_2
U01099,2024-05-05,167.01,ORD01098_0
U01100,2024-01-18,491.28,ORD01099_2
U01100,2024-02-18,257.39,ORD01099_17
U01100,2024-02-21,873.95,ORD01099_4
U01100,2024-02-21,536.99,ORD01099_6
U01100,2024-04-01,296.05,ORD01099_7
U01100,2024-04-04,789.11,ORD01099_1
U01100,2024-04-15,658.99,ORD01099_24
U01100,2024-04-20,458.74,ORD01099_20
U01100,2024-04-21,726.33,ORD01099_16
U01100,2024-04-24,814.33,ORD01099_19
U01100,2024-05-30,950.5,ORD01099_18
U01100,2024-06-10,472.77,ORD01099_3
U01100,2024-06-24,580.75,ORD01099_26
U01100,2024-07-05,390.69,ORD01099_5
U01100,2024-07-12,327.62,ORD01099_14
U01100,2024-07-17,662.47,ORD01099_10
U01100,2024-08-04,412.91,ORD01099_12
U01100,2024-08-15,937.05,ORD01099_23
U01100,2024-08-23,475.37,ORD01099_9
U01100,2024-08-26,771.94,ORD01099_25
U01100,2024-09-05,372.4,ORD01099_27
U01100,2024-09-15,595.95,ORD01099_0
U01100,2024-09-16,541.86,ORD01099_15
U01100,2024-10-11,832.72,ORD01099_21
U01100,2024-10-13,946.42,ORD01099_11
U01100,2024-10-17,460.4,ORD01099_13
U01100,2024-11-04,801.7,ORD01099_22
U01100,2024-12-22,369.1,ORD01099_8
U01101,2024-03-14,275.4,ORD01100_0
U01101,2024-04-18,238.39,ORD01100_2
U01101,2024-10-20,237.19,ORD01100_1
U01102,2024-02-15,160.11,ORD01101_1
U01102,2024-06-18,211.11,ORD01101_2
U01102,2024-10-22,70.54,ORD01101_0
U01103,2024-03-04,148.92,ORD01102_1
U01103,2024-09-15,278.33,ORD01102_2
U01103,2024-09-27,192.3,ORD01102_3
U01103,2024-10-13,256.96,ORD01102_0
U01103,2024-12-04,293.95,ORD01102_4
U01104,2024-01-11,74.63,ORD01103_2
U01104,2024-05-09,68.5,ORD01103_1
U01104,2024-12-15,68.21,ORD01103_0
U01105,2024-01-19,263.33,ORD01104_0
U01105,2024-02-03,140.57,ORD01104_1
U01106,2024-01-19,359.27,ORD01105_3
U01106,2024-03-26,291.93,ORD01105_0
U01106,2024-05-14,427.15,ORD01105_1
U01106,2024-07-31,268.06,ORD01105_2
U01106,2024-10-29,491.03,ORD01105_4
U01107,2024-05-30,65.12,ORD01106_0
U01108,2024-02-13,122.37,ORD01107_2
U01108,2024-04-19,151.64,ORD01107_0
U01108,2024-05-06,164.7,ORD01107_1
U01109,2024-06-11,141.95,ORD01108_1
U01109,2024-12-13,204.43,ORD01108_0
U01110,2024-04-06,24.58,ORD01109_0
U01111,2024-02-10,1022.79,ORD01110_25
U01111,2024-02-21,1090.84,ORD01110_10
U01111,2024-02-23,1287.24,ORD01110_13
U01111,2024-03-04,1356.32,ORD01110_0
U01111,2024-03-21,1368.21,ORD01110_16
U01111,2024-03-25,922.03,ORD01110_17
U01111,2024-04-09,1259.04,ORD01110_11
U01111,2024-04-12,1114.51,ORD01110_5
U01111,2024-05-03,894.9,ORD01110_1
U01111,2024-05-16,826.53,ORD01110_14
U01111,2024-06-23,473.89,ORD01110_24
U01111,2024-06-25,468.32,ORD01110_20
U01111,2024-06-28,450.26,ORD01110_22
U01111,2024-06-29,1292.74,ORD01110_3
U01111,2024-08-12,668.1,ORD01110_27
U01111,2024-08-21,517.0,ORD01110_19
U01111,2024-08-28,544.85,ORD01110_7
U01111,2024-09-07,414.01,ORD01110_12
U01111,2024-10-01,353.84,ORD01110_6
U01111,2024-10-18,682.06,ORD01110_15
U01111,2024-10-20,881.71,ORD01110_23
U01111,2024-10-26,913.42,ORD01110_21
U01111,2024-11-13,862.0,ORD01110_8
U01111,2024-11-14,347.38,ORD01110_18
U01111,2024-12-06,706.87,ORD01110_2
U01111,2024-12-09,1103.74,ORD01110_26
U01111,2024-12-24,1282.65,ORD01110_9
U01111,2024-12-25,1166.15,ORD01110_4
U01112,2024-06-29,59.29,ORD01111_0
U01113,2024-01-27,451.2,ORD01112_2
U01113,2024-03-12,1001.76,ORD01112_3
U01113,2024-04-04,381.81,ORD01112_7
U01113,2024-06-28,965.23,ORD01112_4
U01113,2024-10-30,756.05,ORD01112_0
U01113,2024-11-08,361.75,ORD01112_6
U01113,2024-11-29,346.54,ORD01112_1
U01113,2024-12-24,411.81,ORD01112_5
U01114,2024-12-19,66.98,ORD01113_0
U01115,2024-04-03,63.97,ORD01114_0
U01116,2024-07-18,77.65,ORD01115_1
U01116,2024-11-27,104.06,ORD01115_0
U01117,2024-01-01,278.15,ORD01116_14
U01117,2024-01-09,330.76,ORD01116_9
U01117,2024-01-21,426.43,ORD01116_2
U01117,2024-03-08,571.05,ORD01116_3
U01117,2024-03-08,303.63,ORD01116_11
U01117,2024-04-25,578.81,ORD01116_7
U01117,2024-04-28,541.05,ORD01116_0
U01117,2024-05-10,496.55,ORD01116_12
U01117,2024-05-20,325.11,ORD01116_19
U01117,2024-05-21,467.43,ORD01116_8
U01117,2024-06-21,343.38,ORD01116_15
U01117,2024-06-22,571.07,ORD01116_18
U01117,2024-06-30,196.77,ORD01116_4
U01117,2024-07-27,565.19,ORD01116_20
U01117,2024-08-18,499.77,ORD01116_1
U01117,2024-08-26,187.85,ORD01116_10
U01117,2024-08-27,611.74,ORD01116_6
U01117,2024-08-30,419.77,ORD01116_21
U01117,2024-09-12,519.76,ORD01116_17
U01117,2024-09-22,273.91,ORD01116_16
U01117,2024-10-03,411.02,ORD01116_13
U01117,2024-12-14,261.92,ORD01116_5
U01118,2024-05-19,433.93,ORD01117_5
U01118,2024-07-12,284.48,ORD01117_6
U01118,2024-07-21,593.96,ORD01117_0
U01118,2024-08-10,549.17,ORD01117_8
U01118,2024-08-15,381.89,ORD01117_3
U01118,2024-08-24,358.14,ORD01117_4
U01118,2024-10-24,462.22,ORD01117_1
U01118,2024-10-30,373.29,ORD01117_7
U01118,2024-12-15,290.92,ORD01117_2
U01119,2024-02-01,644.24,ORD01118_5
U01119,2024-02-04,655.22,ORD01118_3
U01119,2024-02-15,476.26,ORD01118_6
U01119,2024-03-10,293.75,ORD01118_1
U01119,2024-03-11,811.7,ORD01118_7
U01119,2024-03-14,275.75,ORD01118_11
U01119,2024-03-17,862.19,ORD01118_2
U01119,2024-03-28,353.95,ORD01118_8
U01119,2024-04-04,678.75,ORD01118_14
U01119,2024-05-08,488.81,ORD01118_13
U01119,2024-06-14,576.71,ORD01118_12
U01119,2024-09-17,740.65,ORD01118_9
U01119,2024-10-20,289.59,ORD01118_4
U01119,2024-12-07,295.83,ORD01118_10
U01119,2024-12-23,510.64,ORD01118_0
U01120,2024-02-11,262.37,ORD01119_4
U01120,2024-03-01,201.22,ORD01119_1
U01120,2024-05-04,504.62,ORD01119_0
U01120,2024-06-15,361.15,ORD01119_5
U01120,2024-07-09,503.62,ORD01119_3
U01120,2024-07-11,603.05,ORD01119_6
U01120,2024-08-25,462.85,ORD01119_7
U01120,2024-08-30,373.08,ORD01119_8
U01120,2024-10-08,349.28,ORD01119_2
U01121,2024-05-30,276.39,ORD01120_0
U01121,2024-09-03,227.61,ORD01120_1
U01122,2024-01-16,494.9,ORD01121_4
U01122,2024-02-10,185.26,ORD01121_12
U01122,2024-02-18,605.61,ORD01121_10
U01122,2024-03-19,321.25,ORD01121_20
U01122,2024-03-27,271.53,ORD01121_14
U01122,2024-03-28,225.24,ORD01121_21
U01122,2024-03-30,342.9,ORD01121_19
U01122,2024-04-02,486.48,ORD01121_16
U01122,2024-05-26,174.33,ORD01121_7
U01122,2024-06-05,353.63,ORD01121_2
U01122,2024-07-02,405.07,ORD01121_3
U01122,2024-08-12,392.94,ORD01121_0
U01122,2024-08-17,520.39,ORD01121_6
U01122,2024-08-28,519.59,ORD01121_5
U01122,2024-09-03,546.15,ORD01121_1
U01122,2024-09-15,480.74,ORD01121_8
U01122,2024-10-04,404.79,ORD01121_17
U01122,2024-10-10,597.11,ORD01121_11
U01122,2024-10-15,362.11,ORD01121_18
U01122,2024-10-18,464.23,ORD01121_13
U01122,2024-11-21,219.83,ORD01121_15
U01122,2024-12-10,374.97,ORD01121_9
U01123,2024-02-06,89.72,ORD01122_0
U01123,2024-02-12,316.13,ORD01122_1
U01123,2024-03-24,333.76,ORD01122_2
U01123,2024-04-01,302.66,ORD01122_7
U01123,2024-04-05,306.64,ORD01122_5
U01123,2024-05-15,315.46,ORD01122_6
U01123,2024-12-08,261.98,ORD01122_4
U01123,2024-12-25,146.7,ORD01122_3
U01124,2024-03-27,199.32,ORD01123_2
U01124,2024-07-18,90.99,ORD01123_4
U01124,2024-09-16,257.33,ORD01123_0
U01124,2024-10-14,212.44,ORD01123_3
U01124,2024-12-30,145.03,ORD01123_1
U01125,2024-10-20,95.31,ORD01124_0
U01126,2024-02-04,159.72,ORD01125_2
U01126,2024-04-18,215.11,ORD01125_4
U01126,2024-06-21,134.52,ORD01125_1
U01126,2024-08-28,175.31,ORD01125_0
U01126,2024-11-23,345.25,ORD01125_3
U01127,2024-01-18,430.19,ORD01126_3
U01127,2024-01-23,280.86,ORD01126_1
U01127,2024-01-29,344.09,ORD01126_4
U01127,2024-02-11,603.14,ORD01126_8
U01127,2024-04-26,571.16,ORD01126_6
U01127,2024-05-25,227.11,ORD01126_5
U01127,2024-06-27,245.91,ORD01126_9
U01127,2024-07-12,284.06,ORD01126_2
U01127,2024-07-24,579.45,ORD01126_7
U01127,2024-10-02,388.25,ORD01126_10
U01127,2024-11-19,455.4,ORD01126_11
U01127,2024-12-02,325.14,ORD01126_0
U01128,2024-01-04,322.77,ORD01127_0
U01128,2024-02-11,332.3,ORD01127_2
U01128,2024-06-21,392.18,ORD01127_5
U01128,2024-08-30,177.0,ORD01127_3
U01128,2024-10-26,167.47,ORD01127_1
U01128,2024-10-26,251.71,ORD01127_4
U01129,2024-01-04,150.35,ORD01128_6
U01129,2024-03-12,58.03,ORD01128_5
U01129,2024-08-29,56.64,ORD01128_1
U01129,2024-09-15,68.55,ORD01128_3
U01129,2024-09-27,187.16,ORD01128_4
U01129,2024-11-10,157.8,ORD01128_0
U01129,2024-11-16,153.03,ORD01128_2
U01130,2024-02-15,170.62,ORD01129_5
U01130,2024-02-28,198.68,ORD01129_2
U01130,2024-03-20,158.32,ORD01129_0
U01130,2024-07-09,162.75,ORD01129_1
U01130,2024-07-20,89.65,ORD01129_3
U01130,2024-08-24,214.27,ORD01129_4
U01131,2024-03-01,317.43,ORD01130_0
U01131,2024-06-22,368.88,ORD01130_2
U01131,2024-07-01,164.74,ORD01130_3
U01131,2024-11-12,340.24,ORD01130_1
U01132,2024-02-03,321.98,ORD01131_7
U01132,2024-03-08,330.25,ORD01131_20
U01132,2024-03-20,314.29,ORD01131_3
U01132,2024-05-20,253.78,ORD01131_1
U01132,2024-06-07,294.04,ORD01131_12
U01132,2024-06-14,557.72,ORD01131_8
U01132,2024-07-09,394.13,ORD01131_19
U01132,2024-07-27,497.28,ORD01131_18
U01132,2024-08-01,263.12,ORD01131_6
U01132,2024-08-15,206.21,ORD01131_16
U01132,2024-08-21,271.92,ORD01131_0
U01132,2024-09-20,301.78,ORD01131_23
U01132,2024-09-23,338.24,ORD01131_21
U01132,2024-09-24,394.63,ORD01131_4
U01132,2024-09-26,490.67,ORD01131_17
U01132,2024-10-18,563.5,ORD01131_9
U01132,2024-10-21,304.14,ORD01131_10
U01132,2024-10-24,217.75,ORD01131_14
U01132,2024-10-26,546.08,ORD01131_2
U01132,2024-11-11,354.83,ORD01131_5
U01132,2024-12-03,456.7,ORD01131_13
U01132,2024-12-23,160.54,ORD01131_15
U01132,2024-12-25,491.89,ORD01131_11
U01132,2024-12-25,449.05,ORD01131_22
U01133,2024-02-17,502.26,ORD01132_2
U01133,2024-04-12,343.67,ORD01132_4
U01133,2024-08-16,148.01,ORD01132_0
U01133,2024-10-07,276.02,ORD01132_1
U01133,2024-10-26,375.9,ORD01132_3
U01134,2024-02-28,394.85,ORD01133_5
U01134,2024-07-21,323.84,ORD01133_6
U01134,2024-09-06,329.88,ORD01133_2
U01134,2024-09-23,698.17,ORD01133_0
U01134,2024-10-22,725.58,ORD01133_7
U01134,2024-11-11,384.9,ORD01133_4
U01134,2024-11-13,486.6,ORD01133_1
U01134,2024-12-08,960.73,ORD01133_3
U01135,2024-02-20,58.05,ORD01134_0
U01135,2024-10-06,40.1,ORD01134_1
U01136,2024-05-14,134.9,ORD01135_0
U01136,2024-09-09,179.36,ORD01135_1
U01137,2024-01-08,138.91,ORD01136_0
U01138,2024-01-14,524.27,ORD01137_5
U01138,2024-04-26,651.16,ORD01137_0
U01138,2024-05-20,587.18,ORD01137_6
U01138,2024-05-24,605.63,ORD01137_3
U01138,2024-08-06,686.75,ORD01137_1
U01138,2024-09-17,536.47,ORD01137_4
U01138,2024-09-27,611.85,ORD01137_2
U01138,2024-10-19,786.85,ORD01137_7
U01139,2024-04-17,1533.41,ORD01138_4
U01139,2024-05-05,438.11,ORD01138_2
U01139,2024-07-01,467.12,ORD01138_1
U01139,2024-07-29,428.76,ORD01138_6
U01139,2024-08-05,977.44,ORD01138_8
U01139,2024-10-10,778.39,ORD01138_9
U01139,2024-10-11,910.25,ORD01138_7
U01139,2024-10-12,413.13,ORD01138_3
U01139,2024-10-17,413.41,ORD01138_0
U01139,2024-12-24,1028.08,ORD01138_5
U01140,2024-02-12,27.46,ORD01139_0
U01141,2024-08-16,73.34,ORD01140_0
U01142,2024-01-09,295.18,ORD01141_15
U01142,2024-01-23,439.03,ORD01141_11
U01142,2024-02-27,164.34,ORD01141_7
U01142,2024-03-11,571.08,ORD01141_18
U01142,2024-03-16,484.47,ORD01141_10
U01142,2024-03-28,338.76,ORD01141_12
U01142,2024-04-16,515.3,ORD01141_5
U01142,2024-05-01,455.37,ORD01141_9
U01142,2024-05-04,484.81,ORD01141_2
U01142,2024-05-10,209.72,ORD01141_16
U01142,2024-06-01,465.08,ORD01141_17
U01142,2024-10-13,497.56,ORD01141_0
U01142,2024-10-31,160.55,ORD01141_6
U01142,2024-11-11,304.35,ORD01141_1
U01142,2024-11-11,364.4,ORD01141_13
U01142,2024-12-15,607.49,ORD01141_8
U01142,2024-12-22,570.91,ORD01141_4
U01142,2024-12-23,350.0,ORD01141_14
U01142,2024-12-24,550.72,ORD01141_3
U01143,2024-04-16,254.36,ORD01142_1
U01143,2024-06-13,214.38,ORD01142_0
U01143,2024-06-29,227.45,ORD01142_3
U01143,2024-08-01,73.44,ORD01142_2
U01144,2024-01-06,199.01,ORD01143_2
U01144,2024-01-22,228.44,ORD01143_7
U01144,2024-02-18,389.53,ORD01143_3
U01144,2024-02-29,272.15,ORD01143_4
U01144,2024-06-06,456.62,ORD01143_8
U01144,2024-07-06,301.43,ORD01143_1
U01144,2024-07-25,497.26,ORD01143_6
U01144,2024-08-27,265.28,ORD01143_0
U01144,2024-10-29,389.29,ORD01143_5
U01145,2024-05-24,54.82,ORD01144_0
U01146,2024-06-09,155.64,ORD01145_0
U01147,2024-01-14,89.04,ORD01146_2
U01147,2024-05-25,128.54,ORD01146_0
U01147,2024-11-29,35.22,ORD01146_1
U01148,2024-04-15,540.29,ORD01147_1
U01148,2024-05-12,139.4,ORD01147_0
U01148,2024-09-06,486.79,ORD01147_2
U01148,2024-09-18,533.45,ORD01147_3
U01149,2024-07-19,521.41,ORD01148_3
U01149,2024-11-24,178.75,ORD01148_1
U01149,2024-11-28,151.72,ORD01148_0
U01149,2024-11-28,173.47,ORD01148_2
U01150,2024-07-26,110.94,ORD01149_1
U01150,2024-07-27,131.89,ORD01149_0
U01150,2024-10-13,46.23,ORD01149_2
U01151,2024-01-02,43.51,ORD01150_2
U01151,2024-01-15,39.4,ORD01150_0
U01151,2024-11-07,72.77,ORD01150_1
U01152,2024-07-19,72.42,ORD01151_1
U01152,2024-10-12,29.55,ORD01151_2
U01152,2024-12-06,64.7,ORD01151_0
U01153,2024-02-05,763.31,ORD01152_5
U01153,2024-02-11,805.16,ORD01152_13
U01153,2024-03-07,1030.06,ORD01152_4
U01153,2024-04-16,808.7,ORD01152_6
U01153,2024-05-11,644.33,ORD01152_0
U01153,2024-06-26,1063.38,ORD01152_7
U01153,2024-08-06,1236.42,ORD01152_1
U01153,2024-10-19,530.93,ORD01152_3
U01153,2024-10-26,1059.9,ORD01152_2
U01153,2024-11-06,323.69,ORD01152_11
U01153,2024-11-16,368.45,ORD01152_12
U01153,2024-12-07,331.32,ORD01152_10
U01153,2024-12-22,1038.32,ORD01152_8
U01153,2024-12-30,1021.97,ORD01152_9
U01154,2024-01-12,556.34,ORD01153_3
U01154,2024-02-15,533.64,ORD01153_5
U01154,2024-02-27,456.17,ORD01153_6
U01154,2024-04-09,400.78,ORD01153_7
U01154,2024-06-01,576.36,ORD01153_0
U01154,2024-07-12,370.68,ORD01153_4
U01154,2024-07-22,182.47,ORD01153_2
U01154,2024-09-20,670.82,ORD01153_1
U01154,2024-10-17,305.25,ORD01153_8
U01155,2024-01-09,400.61,ORD01154_6
U01155,2024-01-17,972.72,ORD01154_7
U01155,2024-02-22,855.27,ORD01154_9
U01155,2024-03-17,371.78,ORD01154_3
U01155,2024-03-22,358.91,ORD01154_8
U01155,2024-04-16,962.51,ORD01154_5
U01155,2024-06-10,522.3,ORD01154_0
U01155,2024-07-14,584.47,ORD01154_4
U01155,2024-08-11,391.0,ORD01154_1
U01155,2024-10-28,651.91,ORD01154_2
U01156,2024-03-08,125.18,ORD01155_0
U01157,2024-01-10,292.3,ORD01156_1
U01157,2024-02-05,320.39,ORD01156_6
U01157,2024-05-03,383.44,ORD01156_4
U01157,2024-06-09,151.16,ORD01156_2
U01157,2024-06-16,302.14,ORD01156_5
U01157,2024-07-17,476.35,ORD01156_7
U01157,2024-09-09,286.28,ORD01156_3
U01157,2024-10-13,330.64,ORD01156_0
U01157,2024-11-10,220.32,ORD01156_8
U01158,2024-02-06,195.39,ORD01157_8
U01158,2024-02-09,501.02,ORD01157_3
U01158,2024-02-20,192.45,ORD01157_2
U01158,2024-02-22,543.22,ORD01157_1
U01158,2024-03-27,186.7,ORD01157_0
U01158,2024-06-27,430.5,ORD01157_4
U01158,2024-07-11,551.8,ORD01157_6
U01158,2024-08-11,537.06,ORD01157_5
U01158,2024-08-30,332.53,ORD01157_7
U01159,2024-01-25,160.26,ORD01158_3
U01159,2024-02-18,219.41,ORD01158_1
U01159,2024-05-02,221.6,ORD01158_2
U01159,2024-08-11,165.53,ORD01158_4
U01159,2024-08-16,397.75,ORD01158_0
U01159,2024-12-17,214.91,ORD01158_5
U01160,2024-01-08,401.97,ORD01159_2
U01160,2024-01-25,398.02,ORD01159_1
U01160,2024-04-07,256.28,ORD01159_3
U01160,2024-07-26,563.49,ORD01159_0
U01160,2024-08-05,384.29,ORD01159_4
U01160,2024-09-15,593.27,ORD01159_5
U01161,2024-05-01,389.69,ORD01160_0
U01161,2024-05-25,367.94,ORD01160_1
U01161,2024-06-30,194.91,ORD01160_4
U01161,2024-11-03,190.42,ORD01160_5
U01161,2024-11-07,337.6,ORD01160_2
U01161,2024-12-26,146.43,ORD01160_3
U01162,2024-03-31,276.51,ORD01161_0
U01162,2024-06-20,283.72,ORD01161_4
U01162,2024-08-26,396.09,ORD01161_3
U01162,2024-08-31,569.91,ORD01161_5
U01162,2024-09-16,529.76,ORD01161_1
U01162,2024-10-03,451.7,ORD01161_6
U01162,2024-11-26,667.46,ORD01161_7
U01162,2024-12-20,190.3,ORD01161_2
U01163,2024-03-03,85.39,ORD01162_0
U01163,2024-06-11,95.72,ORD01162_1
U01164,2024-01-11,515.1,ORD01163_5
U01164,2024-01-26,644.72,ORD01163_13
U01164,2024-02-04,550.05,ORD01163_9
U01164,2024-02-20,597.16,ORD01163_10
U01164,2024-03-02,593.18,ORD01163_6
U01164,2024-04-20,403.67,ORD01163_11
U01164,2024-04-28,417.19,ORD01163_3
U01164,2024-05-11,430.78,ORD01163_7
U01164,2024-05-15,392.32,ORD01163_2
U01164,2024-06-25,250.27,ORD01163_12
U01164,2024-06-28,431.71,ORD01163_0
U01164,2024-11-13,242.54,ORD01163_1
U01164,2024-11-27,422.44,ORD01163_4
U01164,2024-12-23,458.95,ORD01163_8
U01165,2024-01-20,166.18,ORD01164_4
U01165,2024-01-24,259.97,ORD01164_8
U01165,2024-01-26,179.24,ORD01164_5
U01165,2024-03-22,215.14,ORD01164_6
U01165,2024-05-19,376.27,ORD01164_7
U01165,2024-06-18,411.41,ORD01164_0
U01165,2024-08-08,257.38,ORD01164_1
U01165,2024-09-16,372.4,ORD01164_2
U01165,2024-12-05,321.02,ORD01164_3
U01166,2024-01-15,114.05,ORD01165_2
U01166,2024-05-27,68.46,ORD01165_1
U01166,2024-06-07,122.41,ORD01165_0
U01167,2024-01-07,413.4,ORD01166_3
U01167,2024-02-01,536.01,ORD01166_1
U01167,2024-04-19,196.83,ORD01166_2
U01167,2024-06-08,536.15,ORD01166_6
U01167,2024-08-06,263.02,ORD01166_0
U01167,2024-10-13,405.14,ORD01166_7
U01167,2024-10-27,401.36,ORD01166_5
U01167,2024-12-08,157.77,ORD01166_4
U01168,2024-01-12,315.41,ORD01167_4
U01168,2024-02-23,479.07,ORD01167_7
U01168,2024-06-17,208.12,ORD01167_5
U01168,2024-07-02,252.61,ORD01167_0
U01168,2024-09-17,393.72,ORD01167_3
U01168,2024-09-18,295.2,ORD01167_1
U01168,2024-11-07,475.39,ORD01167_6
U01168,2024-12-09,267.76,ORD01167_2
U01168,2024-12-16,392.53,ORD01167_8
U01169,2024-08-14,362.29,ORD01168_2
U01169,2024-08-17,198.89,ORD01168_1
U01169,2024-10-13,487.47,ORD01168_0
U01169,2024-11-27,339.66,ORD01168_3
U01170,2024-01-24,510.92,ORD01169_2
U01170,2024-01-30,759.73,ORD01169_4
U01170,2024-03-18,452.05,ORD01169_7
U01170,2024-03-31,331.45,ORD01169_0
U01170,2024-06-28,689.95,ORD01169_5
U01170,2024-08-13,283.52,ORD01169_6
U01170,2024-09-03,416.91,ORD01169_3
U01170,2024-09-14,377.57,ORD01169_1
U01171,2024-10-05,110.49,ORD01170_0
U01172,2024-12-08,65.2,ORD01171_0
U01173,2024-03-16,117.89,ORD01172_0
U01173,2024-09-10,155.01,ORD01172_1
U01174,2024-11-04,71.52,ORD01173_1
U01174,2024-12-23,46.18,ORD01173_0
U01175,2024-01-01,192.44,ORD01174_0
U01175,2024-04-11,169.45,ORD01174_2
U01175,2024-05-24,165.62,ORD01174_1
U01176,2024-01-04,217.78,ORD01175_1
U01176,2024-02-05,171.79,ORD01175_0
U01176,2024-03-22,440.61,ORD01175_5
U01176,2024-08-03,254.68,ORD01175_4
U01176,2024-09-05,423.99,ORD01175_3
U01176,2024-10-07,553.4,ORD01175_2
U01176,2024-10-18,328.95,ORD01175_8
U01176,2024-12-07,289.95,ORD01175_6
U01176,2024-12-13,377.91,ORD01175_7
U01177,2024-01-23,416.91,ORD01176_5
U01177,2024-04-09,141.42,ORD01176_2
U01177,2024-05-03,184.41,ORD01176_3
U01177,2024-05-04,486.28,ORD01176_4
U01177,2024-07-15,278.05,ORD01176_0
U01177,2024-10-25,303.06,ORD01176_1
U01178,2024-02-10,60.15,ORD01177_1
U01178,2024-11-04,122.93,ORD01177_0
U01179,2024-01-17,190.09,ORD01178_0
U01179,2024-02-22,218.76,ORD01178_4
U01179,2024-04-07,461.18,ORD01178_8
U01179,2024-06-08,321.97,ORD01178_6
U01179,2024-06-24,311.83,ORD01178_2
U01179,2024-07-07,273.98,ORD01178_5
U01179,2024-10-13,457.79,ORD01178_7
U01179,2024-11-06,306.93,ORD01178_3
U01179,2024-12-07,340.12,ORD01178_1
U01180,2024-04-06,147.0,ORD01179_0
U01181,2024-01-21,745.6,ORD01180_4
U01181,2024-01-26,1298.08,ORD01180_7
U01181,2024-06-07,862.65,ORD01180_6
U01181,2024-07-02,1402.79,ORD01180_11
U01181,2024-07-12,1550.7,ORD01180_3
U01181,2024-07-20,782.26,ORD01180_5
U01181,2024-07-24,1566.57,ORD01180_10
U01181,2024-09-19,1437.76,ORD01180_8
U01181,2024-09-29,646.35,ORD01180_0
U01181,2024-10-03,900.09,ORD01180_2
U01181,2024-10-14,900.02,ORD01180_9
U01181,2024-11-13,1163.97,ORD01180_1
U01182,2024-02-18,81.36,ORD01181_0
U01182,2024-06-06,62.96,ORD01181_1
U01182,2024-11-29,105.75,ORD01181_2
U01183,2024-01-08,1082.96,ORD01182_0
U01183,2024-02-20,1055.55,ORD01182_6
U01183,2024-02-22,460.08,ORD01182_23
U01183,2024-03-03,1115.62,ORD01182_16
U01183,2024-03-03,711.64,ORD01182_19
U01183,2024-03-06,847.73,ORD01182_10
U01183,2024-03-23,852.54,ORD01182_4
U01183,2024-04-09,1163.97,ORD01182_12
U01183,2024-05-04,955.54,ORD01182_5
U01183,2024-05-24,821.45,ORD01182_8
U01183,2024-05-31,1173.37,ORD01182_13
U01183,2024-06-15,978.78,ORD01182_1
U01183,2024-07-29,405.43,ORD01182_15
U01183,2024-08-10,514.39,ORD01182_14
U01183,2024-08-16,734.3,ORD01182_18
U01183,2024-09-08,636.74,ORD01182_21
U01183,2024-09-18,613.39,ORD01182_17
U01183,2024-10-07,757.6,ORD01182_3
U01183,2024-10-07,953.77,ORD01182_7
U01183,2024-10-13,831.38,ORD01182_11
U01183,2024-10-15,745.35,ORD01182_2
U01183,2024-10-23,785.35,ORD01182_9
U01183,2024-11-29,524.91,ORD01182_22
U01183,2024-12-10,744.89,ORD01182_20
U01184,2024-04-29,307.64,ORD01183_4
U01184,2024-05-02,134.07,ORD01183_3
U01184,2024-05-21,134.32,ORD01183_1
U01184,2024-09-07,169.79,ORD01183_2
U01184,2024-09-12,347.17,ORD01183_0
U01185,2024-03-31,325.51,ORD01184_6
U01185,2024-05-23,295.36,ORD01184_0
U01185,2024-06-05,343.04,ORD01184_3
U01185,2024-06-26,491.72,ORD01184_4
U01185,2024-08-25,688.0,ORD01184_2
U01185,2024-09-09,213.52,ORD01184_5
U01185,2024-11-10,263.44,ORD01184_1
U01186,2024-01-28,228.39,ORD01185_2
U01186,2024-08-31,393.09,ORD01185_1
U01186,2024-09-24,441.89,ORD01185_0
U01186,2024-11-28,524.36,ORD01185_3
U01187,2024-04-16,136.6,ORD01186_0
U01188,2024-01-11,255.19,ORD01187_0
U01188,2024-09-28,145.95,ORD01187_1
U01188,2024-12-04,351.85,ORD01187_2
U01189,2024-01-17,117.98,ORD01188_2
U01189,2024-01-18,152.6,ORD01188_0
U01189,2024-08-30,157.72,ORD01188_1
U01190,2024-09-26,27.45,ORD01189_0
U01190,2024-09-30,31.47,ORD01189_1
U01190,2024-10-07,89.45,ORD01189_2
U01191,2024-01-02,343.26,ORD01190_13
U01191,2024-01-12,1042.02,ORD01190_5
U01191,2024-02-05,364.47,ORD01190_3
U01191,2024-02-20,362.74,ORD01190_8
U01191,2024-02-22,523.76,ORD01190_0
U01191,2024-03-14,631.03,ORD01190_4
U01191,2024-03-26,748.0,ORD01190_6
U01191,2024-04-27,733.38,ORD01190_1
U01191,2024-06-16,800.3,ORD01190_14
U01191,2024-07-14,439.93,ORD01190_10
U01191,2024-08-28,368.59,ORD01190_9
U01191,2024-10-01,513.14,ORD01190_7
U01191,2024-10-08,337.24,ORD01190_12
U01191,2024-10-25,401.54,ORD01190_2
U01191,2024-11-15,595.77,ORD01190_11
U01192,2024-04-11,289.39,ORD01191_5
U01192,2024-08-02,330.44,ORD01191_1
U01192,2024-08-06,293.06,ORD01191_0
U01192,2024-10-02,765.07,ORD01191_6
U01192,2024-10-08,659.33,ORD01191_2
U01192,2024-10-26,605.99,ORD01191_3
U01192,2024-12-02,253.07,ORD01191_4
U01193,2024-03-06,273.96,ORD01192_1
U01193,2024-03-23,331.76,ORD01192_2
U01193,2024-04-22,354.34,ORD01192_5
U01193,2024-09-21,300.82,ORD01192_3
U01193,2024-09-29,362.7,ORD01192_4
U01193,2024-12-30,159.01,ORD01192_0
U01194,2024-03-11,140.47,ORD01193_4
U01194,2024-03-23,205.08,ORD01193_3
U01194,2024-05-05,151.75,ORD01193_6
U01194,2024-05-12,290.3,ORD01193_5
U01194,2024-05-27,115.11,ORD01193_2
U01194,2024-06-07,87.12,ORD01193_1
U01194,2024-08-17,122.15,ORD01193_0
U01195,2024-06-20,45.36,ORD01194_2
U01195,2024-10-08,43.47,ORD01194_1
U01195,2024-10-31,90.57,ORD01194_0
U01196,2024-02-14,490.12,ORD01195_10
U01196,2024-02-20,850.62,ORD01195_6
U01196,2024-02-28,546.32,ORD01195_3
U01196,2024-05-03,733.17,ORD01195_4
U01196,2024-05-07,722.26,ORD01195_1
U01196,2024-05-20,787.57,ORD01195_5
U01196,2024-05-24,699.97,ORD01195_13
U01196,2024-06-08,316.27,ORD01195_11
U01196,2024-06-27,751.71,ORD01195_14
U01196,2024-08-06,459.16,ORD01195_8
U01196,2024-11-29,547.19,ORD01195_2
U01196,2024-12-02,872.42,ORD01195_7
U01196,2024-12-07,777.18,ORD01195_9
U01196,2024-12-10,772.61,ORD01195_12
U01196,2024-12-16,453.29,ORD01195_0
U01196,2024-12-18,539.01,ORD01195_15
U01197,2024-01-16,445.5,ORD01196_15
U01197,2024-02-03,130.62,ORD01196_3
U01197,2024-03-01,244.99,ORD01196_0
U01197,2024-03-05,393.75,ORD01196_17
U01197,2024-04-14,415.77,ORD01196_13
U01197,2024-05-18,473.61,ORD01196_2
U01197,2024-05-21,142.99,ORD01196_16
U01197,2024-05-31,230.64,ORD01196_11
U01197,2024-06-09,429.05,ORD01196_19
U01197,2024-06-16,405.87,ORD01196_10
U01197,2024-06-17,205.61,ORD01196_9
U01197,2024-07-08,301.97,ORD01196_7
U01197,2024-07-12,157.04,ORD01196_18
U01197,2024-07-28,239.37,ORD01196_5
U01197,2024-08-20,128.96,ORD01196_8
U01197,2024-10-23,166.35,ORD01196_12
U01197,2024-11-15,369.01,ORD01196_4
U01197,2024-11-17,244.44,ORD01196_6
U01197,2024-12-17,199.47,ORD01196_14
U01197,2024-12-26,445.95,ORD01196_1
U01197,2024-12-26,234.73,ORD01196_20
U01198,2024-01-07,216.46,ORD01197_0
U01198,2024-01-16,619.69,ORD01197_7
U01198,2024-01-21,599.12,ORD01197_6
U01198,2024-01-31,711.66,ORD01197_4
U01198,2024-02-01,231.7,ORD01197_14
U01198,2024-02-06,601.08,ORD01197_10
U01198,2024-02-21,637.41,ORD01197_5
U01198,2024-03-18,436.6,ORD01197_9
U01198,2024-03-24,568.8,ORD01197_3
U01198,2024-05-11,644.39,ORD01197_1
U01198,2024-07-07,513.86,ORD01197_12
U01198,2024-07-21,279.32,ORD01197_13
U01198,2024-07-31,430.22,ORD01197_11
U01198,2024-11-07,257.96,ORD01197_8
U01198,2024-11-07,650.52,ORD01197_15
U01198,2024-12-12,435.8,ORD01197_2
U01199,2024-05-23,313.91,ORD01198_5
U01199,2024-07-17,569.07,ORD01198_2
U01199,2024-11-10,312.02,ORD01198_0
U01199,2024-11-30,405.95,ORD01198_3
U01199,2024-12-18,654.32,ORD01198_1
U01199,2024-12-19,273.19,ORD01198_4
U01200,2024-01-06,81.0,ORD01199_1
U01200,2024-03-24,160.18,ORD01199_0
U01201,2024-01-13,204.95,ORD01200_0
U01201,2024-04-23,477.55,ORD01200_2
U01201,2024-08-20,553.04,ORD01200_3
U01201,2024-09-02,222.89,ORD01200_1
U01201,2024-11-17,701.77,ORD01200_4
U01202,2024-01-11,135.78,ORD01201_1
U01202,2024-10-09,80.78,ORD01201_0
U01203,2024-01-26,387.54,ORD01202_3
U01203,2024-05-29,366.18,ORD01202_4
U01203,2024-06-12,155.17,ORD01202_5
U01203,2024-09-20,206.47,ORD01202_1
U01203,2024-10-17,331.78,ORD01202_0
U01203,2024-12-05,222.07,ORD01202_2
U01204,2024-01-29,668.36,ORD01203_0
U01204,2024-03-13,668.78,ORD01203_1
U01204,2024-03-22,722.12,ORD01203_8
U01204,2024-03-27,534.88,ORD01203_5
U01204,2024-04-27,568.36,ORD01203_7
U01204,2024-07-15,653.18,ORD01203_6
U01204,2024-09-02,227.54,ORD01203_2
U01204,2024-11-08,490.27,ORD01203_3
U01204,2024-11-19,293.49,ORD01203_4
U01205,2024-05-18,259.73,ORD01204_2
U01205,2024-07-31,572.09,ORD01204_1
U01205,2024-09-08,346.83,ORD01204_3
U01205,2024-09-28,170.42,ORD01204_0
U01206,2024-02-26,442.4,ORD01205_3
U01206,2024-02-29,497.52,ORD01205_2
U01206,2024-08-24,392.26,ORD01205_1
U01206,2024-12-23,716.61,ORD01205_0
U01207,2024-01-31,59.09,ORD01206_0
U01207,2024-02-16,147.31,ORD01206_2
U01207,2024-09-30,112.87,ORD01206_1
U01208,2024-01-27,576.51,ORD01207_10
U01208,2024-02-03,404.2,ORD01207_8
U01208,2024-02-11,527.04,ORD01207_9
U01208,2024-02-16,465.57,ORD01207_7
U01208,2024-03-30,299.56,ORD01207_3
U01208,2024-05-09,358.86,ORD01207_0
U01208,2024-05-14,569.49,ORD01207_1
U01208,2024-05-26,337.87,ORD01207_11
U01208,2024-06-01,520.47,ORD01207_13
U01208,2024-07-17,559.96,ORD01207_12
U01208,2024-09-05,540.06,ORD01207_5
U01208,2024-10-24,259.34,ORD01207_4
U01208,2024-11-28,387.17,ORD01207_2
U01208,2024-12-04,564.93,ORD01207_14
U01208,2024-12-22,179.35,ORD01207_6
U01209,2024-04-12,40.68,ORD01208_0
U01210,2024-01-23,165.63,ORD01209_0
U01210,2024-05-15,216.22,ORD01209_2
U01210,2024-10-02,236.82,ORD01209_1
U01211,2024-12-04,29.58,ORD01210_0
U01212,2024-01-11,632.88,ORD01211_2
U01212,2024-07-09,368.37,ORD01211_0
U01212,2024-10-08,181.55,ORD01211_1
U01213,2024-09-22,91.95,ORD01212_0
U01214,2024-08-30,44.39,ORD01213_0
U01215,2024-01-07,1204.22,ORD01214_9
U01215,2024-01-31,652.78,ORD01214_26
U01215,2024-02-10,612.35,ORD01214_1
U01215,2024-03-04,1128.36,ORD01214_17
U01215,2024-03-27,978.44,ORD01214_21
U01215,2024-03-29,510.46,ORD01214_23
U01215,2024-04-04,371.94,ORD01214_25
U01215,2024-04-10,876.26,ORD01214_3
U01215,2024-04-29,465.2,ORD01214_6
U01215,2024-04-29,979.58,ORD01214_13
U01215,2024-05-06,520.71,ORD01214_10
U01215,2024-05-08,575.54,ORD01214_16
U01215,2024-05-18,1313.21,ORD01214_5
U01215,2024-05-25,1249.14,ORD01214_4
U01215,2024-05-27,1150.43,ORD01214_20
U01215,2024-06-25,1187.29,ORD01214_15
U01215,2024-06-27,878.97,ORD01214_2
U01215,2024-06-27,830.84,ORD01214_8
U01215,2024-08-04,614.07,ORD01214_18
U01215,2024-08-15,1236.26,ORD01214_0
U01215,2024-08-20,1196.51,ORD01214_27
U01215,2024-09-26,637.09,ORD01214_14
U01215,2024-09-26,1244.7,ORD01214_19
U01215,2024-09-27,622.62,ORD01214_12
U01215,2024-09-27,1237.5,ORD01214_24
U01215,2024-10-11,690.68,ORD01214_7
U01215,2024-10-26,982.27,ORD01214_28
U01215,2024-11-13,1166.96,ORD01214_11
U01215,2024-12-05,580.68,ORD01214_22
U01216,2024-04-01,450.43,ORD01215_2
U01216,2024-04-24,242.38,ORD01215_3
U01216,2024-05-24,409.71,ORD01215_0
U01216,2024-05-25,205.75,ORD01215_1
U01217,2024-04-17,39.34,ORD01216_2
U01217,2024-11-13,70.29,ORD01216_1
U01217,2024-11-26,64.72,ORD01216_0
U01218,2024-02-18,264.65,ORD01217_0
U01218,2024-02-28,276.48,ORD01217_1
U01218,2024-10-27,225.95,ORD01217_2
U01219,2024-02-13,622.66,ORD01218_25
U01219,2024-02-22,593.35,ORD01218_8
U01219,2024-02-27,1246.71,ORD01218_16
U01219,2024-03-31,918.3,ORD01218_11
U01219,2024-04-04,589.1,ORD01218_24
U01219,2024-04-14,389.31,ORD01218_3
U01219,2024-04-19,1257.47,ORD01218_6
U01219,2024-04-25,1161.86,ORD01218_15
U01219,2024-05-25,1227.11,ORD01218_2
U01219,2024-05-30,999.18,ORD01218_22
U01219,2024-07-04,758.4,ORD01218_20
U01219,2024-07-09,885.96,ORD01218_4
U01219,2024-07-16,575.29,ORD01218_12
U01219,2024-08-17,695.87,ORD01218_18
U01219,2024-08-21,1142.04,ORD01218_7
U01219,2024-08-21,1186.16,ORD01218_10
U01219,2024-09-18,988.68,ORD01218_19
U01219,2024-09-30,772.61,ORD01218_21
U01219,2024-10-07,588.16,ORD01218_27
U01219,2024-10-15,1279.83,ORD01218_1
U01219,2024-10-20,654.97,ORD01218_17
U01219,2024-10-22,625.96,ORD01218_13
U01219,2024-10-28,556.22,ORD01218_9
U01219,2024-11-17,1095.24,ORD01218_14
U01219,2024-11-21,630.35,ORD01218_23
U01219,2024-12-10,502.94,ORD01218_5
U01219,2024-12-12,708.75,ORD01218_0
U01219,2024-12-21,425.8,ORD01218_26
U01220,2024-01-04,495.02,ORD01219_2
U01220,2024-01-10,728.96,ORD01219_10
U01220,2024-01-16,946.42,ORD01219_4
U01220,2024-01-17,1051.23,ORD01219_8
U01220,2024-02-21,901.21,ORD01219_6
U01220,2024-04-02,893.69,ORD01219_7
U01220,2024-05-23,811.66,ORD01219_12
U01220,2024-06-04,472.56,ORD01219_13
U01220,2024-07-30,459.81,ORD01219_3
U01220,2024-08-22,310.41,ORD01219_0
U01220,2024-08-26,613.21,ORD01219_5
U01220,2024-09-10,743.64,ORD01219_11
U01220,2024-09-12,869.44,ORD01219_1
U01220,2024-12-25,617.26,ORD01219_9
U01221,2024-03-22,226.29,ORD01220_3
U01221,2024-08-21,268.59,ORD01220_4
U01221,2024-08-25,298.43,ORD01220_1
U01221,2024-09-01,186.8,ORD01220_2
U01221,2024-10-28,169.47,ORD01220_0
U01222,2024-11-04,166.61,ORD01221_2
U01222,2024-12-01,135.12,ORD01221_0
U01222,2024-12-16,210.56,ORD01221_1
U01223,2024-01-04,427.17,ORD01222_0
U01223,2024-10-05,192.11,ORD01222_2
U01223,2024-10-22,197.0,ORD01222_3
U01223,2024-11-17,348.27,ORD01222_1
U01224,2024-03-02,44.26,ORD01223_0
U01225,2024-06-27,192.41,ORD01224_1
U01225,2024-08-30,210.24,ORD01224_0
U01226,2024-03-12,301.62,ORD01225_2
U01226,2024-09-01,349.99,ORD01225_1
U01226,2024-12-03,196.05,ORD01225_0
U01227,2024-02-01,301.72,ORD01226_8
U01227,2024-02-02,225.2,ORD01226_1
U01227,2024-02-29,237.62,ORD01226_11
U01227,2024-04-19,385.79,ORD01226_3
U01227,2024-05-03,502.8,ORD01226_7
U01227,2024-05-18,396.61,ORD01226_4
U01227,2024-06-09,496.86,ORD01226_0
U01227,2024-08-22,285.84,ORD01226_5
U01227,2024-09-16,325.66,ORD01226_2
U01227,2024-11-05,274.91,ORD01226_9
U01227,2024-11-11,469.94,ORD01226_10
U01227,2024-11-20,473.06,ORD01226_6
U01228,2024-01-26,219.59,ORD01227_8
U01228,2024-02-01,67.67,ORD01227_5
U01228,2024-02-15,191.12,ORD01227_0
U01228,2024-02-23,84.09,ORD01227_1
U01228,2024-06-20,186.18,ORD01227_3
U01228,2024-09-28,130.22,ORD01227_7
U01228,2024-10-15,137.48,ORD01227_6
U01228,2024-11-24,148.73,ORD01227_4
U01228,2024-12-02,169.44,ORD01227_2
U01229,2024-05-09,220.71,ORD01228_2
U01229,2024-11-11,439.26,ORD01228_0
U01229,2024-12-01,482.59,ORD01228_1
U01230,2024-05-18,129.24,ORD01229_0
U01230,2024-08-04,106.85,ORD01229_1
U01230,2024-12-15,44.56,ORD01229_2
U01231,2024-09-12,73.04,ORD01230_1
U01231,2024-10-11,61.01,ORD01230_0
U01232,2024-02-06,315.7,ORD01231_2
U01232,2024-04-27,226.68,ORD01231_3
U01232,2024-05-22,405.73,ORD01231_7
U01232,2024-06-26,337.37,ORD01231_1
U01232,2024-07-25,216.11,ORD01231_0
U01232,2024-09-06,363.42,ORD01231_5
U01232,2024-11-02,109.17,ORD01231_6
U01232,2024-11-06,295.85,ORD01231_4
U01233,2024-01-12,588.82,ORD01232_1
U01233,2024-03-18,765.48,ORD01232_2
U01233,2024-10-05,273.9,ORD01232_3
U01233,2024-12-14,335.41,ORD01232_0
U01234,2024-01-02,837.92,ORD01233_8
U01234,2024-01-09,463.93,ORD01233_12
U01234,2024-01-10,913.54,ORD01233_14
U01234,2024-01-21,1080.47,ORD01233_24
U01234,2024-02-10,660.52,ORD01233_9
U01234,2024-03-29,689.72,ORD01233_21
U01234,2024-04-04,314.63,ORD01233_7
U01234,2024-04-10,895.62,ORD01233_16
U01234,2024-04-29,963.94,ORD01233_10
U01234,2024-05-16,839.26,ORD01233_25
U01234,2024-05-19,711.31,ORD01233_6
U01234,2024-05-20,288.46,ORD01233_5
U01234,2024-05-26,1031.74,ORD01233_0
U01234,2024-06-21,994.14,ORD01233_15
U01234,2024-08-03,291.37,ORD01233_26
U01234,2024-08-08,847.79,ORD01233_20
U01234,2024-08-11,539.34,ORD01233_3
U01234,2024-08-20,767.77,ORD01233_2
U01234,2024-09-02,471.62,ORD01233_22
U01234,2024-09-09,844.45,ORD01233_1
U01234,2024-10-02,416.53,ORD01233_18
U01234,2024-11-22,994.5,ORD01233_17
U01234,2024-11-29,986.5,ORD01233_23
U01234,2024-12-10,348.93,ORD01233_19
U01234,2024-12-14,852.61,ORD01233_11
U01234,2024-12-17,912.55,ORD01233_13
U01234,2024-12-18,324.34,ORD01233_4
U01235,2024-01-09,921.54,ORD01234_11
U01235,2024-01-10,825.74,ORD01234_7
U01235,2024-01-31,709.37,ORD01234_5
U01235,2024-03-05,799.14,ORD01234_3
U01235,2024-03-06,1094.36,ORD01234_2
U01235,2024-08-24,319.3,ORD01234_9
U01235,2024-08-29,376.13,ORD01234_6
U01235,2024-10-19,608.23,ORD01234_0
U01235,2024-11-19,1129.87,ORD01234_10
U01235,2024-11-26,737.09,ORD01234_12
U01235,2024-12-07,1091.12,ORD01234_1
U01235,2024-12-21,997.03,ORD01234_8
U01235,2024-12-22,520.05,ORD01234_4
U01236,2024-03-28,309.1,ORD01235_4
U01236,2024-06-03,229.71,ORD01235_2
U01236,2024-08-21,521.93,ORD01235_0
U01236,2024-10-11,251.53,ORD01235_3
U01236,2024-10-20,243.55,ORD01235_5
U01236,2024-12-05,250.42,ORD01235_1
U01237,2024-01-04,381.04,ORD01236_15
U01237,2024-01-04,860.81,ORD01236_28
U01237,2024-02-04,1095.16,ORD01236_3
U01237,2024-02-11,553.32,ORD01236_17
U01237,2024-02-27,393.34,ORD01236_12
U01237,2024-03-04,579.79,ORD01236_18
U01237,2024-03-09,1252.19,ORD01236_9
U01237,2024-04-19,912.57,ORD01236_0
U01237,2024-04-26,1130.04,ORD01236_22
U01237,2024-04-30,500.97,ORD01236_6
U01237,2024-05-02,938.0,ORD01236_13
U01237,2024-06-22,1097.03,ORD01236_1
U01237,2024-06-25,1039.71,ORD01236_5
U01237,2024-08-07,1025.56,ORD01236_25
U01237,2024-08-15,1259.25,ORD01236_26
U01237,2024-09-05,518.28,ORD01236_2
U01237,2024-09-16,620.17,ORD01236_24
U01237,2024-10-04,1113.42,ORD01236_23
U01237,2024-10-15,438.5,ORD01236_16
U01237,2024-10-22,495.81,ORD01236_8
U01237,2024-10-25,1179.78,ORD01236_27
U01237,2024-11-09,1234.2,ORD01236_20
U01237,2024-11-15,963.33,ORD01236_11
U01237,2024-11-29,483.7,ORD01236_4
U01237,2024-12-01,525.85,ORD01236_7
U01237,2024-12-10,759.18,ORD01236_10
U01237,2024-12-22,819.49,ORD01236_21
U01237,2024-12-26,776.55,ORD01236_19
U01237,2024-12-27,922.53,ORD01236_14
U01238,2024-06-11,483.84,ORD01237_5
U01238,2024-07-17,464.53,ORD01237_7
U01238,2024-08-02,427.46,ORD01237_3
U01238,2024-08-14,200.84,ORD01237_4
U01238,2024-09-09,420.36,ORD01237_2
U01238,2024-09-09,344.9,ORD01237_6
U01238,2024-09-20,351.41,ORD01237_8
U01238,2024-11-16,615.38,ORD01237_0
U01238,2024-12-07,596.04,ORD01237_1
U01239,2024-04-15,84.6,ORD01238_1
U01239,2024-07-14,97.46,ORD01238_0
U01240,2024-01-09,694.06,ORD01239_19
U01240,2024-01-18,484.06,ORD01239_16
U01240,2024-02-11,816.38,ORD01239_1
U01240,2024-02-23,673.41,ORD01239_17
U01240,2024-03-05,1051.2,ORD01239_15
U01240,2024-03-12,841.22,ORD01239_28
U01240,2024-03-17,868.34,ORD01239_2
U01240,2024-03-17,610.46,ORD01239_6
U01240,2024-03-17,1200.41,ORD01239_14
U01240,2024-03-30,1148.89,ORD01239_27
U01240,2024-04-05,338.14,ORD01239_4
U01240,2024-04-18,1071.77,ORD01239_9
U01240,2024-05-05,1038.71,ORD01239_8
U01240,2024-05-09,555.69,ORD01239_22
U01240,2024-05-30,719.69,ORD01239_13
U01240,2024-06-02,927.77,ORD01239_26
U01240,2024-07-02,1132.48,ORD01239_23
U01240,2024-07-13,467.23,ORD01239_25
U01240,2024-07-16,1285.65,ORD01239_11
U01240,2024-08-07,786.67,ORD01239_3
U01240,2024-08-10,994.72,ORD01239_12
U01240,2024-08-11,949.24,ORD01239_24
U01240,2024-08-13,857.05,ORD01239_0
U01240,2024-08-26,1148.89,ORD01239_18
U01240,2024-09-27,1183.4,ORD01239_10
U01240,2024-11-01,533.88,ORD01239_7
U01240,2024-11-07,697.64,ORD01239_21
U01240,2024-12-05,698.12,ORD01239_5
U01240,2024-12-13,669.67,ORD01239_20
U01241,2024-02-12,1047.86,ORD01240_5
U01241,2024-02-17,1055.88,ORD01240_18
U01241,2024-03-02,509.16,ORD01240_2
U01241,2024-03-08,315.01,ORD01240_20
U01241,2024-03-14,367.67,ORD01240_1
U01241,2024-04-11,1191.83,ORD01240_10
U01241,2024-04-14,593.22,ORD01240_0
U01241,2024-04-19,657.44,ORD01240_21
U01241,2024-05-20,778.64,ORD01240_16
U01241,2024-06-07,880.26,ORD01240_12
U01241,2024-06-19,737.56,ORD01240_19
U01241,2024-07-03,867.7,ORD01240_8
U01241,2024-07-05,978.92,ORD01240_14
U01241,2024-07-12,410.93,ORD01240_6
U01241,2024-08-16,961.4,ORD01240_3
U01241,2024-08-16,562.28,ORD01240_7
U01241,2024-10-07,1171.7,ORD01240_11
U01241,2024-10-18,922.56,ORD01240_17
U01241,2024-11-12,331.76,ORD01240_4
U01241,2024-12-08,1150.94,ORD01240_13
U01241,2024-12-12,991.54,ORD01240_9
U01241,2024-12-23,819.75,ORD01240_15
U01242,2024-01-22,1262.63,ORD01241_5
U01242,2024-02-18,717.67,ORD01241_10
U01242,2024-02-22,979.71,ORD01241_1
U01242,2024-03-24,616.82,ORD01241_0
U01242,2024-04-26,602.59,ORD01241_6
U01242,2024-05-22,435.59,ORD01241_3
U01242,2024-06-27,437.11,ORD01241_7
U01242,2024-08-06,1116.87,ORD01241_4
U01242,2024-09-11,636.65,ORD01241_11
U01242,2024-09-12,1222.21,ORD01241_2
U01242,2024-12-12,655.65,ORD01241_9
U01242,2024-12-27,844.64,ORD01241_8
U01243,2024-06-23,64.61,ORD01242_0
U01243,2024-12-05,68.99,ORD01242_1
U01244,2024-05-23,92.78,ORD01243_0
U01245,2024-02-02,211.96,ORD01244_2
U01245,2024-11-01,210.37,ORD01244_0
U01245,2024-11-22,134.33,ORD01244_1
U01246,2024-07-14,70.61,ORD01245_0
U01247,2024-06-25,185.61,ORD01246_0
U01247,2024-11-01,75.28,ORD01246_1
U01248,2024-01-12,312.75,ORD01247_1
U01248,2024-02-27,625.44,ORD01247_4
U01248,2024-03-20,368.54,ORD01247_2
U01248,2024-09-10,194.02,ORD01247_3
U01248,2024-10-19,305.56,ORD01247_0
U01249,2024-01-16,769.02,ORD01248_5
U01249,2024-02-01,675.98,ORD01248_15
U01249,2024-02-02,245.57,ORD01248_22
U01249,2024-02-12,555.63,ORD01248_12
U01249,2024-03-07,339.79,ORD01248_11
U01249,2024-03-11,829.45,ORD01248_20
U01249,2024-03-31,806.67,ORD01248_4
U01249,2024-04-03,336.52,ORD01248_1
U01249,2024-04-04,690.23,ORD01248_7
U01249,2024-04-09,237.05,ORD01248_2
U01249,2024-04-17,648.47,ORD01248_19
U01249,2024-05-25,474.6,ORD01248_17
U01249,2024-06-08,223.99,ORD01248_6
U01249,2024-06-10,480.28,ORD01248_21
U01249,2024-06-16,635.97,ORD01248_24
U01249,2024-07-17,715.91,ORD01248_14
U01249,2024-08-11,660.95,ORD01248_23
U01249,2024-09-04,506.79,ORD01248_10
U01249,2024-09-24,230.16,ORD01248_0
U01249,2024-10-26,677.66,ORD01248_3
U01249,2024-10-27,231.3,ORD01248_13
U01249,2024-11-13,589.04,ORD01248_16
U01249,2024-12-05,680.6,ORD01248_18
U01249,2024-12-10,628.71,ORD01248_9
U01249,2024-12-20,694.22,ORD01248_25
U01249,2024-12-26,838.46,ORD01248_8
U01250,2024-01-05,862.2,ORD01249_6
U01250,2024-02-04,939.56,ORD01249_1
U01250,2024-02-25,620.06,ORD01249_10
U01250,2024-02-25,1004.89,ORD01249_18
U01250,2024-03-16,448.13,ORD01249_19
U01250,2024-03-24,1364.69,ORD01249_14
U01250,2024-04-12,1243.44,ORD01249_13
U01250,2024-04-28,1204.0,ORD01249_2
U01250,2024-05-18,1369.67,ORD01249_7
U01250,2024-05-21,701.36,ORD01249_16
U01250,2024-05-30,1377.9,ORD01249_0
U01250,2024-06-23,880.0,ORD01249_15
U01250,2024-09-14,1076.92,ORD01249_11
U01250,2024-09-15,890.37,ORD01249_3
U01250,2024-10-15,456.12,ORD01249_12
U01250,2024-10-23,423.61,ORD01249_8
U01250,2024-10-24,825.04,ORD01249_17
U01250,2024-11-07,969.37,ORD01249_4
U01250,2024-12-04,1073.24,ORD01249_20
U01250,2024-12-11,1007.25,ORD01249_9
U01250,2024-12-15,540.58,ORD01249_5
U01251,2024-05-05,52.49,ORD01250_0
U01251,2024-06-27,108.05,ORD01250_1
U01252,2024-02-23,543.73,ORD01251_2
U01252,2024-07-24,211.07,ORD01251_1
U01252,2024-10-23,565.1,ORD01251_0
U01253,2024-03-27,333.54,ORD01252_2
U01253,2024-04-01,170.14,ORD01252_1
U01253,2024-05-03,300.21,ORD01252_3
U01253,2024-10-15,397.15,ORD01252_0
U01254,2024-01-13,229.94,ORD01253_4
U01254,2024-01-14,231.42,ORD01253_7
U01254,2024-01-19,601.01,ORD01253_2
U01254,2024-04-09,255.85,ORD01253_0
U01254,2024-04-14,543.96,ORD01253_6
U01254,2024-05-15,314.72,ORD01253_3
U01254,2024-06-03,276.48,ORD01253_5
U01254,2024-12-22,189.53,ORD01253_1
U01255,2024-04-21,175.91,ORD01254_2
U01255,2024-05-28,535.66,ORD01254_6
U01255,2024-06-05,334.31,ORD01254_5
U01255,2024-09-09,309.09,ORD01254_1
U01255,2024-10-03,254.87,ORD01254_3
U01255,2024-11-27,564.26,ORD01254_4
U01255,2024-12-25,577.16,ORD01254_0
U01256,2024-01-22,503.69,ORD01255_11
U01256,2024-02-24,204.26,ORD01255_10
U01256,2024-05-14,201.27,ORD01255_1
U01256,2024-07-03,310.47,ORD01255_3
U01256,2024-07-11,756.95,ORD01255_6
U01256,2024-08-07,575.05,ORD01255_2
U01256,2024-10-23,527.14,ORD01255_5
U01256,2024-10-24,276.57,ORD01255_8
U01256,2024-11-07,628.2,ORD01255_9
U01256,2024-11-09,760.37,ORD01255_0
U01256,2024-12-04,695.4,ORD01255_7
U01256,2024-12-07,470.55,ORD01255_4
U01257,2024-02-29,141.82,ORD01256_0
U01257,2024-06-03,88.0,ORD01256_2
U01257,2024-10-25,138.62,ORD01256_1
U01258,2024-01-17,178.8,ORD01257_3
U01258,2024-02-09,130.26,ORD01257_6
U01258,2024-06-01,251.61,ORD01257_1
U01258,2024-10-08,161.5,ORD01257_5
U01258,2024-11-03,358.3,ORD01257_2
U01258,2024-12-05,95.14,ORD01257_0
U01258,2024-12-10,264.62,ORD01257_4
U01259,2024-10-27,116.69,ORD01258_0
U01260,2024-04-15,219.29,ORD01259_1
U01260,2024-08-22,175.69,ORD01259_0
U01261,2024-01-02,1051.84,ORD01260_6
U01261,2024-01-07,424.35,ORD01260_21
U01261,2024-01-27,1015.5,ORD01260_5
U01261,2024-01-28,1277.8,ORD01260_22
U01261,2024-02-29,510.05,ORD01260_18
U01261,2024-03-13,592.29,ORD01260_14
U01261,2024-03-23,432.54,ORD01260_9
U01261,2024-04-02,1087.96,ORD01260_1
U01261,2024-04-21,621.7,ORD01260_12
U01261,2024-04-23,518.06,ORD01260_2
U01261,2024-05-12,1349.47,ORD01260_13
U01261,2024-05-27,914.16,ORD01260_7
U01261,2024-06-05,849.87,ORD01260_10
U01261,2024-07-27,371.83,ORD01260_4
U01261,2024-08-27,984.16,ORD01260_0
U01261,2024-09-07,590.8,ORD01260_23
U01261,2024-09-08,487.2,ORD01260_3
U01261,2024-09-16,524.17,ORD01260_16
U01261,2024-10-10,925.95,ORD01260_11
U01261,2024-10-13,1136.28,ORD01260_20
U01261,2024-11-22,806.3,ORD01260_19
U01261,2024-11-23,856.88,ORD01260_8
U01261,2024-12-05,1229.96,ORD01260_17
U01261,2024-12-11,440.77,ORD01260_15
U01262,2024-08-14,91.17,ORD01261_0
U01262,2024-11-22,47.34,ORD01261_1
U01263,2024-01-18,23.1,ORD01262_1
U01263,2024-04-06,45.62,ORD01262_2
U01263,2024-06-27,25.25,ORD01262_0
U01264,2024-04-17,96.34,ORD01263_3
U01264,2024-08-15,173.69,ORD01263_4
U01264,2024-09-03,166.71,ORD01263_1
U01264,2024-09-04,88.51,ORD01263_5
U01264,2024-11-22,63.68,ORD01263_2
U01264,2024-12-12,104.52,ORD01263_0
U01265,2024-05-24,236.51,ORD01264_4
U01265,2024-07-12,221.63,ORD01264_3
U01265,2024-08-15,101.61,ORD01264_2
U01265,2024-09-01,121.78,ORD01264_1
U01265,2024-09-27,169.77,ORD01264_0
U01265,2024-12-19,89.94,ORD01264_5
U01266,2024-01-31,406.04,ORD01265_3
U01266,2024-02-21,572.24,ORD01265_0
U01266,2024-02-21,232.25,ORD01265_2
U01266,2024-04-04,235.51,ORD01265_5
U01266,2024-04-30,296.94,ORD01265_4
U01266,2024-08-19,355.24,ORD01265_1
U01267,2024-07-13,281.68,ORD01266_3
U01267,2024-09-04,703.08,ORD01266_1
U01267,2024-10-04,504.85,ORD01266_2
U01267,2024-11-23,346.34,ORD01266_0
U01268,2024-03-25,50.67,ORD01267_2
U01268,2024-10-09,19.6,ORD01267_0
U01268,2024-12-28,24.97,ORD01267_1
U01269,2024-01-18,213.74,ORD01268_7
U01269,2024-02-10,182.53,ORD01268_5
U01269,2024-03-08,426.05,ORD01268_3
U01269,2024-04-03,416.68,ORD01268_6
U01269,2024-05-02,121.59,ORD01268_0
U01269,2024-05-21,149.4,ORD01268_4
U01269,2024-07-01,288.57,ORD01268_1
U01269,2024-08-03,349.55,ORD01268_2
U01269,2024-12-25,197.17,ORD01268_8
U01270,2024-05-31,378.87,ORD01269_2
U01270,2024-07-24,156.36,ORD01269_0
U01270,2024-12-11,211.39,ORD01269_1
U01271,2024-01-29,44.34,ORD01270_0
U01271,2024-03-18,65.24,ORD01270_1
U01272,2024-12-02,59.24,ORD01271_0
U01273,2024-08-19,197.93,ORD01272_2
U01273,2024-10-04,212.2,ORD01272_1
U01273,2024-11-19,261.84,ORD01272_0
U01274,2024-02-03,676.82,ORD01273_0
U01274,2024-02-28,646.41,ORD01273_8
U01274,2024-03-08,543.3,ORD01273_7
U01274,2024-03-09,523.0,ORD01273_4
U01274,2024-04-10,773.49,ORD01273_11
U01274,2024-05-04,512.27,ORD01273_2
U01274,2024-05-18,262.78,ORD01273_5
U01274,2024-06-13,589.05,ORD01273_15
U01274,2024-08-05,337.44,ORD01273_12
U01274,2024-08-07,224.24,ORD01273_10
U01274,2024-08-30,576.33,ORD01273_9
U01274,2024-09-08,285.52,ORD01273_1
U01274,2024-10-25,570.93,ORD01273_6
U01274,2024-11-12,755.04,ORD01273_3
U01274,2024-11-26,706.99,ORD01273_13
U01274,2024-12-04,652.0,ORD01273_14
U01275,2024-01-12,217.51,ORD01274_0
U01275,2024-04-22,115.46,ORD01274_1
U01276,2024-05-28,196.98,ORD01275_2
U01276,2024-07-26,200.87,ORD01275_0
U01276,2024-10-14,144.49,ORD01275_1
U01277,2024-03-30,92.38,ORD01276_1
U01277,2024-06-12,27.24,ORD01276_2
U01277,2024-07-06,32.71,ORD01276_0
U01278,2024-10-24,87.6,ORD01277_1
U01278,2024-12-03,169.31,ORD01277_2
U01278,2024-12-20,161.07,ORD01277_0
U01279,2024-06-02,584.17,ORD01278_6
U01279,2024-07-07,432.79,ORD01278_4
U01279,2024-08-16,466.41,ORD01278_0
U01279,2024-08-20,611.44,ORD01278_3
U01279,2024-09-18,203.53,ORD01278_7
U01279,2024-10-11,507.04,ORD01278_1
U01279,2024-11-27,306.12,ORD01278_5
U01279,2024-12-06,725.46,ORD01278_2
U01280,2024-01-30,137.07,ORD01279_2
U01280,2024-08-12,169.64,ORD01279_3
U01280,2024-09-26,154.36,ORD01279_1
U01280,2024-12-16,96.33,ORD01279_0
U01281,2024-01-10,95.43,ORD01280_0
U01281,2024-12-23,184.74,ORD01280_1
U01282,2024-01-03,169.47,ORD01281_2
U01282,2024-01-06,241.72,ORD01281_6
U01282,2024-03-01,296.2,ORD01281_0
U01282,2024-03-22,424.36,ORD01281_5
U01282,2024-04-07,326.14,ORD01281_3
U01282,2024-06-17,565.05,ORD01281_8
U01282,2024-09-08,227.63,ORD01281_7
U01282,2024-10-24,587.9,ORD01281_4
U01282,2024-12-24,581.82,ORD01281_1
U01283,2024-01-07,933.6,ORD01282_12
U01283,2024-01-22,335.71,ORD01282_9
U01283,2024-02-10,378.64,ORD01282_25
U01283,2024-03-19,886.5,ORD01282_4
U01283,2024-03-27,845.63,ORD01282_15
U01283,2024-04-03,391.75,ORD01282_2
U01283,2024-05-12,637.43,ORD01282_0
U01283,2024-05-28,1031.76,ORD01282_11
U01283,2024-06-05,577.77,ORD01282_6
U01283,2024-06-07,726.71,ORD01282_7
U01283,2024-06-11,461.44,ORD01282_22
U01283,2024-06-29,1045.48,ORD01282_19
U01283,2024-07-11,909.53,ORD01282_23
U01283,2024-07-20,342.36,ORD01282_17
U01283,2024-08-09,1051.41,ORD01282_16
U01283,2024-08-14,683.28,ORD01282_8
U01283,2024-08-16,301.33,ORD01282_10
U01283,2024-08-30,1035.99,ORD01282_20
U01283,2024-09-06,402.11,ORD01282_3
U01283,2024-09-06,278.35,ORD01282_14
U01283,2024-10-02,818.21,ORD01282_18
U01283,2024-10-18,284.76,ORD01282_13
U01283,2024-10-20,555.9,ORD01282_24
U01283,2024-11-03,719.4,ORD01282_5
U01283,2024-12-18,863.44,ORD01282_1
U01283,2024-12-30,544.52,ORD01282_21
U01284,2024-09-12,141.95,ORD01283_0
U01285,2024-01-04,744.69,ORD01284_6
U01285,2024-01-29,971.81,ORD01284_11
U01285,2024-01-31,1078.46,ORD01284_2
U01285,2024-04-27,1388.22,ORD01284_3
U01285,2024-06-06,1302.33,ORD01284_9
U01285,2024-08-18,1209.26,ORD01284_5
U01285,2024-08-20,518.13,ORD01284_1
U01285,2024-08-25,820.94,ORD01284_12
U01285,2024-09-06,935.15,ORD01284_7
U01285,2024-09-26,652.83,ORD01284_10
U01285,2024-10-13,694.75,ORD01284_4
U01285,2024-11-12,629.38,ORD01284_0
U01285,2024-12-10,1051.81,ORD01284_8
U01286,2024-02-01,95.46,ORD01285_0
U01286,2024-07-24,42.6,ORD01285_1
U01286,2024-10-31,76.67,ORD01285_2
U01287,2024-03-16,1023.63,ORD01286_4
U01287,2024-07-01,1156.64,ORD01286_0
U01287,2024-07-10,1121.5,ORD01286_3
U01287,2024-07-14,339.62,ORD01286_5
U01287,2024-11-28,839.36,ORD01286_7
U01287,2024-12-15,861.38,ORD01286_1
U01287,2024-12-25,931.13,ORD01286_6
U01287,2024-12-27,1181.21,ORD01286_2
U01288,2024-01-21,152.02,ORD01287_2
U01288,2024-03-13,219.15,ORD01287_6
U01288,2024-03-28,103.25,ORD01287_0
U01288,2024-05-05,170.82,ORD01287_7
U01288,2024-06-25,209.11,ORD01287_3
U01288,2024-07-26,226.04,ORD01287_1
U01288,2024-09-06,65.75,ORD01287_5
U01288,2024-11-20,201.04,ORD01287_4
U01289,2024-01-30,62.66,ORD01288_1
U01289,2024-02-05,135.43,ORD01288_0
U01290,2024-01-24,310.93,ORD01289_1
U01290,2024-05-02,364.7,ORD01289_2
U01290,2024-05-22,274.26,ORD01289_3
U01290,2024-06-17,487.39,ORD01289_4
U01290,2024-07-27,232.8,ORD01289_0
U01290,2024-11-04,230.96,ORD01289_5
U01290,2024-11-07,247.41,ORD01289_6
U01291,2024-02-19,321.3,ORD01290_11
U01291,2024-02-27,434.96,ORD01290_16
U01291,2024-04-20,216.3,ORD01290_22
U01291,2024-04-26,431.24,ORD01290_18
U01291,2024-04-27,371.58,ORD01290_25
U01291,2024-05-06,227.18,ORD01290_27
U01291,2024-05-17,211.57,ORD01290_3
U01291,2024-06-04,450.56,ORD01290_12
U01291,2024-06-30,161.54,ORD01290_2
U01291,2024-07-09,485.9,ORD01290_13
U01291,2024-07-22,199.1,ORD01290_6
U01291,2024-08-24,477.41,ORD01290_14
U01291,2024-08-27,302.35,ORD01290_19
U01291,2024-08-28,275.5,ORD01290_17
U01291,2024-09-09,463.25,ORD01290_21
U01291,2024-09-13,359.97,ORD01290_10
U01291,2024-09-20,143.9,ORD01290_1
U01291,2024-10-05,213.67,ORD01290_26
U01291,2024-10-19,472.59,ORD01290_5
U01291,2024-10-19,469.03,ORD01290_8
U01291,2024-10-24,198.75,ORD01290_23
U01291,2024-10-30,449.93,ORD01290_15
U01291,2024-10-30,175.16,ORD01290_24
U01291,2024-11-10,373.21,ORD01290_7
U01291,2024-12-02,187.77,ORD01290_0
U01291,2024-12-02,442.88,ORD01290_4
U01291,2024-12-04,311.8,ORD01290_9
U01291,2024-12-05,178.3,ORD01290_20
U01292,2024-08-14,207.02,ORD01291_0
U01292,2024-12-16,153.1,ORD01291_1
U01293,2024-01-16,652.96,ORD01292_1
U01293,2024-04-07,444.66,ORD01292_2
U01293,2024-05-23,627.03,ORD01292_0
U01293,2024-09-17,558.36,ORD01292_5
U01293,2024-10-26,390.83,ORD01292_3
U01293,2024-11-02,478.38,ORD01292_4
U01294,2024-01-28,909.49,ORD01293_9
U01294,2024-02-04,286.78,ORD01293_20
U01294,2024-02-27,842.01,ORD01293_17
U01294,2024-02-28,1087.37,ORD01293_5
U01294,2024-03-09,379.64,ORD01293_18
U01294,2024-03-13,363.68,ORD01293_0
U01294,2024-03-14,779.1,ORD01293_22
U01294,2024-03-30,344.58,ORD01293_7
U01294,2024-04-15,1050.39,ORD01293_21
U01294,2024-05-11,320.2,ORD01293_14
U01294,2024-05-23,544.85,ORD01293_10
U01294,2024-06-01,979.66,ORD01293_19
U01294,2024-06-02,755.04,ORD01293_8
U01294,2024-06-04,291.26,ORD01293_13
U01294,2024-06-17,636.07,ORD01293_4
U01294,2024-06-19,444.59,ORD01293_16
U01294,2024-07-13,720.96,ORD01293_15
U01294,2024-09-16,1035.99,ORD01293_2
U01294,2024-09-22,867.01,ORD01293_6
U01294,2024-09-26,1107.81,ORD01293_3
U01294,2024-10-03,1052.73,ORD01293_11
U01294,2024-10-06,803.5,ORD01293_24
U01294,2024-10-11,899.92,ORD01293_23
U01294,2024-10-31,768.3,ORD01293_1
U01294,2024-10-31,337.39,ORD01293_25
U01294,2024-11-09,880.03,ORD01293_12
U01295,2024-01-17,609.09,ORD01294_9
U01295,2024-02-25,475.52,ORD01294_3
U01295,2024-03-06,823.18,ORD01294_8
U01295,2024-04-10,309.51,ORD01294_5
U01295,2024-05-13,863.01,ORD01294_1
U01295,2024-05-21,493.41,ORD01294_0
U01295,2024-08-17,623.76,ORD01294_4
U01295,2024-09-11,423.83,ORD01294_2
U01295,2024-10-09,357.84,ORD01294_7
U01295,2024-10-18,800.32,ORD01294_6
U01296,2024-03-31,69.24,ORD01295_1
U01296,2024-10-13,111.29,ORD01295_0
U01297,2024-01-05,441.74,ORD01296_28
U01297,2024-02-05,241.86,ORD01296_7
U01297,2024-02-08,537.54,ORD01296_13
U01297,2024-02-11,384.84,ORD01296_22
U01297,2024-02-16,202.36,ORD01296_27
U01297,2024-03-03,490.37,ORD01296_5
U01297,2024-04-18,544.17,ORD01296_14
U01297,2024-04-23,304.34,ORD01296_4
U01297,2024-05-10,601.41,ORD01296_19
U01297,2024-06-02,373.19,ORD01296_12
U01297,2024-07-07,469.97,ORD01296_18
U01297,2024-07-10,682.11,ORD01296_24
U01297,2024-07-16,639.25,ORD01296_15
U01297,2024-07-27,447.84,ORD01296_3
U01297,2024-08-09,191.32,ORD01296_11
U01297,2024-08-09,659.78,ORD01296_20
U01297,2024-08-12,676.4,ORD01296_6
U01297,2024-08-25,527.35,ORD01296_10
U01297,2024-08-29,648.49,ORD01296_0
U01297,2024-09-25,573.87,ORD01296_9
U01297,2024-09-27,327.37,ORD01296_17
U01297,2024-09-28,393.5,ORD01296_16
U01297,2024-10-07,659.19,ORD01296_23
U01297,2024-10-22,451.46,ORD01296_25
U01297,2024-11-13,612.67,ORD01296_8
U01297,2024-12-03,385.82,ORD01296_21
U01297,2024-12-06,584.66,ORD01296_26
U01297,2024-12-15,649.2,ORD01296_2
U01297,2024-12-29,558.01,ORD01296_1
U01298,2024-01-25,98.1,ORD01297_2
U01298,2024-08-10,169.92,ORD01297_0
U01298,2024-12-08,88.94,ORD01297_1
U01299,2024-03-18,135.68,ORD01298_0
U01300,2024-07-14,150.94,ORD01299_0
U01301,2024-01-20,70.12,ORD01300_3
U01301,2024-05-09,152.71,ORD01300_4
U01301,2024-05-10,123.77,ORD01300_5
U01301,2024-07-18,70.9,ORD01300_0
U01301,2024-09-01,143.79,ORD01300_1
U01301,2024-09-27,123.48,ORD01300_2
U01302,2024-04-11,126.36,ORD01301_0
U01303,2024-01-01,1254.79,ORD01302_6
U01303,2024-01-30,1324.19,ORD01302_22
U01303,2024-04-10,854.75,ORD01302_15
U01303,2024-04-21,1052.56,ORD01302_4
U01303,2024-04-26,885.86,ORD01302_10
U01303,2024-05-05,1057.17,ORD01302_9
U01303,2024-05-08,515.19,ORD01302_21
U01303,2024-05-20,1491.71,ORD01302_12
U01303,2024-05-28,409.43,ORD01302_11
U01303,2024-05-29,1291.44,ORD01302_20
U01303,2024-06-07,1488.95,ORD01302_7
U01303,2024-06-29,993.27,ORD01302_1
U01303,2024-07-03,427.06,ORD01302_3
U01303,2024-07-15,449.11,ORD01302_0
U01303,2024-07-21,663.26,ORD01302_17
U01303,2024-09-08,584.06,ORD01302_13
U01303,2024-09-13,975.97,ORD01302_18
U01303,2024-09-24,781.45,ORD01302_8
U01303,2024-10-01,566.38,ORD01302_23
U01303,2024-10-05,1178.16,ORD01302_19
U01303,2024-10-07,779.16,ORD01302_14
U01303,2024-10-22,916.01,ORD01302_5
U01303,2024-12-23,1448.04,ORD01302_16
U01303,2024-12-28,821.42,ORD01302_2
U01304,2024-02-16,775.53,ORD01303_6
U01304,2024-03-02,1201.93,ORD01303_10
U01304,2024-03-13,1371.74,ORD01303_18
U01304,2024-03-20,1510.84,ORD01303_11
U01304,2024-03-24,1316.85,ORD01303_22
U01304,2024-03-29,495.68,ORD01303_3
U01304,2024-04-05,743.03,ORD01303_15
U01304,2024-04-11,599.31,ORD01303_23
U01304,2024-04-23,838.92,ORD01303_21
U01304,2024-05-05,1260.49,ORD01303_20
U01304,2024-05-09,381.12,ORD01303_12
U01304,2024-05-27,799.36,ORD01303_7
U01304,2024-06-05,905.92,ORD01303_1
U01304,2024-06-10,760.11,ORD01303_2
U01304,2024-06-10,1386.27,ORD01303_4
U01304,2024-06-28,657.01,ORD01303_17
U01304,2024-06-30,789.54,ORD01303_19
U01304,2024-07-07,1111.72,ORD01303_8
U01304,2024-07-20,730.17,ORD01303_14
U01304,2024-08-06,649.5,ORD01303_0
U01304,2024-08-14,545.3,ORD01303_5
U01304,2024-10-15,673.58,ORD01303_16
U01304,2024-11-03,1023.27,ORD01303_9
U01304,2024-11-11,1176.47,ORD01303_24
U01304,2024-11-15,779.18,ORD01303_13
U01305,2024-04-03,53.63,ORD01304_2
U01305,2024-06-15,71.61,ORD01304_0
U01305,2024-06-29,104.12,ORD01304_1
U01306,2024-10-26,97.88,ORD01305_0
U01307,2024-10-06,46.14,ORD01306_0
U01308,2024-06-26,177.14,ORD01307_0
U01308,2024-06-28,146.81,ORD01307_1
U01309,2024-04-09,634.24,ORD01308_2
U01309,2024-04-19,636.43,ORD01308_3
U01309,2024-06-03,203.74,ORD01308_1
U01309,2024-07-22,211.72,ORD01308_0
U01309,2024-09-16,527.4,ORD01308_4
U01309,2024-09-24,176.35,ORD01308_5
U01309,2024-10-25,235.2,ORD01308_6
U01310,2024-04-26,47.76,ORD01309_1
U01310,2024-09-11,103.04,ORD01309_0
U01310,2024-10-02,133.37,ORD01309_2
U01311,2024-01-17,260.57,ORD01310_10
U01311,2024-01-19,128.94,ORD01310_17
U01311,2024-01-27,244.14,ORD01310_9
U01311,2024-01-31,388.33,ORD01310_8
U01311,2024-02-01,355.0,ORD01310_16
U01311,2024-02-06,397.36,ORD01310_13
U01311,2024-02-08,384.45,ORD01310_14
U01311,2024-02-10,365.45,ORD01310_12
U01311,2024-03-04,146.32,ORD01310_15
U01311,2024-03-09,268.09,ORD01310_2
U01311,2024-07-24,173.0,ORD01310_18
U01311,2024-08-02,112.86,ORD01310_0
U01311,2024-08-07,154.95,ORD01310_11
U01311,2024-09-05,194.04,ORD01310_5
U01311,2024-09-11,262.81,ORD01310_3
U01311,2024-12-06,306.03,ORD01310_7
U01311,2024-12-14,297.09,ORD01310_1
U01311,2024-12-21,381.18,ORD01310_6
U01311,2024-12-27,433.05,ORD01310_4
U01312,2024-03-01,560.28,ORD01311_0
U01312,2024-07-19,307.17,ORD01311_2
U01312,2024-07-25,687.97,ORD01311_1
U01313,2024-01-13,35.55,ORD01312_0
U01314,2024-04-23,150.12,ORD01313_0
U01315,2024-04-15,667.77,ORD01314_2
U01315,2024-06-06,490.38,ORD01314_1
U01315,2024-11-21,536.7,ORD01314_0
U01316,2024-11-01,109.33,ORD01315_0
U01317,2024-07-28,67.07,ORD01316_2
U01317,2024-08-01,51.98,ORD01316_0
U01317,2024-10-02,63.49,ORD01316_1
U01318,2024-04-15,66.21,ORD01317_0
U01318,2024-11-13,65.05,ORD01317_1
U01319,2024-01-14,496.56,ORD01318_1
U01319,2024-02-12,661.5,ORD01318_3
U01319,2024-04-18,336.68,ORD01318_4
U01319,2024-06-03,448.76,ORD01318_2
U01319,2024-06-11,527.92,ORD01318_5
U01319,2024-06-15,434.92,ORD01318_0
U01320,2024-03-06,330.16,ORD01319_4
U01320,2024-03-26,133.14,ORD01319_0
U01320,2024-04-26,287.73,ORD01319_1
U01320,2024-07-29,284.05,ORD01319_2
U01320,2024-10-08,209.65,ORD01319_3
U01320,2024-11-11,253.0,ORD01319_5
U01321,2024-02-06,103.95,ORD01320_1
U01321,2024-04-20,96.01,ORD01320_2
U01321,2024-04-28,140.92,ORD01320_0
U01322,2024-06-23,82.56,ORD01321_1
U01322,2024-12-28,80.87,ORD01321_0
U01323,2024-07-24,60.22,ORD01322_0
U01323,2024-08-12,127.98,ORD01322_2
U01323,2024-09-15,84.76,ORD01322_1
U01324,2024-01-12,1037.49,ORD01323_6
U01324,2024-01-22,496.25,ORD01323_11
U01324,2024-02-21,1145.1,ORD01323_17
U01324,2024-03-01,812.82,ORD01323_0
U01324,2024-03-10,1173.25,ORD01323_1
U01324,2024-03-19,508.27,ORD01323_14
U01324,2024-03-29,709.25,ORD01323_12
U01324,2024-04-28,1194.08,ORD01323_4
U01324,2024-05-04,884.6,ORD01323_3
U01324,2024-05-04,602.48,ORD01323_21
U01324,2024-05-10,382.71,ORD01323_22
U01324,2024-05-26,581.91,ORD01323_18
U01324,2024-06-03,721.34,ORD01323_16
U01324,2024-07-15,840.39,ORD01323_13
U01324,2024-08-23,453.07,ORD01323_7
U01324,2024-09-01,968.82,ORD01323_5
U01324,2024-09-07,732.13,ORD01323_10
U01324,2024-09-13,373.81,ORD01323_8
U01324,2024-09-27,655.19,ORD01323_2
U01324,2024-09-29,961.23,ORD01323_20
U01324,2024-10-10,999.53,ORD01323_9
U01324,2024-10-10,457.75,ORD01323_15
U01324,2024-12-15,485.68,ORD01323_19
U01325,2024-09-29,135.49,ORD01324_1
U01325,2024-10-18,155.53,ORD01324_0
U01326,2024-02-17,145.92,ORD01325_2
U01326,2024-12-01,144.36,ORD01325_1
U01326,2024-12-16,158.78,ORD01325_0
U01327,2024-03-20,191.69,ORD01326_0
U01327,2024-03-24,181.13,ORD01326_2
U01327,2024-11-09,131.24,ORD01326_1
U01328,2024-01-08,145.09,ORD01327_4
U01328,2024-07-03,222.76,ORD01327_0
U01328,2024-08-11,176.23,ORD01327_3
U01328,2024-11-18,160.02,ORD01327_1
U01328,2024-12-22,94.41,ORD01327_2
U01329,2024-06-25,241.94,ORD01328_1
U01329,2024-10-26,237.35,ORD01328_0
U01330,2024-01-27,239.03,ORD01329_1
U01330,2024-02-19,309.93,ORD01329_7
U01330,2024-02-26,198.99,ORD01329_14
U01330,2024-04-19,362.75,ORD01329_5
U01330,2024-04-20,407.19,ORD01329_10
U01330,2024-05-12,536.03,ORD01329_15
U01330,2024-05-18,340.85,ORD01329_12
U01330,2024-05-30,224.95,ORD01329_4
U01330,2024-06-03,470.8,ORD01329_9
U01330,2024-08-13,359.43,ORD01329_8
U01330,2024-09-12,238.12,ORD01329_11
U01330,2024-10-01,330.76,ORD01329_6
U01330,2024-12-10,329.98,ORD01329_13
U01330,2024-12-14,626.41,ORD01329_2
U01330,2024-12-21,374.91,ORD01329_3
U01330,2024-12-24,532.47,ORD01329_0
U01331,2024-07-03,104.11,ORD01330_0
U01331,2024-10-06,151.56,ORD01330_1
U01331,2024-10-10,79.25,ORD01330_2
U01332,2024-01-13,262.97,ORD01331_3
U01332,2024-01-29,210.3,ORD01331_2
U01332,2024-04-12,166.17,ORD01331_0
U01332,2024-04-26,280.6,ORD01331_1
U01332,2024-05-15,373.98,ORD01331_5
U01332,2024-05-20,365.02,ORD01331_7
U01332,2024-05-24,174.12,ORD01331_6
U01332,2024-08-11,295.73,ORD01331_4
U01332,2024-09-24,268.5,ORD01331_8
U01333,2024-01-15,405.01,ORD01332_1
U01333,2024-01-16,753.45,ORD01332_4
U01333,2024-01-21,737.37,ORD01332_3
U01333,2024-02-10,346.15,ORD01332_6
U01333,2024-03-05,640.54,ORD01332_2
U01333,2024-05-31,335.85,ORD01332_7
U01333,2024-06-28,753.13,ORD01332_0
U01333,2024-07-23,748.12,ORD01332_5
U01334,2024-06-06,296.9,ORD01333_1
U01334,2024-08-14,102.54,ORD01333_2
U01334,2024-09-28,183.62,ORD01333_0
U01335,2024-01-25,674.74,ORD01334_12
U01335,2024-04-03,1068.29,ORD01334_3
U01335,2024-04-25,1060.68,ORD01334_10
U01335,2024-05-30,1196.46,ORD01334_6
U01335,2024-06-02,898.35,ORD01334_9
U01335,2024-06-05,646.95,ORD01334_5
U01335,2024-07-01,1045.22,ORD01334_8
U01335,2024-09-21,392.37,ORD01334_0
U01335,2024-09-28,638.91,ORD01334_4
U01335,2024-10-01,773.72,ORD01334_1
U01335,2024-10-14,690.98,ORD01334_11
U01335,2024-10-27,898.8,ORD01334_2
U01335,2024-10-31,381.45,ORD01334_7
U01336,2024-02-16,118.51,ORD01335_1
U01336,2024-06-26,53.79,ORD01335_0
U01337,2024-01-01,562.98,ORD01336_2
U01337,2024-01-21,1070.86,ORD01336_0
U01337,2024-02-21,903.24,ORD01336_6
U01337,2024-03-01,416.23,ORD01336_9
U01337,2024-04-05,764.07,ORD01336_8
U01337,2024-05-05,739.38,ORD01336_5
U01337,2024-05-12,1472.84,ORD01336_10
U01337,2024-06-10,793.42,ORD01336_13
U01337,2024-06-21,486.96,ORD01336_11
U01337,2024-09-30,1387.62,ORD01336_4
U01337,2024-10-28,1320.43,ORD01336_7
U01337,2024-12-03,965.64,ORD01336_3
U01337,2024-12-21,593.53,ORD01336_1
U01337,2024-12-22,941.97,ORD01336_12
U01338,2024-03-03,487.26,ORD01337_5
U01338,2024-03-17,963.6,ORD01337_9
U01338,2024-05-20,1337.19,ORD01337_6
U01338,2024-06-02,1224.35,ORD01337_2
U01338,2024-07-14,1079.31,ORD01337_11
U01338,2024-07-26,1289.82,ORD01337_4
U01338,2024-08-26,1400.08,ORD01337_0
U01338,2024-09-25,370.95,ORD01337_1
U01338,2024-10-27,741.78,ORD01337_8
U01338,2024-10-28,623.95,ORD01337_10
U01338,2024-11-24,1047.36,ORD01337_3
U01338,2024-12-30,1009.57,ORD01337_7
U01339,2024-06-09,103.09,ORD01338_0
U01339,2024-10-17,144.89,ORD01338_1
U01339,2024-12-05,133.38,ORD01338_2
U01340,2024-01-18,79.88,ORD01339_4
U01340,2024-01-19,129.8,ORD01339_0
U01340,2024-01-19,102.82,ORD01339_2
U01340,2024-03-07,163.0,ORD01339_3
U01340,2024-04-21,95.95,ORD01339_5
U01340,2024-11-08,159.37,ORD01339_1
U01341,2024-03-03,143.26,ORD01340_6
U01341,2024-04-22,187.4,ORD01340_2
U01341,2024-05-16,183.89,ORD01340_3
U01341,2024-07-21,109.4,ORD01340_0
U01341,2024-08-12,252.18,ORD01340_5
U01341,2024-09-01,146.96,ORD01340_7
U01341,2024-11-16,250.2,ORD01340_1
U01341,2024-11-23,248.58,ORD01340_4
U01342,2024-02-05,163.26,ORD01341_1
U01342,2024-04-02,129.07,ORD01341_2
U01342,2024-04-23,68.04,ORD01341_8
U01342,2024-06-09,151.69,ORD01341_6
U01342,2024-07-01,63.65,ORD01341_3
U01342,2024-07-05,63.23,ORD01341_4
U01342,2024-07-25,137.67,ORD01341_5
U01342,2024-08-12,96.06,ORD01341_0
U01342,2024-08-23,89.35,ORD01341_7
U01343,2024-03-31,88.25,ORD01342_0
U01344,2024-01-22,171.2,ORD01343_0
U01344,2024-03-17,148.38,ORD01343_2
U01344,2024-03-25,153.15,ORD01343_1
U01344,2024-06-22,248.51,ORD01343_4
U01344,2024-12-06,373.44,ORD01343_3
U01345,2024-09-25,188.54,ORD01344_0
U01345,2024-12-08,151.54,ORD01344_1
U01346,2024-02-11,165.59,ORD01345_1
U01346,2024-09-09,75.0,ORD01345_2
U01346,2024-12-07,166.98,ORD01345_0
U01347,2024-02-16,1352.72,ORD01346_2
U01347,2024-02-26,1338.24,ORD01346_3
U01347,2024-02-28,587.64,ORD01346_16
U01347,2024-03-26,1028.04,ORD01346_5
U01347,2024-04-06,1274.44,ORD01346_1
U01347,2024-04-22,866.86,ORD01346_8
U01347,2024-05-30,565.15,ORD01346_4
U01347,2024-06-12,600.24,ORD01346_0
U01347,2024-07-26,1187.56,ORD01346_15
U01347,2024-10-01,856.15,ORD01346_10
U01347,2024-10-10,356.01,ORD01346_7
U01347,2024-10-25,501.76,ORD01346_14
U01347,2024-11-16,354.3,ORD01346_12
U01347,2024-11-22,971.92,ORD01346_6
U01347,2024-12-04,594.88,ORD01346_11
U01347,2024-12-06,477.32,ORD01346_17
U01347,2024-12-07,853.21,ORD01346_9
U01347,2024-12-20,496.26,ORD01346_13
U01348,2024-09-18,127.42,ORD01347_1
U01348,2024-11-04,117.29,ORD01347_0
U01349,2024-01-22,520.96,ORD01348_6
U01349,2024-03-22,605.97,ORD01348_5
U01349,2024-06-08,187.45,ORD01348_1
U01349,2024-08-08,201.69,ORD01348_4
U01349,2024-10-10,513.18,ORD01348_2
U01349,2024-11-14,473.01,ORD01348_0
U01349,2024-12-06,476.49,ORD01348_3
U01350,2024-04-22,211.03,ORD01349_2
U01350,2024-05-27,120.81,ORD01349_3
U01350,2024-06-16,146.2,ORD01349_1
U01350,2024-12-16,104.42,ORD01349_0
U01351,2024-07-11,96.21,ORD01350_0
U01352,2024-02-09,189.67,ORD01351_6
U01352,2024-02-15,329.27,ORD01351_4
U01352,2024-02-27,344.89,ORD01351_2
U01352,2024-04-28,596.95,ORD01351_7
U01352,2024-05-12,162.66,ORD01351_10
U01352,2024-06-11,506.17,ORD01351_1
U01352,2024-06-30,542.75,ORD01351_3
U01352,2024-07-22,220.84,ORD01351_8
U01352,2024-09-01,456.44,ORD01351_11
U01352,2024-09-15,307.79,ORD01351_12
U01352,2024-09-22,278.51,ORD01351_5
U01352,2024-10-05,524.9,ORD01351_9
U01352,2024-12-22,434.54,ORD01351_0
U01353,2024-02-20,129.71,ORD01352_1
U01353,2024-04-25,201.49,ORD01352_2
U01353,2024-08-20,262.68,ORD01352_0
U01354,2024-03-11,77.69,ORD01353_0
U01355,2024-02-07,160.12,ORD01354_2
U01355,2024-09-02,109.06,ORD01354_1
U01355,2024-10-10,169.53,ORD01354_0
U01356,2024-05-21,113.88,ORD01355_1
U01356,2024-05-25,86.53,ORD01355_2
U01356,2024-06-05,125.7,ORD01355_0
U01357,2024-09-21,85.97,ORD01356_0
U01358,2024-07-27,146.85,ORD01357_1
U01358,2024-11-25,82.19,ORD01357_0
U01359,2024-06-03,100.98,ORD01358_0
U01359,2024-06-15,143.18,ORD01358_1
U01360,2024-01-05,911.84,ORD01359_3
U01360,2024-01-19,1351.08,ORD01359_15
U01360,2024-01-30,881.59,ORD01359_5
U01360,2024-02-02,1102.48,ORD01359_0
U01360,2024-03-22,961.99,ORD01359_6
U01360,2024-04-20,829.07,ORD01359_10
U01360,2024-04-23,1096.15,ORD01359_16
U01360,2024-04-27,350.54,ORD01359_9
U01360,2024-04-30,1168.43,ORD01359_17
U01360,2024-07-17,803.73,ORD01359_11
U01360,2024-07-24,496.74,ORD01359_1
U01360,2024-08-23,923.54,ORD01359_7
U01360,2024-08-23,737.09,ORD01359_14
U01360,2024-08-31,794.8,ORD01359_13
U01360,2024-09-12,520.88,ORD01359_4
U01360,2024-09-17,981.24,ORD01359_19
U01360,2024-10-04,1068.59,ORD01359_2
U01360,2024-10-23,654.78,ORD01359_12
U01360,2024-12-11,1228.34,ORD01359_18
U01360,2024-12-26,1351.81,ORD01359_8
U01361,2024-03-28,592.3,ORD01360_5
U01361,2024-04-01,472.09,ORD01360_3
U01361,2024-07-23,327.66,ORD01360_4
U01361,2024-10-18,702.21,ORD01360_0
U01361,2024-11-05,626.7,ORD01360_2
U01361,2024-12-08,573.63,ORD01360_6
U01361,2024-12-20,259.14,ORD01360_1
U01362,2024-05-07,575.18,ORD01361_1
U01362,2024-07-30,379.33,ORD01361_3
U01362,2024-09-28,634.78,ORD01361_2
U01362,2024-11-30,464.81,ORD01361_0
U01363,2024-06-11,383.14,ORD01362_3
U01363,2024-11-01,234.67,ORD01362_2
U01363,2024-11-04,378.38,ORD01362_1
U01363,2024-11-26,257.24,ORD01362_0
U01364,2024-01-26,376.21,ORD01363_0
U01364,2024-02-05,235.79,ORD01363_7
U01364,2024-02-09,170.51,ORD01363_15
U01364,2024-02-13,316.39,ORD01363_1
U01364,2024-02-27,367.63,ORD01363_6
U01364,2024-04-20,522.22,ORD01363_4
U01364,2024-04-20,383.99,ORD01363_13
U01364,2024-05-19,416.61,ORD01363_8
U01364,2024-06-09,243.85,ORD01363_2
U01364,2024-07-14,275.18,ORD01363_14
U01364,2024-07-27,329.79,ORD01363_5
U01364,2024-09-17,163.47,ORD01363_3
U01364,2024-11-18,480.26,ORD01363_11
U01364,2024-11-30,193.95,ORD01363_12
U01364,2024-12-17,160.6,ORD01363_16
U01364,2024-12-27,406.79,ORD01363_9
U01364,2024-12-28,334.4,ORD01363_10
U01365,2024-08-12,34.0,ORD01364_0
U01366,2024-03-24,92.93,ORD01365_0
U01367,2024-09-09,57.79,ORD01366_0
U01367,2024-09-19,63.53,ORD01366_1
U01367,2024-12-22,36.54,ORD01366_2
U01368,2024-04-23,212.29,ORD01367_2
U01368,2024-07-18,170.64,ORD01367_3
U01368,2024-07-26,329.05,ORD01367_7
U01368,2024-09-01,132.95,ORD01367_6
U01368,2024-10-24,328.68,ORD01367_0
U01368,2024-10-31,161.13,ORD01367_5
U01368,2024-11-13,321.84,ORD01367_1
U01368,2024-12-04,103.04,ORD01367_4
U01369,2024-01-18,71.73,ORD01368_1
U01369,2024-03-04,81.29,ORD01368_0
U01370,2024-03-07,235.16,ORD01369_0
U01370,2024-06-14,200.56,ORD01369_2
U01370,2024-06-15,197.06,ORD01369_1
U01371,2024-03-04,411.54,ORD01370_0
U01371,2024-07-03,221.68,ORD01370_1
U01371,2024-07-31,539.49,ORD01370_2
U01371,2024-08-29,357.4,ORD01370_4
U01371,2024-11-01,365.78,ORD01370_6
U01371,2024-11-09,603.59,ORD01370_7
U01371,2024-12-09,345.07,ORD01370_3
U01371,2024-12-28,519.15,ORD01370_5
U01372,2024-12-08,77.93,ORD01371_0
U01373,2024-02-17,163.94,ORD01372_2
U01373,2024-03-08,107.1,ORD01372_4
U01373,2024-03-16,82.9,ORD01372_3
U01373,2024-06-30,153.84,ORD01372_5
U01373,2024-07-21,228.17,ORD01372_6
U01373,2024-08-01,71.44,ORD01372_7
U01373,2024-08-19,170.48,ORD01372_1
U01373,2024-09-23,127.94,ORD01372_0
U01374,2024-01-20,1359.23,ORD01373_20
U01374,2024-01-22,1508.76,ORD01373_2
U01374,2024-02-04,1472.71,ORD01373_19
U01374,2024-02-07,740.78,ORD01373_5
U01374,2024-02-12,914.69,ORD01373_8
U01374,2024-03-07,991.16,ORD01373_7
U01374,2024-05-04,414.62,ORD01373_10
U01374,2024-06-05,976.59,ORD01373_11
U01374,2024-06-08,1332.46,ORD01373_4
U01374,2024-06-21,428.01,ORD01373_6
U01374,2024-06-21,1296.98,ORD01373_12
U01374,2024-06-21,1496.5,ORD01373_13
U01374,2024-08-23,772.04,ORD01373_3
U01374,2024-10-04,761.06,ORD01373_18
U01374,2024-10-18,491.97,ORD01373_0
U01374,2024-11-14,1402.07,ORD01373_16
U01374,2024-11-14,545.52,ORD01373_21
U01374,2024-11-24,675.15,ORD01373_17
U01374,2024-12-08,485.48,ORD01373_9
U01374,2024-12-21,456.01,ORD01373_1
U01374,2024-12-23,1145.88,ORD01373_14
U01374,2024-12-29,770.46,ORD01373_15
U01375,2024-06-08,191.0,ORD01374_0
U01376,2024-01-10,882.5,ORD01375_10
U01376,2024-01-16,720.33,ORD01375_14
U01376,2024-01-17,1128.07,ORD01375_16
U01376,2024-02-06,390.55,ORD01375_5
U01376,2024-02-25,1132.56,ORD01375_0
U01376,2024-03-02,508.69,ORD01375_11
U01376,2024-03-04,1303.12,ORD01375_6
U01376,2024-03-09,953.83,ORD01375_1
U01376,2024-03-11,574.52,ORD01375_18
U01376,2024-03-14,1198.82,ORD01375_8
U01376,2024-05-10,860.17,ORD01375_19
U01376,2024-06-20,720.95,ORD01375_17
U01376,2024-08-03,803.78,ORD01375_4
U01376,2024-08-30,632.62,ORD01375_9
U01376,2024-09-09,912.34,ORD01375_7
U01376,2024-09-14,1049.92,ORD01375_3
U01376,2024-09-18,828.55,ORD01375_12
U01376,2024-10-04,377.26,ORD01375_2
U01376,2024-11-16,587.5,ORD01375_15
U01376,2024-12-01,1063.74,ORD01375_13
U01377,2024-01-16,850.41,ORD01376_0
U01377,2024-04-13,623.75,ORD01376_3
U01377,2024-05-12,1122.38,ORD01376_12
U01377,2024-05-16,1072.33,ORD01376_16
U01377,2024-05-30,520.96,ORD01376_6
U01377,2024-06-05,840.81,ORD01376_10
U01377,2024-06-21,907.71,ORD01376_1
U01377,2024-06-26,492.58,ORD01376_11
U01377,2024-07-14,966.89,ORD01376_17
U01377,2024-07-23,1225.01,ORD01376_8
U01377,2024-07-31,930.61,ORD01376_9
U01377,2024-08-22,805.94,ORD01376_7
U01377,2024-09-12,391.32,ORD01376_4
U01377,2024-09-27,782.06,ORD01376_5
U01377,2024-11-15,1081.49,ORD01376_13
U01377,2024-12-10,868.62,ORD01376_14
U01377,2024-12-18,888.26,ORD01376_15
U01377,2024-12-24,874.16,ORD01376_2
U01378,2024-02-23,167.67,ORD01377_4
U01378,2024-04-14,175.47,ORD01377_6
U01378,2024-04-27,101.42,ORD01377_5
U01378,2024-06-27,158.64,ORD01377_3
U01378,2024-06-29,101.51,ORD01377_1
U01378,2024-08-16,83.89,ORD01377_7
U01378,2024-11-24,84.01,ORD01377_0
U01378,2024-12-20,82.89,ORD01377_2
U01379,2024-01-16,1053.15,ORD01378_13
U01379,2024-01-19,1233.77,ORD01378_15
U01379,2024-01-24,434.49,ORD01378_2
U01379,2024-02-13,992.34,ORD01378_9
U01379,2024-02-18,1210.5,ORD01378_8
U01379,2024-02-28,1043.52,ORD01378_23
U01379,2024-03-28,712.3,ORD01378_6
U01379,2024-04-02,1087.39,ORD01378_18
U01379,2024-04-28,1247.86,ORD01378_19
U01379,2024-04-29,465.23,ORD01378_24
U01379,2024-05-04,1085.38,ORD01378_12
U01379,2024-05-07,768.26,ORD01378_10
U01379,2024-05-18,665.69,ORD01378_4
U01379,2024-06-12,1355.88,ORD01378_5
U01379,2024-06-18,438.58,ORD01378_11
U01379,2024-07-11,1136.92,ORD01378_0
U01379,2024-07-24,1141.04,ORD01378_16
U01379,2024-09-14,515.23,ORD01378_3
U01379,2024-09-25,1121.78,ORD01378_22
U01379,2024-10-03,871.16,ORD01378_1
U01379,2024-10-20,870.0,ORD01378_14
U01379,2024-10-25,460.11,ORD01378_17
U01379,2024-11-25,1251.46,ORD01378_21
U01379,2024-11-29,469.69,ORD01378_20
U01379,2024-12-20,472.78,ORD01378_7
U01380,2024-09-13,213.2,ORD01379_0
U01381,2024-02-11,138.87,ORD01380_2
U01381,2024-06-06,222.49,ORD01380_0
U01381,2024-11-04,125.24,ORD01380_1
U01382,2024-10-20,100.12,ORD01381_0
U01383,2024-05-19,160.58,ORD01382_4
U01383,2024-08-26,138.71,ORD01382_1
U01383,2024-09-05,180.04,ORD01382_3
U01383,2024-11-19,81.08,ORD01382_0
U01383,2024-11-30,109.27,ORD01382_2
U01384,2024-01-10,281.3,ORD01383_3
U01384,2024-01-11,506.62,ORD01383_7
U01384,2024-05-03,312.78,ORD01383_5
U01384,2024-05-31,278.15,ORD01383_4
U01384,2024-06-19,505.43,ORD01383_8
U01384,2024-07-12,484.04,ORD01383_1
U01384,2024-08-24,495.06,ORD01383_2
U01384,2024-10-16,511.15,ORD01383_6
U01384,2024-11-11,278.25,ORD01383_0
U01385,2024-07-17,56.17,ORD01384_0
U01386,2024-05-13,155.44,ORD01385_4
U01386,2024-05-28,228.83,ORD01385_6
U01386,2024-06-16,115.43,ORD01385_3
U01386,2024-06-29,137.59,ORD01385_5
U01386,2024-07-28,164.8,ORD01385_1
U01386,2024-08-30,302.75,ORD01385_0
U01386,2024-11-10,294.1,ORD01385_2
U01387,2024-02-06,434.33,ORD01386_4
U01387,2024-07-07,233.37,ORD01386_8
U01387,2024-08-14,222.05,ORD01386_7
U01387,2024-08-24,244.65,ORD01386_5
U01387,2024-09-01,665.23,ORD01386_1
U01387,2024-11-04,742.98,ORD01386_0
U01387,2024-11-25,590.95,ORD01386_2
U01387,2024-12-08,602.37,ORD01386_3
U01387,2024-12-20,640.14,ORD01386_6
U01388,2024-07-20,53.63,ORD01387_0
U01388,2024-08-12,20.39,ORD01387_2
U01388,2024-12-06,53.83,ORD01387_1
U01389,2024-02-15,122.87,ORD01388_0
U01389,2024-10-20,40.93,ORD01388_1
U01390,2024-05-16,159.44,ORD01389_1
U01390,2024-09-25,99.97,ORD01389_0
U01391,2024-01-14,99.29,ORD01390_2
U01391,2024-12-16,206.27,ORD01390_0
U01391,2024-12-28,183.38,ORD01390_1
U01392,2024-04-08,238.66,ORD01391_4
U01392,2024-05-22,109.0,ORD01391_1
U01392,2024-05-25,194.26,ORD01391_3
U01392,2024-08-20,409.44,ORD01391_0
U01392,2024-08-20,206.56,ORD01391_5
U01392,2024-09-16,290.65,ORD01391_2
U01393,2024-02-20,220.23,ORD01392_5
U01393,2024-02-23,205.07,ORD01392_6
U01393,2024-03-12,174.93,ORD01392_7
U01393,2024-03-29,86.35,ORD01392_2
U01393,2024-06-16,89.39,ORD01392_8
U01393,2024-08-19,247.28,ORD01392_0
U01393,2024-09-09,149.63,ORD01392_4
U01393,2024-10-26,125.01,ORD01392_3
U01393,2024-11-14,119.88,ORD01392_1
U01394,2024-01-16,116.3,ORD01393_0
U01394,2024-07-08,125.26,ORD01393_1
U01394,2024-09-21,98.22,ORD01393_2
U01395,2024-01-07,653.51,ORD01394_5
U01395,2024-01-24,596.07,ORD01394_4
U01395,2024-01-30,214.47,ORD01394_0
U01395,2024-06-09,455.12,ORD01394_6
U01395,2024-06-16,187.65,ORD01394_1
U01395,2024-06-22,252.94,ORD01394_3
U01395,2024-07-29,546.7,ORD01394_2
U01396,2024-03-16,101.85,ORD01395_1
U01396,2024-08-07,212.24,ORD01395_0
U01396,2024-11-14,69.44,ORD01395_2
U01397,2024-02-18,165.2,ORD01396_7
U01397,2024-07-03,187.94,ORD01396_2
U01397,2024-07-21,116.72,ORD01396_4
U01397,2024-07-28,126.58,ORD01396_5
U01397,2024-08-31,91.21,ORD01396_3
U01397,2024-09-14,162.03,ORD01396_0
U01397,2024-09-27,152.7,ORD01396_6
U01397,2024-12-01,57.84,ORD01396_1
U01398,2024-01-09,379.55,ORD01397_5
U01398,2024-01-12,147.53,ORD01397_13
U01398,2024-01-24,210.46,ORD01397_4
U01398,2024-02-06,474.55,ORD01397_12
U01398,2024-03-15,208.19,ORD01397_19
U01398,2024-03-17,407.76,ORD01397_1
U01398,2024-03-17,336.13,ORD01397_6
U01398,2024-03-24,174.98,ORD01397_21
U01398,2024-03-30,225.51,ORD01397_7
U01398,2024-04-19,207.9,ORD01397_8
U01398,2024-06-15,280.81,ORD01397_20
U01398,2024-06-25,284.73,ORD01397_23
U01398,2024-06-30,281.51,ORD01397_24
U01398,2024-07-03,180.66,ORD01397_14
U01398,2024-07-04,430.73,ORD01397_25
U01398,2024-08-13,341.2,ORD01397_16
U01398,2024-08-14,164.29,ORD01397_10
U01398,2024-09-27,316.32,ORD01397_9
U01398,2024-10-06,449.0,ORD01397_0
U01398,2024-10-13,496.61,ORD01397_3
U01398,2024-10-19,487.81,ORD01397_15
U01398,2024-10-19,281.57,ORD01397_18
U01398,2024-10-23,212.64,ORD01397_2
U01398,2024-11-03,485.95,ORD01397_11
U01398,2024-11-04,252.06,ORD01397_26
U01398,2024-11-06,409.46,ORD01397_17
U01398,2024-11-17,350.82,ORD01397_22
U01399,2024-10-20,604.62,ORD01398_2
U01399,2024-10-26,586.81,ORD01398_0
U01399,2024-12-27,678.49,ORD01398_1
U01399,2024-12-30,361.42,ORD01398_3
U01400,2024-02-16,223.66,ORD01399_3
U01400,2024-04-01,87.32,ORD01399_0
U01400,2024-09-07,262.56,ORD01399_2
U01400,2024-09-19,173.41,ORD01399_4
U01400,2024-11-23,242.17,ORD01399_1
U01401,2024-03-14,361.08,ORD01400_5
U01401,2024-03-21,119.4,ORD01400_3
U01401,2024-03-25,138.53,ORD01400_1
U01401,2024-04-30,272.23,ORD01400_4
U01401,2024-05-18,256.43,ORD01400_0
U01401,2024-08-11,385.82,ORD01400_2
U01402,2024-01-08,632.54,ORD01401_13
U01402,2024-01-10,772.56,ORD01401_1
U01402,2024-02-17,734.74,ORD01401_12
U01402,2024-02-20,1198.59,ORD01401_7
U01402,2024-02-22,1428.02,ORD01401_5
U01402,2024-04-06,1418.0,ORD01401_0
U01402,2024-04-23,1025.61,ORD01401_8
U01402,2024-04-29,928.64,ORD01401_9
U01402,2024-06-01,762.44,ORD01401_2
U01402,2024-06-12,466.86,ORD01401_3
U01402,2024-07-20,786.91,ORD01401_4
U01402,2024-08-02,1096.87,ORD01401_14
U01402,2024-08-30,466.51,ORD01401_10
U01402,2024-10-08,535.7,ORD01401_6
U01402,2024-11-26,665.79,ORD01401_11
U01403,2024-01-09,403.25,ORD01402_0
U01403,2024-02-02,229.35,ORD01402_3
U01403,2024-02-02,550.9,ORD01402_6
U01403,2024-04-23,312.65,ORD01402_1
U01403,2024-07-09,224.25,ORD01402_4
U01403,2024-12-04,332.8,ORD01402_2
U01403,2024-12-29,616.81,ORD01402_5
U01404,2024-01-09,501.9,ORD01403_7
U01404,2024-01-19,751.42,ORD01403_2
U01404,2024-02-06,1274.65,ORD01403_5
U01404,2024-04-13,383.54,ORD01403_3
U01404,2024-04-17,640.81,ORD01403_0
U01404,2024-08-13,1177.54,ORD01403_1
U01404,2024-08-31,1189.22,ORD01403_6
U01404,2024-12-27,729.06,ORD01403_4
U01405,2024-12-23,90.03,ORD01404_0
U01406,2024-01-11,128.34,ORD01405_6
U01406,2024-01-27,282.18,ORD01405_2
U01406,2024-03-09,166.41,ORD01405_0
U01406,2024-03-14,226.12,ORD01405_4
U01406,2024-05-01,226.12,ORD01405_5
U01406,2024-05-21,232.51,ORD01405_3
U01406,2024-11-13,177.71,ORD01405_1
U01407,2024-01-10,373.87,ORD01406_2
U01407,2024-02-26,395.17,ORD01406_5
U01407,2024-03-07,353.11,ORD01406_0
U01407,2024-05-22,451.37,ORD01406_4
U01407,2024-08-28,169.79,ORD01406_3
U01407,2024-08-29,516.51,ORD01406_1
U01407,2024-12-18,243.71,ORD01406_6
U01408,2024-07-01,93.08,ORD01407_2
U01408,2024-08-30,79.14,ORD01407_0
U01408,2024-12-15,69.33,ORD01407_1
U01409,2024-03-12,143.77,ORD01408_0
U01409,2024-03-18,291.38,ORD01408_2
U01409,2024-04-19,383.1,ORD01408_4
U01409,2024-08-30,395.94,ORD01408_1
U01409,2024-10-16,266.31,ORD01408_5
U01409,2024-11-07,249.05,ORD01408_3
U01410,2024-02-13,98.59,ORD01409_0
U01410,2024-09-15,198.66,ORD01409_1
U01411,2024-02-06,576.14,ORD01410_5
U01411,2024-03-15,836.7,ORD01410_2
U01411,2024-04-07,326.59,ORD01410_3
U01411,2024-04-17,837.14,ORD01410_9
U01411,2024-05-08,1081.35,ORD01410_7
U01411,2024-06-01,1007.27,ORD01410_0
U01411,2024-06-12,773.41,ORD01410_4
U01411,2024-08-13,433.61,ORD01410_10
U01411,2024-09-25,1185.81,ORD01410_1
U01411,2024-10-10,1117.21,ORD01410_8
U01411,2024-12-29,434.89,ORD01410_6
U01412,2024-02-03,705.65,ORD01411_8
U01412,2024-04-20,1243.23,ORD01411_3
U01412,2024-05-18,1151.61,ORD01411_4
U01412,2024-06-02,990.73,ORD01411_1
U01412,2024-07-09,519.4,ORD01411_0
U01412,2024-07-16,1143.11,ORD01411_7
U01412,2024-08-07,664.18,ORD01411_5
U01412,2024-08-08,1063.68,ORD01411_2
U01412,2024-09-09,920.3,ORD01411_6
U01413,2024-01-06,490.16,ORD01412_17
U01413,2024-01-13,369.37,ORD01412_0
U01413,2024-01-19,798.01,ORD01412_7
U01413,2024-01-25,628.73,ORD01412_6
U01413,2024-02-05,1004.79,ORD01412_5
U01413,2024-02-09,1398.66,ORD01412_21
U01413,2024-03-10,529.2,ORD01412_1
U01413,2024-03-14,1290.79,ORD01412_22
U01413,2024-03-20,829.64,ORD01412_19
U01413,2024-04-06,1433.44,ORD01412_18
U01413,2024-04-16,1296.69,ORD01412_3
U01413,2024-05-19,1216.23,ORD01412_20
U01413,2024-07-17,569.76,ORD01412_9
U01413,2024-07-22,1169.29,ORD01412_2
U01413,2024-08-28,1458.17,ORD01412_12
U01413,2024-09-12,789.83,ORD01412_10
U01413,2024-10-06,970.72,ORD01412_15
U01413,2024-10-08,963.09,ORD01412_11
U01413,2024-10-20,1012.52,ORD01412_13
U01413,2024-11-02,1439.14,ORD01412_4
U01413,2024-11-05,458.53,ORD01412_8
U01413,2024-11-10,1269.09,ORD01412_14
U01413,2024-11-11,1461.67,ORD01412_16
U01414,2024-04-13,467.59,ORD01413_0
U01414,2024-06-18,317.32,ORD01413_2
U01414,2024-10-06,330.03,ORD01413_1
U01415,2024-01-14,557.17,ORD01414_2
U01415,2024-02-04,299.59,ORD01414_4
U01415,2024-04-15,585.66,ORD01414_1
U01415,2024-05-14,579.29,ORD01414_5
U01415,2024-06-08,407.45,ORD01414_3
U01415,2024-12-28,354.35,ORD01414_0
U01416,2024-05-17,202.39,ORD01415_1
U01416,2024-11-10,141.52,ORD01415_0
U01417,2024-01-10,220.04,ORD01416_2
U01417,2024-03-02,390.0,ORD01416_1
U01417,2024-08-24,314.22,ORD01416_0
U01417,2024-09-23,295.45,ORD01416_3
U01417,2024-11-28,337.5,ORD01416_4
U01418,2024-04-02,276.83,ORD01417_0
U01419,2024-07-26,83.44,ORD01418_1
U01419,2024-12-08,141.93,ORD01418_0
U01420,2024-03-02,185.94,ORD01419_2
U01420,2024-06-04,84.84,ORD01419_0
U01420,2024-08-29,87.79,ORD01419_3
U01420,2024-10-23,100.4,ORD01419_1
U01420,2024-12-23,71.01,ORD01419_4
U01421,2024-07-07,37.13,ORD01420_0
U01422,2024-03-06,116.89,ORD01421_4
U01422,2024-05-29,153.91,ORD01421_5
U01422,2024-07-24,142.86,ORD01421_0
U01422,2024-11-16,223.47,ORD01421_3
U01422,2024-12-05,155.83,ORD01421_2
U01422,2024-12-29,144.63,ORD01421_1
U01423,2024-01-13,186.94,ORD01422_1
U01423,2024-06-27,189.86,ORD01422_0
U01424,2024-03-08,71.55,ORD01423_1
U01424,2024-04-28,189.21,ORD01423_0
U01424,2024-10-31,132.39,ORD01423_2
U01425,2024-03-19,757.49,ORD01424_1
U01425,2024-03-26,240.11,ORD01424_3
U01425,2024-08-16,485.67,ORD01424_0
U01425,2024-09-20,576.78,ORD01424_2
U01426,2024-04-11,66.46,ORD01425_0
U01427,2024-01-04,507.86,ORD01426_4
U01427,2024-01-18,587.05,ORD01426_2
U01427,2024-03-09,412.04,ORD01426_0
U01427,2024-05-04,452.66,ORD01426_3
U01427,2024-08-15,454.27,ORD01426_6
U01427,2024-09-28,321.74,ORD01426_1
U01427,2024-12-16,238.94,ORD01426_5
U01428,2024-01-20,456.64,ORD01427_3
U01428,2024-01-31,157.37,ORD01427_0
U01428,2024-02-13,623.77,ORD01427_4
U01428,2024-03-29,529.34,ORD01427_5
U01428,2024-05-22,294.82,ORD01427_1
U01428,2024-06-14,586.68,ORD01427_2
U01428,2024-08-26,471.81,ORD01427_6
U01428,2024-10-30,336.14,ORD01427_7
U01429,2024-03-28,581.26,ORD01428_3
U01429,2024-04-30,330.43,ORD01428_5
U01429,2024-08-05,412.78,ORD01428_2
U01429,2024-08-09,691.15,ORD01428_1
U01429,2024-12-01,319.88,ORD01428_4
U01429,2024-12-21,429.65,ORD01428_0
U01430,2024-01-12,249.04,ORD01429_6
U01430,2024-02-06,189.88,ORD01429_4
U01430,2024-04-29,195.64,ORD01429_5
U01430,2024-06-19,214.05,ORD01429_1
U01430,2024-06-29,229.14,ORD01429_2
U01430,2024-08-10,228.4,ORD01429_0
U01430,2024-08-14,206.17,ORD01429_3
U01430,2024-09-07,395.09,ORD01429_7
U01431,2024-09-02,457.37,ORD01430_0
U01431,2024-10-27,416.06,ORD01430_1
U01431,2024-12-17,226.27,ORD01430_2
U01432,2024-09-10,131.4,ORD01431_2
U01432,2024-10-26,212.73,ORD01431_1
U01432,2024-12-14,182.61,ORD01431_0
U01433,2024-04-14,50.97,ORD01432_1
U01433,2024-06-17,61.66,ORD01432_2
U01433,2024-12-09,53.15,ORD01432_0
U01434,2024-01-30,137.23,ORD01433_0
U01435,2024-02-20,152.67,ORD01434_0
U01435,2024-04-03,266.82,ORD01434_4
U01435,2024-04-10,125.57,ORD01434_2
U01435,2024-06-02,254.81,ORD01434_5
U01435,2024-09-24,214.8,ORD01434_8
U01435,2024-12-07,295.66,ORD01434_6
U01435,2024-12-08,249.35,ORD01434_1
U01435,2024-12-22,131.52,ORD01434_3
U01435,2024-12-28,119.18,ORD01434_7
U01436,2024-01-07,497.22,ORD01435_0
U01436,2024-03-23,458.33,ORD01435_3
U01436,2024-07-21,502.32,ORD01435_4
U01436,2024-08-01,274.8,ORD01435_2
U01436,2024-09-23,365.24,ORD01435_1
U01436,2024-12-13,186.51,ORD01435_5
U01437,2024-01-25,422.73,ORD01436_7
U01437,2024-03-07,504.0,ORD01436_5
U01437,2024-04-27,578.45,ORD01436_0
U01437,2024-05-09,730.05,ORD01436_3
U01437,2024-07-03,269.04,ORD01436_1
U01437,2024-09-02,612.95,ORD01436_4
U01437,2024-10-14,204.74,ORD01436_6
U01437,2024-12-02,597.14,ORD01436_8
U01437,2024-12-03,640.8,ORD01436_2
U01438,2024-01-28,825.13,ORD01437_6
U01438,2024-02-06,1144.65,ORD01437_17
U01438,2024-02-15,1282.45,ORD01437_9
U01438,2024-03-20,792.41,ORD01437_7
U01438,2024-03-31,734.82,ORD01437_3
U01438,2024-04-15,1047.3,ORD01437_19
U01438,2024-05-01,873.93,ORD01437_20
U01438,2024-05-10,1090.94,ORD01437_4
U01438,2024-05-27,521.0,ORD01437_16
U01438,2024-06-06,1163.75,ORD01437_1
U01438,2024-06-17,375.02,ORD01437_13
U01438,2024-06-25,1017.51,ORD01437_0
U01438,2024-06-29,1070.24,ORD01437_12
U01438,2024-08-04,1166.04,ORD01437_21
U01438,2024-08-08,552.61,ORD01437_2
U01438,2024-08-12,1059.27,ORD01437_5
U01438,2024-09-30,1043.71,ORD01437_15
U01438,2024-10-01,1276.81,ORD01437_18
U01438,2024-11-11,712.87,ORD01437_14
U01438,2024-11-20,650.28,ORD01437_11
U01438,2024-11-23,941.85,ORD01437_8
U01438,2024-12-17,1133.93,ORD01437_10
U01439,2024-08-28,224.36,ORD01438_0
U01440,2024-01-05,209.17,ORD01439_4
U01440,2024-01-11,314.54,ORD01439_1
U01440,2024-02-08,189.19,ORD01439_2
U01440,2024-02-11,131.43,ORD01439_3
U01440,2024-09-29,329.55,ORD01439_0
U01441,2024-01-05,459.46,ORD01440_14
U01441,2024-01-08,252.35,ORD01440_19
U01441,2024-01-12,663.3,ORD01440_22
U01441,2024-01-23,601.64,ORD01440_7
U01441,2024-01-31,614.82,ORD01440_12
U01441,2024-02-15,469.5,ORD01440_6
U01441,2024-02-17,395.39,ORD01440_10
U01441,2024-04-18,338.27,ORD01440_11
U01441,2024-04-25,238.98,ORD01440_1
U01441,2024-05-06,656.61,ORD01440_17
U01441,2024-05-24,489.19,ORD01440_15
U01441,2024-06-27,209.08,ORD01440_21
U01441,2024-07-01,705.89,ORD01440_23
U01441,2024-07-02,485.87,ORD01440_5
U01441,2024-07-05,179.39,ORD01440_0
U01441,2024-07-08,573.27,ORD01440_24
U01441,2024-07-10,216.58,ORD01440_2
U01441,2024-07-14,682.34,ORD01440_9
U01441,2024-07-14,547.12,ORD01440_16
U01441,2024-07-17,481.49,ORD01440_20
U01441,2024-08-08,614.31,ORD01440_3
U01441,2024-09-14,634.11,ORD01440_25
U01441,2024-09-21,600.19,ORD01440_8
U01441,2024-10-17,653.43,ORD01440_4
U01441,2024-11-26,219.83,ORD01440_18
U01441,2024-12-20,664.64,ORD01440_13
U01442,2024-01-30,80.11,ORD01441_0
U01442,2024-01-31,87.27,ORD01441_1
U01443,2024-01-19,173.83,ORD01442_3
U01443,2024-03-01,133.81,ORD01442_0
U01443,2024-04-22,358.21,ORD01442_2
U01443,2024-07-09,150.37,ORD01442_5
U01443,2024-08-04,301.35,ORD01442_4
U01443,2024-09-28,354.67,ORD01442_1
U01444,2024-02-19,238.06,ORD01443_1
U01444,2024-03-13,304.79,ORD01443_0
U01444,2024-09-17,319.16,ORD01443_3
U01444,2024-11-03,190.84,ORD01443_2
U01444,2024-12-16,277.43,ORD01443_4
U01445,2024-03-08,227.57,ORD01444_0
U01445,2024-05-21,189.58,ORD01444_3
U01445,2024-08-10,287.08,ORD01444_5
U01445,2024-08-20,390.23,ORD01444_1
U01445,2024-09-28,317.93,ORD01444_4
U01445,2024-11-20,244.9,ORD01444_2
U01446,2024-04-28,312.3,ORD01445_0
U01446,2024-06-15,542.27,ORD01445_4
U01446,2024-09-14,182.85,ORD01445_1
U01446,2024-10-03,230.33,ORD01445_3
U01446,2024-12-16,350.86,ORD01445_2
U01447,2024-01-19,767.27,ORD01446_7
U01447,2024-02-12,285.3,ORD01446_4
U01447,2024-02-17,566.28,ORD01446_8
U01447,2024-03-08,490.11,ORD01446_1
U01447,2024-03-11,474.83,ORD01446_12
U01447,2024-04-08,396.64,ORD01446_13
U01447,2024-04-17,875.21,ORD01446_14
U01447,2024-04-20,574.3,ORD01446_2
U01447,2024-06-11,297.51,ORD01446_11
U01447,2024-06-20,428.25,ORD01446_5
U01447,2024-06-23,899.82,ORD01446_3
U01447,2024-06-26,643.02,ORD01446_18
U01447,2024-07-06,881.57,ORD01446_10
U01447,2024-07-10,869.65,ORD01446_19
U01447,2024-07-21,753.23,ORD01446_0
U01447,2024-08-04,550.33,ORD01446_16
U01447,2024-08-06,783.16,ORD01446_9
U01447,2024-08-18,471.61,ORD01446_15
U01447,2024-11-06,483.03,ORD01446_6
U01447,2024-12-17,1000.78,ORD01446_17
U01448,2024-01-03,479.27,ORD01447_0
U01448,2024-03-15,407.96,ORD01447_1
U01448,2024-04-03,319.2,ORD01447_4
U01448,2024-08-18,212.15,ORD01447_2
U01448,2024-09-16,529.93,ORD01447_3
U01449,2024-01-23,104.04,ORD01448_1
U01449,2024-02-13,88.6,ORD01448_0
U01449,2024-08-21,91.91,ORD01448_2
U01450,2024-04-23,206.99,ORD01449_2
U01450,2024-06-18,323.66,ORD01449_5
U01450,2024-07-07,223.38,ORD01449_0
U01450,2024-07-07,393.22,ORD01449_1
U01450,2024-09-22,287.44,ORD01449_4
U01450,2024-12-10,342.0,ORD01449_3
U01451,2024-01-29,352.62,ORD01450_1
U01451,2024-01-31,93.95,ORD01450_3
U01451,2024-02-05,110.1,ORD01450_4
U01451,2024-03-17,285.76,ORD01450_2
U01451,2024-07-06,276.24,ORD01450_0
U01452,2024-02-14,157.33,ORD01451_1
U01452,2024-02-25,111.04,ORD01451_3
U01452,2024-06-03,95.42,ORD01451_0
U01452,2024-06-23,244.79,ORD01451_2
U01452,2024-09-21,68.89,ORD01451_4
U01453,2024-01-21,178.27,ORD01452_6
U01453,2024-01-26,188.01,ORD01452_5
U01453,2024-02-07,166.65,ORD01452_0
U01453,2024-04-14,548.17,ORD01452_1
U01453,2024-05-09,320.29,ORD01452_2
U01453,2024-07-12,271.25,ORD01452_3
U01453,2024-11-22,193.49,ORD01452_7
U01453,2024-12-06,541.17,ORD01452_4
U01454,2024-06-14,78.31,ORD01453_0
U01455,2024-01-22,1422.06,ORD01454_12
U01455,2024-02-04,1246.77,ORD01454_0
U01455,2024-02-05,1461.65,ORD01454_20
U01455,2024-02-23,982.92,ORD01454_6
U01455,2024-02-26,550.52,ORD01454_22
U01455,2024-03-09,1459.95,ORD01454_3
U01455,2024-03-14,1475.26,ORD01454_16
U01455,2024-03-29,1156.51,ORD01454_9
U01455,2024-03-30,1020.13,ORD01454_15
U01455,2024-06-23,1128.59,ORD01454_7
U01455,2024-07-02,1379.24,ORD01454_14
U01455,2024-07-16,914.02,ORD01454_18
U01455,2024-08-11,435.22,ORD01454_1
U01455,2024-08-16,1228.77,ORD01454_11
U01455,2024-08-19,754.73,ORD01454_5
U01455,2024-08-21,1522.22,ORD01454_4
U01455,2024-11-03,802.0,ORD01454_21
U01455,2024-11-09,999.63,ORD01454_13
U01455,2024-11-24,1357.31,ORD01454_17
U01455,2024-12-09,1104.19,ORD01454_19
U01455,2024-12-16,575.78,ORD01454_2
U01455,2024-12-26,674.11,ORD01454_10
U01455,2024-12-30,1163.58,ORD01454_8
U01456,2024-03-23,275.61,ORD01455_5
U01456,2024-04-02,740.28,ORD01455_3
U01456,2024-08-01,804.21,ORD01455_4
U01456,2024-09-08,585.14,ORD01455_0
U01456,2024-09-23,420.69,ORD01455_1
U01456,2024-10-07,472.76,ORD01455_6
U01456,2024-11-24,750.42,ORD01455_7
U01456,2024-11-27,335.56,ORD01455_2
U01457,2024-03-27,908.39,ORD01456_6
U01457,2024-04-28,1060.78,ORD01456_1
U01457,2024-05-09,1162.91,ORD01456_0
U01457,2024-07-21,819.65,ORD01456_4
U01457,2024-09-15,490.06,ORD01456_7
U01457,2024-10-29,365.31,ORD01456_3
U01457,2024-11-08,1009.31,ORD01456_8
U01457,2024-11-23,773.32,ORD01456_2
U01457,2024-12-15,311.68,ORD01456_5
U01458,2024-01-03,234.42,ORD01457_8
U01458,2024-03-08,169.65,ORD01457_7
U01458,2024-03-22,498.22,ORD01457_1
U01458,2024-05-03,612.67,ORD01457_5
U01458,2024-06-27,241.36,ORD01457_6
U01458,2024-08-11,608.62,ORD01457_3
U01458,2024-09-21,185.03,ORD01457_9
U01458,2024-10-03,474.76,ORD01457_4
U01458,2024-10-06,311.47,ORD01457_2
U01458,2024-11-21,356.08,ORD01457_0
U01459,2024-02-04,122.79,ORD01458_1
U01459,2024-03-25,265.52,ORD01458_0
U01460,2024-01-08,909.96,ORD01459_8
U01460,2024-01-29,718.88,ORD01459_3
U01460,2024-02-21,948.92,ORD01459_15
U01460,2024-04-04,1047.87,ORD01459_17
U01460,2024-04-09,655.34,ORD01459_0
U01460,2024-04-27,547.03,ORD01459_2
U01460,2024-05-16,817.74,ORD01459_16
U01460,2024-05-23,349.37,ORD01459_13
U01460,2024-05-27,786.97,ORD01459_9
U01460,2024-07-05,533.49,ORD01459_5
U01460,2024-07-21,1118.1,ORD01459_21
U01460,2024-08-11,358.36,ORD01459_14
U01460,2024-08-22,511.46,ORD01459_10
U01460,2024-09-14,502.56,ORD01459_18
U01460,2024-09-20,526.18,ORD01459_7
U01460,2024-10-02,1082.98,ORD01459_12
U01460,2024-10-25,336.74,ORD01459_6
U01460,2024-10-27,646.84,ORD01459_1
U01460,2024-11-23,398.9,ORD01459_11
U01460,2024-11-27,812.79,ORD01459_19
U01460,2024-12-05,413.37,ORD01459_4
U01460,2024-12-15,1001.41,ORD01459_20
U01461,2024-03-17,51.11,ORD01460_0
U01462,2024-05-04,110.95,ORD01461_1
U01462,2024-05-31,162.98,ORD01461_6
U01462,2024-08-23,143.31,ORD01461_4
U01462,2024-10-07,228.07,ORD01461_3
U01462,2024-11-10,262.89,ORD01461_2
U01462,2024-11-15,266.65,ORD01461_0
U01462,2024-11-22,227.32,ORD01461_5
U01463,2024-11-21,109.97,ORD01462_0
U01464,2024-01-05,1119.82,ORD01463_5
U01464,2024-01-19,403.54,ORD01463_23
U01464,2024-01-29,1101.98,ORD01463_18
U01464,2024-02-12,811.86,ORD01463_8
U01464,2024-02-21,520.82,ORD01463_2
U01464,2024-03-12,1090.22,ORD01463_4
U01464,2024-03-12,844.71,ORD01463_9
U01464,2024-03-27,696.42,ORD01463_1
U01464,2024-04-19,374.87,ORD01463_13
U01464,2024-04-30,555.63,ORD01463_6
U01464,2024-05-01,749.38,ORD01463_24
U01464,2024-05-10,390.69,ORD01463_14
U01464,2024-05-18,789.1,ORD01463_15
U01464,2024-05-18,640.0,ORD01463_21
U01464,2024-06-17,819.63,ORD01463_25
U01464,2024-06-18,530.67,ORD01463_12
U01464,2024-06-22,685.52,ORD01463_19
U01464,2024-06-27,301.91,ORD01463_20
U01464,2024-07-10,827.91,ORD01463_17
U01464,2024-08-14,1075.05,ORD01463_0
U01464,2024-08-26,485.66,ORD01463_3
U01464,2024-08-26,928.08,ORD01463_16
U01464,2024-09-09,664.3,ORD01463_22
U01464,2024-09-18,973.1,ORD01463_7
U01464,2024-10-19,1154.27,ORD01463_11
U01464,2024-11-09,307.14,ORD01463_10
U01465,2024-04-23,339.69,ORD01464_0
U01465,2024-04-30,340.84,ORD01464_2
U01465,2024-11-16,200.71,ORD01464_1
U01466,2024-01-27,60.6,ORD01465_0
U01467,2024-02-12,441.39,ORD01466_2
U01467,2024-04-05,127.17,ORD01466_3
U01467,2024-04-23,450.71,ORD01466_1
U01467,2024-08-29,276.21,ORD01466_4
U01467,2024-09-05,250.9,ORD01466_0
U01468,2024-02-28,72.06,ORD01467_1
U01468,2024-08-18,77.59,ORD01467_0
U01468,2024-12-16,79.54,ORD01467_2
U01469,2024-08-02,118.46,ORD01468_1
U01469,2024-10-14,73.2,ORD01468_0
U01470,2024-02-20,916.56,ORD01469_0
U01470,2024-02-25,683.39,ORD01469_5
U01470,2024-03-08,886.37,ORD01469_2
U01470,2024-03-15,1023.29,ORD01469_1
U01470,2024-04-02,536.35,ORD01469_7
U01470,2024-05-23,342.45,ORD01469_3
U01470,2024-08-14,741.35,ORD01469_4
U01470,2024-08-14,742.75,ORD01469_6
U01470,2024-12-10,493.05,ORD01469_8
U01471,2024-01-06,551.83,ORD01470_4
U01471,2024-02-27,312.9,ORD01470_16
U01471,2024-03-03,585.5,ORD01470_9
U01471,2024-03-08,519.9,ORD01470_8
U01471,2024-03-13,220.41,ORD01470_7
U01471,2024-05-05,356.6,ORD01470_12
U01471,2024-05-13,275.81,ORD01470_10
U01471,2024-05-29,306.18,ORD01470_5
U01471,2024-07-01,325.48,ORD01470_14
U01471,2024-07-24,336.39,ORD01470_13
U01471,2024-08-15,302.99,ORD01470_15
U01471,2024-08-31,224.8,ORD01470_3
U01471,2024-09-06,236.3,ORD01470_0
U01471,2024-09-10,539.99,ORD01470_2
U01471,2024-09-25,514.37,ORD01470_1
U01471,2024-10-08,241.04,ORD01470_6
U01471,2024-11-02,580.9,ORD01470_11
U01472,2024-08-27,251.74,ORD01471_0
U01472,2024-11-27,108.45,ORD01471_1
U01473,2024-01-01,193.69,ORD01472_0
U01473,2024-02-02,153.83,ORD01472_2
U01473,2024-10-14,269.78,ORD01472_1
U01474,2024-01-23,1041.29,ORD01473_0
U01474,2024-03-23,1388.89,ORD01473_6
U01474,2024-05-18,1514.93,ORD01473_4
U01474,2024-05-18,590.66,ORD01473_5
U01474,2024-06-10,918.93,ORD01473_2
U01474,2024-06-21,622.23,ORD01473_1
U01474,2024-07-10,1466.02,ORD01473_8
U01474,2024-07-27,572.54,ORD01473_3
U01474,2024-11-12,479.02,ORD01473_7
U01475,2024-01-16,641.38,ORD01474_5
U01475,2024-01-20,395.39,ORD01474_17
U01475,2024-03-19,541.08,ORD01474_7
U01475,2024-04-20,806.28,ORD01474_4
U01475,2024-04-24,282.03,ORD01474_19
U01475,2024-05-04,491.9,ORD01474_2
U01475,2024-05-12,573.67,ORD01474_20
U01475,2024-05-20,536.75,ORD01474_6
U01475,2024-05-28,864.68,ORD01474_8
U01475,2024-06-09,400.93,ORD01474_13
U01475,2024-06-10,648.52,ORD01474_18
U01475,2024-07-08,870.97,ORD01474_11
U01475,2024-07-16,493.65,ORD01474_14
U01475,2024-09-05,251.97,ORD01474_0
U01475,2024-09-10,412.87,ORD01474_16
U01475,2024-10-05,591.09,ORD01474_9
U01475,2024-11-28,221.42,ORD01474_10
U01475,2024-12-02,589.96,ORD01474_1
U01475,2024-12-03,630.6,ORD01474_3
U01475,2024-12-19,283.06,ORD01474_12
U01475,2024-12-29,463.6,ORD01474_15
U01476,2024-06-17,77.38,ORD01475_0
U01476,2024-08-05,82.25,ORD01475_1
U01477,2024-01-04,221.81,ORD01476_9
U01477,2024-02-13,476.32,ORD01476_0
U01477,2024-04-25,561.95,ORD01476_5
U01477,2024-05-15,402.13,ORD01476_4
U01477,2024-06-03,581.59,ORD01476_6
U01477,2024-07-18,190.92,ORD01476_3
U01477,2024-07-31,481.85,ORD01476_10
U01477,2024-10-11,573.27,ORD01476_1
U01477,2024-12-06,228.46,ORD01476_7
U01477,2024-12-07,399.82,ORD01476_8
U01477,2024-12-20,488.55,ORD01476_2
U01478,2024-02-11,247.72,ORD01477_1
U01478,2024-02-17,226.97,ORD01477_2
U01478,2024-10-01,114.42,ORD01477_0
U01479,2024-12-08,229.52,ORD01478_0
U01480,2024-07-16,158.23,ORD01479_0
U01480,2024-08-18,177.4,ORD01479_2
U01480,2024-12-06,155.33,ORD01479_1
U01481,2024-02-22,548.88,ORD01480_0
U01481,2024-03-24,552.29,ORD01480_1
U01481,2024-10-11,182.2,ORD01480_2
U01482,2024-03-13,181.77,ORD01481_1
U01482,2024-08-15,640.48,ORD01481_2
U01482,2024-11-09,435.11,ORD01481_0
U01483,2024-08-30,59.3,ORD01482_1
U01483,2024-09-21,161.08,ORD01482_2
U01483,2024-11-10,157.75,ORD01482_0
U01484,2024-03-15,174.71,ORD01483_2
U01484,2024-05-23,89.64,ORD01483_0
U01484,2024-05-31,218.99,ORD01483_1
U01485,2024-03-15,331.17,ORD01484_4
U01485,2024-03-29,439.69,ORD01484_0
U01485,2024-08-03,211.65,ORD01484_1
U01485,2024-09-15,176.83,ORD01484_2
U01485,2024-10-13,377.14,ORD01484_3
U01486,2024-01-01,187.57,ORD01485_13
U01486,2024-01-04,365.5,ORD01485_22
U01486,2024-01-07,310.21,ORD01485_7
U01486,2024-02-03,306.87,ORD01485_15
U01486,2024-03-10,415.23,ORD01485_24
U01486,2024-03-31,162.35,ORD01485_6
U01486,2024-04-07,401.49,ORD01485_9
U01486,2024-04-20,504.3,ORD01485_0
U01486,2024-04-24,424.28,ORD01485_20
U01486,2024-06-16,250.67,ORD01485_17
U01486,2024-06-18,461.64,ORD01485_18
U01486,2024-07-01,366.68,ORD01485_10
U01486,2024-07-31,168.93,ORD01485_14
U01486,2024-08-02,184.9,ORD01485_2
U01486,2024-08-15,461.93,ORD01485_11
U01486,2024-08-21,408.87,ORD01485_25
U01486,2024-09-28,475.01,ORD01485_23
U01486,2024-10-07,207.6,ORD01485_3
U01486,2024-10-15,144.11,ORD01485_21
U01486,2024-11-11,195.85,ORD01485_19
U01486,2024-12-02,217.02,ORD01485_5
U01486,2024-12-15,244.15,ORD01485_8
U01486,2024-12-21,270.63,ORD01485_1
U01486,2024-12-23,144.53,ORD01485_12
U01486,2024-12-26,208.64,ORD01485_4
U01486,2024-12-26,411.57,ORD01485_16
U01487,2024-04-27,340.79,ORD01486_7
U01487,2024-06-22,236.59,ORD01486_3
U01487,2024-07-12,481.77,ORD01486_0
U01487,2024-10-27,356.06,ORD01486_4
U01487,2024-11-05,491.84,ORD01486_5
U01487,2024-11-17,522.67,ORD01486_8
U01487,2024-12-06,418.79,ORD01486_1
U01487,2024-12-06,456.01,ORD01486_6
U01487,2024-12-10,562.58,ORD01486_2
U01488,2024-04-29,239.09,ORD01487_0
U01488,2024-07-19,182.94,ORD01487_1
U01489,2024-08-11,26.64,ORD01488_0
U01489,2024-10-31,58.4,ORD01488_1
U01490,2024-01-22,158.48,ORD01489_6
U01490,2024-03-04,322.22,ORD01489_5
U01490,2024-06-02,113.83,ORD01489_2
U01490,2024-06-22,144.45,ORD01489_0
U01490,2024-07-28,231.61,ORD01489_3
U01490,2024-09-11,227.46,ORD01489_4
U01490,2024-11-06,297.06,ORD01489_1
U01491,2024-02-24,264.76,ORD01490_1
U01491,2024-07-09,564.9,ORD01490_0
U01491,2024-10-10,499.09,ORD01490_2
U01492,2024-02-28,32.58,ORD01491_1
U01492,2024-12-15,88.77,ORD01491_0
U01493,2024-01-24,417.5,ORD01492_2
U01493,2024-05-19,759.12,ORD01492_6
U01493,2024-07-25,714.94,ORD01492_9
U01493,2024-07-26,823.82,ORD01492_5
U01493,2024-09-14,577.57,ORD01492_4
U01493,2024-10-05,512.48,ORD01492_0
U01493,2024-10-15,448.62,ORD01492_7
U01493,2024-11-29,721.44,ORD01492_1
U01493,2024-11-30,492.98,ORD01492_3
U01493,2024-12-03,611.01,ORD01492_8
U01493,2024-12-10,535.59,ORD01492_10
U01494,2024-01-11,339.26,ORD01493_0
U01494,2024-07-16,334.11,ORD01493_2
U01494,2024-10-26,165.45,ORD01493_1
U01494,2024-11-30,409.87,ORD01493_3
U01495,2024-01-11,174.61,ORD01494_4
U01495,2024-02-27,151.18,ORD01494_8
U01495,2024-04-02,380.44,ORD01494_2
U01495,2024-05-30,191.78,ORD01494_7
U01495,2024-07-24,115.29,ORD01494_3
U01495,2024-08-19,287.7,ORD01494_5
U01495,2024-09-30,281.83,ORD01494_6
U01495,2024-11-14,214.15,ORD01494_1
U01495,2024-12-29,154.87,ORD01494_0
U01496,2024-02-16,40.03,ORD01495_0
U01496,2024-03-03,49.61,ORD01495_2
U01496,2024-10-01,44.79,ORD01495_1
U01497,2024-02-17,648.52,ORD01496_0
U01497,2024-03-17,367.48,ORD01496_3
U01497,2024-04-04,249.54,ORD01496_1
U01497,2024-04-11,371.9,ORD01496_5
U01497,2024-07-26,255.11,ORD01496_2
U01497,2024-12-25,670.41,ORD01496_4
U01498,2024-02-13,387.68,ORD01497_2
U01498,2024-02-18,273.4,ORD01497_7
U01498,2024-03-26,518.11,ORD01497_0
U01498,2024-03-29,196.85,ORD01497_8
U01498,2024-03-30,470.79,ORD01497_3
U01498,2024-04-15,307.08,ORD01497_5
U01498,2024-04-18,148.09,ORD01497_4
U01498,2024-07-14,246.52,ORD01497_1
U01498,2024-09-19,383.42,ORD01497_6
U01499,2024-02-04,912.98,ORD01498_4
U01499,2024-03-15,377.38,ORD01498_0
U01499,2024-04-10,525.73,ORD01498_8
U01499,2024-05-01,988.35,ORD01498_6
U01499,2024-05-07,1019.35,ORD01498_9
U01499,2024-05-26,473.59,ORD01498_3
U01499,2024-07-03,420.17,ORD01498_7
U01499,2024-07-15,788.24,ORD01498_2
U01499,2024-07-24,878.45,ORD01498_5
U01499,2024-12-22,711.48,ORD01498_1
U01500,2024-07-21,195.26,ORD01499_0
U01500,2024-10-30,232.93,ORD01499_1
U01501,2024-01-24,578.63,ORD01500_10
U01501,2024-02-09,344.17,ORD01500_2
U01501,2024-03-17,471.49,ORD01500_7
U01501,2024-03-19,515.17,ORD01500_19
U01501,2024-03-30,485.17,ORD01500_1
U01501,2024-04-27,354.33,ORD01500_6
U01501,2024-04-27,281.01,ORD01500_23
U01501,2024-05-07,513.62,ORD01500_9
U01501,2024-05-28,539.88,ORD01500_21
U01501,2024-06-20,469.77,ORD01500_8
U01501,2024-06-25,211.54,ORD01500_11
U01501,2024-06-26,243.81,ORD01500_16
U01501,2024-08-08,555.22,ORD01500_0
U01501,2024-08-26,240.84,ORD01500_18
U01501,2024-09-12,448.1,ORD01500_4
U01501,2024-09-19,463.4,ORD01500_3
U01501,2024-09-26,461.55,ORD01500_14
U01501,2024-10-21,488.19,ORD01500_15
U01501,2024-11-02,598.78,ORD01500_17
U01501,2024-11-09,412.59,ORD01500_5
U01501,2024-11-14,277.74,ORD01500_12
U01501,2024-11-18,186.87,ORD01500_22
U01501,2024-12-11,539.68,ORD01500_20
U01501,2024-12-27,372.75,ORD01500_13
U01502,2024-01-03,552.84,ORD01501_2
U01502,2024-02-06,316.39,ORD01501_15
U01502,2024-04-11,147.24,ORD01501_11
U01502,2024-04-13,426.77,ORD01501_3
U01502,2024-04-27,382.57,ORD01501_8
U01502,2024-04-29,453.35,ORD01501_5
U01502,2024-05-28,247.82,ORD01501_9
U01502,2024-07-01,362.86,ORD01501_7
U01502,2024-09-06,478.78,ORD01501_1
U01502,2024-09-15,459.36,ORD01501_6
U01502,2024-10-07,498.51,ORD01501_0
U01502,2024-10-14,394.52,ORD01501_4
U01502,2024-11-13,558.23,ORD01501_14
U01502,2024-11-17,375.56,ORD01501_12
U01502,2024-12-12,344.32,ORD01501_13
U01502,2024-12-17,150.36,ORD01501_10
U01503,2024-03-22,577.46,ORD01502_3
U01503,2024-04-16,637.28,ORD01502_0
U01503,2024-09-27,185.84,ORD01502_2
U01503,2024-11-30,527.84,ORD01502_1
U01504,2024-01-10,485.07,ORD01503_2
U01504,2024-01-19,1025.62,ORD01503_0
U01504,2024-02-01,322.5,ORD01503_12
U01504,2024-03-20,400.17,ORD01503_9
U01504,2024-04-17,723.48,ORD01503_7
U01504,2024-05-11,763.21,ORD01503_1
U01504,2024-05-14,856.54,ORD01503_3
U01504,2024-06-09,419.62,ORD01503_11
U01504,2024-08-08,524.01,ORD01503_8
U01504,2024-08-28,626.07,ORD01503_5
U01504,2024-09-14,741.3,ORD01503_4
U01504,2024-11-20,766.45,ORD01503_6
U01504,2024-12-21,320.17,ORD01503_10
U01505,2024-01-19,474.36,ORD01504_4
U01505,2024-02-24,294.59,ORD01504_3
U01505,2024-07-10,270.88,ORD01504_2
U01505,2024-10-04,517.08,ORD01504_1
U01505,2024-11-28,318.11,ORD01504_0
U01505,2024-12-15,146.25,ORD01504_5
U01506,2024-02-27,293.12,ORD01505_0
U01506,2024-03-02,549.86,ORD01505_1
U01506,2024-04-04,543.84,ORD01505_3
U01506,2024-04-04,420.91,ORD01505_5
U01506,2024-05-21,238.08,ORD01505_4
U01506,2024-07-08,602.95,ORD01505_6
U01506,2024-07-13,303.03,ORD01505_7
U01506,2024-08-26,524.24,ORD01505_2
U01506,2024-10-25,318.31,ORD01505_8
U01507,2024-07-08,61.36,ORD01506_1
U01507,2024-12-30,158.42,ORD01506_0
U01508,2024-01-10,229.4,ORD01507_0
U01508,2024-04-20,203.94,ORD01507_1
U01509,2024-08-20,204.23,ORD01508_0
U01510,2024-01-08,570.72,ORD01509_4
U01510,2024-02-12,877.61,ORD01509_0
U01510,2024-03-14,439.4,ORD01509_16
U01510,2024-03-19,405.09,ORD01509_15
U01510,2024-04-21,713.52,ORD01509_14
U01510,2024-04-24,436.47,ORD01509_2
U01510,2024-04-30,854.69,ORD01509_1
U01510,2024-05-14,630.99,ORD01509_5
U01510,2024-05-24,469.79,ORD01509_7
U01510,2024-06-23,533.93,ORD01509_3
U01510,2024-07-15,954.55,ORD01509_9
U01510,2024-07-16,732.33,ORD01509_13
U01510,2024-08-27,268.78,ORD01509_6
U01510,2024-09-13,486.58,ORD01509_12
U01510,2024-09-15,629.64,ORD01509_11
U01510,2024-09-17,493.69,ORD01509_10
U01510,2024-10-08,560.43,ORD01509_8
U01511,2024-12-17,111.39,ORD01510_0
U01512,2024-01-11,350.55,ORD01511_14
U01512,2024-01-12,338.11,ORD01511_15
U01512,2024-01-22,656.53,ORD01511_11
U01512,2024-01-31,383.12,ORD01511_0
U01512,2024-02-03,503.82,ORD01511_7
U01512,2024-02-23,295.9,ORD01511_18
U01512,2024-03-14,370.79,ORD01511_20
U01512,2024-03-20,346.63,ORD01511_9
U01512,2024-04-15,243.17,ORD01511_4
U01512,2024-04-30,293.45,ORD01511_19
U01512,2024-04-30,639.0,ORD01511_22
U01512,2024-05-07,676.77,ORD01511_2
U01512,2024-05-10,551.86,ORD01511_16
U01512,2024-05-22,495.44,ORD01511_17
U01512,2024-06-17,191.0,ORD01511_6
U01512,2024-07-02,188.62,ORD01511_3
U01512,2024-07-10,658.26,ORD01511_21
U01512,2024-07-23,471.32,ORD01511_1
U01512,2024-07-29,344.92,ORD01511_8
U01512,2024-11-21,377.44,ORD01511_10
U01512,2024-12-04,535.28,ORD01511_5
U01512,2024-12-06,476.03,ORD01511_13
U01512,2024-12-09,579.5,ORD01511_12
U01513,2024-06-16,93.3,ORD01512_2
U01513,2024-07-29,75.41,ORD01512_1
U01513,2024-12-29,69.53,ORD01512_0
U01514,2024-02-27,68.71,ORD01513_0
U01514,2024-04-14,168.04,ORD01513_2
U01514,2024-06-19,76.22,ORD01513_5
U01514,2024-06-29,130.48,ORD01513_6
U01514,2024-11-25,158.24,ORD01513_4
U01514,2024-12-05,202.88,ORD01513_1
U01514,2024-12-09,135.89,ORD01513_3
U01515,2024-01-30,1163.93,ORD01514_9
U01515,2024-02-25,808.68,ORD01514_4
U01515,2024-03-17,838.0,ORD01514_3
U01515,2024-05-28,981.63,ORD01514_6
U01515,2024-06-15,554.1,ORD01514_5
U01515,2024-07-24,1115.0,ORD01514_8
U01515,2024-08-04,948.83,ORD01514_11
U01515,2024-08-08,837.21,ORD01514_12
U01515,2024-08-18,393.2,ORD01514_10
U01515,2024-08-21,1281.3,ORD01514_2
U01515,2024-10-21,362.55,ORD01514_0
U01515,2024-11-09,594.03,ORD01514_1
U01515,2024-12-10,692.6,ORD01514_7
U01516,2024-02-02,165.83,ORD01515_4
U01516,2024-02-17,147.71,ORD01515_3
U01516,2024-03-29,223.21,ORD01515_8
U01516,2024-04-18,283.68,ORD01515_2
U01516,2024-06-07,179.53,ORD01515_7
U01516,2024-08-05,218.24,ORD01515_6
U01516,2024-09-07,172.85,ORD01515_5
U01516,2024-10-14,289.32,ORD01515_1
U01516,2024-10-19,125.75,ORD01515_0
U01517,2024-05-04,69.42,ORD01516_0
U01518,2024-02-07,475.49,ORD01517_9
U01518,2024-02-22,180.76,ORD01517_1
U01518,2024-03-19,279.03,ORD01517_15
U01518,2024-03-27,185.12,ORD01517_3
U01518,2024-04-21,330.46,ORD01517_10
U01518,2024-04-23,303.7,ORD01517_8
U01518,2024-04-26,282.02,ORD01517_6
U01518,2024-04-29,489.6,ORD01517_5
U01518,2024-05-08,541.89,ORD01517_0
U01518,2024-06-20,308.73,ORD01517_11
U01518,2024-07-26,411.54,ORD01517_13
U01518,2024-09-03,337.81,ORD01517_2
U01518,2024-09-05,379.93,ORD01517_4
U01518,2024-11-15,269.26,ORD01517_7
U01518,2024-11-26,571.24,ORD01517_16
U01518,2024-11-28,427.88,ORD01517_12
U01518,2024-11-29,173.54,ORD01517_14
U01519,2024-03-24,64.87,ORD01518_1
U01519,2024-08-10,96.06,ORD01518_0
U01520,2024-01-11,519.65,ORD01519_9
U01520,2024-02-09,273.72,ORD01519_7
U01520,2024-02-11,503.02,ORD01519_10
U01520,2024-02-29,466.92,ORD01519_8
U01520,2024-04-24,830.71,ORD01519_5
U01520,2024-06-30,529.14,ORD01519_6
U01520,2024-07-07,242.28,ORD01519_11
U01520,2024-07-11,448.98,ORD01519_0
U01520,2024-07-11,674.87,ORD01519_3
U01520,2024-07-20,567.86,ORD01519_2
U01520,2024-07-22,259.18,ORD01519_4
U01520,2024-12-19,275.19,ORD01519_1
U01521,2024-06-03,158.46,ORD01520_0
U01521,2024-07-12,180.74,ORD01520_1
U01522,2024-05-05,39.0,ORD01521_1
U01522,2024-09-26,67.89,ORD01521_0
U01523,2024-10-21,23.58,ORD01522_0
U01524,2024-01-13,368.59,ORD01523_2
U01524,2024-01-21,775.9,ORD01523_3
U01524,2024-01-30,510.3,ORD01523_5
U01524,2024-02-14,715.69,ORD01523_14
U01524,2024-03-14,344.69,ORD01523_13
U01524,2024-03-29,241.05,ORD01523_12
U01524,2024-04-06,460.16,ORD01523_7
U01524,2024-05-03,201.33,ORD01523_0
U01524,2024-07-03,560.55,ORD01523_1
U01524,2024-08-09,540.27,ORD01523_9
U01524,2024-09-04,569.85,ORD01523_10
U01524,2024-09-14,676.31,ORD01523_4
U01524,2024-10-06,636.11,ORD01523_8
U01524,2024-11-06,370.05,ORD01523_6
U01524,2024-12-19,747.82,ORD01523_11
U01525,2024-03-01,206.51,ORD01524_0
U01525,2024-03-11,170.59,ORD01524_4
U01525,2024-03-27,216.44,ORD01524_1
U01525,2024-04-20,413.86,ORD01524_3
U01525,2024-08-15,405.77,ORD01524_2
U01526,2024-01-08,326.31,ORD01525_2
U01526,2024-02-16,480.96,ORD01525_1
U01526,2024-03-07,673.99,ORD01525_3
U01526,2024-04-03,638.25,ORD01525_6
U01526,2024-06-21,290.69,ORD01525_4
U01526,2024-09-03,525.28,ORD01525_7
U01526,2024-10-06,664.06,ORD01525_5
U01526,2024-10-09,495.74,ORD01525_0
U01527,2024-03-22,145.78,ORD01526_1
U01527,2024-07-29,60.64,ORD01526_2
U01527,2024-10-11,72.92,ORD01526_0
U01528,2024-03-29,229.76,ORD01527_0
U01528,2024-09-16,381.07,ORD01527_2
U01528,2024-12-24,265.92,ORD01527_1
U01529,2024-02-27,257.74,ORD01528_3
U01529,2024-05-04,286.76,ORD01528_1
U01529,2024-08-14,422.58,ORD01528_2
U01529,2024-09-09,440.16,ORD01528_0
U01530,2024-02-12,211.4,ORD01529_1
U01530,2024-02-28,172.22,ORD01529_2
U01530,2024-03-18,193.04,ORD01529_0
U01530,2024-08-15,212.61,ORD01529_5
U01530,2024-09-30,81.88,ORD01529_3
U01530,2024-11-30,154.4,ORD01529_4
U01531,2024-03-05,817.34,ORD01530_11
U01531,2024-03-23,296.28,ORD01530_15
U01531,2024-03-27,285.48,ORD01530_13
U01531,2024-04-03,272.08,ORD01530_4
U01531,2024-04-08,378.28,ORD01530_1
U01531,2024-05-03,677.19,ORD01530_5
U01531,2024-06-13,669.44,ORD01530_3
U01531,2024-06-27,1000.55,ORD01530_0
U01531,2024-06-30,705.57,ORD01530_16
U01531,2024-07-13,609.23,ORD01530_8
U01531,2024-07-24,944.39,ORD01530_17
U01531,2024-09-03,466.09,ORD01530_9
U01531,2024-09-27,464.39,ORD01530_7
U01531,2024-10-07,843.58,ORD01530_14
U01531,2024-10-10,402.36,ORD01530_12
U01531,2024-11-24,570.6,ORD01530_10
U01531,2024-11-28,777.85,ORD01530_2
U01531,2024-12-14,427.9,ORD01530_6
U01532,2024-06-28,92.46,ORD01531_2
U01532,2024-09-16,133.36,ORD01531_0
U01532,2024-12-08,119.96,ORD01531_1
U01533,2024-02-26,88.05,ORD01532_1
U01533,2024-10-23,96.46,ORD01532_0
U01534,2024-01-01,156.52,ORD01533_5
U01534,2024-01-16,309.15,ORD01533_1
U01534,2024-01-26,161.74,ORD01533_4
U01534,2024-05-04,366.29,ORD01533_3
U01534,2024-07-13,399.11,ORD01533_2
U01534,2024-09-16,458.24,ORD01533_7
U01534,2024-09-17,324.6,ORD01533_8
U01534,2024-10-14,603.03,ORD01533_0
U01534,2024-12-08,593.14,ORD01533_6
U01535,2024-01-16,463.24,ORD01534_7
U01535,2024-02-07,257.44,ORD01534_0
U01535,2024-02-15,398.64,ORD01534_1
U01535,2024-03-06,811.6,ORD01534_4
U01535,2024-03-14,677.8,ORD01534_14
U01535,2024-03-18,828.27,ORD01534_16
U01535,2024-03-28,377.15,ORD01534_10
U01535,2024-04-11,650.0,ORD01534_8
U01535,2024-05-04,471.95,ORD01534_17
U01535,2024-06-01,464.5,ORD01534_20
U01535,2024-06-03,617.8,ORD01534_5
U01535,2024-06-26,418.52,ORD01534_9
U01535,2024-07-28,614.61,ORD01534_13
U01535,2024-08-07,691.07,ORD01534_2
U01535,2024-08-12,450.58,ORD01534_19
U01535,2024-08-18,369.21,ORD01534_3
U01535,2024-09-11,725.48,ORD01534_6
U01535,2024-09-25,717.97,ORD01534_15
U01535,2024-10-11,355.91,ORD01534_21
U01535,2024-11-05,691.48,ORD01534_18
U01535,2024-11-16,722.0,ORD01534_12
U01535,2024-12-13,822.34,ORD01534_22
U01535,2024-12-28,481.29,ORD01534_11
U01536,2024-01-12,75.1,ORD01535_0
U01536,2024-09-12,80.68,ORD01535_1
U01536,2024-10-26,69.55,ORD01535_2
U01537,2024-01-22,348.82,ORD01536_0
U01537,2024-03-28,316.63,ORD01536_2
U01537,2024-06-09,278.38,ORD01536_1
U01538,2024-04-21,149.74,ORD01537_0
U01538,2024-04-27,133.51,ORD01537_2
U01538,2024-10-30,161.27,ORD01537_1
U01539,2024-04-05,132.14,ORD01538_0
U01540,2024-03-30,344.76,ORD01539_1
U01540,2024-09-06,265.25,ORD01539_2
U01540,2024-11-12,396.1,ORD01539_0
U01541,2024-11-23,49.54,ORD01540_0
U01542,2024-04-28,80.36,ORD01541_2
U01542,2024-06-23,45.15,ORD01541_0
U01542,2024-09-25,137.52,ORD01541_1
U01543,2024-02-20,764.89,ORD01542_3
U01543,2024-03-13,396.46,ORD01542_7
U01543,2024-05-16,454.83,ORD01542_8
U01543,2024-06-11,892.4,ORD01542_2
U01543,2024-06-24,732.31,ORD01542_1
U01543,2024-09-03,640.0,ORD01542_9
U01543,2024-10-29,327.77,ORD01542_4
U01543,2024-11-07,847.52,ORD01542_6
U01543,2024-11-11,821.58,ORD01542_0
U01543,2024-12-14,311.08,ORD01542_5
U01544,2024-02-09,176.6,ORD01543_1
U01544,2024-02-18,208.68,ORD01543_4
U01544,2024-02-25,159.66,ORD01543_2
U01544,2024-03-03,209.01,ORD01543_0
U01544,2024-04-09,134.11,ORD01543_3
U01544,2024-07-09,123.62,ORD01543_6
U01544,2024-08-16,164.14,ORD01543_5
U01545,2024-02-15,186.82,ORD01544_4
U01545,2024-08-03,249.65,ORD01544_1
U01545,2024-08-12,462.8,ORD01544_3
U01545,2024-10-03,284.65,ORD01544_0
U01545,2024-11-18,309.78,ORD01544_2
U01546,2024-02-12,204.7,ORD01545_6
U01546,2024-02-23,189.38,ORD01545_2
U01546,2024-04-26,119.68,ORD01545_1
U01546,2024-08-03,129.06,ORD01545_4
U01546,2024-08-03,193.37,ORD01545_5
U01546,2024-08-17,91.03,ORD01545_8
U01546,2024-11-17,177.04,ORD01545_7
U01546,2024-12-09,177.9,ORD01545_0
U01546,2024-12-22,130.03,ORD01545_3
U01547,2024-01-05,303.34,ORD01546_4
U01547,2024-01-28,205.54,ORD01546_5
U01547,2024-07-14,528.53,ORD01546_1
U01547,2024-09-10,157.17,ORD01546_3
U01547,2024-10-14,457.91,ORD01546_0
U01547,2024-12-21,427.21,ORD01546_2
U01548,2024-02-27,381.79,ORD01547_1
U01548,2024-04-12,473.16,ORD01547_4
U01548,2024-07-10,256.9,ORD01547_3
U01548,2024-08-14,488.88,ORD01547_0
U01548,2024-12-27,337.49,ORD01547_2
U01549,2024-09-18,211.99,ORD01548_1
U01549,2024-12-01,268.73,ORD01548_0
U01550,2024-06-05,191.98,ORD01549_1
U01550,2024-08-07,292.08,ORD01549_0
U01550,2024-10-16,287.23,ORD01549_2
U01551,2024-04-03,489.35,ORD01550_1
U01551,2024-04-13,480.69,ORD01550_2
U01551,2024-06-08,514.82,ORD01550_3
U01551,2024-06-09,291.8,ORD01550_0
U01551,2024-12-13,241.04,ORD01550_4
U01552,2024-03-09,35.6,ORD01551_0
U01553,2024-06-08,199.03,ORD01552_3
U01553,2024-08-20,125.5,ORD01552_0
U01553,2024-11-20,95.37,ORD01552_2
U01553,2024-11-21,99.2,ORD01552_1
U01554,2024-01-11,844.7,ORD01553_9
U01554,2024-01-19,407.4,ORD01553_18
U01554,2024-01-29,546.98,ORD01553_16
U01554,2024-01-31,820.23,ORD01553_5
U01554,2024-02-12,322.26,ORD01553_6
U01554,2024-03-10,803.31,ORD01553_0
U01554,2024-03-26,315.77,ORD01553_8
U01554,2024-03-29,807.62,ORD01553_24
U01554,2024-04-06,745.79,ORD01553_12
U01554,2024-04-27,480.95,ORD01553_10
U01554,2024-05-27,360.69,ORD01553_1
U01554,2024-06-06,492.45,ORD01553_22
U01554,2024-06-07,594.52,ORD01553_20
U01554,2024-07-04,507.85,ORD01553_13
U01554,2024-07-30,269.18,ORD01553_19
U01554,2024-08-07,284.79,ORD01553_23
U01554,2024-08-13,415.15,ORD01553_17
U01554,2024-08-28,697.44,ORD01553_14
U01554,2024-09-12,612.48,ORD01553_11
U01554,2024-09-19,215.84,ORD01553_3
U01554,2024-10-18,694.06,ORD01553_4
U01554,2024-11-19,213.22,ORD01553_21
U01554,2024-12-14,234.89,ORD01553_7
U01554,2024-12-18,409.98,ORD01553_15
U01554,2024-12-20,838.91,ORD01553_2
U01555,2024-01-25,185.62,ORD01554_3
U01555,2024-04-16,161.45,ORD01554_0
U01555,2024-05-02,232.98,ORD01554_4
U01555,2024-07-22,137.23,ORD01554_1
U01555,2024-11-11,83.71,ORD01554_2
U01556,2024-09-17,35.8,ORD01555_1
U01556,2024-11-14,33.86,ORD01555_0
U01557,2024-01-07,348.41,ORD01556_0
U01557,2024-03-26,328.37,ORD01556_5
U01557,2024-04-12,443.6,ORD01556_3
U01557,2024-05-25,469.89,ORD01556_2
U01557,2024-07-11,586.2,ORD01556_4
U01557,2024-12-24,499.61,ORD01556_1
U01558,2024-05-15,109.62,ORD01557_1
U01558,2024-08-09,78.94,ORD01557_0
U01558,2024-11-15,59.66,ORD01557_2
U01559,2024-01-04,169.66,ORD01558_2
U01559,2024-07-13,308.15,ORD01558_0
U01559,2024-09-09,332.57,ORD01558_3
U01559,2024-10-22,301.79,ORD01558_4
U01559,2024-11-26,391.92,ORD01558_1
U01560,2024-01-06,328.26,ORD01559_4
U01560,2024-01-31,241.89,ORD01559_1
U01560,2024-02-18,485.93,ORD01559_3
U01560,2024-05-16,537.07,ORD01559_2
U01560,2024-05-31,229.33,ORD01559_0
U01561,2024-01-27,362.63,ORD01560_1
U01561,2024-02-26,540.96,ORD01560_0
U01561,2024-04-28,517.36,ORD01560_2
U01561,2024-07-16,651.65,ORD01560_6
U01561,2024-08-18,360.07,ORD01560_5
U01561,2024-09-21,614.24,ORD01560_3
U01561,2024-12-13,624.7,ORD01560_4
U01562,2024-06-04,145.23,ORD01561_0
U01563,2024-08-13,394.75,ORD01562_3
U01563,2024-09-03,377.39,ORD01562_2
U01563,2024-12-01,177.41,ORD01562_1
U01563,2024-12-08,184.98,ORD01562_0
U01564,2024-01-06,325.02,ORD01563_1
U01564,2024-01-07,432.64,ORD01563_4
U01564,2024-02-02,242.58,ORD01563_16
U01564,2024-02-14,570.95,ORD01563_9
U01564,2024-02-28,245.34,ORD01563_3
U01564,2024-03-01,209.13,ORD01563_8
U01564,2024-03-02,544.01,ORD01563_12
U01564,2024-03-18,644.93,ORD01563_5
U01564,2024-07-10,438.97,ORD01563_20
U01564,2024-07-25,640.37,ORD01563_14
U01564,2024-08-02,341.97,ORD01563_17
U01564,2024-08-08,223.85,ORD01563_10
U01564,2024-08-12,258.74,ORD01563_2
U01564,2024-08-23,580.36,ORD01563_0
U01564,2024-10-09,703.91,ORD01563_7
U01564,2024-10-16,203.84,ORD01563_19
U01564,2024-11-01,531.2,ORD01563_15
U01564,2024-11-01,255.34,ORD01563_21
U01564,2024-11-02,223.34,ORD01563_6
U01564,2024-11-30,242.85,ORD01563_13
U01564,2024-12-12,261.07,ORD01563_11
U01564,2024-12-28,316.9,ORD01563_18
U01565,2024-01-07,233.18,ORD01564_12
U01565,2024-01-29,251.1,ORD01564_2
U01565,2024-02-21,384.37,ORD01564_8
U01565,2024-03-01,584.78,ORD01564_10
U01565,2024-03-10,387.5,ORD01564_1
U01565,2024-03-16,375.33,ORD01564_16
U01565,2024-04-09,172.82,ORD01564_3
U01565,2024-05-03,373.74,ORD01564_14
U01565,2024-05-03,580.1,ORD01564_18
U01565,2024-05-23,380.91,ORD01564_4
U01565,2024-05-27,565.98,ORD01564_15
U01565,2024-07-06,369.88,ORD01564_11
U01565,2024-08-21,622.52,ORD01564_17
U01565,2024-09-01,316.28,ORD01564_7
U01565,2024-09-17,419.7,ORD01564_0
U01565,2024-09-19,590.22,ORD01564_9
U01565,2024-11-21,402.52,ORD01564_6
U01565,2024-12-16,589.97,ORD01564_13
U01565,2024-12-18,512.44,ORD01564_5
U01566,2024-01-08,21.26,ORD01565_0
U01566,2024-08-10,43.54,ORD01565_1
U01567,2024-03-26,49.88,ORD01566_1
U01567,2024-11-25,125.6,ORD01566_0
U01568,2024-01-20,286.32,ORD01567_3
U01568,2024-02-06,602.12,ORD01567_4
U01568,2024-02-19,586.22,ORD01567_1
U01568,2024-07-05,665.74,ORD01567_5
U01568,2024-08-08,185.09,ORD01567_0
U01568,2024-12-01,556.57,ORD01567_2
U01569,2024-01-10,570.23,ORD01568_4
U01569,2024-02-09,169.63,ORD01568_1
U01569,2024-02-27,339.03,ORD01568_3
U01569,2024-04-04,317.14,ORD01568_0
U01569,2024-04-25,290.88,ORD01568_2
U01569,2024-09-05,414.97,ORD01568_5
U01569,2024-11-12,483.41,ORD01568_6
U01569,2024-11-26,252.58,ORD01568_7
U01570,2024-01-13,231.5,ORD01569_0
U01570,2024-09-23,189.28,ORD01569_2
U01570,2024-12-25,209.92,ORD01569_1
U01571,2024-03-25,213.73,ORD01570_1
U01571,2024-10-28,158.41,ORD01570_0
U01571,2024-12-15,89.61,ORD01570_2
U01572,2024-03-02,514.23,ORD01571_1
U01572,2024-05-05,739.71,ORD01571_2
U01572,2024-06-20,263.08,ORD01571_3
U01572,2024-06-24,324.02,ORD01571_6
U01572,2024-09-16,230.22,ORD01571_4
U01572,2024-09-17,678.3,ORD01571_8
U01572,2024-10-09,842.37,ORD01571_0
U01572,2024-10-26,661.74,ORD01571_9
U01572,2024-10-27,343.83,ORD01571_7
U01572,2024-11-25,909.93,ORD01571_5
U01573,2024-03-07,95.48,ORD01572_1
U01573,2024-05-04,115.49,ORD01572_2
U01573,2024-08-31,34.32,ORD01572_0
U01574,2024-01-16,755.71,ORD01573_16
U01574,2024-02-11,706.04,ORD01573_10
U01574,2024-02-13,341.95,ORD01573_3
U01574,2024-02-21,595.6,ORD01573_17
U01574,2024-02-22,214.72,ORD01573_23
U01574,2024-03-08,433.34,ORD01573_20
U01574,2024-04-20,347.45,ORD01573_7
U01574,2024-05-03,643.1,ORD01573_21
U01574,2024-05-06,744.52,ORD01573_9
U01574,2024-05-12,308.53,ORD01573_24
U01574,2024-05-25,330.83,ORD01573_15
U01574,2024-06-07,768.26,ORD01573_11
U01574,2024-06-14,726.45,ORD01573_13
U01574,2024-06-16,618.62,ORD01573_8
U01574,2024-06-18,546.56,ORD01573_4
U01574,2024-06-30,712.19,ORD01573_12
U01574,2024-07-06,336.12,ORD01573_0
U01574,2024-07-13,357.87,ORD01573_2
U01574,2024-08-06,671.29,ORD01573_18
U01574,2024-09-26,690.99,ORD01573_6
U01574,2024-09-29,263.86,ORD01573_1
U01574,2024-10-04,410.38,ORD01573_5
U01574,2024-10-15,218.14,ORD01573_22
U01574,2024-10-24,510.03,ORD01573_19
U01574,2024-12-20,764.22,ORD01573_14
U01574,2024-12-27,793.27,ORD01573_25
U01575,2024-07-01,1028.54,ORD01574_3
U01575,2024-07-17,734.48,ORD01574_2
U01575,2024-08-05,1046.93,ORD01574_6
U01575,2024-08-27,909.29,ORD01574_7
U01575,2024-09-12,689.5,ORD01574_13
U01575,2024-09-27,576.37,ORD01574_4
U01575,2024-10-12,1228.82,ORD01574_5
U01575,2024-10-24,692.51,ORD01574_1
U01575,2024-11-06,1328.72,ORD01574_0
U01575,2024-11-06,872.04,ORD01574_11
U01575,2024-11-22,1110.37,ORD01574_10
U01575,2024-11-22,722.66,ORD01574_12
U01575,2024-12-05,519.04,ORD01574_9
U01575,2024-12-26,1199.35,ORD01574_8
U01576,2024-12-29,90.01,ORD01575_0
U01577,2024-04-25,569.07,ORD01576_2
U01577,2024-06-03,592.57,ORD01576_1
U01577,2024-07-12,520.61,ORD01576_0
U01577,2024-07-29,373.01,ORD01576_3
U01577,2024-10-18,444.67,ORD01576_4
U01578,2024-02-05,234.47,ORD01577_3
U01578,2024-04-04,152.69,ORD01577_4
U01578,2024-06-26,213.67,ORD01577_2
U01578,2024-08-05,128.86,ORD01577_1
U01578,2024-11-15,191.82,ORD01577_5
U01578,2024-12-02,140.71,ORD01577_0
U01579,2024-06-05,118.2,ORD01578_0
U01580,2024-01-04,897.21,ORD01579_14
U01580,2024-01-29,1102.93,ORD01579_12
U01580,2024-03-03,818.73,ORD01579_3
U01580,2024-03-14,490.34,ORD01579_0
U01580,2024-06-07,1198.91,ORD01579_13
U01580,2024-06-11,618.18,ORD01579_7
U01580,2024-06-14,1100.76,ORD01579_16
U01580,2024-06-20,682.41,ORD01579_2
U01580,2024-06-22,948.06,ORD01579_8
U01580,2024-07-06,755.8,ORD01579_1
U01580,2024-08-01,1365.05,ORD01579_11
U01580,2024-10-04,913.76,ORD01579_9
U01580,2024-10-27,1364.21,ORD01579_4
U01580,2024-10-28,1384.68,ORD01579_15
U01580,2024-11-01,475.33,ORD01579_5
U01580,2024-11-03,850.57,ORD01579_10
U01580,2024-12-11,504.44,ORD01579_6
U01581,2024-01-01,631.96,ORD01580_2
U01581,2024-04-16,301.26,ORD01580_0
U01581,2024-05-30,363.73,ORD01580_3
U01581,2024-06-12,275.49,ORD01580_1
U01581,2024-07-06,175.02,ORD01580_5
U01581,2024-08-19,515.36,ORD01580_4
U01582,2024-07-25,68.49,ORD01581_0
U01583,2024-01-15,129.19,ORD01582_2
U01583,2024-07-15,56.61,ORD01582_0
U01583,2024-07-17,97.03,ORD01582_1
U01583,2024-07-30,81.14,ORD01582_4
U01583,2024-08-03,150.05,ORD01582_3
U01584,2024-02-21,121.78,ORD01583_1
U01584,2024-03-29,202.1,ORD01583_0
U01584,2024-04-08,188.62,ORD01583_2
U01585,2024-01-01,651.59,ORD01584_2
U01585,2024-01-12,228.95,ORD01584_4
U01585,2024-01-26,574.7,ORD01584_3
U01585,2024-03-16,312.06,ORD01584_7
U01585,2024-04-14,347.43,ORD01584_0
U01585,2024-09-25,400.99,ORD01584_6
U01585,2024-12-01,323.73,ORD01584_1
U01585,2024-12-06,639.09,ORD01584_5
U01586,2024-02-17,87.16,ORD01585_2
U01586,2024-04-01,162.66,ORD01585_0
U01586,2024-07-27,235.64,ORD01585_1
U01587,2024-01-13,138.88,ORD01586_8
U01587,2024-06-24,332.66,ORD01586_0
U01587,2024-06-28,326.48,ORD01586_6
U01587,2024-07-01,382.0,ORD01586_5
U01587,2024-07-06,240.3,ORD01586_3
U01587,2024-07-27,342.41,ORD01586_4
U01587,2024-08-16,180.63,ORD01586_1
U01587,2024-11-28,209.29,ORD01586_2
U01587,2024-12-11,266.24,ORD01586_7
U01588,2024-03-05,174.55,ORD01587_5
U01588,2024-03-09,54.56,ORD01587_4
U01588,2024-05-05,199.89,ORD01587_0
U01588,2024-09-25,207.57,ORD01587_3
U01588,2024-11-10,111.41,ORD01587_2
U01588,2024-12-21,179.29,ORD01587_1
U01589,2024-01-18,541.47,ORD01588_0
U01589,2024-03-12,436.79,ORD01588_4
U01589,2024-06-20,457.12,ORD01588_6
U01589,2024-08-11,286.96,ORD01588_7
U01589,2024-10-09,166.9,ORD01588_3
U01589,2024-11-03,450.95,ORD01588_1
U01589,2024-12-14,445.35,ORD01588_2
U01589,2024-12-20,313.96,ORD01588_5
U01590,2024-06-09,97.59,ORD01589_2
U01590,2024-06-26,108.12,ORD01589_1
U01590,2024-11-30,167.89,ORD01589_0
U01591,2024-01-10,225.26,ORD01590_2
U01591,2024-01-16,186.67,ORD01590_0
U01591,2024-04-07,335.24,ORD01590_1
U01591,2024-05-12,576.74,ORD01590_6
U01591,2024-06-06,586.19,ORD01590_5
U01591,2024-07-01,452.63,ORD01590_7
U01591,2024-08-04,258.17,ORD01590_4
U01591,2024-11-03,361.08,ORD01590_3
U01592,2024-07-26,135.73,ORD01591_0
U01592,2024-11-08,349.57,ORD01591_3
U01592,2024-12-03,159.48,ORD01591_1
U01592,2024-12-21,203.78,ORD01591_2
U01593,2024-09-07,305.34,ORD01592_2
U01593,2024-10-20,345.35,ORD01592_1
U01593,2024-11-30,274.83,ORD01592_0
U01594,2024-01-18,161.2,ORD01593_0
U01595,2024-01-25,111.79,ORD01594_0
U01595,2024-06-09,68.66,ORD01594_1
U01596,2024-01-08,578.88,ORD01595_6
U01596,2024-03-09,207.4,ORD01595_0
U01596,2024-04-20,193.64,ORD01595_3
U01596,2024-07-04,504.18,ORD01595_4
U01596,2024-12-08,200.29,ORD01595_5
U01596,2024-12-16,352.89,ORD01595_2
U01596,2024-12-18,331.18,ORD01595_1
U01597,2024-03-23,653.09,ORD01596_5
U01597,2024-06-14,491.86,ORD01596_0
U01597,2024-07-21,719.88,ORD01596_2
U01597,2024-08-06,411.61,ORD01596_3
U01597,2024-10-15,199.78,ORD01596_4
U01597,2024-10-28,325.41,ORD01596_1
U01598,2024-06-03,169.08,ORD01597_1
U01598,2024-06-16,444.68,ORD01597_2
U01598,2024-07-07,394.72,ORD01597_6
U01598,2024-07-11,181.72,ORD01597_3
U01598,2024-08-08,382.53,ORD01597_5
U01598,2024-09-07,347.3,ORD01597_4
U01598,2024-12-25,412.52,ORD01597_0
U01599,2024-02-04,99.06,ORD01598_0
U01599,2024-05-31,70.03,ORD01598_2
U01599,2024-06-22,124.77,ORD01598_1
U01600,2024-01-12,515.03,ORD01599_6
U01600,2024-01-15,786.84,ORD01599_11
U01600,2024-03-05,608.42,ORD01599_12
U01600,2024-03-17,828.64,ORD01599_5
U01600,2024-06-26,993.96,ORD01599_0
U01600,2024-06-26,459.93,ORD01599_4
U01600,2024-07-25,344.01,ORD01599_8
U01600,2024-07-27,773.46,ORD01599_9
U01600,2024-08-08,1078.16,ORD01599_3
U01600,2024-08-29,330.09,ORD01599_2
U01600,2024-09-02,629.78,ORD01599_7
U01600,2024-09-17,906.87,ORD01599_1
U01600,2024-10-19,803.92,ORD01599_10
U01601,2024-05-27,186.46,ORD01600_1
U01601,2024-08-04,189.79,ORD01600_2
U01601,2024-08-22,174.4,ORD01600_0
U01602,2024-04-23,256.57,ORD01601_0
U01602,2024-07-25,118.58,ORD01601_1
U01602,2024-08-16,86.4,ORD01601_2
U01603,2024-01-06,130.03,ORD01602_2
U01603,2024-07-07,184.73,ORD01602_3
U01603,2024-08-31,263.36,ORD01602_1
U01603,2024-12-16,323.91,ORD01602_0
U01604,2024-03-22,90.16,ORD01603_1
U01604,2024-04-24,127.2,ORD01603_3
U01604,2024-06-02,97.28,ORD01603_5
U01604,2024-07-29,139.99,ORD01603_4
U01604,2024-07-31,116.16,ORD01603_2
U01604,2024-11-14,123.24,ORD01603_0
U01605,2024-02-18,587.05,ORD01604_5
U01605,2024-04-20,178.78,ORD01604_4
U01605,2024-05-03,263.8,ORD01604_6
U01605,2024-05-29,371.84,ORD01604_3
U01605,2024-07-21,185.42,ORD01604_1
U01605,2024-08-18,442.86,ORD01604_2
U01605,2024-10-08,240.77,ORD01604_0
U01605,2024-11-09,372.98,ORD01604_7
U01606,2024-02-05,54.62,ORD01605_0
U01607,2024-07-04,120.5,ORD01606_0
U01608,2024-10-08,132.57,ORD01607_1
U01608,2024-12-29,187.93,ORD01607_0
U01609,2024-01-12,420.92,ORD01608_7
U01609,2024-02-03,319.71,ORD01608_3
U01609,2024-03-18,291.76,ORD01608_8
U01609,2024-05-17,385.18,ORD01608_4
U01609,2024-06-18,281.65,ORD01608_0
U01609,2024-06-18,336.04,ORD01608_6
U01609,2024-07-09,160.58,ORD01608_1
U01609,2024-10-08,449.85,ORD01608_5
U01609,2024-11-09,189.06,ORD01608_2
U01610,2024-02-04,322.12,ORD01609_11
U01610,2024-02-23,575.42,ORD01609_8
U01610,2024-02-26,670.07,ORD01609_1
U01610,2024-04-22,614.11,ORD01609_14
U01610,2024-05-15,357.53,ORD01609_13
U01610,2024-06-11,518.87,ORD01609_6
U01610,2024-06-23,598.63,ORD01609_0
U01610,2024-07-05,797.74,ORD01609_3
U01610,2024-07-15,530.62,ORD01609_4
U01610,2024-08-02,453.81,ORD01609_10
U01610,2024-08-04,663.72,ORD01609_2
U01610,2024-09-07,504.58,ORD01609_9
U01610,2024-10-06,669.57,ORD01609_7
U01610,2024-10-29,209.99,ORD01609_5
U01610,2024-11-30,207.0,ORD01609_12
U01611,2024-04-13,190.14,ORD01610_1
U01611,2024-07-25,278.34,ORD01610_0
U01612,2024-02-24,112.1,ORD01611_0
U01612,2024-07-18,69.01,ORD01611_1
U01613,2024-05-30,187.18,ORD01612_1
U01613,2024-06-03,75.39,ORD01612_0
U01614,2024-03-25,300.8,ORD01613_6
U01614,2024-06-12,252.01,ORD01613_2
U01614,2024-07-15,390.96,ORD01613_0
U01614,2024-09-22,202.49,ORD01613_4
U01614,2024-10-19,162.26,ORD01613_1
U01614,2024-11-24,329.43,ORD01613_3
U01614,2024-12-13,363.13,ORD01613_5
U01615,2024-10-12,64.42,ORD01614_0
U01616,2024-04-16,106.45,ORD01615_1
U01616,2024-05-16,41.78,ORD01615_0
U01617,2024-05-17,100.0,ORD01616_2
U01617,2024-05-30,211.45,ORD01616_5
U01617,2024-06-28,101.77,ORD01616_0
U01617,2024-08-25,72.47,ORD01616_4
U01617,2024-10-11,148.67,ORD01616_8
U01617,2024-11-03,160.54,ORD01616_3
U01617,2024-11-11,108.68,ORD01616_6
U01617,2024-11-26,59.15,ORD01616_1
U01617,2024-11-28,213.55,ORD01616_7
U01618,2024-01-27,140.06,ORD01617_1
U01618,2024-02-12,264.35,ORD01617_2
U01618,2024-03-11,152.71,ORD01617_3
U01618,2024-04-23,127.91,ORD01617_5
U01618,2024-06-17,236.26,ORD01617_0
U01618,2024-06-29,233.37,ORD01617_4
U01619,2024-01-24,108.37,ORD01618_2
U01619,2024-04-26,180.04,ORD01618_1
U01619,2024-05-22,171.39,ORD01618_5
U01619,2024-06-28,360.06,ORD01618_4
U01619,2024-09-01,264.97,ORD01618_6
U01619,2024-09-30,181.37,ORD01618_0
U01619,2024-12-27,234.89,ORD01618_3
U01620,2024-01-12,1156.79,ORD01619_26
U01620,2024-02-12,1310.96,ORD01619_17
U01620,2024-02-14,409.66,ORD01619_5
U01620,2024-02-24,1287.36,ORD01619_2
U01620,2024-02-29,1430.64,ORD01619_3
U01620,2024-03-16,798.86,ORD01619_20
U01620,2024-03-23,1235.62,ORD01619_21
U01620,2024-04-04,815.95,ORD01619_11
U01620,2024-04-10,1296.05,ORD01619_10
U01620,2024-04-16,573.34,ORD01619_15
U01620,2024-04-16,685.67,ORD01619_22
U01620,2024-05-09,528.73,ORD01619_16
U01620,2024-06-02,1171.72,ORD01619_14
U01620,2024-06-14,749.52,ORD01619_6
U01620,2024-07-04,705.33,ORD01619_18
U01620,2024-07-25,1122.49,ORD01619_27
U01620,2024-08-04,1002.65,ORD01619_1
U01620,2024-08-09,1473.32,ORD01619_25
U01620,2024-08-13,1179.25,ORD01619_7
U01620,2024-08-14,975.44,ORD01619_4
U01620,2024-08-22,461.06,ORD01619_13
U01620,2024-09-25,803.09,ORD01619_9
U01620,2024-10-18,1267.51,ORD01619_0
U01620,2024-10-30,614.41,ORD01619_19
U01620,2024-11-08,495.16,ORD01619_12
U01620,2024-11-15,457.71,ORD01619_24
U01620,2024-12-12,1218.91,ORD01619_8
U01620,2024-12-12,570.25,ORD01619_23
U01621,2024-04-04,515.03,ORD01620_0
U01621,2024-04-07,353.7,ORD01620_3
U01621,2024-04-24,313.99,ORD01620_1
U01621,2024-11-07,150.34,ORD01620_2
U01621,2024-11-08,270.44,ORD01620_4
U01622,2024-02-13,161.22,ORD01621_1
U01622,2024-08-10,189.04,ORD01621_3
U01622,2024-09-03,259.13,ORD01621_6
U01622,2024-09-21,392.72,ORD01621_4
U01622,2024-10-22,504.53,ORD01621_8
U01622,2024-11-04,264.83,ORD01621_7
U01622,2024-11-09,252.21,ORD01621_5
U01622,2024-12-24,396.18,ORD01621_0
U01622,2024-12-30,536.97,ORD01621_2
U01623,2024-01-22,183.23,ORD01622_2
U01623,2024-11-06,415.3,ORD01622_0
U01623,2024-11-16,243.71,ORD01622_1
U01624,2024-01-21,52.41,ORD01623_0
U01625,2024-04-10,272.89,ORD01624_0
U01626,2024-05-16,180.4,ORD01625_1
U01626,2024-10-11,248.37,ORD01625_0
U01627,2024-01-05,21.57,ORD01626_0
U01627,2024-01-05,24.76,ORD01626_1
U01627,2024-12-22,51.35,ORD01626_2
U01628,2024-01-02,661.21,ORD01627_7
U01628,2024-01-05,491.0,ORD01627_24
U01628,2024-01-12,827.09,ORD01627_5
U01628,2024-01-30,1219.3,ORD01627_15
U01628,2024-02-21,1179.11,ORD01627_6
U01628,2024-02-24,722.83,ORD01627_8
U01628,2024-02-24,972.17,ORD01627_19
U01628,2024-03-02,960.57,ORD01627_17
U01628,2024-04-12,850.15,ORD01627_21
U01628,2024-04-13,977.61,ORD01627_9
U01628,2024-04-23,803.63,ORD01627_4
U01628,2024-05-06,579.82,ORD01627_1
U01628,2024-05-15,781.9,ORD01627_2
U01628,2024-06-12,1090.45,ORD01627_25
U01628,2024-06-16,447.66,ORD01627_14
U01628,2024-06-22,870.46,ORD01627_3
U01628,2024-07-16,1520.83,ORD01627_13
U01628,2024-08-20,843.07,ORD01627_23
U01628,2024-08-25,1388.61,ORD01627_16
U01628,2024-09-12,1354.47,ORD01627_20
U01628,2024-09-12,1147.78,ORD01627_27
U01628,2024-09-20,876.65,ORD01627_22
U01628,2024-10-22,925.05,ORD01627_0
U01628,2024-11-01,828.66,ORD01627_11
U01628,2024-11-04,1200.64,ORD01627_18
U01628,2024-11-19,1536.81,ORD01627_10
U01628,2024-11-30,1151.94,ORD01627_26
U01628,2024-12-06,680.84,ORD01627_12
U01629,2024-04-25,172.72,ORD01628_4
U01629,2024-05-08,222.8,ORD01628_1
U01629,2024-05-14,386.15,ORD01628_8
U01629,2024-08-14,501.18,ORD01628_6
U01629,2024-09-05,441.68,ORD01628_5
U01629,2024-09-14,301.41,ORD01628_0
U01629,2024-10-04,173.51,ORD01628_2
U01629,2024-12-07,450.43,ORD01628_3
U01629,2024-12-22,572.2,ORD01628_7
U01630,2024-06-05,146.31,ORD01629_2
U01630,2024-08-07,171.41,ORD01629_0
U01630,2024-12-18,134.06,ORD01629_1
U01631,2024-03-23,112.71,ORD01630_0
U01632,2024-01-20,116.91,ORD01631_1
U01632,2024-03-30,68.0,ORD01631_0
U01633,2024-01-07,1070.53,ORD01632_8
U01633,2024-01-30,358.12,ORD01632_10
U01633,2024-02-04,951.21,ORD01632_21
U01633,2024-02-25,609.3,ORD01632_6
U01633,2024-03-08,769.81,ORD01632_7
U01633,2024-03-17,574.55,ORD01632_16
U01633,2024-04-10,681.65,ORD01632_20
U01633,2024-04-23,1008.8,ORD01632_18
U01633,2024-04-25,872.71,ORD01632_19
U01633,2024-05-01,719.7,ORD01632_14
U01633,2024-05-27,1090.88,ORD01632_11
U01633,2024-05-28,892.2,ORD01632_1
U01633,2024-07-12,550.62,ORD01632_17
U01633,2024-08-16,837.84,ORD01632_3
U01633,2024-08-19,956.36,ORD01632_0
U01633,2024-08-19,1053.4,ORD01632_5
U01633,2024-08-22,1048.23,ORD01632_2
U01633,2024-09-18,690.61,ORD01632_13
U01633,2024-09-22,527.19,ORD01632_15
U01633,2024-10-08,690.37,ORD01632_4
U01633,2024-10-14,610.99,ORD01632_22
U01633,2024-11-20,617.2,ORD01632_12
U01633,2024-12-28,509.62,ORD01632_9
U01634,2024-02-06,172.34,ORD01633_4
U01634,2024-02-22,158.64,ORD01633_3
U01634,2024-05-15,387.62,ORD01633_2
U01634,2024-08-08,459.89,ORD01633_0
U01634,2024-08-15,226.11,ORD01633_1
U01635,2024-02-07,54.33,ORD01634_0
U01635,2024-05-07,52.43,ORD01634_2
U01635,2024-07-21,74.16,ORD01634_1
U01636,2024-01-10,292.45,ORD01635_3
U01636,2024-01-16,513.27,ORD01635_4
U01636,2024-01-18,212.01,ORD01635_5
U01636,2024-02-01,495.11,ORD01635_0
U01636,2024-04-05,181.61,ORD01635_2
U01636,2024-07-02,145.51,ORD01635_6
U01636,2024-08-17,179.8,ORD01635_1
U01637,2024-01-17,217.6,ORD01636_3
U01637,2024-06-08,615.93,ORD01636_2
U01637,2024-10-15,722.91,ORD01636_0
U01637,2024-12-29,550.52,ORD01636_1
U01638,2024-03-12,130.14,ORD01637_0
U01638,2024-06-20,111.79,ORD01637_1
U01639,2024-05-10,178.52,ORD01638_1
U01639,2024-11-30,88.76,ORD01638_0
U01640,2024-01-20,585.34,ORD01639_0
U01640,2024-05-12,639.42,ORD01639_1
U01640,2024-05-14,481.25,ORD01639_2
U01640,2024-10-18,177.81,ORD01639_5
U01640,2024-10-19,519.89,ORD01639_4
U01640,2024-12-21,479.06,ORD01639_3
U01641,2024-01-06,1056.5,ORD01640_8
U01641,2024-01-21,337.47,ORD01640_4
U01641,2024-02-05,346.68,ORD01640_6
U01641,2024-03-23,672.58,ORD01640_5
U01641,2024-06-12,1090.42,ORD01640_3
U01641,2024-08-08,409.57,ORD01640_0
U01641,2024-09-19,1162.16,ORD01640_2
U01641,2024-10-02,614.91,ORD01640_7
U01641,2024-10-04,472.47,ORD01640_1
U01642,2024-03-27,94.13,ORD01641_1
U01642,2024-10-09,170.45,ORD01641_0
U01643,2024-01-07,92.88,ORD01642_0
U01643,2024-01-14,200.7,ORD01642_1
U01643,2024-01-14,256.66,ORD01642_3
U01643,2024-03-13,324.02,ORD01642_4
U01643,2024-07-28,194.49,ORD01642_5
U01643,2024-09-08,201.44,ORD01642_7
U01643,2024-11-09,137.13,ORD01642_2
U01643,2024-12-08,313.8,ORD01642_6
U01644,2024-01-08,75.55,ORD01643_0
U01644,2024-06-18,113.93,ORD01643_2
U01644,2024-10-05,96.21,ORD01643_1
U01645,2024-01-22,104.13,ORD01644_1
U01645,2024-06-14,100.27,ORD01644_0
U01645,2024-10-29,170.4,ORD01644_2
U01646,2024-08-29,81.97,ORD01645_0
U01647,2024-02-04,340.85,ORD01646_4
U01647,2024-02-04,440.7,ORD01646_5
U01647,2024-04-04,555.45,ORD01646_0
U01647,2024-05-27,535.7,ORD01646_1
U01647,2024-07-05,555.07,ORD01646_3
U01647,2024-09-05,473.79,ORD01646_6
U01647,2024-09-15,436.2,ORD01646_2
U01647,2024-10-31,281.0,ORD01646_7
U01648,2024-11-22,108.82,ORD01647_0
U01649,2024-02-12,94.81,ORD01648_0
U01650,2024-10-16,87.53,ORD01649_0
U01651,2024-04-26,43.08,ORD01650_0
U01651,2024-09-03,40.89,ORD01650_2
U01651,2024-11-26,79.09,ORD01650_1
U01652,2024-08-08,168.04,ORD01651_0
U01653,2024-03-27,47.24,ORD01652_0
U01654,2024-02-09,360.21,ORD01653_4
U01654,2024-02-19,325.33,ORD01653_2
U01654,2024-03-02,198.06,ORD01653_1
U01654,2024-08-03,193.96,ORD01653_5
U01654,2024-10-21,397.18,ORD01653_3
U01654,2024-11-24,465.94,ORD01653_0
U01655,2024-02-12,282.77,ORD01654_3
U01655,2024-02-17,118.56,ORD01654_4
U01655,2024-04-15,116.79,ORD01654_0
U01655,2024-06-15,276.05,ORD01654_1
U01655,2024-07-16,220.67,ORD01654_6
U01655,2024-07-28,222.63,ORD01654_2
U01655,2024-08-01,217.36,ORD01654_5
U01656,2024-02-16,148.57,ORD01655_3
U01656,2024-03-06,97.49,ORD01655_2
U01656,2024-08-09,197.33,ORD01655_1
U01656,2024-10-10,60.03,ORD01655_0
U01656,2024-11-30,63.87,ORD01655_5
U01656,2024-12-24,140.84,ORD01655_4
U01657,2024-06-13,673.41,ORD01656_0
U01657,2024-06-17,407.35,ORD01656_2
U01657,2024-10-13,631.9,ORD01656_3
U01657,2024-11-13,508.36,ORD01656_1
U01657,2024-12-14,640.62,ORD01656_4
U01658,2024-06-19,25.34,ORD01657_1
U01658,2024-08-17,34.14,ORD01657_0
U01659,2024-01-20,128.01,ORD01658_0
U01659,2024-03-05,86.12,ORD01658_1
U01659,2024-05-09,202.6,ORD01658_3
U01659,2024-06-02,226.46,ORD01658_5
U01659,2024-07-08,234.12,ORD01658_4
U01659,2024-07-19,206.45,ORD01658_2
U01659,2024-12-04,127.62,ORD01658_6
U01660,2024-01-13,1067.75,ORD01659_7
U01660,2024-01-25,329.84,ORD01659_1
U01660,2024-04-10,1019.37,ORD01659_3
U01660,2024-05-21,972.34,ORD01659_10
U01660,2024-06-07,871.69,ORD01659_0
U01660,2024-07-04,377.92,ORD01659_8
U01660,2024-07-17,938.97,ORD01659_4
U01660,2024-08-05,965.55,ORD01659_9
U01660,2024-09-10,395.64,ORD01659_2
U01660,2024-10-02,1141.4,ORD01659_5
U01660,2024-10-05,525.37,ORD01659_6
U01660,2024-10-11,750.54,ORD01659_12
U01660,2024-11-19,458.53,ORD01659_11
U01661,2024-01-01,809.57,ORD01660_12
U01661,2024-01-07,853.47,ORD01660_17
U01661,2024-01-19,1061.09,ORD01660_15
U01661,2024-02-17,1092.37,ORD01660_22
U01661,2024-03-02,1000.63,ORD01660_20
U01661,2024-03-06,488.73,ORD01660_9
U01661,2024-03-08,665.88,ORD01660_11
U01661,2024-03-22,724.08,ORD01660_2
U01661,2024-04-03,1059.77,ORD01660_6
U01661,2024-04-24,770.49,ORD01660_19
U01661,2024-04-25,969.02,ORD01660_14
U01661,2024-05-24,811.56,ORD01660_1
U01661,2024-06-01,741.37,ORD01660_18
U01661,2024-06-15,693.8,ORD01660_3
U01661,2024-06-19,679.91,ORD01660_10
U01661,2024-09-14,1005.13,ORD01660_21
U01661,2024-09-28,584.77,ORD01660_13
U01661,2024-10-05,1062.38,ORD01660_0
U01661,2024-10-16,874.85,ORD01660_4
U01661,2024-11-05,839.19,ORD01660_5
U01661,2024-11-19,1067.37,ORD01660_16
U01661,2024-12-08,361.26,ORD01660_7
U01661,2024-12-26,404.5,ORD01660_8
U01662,2024-04-12,41.33,ORD01661_1
U01662,2024-08-22,46.33,ORD01661_0
U01662,2024-10-28,24.62,ORD01661_2
U01663,2024-01-22,641.67,ORD01662_0
U01663,2024-02-25,599.92,ORD01662_3
U01663,2024-06-01,657.91,ORD01662_6
U01663,2024-06-26,288.72,ORD01662_5
U01663,2024-07-30,667.92,ORD01662_4
U01663,2024-08-04,295.41,ORD01662_2
U01663,2024-11-11,476.97,ORD01662_1
U01664,2024-02-11,125.36,ORD01663_3
U01664,2024-03-08,159.66,ORD01663_2
U01664,2024-03-14,190.84,ORD01663_0
U01664,2024-07-01,81.54,ORD01663_1
U01664,2024-11-01,54.7,ORD01663_4
U01664,2024-11-26,85.72,ORD01663_5
U01664,2024-12-26,72.93,ORD01663_6
U01665,2024-07-30,97.34,ORD01664_0
U01665,2024-10-02,51.77,ORD01664_1
U01666,2024-09-08,58.6,ORD01665_1
U01666,2024-10-17,56.84,ORD01665_0
U01667,2024-02-22,304.14,ORD01666_5
U01667,2024-02-25,190.14,ORD01666_1
U01667,2024-05-21,259.22,ORD01666_2
U01667,2024-06-24,365.69,ORD01666_6
U01667,2024-06-26,344.69,ORD01666_4
U01667,2024-08-13,132.81,ORD01666_3
U01667,2024-12-08,286.23,ORD01666_0
U01668,2024-01-12,282.57,ORD01667_6
U01668,2024-03-04,246.17,ORD01667_2
U01668,2024-03-31,268.74,ORD01667_5
U01668,2024-04-21,470.79,ORD01667_4
U01668,2024-07-29,391.24,ORD01667_1
U01668,2024-12-11,503.76,ORD01667_3
U01668,2024-12-25,274.83,ORD01667_0
U01669,2024-01-28,546.71,ORD01668_2
U01669,2024-04-03,586.41,ORD01668_7
U01669,2024-07-18,405.89,ORD01668_3
U01669,2024-08-16,363.06,ORD01668_1
U01669,2024-09-15,714.77,ORD01668_6
U01669,2024-10-30,415.39,ORD01668_4
U01669,2024-11-17,274.85,ORD01668_5
U01669,2024-12-09,723.19,ORD01668_0
U01670,2024-03-20,253.72,ORD01669_1
U01670,2024-03-23,87.94,ORD01669_2
U01670,2024-04-21,293.03,ORD01669_0
U01671,2024-01-17,131.89,ORD01670_1
U01671,2024-03-28,185.37,ORD01670_0
U01671,2024-10-25,129.47,ORD01670_2
U01672,2024-06-21,138.77,ORD01671_1
U01672,2024-11-08,228.31,ORD01671_0
U01673,2024-01-24,218.52,ORD01672_2
U01673,2024-03-11,511.9,ORD01672_0
U01673,2024-12-26,246.21,ORD01672_1
U01674,2024-08-06,359.72,ORD01673_2
U01674,2024-12-06,235.04,ORD01673_0
U01674,2024-12-17,178.55,ORD01673_1
U01675,2024-01-10,51.54,ORD01674_0
U01675,2024-10-11,169.75,ORD01674_1
U01676,2024-03-24,102.68,ORD01675_2
U01676,2024-05-03,121.3,ORD01675_0
U01676,2024-07-08,188.54,ORD01675_1
U01677,2024-01-06,284.69,ORD01676_21
U01677,2024-01-06,360.18,ORD01676_27
U01677,2024-01-11,401.47,ORD01676_13
U01677,2024-01-18,289.35,ORD01676_20
U01677,2024-03-05,321.03,ORD01676_24
U01677,2024-03-11,379.87,ORD01676_4
U01677,2024-03-12,344.97,ORD01676_12
U01677,2024-04-01,408.36,ORD01676_18
U01677,2024-04-05,418.45,ORD01676_17
U01677,2024-06-14,272.75,ORD01676_6
U01677,2024-06-22,377.1,ORD01676_3
U01677,2024-06-28,160.18,ORD01676_1
U01677,2024-07-28,428.55,ORD01676_11
U01677,2024-08-08,314.34,ORD01676_0
U01677,2024-08-20,441.43,ORD01676_9
U01677,2024-08-24,452.09,ORD01676_5
U01677,2024-08-29,428.23,ORD01676_10
U01677,2024-09-13,138.08,ORD01676_8
U01677,2024-09-15,164.02,ORD01676_16
U01677,2024-09-26,293.42,ORD01676_25
U01677,2024-10-01,228.29,ORD01676_15
U01677,2024-10-25,446.05,ORD01676_14
U01677,2024-10-28,432.29,ORD01676_7
U01677,2024-11-02,184.85,ORD01676_19
U01677,2024-11-28,190.54,ORD01676_26
U01677,2024-11-29,445.15,ORD01676_22
U01677,2024-12-01,217.9,ORD01676_23
U01677,2024-12-17,448.07,ORD01676_2
U01678,2024-01-23,194.42,ORD01677_5
U01678,2024-03-18,287.51,ORD01677_1
U01678,2024-03-21,123.7,ORD01677_7
U01678,2024-05-24,269.87,ORD01677_2
U01678,2024-05-27,112.4,ORD01677_6
U01678,2024-07-07,219.7,ORD01677_0
U01678,2024-09-19,339.3,ORD01677_4
U01678,2024-10-12,108.33,ORD01677_3
U01679,2024-01-14,189.71,ORD01678_1
U01679,2024-05-07,438.57,ORD01678_2
U01679,2024-09-27,251.97,ORD01678_3
U01679,2024-11-02,396.34,ORD01678_4
U01679,2024-12-16,400.8,ORD01678_0
U01680,2024-06-02,69.56,ORD01679_0
U01681,2024-03-11,321.69,ORD01680_4
U01681,2024-04-07,210.96,ORD01680_7
U01681,2024-07-27,94.72,ORD01680_5
U01681,2024-08-23,262.78,ORD01680_0
U01681,2024-08-26,111.0,ORD01680_6
U01681,2024-09-11,258.29,ORD01680_3
U01681,2024-12-02,149.21,ORD01680_2
U01681,2024-12-08,199.65,ORD01680_1
U01682,2024-06-02,30.64,ORD01681_0
U01683,2024-01-15,60.76,ORD01682_0
U01683,2024-02-12,86.89,ORD01682_2
U01683,2024-09-23,62.29,ORD01682_1
U01684,2024-03-25,296.45,ORD01683_1
U01684,2024-07-19,206.9,ORD01683_2
U01684,2024-09-06,228.72,ORD01683_3
U01684,2024-12-11,160.47,ORD01683_0
U01685,2024-03-01,298.91,ORD01684_4
U01685,2024-03-02,466.16,ORD01684_3
U01685,2024-03-04,419.95,ORD01684_1
U01685,2024-05-16,169.16,ORD01684_5
U01685,2024-08-17,474.66,ORD01684_2
U01685,2024-09-23,177.31,ORD01684_0
U01685,2024-12-28,425.7,ORD01684_6
U01686,2024-01-02,239.65,ORD01685_2
U01686,2024-02-13,177.35,ORD01685_1
U01686,2024-11-15,68.1,ORD01685_0
U01687,2024-04-13,96.28,ORD01686_1
U01687,2024-06-01,150.84,ORD01686_2
U01687,2024-12-01,67.3,ORD01686_0
U01688,2024-01-09,547.24,ORD01687_20
U01688,2024-01-27,527.07,ORD01687_15
U01688,2024-02-14,665.45,ORD01687_3
U01688,2024-02-24,409.73,ORD01687_7
U01688,2024-03-10,774.84,ORD01687_4
U01688,2024-04-03,430.2,ORD01687_16
U01688,2024-05-10,482.64,ORD01687_19
U01688,2024-05-21,814.81,ORD01687_17
U01688,2024-05-23,613.69,ORD01687_10
U01688,2024-05-24,875.68,ORD01687_14
U01688,2024-06-08,242.04,ORD01687_2
U01688,2024-06-21,659.04,ORD01687_1
U01688,2024-06-27,805.07,ORD01687_11
U01688,2024-07-04,609.84,ORD01687_6
U01688,2024-08-02,461.9,ORD01687_9
U01688,2024-08-02,274.07,ORD01687_18
U01688,2024-09-03,340.22,ORD01687_5
U01688,2024-09-19,237.85,ORD01687_12
U01688,2024-10-04,318.34,ORD01687_25
U01688,2024-10-28,299.57,ORD01687_8
U01688,2024-10-28,732.69,ORD01687_23
U01688,2024-11-27,223.88,ORD01687_21
U01688,2024-11-29,647.17,ORD01687_13
U01688,2024-12-12,312.41,ORD01687_0
U01688,2024-12-15,275.51,ORD01687_22
U01688,2024-12-23,273.55,ORD01687_24
U01689,2024-01-11,115.8,ORD01688_2
U01689,2024-04-18,218.42,ORD01688_7
U01689,2024-06-02,160.03,ORD01688_0
U01689,2024-09-03,317.98,ORD01688_1
U01689,2024-09-08,342.19,ORD01688_6
U01689,2024-10-05,147.5,ORD01688_5
U01689,2024-10-27,354.31,ORD01688_4
U01689,2024-11-12,180.32,ORD01688_3
U01690,2024-02-12,49.36,ORD01689_0
U01691,2024-02-12,368.71,ORD01690_1
U01691,2024-03-26,463.16,ORD01690_3
U01691,2024-04-18,487.67,ORD01690_2
U01691,2024-04-19,367.52,ORD01690_0
U01692,2024-02-05,71.72,ORD01691_2
U01692,2024-09-26,63.51,ORD01691_0
U01692,2024-10-30,93.65,ORD01691_1
U01693,2024-01-09,847.56,ORD01692_7
U01693,2024-01-31,810.33,ORD01692_6
U01693,2024-02-06,1242.27,ORD01692_16
U01693,2024-02-22,1269.23,ORD01692_9
U01693,2024-03-10,460.09,ORD01692_10
U01693,2024-03-21,1417.19,ORD01692_12
U01693,2024-04-07,578.01,ORD01692_13
U01693,2024-05-04,1495.53,ORD01692_15
U01693,2024-05-21,1048.25,ORD01692_0
U01693,2024-05-29,1440.85,ORD01692_17
U01693,2024-06-01,1352.39,ORD01692_14
U01693,2024-07-21,841.14,ORD01692_11
U01693,2024-08-09,903.81,ORD01692_8
U01693,2024-09-06,1016.49,ORD01692_5
U01693,2024-09-18,1285.78,ORD01692_19
U01693,2024-09-22,470.63,ORD01692_4
U01693,2024-10-23,820.43,ORD01692_1
U01693,2024-11-11,559.34,ORD01692_18
U01693,2024-12-06,1471.76,ORD01692_2
U01693,2024-12-29,1100.99,ORD01692_3
U01694,2024-09-22,86.7,ORD01693_0
U01695,2024-01-03,926.02,ORD01694_19
U01695,2024-01-11,590.39,ORD01694_9
U01695,2024-01-13,634.0,ORD01694_14
U01695,2024-01-17,376.63,ORD01694_25
U01695,2024-01-19,1114.93,ORD01694_13
U01695,2024-01-29,1105.67,ORD01694_10
U01695,2024-02-03,801.33,ORD01694_11
U01695,2024-03-30,963.07,ORD01694_17
U01695,2024-04-07,417.76,ORD01694_12
U01695,2024-04-12,689.85,ORD01694_3
U01695,2024-05-04,982.43,ORD01694_27
U01695,2024-05-11,790.23,ORD01694_6
U01695,2024-05-19,319.36,ORD01694_2
U01695,2024-05-28,779.19,ORD01694_23
U01695,2024-06-08,840.51,ORD01694_4
U01695,2024-06-09,345.23,ORD01694_1
U01695,2024-06-18,888.64,ORD01694_8
U01695,2024-07-06,953.29,ORD01694_22
U01695,2024-07-07,875.11,ORD01694_21
U01695,2024-07-10,641.8,ORD01694_7
U01695,2024-08-11,763.23,ORD01694_18
U01695,2024-08-15,807.04,ORD01694_16
U01695,2024-08-19,575.66,ORD01694_24
U01695,2024-09-15,324.73,ORD01694_15
U01695,2024-10-14,1055.6,ORD01694_0
U01695,2024-10-30,582.31,ORD01694_26
U01695,2024-11-01,992.57,ORD01694_20
U01695,2024-11-19,1074.46,ORD01694_5
U01696,2024-02-09,1278.12,ORD01695_9
U01696,2024-02-21,509.65,ORD01695_12
U01696,2024-02-22,347.55,ORD01695_8
U01696,2024-02-25,661.85,ORD01695_10
U01696,2024-02-26,1155.1,ORD01695_2
U01696,2024-03-25,948.13,ORD01695_4
U01696,2024-04-07,543.21,ORD01695_13
U01696,2024-06-02,1063.99,ORD01695_17
U01696,2024-07-26,1350.66,ORD01695_3
U01696,2024-08-30,661.17,ORD01695_15
U01696,2024-09-11,1040.42,ORD01695_11
U01696,2024-09-17,413.03,ORD01695_1
U01696,2024-09-18,1141.3,ORD01695_16
U01696,2024-09-27,705.6,ORD01695_14
U01696,2024-10-08,506.23,ORD01695_6
U01696,2024-11-23,1043.2,ORD01695_5
U01696,2024-12-03,476.92,ORD01695_0
U01696,2024-12-24,620.34,ORD01695_7
U01697,2024-04-07,463.94,ORD01696_4
U01697,2024-04-10,521.47,ORD01696_1
U01697,2024-04-12,556.55,ORD01696_3
U01697,2024-05-26,162.65,ORD01696_5
U01697,2024-06-26,447.68,ORD01696_0
U01697,2024-07-03,481.3,ORD01696_6
U01697,2024-07-26,238.97,ORD01696_2
U01698,2024-01-05,141.86,ORD01697_2
U01698,2024-02-24,89.87,ORD01697_3
U01698,2024-03-28,146.57,ORD01697_4
U01698,2024-04-13,148.88,ORD01697_0
U01698,2024-06-18,188.37,ORD01697_5
U01698,2024-08-09,96.75,ORD01697_1
U01698,2024-10-21,121.99,ORD01697_6
U01699,2024-01-03,1097.04,ORD01698_7
U01699,2024-01-05,960.35,ORD01698_14
U01699,2024-01-18,868.27,ORD01698_16
U01699,2024-01-22,795.89,ORD01698_17
U01699,2024-01-30,903.69,ORD01698_6
U01699,2024-02-22,704.7,ORD01698_12
U01699,2024-02-28,1303.57,ORD01698_8
U01699,2024-02-29,933.09,ORD01698_10
U01699,2024-03-27,497.63,ORD01698_1
U01699,2024-04-28,686.88,ORD01698_3
U01699,2024-04-28,1267.57,ORD01698_13
U01699,2024-06-04,741.42,ORD01698_0
U01699,2024-06-08,1362.77,ORD01698_15
U01699,2024-09-19,374.63,ORD01698_18
U01699,2024-09-23,389.03,ORD01698_2
U01699,2024-10-19,993.33,ORD01698_5
U01699,2024-11-06,596.11,ORD01698_9
U01699,2024-11-17,445.5,ORD01698_11
U01699,2024-12-06,1322.83,ORD01698_4
U01700,2024-01-31,1218.89,ORD01699_4
U01700,2024-02-06,1497.6,ORD01699_10
U01700,2024-02-27,992.76,ORD01699_6
U01700,2024-04-27,1133.34,ORD01699_2
U01700,2024-05-02,948.79,ORD01699_7
U01700,2024-06-03,1033.5,ORD01699_9
U01700,2024-06-07,865.35,ORD01699_0
U01700,2024-10-02,558.82,ORD01699_1
U01700,2024-10-12,1333.52,ORD01699_5
U01700,2024-10-19,1026.7,ORD01699_8
U01700,2024-11-13,392.14,ORD01699_11
U01700,2024-12-23,1081.64,ORD01699_3
U01701,2024-01-18,168.59,ORD01700_0
U01701,2024-01-21,169.65,ORD01700_8
U01701,2024-03-16,166.94,ORD01700_5
U01701,2024-07-27,72.44,ORD01700_2
U01701,2024-09-22,167.87,ORD01700_7
U01701,2024-10-05,186.09,ORD01700_3
U01701,2024-10-16,190.6,ORD01700_1
U01701,2024-11-04,95.53,ORD01700_4
U01701,2024-12-12,143.91,ORD01700_6
U01702,2024-01-05,1043.98,ORD01701_21
U01702,2024-01-09,604.92,ORD01701_1
U01702,2024-01-30,756.91,ORD01701_16
U01702,2024-01-31,565.79,ORD01701_18
U01702,2024-02-10,925.49,ORD01701_8
U01702,2024-02-28,507.02,ORD01701_22
U01702,2024-03-04,1041.32,ORD01701_3
U01702,2024-04-08,958.81,ORD01701_15
U01702,2024-04-21,1051.48,ORD01701_11
U01702,2024-05-16,1090.28,ORD01701_12
U01702,2024-05-18,949.6,ORD01701_6
U01702,2024-05-18,822.72,ORD01701_17
U01702,2024-06-02,795.94,ORD01701_7
U01702,2024-06-04,951.63,ORD01701_5
U01702,2024-06-04,973.03,ORD01701_19
U01702,2024-06-06,1198.89,ORD01701_13
U01702,2024-06-17,592.12,ORD01701_9
U01702,2024-07-09,787.69,ORD01701_20
U01702,2024-07-17,700.45,ORD01701_10
U01702,2024-07-22,1130.32,ORD01701_0
U01702,2024-09-20,597.13,ORD01701_14
U01702,2024-10-22,371.47,ORD01701_2
U01702,2024-11-15,546.84,ORD01701_4
U01703,2024-01-05,447.98,ORD01702_4
U01703,2024-01-07,517.71,ORD01702_13
U01703,2024-01-24,1091.03,ORD01702_11
U01703,2024-03-07,581.01,ORD01702_24
U01703,2024-03-21,588.26,ORD01702_14
U01703,2024-03-21,494.55,ORD01702_22
U01703,2024-03-23,674.64,ORD01702_16
U01703,2024-04-09,792.97,ORD01702_18
U01703,2024-04-20,576.96,ORD01702_0
U01703,2024-04-21,979.32,ORD01702_5
U01703,2024-05-02,724.07,ORD01702_19
U01703,2024-05-11,570.78,ORD01702_6
U01703,2024-05-25,366.43,ORD01702_20
U01703,2024-06-04,569.52,ORD01702_10
U01703,2024-06-27,928.07,ORD01702_12
U01703,2024-06-29,810.86,ORD01702_15
U01703,2024-07-20,663.02,ORD01702_25
U01703,2024-07-21,760.14,ORD01702_17
U01703,2024-07-25,857.41,ORD01702_7
U01703,2024-08-31,664.55,ORD01702_8
U01703,2024-09-22,612.82,ORD01702_9
U01703,2024-10-21,917.26,ORD01702_1
U01703,2024-10-25,845.22,ORD01702_3
U01703,2024-11-03,1236.42,ORD01702_23
U01703,2024-11-09,1091.2,ORD01702_21
U01703,2024-12-01,380.9,ORD01702_2
U01704,2024-01-01,1151.96,ORD01703_11
U01704,2024-01-27,742.25,ORD01703_7
U01704,2024-02-01,1276.79,ORD01703_14
U01704,2024-03-03,726.76,ORD01703_15
U01704,2024-03-22,559.24,ORD01703_21
U01704,2024-03-25,1125.16,ORD01703_10
U01704,2024-03-27,1284.55,ORD01703_3
U01704,2024-03-30,641.0,ORD01703_12
U01704,2024-04-17,416.44,ORD01703_16
U01704,2024-04-20,1403.66,ORD01703_17
U01704,2024-06-03,523.99,ORD01703_13
U01704,2024-06-08,676.23,ORD01703_18
U01704,2024-06-13,462.93,ORD01703_0
U01704,2024-06-17,1129.0,ORD01703_4
U01704,2024-10-03,535.07,ORD01703_8
U01704,2024-10-14,600.24,ORD01703_1
U01704,2024-10-14,1241.25,ORD01703_9
U01704,2024-10-14,533.92,ORD01703_20
U01704,2024-10-30,1103.42,ORD01703_19
U01704,2024-11-05,1007.74,ORD01703_2
U01704,2024-11-25,1073.05,ORD01703_5
U01704,2024-12-19,828.63,ORD01703_6
U01705,2024-04-19,262.27,ORD01704_4
U01705,2024-05-15,379.05,ORD01704_3
U01705,2024-05-29,537.93,ORD01704_2
U01705,2024-07-13,489.26,ORD01704_0
U01705,2024-09-22,740.29,ORD01704_1
U01706,2024-01-27,203.09,ORD01705_0
U01706,2024-05-05,169.92,ORD01705_3
U01706,2024-06-28,270.55,ORD01705_1
U01706,2024-07-25,144.67,ORD01705_4
U01706,2024-11-15,146.64,ORD01705_2
U01707,2024-01-25,677.9,ORD01706_5
U01707,2024-03-16,753.76,ORD01706_6
U01707,2024-03-26,483.08,ORD01706_4
U01707,2024-07-01,749.91,ORD01706_8
U01707,2024-09-06,328.04,ORD01706_0
U01707,2024-09-21,641.92,ORD01706_3
U01707,2024-10-04,742.71,ORD01706_9
U01707,2024-10-24,626.31,ORD01706_2
U01707,2024-11-29,308.26,ORD01706_1
U01707,2024-12-04,630.47,ORD01706_7
U01708,2024-01-02,348.74,ORD01707_8
U01708,2024-03-17,317.62,ORD01707_7
U01708,2024-05-17,225.16,ORD01707_2
U01708,2024-06-12,196.63,ORD01707_1
U01708,2024-08-11,378.69,ORD01707_3
U01708,2024-08-12,279.58,ORD01707_4
U01708,2024-09-03,254.62,ORD01707_5
U01708,2024-10-25,230.09,ORD01707_6
U01708,2024-12-04,427.93,ORD01707_0
U01709,2024-02-04,384.17,ORD01708_7
U01709,2024-06-05,260.11,ORD01708_0
U01709,2024-06-09,159.38,ORD01708_8
U01709,2024-07-29,273.17,ORD01708_5
U01709,2024-08-08,279.04,ORD01708_4
U01709,2024-08-24,151.73,ORD01708_3
U01709,2024-10-07,144.67,ORD01708_2
U01709,2024-11-24,235.65,ORD01708_1
U01709,2024-11-27,232.67,ORD01708_6
U01710,2024-11-28,147.46,ORD01709_1
U01710,2024-12-17,168.91,ORD01709_0
U01711,2024-01-18,1014.53,ORD01710_0
U01711,2024-02-02,652.65,ORD01710_6
U01711,2024-02-15,838.95,ORD01710_7
U01711,2024-03-09,690.98,ORD01710_12
U01711,2024-03-20,374.15,ORD01710_3
U01711,2024-05-09,681.55,ORD01710_5
U01711,2024-05-12,604.32,ORD01710_8
U01711,2024-06-18,1161.73,ORD01710_1
U01711,2024-06-24,1181.0,ORD01710_13
U01711,2024-07-26,877.06,ORD01710_4
U01711,2024-10-08,1139.81,ORD01710_2
U01711,2024-11-08,523.59,ORD01710_9
U01711,2024-12-04,1106.91,ORD01710_10
U01711,2024-12-11,404.67,ORD01710_11
U01712,2024-01-17,221.98,ORD01711_2
U01712,2024-03-05,685.07,ORD01711_1
U01712,2024-05-08,600.44,ORD01711_3
U01712,2024-08-14,620.91,ORD01711_0
U01712,2024-09-04,508.34,ORD01711_4
U01713,2024-01-06,480.79,ORD01712_1
U01713,2024-02-12,354.96,ORD01712_3
U01713,2024-03-15,212.34,ORD01712_0
U01713,2024-03-31,590.06,ORD01712_7
U01713,2024-04-11,229.16,ORD01712_6
U01713,2024-07-01,461.3,ORD01712_8
U01713,2024-07-21,283.22,ORD01712_5
U01713,2024-10-29,227.95,ORD01712_4
U01713,2024-12-16,537.0,ORD01712_2
U01714,2024-10-11,70.59,ORD01713_0
U01715,2024-02-25,96.67,ORD01714_0
U01716,2024-12-23,99.93,ORD01715_0
U01717,2024-01-02,751.75,ORD01716_4
U01717,2024-05-08,757.42,ORD01716_3
U01717,2024-07-17,252.15,ORD01716_2
U01717,2024-08-15,751.97,ORD01716_1
U01717,2024-09-01,727.29,ORD01716_6
U01717,2024-09-20,560.67,ORD01716_0
U01717,2024-12-22,505.24,ORD01716_5
U01718,2024-01-26,351.16,ORD01717_7
U01718,2024-02-12,601.97,ORD01717_3
U01718,2024-05-20,236.43,ORD01717_1
U01718,2024-06-04,344.97,ORD01717_5
U01718,2024-06-04,728.8,ORD01717_8
U01718,2024-08-04,352.61,ORD01717_4
U01718,2024-10-08,396.51,ORD01717_6
U01718,2024-10-14,385.06,ORD01717_2
U01718,2024-10-27,293.8,ORD01717_0
U01719,2024-01-08,113.34,ORD01718_1
U01719,2024-02-13,251.32,ORD01718_2
U01719,2024-02-15,282.85,ORD01718_0
U01719,2024-03-27,158.09,ORD01718_7
U01719,2024-06-02,206.35,ORD01718_6
U01719,2024-06-05,268.27,ORD01718_4
U01719,2024-06-15,191.06,ORD01718_3
U01719,2024-08-19,153.96,ORD01718_5
U01720,2024-06-30,80.12,ORD01719_0
U01721,2024-03-13,84.47,ORD01720_1
U01721,2024-11-29,65.2,ORD01720_0
U01722,2024-03-13,119.16,ORD01721_4
U01722,2024-03-17,124.27,ORD01721_3
U01722,2024-03-18,130.31,ORD01721_0
U01722,2024-08-23,291.56,ORD01721_2
U01722,2024-11-23,149.31,ORD01721_1
U01723,2024-07-11,194.01,ORD01722_1
U01723,2024-12-24,191.91,ORD01722_0
U01724,2024-06-04,57.44,ORD01723_1
U01724,2024-06-06,48.1,ORD01723_0
U01725,2024-06-07,414.29,ORD01724_1
U01725,2024-06-11,524.68,ORD01724_2
U01725,2024-11-05,541.99,ORD01724_0
U01726,2024-04-01,82.43,ORD01725_2
U01726,2024-07-14,63.93,ORD01725_0
U01726,2024-10-12,77.03,ORD01725_1
U01727,2024-05-22,254.68,ORD01726_0
U01727,2024-12-07,262.85,ORD01726_1
U01728,2024-01-10,205.8,ORD01727_1
U01728,2024-04-28,139.24,ORD01727_0
U01729,2024-07-28,174.13,ORD01728_0
U01729,2024-08-05,204.51,ORD01728_1
U01730,2024-08-23,107.87,ORD01729_0
U01731,2024-03-27,147.58,ORD01730_4
U01731,2024-04-06,197.49,ORD01730_2
U01731,2024-07-07,334.14,ORD01730_3
U01731,2024-10-14,139.49,ORD01730_1
U01731,2024-11-01,276.65,ORD01730_0
U01732,2024-02-13,326.35,ORD01731_7
U01732,2024-02-14,270.95,ORD01731_1
U01732,2024-02-21,746.93,ORD01731_3
U01732,2024-03-19,460.5,ORD01731_5
U01732,2024-07-07,707.21,ORD01731_2
U01732,2024-11-12,351.75,ORD01731_0
U01732,2024-11-13,667.1,ORD01731_4
U01732,2024-12-09,641.77,ORD01731_6
U01733,2024-03-05,240.66,ORD01732_1
U01733,2024-03-13,161.12,ORD01732_2
U01733,2024-07-07,272.48,ORD01732_3
U01733,2024-12-15,274.42,ORD01732_0
U01734,2024-02-10,55.11,ORD01733_2
U01734,2024-02-24,132.11,ORD01733_6
U01734,2024-03-15,167.98,ORD01733_1
U01734,2024-06-08,69.66,ORD01733_0
U01734,2024-07-07,124.65,ORD01733_4
U01734,2024-09-19,84.55,ORD01733_8
U01734,2024-10-31,106.58,ORD01733_7
U01734,2024-11-12,93.09,ORD01733_5
U01734,2024-11-29,96.16,ORD01733_3
U01735,2024-02-16,298.78,ORD01734_2
U01735,2024-03-25,165.31,ORD01734_1
U01735,2024-06-03,127.62,ORD01734_3
U01735,2024-06-06,194.96,ORD01734_4
U01735,2024-07-29,247.38,ORD01734_0
U01735,2024-08-10,380.04,ORD01734_7
U01735,2024-09-03,314.09,ORD01734_5
U01735,2024-10-25,366.01,ORD01734_6
U01736,2024-05-17,83.98,ORD01735_0
U01736,2024-05-17,196.83,ORD01735_1
U01737,2024-05-03,87.91,ORD01736_0
U01737,2024-05-03,232.33,ORD01736_1
U01737,2024-12-23,147.7,ORD01736_2
U01738,2024-01-09,1360.43,ORD01737_13
U01738,2024-01-10,1259.8,ORD01737_14
U01738,2024-01-26,762.95,ORD01737_9
U01738,2024-02-12,607.15,ORD01737_8
U01738,2024-03-05,366.29,ORD01737_6
U01738,2024-03-29,974.54,ORD01737_2
U01738,2024-05-07,1301.84,ORD01737_11
U01738,2024-08-06,1033.51,ORD01737_7
U01738,2024-08-14,1146.26,ORD01737_5
U01738,2024-08-20,708.19,ORD01737_10
U01738,2024-08-20,784.12,ORD01737_12
U01738,2024-09-06,508.69,ORD01737_3
U01738,2024-09-22,815.26,ORD01737_15
U01738,2024-11-12,886.14,ORD01737_4
U01738,2024-11-16,525.19,ORD01737_0
U01738,2024-11-23,506.92,ORD01737_1
U01739,2024-08-17,55.71,ORD01738_0
U01739,2024-12-08,122.41,ORD01738_1
U01740,2024-01-05,566.75,ORD01739_2
U01740,2024-01-21,233.91,ORD01739_21
U01740,2024-02-16,492.32,ORD01739_16
U01740,2024-02-17,311.46,ORD01739_0
U01740,2024-03-15,597.77,ORD01739_11
U01740,2024-04-17,202.38,ORD01739_4
U01740,2024-05-23,455.12,ORD01739_7
U01740,2024-06-15,158.5,ORD01739_19
U01740,2024-06-28,436.66,ORD01739_3
U01740,2024-09-05,328.46,ORD01739_5
U01740,2024-09-17,252.25,ORD01739_12
U01740,2024-09-20,498.02,ORD01739_10
U01740,2024-10-19,613.47,ORD01739_1
U01740,2024-10-22,604.02,ORD01739_9
U01740,2024-10-22,466.09,ORD01739_18
U01740,2024-10-29,281.18,ORD01739_20
U01740,2024-11-17,515.24,ORD01739_8
U01740,2024-11-17,214.75,ORD01739_15
U01740,2024-12-06,284.79,ORD01739_13
U01740,2024-12-13,263.04,ORD01739_17
U01740,2024-12-22,452.94,ORD01739_14
U01740,2024-12-24,352.53,ORD01739_6
U01741,2024-01-04,1421.39,ORD01740_15
U01741,2024-01-11,1407.02,ORD01740_21
U01741,2024-01-15,518.34,ORD01740_23
U01741,2024-01-18,604.12,ORD01740_6
U01741,2024-01-19,1327.63,ORD01740_14
U01741,2024-01-27,411.78,ORD01740_17
U01741,2024-02-28,859.64,ORD01740_10
U01741,2024-03-04,399.01,ORD01740_24
U01741,2024-04-30,687.38,ORD01740_22
U01741,2024-04-30,1257.49,ORD01740_25
U01741,2024-05-01,757.44,ORD01740_1
U01741,2024-05-04,757.32,ORD01740_26
U01741,2024-05-22,1175.79,ORD01740_8
U01741,2024-05-28,1398.65,ORD01740_11
U01741,2024-06-21,729.15,ORD01740_0
U01741,2024-06-29,749.13,ORD01740_4
U01741,2024-07-20,985.22,ORD01740_20
U01741,2024-07-30,1483.48,ORD01740_19
U01741,2024-08-06,1056.09,ORD01740_18
U01741,2024-08-29,864.18,ORD01740_7
U01741,2024-09-14,1118.29,ORD01740_13
U01741,2024-10-20,534.62,ORD01740_9
U01741,2024-11-03,730.94,ORD01740_2
U01741,2024-11-13,982.32,ORD01740_12
U01741,2024-12-03,1529.72,ORD01740_3
U01741,2024-12-13,1416.23,ORD01740_5
U01741,2024-12-27,729.31,ORD01740_16
U01742,2024-01-26,387.86,ORD01741_14
U01742,2024-02-29,537.41,ORD01741_10
U01742,2024-03-16,952.09,ORD01741_3
U01742,2024-03-21,1219.92,ORD01741_4
U01742,2024-03-23,953.72,ORD01741_13
U01742,2024-03-30,632.9,ORD01741_9
U01742,2024-04-28,942.51,ORD01741_7
U01742,2024-05-08,540.83,ORD01741_1
U01742,2024-05-24,822.95,ORD01741_6
U01742,2024-07-13,764.58,ORD01741_2
U01742,2024-07-16,1144.4,ORD01741_12
U01742,2024-07-25,379.28,ORD01741_0
U01742,2024-08-30,1225.42,ORD01741_15
U01742,2024-08-31,445.4,ORD01741_8
U01742,2024-09-24,650.09,ORD01741_5
U01742,2024-11-18,352.74,ORD01741_16
U01742,2024-12-18,812.18,ORD01741_11
U01743,2024-10-28,204.04,ORD01742_0
U01744,2024-03-25,387.29,ORD01743_8
U01744,2024-06-13,386.03,ORD01743_5
U01744,2024-07-20,469.19,ORD01743_3
U01744,2024-09-09,282.46,ORD01743_0
U01744,2024-09-11,473.26,ORD01743_4
U01744,2024-10-10,496.05,ORD01743_7
U01744,2024-10-25,326.22,ORD01743_1
U01744,2024-12-16,316.68,ORD01743_6
U01744,2024-12-22,733.61,ORD01743_2
U01745,2024-01-05,119.27,ORD01744_1
U01745,2024-01-07,325.83,ORD01744_5
U01745,2024-01-14,218.29,ORD01744_8
U01745,2024-04-22,359.94,ORD01744_7
U01745,2024-06-04,148.23,ORD01744_0
U01745,2024-09-18,276.49,ORD01744_2
U01745,2024-09-25,217.45,ORD01744_4
U01745,2024-10-29,124.7,ORD01744_3
U01745,2024-11-17,249.88,ORD01744_6
U01746,2024-12-07,131.33,ORD01745_0
U01747,2024-04-14,88.27,ORD01746_0
U01747,2024-11-24,92.27,ORD01746_1
U01748,2024-01-11,594.42,ORD01747_0
U01748,2024-01-27,174.94,ORD01747_1
U01748,2024-11-07,552.13,ORD01747_2
U01748,2024-11-10,170.63,ORD01747_3
U01749,2024-03-12,57.63,ORD01748_1
U01749,2024-10-05,46.3,ORD01748_0
U01750,2024-09-10,126.74,ORD01749_0
U01750,2024-10-05,155.03,ORD01749_2
U01750,2024-12-28,234.72,ORD01749_1
U01751,2024-01-25,459.81,ORD01750_8
U01751,2024-02-23,420.19,ORD01750_6
U01751,2024-03-29,534.55,ORD01750_4
U01751,2024-04-17,737.71,ORD01750_1
U01751,2024-04-21,592.71,ORD01750_9
U01751,2024-05-16,799.62,ORD01750_10
U01751,2024-05-22,624.92,ORD01750_5
U01751,2024-06-13,381.19,ORD01750_11
U01751,2024-06-22,431.79,ORD01750_2
U01751,2024-08-12,457.0,ORD01750_0
U01751,2024-08-15,695.77,ORD01750_12
U01751,2024-10-23,279.88,ORD01750_3
U01751,2024-11-03,526.41,ORD01750_13
U01751,2024-11-28,688.84,ORD01750_7
U01752,2024-01-19,74.56,ORD01751_0
U01752,2024-02-27,113.7,ORD01751_1
U01753,2024-03-08,172.15,ORD01752_0
U01753,2024-08-09,131.04,ORD01752_1
U01754,2024-01-17,168.93,ORD01753_4
U01754,2024-04-07,186.04,ORD01753_1
U01754,2024-07-12,370.08,ORD01753_5
U01754,2024-08-14,353.74,ORD01753_3
U01754,2024-08-20,139.54,ORD01753_0
U01754,2024-09-05,179.41,ORD01753_2
U01755,2024-01-31,192.79,ORD01754_3
U01755,2024-04-06,609.88,ORD01754_6
U01755,2024-04-11,529.59,ORD01754_5
U01755,2024-04-27,172.57,ORD01754_1
U01755,2024-09-02,574.65,ORD01754_4
U01755,2024-10-04,318.41,ORD01754_2
U01755,2024-11-05,258.57,ORD01754_0
U01756,2024-02-29,116.41,ORD01755_0
U01756,2024-03-03,433.25,ORD01755_4
U01756,2024-03-12,224.83,ORD01755_2
U01756,2024-08-01,220.79,ORD01755_1
U01756,2024-11-09,130.31,ORD01755_3
U01757,2024-01-02,216.88,ORD01756_0
U01757,2024-10-30,173.88,ORD01756_1
U01758,2024-03-12,306.3,ORD01757_3
U01758,2024-06-12,192.32,ORD01757_1
U01758,2024-07-02,259.64,ORD01757_4
U01758,2024-07-31,320.39,ORD01757_2
U01758,2024-11-19,327.29,ORD01757_0
U01759,2024-02-19,128.54,ORD01758_0
U01760,2024-04-03,53.1,ORD01759_0
U01760,2024-06-15,42.1,ORD01759_1
U01761,2024-01-06,404.23,ORD01760_2
U01761,2024-03-16,336.8,ORD01760_4
U01761,2024-04-09,282.28,ORD01760_0
U01761,2024-06-27,159.58,ORD01760_7
U01761,2024-08-03,291.46,ORD01760_8
U01761,2024-08-04,257.28,ORD01760_6
U01761,2024-09-24,346.98,ORD01760_5
U01761,2024-12-21,550.49,ORD01760_1
U01761,2024-12-21,215.93,ORD01760_3
U01762,2024-08-09,117.19,ORD01761_0
U01762,2024-10-24,175.88,ORD01761_2
U01762,2024-11-22,86.4,ORD01761_1
U01762,2024-11-27,76.98,ORD01761_3
U01763,2024-01-28,1049.61,ORD01762_0
U01763,2024-03-13,1146.08,ORD01762_6
U01763,2024-07-23,450.48,ORD01762_5
U01763,2024-07-30,616.56,ORD01762_7
U01763,2024-08-24,1124.62,ORD01762_1
U01763,2024-09-02,442.23,ORD01762_3
U01763,2024-09-22,430.77,ORD01762_4
U01763,2024-11-21,911.12,ORD01762_2
U01764,2024-08-09,93.32,ORD01763_0
U01765,2024-01-27,156.08,ORD01764_5
U01765,2024-03-03,175.03,ORD01764_6
U01765,2024-04-03,158.94,ORD01764_1
U01765,2024-04-05,429.44,ORD01764_0
U01765,2024-04-15,329.67,ORD01764_2
U01765,2024-10-08,408.52,ORD01764_4
U01765,2024-11-27,329.25,ORD01764_3
U01766,2024-02-29,520.63,ORD01765_5
U01766,2024-03-02,443.48,ORD01765_9
U01766,2024-03-05,716.92,ORD01765_10
U01766,2024-03-14,374.31,ORD01765_8
U01766,2024-04-14,1046.97,ORD01765_7
U01766,2024-05-06,690.63,ORD01765_0
U01766,2024-05-06,835.41,ORD01765_6
U01766,2024-05-13,753.89,ORD01765_1
U01766,2024-06-22,586.87,ORD01765_2
U01766,2024-07-01,318.38,ORD01765_11
U01766,2024-10-15,506.08,ORD01765_3
U01766,2024-11-14,449.63,ORD01765_4
U01766,2024-12-21,539.53,ORD01765_12
U01767,2024-04-12,57.93,ORD01766_0
U01767,2024-04-17,28.25,ORD01766_1
U01767,2024-12-08,39.11,ORD01766_2
U01768,2024-03-08,73.8,ORD01767_1
U01768,2024-06-22,173.1,ORD01767_2
U01768,2024-09-17,228.2,ORD01767_3
U01768,2024-09-28,227.84,ORD01767_0
U01769,2024-01-05,220.58,ORD01768_2
U01769,2024-01-27,310.37,ORD01768_3
U01769,2024-04-09,329.19,ORD01768_0
U01769,2024-05-07,292.26,ORD01768_1
U01770,2024-10-05,66.4,ORD01769_0
U01771,2024-01-30,121.33,ORD01770_0
U01771,2024-02-09,178.52,ORD01770_1
U01771,2024-10-30,53.87,ORD01770_2
U01772,2024-02-19,48.58,ORD01771_2
U01772,2024-06-21,60.22,ORD01771_1
U01772,2024-11-14,29.59,ORD01771_0
U01773,2024-05-04,209.53,ORD01772_2
U01773,2024-06-29,455.45,ORD01772_1
U01773,2024-08-24,256.14,ORD01772_3
U01773,2024-09-12,513.67,ORD01772_0
U01773,2024-10-25,180.83,ORD01772_4
U01774,2024-05-13,34.63,ORD01773_1
U01774,2024-06-10,38.53,ORD01773_0
U01774,2024-09-17,105.12,ORD01773_2
U01775,2024-05-03,52.55,ORD01774_2
U01775,2024-08-11,168.68,ORD01774_0
U01775,2024-11-13,157.82,ORD01774_1
U01776,2024-01-10,548.48,ORD01775_23
U01776,2024-01-19,274.7,ORD01775_24
U01776,2024-01-20,734.33,ORD01775_22
U01776,2024-02-19,655.0,ORD01775_5
U01776,2024-02-24,626.63,ORD01775_10
U01776,2024-02-28,771.37,ORD01775_2
U01776,2024-03-08,791.27,ORD01775_20
U01776,2024-03-28,514.61,ORD01775_1
U01776,2024-04-09,260.44,ORD01775_17
U01776,2024-04-19,605.8,ORD01775_12
U01776,2024-04-22,446.47,ORD01775_14
U01776,2024-05-08,278.23,ORD01775_9
U01776,2024-06-04,592.8,ORD01775_7
U01776,2024-06-30,349.63,ORD01775_21
U01776,2024-07-19,596.44,ORD01775_19
U01776,2024-07-29,717.87,ORD01775_3
U01776,2024-08-26,259.42,ORD01775_4
U01776,2024-08-28,602.43,ORD01775_8
U01776,2024-09-07,741.97,ORD01775_16
U01776,2024-09-24,714.66,ORD01775_0
U01776,2024-09-28,529.29,ORD01775_26
U01776,2024-10-29,444.92,ORD01775_18
U01776,2024-10-29,479.86,ORD01775_25
U01776,2024-11-05,691.84,ORD01775_6
U01776,2024-11-12,400.02,ORD01775_13
U01776,2024-11-24,734.6,ORD01775_11
U01776,2024-12-01,581.28,ORD01775_15
U01777,2024-02-29,147.59,ORD01776_2
U01777,2024-03-06,228.58,ORD01776_0
U01777,2024-04-02,154.04,ORD01776_3
U01777,2024-11-12,127.93,ORD01776_1
U01778,2024-04-17,75.82,ORD01777_0
U01778,2024-09-03,145.4,ORD01777_1
U01779,2024-01-24,386.62,ORD01778_4
U01779,2024-01-24,656.14,ORD01778_5
U01779,2024-02-16,198.94,ORD01778_3
U01779,2024-03-13,326.97,ORD01778_1
U01779,2024-09-19,510.18,ORD01778_0
U01779,2024-11-21,232.2,ORD01778_2
U01780,2024-01-07,487.15,ORD01779_3
U01780,2024-04-02,179.05,ORD01779_0
U01780,2024-06-22,571.3,ORD01779_1
U01780,2024-08-22,217.36,ORD01779_2
U01780,2024-10-02,529.02,ORD01779_4
U01781,2024-02-05,26.91,ORD01780_0
U01781,2024-04-30,60.09,ORD01780_1
U01781,2024-11-30,22.27,ORD01780_2
U01782,2024-02-28,323.24,ORD01781_6
U01782,2024-04-20,343.4,ORD01781_4
U01782,2024-06-02,309.01,ORD01781_7
U01782,2024-06-17,162.06,ORD01781_8
U01782,2024-08-06,349.85,ORD01781_1
U01782,2024-09-29,364.77,ORD01781_2
U01782,2024-10-11,192.5,ORD01781_0
U01782,2024-10-14,211.75,ORD01781_3
U01782,2024-12-04,267.93,ORD01781_5
U01783,2024-01-18,112.49,ORD01782_1
U01783,2024-03-02,290.23,ORD01782_4
U01783,2024-04-16,104.45,ORD01782_2
U01783,2024-06-11,356.12,ORD01782_5
U01783,2024-07-17,120.54,ORD01782_3
U01783,2024-10-18,328.34,ORD01782_0
U01783,2024-11-28,146.01,ORD01782_6
U01784,2024-01-19,199.05,ORD01783_5
U01784,2024-05-10,292.03,ORD01783_6
U01784,2024-05-18,165.95,ORD01783_2
U01784,2024-06-06,174.33,ORD01783_0
U01784,2024-09-18,275.91,ORD01783_1
U01784,2024-11-30,88.03,ORD01783_3
U01784,2024-12-25,147.54,ORD01783_4
U01785,2024-01-06,196.42,ORD01784_16
U01785,2024-03-04,245.41,ORD01784_14
U01785,2024-03-18,522.63,ORD01784_13
U01785,2024-03-23,285.88,ORD01784_15
U01785,2024-03-28,479.61,ORD01784_12
U01785,2024-04-09,223.34,ORD01784_1
U01785,2024-04-21,379.63,ORD01784_4
U01785,2024-05-15,427.08,ORD01784_0
U01785,2024-06-22,509.63,ORD01784_10
U01785,2024-06-25,409.7,ORD01784_9
U01785,2024-07-21,284.97,ORD01784_3
U01785,2024-08-05,389.74,ORD01784_11
U01785,2024-08-09,209.24,ORD01784_8
U01785,2024-08-30,221.17,ORD01784_5
U01785,2024-10-10,221.92,ORD01784_6
U01785,2024-10-27,226.12,ORD01784_2
U01785,2024-10-28,487.12,ORD01784_7
U01786,2024-01-02,132.77,ORD01785_0
U01787,2024-01-12,195.35,ORD01786_7
U01787,2024-03-01,153.5,ORD01786_5
U01787,2024-03-04,151.93,ORD01786_2
U01787,2024-05-05,145.25,ORD01786_4
U01787,2024-06-14,248.24,ORD01786_0
U01787,2024-09-30,212.74,ORD01786_6
U01787,2024-10-15,208.69,ORD01786_3
U01787,2024-11-12,251.83,ORD01786_1
U01788,2024-04-06,29.08,ORD01787_0
U01788,2024-07-23,46.94,ORD01787_2
U01788,2024-10-14,36.73,ORD01787_1
U01789,2024-02-15,1237.62,ORD01788_1
U01789,2024-02-27,399.32,ORD01788_2
U01789,2024-03-16,1129.4,ORD01788_5
U01789,2024-04-05,1326.02,ORD01788_11
U01789,2024-04-24,576.91,ORD01788_4
U01789,2024-05-08,838.37,ORD01788_13
U01789,2024-06-03,785.33,ORD01788_7
U01789,2024-08-11,871.51,ORD01788_6
U01789,2024-09-05,724.12,ORD01788_3
U01789,2024-10-05,1077.31,ORD01788_8
U01789,2024-10-26,756.36,ORD01788_14
U01789,2024-11-02,409.55,ORD01788_0
U01789,2024-11-12,941.04,ORD01788_9
U01789,2024-11-27,733.2,ORD01788_10
U01789,2024-12-27,1328.45,ORD01788_12
U01790,2024-03-06,511.97,ORD01789_3
U01790,2024-03-12,342.19,ORD01789_0
U01790,2024-04-05,232.71,ORD01789_5
U01790,2024-04-14,369.01,ORD01789_4
U01790,2024-06-26,290.96,ORD01789_2
U01790,2024-08-28,378.42,ORD01789_1
U01791,2024-05-06,58.31,ORD01790_2
U01791,2024-07-04,76.2,ORD01790_1
U01791,2024-07-22,58.5,ORD01790_0
U01792,2024-05-14,95.0,ORD01791_0
U01792,2024-06-19,75.15,ORD01791_1
U01792,2024-08-29,120.74,ORD01791_2
U01793,2024-05-25,51.47,ORD01792_0
U01794,2024-09-08,224.17,ORD01793_0
U01795,2024-04-20,83.0,ORD01794_0
U01795,2024-06-23,169.29,ORD01794_1
U01795,2024-12-12,162.14,ORD01794_2
U01796,2024-01-06,587.49,ORD01795_6
U01796,2024-03-04,460.22,ORD01795_5
U01796,2024-05-23,208.26,ORD01795_2
U01796,2024-08-07,321.81,ORD01795_1
U01796,2024-11-01,317.15,ORD01795_4
U01796,2024-12-14,650.0,ORD01795_0
U01796,2024-12-19,503.66,ORD01795_3
U01797,2024-05-08,388.5,ORD01796_1
U01797,2024-07-11,274.88,ORD01796_3
U01797,2024-08-13,163.3,ORD01796_0
U01797,2024-09-30,353.72,ORD01796_2
U01798,2024-05-23,107.08,ORD01797_0
U01798,2024-10-29,89.16,ORD01797_1
U01799,2024-01-08,484.75,ORD01798_15
U01799,2024-01-31,858.27,ORD01798_4
U01799,2024-02-07,798.74,ORD01798_13
U01799,2024-02-23,914.87,ORD01798_6
U01799,2024-02-25,315.27,ORD01798_5
U01799,2024-03-22,649.32,ORD01798_3
U01799,2024-04-05,383.75,ORD01798_7
U01799,2024-04-19,984.79,ORD01798_0
U01799,2024-05-04,771.46,ORD01798_11
U01799,2024-07-27,817.89,ORD01798_2
U01799,2024-07-29,844.75,ORD01798_9
U01799,2024-08-09,786.86,ORD01798_16
U01799,2024-08-14,1050.26,ORD01798_14
U01799,2024-09-13,291.74,ORD01798_8
U01799,2024-09-16,775.95,ORD01798_12
U01799,2024-10-23,1001.77,ORD01798_1
U01799,2024-11-12,779.7,ORD01798_10
U01799,2024-12-15,381.27,ORD01798_17
U01800,2024-01-26,324.18,ORD01799_3
U01800,2024-06-13,188.65,ORD01799_0
U01800,2024-10-11,226.28,ORD01799_2
U01800,2024-11-15,273.78,ORD01799_1
U01801,2024-01-06,315.71,ORD01800_4
U01801,2024-03-31,195.87,ORD01800_5
U01801,2024-06-16,152.62,ORD01800_3
U01801,2024-06-18,309.02,ORD01800_1
U01801,2024-08-15,280.71,ORD01800_2
U01801,2024-09-22,145.54,ORD01800_0
U01802,2024-03-28,84.68,ORD01801_0
U01802,2024-11-26,175.68,ORD01801_2
U01802,2024-12-20,78.76,ORD01801_1
U01803,2024-01-18,174.12,ORD01802_5
U01803,2024-03-03,198.64,ORD01802_4
U01803,2024-10-13,221.86,ORD01802_2
U01803,2024-10-19,297.71,ORD01802_3
U01803,2024-11-02,264.11,ORD01802_1
U01803,2024-12-20,204.96,ORD01802_0
U01804,2024-04-12,226.78,ORD01803_5
U01804,2024-05-26,100.64,ORD01803_0
U01804,2024-08-07,275.42,ORD01803_3
U01804,2024-08-16,278.79,ORD01803_2
U01804,2024-09-20,227.3,ORD01803_4
U01804,2024-10-20,158.42,ORD01803_1
U01805,2024-10-11,156.78,ORD01804_0
U01806,2024-01-02,794.03,ORD01805_1
U01806,2024-02-23,1057.78,ORD01805_6
U01806,2024-04-18,682.69,ORD01805_7
U01806,2024-04-23,1423.18,ORD01805_4
U01806,2024-07-28,402.24,ORD01805_0
U01806,2024-08-28,710.49,ORD01805_5
U01806,2024-10-13,1401.63,ORD01805_2
U01806,2024-10-26,430.28,ORD01805_3
U01807,2024-05-01,52.3,ORD01806_1
U01807,2024-07-22,57.84,ORD01806_0
U01808,2024-01-31,564.82,ORD01807_0
U01808,2024-04-15,398.67,ORD01807_2
U01808,2024-10-18,261.17,ORD01807_1
U01809,2024-01-10,344.25,ORD01808_19
U01809,2024-01-14,323.88,ORD01808_18
U01809,2024-01-17,1023.72,ORD01808_11
U01809,2024-03-08,660.43,ORD01808_9
U01809,2024-03-09,1087.84,ORD01808_5
U01809,2024-03-10,407.53,ORD01808_21
U01809,2024-03-13,402.35,ORD01808_4
U01809,2024-05-11,439.28,ORD01808_13
U01809,2024-05-12,722.0,ORD01808_2
U01809,2024-05-26,992.19,ORD01808_20
U01809,2024-06-01,575.65,ORD01808_16
U01809,2024-07-12,658.15,ORD01808_0
U01809,2024-07-24,974.09,ORD01808_7
U01809,2024-07-31,865.15,ORD01808_15
U01809,2024-08-26,998.65,ORD01808_8
U01809,2024-08-31,373.22,ORD01808_3
U01809,2024-09-08,907.8,ORD01808_1
U01809,2024-10-23,1070.43,ORD01808_10
U01809,2024-10-26,416.84,ORD01808_6
U01809,2024-11-06,1085.06,ORD01808_12
U01809,2024-11-14,795.57,ORD01808_17
U01809,2024-12-09,944.59,ORD01808_14
U01810,2024-01-20,104.54,ORD01809_2
U01810,2024-02-05,135.43,ORD01809_0
U01810,2024-09-12,378.43,ORD01809_3
U01810,2024-11-08,332.06,ORD01809_1
U01811,2024-04-08,164.32,ORD01810_2
U01811,2024-10-06,112.26,ORD01810_0
U01811,2024-12-30,252.18,ORD01810_1
U01812,2024-01-12,742.83,ORD01811_10
U01812,2024-01-26,713.62,ORD01811_12
U01812,2024-02-13,765.83,ORD01811_6
U01812,2024-03-30,1128.82,ORD01811_11
U01812,2024-05-18,571.91,ORD01811_8
U01812,2024-05-27,1184.11,ORD01811_3
U01812,2024-05-28,871.86,ORD01811_1
U01812,2024-07-02,667.02,ORD01811_5
U01812,2024-07-29,889.43,ORD01811_2
U01812,2024-08-06,484.79,ORD01811_0
U01812,2024-08-14,1175.39,ORD01811_4
U01812,2024-08-18,770.14,ORD01811_9
U01812,2024-09-06,1084.0,ORD01811_7
U01813,2024-01-04,321.7,ORD01812_4
U01813,2024-06-28,596.17,ORD01812_1
U01813,2024-07-26,285.91,ORD01812_0
U01813,2024-08-30,521.22,ORD01812_2
U01813,2024-09-13,348.87,ORD01812_3
U01814,2024-01-26,91.65,ORD01813_0
U01815,2024-01-30,593.89,ORD01814_8
U01815,2024-03-11,1068.59,ORD01814_6
U01815,2024-04-06,1023.28,ORD01814_7
U01815,2024-04-17,1209.27,ORD01814_1
U01815,2024-05-04,1339.34,ORD01814_11
U01815,2024-05-27,482.29,ORD01814_3
U01815,2024-06-21,1201.03,ORD01814_9
U01815,2024-07-07,900.65,ORD01814_5
U01815,2024-07-29,488.73,ORD01814_10
U01815,2024-08-15,552.93,ORD01814_0
U01815,2024-09-08,479.66,ORD01814_4
U01815,2024-12-20,918.32,ORD01814_2
U01816,2024-01-03,623.43,ORD01815_0
U01816,2024-01-03,797.0,ORD01815_15
U01816,2024-01-06,576.31,ORD01815_11
U01816,2024-01-09,627.47,ORD01815_1
U01816,2024-01-19,739.23,ORD01815_4
U01816,2024-02-12,485.36,ORD01815_7
U01816,2024-03-25,533.44,ORD01815_9
U01816,2024-04-03,603.41,ORD01815_2
U01816,2024-04-15,1029.1,ORD01815_17
U01816,2024-04-22,1181.99,ORD01815_6
U01816,2024-04-22,686.55,ORD01815_8
U01816,2024-04-28,914.97,ORD01815_14
U01816,2024-05-18,572.82,ORD01815_3
U01816,2024-05-31,1007.59,ORD01815_12
U01816,2024-06-25,641.87,ORD01815_18
U01816,2024-08-08,359.69,ORD01815_5
U01816,2024-08-24,388.57,ORD01815_13
U01816,2024-11-25,763.0,ORD01815_16
U01816,2024-12-21,428.77,ORD01815_10
U01817,2024-03-21,347.38,ORD01816_0
U01817,2024-07-24,205.86,ORD01816_1
U01817,2024-09-25,216.56,ORD01816_2
U01817,2024-12-26,438.2,ORD01816_3
U01818,2024-04-30,102.23,ORD01817_1
U01818,2024-12-07,133.22,ORD01817_0
U01819,2024-01-31,60.35,ORD01818_0
U01819,2024-02-20,215.11,ORD01818_1
U01819,2024-07-16,91.93,ORD01818_3
U01819,2024-11-24,162.45,ORD01818_2
U01820,2024-05-08,16.33,ORD01819_0
U01821,2024-01-15,302.9,ORD01820_12
U01821,2024-01-29,980.35,ORD01820_1
U01821,2024-02-05,711.78,ORD01820_3
U01821,2024-02-21,347.9,ORD01820_13
U01821,2024-06-06,450.19,ORD01820_10
U01821,2024-06-07,400.54,ORD01820_4
U01821,2024-06-28,814.5,ORD01820_5
U01821,2024-07-01,1075.35,ORD01820_2
U01821,2024-07-07,796.88,ORD01820_0
U01821,2024-07-30,1046.11,ORD01820_9
U01821,2024-08-05,830.68,ORD01820_7
U01821,2024-11-01,880.97,ORD01820_6
U01821,2024-11-16,1004.61,ORD01820_14
U01821,2024-12-15,516.69,ORD01820_11
U01821,2024-12-18,1110.49,ORD01820_8
U01822,2024-01-16,32.24,ORD01821_0
U01823,2024-02-19,340.52,ORD01822_1
U01823,2024-04-04,386.83,ORD01822_3
U01823,2024-09-29,221.83,ORD01822_2
U01823,2024-12-14,269.34,ORD01822_0
U01824,2024-02-25,349.91,ORD01823_2
U01824,2024-05-04,238.88,ORD01823_4
U01824,2024-06-15,339.83,ORD01823_3
U01824,2024-06-16,386.09,ORD01823_1
U01824,2024-06-20,394.2,ORD01823_0
U01824,2024-11-06,180.51,ORD01823_5
U01825,2024-07-16,60.68,ORD01824_1
U01825,2024-09-05,149.77,ORD01824_0
U01826,2024-02-05,347.91,ORD01825_3
U01826,2024-06-30,337.32,ORD01825_0
U01826,2024-10-18,220.38,ORD01825_1
U01826,2024-11-12,228.16,ORD01825_2
U01826,2024-11-19,402.64,ORD01825_4
U01826,2024-11-28,194.49,ORD01825_5
U01827,2024-06-23,177.05,ORD01826_0
U01827,2024-07-09,203.46,ORD01826_6
U01827,2024-09-22,193.64,ORD01826_1
U01827,2024-09-28,204.78,ORD01826_2
U01827,2024-10-03,181.12,ORD01826_3
U01827,2024-12-16,221.09,ORD01826_5
U01827,2024-12-27,242.02,ORD01826_4
U01828,2024-07-18,55.85,ORD01827_0
U01829,2024-02-01,241.8,ORD01828_0
U01829,2024-02-13,786.01,ORD01828_27
U01829,2024-02-15,516.96,ORD01828_21
U01829,2024-02-24,843.5,ORD01828_1
U01829,2024-03-02,462.37,ORD01828_14
U01829,2024-04-08,898.29,ORD01828_19
U01829,2024-04-19,257.16,ORD01828_3
U01829,2024-04-19,848.29,ORD01828_20
U01829,2024-04-30,264.52,ORD01828_15
U01829,2024-05-16,817.38,ORD01828_6
U01829,2024-05-23,415.9,ORD01828_22
U01829,2024-06-10,406.74,ORD01828_26
U01829,2024-07-02,868.47,ORD01828_7
U01829,2024-07-06,912.62,ORD01828_11
U01829,2024-07-29,467.25,ORD01828_24
U01829,2024-08-17,606.94,ORD01828_23
U01829,2024-09-03,444.56,ORD01828_13
U01829,2024-09-20,428.71,ORD01828_4
U01829,2024-09-29,692.34,ORD01828_12
U01829,2024-10-07,718.02,ORD01828_10
U01829,2024-10-23,889.59,ORD01828_5
U01829,2024-10-28,577.2,ORD01828_18
U01829,2024-11-04,830.05,ORD01828_2
U01829,2024-11-15,736.05,ORD01828_8
U01829,2024-11-21,567.29,ORD01828_9
U01829,2024-12-06,509.39,ORD01828_16
U01829,2024-12-07,585.24,ORD01828_17
U01829,2024-12-12,800.02,ORD01828_25
U01830,2024-01-31,429.06,ORD01829_23
U01830,2024-02-05,754.16,ORD01829_16
U01830,2024-02-06,516.68,ORD01829_2
U01830,2024-02-18,776.69,ORD01829_6
U01830,2024-02-24,606.16,ORD01829_3
U01830,2024-02-27,293.97,ORD01829_25
U01830,2024-03-03,433.93,ORD01829_4
U01830,2024-03-03,386.54,ORD01829_11
U01830,2024-03-17,212.93,ORD01829_17
U01830,2024-04-08,511.98,ORD01829_8
U01830,2024-04-18,351.49,ORD01829_19
U01830,2024-05-19,607.44,ORD01829_1
U01830,2024-05-25,210.43,ORD01829_5
U01830,2024-06-02,339.8,ORD01829_10
U01830,2024-07-05,752.12,ORD01829_7
U01830,2024-07-31,585.84,ORD01829_9
U01830,2024-09-28,300.64,ORD01829_13
U01830,2024-10-11,736.05,ORD01829_0
U01830,2024-10-21,525.5,ORD01829_15
U01830,2024-10-23,264.46,ORD01829_24
U01830,2024-10-30,463.98,ORD01829_20
U01830,2024-10-30,674.35,ORD01829_21
U01830,2024-11-02,600.88,ORD01829_22
U01830,2024-11-17,240.0,ORD01829_12
U01830,2024-11-23,653.29,ORD01829_14
U01830,2024-12-24,547.91,ORD01829_18
U01831,2024-06-10,42.28,ORD01830_0
U01831,2024-11-21,25.82,ORD01830_1
U01832,2024-01-27,377.67,ORD01831_1
U01832,2024-02-18,173.06,ORD01831_5
U01832,2024-03-18,425.68,ORD01831_6
U01832,2024-04-27,375.97,ORD01831_2
U01832,2024-07-23,137.89,ORD01831_4
U01832,2024-08-31,411.1,ORD01831_0
U01832,2024-12-25,119.67,ORD01831_3
U01833,2024-01-24,209.93,ORD01832_2
U01833,2024-02-20,381.83,ORD01832_6
U01833,2024-03-30,334.3,ORD01832_5
U01833,2024-05-07,391.15,ORD01832_7
U01833,2024-05-13,565.69,ORD01832_3
U01833,2024-06-15,240.14,ORD01832_4
U01833,2024-07-10,253.96,ORD01832_1
U01833,2024-09-16,386.56,ORD01832_0
U01833,2024-10-31,222.77,ORD01832_8
U01834,2024-01-05,1412.49,ORD01833_5
U01834,2024-01-16,976.42,ORD01833_14
U01834,2024-01-17,490.48,ORD01833_8
U01834,2024-02-05,1533.77,ORD01833_2
U01834,2024-02-06,1199.49,ORD01833_9
U01834,2024-02-07,1514.94,ORD01833_11
U01834,2024-02-18,1030.45,ORD01833_13
U01834,2024-03-05,414.39,ORD01833_1
U01834,2024-03-13,713.99,ORD01833_3
U01834,2024-04-24,958.38,ORD01833_6
U01834,2024-08-06,1447.19,ORD01833_10
U01834,2024-09-02,1182.41,ORD01833_7
U01834,2024-10-29,1008.01,ORD01833_4
U01834,2024-11-28,791.33,ORD01833_0
U01834,2024-12-11,1190.62,ORD01833_12
U01835,2024-03-19,143.02,ORD01834_1
U01835,2024-10-27,154.06,ORD01834_0
U01836,2024-02-17,396.1,ORD01835_4
U01836,2024-03-08,435.46,ORD01835_3
U01836,2024-04-20,265.71,ORD01835_0
U01836,2024-06-10,578.67,ORD01835_5
U01836,2024-09-12,617.13,ORD01835_1
U01836,2024-10-21,514.76,ORD01835_2
U01836,2024-11-12,316.92,ORD01835_6
U01837,2024-03-15,621.91,ORD01836_0
U01837,2024-03-23,232.83,ORD01836_1
U01837,2024-06-10,430.32,ORD01836_5
U01837,2024-08-02,351.37,ORD01836_2
U01837,2024-09-03,361.73,ORD01836_4
U01837,2024-09-11,174.76,ORD01836_3
U01838,2024-05-11,146.47,ORD01837_2
U01838,2024-06-28,240.3,ORD01837_0
U01838,2024-07-08,173.29,ORD01837_1
U01839,2024-01-18,246.01,ORD01838_3
U01839,2024-03-29,153.86,ORD01838_1
U01839,2024-08-31,135.31,ORD01838_0
U01839,2024-12-21,207.35,ORD01838_2
U01840,2024-04-20,51.48,ORD01839_0
U01841,2024-01-10,286.33,ORD01840_1
U01841,2024-05-10,181.15,ORD01840_0
U01841,2024-05-26,313.78,ORD01840_2
U01842,2024-01-18,91.16,ORD01841_1
U01842,2024-05-15,89.59,ORD01841_0
U01842,2024-07-03,108.72,ORD01841_2
U01843,2024-02-06,297.83,ORD01842_3
U01843,2024-03-02,311.83,ORD01842_4
U01843,2024-04-26,175.4,ORD01842_1
U01843,2024-04-28,372.79,ORD01842_5
U01843,2024-09-25,384.83,ORD01842_2
U01843,2024-11-24,228.08,ORD01842_0
U01844,2024-05-16,206.87,ORD01843_0
U01844,2024-09-28,181.83,ORD01843_1
U01845,2024-01-18,44.2,ORD01844_0
U01845,2024-09-03,37.72,ORD01844_1
U01845,2024-09-22,54.15,ORD01844_2
U01846,2024-03-01,202.43,ORD01845_2
U01846,2024-05-18,118.79,ORD01845_5
U01846,2024-07-27,298.34,ORD01845_0
U01846,2024-08-25,327.79,ORD01845_3
U01846,2024-09-11,106.2,ORD01845_4
U01846,2024-10-26,239.79,ORD01845_1
U01846,2024-12-27,189.38,ORD01845_6
U01847,2024-01-22,128.57,ORD01846_1
U01847,2024-01-24,189.62,ORD01846_4
U01847,2024-04-19,248.73,ORD01846_0
U01847,2024-06-16,280.18,ORD01846_2
U01847,2024-08-11,206.6,ORD01846_3
U01847,2024-11-02,127.97,ORD01846_5
U01848,2024-02-23,687.14,ORD01847_5
U01848,2024-03-15,745.43,ORD01847_6
U01848,2024-04-13,350.96,ORD01847_2
U01848,2024-06-01,504.09,ORD01847_0
U01848,2024-10-07,335.13,ORD01847_1
U01848,2024-11-05,202.54,ORD01847_3
U01848,2024-11-30,545.98,ORD01847_4
U01849,2024-05-18,142.25,ORD01848_2
U01849,2024-06-25,101.33,ORD01848_1
U01849,2024-11-09,171.94,ORD01848_0
U01850,2024-04-27,158.94,ORD01849_1
U01850,2024-07-03,179.02,ORD01849_0
U01851,2024-08-16,146.35,ORD01850_1
U01851,2024-09-27,168.7,ORD01850_0
U01851,2024-11-30,170.48,ORD01850_2
U01852,2024-03-17,219.58,ORD01851_0
U01853,2024-01-12,289.62,ORD01852_0
U01853,2024-01-14,594.3,ORD01852_11
U01853,2024-01-16,630.75,ORD01852_6
U01853,2024-01-22,790.8,ORD01852_12
U01853,2024-04-07,238.47,ORD01852_3
U01853,2024-04-15,711.61,ORD01852_2
U01853,2024-04-15,801.63,ORD01852_7
U01853,2024-05-31,601.88,ORD01852_4
U01853,2024-06-11,483.03,ORD01852_5
U01853,2024-07-30,551.96,ORD01852_9
U01853,2024-08-31,339.85,ORD01852_8
U01853,2024-09-18,719.59,ORD01852_10
U01853,2024-11-14,563.23,ORD01852_1
U01853,2024-12-06,452.07,ORD01852_13
U01854,2024-01-01,346.94,ORD01853_16
U01854,2024-01-17,552.22,ORD01853_19
U01854,2024-02-08,271.27,ORD01853_12
U01854,2024-02-09,190.04,ORD01853_7
U01854,2024-02-10,258.5,ORD01853_24
U01854,2024-02-20,607.21,ORD01853_1
U01854,2024-02-22,413.49,ORD01853_21
U01854,2024-03-09,510.9,ORD01853_2
U01854,2024-03-12,270.93,ORD01853_14
U01854,2024-03-16,468.76,ORD01853_17
U01854,2024-04-04,533.26,ORD01853_8
U01854,2024-04-12,674.31,ORD01853_9
U01854,2024-04-28,446.1,ORD01853_4
U01854,2024-07-25,289.11,ORD01853_18
U01854,2024-07-28,239.08,ORD01853_20
U01854,2024-09-04,555.67,ORD01853_23
U01854,2024-09-25,312.23,ORD01853_5
U01854,2024-10-06,659.43,ORD01853_0
U01854,2024-10-07,382.31,ORD01853_3
U01854,2024-10-19,583.81,ORD01853_6
U01854,2024-10-30,610.06,ORD01853_22
U01854,2024-11-21,483.35,ORD01853_15
U01854,2024-12-06,213.24,ORD01853_13
U01854,2024-12-12,421.36,ORD01853_11
U01854,2024-12-23,467.74,ORD01853_10
U01855,2024-02-12,81.46,ORD01854_0
U01855,2024-09-02,160.92,ORD01854_1
U01856,2024-08-28,164.87,ORD01855_0
U01857,2024-01-06,834.82,ORD01856_23
U01857,2024-01-08,1332.22,ORD01856_18
U01857,2024-02-14,1313.36,ORD01856_20
U01857,2024-02-15,786.92,ORD01856_15
U01857,2024-02-22,1264.81,ORD01856_21
U01857,2024-03-29,607.38,ORD01856_11
U01857,2024-03-31,563.63,ORD01856_24
U01857,2024-04-30,430.54,ORD01856_25
U01857,2024-05-14,683.72,ORD01856_10
U01857,2024-06-12,645.35,ORD01856_14
U01857,2024-06-16,546.77,ORD01856_7
U01857,2024-06-25,784.49,ORD01856_16
U01857,2024-07-08,684.69,ORD01856_3
U01857,2024-07-08,1143.53,ORD01856_5
U01857,2024-07-30,606.79,ORD01856_19
U01857,2024-08-02,371.01,ORD01856_12
U01857,2024-08-10,1355.22,ORD01856_2
U01857,2024-08-28,1280.57,ORD01856_1
U01857,2024-08-29,520.73,ORD01856_8
U01857,2024-08-30,515.5,ORD01856_4
U01857,2024-09-03,773.33,ORD01856_26
U01857,2024-09-21,629.61,ORD01856_17
U01857,2024-10-21,1251.93,ORD01856_0
U01857,2024-10-25,608.73,ORD01856_6
U01857,2024-11-30,1058.75,ORD01856_13
U01857,2024-12-04,603.35,ORD01856_9
U01857,2024-12-07,681.14,ORD01856_22
U01858,2024-09-20,122.84,ORD01857_0
U01859,2024-07-15,83.02,ORD01858_2
U01859,2024-08-04,187.07,ORD01858_1
U01859,2024-09-30,225.18,ORD01858_0
U01859,2024-11-12,101.01,ORD01858_3
U01859,2024-11-28,237.91,ORD01858_4
U01860,2024-03-09,340.71,ORD01859_3
U01860,2024-03-26,283.01,ORD01859_0
U01860,2024-04-06,545.01,ORD01859_4
U01860,2024-04-28,525.43,ORD01859_6
U01860,2024-07-04,597.48,ORD01859_5
U01860,2024-08-02,228.79,ORD01859_1
U01860,2024-08-27,286.77,ORD01859_2
U01860,2024-10-14,637.86,ORD01859_7
U01861,2024-04-30,111.19,ORD01860_1
U01861,2024-05-29,120.04,ORD01860_0
U01861,2024-08-11,57.86,ORD01860_2
U01862,2024-02-04,337.85,ORD01861_1
U01862,2024-02-21,409.91,ORD01861_4
U01862,2024-05-05,389.26,ORD01861_2
U01862,2024-06-16,278.77,ORD01861_3
U01862,2024-06-25,462.0,ORD01861_0
U01862,2024-10-22,303.49,ORD01861_5
U01863,2024-02-25,117.79,ORD01862_2
U01863,2024-05-11,263.53,ORD01862_3
U01863,2024-06-01,224.87,ORD01862_4
U01863,2024-06-15,112.31,ORD01862_0
U01863,2024-06-22,257.41,ORD01862_8
U01863,2024-07-08,139.44,ORD01862_6
U01863,2024-08-17,128.73,ORD01862_1
U01863,2024-10-31,252.65,ORD01862_5
U01863,2024-12-08,108.86,ORD01862_7
U01864,2024-04-24,59.17,ORD01863_0
U01864,2024-05-24,23.78,ORD01863_1
U01864,2024-06-26,34.28,ORD01863_2
U01865,2024-06-04,17.09,ORD01864_1
U01865,2024-12-25,36.7,ORD01864_0
U01866,2024-03-15,57.02,ORD01865_0
U01866,2024-09-29,184.9,ORD01865_1
U01867,2024-01-24,247.1,ORD01866_1
U01867,2024-01-30,365.49,ORD01866_14
U01867,2024-03-07,710.17,ORD01866_3
U01867,2024-03-12,619.27,ORD01866_9
U01867,2024-04-28,245.54,ORD01866_7
U01867,2024-04-30,773.02,ORD01866_5
U01867,2024-05-14,785.21,ORD01866_16
U01867,2024-05-24,807.72,ORD01866_11
U01867,2024-05-26,828.19,ORD01866_2
U01867,2024-06-14,495.25,ORD01866_4
U01867,2024-07-15,788.28,ORD01866_0
U01867,2024-08-02,719.01,ORD01866_8
U01867,2024-08-17,341.69,ORD01866_12
U01867,2024-08-23,694.5,ORD01866_13
U01867,2024-09-17,646.3,ORD01866_15
U01867,2024-10-15,238.48,ORD01866_10
U01867,2024-12-12,321.38,ORD01866_6
U01868,2024-06-19,182.95,ORD01867_1
U01868,2024-09-12,109.67,ORD01867_2
U01868,2024-11-22,114.09,ORD01867_0
U01869,2024-01-31,124.56,ORD01868_0
U01870,2024-01-20,261.12,ORD01869_6
U01870,2024-05-20,164.09,ORD01869_5
U01870,2024-06-14,277.56,ORD01869_4
U01870,2024-07-23,359.02,ORD01869_2
U01870,2024-07-29,288.62,ORD01869_3
U01870,2024-08-23,210.65,ORD01869_0
U01870,2024-08-30,104.81,ORD01869_1
U01871,2024-01-08,270.19,ORD01870_6
U01871,2024-04-11,200.21,ORD01870_5
U01871,2024-05-25,435.6,ORD01870_0
U01871,2024-06-15,336.27,ORD01870_4
U01871,2024-07-25,564.23,ORD01870_1
U01871,2024-09-19,440.13,ORD01870_8
U01871,2024-09-30,324.91,ORD01870_3
U01871,2024-10-23,214.7,ORD01870_2
U01871,2024-12-10,589.83,ORD01870_7
U01872,2024-06-28,366.2,ORD01871_3
U01872,2024-07-31,237.94,ORD01871_1
U01872,2024-11-05,340.81,ORD01871_2
U01872,2024-12-01,418.98,ORD01871_0
U01873,2024-01-24,698.26,ORD01872_5
U01873,2024-02-01,221.02,ORD01872_11
U01873,2024-02-04,685.54,ORD01872_17
U01873,2024-03-06,547.53,ORD01872_20
U01873,2024-03-10,541.1,ORD01872_14
U01873,2024-04-20,274.11,ORD01872_15
U01873,2024-04-28,392.52,ORD01872_24
U01873,2024-04-29,583.25,ORD01872_8
U01873,2024-06-02,242.24,ORD01872_22
U01873,2024-06-25,218.04,ORD01872_10
U01873,2024-07-01,226.29,ORD01872_1
U01873,2024-07-04,597.6,ORD01872_2
U01873,2024-07-14,300.34,ORD01872_6
U01873,2024-07-21,480.9,ORD01872_9
U01873,2024-07-25,288.01,ORD01872_19
U01873,2024-07-26,296.56,ORD01872_0
U01873,2024-08-02,233.84,ORD01872_12
U01873,2024-08-20,484.34,ORD01872_21
U01873,2024-09-16,359.29,ORD01872_23
U01873,2024-10-05,737.21,ORD01872_13
U01873,2024-10-30,238.33,ORD01872_16
U01873,2024-11-19,284.79,ORD01872_18
U01873,2024-11-25,685.7,ORD01872_3
U01873,2024-11-28,553.8,ORD01872_7
U01873,2024-12-30,399.81,ORD01872_4
U01874,2024-03-14,587.84,ORD01873_5
U01874,2024-03-24,618.55,ORD01873_6
U01874,2024-05-03,179.56,ORD01873_1
U01874,2024-05-26,537.57,ORD01873_4
U01874,2024-06-18,625.2,ORD01873_3
U01874,2024-07-11,457.29,ORD01873_2
U01874,2024-12-15,411.97,ORD01873_0
U01875,2024-01-07,212.69,ORD01874_0
U01875,2024-05-15,104.92,ORD01874_1
U01876,2024-01-05,429.22,ORD01875_9
U01876,2024-02-15,149.71,ORD01875_3
U01876,2024-03-15,306.68,ORD01875_5
U01876,2024-05-11,281.67,ORD01875_2
U01876,2024-05-22,259.75,ORD01875_7
U01876,2024-06-18,450.98,ORD01875_1
U01876,2024-07-06,182.63,ORD01875_6
U01876,2024-08-08,174.86,ORD01875_8
U01876,2024-08-21,180.36,ORD01875_4
U01876,2024-09-20,328.2,ORD01875_0
U01877,2024-01-05,658.79,ORD01876_3
U01877,2024-02-27,209.82,ORD01876_6
U01877,2024-03-19,650.26,ORD01876_7
U01877,2024-04-09,236.79,ORD01876_2
U01877,2024-05-28,331.77,ORD01876_4
U01877,2024-07-29,313.46,ORD01876_5
U01877,2024-09-04,598.12,ORD01876_1
U01877,2024-10-30,455.11,ORD01876_0
U01878,2024-05-01,47.61,ORD01877_0
U01879,2024-01-19,180.97,ORD01878_1
U01879,2024-09-24,123.81,ORD01878_0
U01880,2024-04-08,576.98,ORD01879_6
U01880,2024-04-24,626.9,ORD01879_3
U01880,2024-05-17,629.58,ORD01879_2
U01880,2024-06-23,631.28,ORD01879_5
U01880,2024-07-09,313.11,ORD01879_7
U01880,2024-07-14,254.88,ORD01879_4
U01880,2024-07-24,393.64,ORD01879_0
U01880,2024-09-30,389.1,ORD01879_1
U01881,2024-06-23,116.37,ORD01880_0
U01882,2024-02-28,206.78,ORD01881_3
U01882,2024-03-29,277.69,ORD01881_5
U01882,2024-04-17,276.54,ORD01881_7
U01882,2024-04-25,382.36,ORD01881_6
U01882,2024-06-15,295.05,ORD01881_4
U01882,2024-07-14,150.53,ORD01881_1
U01882,2024-08-26,320.83,ORD01881_0
U01882,2024-12-10,204.88,ORD01881_2
U01883,2024-03-02,235.24,ORD01882_1
U01883,2024-07-07,216.69,ORD01882_2
U01883,2024-11-11,174.65,ORD01882_0
U01884,2024-05-14,36.94,ORD01883_0
U01885,2024-01-04,397.52,ORD01884_8
U01885,2024-01-10,409.29,ORD01884_6
U01885,2024-02-10,195.14,ORD01884_3
U01885,2024-05-07,445.58,ORD01884_2
U01885,2024-07-02,407.83,ORD01884_1
U01885,2024-07-24,227.87,ORD01884_0
U01885,2024-09-30,543.23,ORD01884_10
U01885,2024-11-04,534.5,ORD01884_9
U01885,2024-11-07,269.04,ORD01884_4
U01885,2024-11-19,429.31,ORD01884_5
U01885,2024-12-26,182.14,ORD01884_7
U01886,2024-01-27,357.11,ORD01885_10
U01886,2024-02-05,238.93,ORD01885_21
U01886,2024-02-12,346.08,ORD01885_13
U01886,2024-02-28,454.3,ORD01885_16
U01886,2024-04-14,320.08,ORD01885_14
U01886,2024-04-18,147.64,ORD01885_9
U01886,2024-04-30,146.16,ORD01885_1
U01886,2024-05-07,456.17,ORD01885_6
U01886,2024-05-13,316.17,ORD01885_12
U01886,2024-05-14,295.84,ORD01885_22
U01886,2024-05-27,411.25,ORD01885_17
U01886,2024-05-31,139.18,ORD01885_2
U01886,2024-06-26,348.97,ORD01885_18
U01886,2024-07-13,433.29,ORD01885_8
U01886,2024-07-26,441.39,ORD01885_15
U01886,2024-09-21,199.0,ORD01885_11
U01886,2024-09-22,218.98,ORD01885_20
U01886,2024-09-28,209.4,ORD01885_23
U01886,2024-10-22,135.58,ORD01885_19
U01886,2024-11-01,290.56,ORD01885_3
U01886,2024-11-11,455.32,ORD01885_4
U01886,2024-11-25,464.29,ORD01885_7
U01886,2024-12-08,296.52,ORD01885_0
U01886,2024-12-29,300.98,ORD01885_5
U01887,2024-02-26,203.48,ORD01886_4
U01887,2024-04-25,171.59,ORD01886_1
U01887,2024-08-01,272.36,ORD01886_3
U01887,2024-09-28,393.68,ORD01886_2
U01887,2024-10-04,365.62,ORD01886_0
U01887,2024-10-10,463.28,ORD01886_6
U01887,2024-10-26,269.01,ORD01886_5
U01888,2024-03-15,194.82,ORD01887_0
U01888,2024-04-21,86.07,ORD01887_2
U01888,2024-07-09,296.73,ORD01887_1
U01889,2024-05-19,369.58,ORD01888_2
U01889,2024-06-01,446.33,ORD01888_4
U01889,2024-07-02,180.29,ORD01888_0
U01889,2024-09-05,339.26,ORD01888_1
U01889,2024-12-24,256.83,ORD01888_3
U01890,2024-06-09,27.25,ORD01889_0
U01890,2024-09-13,33.96,ORD01889_1
U01891,2024-01-02,383.55,ORD01890_5
U01891,2024-01-06,663.21,ORD01890_1
U01891,2024-02-13,477.32,ORD01890_3
U01891,2024-03-28,357.5,ORD01890_2
U01891,2024-04-30,772.63,ORD01890_6
U01891,2024-10-16,784.92,ORD01890_4
U01891,2024-11-07,349.38,ORD01890_7
U01891,2024-12-23,758.18,ORD01890_0
U01892,2024-10-04,42.3,ORD01891_1
U01892,2024-10-17,62.14,ORD01891_0
U01892,2024-11-10,41.25,ORD01891_2
U01893,2024-02-02,324.87,ORD01892_1
U01893,2024-03-14,280.32,ORD01892_6
U01893,2024-04-03,197.32,ORD01892_5
U01893,2024-07-16,269.22,ORD01892_0
U01893,2024-08-24,389.58,ORD01892_3
U01893,2024-09-12,207.17,ORD01892_7
U01893,2024-11-16,422.26,ORD01892_4
U01893,2024-11-28,204.89,ORD01892_2
U01894,2024-09-04,124.3,ORD01893_0
U01894,2024-11-19,214.61,ORD01893_1
U01894,2024-12-30,192.13,ORD01893_2
U01895,2024-01-10,188.34,ORD01894_2
U01895,2024-05-16,137.71,ORD01894_1
U01895,2024-10-16,215.02,ORD01894_0
U01896,2024-04-05,60.73,ORD01895_0
U01897,2024-01-09,354.95,ORD01896_11
U01897,2024-02-06,315.45,ORD01896_6
U01897,2024-02-24,389.13,ORD01896_10
U01897,2024-02-27,308.26,ORD01896_4
U01897,2024-03-08,220.94,ORD01896_18
U01897,2024-03-13,237.26,ORD01896_16
U01897,2024-03-19,368.06,ORD01896_7
U01897,2024-04-17,123.16,ORD01896_15
U01897,2024-05-17,131.08,ORD01896_1
U01897,2024-06-02,360.17,ORD01896_8
U01897,2024-06-06,235.0,ORD01896_9
U01897,2024-06-28,387.17,ORD01896_5
U01897,2024-07-05,212.65,ORD01896_0
U01897,2024-09-01,366.98,ORD01896_12
U01897,2024-09-24,112.14,ORD01896_17
U01897,2024-09-30,401.76,ORD01896_3
U01897,2024-10-01,173.17,ORD01896_13
U01897,2024-12-02,356.46,ORD01896_2
U01897,2024-12-03,173.71,ORD01896_14
U01897,2024-12-13,300.51,ORD01896_19
U01898,2024-03-19,92.84,ORD01897_0
U01899,2024-01-14,714.54,ORD01898_13
U01899,2024-01-26,1271.24,ORD01898_17
U01899,2024-01-27,665.68,ORD01898_14
U01899,2024-02-10,999.89,ORD01898_2
U01899,2024-02-10,659.14,ORD01898_6
U01899,2024-03-09,597.92,ORD01898_8
U01899,2024-03-13,1219.22,ORD01898_11
U01899,2024-03-26,676.36,ORD01898_18
U01899,2024-04-04,1202.91,ORD01898_5
U01899,2024-04-10,762.23,ORD01898_9
U01899,2024-04-16,885.07,ORD01898_0
U01899,2024-05-28,513.97,ORD01898_4
U01899,2024-06-03,1013.83,ORD01898_16
U01899,2024-07-05,942.76,ORD01898_15
U01899,2024-07-18,1227.99,ORD01898_19
U01899,2024-07-20,1131.05,ORD01898_1
U01899,2024-07-21,798.2,ORD01898_3
U01899,2024-09-11,641.31,ORD01898_7
U01899,2024-09-14,679.52,ORD01898_21
U01899,2024-10-01,880.3,ORD01898_20
U01899,2024-11-15,332.35,ORD01898_10
U01899,2024-12-01,1288.02,ORD01898_12
U01900,2024-01-16,1111.31,ORD01899_11
U01900,2024-02-23,1244.4,ORD01899_7
U01900,2024-03-18,739.26,ORD01899_15
U01900,2024-03-24,444.87,ORD01899_5
U01900,2024-03-24,741.38,ORD01899_18
U01900,2024-04-01,1272.76,ORD01899_9
U01900,2024-04-08,1057.18,ORD01899_16
U01900,2024-04-22,414.29,ORD01899_1
U01900,2024-04-26,655.53,ORD01899_22
U01900,2024-05-20,1240.94,ORD01899_20
U01900,2024-06-21,568.82,ORD01899_21
U01900,2024-08-09,983.72,ORD01899_6
U01900,2024-08-14,387.15,ORD01899_10
U01900,2024-08-14,461.2,ORD01899_23
U01900,2024-08-15,1105.81,ORD01899_26
U01900,2024-08-18,736.78,ORD01899_4
U01900,2024-08-22,839.9,ORD01899_3
U01900,2024-09-13,779.59,ORD01899_2
U01900,2024-09-29,478.44,ORD01899_8
U01900,2024-10-22,474.02,ORD01899_14
U01900,2024-10-25,915.23,ORD01899_25
U01900,2024-11-11,744.61,ORD01899_27
U01900,2024-11-13,746.98,ORD01899_13
U01900,2024-11-13,741.16,ORD01899_17
U01900,2024-11-15,1037.87,ORD01899_24
U01900,2024-12-08,949.33,ORD01899_12
U01900,2024-12-25,822.85,ORD01899_0
U01900,2024-12-25,1130.76,ORD01899_19
U01901,2024-01-09,196.17,ORD01900_1
U01901,2024-03-29,327.58,ORD01900_3
U01901,2024-04-12,343.09,ORD01900_6
U01901,2024-04-14,360.57,ORD01900_0
U01901,2024-11-07,400.53,ORD01900_2
U01901,2024-11-22,503.62,ORD01900_4
U01901,2024-12-16,264.73,ORD01900_5
U01902,2024-01-24,75.43,ORD01901_1
U01902,2024-05-03,183.66,ORD01901_2
U01902,2024-11-04,174.23,ORD01901_0
U01903,2024-01-07,885.55,ORD01902_25
U01903,2024-01-26,1020.79,ORD01902_23
U01903,2024-02-24,756.77,ORD01902_9
U01903,2024-02-27,1115.0,ORD01902_12
U01903,2024-03-28,712.07,ORD01902_11
U01903,2024-05-01,1040.97,ORD01902_24
U01903,2024-05-22,989.58,ORD01902_22
U01903,2024-05-24,326.87,ORD01902_21
U01903,2024-06-14,735.44,ORD01902_7
U01903,2024-06-24,1019.05,ORD01902_17
U01903,2024-06-25,826.13,ORD01902_6
U01903,2024-07-04,1056.46,ORD01902_20
U01903,2024-07-12,1099.98,ORD01902_2
U01903,2024-07-13,402.74,ORD01902_4
U01903,2024-07-18,547.0,ORD01902_19
U01903,2024-07-31,1079.29,ORD01902_13
U01903,2024-08-07,770.96,ORD01902_26
U01903,2024-08-13,785.51,ORD01902_8
U01903,2024-09-06,1227.17,ORD01902_5
U01903,2024-09-07,855.64,ORD01902_18
U01903,2024-09-29,876.28,ORD01902_14
U01903,2024-10-14,928.46,ORD01902_3
U01903,2024-10-30,923.59,ORD01902_0
U01903,2024-11-01,1172.35,ORD01902_16
U01903,2024-11-14,949.93,ORD01902_10
U01903,2024-12-13,943.44,ORD01902_1
U01903,2024-12-27,1224.91,ORD01902_15
U01904,2024-02-05,154.78,ORD01903_2
U01904,2024-09-13,111.9,ORD01903_0
U01904,2024-10-06,247.06,ORD01903_1
U01905,2024-01-25,226.62,ORD01904_1
U01905,2024-04-27,80.28,ORD01904_2
U01905,2024-05-19,164.54,ORD01904_0
U01906,2024-01-21,96.15,ORD01905_2
U01906,2024-02-07,125.74,ORD01905_0
U01906,2024-04-12,74.04,ORD01905_1
U01907,2024-01-09,764.88,ORD01906_4
U01907,2024-02-10,1130.83,ORD01906_3
U01907,2024-03-14,500.77,ORD01906_16
U01907,2024-05-07,820.5,ORD01906_14
U01907,2024-05-30,537.18,ORD01906_0
U01907,2024-07-12,433.35,ORD01906_2
U01907,2024-07-21,792.5,ORD01906_5
U01907,2024-07-28,590.82,ORD01906_6
U01907,2024-08-01,1166.8,ORD01906_1
U01907,2024-09-08,564.24,ORD01906_9
U01907,2024-09-09,317.34,ORD01906_13
U01907,2024-09-25,1101.53,ORD01906_10
U01907,2024-10-08,866.64,ORD01906_8
U01907,2024-10-08,831.95,ORD01906_11
U01907,2024-10-21,1058.57,ORD01906_17
U01907,2024-11-01,876.18,ORD01906_15
U01907,2024-11-14,695.32,ORD01906_7
U01907,2024-12-10,610.07,ORD01906_12
U01908,2024-01-04,253.86,ORD01907_19
U01908,2024-02-07,486.39,ORD01907_5
U01908,2024-02-12,431.52,ORD01907_18
U01908,2024-02-17,203.36,ORD01907_1
U01908,2024-03-13,221.69,ORD01907_7
U01908,2024-04-04,244.48,ORD01907_10
U01908,2024-05-17,202.28,ORD01907_25
U01908,2024-05-18,205.18,ORD01907_2
U01908,2024-05-21,203.57,ORD01907_3
U01908,2024-05-24,412.45,ORD01907_14
U01908,2024-05-30,174.77,ORD01907_28
U01908,2024-06-08,156.39,ORD01907_11
U01908,2024-06-08,230.12,ORD01907_22
U01908,2024-06-15,488.24,ORD01907_24
U01908,2024-06-20,243.79,ORD01907_12
U01908,2024-06-23,484.57,ORD01907_6
U01908,2024-07-21,389.21,ORD01907_16
U01908,2024-07-28,497.74,ORD01907_26
U01908,2024-08-01,188.43,ORD01907_27
U01908,2024-08-09,170.69,ORD01907_23
U01908,2024-09-29,279.91,ORD01907_9
U01908,2024-11-09,368.5,ORD01907_13
U01908,2024-11-11,444.1,ORD01907_4
U01908,2024-11-14,449.95,ORD01907_15
U01908,2024-11-26,283.09,ORD01907_20
U01908,2024-12-03,370.14,ORD01907_17
U01908,2024-12-11,340.58,ORD01907_0
U01908,2024-12-28,179.34,ORD01907_8
U01908,2024-12-28,325.17,ORD01907_21
U01909,2024-10-22,152.19,ORD01908_1
U01909,2024-11-23,203.64,ORD01908_2
U01909,2024-12-14,177.89,ORD01908_0
U01910,2024-05-26,169.58,ORD01909_0
U01910,2024-06-28,138.12,ORD01909_1
U01911,2024-02-03,32.34,ORD01910_0
U01912,2024-01-02,738.19,ORD01911_20
U01912,2024-01-26,653.57,ORD01911_17
U01912,2024-02-14,568.18,ORD01911_21
U01912,2024-04-04,227.58,ORD01911_18
U01912,2024-04-09,738.11,ORD01911_8
U01912,2024-04-12,688.36,ORD01911_19
U01912,2024-04-17,608.85,ORD01911_13
U01912,2024-05-04,511.65,ORD01911_11
U01912,2024-05-16,285.36,ORD01911_12
U01912,2024-05-23,546.14,ORD01911_16
U01912,2024-05-25,278.03,ORD01911_0
U01912,2024-07-13,238.73,ORD01911_15
U01912,2024-07-29,402.37,ORD01911_4
U01912,2024-08-03,377.9,ORD01911_7
U01912,2024-08-15,793.91,ORD01911_10
U01912,2024-08-18,359.75,ORD01911_5
U01912,2024-09-02,840.68,ORD01911_14
U01912,2024-09-08,685.98,ORD01911_9
U01912,2024-09-15,844.36,ORD01911_3
U01912,2024-10-21,672.59,ORD01911_2
U01912,2024-10-30,890.38,ORD01911_1
U01912,2024-11-06,591.56,ORD01911_6
U01913,2024-04-27,116.94,ORD01912_2
U01913,2024-04-29,93.68,ORD01912_1
U01913,2024-06-24,135.81,ORD01912_0
U01914,2024-01-29,457.64,ORD01913_1
U01914,2024-02-22,990.47,ORD01913_10
U01914,2024-02-25,1142.91,ORD01913_19
U01914,2024-03-21,944.26,ORD01913_4
U01914,2024-03-23,453.38,ORD01913_13
U01914,2024-04-05,739.62,ORD01913_7
U01914,2024-05-10,507.41,ORD01913_3
U01914,2024-05-25,439.47,ORD01913_9
U01914,2024-05-28,566.29,ORD01913_0
U01914,2024-06-04,344.35,ORD01913_17
U01914,2024-06-11,637.46,ORD01913_27
U01914,2024-06-17,962.62,ORD01913_11
U01914,2024-06-18,1042.89,ORD01913_6
U01914,2024-06-21,1085.09,ORD01913_2
U01914,2024-07-02,454.48,ORD01913_24
U01914,2024-07-29,1176.8,ORD01913_20
U01914,2024-08-06,851.94,ORD01913_15
U01914,2024-08-11,496.51,ORD01913_23
U01914,2024-08-16,1096.13,ORD01913_18
U01914,2024-08-21,460.04,ORD01913_25
U01914,2024-08-22,1095.05,ORD01913_5
U01914,2024-09-06,573.44,ORD01913_26
U01914,2024-09-07,924.77,ORD01913_16
U01914,2024-09-10,1008.43,ORD01913_28
U01914,2024-09-24,851.24,ORD01913_14
U01914,2024-10-27,592.9,ORD01913_22
U01914,2024-10-31,933.18,ORD01913_21
U01914,2024-11-19,944.67,ORD01913_8
U01914,2024-12-22,437.8,ORD01913_12
U01915,2024-01-04,771.96,ORD01914_1
U01915,2024-02-11,547.05,ORD01914_6
U01915,2024-03-25,600.96,ORD01914_2
U01915,2024-03-31,703.76,ORD01914_7
U01915,2024-04-05,400.68,ORD01914_18
U01915,2024-04-24,824.31,ORD01914_11
U01915,2024-04-30,946.99,ORD01914_10
U01915,2024-06-03,1048.31,ORD01914_8
U01915,2024-06-10,1222.84,ORD01914_4
U01915,2024-07-20,989.51,ORD01914_14
U01915,2024-08-07,1458.71,ORD01914_9
U01915,2024-08-18,912.44,ORD01914_15
U01915,2024-09-02,393.64,ORD01914_12
U01915,2024-09-09,395.56,ORD01914_21
U01915,2024-09-16,414.48,ORD01914_0
U01915,2024-09-20,1004.92,ORD01914_16
U01915,2024-10-06,654.64,ORD01914_13
U01915,2024-10-09,749.79,ORD01914_20
U01915,2024-10-17,462.01,ORD01914_17
U01915,2024-11-17,698.16,ORD01914_3
U01915,2024-11-23,1256.91,ORD01914_5
U01915,2024-12-01,1165.47,ORD01914_22
U01915,2024-12-18,440.96,ORD01914_19
U01916,2024-12-02,168.81,ORD01915_0
U01917,2024-06-27,159.07,ORD01916_0
U01917,2024-07-16,225.79,ORD01916_1
U01917,2024-11-27,276.29,ORD01916_2
U01918,2024-02-14,163.65,ORD01917_2
U01918,2024-04-20,157.46,ORD01917_3
U01918,2024-05-15,551.03,ORD01917_7
U01918,2024-06-26,525.01,ORD01917_4
U01918,2024-09-08,262.37,ORD01917_6
U01918,2024-10-03,387.7,ORD01917_1
U01918,2024-11-23,319.64,ORD01917_5
U01918,2024-12-16,504.32,ORD01917_0
U01919,2024-07-04,212.58,ORD01918_3
U01919,2024-07-14,166.49,ORD01918_5
U01919,2024-08-13,294.83,ORD01918_0
U01919,2024-10-18,271.64,ORD01918_2
U01919,2024-11-04,239.19,ORD01918_1
U01919,2024-12-16,178.97,ORD01918_4
U01920,2024-02-06,318.02,ORD01919_10
U01920,2024-03-11,693.16,ORD01919_16
U01920,2024-05-13,311.44,ORD01919_9
U01920,2024-05-28,731.8,ORD01919_7
U01920,2024-06-12,680.96,ORD01919_18
U01920,2024-07-05,569.52,ORD01919_12
U01920,2024-07-06,714.69,ORD01919_0
U01920,2024-07-12,971.1,ORD01919_3
U01920,2024-07-30,740.21,ORD01919_17
U01920,2024-07-31,959.11,ORD01919_11
U01920,2024-10-13,823.44,ORD01919_2
U01920,2024-10-21,1053.19,ORD01919_19
U01920,2024-10-24,1102.07,ORD01919_13
U01920,2024-11-06,789.36,ORD01919_5
U01920,2024-11-09,455.99,ORD01919_15
U01920,2024-11-11,350.81,ORD01919_14
U01920,2024-11-24,657.2,ORD01919_6
U01920,2024-12-14,864.22,ORD01919_4
U01920,2024-12-18,555.87,ORD01919_8
U01920,2024-12-23,411.62,ORD01919_1
U01921,2024-02-16,201.6,ORD01920_0
U01922,2024-01-10,350.96,ORD01921_2
U01922,2024-08-15,179.25,ORD01921_0
U01922,2024-09-16,325.44,ORD01921_1
U01923,2024-02-24,91.82,ORD01922_1
U01923,2024-04-07,250.75,ORD01922_4
U01923,2024-05-18,204.46,ORD01922_0
U01923,2024-06-07,134.59,ORD01922_3
U01923,2024-07-16,77.01,ORD01922_5
U01923,2024-09-16,110.4,ORD01922_2
U01924,2024-11-22,76.03,ORD01923_0
U01925,2024-02-21,223.51,ORD01924_3
U01925,2024-02-28,417.91,ORD01924_4
U01925,2024-06-03,551.77,ORD01924_1
U01925,2024-07-15,659.01,ORD01924_2
U01925,2024-09-24,713.44,ORD01924_0
U01925,2024-10-02,690.81,ORD01924_5
U01925,2024-12-22,200.97,ORD01924_6
U01926,2024-03-19,93.72,ORD01925_2
U01926,2024-04-04,224.9,ORD01925_0
U01926,2024-05-26,160.16,ORD01925_4
U01926,2024-06-06,252.24,ORD01925_8
U01926,2024-07-15,106.24,ORD01925_5
U01926,2024-07-31,226.6,ORD01925_7
U01926,2024-08-05,255.86,ORD01925_3
U01926,2024-09-04,310.79,ORD01925_6
U01926,2024-11-28,173.9,ORD01925_1
U01927,2024-03-23,101.13,ORD01926_2
U01927,2024-08-16,122.11,ORD01926_1
U01927,2024-12-13,116.03,ORD01926_0
U01928,2024-01-14,429.38,ORD01927_0
U01928,2024-01-17,274.77,ORD01927_4
U01928,2024-01-18,250.49,ORD01927_10
U01928,2024-01-21,286.97,ORD01927_20
U01928,2024-03-24,397.93,ORD01927_18
U01928,2024-03-25,382.18,ORD01927_15
U01928,2024-03-31,257.5,ORD01927_12
U01928,2024-05-07,357.9,ORD01927_14
U01928,2024-05-22,428.66,ORD01927_22
U01928,2024-06-20,391.73,ORD01927_2
U01928,2024-07-15,291.38,ORD01927_9
U01928,2024-07-31,160.71,ORD01927_6
U01928,2024-07-31,326.78,ORD01927_13
U01928,2024-08-06,289.83,ORD01927_19
U01928,2024-08-13,427.23,ORD01927_23
U01928,2024-08-14,282.84,ORD01927_5
U01928,2024-08-22,404.55,ORD01927_11
U01928,2024-08-25,535.78,ORD01927_17
U01928,2024-09-02,529.25,ORD01927_24
U01928,2024-09-06,279.23,ORD01927_1
U01928,2024-09-24,371.69,ORD01927_16
U01928,2024-10-17,453.84,ORD01927_21
U01928,2024-12-05,211.59,ORD01927_8
U01928,2024-12-11,227.96,ORD01927_7
U01928,2024-12-24,211.47,ORD01927_3
U01929,2024-01-31,112.82,ORD01928_0
U01929,2024-03-09,167.2,ORD01928_3
U01929,2024-05-02,229.08,ORD01928_6
U01929,2024-05-06,245.45,ORD01928_2
U01929,2024-07-28,185.34,ORD01928_7
U01929,2024-10-25,123.88,ORD01928_1
U01929,2024-10-29,257.8,ORD01928_4
U01929,2024-11-28,212.68,ORD01928_5
U01930,2024-01-28,203.04,ORD01929_3
U01930,2024-08-20,127.88,ORD01929_0
U01930,2024-10-15,216.62,ORD01929_1
U01930,2024-11-09,258.97,ORD01929_2
U01931,2024-01-23,435.64,ORD01930_5
U01931,2024-03-11,151.63,ORD01930_3
U01931,2024-04-30,413.89,ORD01930_2
U01931,2024-07-29,196.56,ORD01930_0
U01931,2024-09-27,401.16,ORD01930_7
U01931,2024-09-28,403.34,ORD01930_4
U01931,2024-11-01,455.6,ORD01930_6
U01931,2024-12-25,391.04,ORD01930_1
U01932,2024-01-12,185.77,ORD01931_1
U01932,2024-07-28,57.64,ORD01931_0
U01933,2024-01-01,576.55,ORD01932_8
U01933,2024-02-10,1181.2,ORD01932_4
U01933,2024-02-13,868.4,ORD01932_2
U01933,2024-02-28,1356.72,ORD01932_7
U01933,2024-04-04,1411.95,ORD01932_6
U01933,2024-07-16,1265.35,ORD01932_0
U01933,2024-07-20,1290.0,ORD01932_5
U01933,2024-08-13,1532.88,ORD01932_9
U01933,2024-09-02,1200.58,ORD01932_1
U01933,2024-10-10,1362.95,ORD01932_10
U01933,2024-11-14,752.88,ORD01932_3
U01934,2024-01-19,136.93,ORD01933_2
U01934,2024-04-04,47.09,ORD01933_0
U01934,2024-10-01,148.9,ORD01933_1
U01935,2024-01-13,334.24,ORD01934_6
U01935,2024-01-23,371.53,ORD01934_1
U01935,2024-04-23,370.3,ORD01934_5
U01935,2024-05-05,640.57,ORD01934_2
U01935,2024-05-19,325.37,ORD01934_3
U01935,2024-05-25,430.5,ORD01934_7
U01935,2024-08-03,486.64,ORD01934_8
U01935,2024-08-13,181.86,ORD01934_0
U01935,2024-11-11,652.65,ORD01934_4
U01936,2024-01-01,166.91,ORD01935_1
U01936,2024-04-14,87.65,ORD01935_0
U01937,2024-07-01,155.94,ORD01936_0
U01937,2024-11-12,52.9,ORD01936_1
U01938,2024-02-26,90.89,ORD01937_1
U01938,2024-03-26,53.24,ORD01937_2
U01938,2024-09-03,80.78,ORD01937_0
U01939,2024-09-23,165.12,ORD01938_0
U01940,2024-03-05,125.79,ORD01939_2
U01940,2024-03-21,137.35,ORD01939_8
U01940,2024-05-12,173.92,ORD01939_0
U01940,2024-05-21,214.03,ORD01939_5
U01940,2024-05-24,394.21,ORD01939_7
U01940,2024-10-26,347.31,ORD01939_4
U01940,2024-12-02,337.06,ORD01939_1
U01940,2024-12-11,236.65,ORD01939_3
U01940,2024-12-12,216.5,ORD01939_6
U01941,2024-02-19,336.01,ORD01940_22
U01941,2024-02-28,312.31,ORD01940_12
U01941,2024-03-17,233.86,ORD01940_5
U01941,2024-04-01,351.96,ORD01940_2
U01941,2024-05-07,282.49,ORD01940_7
U01941,2024-05-12,274.63,ORD01940_20
U01941,2024-05-15,610.46,ORD01940_15
U01941,2024-06-15,358.83,ORD01940_14
U01941,2024-07-01,413.8,ORD01940_0
U01941,2024-07-02,420.65,ORD01940_8
U01941,2024-07-02,466.46,ORD01940_16
U01941,2024-07-08,293.4,ORD01940_3
U01941,2024-08-10,337.2,ORD01940_23
U01941,2024-08-18,654.3,ORD01940_6
U01941,2024-09-06,624.89,ORD01940_21
U01941,2024-09-16,635.1,ORD01940_13
U01941,2024-09-25,613.98,ORD01940_11
U01941,2024-09-28,640.01,ORD01940_4
U01941,2024-10-19,495.59,ORD01940_9
U01941,2024-10-24,813.58,ORD01940_10
U01941,2024-10-29,428.93,ORD01940_18
U01941,2024-11-03,235.45,ORD01940_17
U01941,2024-11-17,662.12,ORD01940_19
U01941,2024-12-05,470.89,ORD01940_1
U01942,2024-07-09,301.76,ORD01941_0
U01942,2024-08-31,213.98,ORD01941_1
U01942,2024-12-30,528.77,ORD01941_2
U01943,2024-01-15,244.34,ORD01942_0
U01944,2024-02-26,50.82,ORD01943_0
U01945,2024-03-25,132.85,ORD01944_4
U01945,2024-06-29,209.53,ORD01944_7
U01945,2024-08-04,66.77,ORD01944_1
U01945,2024-08-06,62.86,ORD01944_2
U01945,2024-08-13,221.93,ORD01944_0
U01945,2024-09-25,146.19,ORD01944_6
U01945,2024-11-14,92.48,ORD01944_3
U01945,2024-12-19,184.12,ORD01944_5
U01946,2024-04-14,157.93,ORD01945_5
U01946,2024-05-15,406.77,ORD01945_1
U01946,2024-11-13,246.4,ORD01945_0
U01946,2024-12-13,148.62,ORD01945_2
U01946,2024-12-23,137.52,ORD01945_4
U01946,2024-12-26,199.03,ORD01945_3
U01947,2024-03-08,139.14,ORD01946_1
U01947,2024-04-20,88.21,ORD01946_3
U01947,2024-05-09,235.66,ORD01946_5
U01947,2024-06-20,199.52,ORD01946_2
U01947,2024-07-07,257.13,ORD01946_0
U01947,2024-09-09,282.78,ORD01946_4
U01947,2024-10-29,166.95,ORD01946_6
U01948,2024-01-15,315.13,ORD01947_2
U01948,2024-04-06,146.65,ORD01947_0
U01948,2024-09-08,157.8,ORD01947_1
U01949,2024-01-17,463.36,ORD01948_4
U01949,2024-02-23,1231.82,ORD01948_0
U01949,2024-02-24,390.11,ORD01948_8
U01949,2024-05-28,418.3,ORD01948_10
U01949,2024-06-18,634.05,ORD01948_12
U01949,2024-07-04,584.68,ORD01948_7
U01949,2024-08-31,993.41,ORD01948_3
U01949,2024-09-03,1066.37,ORD01948_2
U01949,2024-10-28,436.22,ORD01948_1
U01949,2024-11-06,1030.34,ORD01948_11
U01949,2024-12-14,982.34,ORD01948_5
U01949,2024-12-17,954.28,ORD01948_6
U01949,2024-12-23,1136.32,ORD01948_9
U01950,2024-02-26,1073.89,ORD01949_6
U01950,2024-02-29,1033.22,ORD01949_1
U01950,2024-03-10,520.23,ORD01949_0
U01950,2024-03-11,630.51,ORD01949_4
U01950,2024-03-23,648.95,ORD01949_8
U01950,2024-04-21,383.12,ORD01949_11
U01950,2024-04-29,909.23,ORD01949_12
U01950,2024-05-03,355.64,ORD01949_3
U01950,2024-06-09,950.68,ORD01949_10
U01950,2024-06-16,776.82,ORD01949_2
U01950,2024-07-13,327.63,ORD01949_5
U01950,2024-09-23,403.89,ORD01949_9
U01950,2024-10-26,1010.91,ORD01949_7
U01951,2024-02-21,352.82,ORD01950_2
U01951,2024-04-09,545.79,ORD01950_7
U01951,2024-10-06,614.1,ORD01950_4
U01951,2024-10-12,603.58,ORD01950_0
U01951,2024-10-24,540.66,ORD01950_6
U01951,2024-10-28,161.16,ORD01950_5
U01951,2024-11-09,335.23,ORD01950_3
U01951,2024-11-15,559.89,ORD01950_1
U01952,2024-02-10,376.87,ORD01951_4
U01952,2024-07-09,328.77,ORD01951_3
U01952,2024-07-10,351.13,ORD01951_2
U01952,2024-07-12,202.69,ORD01951_5
U01952,2024-09-15,467.1,ORD01951_1
U01952,2024-10-04,177.72,ORD01951_0
U01953,2024-02-07,576.94,ORD01952_20
U01953,2024-02-13,639.05,ORD01952_4
U01953,2024-02-13,843.67,ORD01952_22
U01953,2024-03-31,641.13,ORD01952_6
U01953,2024-04-06,912.14,ORD01952_15
U01953,2024-04-08,576.01,ORD01952_0
U01953,2024-04-24,364.05,ORD01952_13
U01953,2024-05-04,660.12,ORD01952_12
U01953,2024-05-08,269.2,ORD01952_18
U01953,2024-05-20,889.61,ORD01952_7
U01953,2024-06-30,451.28,ORD01952_3
U01953,2024-08-11,329.62,ORD01952_16
U01953,2024-09-03,394.95,ORD01952_19
U01953,2024-09-04,564.12,ORD01952_21
U01953,2024-09-06,321.11,ORD01952_1
U01953,2024-09-08,486.55,ORD01952_8
U01953,2024-09-15,538.78,ORD01952_5
U01953,2024-10-07,848.54,ORD01952_17
U01953,2024-10-24,763.77,ORD01952_9
U01953,2024-11-01,946.04,ORD01952_14
U01953,2024-11-13,485.21,ORD01952_2
U01953,2024-11-20,362.41,ORD01952_10
U01953,2024-12-13,806.81,ORD01952_11
U01954,2024-03-06,642.29,ORD01953_1
U01954,2024-04-13,190.82,ORD01953_0
U01954,2024-08-25,625.68,ORD01953_2
U01955,2024-11-19,44.25,ORD01954_0
U01956,2024-02-26,137.69,ORD01955_1
U01956,2024-04-10,131.37,ORD01955_2
U01956,2024-08-01,119.11,ORD01955_0
U01957,2024-01-02,166.72,ORD01956_7
U01957,2024-03-23,143.49,ORD01956_5
U01957,2024-04-11,250.42,ORD01956_3
U01957,2024-04-20,284.85,ORD01956_2
U01957,2024-06-05,387.92,ORD01956_4
U01957,2024-08-04,168.84,ORD01956_1
U01957,2024-08-24,325.11,ORD01956_6
U01957,2024-10-28,177.91,ORD01956_0
U01958,2024-03-01,226.99,ORD01957_3
U01958,2024-04-19,292.29,ORD01957_2
U01958,2024-09-07,420.19,ORD01957_1
U01958,2024-09-12,248.74,ORD01957_5
U01958,2024-09-29,360.95,ORD01957_0
U01958,2024-12-04,290.85,ORD01957_4
U01959,2024-03-02,327.59,ORD01958_4
U01959,2024-07-29,166.75,ORD01958_2
U01959,2024-08-01,343.42,ORD01958_0
U01959,2024-08-17,267.02,ORD01958_1
U01959,2024-09-19,428.44,ORD01958_3
U01960,2024-02-21,246.7,ORD01959_0
U01960,2024-03-04,269.56,ORD01959_4
U01960,2024-03-17,401.31,ORD01959_1
U01960,2024-03-19,164.35,ORD01959_5
U01960,2024-05-04,519.16,ORD01959_3
U01960,2024-06-30,170.61,ORD01959_2
U01960,2024-09-07,246.81,ORD01959_6
U01961,2024-03-27,88.46,ORD01960_1
U01961,2024-05-12,36.15,ORD01960_2
U01961,2024-08-31,46.67,ORD01960_0
U01962,2024-04-25,150.47,ORD01961_4
U01962,2024-05-22,388.05,ORD01961_1
U01962,2024-05-28,246.5,ORD01961_2
U01962,2024-06-20,519.47,ORD01961_3
U01962,2024-07-06,283.09,ORD01961_0
U01962,2024-08-25,191.12,ORD01961_6
U01962,2024-10-21,278.0,ORD01961_5
U01963,2024-03-13,129.3,ORD01962_2
U01963,2024-08-30,83.03,ORD01962_0
U01963,2024-09-10,56.34,ORD01962_1
U01964,2024-02-06,97.84,ORD01963_0
U01965,2024-02-08,111.67,ORD01964_1
U01965,2024-10-14,64.39,ORD01964_0
U01966,2024-10-07,267.55,ORD01965_1
U01966,2024-12-26,107.26,ORD01965_0
U01967,2024-01-09,85.26,ORD01966_0
U01968,2024-01-03,709.31,ORD01967_2
U01968,2024-01-05,323.34,ORD01967_7
U01968,2024-01-05,739.96,ORD01967_11
U01968,2024-01-10,286.72,ORD01967_26
U01968,2024-02-06,197.29,ORD01967_9
U01968,2024-02-27,243.79,ORD01967_12
U01968,2024-03-07,354.42,ORD01967_10
U01968,2024-03-07,707.23,ORD01967_17
U01968,2024-04-01,289.93,ORD01967_14
U01968,2024-04-08,429.22,ORD01967_3
U01968,2024-04-30,490.39,ORD01967_20
U01968,2024-05-15,744.86,ORD01967_6
U01968,2024-05-15,466.41,ORD01967_8
U01968,2024-05-19,599.74,ORD01967_27
U01968,2024-06-26,567.43,ORD01967_16
U01968,2024-06-29,201.0,ORD01967_25
U01968,2024-07-08,278.37,ORD01967_4
U01968,2024-07-16,382.87,ORD01967_24
U01968,2024-08-05,722.8,ORD01967_1
U01968,2024-08-06,422.97,ORD01967_21
U01968,2024-08-15,703.73,ORD01967_28
U01968,2024-09-13,311.25,ORD01967_22
U01968,2024-09-16,401.15,ORD01967_5
U01968,2024-09-22,680.07,ORD01967_0
U01968,2024-10-10,657.04,ORD01967_15
U01968,2024-12-22,237.46,ORD01967_18
U01968,2024-12-22,743.99,ORD01967_19
U01968,2024-12-23,667.27,ORD01967_23
U01968,2024-12-25,726.5,ORD01967_13
U01969,2024-01-08,692.17,ORD01968_22
U01969,2024-01-31,1148.11,ORD01968_5
U01969,2024-02-11,481.65,ORD01968_3
U01969,2024-03-12,552.68,ORD01968_16
U01969,2024-03-19,612.54,ORD01968_12
U01969,2024-04-02,1226.26,ORD01968_7
U01969,2024-04-18,546.68,ORD01968_6
U01969,2024-05-05,852.98,ORD01968_25
U01969,2024-05-18,476.47,ORD01968_17
U01969,2024-05-31,458.85,ORD01968_0
U01969,2024-06-01,534.98,ORD01968_19
U01969,2024-06-15,1030.16,ORD01968_2
U01969,2024-06-17,1204.8,ORD01968_15
U01969,2024-06-29,333.95,ORD01968_1
U01969,2024-07-25,453.08,ORD01968_9
U01969,2024-07-25,619.19,ORD01968_23
U01969,2024-08-25,502.94,ORD01968_20
U01969,2024-09-08,502.57,ORD01968_10
U01969,2024-10-04,317.88,ORD01968_4
U01969,2024-10-10,414.05,ORD01968_24
U01969,2024-11-17,682.87,ORD01968_13
U01969,2024-11-19,324.44,ORD01968_18
U01969,2024-11-27,452.02,ORD01968_14
U01969,2024-11-28,555.18,ORD01968_8
U01969,2024-12-06,1257.93,ORD01968_21
U01969,2024-12-21,339.29,ORD01968_11
U01970,2024-03-05,130.81,ORD01969_1
U01970,2024-10-16,82.0,ORD01969_0
U01971,2024-01-03,1447.25,ORD01970_10
U01971,2024-01-04,944.93,ORD01970_0
U01971,2024-01-06,522.14,ORD01970_16
U01971,2024-01-19,940.15,ORD01970_17
U01971,2024-01-28,757.49,ORD01970_25
U01971,2024-03-02,1194.77,ORD01970_14
U01971,2024-03-30,1259.28,ORD01970_2
U01971,2024-04-01,539.74,ORD01970_7
U01971,2024-04-05,1071.59,ORD01970_13
U01971,2024-04-28,1206.72,ORD01970_5
U01971,2024-05-13,1485.72,ORD01970_21
U01971,2024-07-10,1583.05,ORD01970_18
U01971,2024-07-13,971.24,ORD01970_20
U01971,2024-09-05,532.45,ORD01970_6
U01971,2024-09-06,849.4,ORD01970_19
U01971,2024-09-10,547.69,ORD01970_9
U01971,2024-09-25,556.59,ORD01970_8
U01971,2024-09-26,1528.16,ORD01970_15
U01971,2024-10-17,773.22,ORD01970_24
U01971,2024-11-03,697.3,ORD01970_3
U01971,2024-11-06,896.19,ORD01970_4
U01971,2024-11-16,1355.09,ORD01970_11
U01971,2024-11-21,897.28,ORD01970_1
U01971,2024-11-28,700.05,ORD01970_12
U01971,2024-12-14,1272.37,ORD01970_22
U01971,2024-12-20,559.18,ORD01970_23
U01972,2024-05-11,136.28,ORD01971_0
U01972,2024-06-25,158.09,ORD01971_2
U01972,2024-07-06,100.27,ORD01971_1
U01973,2024-06-01,97.88,ORD01972_0
U01974,2024-01-09,1009.75,ORD01973_1
U01974,2024-01-17,1175.98,ORD01973_6
U01974,2024-01-19,1008.0,ORD01973_2
U01974,2024-01-20,823.43,ORD01973_26
U01974,2024-02-15,772.91,ORD01973_22
U01974,2024-03-08,628.25,ORD01973_13
U01974,2024-03-08,666.19,ORD01973_21
U01974,2024-03-25,460.67,ORD01973_3
U01974,2024-04-10,718.17,ORD01973_18
U01974,2024-04-22,459.64,ORD01973_16
U01974,2024-05-19,778.78,ORD01973_14
U01974,2024-05-26,1189.12,ORD01973_12
U01974,2024-06-13,728.53,ORD01973_7
U01974,2024-06-19,1125.62,ORD01973_23
U01974,2024-06-27,351.22,ORD01973_11
U01974,2024-07-02,306.08,ORD01973_9
U01974,2024-07-15,1134.19,ORD01973_17
U01974,2024-07-24,545.32,ORD01973_20
U01974,2024-07-25,956.03,ORD01973_15
U01974,2024-08-02,788.83,ORD01973_10
U01974,2024-08-21,662.73,ORD01973_4
U01974,2024-09-05,743.57,ORD01973_25
U01974,2024-09-09,1100.77,ORD01973_8
U01974,2024-10-16,1095.04,ORD01973_19
U01974,2024-10-27,585.52,ORD01973_24
U01974,2024-12-10,385.55,ORD01973_5
U01974,2024-12-12,868.6,ORD01973_0
U01975,2024-06-01,101.65,ORD01974_0
U01976,2024-01-18,407.56,ORD01975_2
U01976,2024-02-03,257.24,ORD01975_1
U01976,2024-03-13,346.63,ORD01975_0
U01976,2024-05-22,261.85,ORD01975_3
U01977,2024-01-13,219.44,ORD01976_2
U01977,2024-03-11,323.69,ORD01976_0
U01977,2024-04-15,208.34,ORD01976_7
U01977,2024-06-08,413.25,ORD01976_1
U01977,2024-07-03,369.26,ORD01976_3
U01977,2024-08-19,666.85,ORD01976_8
U01977,2024-10-14,208.08,ORD01976_5
U01977,2024-11-18,622.26,ORD01976_4
U01977,2024-12-26,229.14,ORD01976_6
U01978,2024-02-23,1234.16,ORD01977_2
U01978,2024-04-19,549.01,ORD01977_10
U01978,2024-04-25,328.9,ORD01977_11
U01978,2024-06-04,1220.18,ORD01977_1
U01978,2024-06-07,704.68,ORD01977_5
U01978,2024-06-09,839.96,ORD01977_6
U01978,2024-06-14,936.22,ORD01977_14
U01978,2024-07-11,1192.17,ORD01977_8
U01978,2024-08-17,794.11,ORD01977_7
U01978,2024-08-20,1065.59,ORD01977_12
U01978,2024-09-15,762.85,ORD01977_4
U01978,2024-09-19,1212.57,ORD01977_0
U01978,2024-10-22,1267.9,ORD01977_13
U01978,2024-11-17,325.66,ORD01977_3
U01978,2024-12-17,793.6,ORD01977_9
U01979,2024-08-09,173.66,ORD01978_0
U01979,2024-08-15,143.86,ORD01978_1
U01980,2024-02-15,159.88,ORD01979_4
U01980,2024-02-28,191.47,ORD01979_1
U01980,2024-03-08,94.23,ORD01979_0
U01980,2024-05-24,102.33,ORD01979_7
U01980,2024-07-04,130.04,ORD01979_2
U01980,2024-07-09,71.05,ORD01979_3
U01980,2024-08-03,155.72,ORD01979_5
U01980,2024-11-23,154.93,ORD01979_6
U01981,2024-01-07,279.67,ORD01980_6
U01981,2024-02-24,243.37,ORD01980_18
U01981,2024-03-04,504.86,ORD01980_14
U01981,2024-03-08,605.97,ORD01980_5
U01981,2024-05-02,861.37,ORD01980_19
U01981,2024-05-08,688.78,ORD01980_13
U01981,2024-05-31,825.75,ORD01980_17
U01981,2024-06-12,332.57,ORD01980_4
U01981,2024-06-12,597.2,ORD01980_20
U01981,2024-06-26,792.25,ORD01980_1
U01981,2024-07-06,638.56,ORD01980_10
U01981,2024-07-09,235.39,ORD01980_3
U01981,2024-07-09,645.34,ORD01980_12
U01981,2024-07-12,344.57,ORD01980_11
U01981,2024-07-24,707.8,ORD01980_7
U01981,2024-08-16,524.54,ORD01980_8
U01981,2024-09-26,661.1,ORD01980_9
U01981,2024-10-19,435.65,ORD01980_15
U01981,2024-10-28,271.67,ORD01980_0
U01981,2024-11-11,351.82,ORD01980_2
U01981,2024-11-21,763.15,ORD01980_16
U01982,2024-03-18,194.96,ORD01981_1
U01982,2024-11-03,294.71,ORD01981_2
U01982,2024-12-22,339.86,ORD01981_0
U01983,2024-02-29,283.33,ORD01982_6
U01983,2024-04-04,282.19,ORD01982_7
U01983,2024-05-15,148.74,ORD01982_5
U01983,2024-05-28,293.57,ORD01982_3
U01983,2024-09-08,221.42,ORD01982_1
U01983,2024-12-02,317.37,ORD01982_2
U01983,2024-12-11,316.72,ORD01982_0
U01983,2024-12-23,211.68,ORD01982_4
U01984,2024-03-08,237.66,ORD01983_0
U01984,2024-05-11,225.81,ORD01983_2
U01984,2024-06-15,183.02,ORD01983_3
U01984,2024-12-07,229.44,ORD01983_4
U01984,2024-12-19,192.76,ORD01983_1
U01985,2024-02-20,190.61,ORD01984_2
U01985,2024-09-23,217.37,ORD01984_1
U01985,2024-09-25,157.72,ORD01984_0
U01986,2024-02-04,718.49,ORD01985_15
U01986,2024-02-26,620.81,ORD01985_6
U01986,2024-03-27,883.64,ORD01985_16
U01986,2024-04-15,1071.7,ORD01985_3
U01986,2024-06-30,586.4,ORD01985_14
U01986,2024-07-06,1035.18,ORD01985_7
U01986,2024-07-13,482.07,ORD01985_0
U01986,2024-08-28,390.09,ORD01985_8
U01986,2024-10-01,380.45,ORD01985_10
U01986,2024-10-10,349.56,ORD01985_12
U01986,2024-10-15,627.04,ORD01985_4
U01986,2024-10-21,1139.01,ORD01985_11
U01986,2024-11-29,796.35,ORD01985_2
U01986,2024-11-29,329.01,ORD01985_5
U01986,2024-12-03,819.38,ORD01985_9
U01986,2024-12-14,1182.73,ORD01985_13
U01986,2024-12-23,618.14,ORD01985_1
U01987,2024-01-10,43.43,ORD01986_0
U01987,2024-02-29,53.67,ORD01986_1
U01987,2024-04-11,21.65,ORD01986_2
U01988,2024-07-08,77.36,ORD01987_0
U01988,2024-11-29,135.9,ORD01987_1
U01989,2024-04-24,179.91,ORD01988_0
U01989,2024-05-14,276.86,ORD01988_3
U01989,2024-05-26,497.2,ORD01988_2
U01989,2024-09-25,360.05,ORD01988_1
U01990,2024-01-03,173.72,ORD01989_0
U01990,2024-11-20,98.98,ORD01989_1
U01991,2024-02-12,516.34,ORD01990_1
U01991,2024-02-27,330.58,ORD01990_2
U01991,2024-06-20,497.05,ORD01990_6
U01991,2024-06-22,488.39,ORD01990_3
U01991,2024-07-25,355.1,ORD01990_4
U01991,2024-08-19,144.38,ORD01990_7
U01991,2024-08-20,153.54,ORD01990_5
U01991,2024-10-23,498.98,ORD01990_0
U01992,2024-02-17,251.23,ORD01991_1
U01992,2024-07-11,320.44,ORD01991_0
U01992,2024-09-09,272.22,ORD01991_2
U01993,2024-01-06,727.85,ORD01992_18
U01993,2024-01-21,237.36,ORD01992_11
U01993,2024-01-26,812.38,ORD01992_0
U01993,2024-02-05,486.44,ORD01992_10
U01993,2024-03-21,609.35,ORD01992_2
U01993,2024-04-05,757.47,ORD01992_15
U01993,2024-04-13,517.32,ORD01992_12
U01993,2024-04-19,724.88,ORD01992_8
U01993,2024-04-21,312.61,ORD01992_13
U01993,2024-04-24,601.47,ORD01992_1
U01993,2024-04-27,725.76,ORD01992_5
U01993,2024-04-29,475.14,ORD01992_14
U01993,2024-05-23,532.27,ORD01992_17
U01993,2024-06-12,584.38,ORD01992_9
U01993,2024-07-12,508.24,ORD01992_20
U01993,2024-07-19,726.44,ORD01992_7
U01993,2024-08-17,481.3,ORD01992_19
U01993,2024-09-05,481.41,ORD01992_3
U01993,2024-10-18,622.83,ORD01992_6
U01993,2024-12-11,734.91,ORD01992_4
U01993,2024-12-29,464.27,ORD01992_16
U01994,2024-03-15,72.69,ORD01993_2
U01994,2024-07-24,191.86,ORD01993_1
U01994,2024-09-27,133.65,ORD01993_0
U01995,2024-01-27,234.66,ORD01994_3
U01995,2024-02-08,380.77,ORD01994_4
U01995,2024-04-02,124.8,ORD01994_2
U01995,2024-06-22,162.01,ORD01994_0
U01995,2024-10-15,335.07,ORD01994_5
U01995,2024-10-21,361.42,ORD01994_1
U01995,2024-12-24,253.29,ORD01994_6
U01996,2024-05-30,75.98,ORD01995_0
U01997,2024-04-20,89.62,ORD01996_0
U01997,2024-06-07,127.15,ORD01996_2
U01997,2024-10-05,61.45,ORD01996_1
U01998,2024-08-14,109.35,ORD01997_1
U01998,2024-11-05,76.61,ORD01997_0
U01999,2024-01-05,189.61,ORD01998_3
U01999,2024-01-09,128.27,ORD01998_0
U01999,2024-01-12,72.32,ORD01998_1
U01999,2024-05-14,159.52,ORD01998_2
U01999,2024-05-30,127.38,ORD01998_5
U01999,2024-10-20,170.23,ORD01998_4
U02000,2024-01-08,1065.47,ORD01999_14
U02000,2024-02-07,638.32,ORD01999_7
U02000,2024-02-16,621.97,ORD01999_1
U02000,2024-02-20,1053.0,ORD01999_12
U02000,2024-04-04,986.63,ORD01999_10
U02000,2024-04-09,1115.43,ORD01999_15
U02000,2024-04-22,477.99,ORD01999_13
U02000,2024-05-05,552.56,ORD01999_19
U02000,2024-05-15,679.9,ORD01999_4
U02000,2024-05-20,614.6,ORD01999_9
U02000,2024-06-21,1054.23,ORD01999_20
U02000,2024-06-28,511.4,ORD01999_3
U02000,2024-07-09,1034.19,ORD01999_17
U02000,2024-07-30,600.39,ORD01999_5
U02000,2024-08-21,841.73,ORD01999_0
U02000,2024-08-21,726.62,ORD01999_18
U02000,2024-08-28,365.03,ORD01999_16
U02000,2024-09-05,624.57,ORD01999_2
U02000,2024-09-10,902.34,ORD01999_8
U02000,2024-10-27,375.17,ORD01999_11
U02000,2024-12-25,1031.53,ORD01999_6
