user_id,country,channel,recency,frequency,monetary,r_score,f_score,m_score,segment
U00100,泰国,KOL推荐,5.0,48,28960.7,3,5,5,一般挽留用户
U03297,泰国,自然搜索,13.0,47,27497.19,3,5,5,一般挽留用户
U05675,泰国,社交媒体,44.0,48,27474.3,3,5,5,一般挽留用户
U07007,泰国,社交媒体,8.0,47,27278.93,3,5,5,一般挽留用户
U06297,泰国,自然搜索,2.0,47,26888.9,3,5,5,一般挽留用户
U07029,泰国,付费广告,8.0,50,26754.13,3,5,5,一般挽留用户
U00099,泰国,社交媒体,16.0,47,26343.67,3,5,5,一般挽留用户
U03723,泰国,社交媒体,45.0,46,26307.8,3,5,5,一般挽留用户
U00515,泰国,付费广告,21.0,48,26150.27,3,5,5,一般挽留用户
U03050,泰国,自然搜索,33.0,45,25809.84,3,5,5,一般挽留用户
U07502,泰国,付费广告,11.0,49,25809.12,3,5,5,一般挽留用户
U07097,泰国,社交媒体,7.0,45,25739.38,3,5,5,一般挽留用户
U00497,泰国,社交媒体,1.0,46,25149.76,3,5,5,一般挽留用户
U07291,泰国,KOL推荐,27.0,45,24724.98,3,5,5,一般挽留用户
U00043,马来西亚,社交媒体,14.0,48,24596.0,3,5,5,一般挽留用户
U06560,泰国,社交媒体,31.0,43,24243.65,3,5,5,一般挽留用户
U04438,马来西亚,自然搜索,17.0,48,23994.43,3,5,5,一般挽留用户
U01011,马来西亚,付费广告,32.0,49,23840.8,3,5,5,一般挽留用户
U05122,泰国,自然搜索,14.0,44,23797.16,3,5,5,一般挽留用户
U02284,泰国,自然搜索,14.0,40,23749.81,3,5,5,一般挽留用户
U06564,泰国,付费广告,12.0,40,23445.93,3,5,5,一般挽留用户
U07795,泰国,自然搜索,9.0,42,23398.46,3,5,5,一般挽留用户
U00701,泰国,KOL推荐,23.0,39,22865.52,3,5,5,一般挽留用户
U05762,马来西亚,自然搜索,15.0,46,22046.56,3,5,5,一般挽留用户
U02081,泰国,社交媒体,9.0,38,21891.71,3,5,5,一般挽留用户
U07357,马来西亚,内容营销,36.0,42,21609.83,3,5,5,一般挽留用户
U05951,泰国,KOL推荐,6.0,38,21129.9,3,5,5,一般挽留用户
U01231,泰国,自然搜索,114.0,37,20550.41,2,5,5,重要保持用户
U05761,马来西亚,付费广告,19.0,41,19884.26,3,5,5,一般挽留用户
U04920,马来西亚,内容营销,2.0,38,19026.44,3,5,5,一般挽留用户
U04419,泰国,付费广告,59.0,34,19026.38,2,5,5,重要保持用户
U03924,马来西亚,付费广告,101.0,38,18905.78,2,5,5,重要保持用户
U04245,马来西亚,自然搜索,2.0,40,18822.52,3,5,5,一般挽留用户
U05909,泰国,自然搜索,26.0,34,18813.19,3,5,5,一般挽留用户
U05387,马来西亚,自然搜索,26.0,38,18380.45,3,5,5,一般挽留用户
U06912,泰国,社交媒体,14.0,31,18235.71,3,5,5,一般挽留用户
U05967,泰国,内容营销,18.0,32,18141.35,3,5,5,一般挽留用户
U05634,泰国,社交媒体,3.0,33,18087.05,3,5,5,一般挽留用户
U05867,泰国,付费广告,9.0,32,17970.4,3,5,5,一般挽留用户
U00181,泰国,自然搜索,93.0,31,17507.18,2,5,5,重要保持用户
U07869,泰国,付费广告,8.0,30,17336.98,3,5,5,一般挽留用户
U02706,泰国,社交媒体,12.0,30,17192.59,3,5,5,一般挽留用户
U00334,泰国,KOL推荐,1.0,33,17130.32,3,5,5,一般挽留用户
U03121,泰国,自然搜索,16.0,31,16952.7,3,5,5,一般挽留用户
U07798,泰国,自然搜索,6.0,30,16875.63,3,5,5,一般挽留用户
U01364,印尼,付费广告,5.0,50,16835.01,3,5,5,一般挽留用户
U01577,印尼,社交媒体,3.0,48,16783.65,3,5,5,一般挽留用户
U07721,马来西亚,自然搜索,53.0,35,16680.49,2,5,5,重要保持用户
U01458,泰国,社交媒体,62.0,29,16601.75,2,5,5,重要保持用户
U07953,泰国,付费广告,34.0,27,16567.88,3,5,5,一般挽留用户
U06684,印尼,KOL推荐,1.0,47,16388.54,3,5,5,一般挽留用户
U01609,印尼,社交媒体,9.0,48,16351.87,3,5,5,一般挽留用户
U02609,泰国,内容营销,61.0,29,16197.83,2,5,5,重要保持用户
U03147,印尼,付费广告,6.0,48,16112.31,3,5,5,一般挽留用户
U05012,印尼,社交媒体,9.0,49,16091.15,3,5,5,一般挽留用户
U03812,泰国,自然搜索,45.0,29,15931.19,3,5,5,一般挽留用户
U00047,印尼,自然搜索,12.0,47,15719.32,3,5,5,一般挽留用户
U01831,印尼,内容营销,11.0,47,15669.67,3,5,5,一般挽留用户
U00757,印尼,付费广告,13.0,47,15541.46,3,5,5,一般挽留用户
U07509,马来西亚,自然搜索,2.0,33,15374.46,3,5,5,一般挽留用户
U02822,印尼,内容营销,8.0,45,15332.7,3,5,5,一般挽留用户
U04557,印尼,社交媒体,6.0,46,15216.98,3,5,5,一般挽留用户
U07151,泰国,内容营销,19.0,26,15205.48,3,5,5,一般挽留用户
U06784,印尼,付费广告,11.0,43,15086.12,3,5,5,一般挽留用户
U07024,印尼,自然搜索,18.0,45,15071.95,3,5,5,一般挽留用户
U03557,印尼,KOL推荐,31.0,44,15005.19,3,5,5,一般挽留用户
U07600,印尼,付费广告,5.0,43,14920.71,3,5,5,一般挽留用户
U04336,印尼,自然搜索,12.0,43,14790.39,3,5,5,一般挽留用户
U01245,印尼,内容营销,1.0,43,14629.12,3,5,5,一般挽留用户
U03971,印尼,付费广告,35.0,45,14620.36,3,5,5,一般挽留用户
U03928,印尼,付费广告,47.0,43,14615.35,3,5,5,一般挽留用户
U01451,印尼,社交媒体,6.0,43,14599.84,3,5,5,一般挽留用户
U00742,印尼,付费广告,10.0,44,14594.21,3,5,5,一般挽留用户
U06210,印尼,自然搜索,49.0,42,14334.19,3,5,5,一般挽留用户
U04678,印尼,社交媒体,13.0,43,14316.78,3,5,5,一般挽留用户
U05654,泰国,社交媒体,25.0,25,14270.38,3,5,5,一般挽留用户
U05039,马来西亚,KOL推荐,51.0,27,14193.62,2,5,5,重要保持用户
U03126,印尼,KOL推荐,8.0,43,14064.09,3,5,5,一般挽留用户
U05046,印尼,自然搜索,8.0,42,13993.47,3,5,5,一般挽留用户
U04152,印尼,自然搜索,65.0,40,13943.9,2,5,5,重要保持用户
U07895,菲律宾,付费广告,27.0,49,13894.12,3,5,5,一般挽留用户
U00851,印尼,付费广告,16.0,41,13832.52,3,5,5,一般挽留用户
U07104,越南,内容营销,17.0,50,13747.85,3,5,5,一般挽留用户
U03201,印尼,付费广告,59.0,39,13525.13,2,5,5,重要保持用户
U00339,泰国,KOL推荐,6.0,23,13506.29,3,5,5,一般挽留用户
U02293,印尼,社交媒体,31.0,40,13365.51,3,5,5,一般挽留用户
U00830,泰国,付费广告,38.0,23,13307.36,3,5,5,一般挽留用户
U06729,菲律宾,内容营销,39.0,46,13273.07,3,5,5,一般挽留用户
U05991,印尼,社交媒体,13.0,40,13258.35,3,5,5,一般挽留用户
U01691,印尼,付费广告,64.0,41,13235.86,2,5,5,重要保持用户
U02250,泰国,社交媒体,53.0,23,13154.2,2,5,5,重要保持用户
U06661,越南,KOL推荐,19.0,49,13145.22,3,5,5,一般挽留用户
U07989,菲律宾,付费广告,2.0,45,13092.0,3,5,5,一般挽留用户
U02809,印尼,社交媒体,2.0,40,13057.96,3,5,5,一般挽留用户
U00021,泰国,KOL推荐,8.0,23,13002.58,3,5,5,一般挽留用户
U03514,菲律宾,社交媒体,3.0,47,12922.46,3,5,5,一般挽留用户
U02602,印尼,社交媒体,84.0,38,12913.17,2,5,5,重要保持用户
U00989,菲律宾,社交媒体,3.0,44,12855.91,3,5,5,一般挽留用户
U05470,印尼,自然搜索,18.0,39,12712.93,3,5,5,一般挽留用户
U07999,泰国,内容营销,43.0,23,12708.7,3,5,5,一般挽留用户
U00552,印尼,社交媒体,16.0,36,12588.28,3,5,5,一般挽留用户
U01848,菲律宾,社交媒体,14.0,41,12585.17,3,5,5,一般挽留用户
U03494,印尼,付费广告,16.0,38,12550.11,3,5,5,一般挽留用户
U06757,印尼,社交媒体,22.0,36,12441.23,3,5,5,一般挽留用户
U06819,印尼,付费广告,23.0,36,12367.61,3,5,5,一般挽留用户
U04404,马来西亚,内容营销,60.0,25,12270.93,2,5,5,重要保持用户
U00601,越南,社交媒体,3.0,44,12209.73,3,5,5,一般挽留用户
U04659,印尼,KOL推荐,34.0,35,12125.45,3,5,5,一般挽留用户
U04504,印尼,付费广告,81.0,34,12111.76,2,5,5,重要保持用户
U02438,印尼,付费广告,48.0,35,12059.55,3,5,5,一般挽留用户
U07330,泰国,自然搜索,15.0,21,12032.61,3,5,5,一般挽留用户
U06851,马来西亚,社交媒体,21.0,24,12024.55,3,5,5,一般挽留用户
U07892,菲律宾,内容营销,5.0,42,11913.55,3,5,5,一般挽留用户
U03757,越南,KOL推荐,6.0,44,11873.43,3,5,5,一般挽留用户
U07616,越南,付费广告,4.0,45,11851.51,3,5,5,一般挽留用户
U04322,印尼,自然搜索,32.0,34,11788.13,3,5,5,一般挽留用户
U03802,菲律宾,付费广告,13.0,41,11782.74,3,5,5,一般挽留用户
U01858,菲律宾,付费广告,16.0,39,11778.79,3,5,5,一般挽留用户
U05539,越南,付费广告,12.0,44,11729.4,3,5,5,一般挽留用户
U05140,印尼,内容营销,16.0,34,11678.44,3,5,5,一般挽留用户
U01613,越南,自然搜索,4.0,45,11642.35,3,5,5,一般挽留用户
U05003,越南,付费广告,18.0,43,11569.85,3,5,5,一般挽留用户
U07651,泰国,自然搜索,10.0,20,11550.43,3,5,5,一般挽留用户
U05332,泰国,付费广告,71.0,19,11495.48,2,5,5,重要保持用户
U06411,越南,KOL推荐,40.0,42,11353.47,3,5,5,一般挽留用户
U02931,印尼,付费广告,13.0,33,11222.96,3,5,5,一般挽留用户
U00966,印尼,社交媒体,2.0,31,11222.03,3,5,5,一般挽留用户
U01198,印尼,社交媒体,3.0,31,11020.21,3,5,5,一般挽留用户
U04700,泰国,付费广告,55.0,18,11016.73,2,5,5,重要保持用户
U06103,马来西亚,付费广告,4.0,20,10903.78,3,5,5,一般挽留用户
U04647,越南,自然搜索,52.0,40,10901.99,2,5,5,重要保持用户
U06482,印尼,自然搜索,4.0,33,10842.55,3,5,5,一般挽留用户
U06585,越南,付费广告,18.0,41,10798.94,3,5,5,一般挽留用户
U03859,菲律宾,KOL推荐,3.0,38,10790.39,3,5,5,一般挽留用户
U00932,马来西亚,自然搜索,16.0,23,10744.68,3,5,5,一般挽留用户
U07110,印尼,KOL推荐,57.0,32,10732.45,2,5,5,重要保持用户
U06349,印尼,付费广告,48.0,31,10721.06,3,5,5,一般挽留用户
U03831,菲律宾,KOL推荐,9.0,36,10620.19,3,5,5,一般挽留用户
U03588,泰国,KOL推荐,20.0,19,10553.85,3,5,5,一般挽留用户
U04964,印尼,自然搜索,64.0,33,10419.25,2,5,5,重要保持用户
U02996,泰国,内容营销,114.0,19,10395.84,2,5,5,重要保持用户
U02698,菲律宾,社交媒体,32.0,34,10373.93,3,5,5,一般挽留用户
U01102,菲律宾,付费广告,5.0,35,10299.1,3,5,5,一般挽留用户
U07046,印尼,自然搜索,16.0,30,10106.73,3,5,5,一般挽留用户
U06538,越南,内容营销,8.0,36,10030.37,3,5,5,一般挽留用户
U03766,印尼,付费广告,10.0,30,9891.91,3,5,5,一般挽留用户
U04133,印尼,自然搜索,2.0,28,9794.8,3,5,5,一般挽留用户
U01872,印尼,付费广告,14.0,30,9633.24,3,5,5,一般挽留用户
U00298,印尼,自然搜索,31.0,30,9632.98,3,5,5,一般挽留用户
U05871,泰国,付费广告,10.0,18,9504.08,3,5,5,一般挽留用户
U04469,菲律宾,社交媒体,13.0,32,9495.46,3,5,5,一般挽留用户
U02157,越南,自然搜索,2.0,37,9425.34,3,5,5,一般挽留用户
U01574,泰国,付费广告,10.0,16,9416.7,3,5,5,一般挽留用户
U00968,印尼,社交媒体,51.0,26,9406.59,2,5,5,重要保持用户
U01016,泰国,自然搜索,8.0,16,9388.98,3,5,5,一般挽留用户
U03112,印尼,自然搜索,49.0,27,9335.83,3,5,5,一般挽留用户
U03655,泰国,社交媒体,32.0,17,9240.43,3,5,5,一般挽留用户
U03748,越南,自然搜索,21.0,32,9237.94,3,5,5,一般挽留用户
U03073,越南,自然搜索,52.0,34,9236.65,2,5,5,重要保持用户
U04518,泰国,付费广告,26.0,18,9231.93,3,5,5,一般挽留用户
U06953,泰国,付费广告,34.0,16,9176.49,3,5,5,一般挽留用户
U01778,越南,付费广告,96.0,33,9131.98,2,5,5,重要保持用户
U03288,马来西亚,付费广告,4.0,18,9131.72,3,5,5,一般挽留用户
U07283,印尼,付费广告,46.0,27,9046.07,3,5,5,一般挽留用户
U07773,越南,内容营销,9.0,33,8949.44,3,5,5,一般挽留用户
U06074,越南,自然搜索,19.0,34,8937.18,3,5,5,一般挽留用户
U01176,菲律宾,自然搜索,23.0,32,8914.64,3,5,5,一般挽留用户
U05850,泰国,自然搜索,3.0,17,8890.96,3,5,5,一般挽留用户
U01459,印尼,付费广告,11.0,25,8873.81,3,5,5,一般挽留用户
U02485,马来西亚,KOL推荐,21.0,18,8668.01,3,5,5,一般挽留用户
U07767,越南,社交媒体,1.0,33,8660.41,3,5,5,一般挽留用户
U03829,泰国,自然搜索,282.0,15,8594.42,1,5,5,重要保持用户
U01207,越南,社交媒体,33.0,32,8545.68,3,5,5,一般挽留用户
U02377,菲律宾,付费广告,17.0,28,8536.2,3,5,5,一般挽留用户
U03131,菲律宾,付费广告,34.0,29,8478.49,3,5,5,一般挽留用户
U02103,印尼,付费广告,14.0,27,8457.09,3,5,5,一般挽留用户
U03569,菲律宾,KOL推荐,18.0,30,8431.05,3,5,5,一般挽留用户
U05807,马来西亚,付费广告,9.0,17,8388.56,3,5,5,一般挽留用户
U02280,越南,付费广告,1.0,31,8351.13,3,5,5,一般挽留用户
U00970,印尼,自然搜索,26.0,24,8315.45,3,5,5,一般挽留用户
U07663,印尼,付费广告,17.0,24,8259.91,3,5,5,一般挽留用户
U03055,马来西亚,付费广告,30.0,16,8205.1,3,5,5,一般挽留用户
U00061,越南,付费广告,10.0,30,8098.42,3,5,5,一般挽留用户
U03083,印尼,社交媒体,27.0,25,8037.19,3,5,5,一般挽留用户
U04200,菲律宾,付费广告,24.0,27,8024.17,3,5,5,一般挽留用户
U01679,印尼,付费广告,135.0,25,8015.87,2,5,5,重要保持用户
U05223,越南,内容营销,17.0,29,8007.99,3,5,5,一般挽留用户
U01313,菲律宾,付费广告,7.0,27,7975.34,3,5,5,一般挽留用户
U05217,印尼,社交媒体,96.0,23,7956.81,2,5,5,重要保持用户
U05903,越南,KOL推荐,49.0,29,7862.0,3,5,5,一般挽留用户
U00627,印尼,内容营销,61.0,24,7854.02,2,5,5,重要保持用户
U01576,泰国,社交媒体,40.0,15,7836.27,3,5,5,一般挽留用户
U07209,菲律宾,自然搜索,49.0,26,7802.38,3,5,5,一般挽留用户
U03904,菲律宾,社交媒体,33.0,26,7731.41,3,5,5,一般挽留用户
U01285,印尼,社交媒体,61.0,21,7542.84,2,5,5,重要保持用户
U04813,印尼,自然搜索,53.0,21,7517.13,2,5,5,重要保持用户
U03976,越南,付费广告,12.0,30,7494.24,3,5,5,一般挽留用户
U07785,印尼,付费广告,18.0,23,7460.27,3,5,5,一般挽留用户
U04316,印尼,付费广告,36.0,22,7432.24,3,5,5,一般挽留用户
U01139,印尼,社交媒体,62.0,21,7334.54,2,5,5,重要保持用户
U02846,菲律宾,社交媒体,15.0,23,7282.22,3,5,5,一般挽留用户
U05781,越南,自然搜索,30.0,27,7275.24,3,5,5,一般挽留用户
U05013,印尼,自然搜索,25.0,22,7273.6,3,5,5,一般挽留用户
U06975,越南,社交媒体,34.0,25,7217.81,3,5,5,一般挽留用户
U04139,印尼,内容营销,31.0,22,7089.15,3,5,5,一般挽留用户
U03019,菲律宾,内容营销,27.0,25,7085.66,3,5,5,一般挽留用户
U02384,越南,内容营销,12.0,26,7070.58,3,5,5,一般挽留用户
U03146,菲律宾,付费广告,14.0,26,6976.98,3,5,5,一般挽留用户
U05906,越南,内容营销,5.0,25,6943.36,3,5,5,一般挽留用户
U01478,菲律宾,付费广告,2.0,22,6806.24,3,5,5,一般挽留用户
U02652,越南,KOL推荐,41.0,26,6761.47,3,5,5,一般挽留用户
U03513,菲律宾,付费广告,16.0,24,6745.98,3,5,5,一般挽留用户
U00289,印尼,付费广告,39.0,19,6675.83,3,5,5,一般挽留用户
U07925,越南,内容营销,22.0,23,6605.98,3,5,5,一般挽留用户
U01665,菲律宾,社交媒体,28.0,23,6586.02,3,5,5,一般挽留用户
U04392,印尼,社交媒体,33.0,20,6558.12,3,5,5,一般挽留用户
U04830,菲律宾,付费广告,18.0,22,6529.56,3,5,5,一般挽留用户
U03093,菲律宾,付费广告,1.0,21,6437.95,3,5,5,一般挽留用户
U06294,菲律宾,KOL推荐,13.0,22,6283.71,3,5,5,一般挽留用户
U01128,越南,社交媒体,41.0,25,6279.86,3,5,5,一般挽留用户
U04095,越南,自然搜索,79.0,23,6193.73,2,5,5,重要保持用户
U03356,印尼,自然搜索,31.0,18,6174.02,3,5,5,一般挽留用户
U05380,泰国,自然搜索,35.0,20,5990.39,3,5,5,一般挽留用户
U02783,菲律宾,社交媒体,103.0,21,5958.47,2,5,5,重要保持用户
U07378,印尼,KOL推荐,10.0,18,5943.61,3,5,5,一般挽留用户
U03391,菲律宾,自然搜索,19.0,20,5941.63,3,5,5,一般挽留用户
U04577,泰国,付费广告,30.0,19,5940.75,3,5,5,一般挽留用户
U00524,菲律宾,付费广告,40.0,18,5938.52,3,5,5,一般挽留用户
U00856,泰国,自然搜索,97.0,20,5918.15,2,5,5,重要保持用户
U07089,泰国,付费广告,1.0,19,5916.9,3,5,5,一般挽留用户
U02914,泰国,内容营销,1.0,20,5911.58,3,5,5,一般挽留用户
U02776,泰国,付费广告,1.0,20,5872.93,3,5,5,一般挽留用户
U06801,泰国,KOL推荐,41.0,19,5861.09,3,5,5,一般挽留用户
U04009,泰国,内容营销,89.0,20,5857.46,2,5,5,重要保持用户
U04939,菲律宾,付费广告,10.0,19,5846.18,3,5,5,一般挽留用户
U00167,泰国,社交媒体,46.0,19,5817.74,3,5,5,一般挽留用户
U00145,泰国,自然搜索,53.0,19,5783.12,2,5,5,重要保持用户
U05767,泰国,社交媒体,24.0,19,5762.72,3,5,5,一般挽留用户
U01100,泰国,社交媒体,44.0,19,5749.85,3,5,5,一般挽留用户
U06747,泰国,社交媒体,39.0,20,5710.65,3,5,5,一般挽留用户
U06620,泰国,内容营销,4.0,20,5676.33,3,5,5,一般挽留用户
U01252,泰国,自然搜索,26.0,19,5669.73,3,5,5,一般挽留用户
U07614,泰国,内容营销,6.0,20,5661.46,3,5,5,一般挽留用户
U03224,泰国,付费广告,37.0,20,5629.89,3,5,5,一般挽留用户
U03727,泰国,社交媒体,22.0,20,5608.93,3,5,5,一般挽留用户
U00709,印尼,社交媒体,83.0,17,5596.18,2,5,5,重要保持用户
U01862,泰国,内容营销,39.0,19,5549.4,3,5,5,一般挽留用户
U03621,泰国,付费广告,24.0,20,5523.57,3,5,5,一般挽留用户
U02013,泰国,付费广告,26.0,20,5512.53,3,5,5,一般挽留用户
U07439,泰国,自然搜索,63.0,19,5510.62,2,5,5,重要保持用户
U00867,泰国,社交媒体,34.0,19,5509.12,3,5,5,一般挽留用户
U00514,泰国,付费广告,25.0,19,5498.01,3,5,5,一般挽留用户
U02743,泰国,付费广告,22.0,18,5484.72,3,5,5,一般挽留用户
U04731,泰国,付费广告,28.0,19,5483.92,3,5,5,一般挽留用户
U06152,泰国,付费广告,55.0,19,5483.68,2,5,5,重要保持用户
U04872,泰国,付费广告,12.0,20,5481.65,3,5,5,一般挽留用户
U04965,泰国,自然搜索,162.0,19,5481.17,2,5,5,重要保持用户
U05977,泰国,付费广告,8.0,20,5465.67,3,5,5,一般挽留用户
U00288,越南,自然搜索,16.0,21,5452.82,3,5,5,一般挽留用户
U03769,泰国,自然搜索,44.0,19,5447.98,3,5,5,一般挽留用户
U01580,泰国,付费广告,11.0,20,5431.74,3,5,5,一般挽留用户
U00718,泰国,内容营销,97.0,19,5416.88,2,5,5,重要保持用户
U06737,泰国,内容营销,24.0,19,5412.11,3,5,5,一般挽留用户
U02668,印尼,社交媒体,40.0,17,5410.6,3,5,5,一般挽留用户
U05677,泰国,内容营销,68.0,19,5403.97,2,5,5,重要保持用户
U06325,泰国,内容营销,45.0,18,5398.81,3,5,5,一般挽留用户
U07380,越南,内容营销,63.0,20,5388.22,2,5,5,重要保持用户
U03455,泰国,自然搜索,15.0,19,5383.71,3,5,5,一般挽留用户
U06033,泰国,自然搜索,13.0,19,5366.64,3,5,5,一般挽留用户
U03409,泰国,付费广告,118.0,19,5366.39,2,5,5,重要保持用户
U00335,泰国,付费广告,11.0,18,5319.68,3,5,5,一般挽留用户
U04771,越南,社交媒体,4.0,21,5314.67,3,5,5,一般挽留用户
U07417,泰国,付费广告,2.0,19,5312.53,3,5,5,一般挽留用户
U05922,泰国,自然搜索,21.0,18,5300.6,3,5,5,一般挽留用户
U01428,印尼,付费广告,3.0,16,5296.14,3,5,5,一般挽留用户
U02344,马来西亚,内容营销,3.0,20,5265.93,3,5,5,一般挽留用户
U03687,越南,社交媒体,75.0,19,5262.37,2,5,5,重要保持用户
U06572,泰国,付费广告,41.0,19,5256.23,3,5,5,一般挽留用户
U04066,泰国,付费广告,77.0,18,5253.63,2,5,5,重要保持用户
U05629,泰国,内容营销,7.0,18,5158.53,3,5,5,一般挽留用户
U05817,印尼,付费广告,13.0,15,5135.65,3,5,5,一般挽留用户
U04979,泰国,社交媒体,14.0,17,5117.11,3,5,5,一般挽留用户
U01673,菲律宾,自然搜索,3.0,17,5096.38,3,5,5,一般挽留用户
U01644,泰国,付费广告,31.0,18,5090.33,3,5,5,一般挽留用户
U07684,泰国,KOL推荐,45.0,18,5074.7,3,5,5,一般挽留用户
U04059,马来西亚,社交媒体,179.0,19,5057.11,1,5,5,重要保持用户
U06421,越南,付费广告,96.0,18,4996.19,2,5,5,重要保持用户
U06001,泰国,自然搜索,169.0,18,4995.26,2,5,5,重要保持用户
U02779,泰国,自然搜索,97.0,18,4980.34,2,5,5,重要保持用户
U06526,泰国,付费广告,14.0,17,4967.72,3,5,5,一般挽留用户
U00175,泰国,付费广告,22.0,17,4944.95,3,5,5,一般挽留用户
U05431,泰国,内容营销,28.0,17,4895.12,3,5,5,一般挽留用户
U00486,泰国,自然搜索,32.0,17,4887.51,3,5,5,一般挽留用户
U06084,泰国,自然搜索,4.0,17,4886.29,3,5,5,一般挽留用户
U03156,马来西亚,内容营销,89.0,18,4865.8,2,5,5,重要保持用户
U00744,泰国,付费广告,44.0,18,4855.69,3,5,5,一般挽留用户
U05788,马来西亚,社交媒体,63.0,19,4821.16,2,5,5,重要保持用户
U03378,泰国,自然搜索,5.0,16,4812.03,3,5,5,一般挽留用户
U04097,泰国,内容营销,28.0,17,4809.91,3,5,5,一般挽留用户
U05682,马来西亚,KOL推荐,11.0,19,4798.28,3,5,5,一般挽留用户
U04929,马来西亚,KOL推荐,11.0,19,4796.56,3,5,5,一般挽留用户
U01112,泰国,付费广告,6.0,16,4783.55,3,5,5,一般挽留用户
U00242,马来西亚,自然搜索,1.0,19,4767.31,3,5,5,一般挽留用户
U07726,泰国,付费广告,4.0,15,4764.86,3,5,5,一般挽留用户
U03814,越南,自然搜索,73.0,17,4760.78,2,5,5,重要保持用户
U03696,马来西亚,付费广告,49.0,19,4754.52,3,5,5,一般挽留用户
U02877,泰国,付费广告,1.0,17,4748.88,3,5,5,一般挽留用户
U02230,印尼,付费广告,74.0,15,4748.47,2,5,5,重要保持用户
U01725,泰国,内容营销,33.0,16,4743.51,3,5,5,一般挽留用户
U00806,马来西亚,付费广告,27.0,18,4736.5,3,5,5,一般挽留用户
U04894,越南,付费广告,51.0,17,4732.48,2,5,5,重要保持用户
U00693,泰国,自然搜索,56.0,16,4730.48,2,5,5,重要保持用户
U01820,泰国,社交媒体,59.0,16,4695.71,2,5,5,重要保持用户
U06473,马来西亚,内容营销,7.0,18,4687.36,3,5,5,一般挽留用户
U04775,菲律宾,付费广告,1.0,15,4671.43,3,5,5,一般挽留用户
U03789,马来西亚,社交媒体,66.0,19,4665.15,2,5,5,重要保持用户
U00215,泰国,付费广告,40.0,17,4650.28,3,5,5,一般挽留用户
U02243,马来西亚,付费广告,3.0,19,4631.16,3,5,5,一般挽留用户
U00202,泰国,内容营销,117.0,16,4611.34,2,5,5,重要保持用户
U06885,马来西亚,内容营销,7.0,18,4607.63,3,5,5,一般挽留用户
U04846,马来西亚,内容营销,14.0,18,4605.16,3,5,5,一般挽留用户
U06748,马来西亚,自然搜索,98.0,17,4604.23,2,5,5,重要保持用户
U04202,泰国,自然搜索,7.0,16,4592.39,3,5,5,一般挽留用户
U06214,菲律宾,付费广告,43.0,16,4591.81,3,5,5,一般挽留用户
U02095,菲律宾,付费广告,29.0,15,4575.48,3,5,5,一般挽留用户
U06133,泰国,付费广告,37.0,16,4569.6,3,5,5,一般挽留用户
U03087,泰国,社交媒体,21.0,16,4568.55,3,5,5,一般挽留用户
U07732,泰国,内容营销,39.0,17,4561.73,3,5,5,一般挽留用户
U04800,泰国,社交媒体,10.0,15,4553.71,3,5,5,一般挽留用户
U01988,越南,自然搜索,26.0,18,4536.77,3,5,5,一般挽留用户
U01746,泰国,KOL推荐,52.0,16,4532.03,2,5,5,重要保持用户
U02118,泰国,自然搜索,41.0,16,4528.37,3,5,5,一般挽留用户
U04084,泰国,自然搜索,41.0,16,4518.97,3,5,5,一般挽留用户
U00869,马来西亚,付费广告,19.0,18,4478.41,3,5,5,一般挽留用户
U05485,马来西亚,内容营销,4.0,18,4477.54,3,5,5,一般挽留用户
U02527,马来西亚,自然搜索,36.0,17,4376.1,3,5,5,一般挽留用户
U06503,泰国,付费广告,62.0,15,4366.58,2,5,5,重要保持用户
U05369,泰国,付费广告,29.0,15,4364.94,3,5,5,一般挽留用户
U01800,马来西亚,KOL推荐,3.0,16,4363.13,3,5,5,一般挽留用户
U06892,马来西亚,自然搜索,29.0,18,4342.68,3,5,5,一般挽留用户
U00068,泰国,付费广告,86.0,16,4325.21,2,5,5,重要保持用户
U01256,泰国,自然搜索,16.0,15,4296.2,3,5,5,一般挽留用户
U06417,马来西亚,社交媒体,47.0,17,4282.34,3,5,5,一般挽留用户
U04402,泰国,付费广告,1.0,15,4281.39,3,5,5,一般挽留用户
U03237,马来西亚,内容营销,17.0,17,4263.59,3,5,5,一般挽留用户
U01794,泰国,付费广告,15.0,14,4212.88,3,5,5,一般挽留用户
U04602,马来西亚,付费广告,2.0,16,4198.75,3,5,5,一般挽留用户
U00458,泰国,内容营销,25.0,15,4197.39,3,5,5,一般挽留用户
U00998,马来西亚,自然搜索,71.0,16,4186.69,2,5,5,重要保持用户
U03730,泰国,社交媒体,24.0,14,4158.24,3,5,5,一般挽留用户
U07572,泰国,内容营销,27.0,14,4154.18,3,5,5,一般挽留用户
U06402,泰国,自然搜索,26.0,14,4153.87,3,5,5,一般挽留用户
U07879,泰国,自然搜索,12.0,14,4144.02,3,5,5,一般挽留用户
U00014,泰国,社交媒体,21.0,15,4133.53,3,5,5,一般挽留用户
U00866,泰国,付费广告,14.0,13,4126.93,3,5,5,一般挽留用户
U00488,马来西亚,自然搜索,19.0,17,4103.02,3,5,5,一般挽留用户
U00587,泰国,KOL推荐,215.0,14,4102.1,1,5,5,重要保持用户
U01911,菲律宾,内容营销,3.0,16,4095.56,3,5,5,一般挽留用户
U07184,泰国,自然搜索,13.0,14,4059.52,3,5,5,一般挽留用户
U05941,泰国,付费广告,7.0,14,4059.32,3,5,5,一般挽留用户
U03656,越南,内容营销,3.0,15,4048.93,3,5,5,一般挽留用户
U00895,泰国,自然搜索,58.0,14,4045.18,2,5,5,重要保持用户
U00293,越南,自然搜索,5.0,15,4037.24,3,5,5,一般挽留用户
U00522,马来西亚,自然搜索,1.0,16,4025.2,3,5,5,一般挽留用户
U01773,马来西亚,付费广告,69.0,16,4015.25,2,5,5,重要保持用户
U04370,泰国,自然搜索,58.0,14,3988.68,2,5,5,重要保持用户
U00775,泰国,自然搜索,83.0,14,3980.91,2,5,5,重要保持用户
U05426,马来西亚,付费广告,12.0,16,3961.69,3,5,5,一般挽留用户
U00764,泰国,自然搜索,155.0,14,3947.34,2,5,5,重要保持用户
U06121,泰国,付费广告,7.0,14,3938.58,3,5,5,一般挽留用户
U04840,马来西亚,内容营销,64.0,16,3920.3,2,5,5,重要保持用户
U06826,泰国,付费广告,29.0,14,3918.66,3,5,5,一般挽留用户
U03637,泰国,社交媒体,267.0,13,3905.22,1,5,5,重要保持用户
U06519,泰国,付费广告,46.0,14,3901.64,3,5,5,一般挽留用户
U00810,马来西亚,自然搜索,30.0,14,3850.57,3,5,5,一般挽留用户
U06669,泰国,付费广告,11.0,13,3840.63,3,5,5,一般挽留用户
U02789,马来西亚,付费广告,6.0,15,3822.74,3,5,5,一般挽留用户
U01109,泰国,社交媒体,1.0,13,3818.23,3,5,5,一般挽留用户
U04673,泰国,自然搜索,15.0,14,3785.26,3,5,5,一般挽留用户
U02636,马来西亚,付费广告,25.0,16,3784.18,3,5,5,一般挽留用户
U05729,马来西亚,自然搜索,93.0,15,3775.4,2,5,5,重要保持用户
U03037,马来西亚,付费广告,44.0,15,3772.42,3,5,5,一般挽留用户
U07927,菲律宾,内容营销,2.0,15,3768.13,3,5,5,一般挽留用户
U05738,泰国,自然搜索,78.0,13,3751.43,2,5,5,重要保持用户
U07069,泰国,内容营销,54.0,13,3732.55,2,5,5,重要保持用户
U07880,泰国,自然搜索,11.0,13,3713.74,3,5,5,一般挽留用户
U04131,泰国,付费广告,11.0,12,3710.14,3,5,5,一般挽留用户
U07739,泰国,付费广告,68.0,13,3707.25,2,5,5,重要保持用户
U02894,泰国,社交媒体,34.0,13,3702.35,3,5,5,一般挽留用户
U05472,泰国,付费广告,15.0,12,3696.52,3,5,5,一般挽留用户
U04204,泰国,自然搜索,5.0,13,3680.1,3,5,5,一般挽留用户
U04534,印尼,自然搜索,26.0,20,3652.86,3,5,5,一般挽留用户
U00453,马来西亚,付费广告,5.0,14,3645.91,3,5,5,一般挽留用户
U05275,泰国,付费广告,30.0,13,3631.96,3,5,5,一般挽留用户
U07842,泰国,付费广告,6.0,12,3627.66,3,5,5,一般挽留用户
U03841,泰国,社交媒体,183.0,12,3625.45,1,5,5,重要保持用户
U01337,印尼,内容营销,17.0,20,3617.08,3,5,5,一般挽留用户
U07512,泰国,内容营销,2.0,13,3606.98,3,5,5,一般挽留用户
U03342,印尼,付费广告,44.0,20,3583.76,3,5,5,一般挽留用户
U01377,印尼,付费广告,72.0,20,3567.84,2,5,5,重要保持用户
U03137,印尼,内容营销,42.0,20,3560.7,3,5,5,一般挽留用户
U05905,印尼,付费广告,93.0,20,3557.59,2,5,5,重要保持用户
U05201,马来西亚,付费广告,22.0,15,3553.89,3,5,5,一般挽留用户
U05669,印尼,内容营销,25.0,19,3530.77,3,5,5,一般挽留用户
U06248,印尼,付费广告,6.0,20,3521.46,3,5,5,一般挽留用户
U07310,马来西亚,内容营销,42.0,15,3520.36,3,5,5,一般挽留用户
U07358,泰国,付费广告,70.0,12,3508.68,2,5,5,重要保持用户
U07366,印尼,内容营销,44.0,20,3506.96,3,5,5,一般挽留用户
U00311,泰国,付费广告,4.0,13,3505.87,3,5,5,一般挽留用户
U07558,印尼,内容营销,24.0,20,3504.75,3,5,5,一般挽留用户
U00112,马来西亚,内容营销,123.0,14,3503.91,2,5,5,重要保持用户
U05301,泰国,自然搜索,17.0,12,3497.13,3,5,5,一般挽留用户
U03352,马来西亚,付费广告,9.0,14,3485.21,3,5,5,一般挽留用户
U01167,印尼,自然搜索,50.0,20,3484.82,2,5,5,重要保持用户
U07440,印尼,内容营销,17.0,20,3483.31,3,5,5,一般挽留用户
U02795,印尼,付费广告,42.0,19,3479.99,3,5,5,一般挽留用户
U05624,泰国,付费广告,6.0,13,3472.8,3,5,5,一般挽留用户
U04314,马来西亚,社交媒体,67.0,14,3466.2,2,5,5,重要保持用户
U03155,印尼,付费广告,35.0,19,3442.36,3,5,5,一般挽留用户
U06708,印尼,付费广告,87.0,19,3435.18,2,5,5,重要保持用户
U03408,泰国,付费广告,51.0,12,3428.48,2,5,5,重要保持用户
U02782,马来西亚,内容营销,22.0,13,3415.44,3,5,5,一般挽留用户
U01466,马来西亚,内容营销,37.0,14,3412.22,3,5,5,一般挽留用户
U00978,印尼,社交媒体,78.0,20,3408.94,2,5,5,重要保持用户
U03670,泰国,付费广告,95.0,12,3401.37,2,5,5,重要保持用户
U07861,泰国,内容营销,19.0,11,3391.5,3,5,5,一般挽留用户
U01939,泰国,社交媒体,12.0,11,3376.81,3,5,5,一般挽留用户
U04658,泰国,付费广告,52.0,12,3376.04,2,5,5,重要保持用户
U07175,印尼,社交媒体,56.0,19,3371.28,2,5,5,重要保持用户
U04464,印尼,付费广告,16.0,20,3361.44,3,5,5,一般挽留用户
U00928,印尼,自然搜索,20.0,20,3356.99,3,5,5,一般挽留用户
U06312,印尼,社交媒体,9.0,19,3346.95,3,5,5,一般挽留用户
U07233,印尼,付费广告,58.0,20,3338.15,2,5,5,重要保持用户
U06167,马来西亚,内容营销,4.0,13,3333.08,3,5,5,一般挽留用户
U03382,泰国,社交媒体,184.0,11,3329.12,1,5,5,重要保持用户
U01521,马来西亚,社交媒体,6.0,13,3319.73,3,5,5,一般挽留用户
U01714,泰国,付费广告,9.0,11,3316.9,3,5,5,一般挽留用户
U04290,印尼,付费广告,50.0,19,3314.56,2,5,5,重要保持用户
U04791,马来西亚,自然搜索,18.0,14,3314.38,3,5,5,一般挽留用户
U02883,泰国,社交媒体,54.0,11,3311.77,2,5,5,重要保持用户
U02871,马来西亚,社交媒体,49.0,13,3311.19,3,5,5,一般挽留用户
U06712,印尼,社交媒体,2.0,19,3301.39,3,5,5,一般挽留用户
U01403,印尼,付费广告,45.0,19,3300.04,3,5,5,一般挽留用户
U07149,印尼,自然搜索,24.0,18,3291.61,3,5,5,一般挽留用户
U01583,印尼,自然搜索,110.0,20,3290.81,2,5,5,重要保持用户
U06200,印尼,付费广告,40.0,19,3287.78,3,5,5,一般挽留用户
U05498,印尼,付费广告,54.0,19,3287.4,2,5,5,重要保持用户
U02520,印尼,付费广告,33.0,19,3269.66,3,5,5,一般挽留用户
U02447,泰国,社交媒体,91.0,11,3268.83,2,5,5,重要保持用户
U05160,印尼,付费广告,6.0,19,3261.33,3,5,5,一般挽留用户
U06441,泰国,付费广告,106.0,11,3241.16,2,5,5,重要保持用户
U00927,印尼,自然搜索,56.0,18,3226.61,2,5,5,重要保持用户
U04764,印尼,KOL推荐,67.0,17,3222.39,2,5,5,重要保持用户
U06450,菲律宾,内容营销,48.0,20,3214.13,3,5,5,一般挽留用户
U03689,泰国,社交媒体,1.0,12,3210.26,3,5,5,一般挽留用户
U02747,泰国,内容营销,113.0,11,3199.87,2,5,5,重要保持用户
U00624,印尼,自然搜索,65.0,19,3189.85,2,5,5,重要保持用户
U07218,马来西亚,自然搜索,55.0,13,3186.36,2,5,5,重要保持用户
U04467,泰国,自然搜索,67.0,12,3186.02,2,5,5,重要保持用户
U05084,泰国,自然搜索,74.0,12,3176.26,2,5,5,重要保持用户
U00576,泰国,社交媒体,80.0,10,3168.31,2,5,5,重要保持用户
U00802,印尼,付费广告,18.0,19,3145.85,3,5,5,一般挽留用户
U01766,印尼,社交媒体,1.0,18,3145.76,3,5,5,一般挽留用户
U02821,泰国,自然搜索,58.0,11,3142.34,2,5,5,重要保持用户
U05808,印尼,付费广告,16.0,18,3141.29,3,5,5,一般挽留用户
U01818,印尼,付费广告,7.0,17,3137.51,3,5,5,一般挽留用户
U04273,印尼,社交媒体,5.0,18,3133.81,3,5,5,一般挽留用户
U07277,泰国,社交媒体,5.0,11,3132.12,3,5,5,一般挽留用户
U04627,印尼,内容营销,13.0,18,3129.17,3,5,5,一般挽留用户
U01183,马来西亚,社交媒体,21.0,13,3112.83,3,5,5,一般挽留用户
U07833,菲律宾,自然搜索,68.0,20,3108.14,2,5,5,重要保持用户
U07476,印尼,社交媒体,26.0,18,3105.27,3,5,5,一般挽留用户
U03024,泰国,付费广告,102.0,12,3098.73,2,5,5,重要保持用户
U03593,印尼,付费广告,34.0,18,3090.52,3,5,5,一般挽留用户
U06606,泰国,KOL推荐,216.0,11,3090.36,1,5,5,重要保持用户
U04308,菲律宾,自然搜索,36.0,20,3078.87,3,5,5,一般挽留用户
U02518,印尼,社交媒体,4.0,18,3077.67,3,5,5,一般挽留用户
U00588,泰国,付费广告,100.0,11,3077.61,2,5,5,重要保持用户
U07526,印尼,KOL推荐,56.0,18,3073.01,2,5,5,重要保持用户
U01046,泰国,付费广告,189.0,10,3071.4,1,5,5,重要保持用户
U01306,印尼,付费广告,15.0,19,3065.63,3,5,5,一般挽留用户
U02439,泰国,付费广告,81.0,10,3064.68,2,5,5,重要保持用户
U02301,印尼,KOL推荐,6.0,18,3061.38,3,5,5,一般挽留用户
U05604,泰国,自然搜索,187.0,10,3060.07,1,5,5,重要保持用户
U01905,泰国,付费广告,29.0,11,3059.26,3,5,5,一般挽留用户
U04928,印尼,社交媒体,67.0,18,3056.19,2,5,5,重要保持用户
U04446,泰国,付费广告,38.0,11,3054.53,3,5,5,一般挽留用户
U00673,印尼,自然搜索,43.0,17,3045.4,3,5,5,一般挽留用户
U06360,泰国,内容营销,5.0,10,3045.38,3,5,5,一般挽留用户
U07116,菲律宾,社交媒体,3.0,20,3041.12,3,5,5,一般挽留用户
U05702,印尼,社交媒体,38.0,18,3033.14,3,5,5,一般挽留用户
U04437,菲律宾,付费广告,6.0,19,3031.75,3,5,5,一般挽留用户
U00543,印尼,社交媒体,11.0,18,3020.53,3,5,5,一般挽留用户
U06147,印尼,付费广告,60.0,17,3012.33,2,5,5,重要保持用户
U02391,泰国,付费广告,97.0,11,3012.03,2,5,5,重要保持用户
U04482,印尼,自然搜索,21.0,18,3006.79,3,5,5,一般挽留用户
U00210,印尼,自然搜索,27.0,19,3003.48,3,5,5,一般挽留用户
U02167,泰国,付费广告,150.0,11,2995.6,2,5,5,重要保持用户
U00575,马来西亚,自然搜索,111.0,13,2985.95,2,5,5,重要保持用户
U00370,泰国,自然搜索,10.0,11,2983.95,3,5,5,一般挽留用户
U01398,印尼,付费广告,165.0,18,2982.35,2,5,5,重要保持用户
U03790,泰国,KOL推荐,7.0,10,2979.35,3,5,5,一般挽留用户
U02021,印尼,自然搜索,8.0,17,2967.16,3,5,5,一般挽留用户
U06902,泰国,自然搜索,97.0,10,2965.35,2,5,5,重要保持用户
U03583,菲律宾,社交媒体,56.0,19,2962.14,2,5,5,重要保持用户
U05568,菲律宾,内容营销,58.0,20,2960.56,2,5,5,重要保持用户
U06735,印尼,自然搜索,4.0,16,2954.26,3,5,5,一般挽留用户
U06386,印尼,KOL推荐,1.0,18,2948.93,3,5,5,一般挽留用户
U03952,马来西亚,自然搜索,2.0,11,2941.25,3,5,5,一般挽留用户
U02310,印尼,内容营销,127.0,17,2937.84,2,5,5,重要保持用户
U00153,印尼,内容营销,19.0,18,2936.41,3,5,5,一般挽留用户
U00237,泰国,KOL推荐,55.0,10,2929.05,2,5,5,重要保持用户
U05821,越南,自然搜索,76.0,20,2926.27,2,5,5,重要保持用户
U04364,泰国,社交媒体,56.0,10,2926.14,2,5,5,重要保持用户
U04875,印尼,付费广告,24.0,17,2915.73,3,5,5,一般挽留用户
U02247,菲律宾,KOL推荐,30.0,19,2914.53,3,5,5,一般挽留用户
U05113,印尼,付费广告,17.0,17,2912.22,3,5,5,一般挽留用户
U05637,菲律宾,付费广告,58.0,19,2911.78,2,5,5,重要保持用户
U01979,菲律宾,社交媒体,61.0,20,2910.6,2,5,5,重要保持用户
U06341,印尼,自然搜索,16.0,17,2907.49,3,5,5,一般挽留用户
U02613,印尼,付费广告,63.0,16,2906.21,2,5,5,重要保持用户
U06422,泰国,社交媒体,76.0,10,2905.72,2,5,5,重要保持用户
U00355,印尼,付费广告,5.0,17,2900.32,3,5,5,一般挽留用户
U05888,菲律宾,自然搜索,26.0,20,2890.87,3,5,5,一般挽留用户
U02112,泰国,社交媒体,12.0,10,2880.48,3,5,5,一般挽留用户
U01509,菲律宾,自然搜索,35.0,20,2879.23,3,5,5,一般挽留用户
U06466,印尼,付费广告,40.0,15,2876.03,3,5,5,一般挽留用户
U07571,印尼,社交媒体,27.0,17,2874.1,3,5,5,一般挽留用户
U07673,印尼,KOL推荐,67.0,16,2872.86,2,5,5,重要保持用户
U02139,菲律宾,社交媒体,120.0,18,2870.91,2,5,5,重要保持用户
U00273,马来西亚,社交媒体,95.0,11,2868.82,2,5,5,重要保持用户
U00027,印尼,自然搜索,72.0,16,2865.98,2,5,5,重要保持用户
U06618,印尼,KOL推荐,15.0,18,2865.76,3,5,5,一般挽留用户
U06274,印尼,自然搜索,3.0,17,2861.56,3,5,5,一般挽留用户
U00035,菲律宾,自然搜索,1.0,20,2852.02,3,5,5,一般挽留用户
U04780,泰国,社交媒体,32.0,10,2848.6,3,5,5,一般挽留用户
U02003,泰国,社交媒体,82.0,11,2846.6,2,5,5,重要保持用户
U04156,印尼,自然搜索,20.0,17,2842.91,3,5,5,一般挽留用户
U00398,菲律宾,内容营销,31.0,20,2831.95,3,5,5,一般挽留用户
U06272,泰国,自然搜索,33.0,10,2829.1,3,5,5,一般挽留用户
U05725,印尼,内容营销,32.0,17,2827.93,3,5,5,一般挽留用户
U07049,印尼,付费广告,14.0,16,2826.12,3,5,5,一般挽留用户
U07590,泰国,社交媒体,152.0,9,2823.84,2,5,5,重要保持用户
U03145,越南,社交媒体,20.0,20,2823.14,3,5,5,一般挽留用户
U05548,越南,内容营销,13.0,20,2822.57,3,5,5,一般挽留用户
U01017,印尼,KOL推荐,23.0,16,2821.19,3,5,5,一般挽留用户
U06614,泰国,付费广告,63.0,9,2819.39,2,5,5,重要保持用户
U05795,菲律宾,内容营销,56.0,19,2816.56,2,5,5,重要保持用户
U05002,菲律宾,内容营销,69.0,20,2814.06,2,5,5,重要保持用户
U06065,菲律宾,内容营销,85.0,20,2799.21,2,5,5,重要保持用户
U05735,印尼,自然搜索,71.0,16,2792.48,2,5,5,重要保持用户
U00260,印尼,自然搜索,10.0,16,2788.82,3,5,5,一般挽留用户
U03074,印尼,付费广告,18.0,15,2788.17,3,5,5,一般挽留用户
U02534,印尼,社交媒体,27.0,15,2786.05,3,5,5,一般挽留用户
U06695,印尼,付费广告,15.0,16,2785.36,3,5,5,一般挽留用户
U04321,马来西亚,内容营销,59.0,11,2783.97,2,5,5,重要保持用户
U01934,印尼,付费广告,2.0,16,2782.12,3,5,5,一般挽留用户
U00365,越南,KOL推荐,21.0,19,2778.07,3,5,5,一般挽留用户
U00531,马来西亚,自然搜索,46.0,12,2777.92,3,5,5,一般挽留用户
U02467,泰国,付费广告,130.0,10,2776.87,2,5,5,重要保持用户
U06756,菲律宾,付费广告,14.0,19,2772.56,3,5,5,一般挽留用户
U02514,印尼,社交媒体,30.0,16,2770.67,3,5,5,一般挽留用户
U04739,印尼,社交媒体,27.0,16,2769.1,3,5,5,一般挽留用户
U06048,菲律宾,内容营销,49.0,18,2766.91,3,5,5,一般挽留用户
U02621,菲律宾,付费广告,32.0,19,2763.83,3,5,5,一般挽留用户
U00084,越南,社交媒体,38.0,20,2752.76,3,5,5,一般挽留用户
U06305,越南,社交媒体,26.0,19,2742.33,3,5,5,一般挽留用户
U05995,印尼,付费广告,7.0,16,2740.67,3,5,5,一般挽留用户
U05840,越南,自然搜索,25.0,20,2739.51,3,5,5,一般挽留用户
U01278,泰国,自然搜索,7.0,10,2739.08,3,5,5,一般挽留用户
U01837,越南,自然搜索,1.0,19,2739.06,3,5,5,一般挽留用户
U07507,越南,付费广告,40.0,19,2738.48,3,5,5,一般挽留用户
U01380,泰国,自然搜索,7.0,9,2730.31,3,5,5,一般挽留用户
U06244,菲律宾,KOL推荐,104.0,18,2729.16,2,5,5,重要保持用户
U04547,印尼,社交媒体,25.0,16,2727.44,3,5,5,一般挽留用户
U03582,越南,内容营销,20.0,19,2718.56,3,5,5,一般挽留用户
U07542,印尼,自然搜索,34.0,16,2713.78,3,5,5,一般挽留用户
U06446,马来西亚,内容营销,180.0,11,2703.54,1,5,5,重要保持用户
U05445,泰国,内容营销,33.0,9,2703.32,3,5,5,一般挽留用户
U03541,菲律宾,自然搜索,92.0,18,2703.1,2,5,5,重要保持用户
U03817,菲律宾,自然搜索,54.0,17,2692.57,2,5,5,重要保持用户
U07901,泰国,自然搜索,45.0,9,2685.39,3,5,5,一般挽留用户
U01530,越南,自然搜索,15.0,19,2683.49,3,5,5,一般挽留用户
U05289,印尼,自然搜索,116.0,16,2681.08,2,5,5,重要保持用户
U03804,越南,内容营销,74.0,19,2679.97,2,5,5,重要保持用户
U05360,印尼,付费广告,95.0,15,2674.74,2,5,5,重要保持用户
U01328,印尼,付费广告,50.0,15,2670.0,2,5,5,重要保持用户
U07010,越南,自然搜索,54.0,19,2669.32,2,5,5,重要保持用户
U07912,印尼,KOL推荐,47.0,15,2659.95,3,5,5,一般挽留用户
U07037,越南,付费广告,59.0,20,2658.08,2,5,5,重要保持用户
U03761,印尼,自然搜索,37.0,15,2654.19,3,5,5,一般挽留用户
U02288,印尼,社交媒体,12.0,15,2653.36,3,5,5,一般挽留用户
U04495,印尼,内容营销,28.0,15,2648.29,3,5,5,一般挽留用户
U01394,越南,付费广告,44.0,20,2641.51,3,5,5,一般挽留用户
U00462,印尼,付费广告,21.0,15,2641.13,3,5,5,一般挽留用户
U07410,越南,社交媒体,19.0,19,2640.07,3,5,5,一般挽留用户
U04882,菲律宾,社交媒体,37.0,17,2626.69,3,5,5,一般挽留用户
U02551,泰国,付费广告,63.0,8,2622.64,2,5,5,重要保持用户
U02704,菲律宾,自然搜索,54.0,17,2612.04,2,5,5,重要保持用户
U01907,越南,自然搜索,3.0,19,2601.36,3,5,5,一般挽留用户
U02173,菲律宾,自然搜索,25.0,17,2599.07,3,5,5,一般挽留用户
U07064,泰国,自然搜索,151.0,9,2596.43,2,5,5,重要保持用户
U03750,菲律宾,付费广告,9.0,17,2595.55,3,5,5,一般挽留用户
U06005,马来西亚,内容营销,18.0,11,2595.28,3,5,5,一般挽留用户
U03198,泰国,付费广告,110.0,9,2594.13,2,5,5,重要保持用户
U07550,马来西亚,付费广告,11.0,10,2585.23,3,5,5,一般挽留用户
U06314,越南,KOL推荐,45.0,19,2578.08,3,5,5,一般挽留用户
U03070,印尼,付费广告,58.0,15,2574.93,2,5,5,重要保持用户
U06344,越南,内容营销,28.0,18,2572.16,3,5,5,一般挽留用户
U01810,印尼,自然搜索,32.0,16,2568.52,3,5,5,一般挽留用户
U03700,印尼,自然搜索,10.0,15,2559.58,3,5,5,一般挽留用户
U04989,菲律宾,自然搜索,13.0,18,2553.01,3,5,5,一般挽留用户
U00222,泰国,自然搜索,53.0,9,2549.94,2,5,5,重要保持用户
U02445,越南,社交媒体,37.0,18,2547.9,3,5,5,一般挽留用户
U06089,泰国,付费广告,122.0,8,2542.1,2,5,5,重要保持用户
U05139,马来西亚,自然搜索,167.0,11,2534.95,2,5,5,重要保持用户
U01395,菲律宾,自然搜索,49.0,18,2530.33,3,5,5,一般挽留用户
U06776,印尼,付费广告,39.0,14,2524.97,3,5,5,一般挽留用户
U00064,越南,内容营销,32.0,18,2524.64,3,5,5,一般挽留用户
U02267,印尼,付费广告,3.0,15,2522.25,3,5,5,一般挽留用户
U03855,泰国,自然搜索,191.0,8,2516.05,1,5,5,重要保持用户
U00396,菲律宾,社交媒体,31.0,17,2515.43,3,5,5,一般挽留用户
U05267,越南,社交媒体,1.0,18,2511.53,3,5,5,一般挽留用户
U00653,印尼,社交媒体,42.0,15,2510.49,3,5,5,一般挽留用户
U00120,菲律宾,付费广告,132.0,18,2493.95,2,5,5,重要保持用户
U05926,菲律宾,自然搜索,15.0,16,2493.95,3,5,5,一般挽留用户
U02258,越南,内容营销,3.0,18,2492.64,3,5,5,一般挽留用户
U06243,印尼,付费广告,6.0,15,2491.78,3,5,5,一般挽留用户
U02699,菲律宾,付费广告,29.0,16,2490.21,3,5,5,一般挽留用户
U00249,菲律宾,KOL推荐,4.0,17,2487.41,3,5,5,一般挽留用户
U02318,越南,社交媒体,45.0,17,2482.72,3,5,5,一般挽留用户
U05910,越南,KOL推荐,18.0,18,2479.16,3,5,5,一般挽留用户
U01647,菲律宾,付费广告,50.0,18,2471.01,2,5,5,重要保持用户
U06204,泰国,KOL推荐,2.0,9,2464.33,3,5,5,一般挽留用户
U04219,越南,付费广告,15.0,19,2457.56,3,5,5,一般挽留用户
U01072,泰国,付费广告,6.0,8,2453.29,3,5,5,一般挽留用户
U06864,印尼,社交媒体,181.0,13,2452.39,1,5,5,重要保持用户
U03046,越南,自然搜索,30.0,19,2448.34,3,5,5,一般挽留用户
U04284,印尼,付费广告,37.0,14,2446.64,3,5,5,一般挽留用户
U01759,印尼,社交媒体,6.0,15,2429.21,3,5,5,一般挽留用户
U07374,泰国,自然搜索,108.0,8,2428.19,2,5,5,重要保持用户
U00024,越南,自然搜索,34.0,17,2427.68,3,5,5,一般挽留用户
U03568,菲律宾,自然搜索,32.0,16,2427.38,3,5,5,一般挽留用户
U05098,越南,付费广告,258.0,17,2426.44,1,5,5,重要保持用户
U04451,印尼,KOL推荐,16.0,15,2425.73,3,5,5,一般挽留用户
U04850,马来西亚,自然搜索,127.0,10,2423.39,2,5,5,重要保持用户
U06289,越南,自然搜索,72.0,18,2421.29,2,5,5,重要保持用户
U02963,马来西亚,付费广告,20.0,9,2417.55,3,5,5,一般挽留用户
U07084,印尼,自然搜索,10.0,14,2416.11,3,5,5,一般挽留用户
U01917,印尼,自然搜索,110.0,14,2414.99,2,5,5,重要保持用户
U05101,印尼,付费广告,8.0,14,2406.4,3,5,5,一般挽留用户
U01029,菲律宾,付费广告,23.0,17,2405.75,3,5,5,一般挽留用户
U06225,印尼,付费广告,22.0,14,2405.67,3,5,5,一般挽留用户
U03524,泰国,社交媒体,17.0,8,2397.65,3,5,5,一般挽留用户
U07778,菲律宾,自然搜索,96.0,17,2397.04,2,5,5,重要保持用户
U01486,越南,自然搜索,50.0,18,2394.51,2,5,5,重要保持用户
U06393,印尼,社交媒体,41.0,13,2382.49,3,5,5,一般挽留用户
U03465,印尼,自然搜索,56.0,14,2381.35,2,5,5,重要保持用户
U01084,马来西亚,付费广告,61.0,9,2379.92,2,5,5,重要保持用户
U07372,泰国,社交媒体,36.0,9,2379.85,3,5,5,一般挽留用户
U02927,马来西亚,付费广告,9.0,10,2377.8,3,5,5,一般挽留用户
U03208,越南,自然搜索,33.0,18,2376.53,3,5,5,一般挽留用户
U05766,越南,自然搜索,131.0,17,2375.59,2,5,5,重要保持用户
U02697,越南,付费广告,48.0,18,2369.95,3,5,5,一般挽留用户
U01998,泰国,付费广告,37.0,8,2367.63,3,5,5,一般挽留用户
U06982,马来西亚,内容营销,22.0,9,2366.4,3,5,5,一般挽留用户
U06080,越南,自然搜索,8.0,17,2364.91,3,5,5,一般挽留用户
U03183,泰国,社交媒体,88.0,8,2359.76,2,5,5,重要保持用户
U05386,越南,社交媒体,11.0,16,2340.26,3,5,5,一般挽留用户
U06848,印尼,社交媒体,38.0,14,2333.84,3,5,5,一般挽留用户
U04848,菲律宾,自然搜索,68.0,16,2333.79,2,5,5,重要保持用户
U05194,泰国,社交媒体,65.0,8,2333.2,2,5,5,重要保持用户
U03075,菲律宾,付费广告,13.0,17,2325.83,3,5,5,一般挽留用户
U02148,印尼,内容营销,78.0,14,2317.5,2,5,5,重要保持用户
U02381,菲律宾,社交媒体,17.0,17,2313.33,3,5,5,一般挽留用户
U00322,印尼,自然搜索,19.0,14,2313.32,3,5,5,一般挽留用户
U04705,越南,内容营销,35.0,16,2313.08,3,5,5,一般挽留用户
U07966,越南,付费广告,54.0,17,2312.22,2,5,5,重要保持用户
U03148,菲律宾,内容营销,77.0,15,2307.7,2,5,5,重要保持用户
U02929,越南,内容营销,41.0,18,2306.04,3,5,5,一般挽留用户
U02146,越南,KOL推荐,14.0,17,2305.88,3,5,5,一般挽留用户
U03792,印尼,内容营销,16.0,13,2304.39,3,5,5,一般挽留用户
U07493,印尼,付费广告,159.0,14,2290.03,2,5,5,重要保持用户
U07083,印尼,自然搜索,43.0,13,2287.22,3,5,5,一般挽留用户
U06972,泰国,自然搜索,12.0,8,2287.13,3,5,5,一般挽留用户
U03758,越南,内容营销,49.0,16,2284.36,3,5,5,一般挽留用户
U00443,越南,付费广告,176.0,16,2276.01,1,5,5,重要保持用户
U07055,泰国,社交媒体,14.0,8,2262.42,3,5,5,一般挽留用户
U05317,马来西亚,付费广告,54.0,9,2258.65,2,5,5,重要保持用户
U06659,越南,内容营销,7.0,16,2256.77,3,5,5,一般挽留用户
U07883,菲律宾,自然搜索,3.0,15,2251.03,3,5,5,一般挽留用户
U02282,印尼,内容营销,6.0,13,2242.31,3,5,5,一般挽留用户
U04609,越南,内容营销,150.0,17,2241.48,2,5,5,重要保持用户
U05978,印尼,自然搜索,32.0,13,2239.49,3,5,5,一般挽留用户
U02265,印尼,自然搜索,41.0,13,2239.24,3,5,5,一般挽留用户
U02658,泰国,付费广告,86.0,8,2238.61,2,5,5,重要保持用户
U06556,越南,付费广告,8.0,17,2233.54,3,5,5,一般挽留用户
U05302,菲律宾,付费广告,55.0,16,2223.21,2,5,5,重要保持用户
U02565,越南,社交媒体,41.0,15,2220.94,3,5,5,一般挽留用户
U01755,菲律宾,付费广告,6.0,15,2218.84,3,5,5,一般挽留用户
U07067,印尼,社交媒体,107.0,14,2218.53,2,5,5,重要保持用户
U04422,印尼,自然搜索,34.0,13,2212.9,3,5,5,一般挽留用户
U03903,越南,付费广告,39.0,16,2201.09,3,5,5,一般挽留用户
U03380,越南,付费广告,115.0,16,2198.32,2,5,5,重要保持用户
U01972,越南,内容营销,11.0,17,2197.37,3,5,5,一般挽留用户
U00350,印尼,KOL推荐,2.0,13,2195.95,3,5,5,一般挽留用户
U06666,越南,自然搜索,9.0,16,2191.7,3,5,5,一般挽留用户
U00949,印尼,社交媒体,119.0,13,2191.63,2,5,5,重要保持用户
U00527,越南,KOL推荐,30.0,16,2189.99,3,5,5,一般挽留用户
U04940,越南,付费广告,135.0,16,2187.24,2,5,5,重要保持用户
U01601,越南,KOL推荐,9.0,15,2185.79,3,5,5,一般挽留用户
U07333,印尼,社交媒体,6.0,12,2184.76,3,5,5,一般挽留用户
U04327,马来西亚,自然搜索,31.0,8,2176.71,3,5,5,一般挽留用户
U05839,印尼,社交媒体,32.0,13,2164.29,3,5,5,一般挽留用户
U03173,泰国,社交媒体,6.0,10,2160.47,3,5,5,一般挽留用户
U03272,印尼,社交媒体,8.0,13,2153.77,3,5,5,一般挽留用户
U06866,越南,社交媒体,14.0,16,2153.1,3,5,5,一般挽留用户
U03467,印尼,社交媒体,5.0,13,2148.19,3,5,5,一般挽留用户
U02093,印尼,KOL推荐,83.0,12,2140.3,2,5,5,重要保持用户
U05347,越南,自然搜索,27.0,15,2137.09,3,5,5,一般挽留用户
U05176,菲律宾,KOL推荐,12.0,14,2131.5,3,5,5,一般挽留用户
U06983,菲律宾,付费广告,50.0,15,2127.42,2,5,5,重要保持用户
U07385,越南,社交媒体,67.0,14,2114.06,2,5,5,重要保持用户
U00992,越南,付费广告,29.0,15,2106.81,3,5,5,一般挽留用户
U07856,越南,内容营销,7.0,17,2103.67,3,5,5,一般挽留用户
U06306,越南,自然搜索,6.0,16,2094.09,3,5,5,一般挽留用户
U01473,越南,自然搜索,12.0,15,2086.82,3,5,5,一般挽留用户
U05956,越南,自然搜索,82.0,16,2086.32,2,5,5,重要保持用户
U07254,越南,社交媒体,21.0,17,2085.07,3,5,5,一般挽留用户
U00525,越南,自然搜索,107.0,16,2084.98,2,5,5,重要保持用户
U02570,越南,社交媒体,67.0,15,2084.58,2,5,5,重要保持用户
U03729,印尼,自然搜索,1.0,12,2081.63,3,5,5,一般挽留用户
U04268,菲律宾,社交媒体,108.0,14,2080.7,2,5,5,重要保持用户
U07802,马来西亚,社交媒体,144.0,8,2079.65,2,5,5,重要保持用户
U01699,印尼,KOL推荐,13.0,12,2077.21,3,5,5,一般挽留用户
U07671,印尼,社交媒体,89.0,13,2075.8,2,5,5,重要保持用户
U07041,越南,自然搜索,42.0,15,2073.07,3,5,5,一般挽留用户
U03895,菲律宾,付费广告,32.0,14,2072.93,3,5,5,一般挽留用户
U05601,越南,自然搜索,41.0,14,2066.34,3,5,5,一般挽留用户
U01064,越南,付费广告,37.0,16,2066.03,3,5,5,一般挽留用户
U02277,印尼,KOL推荐,116.0,13,2065.67,2,5,5,重要保持用户
U06097,菲律宾,内容营销,34.0,13,2064.56,3,5,5,一般挽留用户
U01322,菲律宾,社交媒体,195.0,13,2060.43,1,5,5,重要保持用户
U05440,越南,付费广告,116.0,14,2053.14,2,5,5,重要保持用户
U05584,越南,付费广告,88.0,13,2037.8,2,5,5,重要保持用户
U03969,越南,KOL推荐,3.0,15,2035.87,3,5,5,一般挽留用户
U01336,泰国,社交媒体,20.0,10,2032.23,3,5,5,一般挽留用户
U03691,印尼,社交媒体,14.0,11,2018.79,3,5,5,一般挽留用户
U04064,菲律宾,内容营销,14.0,13,2014.26,3,5,5,一般挽留用户
U05790,越南,付费广告,26.0,14,2013.36,3,5,5,一般挽留用户
U02289,泰国,自然搜索,4.0,10,2012.21,3,5,5,一般挽留用户
U03658,印尼,付费广告,77.0,12,1998.42,2,5,5,重要保持用户
U03726,泰国,自然搜索,167.0,10,1994.77,2,5,5,重要保持用户
U03498,泰国,付费广告,2.0,10,1990.65,3,5,5,一般挽留用户
U00341,印尼,社交媒体,13.0,11,1984.56,3,5,5,一般挽留用户
U04309,菲律宾,社交媒体,113.0,14,1981.53,2,5,5,重要保持用户
U03517,越南,自然搜索,17.0,15,1974.52,3,5,5,一般挽留用户
U07211,泰国,付费广告,54.0,10,1972.3,2,5,5,重要保持用户
U06383,泰国,自然搜索,53.0,10,1969.2,2,5,5,重要保持用户
U06337,泰国,内容营销,172.0,10,1968.04,2,5,5,重要保持用户
U04465,越南,自然搜索,52.0,14,1961.17,2,5,5,重要保持用户
U07670,菲律宾,社交媒体,20.0,14,1960.86,3,5,5,一般挽留用户
U02648,越南,内容营销,28.0,14,1954.55,3,5,5,一般挽留用户
U03676,泰国,付费广告,64.0,10,1946.36,2,5,5,重要保持用户
U07774,越南,内容营销,51.0,15,1943.15,2,5,5,重要保持用户
U02151,泰国,自然搜索,47.0,10,1942.41,3,5,5,一般挽留用户
U03043,越南,社交媒体,7.0,14,1938.97,3,5,5,一般挽留用户
U05266,越南,自然搜索,74.0,15,1936.96,2,5,5,重要保持用户
U02127,泰国,KOL推荐,11.0,9,1935.28,3,5,5,一般挽留用户
U06863,泰国,社交媒体,25.0,10,1929.94,3,5,5,一般挽留用户
U03883,泰国,自然搜索,67.0,10,1927.69,2,5,5,重要保持用户
U06571,泰国,内容营销,109.0,9,1926.35,2,5,5,重要保持用户
U00636,印尼,KOL推荐,109.0,11,1925.58,2,5,5,重要保持用户
U01957,越南,KOL推荐,57.0,14,1925.04,2,5,5,重要保持用户
U07026,泰国,付费广告,235.0,9,1924.15,1,5,5,重要保持用户
U04085,泰国,付费广告,12.0,9,1923.91,3,5,5,一般挽留用户
U04856,泰国,KOL推荐,5.0,10,1922.7,3,5,5,一般挽留用户
U03130,菲律宾,KOL推荐,31.0,13,1919.17,3,5,5,一般挽留用户
U02623,马来西亚,内容营销,44.0,8,1917.15,3,5,5,一般挽留用户
U06282,菲律宾,社交媒体,138.0,13,1915.38,2,5,5,重要保持用户
U06025,越南,付费广告,47.0,14,1912.36,3,5,5,一般挽留用户
U06749,越南,内容营销,106.0,14,1911.89,2,5,5,重要保持用户
U06390,泰国,自然搜索,23.0,10,1910.94,3,5,5,一般挽留用户
U03595,印尼,KOL推荐,29.0,12,1910.52,3,5,5,一般挽留用户
U01873,菲律宾,自然搜索,5.0,13,1901.98,3,5,5,一般挽留用户
U01868,泰国,内容营销,50.0,10,1898.88,2,5,5,重要保持用户
U01175,印尼,自然搜索,85.0,12,1898.51,2,5,5,重要保持用户
U05836,菲律宾,内容营销,130.0,12,1895.79,2,5,5,重要保持用户
U06676,印尼,自然搜索,1.0,10,1894.84,3,5,5,一般挽留用户
U02703,泰国,内容营销,7.0,10,1893.69,3,5,5,一般挽留用户
U03100,泰国,付费广告,114.0,10,1891.73,2,5,5,重要保持用户
U04950,越南,付费广告,25.0,14,1891.15,3,5,5,一般挽留用户
U04466,泰国,自然搜索,28.0,9,1887.93,3,5,5,一般挽留用户
U04074,印尼,付费广告,31.0,11,1886.97,3,5,5,一般挽留用户
U04439,泰国,自然搜索,200.0,10,1873.8,1,5,5,重要保持用户
U05336,越南,内容营销,67.0,14,1871.68,2,5,5,重要保持用户
U07441,泰国,自然搜索,54.0,10,1870.6,2,5,5,重要保持用户
U03354,泰国,KOL推荐,220.0,10,1870.01,1,5,5,重要保持用户
U01378,越南,内容营销,76.0,13,1869.76,2,5,5,重要保持用户
U03495,泰国,付费广告,112.0,10,1868.71,2,5,5,重要保持用户
U03435,越南,付费广告,3.0,14,1867.22,3,5,5,一般挽留用户
U04100,印尼,付费广告,177.0,10,1859.24,1,5,5,重要保持用户
U02387,印尼,内容营销,27.0,10,1856.6,3,5,5,一般挽留用户
U04081,泰国,社交媒体,76.0,10,1854.06,2,5,5,重要保持用户
U07644,泰国,自然搜索,20.0,9,1851.09,3,5,5,一般挽留用户
U03675,越南,自然搜索,7.0,14,1850.25,3,5,5,一般挽留用户
U03232,泰国,自然搜索,103.0,10,1848.7,2,5,5,重要保持用户
U04675,菲律宾,KOL推荐,13.0,13,1848.36,3,5,5,一般挽留用户
U07871,泰国,自然搜索,160.0,10,1847.89,2,5,5,重要保持用户
U02001,泰国,付费广告,38.0,10,1844.84,3,5,5,一般挽留用户
U06949,泰国,付费广告,269.0,10,1844.13,1,5,5,重要保持用户
U01267,印尼,付费广告,26.0,11,1841.6,3,5,5,一般挽留用户
U03960,印尼,内容营销,2.0,10,1841.27,3,5,5,一般挽留用户
U00523,菲律宾,付费广告,53.0,13,1840.34,2,5,5,重要保持用户
U01387,泰国,付费广告,171.0,9,1839.14,2,5,5,重要保持用户
U03400,泰国,自然搜索,104.0,10,1833.96,2,5,5,重要保持用户
U00467,菲律宾,付费广告,73.0,12,1833.74,2,5,5,重要保持用户
U02554,泰国,社交媒体,73.0,9,1832.05,2,5,5,重要保持用户
U02951,印尼,KOL推荐,44.0,11,1830.14,3,5,5,一般挽留用户
U00405,菲律宾,自然搜索,4.0,12,1823.93,3,5,5,一般挽留用户
U05419,越南,KOL推荐,14.0,13,1821.7,3,5,5,一般挽留用户
U03973,印尼,社交媒体,34.0,11,1817.24,3,5,5,一般挽留用户
U00573,印尼,付费广告,50.0,11,1807.67,2,5,5,重要保持用户
U04034,泰国,内容营销,21.0,10,1807.04,3,5,5,一般挽留用户
U02579,印尼,KOL推荐,25.0,11,1806.76,3,5,5,一般挽留用户
U07146,菲律宾,社交媒体,40.0,11,1803.18,3,5,5,一般挽留用户
U05159,泰国,自然搜索,15.0,9,1799.93,3,5,5,一般挽留用户
U05686,印尼,社交媒体,6.0,10,1799.9,3,5,5,一般挽留用户
U03216,泰国,付费广告,58.0,9,1796.88,2,5,5,重要保持用户
U05815,泰国,付费广告,12.0,10,1794.08,3,5,5,一般挽留用户
U00354,泰国,自然搜索,219.0,10,1792.65,1,5,5,重要保持用户
U01464,马来西亚,KOL推荐,130.0,10,1792.47,2,5,5,重要保持用户
U02468,印尼,KOL推荐,151.0,11,1791.24,2,5,5,重要保持用户
U02171,泰国,自然搜索,173.0,10,1787.88,2,5,5,重要保持用户
U01034,泰国,付费广告,111.0,9,1787.52,2,5,5,重要保持用户
U06559,马来西亚,自然搜索,213.0,10,1787.42,1,5,5,重要保持用户
U05673,越南,付费广告,57.0,13,1785.92,2,5,5,重要保持用户
U07477,泰国,付费广告,138.0,10,1782.85,2,5,5,重要保持用户
U07002,菲律宾,社交媒体,13.0,12,1780.18,3,5,5,一般挽留用户
U01292,印尼,付费广告,171.0,10,1779.34,2,5,5,重要保持用户
U05551,越南,付费广告,5.0,13,1776.5,3,5,5,一般挽留用户
U04078,菲律宾,自然搜索,4.0,11,1775.76,3,5,5,一般挽留用户
U06916,越南,KOL推荐,68.0,12,1774.63,2,5,5,重要保持用户
U07318,越南,KOL推荐,65.0,13,1773.11,2,5,5,重要保持用户
U01913,越南,社交媒体,37.0,13,1772.35,3,5,5,一般挽留用户
U06256,印尼,付费广告,154.0,10,1771.74,2,5,5,重要保持用户
U04079,泰国,KOL推荐,77.0,9,1771.41,2,5,5,重要保持用户
U03712,印尼,社交媒体,47.0,11,1769.67,3,5,5,一般挽留用户
U06935,印尼,内容营销,84.0,10,1767.76,2,5,5,重要保持用户
U06399,菲律宾,自然搜索,37.0,13,1766.51,3,5,5,一般挽留用户
U06532,马来西亚,自然搜索,109.0,10,1766.3,2,5,5,重要保持用户
U07679,泰国,付费广告,22.0,10,1765.56,3,5,5,一般挽留用户
U01462,泰国,社交媒体,4.0,10,1765.21,3,5,5,一般挽留用户
U02918,越南,社交媒体,31.0,13,1764.75,3,5,5,一般挽留用户
U00212,印尼,自然搜索,35.0,10,1764.3,3,5,5,一般挽留用户
U07678,泰国,内容营销,48.0,9,1761.28,3,5,5,一般挽留用户
U04483,印尼,自然搜索,81.0,10,1760.98,2,5,5,重要保持用户
U05165,马来西亚,自然搜索,30.0,10,1754.08,3,5,5,一般挽留用户
U02761,泰国,付费广告,1.0,9,1750.1,3,5,5,一般挽留用户
U05750,泰国,自然搜索,37.0,9,1748.08,3,5,5,一般挽留用户
U07179,印尼,自然搜索,30.0,10,1746.81,3,5,5,一般挽留用户
U03280,越南,付费广告,22.0,13,1745.96,3,5,5,一般挽留用户
U07414,印尼,社交媒体,11.0,9,1742.87,3,5,5,一般挽留用户
U06610,菲律宾,付费广告,23.0,12,1740.54,3,5,5,一般挽留用户
U07962,泰国,社交媒体,63.0,8,1739.37,2,5,5,重要保持用户
U07115,马来西亚,KOL推荐,79.0,10,1735.78,2,5,5,重要保持用户
U06216,泰国,自然搜索,48.0,9,1734.05,3,5,5,一般挽留用户
U06520,泰国,KOL推荐,44.0,9,1725.91,3,5,5,一般挽留用户
U06361,越南,KOL推荐,4.0,12,1725.5,3,5,5,一般挽留用户
U06076,越南,社交媒体,56.0,14,1724.89,2,5,5,重要保持用户
U05479,越南,内容营销,79.0,14,1719.83,2,5,5,重要保持用户
U03550,菲律宾,自然搜索,8.0,11,1716.73,3,5,5,一般挽留用户
U03336,马来西亚,付费广告,95.0,10,1714.87,2,5,5,重要保持用户
U06367,泰国,KOL推荐,253.0,9,1713.74,1,5,5,重要保持用户
U05961,马来西亚,社交媒体,37.0,10,1712.09,3,5,5,一般挽留用户
U01781,马来西亚,付费广告,17.0,10,1711.35,3,5,5,一般挽留用户
U06967,越南,付费广告,124.0,13,1710.19,2,5,5,重要保持用户
U07508,印尼,付费广告,32.0,10,1706.17,3,5,5,一般挽留用户
U05874,越南,付费广告,117.0,12,1704.45,2,5,5,重要保持用户
U05287,泰国,付费广告,64.0,9,1700.74,2,5,5,重要保持用户
U01869,印尼,自然搜索,60.0,10,1700.62,2,5,5,重要保持用户
U00109,泰国,KOL推荐,3.0,9,1698.36,3,5,5,一般挽留用户
U00459,泰国,付费广告,33.0,9,1698.03,3,5,5,一般挽留用户
U01212,泰国,自然搜索,1.0,9,1694.83,3,5,5,一般挽留用户
U01435,泰国,付费广告,26.0,9,1692.9,3,5,5,一般挽留用户
U03189,菲律宾,社交媒体,120.0,11,1692.01,2,5,5,重要保持用户
U02457,印尼,付费广告,51.0,10,1688.85,2,5,5,重要保持用户
U06702,越南,付费广告,1.0,12,1685.73,3,5,5,一般挽留用户
U02827,泰国,内容营销,11.0,9,1684.63,3,5,5,一般挽留用户
U07426,泰国,社交媒体,45.0,9,1682.54,3,5,5,一般挽留用户
U03347,泰国,自然搜索,16.0,10,1681.7,3,5,5,一般挽留用户
U04721,泰国,自然搜索,46.0,9,1680.91,3,5,5,一般挽留用户
U04745,泰国,自然搜索,15.0,9,1679.02,3,5,5,一般挽留用户
U02515,马来西亚,付费广告,48.0,10,1678.25,3,5,5,一般挽留用户
U01552,菲律宾,社交媒体,20.0,11,1678.04,3,5,5,一般挽留用户
U07733,菲律宾,付费广告,19.0,12,1677.91,3,5,5,一般挽留用户
U01180,马来西亚,付费广告,147.0,10,1673.89,2,5,5,重要保持用户
U06804,越南,自然搜索,58.0,12,1673.07,2,5,5,重要保持用户
U02935,泰国,自然搜索,85.0,9,1673.03,2,5,5,重要保持用户
U00617,越南,自然搜索,272.0,13,1672.44,1,5,5,重要保持用户
U07519,泰国,社交媒体,58.0,9,1670.47,2,5,5,重要保持用户
U04966,马来西亚,付费广告,13.0,10,1669.45,3,5,5,一般挽留用户
U02908,越南,KOL推荐,3.0,12,1668.44,3,5,5,一般挽留用户
U06355,马来西亚,付费广告,141.0,10,1667.83,2,5,5,重要保持用户
U04346,菲律宾,自然搜索,74.0,11,1665.29,2,5,5,重要保持用户
U00294,泰国,KOL推荐,182.0,9,1662.74,1,5,5,重要保持用户
U00371,泰国,付费广告,93.0,9,1660.75,2,5,5,重要保持用户
U01217,印尼,内容营销,40.0,9,1655.9,3,5,5,一般挽留用户
U07640,越南,付费广告,8.0,12,1654.81,3,5,5,一般挽留用户
U07835,越南,社交媒体,98.0,12,1654.21,2,5,5,重要保持用户
U06108,泰国,KOL推荐,54.0,10,1653.64,2,5,5,重要保持用户
U05052,泰国,内容营销,117.0,8,1653.58,2,5,5,重要保持用户
U06568,越南,KOL推荐,25.0,12,1651.02,3,5,5,一般挽留用户
U02149,菲律宾,付费广告,16.0,11,1649.67,3,5,5,一般挽留用户
U07574,泰国,自然搜索,100.0,9,1649.1,2,5,5,重要保持用户
U01815,马来西亚,社交媒体,16.0,10,1649.07,3,5,5,一般挽留用户
U02176,越南,KOL推荐,5.0,12,1649.07,3,5,5,一般挽留用户
U01752,泰国,付费广告,438.0,9,1648.94,1,5,5,重要保持用户
U06397,越南,自然搜索,13.0,12,1647.87,3,5,5,一般挽留用户
U07213,印尼,自然搜索,41.0,9,1645.67,3,5,5,一般挽留用户
U07862,泰国,社交媒体,32.0,9,1643.99,3,5,5,一般挽留用户
U03123,越南,社交媒体,1.0,12,1638.17,3,5,5,一般挽留用户
U01368,泰国,KOL推荐,4.0,8,1638.03,3,5,5,一般挽留用户
U00852,泰国,自然搜索,7.0,9,1638.02,3,5,5,一般挽留用户
U03151,泰国,社交媒体,253.0,8,1629.43,1,5,5,重要保持用户
U06822,马来西亚,付费广告,158.0,10,1629.01,2,5,5,重要保持用户
U01664,马来西亚,付费广告,142.0,9,1627.89,2,5,5,重要保持用户
U01677,越南,自然搜索,59.0,12,1626.45,2,5,5,重要保持用户
U04873,泰国,自然搜索,35.0,10,1616.47,3,5,5,一般挽留用户
U03884,菲律宾,社交媒体,316.0,10,1616.44,1,5,5,重要保持用户
U04992,越南,自然搜索,26.0,12,1615.53,3,5,5,一般挽留用户
U03751,马来西亚,内容营销,91.0,10,1614.5,2,5,5,重要保持用户
U06583,泰国,付费广告,69.0,10,1610.93,2,5,5,重要保持用户
U04841,马来西亚,社交媒体,112.0,9,1608.79,2,5,5,重要保持用户
U00634,泰国,付费广告,207.0,9,1608.65,1,5,5,重要保持用户
U03322,菲律宾,自然搜索,29.0,11,1607.99,3,5,5,一般挽留用户
U02327,泰国,自然搜索,56.0,9,1602.66,2,5,5,重要保持用户
U04726,马来西亚,KOL推荐,277.0,10,1601.98,1,5,5,重要保持用户
U04096,泰国,自然搜索,177.0,9,1600.14,1,5,5,重要保持用户
U04708,菲律宾,付费广告,66.0,11,1599.48,2,5,5,重要保持用户
U06075,泰国,社交媒体,276.0,8,1599.16,1,5,5,重要保持用户
U03221,泰国,付费广告,11.0,8,1598.84,3,5,5,一般挽留用户
U05441,泰国,社交媒体,24.0,9,1597.86,3,5,5,一般挽留用户
U04471,马来西亚,社交媒体,8.0,10,1597.62,3,5,5,一般挽留用户
U01721,泰国,付费广告,52.0,10,1596.63,2,5,5,重要保持用户
U07994,泰国,内容营销,30.0,10,1595.43,3,5,5,一般挽留用户
U03570,越南,付费广告,37.0,12,1592.03,3,5,5,一般挽留用户
U06335,印尼,内容营销,55.0,9,1591.96,2,5,5,重要保持用户
U05588,马来西亚,自然搜索,74.0,9,1589.95,2,5,5,重要保持用户
U00312,泰国,自然搜索,131.0,8,1586.13,2,5,5,重要保持用户
U03439,马来西亚,KOL推荐,25.0,9,1585.8,3,5,5,一般挽留用户
U07715,马来西亚,内容营销,25.0,10,1585.17,3,5,5,一般挽留用户
U03263,泰国,付费广告,5.0,8,1582.16,3,5,5,一般挽留用户
U03725,马来西亚,付费广告,51.0,9,1580.57,2,5,5,重要保持用户
U00714,越南,内容营销,39.0,12,1580.22,3,5,5,一般挽留用户
U02586,泰国,自然搜索,114.0,8,1579.88,2,5,5,重要保持用户
U01517,菲律宾,社交媒体,80.0,11,1571.16,2,5,5,重要保持用户
U07395,泰国,付费广告,21.0,8,1569.67,3,5,5,一般挽留用户
U00594,菲律宾,社交媒体,1.0,10,1568.62,3,5,5,一般挽留用户
U03228,泰国,付费广告,124.0,9,1566.67,2,5,5,重要保持用户
U00001,马来西亚,社交媒体,24.0,10,1565.55,3,5,5,一般挽留用户
U05330,越南,自然搜索,37.0,12,1564.77,3,5,5,一般挽留用户
U01867,泰国,自然搜索,6.0,8,1564.33,3,5,5,一般挽留用户
U04957,印尼,内容营销,99.0,9,1563.25,2,5,5,重要保持用户
U07142,菲律宾,社交媒体,7.0,11,1560.84,3,5,5,一般挽留用户
U07183,菲律宾,付费广告,9.0,10,1559.26,3,5,5,一般挽留用户
U07934,越南,付费广告,37.0,12,1557.58,3,5,5,一般挽留用户
U06965,泰国,KOL推荐,6.0,8,1553.42,3,5,5,一般挽留用户
U05000,越南,内容营销,72.0,12,1550.43,2,5,5,重要保持用户
U06754,泰国,付费广告,43.0,8,1548.71,3,5,5,一般挽留用户
U02632,泰国,自然搜索,97.0,8,1548.29,2,5,5,重要保持用户
U04621,菲律宾,内容营销,5.0,11,1548.26,3,5,5,一般挽留用户
U05954,泰国,内容营销,33.0,7,1548.09,3,5,5,一般挽留用户
U06601,印尼,付费广告,411.0,8,1547.52,1,5,5,重要保持用户
U03274,菲律宾,自然搜索,206.0,10,1547.1,1,5,5,重要保持用户
U02429,菲律宾,KOL推荐,22.0,10,1544.27,3,5,5,一般挽留用户
U01503,越南,内容营销,38.0,13,1543.75,3,5,5,一般挽留用户
U02718,菲律宾,自然搜索,34.0,10,1543.02,3,5,5,一般挽留用户
U00213,泰国,社交媒体,201.0,8,1541.95,1,5,5,重要保持用户
U05898,马来西亚,内容营销,87.0,9,1541.57,2,5,5,重要保持用户
U05324,泰国,社交媒体,30.0,8,1538.88,3,5,5,一般挽留用户
U06259,泰国,自然搜索,193.0,9,1535.97,1,5,5,重要保持用户
U04332,越南,内容营销,52.0,11,1535.8,2,5,5,重要保持用户
U04363,印尼,自然搜索,20.0,9,1528.35,3,5,5,一般挽留用户
U07712,泰国,自然搜索,31.0,8,1527.23,3,5,5,一般挽留用户
U07633,马来西亚,社交媒体,79.0,9,1527.05,2,5,5,重要保持用户
U01042,越南,内容营销,2.0,11,1526.96,3,5,5,一般挽留用户
U07121,泰国,自然搜索,105.0,8,1525.59,2,5,5,重要保持用户
U07144,马来西亚,社交媒体,14.0,10,1523.62,3,5,5,一般挽留用户
U01502,泰国,社交媒体,72.0,9,1523.31,2,5,5,重要保持用户
U04053,印尼,KOL推荐,356.0,9,1522.25,1,5,5,重要保持用户
U05743,马来西亚,社交媒体,102.0,10,1519.74,2,5,5,重要保持用户
U02995,菲律宾,付费广告,79.0,11,1514.62,2,5,5,重要保持用户
U03370,泰国,内容营销,313.0,8,1512.77,1,5,5,重要保持用户
U01178,菲律宾,社交媒体,259.0,10,1510.89,1,5,5,重要保持用户
U04468,马来西亚,社交媒体,101.0,9,1510.21,2,5,5,重要保持用户
U04023,菲律宾,内容营销,70.0,11,1508.77,2,5,5,重要保持用户
U07737,泰国,KOL推荐,13.0,7,1506.98,3,5,5,一般挽留用户
U06378,马来西亚,付费广告,119.0,9,1505.88,2,5,5,重要保持用户
U07437,泰国,自然搜索,19.0,8,1503.76,3,5,5,一般挽留用户
U00925,泰国,社交媒体,16.0,9,1501.98,3,5,5,一般挽留用户
U00547,印尼,付费广告,69.0,9,1500.83,2,5,5,重要保持用户
U04998,菲律宾,付费广告,180.0,10,1498.66,1,5,5,重要保持用户
U05683,泰国,付费广告,30.0,8,1496.46,3,5,5,一般挽留用户
U01830,马来西亚,付费广告,82.0,9,1495.38,2,5,5,重要保持用户
U06605,泰国,内容营销,79.0,8,1492.79,2,5,5,重要保持用户
U02580,泰国,付费广告,79.0,8,1489.52,2,5,5,重要保持用户
U06046,泰国,自然搜索,99.0,8,1488.98,2,5,5,重要保持用户
U07694,马来西亚,付费广告,52.0,9,1487.41,2,5,5,重要保持用户
U06299,越南,社交媒体,15.0,11,1485.88,3,5,5,一般挽留用户
U02329,泰国,内容营销,20.0,8,1483.06,3,5,5,一般挽留用户
U01400,泰国,社交媒体,126.0,8,1481.21,2,5,5,重要保持用户
U04132,印尼,付费广告,5.0,9,1480.01,3,5,5,一般挽留用户
U00445,马来西亚,社交媒体,29.0,9,1478.64,3,5,5,一般挽留用户
U01747,越南,付费广告,65.0,11,1475.18,2,5,5,重要保持用户
U07796,马来西亚,付费广告,29.0,8,1475.04,3,5,5,一般挽留用户
U03690,菲律宾,付费广告,79.0,10,1473.33,2,5,5,重要保持用户
U06241,泰国,内容营销,149.0,8,1466.49,2,5,5,重要保持用户
U00057,泰国,自然搜索,13.0,7,1465.22,3,5,5,一般挽留用户
U01309,菲律宾,付费广告,7.0,11,1463.86,3,5,5,一般挽留用户
U04769,越南,付费广告,19.0,11,1463.38,3,5,5,一般挽留用户
U07383,印尼,KOL推荐,15.0,8,1459.38,3,5,5,一般挽留用户
U04665,印尼,付费广告,1.0,8,1459.18,3,5,5,一般挽留用户
U04599,越南,社交媒体,12.0,11,1458.85,3,5,5,一般挽留用户
U00822,越南,自然搜索,9.0,10,1458.83,3,5,5,一般挽留用户
U07449,泰国,付费广告,54.0,8,1456.27,2,5,5,重要保持用户
U04597,泰国,付费广告,10.0,7,1455.18,3,5,5,一般挽留用户
U02041,印尼,自然搜索,24.0,8,1454.33,3,5,5,一般挽留用户
U06500,泰国,社交媒体,6.0,9,1453.1,3,5,5,一般挽留用户
U00661,马来西亚,付费广告,74.0,8,1451.27,2,5,5,重要保持用户
U00401,马来西亚,内容营销,180.0,9,1450.77,1,5,5,重要保持用户
U01719,泰国,社交媒体,84.0,7,1450.13,2,5,5,重要保持用户
U07840,印尼,社交媒体,25.0,8,1449.91,3,5,5,一般挽留用户
U05645,越南,社交媒体,7.0,11,1449.26,3,5,5,一般挽留用户
U06357,越南,付费广告,265.0,9,1448.7,1,5,5,重要保持用户
U03430,印尼,自然搜索,196.0,8,1448.55,1,5,5,重要保持用户
U07071,越南,自然搜索,78.0,11,1447.07,2,5,5,重要保持用户
U00722,泰国,自然搜索,98.0,7,1446.4,2,5,5,重要保持用户
U06290,泰国,KOL推荐,41.0,8,1445.51,3,5,5,一般挽留用户
U07479,越南,自然搜索,12.0,11,1444.86,3,5,5,一般挽留用户
U04065,泰国,付费广告,239.0,8,1444.52,1,5,5,重要保持用户
U04652,印尼,付费广告,151.0,8,1443.83,2,5,5,重要保持用户
U02349,泰国,付费广告,1.0,8,1443.64,3,5,5,一般挽留用户
U00937,马来西亚,内容营销,31.0,9,1442.53,3,5,5,一般挽留用户
U04538,泰国,付费广告,74.0,8,1442.13,2,5,5,重要保持用户
U07890,泰国,自然搜索,161.0,9,1438.78,2,5,5,重要保持用户
U06941,菲律宾,自然搜索,8.0,10,1430.12,3,5,5,一般挽留用户
U03843,越南,社交媒体,25.0,11,1429.66,3,5,5,一般挽留用户
U03103,越南,付费广告,28.0,10,1427.59,3,5,5,一般挽留用户
U00083,泰国,自然搜索,148.0,8,1426.17,2,5,5,重要保持用户
U05777,泰国,社交媒体,57.0,8,1426.17,2,5,5,重要保持用户
U04698,泰国,内容营销,64.0,8,1424.02,2,5,5,重要保持用户
U06002,菲律宾,社交媒体,72.0,9,1423.45,2,5,5,重要保持用户
U02787,泰国,自然搜索,68.0,8,1421.73,2,5,5,重要保持用户
U02780,泰国,内容营销,187.0,8,1421.21,1,5,5,重要保持用户
U01702,越南,社交媒体,3.0,10,1418.98,3,5,5,一般挽留用户
U01659,越南,KOL推荐,3.0,11,1417.14,3,5,5,一般挽留用户
U07387,马来西亚,付费广告,75.0,9,1415.63,2,5,5,重要保持用户
U03824,泰国,KOL推荐,299.0,7,1412.54,1,5,5,重要保持用户
U05982,马来西亚,付费广告,83.0,9,1411.63,2,5,5,重要保持用户
U00295,印尼,KOL推荐,60.0,8,1409.61,2,5,5,重要保持用户
U00329,泰国,付费广告,263.0,7,1408.56,1,5,5,重要保持用户
U01413,泰国,自然搜索,118.0,7,1403.83,2,5,5,重要保持用户
U06736,马来西亚,自然搜索,100.0,8,1402.09,2,5,5,重要保持用户
U05361,泰国,付费广告,116.0,7,1399.27,2,5,5,重要保持用户
U05964,印尼,KOL推荐,19.0,8,1397.16,3,5,5,一般挽留用户
U00675,马来西亚,付费广告,139.0,8,1395.23,2,5,5,重要保持用户
U00618,菲律宾,自然搜索,215.0,9,1393.3,1,5,5,重要保持用户
U04210,泰国,社交媒体,124.0,7,1392.94,2,5,5,重要保持用户
U02896,印尼,自然搜索,47.0,8,1392.47,3,5,5,一般挽留用户
U07428,印尼,内容营销,76.0,8,1392.26,2,5,5,重要保持用户
U07091,马来西亚,社交媒体,30.0,8,1391.12,3,5,5,一般挽留用户
U05620,泰国,付费广告,2.0,7,1387.12,3,5,5,一般挽留用户
U03359,印尼,社交媒体,62.0,8,1386.5,2,5,5,重要保持用户
U00960,泰国,付费广告,5.0,7,1386.29,3,5,5,一般挽留用户
U06934,马来西亚,自然搜索,33.0,8,1383.72,3,5,5,一般挽留用户
U03679,越南,自然搜索,16.0,9,1382.74,3,5,5,一般挽留用户
U02982,印尼,内容营销,16.0,8,1381.45,3,5,5,一般挽留用户
U02119,菲律宾,KOL推荐,37.0,10,1380.14,3,5,5,一般挽留用户
U07147,泰国,KOL推荐,100.0,7,1378.59,2,5,5,重要保持用户
U02932,泰国,自然搜索,50.0,8,1378.33,2,5,5,重要保持用户
U03728,泰国,自然搜索,16.0,8,1377.12,3,5,5,一般挽留用户
U01918,越南,自然搜索,73.0,11,1376.73,2,5,5,重要保持用户
U00290,泰国,内容营销,85.0,7,1373.27,2,5,5,重要保持用户
U04996,泰国,社交媒体,88.0,7,1372.68,2,5,5,重要保持用户
U04509,马来西亚,内容营销,29.0,9,1370.84,3,5,5,一般挽留用户
U00323,越南,付费广告,24.0,10,1367.36,3,5,5,一般挽留用户
U04428,泰国,付费广告,87.0,7,1366.39,2,5,5,重要保持用户
U05179,马来西亚,付费广告,22.0,9,1365.72,3,5,5,一般挽留用户
U05029,泰国,付费广告,158.0,7,1364.79,2,5,5,重要保持用户
U05457,越南,自然搜索,68.0,11,1364.39,2,5,5,重要保持用户
U01606,泰国,KOL推荐,34.0,7,1363.49,3,5,5,一般挽留用户
U01744,越南,付费广告,102.0,9,1362.85,2,5,5,重要保持用户
U00672,泰国,付费广告,170.0,7,1360.99,2,5,5,重要保持用户
U00342,泰国,自然搜索,8.0,6,1359.57,3,4,5,一般挽留用户
U04677,马来西亚,KOL推荐,94.0,8,1359.33,2,5,5,重要保持用户
U03931,泰国,社交媒体,33.0,7,1357.91,3,5,5,一般挽留用户
U06224,泰国,付费广告,167.0,7,1355.28,2,5,5,重要保持用户
U02516,泰国,社交媒体,83.0,8,1350.35,2,5,5,重要保持用户
U02843,马来西亚,付费广告,6.0,9,1347.42,3,5,5,一般挽留用户
U00378,菲律宾,社交媒体,67.0,10,1347.16,2,5,5,重要保持用户
U04951,泰国,KOL推荐,19.0,7,1345.98,3,5,5,一般挽留用户
U00837,越南,社交媒体,31.0,10,1343.12,3,5,5,一般挽留用户
U01123,菲律宾,内容营销,34.0,9,1340.01,3,5,5,一般挽留用户
U05359,印尼,付费广告,58.0,8,1339.75,2,5,5,重要保持用户
U01739,越南,社交媒体,56.0,10,1336.29,2,5,5,重要保持用户
U04454,菲律宾,付费广告,193.0,9,1334.86,1,5,5,重要保持用户
U07222,泰国,内容营销,52.0,8,1333.88,2,5,5,重要保持用户
U07490,泰国,付费广告,144.0,7,1327.89,2,5,5,重要保持用户
U07728,马来西亚,付费广告,44.0,9,1327.3,3,5,5,一般挽留用户
U07505,马来西亚,KOL推荐,19.0,9,1323.92,3,5,5,一般挽留用户
U04067,马来西亚,内容营销,93.0,8,1322.54,2,5,5,重要保持用户
U00023,越南,付费广告,34.0,10,1320.37,3,5,5,一般挽留用户
U04787,马来西亚,内容营销,4.0,8,1319.65,3,5,5,一般挽留用户
U05037,马来西亚,付费广告,25.0,8,1315.75,3,5,5,一般挽留用户
U01715,马来西亚,付费广告,31.0,8,1312.13,3,5,5,一般挽留用户
U02598,越南,自然搜索,46.0,9,1311.76,3,5,5,一般挽留用户
U01997,泰国,内容营销,29.0,7,1309.73,3,5,5,一般挽留用户
U06971,印尼,付费广告,13.0,8,1306.36,3,5,5,一般挽留用户
U02320,马来西亚,社交媒体,17.0,8,1304.95,3,5,5,一般挽留用户
U05841,泰国,付费广告,32.0,7,1304.62,3,5,5,一般挽留用户
U05006,菲律宾,内容营销,193.0,9,1302.61,1,5,5,重要保持用户
U02133,印尼,付费广告,332.0,8,1301.98,1,5,5,重要保持用户
U01955,马来西亚,付费广告,35.0,8,1301.16,3,5,5,一般挽留用户
U01878,越南,社交媒体,147.0,10,1290.26,2,5,5,重要保持用户
U01081,泰国,付费广告,60.0,7,1289.52,2,5,5,重要保持用户
U04035,马来西亚,付费广告,112.0,8,1289.33,2,5,5,重要保持用户
U05752,泰国,自然搜索,249.0,7,1285.66,1,5,5,重要保持用户
U03487,泰国,付费广告,57.0,7,1284.96,2,5,5,重要保持用户
U03316,印尼,社交媒体,103.0,8,1283.98,2,5,5,重要保持用户
U02925,马来西亚,自然搜索,242.0,7,1278.96,1,5,5,重要保持用户
U05320,越南,社交媒体,42.0,9,1278.4,3,5,5,一般挽留用户
U03940,菲律宾,自然搜索,31.0,8,1272.96,3,5,5,一般挽留用户
U05518,泰国,付费广告,116.0,7,1270.26,2,5,5,重要保持用户
U02618,菲律宾,自然搜索,78.0,8,1269.86,2,5,5,重要保持用户
U07400,泰国,社交媒体,112.0,6,1269.03,2,4,5,重要保持用户
U04128,越南,社交媒体,206.0,9,1267.73,1,5,5,重要保持用户
U06363,越南,内容营销,264.0,9,1267.04,1,5,5,重要保持用户
U07403,越南,自然搜索,97.0,9,1266.51,2,5,5,重要保持用户
U05338,马来西亚,付费广告,4.0,8,1262.44,3,5,5,一般挽留用户
U06098,泰国,社交媒体,7.0,7,1261.7,3,5,5,一般挽留用户
U00022,越南,KOL推荐,76.0,9,1261.53,2,5,5,重要保持用户
U04433,马来西亚,社交媒体,8.0,8,1260.26,3,5,5,一般挽留用户
U04880,泰国,KOL推荐,2.0,7,1259.35,3,5,5,一般挽留用户
U02537,泰国,自然搜索,176.0,7,1258.19,1,5,5,重要保持用户
U07974,印尼,社交媒体,61.0,10,1257.47,2,5,5,重要保持用户
U02683,越南,社交媒体,62.0,9,1255.3,2,5,5,重要保持用户
U02224,泰国,自然搜索,24.0,6,1254.98,3,4,5,一般挽留用户
U03942,泰国,自然搜索,20.0,7,1252.48,3,5,5,一般挽留用户
U06716,泰国,内容营销,225.0,7,1252.19,1,5,5,重要保持用户
U01447,菲律宾,社交媒体,118.0,8,1251.16,2,5,5,重要保持用户
U07332,马来西亚,社交媒体,33.0,7,1249.66,3,5,5,一般挽留用户
U05510,泰国,付费广告,18.0,8,1248.71,3,5,5,一般挽留用户
U06925,泰国,付费广告,25.0,7,1246.7,3,5,5,一般挽留用户
U01151,菲律宾,付费广告,153.0,8,1244.19,2,5,5,重要保持用户
U03079,马来西亚,KOL推荐,35.0,7,1242.38,3,5,5,一般挽留用户
U06115,印尼,付费广告,16.0,10,1241.54,3,5,5,一般挽留用户
U06219,泰国,付费广告,30.0,8,1241.39,3,5,5,一般挽留用户
U02948,越南,自然搜索,25.0,9,1238.93,3,5,5,一般挽留用户
U04867,泰国,自然搜索,10.0,7,1238.91,3,5,5,一般挽留用户
U03506,马来西亚,内容营销,63.0,7,1238.36,2,5,5,重要保持用户
U00270,菲律宾,付费广告,101.0,8,1237.36,2,5,5,重要保持用户
U06051,马来西亚,付费广告,72.0,7,1235.41,2,5,5,重要保持用户
U07354,泰国,付费广告,8.0,7,1235.04,3,5,5,一般挽留用户
U01483,泰国,KOL推荐,51.0,7,1232.32,2,5,5,重要保持用户
U00449,泰国,KOL推荐,102.0,6,1232.23,2,4,5,重要保持用户
U02505,泰国,付费广告,19.0,7,1229.13,3,5,5,一般挽留用户
U07495,泰国,KOL推荐,23.0,7,1228.98,3,5,5,一般挽留用户
U03444,马来西亚,付费广告,114.0,7,1228.97,2,5,5,重要保持用户
U02608,印尼,社交媒体,77.0,10,1228.96,2,5,5,重要保持用户
U01512,马来西亚,自然搜索,94.0,8,1226.96,2,5,5,重要保持用户
U04587,泰国,KOL推荐,24.0,6,1226.26,3,4,5,一般挽留用户
U05109,马来西亚,自然搜索,8.0,8,1226.19,3,5,5,一般挽留用户
U02985,马来西亚,自然搜索,45.0,7,1225.39,3,5,5,一般挽留用户
U04326,泰国,KOL推荐,70.0,6,1222.61,2,4,5,重要保持用户
U04086,泰国,社交媒体,64.0,7,1220.97,2,5,5,重要保持用户
U05614,越南,付费广告,67.0,8,1220.57,2,5,5,重要保持用户
U02530,印尼,社交媒体,130.0,10,1220.56,2,5,5,重要保持用户
U03946,印尼,付费广告,15.0,10,1219.26,3,5,5,一般挽留用户
U07324,泰国,自然搜索,45.0,6,1219.01,3,4,5,一般挽留用户
U01940,泰国,内容营销,135.0,6,1218.79,2,4,5,重要保持用户
U02805,马来西亚,自然搜索,56.0,8,1217.02,2,5,5,重要保持用户
U01243,菲律宾,社交媒体,95.0,9,1214.7,2,5,5,重要保持用户
U07595,马来西亚,付费广告,59.0,8,1212.68,2,5,5,重要保持用户
U00069,马来西亚,社交媒体,90.0,8,1211.23,2,5,5,重要保持用户
U07783,泰国,付费广告,58.0,7,1211.13,2,5,5,重要保持用户
U06766,马来西亚,付费广告,190.0,8,1208.04,1,5,5,重要保持用户
U07344,印尼,社交媒体,140.0,10,1207.78,2,5,5,重要保持用户
U05920,泰国,自然搜索,40.0,6,1204.52,3,4,5,一般挽留用户
U06507,马来西亚,付费广告,163.0,7,1201.38,2,5,5,重要保持用户
U05068,马来西亚,内容营销,8.0,7,1198.18,3,5,5,一般挽留用户
U02956,印尼,付费广告,121.0,10,1196.76,2,5,5,重要保持用户
U03913,马来西亚,内容营销,138.0,8,1196.73,2,5,5,重要保持用户
U02378,越南,KOL推荐,102.0,9,1195.52,2,5,5,重要保持用户
U07261,泰国,KOL推荐,17.0,6,1194.49,3,4,5,一般挽留用户
U03501,菲律宾,内容营销,105.0,8,1194.23,2,5,5,重要保持用户
U07161,越南,付费广告,36.0,9,1193.68,3,5,5,一般挽留用户
U01956,印尼,社交媒体,66.0,10,1192.25,2,5,5,重要保持用户
U03483,马来西亚,社交媒体,102.0,8,1191.82,2,5,5,重要保持用户
U04348,菲律宾,自然搜索,48.0,8,1189.87,3,5,5,一般挽留用户
U03119,泰国,付费广告,66.0,6,1189.5,2,4,5,重要保持用户
U02798,马来西亚,KOL推荐,63.0,7,1189.19,2,5,5,重要保持用户
U02848,印尼,内容营销,10.0,10,1189.01,3,5,5,一般挽留用户
U07705,泰国,付费广告,122.0,7,1188.44,2,5,5,重要保持用户
U05942,泰国,自然搜索,31.0,7,1187.72,3,5,5,一般挽留用户
U06087,泰国,付费广告,8.0,6,1187.02,3,4,5,一般挽留用户
U06504,泰国,自然搜索,85.0,7,1186.57,2,5,5,重要保持用户
U01784,印尼,付费广告,70.0,10,1184.46,2,5,5,重要保持用户
U04393,泰国,内容营销,57.0,7,1182.92,2,5,5,重要保持用户
U05356,泰国,自然搜索,8.0,6,1182.71,3,4,5,一般挽留用户
U00564,越南,付费广告,6.0,8,1182.64,3,5,5,一般挽留用户
U03235,泰国,付费广告,2.0,6,1178.88,3,4,5,一般挽留用户
U02645,越南,自然搜索,5.0,9,1178.1,3,5,5,一般挽留用户
U04442,泰国,内容营销,125.0,6,1175.84,2,4,5,重要保持用户
U05728,泰国,自然搜索,107.0,6,1174.1,2,4,5,重要保持用户
U07635,泰国,自然搜索,170.0,7,1172.08,2,5,5,重要保持用户
U02252,印尼,自然搜索,53.0,10,1171.91,2,5,5,重要保持用户
U04184,泰国,自然搜索,95.0,7,1171.11,2,5,5,重要保持用户
U01703,印尼,KOL推荐,26.0,10,1170.09,3,5,5,一般挽留用户
U06381,印尼,社交媒体,52.0,10,1169.96,2,5,5,重要保持用户
U06365,印尼,付费广告,16.0,10,1168.41,3,5,5,一般挽留用户
U03088,印尼,付费广告,39.0,10,1166.21,3,5,5,一般挽留用户
U00891,菲律宾,KOL推荐,233.0,8,1165.05,1,5,5,重要保持用户
U00772,泰国,社交媒体,218.0,6,1164.6,1,4,5,重要保持用户
U00505,泰国,社交媒体,71.0,6,1162.52,2,4,5,重要保持用户
U02043,泰国,社交媒体,158.0,6,1162.41,2,4,5,重要保持用户
U07006,印尼,付费广告,15.0,10,1162.26,3,5,5,一般挽留用户
U05771,印尼,KOL推荐,58.0,10,1162.25,2,5,5,重要保持用户
U06050,印尼,社交媒体,50.0,10,1160.81,2,5,5,重要保持用户
U00475,马来西亚,社交媒体,65.0,7,1159.15,2,5,5,重要保持用户
U06041,泰国,自然搜索,272.0,6,1156.95,1,4,5,重要保持用户
U06820,印尼,付费广告,38.0,10,1155.85,3,5,5,一般挽留用户
U03376,菲律宾,社交媒体,130.0,8,1154.07,2,5,5,重要保持用户
U01079,马来西亚,自然搜索,41.0,7,1153.09,3,5,5,一般挽留用户
U00240,马来西亚,社交媒体,6.0,8,1152.84,3,5,5,一般挽留用户
U04788,印尼,付费广告,48.0,10,1151.37,3,5,5,一般挽留用户
U05826,印尼,付费广告,119.0,10,1149.27,2,5,5,重要保持用户
U01251,印尼,社交媒体,13.0,10,1148.17,3,5,5,一般挽留用户
U02182,泰国,付费广告,63.0,6,1147.78,2,4,5,重要保持用户
U03869,泰国,社交媒体,251.0,5,1147.44,1,4,5,重要保持用户
U05904,泰国,付费广告,76.0,6,1146.93,2,4,5,重要保持用户
U00484,印尼,社交媒体,176.0,8,1145.51,1,5,5,重要保持用户
U02731,印尼,内容营销,98.0,10,1144.84,2,5,5,重要保持用户
U01756,马来西亚,自然搜索,121.0,7,1142.86,2,5,5,重要保持用户
U04991,印尼,付费广告,14.0,10,1141.85,3,5,5,一般挽留用户
U01303,印尼,付费广告,42.0,10,1139.41,3,5,5,一般挽留用户
U00132,泰国,内容营销,77.0,6,1138.17,2,4,5,重要保持用户
U06771,菲律宾,内容营销,11.0,8,1137.3,3,5,5,一般挽留用户
U01946,越南,付费广告,136.0,8,1137.14,2,5,5,重要保持用户
U06285,印尼,社交媒体,38.0,9,1137.02,3,5,5,一般挽留用户
U02427,马来西亚,KOL推荐,106.0,6,1134.78,2,4,5,重要保持用户
U02110,泰国,付费广告,217.0,6,1134.01,1,4,5,重要保持用户
U05996,印尼,内容营销,30.0,10,1133.96,3,5,5,一般挽留用户
U03951,菲律宾,自然搜索,111.0,8,1132.2,2,5,5,重要保持用户
U02045,印尼,社交媒体,18.0,10,1130.74,3,5,5,一般挽留用户
U04227,印尼,自然搜索,184.0,9,1129.5,1,5,5,重要保持用户
U07809,泰国,自然搜索,80.0,7,1125.95,2,5,5,重要保持用户
U07042,印尼,自然搜索,104.0,10,1124.98,2,5,5,重要保持用户
U04213,泰国,内容营销,157.0,5,1124.49,2,4,5,重要保持用户
U06484,泰国,自然搜索,25.0,5,1123.44,3,4,5,一般挽留用户
U04071,印尼,付费广告,28.0,10,1122.8,3,5,5,一般挽留用户
U02440,印尼,社交媒体,28.0,10,1121.78,3,5,5,一般挽留用户
U04420,泰国,内容营销,175.0,6,1120.16,1,4,5,重要保持用户
U05496,印尼,内容营销,35.0,10,1119.0,3,5,5,一般挽留用户
U02799,泰国,自然搜索,18.0,5,1118.02,3,4,5,一般挽留用户
U07797,泰国,内容营销,45.0,6,1117.39,3,4,5,一般挽留用户
U03230,印尼,KOL推荐,56.0,9,1115.5,2,5,5,重要保持用户
U05435,印尼,内容营销,14.0,10,1115.21,3,5,5,一般挽留用户
U04907,泰国,KOL推荐,23.0,6,1114.69,3,4,5,一般挽留用户
U04459,印尼,付费广告,55.0,10,1114.06,2,5,5,重要保持用户
U00729,泰国,付费广告,392.0,6,1110.58,1,4,5,重要保持用户
U04373,越南,付费广告,10.0,8,1106.57,3,5,5,一般挽留用户
U05550,越南,付费广告,82.0,8,1105.28,2,5,5,重要保持用户
U00947,马来西亚,内容营销,204.0,7,1102.44,1,5,5,重要保持用户
U00285,泰国,KOL推荐,141.0,6,1100.67,2,4,5,重要保持用户
U05358,菲律宾,内容营销,75.0,8,1100.06,2,5,5,重要保持用户
U03872,泰国,付费广告,66.0,6,1097.55,2,4,5,重要保持用户
U03481,印尼,付费广告,51.0,9,1097.13,2,5,5,重要保持用户
U06485,印尼,付费广告,55.0,10,1095.02,2,5,5,重要保持用户
U07025,印尼,内容营销,66.0,10,1091.57,2,5,5,重要保持用户
U02717,马来西亚,自然搜索,223.0,7,1088.27,1,5,5,重要保持用户
U03597,印尼,自然搜索,13.0,10,1087.97,3,5,5,一般挽留用户
U01736,越南,社交媒体,330.0,9,1086.76,1,5,5,重要保持用户
U02483,泰国,自然搜索,21.0,6,1085.81,3,4,5,一般挽留用户
U03892,印尼,自然搜索,19.0,10,1085.5,3,5,5,一般挽留用户
U00257,印尼,内容营销,158.0,9,1084.55,2,5,5,重要保持用户
U00630,印尼,社交媒体,89.0,10,1083.51,2,5,5,重要保持用户
U02744,印尼,付费广告,79.0,10,1082.14,2,5,5,重要保持用户
U00455,印尼,自然搜索,10.0,10,1081.49,3,5,5,一般挽留用户
U03805,马来西亚,自然搜索,121.0,6,1080.42,2,4,5,重要保持用户
U06476,印尼,内容营销,146.0,10,1079.84,2,5,5,重要保持用户
U05727,泰国,KOL推荐,18.0,6,1076.5,3,4,5,一般挽留用户
U06016,泰国,内容营销,103.0,6,1076.06,2,4,5,重要保持用户
U05337,印尼,付费广告,45.0,9,1075.37,3,5,5,一般挽留用户
U01405,印尼,付费广告,155.0,10,1075.17,2,5,5,重要保持用户
U02172,泰国,付费广告,20.0,6,1073.95,3,4,5,一般挽留用户
U06816,泰国,付费广告,275.0,5,1072.69,1,4,5,重要保持用户
U02078,马来西亚,自然搜索,101.0,7,1070.33,2,5,5,重要保持用户
U06233,泰国,内容营销,45.0,6,1069.83,3,4,5,一般挽留用户
U07122,印尼,付费广告,4.0,9,1068.99,3,5,5,一般挽留用户
U04381,泰国,社交媒体,143.0,6,1066.26,2,4,5,重要保持用户
U00011,马来西亚,付费广告,78.0,7,1066.26,2,5,5,重要保持用户
U05255,印尼,付费广告,16.0,10,1065.76,3,5,5,一般挽留用户
U06055,印尼,KOL推荐,37.0,9,1061.84,3,5,5,一般挽留用户
U05254,菲律宾,自然搜索,40.0,10,1060.49,3,5,5,一般挽留用户
U06799,印尼,社交媒体,94.0,9,1059.93,2,5,5,重要保持用户
U00596,印尼,付费广告,23.0,9,1058.16,3,5,5,一般挽留用户
U02473,印尼,自然搜索,122.0,9,1057.03,2,5,5,重要保持用户
U02988,印尼,内容营销,31.0,10,1055.82,3,5,5,一般挽留用户
U01627,印尼,内容营销,8.0,10,1055.8,3,5,5,一般挽留用户
U00009,印尼,自然搜索,166.0,9,1054.36,2,5,5,重要保持用户
U00093,印尼,内容营销,15.0,10,1054.33,3,5,5,一般挽留用户
U07177,菲律宾,付费广告,54.0,10,1054.04,2,5,5,重要保持用户
U02788,马来西亚,社交媒体,194.0,6,1052.61,1,4,5,重要保持用户
U04305,泰国,付费广告,104.0,5,1051.94,2,4,5,重要保持用户
U04876,印尼,社交媒体,5.0,9,1049.01,3,5,5,一般挽留用户
U04688,印尼,社交媒体,87.0,9,1047.1,2,5,5,重要保持用户
U01985,泰国,社交媒体,180.0,6,1046.64,1,4,5,重要保持用户
U07854,印尼,自然搜索,52.0,9,1045.99,2,5,5,重要保持用户
U01323,泰国,付费广告,22.0,6,1045.99,3,4,5,一般挽留用户
U03838,马来西亚,自然搜索,83.0,7,1045.8,2,5,5,重要保持用户
U07339,印尼,自然搜索,10.0,10,1045.38,3,5,5,一般挽留用户
U03017,越南,内容营销,95.0,8,1045.05,2,5,5,重要保持用户
U04026,越南,社交媒体,30.0,8,1044.67,3,5,5,一般挽留用户
U00592,泰国,付费广告,208.0,6,1042.87,1,4,5,重要保持用户
U00896,越南,付费广告,79.0,8,1042.19,2,5,5,重要保持用户
U02313,印尼,自然搜索,56.0,10,1040.46,2,5,5,重要保持用户
U04449,印尼,付费广告,284.0,9,1039.35,1,5,5,重要保持用户
U07376,印尼,KOL推荐,100.0,9,1038.91,2,5,5,重要保持用户
U06911,马来西亚,付费广告,63.0,6,1038.91,2,4,5,重要保持用户
U03671,泰国,自然搜索,176.0,5,1038.59,1,4,5,重要保持用户
U03036,越南,社交媒体,238.0,10,1037.79,1,5,5,重要保持用户
U04271,马来西亚,自然搜索,35.0,6,1037.27,3,4,5,一般挽留用户
U05088,印尼,社交媒体,83.0,9,1036.87,2,5,5,重要保持用户
U03056,印尼,社交媒体,103.0,9,1035.12,2,5,5,重要保持用户
U05640,印尼,付费广告,182.0,10,1034.79,1,5,5,重要保持用户
U00275,印尼,社交媒体,83.0,10,1034.17,2,5,5,重要保持用户
U03526,马来西亚,自然搜索,118.0,6,1032.63,2,4,5,重要保持用户
U00491,印尼,自然搜索,123.0,10,1031.78,2,5,5,重要保持用户
U07845,印尼,社交媒体,70.0,9,1029.9,2,5,5,重要保持用户
U06490,印尼,内容营销,22.0,9,1029.3,3,5,5,一般挽留用户
U07834,泰国,KOL推荐,197.0,6,1028.71,1,4,5,重要保持用户
U05776,印尼,付费广告,22.0,9,1028.37,3,5,5,一般挽留用户
U04103,泰国,KOL推荐,60.0,5,1027.76,2,4,5,重要保持用户
U00721,泰国,KOL推荐,14.0,5,1025.38,3,4,5,一般挽留用户
U05261,菲律宾,付费广告,1.0,10,1020.94,3,5,5,一般挽留用户
U01272,菲律宾,社交媒体,27.0,10,1020.21,3,5,5,一般挽留用户
U02027,马来西亚,内容营销,57.0,6,1019.55,2,4,5,重要保持用户
U02901,菲律宾,社交媒体,55.0,10,1012.82,2,5,5,重要保持用户
U02476,泰国,付费广告,38.0,6,1012.44,3,4,5,一般挽留用户
U06868,印尼,自然搜索,42.0,8,1011.68,3,5,5,一般挽留用户
U02352,印尼,自然搜索,19.0,10,1008.4,3,5,5,一般挽留用户
U01797,泰国,社交媒体,219.0,5,1007.51,1,4,5,重要保持用户
U00766,菲律宾,KOL推荐,16.0,10,1005.85,3,5,5,一般挽留用户
U07533,印尼,自然搜索,152.0,9,1005.36,2,5,5,重要保持用户
U05726,泰国,内容营销,106.0,5,1004.24,2,4,5,重要保持用户
U02062,菲律宾,社交媒体,65.0,10,1004.12,2,5,5,重要保持用户
U00388,菲律宾,社交媒体,227.0,10,1003.27,1,5,5,重要保持用户
U04045,越南,自然搜索,80.0,8,1000.07,2,5,5,重要保持用户
U07363,菲律宾,自然搜索,129.0,10,999.8,2,5,5,重要保持用户
U01020,印尼,付费广告,21.0,8,999.43,3,5,5,一般挽留用户
U03211,印尼,社交媒体,36.0,10,995.38,3,5,5,一般挽留用户
U07360,印尼,内容营销,402.0,8,995.35,1,5,5,重要保持用户
U03368,泰国,付费广告,64.0,5,994.81,2,4,5,重要保持用户
U02460,马来西亚,付费广告,52.0,6,992.91,2,4,5,重要保持用户
U05876,菲律宾,付费广告,69.0,10,990.79,2,5,5,重要保持用户
U03984,菲律宾,付费广告,30.0,10,990.4,3,5,5,一般挽留用户
U03474,菲律宾,社交媒体,22.0,10,989.86,3,5,5,一般挽留用户
U05646,泰国,社交媒体,27.0,5,989.84,3,4,5,一般挽留用户
U01732,印尼,付费广告,29.0,8,988.76,3,5,5,一般挽留用户
U01779,菲律宾,社交媒体,116.0,10,987.78,2,5,5,重要保持用户
U05026,越南,自然搜索,18.0,10,987.57,3,5,5,一般挽留用户
U05980,印尼,自然搜索,58.0,9,986.83,2,5,5,重要保持用户
U00765,印尼,KOL推荐,37.0,8,986.13,3,5,5,一般挽留用户
U07314,泰国,自然搜索,35.0,5,984.7,3,4,5,一般挽留用户
U04486,泰国,付费广告,26.0,5,984.39,3,4,5,一般挽留用户
U02475,菲律宾,付费广告,17.0,9,983.78,3,5,5,一般挽留用户
U01439,印尼,社交媒体,31.0,9,983.58,3,5,5,一般挽留用户
U02221,印尼,社交媒体,135.0,9,983.12,2,5,5,重要保持用户
U05443,马来西亚,KOL推荐,3.0,6,982.69,3,4,5,一般挽留用户
U07247,菲律宾,付费广告,61.0,9,982.35,2,5,5,重要保持用户
U04189,印尼,付费广告,25.0,9,981.31,3,5,5,一般挽留用户
U03396,菲律宾,KOL推荐,66.0,9,980.85,2,5,5,重要保持用户
U00912,印尼,内容营销,20.0,9,979.72,3,5,5,一般挽留用户
U03209,印尼,付费广告,149.0,9,979.67,2,5,5,重要保持用户
U01443,越南,付费广告,98.0,10,979.28,2,5,5,重要保持用户
U02938,马来西亚,自然搜索,14.0,6,978.54,3,4,5,一般挽留用户
U03741,菲律宾,付费广告,13.0,9,977.11,3,5,5,一般挽留用户
U02845,越南,内容营销,16.0,10,976.82,3,5,5,一般挽留用户
U07867,越南,内容营销,20.0,10,976.68,3,5,5,一般挽留用户
U00677,越南,社交媒体,24.0,10,976.38,3,5,5,一般挽留用户
U02020,马来西亚,自然搜索,84.0,7,975.18,2,5,5,重要保持用户
U05252,印尼,付费广告,49.0,9,974.06,3,5,5,一般挽留用户
U05531,泰国,付费广告,17.0,5,974.04,3,4,5,一般挽留用户
U07458,泰国,社交媒体,118.0,5,973.67,2,4,5,重要保持用户
U00461,印尼,内容营销,16.0,8,973.58,3,5,5,一般挽留用户
U01687,印尼,付费广告,105.0,9,969.69,2,5,5,重要保持用户
U06634,印尼,社交媒体,186.0,9,969.45,1,5,5,重要保持用户
U05730,菲律宾,付费广告,56.0,9,969.03,2,5,5,重要保持用户
U03832,菲律宾,KOL推荐,38.0,10,968.46,3,5,5,一般挽留用户
U04556,印尼,社交媒体,8.0,8,966.22,3,5,5,一般挽留用户
U01870,菲律宾,付费广告,114.0,10,965.72,2,5,5,重要保持用户
U01501,印尼,社交媒体,74.0,9,965.42,2,5,5,重要保持用户
U03379,印尼,自然搜索,20.0,10,965.23,3,5,5,一般挽留用户
U07170,印尼,自然搜索,62.0,8,962.64,2,5,5,重要保持用户
U04826,印尼,KOL推荐,36.0,9,960.18,3,5,5,一般挽留用户
U01363,印尼,自然搜索,36.0,8,959.76,3,5,5,一般挽留用户
U01092,印尼,付费广告,22.0,8,959.75,3,5,5,一般挽留用户
U02620,菲律宾,付费广告,49.0,9,959.47,3,5,5,一般挽留用户
U00865,印尼,社交媒体,50.0,8,959.3,2,5,5,重要保持用户
U03780,越南,付费广告,24.0,10,958.8,3,5,5,一般挽留用户
U06351,印尼,付费广告,164.0,9,958.75,2,5,5,重要保持用户
U00344,越南,内容营销,61.0,10,957.32,2,5,5,重要保持用户
U04315,泰国,自然搜索,20.0,5,956.24,3,4,5,一般挽留用户
U03220,印尼,自然搜索,31.0,8,956.21,3,5,5,一般挽留用户
U00933,印尼,社交媒体,200.0,9,953.25,1,5,5,重要保持用户
U03649,马来西亚,KOL推荐,65.0,5,951.71,2,4,5,重要保持用户
U03917,越南,内容营销,114.0,10,951.67,2,5,5,重要保持用户
U00918,菲律宾,付费广告,69.0,10,950.84,2,5,5,重要保持用户
U03518,泰国,社交媒体,449.0,5,948.18,1,4,5,重要保持用户
U01236,菲律宾,自然搜索,43.0,9,947.26,3,5,5,一般挽留用户
U00091,印尼,付费广告,2.0,8,946.75,3,5,5,一般挽留用户
U07352,印尼,社交媒体,85.0,9,946.38,2,5,5,重要保持用户
U02692,泰国,内容营销,30.0,5,946.1,3,4,5,一般挽留用户
U05126,印尼,自然搜索,115.0,9,945.61,2,5,5,重要保持用户
U05948,印尼,付费广告,137.0,10,945.01,2,5,5,重要保持用户
U06077,印尼,自然搜索,14.0,8,944.92,3,5,5,一般挽留用户
U07693,印尼,自然搜索,100.0,9,943.87,2,5,5,重要保持用户
U06773,泰国,付费广告,14.0,5,943.35,3,4,5,一般挽留用户
U05493,越南,付费广告,235.0,10,943.08,1,5,5,重要保持用户
U07762,越南,社交媒体,198.0,10,940.68,1,5,5,重要保持用户
U04741,泰国,社交媒体,155.0,5,940.54,2,4,5,重要保持用户
U03695,泰国,付费广告,287.0,5,940.31,1,4,5,重要保持用户
U07560,印尼,付费广告,67.0,9,939.71,2,5,5,重要保持用户
U02561,印尼,内容营销,35.0,8,939.09,3,5,5,一般挽留用户
U06389,印尼,付费广告,37.0,8,938.71,3,5,5,一般挽留用户
U05590,越南,自然搜索,6.0,10,938.13,3,5,5,一般挽留用户
U03779,菲律宾,社交媒体,71.0,9,936.99,2,5,5,重要保持用户
U06333,印尼,自然搜索,1.0,8,936.83,3,5,5,一般挽留用户
U02018,泰国,自然搜索,130.0,5,935.94,2,4,5,重要保持用户
U06772,印尼,付费广告,52.0,9,935.53,2,5,5,重要保持用户
U04037,菲律宾,内容营销,144.0,10,934.06,2,5,5,重要保持用户
U06811,泰国,付费广告,58.0,5,933.8,2,4,5,重要保持用户
U06505,菲律宾,付费广告,82.0,10,931.99,2,5,5,重要保持用户
U05549,泰国,自然搜索,74.0,5,931.95,2,4,5,重要保持用户
U07904,泰国,自然搜索,104.0,5,931.83,2,4,5,重要保持用户
U04666,泰国,KOL推荐,44.0,5,931.44,3,4,5,一般挽留用户
U06842,泰国,自然搜索,98.0,5,931.15,2,4,5,重要保持用户
U06467,泰国,内容营销,23.0,4,930.92,3,4,5,一般挽留用户
U02185,马来西亚,付费广告,43.0,6,928.99,3,4,5,一般挽留用户
U07654,菲律宾,社交媒体,11.0,9,928.02,3,5,5,一般挽留用户
U01006,印尼,付费广告,104.0,8,927.73,2,5,5,重要保持用户
U00779,印尼,付费广告,28.0,9,927.5,3,5,5,一般挽留用户
U02888,菲律宾,KOL推荐,14.0,10,927.28,3,5,5,一般挽留用户
U05331,越南,付费广告,14.0,10,927.09,3,5,5,一般挽留用户
U05953,印尼,KOL推荐,6.0,9,924.75,3,5,5,一般挽留用户
U04667,菲律宾,KOL推荐,112.0,9,923.48,2,5,5,重要保持用户
U04824,印尼,内容营销,171.0,10,923.34,2,5,5,重要保持用户
U04297,泰国,社交媒体,44.0,5,922.72,3,4,5,一般挽留用户
U04153,越南,社交媒体,26.0,10,922.13,3,5,5,一般挽留用户
U03249,印尼,内容营销,201.0,8,920.78,1,5,5,重要保持用户
U04493,菲律宾,自然搜索,101.0,10,920.1,2,5,5,重要保持用户
U02080,泰国,社交媒体,103.0,5,918.91,2,4,5,重要保持用户
U03217,泰国,社交媒体,95.0,5,918.32,2,4,5,重要保持用户
U02070,菲律宾,内容营销,18.0,9,917.96,3,5,5,一般挽留用户
U01310,泰国,付费广告,84.0,5,916.78,2,4,5,重要保持用户
U06236,印尼,内容营销,132.0,8,916.67,2,5,5,重要保持用户
U03736,印尼,社交媒体,152.0,8,916.5,2,5,5,重要保持用户
U03320,印尼,社交媒体,35.0,8,914.36,3,5,5,一般挽留用户
U07690,泰国,自然搜索,30.0,5,914.09,3,4,5,一般挽留用户
U07454,菲律宾,自然搜索,8.0,10,913.98,3,5,5,一般挽留用户
U05994,泰国,内容营销,265.0,5,913.82,1,4,5,重要保持用户
U04645,印尼,付费广告,82.0,8,913.23,2,5,5,重要保持用户
U05116,越南,付费广告,17.0,10,911.77,3,5,5,一般挽留用户
U07138,印尼,付费广告,29.0,9,911.73,3,5,5,一般挽留用户
U00456,泰国,社交媒体,9.0,5,911.66,3,4,5,一般挽留用户
U06260,泰国,付费广告,81.0,5,911.62,2,4,5,重要保持用户
U02991,菲律宾,社交媒体,28.0,10,910.58,3,5,5,一般挽留用户
U04877,印尼,社交媒体,123.0,9,910.12,2,5,5,重要保持用户
U07224,菲律宾,自然搜索,74.0,10,908.45,2,5,5,重要保持用户
U04502,越南,自然搜索,19.0,10,907.02,3,5,5,一般挽留用户
U00792,印尼,自然搜索,7.0,8,905.24,3,5,5,一般挽留用户
U05952,菲律宾,内容营销,37.0,9,905.1,3,5,5,一般挽留用户
U00734,越南,付费广告,56.0,9,904.99,2,5,5,重要保持用户
U06550,越南,付费广告,23.0,10,904.22,3,5,5,一般挽留用户
U05058,印尼,KOL推荐,8.0,9,903.27,3,5,5,一般挽留用户
U00233,印尼,社交媒体,52.0,8,902.85,2,5,5,重要保持用户
U06461,印尼,KOL推荐,34.0,8,900.99,3,5,5,一般挽留用户
U03504,菲律宾,付费广告,94.0,9,899.56,2,5,5,重要保持用户
U02399,印尼,付费广告,175.0,9,899.32,1,5,5,重要保持用户
U06671,菲律宾,内容营销,1.0,10,898.41,3,5,5,一般挽留用户
U03418,泰国,KOL推荐,34.0,5,898.22,3,4,5,一般挽留用户
U00771,菲律宾,付费广告,35.0,9,895.99,3,5,5,一般挽留用户
U03639,泰国,付费广告,159.0,5,894.26,2,4,5,重要保持用户
U01885,越南,社交媒体,58.0,9,893.94,2,5,5,重要保持用户
U07265,泰国,付费广告,185.0,5,893.28,1,4,5,重要保持用户
U03104,越南,社交媒体,65.0,10,893.05,2,5,5,重要保持用户
U07066,泰国,自然搜索,1.0,5,891.78,3,4,5,一般挽留用户
U02665,越南,自然搜索,103.0,10,890.61,2,5,5,重要保持用户
U04192,印尼,内容营销,151.0,7,889.38,2,5,5,重要保持用户
U02844,印尼,自然搜索,22.0,8,889.17,3,5,5,一般挽留用户
U07967,泰国,付费广告,116.0,5,888.86,2,4,5,重要保持用户
U01802,越南,自然搜索,55.0,10,887.45,2,5,5,重要保持用户
U03135,印尼,自然搜索,325.0,8,883.75,1,5,5,重要保持用户
U06987,印尼,KOL推荐,48.0,8,882.99,3,5,5,一般挽留用户
U02558,泰国,付费广告,276.0,4,882.83,1,4,5,重要保持用户
U03847,印尼,KOL推荐,131.0,7,882.58,2,5,5,重要保持用户
U01375,菲律宾,自然搜索,220.0,9,882.49,1,5,5,重要保持用户
U06968,印尼,付费广告,88.0,7,878.26,2,5,5,重要保持用户
U03678,菲律宾,付费广告,95.0,9,877.8,2,5,5,重要保持用户
U04173,印尼,内容营销,5.0,7,876.69,3,5,5,一般挽留用户
U05281,印尼,自然搜索,13.0,8,876.62,3,5,5,一般挽留用户
U05199,越南,自然搜索,5.0,10,875.14,3,5,5,一般挽留用户
U03057,泰国,内容营销,474.0,5,874.38,1,4,5,重要保持用户
U04727,菲律宾,KOL推荐,106.0,10,874.12,2,5,5,重要保持用户
U03011,越南,社交媒体,20.0,10,874.05,3,5,5,一般挽留用户
U01489,越南,付费广告,15.0,9,873.47,3,5,5,一般挽留用户
U07302,越南,自然搜索,13.0,9,873.44,3,5,5,一般挽留用户
U05395,越南,自然搜索,55.0,10,873.17,2,5,5,重要保持用户
U00404,越南,付费广告,78.0,10,872.45,2,5,5,重要保持用户
U00521,越南,付费广告,37.0,10,872.08,3,5,5,一般挽留用户
U04441,菲律宾,社交媒体,38.0,8,871.95,3,5,5,一般挽留用户
U00857,印尼,自然搜索,199.0,8,871.54,1,5,5,重要保持用户
U02572,越南,付费广告,168.0,9,870.18,2,5,5,重要保持用户
U07639,泰国,KOL推荐,288.0,4,870.15,1,4,5,重要保持用户
U00755,菲律宾,内容营销,105.0,9,869.87,2,5,5,重要保持用户
U00235,印尼,付费广告,56.0,7,869.69,2,5,5,重要保持用户
U02299,越南,KOL推荐,49.0,9,869.47,3,5,5,一般挽留用户
U00689,泰国,自然搜索,166.0,5,868.96,2,4,5,重要保持用户
U05453,越南,自然搜索,76.0,10,868.24,2,5,5,重要保持用户
U03082,泰国,付费广告,79.0,4,868.18,2,4,5,重要保持用户
U02974,越南,社交媒体,117.0,9,867.87,2,5,5,重要保持用户
U04631,越南,自然搜索,235.0,10,866.44,1,5,5,重要保持用户
U01344,印尼,自然搜索,107.0,8,865.86,2,5,5,重要保持用户
U07827,越南,社交媒体,11.0,10,865.39,3,5,5,一般挽留用户
U06521,泰国,内容营销,130.0,5,865.2,2,4,5,重要保持用户
U01246,泰国,付费广告,214.0,5,865.03,1,4,5,重要保持用户
U07424,越南,内容营销,75.0,10,864.71,2,5,5,重要保持用户
U06723,越南,付费广告,159.0,10,864.68,2,5,5,重要保持用户
U01148,菲律宾,付费广告,215.0,9,864.66,1,5,5,重要保持用户
U07249,菲律宾,付费广告,4.0,8,864.59,3,5,5,一般挽留用户
U00367,马来西亚,KOL推荐,224.0,6,864.35,1,4,5,重要保持用户
U04722,泰国,内容营销,253.0,5,863.84,1,4,5,重要保持用户
U03705,菲律宾,社交媒体,253.0,8,861.75,1,5,5,重要保持用户
U03068,越南,付费广告,160.0,10,861.39,2,5,5,重要保持用户
U05272,越南,自然搜索,105.0,10,860.85,2,5,5,重要保持用户
U05973,菲律宾,内容营销,31.0,10,860.31,3,5,5,一般挽留用户
U07070,越南,内容营销,6.0,9,859.7,3,5,5,一般挽留用户
U00450,菲律宾,社交媒体,50.0,10,859.21,2,5,5,重要保持用户
U05183,马来西亚,自然搜索,83.0,5,858.41,2,4,5,重要保持用户
U03933,泰国,自然搜索,12.0,4,857.92,3,4,5,一般挽留用户
U03703,菲律宾,付费广告,3.0,8,857.76,3,5,5,一般挽留用户
U00428,越南,付费广告,141.0,9,853.5,2,5,5,重要保持用户
U06580,菲律宾,付费广告,37.0,8,853.47,3,5,5,一般挽留用户
U01471,印尼,社交媒体,45.0,7,851.51,3,5,5,一般挽留用户
U07576,印尼,付费广告,109.0,7,848.5,2,5,5,重要保持用户
U02750,越南,付费广告,43.0,9,848.11,3,5,5,一般挽留用户
U03490,泰国,内容营销,14.0,5,847.11,3,4,5,一般挽留用户
U02958,越南,社交媒体,12.0,9,847.11,3,5,5,一般挽留用户
U06400,印尼,自然搜索,122.0,8,847.09,2,5,5,重要保持用户
U07234,越南,自然搜索,34.0,9,846.44,3,5,5,一般挽留用户
U04114,印尼,内容营销,91.0,9,845.8,2,5,5,重要保持用户
U00919,泰国,社交媒体,29.0,5,845.5,3,4,5,一般挽留用户
U05112,印尼,自然搜索,36.0,7,843.88,3,5,5,一般挽留用户
U05059,越南,付费广告,66.0,9,842.78,2,5,5,重要保持用户
U06268,越南,内容营销,99.0,9,839.98,2,5,5,重要保持用户
U05513,印尼,社交媒体,72.0,8,839.86,2,5,5,重要保持用户
U00357,印尼,付费广告,335.0,7,839.48,1,5,5,重要保持用户
U03332,泰国,内容营销,47.0,5,839.4,3,4,5,一般挽留用户
U01996,马来西亚,内容营销,339.0,5,839.0,1,4,5,重要保持用户
U02346,印尼,付费广告,39.0,8,838.99,3,5,5,一般挽留用户
U03479,越南,KOL推荐,22.0,9,838.08,3,5,5,一般挽留用户
U03275,菲律宾,付费广告,27.0,8,835.24,3,5,5,一般挽留用户
U04795,越南,内容营销,38.0,10,834.5,3,5,5,一般挽留用户
U04017,菲律宾,KOL推荐,109.0,9,832.09,2,5,5,重要保持用户
U05615,菲律宾,社交媒体,4.0,9,832.07,3,5,5,一般挽留用户
U03713,印尼,付费广告,52.0,7,827.97,2,5,5,重要保持用户
U05968,马来西亚,KOL推荐,50.0,5,827.37,2,4,5,重要保持用户
U04918,菲律宾,自然搜索,74.0,8,824.38,2,5,5,重要保持用户
U07433,泰国,社交媒体,106.0,5,824.04,2,4,5,重要保持用户
U02287,越南,自然搜索,120.0,9,823.08,2,5,5,重要保持用户
U03979,越南,付费广告,27.0,9,822.48,3,5,5,一般挽留用户
U02990,泰国,社交媒体,23.0,4,821.52,3,4,5,一般挽留用户
U05476,越南,自然搜索,178.0,9,820.77,1,5,5,重要保持用户
U02689,越南,自然搜索,67.0,9,820.68,2,5,5,重要保持用户
U01253,泰国,付费广告,210.0,4,820.52,1,4,5,重要保持用户
U05345,印尼,付费广告,143.0,8,820.25,2,5,5,重要保持用户
U02433,越南,付费广告,40.0,9,820.14,3,5,5,一般挽留用户
U05681,印尼,KOL推荐,28.0,7,820.07,3,5,5,一般挽留用户
U00141,越南,社交媒体,2.0,9,819.17,3,5,5,一般挽留用户
U03988,越南,KOL推荐,35.0,10,818.37,3,5,5,一般挽留用户
U01274,印尼,社交媒体,111.0,7,818.09,2,5,5,重要保持用户
U01641,菲律宾,付费广告,56.0,9,817.65,2,5,5,重要保持用户
U05102,印尼,自然搜索,33.0,8,816.26,3,5,5,一般挽留用户
U06442,印尼,自然搜索,60.0,6,814.59,2,4,5,重要保持用户
U01771,菲律宾,付费广告,21.0,9,813.87,3,5,5,一般挽留用户
U02984,印尼,付费广告,100.0,7,813.68,2,5,5,重要保持用户
U01729,印尼,自然搜索,48.0,7,812.2,3,5,5,一般挽留用户
U05212,越南,自然搜索,128.0,9,812.14,2,5,5,重要保持用户
U02604,泰国,付费广告,169.0,4,811.74,2,4,5,重要保持用户
U01877,印尼,付费广告,67.0,8,811.0,2,5,4,重要保持用户
U06700,印尼,内容营销,174.0,7,810.96,1,5,4,重要保持用户
U03718,越南,付费广告,46.0,9,809.86,3,5,4,一般挽留用户
U02720,菲律宾,社交媒体,236.0,9,808.1,1,5,4,重要保持用户
U04330,越南,社交媒体,39.0,9,806.05,3,5,4,一般挽留用户
U01795,泰国,社交媒体,106.0,5,805.79,2,4,4,重要保持用户
U04972,印尼,KOL推荐,7.0,7,803.81,3,5,4,一般挽留用户
U01614,越南,内容营销,7.0,9,802.79,3,5,4,一般挽留用户
U07206,越南,KOL推荐,123.0,9,801.72,2,5,4,重要保持用户
U07467,印尼,社交媒体,20.0,7,801.54,3,5,4,一般挽留用户
U07331,菲律宾,内容营销,51.0,8,801.3,2,5,4,重要保持用户
U02654,菲律宾,付费广告,6.0,9,799.29,3,5,4,一般挽留用户
U03753,印尼,自然搜索,133.0,7,798.86,2,5,4,重要保持用户
U00351,菲律宾,自然搜索,102.0,8,798.85,2,5,4,重要保持用户
U05878,越南,社交媒体,3.0,8,798.85,3,5,4,一般挽留用户
U02412,印尼,自然搜索,40.0,7,798.39,3,5,4,一般挽留用户
U06955,越南,社交媒体,25.0,9,797.83,3,5,4,一般挽留用户
U05038,印尼,社交媒体,56.0,7,796.78,2,5,4,重要保持用户
U04106,马来西亚,KOL推荐,38.0,5,795.97,3,4,4,一般挽留用户
U01087,泰国,内容营销,173.0,4,793.79,2,4,4,重要保持用户
U07131,越南,内容营销,18.0,8,792.87,3,5,4,一般挽留用户
U00300,泰国,KOL推荐,200.0,4,792.25,1,4,4,重要保持用户
U04019,泰国,自然搜索,102.0,4,791.77,2,4,4,重要保持用户
U01200,菲律宾,内容营销,129.0,8,791.45,2,5,4,重要保持用户
U00414,印尼,自然搜索,206.0,7,791.15,1,5,4,重要保持用户
U02575,印尼,内容营销,7.0,7,790.14,3,5,4,一般挽留用户
U07317,印尼,自然搜索,2.0,7,790.12,3,5,4,一般挽留用户
U02465,泰国,付费广告,240.0,4,789.75,1,4,4,重要保持用户
U01010,泰国,付费广告,26.0,4,789.26,3,4,4,一般挽留用户
U00929,越南,内容营销,32.0,9,788.96,3,5,4,一般挽留用户
U07665,越南,KOL推荐,13.0,9,787.62,3,5,4,一般挽留用户
U05061,马来西亚,付费广告,82.0,5,787.56,2,4,4,重要保持用户
U07584,印尼,自然搜索,49.0,7,785.13,2,5,4,重要保持用户
U03427,印尼,社交媒体,153.0,7,784.97,2,5,4,重要保持用户
U01533,越南,KOL推荐,210.0,8,784.37,1,5,4,重要保持用户
U02722,菲律宾,付费广告,40.0,8,784.21,3,5,4,一般挽留用户
U07521,印尼,内容营销,89.0,7,782.93,2,5,4,重要保持用户
U07873,菲律宾,付费广告,75.0,8,781.84,2,5,4,重要保持用户
U06710,泰国,付费广告,32.0,4,781.84,3,4,4,一般挽留用户
U05468,菲律宾,自然搜索,45.0,9,780.69,3,5,4,一般挽留用户
U02748,菲律宾,付费广告,265.0,8,780.47,1,5,4,重要保持用户
U07763,印尼,自然搜索,193.0,7,780.26,1,5,4,重要保持用户
U03020,越南,社交媒体,49.0,8,779.41,2,5,4,重要保持用户
U01770,越南,KOL推荐,5.0,9,779.36,3,5,4,一般挽留用户
U05407,越南,内容营销,153.0,8,779.3,2,5,4,重要保持用户
U07943,泰国,自然搜索,5.0,4,778.84,3,4,4,一般挽留用户
U02196,越南,社交媒体,114.0,9,778.66,2,5,4,重要保持用户
U00696,越南,内容营销,229.0,9,776.2,1,5,4,重要保持用户
U04905,泰国,社交媒体,207.0,5,774.53,1,4,4,重要保持用户
U02385,印尼,自然搜索,29.0,7,774.1,3,5,4,一般挽留用户
U01082,越南,付费广告,16.0,9,773.9,3,5,4,一般挽留用户
U05621,马来西亚,付费广告,340.0,4,773.18,1,4,4,重要保持用户
U05227,菲律宾,社交媒体,65.0,8,772.92,2,5,4,重要保持用户
U07077,印尼,付费广告,376.0,7,772.58,1,5,4,重要保持用户
U02203,泰国,付费广告,153.0,4,772.38,2,4,4,重要保持用户
U01964,印尼,付费广告,39.0,7,770.59,3,5,4,一般挽留用户
U04866,越南,付费广告,28.0,9,769.92,3,5,4,一般挽留用户
U03310,印尼,自然搜索,86.0,7,768.64,2,5,4,重要保持用户
U00086,印尼,内容营销,20.0,7,768.26,3,5,4,一般挽留用户
U04010,泰国,内容营销,30.0,4,766.77,3,4,4,一般挽留用户
U04641,越南,社交媒体,189.0,8,766.76,1,5,4,重要保持用户
U02101,印尼,社交媒体,97.0,7,765.57,2,5,4,重要保持用户
U06447,印尼,付费广告,83.0,7,765.37,2,5,4,重要保持用户
U03731,马来西亚,自然搜索,77.0,4,764.13,2,4,4,重要保持用户
U05843,泰国,自然搜索,26.0,4,762.47,3,4,4,一般挽留用户
U00163,印尼,付费广告,43.0,7,762.26,3,5,4,一般挽留用户
U04241,越南,自然搜索,36.0,10,761.77,3,5,4,一般挽留用户
U00439,泰国,付费广告,24.0,4,761.75,3,4,4,一般挽留用户
U07538,越南,付费广告,76.0,9,760.74,2,5,4,重要保持用户
U04334,越南,付费广告,72.0,9,760.47,2,5,4,重要保持用户
U05619,泰国,自然搜索,248.0,4,758.88,1,4,4,重要保持用户
U04125,印尼,内容营销,83.0,7,758.39,2,5,4,重要保持用户
U02709,越南,自然搜索,29.0,8,757.48,3,5,4,一般挽留用户
U06374,泰国,内容营销,78.0,4,757.15,2,4,4,重要保持用户
U00723,印尼,付费广告,223.0,6,756.77,1,4,4,重要保持用户
U06817,马来西亚,付费广告,52.0,4,755.72,2,4,4,重要保持用户
U03865,越南,自然搜索,21.0,9,754.4,3,5,4,一般挽留用户
U00517,菲律宾,内容营销,312.0,8,753.85,1,5,4,重要保持用户
U04277,越南,社交媒体,13.0,9,753.62,3,5,4,一般挽留用户
U05249,印尼,付费广告,25.0,7,752.32,3,5,4,一般挽留用户
U05803,菲律宾,付费广告,125.0,7,751.99,2,5,4,重要保持用户
U00829,越南,付费广告,54.0,9,750.81,2,5,4,重要保持用户
U02368,越南,社交媒体,37.0,8,750.53,3,5,4,一般挽留用户
U02323,越南,自然搜索,7.0,9,749.69,3,5,4,一般挽留用户
U00813,马来西亚,付费广告,226.0,4,749.37,1,4,4,重要保持用户
U07043,泰国,社交媒体,424.0,4,748.67,1,4,4,重要保持用户
U02971,泰国,内容营销,180.0,4,748.56,1,4,4,重要保持用户
U01632,印尼,自然搜索,52.0,7,748.4,2,5,4,重要保持用户
U00518,马来西亚,付费广告,11.0,5,747.45,3,4,4,一般挽留用户
U06252,越南,付费广告,16.0,8,746.99,3,5,4,一般挽留用户
U04306,印尼,付费广告,82.0,7,746.56,2,5,4,重要保持用户
U04834,印尼,付费广告,28.0,6,745.57,3,4,4,一般挽留用户
U04533,越南,付费广告,91.0,9,745.45,2,5,4,重要保持用户
U00258,印尼,社交媒体,177.0,7,745.43,1,5,4,重要保持用户
U02708,泰国,社交媒体,91.0,4,745.34,2,4,4,重要保持用户
U00420,菲律宾,社交媒体,31.0,8,743.84,3,5,4,一般挽留用户
U05382,越南,社交媒体,96.0,8,742.8,2,5,4,重要保持用户
U02490,越南,自然搜索,36.0,8,742.26,3,5,4,一般挽留用户
U06480,印尼,自然搜索,266.0,7,740.71,1,5,4,重要保持用户
U03367,越南,内容营销,91.0,8,739.61,2,5,4,重要保持用户
U01854,马来西亚,内容营销,348.0,5,737.41,1,4,4,重要保持用户
U07423,越南,社交媒体,208.0,8,736.32,1,5,4,重要保持用户
U00196,印尼,社交媒体,34.0,6,735.42,3,4,4,一般挽留用户
U00412,马来西亚,付费广告,74.0,4,735.08,2,4,4,重要保持用户
U00558,菲律宾,KOL推荐,36.0,7,735.03,3,5,4,一般挽留用户
U02453,越南,内容营销,117.0,8,733.54,2,5,4,重要保持用户
U07920,印尼,内容营销,6.0,6,732.69,3,4,4,一般挽留用户
U02303,越南,内容营销,38.0,8,732.49,3,5,4,一般挽留用户
U05528,越南,付费广告,103.0,9,732.44,2,5,4,重要保持用户
U06637,印尼,付费广告,12.0,6,731.97,3,4,4,一般挽留用户
U04760,印尼,自然搜索,31.0,6,730.75,3,4,4,一般挽留用户
U05246,菲律宾,付费广告,65.0,9,729.49,2,5,4,重要保持用户
U04047,印尼,内容营销,20.0,7,728.48,3,5,4,一般挽留用户
U07047,泰国,付费广告,91.0,4,727.95,2,4,4,重要保持用户
U04007,越南,内容营销,411.0,9,727.49,1,5,4,重要保持用户
U05949,菲律宾,内容营销,155.0,7,727.24,2,5,4,重要保持用户
U02390,越南,内容营销,39.0,9,726.64,3,5,4,一般挽留用户
U05425,印尼,KOL推荐,48.0,7,725.67,3,5,4,一般挽留用户
U00409,泰国,付费广告,11.0,4,725.43,3,4,4,一般挽留用户
U03529,越南,社交媒体,29.0,8,725.02,3,5,4,一般挽留用户
U05732,印尼,内容营销,197.0,6,723.4,1,4,4,重要保持用户
U03005,菲律宾,内容营销,2.0,7,723.16,3,5,4,一般挽留用户
U05081,泰国,自然搜索,35.0,4,722.74,3,4,4,一般挽留用户
U06043,泰国,自然搜索,242.0,4,722.71,1,4,4,重要保持用户
U00031,泰国,社交媒体,268.0,4,722.62,1,4,4,重要保持用户
U03732,越南,付费广告,1.0,8,722.5,3,5,4,一般挽留用户
U06913,泰国,社交媒体,67.0,4,722.45,2,4,4,重要保持用户
U04820,越南,自然搜索,168.0,8,720.29,2,5,4,重要保持用户
U05070,印尼,付费广告,196.0,6,718.3,1,4,4,重要保持用户
U04115,越南,自然搜索,48.0,9,718.1,3,5,4,一般挽留用户
U01817,菲律宾,付费广告,14.0,7,717.39,3,5,4,一般挽留用户
U00170,印尼,KOL推荐,232.0,7,717.35,1,5,4,重要保持用户
U06435,印尼,付费广告,56.0,6,716.15,2,4,4,重要保持用户
U02769,印尼,社交媒体,20.0,7,716.08,3,5,4,一般挽留用户
U01713,越南,自然搜索,211.0,7,715.61,1,5,4,重要保持用户
U00935,越南,社交媒体,27.0,7,712.63,3,5,4,一般挽留用户
U05747,马来西亚,社交媒体,141.0,4,711.77,2,4,4,重要保持用户
U07312,越南,自然搜索,116.0,7,711.37,2,5,4,重要保持用户
U03849,泰国,内容营销,106.0,4,711.01,2,4,4,重要保持用户
U01882,印尼,付费广告,3.0,6,709.83,3,4,4,一般挽留用户
U07335,泰国,KOL推荐,14.0,4,709.23,3,4,4,一般挽留用户
U00254,泰国,付费广告,464.0,4,708.25,1,4,4,重要保持用户
U01505,越南,付费广告,52.0,7,706.71,2,4,4,重要保持用户
U01557,越南,付费广告,33.0,8,706.14,3,5,4,一般挽留用户
U07268,印尼,自然搜索,92.0,6,705.21,2,4,4,重要保持用户
U05625,菲律宾,付费广告,35.0,7,704.63,3,4,4,一般挽留用户
U03335,印尼,社交媒体,11.0,7,704.54,3,4,4,一般挽留用户
U02590,菲律宾,KOL推荐,38.0,8,703.51,3,5,4,一般挽留用户
U06904,越南,社交媒体,226.0,7,703.37,1,4,4,重要保持用户
U03475,菲律宾,自然搜索,63.0,7,703.07,2,4,4,重要保持用户
U01003,印尼,付费广告,3.0,6,702.17,3,4,4,一般挽留用户
U07281,泰国,KOL推荐,1.0,3,701.72,3,4,4,一般挽留用户
U06483,泰国,付费广告,264.0,4,701.15,1,4,4,重要保持用户
U00763,印尼,内容营销,21.0,6,701.04,3,4,4,一般挽留用户
U07158,越南,付费广告,182.0,7,700.89,1,4,4,重要保持用户
U01008,泰国,付费广告,91.0,4,699.6,2,4,4,重要保持用户
U03543,越南,付费广告,4.0,8,698.82,3,5,4,一般挽留用户
U00572,越南,付费广告,144.0,8,698.57,2,5,4,重要保持用户
U03706,印尼,内容营销,3.0,6,697.25,3,4,4,一般挽留用户
U06918,印尼,社交媒体,133.0,6,696.82,2,4,4,重要保持用户
U07171,菲律宾,自然搜索,150.0,7,696.72,2,4,4,重要保持用户
U04276,越南,社交媒体,248.0,8,695.84,1,5,4,重要保持用户
U07636,越南,社交媒体,147.0,8,694.53,2,5,4,重要保持用户
U04691,越南,社交媒体,9.0,8,694.48,3,5,4,一般挽留用户
U03856,越南,付费广告,3.0,7,694.27,3,4,4,一般挽留用户
U04424,越南,社交媒体,7.0,8,694.06,3,5,4,一般挽留用户
U05943,菲律宾,自然搜索,81.0,7,693.9,2,4,4,重要保持用户
U05838,印尼,付费广告,102.0,6,693.84,2,4,4,重要保持用户
U06675,菲律宾,自然搜索,58.0,7,693.2,2,4,4,重要保持用户
U07717,马来西亚,KOL推荐,301.0,4,692.65,1,4,4,重要保持用户
U07708,印尼,社交媒体,106.0,6,692.01,2,4,4,重要保持用户
U00820,菲律宾,自然搜索,231.0,7,689.51,1,4,4,重要保持用户
U05191,印尼,付费广告,180.0,6,689.35,1,4,4,重要保持用户
U04653,菲律宾,付费广告,140.0,8,689.35,2,5,4,重要保持用户
U06163,越南,自然搜索,59.0,8,688.92,2,5,4,重要保持用户
U01347,越南,内容营销,71.0,8,687.92,2,5,4,重要保持用户
U06883,越南,付费广告,60.0,7,686.04,2,4,4,重要保持用户
U00490,越南,KOL推荐,46.0,8,685.79,3,5,4,一般挽留用户
U06403,菲律宾,KOL推荐,73.0,7,684.16,2,4,4,重要保持用户
U00045,印尼,自然搜索,149.0,6,684.11,2,4,4,重要保持用户
U00391,越南,自然搜索,4.0,7,683.75,3,4,4,一般挽留用户
U00790,泰国,内容营销,172.0,4,682.99,2,4,4,重要保持用户
U05187,越南,内容营销,182.0,8,682.38,1,5,4,重要保持用户
U01772,菲律宾,自然搜索,63.0,7,682.26,2,4,4,重要保持用户
U07455,马来西亚,付费广告,23.0,4,681.46,3,4,4,一般挽留用户
U05834,菲律宾,付费广告,90.0,7,681.34,2,4,4,重要保持用户
U01947,泰国,付费广告,123.0,3,680.29,2,4,4,重要保持用户
U07263,泰国,付费广告,51.0,3,680.18,2,4,4,重要保持用户
U00948,菲律宾,自然搜索,101.0,8,680.01,2,5,4,重要保持用户
U06018,印尼,内容营销,4.0,6,679.18,3,4,4,一般挽留用户
U03436,泰国,付费广告,284.0,4,679.0,1,4,4,重要保持用户
U03507,越南,自然搜索,150.0,7,677.25,2,4,4,重要保持用户
U01131,印尼,社交媒体,41.0,6,676.79,3,4,4,一般挽留用户
U01951,泰国,社交媒体,42.0,4,676.6,3,4,4,一般挽留用户
U00250,越南,内容营销,85.0,8,675.35,2,5,4,重要保持用户
U05537,菲律宾,KOL推荐,4.0,7,675.03,3,4,4,一般挽留用户
U03608,马来西亚,自然搜索,130.0,5,675.02,2,4,4,重要保持用户
U06205,马来西亚,社交媒体,147.0,5,674.75,2,4,4,重要保持用户
U04874,越南,内容营销,2.0,7,674.62,3,4,4,一般挽留用户
U07364,印尼,KOL推荐,106.0,6,674.19,2,4,4,重要保持用户
U04716,印尼,自然搜索,45.0,6,674.0,3,4,4,一般挽留用户
U03986,泰国,付费广告,357.0,4,673.8,1,4,4,重要保持用户
U06835,泰国,付费广告,31.0,4,673.78,3,4,4,一般挽留用户
U01349,泰国,内容营销,127.0,4,673.48,2,4,4,重要保持用户
U07674,印尼,内容营销,180.0,6,673.47,1,4,4,重要保持用户
U05837,越南,KOL推荐,25.0,8,672.82,3,5,4,一般挽留用户
U04382,印尼,付费广告,63.0,6,671.93,2,4,4,重要保持用户
U07063,菲律宾,自然搜索,83.0,7,669.87,2,4,4,重要保持用户
U04582,菲律宾,KOL推荐,151.0,7,668.15,2,4,4,重要保持用户
U05018,印尼,付费广告,53.0,6,667.51,2,4,4,重要保持用户
U05411,越南,自然搜索,10.0,8,667.36,3,5,4,一般挽留用户
U06494,马来西亚,社交媒体,147.0,4,667.13,2,4,4,重要保持用户
U01004,菲律宾,社交媒体,27.0,7,667.11,3,4,4,一般挽留用户
U06317,印尼,自然搜索,140.0,7,667.1,2,4,4,重要保持用户
U05737,越南,KOL推荐,77.0,7,665.94,2,4,4,重要保持用户
U05484,印尼,KOL推荐,132.0,6,665.84,2,4,4,重要保持用户
U00557,泰国,社交媒体,66.0,3,664.07,2,4,4,重要保持用户
U01532,印尼,付费广告,231.0,6,663.2,1,4,4,重要保持用户
U01567,泰国,内容营销,98.0,4,663.0,2,4,4,重要保持用户
U01571,泰国,自然搜索,157.0,4,660.95,2,4,4,重要保持用户
U03724,越南,社交媒体,94.0,8,659.88,2,5,4,重要保持用户
U01477,菲律宾,内容营销,122.0,7,659.87,2,4,4,重要保持用户
U06458,泰国,社交媒体,289.0,4,657.78,1,4,4,重要保持用户
U06463,越南,自然搜索,38.0,7,657.67,3,4,4,一般挽留用户
U04636,越南,社交媒体,151.0,8,657.59,2,5,4,重要保持用户
U07114,印尼,自然搜索,86.0,6,656.74,2,4,4,重要保持用户
U07163,印尼,付费广告,60.0,6,655.85,2,4,4,重要保持用户
U03875,越南,内容营销,16.0,8,655.3,3,5,4,一般挽留用户
U04912,印尼,内容营销,35.0,6,654.8,3,4,4,一般挽留用户
U02150,越南,内容营销,151.0,7,654.54,2,4,4,重要保持用户
U03341,印尼,自然搜索,1.0,5,654.36,3,4,4,一般挽留用户
U07262,印尼,社交媒体,66.0,6,653.47,2,4,4,重要保持用户
U06439,印尼,付费广告,5.0,6,651.7,3,4,4,一般挽留用户
U02568,菲律宾,内容营销,430.0,7,651.09,1,4,4,重要保持用户
U04319,印尼,内容营销,27.0,5,650.52,3,4,4,一般挽留用户
U03787,越南,社交媒体,50.0,7,649.22,2,4,4,重要保持用户
U01057,越南,自然搜索,155.0,8,647.8,2,5,4,重要保持用户
U01930,印尼,KOL推荐,71.0,6,647.79,2,4,4,重要保持用户
U05211,泰国,自然搜索,181.0,4,647.54,1,4,4,重要保持用户
U03721,菲律宾,内容营销,118.0,7,646.52,2,4,4,重要保持用户
U00441,马来西亚,自然搜索,85.0,4,645.01,2,4,4,重要保持用户
U04861,菲律宾,内容营销,74.0,6,644.93,2,4,4,重要保持用户
U04423,印尼,付费广告,21.0,6,643.66,3,4,4,一般挽留用户
U04060,越南,内容营销,72.0,7,641.55,2,4,4,重要保持用户
U00025,菲律宾,付费广告,5.0,7,640.56,3,4,4,一般挽留用户
U07196,泰国,KOL推荐,398.0,4,640.26,1,4,4,重要保持用户
U04325,马来西亚,KOL推荐,35.0,4,639.45,3,4,4,一般挽留用户
U04415,印尼,自然搜索,1.0,5,639.33,3,4,4,一般挽留用户
U05572,菲律宾,内容营销,58.0,6,638.45,2,4,4,重要保持用户
U00216,越南,社交媒体,189.0,7,638.17,1,4,4,重要保持用户
U02676,越南,内容营销,62.0,6,637.64,2,4,4,重要保持用户
U01357,越南,自然搜索,45.0,7,636.95,3,4,4,一般挽留用户
U01018,马来西亚,自然搜索,28.0,4,636.39,3,4,4,一般挽留用户
U00328,越南,内容营销,17.0,7,635.96,3,4,4,一般挽留用户
U06278,菲律宾,KOL推荐,374.0,6,634.93,1,4,4,重要保持用户
U06122,泰国,社交媒体,30.0,3,634.85,3,4,4,一般挽留用户
U00637,泰国,付费广告,395.0,3,634.52,1,4,4,重要保持用户
U03094,泰国,付费广告,161.0,3,634.44,2,4,4,重要保持用户
U01541,泰国,付费广告,216.0,3,634.41,1,4,4,重要保持用户
U07019,印尼,社交媒体,7.0,7,633.63,3,4,4,一般挽留用户
U07272,印尼,付费广告,95.0,6,633.29,2,4,4,重要保持用户
U02189,印尼,自然搜索,346.0,6,633.19,1,4,4,重要保持用户
U00687,越南,自然搜索,191.0,7,633.09,1,4,4,重要保持用户
U05163,越南,自然搜索,37.0,7,632.91,3,4,4,一般挽留用户
U02353,菲律宾,KOL推荐,174.0,6,632.86,1,4,4,重要保持用户
U02830,印尼,自然搜索,353.0,5,631.23,1,4,4,重要保持用户
U05499,印尼,社交媒体,270.0,6,630.38,1,4,4,重要保持用户
U04163,越南,自然搜索,42.0,7,630.11,3,4,4,一般挽留用户
U03493,菲律宾,KOL推荐,44.0,7,628.91,3,4,4,一般挽留用户
U06678,印尼,付费广告,119.0,6,627.45,2,4,4,重要保持用户
U01448,马来西亚,付费广告,287.0,4,627.26,1,4,4,重要保持用户
U06240,马来西亚,KOL推荐,258.0,4,625.96,1,4,4,重要保持用户
U04345,越南,KOL推荐,56.0,7,625.59,2,4,4,重要保持用户
U02992,印尼,KOL推荐,163.0,6,624.61,2,4,4,重要保持用户
U01633,菲律宾,社交媒体,281.0,7,623.21,1,4,4,重要保持用户
U03287,菲律宾,付费广告,111.0,6,621.75,2,4,4,重要保持用户
U00635,越南,KOL推荐,86.0,8,621.6,2,5,4,重要保持用户
U06761,泰国,内容营销,105.0,3,619.63,2,4,4,重要保持用户
U00274,印尼,付费广告,91.0,6,619.63,2,4,4,重要保持用户
U03422,菲律宾,内容营销,34.0,6,617.96,3,4,4,一般挽留用户
U01159,泰国,付费广告,131.0,3,617.19,2,4,4,重要保持用户
U05462,泰国,付费广告,31.0,3,616.19,3,4,4,一般挽留用户
U00719,印尼,付费广告,274.0,5,616.04,1,4,4,重要保持用户
U00127,菲律宾,内容营销,78.0,6,614.98,2,4,4,重要保持用户
U06021,菲律宾,付费广告,55.0,6,614.16,2,4,4,重要保持用户
U00581,马来西亚,KOL推荐,7.0,4,613.03,3,4,4,一般挽留用户
U05685,菲律宾,自然搜索,3.0,6,612.49,3,4,4,一般挽留用户
U04987,印尼,自然搜索,159.0,5,611.28,2,4,4,重要保持用户
U01182,印尼,自然搜索,348.0,5,610.25,1,4,4,重要保持用户
U00200,印尼,自然搜索,172.0,5,610.2,2,4,4,重要保持用户
U01045,印尼,自然搜索,2.0,6,609.99,3,4,4,一般挽留用户
U03793,印尼,自然搜索,135.0,5,608.57,2,4,4,重要保持用户
U02695,印尼,KOL推荐,52.0,6,608.2,2,4,4,重要保持用户
U04649,泰国,内容营销,213.0,3,607.45,1,4,4,重要保持用户
U04737,越南,社交媒体,38.0,7,607.41,3,4,4,一般挽留用户
U05856,泰国,自然搜索,278.0,3,605.13,1,4,4,重要保持用户
U05065,泰国,社交媒体,593.0,3,604.63,1,4,4,重要保持用户
U00465,越南,付费广告,119.0,7,604.4,2,4,4,重要保持用户
U07123,菲律宾,社交媒体,27.0,6,601.33,3,4,4,一般挽留用户
U01226,越南,付费广告,134.0,6,600.8,2,4,4,重要保持用户
U04310,越南,社交媒体,14.0,7,600.39,3,4,4,一般挽留用户
U04311,马来西亚,社交媒体,90.0,4,599.46,2,4,4,重要保持用户
U01259,印尼,自然搜索,24.0,5,599.01,3,4,4,一般挽留用户
U02053,马来西亚,付费广告,13.0,4,598.92,3,4,4,一般挽留用户
U03955,菲律宾,KOL推荐,184.0,6,598.19,1,4,4,重要保持用户
U06788,菲律宾,自然搜索,12.0,6,597.39,3,4,4,一般挽留用户
U05054,越南,自然搜索,56.0,6,597.05,2,4,4,重要保持用户
U04898,泰国,内容营销,148.0,3,596.97,2,4,4,重要保持用户
U05121,马来西亚,自然搜索,23.0,4,595.83,3,4,4,一般挽留用户
U02424,越南,KOL推荐,87.0,7,594.79,2,4,4,重要保持用户
U00936,泰国,自然搜索,378.0,3,594.77,1,4,4,重要保持用户
U05749,印尼,自然搜索,94.0,6,594.74,2,4,4,重要保持用户
U01227,越南,内容营销,7.0,6,594.19,3,4,4,一般挽留用户
U03505,印尼,KOL推荐,246.0,5,592.68,1,4,4,重要保持用户
U03411,泰国,付费广告,33.0,3,592.6,3,4,4,一般挽留用户
U04552,泰国,付费广告,99.0,3,591.28,2,4,4,重要保持用户
U07140,马来西亚,社交媒体,378.0,4,590.24,1,4,4,重要保持用户
U05178,印尼,付费广告,221.0,5,589.44,1,4,4,重要保持用户
U05925,印尼,自然搜索,184.0,5,588.62,1,4,4,重要保持用户
U07736,马来西亚,付费广告,89.0,4,588.29,2,4,4,重要保持用户
U01925,泰国,自然搜索,356.0,3,587.91,1,4,4,重要保持用户
U04836,越南,内容营销,47.0,6,587.4,3,4,4,一般挽留用户
U01965,印尼,社交媒体,15.0,5,586.63,3,4,4,一般挽留用户
U02751,印尼,社交媒体,27.0,5,586.62,3,4,4,一般挽留用户
U05270,泰国,自然搜索,116.0,3,585.78,2,4,4,重要保持用户
U02239,泰国,付费广告,129.0,3,585.63,2,4,4,重要保持用户
U01430,越南,KOL推荐,43.0,6,583.95,3,4,4,一般挽留用户
U01340,越南,社交媒体,185.0,7,583.5,1,4,4,重要保持用户
U04715,越南,自然搜索,7.0,6,580.9,3,4,4,一般挽留用户
U03527,菲律宾,KOL推荐,101.0,6,580.83,2,4,4,重要保持用户
U01543,越南,付费广告,57.0,7,580.26,2,4,4,重要保持用户
U03424,菲律宾,KOL推荐,261.0,7,580.09,1,4,4,重要保持用户
U05505,泰国,内容营销,43.0,3,578.25,3,4,4,一般挽留用户
U01358,越南,内容营销,110.0,6,578.03,2,4,4,重要保持用户
U07370,印尼,自然搜索,217.0,5,578.01,1,4,4,重要保持用户
U02734,马来西亚,付费广告,244.0,4,576.47,1,4,4,重要保持用户
U00063,越南,自然搜索,181.0,6,575.52,1,4,4,重要保持用户
U07659,印尼,付费广告,130.0,6,575.2,2,4,4,重要保持用户
U06364,越南,自然搜索,14.0,7,575.18,3,4,4,一般挽留用户
U06522,菲律宾,内容营销,113.0,6,574.46,2,4,4,重要保持用户
U00934,泰国,社交媒体,12.0,3,574.34,3,4,4,一般挽留用户
U01085,越南,自然搜索,85.0,6,573.89,2,4,4,重要保持用户
U02756,越南,自然搜索,3.0,7,572.9,3,4,4,一般挽留用户
U07648,越南,自然搜索,60.0,6,571.25,2,4,4,重要保持用户
U07492,越南,社交媒体,61.0,6,570.35,2,4,4,重要保持用户
U05607,菲律宾,社交媒体,106.0,6,570.03,2,4,4,重要保持用户
U05424,越南,内容营销,32.0,7,568.98,3,4,4,一般挽留用户
U00512,马来西亚,社交媒体,47.0,4,567.66,3,4,4,一般挽留用户
U03325,菲律宾,付费广告,33.0,5,567.11,3,4,4,一般挽留用户
U05262,印尼,社交媒体,340.0,5,566.01,1,4,4,重要保持用户
U02129,越南,社交媒体,6.0,7,565.76,3,4,4,一般挽留用户
U06281,印尼,社交媒体,3.0,5,565.71,3,4,4,一般挽留用户
U02271,越南,付费广告,1.0,6,565.33,3,4,4,一般挽留用户
U01684,泰国,社交媒体,96.0,3,565.24,2,4,4,重要保持用户
U07135,印尼,自然搜索,26.0,6,564.86,3,4,4,一般挽留用户
U01801,印尼,自然搜索,19.0,5,564.31,3,4,4,一般挽留用户
U05931,越南,内容营销,74.0,6,564.01,2,4,4,重要保持用户
U00331,菲律宾,社交媒体,57.0,5,563.55,2,4,4,重要保持用户
U07500,印尼,内容营销,194.0,5,562.8,1,4,4,重要保持用户
U03124,印尼,自然搜索,94.0,5,562.77,2,4,4,重要保持用户
U04261,菲律宾,付费广告,120.0,6,561.24,2,4,4,重要保持用户
U06347,马来西亚,付费广告,379.0,3,561.07,1,4,4,重要保持用户
U03047,越南,付费广告,89.0,6,560.94,2,4,4,重要保持用户
U01836,泰国,内容营销,329.0,3,560.69,1,4,4,重要保持用户
U06448,泰国,付费广告,10.0,3,559.47,3,4,4,一般挽留用户
U03254,越南,付费广告,2.0,7,559.06,3,4,4,一般挽留用户
U04971,菲律宾,内容营销,105.0,6,558.22,2,4,4,重要保持用户
U01592,泰国,社交媒体,72.0,3,558.1,2,4,4,重要保持用户
U07386,泰国,自然搜索,155.0,4,556.5,2,4,4,重要保持用户
U03889,越南,付费广告,27.0,6,555.13,3,4,4,一般挽留用户
U00338,印尼,付费广告,7.0,5,554.69,3,4,4,一般挽留用户
U03357,越南,内容营销,136.0,6,554.17,2,4,4,重要保持用户
U06527,菲律宾,付费广告,71.0,6,553.95,2,4,4,重要保持用户
U03866,越南,自然搜索,123.0,6,553.07,2,4,4,重要保持用户
U02635,印尼,内容营销,128.0,5,552.38,2,4,4,重要保持用户
U04598,越南,社交媒体,13.0,6,552.24,3,4,4,一般挽留用户
U06398,越南,KOL推荐,27.0,7,550.68,3,4,4,一般挽留用户
U01569,越南,KOL推荐,11.0,5,549.96,3,4,4,一般挽留用户
U04568,泰国,社交媒体,91.0,3,549.62,2,4,4,重要保持用户
U03234,越南,自然搜索,134.0,6,549.61,2,4,4,重要保持用户
U03635,印尼,付费广告,179.0,5,548.65,1,4,4,重要保持用户
U03194,越南,自然搜索,196.0,6,548.23,1,4,4,重要保持用户
U02915,印尼,自然搜索,152.0,5,547.74,2,4,4,重要保持用户
U04042,越南,KOL推荐,121.0,7,547.06,2,4,4,重要保持用户
U07782,菲律宾,付费广告,34.0,5,546.6,3,4,4,一般挽留用户
U02508,菲律宾,社交媒体,264.0,6,546.24,1,4,4,重要保持用户
U01359,印尼,社交媒体,182.0,5,546.04,1,4,4,重要保持用户
U07720,印尼,付费广告,288.0,5,545.95,1,4,4,重要保持用户
U00915,越南,付费广告,66.0,6,545.94,2,4,4,重要保持用户
U00619,印尼,自然搜索,283.0,5,545.9,1,4,4,重要保持用户
U05540,泰国,付费广告,83.0,3,545.71,2,4,4,重要保持用户
U02713,越南,KOL推荐,17.0,6,545.5,3,4,4,一般挽留用户
U02295,泰国,内容营销,14.0,3,545.42,3,4,4,一般挽留用户
U02472,马来西亚,KOL推荐,65.0,3,544.77,2,4,4,重要保持用户
U02593,印尼,付费广告,288.0,5,544.32,1,4,4,重要保持用户
U04167,泰国,KOL推荐,11.0,4,543.8,3,4,4,一般挽留用户
U05545,泰国,社交媒体,187.0,4,543.59,1,4,4,重要保持用户
U03113,泰国,付费广告,273.0,3,543.14,1,4,4,重要保持用户
U07772,泰国,自然搜索,77.0,3,542.8,2,4,4,重要保持用户
U06012,马来西亚,付费广告,40.0,3,542.58,3,4,4,一般挽留用户
U07976,马来西亚,付费广告,258.0,3,542.27,1,4,4,重要保持用户
U02856,泰国,社交媒体,27.0,4,542.21,3,4,4,一般挽留用户
U04835,泰国,社交媒体,74.0,3,540.26,2,4,4,重要保持用户
U01335,印尼,自然搜索,56.0,4,539.39,2,4,4,重要保持用户
U07442,泰国,付费广告,55.0,4,538.64,2,4,4,重要保持用户
U05712,越南,KOL推荐,153.0,6,537.33,2,4,4,重要保持用户
U03939,越南,付费广告,14.0,6,535.5,3,4,4,一般挽留用户
U02909,越南,自然搜索,98.0,7,535.4,2,4,4,重要保持用户
U06812,泰国,付费广告,95.0,3,534.4,2,4,4,重要保持用户
U07872,马来西亚,社交媒体,107.0,3,533.94,2,4,4,重要保持用户
U03207,印尼,自然搜索,41.0,5,533.41,3,4,4,一般挽留用户
U03473,印尼,付费广告,69.0,5,533.24,2,4,4,重要保持用户
U05390,泰国,自然搜索,46.0,3,531.97,3,4,4,一般挽留用户
U01319,泰国,社交媒体,316.0,4,530.09,1,4,4,重要保持用户
U02563,泰国,自然搜索,106.0,3,529.52,2,4,4,重要保持用户
U06009,越南,内容营销,314.0,6,529.48,1,4,4,重要保持用户
U05976,泰国,社交媒体,273.0,4,528.96,1,4,4,重要保持用户
U03161,泰国,付费广告,206.0,4,528.59,1,4,4,重要保持用户
U06877,泰国,内容营销,190.0,4,528.09,1,4,4,重要保持用户
U01655,马来西亚,社交媒体,144.0,3,528.04,2,4,4,重要保持用户
U05779,泰国,社交媒体,85.0,4,526.81,2,4,4,重要保持用户
U03962,泰国,付费广告,195.0,4,525.32,1,4,4,重要保持用户
U03982,泰国,付费广告,343.0,3,524.91,1,4,4,重要保持用户
U02739,泰国,自然搜索,12.0,4,524.44,3,4,4,一般挽留用户
U07923,泰国,付费广告,1.0,3,523.71,3,4,4,一般挽留用户
U00849,印尼,自然搜索,97.0,4,522.32,2,4,4,重要保持用户
U07701,菲律宾,自然搜索,83.0,6,522.15,2,4,4,重要保持用户
U00659,印尼,内容营销,21.0,4,520.09,3,4,4,一般挽留用户
U07448,印尼,付费广告,25.0,4,519.09,3,4,4,一般挽留用户
U01265,泰国,自然搜索,129.0,3,517.82,2,4,4,重要保持用户
U06643,菲律宾,社交媒体,12.0,6,517.49,3,4,4,一般挽留用户
U02507,越南,付费广告,109.0,6,516.07,2,4,4,重要保持用户
U03349,泰国,内容营销,373.0,4,515.83,1,4,4,重要保持用户
U06509,印尼,社交媒体,9.0,5,515.78,3,4,4,一般挽留用户
U04926,越南,付费广告,189.0,6,514.96,1,4,4,重要保持用户
U06733,越南,社交媒体,186.0,6,514.92,1,4,4,重要保持用户
U02612,泰国,自然搜索,196.0,4,514.28,1,4,4,重要保持用户
U03268,印尼,内容营销,49.0,5,513.46,2,4,4,重要保持用户
U01711,泰国,内容营销,301.0,3,511.96,1,4,4,重要保持用户
U01469,菲律宾,付费广告,60.0,5,511.84,2,4,4,重要保持用户
U07945,泰国,付费广告,275.0,4,511.25,1,4,4,重要保持用户
U04589,印尼,社交媒体,225.0,5,511.17,1,4,4,重要保持用户
U03456,印尼,付费广告,10.0,5,511.01,3,4,4,一般挽留用户
U07902,越南,付费广告,74.0,6,508.51,2,4,4,重要保持用户
U01164,泰国,内容营销,6.0,4,508.14,3,4,4,一般挽留用户
U01890,泰国,社交媒体,229.0,4,508.13,1,4,4,重要保持用户
U04633,菲律宾,付费广告,57.0,5,507.64,2,4,4,重要保持用户
U00204,印尼,社交媒体,249.0,5,507.39,1,4,4,重要保持用户
U06789,印尼,内容营销,240.0,5,506.93,1,4,4,重要保持用户
U02324,菲律宾,自然搜索,179.0,6,506.31,1,4,4,重要保持用户
U01762,泰国,内容营销,38.0,3,506.01,3,4,4,一般挽留用户
U07710,泰国,自然搜索,7.0,4,505.71,3,4,4,一般挽留用户
U03632,越南,社交媒体,50.0,6,505.52,2,4,4,重要保持用户
U05987,马来西亚,付费广告,57.0,3,504.99,2,4,4,重要保持用户
U06512,菲律宾,自然搜索,65.0,6,504.14,2,4,4,重要保持用户
U07977,菲律宾,KOL推荐,168.0,5,503.64,2,4,4,重要保持用户
U03012,越南,内容营销,82.0,6,503.41,2,4,4,重要保持用户
U01874,印尼,社交媒体,133.0,5,503.15,2,4,4,重要保持用户
U03223,泰国,内容营销,92.0,4,503.08,2,4,4,重要保持用户
U05428,印尼,付费广告,14.0,5,502.81,3,4,4,一般挽留用户
U06406,越南,自然搜索,341.0,6,502.14,1,4,4,重要保持用户
U01866,泰国,付费广告,106.0,4,501.37,2,4,4,重要保持用户
U04335,泰国,自然搜索,132.0,3,501.1,2,4,4,重要保持用户
U03623,菲律宾,自然搜索,84.0,6,500.97,2,4,4,重要保持用户
U03384,泰国,付费广告,42.0,3,500.72,3,4,4,一般挽留用户
U04725,泰国,内容营销,151.0,4,500.01,2,4,4,重要保持用户
U03251,泰国,社交媒体,117.0,4,499.24,2,4,4,重要保持用户
U03181,越南,内容营销,27.0,6,498.69,3,4,4,一般挽留用户
U02156,泰国,自然搜索,31.0,4,497.34,3,4,4,一般挽留用户
U03622,泰国,自然搜索,19.0,4,495.46,3,4,4,一般挽留用户
U05366,印尼,自然搜索,263.0,4,495.0,1,4,4,重要保持用户
U01799,泰国,内容营销,63.0,4,493.99,2,4,4,重要保持用户
U06933,泰国,付费广告,30.0,4,492.98,3,4,4,一般挽留用户
U04682,马来西亚,付费广告,155.0,3,492.3,2,4,4,重要保持用户
U06879,越南,自然搜索,91.0,6,492.18,2,4,4,重要保持用户
U07563,印尼,自然搜索,199.0,4,491.68,1,4,4,重要保持用户
U06834,马来西亚,社交媒体,22.0,3,491.05,3,4,4,一般挽留用户
U03846,马来西亚,内容营销,35.0,3,490.89,3,4,4,一般挽留用户
U06477,泰国,内容营销,3.0,4,490.61,3,4,4,一般挽留用户
U02135,菲律宾,自然搜索,110.0,5,490.02,2,4,4,重要保持用户
U01318,泰国,社交媒体,5.0,4,489.5,3,4,4,一般挽留用户
U00185,印尼,自然搜索,208.0,4,489.49,1,4,4,重要保持用户
U03172,泰国,内容营销,110.0,4,489.06,2,4,4,重要保持用户
U07036,越南,付费广告,103.0,5,488.72,2,4,4,重要保持用户
U04754,菲律宾,社交媒体,90.0,5,488.11,2,4,4,重要保持用户
U07704,泰国,自然搜索,18.0,4,487.74,3,4,4,一般挽留用户
U05263,泰国,社交媒体,235.0,4,486.03,1,4,4,重要保持用户
U03267,印尼,自然搜索,246.0,4,485.79,1,4,4,重要保持用户
U04020,越南,付费广告,34.0,5,485.24,3,4,4,一般挽留用户
U07447,越南,付费广告,73.0,6,485.05,2,4,4,重要保持用户
U03918,印尼,自然搜索,164.0,4,484.48,2,4,4,重要保持用户
U07811,泰国,自然搜索,43.0,4,484.43,3,4,4,一般挽留用户
U04693,印尼,KOL推荐,58.0,5,483.76,2,4,4,重要保持用户
U03744,泰国,KOL推荐,197.0,4,483.66,1,4,4,重要保持用户
U03339,印尼,付费广告,313.0,4,483.25,1,4,4,重要保持用户
U07759,泰国,自然搜索,291.0,4,482.95,1,4,4,重要保持用户
U06443,泰国,KOL推荐,183.0,4,482.21,1,4,4,重要保持用户
U03857,印尼,付费广告,114.0,4,480.62,2,4,4,重要保持用户
U02719,泰国,自然搜索,160.0,4,480.28,2,4,4,重要保持用户
U05049,印尼,付费广告,235.0,4,480.07,1,4,4,重要保持用户
U06099,菲律宾,内容营销,83.0,5,479.84,2,4,4,重要保持用户
U06064,泰国,KOL推荐,216.0,4,479.61,1,4,4,重要保持用户
U07583,泰国,社交媒体,365.0,4,479.57,1,4,4,重要保持用户
U04531,泰国,社交媒体,272.0,4,479.28,1,4,4,重要保持用户
U03864,泰国,KOL推荐,129.0,4,478.85,2,4,4,重要保持用户
U05756,印尼,付费广告,256.0,4,478.83,1,4,4,重要保持用户
U05993,印尼,付费广告,273.0,4,478.56,1,4,4,重要保持用户
U04425,越南,KOL推荐,338.0,5,478.49,1,4,4,重要保持用户
U03281,泰国,自然搜索,65.0,3,478.17,2,4,4,重要保持用户
U00346,印尼,KOL推荐,319.0,4,478.04,1,4,4,重要保持用户
U00794,泰国,付费广告,183.0,4,476.92,1,4,4,重要保持用户
U06535,越南,自然搜索,393.0,5,476.79,1,4,4,重要保持用户
U00302,印尼,社交媒体,359.0,5,476.57,1,4,4,重要保持用户
U01334,马来西亚,付费广告,115.0,4,476.18,2,4,4,重要保持用户
U07221,泰国,内容营销,14.0,4,475.96,3,4,4,一般挽留用户
U07210,越南,内容营销,90.0,6,475.73,2,4,4,重要保持用户
U06404,泰国,付费广告,269.0,4,475.72,1,4,4,重要保持用户
U05691,泰国,自然搜索,315.0,4,475.33,1,4,4,重要保持用户
U07652,泰国,KOL推荐,258.0,4,475.21,1,4,4,重要保持用户
U01404,印尼,自然搜索,224.0,5,475.2,1,4,4,重要保持用户
U04267,泰国,付费广告,358.0,3,475.11,1,4,4,重要保持用户
U04147,越南,自然搜索,71.0,5,475.11,2,4,4,重要保持用户
U04016,菲律宾,自然搜索,159.0,4,474.59,2,4,4,重要保持用户
U04169,泰国,付费广告,11.0,4,474.5,3,4,4,一般挽留用户
U02025,越南,自然搜索,194.0,5,473.39,1,4,4,重要保持用户
U04174,菲律宾,社交媒体,21.0,5,472.53,3,4,4,一般挽留用户
U00473,菲律宾,自然搜索,180.0,5,471.73,1,4,4,重要保持用户
U01585,泰国,KOL推荐,156.0,4,471.06,2,4,4,重要保持用户
U03233,泰国,社交媒体,277.0,4,470.99,1,4,4,重要保持用户
U07628,马来西亚,内容营销,204.0,3,470.89,1,4,4,重要保持用户
U00049,泰国,自然搜索,298.0,4,469.81,1,4,4,重要保持用户
U02594,泰国,内容营销,13.0,4,469.35,3,4,4,一般挽留用户
U07729,印尼,自然搜索,113.0,4,469.19,2,4,4,重要保持用户
U05007,菲律宾,内容营销,29.0,5,468.72,3,4,4,一般挽留用户
U07080,越南,社交媒体,333.0,5,468.43,1,4,4,重要保持用户
U05501,泰国,社交媒体,72.0,4,467.11,2,4,4,重要保持用户
U02553,马来西亚,社交媒体,337.0,4,466.93,1,4,4,重要保持用户
U06010,菲律宾,KOL推荐,49.0,5,466.85,2,4,4,重要保持用户
U00369,泰国,自然搜索,264.0,4,465.54,1,4,4,重要保持用户
U07054,印尼,付费广告,76.0,4,465.54,2,4,4,重要保持用户
U07588,印尼,自然搜索,24.0,5,465.49,3,4,4,一般挽留用户
U00360,越南,KOL推荐,231.0,5,465.45,1,4,4,重要保持用户
U00715,马来西亚,KOL推荐,171.0,3,465.27,2,4,4,重要保持用户
U03667,泰国,KOL推荐,148.0,4,464.59,2,4,4,重要保持用户
U01994,菲律宾,自然搜索,146.0,5,464.5,2,4,4,重要保持用户
U00476,泰国,自然搜索,97.0,4,464.47,2,4,4,重要保持用户
U03142,印尼,自然搜索,644.0,4,464.14,1,4,4,重要保持用户
U05222,泰国,KOL推荐,152.0,4,463.23,2,4,4,重要保持用户
U07731,泰国,KOL推荐,21.0,4,463.16,3,4,4,一般挽留用户
U04895,泰国,自然搜索,36.0,4,462.58,3,4,4,一般挽留用户
U06437,泰国,付费广告,405.0,4,462.07,1,4,4,重要保持用户
U01138,印尼,付费广告,196.0,4,461.93,1,4,4,重要保持用户
U05225,泰国,自然搜索,351.0,4,461.78,1,4,4,重要保持用户
U03645,泰国,自然搜索,82.0,4,461.25,2,4,4,重要保持用户
U07282,泰国,内容营销,15.0,4,460.28,3,4,4,一般挽留用户
U03214,泰国,KOL推荐,70.0,4,459.86,2,4,4,重要保持用户
U02671,越南,自然搜索,12.0,5,459.72,3,4,4,一般挽留用户
U00071,泰国,付费广告,130.0,4,457.9,2,4,4,重要保持用户
U07929,泰国,付费广告,114.0,4,457.24,2,4,4,重要保持用户
U07284,泰国,付费广告,64.0,4,457.23,2,4,4,重要保持用户
U05845,泰国,自然搜索,76.0,4,457.11,2,4,4,重要保持用户
U07741,泰国,社交媒体,30.0,4,457.1,3,4,4,一般挽留用户
U00958,泰国,社交媒体,139.0,4,456.89,2,4,4,重要保持用户
U02010,泰国,内容营销,201.0,4,456.53,1,4,4,重要保持用户
U03967,泰国,自然搜索,135.0,4,456.45,2,4,4,重要保持用户
U03886,马来西亚,自然搜索,180.0,4,456.28,1,4,4,重要保持用户
U04539,泰国,自然搜索,114.0,4,456.18,2,4,4,重要保持用户
U02306,泰国,内容营销,113.0,4,455.9,2,4,4,重要保持用户
U06215,菲律宾,自然搜索,5.0,4,455.23,3,4,4,一般挽留用户
U04913,泰国,自然搜索,244.0,4,454.99,1,4,4,重要保持用户
U05080,泰国,付费广告,282.0,3,454.72,1,4,4,重要保持用户
U07027,马来西亚,社交媒体,48.0,4,454.58,3,4,4,一般挽留用户
U05403,泰国,付费广告,217.0,4,454.49,1,4,4,重要保持用户
U04352,越南,付费广告,239.0,5,454.07,1,4,4,重要保持用户
U04807,马来西亚,付费广告,67.0,4,454.04,2,4,4,重要保持用户
U02426,泰国,付费广告,39.0,4,453.9,3,4,4,一般挽留用户
U07461,越南,KOL推荐,236.0,6,453.79,1,4,4,重要保持用户
U07205,泰国,付费广告,62.0,4,453.69,2,4,4,重要保持用户
U06937,菲律宾,KOL推荐,10.0,5,453.43,3,4,4,一般挽留用户
U03257,泰国,付费广告,372.0,4,452.9,1,4,4,重要保持用户
U02853,马来西亚,KOL推荐,317.0,4,452.36,1,4,4,重要保持用户
U03470,泰国,自然搜索,167.0,4,452.0,2,4,4,重要保持用户
U05763,泰国,内容营销,40.0,3,451.65,3,4,4,一般挽留用户
U01088,马来西亚,自然搜索,369.0,3,450.91,1,4,4,重要保持用户
U01561,泰国,自然搜索,55.0,4,450.15,2,4,4,重要保持用户
U05582,菲律宾,自然搜索,282.0,4,450.13,1,4,4,重要保持用户
U05368,菲律宾,KOL推荐,71.0,5,449.36,2,4,4,重要保持用户
U03164,泰国,付费广告,485.0,4,448.56,1,4,4,重要保持用户
U05173,泰国,KOL推荐,159.0,4,448.51,2,4,4,重要保持用户
U02760,泰国,自然搜索,307.0,4,448.45,1,4,4,重要保持用户
U05709,马来西亚,KOL推荐,94.0,4,447.93,2,4,4,重要保持用户
U02109,马来西亚,自然搜索,150.0,4,447.8,2,4,4,重要保持用户
U07191,印尼,自然搜索,192.0,4,447.72,1,4,4,重要保持用户
U06915,泰国,自然搜索,235.0,4,447.56,1,4,4,重要保持用户
U00276,菲律宾,付费广告,9.0,4,447.42,3,4,4,一般挽留用户
U01751,泰国,自然搜索,125.0,4,446.71,2,4,4,重要保持用户
U02270,泰国,付费广告,21.0,4,446.38,3,4,4,一般挽留用户
U02117,印尼,社交媒体,432.0,4,445.56,1,4,4,重要保持用户
U07911,越南,KOL推荐,287.0,5,445.54,1,4,4,重要保持用户
U05128,越南,社交媒体,34.0,5,445.45,3,4,4,一般挽留用户
U06189,泰国,社交媒体,9.0,4,444.56,3,4,4,一般挽留用户
U05335,马来西亚,社交媒体,267.0,4,443.58,1,4,4,重要保持用户
U02279,泰国,付费广告,139.0,4,442.37,2,4,4,重要保持用户
U04896,泰国,付费广告,44.0,4,442.29,3,4,4,一般挽留用户
U07686,印尼,内容营销,40.0,4,442.23,3,4,4,一般挽留用户
U04806,泰国,自然搜索,184.0,4,442.07,1,4,4,重要保持用户
U02728,泰国,自然搜索,112.0,4,441.87,2,4,4,重要保持用户
U02923,泰国,自然搜索,142.0,4,441.73,2,4,4,重要保持用户
U07510,菲律宾,付费广告,59.0,4,441.57,2,4,4,重要保持用户
U01676,泰国,内容营销,124.0,4,441.4,2,4,4,重要保持用户
U02778,越南,KOL推荐,27.0,5,441.05,3,4,4,一般挽留用户
U01827,马来西亚,付费广告,180.0,4,441.03,1,4,4,重要保持用户
U02521,泰国,社交媒体,148.0,3,440.99,2,4,4,重要保持用户
U07001,泰国,社交媒体,306.0,4,440.75,1,4,4,重要保持用户
U06893,越南,KOL推荐,216.0,5,440.33,1,4,4,重要保持用户
U03459,印尼,内容营销,152.0,4,439.96,2,4,4,重要保持用户
U00745,菲律宾,付费广告,269.0,4,439.6,1,4,4,重要保持用户
U01861,印尼,付费广告,11.0,4,437.99,3,4,4,一般挽留用户
U04339,泰国,自然搜索,259.0,4,437.3,1,4,4,重要保持用户
U01638,马来西亚,付费广告,124.0,3,437.1,2,4,4,重要保持用户
U00798,印尼,自然搜索,68.0,4,437.03,2,4,4,重要保持用户
U02869,越南,付费广告,227.0,5,436.88,1,4,4,重要保持用户
U02976,菲律宾,内容营销,355.0,4,436.6,1,4,4,重要保持用户
U01999,越南,自然搜索,165.0,5,435.79,2,4,4,重要保持用户
U00318,泰国,内容营销,346.0,4,435.38,1,4,4,重要保持用户
U06323,越南,社交媒体,2.0,5,435.04,3,4,4,一般挽留用户
U07017,泰国,社交媒体,45.0,4,434.68,3,4,4,一般挽留用户
U00119,印尼,付费广告,593.0,4,434.47,1,4,4,重要保持用户
U01472,菲律宾,内容营销,51.0,5,434.45,2,4,4,重要保持用户
U02745,菲律宾,社交媒体,140.0,4,434.42,2,4,4,重要保持用户
U02544,泰国,内容营销,246.0,4,434.03,1,4,4,重要保持用户
U02615,泰国,付费广告,14.0,4,433.29,3,4,4,一般挽留用户
U05541,印尼,内容营销,138.0,4,433.03,2,4,4,重要保持用户
U00561,泰国,内容营销,16.0,4,432.81,3,4,4,一般挽留用户
U04919,越南,付费广告,389.0,5,432.71,1,4,4,重要保持用户
U06525,马来西亚,付费广告,106.0,4,432.06,2,4,4,重要保持用户
U06523,泰国,自然搜索,26.0,4,429.58,3,4,4,一般挽留用户
U04765,马来西亚,付费广告,168.0,4,429.54,2,4,4,重要保持用户
U00842,泰国,自然搜索,157.0,4,429.41,2,4,4,重要保持用户
U07552,印尼,自然搜索,286.0,4,429.12,1,4,4,重要保持用户
U01426,泰国,付费广告,36.0,4,428.35,3,4,4,一般挽留用户
U06531,马来西亚,内容营销,29.0,4,428.33,3,4,4,一般挽留用户
U05851,马来西亚,社交媒体,135.0,4,428.31,2,4,4,重要保持用户
U01007,菲律宾,社交媒体,184.0,4,427.96,1,4,4,重要保持用户
U05862,泰国,付费广告,254.0,4,427.76,1,4,4,重要保持用户
U05259,菲律宾,自然搜索,1.0,4,427.37,3,4,4,一般挽留用户
U01936,越南,付费广告,274.0,5,426.99,1,4,4,重要保持用户
U04123,马来西亚,内容营销,58.0,4,426.32,2,4,4,重要保持用户
U06288,马来西亚,KOL推荐,186.0,4,425.21,1,4,4,重要保持用户
U05638,泰国,社交媒体,16.0,4,425.03,3,4,4,一般挽留用户
U07315,马来西亚,KOL推荐,105.0,4,423.96,2,4,4,重要保持用户
U04579,印尼,自然搜索,34.0,4,423.92,3,4,4,一般挽留用户
U06334,泰国,付费广告,196.0,4,423.61,1,4,4,重要保持用户
U01764,泰国,内容营销,18.0,4,422.48,3,4,4,一般挽留用户
U01929,泰国,内容营销,228.0,4,422.4,1,4,4,重要保持用户
U04055,泰国,付费广告,227.0,4,422.27,1,4,4,重要保持用户
U05342,泰国,付费广告,97.0,3,422.01,2,4,4,重要保持用户
U03226,泰国,社交媒体,279.0,4,421.7,1,4,4,重要保持用户
U00189,泰国,付费广告,307.0,4,421.53,1,4,4,重要保持用户
U05045,印尼,社交媒体,117.0,4,421.15,2,4,4,重要保持用户
U01373,印尼,内容营销,59.0,3,420.51,2,4,4,重要保持用户
U01210,越南,内容营销,18.0,5,420.0,3,4,4,一般挽留用户
U02868,越南,付费广告,42.0,5,419.87,3,4,4,一般挽留用户
U00481,印尼,自然搜索,224.0,4,419.37,1,4,4,重要保持用户
U00973,泰国,自然搜索,54.0,3,419.09,2,4,4,重要保持用户
U01548,泰国,付费广告,58.0,4,418.9,2,4,4,重要保持用户
U07822,越南,KOL推荐,51.0,5,417.33,2,4,4,重要保持用户
U05383,泰国,付费广告,87.0,4,416.95,2,4,4,重要保持用户
U05348,越南,付费广告,298.0,5,416.61,1,4,4,重要保持用户
U06595,越南,KOL推荐,97.0,5,416.53,2,4,4,重要保持用户
U05684,泰国,KOL推荐,207.0,4,416.52,1,4,4,重要保持用户
U00191,菲律宾,付费广告,28.0,4,415.76,3,4,4,一般挽留用户
U03469,泰国,内容营销,399.0,4,415.67,1,4,4,重要保持用户
U04004,泰国,付费广告,124.0,4,415.59,2,4,4,重要保持用户
U01204,印尼,内容营销,267.0,4,415.43,1,4,4,重要保持用户
U01754,马来西亚,自然搜索,47.0,4,415.43,3,4,4,一般挽留用户
U04869,菲律宾,社交媒体,108.0,4,414.89,2,4,4,重要保持用户
U05585,泰国,自然搜索,428.0,4,414.31,1,4,4,重要保持用户
U07781,泰国,社交媒体,41.0,4,414.22,3,4,4,一般挽留用户
U01758,泰国,自然搜索,242.0,3,414.06,1,4,4,重要保持用户
U03825,泰国,付费广告,223.0,3,413.52,1,4,4,重要保持用户
U05452,泰国,内容营销,166.0,4,413.29,2,4,4,重要保持用户
U01032,泰国,付费广告,206.0,4,413.2,1,4,4,重要保持用户
U06073,越南,内容营销,231.0,4,412.71,1,4,4,重要保持用户
U02005,菲律宾,内容营销,94.0,4,412.54,2,4,4,重要保持用户
U01209,马来西亚,社交媒体,88.0,4,412.19,2,4,4,重要保持用户
U05042,泰国,内容营销,488.0,4,411.4,1,4,4,重要保持用户
U02968,马来西亚,社交媒体,25.0,4,410.52,3,4,4,一般挽留用户
U04706,菲律宾,自然搜索,38.0,5,410.4,3,4,4,一般挽留用户
U04610,越南,付费广告,232.0,5,409.74,1,4,4,重要保持用户
U02297,泰国,付费广告,397.0,3,409.11,1,4,4,重要保持用户
U01201,泰国,付费广告,390.0,4,408.95,1,4,4,重要保持用户
U07319,马来西亚,社交媒体,248.0,4,408.74,1,4,4,重要保持用户
U00106,越南,自然搜索,104.0,5,408.37,2,4,4,重要保持用户
U05069,泰国,社交媒体,18.0,4,408.34,3,4,4,一般挽留用户
U04386,马来西亚,KOL推荐,80.0,4,408.31,2,4,4,重要保持用户
U01948,越南,付费广告,173.0,5,406.92,2,4,4,重要保持用户
U04108,菲律宾,付费广告,158.0,4,406.84,2,4,4,重要保持用户
U01536,泰国,社交媒体,325.0,4,406.55,1,4,4,重要保持用户
U02292,泰国,付费广告,451.0,4,406.39,1,4,4,重要保持用户
U05367,越南,KOL推荐,73.0,4,405.53,2,4,4,重要保持用户
U07190,印尼,内容营销,105.0,4,405.38,2,4,4,重要保持用户
U00095,印尼,内容营销,181.0,3,404.93,1,4,4,重要保持用户
U04985,泰国,内容营销,12.0,4,404.85,3,4,4,一般挽留用户
U05632,泰国,自然搜索,211.0,4,404.49,1,4,4,重要保持用户
U06612,泰国,社交媒体,170.0,4,404.4,2,4,4,重要保持用户
U03987,越南,自然搜索,68.0,5,403.5,2,4,4,重要保持用户
U00868,菲律宾,社交媒体,125.0,4,402.98,2,4,4,重要保持用户
U01196,马来西亚,社交媒体,145.0,4,402.85,2,4,4,重要保持用户
U01095,泰国,内容营销,326.0,3,402.43,1,4,4,重要保持用户
U06183,马来西亚,付费广告,420.0,4,402.36,1,4,4,重要保持用户
U03028,印尼,KOL推荐,97.0,4,402.19,2,4,4,重要保持用户
U07201,泰国,付费广告,207.0,4,402.12,1,4,4,重要保持用户
U06092,越南,付费广告,242.0,5,401.44,1,4,4,重要保持用户
U04353,马来西亚,付费广告,143.0,4,400.94,2,4,4,重要保持用户
U05658,马来西亚,自然搜索,358.0,4,400.76,1,4,4,重要保持用户
U07805,泰国,自然搜索,299.0,3,400.32,1,4,4,重要保持用户
U00801,泰国,付费广告,17.0,4,399.75,3,4,4,一般挽留用户
U00314,菲律宾,付费广告,216.0,4,399.15,1,4,4,重要保持用户
U04743,马来西亚,自然搜索,5.0,4,399.01,3,4,4,一般挽留用户
U06079,越南,社交媒体,110.0,5,398.76,2,4,4,重要保持用户
U03851,泰国,内容营销,278.0,4,398.7,1,4,4,重要保持用户
U06652,越南,付费广告,76.0,5,398.28,2,4,4,重要保持用户
U00033,马来西亚,自然搜索,26.0,4,398.24,3,4,4,一般挽留用户
U01071,泰国,KOL推荐,90.0,4,397.92,2,4,4,重要保持用户
U07850,越南,自然搜索,28.0,4,397.5,3,4,4,一般挽留用户
U03255,泰国,内容营销,417.0,3,397.22,1,4,4,重要保持用户
U01273,泰国,付费广告,103.0,3,397.12,2,4,4,重要保持用户
U04843,泰国,自然搜索,249.0,4,396.7,1,4,4,重要保持用户
U02420,泰国,自然搜索,95.0,3,396.52,2,4,4,重要保持用户
U05535,泰国,付费广告,292.0,4,396.35,1,4,4,重要保持用户
U02147,越南,付费广告,50.0,4,395.9,2,4,4,重要保持用户
U03619,泰国,自然搜索,168.0,3,395.86,2,4,4,重要保持用户
U01933,印尼,自然搜索,227.0,4,395.85,1,4,4,重要保持用户
U05142,印尼,付费广告,109.0,3,395.53,2,4,4,重要保持用户
U05460,菲律宾,内容营销,8.0,4,395.48,3,4,4,一般挽留用户
U05509,越南,社交媒体,117.0,5,395.22,2,4,4,重要保持用户
U05610,泰国,社交媒体,59.0,4,394.41,2,4,4,重要保持用户
U00585,泰国,付费广告,23.0,4,394.38,3,4,4,一般挽留用户
U05816,泰国,付费广告,129.0,3,394.26,2,4,4,重要保持用户
U05339,泰国,付费广告,326.0,4,393.53,1,4,4,重要保持用户
U05611,印尼,内容营销,212.0,3,393.05,1,4,4,重要保持用户
U06959,马来西亚,付费广告,168.0,4,392.36,2,4,4,重要保持用户
U04135,泰国,付费广告,17.0,4,392.16,3,4,4,一般挽留用户
U03045,印尼,社交媒体,340.0,3,392.13,1,4,4,重要保持用户
U05291,泰国,自然搜索,23.0,4,391.08,3,4,4,一般挽留用户
U01990,菲律宾,付费广告,41.0,4,390.0,3,4,4,一般挽留用户
U06668,泰国,社交媒体,271.0,3,389.85,1,4,4,重要保持用户
U03202,泰国,社交媒体,314.0,3,389.35,1,4,4,重要保持用户
U05420,泰国,内容营销,281.0,3,389.25,1,4,4,重要保持用户
U01928,印尼,KOL推荐,175.0,4,389.13,1,4,4,重要保持用户
U07432,泰国,社交媒体,28.0,3,389.08,3,4,4,一般挽留用户
U01083,菲律宾,KOL推荐,151.0,4,388.7,2,4,4,重要保持用户
U04484,泰国,社交媒体,26.0,4,388.62,3,4,4,一般挽留用户
U03611,泰国,自然搜索,217.0,4,388.49,1,4,4,重要保持用户
U00340,印尼,KOL推荐,75.0,4,388.43,2,4,4,重要保持用户
U01516,印尼,付费广告,239.0,4,388.35,1,4,4,重要保持用户
U05235,泰国,内容营销,79.0,3,387.99,2,4,4,重要保持用户
U00310,越南,付费广告,63.0,4,387.6,2,4,4,重要保持用户
U06107,泰国,自然搜索,128.0,4,386.73,2,4,4,重要保持用户
U01203,越南,付费广告,7.0,5,386.28,3,4,4,一般挽留用户
U00487,越南,付费广告,15.0,4,385.72,3,4,4,一般挽留用户
U01757,印尼,内容营销,167.0,3,385.36,2,4,4,重要保持用户
U06209,泰国,自然搜索,127.0,4,384.52,2,4,4,重要保持用户
U01185,马来西亚,社交媒体,207.0,4,383.76,1,4,4,重要保持用户
U00800,印尼,KOL推荐,236.0,3,383.66,1,4,4,重要保持用户
U05402,马来西亚,付费广告,406.0,4,383.56,1,4,4,重要保持用户
U00178,马来西亚,自然搜索,214.0,4,383.11,1,4,4,重要保持用户
U01367,马来西亚,KOL推荐,168.0,4,382.85,2,4,4,重要保持用户
U06415,越南,社交媒体,331.0,4,382.29,1,4,4,重要保持用户
U00245,马来西亚,社交媒体,116.0,4,382.09,2,4,4,重要保持用户
U05793,马来西亚,KOL推荐,133.0,3,381.83,2,4,4,重要保持用户
U03026,马来西亚,自然搜索,12.0,3,381.7,3,4,4,一般挽留用户
U05218,泰国,KOL推荐,36.0,4,381.49,3,4,4,一般挽留用户
U00111,泰国,付费广告,63.0,3,381.47,2,4,4,重要保持用户
U01986,印尼,付费广告,341.0,3,381.26,1,4,4,重要保持用户
U04890,越南,社交媒体,31.0,4,380.91,3,4,4,一般挽留用户
U04542,泰国,内容营销,108.0,3,380.55,2,4,4,重要保持用户
U06515,泰国,自然搜索,144.0,4,380.17,2,4,4,重要保持用户
U05406,马来西亚,社交媒体,144.0,4,379.77,2,4,4,重要保持用户
U02435,越南,付费广告,359.0,4,379.6,1,4,4,重要保持用户
U02857,泰国,自然搜索,300.0,3,379.5,1,4,4,重要保持用户
U06609,越南,社交媒体,220.0,4,379.26,1,4,4,重要保持用户
U01475,印尼,KOL推荐,119.0,3,379.16,2,4,4,重要保持用户
U05284,越南,社交媒体,68.0,4,378.85,2,4,4,重要保持用户
U00060,越南,社交媒体,77.0,4,377.85,2,4,4,重要保持用户
U07958,泰国,付费广告,456.0,3,377.84,1,4,4,重要保持用户
U04808,泰国,付费广告,128.0,3,377.4,2,4,4,重要保持用户
U04120,越南,付费广告,43.0,5,377.29,3,4,4,一般挽留用户
U02913,马来西亚,内容营销,43.0,4,377.14,3,4,4,一般挽留用户
U07052,马来西亚,自然搜索,222.0,4,376.52,1,4,4,重要保持用户
U02285,越南,自然搜索,374.0,4,376.15,1,4,4,重要保持用户
U05175,菲律宾,社交媒体,203.0,4,375.58,1,4,4,重要保持用户
U05022,马来西亚,内容营销,89.0,4,374.54,2,4,4,重要保持用户
U03122,泰国,付费广告,243.0,3,374.21,1,4,4,重要保持用户
U07061,印尼,自然搜索,240.0,3,374.05,1,4,4,重要保持用户
U04961,泰国,自然搜索,101.0,3,373.31,2,4,4,重要保持用户
U03009,泰国,付费广告,108.0,3,373.3,2,4,4,重要保持用户
U02122,马来西亚,内容营销,273.0,4,373.29,1,4,4,重要保持用户
U05177,泰国,付费广告,60.0,3,372.98,2,4,4,重要保持用户
U07707,菲律宾,自然搜索,367.0,4,371.99,1,4,4,重要保持用户
U03058,泰国,自然搜索,206.0,4,371.63,1,4,4,重要保持用户
U01465,泰国,内容营销,89.0,3,371.6,2,4,4,重要保持用户
U07305,马来西亚,自然搜索,31.0,4,371.12,3,4,4,一般挽留用户
U03966,越南,内容营销,4.0,4,370.52,3,4,4,一般挽留用户
U04175,马来西亚,社交媒体,1.0,4,370.49,3,4,4,一般挽留用户
U04837,越南,付费广告,230.0,4,369.77,1,4,4,重要保持用户
U04216,泰国,付费广告,89.0,3,369.66,2,4,4,重要保持用户
U06192,菲律宾,付费广告,143.0,4,369.53,2,4,4,重要保持用户
U02201,泰国,自然搜索,157.0,3,368.67,2,4,4,重要保持用户
U03968,印尼,付费广告,221.0,3,368.36,1,4,4,重要保持用户
U06699,越南,社交媒体,125.0,4,368.26,2,4,4,重要保持用户
U02307,印尼,自然搜索,158.0,4,367.38,2,4,4,重要保持用户
U04470,马来西亚,社交媒体,70.0,4,367.22,2,4,4,重要保持用户
U04510,泰国,付费广告,20.0,3,366.86,3,4,4,一般挽留用户
U01523,泰国,社交媒体,10.0,3,366.55,3,4,4,一般挽留用户
U01326,泰国,KOL推荐,168.0,3,366.53,2,4,4,重要保持用户
U01774,菲律宾,KOL推荐,302.0,3,366.49,1,4,4,重要保持用户
U07626,菲律宾,社交媒体,440.0,4,366.27,1,4,4,重要保持用户
U02797,印尼,付费广告,125.0,4,365.4,2,4,4,重要保持用户
U07606,泰国,KOL推荐,208.0,3,364.33,1,4,4,重要保持用户
U02569,马来西亚,社交媒体,83.0,4,363.28,2,4,4,重要保持用户
U06547,印尼,社交媒体,97.0,3,363.23,2,4,4,重要保持用户
U01625,印尼,付费广告,208.0,3,362.26,1,4,4,重要保持用户
U06837,印尼,KOL推荐,28.0,3,361.92,3,4,4,一般挽留用户
U00750,泰国,社交媒体,93.0,3,361.09,2,4,4,重要保持用户
U05193,马来西亚,社交媒体,9.0,4,360.9,3,4,4,一般挽留用户
U01935,菲律宾,自然搜索,177.0,4,360.52,1,4,4,重要保持用户
U00930,泰国,付费广告,112.0,3,360.48,2,4,4,重要保持用户
U04614,泰国,内容营销,318.0,3,360.22,1,4,4,重要保持用户
U00075,印尼,自然搜索,1.0,3,360.21,3,4,4,一般挽留用户
U02278,印尼,付费广告,157.0,3,358.96,2,4,4,重要保持用户
U04453,菲律宾,KOL推荐,182.0,4,358.88,1,4,4,重要保持用户
U01716,泰国,自然搜索,222.0,4,358.83,1,4,4,重要保持用户
U04021,泰国,社交媒体,206.0,3,358.76,1,4,4,重要保持用户
U05110,马来西亚,自然搜索,81.0,4,358.32,2,4,4,重要保持用户
U05414,泰国,内容营销,437.0,3,357.97,1,4,4,重要保持用户
U05521,印尼,自然搜索,136.0,3,357.85,2,4,4,重要保持用户
U01497,越南,付费广告,77.0,4,357.55,2,4,4,重要保持用户
U04440,菲律宾,KOL推荐,433.0,4,357.51,1,4,4,重要保持用户
U07939,印尼,内容营销,478.0,3,357.2,1,4,4,重要保持用户
U05034,泰国,自然搜索,229.0,3,356.96,1,4,4,重要保持用户
U03836,马来西亚,社交媒体,12.0,4,356.78,3,4,4,一般挽留用户
U00654,越南,付费广告,20.0,4,356.73,3,4,4,一般挽留用户
U01995,印尼,内容营销,195.0,3,356.43,1,4,4,重要保持用户
U00158,泰国,付费广告,122.0,3,356.2,2,4,4,重要保持用户
U07342,印尼,付费广告,21.0,3,356.13,3,4,4,一般挽留用户
U07991,泰国,付费广告,393.0,3,355.97,1,4,4,重要保持用户
U02023,泰国,自然搜索,22.0,3,355.93,3,4,4,一般挽留用户
U06827,泰国,社交媒体,219.0,3,355.87,1,4,4,重要保持用户
U03454,马来西亚,内容营销,129.0,4,355.74,2,4,4,重要保持用户
U05823,印尼,付费广告,170.0,3,355.04,2,4,4,重要保持用户
U07459,越南,付费广告,4.0,4,354.96,3,4,4,一般挽留用户
U02155,泰国,付费广告,390.0,3,354.55,1,4,4,重要保持用户
U04990,马来西亚,内容营销,165.0,3,354.0,2,4,4,重要保持用户
U01090,马来西亚,付费广告,157.0,4,353.6,2,4,4,重要保持用户
U06770,泰国,内容营销,64.0,4,353.5,2,4,4,重要保持用户
U03018,泰国,付费广告,151.0,3,353.44,2,4,4,重要保持用户
U02394,菲律宾,自然搜索,223.0,4,353.07,1,4,4,重要保持用户
U03609,马来西亚,付费广告,132.0,4,352.33,2,4,4,重要保持用户
U04333,印尼,内容营销,191.0,3,351.64,1,4,4,重要保持用户
U00135,越南,自然搜索,64.0,4,350.67,2,4,4,重要保持用户
U05554,菲律宾,KOL推荐,185.0,4,350.54,1,4,4,重要保持用户
U02425,马来西亚,KOL推荐,2.0,4,350.39,3,4,4,一般挽留用户
U00816,印尼,社交媒体,374.0,3,350.32,1,4,4,重要保持用户
U02100,马来西亚,内容营销,170.0,4,350.21,2,4,4,重要保持用户
U02785,泰国,自然搜索,182.0,3,349.6,1,4,4,重要保持用户
U06106,印尼,社交媒体,148.0,3,349.47,2,4,4,重要保持用户
U05132,泰国,社交媒体,22.0,3,349.44,3,4,4,一般挽留用户
U05036,印尼,付费广告,77.0,3,349.26,2,4,4,重要保持用户
U07866,泰国,KOL推荐,127.0,3,348.81,2,4,4,重要保持用户
U02050,越南,KOL推荐,41.0,4,348.68,3,4,4,一般挽留用户
U05552,马来西亚,KOL推荐,210.0,4,348.61,1,4,4,重要保持用户
U02321,印尼,付费广告,305.0,3,348.39,1,4,4,重要保持用户
U02205,马来西亚,自然搜索,89.0,3,347.81,2,4,4,重要保持用户
U04588,印尼,内容营销,60.0,3,347.69,2,4,4,重要保持用户
U06231,马来西亚,社交媒体,98.0,3,347.32,2,4,4,重要保持用户
U06734,泰国,付费广告,195.0,3,347.14,1,4,4,重要保持用户
U00535,马来西亚,付费广告,152.0,4,347.08,2,4,4,重要保持用户
U02154,泰国,KOL推荐,133.0,3,347.04,2,4,4,重要保持用户
U05999,泰国,KOL推荐,189.0,3,347.0,1,4,4,重要保持用户
U06703,越南,社交媒体,73.0,4,346.41,2,4,4,重要保持用户
U07311,印尼,社交媒体,124.0,3,346.23,2,4,4,重要保持用户
U03912,泰国,自然搜索,88.0,3,346.11,2,4,4,重要保持用户
U06741,泰国,社交媒体,144.0,3,345.68,2,4,4,重要保持用户
U00538,越南,付费广告,140.0,4,345.61,2,4,4,重要保持用户
U02022,马来西亚,内容营销,266.0,4,345.2,1,4,4,重要保持用户
U05111,菲律宾,付费广告,397.0,4,345.16,1,4,4,重要保持用户
U05167,泰国,自然搜索,168.0,3,344.4,2,4,4,重要保持用户
U04532,泰国,自然搜索,50.0,3,344.0,2,4,4,重要保持用户
U06251,泰国,内容营销,231.0,3,343.78,1,4,4,重要保持用户
U04617,菲律宾,自然搜索,217.0,4,343.55,1,4,4,重要保持用户
U05491,菲律宾,自然搜索,288.0,4,343.13,1,4,4,重要保持用户
U04487,越南,自然搜索,168.0,4,342.76,2,4,4,重要保持用户
U06517,印尼,付费广告,352.0,3,342.52,1,4,4,重要保持用户
U07141,泰国,内容营销,205.0,4,342.51,1,4,4,重要保持用户
U02574,泰国,内容营销,137.0,4,342.32,2,4,4,重要保持用户
U01682,印尼,付费广告,117.0,3,342.32,2,4,4,重要保持用户
U02920,越南,社交媒体,48.0,4,342.23,3,4,4,一般挽留用户
U05293,泰国,自然搜索,225.0,3,342.22,1,4,4,重要保持用户
U05556,泰国,自然搜索,297.0,3,341.98,1,4,4,重要保持用户
U00442,越南,社交媒体,112.0,4,341.74,2,4,4,重要保持用户
U03466,越南,自然搜索,237.0,4,341.52,1,4,4,重要保持用户
U07487,马来西亚,自然搜索,79.0,4,341.25,2,4,4,重要保持用户
U04031,越南,付费广告,287.0,4,340.79,1,4,4,重要保持用户
U06841,泰国,付费广告,72.0,4,340.43,2,4,4,重要保持用户
U02733,马来西亚,社交媒体,62.0,4,340.23,2,4,4,重要保持用户
U04980,马来西亚,自然搜索,207.0,3,339.78,1,4,4,重要保持用户
U06174,印尼,内容营销,65.0,4,339.67,2,4,4,重要保持用户
U00006,泰国,KOL推荐,344.0,3,339.63,1,4,4,重要保持用户
U01289,泰国,自然搜索,124.0,3,339.29,2,4,4,重要保持用户
U00528,泰国,社交媒体,355.0,3,339.16,1,4,4,重要保持用户
U00108,泰国,社交媒体,207.0,3,338.86,1,4,4,重要保持用户
U03398,泰国,付费广告,311.0,3,338.44,1,4,4,重要保持用户
U00620,泰国,内容营销,43.0,3,338.37,3,4,4,一般挽留用户
U06830,马来西亚,付费广告,271.0,3,338.35,1,4,4,重要保持用户
U05569,马来西亚,内容营销,129.0,4,338.11,2,4,4,重要保持用户
U03704,马来西亚,自然搜索,344.0,3,338.04,1,4,4,重要保持用户
U07304,泰国,社交媒体,428.0,3,335.62,1,4,4,重要保持用户
U07102,马来西亚,自然搜索,66.0,4,335.25,2,4,4,重要保持用户
U07525,印尼,自然搜索,213.0,3,334.71,1,4,4,重要保持用户
U05169,菲律宾,社交媒体,154.0,4,334.48,2,4,4,重要保持用户
U04194,印尼,付费广告,26.0,4,333.73,3,4,4,一般挽留用户
U07100,泰国,付费广告,73.0,3,333.71,2,4,4,重要保持用户
U03451,印尼,社交媒体,41.0,3,333.7,3,4,4,一般挽留用户
U03659,马来西亚,付费广告,8.0,3,333.45,3,4,4,一般挽留用户
U00901,泰国,内容营销,15.0,3,333.08,3,4,4,一般挽留用户
U01586,印尼,自然搜索,101.0,3,332.38,2,4,4,重要保持用户
U02906,马来西亚,付费广告,212.0,3,332.36,1,4,4,重要保持用户
U05990,泰国,自然搜索,162.0,3,332.32,2,4,4,重要保持用户
U03289,泰国,社交媒体,385.0,3,331.73,1,4,4,重要保持用户
U03302,印尼,付费广告,287.0,3,331.62,1,4,4,重要保持用户
U01277,马来西亚,付费广告,285.0,3,331.6,1,4,4,重要保持用户
U01807,泰国,社交媒体,345.0,3,331.46,1,4,4,重要保持用户
U00603,泰国,自然搜索,132.0,3,331.37,2,4,4,重要保持用户
U03672,印尼,自然搜索,85.0,4,331.3,2,4,4,重要保持用户
U06195,泰国,自然搜索,347.0,3,330.98,1,4,4,重要保持用户
U03497,菲律宾,付费广告,240.0,3,330.97,1,4,4,重要保持用户
U01718,马来西亚,自然搜索,11.0,3,330.84,3,4,4,一般挽留用户
U07906,泰国,内容营销,112.0,3,330.57,2,4,4,重要保持用户
U06872,印尼,付费广告,55.0,3,330.54,2,4,4,重要保持用户
U03981,菲律宾,自然搜索,166.0,4,330.25,2,4,4,重要保持用户
U00836,马来西亚,付费广告,63.0,3,330.19,2,4,4,重要保持用户
U03808,泰国,自然搜索,6.0,3,330.17,3,4,4,一般挽留用户
U03174,泰国,内容营销,348.0,3,330.11,1,4,4,重要保持用户
U07416,越南,自然搜索,32.0,4,329.46,3,4,4,一般挽留用户
U04182,印尼,付费广告,243.0,3,329.38,1,4,4,重要保持用户
U06832,印尼,KOL推荐,152.0,3,329.16,2,4,4,重要保持用户
U05198,越南,付费广告,184.0,4,328.26,1,4,4,重要保持用户
U04935,越南,社交媒体,339.0,4,328.13,1,4,4,重要保持用户
U00971,马来西亚,社交媒体,297.0,4,327.92,1,4,4,重要保持用户
U00161,印尼,自然搜索,112.0,4,326.45,2,4,4,重要保持用户
U02837,泰国,内容营销,35.0,3,326.3,3,4,4,一般挽留用户
U05988,印尼,自然搜索,75.0,3,325.97,2,4,4,重要保持用户
U06608,马来西亚,付费广告,107.0,4,325.44,2,4,4,重要保持用户
U02232,马来西亚,内容营销,553.0,3,325.1,1,4,4,重要保持用户
U03596,泰国,付费广告,247.0,3,324.83,1,4,4,重要保持用户
U02120,菲律宾,自然搜索,136.0,3,324.58,2,4,4,重要保持用户
U03549,印尼,内容营销,325.0,3,324.38,1,4,4,重要保持用户
U01920,印尼,付费广告,106.0,3,324.31,2,4,4,重要保持用户
U05244,印尼,社交媒体,285.0,4,324.26,1,4,4,重要保持用户
U00732,印尼,付费广告,32.0,3,324.11,3,4,4,一般挽留用户
U02175,菲律宾,自然搜索,85.0,4,323.64,2,4,4,重要保持用户
U04410,泰国,社交媒体,75.0,3,323.42,2,4,4,重要保持用户
U04778,泰国,KOL推荐,170.0,4,323.15,2,4,4,重要保持用户
U04203,马来西亚,KOL推荐,186.0,3,322.71,1,4,4,重要保持用户
U06237,印尼,付费广告,124.0,3,322.31,2,4,4,重要保持用户
U03080,印尼,内容营销,58.0,3,322.27,2,4,4,重要保持用户
U07722,泰国,KOL推荐,102.0,3,322.23,2,4,4,重要保持用户
U07229,越南,内容营销,142.0,4,322.14,2,4,4,重要保持用户
U04654,越南,付费广告,5.0,4,321.88,3,4,4,一般挽留用户
U03167,泰国,自然搜索,121.0,3,321.76,2,4,4,重要保持用户
U03688,泰国,付费广告,349.0,3,321.65,1,4,4,重要保持用户
U07935,泰国,自然搜索,32.0,3,321.38,3,4,4,一般挽留用户
U06751,印尼,自然搜索,301.0,4,320.76,1,4,4,重要保持用户
U05796,泰国,内容营销,159.0,3,320.5,2,4,4,重要保持用户
U03395,马来西亚,付费广告,120.0,3,320.38,2,4,4,重要保持用户
U01366,印尼,付费广告,96.0,3,320.14,2,4,4,重要保持用户
U01073,泰国,付费广告,134.0,3,319.82,2,4,4,重要保持用户
U00384,印尼,付费广告,355.0,4,319.65,1,4,4,重要保持用户
U01170,印尼,付费广告,128.0,3,319.58,2,4,4,重要保持用户
U06745,马来西亚,付费广告,81.0,3,319.35,2,4,4,重要保持用户
U03060,越南,KOL推荐,65.0,4,319.32,2,4,4,重要保持用户
U04260,泰国,内容营销,59.0,3,319.01,2,4,4,重要保持用户
U02257,越南,付费广告,445.0,4,318.8,1,4,4,重要保持用户
U04247,泰国,自然搜索,187.0,3,318.4,1,4,4,重要保持用户
U04236,泰国,KOL推荐,282.0,3,318.2,1,4,4,重要保持用户
U03066,泰国,自然搜索,108.0,3,317.96,2,4,4,重要保持用户
U03013,越南,付费广告,1.0,4,317.54,3,4,4,一般挽留用户
U03423,泰国,付费广告,130.0,3,317.35,2,4,4,重要保持用户
U07687,越南,自然搜索,243.0,4,316.47,1,4,4,重要保持用户
U05269,越南,内容营销,164.0,3,316.41,2,4,4,重要保持用户
U04801,泰国,自然搜索,157.0,3,315.84,2,4,4,重要保持用户
U06045,菲律宾,付费广告,122.0,3,315.75,2,4,4,重要保持用户
U00239,泰国,自然搜索,218.0,3,315.57,1,4,4,重要保持用户
U04287,印尼,付费广告,6.0,3,315.44,3,4,4,一般挽留用户
U06178,泰国,自然搜索,353.0,3,315.07,1,4,4,重要保持用户
U06906,泰国,付费广告,37.0,3,314.54,3,4,4,一般挽留用户
U07964,印尼,社交媒体,269.0,4,314.44,1,4,4,重要保持用户
U03404,印尼,KOL推荐,72.0,4,314.44,2,4,4,重要保持用户
U07876,印尼,自然搜索,318.0,4,314.09,1,4,4,重要保持用户
U00532,马来西亚,社交媒体,188.0,4,313.31,1,4,4,重要保持用户
U06546,印尼,付费广告,155.0,4,312.99,2,4,4,重要保持用户
U00140,马来西亚,自然搜索,473.0,3,312.91,1,4,4,重要保持用户
U02414,印尼,内容营销,49.0,4,312.36,2,4,4,重要保持用户
U05097,越南,自然搜索,114.0,4,311.14,2,4,4,重要保持用户
U05801,泰国,自然搜索,428.0,3,309.5,1,4,4,重要保持用户
U06304,越南,付费广告,388.0,3,309.35,1,4,4,重要保持用户
U03905,印尼,KOL推荐,281.0,4,309.21,1,4,4,重要保持用户
U04225,印尼,付费广告,4.0,3,309.19,3,4,4,一般挽留用户
U04761,马来西亚,社交媒体,18.0,3,309.03,3,4,4,一般挽留用户
U04463,泰国,KOL推荐,45.0,3,308.83,3,4,4,一般挽留用户
U00700,印尼,内容营销,63.0,4,308.41,2,4,4,重要保持用户
U05477,印尼,社交媒体,40.0,3,308.19,3,4,4,一般挽留用户
U05506,印尼,社交媒体,292.0,4,307.9,1,4,4,重要保持用户
U00469,马来西亚,自然搜索,61.0,4,307.67,2,4,4,重要保持用户
U05125,印尼,自然搜索,212.0,3,307.65,1,4,4,重要保持用户
U05094,泰国,内容营销,135.0,3,307.4,2,4,4,重要保持用户
U03601,印尼,KOL推荐,9.0,4,307.33,3,4,4,一般挽留用户
U03930,马来西亚,社交媒体,46.0,3,307.0,3,4,4,一般挽留用户
U03735,印尼,社交媒体,68.0,4,306.88,2,4,4,重要保持用户
U01513,泰国,社交媒体,279.0,3,306.65,1,4,4,重要保持用户
U05939,越南,内容营销,202.0,3,306.19,1,4,4,重要保持用户
U07168,越南,社交媒体,6.0,3,305.78,3,4,4,一般挽留用户
U02174,泰国,自然搜索,210.0,3,305.73,1,4,4,重要保持用户
U02142,印尼,内容营销,136.0,3,305.36,2,4,4,重要保持用户
U02145,菲律宾,KOL推荐,271.0,3,305.04,1,4,4,重要保持用户
U03004,印尼,自然搜索,66.0,4,304.72,2,4,4,重要保持用户
U07253,马来西亚,KOL推荐,88.0,3,304.66,2,4,4,重要保持用户
U07336,泰国,自然搜索,64.0,3,304.54,2,4,4,重要保持用户
U06524,泰国,付费广告,274.0,3,303.59,1,4,4,重要保持用户
U02241,泰国,自然搜索,28.0,3,302.91,3,4,4,一般挽留用户
U05459,马来西亚,付费广告,109.0,3,302.61,2,4,4,重要保持用户
U04394,马来西亚,KOL推荐,3.0,3,302.57,3,4,4,一般挽留用户
U01600,泰国,自然搜索,68.0,3,302.19,2,4,4,重要保持用户
U00113,菲律宾,社交媒体,367.0,3,301.87,1,4,4,重要保持用户
U05237,印尼,社交媒体,104.0,4,301.5,2,4,4,重要保持用户
U07564,印尼,付费广告,92.0,4,301.44,2,4,4,重要保持用户
U02094,越南,KOL推荐,27.0,4,301.4,3,4,4,一般挽留用户
U01449,印尼,付费广告,45.0,4,301.16,3,4,4,一般挽留用户
U03480,泰国,社交媒体,58.0,3,300.96,2,4,4,重要保持用户
U03133,印尼,社交媒体,236.0,3,300.81,1,4,4,重要保持用户
U07405,泰国,付费广告,17.0,3,300.47,3,4,4,一般挽留用户
U06561,越南,自然搜索,67.0,3,300.09,2,4,4,重要保持用户
U04170,泰国,付费广告,30.0,3,300.06,3,4,4,一般挽留用户
U01406,菲律宾,自然搜索,128.0,3,299.09,2,4,4,重要保持用户
U02801,马来西亚,KOL推荐,6.0,3,299.09,3,4,4,一般挽留用户
U00065,印尼,自然搜索,82.0,4,298.93,2,4,4,重要保持用户
U00676,泰国,自然搜索,300.0,3,298.45,1,4,4,重要保持用户
U04223,菲律宾,付费广告,178.0,3,298.18,1,4,4,重要保持用户
U07241,马来西亚,付费广告,464.0,3,298.17,1,4,4,重要保持用户
U01221,泰国,社交媒体,163.0,3,297.69,2,4,4,重要保持用户
U06006,印尼,付费广告,273.0,4,297.24,1,4,4,重要保持用户
U03157,泰国,自然搜索,156.0,3,297.16,2,4,4,重要保持用户
U07826,马来西亚,付费广告,81.0,3,296.57,2,4,4,重要保持用户
U06581,马来西亚,自然搜索,39.0,3,296.42,3,4,4,一般挽留用户
U00291,泰国,社交媒体,77.0,3,296.34,2,4,4,重要保持用户
U02152,印尼,付费广告,77.0,3,296.08,2,4,4,重要保持用户
U07770,印尼,付费广告,140.0,4,295.93,2,4,4,重要保持用户
U07618,马来西亚,内容营销,59.0,3,295.74,2,4,4,重要保持用户
U05204,马来西亚,付费广告,196.0,3,295.73,1,4,4,重要保持用户
U04591,泰国,社交媒体,151.0,3,295.62,2,4,4,重要保持用户
U03985,马来西亚,社交媒体,217.0,3,295.55,1,4,4,重要保持用户
U07207,越南,KOL推荐,148.0,3,294.73,2,4,4,重要保持用户
U03944,泰国,内容营销,61.0,3,294.68,2,4,4,重要保持用户
U06944,印尼,自然搜索,63.0,4,294.67,2,4,4,重要保持用户
U02361,越南,内容营销,76.0,3,294.48,2,4,4,重要保持用户
U02547,越南,内容营销,18.0,3,294.46,3,4,4,一般挽留用户
U02573,印尼,付费广告,89.0,4,294.38,2,4,4,重要保持用户
U05577,马来西亚,付费广告,398.0,3,294.29,1,4,4,重要保持用户
U05595,印尼,付费广告,11.0,4,294.25,3,4,4,一般挽留用户
U02396,泰国,付费广告,269.0,3,294.09,1,4,4,重要保持用户
U07818,马来西亚,自然搜索,33.0,3,294.01,3,4,4,一般挽留用户
U06815,泰国,付费广告,234.0,3,293.91,1,4,4,重要保持用户
U06579,印尼,自然搜索,91.0,4,293.69,2,4,4,重要保持用户
U00013,泰国,自然搜索,194.0,2,293.45,1,3,4,一般挽留用户
U02952,印尼,自然搜索,8.0,4,292.97,3,4,4,一般挽留用户
U07676,印尼,付费广告,346.0,4,292.92,1,4,4,重要保持用户
U04833,泰国,付费广告,218.0,3,292.92,1,4,4,重要保持用户
U00094,菲律宾,付费广告,17.0,4,292.85,3,4,4,一般挽留用户
U00550,印尼,内容营销,70.0,4,292.84,2,4,4,重要保持用户
U04639,菲律宾,社交媒体,332.0,3,292.74,1,4,4,重要保持用户
U05835,印尼,社交媒体,88.0,4,292.39,2,4,4,重要保持用户
U07051,印尼,KOL推荐,7.0,4,291.89,3,4,4,一般挽留用户
U02107,马来西亚,付费广告,115.0,3,291.87,2,4,4,重要保持用户
U05341,马来西亚,自然搜索,60.0,3,291.76,2,4,4,重要保持用户
U02495,印尼,自然搜索,106.0,3,291.29,2,4,4,重要保持用户
U01975,马来西亚,自然搜索,266.0,3,291.2,1,4,4,重要保持用户
U01731,印尼,社交媒体,270.0,4,291.08,1,4,4,重要保持用户
U02641,泰国,内容营销,108.0,3,290.93,2,4,4,重要保持用户
U06116,印尼,付费广告,300.0,4,290.72,1,4,4,重要保持用户
U04860,印尼,付费广告,47.0,4,290.45,3,4,4,一般挽留用户
U02653,泰国,社交媒体,152.0,3,290.4,2,4,4,重要保持用户
U01052,马来西亚,自然搜索,55.0,3,290.26,2,4,4,重要保持用户
U02351,马来西亚,社交媒体,25.0,3,289.71,3,4,4,一般挽留用户
U04970,印尼,付费广告,156.0,3,289.32,2,4,4,重要保持用户
U06750,越南,自然搜索,188.0,3,288.89,1,4,4,重要保持用户
U03204,印尼,内容营销,340.0,4,288.8,1,4,4,重要保持用户
U05946,越南,自然搜索,345.0,3,288.57,1,4,4,重要保持用户
U06489,印尼,付费广告,405.0,4,287.72,1,4,4,重要保持用户
U00920,菲律宾,付费广告,345.0,3,287.32,1,4,4,重要保持用户
U00010,泰国,KOL推荐,215.0,2,286.94,1,3,4,一般挽留用户
U06474,印尼,付费广告,202.0,4,286.92,1,4,4,重要保持用户
U00748,马来西亚,自然搜索,266.0,3,286.9,1,4,4,重要保持用户
U02792,印尼,KOL推荐,2.0,4,286.5,3,4,4,一般挽留用户
U02389,印尼,内容营销,99.0,4,286.39,2,4,4,重要保持用户
U05471,越南,社交媒体,35.0,3,286.18,3,4,4,一般挽留用户
U02758,印尼,付费广告,135.0,4,286.12,2,4,4,重要保持用户
U05265,印尼,内容营销,300.0,3,286.05,1,4,4,重要保持用户
U06781,印尼,内容营销,250.0,4,285.84,1,4,4,重要保持用户
U03891,印尼,自然搜索,210.0,4,285.7,1,4,4,重要保持用户
U05798,马来西亚,内容营销,468.0,3,285.54,1,4,4,重要保持用户
U01242,菲律宾,社交媒体,95.0,3,285.5,2,4,4,重要保持用户
U03253,泰国,内容营销,184.0,3,285.31,1,4,4,重要保持用户
U02964,菲律宾,内容营销,235.0,3,285.3,1,4,4,重要保持用户
U04000,印尼,社交媒体,188.0,4,285.23,1,4,4,重要保持用户
U02667,印尼,自然搜索,486.0,4,285.18,1,4,4,重要保持用户
U05405,菲律宾,付费广告,89.0,4,285.15,2,4,4,重要保持用户
U00375,越南,付费广告,132.0,3,285.07,2,4,4,重要保持用户
U03008,印尼,社交媒体,160.0,3,285.04,2,4,4,重要保持用户
U07371,印尼,社交媒体,9.0,4,284.99,3,4,4,一般挽留用户
U06814,印尼,社交媒体,143.0,4,284.93,2,4,4,重要保持用户
U02842,马来西亚,内容营销,124.0,3,284.87,2,4,4,重要保持用户
U06151,印尼,内容营销,86.0,4,284.74,2,4,4,重要保持用户
U03127,泰国,付费广告,87.0,2,284.66,2,3,4,一般挽留用户
U04829,印尼,自然搜索,33.0,4,284.63,3,4,4,一般挽留用户
U05901,印尼,KOL推荐,63.0,4,284.53,2,4,4,重要保持用户
U00509,印尼,付费广告,46.0,4,284.34,3,4,4,一般挽留用户
U06491,越南,社交媒体,78.0,3,283.95,2,4,4,重要保持用户
U03016,印尼,社交媒体,13.0,4,283.92,3,4,4,一般挽留用户
U07745,印尼,KOL推荐,74.0,4,283.88,2,4,4,重要保持用户
U01992,印尼,付费广告,148.0,4,283.55,2,4,4,重要保持用户
U03110,印尼,社交媒体,205.0,4,283.27,1,4,4,重要保持用户
U06869,马来西亚,付费广告,10.0,3,283.2,3,4,4,一般挽留用户
U02302,印尼,自然搜索,30.0,4,283.14,3,4,4,一般挽留用户
U07645,印尼,内容营销,17.0,4,283.0,3,4,4,一般挽留用户
U06544,印尼,付费广告,19.0,4,282.99,3,4,4,一般挽留用户
U05687,马来西亚,内容营销,25.0,3,282.74,3,4,4,一般挽留用户
U04578,马来西亚,付费广告,142.0,3,282.48,2,4,4,重要保持用户
U01096,泰国,付费广告,112.0,2,282.35,2,3,4,一般挽留用户
U02040,菲律宾,内容营销,500.0,3,282.18,1,4,4,重要保持用户
U07204,马来西亚,付费广告,262.0,3,281.83,1,4,4,重要保持用户
U03600,泰国,付费广告,11.0,3,281.81,3,4,4,一般挽留用户
U06362,泰国,社交媒体,267.0,3,281.76,1,4,4,重要保持用户
U03118,泰国,KOL推荐,162.0,2,281.7,2,3,4,一般挽留用户
U04701,泰国,付费广告,397.0,2,281.6,1,3,4,一般挽留用户
U00003,印尼,内容营销,222.0,4,281.51,1,4,4,重要保持用户
U02631,印尼,社交媒体,49.0,4,281.48,2,4,4,重要保持用户
U03878,印尼,社交媒体,23.0,4,281.03,3,4,4,一般挽留用户
U00263,印尼,自然搜索,96.0,4,280.69,2,4,4,重要保持用户
U04033,马来西亚,付费广告,99.0,3,280.67,2,4,4,重要保持用户
U04134,印尼,自然搜索,167.0,4,280.43,2,4,4,重要保持用户
U03258,越南,内容营销,237.0,3,280.4,1,4,4,重要保持用户
U05245,印尼,社交媒体,201.0,4,280.36,1,4,4,重要保持用户
U06291,越南,自然搜索,203.0,3,280.28,1,4,4,重要保持用户
U00953,马来西亚,社交媒体,114.0,3,280.26,2,4,4,重要保持用户
U02138,泰国,社交媒体,480.0,2,280.23,1,3,4,一般挽留用户
U01121,马来西亚,付费广告,310.0,3,279.64,1,4,4,重要保持用户
U05892,印尼,付费广告,164.0,4,279.43,2,4,4,重要保持用户
U04296,泰国,付费广告,388.0,3,278.7,1,4,4,重要保持用户
U07724,马来西亚,内容营销,507.0,3,278.59,1,4,4,重要保持用户
U03709,马来西亚,社交媒体,33.0,3,278.37,3,4,4,一般挽留用户
U05598,印尼,自然搜索,316.0,4,278.35,1,4,4,重要保持用户
U04709,印尼,付费广告,5.0,4,278.3,3,4,4,一般挽留用户
U01958,印尼,社交媒体,122.0,4,278.28,2,4,4,重要保持用户
U04953,印尼,付费广告,61.0,4,278.18,2,4,4,重要保持用户
U06625,泰国,付费广告,646.0,2,278.17,1,3,4,一般挽留用户
U05985,泰国,付费广告,642.0,2,278.04,1,3,4,一般挽留用户
U07016,泰国,付费广告,206.0,2,277.93,1,3,4,一般挽留用户
U01635,泰国,自然搜索,18.0,2,277.81,3,3,4,一般挽留用户
U05389,菲律宾,自然搜索,7.0,4,277.67,3,4,4,一般挽留用户
U02296,泰国,内容营销,270.0,2,277.6,1,3,4,一般挽留用户
U03963,印尼,自然搜索,21.0,4,277.55,3,4,4,一般挽留用户
U07087,印尼,自然搜索,156.0,4,277.53,2,4,4,重要保持用户
U04317,泰国,自然搜索,173.0,2,277.4,2,3,4,一般挽留用户
U02740,越南,自然搜索,39.0,3,277.39,3,4,4,一般挽留用户
U05490,泰国,内容营销,379.0,3,277.17,1,4,4,重要保持用户
U01825,印尼,KOL推荐,167.0,4,277.03,2,4,4,重要保持用户
U06173,菲律宾,KOL推荐,105.0,4,276.9,2,4,4,重要保持用户
U05889,越南,社交媒体,176.0,4,276.7,1,4,4,重要保持用户
U05495,越南,付费广告,17.0,3,276.46,3,4,4,一般挽留用户
U02712,越南,内容营销,127.0,3,276.44,2,4,4,重要保持用户
U02242,印尼,付费广告,181.0,4,276.22,1,4,4,重要保持用户
U07657,印尼,内容营销,250.0,4,275.64,1,4,4,重要保持用户
U06790,菲律宾,付费广告,250.0,4,275.55,1,4,4,重要保持用户
U00468,泰国,付费广告,316.0,2,275.38,1,3,4,一般挽留用户
U05014,泰国,内容营销,118.0,3,275.27,2,4,4,重要保持用户
U06633,印尼,社交媒体,93.0,4,275.24,2,4,4,重要保持用户
U03613,菲律宾,内容营销,153.0,4,275.22,2,4,4,重要保持用户
U02876,印尼,付费广告,208.0,4,275.11,1,4,4,重要保持用户
U00899,泰国,内容营销,322.0,2,274.82,1,3,4,一般挽留用户
U05672,印尼,自然搜索,104.0,4,274.78,2,4,4,重要保持用户
U04072,印尼,自然搜索,12.0,4,274.75,3,4,4,一般挽留用户
U06958,印尼,社交媒体,356.0,4,274.55,1,4,4,重要保持用户
U07215,印尼,付费广告,18.0,4,274.52,3,4,4,一般挽留用户
U07212,越南,内容营销,458.0,3,274.4,1,4,4,重要保持用户
U01069,越南,自然搜索,579.0,3,274.17,1,4,4,重要保持用户
U07638,泰国,KOL推荐,453.0,2,274.11,1,3,4,一般挽留用户
U04904,马来西亚,内容营销,120.0,3,274.04,2,4,4,重要保持用户
U04713,菲律宾,社交媒体,281.0,4,273.88,1,4,4,重要保持用户
U01058,印尼,自然搜索,132.0,4,273.77,2,4,4,重要保持用户
U01324,马来西亚,自然搜索,175.0,3,273.69,1,4,4,重要保持用户
U00883,泰国,付费广告,323.0,2,273.08,1,3,4,一般挽留用户
U04043,印尼,付费广告,315.0,4,272.95,1,4,4,重要保持用户
U01120,菲律宾,内容营销,388.0,3,272.78,1,4,4,重要保持用户
U05404,越南,付费广告,146.0,3,272.61,2,4,4,重要保持用户
U07397,菲律宾,KOL推荐,366.0,4,272.57,1,4,4,重要保持用户
U04087,印尼,社交媒体,223.0,4,272.57,1,4,4,重要保持用户
U05077,泰国,社交媒体,88.0,3,272.44,2,4,4,重要保持用户
U00028,印尼,付费广告,77.0,4,272.26,2,4,4,重要保持用户
U05666,印尼,付费广告,143.0,4,272.13,2,4,4,重要保持用户
U07647,泰国,KOL推荐,40.0,2,272.01,3,3,4,一般挽留用户
U00877,印尼,付费广告,219.0,4,271.98,1,4,4,重要保持用户
U07756,越南,社交媒体,157.0,3,271.84,2,4,4,重要保持用户
U03165,印尼,付费广告,423.0,4,271.79,1,4,4,重要保持用户
U02355,泰国,自然搜索,521.0,3,271.75,1,4,4,重要保持用户
U02887,越南,付费广告,73.0,3,271.73,2,4,4,重要保持用户
U01002,菲律宾,社交媒体,277.0,3,271.57,1,4,4,重要保持用户
U04357,印尼,KOL推荐,119.0,4,271.39,2,4,4,重要保持用户
U06139,菲律宾,社交媒体,7.0,4,271.35,3,4,4,一般挽留用户
U07271,马来西亚,社交媒体,69.0,3,271.24,2,4,4,重要保持用户
U03098,泰国,社交媒体,188.0,2,270.99,1,3,4,一般挽留用户
U01619,印尼,自然搜索,28.0,4,270.85,3,4,4,一般挽留用户
U00629,越南,社交媒体,281.0,3,270.48,1,4,4,重要保持用户
U04797,菲律宾,付费广告,105.0,4,270.4,2,4,4,重要保持用户
U02332,印尼,自然搜索,86.0,4,270.07,2,4,4,重要保持用户
U06028,印尼,自然搜索,151.0,4,269.3,2,4,4,重要保持用户
U01805,菲律宾,KOL推荐,329.0,4,268.96,1,4,4,重要保持用户
U03813,印尼,自然搜索,56.0,4,268.89,2,4,4,重要保持用户
U03577,印尼,内容营销,50.0,4,268.4,2,4,4,重要保持用户
U05664,印尼,付费广告,294.0,4,268.37,1,4,4,重要保持用户
U05150,越南,付费广告,53.0,4,268.36,2,4,4,重要保持用户
U02533,泰国,自然搜索,236.0,3,268.29,1,4,4,重要保持用户
U03152,印尼,付费广告,322.0,4,268.28,1,4,4,重要保持用户
U00591,印尼,自然搜索,203.0,4,268.2,1,4,4,重要保持用户
U04603,越南,付费广告,254.0,3,268.08,1,4,4,重要保持用户
U06629,印尼,自然搜索,48.0,4,267.76,3,4,4,一般挽留用户
U02009,印尼,KOL推荐,21.0,4,267.62,3,4,4,一般挽留用户
U05186,印尼,自然搜索,145.0,4,267.5,2,4,4,重要保持用户
U03567,印尼,付费广告,135.0,4,267.06,2,4,4,重要保持用户
U04564,泰国,付费广告,547.0,2,266.97,1,3,4,一般挽留用户
U00508,马来西亚,内容营销,85.0,3,266.75,2,4,4,重要保持用户
U02121,印尼,自然搜索,132.0,4,266.48,2,4,4,重要保持用户
U05794,印尼,内容营销,300.0,4,266.44,1,4,4,重要保持用户
U03246,印尼,付费广告,84.0,4,266.28,2,4,4,重要保持用户
U01959,菲律宾,自然搜索,108.0,4,266.24,2,4,4,重要保持用户
U04091,越南,自然搜索,123.0,4,266.19,2,4,4,重要保持用户
U07848,泰国,自然搜索,402.0,3,266.14,1,4,4,重要保持用户
U05913,越南,内容营销,304.0,4,265.99,1,4,4,重要保持用户
U00255,印尼,内容营销,305.0,4,265.84,1,4,4,重要保持用户
U02945,泰国,社交媒体,308.0,2,265.78,1,3,4,一般挽留用户
U04412,印尼,自然搜索,77.0,4,265.38,2,4,4,重要保持用户
U03756,泰国,KOL推荐,236.0,2,265.12,1,3,4,一般挽留用户
U07402,印尼,KOL推荐,114.0,4,265.06,2,4,4,重要保持用户
U05955,印尼,社交媒体,144.0,4,264.99,2,4,4,重要保持用户
U01189,印尼,KOL推荐,256.0,4,264.51,1,4,4,重要保持用户
U02626,泰国,KOL推荐,92.0,2,264.41,2,3,4,一般挽留用户
U06628,印尼,社交媒体,63.0,4,264.39,2,4,4,重要保持用户
U04403,越南,付费广告,53.0,3,264.31,2,4,4,重要保持用户
U01856,菲律宾,自然搜索,113.0,4,263.47,2,4,4,重要保持用户
U00251,越南,内容营销,242.0,4,263.41,1,4,4,重要保持用户
U01412,越南,KOL推荐,7.0,4,263.18,3,4,4,一般挽留用户
U00657,越南,自然搜索,170.0,4,263.03,2,4,4,重要保持用户
U06974,印尼,自然搜索,135.0,4,263.03,2,4,4,重要保持用户
U04751,越南,自然搜索,254.0,3,262.4,1,4,4,重要保持用户
U07309,泰国,自然搜索,526.0,2,262.26,1,3,4,一般挽留用户
U00168,泰国,付费广告,187.0,2,262.1,1,3,4,一般挽留用户
U04827,泰国,自然搜索,260.0,2,262.01,1,3,4,一般挽留用户
U07373,印尼,付费广告,56.0,4,261.9,2,4,4,重要保持用户
U04028,印尼,付费广告,48.0,4,261.88,3,4,4,一般挽留用户
U00850,泰国,内容营销,137.0,2,261.83,2,3,4,一般挽留用户
U03431,马来西亚,社交媒体,274.0,3,261.61,1,4,4,重要保持用户
U02875,印尼,付费广告,338.0,4,261.56,1,4,4,重要保持用户
U07541,泰国,付费广告,21.0,2,260.89,3,3,4,一般挽留用户
U01429,菲律宾,KOL推荐,194.0,3,260.82,1,4,4,重要保持用户
U07959,泰国,自然搜索,41.0,2,260.75,3,3,4,一般挽留用户
U06194,印尼,自然搜索,111.0,4,260.74,2,4,4,重要保持用户
U03874,泰国,KOL推荐,148.0,2,260.59,2,3,4,一般挽留用户
U06481,印尼,社交媒体,190.0,3,260.54,1,4,4,重要保持用户
U05853,菲律宾,自然搜索,320.0,4,260.44,1,4,4,重要保持用户
U01961,越南,社交媒体,214.0,3,260.38,1,4,4,重要保持用户
U04092,印尼,自然搜索,298.0,4,260.31,1,4,4,重要保持用户
U01330,印尼,社交媒体,21.0,4,260.3,3,4,4,一般挽留用户
U01777,越南,内容营销,17.0,4,260.02,3,4,4,一般挽留用户
U04799,印尼,付费广告,71.0,4,259.96,2,4,4,重要保持用户
U04922,印尼,付费广告,42.0,4,259.8,3,4,4,一般挽留用户
U01247,泰国,付费广告,144.0,2,259.64,2,3,4,一般挽留用户
U00536,菲律宾,自然搜索,105.0,3,259.13,2,4,4,重要保持用户
U04492,印尼,付费广告,214.0,4,259.08,1,4,4,重要保持用户
U02592,印尼,付费广告,52.0,4,258.89,2,4,4,重要保持用户
U00176,印尼,自然搜索,138.0,4,258.74,2,4,4,重要保持用户
U03213,印尼,自然搜索,32.0,4,258.72,3,4,4,一般挽留用户
U04475,印尼,付费广告,16.0,4,258.56,3,4,4,一般挽留用户
U04013,泰国,KOL推荐,380.0,2,258.51,1,3,4,一般挽留用户
U07382,马来西亚,自然搜索,313.0,3,258.47,1,4,4,重要保持用户
U02793,越南,自然搜索,28.0,4,258.13,3,4,4,一般挽留用户
U02912,印尼,自然搜索,305.0,3,257.6,1,4,4,重要保持用户
U07972,泰国,内容营销,214.0,3,257.58,1,4,4,重要保持用户
U02401,泰国,付费广告,230.0,2,257.52,1,3,4,一般挽留用户
U03555,印尼,社交媒体,277.0,4,257.5,1,4,4,重要保持用户
U02126,印尼,付费广告,162.0,4,257.35,2,4,4,重要保持用户
U01844,马来西亚,自然搜索,30.0,3,256.97,3,4,4,一般挽留用户
U01220,马来西亚,自然搜索,642.0,2,256.92,1,3,4,一般挽留用户
U05522,印尼,自然搜索,148.0,4,256.81,2,4,4,重要保持用户
U05494,印尼,社交媒体,40.0,4,256.75,3,4,4,一般挽留用户
U03840,印尼,自然搜索,207.0,4,256.42,1,4,4,重要保持用户
U02926,菲律宾,KOL推荐,171.0,3,256.27,2,4,4,重要保持用户
U03446,菲律宾,内容营销,17.0,4,256.14,3,4,4,一般挽留用户
U03219,印尼,付费广告,274.0,4,256.03,1,4,4,重要保持用户
U03360,菲律宾,KOL推荐,191.0,4,255.87,1,4,4,重要保持用户
U03796,印尼,自然搜索,248.0,4,255.79,1,4,4,重要保持用户
U03150,印尼,自然搜索,30.0,4,255.72,3,4,4,一般挽留用户
U04914,泰国,KOL推荐,44.0,2,255.48,3,3,4,一般挽留用户
U02549,泰国,自然搜索,262.0,2,254.71,1,3,4,一般挽留用户
U06373,马来西亚,付费广告,1.0,3,254.35,3,4,4,一般挽留用户
U02836,马来西亚,社交媒体,30.0,3,254.06,3,4,4,一般挽留用户
U05512,菲律宾,社交媒体,91.0,4,253.92,2,4,4,重要保持用户
U01436,越南,社交媒体,4.0,3,253.8,3,4,4,一般挽留用户
U05692,印尼,KOL推荐,253.0,4,253.77,1,4,4,重要保持用户
U00471,马来西亚,付费广告,28.0,3,253.77,3,4,4,一般挽留用户
U00574,菲律宾,内容营销,189.0,4,253.76,1,4,4,重要保持用户
U00679,菲律宾,自然搜索,283.0,4,253.51,1,4,4,重要保持用户
U05164,泰国,付费广告,78.0,3,253.43,2,4,4,重要保持用户
U06062,印尼,付费广告,131.0,4,253.13,2,4,4,重要保持用户
U01001,印尼,付费广告,46.0,3,252.97,3,4,4,一般挽留用户
U04986,印尼,内容营销,77.0,4,252.94,2,4,4,重要保持用户
U02980,越南,社交媒体,160.0,3,252.65,2,4,4,重要保持用户
U07839,菲律宾,内容营销,162.0,4,252.62,2,4,4,重要保持用户
U00803,印尼,内容营销,40.0,4,252.33,3,4,4,一般挽留用户
U05239,越南,内容营销,238.0,3,252.14,1,4,4,重要保持用户
U04886,越南,付费广告,204.0,3,251.99,1,4,4,重要保持用户
U01686,马来西亚,付费广告,158.0,2,251.97,2,3,4,一般挽留用户
U07355,菲律宾,KOL推荐,21.0,4,251.97,3,4,4,一般挽留用户
U05350,印尼,内容营销,137.0,4,251.85,2,4,4,重要保持用户
U03163,印尼,KOL推荐,59.0,4,251.82,2,4,4,重要保持用户
U06638,泰国,社交媒体,494.0,2,251.66,1,3,4,一般挽留用户
U07418,泰国,付费广告,284.0,2,251.39,1,3,4,一般挽留用户
U07515,菲律宾,自然搜索,411.0,4,251.37,1,4,4,重要保持用户
U06948,菲律宾,付费广告,248.0,4,251.24,1,4,4,重要保持用户
U04485,印尼,自然搜索,12.0,4,251.13,3,4,4,一般挽留用户
U04304,菲律宾,内容营销,15.0,4,251.06,3,4,4,一般挽留用户
U00092,菲律宾,社交媒体,96.0,4,250.75,2,4,4,重要保持用户
U05893,泰国,内容营销,243.0,2,250.7,1,3,4,一般挽留用户
U00962,泰国,付费广告,467.0,2,250.5,1,3,4,一般挽留用户
U06707,印尼,付费广告,127.0,4,250.44,2,4,4,重要保持用户
U06586,印尼,内容营销,38.0,3,250.44,3,4,4,一般挽留用户
U00107,菲律宾,付费广告,187.0,4,250.08,1,4,4,重要保持用户
U04450,越南,内容营销,242.0,3,249.34,1,4,4,重要保持用户
U00493,泰国,内容营销,309.0,2,249.28,1,3,4,一般挽留用户
U00425,印尼,付费广告,92.0,3,249.28,2,4,4,重要保持用户
U06539,印尼,付费广告,18.0,4,249.12,3,4,4,一般挽留用户
U02685,泰国,付费广告,520.0,2,249.03,1,3,4,一般挽留用户
U02746,印尼,内容营销,228.0,4,248.99,1,4,4,重要保持用户
U06072,泰国,付费广告,56.0,2,248.98,2,3,4,一般挽留用户
U01078,泰国,社交媒体,133.0,3,248.8,2,4,4,重要保持用户
U04757,菲律宾,内容营销,145.0,4,248.76,2,4,4,重要保持用户
U05814,泰国,社交媒体,148.0,2,248.61,2,3,4,一般挽留用户
U05133,泰国,付费广告,71.0,2,248.51,2,3,4,一般挽留用户
U00379,越南,付费广告,67.0,4,248.27,2,4,4,重要保持用户
U04536,越南,社交媒体,163.0,4,248.23,2,4,4,重要保持用户
U04080,印尼,社交媒体,112.0,4,248.18,2,4,4,重要保持用户
U02382,马来西亚,付费广告,184.0,3,248.08,1,4,4,重要保持用户
U03998,印尼,内容营销,2.0,4,248.01,3,4,4,一般挽留用户
U02186,菲律宾,KOL推荐,224.0,4,247.9,1,4,4,重要保持用户
U06919,越南,付费广告,21.0,4,247.81,3,4,4,一般挽留用户
U03625,越南,自然搜索,43.0,3,247.73,3,4,4,一般挽留用户
U02373,越南,付费广告,59.0,4,247.62,2,4,4,重要保持用户
U00501,印尼,付费广告,129.0,3,247.57,2,4,4,重要保持用户
U00780,印尼,自然搜索,249.0,4,247.44,1,4,4,重要保持用户
U04526,印尼,自然搜索,73.0,4,247.32,2,4,4,重要保持用户
U01145,菲律宾,付费广告,148.0,4,246.45,2,4,4,重要保持用户
U01768,越南,内容营销,34.0,4,246.33,3,4,4,一般挽留用户
U07208,越南,自然搜索,153.0,3,246.02,2,4,4,重要保持用户
U03545,泰国,付费广告,401.0,2,245.98,1,3,4,一般挽留用户
U02002,马来西亚,自然搜索,542.0,2,245.86,1,3,4,一般挽留用户
U00155,泰国,自然搜索,87.0,2,245.56,2,3,4,一般挽留用户
U07548,菲律宾,自然搜索,19.0,4,245.45,3,4,4,一般挽留用户
U05423,越南,社交媒体,195.0,3,245.35,1,4,4,重要保持用户
U02397,泰国,社交媒体,178.0,2,245.02,1,3,4,一般挽留用户
U05214,越南,自然搜索,75.0,4,245.0,2,4,4,重要保持用户
U04054,菲律宾,社交媒体,377.0,4,244.79,1,4,4,重要保持用户
U06469,菲律宾,自然搜索,31.0,4,244.5,3,4,4,一般挽留用户
U04148,印尼,自然搜索,67.0,4,244.35,2,4,4,重要保持用户
U01237,印尼,自然搜索,151.0,3,244.31,2,4,4,重要保持用户
U07946,印尼,自然搜索,83.0,3,244.3,2,4,4,重要保持用户
U02305,越南,社交媒体,54.0,3,244.1,2,4,4,重要保持用户
U05923,印尼,自然搜索,109.0,4,243.97,2,4,4,重要保持用户
U04560,印尼,KOL推荐,13.0,4,243.97,3,4,4,一般挽留用户
U06384,越南,KOL推荐,216.0,4,243.95,1,4,4,重要保持用户
U02633,泰国,付费广告,35.0,2,243.84,3,3,4,一般挽留用户
U05641,菲律宾,付费广告,249.0,4,243.78,1,4,4,重要保持用户
U00541,印尼,社交媒体,47.0,3,243.74,3,4,4,一般挽留用户
U05418,印尼,内容营销,61.0,4,243.61,2,4,4,重要保持用户
U01266,越南,付费广告,42.0,4,243.48,3,4,4,一般挽留用户
U00268,越南,社交媒体,107.0,4,243.2,2,4,4,重要保持用户
U04185,印尼,社交媒体,102.0,4,243.19,2,4,4,重要保持用户
U00287,印尼,自然搜索,82.0,4,243.19,2,4,4,重要保持用户
U07849,泰国,付费广告,59.0,2,243.08,2,3,4,一般挽留用户
U03502,马来西亚,社交媒体,594.0,2,243.03,1,3,4,一般挽留用户
U05833,越南,内容营销,4.0,4,243.03,3,4,4,一般挽留用户
U00125,越南,自然搜索,255.0,4,242.88,1,4,4,重要保持用户
U04946,印尼,付费广告,85.0,4,242.82,2,4,4,重要保持用户
U01605,印尼,KOL推荐,67.0,4,242.82,2,4,4,重要保持用户
U04571,印尼,KOL推荐,147.0,4,242.8,2,4,4,重要保持用户
U02791,马来西亚,付费广告,44.0,2,242.51,3,3,4,一般挽留用户
U06881,泰国,自然搜索,197.0,2,242.23,1,3,4,一般挽留用户
U02371,菲律宾,内容营销,38.0,4,242.11,3,4,4,一般挽留用户
U06632,印尼,自然搜索,11.0,4,242.0,3,4,4,一般挽留用户
U07228,马来西亚,KOL推荐,105.0,3,241.84,2,4,4,重要保持用户
U04956,越南,内容营销,100.0,4,241.5,2,4,4,重要保持用户
U04250,越南,社交媒体,23.0,4,241.49,3,4,4,一般挽留用户
U07180,泰国,自然搜索,75.0,3,241.15,2,4,4,重要保持用户
U06599,印尼,内容营销,116.0,4,241.13,2,4,4,重要保持用户
U04793,越南,内容营销,520.0,3,241.09,1,4,4,重要保持用户
U01750,印尼,付费广告,286.0,4,241.06,1,4,4,重要保持用户
U05354,印尼,自然搜索,187.0,3,240.85,1,4,4,重要保持用户
U02768,印尼,付费广告,361.0,4,240.71,1,4,4,重要保持用户
U03566,印尼,自然搜索,45.0,4,240.52,3,4,4,一般挽留用户
U02410,印尼,KOL推荐,8.0,4,240.26,3,4,4,一般挽留用户
U07851,印尼,社交媒体,239.0,3,240.21,1,4,4,重要保持用户
U07251,马来西亚,付费广告,34.0,2,239.86,3,3,4,一般挽留用户
U00951,印尼,KOL推荐,109.0,4,239.77,2,4,4,重要保持用户
U03511,泰国,社交媒体,295.0,2,239.71,1,3,4,一般挽留用户
U00373,印尼,社交媒体,94.0,4,239.66,2,4,4,重要保持用户
U06624,菲律宾,付费广告,48.0,4,239.56,3,4,4,一般挽留用户
U00016,越南,付费广告,408.0,3,239.51,1,4,4,重要保持用户
U00252,菲律宾,自然搜索,35.0,4,239.44,3,4,4,一般挽留用户
U07297,印尼,自然搜索,246.0,3,239.1,1,4,4,重要保持用户
U03559,越南,KOL推荐,105.0,4,239.08,2,4,4,重要保持用户
U07735,印尼,付费广告,209.0,3,238.85,1,4,4,重要保持用户
U06687,越南,KOL推荐,131.0,4,238.85,2,4,4,重要保持用户
U04129,泰国,付费广告,148.0,2,238.59,2,3,4,一般挽留用户
U07893,越南,社交媒体,149.0,4,238.42,2,4,4,重要保持用户
U06111,越南,社交媒体,33.0,4,238.41,3,4,4,一般挽留用户
U05864,印尼,社交媒体,323.0,4,238.34,1,4,4,重要保持用户
U02833,越南,付费广告,125.0,4,238.11,2,4,4,重要保持用户
U00399,菲律宾,内容营销,22.0,4,238.07,3,4,4,一般挽留用户
U07838,越南,内容营销,264.0,4,238.0,1,4,4,重要保持用户
U07325,泰国,社交媒体,531.0,2,237.93,1,3,4,一般挽留用户
U04697,印尼,KOL推荐,152.0,4,237.65,2,4,4,重要保持用户
U03346,越南,内容营销,213.0,4,237.55,1,4,4,重要保持用户
U01488,越南,自然搜索,94.0,4,237.55,2,4,4,重要保持用户
U06932,越南,社交媒体,4.0,4,237.48,3,4,4,一般挽留用户
U00582,印尼,内容营销,59.0,3,237.26,2,4,4,重要保持用户
U05656,印尼,付费广告,186.0,4,237.25,1,4,4,重要保持用户
U01480,菲律宾,自然搜索,196.0,4,237.14,1,4,4,重要保持用户
U07237,菲律宾,社交媒体,232.0,4,237.08,1,4,4,重要保持用户
U02930,印尼,内容营销,163.0,4,237.06,2,4,4,重要保持用户
U07546,菲律宾,社交媒体,207.0,4,236.72,1,4,4,重要保持用户
U06978,菲律宾,社交媒体,155.0,4,236.68,2,4,4,重要保持用户
U01213,菲律宾,付费广告,178.0,4,236.64,1,4,4,重要保持用户
U03809,泰国,自然搜索,243.0,2,236.62,1,3,4,一般挽留用户
U01898,越南,KOL推荐,205.0,4,236.61,1,4,4,重要保持用户
U07607,印尼,社交媒体,74.0,4,236.59,2,4,4,重要保持用户
U05091,泰国,付费广告,372.0,2,236.57,1,3,4,一般挽留用户
U06265,印尼,自然搜索,97.0,4,236.45,2,4,4,重要保持用户
U03371,印尼,自然搜索,100.0,4,236.3,2,4,4,重要保持用户
U00005,泰国,付费广告,593.0,2,236.27,1,3,4,一般挽留用户
U06655,越南,KOL推荐,4.0,3,236.19,3,4,4,一般挽留用户
U03848,印尼,付费广告,8.0,4,235.74,3,4,4,一般挽留用户
U01356,马来西亚,KOL推荐,163.0,3,235.7,2,4,4,重要保持用户
U02033,马来西亚,内容营销,327.0,3,235.65,1,4,4,重要保持用户
U06153,泰国,自然搜索,232.0,2,235.59,1,3,4,一般挽留用户
U05844,菲律宾,付费广告,67.0,4,235.41,2,4,4,重要保持用户
U00066,泰国,付费广告,39.0,2,235.38,3,3,4,一般挽留用户
U02781,菲律宾,付费广告,183.0,4,235.29,1,4,4,重要保持用户
U04168,越南,社交媒体,188.0,4,235.18,1,4,4,重要保持用户
U07346,越南,付费广告,49.0,3,235.17,2,4,4,重要保持用户
U00583,越南,自然搜索,35.0,3,235.01,3,4,4,一般挽留用户
U07468,印尼,社交媒体,49.0,4,234.33,2,4,4,重要保持用户
U00284,印尼,社交媒体,31.0,3,234.17,3,4,4,一般挽留用户
U02436,越南,付费广告,3.0,4,234.1,3,4,4,一般挽留用户
U04401,印尼,付费广告,272.0,4,233.97,1,4,4,重要保持用户
U03989,菲律宾,内容营销,350.0,4,233.93,1,4,4,重要保持用户
U01249,印尼,付费广告,24.0,3,233.87,3,4,4,一般挽留用户
U01852,菲律宾,自然搜索,8.0,4,233.87,3,4,4,一般挽留用户
U01157,菲律宾,社交媒体,97.0,3,233.8,2,4,4,重要保持用户
U03763,越南,自然搜索,113.0,4,233.78,2,4,4,重要保持用户
U03229,泰国,付费广告,165.0,2,233.7,2,3,4,一般挽留用户
U05612,菲律宾,付费广告,264.0,4,233.66,1,4,4,重要保持用户
U07112,越南,内容营销,401.0,4,233.31,1,4,4,重要保持用户
U04215,菲律宾,付费广告,19.0,4,233.23,3,4,4,一般挽留用户
U01595,印尼,付费广告,43.0,3,233.09,3,4,4,一般挽留用户
U00376,菲律宾,自然搜索,99.0,4,232.62,2,4,4,重要保持用户
U00020,印尼,付费广告,205.0,3,232.56,1,4,4,重要保持用户
U02231,泰国,付费广告,138.0,2,232.22,2,3,4,一般挽留用户
U04517,菲律宾,内容营销,27.0,4,232.09,3,4,4,一般挽留用户
U01671,菲律宾,社交媒体,62.0,4,232.07,2,4,4,重要保持用户
U05009,越南,自然搜索,33.0,4,231.96,3,4,4,一般挽留用户
U03926,印尼,自然搜索,112.0,4,231.91,2,4,4,重要保持用户
U05979,印尼,自然搜索,134.0,4,231.75,2,4,4,重要保持用户
U06843,泰国,社交媒体,26.0,2,231.57,3,3,4,一般挽留用户
U06718,泰国,自然搜索,380.0,2,231.23,1,3,4,一般挽留用户
U01811,菲律宾,KOL推荐,92.0,4,231.14,2,4,4,重要保持用户
U06545,泰国,付费广告,358.0,2,230.69,1,3,4,一般挽留用户
U02359,泰国,社交媒体,500.0,2,230.55,1,3,4,一般挽留用户
U06026,菲律宾,社交媒体,82.0,4,230.43,2,4,4,重要保持用户
U06179,越南,付费广告,319.0,4,230.42,1,4,4,重要保持用户
U03607,越南,自然搜索,71.0,4,230.17,2,4,4,重要保持用户
U03980,菲律宾,自然搜索,24.0,4,230.04,3,4,4,一般挽留用户
U02402,越南,自然搜索,194.0,4,229.85,1,4,4,重要保持用户
U04554,越南,社交媒体,1.0,4,229.82,3,4,4,一般挽留用户
U05824,泰国,社交媒体,555.0,2,229.7,1,3,4,一般挽留用户
U00313,马来西亚,社交媒体,452.0,2,229.38,1,3,4,一般挽留用户
U01240,菲律宾,付费广告,13.0,4,229.29,3,4,4,一般挽留用户
U02649,越南,社交媒体,268.0,4,229.09,1,4,4,重要保持用户
U01454,泰国,内容营销,491.0,2,229.08,1,3,4,一般挽留用户
U07289,菲律宾,内容营销,126.0,4,228.86,2,4,4,重要保持用户
U05316,越南,自然搜索,129.0,4,228.71,2,4,4,重要保持用户
U01348,马来西亚,社交媒体,140.0,2,228.7,2,3,4,一般挽留用户
U03259,菲律宾,付费广告,212.0,4,228.64,1,4,4,重要保持用户
U05828,越南,自然搜索,172.0,4,228.32,2,4,4,重要保持用户
U04567,泰国,自然搜索,19.0,2,228.29,3,3,4,一般挽留用户
U05192,菲律宾,自然搜索,60.0,4,228.06,2,4,4,重要保持用户
U04954,越南,付费广告,223.0,4,227.99,1,4,4,重要保持用户
U03881,印尼,自然搜索,275.0,3,227.96,1,4,4,重要保持用户
U06845,泰国,KOL推荐,185.0,2,227.9,1,3,4,一般挽留用户
U07232,泰国,内容营销,555.0,2,227.77,1,3,4,一般挽留用户
U01122,菲律宾,社交媒体,237.0,4,227.75,1,4,4,重要保持用户
U00903,印尼,KOL推荐,158.0,4,227.62,2,4,4,重要保持用户
U03540,泰国,KOL推荐,342.0,2,227.55,1,3,4,一般挽留用户
U00774,菲律宾,内容营销,108.0,4,227.51,2,4,4,重要保持用户
U03701,印尼,付费广告,139.0,3,227.36,2,4,4,重要保持用户
U02418,泰国,付费广告,97.0,2,227.34,2,3,4,一般挽留用户
U07800,泰国,付费广告,215.0,2,227.33,1,3,4,一般挽留用户
U01402,泰国,社交媒体,290.0,2,227.27,1,3,4,一般挽留用户
U00724,印尼,内容营销,180.0,4,227.23,1,4,4,重要保持用户
U05157,菲律宾,自然搜索,119.0,4,227.04,2,4,4,重要保持用户
U04948,菲律宾,内容营销,29.0,4,226.9,3,4,4,一般挽留用户
U07844,菲律宾,自然搜索,146.0,4,226.81,2,4,4,重要保持用户
U01254,印尼,KOL推荐,20.0,3,226.57,3,4,4,一般挽留用户
U07152,马来西亚,内容营销,75.0,2,226.54,2,3,4,一般挽留用户
U02222,泰国,内容营销,483.0,2,226.4,1,3,4,一般挽留用户
U01381,越南,付费广告,11.0,4,226.27,3,4,4,一般挽留用户
U06352,泰国,付费广告,713.0,2,226.22,1,3,4,一般挽留用户
U07559,菲律宾,内容营销,39.0,4,226.18,3,4,4,一般挽留用户
U01093,印尼,社交媒体,51.0,4,225.94,2,4,4,重要保持用户
U04329,菲律宾,自然搜索,308.0,4,225.84,1,4,4,重要保持用户
U02072,泰国,社交媒体,396.0,2,225.81,1,3,4,一般挽留用户
U02596,越南,付费广告,371.0,4,225.56,1,4,4,重要保持用户
U03576,泰国,社交媒体,412.0,2,225.5,1,3,4,一般挽留用户
U03014,印尼,内容营销,89.0,3,225.29,2,4,4,重要保持用户
U06667,印尼,社交媒体,654.0,3,225.26,1,4,4,重要保持用户
U07604,越南,付费广告,39.0,4,225.26,3,4,4,一般挽留用户
U01553,菲律宾,社交媒体,139.0,4,225.11,2,4,4,重要保持用户
U00048,印尼,内容营销,10.0,4,225.04,3,4,4,一般挽留用户
U00457,越南,付费广告,133.0,4,225.02,2,4,4,重要保持用户
U06697,越南,付费广告,216.0,4,224.67,1,4,4,重要保持用户
U04187,印尼,社交媒体,128.0,3,224.67,2,4,4,重要保持用户
U06642,印尼,KOL推荐,254.0,3,224.4,1,4,4,重要保持用户
U03890,菲律宾,社交媒体,113.0,4,224.3,2,4,4,重要保持用户
U02893,印尼,付费广告,190.0,3,224.27,1,4,4,重要保持用户
U06321,印尼,自然搜索,278.0,3,224.15,1,4,4,重要保持用户
U06696,印尼,自然搜索,12.0,3,224.07,3,4,4,一般挽留用户
U06855,越南,内容营销,427.0,4,223.91,1,4,4,重要保持用户
U00147,印尼,内容营销,348.0,3,223.84,1,4,4,重要保持用户
U06112,马来西亚,自然搜索,242.0,3,223.84,1,4,4,重要保持用户
U00907,越南,社交媒体,84.0,4,223.82,2,4,4,重要保持用户
U07444,越南,付费广告,156.0,4,223.75,2,4,4,重要保持用户
U06124,菲律宾,社交媒体,149.0,4,223.64,2,4,4,重要保持用户
U06013,印尼,KOL推荐,486.0,3,223.58,1,4,4,重要保持用户
U06852,马来西亚,社交媒体,42.0,2,223.18,3,3,4,一般挽留用户
U02372,印尼,付费广告,272.0,3,222.95,1,4,4,重要保持用户
U05258,越南,自然搜索,502.0,4,222.82,1,4,4,重要保持用户
U05902,泰国,社交媒体,286.0,2,222.8,1,3,4,一般挽留用户
U02766,印尼,社交媒体,344.0,3,222.67,1,4,4,重要保持用户
U02978,印尼,付费广告,153.0,3,222.64,2,4,4,重要保持用户
U06420,马来西亚,内容营销,58.0,2,222.61,2,3,4,一般挽留用户
U05652,泰国,自然搜索,114.0,2,222.55,2,3,4,一般挽留用户
U03806,越南,社交媒体,50.0,4,222.51,2,4,4,重要保持用户
U07098,泰国,社交媒体,286.0,2,222.46,1,3,4,一般挽留用户
U00914,印尼,自然搜索,228.0,3,222.31,1,4,4,重要保持用户
U00089,印尼,内容营销,15.0,3,222.3,3,4,4,一般挽留用户
U05924,泰国,社交媒体,8.0,2,222.23,3,3,4,一般挽留用户
U07909,印尼,自然搜索,133.0,3,222.22,2,4,4,重要保持用户
U03303,越南,自然搜索,251.0,4,222.2,1,4,4,重要保持用户
U04711,越南,自然搜索,317.0,4,222.12,1,4,4,重要保持用户
U02038,泰国,社交媒体,51.0,2,222.04,2,3,4,一般挽留用户
U07534,菲律宾,付费广告,64.0,4,221.69,2,4,4,重要保持用户
U04976,泰国,自然搜索,76.0,2,221.49,2,3,4,一般挽留用户
U05704,马来西亚,付费广告,357.0,2,221.44,1,3,4,一般挽留用户
U00727,菲律宾,自然搜索,92.0,4,221.39,2,4,4,重要保持用户
U05697,越南,付费广告,216.0,4,221.38,1,4,4,重要保持用户
U03154,越南,KOL推荐,157.0,3,221.38,2,4,4,重要保持用户
U06686,越南,付费广告,26.0,4,221.24,3,4,4,一般挽留用户
U03512,马来西亚,内容营销,195.0,2,220.85,1,3,4,一般挽留用户
U00186,菲律宾,自然搜索,286.0,4,220.82,1,4,4,重要保持用户
U07285,印尼,社交媒体,534.0,3,220.81,1,4,4,重要保持用户
U00761,越南,社交媒体,247.0,4,220.67,1,4,4,重要保持用户
U06858,马来西亚,社交媒体,181.0,2,220.45,1,3,4,一般挽留用户
U04628,印尼,社交媒体,14.0,3,220.45,3,4,4,一般挽留用户
U06540,泰国,付费广告,77.0,2,220.35,2,3,4,一般挽留用户
U03440,越南,付费广告,237.0,4,220.21,1,4,4,重要保持用户
U07825,菲律宾,付费广告,386.0,3,220.2,1,4,4,重要保持用户
U01742,菲律宾,内容营销,261.0,4,220.15,1,4,4,重要保持用户
U02374,印尼,内容营销,68.0,4,220.03,2,4,4,重要保持用户
U05940,越南,自然搜索,80.0,4,219.87,2,4,4,重要保持用户
U07619,越南,付费广告,125.0,4,219.58,2,4,4,重要保持用户
U06782,印尼,内容营销,184.0,3,219.51,1,4,4,重要保持用户
U04774,越南,付费广告,109.0,4,219.3,2,4,4,重要保持用户
U06250,越南,自然搜索,5.0,4,219.13,3,4,3,一般挽留用户
U02272,印尼,内容营销,354.0,3,219.09,1,4,3,一般挽留用户
U02419,越南,社交媒体,169.0,4,219.06,2,4,3,一般挽留用户
U02969,印尼,自然搜索,277.0,3,218.95,1,4,3,一般挽留用户
U06161,越南,自然搜索,102.0,4,218.79,2,4,3,一般挽留用户
U07469,越南,KOL推荐,44.0,4,218.79,3,4,3,一般挽留用户
U07592,印尼,社交媒体,84.0,3,218.66,2,4,3,一般挽留用户
U05643,越南,社交媒体,103.0,4,218.45,2,4,3,一般挽留用户
U05099,泰国,付费广告,40.0,2,218.38,3,3,3,一般挽留用户
U00871,越南,自然搜索,83.0,4,218.29,2,4,3,一般挽留用户
U04938,菲律宾,自然搜索,208.0,3,218.25,1,4,3,一般挽留用户
U01043,印尼,付费广告,292.0,3,218.15,1,4,3,一般挽留用户
U00124,泰国,付费广告,170.0,2,218.1,2,3,3,一般挽留用户
U04548,印尼,社交媒体,368.0,3,217.89,1,4,3,一般挽留用户
U01645,菲律宾,社交媒体,44.0,4,217.61,3,4,3,一般挽留用户
U04180,越南,付费广告,382.0,4,217.16,1,4,3,一般挽留用户
U03785,泰国,内容营销,91.0,2,217.06,2,3,3,一般挽留用户
U03385,菲律宾,付费广告,47.0,4,216.83,3,4,3,一般挽留用户
U01104,马来西亚,自然搜索,260.0,2,216.77,1,3,3,一般挽留用户
U03521,越南,自然搜索,127.0,4,216.58,2,4,3,一般挽留用户
U04527,马来西亚,自然搜索,343.0,2,216.53,1,3,3,一般挽留用户
U00101,印尼,内容营销,22.0,3,216.39,3,4,3,一般挽留用户
U07723,印尼,自然搜索,24.0,3,216.2,3,4,3,一般挽留用户
U01798,泰国,付费广告,305.0,2,216.11,1,3,3,一般挽留用户
U06464,菲律宾,内容营销,285.0,4,216.09,1,4,3,一般挽留用户
U04794,越南,付费广告,23.0,4,216.04,3,4,3,一般挽留用户
U02338,泰国,付费广告,20.0,2,216.04,3,3,3,一般挽留用户
U04974,越南,内容营销,287.0,4,216.02,1,4,3,一般挽留用户
U06865,越南,自然搜索,112.0,4,215.83,2,4,3,一般挽留用户
U03193,越南,社交媒体,292.0,3,215.71,1,4,3,一般挽留用户
U07832,泰国,付费广告,281.0,2,215.39,1,3,3,一般挽留用户
U02622,越南,社交媒体,64.0,4,215.37,2,4,3,一般挽留用户
U04738,越南,内容营销,27.0,4,215.2,3,4,3,一般挽留用户
U07680,马来西亚,KOL推荐,19.0,2,215.2,3,3,3,一般挽留用户
U02972,菲律宾,自然搜索,147.0,4,215.19,2,4,3,一般挽留用户
U02531,菲律宾,KOL推荐,156.0,3,215.16,2,4,3,一般挽留用户
U05056,越南,付费广告,88.0,4,215.11,2,4,3,一般挽留用户
U03390,越南,自然搜索,167.0,4,215.06,2,4,3,一般挽留用户
U02863,印尼,付费广告,87.0,3,214.98,2,3,3,一般挽留用户
U01883,菲律宾,内容营销,271.0,4,214.68,1,4,3,一般挽留用户
U04933,越南,付费广告,158.0,4,214.62,2,4,3,一般挽留用户
U02647,印尼,KOL推荐,42.0,3,214.55,3,3,3,一般挽留用户
U02865,印尼,内容营销,184.0,3,214.28,1,3,3,一般挽留用户
U01519,马来西亚,付费广告,516.0,2,214.23,1,3,3,一般挽留用户
U02597,印尼,社交媒体,287.0,3,214.15,1,3,3,一般挽留用户
U06896,菲律宾,付费广告,266.0,4,214.09,1,4,3,一般挽留用户
U07379,泰国,自然搜索,17.0,2,214.04,3,3,3,一般挽留用户
U01789,印尼,自然搜索,365.0,3,213.93,1,3,3,一般挽留用户
U00343,越南,付费广告,80.0,4,213.82,2,4,3,一般挽留用户
U00611,菲律宾,内容营销,32.0,4,213.39,3,4,3,一般挽留用户
U07875,印尼,内容营销,20.0,4,213.29,3,4,3,一般挽留用户
U06961,越南,KOL推荐,133.0,4,212.97,2,4,3,一般挽留用户
U05894,越南,社交媒体,325.0,4,212.91,1,4,3,一般挽留用户
U02904,印尼,社交媒体,290.0,3,212.8,1,3,3,一般挽留用户
U06903,印尼,自然搜索,559.0,3,212.75,1,3,3,一般挽留用户
U07411,越南,社交媒体,38.0,4,212.68,3,4,3,一般挽留用户
U02451,马来西亚,内容营销,25.0,2,212.67,3,3,3,一般挽留用户
U06582,印尼,付费广告,115.0,3,212.49,2,3,3,一般挽留用户
U04521,印尼,KOL推荐,98.0,3,212.38,2,3,3,一般挽留用户
U01065,印尼,付费广告,181.0,3,212.37,1,3,3,一般挽留用户
U03250,印尼,社交媒体,276.0,3,212.27,1,3,3,一般挽留用户
U06562,泰国,付费广告,558.0,2,212.1,1,3,3,一般挽留用户
U04632,菲律宾,自然搜索,349.0,4,211.96,1,4,3,一般挽留用户
U05753,菲律宾,自然搜索,467.0,3,211.85,1,3,3,一般挽留用户
U00018,越南,付费广告,211.0,3,211.82,1,3,3,一般挽留用户
U04012,印尼,内容营销,22.0,3,211.74,3,3,3,一般挽留用户
U04859,菲律宾,自然搜索,376.0,3,211.62,1,3,3,一般挽留用户
U01564,菲律宾,付费广告,228.0,4,211.6,1,4,3,一般挽留用户
U01283,泰国,自然搜索,260.0,2,211.53,1,3,3,一般挽留用户
U06132,印尼,付费广告,541.0,3,211.3,1,3,3,一般挽留用户
U05050,泰国,内容营销,277.0,2,211.23,1,3,3,一般挽留用户
U01678,泰国,付费广告,91.0,2,211.18,2,3,3,一般挽留用户
U00993,印尼,付费广告,322.0,3,210.92,1,3,3,一般挽留用户
U04462,马来西亚,内容营销,154.0,2,210.8,2,3,3,一般挽留用户
U03885,马来西亚,自然搜索,296.0,2,210.74,1,3,3,一般挽留用户
U07885,菲律宾,自然搜索,51.0,3,210.7,2,3,3,一般挽留用户
U06014,越南,付费广告,328.0,4,210.66,1,4,3,一般挽留用户
U06660,印尼,KOL推荐,158.0,3,210.6,2,3,3,一般挽留用户
U00969,印尼,自然搜索,223.0,3,210.4,1,3,3,一般挽留用户
U04522,菲律宾,社交媒体,147.0,4,210.4,2,4,3,一般挽留用户
U05755,越南,社交媒体,285.0,3,210.36,1,3,3,一般挽留用户
U07452,越南,内容营销,106.0,4,210.35,2,4,3,一般挽留用户
U02017,菲律宾,自然搜索,205.0,4,210.32,1,4,3,一般挽留用户
U00853,菲律宾,社交媒体,121.0,4,210.22,2,4,3,一般挽留用户
U06396,印尼,内容营销,32.0,3,209.87,3,3,3,一般挽留用户
U01270,印尼,付费广告,69.0,3,209.76,2,3,3,一般挽留用户
U03195,印尼,付费广告,7.0,3,209.74,3,3,3,一般挽留用户
U07853,越南,内容营销,7.0,4,209.57,3,4,3,一般挽留用户
U03784,菲律宾,社交媒体,5.0,3,209.11,3,3,3,一般挽留用户
U01241,菲律宾,社交媒体,210.0,3,209.0,1,3,3,一般挽留用户
U03800,越南,自然搜索,57.0,4,209.0,2,4,3,一般挽留用户
U05409,印尼,KOL推荐,43.0,3,208.96,3,3,3,一般挽留用户
U07589,泰国,自然搜索,170.0,2,208.91,2,3,3,一般挽留用户
U07085,泰国,自然搜索,313.0,2,208.36,1,3,3,一般挽留用户
U01317,印尼,付费广告,198.0,3,208.24,1,3,3,一般挽留用户
U03970,马来西亚,自然搜索,191.0,2,208.18,1,3,3,一般挽留用户
U00411,马来西亚,内容营销,186.0,2,207.96,1,3,3,一般挽留用户
U06120,泰国,社交媒体,38.0,2,207.77,3,3,3,一般挽留用户
U05117,印尼,付费广告,33.0,3,207.71,3,3,3,一般挽留用户
U00567,越南,内容营销,90.0,4,207.6,2,4,3,一般挽留用户
U00417,越南,社交媒体,460.0,4,207.34,1,4,3,一般挽留用户
U06767,泰国,内容营销,179.0,2,207.33,1,3,3,一般挽留用户
U03572,菲律宾,自然搜索,3.0,4,207.31,3,4,3,一般挽留用户
U05215,印尼,付费广告,167.0,3,207.3,2,3,3,一般挽留用户
U01927,印尼,内容营销,65.0,3,207.29,2,3,3,一般挽留用户
U06731,泰国,自然搜索,435.0,2,207.26,1,3,3,一般挽留用户
U07863,印尼,付费广告,285.0,3,207.08,1,3,3,一般挽留用户
U00812,泰国,KOL推荐,97.0,2,206.77,2,3,3,一般挽留用户
U04198,越南,付费广告,259.0,4,206.64,1,4,3,一般挽留用户
U04269,马来西亚,自然搜索,515.0,2,206.56,1,3,3,一般挽留用户
U02804,印尼,内容营销,79.0,3,206.44,2,3,3,一般挽留用户
U03882,马来西亚,自然搜索,138.0,2,206.34,2,3,3,一般挽留用户
U03552,印尼,KOL推荐,163.0,4,206.29,2,4,3,一般挽留用户
U05651,印尼,自然搜索,122.0,3,206.29,2,3,3,一般挽留用户
U03362,印尼,KOL推荐,216.0,3,206.2,1,3,3,一般挽留用户
U04461,印尼,KOL推荐,191.0,3,206.2,1,3,3,一般挽留用户
U01379,印尼,付费广告,255.0,3,206.18,1,3,3,一般挽留用户
U04676,泰国,付费广告,346.0,2,206.09,1,3,3,一般挽留用户
U01384,印尼,付费广告,14.0,3,205.93,3,3,3,一般挽留用户
U01945,印尼,付费广告,114.0,3,205.92,2,3,3,一般挽留用户
U02852,泰国,社交媒体,301.0,2,205.91,1,3,3,一般挽留用户
U03519,泰国,内容营销,156.0,2,205.77,2,3,3,一般挽留用户
U00165,菲律宾,付费广告,349.0,3,205.68,1,3,3,一般挽留用户
U07127,越南,付费广告,4.0,4,205.65,3,4,3,一般挽留用户
U01803,越南,社交媒体,30.0,4,205.64,3,4,3,一般挽留用户
U00858,印尼,社交媒体,261.0,3,205.53,1,3,3,一般挽留用户
U03684,印尼,内容营销,67.0,3,205.33,2,3,3,一般挽留用户
U04489,印尼,KOL推荐,209.0,3,205.09,1,3,3,一般挽留用户
U03627,菲律宾,付费广告,43.0,3,204.62,3,3,3,一般挽留用户
U03610,印尼,内容营销,105.0,3,204.47,2,3,3,一般挽留用户
U06408,印尼,KOL推荐,51.0,3,204.42,2,3,3,一般挽留用户
U02970,越南,付费广告,126.0,4,204.38,2,4,3,一般挽留用户
U06149,马来西亚,自然搜索,348.0,2,204.07,1,3,3,一般挽留用户
U07090,泰国,自然搜索,264.0,2,204.07,1,3,3,一般挽留用户
U07940,越南,付费广告,107.0,4,203.79,2,4,3,一般挽留用户
U00922,菲律宾,社交媒体,271.0,4,203.53,1,4,3,一般挽留用户
U00656,越南,付费广告,37.0,4,203.52,3,4,3,一般挽留用户
U04161,泰国,社交媒体,487.0,2,203.17,1,3,3,一般挽留用户
U04130,越南,社交媒体,152.0,4,203.17,2,4,3,一般挽留用户
U03049,越南,自然搜索,26.0,4,203.09,3,4,3,一般挽留用户
U00496,印尼,内容营销,101.0,3,203.07,2,3,3,一般挽留用户
U03406,菲律宾,自然搜索,364.0,3,202.96,1,3,3,一般挽留用户
U04426,泰国,付费广告,7.0,2,202.95,3,3,3,一般挽留用户
U01876,印尼,自然搜索,182.0,3,202.92,1,3,3,一般挽留用户
U01298,印尼,内容营销,73.0,3,202.85,2,3,3,一般挽留用户
U00615,马来西亚,内容营销,136.0,2,202.8,2,3,3,一般挽留用户
U03463,印尼,付费广告,444.0,3,202.75,1,3,3,一般挽留用户
U05792,马来西亚,社交媒体,401.0,2,202.64,1,3,3,一般挽留用户
U03231,印尼,社交媒体,144.0,3,202.6,2,3,3,一般挽留用户
U02643,印尼,内容营销,243.0,3,202.54,1,3,3,一般挽留用户
U05570,马来西亚,自然搜索,71.0,2,202.48,2,3,3,一般挽留用户
U05635,泰国,KOL推荐,160.0,2,202.35,2,3,3,一般挽留用户
U06123,马来西亚,付费广告,183.0,2,202.29,1,3,3,一般挽留用户
U05196,印尼,内容营销,132.0,3,202.25,2,3,3,一般挽留用户
U05463,越南,KOL推荐,212.0,4,202.21,1,4,3,一般挽留用户
U04612,印尼,付费广告,137.0,3,201.97,2,3,3,一般挽留用户
U03484,印尼,自然搜索,688.0,3,201.87,1,3,3,一般挽留用户
U03697,印尼,内容营销,437.0,3,201.74,1,3,3,一般挽留用户
U06960,印尼,付费广告,311.0,3,201.59,1,3,3,一般挽留用户
U07928,菲律宾,付费广告,41.0,3,201.53,3,3,3,一般挽留用户
U00464,马来西亚,内容营销,9.0,2,201.47,3,3,3,一般挽留用户
U03965,菲律宾,付费广告,155.0,3,201.37,2,3,3,一般挽留用户
U03760,泰国,社交媒体,400.0,2,201.36,1,3,3,一般挽留用户
U04416,越南,自然搜索,147.0,4,201.09,2,4,3,一般挽留用户
U04541,印尼,付费广告,347.0,3,201.07,1,3,3,一般挽留用户
U00600,泰国,付费广告,135.0,2,201.06,2,3,3,一般挽留用户
U05882,越南,社交媒体,164.0,4,201.02,2,4,3,一般挽留用户
U03972,越南,付费广告,92.0,3,200.92,2,3,3,一般挽留用户
U04674,越南,付费广告,357.0,3,200.91,1,3,3,一般挽留用户
U04399,泰国,自然搜索,328.0,2,200.87,1,3,3,一般挽留用户
U07369,马来西亚,付费广告,297.0,2,200.74,1,3,3,一般挽留用户
U04863,越南,付费广告,31.0,4,200.63,3,4,3,一般挽留用户
U01113,印尼,付费广告,375.0,3,200.58,1,3,3,一般挽留用户
U02191,马来西亚,付费广告,265.0,2,200.48,1,3,3,一般挽留用户
U06924,印尼,付费广告,477.0,3,200.23,1,3,3,一般挽留用户
U05665,菲律宾,内容营销,65.0,3,200.23,2,3,3,一般挽留用户
U07978,印尼,自然搜索,27.0,3,200.2,3,3,3,一般挽留用户
U07887,越南,付费广告,62.0,4,200.16,2,4,3,一般挽留用户
U02673,泰国,自然搜索,334.0,2,200.06,1,3,3,一般挽留用户
U00438,印尼,社交媒体,187.0,3,199.78,1,3,3,一般挽留用户
U02085,印尼,社交媒体,490.0,3,199.67,1,3,3,一般挽留用户
U04098,越南,社交媒体,511.0,4,199.66,1,4,3,一般挽留用户
U05542,菲律宾,自然搜索,11.0,4,199.64,3,4,3,一般挽留用户
U06003,印尼,付费广告,45.0,3,199.62,3,3,3,一般挽留用户
U07791,泰国,付费广告,264.0,2,199.42,1,3,3,一般挽留用户
U00631,菲律宾,自然搜索,105.0,4,199.02,2,4,3,一般挽留用户
U05011,印尼,社交媒体,167.0,3,199.0,2,3,3,一般挽留用户
U01132,泰国,付费广告,140.0,2,198.63,2,3,3,一般挽留用户
U02851,泰国,付费广告,357.0,2,198.62,1,3,3,一般挽留用户
U07664,越南,社交媒体,378.0,3,198.39,1,3,3,一般挽留用户
U06057,印尼,KOL推荐,70.0,3,198.35,2,3,3,一般挽留用户
U03977,印尼,内容营销,157.0,3,198.34,2,3,3,一般挽留用户
U01522,越南,内容营销,157.0,4,198.33,2,4,3,一般挽留用户
U02379,菲律宾,KOL推荐,105.0,3,198.28,2,3,3,一般挽留用户
U03747,越南,自然搜索,51.0,4,198.2,2,4,3,一般挽留用户
U06980,泰国,付费广告,468.0,2,198.15,1,3,3,一般挽留用户
U00664,泰国,社交媒体,320.0,2,198.08,1,3,3,一般挽留用户
U00004,泰国,社交媒体,246.0,2,198.08,1,3,3,一般挽留用户
U07789,印尼,内容营销,45.0,3,197.9,3,3,3,一般挽留用户
U04508,印尼,自然搜索,320.0,3,197.89,1,3,3,一般挽留用户
U06177,泰国,社交媒体,422.0,2,197.83,1,3,3,一般挽留用户
U01425,马来西亚,KOL推荐,143.0,2,197.4,2,3,3,一般挽留用户
U00447,菲律宾,内容营销,50.0,3,197.4,2,3,3,一般挽留用户
U05921,马来西亚,自然搜索,180.0,2,197.31,1,3,3,一般挽留用户
U02532,越南,内容营销,218.0,4,196.91,1,4,3,一般挽留用户
U04379,印尼,内容营销,212.0,3,196.85,1,3,3,一般挽留用户
U00608,印尼,社交媒体,75.0,3,196.82,2,3,3,一般挽留用户
U01839,泰国,KOL推荐,49.0,2,196.67,2,3,3,一般挽留用户
U03863,越南,内容营销,119.0,4,196.6,2,4,3,一般挽留用户
U00129,印尼,自然搜索,183.0,3,196.34,1,3,3,一般挽留用户
U01482,印尼,社交媒体,2.0,3,196.28,3,3,3,一般挽留用户
U07874,印尼,付费广告,291.0,3,196.25,1,3,3,一般挽留用户
U05918,越南,内容营销,96.0,3,196.21,2,3,3,一般挽留用户
U07830,泰国,社交媒体,333.0,2,196.14,1,3,3,一般挽留用户
U05488,印尼,自然搜索,95.0,3,195.89,2,3,3,一般挽留用户
U03010,印尼,付费广告,228.0,3,195.81,1,3,3,一般挽留用户
U02660,印尼,付费广告,15.0,3,195.69,3,3,3,一般挽留用户
U06346,越南,自然搜索,184.0,4,195.53,1,4,3,一般挽留用户
U06129,越南,付费广告,338.0,4,195.32,1,4,3,一般挽留用户
U06645,越南,付费广告,223.0,3,195.14,1,3,3,一般挽留用户
U01558,菲律宾,社交媒体,486.0,3,194.97,1,3,3,一般挽留用户
U04057,泰国,付费广告,105.0,2,194.88,2,3,3,一般挽留用户
U05644,印尼,社交媒体,104.0,3,194.82,2,3,3,一般挽留用户
U00050,马来西亚,自然搜索,163.0,2,194.7,2,3,3,一般挽留用户
U05188,马来西亚,内容营销,189.0,2,194.4,1,3,3,一般挽留用户
U02899,泰国,付费广告,195.0,2,194.21,1,3,3,一般挽留用户
U00148,泰国,付费广告,103.0,2,193.86,2,3,3,一般挽留用户
U04324,菲律宾,自然搜索,202.0,3,193.79,1,3,3,一般挽留用户
U01977,越南,KOL推荐,290.0,4,193.56,1,4,3,一般挽留用户
U05799,泰国,KOL推荐,329.0,2,193.34,1,3,3,一般挽留用户
U01738,越南,付费广告,331.0,4,193.16,1,4,3,一般挽留用户
U04443,越南,自然搜索,89.0,3,193.16,2,3,3,一般挽留用户
U01524,印尼,自然搜索,106.0,3,193.04,2,3,3,一般挽留用户
U02000,越南,付费广告,149.0,3,192.93,2,3,3,一般挽留用户
U04982,印尼,自然搜索,133.0,3,191.95,2,3,3,一般挽留用户
U00029,泰国,KOL推荐,20.0,2,191.86,3,3,3,一般挽留用户
U01510,菲律宾,付费广告,293.0,3,191.67,1,3,3,一般挽留用户
U05883,马来西亚,自然搜索,230.0,2,191.66,1,3,3,一般挽留用户
U01124,印尼,付费广告,110.0,3,191.59,2,3,3,一般挽留用户
U03887,印尼,付费广告,35.0,3,191.57,3,3,3,一般挽留用户
U07627,越南,内容营销,29.0,3,191.48,3,3,3,一般挽留用户
U04354,印尼,付费广告,150.0,3,191.47,2,3,3,一般挽留用户
U02907,泰国,付费广告,258.0,2,191.4,1,3,3,一般挽留用户
U00549,菲律宾,自然搜索,20.0,4,191.12,3,4,3,一般挽留用户
U00553,印尼,付费广告,77.0,3,191.05,2,3,3,一般挽留用户
U04455,泰国,自然搜索,19.0,2,190.93,3,3,3,一般挽留用户
U03318,菲律宾,付费广告,91.0,4,190.65,2,4,3,一般挽留用户
U01230,菲律宾,付费广告,68.0,3,190.61,2,3,3,一般挽留用户
U07231,越南,社交媒体,86.0,4,190.53,2,4,3,一般挽留用户
U06775,越南,社交媒体,9.0,3,190.5,3,3,3,一般挽留用户
U04385,印尼,自然搜索,2.0,3,190.44,3,3,3,一般挽留用户
U03749,菲律宾,自然搜索,433.0,3,190.33,1,3,3,一般挽留用户
U06648,印尼,KOL推荐,532.0,3,190.22,1,3,3,一般挽留用户
U02413,泰国,付费广告,435.0,2,190.14,1,3,3,一般挽留用户
U01158,菲律宾,社交媒体,431.0,3,190.13,1,3,3,一般挽留用户
U06109,马来西亚,自然搜索,126.0,2,190.06,2,3,3,一般挽留用户
U04015,越南,社交媒体,140.0,3,190.02,2,3,3,一般挽留用户
U03270,越南,自然搜索,352.0,3,189.68,1,3,3,一般挽留用户
U02859,泰国,社交媒体,284.0,2,189.63,1,3,3,一般挽留用户
U00606,泰国,社交媒体,13.0,2,189.44,3,3,3,一般挽留用户
U07365,越南,自然搜索,217.0,3,189.21,1,3,3,一般挽留用户
U06956,印尼,内容营销,504.0,3,189.01,1,3,3,一般挽留用户
U01615,印尼,内容营销,230.0,3,188.93,1,3,3,一般挽留用户
U06774,越南,KOL推荐,124.0,3,188.87,2,3,3,一般挽留用户
U05107,泰国,内容营销,32.0,2,188.87,3,3,3,一般挽留用户
U04530,越南,自然搜索,324.0,3,188.84,1,3,3,一般挽留用户
U00126,菲律宾,自然搜索,16.0,3,188.73,3,3,3,一般挽留用户
U01142,印尼,内容营销,46.0,3,188.67,3,3,3,一般挽留用户
U04477,越南,付费广告,189.0,4,188.63,1,4,3,一般挽留用户
U02749,印尼,自然搜索,136.0,3,188.59,2,3,3,一般挽留用户
U00220,印尼,内容营销,398.0,3,188.43,1,3,3,一般挽留用户
U07398,印尼,付费广告,296.0,3,188.38,1,3,3,一般挽留用户
U03594,印尼,内容营销,193.0,3,188.32,1,3,3,一般挽留用户
U00503,菲律宾,内容营销,206.0,3,188.17,1,3,3,一般挽留用户
U07668,菲律宾,社交媒体,117.0,3,188.14,2,3,3,一般挽留用户
U01407,菲律宾,付费广告,268.0,3,188.07,1,3,3,一般挽留用户
U05447,印尼,社交媒体,252.0,3,188.05,1,3,3,一般挽留用户
U06292,马来西亚,自然搜索,256.0,2,187.93,1,3,3,一般挽留用户
U02943,印尼,付费广告,68.0,3,187.92,2,3,3,一般挽留用户
U02235,印尼,社交媒体,132.0,3,187.64,2,3,3,一般挽留用户
U06271,马来西亚,付费广告,160.0,2,187.42,2,3,3,一般挽留用户
U02392,越南,社交媒体,221.0,4,187.19,1,4,3,一般挽留用户
U05974,越南,KOL推荐,39.0,3,187.13,3,3,3,一般挽留用户
U00059,越南,社交媒体,80.0,4,186.93,2,4,3,一般挽留用户
U01146,菲律宾,付费广告,1.0,3,186.89,3,3,3,一般挽留用户
U00052,马来西亚,内容营销,192.0,2,186.78,1,3,3,一般挽留用户
U03065,越南,自然搜索,89.0,3,186.72,2,3,3,一般挽留用户
U03956,马来西亚,社交媒体,608.0,2,186.53,1,3,3,一般挽留用户
U00981,菲律宾,社交媒体,132.0,3,186.43,2,3,3,一般挽留用户
U03177,菲律宾,内容营销,19.0,3,186.32,3,3,3,一般挽留用户
U02315,泰国,付费广告,1.0,2,186.17,3,3,3,一般挽留用户
U01860,菲律宾,KOL推荐,417.0,3,186.1,1,3,3,一般挽留用户
U05370,越南,内容营销,5.0,4,186.04,3,4,3,一般挽留用户
U00485,马来西亚,KOL推荐,176.0,2,185.83,1,3,3,一般挽留用户
U01924,菲律宾,付费广告,488.0,3,185.68,1,3,3,一般挽留用户
U05313,马来西亚,社交媒体,75.0,2,185.65,2,3,3,一般挽留用户
U06688,印尼,内容营销,29.0,3,185.58,3,3,3,一般挽留用户
U04164,印尼,付费广告,49.0,3,185.56,2,3,3,一般挽留用户
U04611,泰国,自然搜索,442.0,2,185.55,1,3,3,一般挽留用户
U05129,菲律宾,自然搜索,234.0,3,185.5,1,3,3,一般挽留用户
U02754,马来西亚,自然搜索,185.0,2,185.46,1,3,3,一般挽留用户
U03092,越南,自然搜索,45.0,4,185.08,3,4,3,一般挽留用户
U00477,印尼,社交媒体,109.0,3,184.82,2,3,3,一般挽留用户
U06840,马来西亚,自然搜索,191.0,2,184.76,1,3,3,一般挽留用户
U03326,菲律宾,付费广告,21.0,3,184.71,3,3,3,一般挽留用户
U02012,马来西亚,内容营销,259.0,2,184.58,1,3,3,一般挽留用户
U00264,菲律宾,KOL推荐,158.0,3,184.31,2,3,3,一般挽留用户
U03897,菲律宾,内容营销,317.0,3,184.29,1,3,3,一般挽留用户
U03386,泰国,自然搜索,368.0,2,184.21,1,3,3,一般挽留用户
U03089,越南,社交媒体,37.0,3,183.77,3,3,3,一般挽留用户
U00769,菲律宾,自然搜索,18.0,3,183.7,3,3,3,一般挽留用户
U06977,菲律宾,自然搜索,244.0,3,183.62,1,3,3,一般挽留用户
U05919,印尼,付费广告,347.0,3,183.43,1,3,3,一般挽留用户
U06803,越南,自然搜索,111.0,3,183.3,2,3,3,一般挽留用户
U03992,菲律宾,内容营销,295.0,3,183.26,1,3,3,一般挽留用户
U01444,菲律宾,付费广告,72.0,3,183.12,2,3,3,一般挽留用户
U07611,泰国,社交媒体,284.0,2,183.04,1,3,3,一般挽留用户
U03922,菲律宾,自然搜索,1.0,3,182.85,3,3,3,一般挽留用户
U04076,越南,自然搜索,235.0,4,182.7,1,4,3,一般挽留用户
U05557,印尼,KOL推荐,44.0,3,182.54,3,3,3,一般挽留用户
U00916,越南,付费广告,51.0,3,182.53,2,3,3,一般挽留用户
U01906,马来西亚,KOL推荐,107.0,2,182.49,2,3,3,一般挽留用户
U01937,菲律宾,社交媒体,75.0,3,182.36,2,3,3,一般挽留用户
U02169,越南,付费广告,112.0,3,182.32,2,3,3,一般挽留用户
U04638,菲律宾,付费广告,404.0,3,182.18,1,3,3,一般挽留用户
U05185,马来西亚,KOL推荐,234.0,2,182.03,1,3,3,一般挽留用户
U07960,菲律宾,社交媒体,21.0,3,181.86,3,3,3,一般挽留用户
U06719,越南,付费广告,265.0,4,181.55,1,4,3,一般挽留用户
U00855,泰国,自然搜索,21.0,2,181.54,3,3,3,一般挽留用户
U05765,印尼,付费广告,54.0,3,181.52,2,3,3,一般挽留用户
U00393,菲律宾,社交媒体,18.0,3,181.23,3,3,3,一般挽留用户
U06416,越南,社交媒体,59.0,3,181.19,2,3,3,一般挽留用户
U03397,菲律宾,社交媒体,155.0,3,181.0,2,3,3,一般挽留用户
U06764,菲律宾,内容营销,167.0,3,180.92,2,3,3,一般挽留用户
U03873,菲律宾,社交媒体,176.0,3,180.82,1,3,3,一般挽留用户
U04396,越南,社交媒体,187.0,3,180.77,1,3,3,一般挽留用户
U01342,菲律宾,KOL推荐,320.0,3,180.41,1,3,3,一般挽留用户
U05958,菲律宾,社交媒体,17.0,3,180.32,3,3,3,一般挽留用户
U05719,泰国,自然搜索,135.0,2,180.0,2,3,3,一般挽留用户
U06430,印尼,内容营销,479.0,3,179.61,1,3,3,一般挽留用户
U02026,印尼,内容营销,164.0,3,179.36,2,3,3,一般挽留用户
U03839,印尼,自然搜索,172.0,3,179.21,2,3,3,一般挽留用户
U04002,菲律宾,自然搜索,51.0,3,178.98,2,3,3,一般挽留用户
U01013,泰国,自然搜索,3.0,2,178.96,3,3,3,一般挽留用户
U05711,马来西亚,自然搜索,414.0,2,178.84,1,3,3,一般挽留用户
U00498,马来西亚,自然搜索,375.0,2,178.48,1,3,3,一般挽留用户
U05818,马来西亚,社交媒体,474.0,2,178.44,1,3,3,一般挽留用户
U06714,菲律宾,付费广告,277.0,3,178.36,1,3,3,一般挽留用户
U01338,泰国,付费广告,254.0,2,178.31,1,3,3,一般挽留用户
U07236,印尼,付费广告,43.0,3,178.31,3,3,3,一般挽留用户
U04351,印尼,内容营销,385.0,3,178.2,1,3,3,一般挽留用户
U01769,越南,自然搜索,134.0,3,178.16,2,3,3,一般挽留用户
U05273,菲律宾,社交媒体,199.0,3,177.85,1,3,3,一般挽留用户
U02825,菲律宾,付费广告,42.0,3,177.79,3,3,3,一般挽留用户
U05144,越南,自然搜索,208.0,3,177.78,1,3,3,一般挽留用户
U04710,越南,自然搜索,147.0,4,177.64,2,4,3,一般挽留用户
U04430,印尼,内容营销,136.0,3,177.45,2,3,3,一般挽留用户
U05333,越南,内容营销,64.0,4,177.35,2,4,3,一般挽留用户
U04342,菲律宾,付费广告,55.0,3,177.33,2,3,3,一般挽留用户
U06096,泰国,社交媒体,82.0,2,177.24,2,3,3,一般挽留用户
U00863,越南,社交媒体,86.0,3,177.23,2,3,3,一般挽留用户
U04574,菲律宾,社交媒体,62.0,4,177.1,2,4,3,一般挽留用户
U01648,菲律宾,社交媒体,124.0,3,177.01,2,3,3,一般挽留用户
U03084,印尼,社交媒体,147.0,3,176.9,2,3,3,一般挽留用户
U03343,泰国,内容营销,505.0,2,176.8,1,3,3,一般挽留用户
U07174,泰国,内容营销,365.0,2,176.68,1,3,3,一般挽留用户
U05748,马来西亚,社交媒体,156.0,2,176.68,2,3,3,一般挽留用户
U02444,越南,付费广告,362.0,3,176.58,1,3,3,一般挽留用户
U04474,印尼,社交媒体,323.0,3,176.55,1,3,3,一般挽留用户
U02014,印尼,付费广告,246.0,3,176.48,1,3,3,一般挽留用户
U07388,越南,付费广告,118.0,3,176.48,2,3,3,一般挽留用户
U02977,泰国,社交媒体,362.0,2,176.21,1,3,3,一般挽留用户
U01027,菲律宾,自然搜索,53.0,3,176.0,2,3,3,一般挽留用户
U07926,菲律宾,自然搜索,425.0,3,175.94,1,3,3,一般挽留用户
U01421,印尼,付费广告,418.0,3,175.86,1,3,3,一般挽留用户
U07181,越南,自然搜索,17.0,3,175.64,3,3,3,一般挽留用户
U01080,菲律宾,付费广告,304.0,3,175.58,1,3,3,一般挽留用户
U05708,印尼,内容营销,62.0,3,175.58,2,3,3,一般挽留用户
U06555,印尼,付费广告,268.0,3,175.37,1,3,3,一般挽留用户
U07377,越南,社交媒体,204.0,3,175.35,1,3,3,一般挽留用户
U07275,菲律宾,付费广告,327.0,3,175.18,1,3,3,一般挽留用户
U05865,越南,社交媒体,71.0,4,175.09,2,4,3,一般挽留用户
U02336,越南,付费广告,32.0,4,175.0,3,4,3,一般挽留用户
U00893,越南,付费广告,122.0,4,174.98,2,4,3,一般挽留用户
U04753,印尼,自然搜索,36.0,3,174.76,3,3,3,一般挽留用户
U02659,印尼,社交媒体,139.0,3,174.63,2,3,3,一般挽留用户
U07529,越南,付费广告,103.0,3,174.49,2,3,3,一般挽留用户
U04515,越南,付费广告,21.0,4,174.3,3,4,3,一般挽留用户
U05492,印尼,付费广告,103.0,2,174.29,2,3,3,一般挽留用户
U04593,越南,付费广告,67.0,4,174.12,2,4,3,一般挽留用户
U00435,印尼,自然搜索,101.0,3,174.11,2,3,3,一般挽留用户
U00123,泰国,社交媒体,251.0,2,173.96,1,3,3,一般挽留用户
U06086,菲律宾,社交媒体,279.0,3,173.87,1,3,3,一般挽留用户
U07003,菲律宾,自然搜索,156.0,3,173.82,2,3,3,一般挽留用户
U07200,越南,社交媒体,181.0,3,173.62,1,3,3,一般挽留用户
U00444,菲律宾,自然搜索,492.0,3,173.53,1,3,3,一般挽留用户
U01888,印尼,自然搜索,146.0,3,172.99,2,3,3,一般挽留用户
U04172,越南,自然搜索,182.0,4,172.91,1,4,3,一般挽留用户
U03500,越南,付费广告,113.0,4,172.76,2,4,3,一般挽留用户
U00905,菲律宾,社交媒体,39.0,3,172.75,3,3,3,一般挽留用户
U05410,印尼,自然搜索,245.0,3,172.66,1,3,3,一般挽留用户
U00423,印尼,自然搜索,71.0,2,172.61,2,3,3,一般挽留用户
U01248,马来西亚,自然搜索,584.0,2,172.5,1,3,3,一般挽留用户
U05475,越南,自然搜索,119.0,3,172.45,2,3,3,一般挽留用户
U04903,越南,KOL推荐,29.0,3,172.14,3,3,3,一般挽留用户
U04358,印尼,自然搜索,277.0,3,172.03,1,3,3,一般挽留用户
U04897,越南,内容营销,107.0,3,171.73,2,3,3,一般挽留用户
U07176,马来西亚,付费广告,101.0,2,171.71,2,3,3,一般挽留用户
U04145,印尼,社交媒体,111.0,3,171.69,2,3,3,一般挽留用户
U04545,菲律宾,自然搜索,28.0,3,171.69,3,3,3,一般挽留用户
U04786,菲律宾,自然搜索,96.0,3,171.65,2,3,3,一般挽留用户
U02511,菲律宾,社交媒体,13.0,3,171.3,3,3,3,一般挽留用户
U00908,越南,社交媒体,406.0,3,171.2,1,3,3,一般挽留用户
U06235,菲律宾,内容营销,225.0,3,171.18,1,3,3,一般挽留用户
U01160,菲律宾,内容营销,49.0,3,171.12,2,3,3,一般挽留用户
U03358,菲律宾,KOL推荐,147.0,3,170.89,2,3,3,一般挽留用户
U06969,印尼,社交媒体,19.0,2,170.77,3,3,3,一般挽留用户
U04870,越南,社交媒体,21.0,4,170.6,3,4,3,一般挽留用户
U03934,越南,付费广告,57.0,3,170.4,2,3,3,一般挽留用户
U04783,越南,付费广告,127.0,3,170.23,2,3,3,一般挽留用户
U03292,越南,社交媒体,321.0,3,170.22,1,3,3,一般挽留用户
U07145,印尼,内容营销,429.0,2,170.09,1,3,3,一般挽留用户
U01137,印尼,付费广告,198.0,2,170.09,1,3,3,一般挽留用户
U06015,菲律宾,自然搜索,118.0,3,169.96,2,3,3,一般挽留用户
U06066,印尼,内容营销,79.0,3,169.91,2,3,3,一般挽留用户
U03041,马来西亚,社交媒体,443.0,2,169.6,1,3,3,一般挽留用户
U03425,印尼,付费广告,302.0,3,169.42,1,3,3,一般挽留用户
U07692,越南,付费广告,276.0,3,169.14,1,3,3,一般挽留用户
U02206,越南,KOL推荐,143.0,3,169.12,2,3,3,一般挽留用户
U00834,印尼,内容营销,161.0,2,168.88,2,3,3,一般挽留用户
U07103,印尼,社交媒体,227.0,3,168.85,1,3,3,一般挽留用户
U00889,泰国,自然搜索,161.0,2,168.28,2,3,3,一般挽留用户
U04094,越南,社交媒体,89.0,3,168.25,2,3,3,一般挽留用户
U02651,越南,KOL推荐,378.0,3,168.24,1,3,3,一般挽留用户
U01345,越南,内容营销,324.0,3,168.23,1,3,3,一般挽留用户
U01745,印尼,社交媒体,160.0,3,168.19,2,3,3,一般挽留用户
U02370,印尼,付费广告,63.0,2,168.08,2,3,3,一般挽留用户
U03296,印尼,付费广告,77.0,2,168.07,2,3,3,一般挽留用户
U02448,泰国,付费广告,50.0,2,167.94,2,3,3,一般挽留用户
U00686,印尼,付费广告,286.0,2,167.74,1,3,3,一般挽留用户
U02228,越南,自然搜索,73.0,3,167.72,2,3,3,一般挽留用户
U04642,菲律宾,KOL推荐,176.0,3,167.47,1,3,3,一般挽留用户
U02082,越南,社交媒体,8.0,3,167.08,3,3,3,一般挽留用户
U02496,印尼,付费广告,41.0,2,166.65,3,3,3,一般挽留用户
U01382,马来西亚,社交媒体,178.0,2,166.53,1,3,3,一般挽留用户
U04253,印尼,付费广告,52.0,3,166.16,2,3,3,一般挽留用户
U01308,越南,自然搜索,155.0,3,165.71,2,3,3,一般挽留用户
U01422,泰国,社交媒体,491.0,2,165.62,1,3,3,一般挽留用户
U03252,印尼,内容营销,275.0,2,165.56,1,3,3,一般挽留用户
U00224,越南,付费广告,175.0,3,165.4,1,3,3,一般挽留用户
U03434,印尼,KOL推荐,389.0,2,165.33,1,3,3,一般挽留用户
U00081,印尼,自然搜索,57.0,2,164.87,2,3,3,一般挽留用户
U03803,马来西亚,内容营销,291.0,2,164.83,1,3,3,一般挽留用户
U01238,马来西亚,付费广告,198.0,2,164.75,1,3,3,一般挽留用户
U00692,印尼,付费广告,259.0,2,164.71,1,3,3,一般挽留用户
U03105,越南,自然搜索,144.0,3,164.64,2,3,3,一般挽留用户
U05124,马来西亚,自然搜索,39.0,2,164.56,3,3,3,一般挽留用户
U07038,印尼,内容营销,539.0,2,164.51,1,3,3,一般挽留用户
U07516,越南,自然搜索,170.0,3,164.51,2,3,3,一般挽留用户
U03305,越南,自然搜索,163.0,3,164.42,2,3,3,一般挽留用户
U02128,菲律宾,社交媒体,91.0,3,164.32,2,3,3,一般挽留用户
U02456,越南,付费广告,410.0,3,163.94,1,3,3,一般挽留用户
U07472,菲律宾,社交媒体,400.0,3,163.78,1,3,3,一般挽留用户
U05928,印尼,KOL推荐,98.0,2,163.64,2,3,3,一般挽留用户
U06878,菲律宾,社交媒体,246.0,3,163.46,1,3,3,一般挽留用户
U01863,印尼,KOL推荐,138.0,2,163.43,2,3,3,一般挽留用户
U00817,越南,付费广告,332.0,3,163.38,1,3,3,一般挽留用户
U02348,印尼,付费广告,37.0,3,163.17,3,3,3,一般挽留用户
U01446,印尼,内容营销,227.0,2,162.7,1,3,3,一般挽留用户
U05689,印尼,KOL推荐,115.0,2,162.63,2,3,3,一般挽留用户
U02032,越南,内容营销,110.0,3,162.54,2,3,3,一般挽留用户
U05153,菲律宾,付费广告,132.0,3,162.52,2,3,3,一般挽留用户
U04855,泰国,自然搜索,3.0,2,162.49,3,3,3,一般挽留用户
U07259,越南,社交媒体,2.0,4,162.33,3,4,3,一般挽留用户
U03547,印尼,内容营销,23.0,3,162.08,3,3,3,一般挽留用户
U01186,印尼,社交媒体,152.0,2,162.03,2,3,3,一般挽留用户
U04177,菲律宾,社交媒体,127.0,3,161.95,2,3,3,一般挽留用户
U02428,越南,自然搜索,84.0,3,161.51,2,3,3,一般挽留用户
U00710,菲律宾,KOL推荐,643.0,3,161.2,1,3,3,一般挽留用户
U01460,越南,社交媒体,538.0,3,161.12,1,3,3,一般挽留用户
U07882,印尼,付费广告,122.0,2,161.05,2,3,3,一般挽留用户
U04341,泰国,付费广告,90.0,2,161.01,2,3,3,一般挽留用户
U02254,菲律宾,内容营销,254.0,3,160.84,1,3,3,一般挽留用户
U04553,菲律宾,社交媒体,125.0,3,160.83,2,3,3,一般挽留用户
U06976,印尼,付费广告,104.0,3,160.75,2,3,3,一般挽留用户
U06810,菲律宾,付费广告,291.0,3,160.58,1,3,3,一般挽留用户
U03044,印尼,付费广告,216.0,3,160.27,1,3,3,一般挽留用户
U02042,印尼,自然搜索,217.0,3,160.02,1,3,3,一般挽留用户
U03677,越南,社交媒体,101.0,3,159.99,2,3,3,一般挽留用户
U04056,菲律宾,KOL推荐,36.0,3,159.9,3,3,3,一般挽留用户
U01229,越南,社交媒体,2.0,3,159.7,3,3,3,一般挽留用户
U07706,印尼,付费广告,211.0,3,159.6,1,3,3,一般挽留用户
U04712,越南,社交媒体,329.0,3,159.35,1,3,3,一般挽留用户
U04258,越南,付费广告,79.0,3,159.32,2,3,3,一般挽留用户
U04910,菲律宾,社交媒体,262.0,3,159.01,1,3,3,一般挽留用户
U03598,越南,自然搜索,527.0,3,158.55,1,3,3,一般挽留用户
U02957,菲律宾,社交媒体,295.0,3,158.45,1,3,3,一般挽留用户
U03482,越南,社交媒体,21.0,3,158.41,3,3,3,一般挽留用户
U04429,菲律宾,社交媒体,15.0,3,158.28,3,3,3,一般挽留用户
U07859,泰国,付费广告,250.0,2,158.21,1,3,3,一般挽留用户
U04293,马来西亚,付费广告,290.0,2,158.13,1,3,3,一般挽留用户
U04755,菲律宾,KOL推荐,184.0,3,157.83,1,3,3,一般挽留用户
U02034,印尼,社交媒体,29.0,3,157.58,3,3,3,一般挽留用户
U02179,印尼,社交媒体,284.0,2,157.53,1,3,3,一般挽留用户
U05134,马来西亚,社交媒体,414.0,2,157.51,1,3,3,一般挽留用户
U01504,越南,付费广告,182.0,3,157.4,1,3,3,一般挽留用户
U00939,印尼,付费广告,531.0,2,157.35,1,3,3,一般挽留用户
U04159,印尼,自然搜索,135.0,2,157.13,2,3,3,一般挽留用户
U04344,印尼,付费广告,369.0,2,156.93,1,3,3,一般挽留用户
U01115,印尼,付费广告,242.0,2,156.87,1,3,3,一般挽留用户
U06036,印尼,付费广告,177.0,3,156.36,1,3,3,一般挽留用户
U03957,越南,内容营销,5.0,3,156.21,3,3,3,一般挽留用户
U06316,印尼,自然搜索,287.0,3,155.39,1,3,3,一般挽留用户
U03553,印尼,社交媒体,482.0,2,155.0,1,3,3,一般挽留用户
U07456,印尼,内容营销,2.0,2,154.93,3,3,3,一般挽留用户
U03414,菲律宾,付费广告,11.0,3,154.85,3,3,3,一般挽留用户
U07124,越南,自然搜索,12.0,3,154.84,3,3,3,一般挽留用户
U05280,马来西亚,KOL推荐,6.0,2,154.77,3,3,3,一般挽留用户
U02227,印尼,KOL推荐,336.0,2,154.73,1,3,3,一般挽留用户
U02690,印尼,社交媒体,371.0,2,154.72,1,3,3,一般挽留用户
U06844,马来西亚,KOL推荐,444.0,2,154.28,1,3,3,一般挽留用户
U01652,越南,自然搜索,169.0,3,154.26,2,3,3,一般挽留用户
U04997,越南,内容营销,29.0,3,153.98,3,3,3,一般挽留用户
U07979,印尼,自然搜索,150.0,2,153.63,2,3,3,一般挽留用户
U04460,越南,自然搜索,47.0,3,153.57,3,3,3,一般挽留用户
U04734,越南,付费广告,246.0,3,153.45,1,3,3,一般挽留用户
U03081,菲律宾,付费广告,497.0,3,153.38,1,3,3,一般挽留用户
U05325,印尼,自然搜索,235.0,2,152.91,1,3,3,一般挽留用户
U05375,菲律宾,社交媒体,279.0,3,152.81,1,3,3,一般挽留用户
U05078,印尼,KOL推荐,355.0,2,152.75,1,3,3,一般挽留用户
U05474,泰国,付费广告,382.0,2,152.7,1,3,3,一般挽留用户
U01106,越南,自然搜索,93.0,3,152.63,2,3,3,一般挽留用户
U01499,菲律宾,自然搜索,234.0,3,152.55,1,3,3,一般挽留用户
U06000,印尼,自然搜索,267.0,3,152.53,1,3,3,一般挽留用户
U02069,越南,内容营销,58.0,3,152.26,2,3,3,一般挽留用户
U00054,印尼,KOL推荐,517.0,2,151.97,1,3,3,一般挽留用户
U04669,印尼,自然搜索,249.0,2,151.96,1,3,3,一般挽留用户
U01859,印尼,自然搜索,165.0,2,151.91,2,3,3,一般挽留用户
U00174,印尼,社交媒体,238.0,2,151.81,1,3,3,一般挽留用户
U05412,印尼,自然搜索,182.0,2,151.63,1,3,3,一般挽留用户
U01234,印尼,社交媒体,198.0,2,151.55,1,3,3,一般挽留用户
U05780,印尼,内容营销,378.0,2,151.33,1,3,3,一般挽留用户
U07643,越南,付费广告,268.0,3,151.08,1,3,3,一般挽留用户
U00612,印尼,内容营销,412.0,2,150.89,1,3,3,一般挽留用户
U06777,越南,自然搜索,506.0,3,150.87,1,3,3,一般挽留用户
U06460,越南,内容营销,96.0,3,150.53,2,3,3,一般挽留用户
U06372,马来西亚,KOL推荐,136.0,2,150.49,2,3,3,一般挽留用户
U00685,印尼,社交媒体,81.0,2,150.19,2,3,3,一般挽留用户
U06331,印尼,自然搜索,44.0,2,149.96,3,3,3,一般挽留用户
U05812,菲律宾,付费广告,204.0,3,149.85,1,3,3,一般挽留用户
U03720,越南,自然搜索,208.0,3,149.81,1,3,3,一般挽留用户
U05303,菲律宾,KOL推荐,539.0,3,149.71,1,3,3,一般挽留用户
U04162,印尼,付费广告,120.0,2,149.7,2,3,3,一般挽留用户
U02773,越南,自然搜索,22.0,3,149.53,3,3,3,一般挽留用户
U04303,印尼,社交媒体,147.0,2,149.52,2,3,3,一般挽留用户
U00400,泰国,付费广告,164.0,1,149.5,2,3,3,一般挽留用户
U00833,泰国,付费广告,190.0,1,149.39,1,3,3,一般挽留用户
U07569,泰国,付费广告,284.0,1,149.27,1,3,3,一般挽留用户
U03090,越南,内容营销,157.0,3,149.27,2,3,3,一般挽留用户
U01481,泰国,付费广告,540.0,1,149.24,1,3,3,一般挽留用户
U06296,越南,KOL推荐,228.0,3,149.08,1,3,3,一般挽留用户
U01264,泰国,KOL推荐,99.0,1,148.94,2,3,3,一般挽留用户
U04724,泰国,社交媒体,596.0,1,148.54,1,3,3,一般挽留用户
U03429,印尼,付费广告,633.0,2,148.47,1,3,3,一般挽留用户
U05854,越南,付费广告,67.0,3,148.37,2,3,3,一般挽留用户
U07632,越南,内容营销,172.0,3,148.16,2,3,3,一般挽留用户
U07195,印尼,付费广告,131.0,2,148.15,2,3,3,一般挽留用户
U00037,泰国,内容营销,226.0,1,148.07,1,3,3,一般挽留用户
U03238,印尼,付费广告,139.0,2,148.01,2,3,3,一般挽留用户
U03179,印尼,自然搜索,129.0,2,147.97,2,3,3,一般挽留用户
U03051,印尼,自然搜索,31.0,2,147.95,3,3,3,一般挽留用户
U00660,越南,付费广告,172.0,3,147.83,2,3,3,一般挽留用户
U05030,越南,付费广告,89.0,3,147.54,2,3,3,一般挽留用户
U02096,印尼,社交媒体,317.0,2,147.37,1,3,3,一般挽留用户
U00626,越南,付费广告,285.0,3,147.31,1,3,3,一般挽留用户
U03076,马来西亚,付费广告,422.0,2,147.26,1,3,3,一般挽留用户
U03996,越南,内容营销,25.0,3,147.26,3,3,3,一般挽留用户
U01053,菲律宾,付费广告,256.0,2,147.1,1,3,3,一般挽留用户
U05992,越南,自然搜索,57.0,3,147.07,2,3,3,一般挽留用户
U00716,菲律宾,付费广告,102.0,2,147.0,2,3,3,一般挽留用户
U03448,印尼,自然搜索,210.0,2,146.93,1,3,3,一般挽留用户
U07754,泰国,内容营销,393.0,1,146.87,1,3,3,一般挽留用户
U07347,印尼,社交媒体,50.0,2,146.86,2,3,3,一般挽留用户
U00207,印尼,自然搜索,211.0,2,146.83,1,3,3,一般挽留用户
U02064,泰国,自然搜索,494.0,1,146.65,1,3,3,一般挽留用户
U07656,印尼,付费广告,112.0,2,146.54,2,3,3,一般挽留用户
U02474,印尼,社交媒体,177.0,2,146.48,1,3,3,一般挽留用户
U06590,越南,社交媒体,124.0,3,146.42,2,3,3,一般挽留用户
U01636,越南,内容营销,42.0,3,146.27,3,3,3,一般挽留用户
U05764,菲律宾,KOL推荐,43.0,3,146.04,3,3,3,一般挽留用户
U01014,印尼,付费广告,516.0,2,145.98,1,3,3,一般挽留用户
U06270,越南,付费广告,396.0,3,145.9,1,3,3,一般挽留用户
U03111,泰国,自然搜索,392.0,1,145.88,1,3,3,一般挽留用户
U05714,印尼,自然搜索,336.0,2,145.73,1,3,3,一般挽留用户
U00844,泰国,自然搜索,173.0,1,145.67,2,3,3,一般挽留用户
U02834,越南,付费广告,146.0,3,145.41,2,3,3,一般挽留用户
U05162,越南,付费广告,317.0,3,145.28,1,3,3,一般挽留用户
U02006,越南,自然搜索,441.0,3,145.22,1,3,3,一般挽留用户
U04562,菲律宾,社交媒体,117.0,3,145.22,2,3,3,一般挽留用户
U00327,印尼,内容营销,468.0,2,145.13,1,3,3,一般挽留用户
U03778,印尼,内容营销,240.0,2,145.07,1,3,3,一般挽留用户
U03114,泰国,社交媒体,634.0,1,145.0,1,3,3,一般挽留用户
U04458,越南,付费广告,14.0,3,144.99,3,3,3,一般挽留用户
U02614,越南,付费广告,424.0,3,144.86,1,3,3,一般挽留用户
U02283,泰国,KOL推荐,429.0,1,144.83,1,3,3,一般挽留用户
U05055,印尼,社交媒体,363.0,2,144.81,1,3,3,一般挽留用户
U03537,越南,付费广告,280.0,3,144.77,1,3,3,一般挽留用户
U06930,越南,自然搜索,27.0,3,144.72,3,3,3,一般挽留用户
U07068,泰国,自然搜索,579.0,1,144.71,1,3,3,一般挽留用户
U02997,越南,社交媒体,351.0,3,144.57,1,3,3,一般挽留用户
U04816,马来西亚,KOL推荐,231.0,2,144.29,1,3,3,一般挽留用户
U02491,泰国,自然搜索,90.0,1,144.29,2,3,3,一般挽留用户
U07775,泰国,社交媒体,651.0,1,144.28,1,3,3,一般挽留用户
U04802,马来西亚,社交媒体,34.0,2,144.28,3,3,3,一般挽留用户
U07429,印尼,付费广告,144.0,2,144.2,2,3,3,一般挽留用户
U05307,越南,内容营销,75.0,3,144.19,2,3,3,一般挽留用户
U04723,越南,内容营销,192.0,3,144.17,1,3,3,一般挽留用户
U07139,泰国,KOL推荐,500.0,1,143.94,1,3,3,一般挽留用户
U00982,泰国,社交媒体,604.0,1,143.86,1,3,3,一般挽留用户
U01365,泰国,付费广告,51.0,1,143.73,2,3,3,一般挽留用户
U06039,菲律宾,自然搜索,651.0,3,143.72,1,3,3,一般挽留用户
U00297,泰国,社交媒体,712.0,1,143.52,1,3,3,一般挽留用户
U01296,泰国,内容营销,317.0,1,143.37,1,3,3,一般挽留用户
U03815,印尼,付费广告,362.0,2,143.23,1,3,3,一般挽留用户
U02204,印尼,自然搜索,87.0,2,143.22,2,3,3,一般挽留用户
U02529,马来西亚,自然搜索,381.0,2,142.74,1,3,3,一般挽留用户
U05783,泰国,付费广告,93.0,1,142.68,2,3,3,一般挽留用户
U06890,越南,社交媒体,46.0,3,142.54,3,3,3,一般挽留用户
U03442,泰国,自然搜索,440.0,1,142.12,1,3,3,一般挽留用户
U07740,印尼,付费广告,204.0,2,142.12,1,3,3,一般挽留用户
U03477,印尼,社交媒体,141.0,2,142.12,2,3,3,一般挽留用户
U02543,印尼,KOL推荐,671.0,2,141.93,1,3,3,一般挽留用户
U04099,泰国,社交媒体,525.0,1,141.84,1,3,3,一般挽留用户
U04365,印尼,自然搜索,59.0,2,141.76,2,3,3,一般挽留用户
U07666,印尼,付费广告,46.0,2,141.56,3,3,3,一般挽留用户
U00977,泰国,社交媒体,572.0,1,141.32,1,3,3,一般挽留用户
U05915,泰国,社交媒体,567.0,1,141.28,1,3,3,一般挽留用户
U04281,印尼,内容营销,473.0,2,141.22,1,3,3,一般挽留用户
U07561,印尼,自然搜索,250.0,2,141.14,1,3,3,一般挽留用户
U01492,泰国,付费广告,351.0,1,141.08,1,3,3,一般挽留用户
U00197,菲律宾,付费广告,192.0,3,141.05,1,3,3,一般挽留用户
U01514,泰国,社交媒体,489.0,1,140.98,1,3,3,一般挽留用户
U01105,泰国,付费广告,404.0,1,140.89,1,3,3,一般挽留用户
U01048,菲律宾,内容营销,282.0,3,140.89,1,3,3,一般挽留用户
U06871,泰国,付费广告,199.0,1,140.58,1,3,3,一般挽留用户
U05555,印尼,付费广告,66.0,2,140.46,2,3,3,一般挽留用户
U07186,印尼,付费广告,209.0,2,140.2,1,3,3,一般挽留用户
U04569,菲律宾,自然搜索,127.0,3,139.88,2,3,3,一般挽留用户
U00725,菲律宾,社交媒体,585.0,2,139.8,1,3,3,一般挽留用户
U00085,越南,社交媒体,191.0,2,139.69,1,3,3,一般挽留用户
U04388,泰国,内容营销,241.0,1,139.5,1,3,3,一般挽留用户
U00301,印尼,付费广告,261.0,2,139.39,1,3,3,一般挽留用户
U01091,印尼,自然搜索,386.0,2,139.07,1,3,3,一般挽留用户
U00838,印尼,内容营销,368.0,2,138.92,1,3,3,一般挽留用户
U02369,印尼,社交媒体,178.0,2,138.62,1,3,3,一般挽留用户
U07685,菲律宾,KOL推荐,11.0,3,138.62,3,3,3,一般挽留用户
U02939,泰国,自然搜索,454.0,1,138.52,1,3,3,一般挽留用户
U01763,印尼,内容营销,235.0,2,138.23,1,3,3,一般挽留用户
U06369,菲律宾,KOL推荐,322.0,2,138.17,1,3,3,一般挽留用户
U01391,泰国,内容营销,131.0,1,137.62,2,3,3,一般挽留用户
U00845,越南,社交媒体,46.0,3,137.61,3,3,3,一般挽留用户
U07235,印尼,付费广告,491.0,2,137.54,1,3,3,一般挽留用户
U04498,越南,KOL推荐,300.0,2,137.54,1,3,3,一般挽留用户
U05668,泰国,内容营销,320.0,1,137.42,1,3,3,一般挽留用户
U01086,印尼,付费广告,387.0,2,137.21,1,3,3,一般挽留用户
U04008,印尼,付费广告,429.0,2,137.14,1,3,3,一般挽留用户
U05602,泰国,付费广告,47.0,1,136.97,3,3,3,一般挽留用户
U07348,印尼,自然搜索,440.0,2,136.93,1,3,3,一般挽留用户
U05694,菲律宾,社交媒体,75.0,2,136.8,2,3,3,一般挽留用户
U07039,印尼,付费广告,585.0,2,136.7,1,3,3,一般挽留用户
U01392,泰国,自然搜索,477.0,1,136.69,1,3,3,一般挽留用户
U06273,印尼,付费广告,198.0,2,136.29,1,3,3,一般挽留用户
U06264,菲律宾,社交媒体,71.0,2,136.26,2,3,3,一般挽留用户
U02674,菲律宾,自然搜索,367.0,2,136.08,1,3,3,一般挽留用户
U06654,泰国,付费广告,505.0,1,135.96,1,3,3,一般挽留用户
U07730,印尼,KOL推荐,33.0,2,135.9,3,3,3,一般挽留用户
U00819,越南,付费广告,282.0,3,135.82,1,3,3,一般挽留用户
U07338,印尼,付费广告,155.0,2,135.8,2,3,3,一般挽留用户
U04618,越南,自然搜索,202.0,3,135.67,1,3,3,一般挽留用户
U04038,印尼,社交媒体,401.0,2,135.61,1,3,3,一般挽留用户
U03795,印尼,内容营销,229.0,2,135.56,1,3,3,一般挽留用户
U06537,菲律宾,自然搜索,478.0,2,135.52,1,3,3,一般挽留用户
U05221,印尼,内容营销,343.0,2,135.47,1,3,3,一般挽留用户
U01709,印尼,社交媒体,32.0,2,135.38,3,3,3,一般挽留用户
U05649,印尼,社交媒体,324.0,2,135.35,1,3,3,一般挽留用户
U07276,越南,付费广告,390.0,3,135.33,1,3,3,一般挽留用户
U02981,泰国,社交媒体,288.0,1,135.06,1,3,3,一般挽留用户
U05504,越南,自然搜索,97.0,2,134.97,2,3,3,一般挽留用户
U04943,越南,KOL推荐,122.0,3,134.96,2,3,3,一般挽留用户
U00495,越南,内容营销,348.0,2,134.9,1,3,3,一般挽留用户
U00243,越南,付费广告,350.0,2,134.87,1,3,3,一般挽留用户
U03266,印尼,社交媒体,151.0,2,134.76,2,3,3,一般挽留用户
U05936,印尼,社交媒体,7.0,2,134.69,3,3,3,一般挽留用户
U06171,印尼,自然搜索,174.0,2,134.68,1,3,3,一般挽留用户
U00565,印尼,付费广告,381.0,2,134.63,1,3,3,一般挽留用户
U02268,泰国,付费广告,294.0,1,134.54,1,3,3,一般挽留用户
U05224,越南,付费广告,237.0,2,134.45,1,3,3,一般挽留用户
U00555,越南,社交媒体,248.0,3,134.27,1,3,3,一般挽留用户
U06478,印尼,付费广告,222.0,2,134.27,1,3,3,一般挽留用户
U07503,泰国,内容营销,151.0,1,134.13,2,3,3,一般挽留用户
U02790,印尼,KOL推荐,198.0,2,133.87,1,3,3,一般挽留用户
U02870,菲律宾,自然搜索,113.0,3,133.82,2,3,3,一般挽留用户
U03799,印尼,付费广告,422.0,2,133.73,1,3,3,一般挽留用户
U04051,印尼,付费广告,23.0,2,133.53,3,3,3,一般挽留用户
U00743,印尼,自然搜索,199.0,2,133.5,1,3,3,一般挽留用户
U05869,印尼,付费广告,213.0,2,133.44,1,3,3,一般挽留用户
U00811,菲律宾,付费广告,274.0,2,132.93,1,3,3,一般挽留用户
U03491,印尼,付费广告,90.0,2,132.92,2,3,3,一般挽留用户
U05829,印尼,付费广告,57.0,2,132.81,2,3,3,一般挽留用户
U04340,越南,社交媒体,265.0,2,132.77,1,3,3,一般挽留用户
U07554,印尼,付费广告,666.0,2,132.76,1,3,3,一般挽留用户
U04201,泰国,KOL推荐,668.0,1,132.73,1,3,3,一般挽留用户
U06432,菲律宾,自然搜索,507.0,3,132.28,1,3,3,一般挽留用户
U01077,印尼,KOL推荐,251.0,2,132.22,1,3,3,一般挽留用户
U00265,印尼,自然搜索,486.0,2,131.91,1,3,3,一般挽留用户
U02347,越南,内容营销,160.0,2,131.85,2,3,3,一般挽留用户
U03861,印尼,自然搜索,52.0,2,131.79,2,3,3,一般挽留用户
U07836,印尼,内容营销,45.0,2,131.79,3,3,3,一般挽留用户
U06187,越南,内容营销,110.0,3,131.35,2,3,3,一般挽留用户
U06653,泰国,社交媒体,279.0,1,131.31,1,3,3,一般挽留用户
U03669,越南,自然搜索,223.0,2,131.3,1,3,3,一般挽留用户
U00569,越南,付费广告,112.0,3,131.28,2,3,3,一般挽留用户
U04102,印尼,内容营销,223.0,2,131.24,1,3,3,一般挽留用户
U05180,越南,自然搜索,266.0,3,131.03,1,3,3,一般挽留用户
U00326,印尼,自然搜索,215.0,2,130.88,1,3,3,一般挽留用户
U00348,越南,付费广告,262.0,3,130.74,1,3,3,一般挽留用户
U00117,泰国,自然搜索,529.0,1,130.66,1,3,3,一般挽留用户
U01912,马来西亚,自然搜索,425.0,1,130.61,1,3,3,一般挽留用户
U07537,越南,社交媒体,45.0,3,130.56,3,3,3,一般挽留用户
U02036,泰国,内容营销,44.0,1,130.54,3,3,3,一般挽留用户
U02967,印尼,社交媒体,108.0,2,130.52,2,3,3,一般挽留用户
U04299,印尼,付费广告,167.0,2,130.41,2,3,3,一般挽留用户
U07865,马来西亚,自然搜索,287.0,1,130.38,1,3,3,一般挽留用户
U07197,菲律宾,内容营销,224.0,2,130.31,1,3,3,一般挽留用户
U04257,越南,社交媒体,22.0,3,130.25,3,3,3,一般挽留用户
U01362,印尼,付费广告,410.0,2,130.21,1,3,3,一般挽留用户
U06825,菲律宾,自然搜索,317.0,2,130.14,1,3,3,一般挽留用户
U02498,马来西亚,付费广告,142.0,1,130.07,2,3,3,一般挽留用户
U07634,印尼,付费广告,90.0,2,129.85,2,3,3,一般挽留用户
U04421,马来西亚,付费广告,644.0,1,129.82,1,3,3,一般挽留用户
U01130,印尼,自然搜索,680.0,2,129.7,1,3,3,一般挽留用户
U06769,越南,自然搜索,71.0,3,129.7,2,3,3,一般挽留用户
U03291,菲律宾,付费广告,509.0,2,129.38,1,3,3,一般挽留用户
U00130,越南,KOL推荐,166.0,2,129.37,2,3,3,一般挽留用户
U00144,越南,内容营销,339.0,3,129.29,1,3,3,一般挽留用户
U02309,越南,付费广告,192.0,3,129.11,1,3,3,一般挽留用户
U00614,菲律宾,自然搜索,234.0,2,129.09,1,3,3,一般挽留用户
U04503,泰国,社交媒体,294.0,1,129.06,1,3,3,一般挽留用户
U03377,泰国,付费广告,533.0,1,128.91,1,3,3,一般挽留用户
U00104,马来西亚,KOL推荐,23.0,1,128.9,3,3,3,一般挽留用户
U05733,印尼,KOL推荐,145.0,2,128.88,2,3,3,一般挽留用户
U04923,菲律宾,内容营销,120.0,2,128.73,2,3,3,一般挽留用户
U02637,菲律宾,KOL推荐,185.0,2,128.56,1,3,3,一般挽留用户
U04729,泰国,付费广告,179.0,1,127.91,1,3,3,一般挽留用户
U02105,越南,自然搜索,529.0,3,127.86,1,3,3,一般挽留用户
U05378,菲律宾,社交媒体,303.0,2,127.73,1,3,3,一般挽留用户
U03834,越南,付费广告,78.0,2,127.72,2,3,3,一般挽留用户
U05782,印尼,付费广告,345.0,2,127.68,1,3,3,一般挽留用户
U06069,泰国,自然搜索,208.0,1,127.64,1,3,3,一般挽留用户
U03373,印尼,付费广告,648.0,2,127.28,1,3,3,一般挽留用户
U07689,菲律宾,内容营销,145.0,2,127.24,2,3,3,一般挽留用户
U06197,菲律宾,KOL推荐,126.0,2,127.1,2,3,3,一般挽留用户
U05114,越南,社交媒体,673.0,2,127.07,1,3,3,一般挽留用户
U07169,泰国,KOL推荐,415.0,1,127.04,1,3,3,一般挽留用户
U01976,越南,付费广告,199.0,2,127.01,1,3,3,一般挽留用户
U00199,菲律宾,自然搜索,360.0,2,126.94,1,3,3,一般挽留用户
U01047,泰国,社交媒体,349.0,1,126.81,1,3,3,一般挽留用户
U04073,印尼,内容营销,18.0,2,126.64,3,3,3,一般挽留用户
U05282,泰国,社交媒体,548.0,1,126.62,1,3,3,一般挽留用户
U06444,印尼,付费广告,591.0,2,126.58,1,3,3,一般挽留用户
U03733,印尼,付费广告,7.0,2,126.39,3,3,3,一般挽留用户
U07101,泰国,自然搜索,714.0,1,126.37,1,3,3,一般挽留用户
U03387,印尼,KOL推荐,333.0,2,126.35,1,3,3,一般挽留用户
U04500,印尼,KOL推荐,553.0,2,126.34,1,3,3,一般挽留用户
U04851,越南,付费广告,42.0,2,126.2,3,3,3,一般挽留用户
U04186,泰国,社交媒体,76.0,1,126.13,2,3,3,一般挽留用户
U02113,菲律宾,付费广告,522.0,2,125.67,1,3,3,一般挽留用户
U00796,马来西亚,自然搜索,508.0,1,125.66,1,3,3,一般挽留用户
U06293,越南,自然搜索,450.0,2,125.6,1,3,3,一般挽留用户
U06923,印尼,付费广告,293.0,2,125.43,1,3,3,一般挽留用户
U01453,印尼,自然搜索,624.0,2,125.4,1,3,3,一般挽留用户
U05705,越南,自然搜索,169.0,2,125.33,2,3,3,一般挽留用户
U00735,菲律宾,内容营销,128.0,2,125.33,2,3,3,一般挽留用户
U06154,泰国,KOL推荐,566.0,1,125.23,1,3,3,一般挽留用户
U04323,印尼,社交媒体,131.0,2,125.19,2,3,3,一般挽留用户
U05896,马来西亚,社交媒体,563.0,1,125.18,1,3,3,一般挽留用户
U02400,越南,自然搜索,335.0,2,125.14,1,3,3,一般挽留用户
U03605,泰国,KOL推荐,136.0,1,125.14,2,3,3,一般挽留用户
U03916,印尼,内容营销,269.0,2,124.99,1,3,3,一般挽留用户
U05661,泰国,自然搜索,466.0,1,124.86,1,3,3,一般挽留用户
U02159,印尼,KOL推荐,480.0,2,124.7,1,3,3,一般挽留用户
U02764,泰国,KOL推荐,614.0,1,124.53,1,3,3,一般挽留用户
U00381,印尼,自然搜索,25.0,2,124.46,3,3,3,一般挽留用户
U03586,越南,付费广告,28.0,2,124.35,3,3,3,一般挽留用户
U03935,印尼,自然搜索,364.0,2,124.1,1,3,3,一般挽留用户
U05813,越南,自然搜索,134.0,3,124.08,2,3,3,一般挽留用户
U06143,菲律宾,付费广告,44.0,2,123.92,3,3,3,一般挽留用户
U01321,泰国,内容营销,423.0,1,123.87,1,3,3,一般挽留用户
U04942,菲律宾,自然搜索,520.0,2,123.75,1,3,3,一般挽留用户
U07987,越南,付费广告,181.0,3,123.69,1,3,3,一般挽留用户
U07970,马来西亚,内容营销,572.0,1,123.6,1,3,3,一般挽留用户
U01490,泰国,付费广告,106.0,1,123.43,2,3,3,一般挽留用户
U01843,印尼,社交媒体,4.0,2,123.38,3,3,3,一般挽留用户
U00070,菲律宾,付费广告,326.0,2,123.21,1,3,3,一般挽留用户
U07947,印尼,社交媒体,129.0,2,122.98,2,3,3,一般挽留用户
U00886,印尼,社交媒体,473.0,2,122.9,1,3,3,一般挽留用户
U00702,越南,付费广告,114.0,2,122.81,2,3,3,一般挽留用户
U06986,越南,KOL推荐,90.0,2,122.77,2,3,3,一般挽留用户
U06322,印尼,社交媒体,75.0,2,122.77,2,3,3,一般挽留用户
U06732,马来西亚,自然搜索,8.0,1,122.77,3,3,3,一般挽留用户
U05393,印尼,内容营销,218.0,2,122.64,1,3,3,一般挽留用户
U03833,越南,内容营销,25.0,2,122.46,3,3,3,一般挽留用户
U02294,泰国,付费广告,148.0,1,122.41,2,3,3,一般挽留用户
U06207,越南,内容营销,99.0,2,122.3,2,3,3,一般挽留用户
U00316,越南,内容营销,166.0,2,122.24,2,3,3,一般挽留用户
U01332,泰国,付费广告,722.0,1,122.13,1,3,3,一般挽留用户
U01353,印尼,自然搜索,415.0,2,121.98,1,3,3,一般挽留用户
U05206,菲律宾,社交媒体,94.0,2,121.96,2,3,3,一般挽留用户
U05592,泰国,内容营销,148.0,1,121.94,2,3,3,一般挽留用户
U01025,印尼,付费广告,76.0,2,121.75,2,3,3,一般挽留用户
U00913,越南,自然搜索,114.0,2,121.72,2,3,3,一般挽留用户
U03365,印尼,社交媒体,18.0,2,121.72,3,3,3,一般挽留用户
U05972,菲律宾,KOL推荐,103.0,2,121.7,2,3,3,一般挽留用户
U03533,越南,自然搜索,333.0,2,121.58,1,3,3,一般挽留用户
U03333,泰国,社交媒体,250.0,1,121.53,1,3,3,一般挽留用户
U01094,泰国,付费广告,386.0,1,121.42,1,3,3,一般挽留用户
U03818,菲律宾,KOL推荐,258.0,2,121.39,1,3,3,一般挽留用户
U01680,越南,付费广告,134.0,2,121.09,2,3,3,一般挽留用户
U03941,菲律宾,自然搜索,113.0,2,120.99,2,3,3,一般挽留用户
U02481,菲律宾,社交媒体,251.0,2,120.96,1,3,3,一般挽留用户
U05379,泰国,KOL推荐,347.0,1,120.79,1,3,3,一般挽留用户
U04088,菲律宾,社交媒体,104.0,2,120.74,2,3,3,一般挽留用户
U00831,越南,付费广告,57.0,2,120.59,2,3,3,一般挽留用户
U01456,印尼,付费广告,286.0,2,120.52,1,3,3,一般挽留用户
U06950,菲律宾,社交媒体,165.0,2,120.48,2,3,3,一般挽留用户
U04018,越南,自然搜索,215.0,2,120.38,1,3,3,一般挽留用户
U02016,越南,自然搜索,250.0,2,120.32,1,3,3,一般挽留用户
U07727,越南,社交媒体,246.0,2,120.11,1,3,3,一般挽留用户
U04643,泰国,内容营销,727.0,1,120.07,1,3,3,一般挽留用户
U04142,泰国,社交媒体,242.0,1,120.07,1,3,3,一般挽留用户
U03314,泰国,内容营销,429.0,1,119.82,1,3,3,一般挽留用户
U04143,菲律宾,自然搜索,498.0,2,119.81,1,3,3,一般挽留用户
U00650,泰国,自然搜索,235.0,1,119.75,1,3,3,一般挽留用户
U00507,菲律宾,社交媒体,195.0,2,119.73,1,3,3,一般挽留用户
U05197,泰国,付费广告,522.0,1,119.65,1,3,3,一般挽留用户
U03158,菲律宾,社交媒体,16.0,2,119.63,3,3,3,一般挽留用户
U02143,越南,付费广告,171.0,2,119.58,2,3,3,一般挽留用户
U05523,越南,内容营销,675.0,2,119.45,1,3,3,一般挽留用户
U01060,菲律宾,内容营销,243.0,2,118.71,1,3,3,一般挽留用户
U02828,越南,内容营销,212.0,2,118.7,1,3,3,一般挽留用户
U00292,菲律宾,自然搜索,3.0,2,118.7,3,3,3,一般挽留用户
U05168,泰国,社交媒体,393.0,1,118.64,1,3,3,一般挽留用户
U07776,越南,内容营销,279.0,2,118.58,1,3,3,一般挽留用户
U05024,马来西亚,付费广告,478.0,1,118.54,1,3,3,一般挽留用户
U03686,马来西亚,自然搜索,554.0,1,118.14,1,3,3,一般挽留用户
U04845,越南,付费广告,356.0,2,118.11,1,3,3,一般挽留用户
U07040,菲律宾,付费广告,415.0,2,117.97,1,3,3,一般挽留用户
U05538,印尼,KOL推荐,399.0,2,117.92,1,3,3,一般挽留用户
U07329,印尼,付费广告,387.0,2,117.92,1,3,3,一般挽留用户
U01493,泰国,自然搜索,544.0,1,117.8,1,3,3,一般挽留用户
U05247,菲律宾,自然搜索,242.0,2,117.8,1,3,3,一般挽留用户
U04615,越南,社交媒体,279.0,2,117.72,1,3,3,一般挽留用户
U07486,越南,内容营销,168.0,2,117.68,2,3,3,一般挽留用户
U00026,泰国,KOL推荐,203.0,1,117.54,1,3,3,一般挽留用户
U04270,印尼,内容营销,217.0,2,117.47,1,3,3,一般挽留用户
U06067,越南,付费广告,350.0,2,117.4,1,3,3,一般挽留用户
U06102,越南,付费广告,520.0,2,117.32,1,3,3,一般挽留用户
U02363,印尼,内容营销,126.0,2,117.24,2,3,3,一般挽留用户
U03773,印尼,自然搜索,250.0,2,117.16,1,3,3,一般挽留用户
U07801,泰国,付费广告,417.0,1,116.98,1,3,3,一般挽留用户
U05873,菲律宾,内容营销,463.0,2,116.86,1,3,3,一般挽留用户
U02994,泰国,内容营销,414.0,1,116.79,1,3,3,一般挽留用户
U02847,越南,内容营销,259.0,2,116.62,1,3,3,一般挽留用户
U02403,越南,自然搜索,1.0,2,116.6,3,3,3,一般挽留用户
U00364,马来西亚,付费广告,176.0,1,116.59,1,3,3,一般挽留用户
U06511,菲律宾,KOL推荐,223.0,2,116.39,1,3,3,一般挽留用户
U03964,泰国,付费广告,636.0,1,116.27,1,3,3,一般挽留用户
U02098,菲律宾,自然搜索,18.0,2,115.99,3,3,3,一般挽留用户
U07361,越南,自然搜索,538.0,2,115.92,1,3,3,一般挽留用户
U05277,越南,社交媒体,97.0,2,115.92,2,3,3,一般挽留用户
U01385,越南,内容营销,55.0,2,115.9,2,3,3,一般挽留用户
U01724,印尼,自然搜索,567.0,2,115.78,1,3,3,一般挽留用户
U00480,印尼,自然搜索,280.0,2,115.74,1,3,3,一般挽留用户
U07165,泰国,自然搜索,584.0,1,115.65,1,3,3,一般挽留用户
U07988,菲律宾,社交媒体,561.0,2,115.61,1,3,3,一般挽留用户
U06412,菲律宾,社交媒体,180.0,2,115.57,1,3,3,一般挽留用户
U07996,泰国,社交媒体,3.0,1,115.51,3,3,3,一般挽留用户
U05455,泰国,KOL推荐,146.0,1,115.39,2,3,3,一般挽留用户
U07954,菲律宾,自然搜索,602.0,2,115.1,1,3,3,一般挽留用户
U02874,菲律宾,内容营销,256.0,2,115.02,1,3,3,一般挽留用户
U02895,菲律宾,自然搜索,523.0,2,115.0,1,3,3,一般挽留用户
U06646,菲律宾,内容营销,169.0,2,115.0,2,3,3,一般挽留用户
U01049,泰国,付费广告,506.0,1,114.9,1,3,3,一般挽留用户
U05480,菲律宾,社交媒体,122.0,2,114.9,2,3,3,一般挽留用户
U07944,越南,付费广告,45.0,2,114.72,3,3,3,一般挽留用户
U06020,越南,KOL推荐,163.0,2,114.63,2,3,3,一般挽留用户
U00262,泰国,KOL推荐,455.0,1,114.59,1,3,3,一般挽留用户
U04063,越南,社交媒体,432.0,2,114.51,1,3,3,一般挽留用户
U07997,越南,社交媒体,19.0,2,114.5,3,3,3,一般挽留用户
U06242,印尼,内容营销,39.0,2,114.47,3,3,3,一般挽留用户
U02238,泰国,KOL推荐,288.0,1,114.4,1,3,3,一般挽留用户
U04984,印尼,付费广告,353.0,2,114.39,1,3,3,一般挽留用户
U06639,越南,社交媒体,398.0,2,114.22,1,3,3,一般挽留用户
U01886,泰国,内容营销,253.0,1,114.18,1,3,3,一般挽留用户
U03096,马来西亚,社交媒体,675.0,1,114.09,1,3,3,一般挽留用户
U02542,菲律宾,社交媒体,1.0,2,114.01,3,3,3,一般挽留用户
U07698,越南,社交媒体,414.0,2,113.85,1,3,3,一般挽留用户
U07273,泰国,KOL推荐,347.0,1,113.84,1,3,3,一般挽留用户
U05025,印尼,自然搜索,419.0,2,113.8,1,3,3,一般挽留用户
U07532,泰国,内容营销,139.0,1,113.79,2,3,3,一般挽留用户
U02163,菲律宾,付费广告,153.0,2,113.72,2,3,3,一般挽留用户
U00551,菲律宾,自然搜索,515.0,2,113.55,1,3,3,一般挽留用户
U07787,马来西亚,付费广告,267.0,1,113.51,1,3,3,一般挽留用户
U00961,印尼,付费广告,208.0,2,113.47,1,3,3,一般挽留用户
U01166,菲律宾,内容营销,157.0,2,113.24,2,3,3,一般挽留用户
U02132,印尼,社交媒体,219.0,2,113.22,1,3,3,一般挽留用户
U07030,印尼,社交媒体,120.0,2,113.05,2,3,3,一般挽留用户
U02903,越南,社交媒体,244.0,2,112.97,1,3,3,一般挽留用户
U00584,印尼,付费广告,570.0,2,112.95,1,3,3,一般挽留用户
U05145,菲律宾,社交媒体,509.0,2,112.89,1,3,3,一般挽留用户
U04457,泰国,付费广告,494.0,1,112.71,1,3,3,一般挽留用户
U07062,印尼,自然搜索,455.0,2,112.6,1,3,3,一般挽留用户
U03734,泰国,付费广告,28.0,1,112.54,3,3,3,一般挽留用户
U01846,泰国,KOL推荐,38.0,1,112.44,3,3,3,一般挽留用户
U05202,印尼,社交媒体,1.0,2,112.22,3,3,3,一般挽留用户
U07238,印尼,付费广告,405.0,2,112.2,1,3,3,一般挽留用户
U04790,泰国,付费广告,252.0,1,112.2,1,3,3,一般挽留用户
U07881,越南,付费广告,199.0,2,112.12,1,3,3,一般挽留用户
U06621,越南,付费广告,620.0,2,112.08,1,3,3,一般挽留用户
U07021,菲律宾,KOL推荐,362.0,2,111.88,1,3,3,一般挽留用户
U07214,泰国,付费广告,711.0,1,111.79,1,3,3,一般挽留用户
U04969,越南,自然搜索,160.0,2,111.77,2,3,3,一般挽留用户
U03206,菲律宾,KOL推荐,210.0,2,111.7,1,3,3,一般挽留用户
U02625,马来西亚,社交媒体,371.0,1,111.49,1,3,3,一般挽留用户
U06725,泰国,内容营销,236.0,1,111.47,1,3,3,一般挽留用户
U06998,越南,社交媒体,621.0,2,111.13,1,3,3,一般挽留用户
U02879,泰国,内容营销,369.0,1,111.11,1,3,3,一般挽留用户
U03285,泰国,自然搜索,382.0,1,111.04,1,3,3,一般挽留用户
U03909,越南,自然搜索,61.0,2,111.04,2,3,3,一般挽留用户
U07203,泰国,自然搜索,209.0,1,110.91,1,3,3,一般挽留用户
U06303,菲律宾,自然搜索,261.0,2,110.37,1,3,3,一般挽留用户
U00253,越南,社交媒体,583.0,2,110.31,1,3,3,一般挽留用户
U02509,菲律宾,付费广告,437.0,2,110.17,1,3,3,一般挽留用户
U05444,泰国,自然搜索,584.0,1,109.97,1,3,3,一般挽留用户
U05450,越南,KOL推荐,6.0,2,109.96,3,3,3,一般挽留用户
U02345,印尼,付费广告,616.0,2,109.9,1,3,3,一般挽留用户
U01141,越南,自然搜索,22.0,2,109.86,3,3,3,一般挽留用户
U00537,泰国,内容营销,314.0,1,109.75,1,3,3,一般挽留用户
U01026,菲律宾,社交媒体,485.0,2,109.28,1,3,3,一般挽留用户
U02450,越南,社交媒体,95.0,2,109.13,2,3,3,一般挽留用户
U02376,越南,自然搜索,124.0,2,109.1,2,3,3,一般挽留用户
U02007,菲律宾,社交媒体,611.0,2,109.09,1,3,3,一般挽留用户
U06094,泰国,社交媒体,467.0,1,108.91,1,3,3,一般挽留用户
U04481,印尼,内容营销,18.0,2,108.75,3,3,3,一般挽留用户
U07968,越南,付费广告,208.0,2,108.7,1,3,3,一般挽留用户
U01704,越南,付费广告,72.0,2,108.69,2,3,3,一般挽留用户
U04146,泰国,自然搜索,82.0,1,108.68,2,3,3,一般挽留用户
U05969,菲律宾,付费广告,7.0,2,108.6,3,3,3,一般挽留用户
U02035,越南,付费广告,365.0,2,108.55,1,3,3,一般挽留用户
U07899,菲律宾,自然搜索,464.0,2,108.45,1,3,3,一般挽留用户
U00195,越南,付费广告,326.0,2,108.34,1,3,3,一般挽留用户
U07523,印尼,KOL推荐,38.0,2,108.25,3,3,3,一般挽留用户
U01640,印尼,付费广告,7.0,2,108.22,3,3,3,一般挽留用户
U05181,菲律宾,自然搜索,261.0,2,108.1,1,3,3,一般挽留用户
U06470,印尼,内容营销,402.0,2,107.98,1,3,3,一般挽留用户
U03447,印尼,付费广告,3.0,2,107.8,3,3,3,一般挽留用户
U01468,菲律宾,付费广告,4.0,2,107.73,3,3,3,一般挽留用户
U03862,越南,KOL推荐,413.0,2,107.69,1,3,3,一般挽留用户
U04513,印尼,付费广告,9.0,2,107.69,3,3,3,一般挽留用户
U02721,菲律宾,自然搜索,300.0,2,107.68,1,3,3,一般挽留用户
U07713,越南,内容营销,380.0,2,107.43,1,3,3,一般挽留用户
U04983,菲律宾,内容营销,265.0,2,107.33,1,3,3,一般挽留用户
U06170,泰国,KOL推荐,621.0,1,107.15,1,3,3,一般挽留用户
U03828,菲律宾,自然搜索,150.0,2,107.07,2,3,3,一般挽留用户
U03591,泰国,内容营销,555.0,1,106.86,1,3,3,一般挽留用户
U03837,泰国,KOL推荐,223.0,1,106.85,1,3,3,一般挽留用户
U03674,印尼,自然搜索,168.0,2,106.81,2,3,3,一般挽留用户
U00648,菲律宾,社交媒体,25.0,2,106.42,3,3,3,一般挽留用户
U04529,泰国,自然搜索,127.0,1,106.18,2,3,3,一般挽留用户
U06797,越南,自然搜索,302.0,2,106.13,1,3,3,一般挽留用户
U02566,泰国,内容营销,223.0,1,106.07,1,3,3,一般挽留用户
U03636,马来西亚,社交媒体,527.0,1,106.06,1,3,3,一般挽留用户
U00753,越南,自然搜索,333.0,2,106.06,1,3,3,一般挽留用户
U05877,印尼,付费广告,328.0,2,105.91,1,3,3,一般挽留用户
U07986,菲律宾,内容营销,222.0,2,105.74,1,3,3,一般挽留用户
U07768,泰国,社交媒体,657.0,1,105.26,1,3,3,一般挽留用户
U04656,菲律宾,社交媒体,193.0,2,105.12,1,3,3,一般挽留用户
U00437,菲律宾,自然搜索,112.0,2,105.12,2,3,3,一般挽留用户
U06284,泰国,付费广告,420.0,1,104.91,1,3,3,一般挽留用户
U05322,越南,社交媒体,51.0,2,104.85,2,3,3,一般挽留用户
U03449,泰国,内容营销,665.0,1,104.64,1,3,3,一般挽留用户
U02928,菲律宾,社交媒体,239.0,2,104.3,1,3,3,一般挽留用户
U07975,泰国,内容营销,252.0,1,103.85,1,3,3,一般挽留用户
U00671,菲律宾,自然搜索,219.0,2,103.8,1,3,3,一般挽留用户
U00965,越南,社交媒体,74.0,2,103.79,2,3,3,一般挽留用户
U06499,菲律宾,付费广告,666.0,2,103.35,1,3,3,一般挽留用户
U01910,越南,付费广告,144.0,2,103.21,2,3,3,一般挽留用户
U04372,泰国,付费广告,243.0,1,103.1,1,3,3,一般挽留用户
U06857,越南,社交媒体,142.0,2,102.88,2,3,3,一般挽留用户
U05502,泰国,自然搜索,157.0,1,102.73,2,3,3,一般挽留用户
U05679,泰国,付费广告,309.0,1,102.67,1,3,3,一般挽留用户
U03294,马来西亚,自然搜索,220.0,1,102.59,1,3,3,一般挽留用户
U00931,菲律宾,自然搜索,170.0,2,102.46,2,3,3,一般挽留用户
U01875,印尼,自然搜索,12.0,2,102.4,3,3,3,一般挽留用户
U00309,越南,付费广告,256.0,2,102.29,1,3,3,一般挽留用户
U07891,印尼,付费广告,106.0,2,102.21,2,3,3,一般挽留用户
U04407,泰国,自然搜索,36.0,1,102.16,3,3,3,一般挽留用户
U03063,印尼,KOL推荐,239.0,2,101.87,1,3,3,一般挽留用户
U01000,泰国,内容营销,336.0,1,101.83,1,3,3,一般挽留用户
U04819,泰国,付费广告,449.0,1,101.35,1,3,3,一般挽留用户
U01529,印尼,内容营销,302.0,2,101.16,1,3,3,一般挽留用户
U02102,泰国,内容营销,585.0,1,101.12,1,3,3,一般挽留用户
U00466,越南,付费广告,644.0,2,101.0,1,3,3,一般挽留用户
U05071,印尼,内容营销,375.0,2,100.97,1,3,3,一般挽留用户
U06592,越南,KOL推荐,357.0,2,100.86,1,3,3,一般挽留用户
U03361,越南,付费广告,322.0,2,100.85,1,3,3,一般挽留用户
U02796,泰国,付费广告,603.0,1,100.81,1,3,3,一般挽留用户
U05205,越南,内容营销,199.0,2,100.63,1,3,3,一般挽留用户
U07711,越南,内容营销,193.0,2,100.31,1,3,3,一般挽留用户
U06328,越南,付费广告,245.0,2,100.1,1,3,3,一般挽留用户
U02115,泰国,自然搜索,123.0,1,100.01,2,3,3,一般挽留用户
U04962,越南,KOL推荐,172.0,2,99.8,2,3,3,一般挽留用户
U00787,越南,社交媒体,194.0,2,99.67,1,3,3,一般挽留用户
U05564,马来西亚,付费广告,103.0,1,99.67,2,3,3,一般挽留用户
U07624,印尼,付费广告,398.0,2,99.66,1,3,3,一般挽留用户
U05561,马来西亚,付费广告,470.0,1,99.18,1,3,3,一般挽留用户
U04828,越南,付费广告,289.0,2,99.1,1,3,3,一般挽留用户
U00098,泰国,付费广告,203.0,1,99.06,1,3,3,一般挽留用户
U00131,泰国,社交媒体,41.0,1,99.0,3,3,3,一般挽留用户
U05057,越南,自然搜索,29.0,2,98.87,3,3,3,一般挽留用户
U04719,马来西亚,自然搜索,443.0,1,98.68,1,3,3,一般挽留用户
U07240,菲律宾,内容营销,573.0,2,98.67,1,3,3,一般挽留用户
U04594,越南,自然搜索,76.0,2,98.16,2,3,3,一般挽留用户
U02710,菲律宾,社交媒体,23.0,2,98.14,3,3,3,一般挽留用户
U03153,越南,付费广告,294.0,2,98.12,1,3,3,一般挽留用户
U05374,印尼,付费广告,114.0,2,98.1,2,3,3,一般挽留用户
U05962,越南,内容营销,365.0,2,98.04,1,3,3,一般挽留用户
U06786,马来西亚,社交媒体,490.0,1,97.89,1,3,3,一般挽留用户
U06970,泰国,内容营销,146.0,1,97.77,2,3,3,一般挽留用户
U02480,越南,付费广告,269.0,2,97.75,1,3,3,一般挽留用户
U06348,印尼,自然搜索,97.0,2,97.59,2,3,3,一般挽留用户
U02089,越南,自然搜索,184.0,2,97.35,1,3,3,一般挽留用户
U03293,印尼,社交媒体,55.0,2,97.27,2,3,3,一般挽留用户
U02591,菲律宾,社交媒体,269.0,2,97.18,1,3,3,一般挽留用户
U00746,越南,自然搜索,406.0,2,97.17,1,3,3,一般挽留用户
U02891,印尼,自然搜索,220.0,2,97.06,1,3,3,一般挽留用户
U04718,越南,社交媒体,622.0,2,96.72,1,3,3,一般挽留用户
U04312,泰国,付费广告,642.0,1,96.68,1,3,3,一般挽留用户
U06031,越南,KOL推荐,130.0,2,96.54,2,3,3,一般挽留用户
U05858,泰国,付费广告,709.0,1,96.53,1,3,3,一般挽留用户
U03420,菲律宾,社交媒体,64.0,2,96.47,2,3,3,一般挽留用户
U06821,印尼,自然搜索,12.0,2,96.47,3,3,3,一般挽留用户
U07460,印尼,自然搜索,140.0,2,95.97,2,3,3,一般挽留用户
U00076,菲律宾,社交媒体,8.0,2,95.73,3,3,3,一般挽留用户
U01307,菲律宾,社交媒体,66.0,2,95.69,2,3,3,一般挽留用户
U01563,越南,付费广告,19.0,2,95.56,3,3,3,一般挽留用户
U05895,泰国,社交媒体,15.0,1,95.42,3,3,3,一般挽留用户
U01675,越南,社交媒体,656.0,2,95.38,1,3,3,一般挽留用户
U06217,越南,自然搜索,328.0,2,95.12,1,3,3,一般挽留用户
U06691,泰国,自然搜索,240.0,1,95.06,1,3,3,一般挽留用户
U02060,泰国,付费广告,597.0,1,94.93,1,3,3,一般挽留用户
U04222,菲律宾,自然搜索,74.0,2,94.9,2,3,3,一般挽留用户
U05802,越南,内容营销,274.0,2,94.57,1,3,3,一般挽留用户
U05355,越南,社交媒体,57.0,2,94.22,2,3,3,一般挽留用户
U06188,泰国,付费广告,200.0,1,93.93,1,3,3,一般挽留用户
U03138,印尼,社交媒体,324.0,2,93.71,1,3,3,一般挽留用户
U07391,泰国,KOL推荐,68.0,1,93.71,2,3,3,一般挽留用户
U01889,马来西亚,付费广告,232.0,1,93.43,1,3,3,一般挽留用户
U07898,越南,自然搜索,78.0,2,93.34,2,3,3,一般挽留用户
U02506,菲律宾,付费广告,378.0,2,93.11,1,3,3,一般挽留用户
U02656,菲律宾,付费广告,105.0,2,93.07,2,3,3,一般挽留用户
U05667,菲律宾,付费广告,482.0,2,92.68,1,3,3,一般挽留用户
U07573,印尼,自然搜索,586.0,2,92.65,1,3,3,一般挽留用户
U02281,越南,付费广告,44.0,2,92.64,3,3,3,一般挽留用户
U01271,菲律宾,付费广告,649.0,2,92.07,1,3,3,一般挽留用户
U04062,菲律宾,社交媒体,14.0,2,91.94,3,3,3,一般挽留用户
U07820,越南,自然搜索,81.0,2,91.87,2,3,3,一般挽留用户
U02890,越南,内容营销,102.0,2,91.78,2,3,3,一般挽留用户
U06212,越南,付费广告,20.0,2,91.5,3,3,3,一般挽留用户
U04844,泰国,付费广告,29.0,1,91.22,3,3,3,一般挽留用户
U01208,越南,KOL推荐,202.0,2,90.96,1,3,3,一般挽留用户
U02366,泰国,KOL推荐,343.0,1,90.8,1,3,3,一般挽留用户
U00983,泰国,社交媒体,510.0,1,90.75,1,3,3,一般挽留用户
U04550,马来西亚,付费广告,148.0,1,90.3,2,3,3,一般挽留用户
U03530,越南,内容营销,621.0,2,90.27,1,3,3,一般挽留用户
U00560,印尼,自然搜索,524.0,1,89.87,1,3,3,一般挽留用户
U05775,越南,内容营销,76.0,2,89.8,2,3,3,一般挽留用户
U07779,印尼,内容营销,710.0,1,89.79,1,3,3,一般挽留用户
U07649,印尼,自然搜索,467.0,1,89.62,1,3,3,一般挽留用户
U07164,印尼,付费广告,306.0,1,89.27,1,3,3,一般挽留用户
U06622,印尼,付费广告,604.0,1,89.24,1,3,3,一般挽留用户
U04868,印尼,社交媒体,20.0,1,89.24,3,3,3,一般挽留用户
U05566,印尼,自然搜索,333.0,1,89.17,1,3,3,一般挽留用户
U06193,马来西亚,KOL推荐,422.0,1,88.96,1,3,3,一般挽留用户
U00177,越南,社交媒体,402.0,2,88.86,1,3,3,一般挽留用户
U04999,印尼,自然搜索,358.0,1,88.86,1,3,3,一般挽留用户
U07582,泰国,自然搜索,100.0,1,88.76,2,3,3,一般挽留用户
U05292,泰国,付费广告,428.0,1,88.64,1,3,3,一般挽留用户
U01983,印尼,内容营销,392.0,1,88.56,1,3,3,一般挽留用户
U05944,马来西亚,自然搜索,305.0,1,88.25,1,3,3,一般挽留用户
U02688,印尼,KOL推荐,303.0,1,88.0,1,3,3,一般挽留用户
U07575,泰国,社交媒体,222.0,1,87.68,1,3,3,一般挽留用户
U03462,印尼,社交媒体,110.0,1,87.48,2,3,3,一般挽留用户
U03949,泰国,社交媒体,670.0,1,87.41,1,3,3,一般挽留用户
U00559,印尼,KOL推荐,608.0,1,87.13,1,3,3,一般挽留用户
U03771,马来西亚,自然搜索,6.0,1,87.13,3,3,3,一般挽留用户
U03401,泰国,付费广告,615.0,1,87.11,1,3,3,一般挽留用户
U01023,马来西亚,付费广告,252.0,1,87.09,1,3,3,一般挽留用户
U02350,印尼,社交媒体,355.0,1,86.98,1,3,3,一般挽留用户
U05932,泰国,自然搜索,576.0,1,86.97,1,3,3,一般挽留用户
U07401,印尼,自然搜索,316.0,1,86.91,1,3,3,一般挽留用户
U07587,印尼,付费广告,254.0,1,86.78,1,3,3,一般挽留用户
U03562,泰国,内容营销,2.0,1,86.67,3,3,3,一般挽留用户
U03315,印尼,KOL推荐,606.0,1,86.66,1,3,3,一般挽留用户
U06449,印尼,内容营销,124.0,1,86.63,2,3,3,一般挽留用户
U03516,泰国,付费广告,388.0,1,86.51,1,3,3,一般挽留用户
U03584,越南,社交媒体,66.0,2,86.38,2,3,3,一般挽留用户
U02979,马来西亚,社交媒体,603.0,1,86.26,1,3,3,一般挽留用户
U00878,泰国,付费广告,248.0,1,86.16,1,3,3,一般挽留用户
U03160,越南,付费广告,161.0,2,86.07,2,3,3,一般挽留用户
U00898,泰国,自然搜索,208.0,1,85.95,1,3,3,一般挽留用户
U06104,泰国,KOL推荐,26.0,1,85.9,3,3,3,一般挽留用户
U05736,印尼,内容营销,473.0,1,85.75,1,3,3,一般挽留用户
U07511,马来西亚,KOL推荐,410.0,1,85.58,1,3,3,一般挽留用户
U00499,马来西亚,付费广告,161.0,1,85.47,2,3,3,一般挽留用户
U07109,越南,自然搜索,26.0,2,85.47,3,3,3,一般挽留用户
U01450,印尼,付费广告,436.0,1,85.36,1,3,3,一般挽留用户
U01075,越南,社交媒体,174.0,2,85.25,1,3,3,一般挽留用户
U03936,越南,KOL推荐,158.0,2,85.17,2,3,3,一般挽留用户
U02724,越南,社交媒体,507.0,2,85.1,1,3,3,一般挽留用户
U06226,泰国,付费广告,694.0,1,84.87,1,3,3,一般挽留用户
U00647,印尼,自然搜索,554.0,1,84.84,1,3,3,一般挽留用户
U06385,印尼,KOL推荐,668.0,1,84.72,1,3,3,一般挽留用户
U04854,印尼,付费广告,423.0,1,84.66,1,3,3,一般挽留用户
U04151,泰国,付费广告,309.0,1,84.61,1,3,3,一般挽留用户
U01432,印尼,社交媒体,564.0,1,84.59,1,3,3,一般挽留用户
U03038,泰国,内容营销,679.0,1,84.43,1,3,3,一般挽留用户
U01343,印尼,KOL推荐,102.0,1,84.21,2,3,3,一般挽留用户
U07625,印尼,付费广告,184.0,1,84.19,1,3,3,一般挽留用户
U06088,印尼,自然搜索,612.0,1,84.17,1,3,3,一般挽留用户
U04218,印尼,自然搜索,403.0,1,83.93,1,3,3,一般挽留用户
U07998,马来西亚,社交媒体,210.0,1,83.83,1,3,3,一般挽留用户
U06391,越南,KOL推荐,209.0,2,83.62,1,3,3,一般挽留用户
U02409,越南,自然搜索,87.0,2,83.62,2,3,3,一般挽留用户
U05119,越南,自然搜索,188.0,2,83.48,1,3,3,一般挽留用户
U03710,泰国,内容营销,674.0,1,83.31,1,3,3,一般挽留用户
U02466,越南,付费广告,321.0,2,83.22,1,3,3,一般挽留用户
U02214,印尼,内容营销,650.0,1,83.12,1,3,3,一般挽留用户
U00791,印尼,自然搜索,667.0,1,83.1,1,3,3,一般挽留用户
U05544,印尼,自然搜索,244.0,1,82.97,1,3,3,一般挽留用户
U02328,印尼,付费广告,246.0,1,82.9,1,3,3,一般挽留用户
U00087,印尼,社交媒体,8.0,1,82.89,3,3,3,一般挽留用户
U03616,印尼,付费广告,416.0,1,82.86,1,3,3,一般挽留用户
U05346,泰国,付费广告,547.0,1,82.67,1,3,3,一般挽留用户
U04889,印尼,KOL推荐,421.0,1,82.62,1,3,3,一般挽留用户
U03000,印尼,付费广告,1.0,1,82.52,3,3,3,一般挽留用户
U03064,印尼,自然搜索,111.0,1,82.37,2,3,3,一般挽留用户
U07993,越南,社交媒体,322.0,2,82.29,1,3,3,一般挽留用户
U05427,泰国,KOL推荐,577.0,1,82.13,1,3,3,一般挽留用户
U07384,印尼,内容营销,530.0,1,82.07,1,3,3,一般挽留用户
U05511,马来西亚,内容营销,713.0,1,81.61,1,3,3,一般挽留用户
U01012,马来西亚,自然搜索,8.0,1,81.5,3,3,3,一般挽留用户
U05417,越南,内容营销,6.0,2,81.34,3,3,3,一般挽留用户
U02714,泰国,内容营销,621.0,1,81.19,1,3,3,一般挽留用户
U03867,印尼,自然搜索,547.0,1,81.19,1,3,3,一般挽留用户
U00778,印尼,KOL推荐,657.0,1,80.8,1,3,3,一般挽留用户
U02584,印尼,付费广告,184.0,1,80.8,1,3,3,一般挽留用户
U02308,泰国,内容营销,273.0,1,80.78,1,3,3,一般挽留用户
U04909,印尼,内容营销,536.0,1,80.66,1,3,3,一般挽留用户
U03264,菲律宾,社交媒体,276.0,2,80.28,1,3,3,一般挽留用户
U07009,泰国,自然搜索,41.0,1,79.86,3,3,3,一般挽留用户
U07716,泰国,自然搜索,647.0,1,79.64,1,3,3,一般挽留用户
U03653,泰国,自然搜索,485.0,1,79.29,1,3,3,一般挽留用户
U05327,泰国,付费广告,92.0,1,79.2,2,3,3,一般挽留用户
U00150,马来西亚,付费广告,445.0,1,79.17,1,3,3,一般挽留用户
U01346,越南,KOL推荐,244.0,2,79.12,1,3,3,一般挽留用户
U02556,印尼,自然搜索,711.0,1,79.01,1,3,3,一般挽留用户
U01598,泰国,自然搜索,592.0,1,78.73,1,3,3,一般挽留用户
U03664,印尼,KOL推荐,348.0,1,78.59,1,3,3,一般挽留用户
U00137,印尼,内容营销,234.0,1,78.42,1,3,3,一般挽留用户
U02029,印尼,社交媒体,438.0,1,78.3,1,3,3,一般挽留用户
U07630,印尼,付费广告,325.0,1,78.3,1,3,3,一般挽留用户
U06498,泰国,付费广告,493.0,1,78.26,1,3,3,一般挽留用户
U05586,越南,内容营销,307.0,2,78.15,1,3,3,一般挽留用户
U02325,马来西亚,自然搜索,549.0,1,78.04,1,3,3,一般挽留用户
U02097,印尼,社交媒体,15.0,1,77.98,3,3,3,一般挽留用户
U07751,印尼,KOL推荐,359.0,1,77.96,1,3,3,一般挽留用户
U02052,泰国,内容营销,500.0,1,77.77,1,3,3,一般挽留用户
U05422,马来西亚,KOL推荐,23.0,1,77.73,3,3,3,一般挽留用户
U06711,泰国,自然搜索,420.0,1,77.7,1,3,3,一般挽留用户
U05963,菲律宾,自然搜索,551.0,1,77.42,1,3,3,一般挽留用户
U01216,泰国,付费广告,398.0,1,77.39,1,3,3,一般挽留用户
U01748,菲律宾,自然搜索,300.0,1,77.31,1,3,3,一般挽留用户
U06673,泰国,KOL推荐,711.0,1,77.23,1,3,3,一般挽留用户
U07544,泰国,社交媒体,540.0,1,77.09,1,3,3,一般挽留用户
U02646,马来西亚,内容营销,708.0,1,77.01,1,3,3,一般挽留用户
U04899,马来西亚,自然搜索,283.0,1,76.98,1,3,3,一般挽留用户
U00419,菲律宾,自然搜索,55.0,1,76.94,2,3,3,一般挽留用户
U05868,菲律宾,社交媒体,325.0,1,76.89,1,3,3,一般挽留用户
U00246,越南,自然搜索,77.0,2,76.79,2,3,3,一般挽留用户
U07522,印尼,付费广告,552.0,1,76.56,1,3,3,一般挽留用户
U06602,越南,自然搜索,463.0,2,76.55,1,3,3,一般挽留用户
U00320,印尼,自然搜索,416.0,1,76.21,1,3,3,一般挽留用户
U01608,泰国,自然搜索,29.0,1,76.01,3,3,3,一般挽留用户
U02742,泰国,自然搜索,535.0,1,75.91,1,3,3,一般挽留用户
U02916,印尼,自然搜索,646.0,1,75.62,1,3,3,一般挽留用户
U06126,印尼,社交媒体,705.0,1,75.5,1,3,3,一般挽留用户
U03650,菲律宾,付费广告,399.0,1,75.19,1,3,3,一般挽留用户
U02055,印尼,付费广告,407.0,1,75.07,1,3,3,一般挽留用户
U00183,菲律宾,内容营销,366.0,1,74.98,1,3,3,一般挽留用户
U02983,菲律宾,付费广告,68.0,1,74.98,2,3,3,一般挽留用户
U00923,菲律宾,KOL推荐,375.0,1,74.91,1,3,3,一般挽留用户
U06680,印尼,付费广告,440.0,1,74.77,1,3,3,一般挽留用户
U02215,越南,KOL推荐,27.0,2,74.72,3,3,3,一般挽留用户
U01987,印尼,付费广告,610.0,1,74.65,1,3,3,一般挽留用户
U02820,马来西亚,付费广告,403.0,1,74.61,1,3,3,一般挽留用户
U03738,菲律宾,社交媒体,94.0,1,74.11,2,3,3,一般挽留用户
U02047,印尼,自然搜索,75.0,1,73.79,2,3,3,一般挽留用户
U02245,印尼,内容营销,660.0,1,73.63,1,3,3,一般挽留用户
U02634,印尼,付费广告,329.0,1,73.58,1,3,3,一般挽留用户
U03810,印尼,内容营销,133.0,1,73.1,2,3,3,一般挽留用户
U01539,印尼,社交媒体,578.0,1,73.03,1,3,3,一般挽留用户
U02815,菲律宾,社交媒体,710.0,1,72.71,1,3,3,一般挽留用户
U02264,印尼,KOL推荐,419.0,1,72.5,1,3,3,一般挽留用户
U05573,印尼,付费广告,390.0,1,72.36,1,3,3,一般挽留用户
U00336,菲律宾,内容营销,249.0,1,72.32,1,3,3,一般挽留用户
U03170,印尼,KOL推荐,66.0,1,72.23,2,3,3,一般挽留用户
U05599,印尼,内容营销,221.0,1,72.14,1,3,3,一般挽留用户
U02244,菲律宾,付费广告,238.0,1,71.88,1,3,3,一般挽留用户
U01894,印尼,社交媒体,453.0,1,71.83,1,3,3,一般挽留用户
U07870,菲律宾,付费广告,275.0,1,71.77,1,3,3,一般挽留用户
U05891,印尼,KOL推荐,480.0,1,71.69,1,3,3,一般挽留用户
U05769,马来西亚,自然搜索,648.0,1,71.34,1,3,3,一般挽留用户
U05701,越南,社交媒体,355.0,1,71.29,1,3,3,一般挽留用户
U00426,越南,自然搜索,15.0,1,71.24,3,3,3,一般挽留用户
U00282,越南,内容营销,242.0,1,71.07,1,3,3,一般挽留用户
U06118,越南,内容营销,51.0,1,70.94,2,3,3,一般挽留用户
U03694,越南,付费广告,525.0,1,70.89,1,3,3,一般挽留用户
U07438,越南,社交媒体,32.0,1,70.8,3,3,3,一般挽留用户
U05300,菲律宾,付费广告,650.0,1,70.76,1,3,3,一般挽留用户
U07982,印尼,内容营销,275.0,1,70.7,1,3,3,一般挽留用户
U06791,越南,付费广告,488.0,1,70.64,1,3,3,一般挽留用户
U03508,菲律宾,付费广告,80.0,1,70.44,2,3,3,一般挽留用户
U04606,菲律宾,社交媒体,696.0,1,70.13,1,3,3,一般挽留用户
U02892,菲律宾,KOL推荐,138.0,1,70.09,2,3,3,一般挽留用户
U03722,马来西亚,付费广告,636.0,1,70.04,1,3,3,一般挽留用户
U07079,印尼,付费广告,191.0,1,69.98,1,3,3,一般挽留用户
U06664,菲律宾,自然搜索,446.0,1,69.94,1,3,3,一般挽留用户
U05957,越南,付费广告,90.0,1,69.81,2,3,3,一般挽留用户
U07501,菲律宾,社交媒体,303.0,1,69.79,1,3,3,一般挽留用户
U07961,越南,KOL推荐,328.0,1,69.66,1,3,3,一般挽留用户
U05456,越南,自然搜索,499.0,1,69.61,1,3,3,一般挽留用户
U03120,越南,社交媒体,466.0,1,69.5,1,3,3,一般挽留用户
U05786,越南,社交媒体,637.0,1,69.48,1,3,3,一般挽留用户
U03822,菲律宾,付费广告,178.0,1,69.44,1,3,3,一般挽留用户
U05698,马来西亚,自然搜索,124.0,1,69.43,2,3,3,一般挽留用户
U06907,菲律宾,付费广告,592.0,1,69.35,1,3,3,一般挽留用户
U05310,越南,付费广告,720.0,1,69.34,1,3,3,一般挽留用户
U07267,越南,社交媒体,550.0,1,69.26,1,3,3,一般挽留用户
U07356,马来西亚,社交媒体,191.0,1,69.24,1,3,3,一般挽留用户
U00892,菲律宾,内容营销,116.0,1,69.15,2,3,3,一般挽留用户
U07910,菲律宾,内容营销,113.0,1,68.66,2,3,3,一般挽留用户
U00807,马来西亚,KOL推荐,78.0,1,68.64,2,3,3,一般挽留用户
U01941,越南,自然搜索,434.0,1,68.47,1,3,3,一般挽留用户
U02826,印尼,自然搜索,586.0,1,68.45,1,3,3,一般挽留用户
U02434,马来西亚,内容营销,532.0,1,68.29,1,3,3,一般挽留用户
U00678,马来西亚,付费广告,162.0,1,68.29,2,3,3,一般挽留用户
U01551,印尼,内容营销,23.0,1,68.08,3,3,3,一般挽留用户
U06891,马来西亚,付费广告,308.0,1,68.07,1,3,3,一般挽留用户
U05650,印尼,付费广告,699.0,1,68.05,1,3,3,一般挽留用户
U02160,印尼,社交媒体,269.0,1,68.05,1,3,3,一般挽留用户
U05820,菲律宾,自然搜索,674.0,1,67.99,1,3,3,一般挽留用户
U03394,马来西亚,KOL推荐,673.0,1,67.93,1,3,3,一般挽留用户
U03781,越南,社交媒体,239.0,1,67.77,1,3,3,一般挽留用户
U06452,越南,付费广告,254.0,1,67.7,1,3,3,一般挽留用户
U03363,越南,付费广告,291.0,1,67.67,1,3,3,一般挽留用户
U07813,越南,社交媒体,89.0,1,67.65,2,3,3,一般挽留用户
U03188,菲律宾,付费广告,378.0,1,67.52,1,3,3,一般挽留用户
U07136,菲律宾,自然搜索,185.0,1,67.41,1,3,3,一般挽留用户
U05533,菲律宾,付费广告,3.0,1,67.38,3,3,3,一般挽留用户
U00955,越南,付费广告,127.0,1,67.29,2,3,3,一般挽留用户
U00198,菲律宾,社交媒体,99.0,1,67.25,2,3,3,一般挽留用户
U07217,印尼,自然搜索,503.0,1,66.68,1,3,3,一般挽留用户
U05631,印尼,自然搜索,324.0,1,66.55,1,3,3,一般挽留用户
U00954,越南,付费广告,319.0,1,66.55,1,3,3,一般挽留用户
U07082,越南,付费广告,242.0,1,66.46,1,3,3,一般挽留用户
U03496,菲律宾,自然搜索,79.0,1,66.39,2,3,3,一般挽留用户
U06743,菲律宾,付费广告,668.0,1,66.21,1,3,3,一般挽留用户
U04561,越南,自然搜索,150.0,1,66.19,2,3,3,一般挽留用户
U07219,马来西亚,付费广告,515.0,1,66.09,1,3,3,一般挽留用户
U00482,越南,内容营销,687.0,1,66.01,1,3,3,一般挽留用户
U02187,菲律宾,内容营销,561.0,1,65.81,1,3,3,一般挽留用户
U00500,印尼,付费广告,672.0,1,65.76,1,3,3,一般挽留用户
U01040,印尼,自然搜索,387.0,1,65.75,1,3,3,一般挽留用户
U01250,菲律宾,自然搜索,65.0,1,65.29,2,3,3,一般挽留用户
U05231,越南,付费广告,601.0,1,65.28,1,3,3,一般挽留用户
U04714,印尼,自然搜索,429.0,1,65.04,1,3,3,一般挽留用户
U03932,印尼,自然搜索,26.0,1,64.96,3,3,3,一般挽留用户
U03618,菲律宾,内容营销,642.0,1,64.94,1,3,3,一般挽留用户
U04237,菲律宾,内容营销,27.0,1,64.9,3,3,3,一般挽留用户
U05268,菲律宾,内容营销,165.0,1,64.86,2,3,3,一般挽留用户
U07553,越南,自然搜索,647.0,1,64.7,1,3,3,一般挽留用户
U04963,印尼,自然搜索,233.0,1,64.62,1,3,3,一般挽留用户
U01341,越南,付费广告,651.0,1,64.39,1,3,3,一般挽留用户
U07137,印尼,付费广告,60.0,1,63.88,2,3,3,一般挽留用户
U04740,印尼,社交媒体,306.0,1,63.84,1,3,3,一般挽留用户
U06730,越南,内容营销,95.0,1,63.81,2,3,3,一般挽留用户
U07246,印尼,KOL推荐,602.0,1,63.63,1,3,3,一般挽留用户
U06157,印尼,社交媒体,21.0,1,63.48,3,3,3,一般挽留用户
U02031,印尼,内容营销,309.0,1,63.14,1,3,3,一般挽留用户
U04255,印尼,社交媒体,544.0,1,63.07,1,3,3,一般挽留用户
U07846,菲律宾,社交媒体,403.0,1,63.0,1,3,3,一般挽留用户
U05623,菲律宾,社交媒体,287.0,1,62.9,1,3,3,一般挽留用户
U05257,印尼,付费广告,235.0,1,62.88,1,3,3,一般挽留用户
U06836,越南,付费广告,639.0,1,62.81,1,3,3,一般挽留用户
U04864,越南,付费广告,80.0,1,62.62,2,3,3,一般挽留用户
U03974,越南,自然搜索,702.0,1,62.27,1,3,3,一般挽留用户
U07819,印尼,自然搜索,52.0,1,62.03,2,3,3,一般挽留用户
U03383,越南,社交媒体,421.0,1,61.93,1,3,3,一般挽留用户
U01268,印尼,自然搜索,341.0,1,61.88,1,3,3,一般挽留用户
U05248,越南,社交媒体,88.0,1,61.81,2,3,3,一般挽留用户
U04616,菲律宾,自然搜索,576.0,1,61.8,1,3,3,一般挽留用户
U06926,越南,内容营销,613.0,1,61.6,1,3,3,一般挽留用户
U05934,越南,社交媒体,694.0,1,61.45,1,3,3,一般挽留用户
U05075,印尼,社交媒体,338.0,1,61.45,1,3,3,一般挽留用户
U04226,越南,付费广告,251.0,1,61.44,1,3,3,一般挽留用户
U07683,印尼,KOL推荐,193.0,1,61.32,1,3,3,一般挽留用户
U05294,菲律宾,付费广告,39.0,1,61.28,3,3,3,一般挽留用户
U00159,印尼,KOL推荐,71.0,1,61.21,2,3,3,一般挽留用户
U02449,越南,内容营销,81.0,1,61.18,2,3,3,一般挽留用户
U07488,印尼,付费广告,156.0,1,61.03,2,3,3,一般挽留用户
U04821,越南,社交媒体,440.0,1,60.9,1,3,3,一般挽留用户
U00646,印尼,付费广告,314.0,1,60.78,1,3,3,一般挽留用户
U01661,印尼,付费广告,545.0,1,60.61,1,3,3,一般挽留用户
U03136,印尼,付费广告,54.0,1,60.56,2,3,3,一般挽留用户
U07389,越南,内容营销,374.0,1,60.38,1,3,3,一般挽留用户
U04292,印尼,内容营销,351.0,1,60.36,1,3,3,一般挽留用户
U02256,印尼,社交媒体,675.0,1,60.26,1,3,3,一般挽留用户
U00554,菲律宾,付费广告,37.0,1,60.23,3,3,3,一般挽留用户
U01311,菲律宾,付费广告,113.0,1,60.07,2,3,3,一般挽留用户
U04137,越南,社交媒体,683.0,1,59.97,1,3,3,一般挽留用户
U07298,越南,社交媒体,432.0,1,59.79,1,3,3,一般挽留用户
U00269,越南,社交媒体,465.0,1,59.62,1,3,3,一般挽留用户
U06332,印尼,自然搜索,233.0,1,59.59,1,3,3,一般挽留用户
U02679,印尼,付费广告,44.0,1,59.58,3,3,3,一般挽留用户
U01923,越南,社交媒体,151.0,1,59.57,2,3,3,一般挽留用户
U06156,印尼,内容营销,628.0,1,59.56,1,3,3,一般挽留用户
U02897,越南,自然搜索,103.0,1,59.5,2,3,3,一般挽留用户
U04367,越南,付费广告,205.0,1,59.49,1,3,3,一般挽留用户
U04605,菲律宾,付费广告,254.0,1,59.45,1,3,3,一般挽留用户
U07688,越南,自然搜索,499.0,1,59.36,1,3,3,一般挽留用户
U04230,印尼,社交媒体,689.0,1,59.1,1,3,3,一般挽留用户
U01211,越南,内容营销,285.0,1,59.04,1,3,3,一般挽留用户
U03248,菲律宾,付费广告,414.0,1,58.89,1,3,3,一般挽留用户
U01433,印尼,付费广告,83.0,1,58.77,2,3,3,一般挽留用户
U07015,菲律宾,KOL推荐,48.0,1,58.45,3,3,3,一般挽留用户
U01932,印尼,自然搜索,562.0,1,58.38,1,3,3,一般挽留用户
U00758,菲律宾,自然搜索,470.0,1,58.21,1,3,3,一般挽留用户
U06093,印尼,内容营销,436.0,1,57.99,1,3,3,一般挽留用户
U04670,越南,自然搜索,419.0,1,57.96,1,3,3,一般挽留用户
U01908,越南,自然搜索,18.0,1,57.83,3,3,3,一般挽留用户
U07755,印尼,KOL推荐,273.0,1,57.59,1,3,3,一般挽留用户
U05311,印尼,付费广告,582.0,1,57.57,1,3,3,一般挽留用户
U06787,菲律宾,付费广告,144.0,1,57.56,2,3,3,一般挽留用户
U03168,菲律宾,付费广告,119.0,1,57.48,2,3,3,一般挽留用户
U07888,越南,付费广告,249.0,1,57.4,1,3,3,一般挽留用户
U06366,越南,内容营销,522.0,1,57.39,1,3,3,一般挽留用户
U01672,菲律宾,付费广告,551.0,1,57.3,1,3,3,一般挽留用户
U06722,菲律宾,付费广告,531.0,1,57.09,1,3,3,一般挽留用户
U01735,菲律宾,社交媒体,250.0,1,57.04,1,3,3,一般挽留用户
U06044,印尼,自然搜索,497.0,1,57.03,1,3,3,一般挽留用户
U07753,越南,付费广告,55.0,1,56.91,2,3,3,一般挽留用户
U00115,菲律宾,付费广告,526.0,1,56.86,1,3,3,一般挽留用户
U02675,越南,KOL推荐,526.0,1,56.84,1,3,3,一般挽留用户
U04692,越南,付费广告,477.0,1,56.8,1,3,3,一般挽留用户
U06185,菲律宾,付费广告,190.0,1,56.79,1,3,3,一般挽留用户
U03203,菲律宾,KOL推荐,599.0,1,56.72,1,3,3,一般挽留用户
U02840,越南,内容营销,96.0,1,56.56,2,3,3,一般挽留用户
U00566,越南,内容营销,15.0,1,56.55,3,3,3,一般挽留用户
U04878,越南,付费广告,269.0,1,56.51,1,3,3,一般挽留用户
U03764,印尼,付费广告,670.0,1,56.41,1,3,3,一般挽留用户
U05232,印尼,KOL推荐,122.0,1,56.24,2,3,3,一般挽留用户
U04362,菲律宾,社交媒体,526.0,1,56.09,1,3,3,一般挽留用户
U03898,印尼,社交媒体,595.0,1,56.05,1,3,3,一般挽留用户
U06492,越南,自然搜索,452.0,1,55.9,1,3,3,一般挽留用户
U00114,印尼,付费广告,30.0,1,55.75,3,3,3,一般挽留用户
U00012,菲律宾,社交媒体,140.0,1,55.6,2,3,3,一般挽留用户
U07303,菲律宾,付费广告,362.0,1,55.13,1,3,3,一般挽留用户
U06999,印尼,付费广告,130.0,1,55.08,2,3,3,一般挽留用户
U00133,越南,付费广告,34.0,1,55.01,3,3,3,一般挽留用户
U01683,菲律宾,KOL推荐,640.0,1,54.89,1,3,3,一般挽留用户
U03413,越南,自然搜索,161.0,1,54.89,2,3,3,一般挽留用户
U07955,印尼,KOL推荐,395.0,1,54.84,1,3,3,一般挽留用户
U06693,菲律宾,社交媒体,228.0,1,54.82,1,3,3,一般挽留用户
U02335,越南,KOL推荐,187.0,1,54.75,1,3,3,一般挽留用户
U02500,菲律宾,自然搜索,496.0,1,54.67,1,3,3,一般挽留用户
U03190,越南,社交媒体,132.0,1,54.66,2,3,3,一般挽留用户
U00073,菲律宾,社交媒体,376.0,1,54.62,1,3,3,一般挽留用户
U01832,印尼,自然搜索,21.0,1,54.58,3,3,3,一般挽留用户
U03403,越南,付费广告,414.0,1,54.55,1,3,3,一般挽留用户
U07748,越南,自然搜索,305.0,1,54.55,1,3,3,一般挽留用户
U05031,印尼,付费广告,728.0,1,54.54,1,3,3,一般挽留用户
U07464,越南,KOL推荐,47.0,1,54.31,3,3,3,一般挽留用户
U07422,越南,自然搜索,422.0,1,54.15,1,3,3,一般挽留用户
U03025,越南,社交媒体,487.0,1,54.12,1,3,3,一般挽留用户
U04432,印尼,内容营销,565.0,1,54.07,1,3,3,一般挽留用户
U03742,菲律宾,付费广告,576.0,1,53.93,1,3,3,一般挽留用户
U03617,菲律宾,自然搜索,614.0,1,53.9,1,3,3,一般挽留用户
U04839,越南,付费广告,518.0,1,53.74,1,3,3,一般挽留用户
U01594,印尼,付费广告,325.0,1,53.64,1,3,3,一般挽留用户
U00474,印尼,内容营销,329.0,1,53.62,1,3,3,一般挽留用户
U02522,越南,内容营销,432.0,1,53.61,1,3,3,一般挽留用户
U06936,越南,KOL推荐,305.0,1,53.53,1,3,3,一般挽留用户
U04604,菲律宾,KOL推荐,701.0,1,53.49,1,3,3,一般挽留用户
U06368,印尼,内容营销,40.0,1,53.39,3,3,3,一般挽留用户
U03169,越南,自然搜索,587.0,1,53.35,1,3,3,一般挽留用户
U01062,菲律宾,KOL推荐,480.0,1,53.33,1,3,3,一般挽留用户
U02757,菲律宾,KOL推荐,192.0,1,53.14,1,3,3,一般挽留用户
U01631,越南,社交媒体,443.0,1,53.06,1,3,3,一般挽留用户
U04575,越南,付费广告,266.0,1,53.02,1,3,3,一般挽留用户
U02330,越南,社交媒体,653.0,1,52.82,1,3,3,一般挽留用户
U01155,菲律宾,自然搜索,379.0,1,52.8,1,3,3,一般挽留用户
U06657,越南,社交媒体,671.0,1,52.53,1,3,3,一般挽留用户
U03071,印尼,内容营销,433.0,1,52.52,1,3,3,一般挽留用户
U05100,越南,自然搜索,306.0,1,52.35,1,3,3,一般挽留用户
U01656,印尼,内容营销,332.0,1,52.25,1,3,3,一般挽留用户
U04720,越南,社交媒体,102.0,1,52.14,2,3,3,一般挽留用户
U07290,印尼,付费广告,352.0,1,51.76,1,3,3,一般挽留用户
U07189,印尼,社交媒体,655.0,1,51.75,1,3,3,一般挽留用户
U01653,越南,自然搜索,322.0,1,51.73,1,3,3,一般挽留用户
U02458,印尼,自然搜索,426.0,1,51.63,1,3,3,一般挽留用户
U05123,印尼,社交媒体,364.0,1,51.55,1,3,3,一般挽留用户
U06617,越南,付费广告,279.0,1,51.39,1,3,3,一般挽留用户
U07602,印尼,社交媒体,60.0,1,51.32,2,3,3,一般挽留用户
U07412,越南,内容营销,574.0,1,51.07,1,3,3,一般挽留用户
U04748,越南,自然搜索,567.0,1,50.96,1,3,3,一般挽留用户
U03374,菲律宾,内容营销,324.0,1,50.91,1,3,3,一般挽留用户
U00103,印尼,自然搜索,628.0,1,50.84,1,3,3,一般挽留用户
U05606,菲律宾,付费广告,556.0,1,50.72,1,3,3,一般挽留用户
U05321,越南,付费广告,196.0,1,50.57,1,3,3,一般挽留用户
U04728,印尼,社交媒体,630.0,1,50.36,1,3,3,一般挽留用户
U07463,越南,付费广告,582.0,1,50.33,1,3,3,一般挽留用户
U02488,印尼,社交媒体,366.0,1,50.15,1,3,3,一般挽留用户
U07497,菲律宾,自然搜索,699.0,1,50.03,1,3,3,一般挽留用户
U01942,菲律宾,自然搜索,246.0,1,50.01,1,3,3,一般挽留用户
U04298,越南,自然搜索,29.0,1,49.91,3,3,3,一般挽留用户
U01134,印尼,KOL推荐,374.0,1,49.89,1,3,3,一般挽留用户
U03752,越南,社交媒体,211.0,1,49.82,1,3,3,一般挽留用户
U05086,菲律宾,付费广告,313.0,1,49.76,1,3,3,一般挽留用户
U01396,越南,自然搜索,66.0,1,49.65,2,3,3,一般挽留用户
U01855,越南,付费广告,10.0,1,49.58,3,3,3,一般挽留用户
U03665,越南,付费广告,57.0,1,49.53,2,3,3,一般挽留用户
U00713,越南,付费广告,243.0,1,49.39,1,3,3,一般挽留用户
U00214,印尼,付费广告,242.0,1,49.34,1,3,3,一般挽留用户
U00402,印尼,社交媒体,29.0,1,49.33,3,3,3,一般挽留用户
U02044,菲律宾,KOL推荐,122.0,1,49.31,2,3,3,一般挽留用户
U07662,菲律宾,付费广告,187.0,1,49.23,1,3,3,一般挽留用户
U02291,越南,自然搜索,502.0,1,49.2,1,3,3,一般挽留用户
U00000,越南,社交媒体,375.0,1,49.19,1,3,3,一般挽留用户
U07474,越南,付费广告,581.0,1,48.87,1,3,3,一般挽留用户
U01989,印尼,KOL推荐,231.0,1,48.85,1,3,3,一般挽留用户
U03331,印尼,自然搜索,214.0,1,48.7,1,3,3,一般挽留用户
U03277,印尼,社交媒体,191.0,1,48.36,1,3,3,一般挽留用户
U04887,印尼,付费广告,87.0,1,48.3,2,3,3,一般挽留用户
U03034,越南,KOL推荐,68.0,1,48.28,2,3,3,一般挽留用户
U01050,菲律宾,KOL推荐,117.0,1,48.26,2,3,3,一般挽留用户
U04901,印尼,付费广告,691.0,1,48.04,1,3,3,一般挽留用户
U06213,越南,内容营销,457.0,1,48.04,1,3,3,一般挽留用户
U06530,印尼,付费广告,658.0,1,47.73,1,3,3,一般挽留用户
U03587,菲律宾,自然搜索,690.0,1,47.65,1,3,3,一般挽留用户
U00036,越南,付费广告,328.0,1,47.58,1,3,3,一般挽留用户
U07484,越南,社交媒体,354.0,1,47.57,1,3,3,一般挽留用户
U04931,越南,KOL推荐,549.0,1,47.56,1,3,3,一般挽留用户
U01174,印尼,付费广告,459.0,1,47.48,1,3,3,一般挽留用户
U06682,菲律宾,社交媒体,305.0,1,47.47,1,3,3,一般挽留用户
U00080,菲律宾,付费广告,269.0,1,47.2,1,3,3,一般挽留用户
U05576,印尼,付费广告,222.0,1,47.01,1,3,3,一般挽留用户
U01660,印尼,社交媒体,182.0,1,46.92,1,3,3,一般挽留用户
U02048,印尼,KOL推荐,719.0,1,46.7,1,3,3,一般挽留用户
U04285,印尼,KOL推荐,206.0,1,46.66,1,3,3,一般挽留用户
U07307,越南,内容营销,28.0,1,46.34,3,3,3,一般挽留用户
U00280,菲律宾,付费广告,199.0,1,46.23,1,3,3,一般挽留用户
U02065,菲律宾,社交媒体,607.0,1,46.06,1,3,3,一般挽留用户
U00926,越南,社交媒体,284.0,1,46.02,1,3,3,一般挽留用户
U07258,印尼,KOL推荐,704.0,1,45.88,1,3,3,一般挽留用户
U01143,印尼,付费广告,570.0,1,45.84,1,3,3,一般挽留用户
U04313,菲律宾,付费广告,55.0,1,45.76,2,3,3,一般挽留用户
U02627,印尼,付费广告,463.0,1,45.68,1,3,3,一般挽留用户
U02255,印尼,自然搜索,415.0,1,45.56,1,3,3,一般挽留用户
U06427,菲律宾,自然搜索,120.0,1,45.55,2,3,3,一般挽留用户
U03826,越南,付费广告,136.0,1,45.52,2,3,3,一般挽留用户
U02824,越南,社交媒体,21.0,1,45.49,3,3,3,一般挽留用户
U02343,越南,社交媒体,294.0,1,45.27,1,3,3,一般挽留用户
U02800,菲律宾,付费广告,696.0,1,45.08,1,3,3,一般挽留用户
U00272,菲律宾,自然搜索,102.0,1,44.94,2,3,3,一般挽留用户
U03816,越南,社交媒体,289.0,1,44.91,1,3,3,一般挽留用户
U06578,越南,自然搜索,515.0,1,44.78,1,3,3,一般挽留用户
U07094,越南,社交媒体,682.0,1,44.69,1,3,3,一般挽留用户
U06813,菲律宾,自然搜索,440.0,1,43.9,1,3,3,一般挽留用户
U03642,越南,付费广告,24.0,1,43.9,3,3,3,一般挽留用户
U05290,越南,付费广告,614.0,1,43.85,1,3,3,一般挽留用户
U02655,越南,内容营销,544.0,1,43.58,1,3,3,一般挽留用户
U00281,越南,内容营销,449.0,1,43.48,1,3,3,一般挽留用户
U07641,越南,付费广告,206.0,1,43.41,1,3,3,一般挽留用户
U00392,越南,内容营销,473.0,1,43.26,1,3,3,一般挽留用户
U05415,越南,付费广告,489.0,1,43.19,1,3,3,一般挽留用户
U07718,越南,付费广告,180.0,1,43.06,1,3,3,一般挽留用户
U00143,越南,付费广告,432.0,1,42.75,1,3,3,一般挽留用户
U01692,越南,付费广告,146.0,1,42.28,2,3,3,一般挽留用户
U02715,越南,自然搜索,315.0,1,42.17,1,3,3,一般挽留用户
U02642,菲律宾,付费广告,570.0,1,42.03,1,3,3,一般挽留用户
U03021,越南,自然搜索,477.0,1,42.03,1,3,3,一般挽留用户
U03450,越南,自然搜索,579.0,1,41.76,1,3,3,一般挽留用户
U01853,菲律宾,社交媒体,19.0,1,41.75,3,3,3,一般挽留用户
U07821,越南,内容营销,109.0,1,41.67,2,3,3,一般挽留用户
U00534,菲律宾,付费广告,308.0,1,41.48,1,3,3,一般挽留用户
U01169,越南,付费广告,131.0,1,41.34,2,3,3,一般挽留用户
U03015,越南,内容营销,402.0,1,41.17,1,3,3,一般挽留用户
U03574,菲律宾,KOL推荐,672.0,1,41.08,1,3,3,一般挽留用户
U00184,越南,付费广告,660.0,1,40.7,1,3,3,一般挽留用户
U04750,越南,自然搜索,555.0,1,40.66,1,3,3,一般挽留用户
U03319,菲律宾,内容营销,353.0,1,40.58,1,3,3,一般挽留用户
U07035,菲律宾,KOL推荐,583.0,1,40.49,1,3,3,一般挽留用户
U00826,越南,社交媒体,553.0,1,40.48,1,3,3,一般挽留用户
U07155,菲律宾,社交媒体,638.0,1,40.3,1,3,3,一般挽留用户
U00452,越南,社交媒体,707.0,1,40.29,1,3,3,一般挽留用户
U07244,越南,自然搜索,433.0,1,40.04,1,3,3,一般挽留用户
U01376,越南,社交媒体,188.0,1,39.7,1,3,3,一般挽留用户
U01819,越南,付费广告,12.0,1,39.52,3,3,3,一般挽留用户
U01117,菲律宾,内容营销,44.0,1,39.33,3,3,3,一般挽留用户
U01728,菲律宾,自然搜索,139.0,1,39.22,2,3,3,一般挽留用户
U00362,越南,自然搜索,72.0,1,38.87,2,3,3,一般挽留用户
U03575,越南,自然搜索,95.0,1,37.95,2,3,3,一般挽留用户
U07816,越南,社交媒体,306.0,1,37.77,1,3,3,一般挽留用户
U00307,越南,付费广告,415.0,1,37.56,1,3,3,一般挽留用户
U03560,越南,付费广告,447.0,1,37.17,1,3,3,一般挽留用户
U02523,越南,付费广告,15.0,1,36.98,3,3,3,一般挽留用户
U03536,越南,内容营销,509.0,1,36.58,1,3,3,一般挽留用户
U07270,越南,自然搜索,634.0,1,36.45,1,3,3,一般挽留用户
U06310,越南,自然搜索,291.0,1,36.34,1,3,3,一般挽留用户
U00002,印尼,自然搜索,,0,,3,1,1,一般挽留用户
U00007,菲律宾,付费广告,,0,,3,1,1,一般挽留用户
U00008,印尼,社交媒体,,0,,3,1,1,一般挽留用户
U00015,泰国,KOL推荐,,0,,3,1,1,一般挽留用户
U00017,印尼,社交媒体,,0,,3,1,1,一般挽留用户
U00019,越南,内容营销,,0,,3,1,1,一般挽留用户
U00030,印尼,付费广告,,0,,3,1,1,一般挽留用户
U00032,泰国,自然搜索,,0,,3,1,1,一般挽留用户
U00034,马来西亚,KOL推荐,,0,,3,1,1,一般挽留用户
U00038,印尼,付费广告,,0,,3,1,1,一般挽留用户
U00039,越南,内容营销,,0,,3,1,1,一般挽留用户
U00040,泰国,内容营销,,0,,3,1,1,一般挽留用户
U00041,印尼,付费广告,,0,,3,1,1,一般挽留用户
U00042,泰国,自然搜索,,0,,3,1,1,一般挽留用户
U00044,越南,付费广告,,0,,3,1,1,一般挽留用户
U00046,越南,社交媒体,,0,,3,1,1,一般挽留用户
U00051,菲律宾,自然搜索,,0,,3,1,1,一般挽留用户
U00053,菲律宾,社交媒体,,0,,3,1,1,一般挽留用户
U00055,马来西亚,付费广告,,0,,3,1,1,一般挽留用户
U00056,泰国,付费广告,,0,,3,1,1,一般挽留用户
U00058,泰国,付费广告,,0,,3,1,1,一般挽留用户
U00062,菲律宾,内容营销,,0,,3,1,1,一般挽留用户
U00067,菲律宾,付费广告,,0,,3,1,1,一般挽留用户
U00072,泰国,社交媒体,,0,,3,1,1,一般挽留用户
U00074,印尼,KOL推荐,,0,,3,1,1,一般挽留用户
U00077,泰国,社交媒体,,0,,3,1,1,一般挽留用户
U00078,越南,付费广告,,0,,3,1,1,一般挽留用户
U00079,泰国,付费广告,,0,,3,1,1,一般挽留用户
U00082,越南,自然搜索,,0,,3,1,1,一般挽留用户
U00088,菲律宾,自然搜索,,0,,3,1,1,一般挽留用户
U00090,泰国,内容营销,,0,,3,1,1,一般挽留用户
U00096,印尼,自然搜索,,0,,3,1,1,一般挽留用户
U00097,越南,自然搜索,,0,,3,1,1,一般挽留用户
U00102,越南,付费广告,,0,,3,1,1,一般挽留用户
U00105,泰国,社交媒体,,0,,3,1,1,一般挽留用户
U00110,越南,付费广告,,0,,3,1,1,一般挽留用户
U00116,菲律宾,社交媒体,,0,,3,1,1,一般挽留用户
U00118,菲律宾,自然搜索,,0,,3,1,1,一般挽留用户
U00121,菲律宾,社交媒体,,0,,3,1,1,一般挽留用户
U00122,越南,自然搜索,,0,,3,1,1,一般挽留用户
U00128,泰国,内容营销,,0,,3,1,1,一般挽留用户
U00134,马来西亚,社交媒体,,0,,3,1,1,一般挽留用户
U00136,印尼,付费广告,,0,,3,1,1,一般挽留用户
U00138,越南,付费广告,,0,,3,1,1,一般挽留用户
U00139,马来西亚,付费广告,,0,,3,1,1,一般挽留用户
U00142,印尼,社交媒体,,0,,3,1,1,一般挽留用户
U00146,印尼,付费广告,,0,,3,1,1,一般挽留用户
U00149,越南,付费广告,,0,,3,1,1,一般挽留用户
U00151,泰国,KOL推荐,,0,,3,1,1,一般挽留用户
U00152,泰国,自然搜索,,0,,3,1,1,一般挽留用户
U00154,马来西亚,KOL推荐,,0,,3,1,1,一般挽留用户
U00156,印尼,社交媒体,,0,,3,1,1,一般挽留用户
U00157,菲律宾,付费广告,,0,,3,1,1,一般挽留用户
U00160,越南,内容营销,,0,,3,1,1,一般挽留用户
U00162,印尼,付费广告,,0,,3,1,1,一般挽留用户
U00164,泰国,付费广告,,0,,3,1,1,一般挽留用户
U00166,越南,自然搜索,,0,,3,1,1,一般挽留用户
U00169,印尼,自然搜索,,0,,3,1,1,一般挽留用户
U00171,泰国,KOL推荐,,0,,3,1,1,一般挽留用户
U00172,印尼,付费广告,,0,,3,1,1,一般挽留用户
U00173,泰国,付费广告,,0,,4,1,1,一般发展用户
U00179,泰国,自然搜索,,0,,4,1,1,一般发展用户
U00180,越南,自然搜索,,0,,4,1,1,一般发展用户
U00182,马来西亚,自然搜索,,0,,4,1,1,一般发展用户
U00187,印尼,内容营销,,0,,4,1,1,一般发展用户
U00188,印尼,付费广告,,0,,4,1,1,一般发展用户
U00190,泰国,内容营销,,0,,4,1,1,一般发展用户
U00192,马来西亚,付费广告,,0,,4,1,1,一般发展用户
U00193,印尼,自然搜索,,0,,4,1,1,一般发展用户
U00194,越南,付费广告,,0,,4,1,1,一般发展用户
U00201,泰国,付费广告,,0,,4,1,1,一般发展用户
U00203,菲律宾,付费广告,,0,,4,1,1,一般发展用户
U00205,泰国,付费广告,,0,,4,1,1,一般发展用户
U00206,泰国,自然搜索,,0,,4,1,1,一般发展用户
U00208,泰国,付费广告,,0,,4,1,1,一般发展用户
U00209,泰国,自然搜索,,0,,4,1,1,一般发展用户
U00211,印尼,KOL推荐,,0,,4,1,1,一般发展用户
U00217,印尼,付费广告,,0,,4,1,1,一般发展用户
U00218,印尼,付费广告,,0,,4,1,1,一般发展用户
U00219,菲律宾,社交媒体,,0,,4,1,1,一般发展用户
U00221,印尼,自然搜索,,0,,4,1,1,一般发展用户
U00223,越南,内容营销,,0,,4,1,1,一般发展用户
U00225,泰国,社交媒体,,0,,4,1,1,一般发展用户
U00226,马来西亚,付费广告,,0,,4,1,1,一般发展用户
U00227,越南,自然搜索,,0,,4,1,1,一般发展用户
U00228,菲律宾,社交媒体,,0,,4,1,1,一般发展用户
U00229,印尼,付费广告,,0,,4,1,1,一般发展用户
U00230,菲律宾,自然搜索,,0,,4,1,1,一般发展用户
U00231,印尼,付费广告,,0,,4,1,1,一般发展用户
U00232,印尼,KOL推荐,,0,,4,1,1,一般发展用户
U00234,泰国,自然搜索,,0,,4,1,1,一般发展用户
U00236,越南,社交媒体,,0,,4,1,1,一般发展用户
U00238,印尼,社交媒体,,0,,4,1,1,一般发展用户
U00241,马来西亚,社交媒体,,0,,4,1,1,一般发展用户
U00244,泰国,付费广告,,0,,4,1,1,一般发展用户
U00247,马来西亚,社交媒体,,0,,4,1,1,一般发展用户
U00248,马来西亚,内容营销,,0,,4,1,1,一般发展用户
U00256,马来西亚,付费广告,,0,,4,1,1,一般发展用户
U00259,泰国,KOL推荐,,0,,4,1,1,一般发展用户
U00261,马来西亚,自然搜索,,0,,4,1,1,一般发展用户
U00266,印尼,社交媒体,,0,,4,1,1,一般发展用户
U00267,印尼,付费广告,,0,,4,1,1,一般发展用户
U00271,菲律宾,自然搜索,,0,,4,1,1,一般发展用户
U00277,印尼,付费广告,,0,,4,1,1,一般发展用户
U00278,印尼,付费广告,,0,,4,1,1,一般发展用户
U00279,菲律宾,自然搜索,,0,,4,1,1,一般发展用户
U00283,泰国,付费广告,,0,,4,1,1,一般发展用户
U00286,越南,付费广告,,0,,4,1,1,一般发展用户
U00296,菲律宾,社交媒体,,0,,4,1,1,一般发展用户
U00299,泰国,KOL推荐,,0,,4,1,1,一般发展用户
U00303,印尼,自然搜索,,0,,4,1,1,一般发展用户
U00304,印尼,自然搜索,,0,,4,1,1,一般发展用户
U00305,马来西亚,自然搜索,,0,,4,1,1,一般发展用户
U00306,印尼,自然搜索,,0,,4,1,1,一般发展用户
U00308,菲律宾,付费广告,,0,,4,1,1,一般发展用户
U00315,印尼,付费广告,,0,,4,1,1,一般发展用户
U00317,泰国,社交媒体,,0,,4,1,1,一般发展用户
U00319,越南,付费广告,,0,,4,1,1,一般发展用户
U00321,印尼,社交媒体,,0,,4,1,1,一般发展用户
U00324,马来西亚,自然搜索,,0,,4,1,1,一般发展用户
U00325,印尼,KOL推荐,,0,,4,1,1,一般发展用户
U00330,越南,社交媒体,,0,,4,1,1,一般发展用户
U00332,泰国,KOL推荐,,0,,4,1,1,一般发展用户
U00333,泰国,付费广告,,0,,4,1,1,一般发展用户
U00337,印尼,付费广告,,0,,4,1,1,一般发展用户
U00345,印尼,KOL推荐,,0,,4,1,1,一般发展用户
U00347,泰国,自然搜索,,0,,4,1,1,一般发展用户
U00349,印尼,社交媒体,,0,,4,1,1,一般发展用户
U00352,印尼,内容营销,,0,,4,1,1,一般发展用户
U00353,泰国,付费广告,,0,,4,1,1,一般发展用户
U00356,泰国,付费广告,,0,,4,1,1,一般发展用户
U00358,马来西亚,自然搜索,,0,,4,1,1,一般发展用户
U00359,印尼,自然搜索,,0,,4,1,1,一般发展用户
U00361,印尼,自然搜索,,0,,4,1,1,一般发展用户
U00363,印尼,付费广告,,0,,4,1,1,一般发展用户
U00366,马来西亚,付费广告,,0,,4,1,1,一般发展用户
U00368,泰国,社交媒体,,0,,4,1,1,一般发展用户
U00372,泰国,付费广告,,0,,4,1,1,一般发展用户
U00374,泰国,社交媒体,,0,,4,1,1,一般发展用户
U00377,泰国,自然搜索,,0,,4,1,1,一般发展用户
U00380,泰国,付费广告,,0,,4,1,1,一般发展用户
U00382,印尼,社交媒体,,0,,4,1,1,一般发展用户
U00383,菲律宾,内容营销,,0,,4,1,1,一般发展用户
U00385,菲律宾,付费广告,,0,,4,1,1,一般发展用户
U00386,越南,内容营销,,0,,4,1,1,一般发展用户
U00387,泰国,付费广告,,0,,4,1,1,一般发展用户
U00389,菲律宾,自然搜索,,0,,4,1,1,一般发展用户
U00390,马来西亚,社交媒体,,0,,4,1,1,一般发展用户
U00394,越南,KOL推荐,,0,,4,1,1,一般发展用户
U00395,马来西亚,社交媒体,,0,,4,1,1,一般发展用户
U00397,越南,付费广告,,0,,4,1,1,一般发展用户
U00403,菲律宾,付费广告,,0,,4,1,1,一般发展用户
U00406,越南,自然搜索,,0,,4,1,1,一般发展用户
U00407,泰国,自然搜索,,0,,4,1,1,一般发展用户
U00408,马来西亚,付费广告,,0,,4,1,1,一般发展用户
U00410,越南,付费广告,,0,,4,1,1,一般发展用户
U00413,印尼,付费广告,,0,,4,1,1,一般发展用户
U00415,越南,自然搜索,,0,,4,1,1,一般发展用户
U00416,越南,KOL推荐,,0,,4,1,1,一般发展用户
U00418,印尼,KOL推荐,,0,,4,1,1,一般发展用户
U00421,菲律宾,付费广告,,0,,4,1,1,一般发展用户
U00422,泰国,自然搜索,,0,,4,1,1,一般发展用户
U00424,泰国,自然搜索,,0,,4,1,1,一般发展用户
U00427,菲律宾,内容营销,,0,,4,1,1,一般发展用户
U00429,泰国,自然搜索,,0,,4,1,1,一般发展用户
U00430,泰国,自然搜索,,0,,4,1,1,一般发展用户
U00431,菲律宾,社交媒体,,0,,4,1,1,一般发展用户
U00432,印尼,自然搜索,,0,,4,1,1,一般发展用户
U00433,泰国,内容营销,,0,,4,1,1,一般发展用户
U00434,泰国,内容营销,,0,,4,1,1,一般发展用户
U00436,泰国,付费广告,,0,,4,1,1,一般发展用户
U00440,泰国,付费广告,,0,,4,1,1,一般发展用户
U00446,马来西亚,社交媒体,,0,,4,1,1,一般发展用户
U00448,越南,自然搜索,,0,,4,1,1,一般发展用户
U00451,印尼,自然搜索,,0,,4,1,1,一般发展用户
U00454,泰国,内容营销,,0,,4,1,1,一般发展用户
U00460,泰国,内容营销,,0,,4,1,1,一般发展用户
U00463,印尼,KOL推荐,,0,,4,1,1,一般发展用户
U00470,泰国,自然搜索,,0,,4,1,1,一般发展用户
U00472,泰国,付费广告,,0,,4,1,1,一般发展用户
U00478,马来西亚,社交媒体,,0,,4,1,1,一般发展用户
U00479,印尼,内容营销,,0,,4,1,1,一般发展用户
U00483,印尼,内容营销,,0,,4,1,1,一般发展用户
U00489,菲律宾,自然搜索,,0,,4,1,1,一般发展用户
U00492,越南,付费广告,,0,,4,1,1,一般发展用户
U00494,越南,自然搜索,,0,,4,1,1,一般发展用户
U00502,越南,付费广告,,0,,4,1,1,一般发展用户
U00504,印尼,自然搜索,,0,,4,1,1,一般发展用户
U00506,马来西亚,自然搜索,,0,,4,1,1,一般发展用户
U00510,印尼,自然搜索,,0,,4,1,1,一般发展用户
U00511,越南,社交媒体,,0,,4,1,1,一般发展用户
U00513,菲律宾,社交媒体,,0,,4,1,1,一般发展用户
U00516,越南,内容营销,,0,,4,1,1,一般发展用户
U00519,泰国,KOL推荐,,0,,4,1,1,一般发展用户
U00520,印尼,付费广告,,0,,4,1,1,一般发展用户
U00526,越南,付费广告,,0,,4,1,1,一般发展用户
U00529,菲律宾,社交媒体,,0,,4,1,1,一般发展用户
U00530,菲律宾,内容营销,,0,,4,1,1,一般发展用户
U00533,印尼,KOL推荐,,0,,4,1,1,一般发展用户
U00539,泰国,内容营销,,0,,4,1,1,一般发展用户
U00540,马来西亚,社交媒体,,0,,4,1,1,一般发展用户
U00542,泰国,KOL推荐,,0,,4,1,1,一般发展用户
U00544,印尼,付费广告,,0,,4,1,1,一般发展用户
U00545,越南,付费广告,,0,,4,1,1,一般发展用户
U00546,泰国,KOL推荐,,0,,4,1,1,一般发展用户
U00548,印尼,付费广告,,0,,4,1,1,一般发展用户
U00556,泰国,自然搜索,,0,,4,1,1,一般发展用户
U00562,泰国,社交媒体,,0,,4,1,1,一般发展用户
U00563,泰国,内容营销,,0,,4,1,1,一般发展用户
U00568,马来西亚,付费广告,,0,,4,1,1,一般发展用户
U00570,印尼,付费广告,,0,,4,1,1,一般发展用户
U00571,菲律宾,付费广告,,0,,4,1,1,一般发展用户
U00577,马来西亚,自然搜索,,0,,4,1,1,一般发展用户
U00578,印尼,付费广告,,0,,4,1,1,一般发展用户
U00579,越南,自然搜索,,0,,4,1,1,一般发展用户
U00580,越南,付费广告,,0,,4,1,1,一般发展用户
U00586,泰国,内容营销,,0,,4,1,1,一般发展用户
U00589,泰国,社交媒体,,0,,4,1,1,一般发展用户
U00590,泰国,KOL推荐,,0,,4,1,1,一般发展用户
U00593,越南,内容营销,,0,,4,1,1,一般发展用户
U00595,印尼,付费广告,,0,,4,1,1,一般发展用户
U00597,泰国,付费广告,,0,,4,1,1,一般发展用户
U00598,泰国,付费广告,,0,,4,1,1,一般发展用户
U00599,泰国,社交媒体,,0,,4,1,1,一般发展用户
U00602,泰国,内容营销,,0,,4,1,1,一般发展用户
U00604,泰国,付费广告,,0,,4,1,1,一般发展用户
U00605,越南,付费广告,,0,,4,1,1,一般发展用户
U00607,越南,自然搜索,,0,,4,1,1,一般发展用户
U00609,印尼,内容营销,,0,,4,1,1,一般发展用户
U00610,泰国,付费广告,,0,,4,1,1,一般发展用户
U00613,泰国,自然搜索,,0,,4,1,1,一般发展用户
U00616,泰国,内容营销,,0,,4,1,1,一般发展用户
U00621,泰国,自然搜索,,0,,4,1,1,一般发展用户
U00622,越南,付费广告,,0,,4,1,1,一般发展用户
U00623,印尼,KOL推荐,,0,,4,1,1,一般发展用户
U00625,越南,社交媒体,,0,,4,1,1,一般发展用户
U00628,泰国,付费广告,,0,,4,1,1,一般发展用户
U00632,印尼,自然搜索,,0,,4,1,1,一般发展用户
U00633,印尼,付费广告,,0,,4,1,1,一般发展用户
U00638,越南,社交媒体,,0,,4,1,1,一般发展用户
U00639,越南,社交媒体,,0,,4,1,1,一般发展用户
U00640,泰国,KOL推荐,,0,,4,1,1,一般发展用户
U00641,越南,付费广告,,0,,4,1,1,一般发展用户
U00642,泰国,付费广告,,0,,4,1,1,一般发展用户
U00643,越南,付费广告,,0,,4,1,1,一般发展用户
U00644,泰国,付费广告,,0,,4,1,1,一般发展用户
U00645,菲律宾,付费广告,,0,,4,1,1,一般发展用户
U00649,印尼,自然搜索,,0,,4,1,1,一般发展用户
U00651,印尼,付费广告,,0,,4,1,1,一般发展用户
U00652,印尼,自然搜索,,0,,4,1,1,一般发展用户
U00655,泰国,付费广告,,0,,4,1,1,一般发展用户
U00658,印尼,自然搜索,,0,,4,1,1,一般发展用户
U00662,印尼,自然搜索,,0,,4,1,1,一般发展用户
U00663,泰国,付费广告,,0,,4,1,1,一般发展用户
U00665,泰国,社交媒体,,0,,4,1,1,一般发展用户
U00666,泰国,社交媒体,,0,,4,1,1,一般发展用户
U00667,泰国,自然搜索,,0,,4,1,1,一般发展用户
U00668,泰国,付费广告,,0,,4,1,1,一般发展用户
U00669,越南,KOL推荐,,0,,4,1,1,一般发展用户
U00670,泰国,内容营销,,0,,4,1,1,一般发展用户
U00674,越南,自然搜索,,0,,4,1,1,一般发展用户
U00680,菲律宾,自然搜索,,0,,4,1,1,一般发展用户
U00681,越南,KOL推荐,,0,,4,1,1,一般发展用户
U00682,泰国,自然搜索,,0,,4,1,1,一般发展用户
U00683,印尼,社交媒体,,0,,4,1,1,一般发展用户
U00684,马来西亚,付费广告,,0,,4,1,1,一般发展用户
U00688,菲律宾,自然搜索,,0,,4,1,1,一般发展用户
U00690,越南,付费广告,,0,,4,1,1,一般发展用户
U00691,越南,社交媒体,,0,,4,1,1,一般发展用户
U00694,泰国,付费广告,,0,,4,1,1,一般发展用户
U00695,印尼,社交媒体,,0,,4,1,1,一般发展用户
U00697,印尼,社交媒体,,0,,4,1,1,一般发展用户
U00698,泰国,付费广告,,0,,4,1,1,一般发展用户
U00699,印尼,社交媒体,,0,,4,1,1,一般发展用户
U00703,泰国,自然搜索,,0,,4,1,1,一般发展用户
U00704,泰国,付费广告,,0,,4,1,1,一般发展用户
U00705,马来西亚,付费广告,,0,,4,1,1,一般发展用户
U00706,越南,社交媒体,,0,,4,1,1,一般发展用户
U00707,菲律宾,付费广告,,0,,4,1,1,一般发展用户
U00708,越南,自然搜索,,0,,4,1,1,一般发展用户
U00711,印尼,付费广告,,0,,4,1,1,一般发展用户
U00712,印尼,社交媒体,,0,,4,1,1,一般发展用户
U00717,马来西亚,社交媒体,,0,,4,1,1,一般发展用户
U00720,马来西亚,付费广告,,0,,4,1,1,一般发展用户
U00726,泰国,付费广告,,0,,4,1,1,一般发展用户
U00728,泰国,付费广告,,0,,4,1,1,一般发展用户
U00730,泰国,自然搜索,,0,,4,1,1,一般发展用户
U00731,菲律宾,社交媒体,,0,,4,1,1,一般发展用户
U00733,印尼,付费广告,,0,,4,1,1,一般发展用户
U00736,越南,付费广告,,0,,4,1,1,一般发展用户
U00737,菲律宾,自然搜索,,0,,4,1,1,一般发展用户
U00738,越南,自然搜索,,0,,4,1,1,一般发展用户
U00739,越南,社交媒体,,0,,4,1,1,一般发展用户
U00740,越南,社交媒体,,0,,4,1,1,一般发展用户
U00741,越南,付费广告,,0,,4,1,1,一般发展用户
U00747,印尼,自然搜索,,0,,4,1,1,一般发展用户
U00749,印尼,自然搜索,,0,,4,1,1,一般发展用户
U00751,马来西亚,自然搜索,,0,,4,1,1,一般发展用户
U00752,印尼,付费广告,,0,,4,1,1,一般发展用户
U00754,泰国,内容营销,,0,,4,1,1,一般发展用户
U00756,印尼,自然搜索,,0,,4,1,1,一般发展用户
U00759,菲律宾,付费广告,,0,,4,1,1,一般发展用户
U00760,泰国,自然搜索,,0,,4,1,1,一般发展用户
U00762,泰国,付费广告,,0,,4,1,1,一般发展用户
U00767,菲律宾,自然搜索,,0,,4,1,1,一般发展用户
U00768,越南,付费广告,,0,,4,1,1,一般发展用户
U00770,泰国,付费广告,,0,,4,1,1,一般发展用户
U00773,越南,付费广告,,0,,4,1,1,一般发展用户
U00776,泰国,内容营销,,0,,4,1,1,一般发展用户
U00777,印尼,自然搜索,,0,,4,1,1,一般发展用户
U00781,印尼,内容营销,,0,,4,1,1,一般发展用户
U00782,越南,付费广告,,0,,4,1,1,一般发展用户
U00783,越南,社交媒体,,0,,4,1,1,一般发展用户
U00784,泰国,社交媒体,,0,,4,1,1,一般发展用户
U00785,马来西亚,付费广告,,0,,4,1,1,一般发展用户
U00786,印尼,付费广告,,0,,4,1,1,一般发展用户
U00788,越南,自然搜索,,0,,4,1,1,一般发展用户
U00789,马来西亚,社交媒体,,0,,4,1,1,一般发展用户
U00793,印尼,社交媒体,,0,,4,1,1,一般发展用户
U00795,菲律宾,付费广告,,0,,4,1,1,一般发展用户
U00797,印尼,付费广告,,0,,4,1,1,一般发展用户
U00799,马来西亚,付费广告,,0,,4,1,1,一般发展用户
U00804,越南,社交媒体,,0,,4,1,1,一般发展用户
U00805,印尼,KOL推荐,,0,,4,1,1,一般发展用户
U00808,越南,自然搜索,,0,,4,1,1,一般发展用户
U00809,泰国,自然搜索,,0,,4,1,1,一般发展用户
U00814,菲律宾,社交媒体,,0,,4,1,1,一般发展用户
U00815,印尼,社交媒体,,0,,4,1,1,一般发展用户
U00818,泰国,社交媒体,,0,,4,1,1,一般发展用户
U00821,泰国,内容营销,,0,,4,1,1,一般发展用户
U00823,越南,自然搜索,,0,,4,1,1,一般发展用户
U00824,印尼,内容营销,,0,,4,1,1,一般发展用户
U00825,马来西亚,付费广告,,0,,4,1,1,一般发展用户
U00827,越南,付费广告,,0,,4,1,1,一般发展用户
U00828,印尼,付费广告,,0,,4,1,1,一般发展用户
U00832,泰国,社交媒体,,0,,4,1,1,一般发展用户
U00835,越南,自然搜索,,0,,4,1,1,一般发展用户
U00839,印尼,自然搜索,,0,,4,1,1,一般发展用户
U00840,泰国,社交媒体,,0,,4,1,1,一般发展用户
U00841,印尼,内容营销,,0,,4,1,1,一般发展用户
U00843,马来西亚,内容营销,,0,,4,1,1,一般发展用户
U00846,泰国,内容营销,,0,,4,1,1,一般发展用户
U00847,马来西亚,社交媒体,,0,,4,1,1,一般发展用户
U00848,印尼,付费广告,,0,,4,1,1,一般发展用户
U00854,泰国,付费广告,,0,,4,1,1,一般发展用户
U00859,泰国,社交媒体,,0,,4,1,1,一般发展用户
U00860,菲律宾,付费广告,,0,,4,1,1,一般发展用户
U00861,越南,KOL推荐,,0,,4,1,1,一般发展用户
U00862,印尼,内容营销,,0,,4,1,1,一般发展用户
U00864,越南,自然搜索,,0,,4,1,1,一般发展用户
U00870,越南,内容营销,,0,,4,1,1,一般发展用户
U00872,印尼,社交媒体,,0,,4,1,1,一般发展用户
U00873,越南,自然搜索,,0,,4,1,1,一般发展用户
U00874,泰国,内容营销,,0,,4,1,1,一般发展用户
U00875,泰国,自然搜索,,0,,4,1,1,一般发展用户
U00876,印尼,自然搜索,,0,,4,1,1,一般发展用户
U00879,泰国,自然搜索,,0,,4,1,1,一般发展用户
U00880,泰国,社交媒体,,0,,4,1,1,一般发展用户
U00881,印尼,付费广告,,0,,4,1,1,一般发展用户
U00882,泰国,自然搜索,,0,,4,1,1,一般发展用户
U00884,菲律宾,KOL推荐,,0,,4,1,1,一般发展用户
U00885,泰国,社交媒体,,0,,4,1,1,一般发展用户
U00887,泰国,社交媒体,,0,,4,1,1,一般发展用户
U00888,泰国,付费广告,,0,,4,1,1,一般发展用户
U00890,印尼,付费广告,,0,,4,1,1,一般发展用户
U00894,印尼,自然搜索,,0,,4,1,1,一般发展用户
U00897,菲律宾,社交媒体,,0,,4,1,1,一般发展用户
U00900,泰国,付费广告,,0,,4,1,1,一般发展用户
U00902,泰国,KOL推荐,,0,,4,1,1,一般发展用户
U00904,越南,社交媒体,,0,,4,1,1,一般发展用户
U00906,菲律宾,社交媒体,,0,,4,1,1,一般发展用户
U00909,越南,内容营销,,0,,4,1,1,一般发展用户
U00910,印尼,社交媒体,,0,,4,1,1,一般发展用户
U00911,越南,KOL推荐,,0,,4,1,1,一般发展用户
U00917,马来西亚,KOL推荐,,0,,4,1,1,一般发展用户
U00921,印尼,自然搜索,,0,,4,1,1,一般发展用户
U00924,越南,自然搜索,,0,,4,1,1,一般发展用户
U00938,泰国,付费广告,,0,,4,1,1,一般发展用户
U00940,越南,付费广告,,0,,4,1,1,一般发展用户
U00941,印尼,付费广告,,0,,4,1,1,一般发展用户
U00942,印尼,内容营销,,0,,4,1,1,一般发展用户
U00943,菲律宾,内容营销,,0,,4,1,1,一般发展用户
U00944,泰国,付费广告,,0,,4,1,1,一般发展用户
U00945,泰国,内容营销,,0,,4,1,1,一般发展用户
U00946,泰国,KOL推荐,,0,,4,1,1,一般发展用户
U00950,印尼,付费广告,,0,,4,1,1,一般发展用户
U00952,泰国,自然搜索,,0,,4,1,1,一般发展用户
U00956,印尼,社交媒体,,0,,4,1,1,一般发展用户
U00957,泰国,内容营销,,0,,4,1,1,一般发展用户
U00959,印尼,内容营销,,0,,4,1,1,一般发展用户
U00963,越南,自然搜索,,0,,4,1,1,一般发展用户
U00964,越南,社交媒体,,0,,4,1,1,一般发展用户
U00967,越南,社交媒体,,0,,4,1,1,一般发展用户
U00972,印尼,付费广告,,0,,4,1,1,一般发展用户
U00974,泰国,付费广告,,0,,4,1,1,一般发展用户
U00975,越南,社交媒体,,0,,4,1,1,一般发展用户
U00976,印尼,付费广告,,0,,4,1,1,一般发展用户
U00979,印尼,付费广告,,0,,4,1,1,一般发展用户
U00980,越南,KOL推荐,,0,,4,1,1,一般发展用户
U00984,印尼,自然搜索,,0,,4,1,1,一般发展用户
U00985,印尼,社交媒体,,0,,4,1,1,一般发展用户
U00986,印尼,付费广告,,0,,4,1,1,一般发展用户
U00987,越南,内容营销,,0,,4,1,1,一般发展用户
U00988,泰国,KOL推荐,,0,,4,1,1,一般发展用户
U00990,菲律宾,付费广告,,0,,4,1,1,一般发展用户
U00991,印尼,自然搜索,,0,,4,1,1,一般发展用户
U00994,越南,付费广告,,0,,4,1,1,一般发展用户
U00995,泰国,付费广告,,0,,4,1,1,一般发展用户
U00996,马来西亚,自然搜索,,0,,4,1,1,一般发展用户
U00997,泰国,内容营销,,0,,4,1,1,一般发展用户
U00999,越南,内容营销,,0,,4,1,1,一般发展用户
U01005,印尼,付费广告,,0,,4,1,1,一般发展用户
U01009,印尼,社交媒体,,0,,4,1,1,一般发展用户
U01015,马来西亚,自然搜索,,0,,4,1,1,一般发展用户
U01019,泰国,社交媒体,,0,,4,1,1,一般发展用户
U01021,越南,内容营销,,0,,4,1,1,一般发展用户
U01022,马来西亚,付费广告,,0,,4,1,1,一般发展用户
U01024,马来西亚,付费广告,,0,,4,1,1,一般发展用户
U01028,越南,内容营销,,0,,4,1,1,一般发展用户
U01030,泰国,付费广告,,0,,4,1,1,一般发展用户
U01031,印尼,社交媒体,,0,,4,1,1,一般发展用户
U01033,泰国,KOL推荐,,0,,4,1,1,一般发展用户
U01035,印尼,社交媒体,,0,,4,1,1,一般发展用户
U01036,越南,自然搜索,,0,,4,1,1,一般发展用户
U01037,印尼,KOL推荐,,0,,4,1,1,一般发展用户
U01038,泰国,社交媒体,,0,,4,1,1,一般发展用户
U01039,越南,自然搜索,,0,,4,1,1,一般发展用户
U01041,菲律宾,付费广告,,0,,4,1,1,一般发展用户
U01044,菲律宾,付费广告,,0,,4,1,1,一般发展用户
U01051,印尼,付费广告,,0,,4,1,1,一般发展用户
U01054,马来西亚,社交媒体,,0,,4,1,1,一般发展用户
U01055,越南,内容营销,,0,,4,1,1,一般发展用户
U01056,菲律宾,内容营销,,0,,4,1,1,一般发展用户
U01059,印尼,自然搜索,,0,,4,1,1,一般发展用户
U01061,马来西亚,内容营销,,0,,4,1,1,一般发展用户
U01063,越南,付费广告,,0,,4,1,1,一般发展用户
U01066,泰国,付费广告,,0,,4,1,1,一般发展用户
U01067,泰国,付费广告,,0,,4,1,1,一般发展用户
U01068,越南,自然搜索,,0,,4,1,1,一般发展用户
U01070,越南,内容营销,,0,,4,1,1,一般发展用户
U01074,马来西亚,付费广告,,0,,4,1,1,一般发展用户
U01076,越南,KOL推荐,,0,,4,1,1,一般发展用户
U01089,泰国,社交媒体,,0,,4,1,1,一般发展用户
U01097,泰国,自然搜索,,0,,4,1,1,一般发展用户
U01098,菲律宾,内容营销,,0,,4,1,1,一般发展用户
U01099,越南,付费广告,,0,,4,1,1,一般发展用户
U01101,马来西亚,KOL推荐,,0,,4,1,1,一般发展用户
U01103,马来西亚,社交媒体,,0,,4,1,1,一般发展用户
U01107,菲律宾,KOL推荐,,0,,4,1,1,一般发展用户
U01108,印尼,自然搜索,,0,,4,1,1,一般发展用户
U01110,菲律宾,内容营销,,0,,4,1,1,一般发展用户
U01111,泰国,付费广告,,0,,4,1,1,一般发展用户
U01114,印尼,付费广告,,0,,4,1,1,一般发展用户
U01116,泰国,社交媒体,,0,,4,1,1,一般发展用户
U01118,越南,内容营销,,0,,4,1,1,一般发展用户
U01119,泰国,内容营销,,0,,4,1,1,一般发展用户
U01125,印尼,内容营销,,0,,4,1,1,一般发展用户
U01126,泰国,付费广告,,0,,4,1,1,一般发展用户
U01127,越南,社交媒体,,0,,4,1,1,一般发展用户
U01129,越南,内容营销,,0,,4,1,1,一般发展用户
U01133,泰国,付费广告,,0,,4,1,1,一般发展用户
U01135,泰国,社交媒体,,0,,4,1,1,一般发展用户
U01136,菲律宾,社交媒体,,0,,4,1,1,一般发展用户
U01140,菲律宾,付费广告,,0,,4,1,1,一般发展用户
U01144,越南,社交媒体,,0,,4,1,1,一般发展用户
U01147,印尼,付费广告,,0,,4,1,1,一般发展用户
U01149,菲律宾,付费广告,,0,,4,1,1,一般发展用户
U01150,印尼,付费广告,,0,,4,1,1,一般发展用户
U01152,印尼,自然搜索,,0,,4,1,1,一般发展用户
U01153,印尼,付费广告,,0,,4,1,1,一般发展用户
U01154,印尼,自然搜索,,0,,4,1,1,一般发展用户
U01156,泰国,内容营销,,0,,4,1,1,一般发展用户
U01161,泰国,社交媒体,,0,,4,1,1,一般发展用户
U01162,越南,KOL推荐,,0,,4,1,1,一般发展用户
U01163,印尼,付费广告,,0,,4,1,1,一般发展用户
U01165,菲律宾,KOL推荐,,0,,4,1,1,一般发展用户
U01168,泰国,付费广告,,0,,4,1,1,一般发展用户
U01171,马来西亚,内容营销,,0,,4,1,1,一般发展用户
U01172,印尼,自然搜索,,0,,4,1,1,一般发展用户
U01173,越南,自然搜索,,0,,4,1,1,一般发展用户
U01177,泰国,KOL推荐,,0,,4,1,1,一般发展用户
U01179,印尼,自然搜索,,0,,4,1,1,一般发展用户
U01181,越南,付费广告,,0,,4,1,1,一般发展用户
U01184,泰国,社交媒体,,0,,4,1,1,一般发展用户
U01187,泰国,自然搜索,,0,,4,1,1,一般发展用户
U01188,越南,内容营销,,0,,4,1,1,一般发展用户
U01190,泰国,内容营销,,0,,4,1,1,一般发展用户
U01191,印尼,自然搜索,,0,,4,1,1,一般发展用户
U01192,越南,内容营销,,0,,4,1,1,一般发展用户
U01193,印尼,KOL推荐,,0,,4,1,1,一般发展用户
U01194,泰国,KOL推荐,,0,,4,1,1,一般发展用户
U01195,菲律宾,自然搜索,,0,,4,1,1,一般发展用户
U01197,马来西亚,内容营销,,0,,4,1,1,一般发展用户
U01199,泰国,社交媒体,,0,,4,1,1,一般发展用户
U01202,泰国,社交媒体,,0,,4,1,1,一般发展用户
U01205,菲律宾,自然搜索,,0,,4,1,1,一般发展用户
U01206,印尼,付费广告,,0,,4,1,1,一般发展用户
U01214,印尼,自然搜索,,0,,4,1,1,一般发展用户
U01215,泰国,付费广告,,0,,4,1,1,一般发展用户
U01218,印尼,KOL推荐,,0,,4,1,1,一般发展用户
U01219,越南,自然搜索,,0,,4,1,1,一般发展用户
U01222,越南,付费广告,,0,,4,1,1,一般发展用户
U01223,马来西亚,付费广告,,0,,4,1,1,一般发展用户
U01224,越南,内容营销,,0,,4,1,1,一般发展用户
U01225,印尼,内容营销,,0,,4,1,1,一般发展用户
U01228,马来西亚,付费广告,,0,,4,1,1,一般发展用户
U01232,泰国,内容营销,,0,,4,1,1,一般发展用户
U01233,泰国,付费广告,,0,,4,1,1,一般发展用户
U01235,越南,付费广告,,0,,4,1,1,一般发展用户
U01239,泰国,社交媒体,,0,,4,1,1,一般发展用户
U01244,菲律宾,付费广告,,0,,4,1,1,一般发展用户
U01255,越南,付费广告,,0,,4,1,1,一般发展用户
U01257,印尼,自然搜索,,0,,4,1,1,一般发展用户
U01258,泰国,KOL推荐,,0,,4,1,1,一般发展用户
U01260,越南,付费广告,,0,,4,1,1,一般发展用户
U01261,菲律宾,付费广告,,0,,4,1,1,一般发展用户
U01262,越南,社交媒体,,0,,4,1,1,一般发展用户
U01263,越南,社交媒体,,0,,4,1,1,一般发展用户
U01269,越南,付费广告,,0,,4,1,1,一般发展用户
U01275,泰国,付费广告,,0,,4,1,1,一般发展用户
U01276,泰国,付费广告,,0,,4,1,1,一般发展用户
U01279,印尼,自然搜索,,0,,4,1,1,一般发展用户
U01280,印尼,付费广告,,0,,4,1,1,一般发展用户
U01281,印尼,内容营销,,0,,4,1,1,一般发展用户
U01282,印尼,社交媒体,,0,,4,1,1,一般发展用户
U01284,越南,KOL推荐,,0,,4,1,1,一般发展用户
U01286,泰国,社交媒体,,0,,4,1,1,一般发展用户
U01287,越南,KOL推荐,,0,,4,1,1,一般发展用户
U01288,泰国,付费广告,,0,,4,1,1,一般发展用户
U01290,越南,付费广告,,0,,4,1,1,一般发展用户
U01291,泰国,付费广告,,0,,4,1,1,一般发展用户
U01293,印尼,社交媒体,,0,,4,1,1,一般发展用户
U01294,菲律宾,内容营销,,0,,4,1,1,一般发展用户
U01295,泰国,内容营销,,0,,4,1,1,一般发展用户
U01297,泰国,KOL推荐,,0,,4,1,1,一般发展用户
U01299,印尼,自然搜索,,0,,4,1,1,一般发展用户
U01300,泰国,付费广告,,0,,4,1,1,一般发展用户
U01301,马来西亚,付费广告,,0,,4,1,1,一般发展用户
U01302,泰国,KOL推荐,,0,,4,1,1,一般发展用户
U01304,印尼,社交媒体,,0,,4,1,1,一般发展用户
U01305,菲律宾,自然搜索,,0,,4,1,1,一般发展用户
U01312,印尼,社交媒体,,0,,4,1,1,一般发展用户
U01314,越南,社交媒体,,0,,4,1,1,一般发展用户
U01315,印尼,自然搜索,,0,,4,1,1,一般发展用户
U01316,印尼,KOL推荐,,0,,4,1,1,一般发展用户
U01320,泰国,自然搜索,,0,,4,1,1,一般发展用户
U01325,越南,内容营销,,0,,4,1,1,一般发展用户
U01327,菲律宾,自然搜索,,0,,4,1,1,一般发展用户
U01329,印尼,KOL推荐,,0,,4,1,1,一般发展用户
U01331,印尼,KOL推荐,,0,,4,1,1,一般发展用户
U01333,马来西亚,社交媒体,,0,,4,1,1,一般发展用户
U01339,泰国,付费广告,,0,,4,1,1,一般发展用户
U01350,菲律宾,自然搜索,,0,,4,1,1,一般发展用户
U01351,印尼,付费广告,,0,,4,1,1,一般发展用户
U01352,越南,内容营销,,0,,4,1,1,一般发展用户
U01354,印尼,自然搜索,,0,,4,1,1,一般发展用户
U01355,菲律宾,KOL推荐,,0,,4,1,1,一般发展用户
U01360,马来西亚,付费广告,,0,,4,1,1,一般发展用户
U01361,泰国,KOL推荐,,0,,4,1,1,一般发展用户
U01369,泰国,社交媒体,,0,,4,1,1,一般发展用户
U01370,马来西亚,KOL推荐,,0,,4,1,1,一般发展用户
U01371,泰国,自然搜索,,0,,4,1,1,一般发展用户
U01372,菲律宾,自然搜索,,0,,4,1,1,一般发展用户
U01374,泰国,自然搜索,,0,,4,1,1,一般发展用户
U01383,越南,付费广告,,0,,4,1,1,一般发展用户
U01386,菲律宾,内容营销,,0,,4,1,1,一般发展用户
U01388,马来西亚,付费广告,,0,,4,1,1,一般发展用户
U01389,越南,付费广告,,0,,4,1,1,一般发展用户
U01390,泰国,内容营销,,0,,4,1,1,一般发展用户
U01393,印尼,社交媒体,,0,,4,1,1,一般发展用户
U01397,泰国,付费广告,,0,,4,1,1,一般发展用户
U01399,印尼,自然搜索,,0,,4,1,1,一般发展用户
U01401,泰国,付费广告,,0,,4,1,1,一般发展用户
U01408,印尼,自然搜索,,0,,4,1,1,一般发展用户
U01409,菲律宾,付费广告,,0,,4,1,1,一般发展用户
U01410,泰国,自然搜索,,0,,4,1,1,一般发展用户
U01411,泰国,社交媒体,,0,,4,1,1,一般发展用户
U01414,印尼,付费广告,,0,,4,1,1,一般发展用户
U01415,马来西亚,自然搜索,,0,,4,1,1,一般发展用户
U01416,泰国,社交媒体,,0,,4,1,1,一般发展用户
U01417,泰国,付费广告,,0,,4,1,1,一般发展用户
U01418,越南,付费广告,,0,,4,1,1,一般发展用户
U01419,马来西亚,付费广告,,0,,4,1,1,一般发展用户
U01420,越南,内容营销,,0,,4,1,1,一般发展用户
U01423,泰国,付费广告,,0,,4,1,1,一般发展用户
U01424,马来西亚,内容营销,,0,,4,1,1,一般发展用户
U01427,马来西亚,KOL推荐,,0,,4,1,1,一般发展用户
U01431,印尼,自然搜索,,0,,4,1,1,一般发展用户
U01434,泰国,付费广告,,0,,4,1,1,一般发展用户
U01437,印尼,自然搜索,,0,,4,1,1,一般发展用户
U01438,泰国,自然搜索,,0,,4,1,1,一般发展用户
U01440,马来西亚,自然搜索,,0,,4,1,1,一般发展用户
U01441,泰国,自然搜索,,0,,4,1,1,一般发展用户
U01442,印尼,自然搜索,,0,,4,1,1,一般发展用户
U01445,泰国,自然搜索,,0,,4,1,1,一般发展用户
U01452,菲律宾,自然搜索,,0,,4,1,1,一般发展用户
U01455,马来西亚,付费广告,,0,,4,1,1,一般发展用户
U01457,印尼,内容营销,,0,,4,1,1,一般发展用户
U01461,印尼,自然搜索,,0,,4,1,1,一般发展用户
U01463,印尼,付费广告,,0,,4,1,1,一般发展用户
U01467,越南,内容营销,,0,,4,1,1,一般发展用户
U01470,印尼,付费广告,,0,,4,1,1,一般发展用户
U01474,越南,内容营销,,0,,4,1,1,一般发展用户
U01476,菲律宾,内容营销,,0,,4,1,1,一般发展用户
U01479,越南,自然搜索,,0,,4,1,1,一般发展用户
U01484,越南,内容营销,,0,,4,1,1,一般发展用户
U01485,越南,社交媒体,,0,,4,1,1,一般发展用户
U01487,印尼,自然搜索,,0,,4,1,1,一般发展用户
U01491,越南,自然搜索,,0,,4,1,1,一般发展用户
U01494,印尼,社交媒体,,0,,4,1,1,一般发展用户
U01495,印尼,付费广告,,0,,4,1,1,一般发展用户
U01496,印尼,付费广告,,0,,4,1,1,一般发展用户
U01498,越南,内容营销,,0,,4,1,1,一般发展用户
U01500,印尼,付费广告,,0,,4,1,1,一般发展用户
U01506,印尼,自然搜索,,0,,4,1,1,一般发展用户
U01507,印尼,社交媒体,,0,,4,1,1,一般发展用户
U01508,印尼,付费广告,,0,,4,1,1,一般发展用户
U01511,印尼,付费广告,,0,,4,1,1,一般发展用户
U01515,泰国,自然搜索,,0,,4,1,1,一般发展用户
U01518,泰国,付费广告,,0,,4,1,1,一般发展用户
U01520,泰国,付费广告,,0,,4,1,1,一般发展用户
U01525,越南,付费广告,,0,,4,1,1,一般发展用户
U01526,越南,内容营销,,0,,4,1,1,一般发展用户
U01527,越南,自然搜索,,0,,4,1,1,一般发展用户
U01528,菲律宾,内容营销,,0,,4,1,1,一般发展用户
U01531,印尼,内容营销,,0,,4,1,1,一般发展用户
U01534,越南,付费广告,,0,,4,1,1,一般发展用户
U01535,泰国,付费广告,,0,,4,1,1,一般发展用户
U01537,印尼,KOL推荐,,0,,4,1,1,一般发展用户
U01538,泰国,自然搜索,,0,,4,1,1,一般发展用户
U01540,印尼,自然搜索,,0,,4,1,1,一般发展用户
U01542,印尼,付费广告,,0,,4,1,1,一般发展用户
U01544,马来西亚,付费广告,,0,,4,1,1,一般发展用户
U01545,印尼,自然搜索,,0,,4,1,1,一般发展用户
U01546,菲律宾,自然搜索,,0,,4,1,1,一般发展用户
U01547,印尼,自然搜索,,0,,4,1,1,一般发展用户
U01549,印尼,内容营销,,0,,4,1,1,一般发展用户
U01550,马来西亚,自然搜索,,0,,4,1,1,一般发展用户
U01554,泰国,社交媒体,,0,,4,1,1,一般发展用户
U01555,泰国,KOL推荐,,0,,4,1,1,一般发展用户
U01556,印尼,自然搜索,,0,,4,1,1,一般发展用户
U01559,马来西亚,社交媒体,,0,,4,1,1,一般发展用户
U01560,越南,KOL推荐,,0,,4,1,1,一般发展用户
U01562,菲律宾,社交媒体,,0,,4,1,1,一般发展用户
U01565,越南,付费广告,,0,,4,1,1,一般发展用户
U01566,印尼,社交媒体,,0,,4,1,1,一般发展用户
U01568,印尼,付费广告,,0,,4,1,1,一般发展用户
U01570,印尼,付费广告,,0,,4,1,1,一般发展用户
U01572,印尼,自然搜索,,0,,4,1,1,一般发展用户
U01573,菲律宾,自然搜索,,0,,4,1,1,一般发展用户
U01575,泰国,付费广告,,0,,4,1,1,一般发展用户
U01578,印尼,自然搜索,,0,,4,1,1,一般发展用户
U01579,印尼,自然搜索,,0,,4,1,1,一般发展用户
U01581,越南,付费广告,,0,,4,1,1,一般发展用户
U01582,印尼,自然搜索,,0,,4,1,1,一般发展用户
U01584,马来西亚,内容营销,,0,,4,1,1,一般发展用户
U01587,越南,付费广告,,0,,4,1,1,一般发展用户
U01588,越南,付费广告,,0,,4,1,1,一般发展用户
U01589,印尼,KOL推荐,,0,,4,1,1,一般发展用户
U01590,印尼,付费广告,,0,,4,1,1,一般发展用户
U01591,马来西亚,自然搜索,,0,,4,1,1,一般发展用户
U01593,泰国,付费广告,,0,,4,1,1,一般发展用户
U01596,越南,付费广告,,0,,4,1,1,一般发展用户
U01597,泰国,付费广告,,0,,4,1,1,一般发展用户
U01599,菲律宾,付费广告,,0,,4,1,1,一般发展用户
U01602,泰国,自然搜索,,0,,4,1,1,一般发展用户
U01603,越南,自然搜索,,0,,4,1,1,一般发展用户
U01604,泰国,社交媒体,,0,,4,1,1,一般发展用户
U01607,菲律宾,付费广告,,0,,4,1,1,一般发展用户
U01610,菲律宾,社交媒体,,0,,4,1,1,一般发展用户
U01611,印尼,自然搜索,,0,,4,1,1,一般发展用户
U01612,印尼,内容营销,,0,,4,1,1,一般发展用户
U01616,马来西亚,社交媒体,,0,,4,1,1,一般发展用户
U01617,印尼,内容营销,,0,,4,1,1,一般发展用户
U01618,印尼,社交媒体,,0,,4,1,1,一般发展用户
U01620,越南,付费广告,,0,,4,1,1,一般发展用户
U01621,泰国,自然搜索,,0,,4,1,1,一般发展用户
U01622,印尼,付费广告,,0,,4,1,1,一般发展用户
U01623,马来西亚,社交媒体,,0,,4,1,1,一般发展用户
U01624,泰国,付费广告,,0,,4,1,1,一般发展用户
U01626,泰国,社交媒体,,0,,4,1,1,一般发展用户
U01628,泰国,自然搜索,,0,,4,1,1,一般发展用户
U01629,越南,付费广告,,0,,4,1,1,一般发展用户
U01630,菲律宾,自然搜索,,0,,4,1,1,一般发展用户
U01634,马来西亚,付费广告,,0,,4,1,1,一般发展用户
U01637,泰国,自然搜索,,0,,4,1,1,一般发展用户
U01639,马来西亚,自然搜索,,0,,4,1,1,一般发展用户
U01642,印尼,付费广告,,0,,4,1,1,一般发展用户
U01643,印尼,自然搜索,,0,,4,1,1,一般发展用户
U01646,泰国,KOL推荐,,0,,4,1,1,一般发展用户
U01649,印尼,自然搜索,,0,,4,1,1,一般发展用户
U01650,泰国,付费广告,,0,,4,1,1,一般发展用户
U01651,越南,自然搜索,,0,,4,1,1,一般发展用户
U01654,泰国,付费广告,,0,,4,1,1,一般发展用户
U01657,越南,自然搜索,,0,,4,1,1,一般发展用户
U01658,越南,社交媒体,,0,,4,1,1,一般发展用户
U01662,马来西亚,付费广告,,0,,4,1,1,一般发展用户
U01663,印尼,自然搜索,,0,,4,1,1,一般发展用户
U01666,泰国,自然搜索,,0,,4,1,1,一般发展用户
U01667,马来西亚,自然搜索,,0,,4,1,1,一般发展用户
U01668,泰国,社交媒体,,0,,4,1,1,一般发展用户
U01669,菲律宾,KOL推荐,,0,,4,1,1,一般发展用户
U01670,越南,付费广告,,0,,4,1,1,一般发展用户
U01674,菲律宾,付费广告,,0,,4,1,1,一般发展用户
U01681,马来西亚,自然搜索,,0,,4,1,1,一般发展用户
U01685,菲律宾,付费广告,,0,,4,1,1,一般发展用户
U01688,印尼,付费广告,,0,,4,1,1,一般发展用户
U01689,菲律宾,KOL推荐,,0,,4,1,1,一般发展用户
U01690,泰国,内容营销,,0,,4,1,1,一般发展用户
U01693,泰国,KOL推荐,,0,,4,1,1,一般发展用户
U01694,越南,付费广告,,0,,4,1,1,一般发展用户
U01695,泰国,社交媒体,,0,,4,1,1,一般发展用户
U01696,泰国,自然搜索,,0,,4,1,1,一般发展用户
U01697,泰国,社交媒体,,0,,4,1,1,一般发展用户
U01698,马来西亚,付费广告,,0,,4,1,1,一般发展用户
U01700,马来西亚,KOL推荐,,0,,4,1,1,一般发展用户
U01701,越南,自然搜索,,0,,4,1,1,一般发展用户
U01705,泰国,自然搜索,,0,,4,1,1,一般发展用户
U01706,印尼,自然搜索,,0,,4,1,1,一般发展用户
U01707,泰国,付费广告,,0,,4,1,1,一般发展用户
U01708,印尼,付费广告,,0,,4,1,1,一般发展用户
U01710,泰国,自然搜索,,0,,4,1,1,一般发展用户
U01712,菲律宾,付费广告,,0,,4,1,1,一般发展用户
U01717,印尼,付费广告,,0,,4,1,1,一般发展用户
U01720,泰国,KOL推荐,,0,,4,1,1,一般发展用户
U01722,越南,社交媒体,,0,,4,1,1,一般发展用户
U01723,泰国,社交媒体,,0,,4,1,1,一般发展用户
U01726,印尼,KOL推荐,,0,,4,1,1,一般发展用户
U01727,马来西亚,自然搜索,,0,,4,1,1,一般发展用户
U01730,越南,自然搜索,,0,,4,1,1,一般发展用户
U01733,越南,KOL推荐,,0,,4,1,1,一般发展用户
U01734,泰国,社交媒体,,0,,4,1,1,一般发展用户
U01737,泰国,自然搜索,,0,,4,1,1,一般发展用户
U01740,菲律宾,自然搜索,,0,,4,1,1,一般发展用户
U01741,印尼,自然搜索,,0,,4,1,1,一般发展用户
U01743,泰国,社交媒体,,0,,4,1,1,一般发展用户
U01749,泰国,内容营销,,0,,4,1,1,一般发展用户
U01753,泰国,KOL推荐,,0,,4,1,1,一般发展用户
U01760,越南,内容营销,,0,,4,1,1,一般发展用户
U01761,菲律宾,自然搜索,,0,,4,1,1,一般发展用户
U01765,越南,自然搜索,,0,,4,1,1,一般发展用户
U01767,印尼,KOL推荐,,0,,4,1,1,一般发展用户
U01775,越南,付费广告,,0,,4,1,1,一般发展用户
U01776,印尼,付费广告,,0,,4,1,1,一般发展用户
U01780,泰国,付费广告,,0,,4,1,1,一般发展用户
U01782,越南,社交媒体,,0,,4,1,1,一般发展用户
U01783,印尼,内容营销,,0,,4,1,1,一般发展用户
U01785,菲律宾,KOL推荐,,0,,4,1,1,一般发展用户
U01786,印尼,自然搜索,,0,,4,1,1,一般发展用户
U01787,印尼,自然搜索,,0,,4,1,1,一般发展用户
U01788,泰国,付费广告,,0,,4,1,1,一般发展用户
U01790,泰国,付费广告,,0,,4,1,1,一般发展用户
U01791,印尼,付费广告,,0,,4,1,1,一般发展用户
U01792,印尼,自然搜索,,0,,4,1,1,一般发展用户
U01793,印尼,付费广告,,0,,4,1,1,一般发展用户
U01796,印尼,内容营销,,0,,4,1,1,一般发展用户
U01804,越南,社交媒体,,0,,4,1,1,一般发展用户
U01806,印尼,社交媒体,,0,,4,1,1,一般发展用户
U01808,泰国,内容营销,,0,,4,1,1,一般发展用户
U01809,泰国,付费广告,,0,,4,1,1,一般发展用户
U01812,越南,付费广告,,0,,4,1,1,一般发展用户
U01813,泰国,KOL推荐,,0,,4,1,1,一般发展用户
U01814,泰国,内容营销,,0,,4,1,1,一般发展用户
U01816,越南,社交媒体,,0,,4,1,1,一般发展用户
U01821,泰国,KOL推荐,,0,,4,1,1,一般发展用户
U01822,印尼,社交媒体,,0,,4,1,1,一般发展用户
U01823,菲律宾,自然搜索,,0,,4,1,1,一般发展用户
U01824,印尼,付费广告,,0,,4,1,1,一般发展用户
U01826,泰国,付费广告,,0,,4,1,1,一般发展用户
U01828,菲律宾,KOL推荐,,0,,4,1,1,一般发展用户
U01829,越南,社交媒体,,0,,4,1,1,一般发展用户
U01833,印尼,内容营销,,0,,4,1,1,一般发展用户
U01834,菲律宾,自然搜索,,0,,4,1,1,一般发展用户
U01835,印尼,自然搜索,,0,,4,1,1,一般发展用户
U01838,马来西亚,社交媒体,,0,,4,1,1,一般发展用户
U01840,越南,内容营销,,0,,4,1,1,一般发展用户
U01841,越南,内容营销,,0,,4,1,1,一般发展用户
U01842,越南,付费广告,,0,,4,1,1,一般发展用户
U01845,泰国,付费广告,,0,,4,1,1,一般发展用户
U01847,泰国,付费广告,,0,,4,1,1,一般发展用户
U01849,印尼,付费广告,,0,,4,1,1,一般发展用户
U01850,越南,社交媒体,,0,,4,1,1,一般发展用户
U01851,菲律宾,内容营销,,0,,4,1,1,一般发展用户
U01857,越南,社交媒体,,0,,4,1,1,一般发展用户
U01864,马来西亚,社交媒体,,0,,4,1,1,一般发展用户
U01865,马来西亚,自然搜索,,0,,4,1,1,一般发展用户
U01871,泰国,付费广告,,0,,4,1,1,一般发展用户
U01879,印尼,社交媒体,,0,,4,1,1,一般发展用户
U01880,印尼,付费广告,,0,,4,1,1,一般发展用户
U01881,菲律宾,社交媒体,,0,,4,1,1,一般发展用户
U01884,泰国,自然搜索,,0,,4,1,1,一般发展用户
U01887,泰国,KOL推荐,,0,,4,1,1,一般发展用户
U01891,越南,自然搜索,,0,,4,1,1,一般发展用户
U01892,菲律宾,KOL推荐,,0,,4,1,1,一般发展用户
U01893,泰国,社交媒体,,0,,4,1,1,一般发展用户
U01895,印尼,自然搜索,,0,,4,1,1,一般发展用户
U01896,印尼,社交媒体,,0,,4,1,1,一般发展用户
U01897,泰国,社交媒体,,0,,4,1,1,一般发展用户
U01899,菲律宾,自然搜索,,0,,4,1,1,一般发展用户
U01900,印尼,自然搜索,,0,,4,1,1,一般发展用户
U01901,泰国,付费广告,,0,,4,1,1,一般发展用户
U01902,菲律宾,自然搜索,,0,,4,1,1,一般发展用户
U01903,泰国,社交媒体,,0,,4,1,1,一般发展用户
U01904,印尼,内容营销,,0,,4,1,1,一般发展用户
U01909,泰国,自然搜索,,0,,4,1,1,一般发展用户
U01914,越南,付费广告,,0,,4,1,1,一般发展用户
U01915,印尼,内容营销,,0,,4,1,1,一般发展用户
U01916,菲律宾,自然搜索,,0,,4,1,1,一般发展用户
U01919,越南,付费广告,,0,,4,1,1,一般发展用户
U01921,泰国,内容营销,,0,,4,1,1,一般发展用户
U01922,印尼,社交媒体,,0,,4,1,1,一般发展用户
U01926,印尼,付费广告,,0,,4,1,1,一般发展用户
U01931,印尼,自然搜索,,0,,4,1,1,一般发展用户
U01938,印尼,内容营销,,0,,4,1,1,一般发展用户
U01943,印尼,社交媒体,,0,,4,1,1,一般发展用户
U01944,菲律宾,付费广告,,0,,4,1,1,一般发展用户
U01949,越南,付费广告,,0,,4,1,1,一般发展用户
U01950,泰国,付费广告,,0,,4,1,1,一般发展用户
U01952,印尼,付费广告,,0,,4,1,1,一般发展用户
U01953,印尼,付费广告,,0,,4,1,1,一般发展用户
U01954,马来西亚,自然搜索,,0,,4,1,1,一般发展用户
U01960,泰国,社交媒体,,0,,4,1,1,一般发展用户
U01962,菲律宾,付费广告,,0,,4,1,1,一般发展用户
U01963,越南,付费广告,,0,,4,1,1,一般发展用户
U01966,泰国,社交媒体,,0,,4,1,1,一般发展用户
U01967,越南,自然搜索,,0,,4,1,1,一般发展用户
U01968,越南,社交媒体,,0,,4,1,1,一般发展用户
U01969,泰国,自然搜索,,0,,4,1,1,一般发展用户
U01970,泰国,自然搜索,,0,,4,1,1,一般发展用户
U01971,菲律宾,内容营销,,0,,4,1,1,一般发展用户
U01973,印尼,自然搜索,,0,,4,1,1,一般发展用户
U01974,越南,付费广告,,0,,4,1,1,一般发展用户
U01978,菲律宾,内容营销,,0,,4,1,1,一般发展用户
U01980,泰国,付费广告,,0,,4,1,1,一般发展用户
U01981,菲律宾,社交媒体,,0,,4,1,1,一般发展用户
U01982,越南,付费广告,,0,,4,1,1,一般发展用户
U01984,泰国,内容营销,,0,,4,1,1,一般发展用户
U01991,泰国,付费广告,,0,,4,1,1,一般发展用户
U01993,泰国,KOL推荐,,0,,4,1,1,一般发展用户
U02004,越南,付费广告,,0,,4,1,1,一般发展用户
U02008,泰国,KOL推荐,,0,,4,1,1,一般发展用户
U02011,泰国,社交媒体,,0,,4,1,1,一般发展用户
U02015,越南,自然搜索,,0,,4,1,1,一般发展用户
U02019,印尼,付费广告,,0,,4,1,1,一般发展用户
U02024,越南,社交媒体,,0,,4,1,1,一般发展用户
U02028,越南,社交媒体,,0,,4,1,1,一般发展用户
U02030,泰国,自然搜索,,0,,4,1,1,一般发展用户
U02037,泰国,付费广告,,0,,4,1,1,一般发展用户
U02039,越南,自然搜索,,0,,4,1,1,一般发展用户
U02046,泰国,自然搜索,,0,,4,1,1,一般发展用户
U02049,泰国,内容营销,,0,,4,1,1,一般发展用户
U02051,印尼,付费广告,,0,,4,1,1,一般发展用户
U02054,菲律宾,付费广告,,0,,4,1,1,一般发展用户
U02056,越南,付费广告,,0,,4,1,1,一般发展用户
U02057,越南,KOL推荐,,0,,4,1,1,一般发展用户
U02058,印尼,付费广告,,0,,4,1,1,一般发展用户
U02059,印尼,付费广告,,0,,4,1,1,一般发展用户
U02061,印尼,自然搜索,,0,,4,1,1,一般发展用户
U02063,越南,自然搜索,,0,,4,1,1,一般发展用户
U02066,泰国,社交媒体,,0,,4,1,1,一般发展用户
U02067,越南,KOL推荐,,0,,4,1,1,一般发展用户
U02068,泰国,付费广告,,0,,4,1,1,一般发展用户
U02071,印尼,KOL推荐,,0,,4,1,1,一般发展用户
U02073,菲律宾,付费广告,,0,,4,1,1,一般发展用户
U02074,菲律宾,内容营销,,0,,4,1,1,一般发展用户
U02075,菲律宾,付费广告,,0,,4,1,1,一般发展用户
U02076,泰国,自然搜索,,0,,4,1,1,一般发展用户
U02077,越南,付费广告,,0,,4,1,1,一般发展用户
U02079,菲律宾,内容营销,,0,,4,1,1,一般发展用户
U02083,马来西亚,付费广告,,0,,4,1,1,一般发展用户
U02084,印尼,自然搜索,,0,,4,1,1,一般发展用户
U02086,泰国,社交媒体,,0,,4,1,1,一般发展用户
U02087,印尼,付费广告,,0,,4,1,1,一般发展用户
U02088,菲律宾,KOL推荐,,0,,4,1,1,一般发展用户
U02090,菲律宾,自然搜索,,0,,4,1,1,一般发展用户
U02091,马来西亚,自然搜索,,0,,4,1,1,一般发展用户
U02092,泰国,付费广告,,0,,4,1,1,一般发展用户
U02099,越南,自然搜索,,0,,4,1,1,一般发展用户
U02104,菲律宾,社交媒体,,0,,4,1,1,一般发展用户
U02106,菲律宾,付费广告,,0,,4,1,1,一般发展用户
U02108,越南,付费广告,,0,,4,1,1,一般发展用户
U02111,泰国,自然搜索,,0,,4,1,1,一般发展用户
U02114,印尼,自然搜索,,0,,4,1,1,一般发展用户
U02116,越南,自然搜索,,0,,4,1,1,一般发展用户
U02123,越南,社交媒体,,0,,4,1,1,一般发展用户
U02124,马来西亚,自然搜索,,0,,4,1,1,一般发展用户
U02125,印尼,KOL推荐,,0,,4,1,1,一般发展用户
U02130,泰国,内容营销,,0,,4,1,1,一般发展用户
U02131,泰国,自然搜索,,0,,4,1,1,一般发展用户
U02134,印尼,自然搜索,,0,,4,1,1,一般发展用户
U02136,泰国,自然搜索,,0,,4,1,1,一般发展用户
U02137,印尼,社交媒体,,0,,4,1,1,一般发展用户
U02140,菲律宾,自然搜索,,0,,4,1,1,一般发展用户
U02141,印尼,付费广告,,0,,4,1,1,一般发展用户
U02144,印尼,社交媒体,,0,,4,1,1,一般发展用户
U02153,菲律宾,自然搜索,,0,,4,1,1,一般发展用户
U02158,越南,内容营销,,0,,4,1,1,一般发展用户
U02161,印尼,社交媒体,,0,,4,1,1,一般发展用户
U02162,越南,付费广告,,0,,4,1,1,一般发展用户
U02164,印尼,内容营销,,0,,4,1,1,一般发展用户
U02165,马来西亚,自然搜索,,0,,4,1,1,一般发展用户
U02166,印尼,付费广告,,0,,4,1,1,一般发展用户
U02168,印尼,付费广告,,0,,4,1,1,一般发展用户
U02170,印尼,付费广告,,0,,4,1,1,一般发展用户
U02177,印尼,付费广告,,0,,4,1,1,一般发展用户
U02178,印尼,社交媒体,,0,,4,1,1,一般发展用户
U02180,越南,社交媒体,,0,,4,1,1,一般发展用户
U02181,泰国,付费广告,,0,,4,1,1,一般发展用户
U02183,越南,付费广告,,0,,4,1,1,一般发展用户
U02184,印尼,社交媒体,,0,,4,1,1,一般发展用户
U02188,菲律宾,自然搜索,,0,,4,1,1,一般发展用户
U02190,越南,社交媒体,,0,,4,1,1,一般发展用户
U02192,印尼,自然搜索,,0,,4,1,1,一般发展用户
U02193,印尼,内容营销,,0,,4,1,1,一般发展用户
U02194,泰国,自然搜索,,0,,4,1,1,一般发展用户
U02195,越南,内容营销,,0,,4,1,1,一般发展用户
U02197,菲律宾,KOL推荐,,0,,4,1,1,一般发展用户
U02198,印尼,自然搜索,,0,,4,1,1,一般发展用户
U02199,越南,自然搜索,,0,,4,1,1,一般发展用户
U02200,马来西亚,付费广告,,0,,4,1,1,一般发展用户
U02202,越南,付费广告,,0,,4,1,1,一般发展用户
U02207,菲律宾,自然搜索,,0,,4,1,1,一般发展用户
U02208,越南,自然搜索,,0,,4,1,1,一般发展用户
U02209,马来西亚,社交媒体,,0,,4,1,1,一般发展用户
U02210,菲律宾,内容营销,,0,,4,1,1,一般发展用户
U02211,菲律宾,付费广告,,0,,4,1,1,一般发展用户
U02212,泰国,自然搜索,,0,,4,1,1,一般发展用户
U02213,马来西亚,社交媒体,,0,,4,1,1,一般发展用户
U02216,菲律宾,社交媒体,,0,,4,1,1,一般发展用户
U02217,越南,付费广告,,0,,4,1,1,一般发展用户
U02218,菲律宾,付费广告,,0,,4,1,1,一般发展用户
U02219,泰国,自然搜索,,0,,4,1,1,一般发展用户
U02220,印尼,社交媒体,,0,,4,1,1,一般发展用户
U02223,泰国,付费广告,,0,,4,1,1,一般发展用户
U02225,越南,付费广告,,0,,4,1,1,一般发展用户
U02226,越南,社交媒体,,0,,4,1,1,一般发展用户
U02229,越南,付费广告,,0,,4,1,1,一般发展用户
U02233,菲律宾,付费广告,,0,,4,1,1,一般发展用户
U02234,印尼,KOL推荐,,0,,4,1,1,一般发展用户
U02236,菲律宾,KOL推荐,,0,,4,1,1,一般发展用户
U02237,泰国,付费广告,,0,,4,1,1,一般发展用户
U02240,菲律宾,付费广告,,0,,4,1,1,一般发展用户
U02246,泰国,自然搜索,,0,,4,1,1,一般发展用户
U02248,印尼,内容营销,,0,,4,1,1,一般发展用户
U02249,泰国,自然搜索,,0,,4,1,1,一般发展用户
U02251,马来西亚,付费广告,,0,,4,1,1,一般发展用户
U02253,菲律宾,付费广告,,0,,4,1,1,一般发展用户
U02259,越南,自然搜索,,0,,4,1,1,一般发展用户
U02260,菲律宾,社交媒体,,0,,4,1,1,一般发展用户
U02261,印尼,社交媒体,,0,,4,1,1,一般发展用户
U02262,菲律宾,社交媒体,,0,,4,1,1,一般发展用户
U02263,越南,内容营销,,0,,4,1,1,一般发展用户
U02266,印尼,付费广告,,0,,4,1,1,一般发展用户
U02269,印尼,付费广告,,0,,4,1,1,一般发展用户
U02273,印尼,自然搜索,,0,,4,1,1,一般发展用户
U02274,马来西亚,内容营销,,0,,4,1,1,一般发展用户
U02275,印尼,付费广告,,0,,4,1,1,一般发展用户
U02276,印尼,社交媒体,,0,,4,1,1,一般发展用户
U02286,马来西亚,付费广告,,0,,4,1,1,一般发展用户
U02290,印尼,付费广告,,0,,4,1,1,一般发展用户
U02298,泰国,自然搜索,,0,,4,1,1,一般发展用户
U02300,菲律宾,内容营销,,0,,4,1,1,一般发展用户
U02304,马来西亚,付费广告,,0,,4,1,1,一般发展用户
U02311,菲律宾,付费广告,,0,,4,1,1,一般发展用户
U02312,印尼,内容营销,,0,,4,1,1,一般发展用户
U02314,马来西亚,社交媒体,,0,,4,1,1,一般发展用户
U02316,越南,付费广告,,0,,4,1,1,一般发展用户
U02317,越南,自然搜索,,0,,4,1,1,一般发展用户
U02319,越南,自然搜索,,0,,4,1,1,一般发展用户
U02322,印尼,内容营销,,0,,4,1,1,一般发展用户
U02326,菲律宾,付费广告,,0,,4,1,1,一般发展用户
U02331,泰国,社交媒体,,0,,4,1,1,一般发展用户
U02333,印尼,社交媒体,,0,,4,1,1,一般发展用户
U02334,泰国,自然搜索,,0,,4,1,1,一般发展用户
U02337,越南,付费广告,,0,,4,1,1,一般发展用户
U02339,越南,内容营销,,0,,4,1,1,一般发展用户
U02340,菲律宾,自然搜索,,0,,4,1,1,一般发展用户
U02341,泰国,社交媒体,,0,,4,1,1,一般发展用户
U02342,泰国,自然搜索,,0,,4,1,1,一般发展用户
U02354,印尼,付费广告,,0,,4,1,1,一般发展用户
U02356,马来西亚,KOL推荐,,0,,4,1,1,一般发展用户
U02357,泰国,付费广告,,0,,4,1,1,一般发展用户
U02358,印尼,自然搜索,,0,,4,1,1,一般发展用户
U02360,泰国,内容营销,,0,,4,1,1,一般发展用户
U02362,越南,内容营销,,0,,4,1,1,一般发展用户
U02364,印尼,自然搜索,,0,,4,1,1,一般发展用户
U02365,泰国,付费广告,,0,,4,1,1,一般发展用户
U02367,印尼,付费广告,,0,,4,1,1,一般发展用户
U02375,越南,付费广告,,0,,4,1,1,一般发展用户
U02380,菲律宾,KOL推荐,,0,,4,1,1,一般发展用户
U02383,越南,内容营销,,0,,4,1,1,一般发展用户
U02386,越南,自然搜索,,0,,4,1,1,一般发展用户
U02388,印尼,内容营销,,0,,4,1,1,一般发展用户
U02393,泰国,付费广告,,0,,4,1,1,一般发展用户
U02395,越南,社交媒体,,0,,4,1,1,一般发展用户
U02398,印尼,付费广告,,0,,4,1,1,一般发展用户
U02404,印尼,内容营销,,0,,4,1,1,一般发展用户
U02405,印尼,自然搜索,,0,,4,1,1,一般发展用户
U02406,越南,付费广告,,0,,4,1,1,一般发展用户
U02407,泰国,社交媒体,,0,,4,1,1,一般发展用户
U02408,马来西亚,社交媒体,,0,,4,1,1,一般发展用户
U02411,泰国,KOL推荐,,0,,4,1,1,一般发展用户
U02415,马来西亚,KOL推荐,,0,,4,1,1,一般发展用户
U02416,越南,社交媒体,,0,,4,1,1,一般发展用户
U02417,泰国,自然搜索,,0,,4,1,1,一般发展用户
U02421,泰国,付费广告,,0,,4,1,1,一般发展用户
U02422,菲律宾,社交媒体,,0,,4,1,1,一般发展用户
U02423,越南,付费广告,,0,,4,1,1,一般发展用户
U02430,印尼,自然搜索,,0,,4,1,1,一般发展用户
U02431,菲律宾,自然搜索,,0,,4,1,1,一般发展用户
U02432,马来西亚,社交媒体,,0,,4,1,1,一般发展用户
U02437,越南,付费广告,,0,,4,1,1,一般发展用户
U02441,印尼,KOL推荐,,0,,4,1,1,一般发展用户
U02442,菲律宾,内容营销,,0,,4,1,1,一般发展用户
U02443,菲律宾,内容营销,,0,,4,1,1,一般发展用户
U02446,越南,付费广告,,0,,4,1,1,一般发展用户
U02452,印尼,KOL推荐,,0,,4,1,1,一般发展用户
U02454,印尼,KOL推荐,,0,,4,1,1,一般发展用户
U02455,泰国,付费广告,,0,,4,1,1,一般发展用户
U02459,越南,付费广告,,0,,4,1,1,一般发展用户
U02461,菲律宾,付费广告,,0,,4,1,1,一般发展用户
U02462,印尼,内容营销,,0,,4,1,1,一般发展用户
U02463,印尼,内容营销,,0,,4,1,1,一般发展用户
U02464,印尼,自然搜索,,0,,4,1,1,一般发展用户
U02469,印尼,付费广告,,0,,4,1,1,一般发展用户
U02470,泰国,社交媒体,,0,,4,1,1,一般发展用户
U02471,马来西亚,内容营销,,0,,4,1,1,一般发展用户
U02477,菲律宾,自然搜索,,0,,4,1,1,一般发展用户
U02478,泰国,付费广告,,0,,4,1,1,一般发展用户
U02479,菲律宾,付费广告,,0,,4,1,1,一般发展用户
U02482,马来西亚,KOL推荐,,0,,4,1,1,一般发展用户
U02484,越南,自然搜索,,0,,4,1,1,一般发展用户
U02486,印尼,自然搜索,,0,,4,1,1,一般发展用户
U02487,菲律宾,内容营销,,0,,4,1,1,一般发展用户
U02489,越南,付费广告,,0,,4,1,1,一般发展用户
U02492,菲律宾,自然搜索,,0,,4,1,1,一般发展用户
U02493,越南,自然搜索,,0,,4,1,1,一般发展用户
U02494,印尼,社交媒体,,0,,4,1,1,一般发展用户
U02497,菲律宾,社交媒体,,0,,4,1,1,一般发展用户
U02499,越南,自然搜索,,0,,4,1,1,一般发展用户
U02501,菲律宾,自然搜索,,0,,4,1,1,一般发展用户
U02502,印尼,社交媒体,,0,,4,1,1,一般发展用户
U02503,马来西亚,付费广告,,0,,4,1,1,一般发展用户
U02504,泰国,KOL推荐,,0,,4,1,1,一般发展用户
U02510,泰国,自然搜索,,0,,4,1,1,一般发展用户
U02512,越南,付费广告,,0,,4,1,1,一般发展用户
U02513,印尼,付费广告,,0,,4,1,1,一般发展用户
U02517,印尼,付费广告,,0,,4,1,1,一般发展用户
U02519,印尼,社交媒体,,0,,4,1,1,一般发展用户
U02524,菲律宾,付费广告,,0,,4,1,1,一般发展用户
U02525,越南,KOL推荐,,0,,4,1,1,一般发展用户
U02526,泰国,社交媒体,,0,,4,1,1,一般发展用户
U02528,泰国,内容营销,,0,,4,1,1,一般发展用户
U02535,菲律宾,付费广告,,0,,4,1,1,一般发展用户
U02536,印尼,付费广告,,0,,4,1,1,一般发展用户
U02538,菲律宾,社交媒体,,0,,4,1,1,一般发展用户
U02539,菲律宾,付费广告,,0,,4,1,1,一般发展用户
U02540,印尼,自然搜索,,0,,4,1,1,一般发展用户
U02541,菲律宾,社交媒体,,0,,4,1,1,一般发展用户
U02545,印尼,付费广告,,0,,4,1,1,一般发展用户
U02546,泰国,内容营销,,0,,4,1,1,一般发展用户
U02548,越南,付费广告,,0,,4,1,1,一般发展用户
U02550,越南,付费广告,,0,,4,1,1,一般发展用户
U02552,菲律宾,社交媒体,,0,,4,1,1,一般发展用户
U02555,马来西亚,付费广告,,0,,4,1,1,一般发展用户
U02557,越南,内容营销,,0,,4,1,1,一般发展用户
U02559,印尼,内容营销,,0,,4,1,1,一般发展用户
U02560,菲律宾,自然搜索,,0,,4,1,1,一般发展用户
U02562,泰国,自然搜索,,0,,4,1,1,一般发展用户
U02564,越南,自然搜索,,0,,4,1,1,一般发展用户
U02567,越南,付费广告,,0,,4,1,1,一般发展用户
U02571,马来西亚,KOL推荐,,0,,4,1,1,一般发展用户
U02576,马来西亚,内容营销,,0,,4,1,1,一般发展用户
U02577,印尼,内容营销,,0,,4,1,1,一般发展用户
U02578,越南,自然搜索,,0,,4,1,1,一般发展用户
U02581,菲律宾,内容营销,,0,,4,1,1,一般发展用户
U02582,印尼,付费广告,,0,,4,1,1,一般发展用户
U02583,越南,社交媒体,,0,,4,1,1,一般发展用户
U02585,印尼,付费广告,,0,,4,1,1,一般发展用户
U02587,印尼,内容营销,,0,,4,1,1,一般发展用户
U02588,泰国,KOL推荐,,0,,4,1,1,一般发展用户
U02589,印尼,自然搜索,,0,,4,1,1,一般发展用户
U02595,菲律宾,社交媒体,,0,,4,1,1,一般发展用户
U02599,泰国,付费广告,,0,,4,1,1,一般发展用户
U02600,印尼,自然搜索,,0,,4,1,1,一般发展用户
U02601,泰国,自然搜索,,0,,4,1,1,一般发展用户
U02603,越南,内容营销,,0,,4,1,1,一般发展用户
U02605,印尼,自然搜索,,0,,4,1,1,一般发展用户
U02606,泰国,社交媒体,,0,,4,1,1,一般发展用户
U02607,越南,内容营销,,0,,4,1,1,一般发展用户
U02610,菲律宾,付费广告,,0,,4,1,1,一般发展用户
U02611,泰国,KOL推荐,,0,,4,1,1,一般发展用户
U02616,越南,内容营销,,0,,4,1,1,一般发展用户
U02617,越南,内容营销,,0,,4,1,1,一般发展用户
U02619,越南,自然搜索,,0,,4,1,1,一般发展用户
U02624,越南,内容营销,,0,,4,1,1,一般发展用户
U02628,印尼,自然搜索,,0,,4,1,1,一般发展用户
U02629,越南,付费广告,,0,,4,1,1,一般发展用户
U02630,印尼,社交媒体,,0,,4,1,1,一般发展用户
U02638,马来西亚,KOL推荐,,0,,4,1,1,一般发展用户
U02639,印尼,付费广告,,0,,4,1,1,一般发展用户
U02640,越南,社交媒体,,0,,4,1,1,一般发展用户
U02644,泰国,自然搜索,,0,,4,1,1,一般发展用户
U02650,泰国,内容营销,,0,,4,1,1,一般发展用户
U02657,菲律宾,付费广告,,0,,4,1,1,一般发展用户
U02661,菲律宾,自然搜索,,0,,4,1,1,一般发展用户
U02662,泰国,内容营销,,0,,4,1,1,一般发展用户
U02663,印尼,付费广告,,0,,4,1,1,一般发展用户
U02664,印尼,社交媒体,,0,,4,1,1,一般发展用户
U02666,泰国,自然搜索,,0,,4,1,1,一般发展用户
U02669,越南,自然搜索,,0,,4,1,1,一般发展用户
U02670,印尼,内容营销,,0,,4,1,1,一般发展用户
U02672,印尼,自然搜索,,0,,4,1,1,一般发展用户
U02677,泰国,社交媒体,,0,,4,1,1,一般发展用户
U02678,泰国,自然搜索,,0,,4,1,1,一般发展用户
U02680,越南,付费广告,,0,,4,1,1,一般发展用户
U02681,菲律宾,内容营销,,0,,4,1,1,一般发展用户
U02682,泰国,自然搜索,,0,,4,1,1,一般发展用户
U02684,越南,付费广告,,0,,4,1,1,一般发展用户
U02686,泰国,付费广告,,0,,4,1,1,一般发展用户
U02687,越南,自然搜索,,0,,4,1,1,一般发展用户
U02691,印尼,自然搜索,,0,,4,1,1,一般发展用户
U02693,越南,自然搜索,,0,,4,1,1,一般发展用户
U02694,马来西亚,内容营销,,0,,4,1,1,一般发展用户
U02696,印尼,内容营销,,0,,4,1,1,一般发展用户
U02700,印尼,自然搜索,,0,,4,1,1,一般发展用户
U02701,马来西亚,付费广告,,0,,4,1,1,一般发展用户
U02702,泰国,自然搜索,,0,,4,1,1,一般发展用户
U02705,菲律宾,社交媒体,,0,,4,1,1,一般发展用户
U02707,越南,付费广告,,0,,4,1,1,一般发展用户
U02711,印尼,付费广告,,0,,4,1,1,一般发展用户
U02716,印尼,付费广告,,0,,4,1,1,一般发展用户
U02723,越南,内容营销,,0,,4,1,1,一般发展用户
U02725,越南,付费广告,,0,,4,1,1,一般发展用户
U02726,泰国,付费广告,,0,,4,1,1,一般发展用户
U02727,泰国,付费广告,,0,,4,1,1,一般发展用户
U02729,印尼,社交媒体,,0,,4,1,1,一般发展用户
U02730,印尼,付费广告,,0,,4,1,1,一般发展用户
U02732,泰国,KOL推荐,,0,,4,1,1,一般发展用户
U02735,菲律宾,自然搜索,,0,,4,1,1,一般发展用户
U02736,马来西亚,KOL推荐,,0,,4,1,1,一般发展用户
U02737,印尼,付费广告,,0,,4,1,1,一般发展用户
U02738,马来西亚,自然搜索,,0,,4,1,1,一般发展用户
U02741,泰国,KOL推荐,,0,,4,1,1,一般发展用户
U02752,越南,社交媒体,,0,,4,1,1,一般发展用户
U02753,越南,社交媒体,,0,,4,1,1,一般发展用户
U02755,越南,社交媒体,,0,,4,1,1,一般发展用户
U02759,泰国,社交媒体,,0,,4,1,1,一般发展用户
U02762,印尼,社交媒体,,0,,4,1,1,一般发展用户
U02763,越南,自然搜索,,0,,4,1,1,一般发展用户
U02765,马来西亚,社交媒体,,0,,4,1,1,一般发展用户
U02767,泰国,付费广告,,0,,4,1,1,一般发展用户
U02770,泰国,付费广告,,0,,4,1,1,一般发展用户
U02771,越南,社交媒体,,0,,4,1,1,一般发展用户
U02772,菲律宾,付费广告,,0,,4,1,1,一般发展用户
U02774,印尼,自然搜索,,0,,4,1,1,一般发展用户
U02775,越南,自然搜索,,0,,4,1,1,一般发展用户
U02777,泰国,社交媒体,,0,,4,1,1,一般发展用户
U02784,菲律宾,社交媒体,,0,,4,1,1,一般发展用户
U02786,马来西亚,自然搜索,,0,,4,1,1,一般发展用户
U02794,越南,自然搜索,,0,,4,1,1,一般发展用户
U02802,马来西亚,自然搜索,,0,,4,1,1,一般发展用户
U02803,马来西亚,内容营销,,0,,4,1,1,一般发展用户
U02806,菲律宾,付费广告,,0,,4,1,1,一般发展用户
U02807,泰国,付费广告,,0,,4,1,1,一般发展用户
U02808,印尼,KOL推荐,,0,,4,1,1,一般发展用户
U02810,泰国,社交媒体,,0,,4,1,1,一般发展用户
U02811,印尼,KOL推荐,,0,,4,1,1,一般发展用户
U02812,印尼,自然搜索,,0,,4,1,1,一般发展用户
U02813,泰国,KOL推荐,,0,,4,1,1,一般发展用户
U02814,印尼,社交媒体,,0,,4,1,1,一般发展用户
U02816,印尼,内容营销,,0,,4,1,1,一般发展用户
U02817,泰国,社交媒体,,0,,4,1,1,一般发展用户
U02818,泰国,自然搜索,,0,,4,1,1,一般发展用户
U02819,越南,付费广告,,0,,4,1,1,一般发展用户
U02823,泰国,自然搜索,,0,,4,1,1,一般发展用户
U02829,泰国,付费广告,,0,,4,1,1,一般发展用户
U02831,印尼,自然搜索,,0,,4,1,1,一般发展用户
U02832,泰国,付费广告,,0,,4,1,1,一般发展用户
U02835,马来西亚,内容营销,,0,,4,1,1,一般发展用户
U02838,菲律宾,社交媒体,,0,,4,1,1,一般发展用户
U02839,越南,付费广告,,0,,4,1,1,一般发展用户
U02841,菲律宾,付费广告,,0,,4,1,1,一般发展用户
U02849,越南,自然搜索,,0,,4,1,1,一般发展用户
U02850,印尼,付费广告,,0,,4,1,1,一般发展用户
U02854,泰国,付费广告,,0,,4,1,1,一般发展用户
U02855,印尼,社交媒体,,0,,4,1,1,一般发展用户
U02858,泰国,KOL推荐,,0,,4,1,1,一般发展用户
U02860,菲律宾,内容营销,,0,,4,1,1,一般发展用户
U02861,越南,付费广告,,0,,4,1,1,一般发展用户
U02862,马来西亚,自然搜索,,0,,4,1,1,一般发展用户
U02864,越南,自然搜索,,0,,4,1,1,一般发展用户
U02866,印尼,自然搜索,,0,,4,1,1,一般发展用户
U02867,菲律宾,KOL推荐,,0,,4,1,1,一般发展用户
U02872,菲律宾,社交媒体,,0,,4,1,1,一般发展用户
U02873,越南,付费广告,,0,,4,1,1,一般发展用户
U02878,印尼,自然搜索,,0,,4,1,1,一般发展用户
U02880,越南,付费广告,,0,,4,1,1,一般发展用户
U02881,菲律宾,自然搜索,,0,,4,1,1,一般发展用户
U02882,泰国,付费广告,,0,,4,1,1,一般发展用户
U02884,泰国,付费广告,,0,,4,1,1,一般发展用户
U02885,马来西亚,社交媒体,,0,,4,1,1,一般发展用户
U02886,印尼,自然搜索,,0,,4,1,1,一般发展用户
U02889,菲律宾,自然搜索,,0,,4,1,1,一般发展用户
U02898,越南,自然搜索,,0,,4,1,1,一般发展用户
U02900,泰国,付费广告,,0,,4,1,1,一般发展用户
U02902,泰国,KOL推荐,,0,,4,1,1,一般发展用户
U02905,泰国,付费广告,,0,,4,1,1,一般发展用户
U02910,泰国,自然搜索,,0,,4,1,1,一般发展用户
U02911,泰国,社交媒体,,0,,4,1,1,一般发展用户
U02917,菲律宾,付费广告,,0,,4,1,1,一般发展用户
U02919,越南,付费广告,,0,,4,1,1,一般发展用户
U02921,印尼,社交媒体,,0,,4,1,1,一般发展用户
U02922,菲律宾,付费广告,,0,,4,1,1,一般发展用户
U02924,越南,KOL推荐,,0,,4,1,1,一般发展用户
U02933,印尼,KOL推荐,,0,,4,1,1,一般发展用户
U02934,印尼,付费广告,,0,,4,1,1,一般发展用户
U02936,菲律宾,内容营销,,0,,4,1,1,一般发展用户
U02937,印尼,自然搜索,,0,,4,1,1,一般发展用户
U02940,越南,社交媒体,,0,,4,1,1,一般发展用户
U02941,印尼,社交媒体,,0,,4,1,1,一般发展用户
U02942,越南,付费广告,,0,,4,1,1,一般发展用户
U02944,菲律宾,付费广告,,0,,4,1,1,一般发展用户
U02946,印尼,自然搜索,,0,,4,1,1,一般发展用户
U02947,印尼,内容营销,,0,,4,1,1,一般发展用户
U02949,马来西亚,内容营销,,0,,4,1,1,一般发展用户
U02950,菲律宾,自然搜索,,0,,4,1,1,一般发展用户
U02953,越南,自然搜索,,0,,4,1,1,一般发展用户
U02954,马来西亚,内容营销,,0,,4,1,1,一般发展用户
U02955,印尼,内容营销,,0,,4,1,1,一般发展用户
U02959,菲律宾,内容营销,,0,,4,1,1,一般发展用户
U02960,泰国,付费广告,,0,,4,1,1,一般发展用户
U02961,越南,付费广告,,0,,4,1,1,一般发展用户
U02962,越南,付费广告,,0,,4,1,1,一般发展用户
U02965,印尼,自然搜索,,0,,4,1,1,一般发展用户
U02966,印尼,自然搜索,,0,,4,1,1,一般发展用户
U02973,印尼,社交媒体,,0,,4,1,1,一般发展用户
U02975,泰国,付费广告,,0,,4,1,1,一般发展用户
U02986,泰国,自然搜索,,0,,4,1,1,一般发展用户
U02987,印尼,自然搜索,,0,,4,1,1,一般发展用户
U02989,菲律宾,社交媒体,,0,,4,1,1,一般发展用户
U02993,越南,付费广告,,0,,4,1,1,一般发展用户
U02998,越南,付费广告,,0,,4,1,1,一般发展用户
U02999,菲律宾,社交媒体,,0,,4,1,1,一般发展用户
U03001,菲律宾,自然搜索,,0,,4,1,1,一般发展用户
U03002,越南,社交媒体,,0,,4,1,1,一般发展用户
U03003,印尼,付费广告,,0,,4,1,1,一般发展用户
U03006,马来西亚,社交媒体,,0,,4,1,1,一般发展用户
U03007,泰国,内容营销,,0,,4,1,1,一般发展用户
U03022,印尼,内容营销,,0,,4,1,1,一般发展用户
U03023,越南,付费广告,,0,,4,1,1,一般发展用户
U03027,印尼,付费广告,,0,,4,1,1,一般发展用户
U03029,印尼,自然搜索,,0,,4,1,1,一般发展用户
U03030,泰国,付费广告,,0,,4,1,1,一般发展用户
U03031,越南,自然搜索,,0,,4,1,1,一般发展用户
U03032,菲律宾,付费广告,,0,,4,1,1,一般发展用户
U03033,泰国,社交媒体,,0,,4,1,1,一般发展用户
U03035,越南,内容营销,,0,,4,1,1,一般发展用户
U03039,印尼,KOL推荐,,0,,4,1,1,一般发展用户
U03040,泰国,社交媒体,,0,,4,1,1,一般发展用户
U03042,泰国,内容营销,,0,,4,1,1,一般发展用户
U03048,越南,付费广告,,0,,4,1,1,一般发展用户
U03052,越南,社交媒体,,0,,4,1,1,一般发展用户
U03053,越南,KOL推荐,,0,,4,1,1,一般发展用户
U03054,印尼,内容营销,,0,,4,1,1,一般发展用户
U03059,马来西亚,社交媒体,,0,,4,1,1,一般发展用户
U03061,泰国,自然搜索,,0,,4,1,1,一般发展用户
U03062,印尼,内容营销,,0,,4,1,1,一般发展用户
U03067,马来西亚,付费广告,,0,,4,1,1,一般发展用户
U03069,印尼,付费广告,,0,,4,1,1,一般发展用户
U03072,越南,付费广告,,0,,4,1,1,一般发展用户
U03077,泰国,付费广告,,0,,4,1,1,一般发展用户
U03078,泰国,自然搜索,,0,,4,1,1,一般发展用户
U03085,印尼,付费广告,,0,,4,1,1,一般发展用户
U03086,越南,内容营销,,0,,4,1,1,一般发展用户
U03091,马来西亚,KOL推荐,,0,,4,1,1,一般发展用户
U03095,印尼,付费广告,,0,,4,1,1,一般发展用户
U03097,泰国,KOL推荐,,0,,4,1,1,一般发展用户
U03099,越南,内容营销,,0,,4,1,1,一般发展用户
U03101,印尼,内容营销,,0,,4,1,1,一般发展用户
U03102,马来西亚,KOL推荐,,0,,4,1,1,一般发展用户
U03106,印尼,KOL推荐,,0,,4,1,1,一般发展用户
U03107,泰国,付费广告,,0,,4,1,1,一般发展用户
U03108,印尼,付费广告,,0,,4,1,1,一般发展用户
U03109,印尼,社交媒体,,0,,4,1,1,一般发展用户
U03115,菲律宾,内容营销,,0,,4,1,1,一般发展用户
U03116,印尼,内容营销,,0,,4,1,1,一般发展用户
U03117,泰国,付费广告,,0,,4,1,1,一般发展用户
U03125,印尼,社交媒体,,0,,4,1,1,一般发展用户
U03128,马来西亚,付费广告,,0,,4,1,1,一般发展用户
U03129,菲律宾,内容营销,,0,,4,1,1,一般发展用户
U03132,马来西亚,付费广告,,0,,4,1,1,一般发展用户
U03134,泰国,社交媒体,,0,,4,1,1,一般发展用户
U03139,泰国,内容营销,,0,,4,1,1,一般发展用户
U03140,越南,KOL推荐,,0,,4,1,1,一般发展用户
U03141,马来西亚,内容营销,,0,,4,1,1,一般发展用户
U03143,印尼,KOL推荐,,0,,4,1,1,一般发展用户
U03144,越南,自然搜索,,0,,4,1,1,一般发展用户
U03149,越南,内容营销,,0,,4,1,1,一般发展用户
U03159,越南,社交媒体,,0,,4,1,1,一般发展用户
U03162,越南,KOL推荐,,0,,4,1,1,一般发展用户
U03166,马来西亚,自然搜索,,0,,4,1,1,一般发展用户
U03171,越南,社交媒体,,0,,4,1,1,一般发展用户
U03175,泰国,社交媒体,,0,,4,1,1,一般发展用户
U03176,印尼,社交媒体,,0,,4,1,1,一般发展用户
U03178,菲律宾,社交媒体,,0,,4,1,1,一般发展用户
U03180,泰国,社交媒体,,0,,4,1,1,一般发展用户
U03182,越南,KOL推荐,,0,,4,1,1,一般发展用户
U03184,印尼,社交媒体,,0,,4,1,1,一般发展用户
U03185,印尼,内容营销,,0,,4,1,1,一般发展用户
U03186,越南,自然搜索,,0,,4,1,1,一般发展用户
U03187,越南,社交媒体,,0,,4,1,1,一般发展用户
U03191,马来西亚,自然搜索,,0,,4,1,1,一般发展用户
U03192,马来西亚,自然搜索,,0,,4,1,1,一般发展用户
U03196,马来西亚,KOL推荐,,0,,4,1,1,一般发展用户
U03197,菲律宾,付费广告,,0,,4,1,1,一般发展用户
U03199,越南,内容营销,,0,,4,1,1,一般发展用户
U03200,印尼,自然搜索,,0,,4,1,1,一般发展用户
U03205,菲律宾,内容营销,,0,,4,1,1,一般发展用户
U03210,泰国,自然搜索,,0,,4,1,1,一般发展用户
U03212,泰国,社交媒体,,0,,4,1,1,一般发展用户
U03215,泰国,自然搜索,,0,,4,1,1,一般发展用户
U03218,印尼,付费广告,,0,,4,1,1,一般发展用户
U03222,泰国,KOL推荐,,0,,4,1,1,一般发展用户
U03225,菲律宾,付费广告,,0,,4,1,1,一般发展用户
U03227,越南,内容营销,,0,,4,1,1,一般发展用户
U03236,泰国,付费广告,,0,,4,1,1,一般发展用户
U03239,印尼,付费广告,,0,,4,1,1,一般发展用户
U03240,越南,自然搜索,,0,,4,1,1,一般发展用户
U03241,越南,内容营销,,0,,4,1,1,一般发展用户
U03242,印尼,自然搜索,,0,,4,1,1,一般发展用户
U03243,印尼,付费广告,,0,,4,1,1,一般发展用户
U03244,印尼,自然搜索,,0,,4,1,1,一般发展用户
U03245,泰国,KOL推荐,,0,,4,1,1,一般发展用户
U03247,越南,付费广告,,0,,4,1,1,一般发展用户
U03256,印尼,自然搜索,,0,,4,1,1,一般发展用户
U03260,泰国,付费广告,,0,,4,1,1,一般发展用户
U03261,印尼,付费广告,,0,,4,1,1,一般发展用户
U03262,越南,社交媒体,,0,,4,1,1,一般发展用户
U03265,泰国,内容营销,,0,,4,1,1,一般发展用户
U03269,印尼,付费广告,,0,,4,1,1,一般发展用户
U03271,泰国,自然搜索,,0,,4,1,1,一般发展用户
U03273,印尼,自然搜索,,0,,4,1,1,一般发展用户
U03276,菲律宾,付费广告,,0,,4,1,1,一般发展用户
U03278,越南,KOL推荐,,0,,4,1,1,一般发展用户
U03279,菲律宾,KOL推荐,,0,,4,1,1,一般发展用户
U03282,菲律宾,内容营销,,0,,4,1,1,一般发展用户
U03283,菲律宾,自然搜索,,0,,4,1,1,一般发展用户
U03284,越南,内容营销,,0,,4,1,1,一般发展用户
U03286,越南,内容营销,,0,,4,1,1,一般发展用户
U03290,泰国,社交媒体,,0,,4,1,1,一般发展用户
U03295,泰国,自然搜索,,0,,4,1,1,一般发展用户
U03298,越南,社交媒体,,0,,4,1,1,一般发展用户
U03299,菲律宾,自然搜索,,0,,4,1,1,一般发展用户
U03300,越南,付费广告,,0,,4,1,1,一般发展用户
U03301,马来西亚,自然搜索,,0,,4,1,1,一般发展用户
U03304,泰国,自然搜索,,0,,4,1,1,一般发展用户
U03306,越南,内容营销,,0,,4,1,1,一般发展用户
U03307,泰国,自然搜索,,0,,4,1,1,一般发展用户
U03308,越南,社交媒体,,0,,4,1,1,一般发展用户
U03309,越南,自然搜索,,0,,4,1,1,一般发展用户
U03311,印尼,付费广告,,0,,4,1,1,一般发展用户
U03312,印尼,付费广告,,0,,4,1,1,一般发展用户
U03313,泰国,内容营销,,0,,4,1,1,一般发展用户
U03317,泰国,付费广告,,0,,4,1,1,一般发展用户
U03321,泰国,社交媒体,,0,,4,1,1,一般发展用户
U03323,印尼,自然搜索,,0,,4,1,1,一般发展用户
U03324,菲律宾,内容营销,,0,,4,1,1,一般发展用户
U03327,印尼,自然搜索,,0,,4,1,1,一般发展用户
U03328,泰国,KOL推荐,,0,,4,1,1,一般发展用户
U03329,印尼,自然搜索,,0,,4,1,1,一般发展用户
U03330,印尼,KOL推荐,,0,,4,1,1,一般发展用户
U03334,菲律宾,自然搜索,,0,,4,1,1,一般发展用户
U03337,菲律宾,自然搜索,,0,,4,1,1,一般发展用户
U03338,印尼,内容营销,,0,,4,1,1,一般发展用户
U03340,菲律宾,付费广告,,0,,4,1,1,一般发展用户
U03344,印尼,付费广告,,0,,4,1,1,一般发展用户
U03345,印尼,内容营销,,0,,4,1,1,一般发展用户
U03348,越南,自然搜索,,0,,4,1,1,一般发展用户
U03350,泰国,付费广告,,0,,4,1,1,一般发展用户
U03351,越南,自然搜索,,0,,4,1,1,一般发展用户
U03353,印尼,社交媒体,,0,,4,1,1,一般发展用户
U03355,泰国,自然搜索,,0,,4,1,1,一般发展用户
U03364,马来西亚,自然搜索,,0,,4,1,1,一般发展用户
U03366,越南,付费广告,,0,,4,1,1,一般发展用户
U03369,印尼,内容营销,,0,,4,1,1,一般发展用户
U03372,越南,KOL推荐,,0,,4,1,1,一般发展用户
U03375,菲律宾,付费广告,,0,,4,1,1,一般发展用户
U03381,越南,KOL推荐,,0,,4,1,1,一般发展用户
U03388,泰国,内容营销,,0,,4,1,1,一般发展用户
U03389,印尼,付费广告,,0,,4,1,1,一般发展用户
U03392,菲律宾,社交媒体,,0,,4,1,1,一般发展用户
U03393,越南,社交媒体,,0,,4,1,1,一般发展用户
U03399,印尼,付费广告,,0,,4,1,1,一般发展用户
U03402,马来西亚,内容营销,,0,,4,1,1,一般发展用户
U03405,菲律宾,社交媒体,,0,,4,1,1,一般发展用户
U03407,马来西亚,社交媒体,,0,,4,1,1,一般发展用户
U03410,越南,自然搜索,,0,,4,1,1,一般发展用户
U03412,泰国,自然搜索,,0,,4,1,1,一般发展用户
U03415,印尼,付费广告,,0,,4,1,1,一般发展用户
U03416,越南,内容营销,,0,,4,1,1,一般发展用户
U03417,印尼,付费广告,,0,,4,1,1,一般发展用户
U03419,泰国,付费广告,,0,,4,1,1,一般发展用户
U03421,印尼,付费广告,,0,,4,1,1,一般发展用户
U03426,印尼,自然搜索,,0,,4,1,1,一般发展用户
U03428,菲律宾,自然搜索,,0,,4,1,1,一般发展用户
U03432,菲律宾,内容营销,,0,,4,1,1,一般发展用户
U03433,越南,付费广告,,0,,4,1,1,一般发展用户
U03437,印尼,内容营销,,0,,4,1,1,一般发展用户
U03438,马来西亚,内容营销,,0,,4,1,1,一般发展用户
U03441,印尼,付费广告,,0,,4,1,1,一般发展用户
U03443,马来西亚,付费广告,,0,,4,1,1,一般发展用户
U03445,印尼,KOL推荐,,0,,4,1,1,一般发展用户
U03452,印尼,自然搜索,,0,,4,1,1,一般发展用户
U03453,越南,付费广告,,0,,4,1,1,一般发展用户
U03457,印尼,付费广告,,0,,4,1,1,一般发展用户
U03458,印尼,内容营销,,0,,4,1,1,一般发展用户
U03460,越南,自然搜索,,0,,4,1,1,一般发展用户
U03461,泰国,自然搜索,,0,,4,1,1,一般发展用户
U03464,泰国,社交媒体,,0,,4,1,1,一般发展用户
U03468,菲律宾,自然搜索,,0,,4,1,1,一般发展用户
U03471,菲律宾,自然搜索,,0,,4,1,1,一般发展用户
U03472,印尼,内容营销,,0,,4,1,1,一般发展用户
U03476,马来西亚,社交媒体,,0,,4,1,1,一般发展用户
U03478,印尼,付费广告,,0,,4,1,1,一般发展用户
U03485,印尼,付费广告,,0,,4,1,1,一般发展用户
U03486,越南,付费广告,,0,,4,1,1,一般发展用户
U03488,泰国,KOL推荐,,0,,4,1,1,一般发展用户
U03489,越南,付费广告,,0,,4,1,1,一般发展用户
U03492,菲律宾,付费广告,,0,,4,1,1,一般发展用户
U03499,印尼,内容营销,,0,,4,1,1,一般发展用户
U03503,泰国,付费广告,,0,,4,1,1,一般发展用户
U03509,泰国,付费广告,,0,,4,1,1,一般发展用户
U03510,越南,自然搜索,,0,,4,1,1,一般发展用户
U03515,马来西亚,社交媒体,,0,,4,1,1,一般发展用户
U03520,泰国,社交媒体,,0,,4,1,1,一般发展用户
U03522,越南,自然搜索,,0,,4,1,1,一般发展用户
U03523,泰国,自然搜索,,0,,4,1,1,一般发展用户
U03525,泰国,KOL推荐,,0,,4,1,1,一般发展用户
U03528,马来西亚,社交媒体,,0,,4,1,1,一般发展用户
U03531,菲律宾,自然搜索,,0,,4,1,1,一般发展用户
U03532,越南,内容营销,,0,,4,1,1,一般发展用户
U03534,泰国,付费广告,,0,,4,1,1,一般发展用户
U03535,泰国,内容营销,,0,,4,1,1,一般发展用户
U03538,印尼,社交媒体,,0,,4,1,1,一般发展用户
U03539,泰国,社交媒体,,0,,4,1,1,一般发展用户
U03542,泰国,KOL推荐,,0,,4,1,1,一般发展用户
U03544,菲律宾,付费广告,,0,,4,1,1,一般发展用户
U03546,泰国,付费广告,,0,,4,1,1,一般发展用户
U03548,越南,付费广告,,0,,4,1,1,一般发展用户
U03551,泰国,社交媒体,,0,,4,1,1,一般发展用户
U03554,泰国,社交媒体,,0,,4,1,1,一般发展用户
U03556,越南,内容营销,,0,,4,1,1,一般发展用户
U03558,泰国,自然搜索,,0,,4,1,1,一般发展用户
U03561,菲律宾,付费广告,,0,,4,1,1,一般发展用户
U03563,越南,付费广告,,0,,4,1,1,一般发展用户
U03564,越南,KOL推荐,,0,,4,1,1,一般发展用户
U03565,印尼,付费广告,,0,,4,1,1,一般发展用户
U03571,印尼,付费广告,,0,,4,1,1,一般发展用户
U03573,马来西亚,付费广告,,0,,4,1,1,一般发展用户
U03578,印尼,社交媒体,,0,,4,1,1,一般发展用户
U03579,印尼,KOL推荐,,0,,4,1,1,一般发展用户
U03580,印尼,自然搜索,,0,,4,1,1,一般发展用户
U03581,菲律宾,付费广告,,0,,4,1,1,一般发展用户
U03585,越南,社交媒体,,0,,4,1,1,一般发展用户
U03589,泰国,社交媒体,,0,,4,1,1,一般发展用户
U03590,马来西亚,付费广告,,0,,4,1,1,一般发展用户
U03592,印尼,付费广告,,0,,4,1,1,一般发展用户
U03599,印尼,社交媒体,,0,,4,1,1,一般发展用户
U03602,泰国,内容营销,,0,,4,1,1,一般发展用户
U03603,越南,KOL推荐,,0,,4,1,1,一般发展用户
U03604,泰国,付费广告,,0,,4,1,1,一般发展用户
U03606,菲律宾,付费广告,,0,,4,1,1,一般发展用户
U03612,越南,自然搜索,,0,,4,1,1,一般发展用户
U03614,越南,自然搜索,,0,,4,1,1,一般发展用户
U03615,泰国,KOL推荐,,0,,4,1,1,一般发展用户
U03620,印尼,社交媒体,,0,,4,1,1,一般发展用户
U03624,泰国,自然搜索,,0,,4,1,1,一般发展用户
U03626,泰国,KOL推荐,,0,,4,1,1,一般发展用户
U03628,菲律宾,付费广告,,0,,4,1,1,一般发展用户
U03629,印尼,付费广告,,0,,4,1,1,一般发展用户
U03630,菲律宾,内容营销,,0,,4,1,1,一般发展用户
U03631,泰国,内容营销,,0,,4,1,1,一般发展用户
U03633,越南,内容营销,,0,,4,1,1,一般发展用户
U03634,泰国,付费广告,,0,,4,1,1,一般发展用户
U03638,越南,付费广告,,0,,4,1,1,一般发展用户
U03640,泰国,内容营销,,0,,4,1,1,一般发展用户
U03641,马来西亚,KOL推荐,,0,,4,1,1,一般发展用户
U03643,越南,社交媒体,,0,,4,1,1,一般发展用户
U03644,菲律宾,付费广告,,0,,4,1,1,一般发展用户
U03646,印尼,付费广告,,0,,4,1,1,一般发展用户
U03647,越南,付费广告,,0,,4,1,1,一般发展用户
U03648,印尼,自然搜索,,0,,4,1,1,一般发展用户
U03651,越南,社交媒体,,0,,4,1,1,一般发展用户
U03652,菲律宾,自然搜索,,0,,4,1,1,一般发展用户
U03654,泰国,内容营销,,0,,4,1,1,一般发展用户
U03657,印尼,内容营销,,0,,4,1,1,一般发展用户
U03660,印尼,内容营销,,0,,4,1,1,一般发展用户
U03661,印尼,内容营销,,0,,4,1,1,一般发展用户
U03662,泰国,社交媒体,,0,,4,1,1,一般发展用户
U03663,泰国,KOL推荐,,0,,4,1,1,一般发展用户
U03666,菲律宾,社交媒体,,0,,4,1,1,一般发展用户
U03668,泰国,社交媒体,,0,,4,1,1,一般发展用户
U03673,泰国,内容营销,,0,,4,1,1,一般发展用户
U03680,菲律宾,自然搜索,,0,,4,1,1,一般发展用户
U03681,泰国,自然搜索,,0,,4,1,1,一般发展用户
U03682,菲律宾,付费广告,,0,,4,1,1,一般发展用户
U03683,泰国,付费广告,,0,,4,1,1,一般发展用户
U03685,印尼,付费广告,,0,,4,1,1,一般发展用户
U03692,菲律宾,KOL推荐,,0,,4,1,1,一般发展用户
U03693,泰国,内容营销,,0,,4,1,1,一般发展用户
U03698,马来西亚,内容营销,,0,,4,1,1,一般发展用户
U03699,越南,自然搜索,,0,,4,1,1,一般发展用户
U03702,越南,自然搜索,,0,,4,1,1,一般发展用户
U03707,越南,内容营销,,0,,4,1,1,一般发展用户
U03708,越南,付费广告,,0,,4,1,1,一般发展用户
U03711,印尼,自然搜索,,0,,4,1,1,一般发展用户
U03714,马来西亚,自然搜索,,0,,4,1,1,一般发展用户
U03715,越南,付费广告,,0,,4,1,1,一般发展用户
U03716,越南,自然搜索,,0,,4,1,1,一般发展用户
U03717,泰国,社交媒体,,0,,4,1,1,一般发展用户
U03719,越南,付费广告,,0,,4,1,1,一般发展用户
U03737,菲律宾,社交媒体,,0,,4,1,1,一般发展用户
U03739,印尼,付费广告,,0,,4,1,1,一般发展用户
U03740,马来西亚,付费广告,,0,,4,1,1,一般发展用户
U03743,泰国,内容营销,,0,,4,1,1,一般发展用户
U03745,泰国,自然搜索,,0,,4,1,1,一般发展用户
U03746,印尼,自然搜索,,0,,4,1,1,一般发展用户
U03754,越南,付费广告,,0,,4,1,1,一般发展用户
U03755,泰国,付费广告,,0,,4,1,1,一般发展用户
U03759,菲律宾,付费广告,,0,,4,1,1,一般发展用户
U03762,印尼,社交媒体,,0,,4,1,1,一般发展用户
U03765,越南,社交媒体,,0,,4,1,1,一般发展用户
U03767,越南,自然搜索,,0,,4,1,1,一般发展用户
U03768,泰国,自然搜索,,0,,4,1,1,一般发展用户
U03770,印尼,自然搜索,,0,,4,1,1,一般发展用户
U03772,越南,自然搜索,,0,,4,1,1,一般发展用户
U03774,印尼,内容营销,,0,,4,1,1,一般发展用户
U03775,马来西亚,付费广告,,0,,4,1,1,一般发展用户
U03776,菲律宾,自然搜索,,0,,4,1,1,一般发展用户
U03777,印尼,付费广告,,0,,4,1,1,一般发展用户
U03782,泰国,社交媒体,,0,,4,1,1,一般发展用户
U03783,菲律宾,社交媒体,,0,,4,1,1,一般发展用户
U03786,印尼,内容营销,,0,,4,1,1,一般发展用户
U03788,泰国,付费广告,,0,,4,1,1,一般发展用户
U03791,泰国,自然搜索,,0,,4,1,1,一般发展用户
U03794,泰国,付费广告,,0,,4,1,1,一般发展用户
U03797,泰国,付费广告,,0,,4,1,1,一般发展用户
U03798,泰国,自然搜索,,0,,4,1,1,一般发展用户
U03801,马来西亚,付费广告,,0,,4,1,1,一般发展用户
U03807,越南,自然搜索,,0,,4,1,1,一般发展用户
U03811,越南,内容营销,,0,,4,1,1,一般发展用户
U03819,印尼,付费广告,,0,,4,1,1,一般发展用户
U03820,越南,内容营销,,0,,4,1,1,一般发展用户
U03821,越南,社交媒体,,0,,4,1,1,一般发展用户
U03823,越南,KOL推荐,,0,,4,1,1,一般发展用户
U03827,印尼,内容营销,,0,,4,1,1,一般发展用户
U03830,越南,付费广告,,0,,4,1,1,一般发展用户
U03835,越南,自然搜索,,0,,4,1,1,一般发展用户
U03842,印尼,内容营销,,0,,4,1,1,一般发展用户
U03844,泰国,内容营销,,0,,4,1,1,一般发展用户
U03845,印尼,自然搜索,,0,,4,1,1,一般发展用户
U03850,越南,付费广告,,0,,4,1,1,一般发展用户
U03852,印尼,内容营销,,0,,4,1,1,一般发展用户
U03853,马来西亚,KOL推荐,,0,,4,1,1,一般发展用户
U03854,印尼,社交媒体,,0,,4,1,1,一般发展用户
U03858,越南,KOL推荐,,0,,4,1,1,一般发展用户
U03860,菲律宾,内容营销,,0,,4,1,1,一般发展用户
U03868,印尼,社交媒体,,0,,4,1,1,一般发展用户
U03870,越南,内容营销,,0,,4,1,1,一般发展用户
U03871,泰国,付费广告,,0,,4,1,1,一般发展用户
U03876,泰国,KOL推荐,,0,,4,1,1,一般发展用户
U03877,菲律宾,付费广告,,0,,4,1,1,一般发展用户
U03879,泰国,内容营销,,0,,4,1,1,一般发展用户
U03880,印尼,付费广告,,0,,4,1,1,一般发展用户
U03888,印尼,社交媒体,,0,,4,1,1,一般发展用户
U03893,越南,付费广告,,0,,4,1,1,一般发展用户
U03894,印尼,付费广告,,0,,4,1,1,一般发展用户
U03896,泰国,自然搜索,,0,,4,1,1,一般发展用户
U03899,菲律宾,自然搜索,,0,,4,1,1,一般发展用户
U03900,越南,自然搜索,,0,,4,1,1,一般发展用户
U03901,越南,内容营销,,0,,4,1,1,一般发展用户
U03902,马来西亚,社交媒体,,0,,4,1,1,一般发展用户
U03906,印尼,KOL推荐,,0,,4,1,1,一般发展用户
U03907,越南,付费广告,,0,,4,1,1,一般发展用户
U03908,印尼,付费广告,,0,,4,1,1,一般发展用户
U03910,泰国,内容营销,,0,,4,1,1,一般发展用户
U03911,越南,社交媒体,,0,,4,1,1,一般发展用户
U03914,马来西亚,内容营销,,0,,4,1,1,一般发展用户
U03915,越南,内容营销,,0,,4,1,1,一般发展用户
U03919,菲律宾,KOL推荐,,0,,4,1,1,一般发展用户
U03920,马来西亚,KOL推荐,,0,,4,1,1,一般发展用户
U03921,越南,自然搜索,,0,,4,1,1,一般发展用户
U03923,越南,内容营销,,0,,4,1,1,一般发展用户
U03925,泰国,内容营销,,0,,4,1,1,一般发展用户
U03927,印尼,自然搜索,,0,,4,1,1,一般发展用户
U03929,泰国,自然搜索,,0,,4,1,1,一般发展用户
U03937,泰国,付费广告,,0,,4,1,1,一般发展用户
U03938,泰国,自然搜索,,0,,4,1,1,一般发展用户
U03943,越南,内容营销,,0,,4,1,1,一般发展用户
U03945,泰国,KOL推荐,,0,,4,2,2,一般发展用户
U03947,印尼,付费广告,,0,,4,2,2,一般发展用户
U03948,泰国,付费广告,,0,,4,2,2,一般发展用户
U03950,泰国,内容营销,,0,,4,2,2,一般发展用户
U03953,泰国,社交媒体,,0,,4,2,2,一般发展用户
U03954,泰国,KOL推荐,,0,,4,2,2,一般发展用户
U03958,泰国,付费广告,,0,,4,2,2,一般发展用户
U03959,泰国,内容营销,,0,,4,2,2,一般发展用户
U03961,越南,KOL推荐,,0,,4,2,2,一般发展用户
U03975,马来西亚,内容营销,,0,,4,2,2,一般发展用户
U03978,泰国,付费广告,,0,,4,2,2,一般发展用户
U03983,泰国,自然搜索,,0,,4,2,2,一般发展用户
U03990,泰国,自然搜索,,0,,4,2,2,一般发展用户
U03991,泰国,自然搜索,,0,,4,2,2,一般发展用户
U03993,泰国,自然搜索,,0,,4,2,2,一般发展用户
U03994,印尼,内容营销,,0,,4,2,2,一般发展用户
U03995,越南,自然搜索,,0,,4,2,2,一般发展用户
U03997,越南,付费广告,,0,,4,2,2,一般发展用户
U03999,泰国,付费广告,,0,,4,2,2,一般发展用户
U04001,菲律宾,自然搜索,,0,,4,2,2,一般发展用户
U04003,泰国,KOL推荐,,0,,4,2,2,一般发展用户
U04005,越南,内容营销,,0,,4,2,2,一般发展用户
U04006,越南,付费广告,,0,,4,2,2,一般发展用户
U04011,越南,付费广告,,0,,4,2,2,一般发展用户
U04014,印尼,自然搜索,,0,,4,2,2,一般发展用户
U04022,印尼,内容营销,,0,,4,2,2,一般发展用户
U04024,印尼,付费广告,,0,,4,2,2,一般发展用户
U04025,菲律宾,自然搜索,,0,,4,2,2,一般发展用户
U04027,泰国,社交媒体,,0,,4,2,2,一般发展用户
U04029,越南,付费广告,,0,,4,2,2,一般发展用户
U04030,印尼,付费广告,,0,,4,2,2,一般发展用户
U04032,泰国,KOL推荐,,0,,4,2,2,一般发展用户
U04036,马来西亚,自然搜索,,0,,4,2,2,一般发展用户
U04039,印尼,自然搜索,,0,,4,2,2,一般发展用户
U04040,菲律宾,社交媒体,,0,,4,2,2,一般发展用户
U04041,越南,付费广告,,0,,4,2,2,一般发展用户
U04044,越南,社交媒体,,0,,4,2,2,一般发展用户
U04046,越南,付费广告,,0,,4,2,2,一般发展用户
U04048,菲律宾,KOL推荐,,0,,4,2,2,一般发展用户
U04049,泰国,自然搜索,,0,,4,2,2,一般发展用户
U04050,马来西亚,付费广告,,0,,4,2,2,一般发展用户
U04052,菲律宾,社交媒体,,0,,4,2,2,一般发展用户
U04058,菲律宾,自然搜索,,0,,4,2,2,一般发展用户
U04061,泰国,KOL推荐,,0,,4,2,2,一般发展用户
U04068,印尼,内容营销,,0,,4,2,2,一般发展用户
U04069,菲律宾,付费广告,,0,,4,2,2,一般发展用户
U04070,越南,付费广告,,0,,4,2,2,一般发展用户
U04075,印尼,内容营销,,0,,4,2,2,一般发展用户
U04077,越南,付费广告,,0,,4,2,2,一般发展用户
U04082,印尼,自然搜索,,0,,4,2,2,一般发展用户
U04083,印尼,自然搜索,,0,,4,2,2,一般发展用户
U04089,泰国,付费广告,,0,,4,2,2,一般发展用户
U04090,印尼,付费广告,,0,,4,2,2,一般发展用户
U04093,马来西亚,KOL推荐,,0,,4,2,2,一般发展用户
U04101,越南,付费广告,,0,,4,2,2,一般发展用户
U04104,越南,付费广告,,0,,4,2,2,一般发展用户
U04105,印尼,KOL推荐,,0,,4,2,2,一般发展用户
U04107,泰国,付费广告,,0,,4,2,2,一般发展用户
U04109,印尼,自然搜索,,0,,4,2,2,一般发展用户
U04110,印尼,自然搜索,,0,,4,2,2,一般发展用户
U04111,印尼,社交媒体,,0,,5,2,2,一般发展用户
U04112,泰国,付费广告,,0,,5,2,2,一般发展用户
U04113,泰国,KOL推荐,,0,,5,2,2,一般发展用户
U04116,马来西亚,付费广告,,0,,5,2,2,一般发展用户
U04117,越南,KOL推荐,,0,,5,2,2,一般发展用户
U04118,泰国,KOL推荐,,0,,5,2,2,一般发展用户
U04119,印尼,KOL推荐,,0,,5,2,2,一般发展用户
U04121,印尼,付费广告,,0,,5,2,2,一般发展用户
U04122,印尼,社交媒体,,0,,5,2,2,一般发展用户
U04124,菲律宾,付费广告,,0,,5,2,2,一般发展用户
U04126,印尼,付费广告,,0,,5,2,2,一般发展用户
U04127,马来西亚,内容营销,,0,,5,2,2,一般发展用户
U04136,印尼,KOL推荐,,0,,5,2,2,一般发展用户
U04138,印尼,自然搜索,,0,,5,2,2,一般发展用户
U04140,越南,社交媒体,,0,,5,2,2,一般发展用户
U04141,泰国,内容营销,,0,,5,2,2,一般发展用户
U04144,马来西亚,付费广告,,0,,5,2,2,一般发展用户
U04149,菲律宾,付费广告,,0,,5,2,2,一般发展用户
U04150,泰国,付费广告,,0,,5,2,2,一般发展用户
U04154,越南,社交媒体,,0,,5,2,2,一般发展用户
U04155,泰国,付费广告,,0,,5,2,2,一般发展用户
U04157,菲律宾,自然搜索,,0,,5,2,2,一般发展用户
U04158,马来西亚,付费广告,,0,,5,2,2,一般发展用户
U04160,印尼,付费广告,,0,,5,2,2,一般发展用户
U04165,越南,社交媒体,,0,,5,2,2,一般发展用户
U04166,泰国,内容营销,,0,,5,2,2,一般发展用户
U04171,马来西亚,内容营销,,0,,5,2,2,一般发展用户
U04176,印尼,自然搜索,,0,,5,2,2,一般发展用户
U04178,越南,付费广告,,0,,5,2,2,一般发展用户
U04179,越南,自然搜索,,0,,5,2,2,一般发展用户
U04181,印尼,内容营销,,0,,5,2,2,一般发展用户
U04183,越南,付费广告,,0,,5,2,2,一般发展用户
U04188,印尼,付费广告,,0,,5,2,2,一般发展用户
U04190,菲律宾,社交媒体,,0,,5,2,2,一般发展用户
U04191,菲律宾,自然搜索,,0,,5,2,2,一般发展用户
U04193,印尼,社交媒体,,0,,5,2,2,一般发展用户
U04195,泰国,付费广告,,0,,5,2,2,一般发展用户
U04196,泰国,KOL推荐,,0,,5,2,2,一般发展用户
U04197,越南,自然搜索,,0,,5,2,2,一般发展用户
U04199,印尼,社交媒体,,0,,5,2,2,一般发展用户
U04205,印尼,自然搜索,,0,,5,2,2,一般发展用户
U04206,印尼,内容营销,,0,,5,2,2,一般发展用户
U04207,印尼,社交媒体,,0,,5,2,2,一般发展用户
U04208,泰国,付费广告,,0,,5,2,2,一般发展用户
U04209,泰国,自然搜索,,0,,5,2,2,一般发展用户
U04211,印尼,付费广告,,0,,5,2,2,一般发展用户
U04212,印尼,内容营销,,0,,5,2,2,一般发展用户
U04214,印尼,社交媒体,,0,,5,2,2,一般发展用户
U04217,印尼,社交媒体,,0,,5,2,2,一般发展用户
U04220,越南,自然搜索,,0,,5,2,2,一般发展用户
U04221,印尼,自然搜索,,0,,5,2,2,一般发展用户
U04224,印尼,KOL推荐,,0,,5,2,2,一般发展用户
U04228,越南,社交媒体,,0,,5,2,2,一般发展用户
U04229,泰国,付费广告,,0,,5,2,2,一般发展用户
U04231,印尼,内容营销,,0,,5,2,2,一般发展用户
U04232,越南,自然搜索,,0,,5,2,2,一般发展用户
U04233,马来西亚,自然搜索,,0,,5,2,2,一般发展用户
U04234,泰国,付费广告,,0,,5,2,2,一般发展用户
U04235,越南,内容营销,,0,,5,2,2,一般发展用户
U04238,印尼,付费广告,,0,,5,2,2,一般发展用户
U04239,越南,内容营销,,0,,5,2,2,一般发展用户
U04240,印尼,自然搜索,,0,,5,2,2,一般发展用户
U04242,菲律宾,内容营销,,0,,5,2,2,一般发展用户
U04243,越南,内容营销,,0,,5,2,2,一般发展用户
U04244,越南,自然搜索,,0,,5,2,2,一般发展用户
U04246,越南,自然搜索,,0,,5,2,2,一般发展用户
U04248,印尼,自然搜索,,0,,5,2,2,一般发展用户
U04249,马来西亚,内容营销,,0,,5,2,2,一般发展用户
U04251,泰国,KOL推荐,,0,,5,2,2,一般发展用户
U04252,越南,KOL推荐,,0,,5,2,2,一般发展用户
U04254,泰国,KOL推荐,,0,,5,2,2,一般发展用户
U04256,马来西亚,付费广告,,0,,5,2,2,一般发展用户
U04259,越南,KOL推荐,,0,,5,2,2,一般发展用户
U04262,越南,KOL推荐,,0,,5,2,2,一般发展用户
U04263,越南,自然搜索,,0,,5,2,2,一般发展用户
U04264,印尼,KOL推荐,,0,,5,2,2,一般发展用户
U04265,越南,付费广告,,0,,5,2,2,一般发展用户
U04266,印尼,自然搜索,,0,,5,2,2,一般发展用户
U04272,泰国,内容营销,,0,,5,2,2,一般发展用户
U04274,印尼,付费广告,,0,,5,2,2,一般发展用户
U04275,印尼,付费广告,,0,,5,2,2,一般发展用户
U04278,泰国,社交媒体,,0,,5,2,2,一般发展用户
U04279,越南,付费广告,,0,,5,2,2,一般发展用户
U04280,泰国,付费广告,,0,,5,2,2,一般发展用户
U04282,泰国,自然搜索,,0,,5,2,2,一般发展用户
U04283,泰国,付费广告,,0,,5,2,2,一般发展用户
U04286,菲律宾,KOL推荐,,0,,5,2,2,一般发展用户
U04288,越南,自然搜索,,0,,5,2,2,一般发展用户
U04289,菲律宾,自然搜索,,0,,5,2,2,一般发展用户
U04291,泰国,付费广告,,0,,5,2,2,一般发展用户
U04294,越南,付费广告,,0,,5,2,2,一般发展用户
U04295,越南,内容营销,,0,,5,2,2,一般发展用户
U04300,泰国,内容营销,,0,,5,2,2,一般发展用户
U04301,马来西亚,社交媒体,,0,,5,2,2,一般发展用户
U04302,菲律宾,付费广告,,0,,5,2,2,一般发展用户
U04307,印尼,内容营销,,0,,5,2,2,一般发展用户
U04318,越南,自然搜索,,0,,5,2,2,一般发展用户
U04320,印尼,付费广告,,0,,5,2,2,一般发展用户
U04328,泰国,内容营销,,0,,5,2,2,一般发展用户
U04331,泰国,内容营销,,0,,5,2,2,一般发展用户
U04337,马来西亚,付费广告,,0,,5,2,2,一般发展用户
U04338,越南,KOL推荐,,0,,5,2,2,一般发展用户
U04343,菲律宾,社交媒体,,0,,5,2,2,一般发展用户
U04347,印尼,KOL推荐,,0,,5,2,2,一般发展用户
U04349,印尼,自然搜索,,0,,5,2,2,一般发展用户
U04350,菲律宾,社交媒体,,0,,5,2,2,一般发展用户
U04355,印尼,自然搜索,,0,,5,2,2,一般发展用户
U04356,泰国,KOL推荐,,0,,5,2,2,一般发展用户
U04359,泰国,付费广告,,0,,5,2,2,一般发展用户
U04360,泰国,KOL推荐,,0,,5,2,2,一般发展用户
U04361,印尼,付费广告,,0,,5,2,2,一般发展用户
U04366,泰国,KOL推荐,,0,,5,2,2,一般发展用户
U04368,泰国,付费广告,,0,,5,2,2,一般发展用户
U04369,泰国,KOL推荐,,0,,5,2,2,一般发展用户
U04371,越南,付费广告,,0,,5,2,2,一般发展用户
U04374,印尼,内容营销,,0,,5,2,2,一般发展用户
U04375,印尼,KOL推荐,,0,,5,2,2,一般发展用户
U04376,越南,自然搜索,,0,,5,2,2,一般发展用户
U04377,菲律宾,社交媒体,,0,,5,2,2,一般发展用户
U04378,泰国,付费广告,,0,,5,2,2,一般发展用户
U04380,泰国,付费广告,,0,,5,2,2,一般发展用户
U04383,印尼,付费广告,,0,,5,2,2,一般发展用户
U04384,菲律宾,付费广告,,0,,5,2,2,一般发展用户
U04387,泰国,付费广告,,0,,5,2,2,一般发展用户
U04389,泰国,付费广告,,0,,5,2,2,一般发展用户
U04390,泰国,社交媒体,,0,,5,2,2,一般发展用户
U04391,印尼,内容营销,,0,,5,2,2,一般发展用户
U04395,菲律宾,付费广告,,0,,5,2,2,一般发展用户
U04397,泰国,自然搜索,,0,,5,2,2,一般发展用户
U04398,泰国,付费广告,,0,,5,2,2,一般发展用户
U04400,泰国,社交媒体,,0,,5,2,2,一般发展用户
U04405,印尼,自然搜索,,0,,5,2,2,一般发展用户
U04406,马来西亚,自然搜索,,0,,5,2,2,一般发展用户
U04408,越南,内容营销,,0,,5,2,2,一般发展用户
U04409,印尼,内容营销,,0,,5,2,2,一般发展用户
U04411,泰国,内容营销,,0,,5,2,2,一般发展用户
U04413,印尼,内容营销,,0,,5,2,2,一般发展用户
U04414,越南,自然搜索,,0,,5,2,2,一般发展用户
U04417,泰国,社交媒体,,0,,5,2,2,一般发展用户
U04418,越南,KOL推荐,,0,,5,2,2,一般发展用户
U04427,泰国,社交媒体,,0,,5,2,2,一般发展用户
U04431,印尼,自然搜索,,0,,5,2,2,一般发展用户
U04434,泰国,付费广告,,0,,5,2,2,一般发展用户
U04435,越南,内容营销,,0,,5,2,2,一般发展用户
U04436,越南,付费广告,,0,,5,2,2,一般发展用户
U04444,越南,自然搜索,,0,,5,2,2,一般发展用户
U04445,马来西亚,自然搜索,,0,,5,2,2,一般发展用户
U04447,菲律宾,内容营销,,0,,5,2,2,一般发展用户
U04448,越南,社交媒体,,0,,5,2,2,一般发展用户
U04452,菲律宾,自然搜索,,0,,5,2,2,一般发展用户
U04456,印尼,自然搜索,,0,,5,2,2,一般发展用户
U04472,泰国,付费广告,,0,,5,2,2,一般发展用户
U04473,越南,付费广告,,0,,5,2,2,一般发展用户
U04476,越南,自然搜索,,0,,5,2,2,一般发展用户
U04478,印尼,付费广告,,0,,5,2,2,一般发展用户
U04479,印尼,自然搜索,,0,,5,2,2,一般发展用户
U04480,泰国,KOL推荐,,0,,5,2,2,一般发展用户
U04488,菲律宾,自然搜索,,0,,5,2,2,一般发展用户
U04490,越南,KOL推荐,,0,,5,2,2,一般发展用户
U04491,印尼,自然搜索,,0,,5,2,2,一般发展用户
U04494,印尼,自然搜索,,0,,5,2,2,一般发展用户
U04496,印尼,社交媒体,,0,,5,2,2,一般发展用户
U04497,泰国,付费广告,,0,,5,2,2,一般发展用户
U04499,越南,KOL推荐,,0,,5,2,2,一般发展用户
U04501,印尼,自然搜索,,0,,5,2,2,一般发展用户
U04505,越南,内容营销,,0,,5,2,2,一般发展用户
U04506,印尼,社交媒体,,0,,5,2,2,一般发展用户
U04507,泰国,内容营销,,0,,5,2,2,一般发展用户
U04511,印尼,内容营销,,0,,5,2,2,一般发展用户
U04512,泰国,自然搜索,,0,,5,2,2,一般发展用户
U04514,印尼,KOL推荐,,0,,5,2,2,一般发展用户
U04516,印尼,付费广告,,0,,5,2,2,一般发展用户
U04519,泰国,社交媒体,,0,,5,2,2,一般发展用户
U04520,菲律宾,自然搜索,,0,,5,2,2,一般发展用户
U04523,印尼,付费广告,,0,,5,2,2,一般发展用户
U04524,菲律宾,自然搜索,,0,,5,2,2,一般发展用户
U04525,越南,社交媒体,,0,,5,2,2,一般发展用户
U04528,印尼,社交媒体,,0,,5,2,2,一般发展用户
U04535,印尼,社交媒体,,0,,5,2,2,一般发展用户
U04537,印尼,社交媒体,,0,,5,2,2,一般发展用户
U04540,泰国,自然搜索,,0,,5,2,2,一般发展用户
U04543,越南,自然搜索,,0,,5,2,2,一般发展用户
U04544,越南,付费广告,,0,,5,2,2,一般发展用户
U04546,泰国,社交媒体,,0,,5,2,2,一般发展用户
U04549,菲律宾,内容营销,,0,,5,2,2,一般发展用户
U04551,泰国,自然搜索,,0,,5,2,2,一般发展用户
U04555,印尼,付费广告,,0,,5,2,2,一般发展用户
U04558,马来西亚,内容营销,,0,,5,2,2,一般发展用户
U04559,马来西亚,社交媒体,,0,,5,2,2,一般发展用户
U04563,泰国,内容营销,,0,,5,2,2,一般发展用户
U04565,菲律宾,KOL推荐,,0,,5,2,2,一般发展用户
U04566,越南,社交媒体,,0,,5,2,2,一般发展用户
U04570,印尼,内容营销,,0,,5,2,2,一般发展用户
U04572,泰国,自然搜索,,0,,5,2,2,一般发展用户
U04573,菲律宾,自然搜索,,0,,5,2,2,一般发展用户
U04576,越南,自然搜索,,0,,5,2,2,一般发展用户
U04580,马来西亚,KOL推荐,,0,,5,2,2,一般发展用户
U04581,越南,内容营销,,0,,5,2,2,一般发展用户
U04583,菲律宾,KOL推荐,,0,,5,2,2,一般发展用户
U04584,印尼,自然搜索,,0,,5,2,2,一般发展用户
U04585,马来西亚,付费广告,,0,,5,2,2,一般发展用户
U04586,越南,自然搜索,,0,,5,2,2,一般发展用户
U04590,印尼,内容营销,,0,,5,2,2,一般发展用户
U04592,印尼,付费广告,,0,,5,2,2,一般发展用户
U04595,印尼,自然搜索,,0,,5,2,2,一般发展用户
U04596,印尼,社交媒体,,0,,5,2,2,一般发展用户
U04600,泰国,付费广告,,0,,5,2,2,一般发展用户
U04601,菲律宾,付费广告,,0,,5,2,2,一般发展用户
U04607,泰国,内容营销,,0,,5,2,2,一般发展用户
U04608,马来西亚,内容营销,,0,,5,2,2,一般发展用户
U04613,泰国,付费广告,,0,,5,2,2,一般发展用户
U04619,菲律宾,社交媒体,,0,,5,2,2,一般发展用户
U04620,菲律宾,社交媒体,,0,,5,2,2,一般发展用户
U04622,泰国,内容营销,,0,,5,2,2,一般发展用户
U04623,印尼,自然搜索,,0,,5,2,2,一般发展用户
U04624,马来西亚,付费广告,,0,,5,2,2,一般发展用户
U04625,印尼,自然搜索,,0,,5,2,2,一般发展用户
U04626,越南,付费广告,,0,,5,2,2,一般发展用户
U04629,印尼,社交媒体,,0,,5,2,2,一般发展用户
U04630,泰国,付费广告,,0,,5,2,2,一般发展用户
U04634,泰国,社交媒体,,0,,5,2,2,一般发展用户
U04635,马来西亚,自然搜索,,0,,5,2,2,一般发展用户
U04637,印尼,KOL推荐,,0,,5,2,2,一般发展用户
U04640,马来西亚,付费广告,,0,,5,2,2,一般发展用户
U04644,印尼,付费广告,,0,,5,2,2,一般发展用户
U04646,印尼,自然搜索,,0,,5,2,2,一般发展用户
U04648,菲律宾,社交媒体,,0,,5,2,2,一般发展用户
U04650,泰国,付费广告,,0,,5,2,2,一般发展用户
U04651,印尼,自然搜索,,0,,5,2,2,一般发展用户
U04655,泰国,自然搜索,,0,,5,2,2,一般发展用户
U04657,印尼,自然搜索,,0,,5,2,2,一般发展用户
U04660,印尼,付费广告,,0,,5,2,2,一般发展用户
U04661,印尼,社交媒体,,0,,5,2,2,一般发展用户
U04662,越南,社交媒体,,0,,5,2,2,一般发展用户
U04663,菲律宾,社交媒体,,0,,5,2,2,一般发展用户
U04664,菲律宾,付费广告,,0,,5,2,2,一般发展用户
U04668,印尼,付费广告,,0,,5,2,2,一般发展用户
U04671,菲律宾,自然搜索,,0,,5,2,2,一般发展用户
U04672,印尼,社交媒体,,0,,5,2,2,一般发展用户
U04679,印尼,自然搜索,,0,,5,2,2,一般发展用户
U04680,越南,社交媒体,,0,,5,2,2,一般发展用户
U04681,泰国,社交媒体,,0,,5,2,2,一般发展用户
U04683,越南,自然搜索,,0,,5,2,2,一般发展用户
U04684,菲律宾,付费广告,,0,,5,2,2,一般发展用户
U04685,越南,内容营销,,0,,5,2,2,一般发展用户
U04686,泰国,社交媒体,,0,,5,2,2,一般发展用户
U04687,泰国,自然搜索,,0,,5,2,2,一般发展用户
U04689,马来西亚,付费广告,,0,,5,2,2,一般发展用户
U04690,越南,社交媒体,,0,,5,2,2,一般发展用户
U04694,越南,社交媒体,,0,,5,2,2,一般发展用户
U04695,菲律宾,社交媒体,,0,,5,2,2,一般发展用户
U04696,印尼,自然搜索,,0,,5,2,2,一般发展用户
U04699,马来西亚,自然搜索,,0,,5,2,2,一般发展用户
U04702,印尼,KOL推荐,,0,,5,2,2,一般发展用户
U04703,印尼,社交媒体,,0,,5,2,2,一般发展用户
U04704,越南,自然搜索,,0,,5,2,2,一般发展用户
U04707,泰国,KOL推荐,,0,,5,2,2,一般发展用户
U04717,马来西亚,社交媒体,,0,,5,2,2,一般发展用户
U04730,泰国,自然搜索,,0,,5,2,2,一般发展用户
U04732,印尼,社交媒体,,0,,5,2,2,一般发展用户
U04733,马来西亚,自然搜索,,0,,5,2,2,一般发展用户
U04735,泰国,付费广告,,0,,5,2,2,一般发展用户
U04736,印尼,自然搜索,,0,,5,2,2,一般发展用户
U04742,泰国,付费广告,,0,,5,2,2,一般发展用户
U04744,泰国,内容营销,,0,,5,2,2,一般发展用户
U04746,泰国,自然搜索,,0,,5,2,2,一般发展用户
U04747,泰国,KOL推荐,,0,,5,2,2,一般发展用户
U04749,菲律宾,付费广告,,0,,5,2,2,一般发展用户
U04752,印尼,自然搜索,,0,,5,2,2,一般发展用户
U04756,泰国,付费广告,,0,,5,2,2,一般发展用户
U04758,越南,自然搜索,,0,,5,2,2,一般发展用户
U04759,马来西亚,付费广告,,0,,5,2,2,一般发展用户
U04762,菲律宾,付费广告,,0,,5,2,2,一般发展用户
U04763,泰国,社交媒体,,0,,5,2,2,一般发展用户
U04766,菲律宾,社交媒体,,0,,5,2,2,一般发展用户
U04767,泰国,内容营销,,0,,5,2,2,一般发展用户
U04768,印尼,付费广告,,0,,5,2,2,一般发展用户
U04770,泰国,社交媒体,,0,,5,2,2,一般发展用户
U04772,泰国,自然搜索,,0,,5,2,2,一般发展用户
U04773,菲律宾,付费广告,,0,,5,2,2,一般发展用户
U04776,泰国,自然搜索,,0,,5,2,2,一般发展用户
U04777,越南,内容营销,,0,,5,2,2,一般发展用户
U04779,泰国,付费广告,,0,,5,2,2,一般发展用户
U04781,泰国,内容营销,,0,,5,2,2,一般发展用户
U04782,印尼,自然搜索,,0,,5,2,2,一般发展用户
U04784,越南,付费广告,,0,,5,2,2,一般发展用户
U04785,越南,KOL推荐,,0,,5,2,2,一般发展用户
U04789,越南,付费广告,,0,,5,2,2,一般发展用户
U04792,泰国,KOL推荐,,0,,5,2,2,一般发展用户
U04796,泰国,KOL推荐,,0,,5,2,2,一般发展用户
U04798,泰国,社交媒体,,0,,5,2,2,一般发展用户
U04803,泰国,自然搜索,,0,,5,2,2,一般发展用户
U04804,菲律宾,KOL推荐,,0,,5,2,2,一般发展用户
U04805,印尼,KOL推荐,,0,,5,2,2,一般发展用户
U04809,菲律宾,社交媒体,,0,,5,2,2,一般发展用户
U04810,泰国,付费广告,,0,,5,2,2,一般发展用户
U04811,菲律宾,社交媒体,,0,,5,2,2,一般发展用户
U04812,泰国,付费广告,,0,,5,2,2,一般发展用户
U04814,菲律宾,自然搜索,,0,,5,2,2,一般发展用户
U04815,马来西亚,自然搜索,,0,,5,2,2,一般发展用户
U04817,菲律宾,内容营销,,0,,5,2,2,一般发展用户
U04818,菲律宾,付费广告,,0,,5,2,2,一般发展用户
U04822,越南,自然搜索,,0,,5,2,2,一般发展用户
U04823,越南,社交媒体,,0,,5,2,2,一般发展用户
U04825,泰国,自然搜索,,0,,5,2,2,一般发展用户
U04831,印尼,自然搜索,,0,,5,2,2,一般发展用户
U04832,印尼,付费广告,,0,,5,2,2,一般发展用户
U04838,泰国,自然搜索,,0,,5,2,2,一般发展用户
U04842,越南,付费广告,,0,,5,2,2,一般发展用户
U04847,泰国,内容营销,,0,,5,2,2,一般发展用户
U04849,泰国,付费广告,,0,,5,2,2,一般发展用户
U04852,菲律宾,内容营销,,0,,5,2,2,一般发展用户
U04853,越南,付费广告,,0,,5,2,2,一般发展用户
U04857,马来西亚,社交媒体,,0,,5,2,2,一般发展用户
U04858,马来西亚,付费广告,,0,,5,2,2,一般发展用户
U04862,泰国,付费广告,,0,,5,2,2,一般发展用户
U04865,印尼,KOL推荐,,0,,5,2,2,一般发展用户
U04871,泰国,内容营销,,0,,5,2,2,一般发展用户
U04879,菲律宾,自然搜索,,0,,5,2,2,一般发展用户
U04881,越南,KOL推荐,,0,,5,2,2,一般发展用户
U04883,泰国,付费广告,,0,,5,2,2,一般发展用户
U04884,泰国,自然搜索,,0,,5,2,2,一般发展用户
U04885,菲律宾,自然搜索,,0,,5,2,2,一般发展用户
U04888,泰国,内容营销,,0,,5,2,2,一般发展用户
U04891,泰国,付费广告,,0,,5,2,2,一般发展用户
U04892,印尼,自然搜索,,0,,5,2,2,一般发展用户
U04893,泰国,内容营销,,0,,5,2,2,一般发展用户
U04900,泰国,内容营销,,0,,5,2,2,一般发展用户
U04902,泰国,自然搜索,,0,,5,2,2,一般发展用户
U04906,马来西亚,社交媒体,,0,,5,2,2,一般发展用户
U04908,印尼,KOL推荐,,0,,5,2,2,一般发展用户
U04911,印尼,内容营销,,0,,5,2,2,一般发展用户
U04915,马来西亚,付费广告,,0,,5,2,2,一般发展用户
U04916,越南,付费广告,,0,,5,2,2,一般发展用户
U04917,越南,社交媒体,,0,,5,2,2,一般发展用户
U04921,印尼,自然搜索,,0,,5,2,2,一般发展用户
U04924,泰国,付费广告,,0,,5,2,2,一般发展用户
U04925,越南,付费广告,,0,,5,2,2,一般发展用户
U04927,泰国,付费广告,,0,,5,2,2,一般发展用户
U04930,越南,付费广告,,0,,5,2,2,一般发展用户
U04932,马来西亚,付费广告,,0,,5,2,2,一般发展用户
U04934,印尼,社交媒体,,0,,5,2,2,一般发展用户
U04936,马来西亚,社交媒体,,0,,5,2,2,一般发展用户
U04937,印尼,自然搜索,,0,,5,2,2,一般发展用户
U04941,越南,社交媒体,,0,,5,2,2,一般发展用户
U04944,菲律宾,付费广告,,0,,5,2,2,一般发展用户
U04945,马来西亚,付费广告,,0,,5,2,2,一般发展用户
U04947,印尼,自然搜索,,0,,5,2,2,一般发展用户
U04949,菲律宾,自然搜索,,0,,5,2,2,一般发展用户
U04952,越南,社交媒体,,0,,5,2,2,一般发展用户
U04955,印尼,社交媒体,,0,,5,2,2,一般发展用户
U04958,泰国,付费广告,,0,,5,2,2,一般发展用户
U04959,印尼,内容营销,,0,,5,2,2,一般发展用户
U04960,印尼,自然搜索,,0,,5,2,2,一般发展用户
U04967,印尼,社交媒体,,0,,5,2,2,一般发展用户
U04968,马来西亚,社交媒体,,0,,5,2,2,一般发展用户
U04973,印尼,付费广告,,0,,5,2,2,一般发展用户
U04975,越南,社交媒体,,0,,5,2,2,一般发展用户
U04977,泰国,自然搜索,,0,,5,2,2,一般发展用户
U04978,泰国,自然搜索,,0,,5,2,2,一般发展用户
U04981,泰国,付费广告,,0,,5,2,2,一般发展用户
U04988,印尼,付费广告,,0,,5,2,2,一般发展用户
U04993,印尼,自然搜索,,0,,5,2,2,一般发展用户
U04994,泰国,付费广告,,0,,5,2,2,一般发展用户
U04995,菲律宾,内容营销,,0,,5,2,2,一般发展用户
U05001,印尼,自然搜索,,0,,5,2,2,一般发展用户
U05004,菲律宾,自然搜索,,0,,5,2,2,一般发展用户
U05005,泰国,社交媒体,,0,,5,2,2,一般发展用户
U05008,泰国,自然搜索,,0,,5,2,2,一般发展用户
U05010,泰国,社交媒体,,0,,5,2,2,一般发展用户
U05015,泰国,社交媒体,,0,,5,2,2,一般发展用户
U05016,泰国,KOL推荐,,0,,5,2,2,一般发展用户
U05017,越南,付费广告,,0,,5,2,2,一般发展用户
U05019,菲律宾,内容营销,,0,,5,2,2,一般发展用户
U05020,印尼,社交媒体,,0,,5,2,2,一般发展用户
U05021,越南,内容营销,,0,,5,2,2,一般发展用户
U05023,印尼,社交媒体,,0,,5,2,2,一般发展用户
U05027,泰国,自然搜索,,0,,5,2,2,一般发展用户
U05028,印尼,自然搜索,,0,,5,2,2,一般发展用户
U05032,印尼,付费广告,,0,,5,2,2,一般发展用户
U05033,印尼,自然搜索,,0,,5,2,2,一般发展用户
U05035,越南,社交媒体,,0,,5,2,2,一般发展用户
U05040,菲律宾,付费广告,,0,,5,2,2,一般发展用户
U05041,印尼,社交媒体,,0,,5,2,2,一般发展用户
U05043,印尼,KOL推荐,,0,,5,2,2,一般发展用户
U05044,印尼,付费广告,,0,,5,2,2,一般发展用户
U05047,印尼,社交媒体,,0,,5,2,2,一般发展用户
U05048,越南,内容营销,,0,,5,2,2,一般发展用户
U05051,菲律宾,付费广告,,0,,5,2,2,一般发展用户
U05053,泰国,社交媒体,,0,,5,2,2,一般发展用户
U05060,马来西亚,KOL推荐,,0,,5,2,2,一般发展用户
U05062,印尼,自然搜索,,0,,5,2,2,一般发展用户
U05063,越南,内容营销,,0,,5,2,2,一般发展用户
U05064,印尼,付费广告,,0,,5,2,2,一般发展用户
U05066,印尼,社交媒体,,0,,5,2,2,一般发展用户
U05067,越南,社交媒体,,0,,5,2,2,一般发展用户
U05072,印尼,自然搜索,,0,,5,2,2,一般发展用户
U05073,泰国,付费广告,,0,,5,2,2,一般发展用户
U05074,马来西亚,内容营销,,0,,5,2,2,一般发展用户
U05076,印尼,KOL推荐,,0,,5,2,2,一般发展用户
U05079,越南,内容营销,,0,,5,2,2,一般发展用户
U05082,菲律宾,付费广告,,0,,5,2,2,一般发展用户
U05083,泰国,社交媒体,,0,,5,2,2,一般发展用户
U05085,印尼,自然搜索,,0,,5,2,2,一般发展用户
U05087,泰国,内容营销,,0,,5,2,2,一般发展用户
U05089,泰国,付费广告,,0,,5,2,2,一般发展用户
U05090,泰国,自然搜索,,0,,5,2,2,一般发展用户
U05092,菲律宾,自然搜索,,0,,5,2,2,一般发展用户
U05093,泰国,自然搜索,,0,,5,2,2,一般发展用户
U05095,越南,内容营销,,0,,5,2,2,一般发展用户
U05096,菲律宾,自然搜索,,0,,5,2,2,一般发展用户
U05103,越南,KOL推荐,,0,,5,2,2,一般发展用户
U05104,越南,社交媒体,,0,,5,2,2,一般发展用户
U05105,泰国,社交媒体,,0,,5,2,2,一般发展用户
U05106,越南,付费广告,,0,,5,2,2,一般发展用户
U05108,菲律宾,内容营销,,0,,5,2,2,一般发展用户
U05115,印尼,付费广告,,0,,5,2,2,一般发展用户
U05118,菲律宾,内容营销,,0,,5,2,2,一般发展用户
U05120,越南,社交媒体,,0,,5,2,2,一般发展用户
U05127,泰国,社交媒体,,0,,5,2,2,一般发展用户
U05130,印尼,社交媒体,,0,,5,2,2,一般发展用户
U05131,印尼,自然搜索,,0,,5,2,2,一般发展用户
U05135,越南,内容营销,,0,,5,2,2,一般发展用户
U05136,印尼,内容营销,,0,,5,2,2,一般发展用户
U05137,泰国,自然搜索,,0,,5,2,2,一般发展用户
U05138,印尼,内容营销,,0,,5,2,2,一般发展用户
U05141,泰国,付费广告,,0,,5,2,2,一般发展用户
U05143,菲律宾,自然搜索,,0,,5,2,2,一般发展用户
U05146,印尼,内容营销,,0,,5,2,2,一般发展用户
U05147,菲律宾,社交媒体,,0,,5,2,2,一般发展用户
U05148,印尼,社交媒体,,0,,5,2,2,一般发展用户
U05149,泰国,KOL推荐,,0,,5,2,2,一般发展用户
U05151,泰国,自然搜索,,0,,5,2,2,一般发展用户
U05152,马来西亚,自然搜索,,0,,5,2,2,一般发展用户
U05154,印尼,自然搜索,,0,,5,2,2,一般发展用户
U05155,越南,自然搜索,,0,,5,2,2,一般发展用户
U05156,泰国,自然搜索,,0,,5,2,2,一般发展用户
U05158,印尼,内容营销,,0,,5,2,2,一般发展用户
U05161,泰国,社交媒体,,0,,5,2,2,一般发展用户
U05166,泰国,付费广告,,0,,5,2,2,一般发展用户
U05170,越南,付费广告,,0,,5,2,2,一般发展用户
U05171,印尼,付费广告,,0,,5,2,2,一般发展用户
U05172,泰国,付费广告,,0,,5,2,2,一般发展用户
U05174,越南,自然搜索,,0,,5,2,2,一般发展用户
U05182,泰国,自然搜索,,0,,5,2,2,一般发展用户
U05184,菲律宾,付费广告,,0,,5,2,2,一般发展用户
U05189,越南,内容营销,,0,,5,2,2,一般发展用户
U05190,越南,KOL推荐,,0,,5,2,2,一般发展用户
U05195,菲律宾,KOL推荐,,0,,5,2,2,一般发展用户
U05200,越南,自然搜索,,0,,5,2,2,一般发展用户
U05203,印尼,KOL推荐,,0,,5,2,2,一般发展用户
U05207,越南,KOL推荐,,0,,5,2,2,一般发展用户
U05208,菲律宾,自然搜索,,0,,5,2,2,一般发展用户
U05209,泰国,内容营销,,0,,5,2,2,一般发展用户
U05210,马来西亚,社交媒体,,0,,5,2,2,一般发展用户
U05213,菲律宾,内容营销,,0,,5,2,2,一般发展用户
U05216,越南,付费广告,,0,,5,2,2,一般发展用户
U05219,泰国,付费广告,,0,,5,2,2,一般发展用户
U05220,越南,付费广告,,0,,5,2,2,一般发展用户
U05226,印尼,付费广告,,0,,5,2,2,一般发展用户
U05228,泰国,自然搜索,,0,,5,2,2,一般发展用户
U05229,印尼,付费广告,,0,,5,2,2,一般发展用户
U05230,印尼,自然搜索,,0,,5,2,2,一般发展用户
U05233,越南,自然搜索,,0,,5,2,2,一般发展用户
U05234,印尼,社交媒体,,0,,5,2,2,一般发展用户
U05236,印尼,自然搜索,,0,,5,2,2,一般发展用户
U05238,泰国,内容营销,,0,,5,2,2,一般发展用户
U05240,马来西亚,自然搜索,,0,,5,2,2,一般发展用户
U05241,越南,自然搜索,,0,,5,2,2,一般发展用户
U05242,印尼,自然搜索,,0,,5,2,2,一般发展用户
U05243,马来西亚,社交媒体,,0,,5,2,2,一般发展用户
U05250,越南,社交媒体,,0,,5,2,2,一般发展用户
U05251,马来西亚,付费广告,,0,,5,2,2,一般发展用户
U05253,泰国,付费广告,,0,,5,2,2,一般发展用户
U05256,泰国,自然搜索,,0,,5,2,2,一般发展用户
U05260,泰国,社交媒体,,0,,5,2,2,一般发展用户
U05264,马来西亚,社交媒体,,0,,5,2,2,一般发展用户
U05271,泰国,付费广告,,0,,5,2,2,一般发展用户
U05274,印尼,社交媒体,,0,,5,2,2,一般发展用户
U05276,泰国,付费广告,,0,,5,2,2,一般发展用户
U05278,马来西亚,付费广告,,0,,5,2,2,一般发展用户
U05279,越南,内容营销,,0,,5,2,2,一般发展用户
U05283,菲律宾,自然搜索,,0,,5,2,2,一般发展用户
U05285,印尼,内容营销,,0,,5,2,2,一般发展用户
U05286,马来西亚,内容营销,,0,,5,2,2,一般发展用户
U05288,泰国,付费广告,,0,,5,2,2,一般发展用户
U05295,泰国,自然搜索,,0,,5,2,2,一般发展用户
U05296,越南,内容营销,,0,,5,2,2,一般发展用户
U05297,印尼,社交媒体,,0,,5,2,2,一般发展用户
U05298,越南,付费广告,,0,,5,2,2,一般发展用户
U05299,泰国,自然搜索,,0,,5,2,2,一般发展用户
U05304,越南,社交媒体,,0,,5,2,2,一般发展用户
U05305,印尼,社交媒体,,0,,5,2,2,一般发展用户
U05306,印尼,付费广告,,0,,5,2,2,一般发展用户
U05308,菲律宾,内容营销,,0,,5,2,2,一般发展用户
U05309,菲律宾,付费广告,,0,,5,2,2,一般发展用户
U05312,马来西亚,自然搜索,,0,,5,2,2,一般发展用户
U05314,印尼,付费广告,,0,,5,2,2,一般发展用户
U05315,越南,自然搜索,,0,,5,2,2,一般发展用户
U05318,泰国,内容营销,,0,,5,2,2,一般发展用户
U05319,印尼,社交媒体,,0,,5,2,2,一般发展用户
U05323,马来西亚,付费广告,,0,,5,2,2,一般发展用户
U05326,泰国,付费广告,,0,,5,2,2,一般发展用户
U05328,越南,付费广告,,0,,5,2,2,一般发展用户
U05329,印尼,内容营销,,0,,5,2,2,一般发展用户
U05334,马来西亚,付费广告,,0,,5,2,2,一般发展用户
U05340,菲律宾,KOL推荐,,0,,5,2,2,一般发展用户
U05343,泰国,社交媒体,,0,,5,2,2,一般发展用户
U05344,马来西亚,社交媒体,,0,,5,2,2,一般发展用户
U05349,印尼,付费广告,,0,,5,2,2,一般发展用户
U05351,马来西亚,付费广告,,0,,5,2,2,一般发展用户
U05352,越南,内容营销,,0,,5,2,2,一般发展用户
U05353,印尼,社交媒体,,0,,5,2,2,一般发展用户
U05357,马来西亚,内容营销,,0,,5,2,2,一般发展用户
U05362,印尼,付费广告,,0,,5,2,2,一般发展用户
U05363,印尼,付费广告,,0,,5,2,2,一般发展用户
U05364,印尼,付费广告,,0,,5,2,2,一般发展用户
U05365,马来西亚,社交媒体,,0,,5,2,2,一般发展用户
U05371,越南,自然搜索,,0,,5,2,2,一般发展用户
U05372,越南,自然搜索,,0,,5,2,2,一般发展用户
U05373,菲律宾,社交媒体,,0,,5,2,2,一般发展用户
U05376,印尼,内容营销,,0,,5,2,2,一般发展用户
U05377,越南,内容营销,,0,,5,2,2,一般发展用户
U05381,印尼,自然搜索,,0,,5,2,2,一般发展用户
U05384,印尼,付费广告,,0,,5,2,2,一般发展用户
U05385,印尼,付费广告,,0,,5,2,2,一般发展用户
U05388,印尼,社交媒体,,0,,5,2,2,一般发展用户
U05391,印尼,付费广告,,0,,5,2,2,一般发展用户
U05392,菲律宾,自然搜索,,0,,5,2,2,一般发展用户
U05394,印尼,自然搜索,,0,,5,2,2,一般发展用户
U05396,泰国,付费广告,,0,,5,2,2,一般发展用户
U05397,越南,付费广告,,0,,5,2,2,一般发展用户
U05398,越南,自然搜索,,0,,5,2,2,一般发展用户
U05399,菲律宾,自然搜索,,0,,5,2,2,一般发展用户
U05400,泰国,内容营销,,0,,5,2,2,一般发展用户
U05401,马来西亚,社交媒体,,0,,5,2,2,一般发展用户
U05408,越南,自然搜索,,0,,5,2,2,一般发展用户
U05413,泰国,自然搜索,,0,,5,2,2,一般发展用户
U05416,越南,自然搜索,,0,,5,2,2,一般发展用户
U05421,越南,自然搜索,,0,,5,2,2,一般发展用户
U05429,印尼,付费广告,,0,,5,2,2,一般发展用户
U05430,印尼,自然搜索,,0,,5,2,2,一般发展用户
U05432,印尼,付费广告,,0,,5,2,2,一般发展用户
U05433,泰国,付费广告,,0,,5,2,2,一般发展用户
U05434,印尼,付费广告,,0,,5,2,2,一般发展用户
U05436,泰国,付费广告,,0,,5,2,2,一般发展用户
U05437,菲律宾,KOL推荐,,0,,5,2,2,一般发展用户
U05438,泰国,内容营销,,0,,5,2,2,一般发展用户
U05439,菲律宾,付费广告,,0,,5,2,2,一般发展用户
U05442,泰国,内容营销,,0,,5,2,2,一般发展用户
U05446,越南,付费广告,,0,,5,2,2,一般发展用户
U05448,印尼,KOL推荐,,0,,5,2,2,一般发展用户
U05449,泰国,自然搜索,,0,,5,2,2,一般发展用户
U05451,泰国,社交媒体,,0,,5,2,2,一般发展用户
U05454,印尼,付费广告,,0,,5,2,2,一般发展用户
U05458,马来西亚,内容营销,,0,,5,2,2,一般发展用户
U05461,泰国,自然搜索,,0,,5,2,2,一般发展用户
U05464,越南,社交媒体,,0,,5,2,2,一般发展用户
U05465,印尼,社交媒体,,0,,5,2,2,一般发展用户
U05466,菲律宾,付费广告,,0,,5,2,2,一般发展用户
U05467,菲律宾,KOL推荐,,0,,5,2,2,一般发展用户
U05469,越南,付费广告,,0,,5,2,2,一般发展用户
U05473,印尼,付费广告,,0,,5,2,2,一般发展用户
U05478,菲律宾,付费广告,,0,,5,2,2,一般发展用户
U05481,越南,自然搜索,,0,,5,2,2,一般发展用户
U05482,越南,社交媒体,,0,,5,2,2,一般发展用户
U05483,印尼,自然搜索,,0,,5,2,2,一般发展用户
U05486,泰国,付费广告,,0,,5,2,2,一般发展用户
U05487,印尼,社交媒体,,0,,5,2,2,一般发展用户
U05489,马来西亚,付费广告,,0,,5,2,2,一般发展用户
U05497,菲律宾,自然搜索,,0,,5,2,2,一般发展用户
U05500,印尼,自然搜索,,0,,5,2,2,一般发展用户
U05503,印尼,自然搜索,,0,,5,2,2,一般发展用户
U05507,越南,KOL推荐,,0,,5,2,2,一般发展用户
U05508,越南,付费广告,,0,,5,2,2,一般发展用户
U05514,泰国,自然搜索,,0,,5,2,2,一般发展用户
U05515,菲律宾,付费广告,,0,,5,2,2,一般发展用户
U05516,菲律宾,付费广告,,0,,5,2,2,一般发展用户
U05517,菲律宾,内容营销,,0,,5,2,2,一般发展用户
U05519,印尼,付费广告,,0,,5,2,2,一般发展用户
U05520,菲律宾,付费广告,,0,,5,2,2,一般发展用户
U05524,印尼,社交媒体,,0,,5,2,2,一般发展用户
U05525,泰国,内容营销,,0,,5,2,2,一般发展用户
U05526,印尼,KOL推荐,,0,,5,2,2,一般发展用户
U05527,泰国,付费广告,,0,,5,2,2,一般发展用户
U05529,越南,自然搜索,,0,,5,2,2,一般发展用户
U05530,印尼,内容营销,,0,,5,2,2,一般发展用户
U05532,印尼,付费广告,,0,,5,2,2,一般发展用户
U05534,泰国,付费广告,,0,,5,2,2,一般发展用户
U05536,泰国,付费广告,,0,,5,2,2,一般发展用户
U05543,菲律宾,内容营销,,0,,5,2,2,一般发展用户
U05546,泰国,社交媒体,,0,,5,2,2,一般发展用户
U05547,泰国,社交媒体,,0,,5,2,2,一般发展用户
U05553,印尼,自然搜索,,0,,5,2,2,一般发展用户
U05558,越南,自然搜索,,0,,5,2,2,一般发展用户
U05559,印尼,付费广告,,0,,5,2,2,一般发展用户
U05560,越南,自然搜索,,0,,5,2,2,一般发展用户
U05562,越南,社交媒体,,0,,5,2,2,一般发展用户
U05563,越南,社交媒体,,0,,5,2,2,一般发展用户
U05565,泰国,付费广告,,0,,5,2,2,一般发展用户
U05567,印尼,付费广告,,0,,5,2,2,一般发展用户
U05571,泰国,自然搜索,,0,,5,2,2,一般发展用户
U05574,印尼,付费广告,,0,,5,2,2,一般发展用户
U05575,泰国,KOL推荐,,0,,5,2,2,一般发展用户
U05578,马来西亚,内容营销,,0,,5,2,2,一般发展用户
U05579,越南,社交媒体,,0,,5,2,2,一般发展用户
U05580,泰国,自然搜索,,0,,5,2,2,一般发展用户
U05581,越南,自然搜索,,0,,5,2,2,一般发展用户
U05583,印尼,KOL推荐,,0,,5,2,2,一般发展用户
U05587,越南,自然搜索,,0,,5,2,2,一般发展用户
U05589,印尼,自然搜索,,0,,5,2,2,一般发展用户
U05591,印尼,付费广告,,0,,5,2,2,一般发展用户
U05593,马来西亚,内容营销,,0,,5,2,2,一般发展用户
U05594,越南,付费广告,,0,,5,2,2,一般发展用户
U05596,越南,社交媒体,,0,,5,2,2,一般发展用户
U05597,印尼,自然搜索,,0,,5,2,2,一般发展用户
U05600,越南,自然搜索,,0,,5,2,2,一般发展用户
U05603,印尼,付费广告,,0,,5,2,2,一般发展用户
U05605,印尼,自然搜索,,0,,5,2,2,一般发展用户
U05608,越南,自然搜索,,0,,5,2,2,一般发展用户
U05609,越南,付费广告,,0,,5,2,2,一般发展用户
U05613,泰国,自然搜索,,0,,5,2,2,一般发展用户
U05616,菲律宾,自然搜索,,0,,5,2,2,一般发展用户
U05617,泰国,付费广告,,0,,5,2,2,一般发展用户
U05618,印尼,自然搜索,,0,,5,2,2,一般发展用户
U05622,菲律宾,KOL推荐,,0,,5,2,2,一般发展用户
U05626,越南,付费广告,,0,,5,2,2,一般发展用户
U05627,越南,自然搜索,,0,,5,2,2,一般发展用户
U05628,印尼,内容营销,,0,,5,2,2,一般发展用户
U05630,菲律宾,自然搜索,,0,,5,2,2,一般发展用户
U05633,泰国,社交媒体,,0,,5,2,2,一般发展用户
U05636,印尼,KOL推荐,,0,,5,2,2,一般发展用户
U05639,泰国,社交媒体,,0,,5,2,2,一般发展用户
U05642,越南,社交媒体,,0,,5,2,2,一般发展用户
U05647,印尼,社交媒体,,0,,5,2,2,一般发展用户
U05648,印尼,付费广告,,0,,5,2,2,一般发展用户
U05653,越南,社交媒体,,0,,5,2,2,一般发展用户
U05655,泰国,内容营销,,0,,5,2,2,一般发展用户
U05657,菲律宾,付费广告,,0,,5,2,2,一般发展用户
U05659,印尼,自然搜索,,0,,5,2,2,一般发展用户
U05660,泰国,KOL推荐,,0,,5,2,2,一般发展用户
U05662,菲律宾,社交媒体,,0,,5,2,2,一般发展用户
U05663,印尼,社交媒体,,0,,5,2,2,一般发展用户
U05670,菲律宾,自然搜索,,0,,5,2,2,一般发展用户
U05671,越南,自然搜索,,0,,5,2,2,一般发展用户
U05674,马来西亚,内容营销,,0,,5,2,2,一般发展用户
U05676,印尼,付费广告,,0,,5,2,2,一般发展用户
U05678,印尼,付费广告,,0,,5,2,2,一般发展用户
U05680,泰国,内容营销,,0,,5,2,2,一般发展用户
U05688,泰国,付费广告,,0,,5,2,2,一般发展用户
U05690,泰国,付费广告,,0,,5,2,2,一般发展用户
U05693,印尼,自然搜索,,0,,5,2,2,一般发展用户
U05695,越南,自然搜索,,0,,5,2,2,一般发展用户
U05696,越南,内容营销,,0,,5,2,2,一般发展用户
U05699,越南,自然搜索,,0,,5,2,2,一般发展用户
U05700,越南,内容营销,,0,,5,2,2,一般发展用户
U05703,越南,付费广告,,0,,5,2,2,一般发展用户
U05706,菲律宾,社交媒体,,0,,5,2,2,一般发展用户
U05707,泰国,自然搜索,,0,,5,2,2,一般发展用户
U05710,泰国,付费广告,,0,,5,2,2,一般发展用户
U05713,马来西亚,自然搜索,,0,,5,2,2,一般发展用户
U05715,越南,自然搜索,,0,,5,2,2,一般发展用户
U05716,泰国,社交媒体,,0,,5,2,2,一般发展用户
U05717,越南,KOL推荐,,0,,5,2,2,一般发展用户
U05718,泰国,付费广告,,0,,5,2,2,一般发展用户
U05720,泰国,付费广告,,0,,5,2,2,一般发展用户
U05721,越南,社交媒体,,0,,5,2,2,一般发展用户
U05722,菲律宾,自然搜索,,0,,5,2,2,一般发展用户
U05723,泰国,自然搜索,,0,,5,2,2,一般发展用户
U05724,泰国,内容营销,,0,,5,2,2,一般发展用户
U05731,越南,付费广告,,0,,5,2,2,一般发展用户
U05734,印尼,社交媒体,,0,,5,2,2,一般发展用户
U05739,越南,内容营销,,0,,5,2,2,一般发展用户
U05740,菲律宾,付费广告,,0,,5,2,2,一般发展用户
U05741,印尼,自然搜索,,0,,5,2,2,一般发展用户
U05742,菲律宾,社交媒体,,0,,5,2,2,一般发展用户
U05744,泰国,自然搜索,,0,,5,2,2,一般发展用户
U05745,印尼,付费广告,,0,,5,2,2,一般发展用户
U05746,印尼,内容营销,,0,,5,2,2,一般发展用户
U05751,菲律宾,付费广告,,0,,5,2,2,一般发展用户
U05754,马来西亚,自然搜索,,0,,5,2,2,一般发展用户
U05757,越南,KOL推荐,,0,,5,2,2,一般发展用户
U05758,越南,自然搜索,,0,,5,2,2,一般发展用户
U05759,越南,付费广告,,0,,5,2,2,一般发展用户
U05760,菲律宾,自然搜索,,0,,5,2,2,一般发展用户
U05768,越南,KOL推荐,,0,,5,2,2,一般发展用户
U05770,印尼,社交媒体,,0,,5,2,2,一般发展用户
U05772,越南,KOL推荐,,0,,5,2,2,一般发展用户
U05773,印尼,KOL推荐,,0,,5,2,2,一般发展用户
U05774,泰国,内容营销,,0,,5,2,2,一般发展用户
U05778,菲律宾,KOL推荐,,0,,5,2,2,一般发展用户
U05784,泰国,付费广告,,0,,5,2,2,一般发展用户
U05785,马来西亚,自然搜索,,0,,5,2,2,一般发展用户
U05787,菲律宾,自然搜索,,0,,5,2,2,一般发展用户
U05789,泰国,社交媒体,,0,,5,2,2,一般发展用户
U05791,印尼,付费广告,,0,,5,2,2,一般发展用户
U05797,马来西亚,社交媒体,,0,,5,2,2,一般发展用户
U05800,越南,内容营销,,0,,5,2,2,一般发展用户
U05804,越南,KOL推荐,,0,,5,2,2,一般发展用户
U05805,泰国,自然搜索,,0,,5,2,2,一般发展用户
U05806,越南,付费广告,,0,,5,2,2,一般发展用户
U05809,越南,自然搜索,,0,,5,2,2,一般发展用户
U05810,泰国,KOL推荐,,0,,5,2,2,一般发展用户
U05811,马来西亚,自然搜索,,0,,5,2,2,一般发展用户
U05819,印尼,自然搜索,,0,,5,2,2,一般发展用户
U05822,印尼,内容营销,,0,,5,2,2,一般发展用户
U05825,越南,自然搜索,,0,,5,2,2,一般发展用户
U05827,泰国,自然搜索,,0,,5,2,2,一般发展用户
U05830,马来西亚,付费广告,,0,,5,2,2,一般发展用户
U05831,印尼,自然搜索,,0,,5,2,2,一般发展用户
U05832,菲律宾,社交媒体,,0,,5,2,2,一般发展用户
U05842,泰国,付费广告,,0,,5,2,2,一般发展用户
U05846,泰国,社交媒体,,0,,5,2,2,一般发展用户
U05847,印尼,付费广告,,0,,5,2,2,一般发展用户
U05848,越南,付费广告,,0,,5,2,2,一般发展用户
U05849,印尼,自然搜索,,0,,5,2,2,一般发展用户
U05852,菲律宾,内容营销,,0,,5,2,2,一般发展用户
U05855,菲律宾,内容营销,,0,,5,2,2,一般发展用户
U05857,泰国,内容营销,,0,,5,2,2,一般发展用户
U05859,印尼,付费广告,,0,,5,2,2,一般发展用户
U05860,越南,付费广告,,0,,5,2,2,一般发展用户
U05861,印尼,付费广告,,0,,5,2,2,一般发展用户
U05863,越南,内容营销,,0,,5,2,2,一般发展用户
U05866,印尼,KOL推荐,,0,,5,2,2,一般发展用户
U05870,泰国,KOL推荐,,0,,5,2,2,一般发展用户
U05872,印尼,社交媒体,,0,,5,2,2,一般发展用户
U05875,越南,自然搜索,,0,,5,2,2,一般发展用户
U05879,印尼,内容营销,,0,,5,2,2,一般发展用户
U05880,泰国,付费广告,,0,,5,2,2,一般发展用户
U05881,印尼,付费广告,,0,,5,2,2,一般发展用户
U05884,印尼,付费广告,,0,,5,2,2,一般发展用户
U05885,印尼,内容营销,,0,,5,2,2,一般发展用户
U05886,印尼,社交媒体,,0,,5,2,2,一般发展用户
U05887,马来西亚,自然搜索,,0,,5,2,2,一般发展用户
U05890,印尼,KOL推荐,,0,,5,2,2,一般发展用户
U05897,越南,自然搜索,,0,,5,2,2,一般发展用户
U05899,印尼,自然搜索,,0,,5,2,2,一般发展用户
U05900,印尼,付费广告,,0,,5,2,2,一般发展用户
U05907,菲律宾,自然搜索,,0,,5,2,2,一般发展用户
U05908,泰国,内容营销,,0,,5,2,2,一般发展用户
U05911,马来西亚,自然搜索,,0,,5,2,2,一般发展用户
U05912,印尼,社交媒体,,0,,5,2,2,一般发展用户
U05914,印尼,付费广告,,0,,5,2,2,一般发展用户
U05916,马来西亚,KOL推荐,,0,,5,2,2,一般发展用户
U05917,印尼,社交媒体,,0,,5,2,2,一般发展用户
U05927,印尼,自然搜索,,0,,5,2,2,一般发展用户
U05929,菲律宾,社交媒体,,0,,5,2,2,一般发展用户
U05930,泰国,付费广告,,0,,5,2,2,一般发展用户
U05933,马来西亚,内容营销,,0,,5,2,2,一般发展用户
U05935,印尼,自然搜索,,0,,5,2,2,一般发展用户
U05937,泰国,KOL推荐,,0,,5,2,2,一般发展用户
U05938,泰国,付费广告,,0,,5,2,2,一般发展用户
U05945,越南,内容营销,,0,,5,2,2,一般发展用户
U05947,泰国,付费广告,,0,,5,2,2,一般发展用户
U05950,泰国,内容营销,,0,,5,2,2,一般发展用户
U05959,菲律宾,付费广告,,0,,5,2,2,一般发展用户
U05960,越南,付费广告,,0,,5,2,2,一般发展用户
U05965,菲律宾,社交媒体,,0,,5,2,2,一般发展用户
U05966,马来西亚,内容营销,,0,,5,2,2,一般发展用户
U05970,菲律宾,自然搜索,,0,,5,2,2,一般发展用户
U05971,泰国,付费广告,,0,,5,2,2,一般发展用户
U05975,马来西亚,自然搜索,,0,,5,2,2,一般发展用户
U05981,泰国,KOL推荐,,0,,5,2,2,一般发展用户
U05983,泰国,付费广告,,0,,5,2,2,一般发展用户
U05984,泰国,内容营销,,0,,5,2,2,一般发展用户
U05986,印尼,自然搜索,,0,,5,2,2,一般发展用户
U05989,菲律宾,自然搜索,,0,,5,2,2,一般发展用户
U05997,菲律宾,付费广告,,0,,5,2,2,一般发展用户
U05998,印尼,付费广告,,0,,5,2,2,一般发展用户
U06004,泰国,KOL推荐,,0,,5,2,2,一般发展用户
U06007,泰国,社交媒体,,0,,5,2,2,一般发展用户
U06008,印尼,付费广告,,0,,5,2,2,一般发展用户
U06011,菲律宾,内容营销,,0,,5,2,2,一般发展用户
U06017,印尼,自然搜索,,0,,5,2,2,一般发展用户
U06019,泰国,自然搜索,,0,,5,2,2,一般发展用户
U06022,菲律宾,付费广告,,0,,5,2,2,一般发展用户
U06023,泰国,自然搜索,,0,,5,2,2,一般发展用户
U06024,泰国,社交媒体,,0,,5,2,2,一般发展用户
U06027,泰国,自然搜索,,0,,5,2,2,一般发展用户
U06029,泰国,自然搜索,,0,,5,2,2,一般发展用户
U06030,印尼,付费广告,,0,,5,2,2,一般发展用户
U06032,菲律宾,内容营销,,0,,5,2,2,一般发展用户
U06034,印尼,社交媒体,,0,,5,2,2,一般发展用户
U06035,泰国,KOL推荐,,0,,5,2,2,一般发展用户
U06037,菲律宾,付费广告,,0,,5,2,2,一般发展用户
U06038,泰国,付费广告,,0,,5,2,2,一般发展用户
U06040,印尼,自然搜索,,0,,5,2,2,一般发展用户
U06042,越南,社交媒体,,0,,5,2,2,一般发展用户
U06047,印尼,自然搜索,,0,,5,2,2,一般发展用户
U06049,马来西亚,自然搜索,,0,,5,2,2,一般发展用户
U06052,印尼,社交媒体,,0,,5,2,2,一般发展用户
U06053,越南,社交媒体,,0,,5,2,2,一般发展用户
U06054,菲律宾,自然搜索,,0,,5,2,2,一般发展用户
U06056,印尼,付费广告,,0,,5,2,2,一般发展用户
U06058,菲律宾,付费广告,,0,,5,2,2,一般发展用户
U06059,菲律宾,内容营销,,0,,5,2,2,一般发展用户
U06060,越南,KOL推荐,,0,,5,2,2,一般发展用户
U06061,越南,内容营销,,0,,5,2,2,一般发展用户
U06063,印尼,付费广告,,0,,5,2,2,一般发展用户
U06068,泰国,KOL推荐,,0,,5,2,2,一般发展用户
U06070,马来西亚,付费广告,,0,,5,2,2,一般发展用户
U06071,越南,自然搜索,,0,,5,2,2,一般发展用户
U06078,印尼,付费广告,,0,,5,2,2,一般发展用户
U06081,马来西亚,KOL推荐,,0,,5,2,2,一般发展用户
U06082,越南,内容营销,,0,,5,2,2,一般发展用户
U06083,越南,自然搜索,,0,,5,2,2,一般发展用户
U06085,越南,付费广告,,0,,5,2,2,一般发展用户
U06090,越南,内容营销,,0,,5,2,2,一般发展用户
U06091,菲律宾,付费广告,,0,,5,2,2,一般发展用户
U06095,印尼,社交媒体,,0,,5,2,2,一般发展用户
U06100,越南,社交媒体,,0,,5,2,2,一般发展用户
U06101,印尼,社交媒体,,0,,5,2,2,一般发展用户
U06105,泰国,付费广告,,0,,5,2,2,一般发展用户
U06110,马来西亚,KOL推荐,,0,,5,2,2,一般发展用户
U06113,印尼,付费广告,,0,,5,2,2,一般发展用户
U06114,越南,付费广告,,0,,5,2,2,一般发展用户
U06117,马来西亚,自然搜索,,0,,5,2,2,一般发展用户
U06119,印尼,自然搜索,,0,,5,2,2,一般发展用户
U06125,菲律宾,社交媒体,,0,,5,2,2,一般发展用户
U06127,越南,自然搜索,,0,,5,2,2,一般发展用户
U06128,泰国,社交媒体,,0,,5,2,2,一般发展用户
U06130,越南,自然搜索,,0,,5,2,2,一般发展用户
U06131,菲律宾,付费广告,,0,,5,2,2,一般发展用户
U06134,泰国,社交媒体,,0,,5,2,2,一般发展用户
U06135,泰国,付费广告,,0,,5,2,2,一般发展用户
U06136,越南,付费广告,,0,,5,2,2,一般发展用户
U06137,马来西亚,自然搜索,,0,,5,2,2,一般发展用户
U06138,印尼,社交媒体,,0,,5,2,2,一般发展用户
U06140,越南,付费广告,,0,,5,2,2,一般发展用户
U06141,越南,社交媒体,,0,,5,2,2,一般发展用户
U06142,泰国,付费广告,,0,,5,2,2,一般发展用户
U06144,菲律宾,付费广告,,0,,5,2,2,一般发展用户
U06145,泰国,社交媒体,,0,,5,2,2,一般发展用户
U06146,印尼,社交媒体,,0,,5,2,2,一般发展用户
U06148,印尼,自然搜索,,0,,5,2,2,一般发展用户
U06150,印尼,社交媒体,,0,,5,2,2,一般发展用户
U06155,泰国,KOL推荐,,0,,5,2,2,一般发展用户
U06158,泰国,内容营销,,0,,5,2,2,一般发展用户
U06159,菲律宾,自然搜索,,0,,5,2,2,一般发展用户
U06160,泰国,自然搜索,,0,,5,2,2,一般发展用户
U06162,泰国,社交媒体,,0,,5,2,2,一般发展用户
U06164,越南,付费广告,,0,,5,2,2,一般发展用户
U06165,印尼,付费广告,,0,,5,2,2,一般发展用户
U06166,越南,付费广告,,0,,5,2,2,一般发展用户
U06168,泰国,自然搜索,,0,,5,2,2,一般发展用户
U06169,泰国,付费广告,,0,,5,2,2,一般发展用户
U06172,泰国,社交媒体,,0,,5,2,2,一般发展用户
U06175,印尼,内容营销,,0,,5,2,2,一般发展用户
U06176,印尼,付费广告,,0,,5,2,2,一般发展用户
U06180,印尼,自然搜索,,0,,5,2,2,一般发展用户
U06181,泰国,付费广告,,0,,5,2,2,一般发展用户
U06182,泰国,内容营销,,0,,5,2,2,一般发展用户
U06184,泰国,社交媒体,,0,,5,2,2,一般发展用户
U06186,菲律宾,付费广告,,0,,5,2,2,一般发展用户
U06190,印尼,付费广告,,0,,5,2,2,一般发展用户
U06191,印尼,自然搜索,,0,,5,2,2,一般发展用户
U06196,泰国,自然搜索,,0,,5,2,2,一般发展用户
U06198,泰国,社交媒体,,0,,5,2,2,一般发展用户
U06199,泰国,社交媒体,,0,,5,2,2,一般发展用户
U06201,越南,内容营销,,0,,5,2,2,一般发展用户
U06202,马来西亚,KOL推荐,,0,,5,2,2,一般发展用户
U06203,印尼,KOL推荐,,0,,5,2,2,一般发展用户
U06206,越南,付费广告,,0,,5,2,2,一般发展用户
U06208,越南,内容营销,,0,,5,2,2,一般发展用户
U06211,泰国,内容营销,,0,,5,2,2,一般发展用户
U06218,越南,自然搜索,,0,,5,2,2,一般发展用户
U06220,菲律宾,社交媒体,,0,,5,2,2,一般发展用户
U06221,印尼,内容营销,,0,,5,2,2,一般发展用户
U06222,泰国,付费广告,,0,,5,2,2,一般发展用户
U06223,越南,付费广告,,0,,5,2,2,一般发展用户
U06227,马来西亚,自然搜索,,0,,5,2,2,一般发展用户
U06228,菲律宾,自然搜索,,0,,5,2,2,一般发展用户
U06229,越南,自然搜索,,0,,5,2,2,一般发展用户
U06230,印尼,自然搜索,,0,,5,2,2,一般发展用户
U06232,印尼,自然搜索,,0,,5,2,2,一般发展用户
U06234,越南,内容营销,,0,,5,2,2,一般发展用户
U06238,菲律宾,付费广告,,0,,5,2,2,一般发展用户
U06239,菲律宾,自然搜索,,0,,5,2,2,一般发展用户
U06245,印尼,自然搜索,,0,,5,2,2,一般发展用户
U06246,泰国,自然搜索,,0,,5,2,2,一般发展用户
U06247,菲律宾,KOL推荐,,0,,5,2,2,一般发展用户
U06249,泰国,内容营销,,0,,5,2,2,一般发展用户
U06253,泰国,KOL推荐,,0,,5,2,2,一般发展用户
U06254,越南,KOL推荐,,0,,5,2,2,一般发展用户
U06255,印尼,内容营销,,0,,5,2,2,一般发展用户
U06257,印尼,内容营销,,0,,5,2,2,一般发展用户
U06258,菲律宾,自然搜索,,0,,5,2,2,一般发展用户
U06261,菲律宾,KOL推荐,,0,,5,2,2,一般发展用户
U06262,泰国,付费广告,,0,,5,2,2,一般发展用户
U06263,马来西亚,KOL推荐,,0,,5,2,2,一般发展用户
U06266,马来西亚,内容营销,,0,,5,2,2,一般发展用户
U06267,泰国,自然搜索,,0,,5,2,2,一般发展用户
U06269,印尼,付费广告,,0,,5,2,2,一般发展用户
U06275,印尼,自然搜索,,0,,5,2,2,一般发展用户
U06276,越南,自然搜索,,0,,5,2,2,一般发展用户
U06277,越南,付费广告,,0,,5,2,2,一般发展用户
U06279,泰国,社交媒体,,0,,5,2,2,一般发展用户
U06280,菲律宾,内容营销,,0,,5,2,2,一般发展用户
U06283,印尼,社交媒体,,0,,5,2,2,一般发展用户
U06286,菲律宾,自然搜索,,0,,5,2,2,一般发展用户
U06287,越南,内容营销,,0,,5,2,2,一般发展用户
U06295,菲律宾,KOL推荐,,0,,5,2,2,一般发展用户
U06298,印尼,付费广告,,0,,5,2,2,一般发展用户
U06300,菲律宾,自然搜索,,0,,5,2,2,一般发展用户
U06301,越南,社交媒体,,0,,5,2,2,一般发展用户
U06302,印尼,自然搜索,,0,,5,2,2,一般发展用户
U06307,越南,自然搜索,,0,,5,2,2,一般发展用户
U06308,印尼,自然搜索,,0,,5,2,2,一般发展用户
U06309,菲律宾,自然搜索,,0,,5,2,2,一般发展用户
U06311,印尼,付费广告,,0,,5,2,2,一般发展用户
U06313,越南,付费广告,,0,,5,2,2,一般发展用户
U06315,马来西亚,社交媒体,,0,,5,2,2,一般发展用户
U06318,印尼,内容营销,,0,,5,2,2,一般发展用户
U06319,泰国,自然搜索,,0,,5,2,2,一般发展用户
U06320,印尼,自然搜索,,0,,5,2,2,一般发展用户
U06324,泰国,内容营销,,0,,5,2,2,一般发展用户
U06326,马来西亚,付费广告,,0,,5,2,2,一般发展用户
U06327,越南,付费广告,,0,,5,2,2,一般发展用户
U06329,泰国,自然搜索,,0,,5,2,2,一般发展用户
U06330,泰国,自然搜索,,0,,5,2,2,一般发展用户
U06336,泰国,社交媒体,,0,,5,2,2,一般发展用户
U06338,越南,付费广告,,0,,5,2,2,一般发展用户
U06339,越南,付费广告,,0,,5,2,2,一般发展用户
U06340,泰国,付费广告,,0,,5,2,2,一般发展用户
U06342,印尼,自然搜索,,0,,5,2,2,一般发展用户
U06343,菲律宾,内容营销,,0,,5,2,2,一般发展用户
U06345,泰国,自然搜索,,0,,5,2,2,一般发展用户
U06350,泰国,自然搜索,,0,,5,2,2,一般发展用户
U06353,印尼,付费广告,,0,,5,2,2,一般发展用户
U06354,马来西亚,自然搜索,,0,,5,2,2,一般发展用户
U06356,印尼,内容营销,,0,,5,2,2,一般发展用户
U06358,马来西亚,内容营销,,0,,5,2,2,一般发展用户
U06359,印尼,KOL推荐,,0,,5,2,2,一般发展用户
U06370,印尼,内容营销,,0,,5,2,2,一般发展用户
U06371,越南,社交媒体,,0,,5,2,2,一般发展用户
U06375,泰国,KOL推荐,,0,,5,2,2,一般发展用户
U06376,印尼,KOL推荐,,0,,5,2,2,一般发展用户
U06377,菲律宾,社交媒体,,0,,5,2,2,一般发展用户
U06379,菲律宾,自然搜索,,0,,5,2,2,一般发展用户
U06380,印尼,内容营销,,0,,5,2,2,一般发展用户
U06382,泰国,付费广告,,0,,5,2,2,一般发展用户
U06387,印尼,社交媒体,,0,,5,2,2,一般发展用户
U06388,越南,付费广告,,0,,5,2,2,一般发展用户
U06392,菲律宾,自然搜索,,0,,5,2,2,一般发展用户
U06394,马来西亚,付费广告,,0,,5,2,2,一般发展用户
U06395,越南,付费广告,,0,,5,2,2,一般发展用户
U06401,菲律宾,付费广告,,0,,5,2,2,一般发展用户
U06405,菲律宾,自然搜索,,0,,5,2,2,一般发展用户
U06407,越南,社交媒体,,0,,5,2,2,一般发展用户
U06409,马来西亚,付费广告,,0,,5,2,2,一般发展用户
U06410,泰国,社交媒体,,0,,5,2,2,一般发展用户
U06413,越南,自然搜索,,0,,5,2,2,一般发展用户
U06414,泰国,社交媒体,,0,,5,2,2,一般发展用户
U06418,菲律宾,内容营销,,0,,5,2,2,一般发展用户
U06419,印尼,自然搜索,,0,,5,2,2,一般发展用户
U06423,越南,自然搜索,,0,,5,2,2,一般发展用户
U06424,越南,付费广告,,0,,5,2,2,一般发展用户
U06425,泰国,KOL推荐,,0,,5,2,2,一般发展用户
U06426,马来西亚,社交媒体,,0,,5,2,2,一般发展用户
U06428,越南,付费广告,,0,,5,2,2,一般发展用户
U06429,印尼,自然搜索,,0,,5,2,2,一般发展用户
U06431,马来西亚,内容营销,,0,,5,2,2,一般发展用户
U06433,印尼,内容营销,,0,,5,2,2,一般发展用户
U06434,菲律宾,内容营销,,0,,5,2,2,一般发展用户
U06436,印尼,社交媒体,,0,,5,2,2,一般发展用户
U06438,泰国,社交媒体,,0,,5,2,2,一般发展用户
U06440,越南,付费广告,,0,,5,2,2,一般发展用户
U06445,印尼,付费广告,,0,,5,2,2,一般发展用户
U06451,马来西亚,自然搜索,,0,,5,2,2,一般发展用户
U06453,越南,内容营销,,0,,5,2,2,一般发展用户
U06454,马来西亚,付费广告,,0,,5,2,2,一般发展用户
U06455,泰国,付费广告,,0,,5,2,2,一般发展用户
U06456,印尼,自然搜索,,0,,5,2,2,一般发展用户
U06457,越南,自然搜索,,0,,5,2,2,一般发展用户
U06459,越南,KOL推荐,,0,,5,2,2,一般发展用户
U06462,马来西亚,自然搜索,,0,,5,2,2,一般发展用户
U06465,泰国,付费广告,,0,,5,2,2,一般发展用户
U06468,马来西亚,社交媒体,,0,,5,2,2,一般发展用户
U06471,菲律宾,内容营销,,0,,5,2,2,一般发展用户
U06472,印尼,自然搜索,,0,,5,2,2,一般发展用户
U06475,马来西亚,付费广告,,0,,5,2,2,一般发展用户
U06479,泰国,自然搜索,,0,,5,2,2,一般发展用户
U06486,马来西亚,自然搜索,,0,,5,2,2,一般发展用户
U06487,越南,KOL推荐,,0,,5,2,2,一般发展用户
U06488,越南,自然搜索,,0,,5,2,2,一般发展用户
U06493,泰国,自然搜索,,0,,5,2,2,一般发展用户
U06495,泰国,付费广告,,0,,5,2,2,一般发展用户
U06496,越南,KOL推荐,,0,,5,2,2,一般发展用户
U06497,泰国,付费广告,,0,,5,2,2,一般发展用户
U06501,泰国,内容营销,,0,,5,2,2,一般发展用户
U06502,印尼,自然搜索,,0,,5,2,2,一般发展用户
U06506,菲律宾,内容营销,,0,,5,2,2,一般发展用户
U06508,菲律宾,内容营销,,0,,5,2,2,一般发展用户
U06510,泰国,内容营销,,0,,5,2,2,一般发展用户
U06513,菲律宾,自然搜索,,0,,5,2,2,一般发展用户
U06514,印尼,付费广告,,0,,5,2,2,一般发展用户
U06516,菲律宾,付费广告,,0,,5,2,2,一般发展用户
U06518,马来西亚,内容营销,,0,,5,2,2,一般发展用户
U06528,越南,KOL推荐,,0,,5,2,2,一般发展用户
U06529,菲律宾,付费广告,,0,,5,2,2,一般发展用户
U06533,泰国,付费广告,,0,,5,2,2,一般发展用户
U06534,泰国,KOL推荐,,0,,5,2,2,一般发展用户
U06536,印尼,社交媒体,,0,,5,2,2,一般发展用户
U06541,菲律宾,社交媒体,,0,,5,2,2,一般发展用户
U06542,马来西亚,自然搜索,,0,,5,2,2,一般发展用户
U06543,越南,付费广告,,0,,5,2,2,一般发展用户
U06548,泰国,社交媒体,,0,,5,2,2,一般发展用户
U06549,越南,社交媒体,,0,,5,2,2,一般发展用户
U06551,印尼,自然搜索,,0,,5,2,2,一般发展用户
U06552,印尼,KOL推荐,,0,,5,2,2,一般发展用户
U06553,泰国,内容营销,,0,,5,2,2,一般发展用户
U06554,菲律宾,付费广告,,0,,5,2,2,一般发展用户
U06557,泰国,付费广告,,0,,5,2,2,一般发展用户
U06558,菲律宾,社交媒体,,0,,5,2,2,一般发展用户
U06563,印尼,KOL推荐,,0,,5,2,2,一般发展用户
U06565,越南,自然搜索,,0,,5,2,2,一般发展用户
U06566,印尼,内容营销,,0,,5,2,2,一般发展用户
U06567,印尼,内容营销,,0,,5,2,2,一般发展用户
U06569,越南,付费广告,,0,,5,2,2,一般发展用户
U06570,印尼,自然搜索,,0,,5,2,2,一般发展用户
U06573,菲律宾,内容营销,,0,,5,2,2,一般发展用户
U06574,泰国,付费广告,,0,,5,2,2,一般发展用户
U06575,印尼,付费广告,,0,,5,2,2,一般发展用户
U06576,马来西亚,内容营销,,0,,5,2,2,一般发展用户
U06577,越南,付费广告,,0,,5,2,2,一般发展用户
U06584,印尼,KOL推荐,,0,,5,2,2,一般发展用户
U06587,泰国,自然搜索,,0,,5,2,2,一般发展用户
U06588,泰国,社交媒体,,0,,5,2,2,一般发展用户
U06589,菲律宾,自然搜索,,0,,5,2,2,一般发展用户
U06591,越南,内容营销,,0,,5,2,2,一般发展用户
U06593,菲律宾,社交媒体,,0,,5,2,2,一般发展用户
U06594,印尼,付费广告,,0,,5,2,2,一般发展用户
U06596,泰国,内容营销,,0,,5,2,2,一般发展用户
U06597,越南,内容营销,,0,,5,2,2,一般发展用户
U06598,马来西亚,付费广告,,0,,5,2,2,一般发展用户
U06600,印尼,自然搜索,,0,,5,2,2,一般发展用户
U06603,菲律宾,付费广告,,0,,5,2,2,一般发展用户
U06604,印尼,KOL推荐,,0,,5,2,2,一般发展用户
U06607,印尼,社交媒体,,0,,5,2,2,一般发展用户
U06611,菲律宾,KOL推荐,,0,,5,2,2,一般发展用户
U06613,泰国,社交媒体,,0,,5,2,2,一般发展用户
U06615,印尼,内容营销,,0,,5,2,2,一般发展用户
U06616,泰国,付费广告,,0,,5,2,2,一般发展用户
U06619,印尼,付费广告,,0,,5,2,2,一般发展用户
U06623,印尼,内容营销,,0,,5,2,2,一般发展用户
U06626,菲律宾,付费广告,,0,,5,2,2,一般发展用户
U06627,印尼,付费广告,,0,,5,2,2,一般发展用户
U06630,越南,内容营销,,0,,5,2,2,一般发展用户
U06631,泰国,KOL推荐,,0,,5,2,2,一般发展用户
U06635,越南,自然搜索,,0,,5,2,2,一般发展用户
U06636,马来西亚,付费广告,,0,,5,2,2,一般发展用户
U06640,菲律宾,付费广告,,0,,5,2,2,一般发展用户
U06641,菲律宾,KOL推荐,,0,,5,2,2,一般发展用户
U06644,越南,KOL推荐,,0,,5,2,2,一般发展用户
U06647,菲律宾,社交媒体,,0,,5,2,2,一般发展用户
U06649,菲律宾,付费广告,,0,,5,2,2,一般发展用户
U06650,泰国,自然搜索,,0,,5,2,2,一般发展用户
U06651,菲律宾,付费广告,,0,,5,2,2,一般发展用户
U06656,越南,社交媒体,,0,,5,2,2,一般发展用户
U06658,泰国,自然搜索,,0,,5,2,2,一般发展用户
U06662,越南,付费广告,,0,,5,2,2,一般发展用户
U06663,印尼,付费广告,,0,,5,2,2,一般发展用户
U06665,菲律宾,付费广告,,0,,5,2,2,一般发展用户
U06670,越南,付费广告,,0,,5,2,2,一般发展用户
U06672,泰国,自然搜索,,0,,5,2,2,一般发展用户
U06674,泰国,自然搜索,,0,,5,2,2,一般发展用户
U06677,越南,KOL推荐,,0,,5,2,2,一般发展用户
U06679,印尼,内容营销,,0,,5,2,2,一般发展用户
U06681,泰国,自然搜索,,0,,5,2,2,一般发展用户
U06683,越南,自然搜索,,0,,5,2,2,一般发展用户
U06685,泰国,自然搜索,,0,,5,2,2,一般发展用户
U06689,泰国,付费广告,,0,,5,2,2,一般发展用户
U06690,菲律宾,KOL推荐,,0,,5,2,2,一般发展用户
U06692,印尼,KOL推荐,,0,,5,2,2,一般发展用户
U06694,印尼,自然搜索,,0,,5,2,2,一般发展用户
U06698,菲律宾,自然搜索,,0,,5,2,2,一般发展用户
U06701,印尼,自然搜索,,0,,5,2,2,一般发展用户
U06704,越南,内容营销,,0,,5,2,2,一般发展用户
U06705,菲律宾,付费广告,,0,,5,2,2,一般发展用户
U06706,马来西亚,付费广告,,0,,5,2,2,一般发展用户
U06709,马来西亚,自然搜索,,0,,5,2,2,一般发展用户
U06713,菲律宾,付费广告,,0,,5,2,2,一般发展用户
U06715,越南,自然搜索,,0,,5,2,2,一般发展用户
U06717,越南,内容营销,,0,,5,2,2,一般发展用户
U06720,菲律宾,社交媒体,,0,,5,2,2,一般发展用户
U06721,泰国,自然搜索,,0,,5,2,2,一般发展用户
U06724,印尼,内容营销,,0,,5,2,2,一般发展用户
U06726,越南,社交媒体,,0,,5,2,2,一般发展用户
U06727,泰国,付费广告,,0,,5,2,2,一般发展用户
U06728,马来西亚,内容营销,,0,,5,2,2,一般发展用户
U06738,泰国,内容营销,,0,,5,2,2,一般发展用户
U06739,马来西亚,付费广告,,0,,5,2,2,一般发展用户
U06740,泰国,内容营销,,0,,5,2,2,一般发展用户
U06742,印尼,KOL推荐,,0,,5,2,2,一般发展用户
U06744,印尼,自然搜索,,0,,5,2,2,一般发展用户
U06746,印尼,付费广告,,0,,5,2,2,一般发展用户
U06752,越南,付费广告,,0,,5,2,2,一般发展用户
U06753,泰国,付费广告,,0,,5,2,2,一般发展用户
U06755,越南,KOL推荐,,0,,5,2,2,一般发展用户
U06758,马来西亚,社交媒体,,0,,5,2,2,一般发展用户
U06759,越南,自然搜索,,0,,5,2,2,一般发展用户
U06760,越南,社交媒体,,0,,5,2,2,一般发展用户
U06762,泰国,自然搜索,,0,,5,2,2,一般发展用户
U06763,越南,付费广告,,0,,5,2,2,一般发展用户
U06765,马来西亚,付费广告,,0,,5,2,2,一般发展用户
U06768,菲律宾,自然搜索,,0,,5,2,2,一般发展用户
U06778,马来西亚,付费广告,,0,,5,2,2,一般发展用户
U06779,泰国,内容营销,,0,,5,2,2,一般发展用户
U06780,越南,内容营销,,0,,5,2,2,一般发展用户
U06783,越南,社交媒体,,0,,5,2,2,一般发展用户
U06785,菲律宾,KOL推荐,,0,,5,2,2,一般发展用户
U06792,越南,社交媒体,,0,,5,2,2,一般发展用户
U06793,越南,社交媒体,,0,,5,2,2,一般发展用户
U06794,越南,自然搜索,,0,,5,2,2,一般发展用户
U06795,越南,KOL推荐,,0,,5,2,2,一般发展用户
U06796,马来西亚,付费广告,,0,,5,2,2,一般发展用户
U06798,泰国,付费广告,,0,,5,2,2,一般发展用户
U06800,泰国,内容营销,,0,,5,2,2,一般发展用户
U06802,泰国,内容营销,,0,,5,2,2,一般发展用户
U06805,菲律宾,社交媒体,,0,,5,2,2,一般发展用户
U06806,印尼,付费广告,,0,,5,2,2,一般发展用户
U06807,越南,KOL推荐,,0,,5,2,2,一般发展用户
U06808,越南,社交媒体,,0,,5,2,2,一般发展用户
U06809,越南,内容营销,,0,,5,2,2,一般发展用户
U06818,菲律宾,自然搜索,,0,,5,2,2,一般发展用户
U06823,马来西亚,付费广告,,0,,5,2,2,一般发展用户
U06824,泰国,付费广告,,0,,5,2,2,一般发展用户
U06828,印尼,社交媒体,,0,,5,2,2,一般发展用户
U06829,越南,KOL推荐,,0,,5,2,2,一般发展用户
U06831,泰国,付费广告,,0,,5,2,2,一般发展用户
U06833,马来西亚,付费广告,,0,,5,2,2,一般发展用户
U06838,泰国,自然搜索,,0,,5,2,2,一般发展用户
U06839,马来西亚,付费广告,,0,,5,2,2,一般发展用户
U06846,越南,付费广告,,0,,5,2,2,一般发展用户
U06847,越南,内容营销,,0,,5,2,2,一般发展用户
U06849,泰国,付费广告,,0,,5,2,2,一般发展用户
U06850,泰国,KOL推荐,,0,,5,2,2,一般发展用户
U06853,菲律宾,自然搜索,,0,,5,2,2,一般发展用户
U06854,泰国,付费广告,,0,,5,2,2,一般发展用户
U06856,印尼,付费广告,,0,,5,2,2,一般发展用户
U06859,印尼,KOL推荐,,0,,5,2,2,一般发展用户
U06860,泰国,付费广告,,0,,5,2,2,一般发展用户
U06861,马来西亚,社交媒体,,0,,5,2,2,一般发展用户
U06862,马来西亚,自然搜索,,0,,5,2,2,一般发展用户
U06867,泰国,付费广告,,0,,5,2,2,一般发展用户
U06870,印尼,自然搜索,,0,,5,2,2,一般发展用户
U06873,越南,社交媒体,,0,,5,2,2,一般发展用户
U06874,菲律宾,KOL推荐,,0,,5,2,2,一般发展用户
U06875,越南,社交媒体,,0,,5,2,2,一般发展用户
U06876,泰国,自然搜索,,0,,5,2,2,一般发展用户
U06880,菲律宾,KOL推荐,,0,,5,2,2,一般发展用户
U06882,越南,社交媒体,,0,,5,2,2,一般发展用户
U06884,马来西亚,付费广告,,0,,5,2,2,一般发展用户
U06886,泰国,付费广告,,0,,5,2,2,一般发展用户
U06887,越南,自然搜索,,0,,5,2,2,一般发展用户
U06888,泰国,内容营销,,0,,5,2,2,一般发展用户
U06889,印尼,内容营销,,0,,5,2,2,一般发展用户
U06894,印尼,自然搜索,,0,,5,2,2,一般发展用户
U06895,菲律宾,自然搜索,,0,,5,2,2,一般发展用户
U06897,泰国,自然搜索,,0,,5,2,2,一般发展用户
U06898,越南,自然搜索,,0,,5,2,2,一般发展用户
U06899,越南,付费广告,,0,,5,2,2,一般发展用户
U06900,泰国,自然搜索,,0,,5,2,2,一般发展用户
U06901,泰国,自然搜索,,0,,5,2,2,一般发展用户
U06905,泰国,KOL推荐,,0,,5,2,2,一般发展用户
U06908,菲律宾,自然搜索,,0,,5,2,2,一般发展用户
U06909,印尼,自然搜索,,0,,5,2,2,一般发展用户
U06910,越南,付费广告,,0,,5,2,2,一般发展用户
U06914,越南,付费广告,,0,,5,2,2,一般发展用户
U06917,马来西亚,付费广告,,0,,5,2,2,一般发展用户
U06920,马来西亚,社交媒体,,0,,5,2,2,一般发展用户
U06921,泰国,内容营销,,0,,5,2,2,一般发展用户
U06922,泰国,内容营销,,0,,5,2,2,一般发展用户
U06927,印尼,付费广告,,0,,5,2,2,一般发展用户
U06928,印尼,自然搜索,,0,,5,2,2,一般发展用户
U06929,印尼,付费广告,,0,,5,2,2,一般发展用户
U06931,泰国,付费广告,,0,,5,2,2,一般发展用户
U06938,印尼,付费广告,,0,,5,2,2,一般发展用户
U06939,越南,KOL推荐,,0,,5,2,2,一般发展用户
U06940,菲律宾,付费广告,,0,,5,2,2,一般发展用户
U06942,印尼,自然搜索,,0,,5,2,2,一般发展用户
U06943,泰国,付费广告,,0,,5,2,2,一般发展用户
U06945,菲律宾,内容营销,,0,,5,2,2,一般发展用户
U06946,泰国,自然搜索,,0,,5,2,2,一般发展用户
U06947,泰国,付费广告,,0,,5,2,2,一般发展用户
U06951,印尼,自然搜索,,0,,5,2,2,一般发展用户
U06952,越南,KOL推荐,,0,,5,2,2,一般发展用户
U06954,菲律宾,社交媒体,,0,,5,2,2,一般发展用户
U06957,印尼,KOL推荐,,0,,5,2,2,一般发展用户
U06962,马来西亚,内容营销,,0,,5,2,2,一般发展用户
U06963,印尼,自然搜索,,0,,5,2,2,一般发展用户
U06964,越南,付费广告,,0,,5,2,2,一般发展用户
U06966,菲律宾,付费广告,,0,,5,2,2,一般发展用户
U06973,越南,自然搜索,,0,,5,2,2,一般发展用户
U06979,泰国,社交媒体,,0,,5,2,2,一般发展用户
U06981,印尼,付费广告,,0,,5,2,2,一般发展用户
U06984,菲律宾,KOL推荐,,0,,5,2,2,一般发展用户
U06985,越南,付费广告,,0,,5,2,2,一般发展用户
U06988,泰国,社交媒体,,0,,5,2,2,一般发展用户
U06989,泰国,内容营销,,0,,5,2,2,一般发展用户
U06990,马来西亚,内容营销,,0,,5,2,2,一般发展用户
U06991,泰国,社交媒体,,0,,5,2,2,一般发展用户
U06992,泰国,自然搜索,,0,,5,2,2,一般发展用户
U06993,泰国,付费广告,,0,,5,2,2,一般发展用户
U06994,马来西亚,KOL推荐,,0,,5,2,2,一般发展用户
U06995,印尼,社交媒体,,0,,5,2,2,一般发展用户
U06996,印尼,自然搜索,,0,,5,2,2,一般发展用户
U06997,马来西亚,自然搜索,,0,,5,2,2,一般发展用户
U07000,泰国,付费广告,,0,,5,2,2,一般发展用户
U07004,越南,自然搜索,,0,,5,2,2,一般发展用户
U07005,越南,自然搜索,,0,,5,2,2,一般发展用户
U07008,泰国,付费广告,,0,,5,2,2,一般发展用户
U07011,菲律宾,自然搜索,,0,,5,2,2,一般发展用户
U07012,越南,内容营销,,0,,5,2,2,一般发展用户
U07013,泰国,付费广告,,0,,5,2,2,一般发展用户
U07014,印尼,内容营销,,0,,5,2,2,一般发展用户
U07018,越南,自然搜索,,0,,5,2,2,一般发展用户
U07020,印尼,付费广告,,0,,5,2,2,一般发展用户
U07022,马来西亚,自然搜索,,0,,5,2,2,一般发展用户
U07023,菲律宾,KOL推荐,,0,,5,2,2,一般发展用户
U07028,越南,付费广告,,0,,5,2,2,一般发展用户
U07031,越南,内容营销,,0,,5,2,2,一般发展用户
U07032,印尼,自然搜索,,0,,5,2,2,一般发展用户
U07033,印尼,内容营销,,0,,5,2,2,一般发展用户
U07034,越南,社交媒体,,0,,5,2,2,一般发展用户
U07044,马来西亚,社交媒体,,0,,5,2,2,一般发展用户
U07045,越南,社交媒体,,0,,5,2,2,一般发展用户
U07048,泰国,付费广告,,0,,5,2,2,一般发展用户
U07050,菲律宾,内容营销,,0,,5,2,2,一般发展用户
U07053,印尼,内容营销,,0,,5,2,2,一般发展用户
U07056,菲律宾,自然搜索,,0,,5,2,2,一般发展用户
U07057,泰国,社交媒体,,0,,5,2,2,一般发展用户
U07058,菲律宾,自然搜索,,0,,5,2,2,一般发展用户
U07059,马来西亚,付费广告,,0,,5,2,2,一般发展用户
U07060,马来西亚,自然搜索,,0,,5,2,2,一般发展用户
U07065,印尼,社交媒体,,0,,5,2,2,一般发展用户
U07072,印尼,社交媒体,,0,,5,2,2,一般发展用户
U07073,泰国,自然搜索,,0,,5,2,2,一般发展用户
U07074,印尼,内容营销,,0,,5,2,2,一般发展用户
U07075,泰国,付费广告,,0,,5,2,2,一般发展用户
U07076,印尼,自然搜索,,0,,5,2,2,一般发展用户
U07078,印尼,自然搜索,,0,,5,2,2,一般发展用户
U07081,菲律宾,付费广告,,0,,5,2,2,一般发展用户
U07086,印尼,KOL推荐,,0,,5,2,2,一般发展用户
U07088,越南,社交媒体,,0,,5,2,2,一般发展用户
U07092,印尼,付费广告,,0,,5,2,2,一般发展用户
U07093,泰国,付费广告,,0,,5,2,2,一般发展用户
U07095,印尼,付费广告,,0,,5,2,2,一般发展用户
U07096,菲律宾,付费广告,,0,,5,2,2,一般发展用户
U07099,菲律宾,自然搜索,,0,,5,2,2,一般发展用户
U07105,泰国,内容营销,,0,,5,2,2,一般发展用户
U07106,泰国,自然搜索,,0,,5,2,2,一般发展用户
U07107,泰国,付费广告,,0,,5,2,2,一般发展用户
U07108,菲律宾,社交媒体,,0,,5,2,2,一般发展用户
U07111,马来西亚,社交媒体,,0,,5,2,2,一般发展用户
U07113,泰国,自然搜索,,0,,5,2,2,一般发展用户
U07117,泰国,内容营销,,0,,5,2,2,一般发展用户
U07118,印尼,自然搜索,,0,,5,2,2,一般发展用户
U07119,印尼,社交媒体,,0,,5,2,2,一般发展用户
U07120,马来西亚,社交媒体,,0,,5,2,2,一般发展用户
U07125,印尼,付费广告,,0,,5,2,2,一般发展用户
U07126,泰国,社交媒体,,0,,5,2,2,一般发展用户
U07128,越南,内容营销,,0,,5,2,2,一般发展用户
U07129,马来西亚,付费广告,,0,,5,2,2,一般发展用户
U07130,越南,付费广告,,0,,5,2,2,一般发展用户
U07132,印尼,内容营销,,0,,5,2,2,一般发展用户
U07133,泰国,自然搜索,,0,,5,2,2,一般发展用户
U07134,印尼,KOL推荐,,0,,5,2,2,一般发展用户
U07143,越南,付费广告,,0,,5,2,2,一般发展用户
U07148,越南,内容营销,,0,,5,2,2,一般发展用户
U07150,菲律宾,社交媒体,,0,,5,2,2,一般发展用户
U07153,菲律宾,自然搜索,,0,,5,2,2,一般发展用户
U07154,越南,付费广告,,0,,5,2,2,一般发展用户
U07156,印尼,自然搜索,,0,,5,2,2,一般发展用户
U07157,越南,社交媒体,,0,,5,2,2,一般发展用户
U07159,印尼,付费广告,,0,,5,2,2,一般发展用户
U07160,印尼,付费广告,,0,,5,2,2,一般发展用户
U07162,印尼,付费广告,,0,,5,2,2,一般发展用户
U07166,菲律宾,自然搜索,,0,,5,2,2,一般发展用户
U07167,越南,自然搜索,,0,,5,2,2,一般发展用户
U07172,越南,社交媒体,,0,,5,2,2,一般发展用户
U07173,印尼,付费广告,,0,,5,2,2,一般发展用户
U07178,泰国,付费广告,,0,,5,2,2,一般发展用户
U07182,菲律宾,KOL推荐,,0,,5,2,2,一般发展用户
U07185,马来西亚,社交媒体,,0,,5,2,2,一般发展用户
U07187,越南,付费广告,,0,,5,2,2,一般发展用户
U07188,印尼,自然搜索,,0,,5,2,2,一般发展用户
U07192,印尼,付费广告,,0,,5,2,2,一般发展用户
U07193,泰国,自然搜索,,0,,5,2,2,一般发展用户
U07194,菲律宾,自然搜索,,0,,5,2,2,一般发展用户
U07198,马来西亚,自然搜索,,0,,5,2,2,一般发展用户
U07199,马来西亚,付费广告,,0,,5,2,2,一般发展用户
U07202,印尼,付费广告,,0,,5,2,2,一般发展用户
U07216,印尼,内容营销,,0,,5,2,2,一般发展用户
U07220,马来西亚,内容营销,,0,,5,2,2,一般发展用户
U07223,越南,内容营销,,0,,5,2,2,一般发展用户
U07225,马来西亚,自然搜索,,0,,5,2,2,一般发展用户
U07226,菲律宾,自然搜索,,0,,5,2,2,一般发展用户
U07227,泰国,付费广告,,0,,5,2,2,一般发展用户
U07230,泰国,自然搜索,,0,,5,2,2,一般发展用户
U07239,越南,自然搜索,,0,,5,2,2,一般发展用户
U07242,泰国,付费广告,,0,,5,2,2,一般发展用户
U07243,印尼,内容营销,,0,,5,2,2,一般发展用户
U07245,泰国,自然搜索,,0,,5,2,2,一般发展用户
U07248,泰国,KOL推荐,,0,,5,2,2,一般发展用户
U07250,菲律宾,自然搜索,,0,,5,2,2,一般发展用户
U07252,越南,自然搜索,,0,,5,2,2,一般发展用户
U07255,印尼,内容营销,,0,,5,2,2,一般发展用户
U07256,泰国,KOL推荐,,0,,5,2,2,一般发展用户
U07257,泰国,自然搜索,,0,,5,2,2,一般发展用户
U07260,越南,社交媒体,,0,,5,2,2,一般发展用户
U07264,菲律宾,社交媒体,,0,,5,2,2,一般发展用户
U07266,泰国,自然搜索,,0,,5,2,2,一般发展用户
U07269,越南,自然搜索,,0,,5,2,2,一般发展用户
U07274,越南,付费广告,,0,,5,2,2,一般发展用户
U07278,菲律宾,付费广告,,0,,5,2,2,一般发展用户
U07279,印尼,内容营销,,0,,5,2,2,一般发展用户
U07280,印尼,内容营销,,0,,5,2,2,一般发展用户
U07286,印尼,社交媒体,,0,,5,2,2,一般发展用户
U07287,越南,内容营销,,0,,5,2,2,一般发展用户
U07288,马来西亚,社交媒体,,0,,5,2,2,一般发展用户
U07292,泰国,社交媒体,,0,,5,2,2,一般发展用户
U07293,印尼,社交媒体,,0,,5,2,2,一般发展用户
U07294,泰国,付费广告,,0,,5,2,2,一般发展用户
U07295,马来西亚,KOL推荐,,0,,5,2,2,一般发展用户
U07296,泰国,内容营销,,0,,5,2,2,一般发展用户
U07299,印尼,付费广告,,0,,5,2,2,一般发展用户
U07300,泰国,内容营销,,0,,5,2,2,一般发展用户
U07301,越南,付费广告,,0,,5,2,2,一般发展用户
U07306,菲律宾,社交媒体,,0,,5,2,2,一般发展用户
U07308,菲律宾,内容营销,,0,,5,2,2,一般发展用户
U07313,越南,自然搜索,,0,,5,2,2,一般发展用户
U07316,泰国,自然搜索,,0,,5,2,2,一般发展用户
U07320,泰国,KOL推荐,,0,,5,2,2,一般发展用户
U07321,印尼,社交媒体,,0,,5,2,2,一般发展用户
U07322,印尼,自然搜索,,0,,5,2,2,一般发展用户
U07323,印尼,内容营销,,0,,5,2,2,一般发展用户
U07326,泰国,社交媒体,,0,,5,2,2,一般发展用户
U07327,印尼,自然搜索,,0,,5,2,2,一般发展用户
U07328,泰国,内容营销,,0,,5,2,2,一般发展用户
U07334,越南,付费广告,,0,,5,2,2,一般发展用户
U07337,越南,付费广告,,0,,5,2,2,一般发展用户
U07340,马来西亚,社交媒体,,0,,5,2,2,一般发展用户
U07341,越南,付费广告,,0,,5,2,2,一般发展用户
U07343,印尼,自然搜索,,0,,5,2,2,一般发展用户
U07345,越南,KOL推荐,,0,,5,2,2,一般发展用户
U07349,马来西亚,社交媒体,,0,,5,2,2,一般发展用户
U07350,越南,自然搜索,,0,,5,2,2,一般发展用户
U07351,泰国,付费广告,,0,,5,2,2,一般发展用户
U07353,印尼,内容营销,,0,,5,2,2,一般发展用户
U07359,菲律宾,付费广告,,0,,5,2,2,一般发展用户
U07362,印尼,自然搜索,,0,,5,2,2,一般发展用户
U07367,印尼,付费广告,,0,,5,2,2,一般发展用户
U07368,泰国,自然搜索,,0,,5,2,2,一般发展用户
U07375,泰国,社交媒体,,0,,5,2,2,一般发展用户
U07381,泰国,付费广告,,0,,5,2,2,一般发展用户
U07390,印尼,自然搜索,,0,,5,2,2,一般发展用户
U07392,菲律宾,付费广告,,0,,5,2,2,一般发展用户
U07393,印尼,KOL推荐,,0,,5,2,2,一般发展用户
U07394,越南,内容营销,,0,,5,2,2,一般发展用户
U07396,泰国,付费广告,,0,,5,2,2,一般发展用户
U07399,泰国,社交媒体,,0,,5,2,2,一般发展用户
U07404,越南,内容营销,,0,,5,2,2,一般发展用户
U07406,印尼,社交媒体,,0,,5,2,2,一般发展用户
U07407,马来西亚,付费广告,,0,,5,2,2,一般发展用户
U07408,泰国,付费广告,,0,,5,2,2,一般发展用户
U07409,印尼,付费广告,,0,,5,2,2,一般发展用户
U07413,菲律宾,付费广告,,0,,5,2,2,一般发展用户
U07415,印尼,KOL推荐,,0,,5,2,2,一般发展用户
U07419,印尼,付费广告,,0,,5,2,2,一般发展用户
U07420,泰国,付费广告,,0,,5,2,2,一般发展用户
U07421,印尼,社交媒体,,0,,5,2,2,一般发展用户
U07425,越南,社交媒体,,0,,5,2,2,一般发展用户
U07427,越南,自然搜索,,0,,5,2,2,一般发展用户
U07430,越南,社交媒体,,0,,5,2,2,一般发展用户
U07431,越南,内容营销,,0,,5,2,2,一般发展用户
U07434,泰国,付费广告,,0,,5,2,2,一般发展用户
U07435,菲律宾,自然搜索,,0,,5,2,2,一般发展用户
U07436,泰国,KOL推荐,,0,,5,2,2,一般发展用户
U07443,印尼,社交媒体,,0,,5,2,2,一般发展用户
U07445,印尼,付费广告,,0,,5,2,2,一般发展用户
U07446,印尼,付费广告,,0,,5,2,2,一般发展用户
U07450,印尼,社交媒体,,0,,5,2,2,一般发展用户
U07451,越南,自然搜索,,0,,5,2,2,一般发展用户
U07453,印尼,付费广告,,0,,5,2,2,一般发展用户
U07457,越南,自然搜索,,0,,5,2,2,一般发展用户
U07462,马来西亚,付费广告,,0,,5,2,2,一般发展用户
U07465,越南,社交媒体,,0,,5,2,2,一般发展用户
U07466,菲律宾,内容营销,,0,,5,2,2,一般发展用户
U07470,菲律宾,自然搜索,,0,,5,2,2,一般发展用户
U07471,泰国,KOL推荐,,0,,5,2,2,一般发展用户
U07473,印尼,自然搜索,,0,,5,2,2,一般发展用户
U07475,印尼,自然搜索,,0,,5,2,2,一般发展用户
U07478,菲律宾,内容营销,,0,,5,2,2,一般发展用户
U07480,越南,社交媒体,,0,,5,2,2,一般发展用户
U07481,泰国,自然搜索,,0,,5,2,2,一般发展用户
U07482,越南,社交媒体,,0,,5,2,2,一般发展用户
U07483,印尼,社交媒体,,0,,5,2,2,一般发展用户
U07485,印尼,KOL推荐,,0,,5,2,2,一般发展用户
U07489,菲律宾,社交媒体,,0,,5,2,2,一般发展用户
U07491,越南,自然搜索,,0,,5,2,2,一般发展用户
U07494,菲律宾,付费广告,,0,,5,2,2,一般发展用户
U07496,泰国,付费广告,,0,,5,2,2,一般发展用户
U07498,泰国,自然搜索,,0,,5,2,2,一般发展用户
U07499,印尼,内容营销,,0,,5,2,2,一般发展用户
U07504,印尼,社交媒体,,0,,5,2,2,一般发展用户
U07506,越南,KOL推荐,,0,,5,2,2,一般发展用户
U07513,泰国,社交媒体,,0,,5,2,2,一般发展用户
U07514,印尼,付费广告,,0,,5,2,2,一般发展用户
U07517,泰国,付费广告,,0,,5,2,2,一般发展用户
U07518,菲律宾,付费广告,,0,,5,2,2,一般发展用户
U07520,越南,自然搜索,,0,,5,2,2,一般发展用户
U07524,越南,付费广告,,0,,5,2,2,一般发展用户
U07527,印尼,社交媒体,,0,,5,2,2,一般发展用户
U07528,印尼,付费广告,,0,,5,2,2,一般发展用户
U07530,泰国,自然搜索,,0,,5,2,2,一般发展用户
U07531,泰国,社交媒体,,0,,5,2,2,一般发展用户
U07535,印尼,内容营销,,0,,5,2,2,一般发展用户
U07536,菲律宾,付费广告,,0,,5,2,2,一般发展用户
U07539,越南,社交媒体,,0,,5,2,2,一般发展用户
U07540,泰国,付费广告,,0,,5,2,2,一般发展用户
U07543,马来西亚,社交媒体,,0,,5,2,2,一般发展用户
U07545,泰国,社交媒体,,0,,5,2,2,一般发展用户
U07547,越南,自然搜索,,0,,5,2,2,一般发展用户
U07549,印尼,KOL推荐,,0,,5,2,2,一般发展用户
U07551,越南,付费广告,,0,,5,2,2,一般发展用户
U07555,越南,KOL推荐,,0,,5,2,2,一般发展用户
U07556,泰国,内容营销,,0,,5,2,2,一般发展用户
U07557,印尼,内容营销,,0,,5,2,2,一般发展用户
U07562,泰国,KOL推荐,,0,,5,2,2,一般发展用户
U07565,菲律宾,自然搜索,,0,,5,2,2,一般发展用户
U07566,马来西亚,付费广告,,0,,5,2,2,一般发展用户
U07567,泰国,付费广告,,0,,5,2,2,一般发展用户
U07568,菲律宾,自然搜索,,0,,5,2,2,一般发展用户
U07570,越南,内容营销,,0,,5,2,2,一般发展用户
U07577,印尼,社交媒体,,0,,5,2,2,一般发展用户
U07578,马来西亚,KOL推荐,,0,,5,2,2,一般发展用户
U07579,印尼,KOL推荐,,0,,5,2,2,一般发展用户
U07580,印尼,内容营销,,0,,5,2,2,一般发展用户
U07581,越南,付费广告,,0,,5,2,2,一般发展用户
U07585,印尼,付费广告,,0,,5,2,2,一般发展用户
U07586,越南,自然搜索,,0,,5,2,2,一般发展用户
U07591,菲律宾,社交媒体,,0,,5,2,2,一般发展用户
U07593,菲律宾,社交媒体,,0,,5,2,2,一般发展用户
U07594,泰国,自然搜索,,0,,5,2,2,一般发展用户
U07596,泰国,自然搜索,,0,,5,2,2,一般发展用户
U07597,泰国,KOL推荐,,0,,5,2,2,一般发展用户
U07598,马来西亚,社交媒体,,0,,5,2,2,一般发展用户
U07599,越南,自然搜索,,0,,5,2,2,一般发展用户
U07601,泰国,内容营销,,0,,5,2,2,一般发展用户
U07603,马来西亚,KOL推荐,,0,,5,2,2,一般发展用户
U07605,印尼,自然搜索,,0,,5,2,2,一般发展用户
U07608,越南,社交媒体,,0,,5,2,2,一般发展用户
U07609,泰国,社交媒体,,0,,5,2,2,一般发展用户
U07610,越南,社交媒体,,0,,5,2,2,一般发展用户
U07612,马来西亚,付费广告,,0,,5,2,2,一般发展用户
U07613,越南,付费广告,,0,,5,2,2,一般发展用户
U07615,越南,付费广告,,0,,5,2,2,一般发展用户
U07617,印尼,社交媒体,,0,,5,2,2,一般发展用户
U07620,菲律宾,付费广告,,0,,5,2,2,一般发展用户
U07621,印尼,KOL推荐,,0,,5,2,2,一般发展用户
U07622,泰国,KOL推荐,,0,,5,2,2,一般发展用户
U07623,印尼,社交媒体,,0,,5,2,2,一般发展用户
U07629,菲律宾,自然搜索,,0,,5,2,2,一般发展用户
U07631,印尼,付费广告,,0,,5,2,2,一般发展用户
U07637,印尼,自然搜索,,0,,5,2,2,一般发展用户
U07642,越南,内容营销,,0,,5,2,2,一般发展用户
U07646,印尼,KOL推荐,,0,,5,2,2,一般发展用户
U07650,泰国,自然搜索,,0,,5,2,2,一般发展用户
U07653,菲律宾,自然搜索,,0,,5,2,2,一般发展用户
U07655,菲律宾,付费广告,,0,,5,2,2,一般发展用户
U07658,印尼,自然搜索,,0,,5,2,2,一般发展用户
U07660,泰国,付费广告,,0,,5,2,2,一般发展用户
U07661,印尼,自然搜索,,0,,5,2,2,一般发展用户
U07667,印尼,自然搜索,,0,,5,2,2,一般发展用户
U07669,越南,自然搜索,,0,,5,2,2,一般发展用户
U07672,菲律宾,自然搜索,,0,,5,2,2,一般发展用户
U07675,印尼,KOL推荐,,0,,5,2,2,一般发展用户
U07677,马来西亚,社交媒体,,0,,5,2,2,一般发展用户
U07681,印尼,自然搜索,,0,,5,2,2,一般发展用户
U07682,印尼,自然搜索,,0,,5,2,2,一般发展用户
U07691,菲律宾,社交媒体,,0,,5,2,2,一般发展用户
U07695,印尼,付费广告,,0,,5,2,2,一般发展用户
U07696,越南,内容营销,,0,,5,2,2,一般发展用户
U07697,印尼,社交媒体,,0,,5,2,2,一般发展用户
U07699,越南,付费广告,,0,,5,2,2,一般发展用户
U07700,马来西亚,付费广告,,0,,5,2,2,一般发展用户
U07702,印尼,付费广告,,0,,5,2,2,一般发展用户
U07703,越南,自然搜索,,0,,5,2,2,一般发展用户
U07709,菲律宾,付费广告,,0,,5,2,2,一般发展用户
U07714,泰国,自然搜索,,0,,5,2,2,一般发展用户
U07719,马来西亚,社交媒体,,0,,5,2,2,一般发展用户
U07725,泰国,自然搜索,,0,,5,2,2,一般发展用户
U07734,泰国,付费广告,,0,,5,2,2,一般发展用户
U07738,印尼,付费广告,,0,,5,2,2,一般发展用户
U07742,印尼,内容营销,,0,,5,2,2,一般发展用户
U07743,越南,社交媒体,,0,,5,2,2,一般发展用户
U07744,越南,付费广告,,0,,5,2,2,一般发展用户
U07746,泰国,社交媒体,,0,,5,2,2,一般发展用户
U07747,印尼,自然搜索,,0,,5,2,2,一般发展用户
U07749,印尼,自然搜索,,0,,5,2,2,一般发展用户
U07750,泰国,付费广告,,0,,5,2,2,一般发展用户
U07752,泰国,付费广告,,0,,5,2,2,一般发展用户
U07757,菲律宾,付费广告,,0,,5,2,2,一般发展用户
U07758,菲律宾,自然搜索,,0,,5,2,2,一般发展用户
U07760,印尼,自然搜索,,0,,5,2,2,一般发展用户
U07761,泰国,付费广告,,0,,5,2,2,一般发展用户
U07764,印尼,自然搜索,,0,,5,2,2,一般发展用户
U07765,印尼,自然搜索,,0,,5,2,2,一般发展用户
U07766,越南,社交媒体,,0,,5,2,2,一般发展用户
U07769,印尼,付费广告,,0,,5,2,2,一般发展用户
U07771,印尼,自然搜索,,0,,5,2,2,一般发展用户
U07777,菲律宾,社交媒体,,0,,5,2,2,一般发展用户
U07780,越南,自然搜索,,0,,5,2,2,一般发展用户
U07784,马来西亚,社交媒体,,0,,5,2,2,一般发展用户
U07786,越南,付费广告,,0,,5,2,2,一般发展用户
U07788,泰国,付费广告,,0,,5,2,2,一般发展用户
U07790,印尼,KOL推荐,,0,,5,2,2,一般发展用户
U07792,越南,自然搜索,,0,,5,2,2,一般发展用户
U07793,印尼,KOL推荐,,0,,5,2,2,一般发展用户
U07794,印尼,自然搜索,,0,,5,2,2,一般发展用户
U07799,越南,自然搜索,,0,,5,2,2,一般发展用户
U07803,越南,付费广告,,0,,5,2,2,一般发展用户
U07804,泰国,付费广告,,0,,5,2,2,一般发展用户
U07806,印尼,自然搜索,,0,,5,2,2,一般发展用户
U07807,菲律宾,KOL推荐,,0,,5,2,2,一般发展用户
U07808,越南,内容营销,,0,,5,2,2,一般发展用户
U07810,泰国,自然搜索,,0,,5,2,2,一般发展用户
U07812,泰国,社交媒体,,0,,5,2,2,一般发展用户
U07814,泰国,付费广告,,0,,5,2,2,一般发展用户
U07815,印尼,社交媒体,,0,,5,2,2,一般发展用户
U07817,马来西亚,内容营销,,0,,5,2,2,一般发展用户
U07823,印尼,社交媒体,,0,,5,2,2,一般发展用户
U07824,越南,自然搜索,,0,,5,2,2,一般发展用户
U07828,印尼,付费广告,,0,,5,2,2,一般发展用户
U07829,泰国,自然搜索,,0,,5,2,2,一般发展用户
U07831,越南,付费广告,,0,,5,2,2,一般发展用户
U07837,印尼,付费广告,,0,,5,2,2,一般发展用户
U07841,越南,内容营销,,0,,5,2,2,一般发展用户
U07843,越南,付费广告,,0,,5,2,2,一般发展用户
U07847,印尼,KOL推荐,,0,,5,3,3,一般挽留用户
U07852,菲律宾,自然搜索,,0,,5,3,3,一般挽留用户
U07855,越南,付费广告,,0,,5,3,3,一般挽留用户
U07857,泰国,付费广告,,0,,5,3,3,一般挽留用户
U07858,泰国,自然搜索,,0,,5,3,3,一般挽留用户
U07860,泰国,自然搜索,,0,,5,3,3,一般挽留用户
U07864,越南,社交媒体,,0,,5,3,3,一般挽留用户
U07868,越南,内容营销,,0,,5,3,3,一般挽留用户
U07877,越南,自然搜索,,0,,5,3,3,一般挽留用户
U07878,印尼,自然搜索,,0,,5,3,3,一般挽留用户
U07884,泰国,KOL推荐,,0,,5,3,3,一般挽留用户
U07886,泰国,社交媒体,,0,,5,3,3,一般挽留用户
U07889,越南,内容营销,,0,,5,3,3,一般挽留用户
U07894,印尼,付费广告,,0,,5,3,3,一般挽留用户
U07896,印尼,社交媒体,,0,,5,3,3,一般挽留用户
U07897,印尼,内容营销,,0,,5,3,3,一般挽留用户
U07900,印尼,付费广告,,0,,5,3,3,一般挽留用户
U07903,菲律宾,自然搜索,,0,,5,3,3,一般挽留用户
U07905,马来西亚,自然搜索,,0,,5,3,3,一般挽留用户
U07907,菲律宾,自然搜索,,0,,5,3,3,一般挽留用户
U07908,越南,自然搜索,,0,,5,3,3,一般挽留用户
U07913,泰国,自然搜索,,0,,5,3,3,一般挽留用户
U07914,泰国,KOL推荐,,0,,5,3,3,一般挽留用户
U07915,泰国,付费广告,,0,,5,3,3,一般挽留用户
U07916,印尼,付费广告,,0,,5,3,3,一般挽留用户
U07917,泰国,社交媒体,,0,,5,3,3,一般挽留用户
U07918,泰国,KOL推荐,,0,,5,3,3,一般挽留用户
U07919,越南,KOL推荐,,0,,5,3,3,一般挽留用户
U07921,印尼,内容营销,,0,,5,3,3,一般挽留用户
U07922,泰国,自然搜索,,0,,5,3,3,一般挽留用户
U07924,马来西亚,自然搜索,,0,,5,3,3,一般挽留用户
U07930,菲律宾,自然搜索,,0,,5,3,3,一般挽留用户
U07931,菲律宾,付费广告,,0,,5,3,3,一般挽留用户
U07932,印尼,内容营销,,0,,5,3,3,一般挽留用户
U07933,越南,自然搜索,,0,,5,3,3,一般挽留用户
U07936,印尼,付费广告,,0,,5,3,3,一般挽留用户
U07937,印尼,自然搜索,,0,,5,3,3,一般挽留用户
U07938,越南,付费广告,,0,,5,3,3,一般挽留用户
U07941,印尼,付费广告,,0,,5,3,3,一般挽留用户
U07942,马来西亚,社交媒体,,0,,5,3,3,一般挽留用户
U07948,马来西亚,付费广告,,0,,5,3,3,一般挽留用户
U07949,越南,KOL推荐,,0,,5,3,3,一般挽留用户
U07950,马来西亚,内容营销,,0,,5,3,3,一般挽留用户
U07951,泰国,自然搜索,,0,,5,3,3,一般挽留用户
U07952,印尼,付费广告,,0,,5,3,3,一般挽留用户
U07956,印尼,KOL推荐,,0,,5,3,3,一般挽留用户
U07957,菲律宾,付费广告,,0,,5,3,3,一般挽留用户
U07963,越南,付费广告,,0,,5,3,3,一般挽留用户
U07965,泰国,付费广告,,0,,5,3,3,一般挽留用户
U07969,菲律宾,社交媒体,,0,,5,3,3,一般挽留用户
U07971,印尼,自然搜索,,0,,5,3,3,一般挽留用户
U07973,马来西亚,付费广告,,0,,5,3,3,一般挽留用户
U07980,泰国,社交媒体,,0,,5,3,3,一般挽留用户
U07981,泰国,内容营销,,0,,5,3,3,一般挽留用户
U07983,泰国,社交媒体,,0,,5,3,3,一般挽留用户
U07984,越南,付费广告,,0,,5,3,3,一般挽留用户
U07985,菲律宾,付费广告,,0,,5,3,3,一般挽留用户
U07990,印尼,社交媒体,,0,,5,3,3,一般挽留用户
U07992,越南,内容营销,,0,,5,3,3,一般挽留用户
U07995,越南,自然搜索,,0,,5,3,3,一般挽留用户
