user_id,order_id,rating,feedback_text,feedback_date,category
U00000,FB000001,2,不太满意，需要改善。,2023-02-10,美妆
U00001,FB000002,3,一般般，有待改进。,2023-03-01,家居
U00002,FB000003,5,非常满意，产品很好用！,2024-01-30,美妆
U00003,FB000004,3,一般般，有待改进。,2023-11-01,家居
U00004,FB000005,5,非常满意，产品很好用！,2024-02-27,家居
U00005,FB000006,4,还不错，基本满意。,2023-06-19,3C数码
U00006,FB000007,5,非常满意，产品很好用！,2024-06-07,3C数码
U00007,FB000008,4,还不错，基本满意。,2023-05-23,服饰
U00008,FB000009,3,一般般，有待改进。,2023-10-30,食品
U00009,FB000010,5,非常满意，产品很好用！,2023-08-05,3C数码
U00010,FB000011,3,一般般，有待改进。,2024-02-13,家居
U00011,FB000012,3,一般般，有待改进。,2024-03-31,服饰
U00012,FB000013,3,一般般，有待改进。,2023-10-22,服饰
U00013,FB000014,5,非常满意，产品很好用！,2024-08-17,美妆
U00014,FB000015,3,一般般，有待改进。,2023-08-29,服饰
U00015,FB000016,4,还不错，基本满意。,2023-12-04,美妆
U00016,FB000017,4,还不错，基本满意。,2024-02-06,服饰
U00017,FB000018,4,还不错，基本满意。,2023-12-30,3C数码
U00018,FB000019,3,一般般，有待改进。,2024-01-17,美妆
U00019,FB000020,3,一般般，有待改进。,2024-04-29,3C数码
U00020,FB000021,4,还不错，基本满意。,2024-01-13,服饰
U00021,FB000022,2,不太满意，需要改善。,2023-08-03,食品
U00022,FB000023,2,不太满意，需要改善。,2023-11-16,家居
U00023,FB000024,3,一般般，有待改进。,2024-01-06,食品
U00024,FB000025,5,非常满意，产品很好用！,2023-09-20,服饰
U00025,FB000026,5,非常满意，产品很好用！,2024-03-02,美妆
U00026,FB000027,5,非常满意，产品很好用！,2024-10-31,服饰
U00027,FB000028,2,不太满意，需要改善。,2024-09-21,家居
U00028,FB000029,5,非常满意，产品很好用！,2023-02-21,3C数码
U00029,FB000030,4,还不错，基本满意。,2024-11-02,3C数码
U00030,FB000031,3,一般般，有待改进。,2024-06-02,服饰
U00031,FB000032,5,非常满意，产品很好用！,2023-09-19,美妆
U00032,FB000033,5,非常满意，产品很好用！,2023-08-05,家居
U00033,FB000034,5,非常满意，产品很好用！,2023-02-22,服饰
U00034,FB000035,5,非常满意，产品很好用！,2023-02-28,食品
U00035,FB000036,3,一般般，有待改进。,2023-11-25,3C数码
U00036,FB000037,4,还不错，基本满意。,2023-07-28,食品
U00037,FB000038,3,一般般，有待改进。,2024-02-20,服饰
U00038,FB000039,3,一般般，有待改进。,2023-02-24,服饰
U00039,FB000040,4,还不错，基本满意。,2023-11-22,食品
U00040,FB000041,2,不太满意，需要改善。,2023-11-25,美妆
U00041,FB000042,5,非常满意，产品很好用！,2024-05-31,美妆
U00042,FB000043,5,非常满意，产品很好用！,2023-07-10,家居
U00043,FB000044,4,还不错，基本满意。,2023-07-19,美妆
U00044,FB000045,5,非常满意，产品很好用！,2024-04-22,美妆
U00045,FB000046,5,非常满意，产品很好用！,2024-04-30,家居
U00046,FB000047,4,还不错，基本满意。,2023-03-29,美妆
U00047,FB000048,3,一般般，有待改进。,2024-04-15,3C数码
U00048,FB000049,2,不太满意，需要改善。,2023-12-11,3C数码
U00049,FB000050,4,还不错，基本满意。,2023-02-27,食品
U00050,FB000051,2,不太满意，需要改善。,2024-08-29,服饰
U00051,FB000052,3,一般般，有待改进。,2023-02-19,食品
U00052,FB000053,5,非常满意，产品很好用！,2024-03-14,服饰
U00053,FB000054,4,还不错，基本满意。,2024-02-03,食品
U00054,FB000055,1,非常不满意，体验很差。,2024-09-02,美妆
U00055,FB000056,3,一般般，有待改进。,2023-06-07,服饰
U00056,FB000057,5,非常满意，产品很好用！,2023-03-12,家居
U00057,FB000058,5,非常满意，产品很好用！,2024-04-18,食品
U00058,FB000059,5,非常满意，产品很好用！,2023-08-18,美妆
U00059,FB000060,4,还不错，基本满意。,2023-01-20,美妆
U00060,FB000061,2,不太满意，需要改善。,2024-01-09,3C数码
U00061,FB000062,3,一般般，有待改进。,2024-12-09,食品
U00062,FB000063,5,非常满意，产品很好用！,2023-12-16,美妆
U00063,FB000064,3,一般般，有待改进。,2023-05-30,美妆
U00064,FB000065,3,一般般，有待改进。,2024-02-03,美妆
U00065,FB000066,2,不太满意，需要改善。,2024-05-20,美妆
U00066,FB000067,5,非常满意，产品很好用！,2023-08-01,3C数码
U00067,FB000068,4,还不错，基本满意。,2024-09-26,3C数码
U00068,FB000069,5,非常满意，产品很好用！,2024-03-29,美妆
U00069,FB000070,5,非常满意，产品很好用！,2024-02-03,美妆
U00070,FB000071,2,不太满意，需要改善。,2024-12-23,3C数码
U00071,FB000072,1,非常不满意，体验很差。,2023-09-22,食品
U00072,FB000073,5,非常满意，产品很好用！,2023-11-23,服饰
U00073,FB000074,5,非常满意，产品很好用！,2023-08-15,3C数码
U00074,FB000075,2,不太满意，需要改善。,2023-02-16,美妆
U00075,FB000076,3,一般般，有待改进。,2023-10-04,食品
U00076,FB000077,4,还不错，基本满意。,2024-06-14,3C数码
U00077,FB000078,4,还不错，基本满意。,2023-05-28,3C数码
U00078,FB000079,5,非常满意，产品很好用！,2024-09-21,家居
U00079,FB000080,4,还不错，基本满意。,2024-03-17,食品
U00080,FB000081,4,还不错，基本满意。,2024-08-21,家居
U00081,FB000082,4,还不错，基本满意。,2024-06-28,美妆
U00082,FB000083,4,还不错，基本满意。,2023-10-23,美妆
U00083,FB000084,5,非常满意，产品很好用！,2024-11-30,服饰
U00084,FB000085,3,一般般，有待改进。,2024-12-30,3C数码
U00085,FB000086,3,一般般，有待改进。,2024-03-12,食品
U00086,FB000087,5,非常满意，产品很好用！,2023-03-03,家居
U00087,FB000088,5,非常满意，产品很好用！,2023-11-24,3C数码
U00088,FB000089,4,还不错，基本满意。,2023-04-04,3C数码
U00089,FB000090,5,非常满意，产品很好用！,2023-04-23,美妆
U00090,FB000091,2,不太满意，需要改善。,2023-08-20,食品
U00091,FB000092,3,一般般，有待改进。,2024-09-25,美妆
U00092,FB000093,4,还不错，基本满意。,2023-03-10,3C数码
U00093,FB000094,3,一般般，有待改进。,2024-08-10,食品
U00094,FB000095,5,非常满意，产品很好用！,2024-02-10,服饰
U00095,FB000096,5,非常满意，产品很好用！,2024-07-07,3C数码
U00096,FB000097,5,非常满意，产品很好用！,2024-05-02,家居
U00097,FB000098,4,还不错，基本满意。,2023-10-21,食品
U00098,FB000099,5,非常满意，产品很好用！,2023-04-26,3C数码
U00099,FB000100,4,还不错，基本满意。,2023-06-24,家居
U00100,FB000101,3,一般般，有待改进。,2023-06-16,食品
U00101,FB000102,4,还不错，基本满意。,2024-12-25,食品
U00102,FB000103,4,还不错，基本满意。,2024-11-10,美妆
U00103,FB000104,2,不太满意，需要改善。,2023-03-01,家居
U00104,FB000105,4,还不错，基本满意。,2023-06-18,服饰
U00105,FB000106,3,一般般，有待改进。,2024-10-17,服饰
U00106,FB000107,5,非常满意，产品很好用！,2024-10-31,服饰
U00107,FB000108,5,非常满意，产品很好用！,2023-11-05,家居
U00108,FB000109,5,非常满意，产品很好用！,2024-03-06,服饰
U00109,FB000110,4,还不错，基本满意。,2024-04-13,家居
U00110,FB000111,3,一般般，有待改进。,2023-03-04,服饰
U00111,FB000112,4,还不错，基本满意。,2023-06-04,食品
U00112,FB000113,4,还不错，基本满意。,2023-01-09,美妆
U00113,FB000114,3,一般般，有待改进。,2024-03-10,家居
U00114,FB000115,5,非常满意，产品很好用！,2024-05-31,美妆
U00115,FB000116,5,非常满意，产品很好用！,2023-07-11,食品
U00116,FB000117,4,还不错，基本满意。,2023-07-18,美妆
U00117,FB000118,5,非常满意，产品很好用！,2024-02-02,美妆
U00118,FB000119,5,非常满意，产品很好用！,2023-07-20,3C数码
U00119,FB000120,2,不太满意，需要改善。,2023-06-11,家居
U00120,FB000121,3,一般般，有待改进。,2024-05-30,美妆
U00121,FB000122,4,还不错，基本满意。,2024-01-02,服饰
U00122,FB000123,3,一般般，有待改进。,2023-01-31,食品
U00123,FB000124,4,还不错，基本满意。,2023-11-27,家居
U00124,FB000125,3,一般般，有待改进。,2024-08-08,家居
U00125,FB000126,5,非常满意，产品很好用！,2023-04-08,家居
U00126,FB000127,4,还不错，基本满意。,2024-12-02,服饰
U00127,FB000128,5,非常满意，产品很好用！,2024-06-14,服饰
U00128,FB000129,5,非常满意，产品很好用！,2024-09-16,服饰
U00129,FB000130,3,一般般，有待改进。,2023-01-11,家居
U00130,FB000131,3,一般般，有待改进。,2023-04-19,服饰
U00131,FB000132,5,非常满意，产品很好用！,2023-03-22,美妆
U00132,FB000133,4,还不错，基本满意。,2023-12-01,3C数码
U00133,FB000134,5,非常满意，产品很好用！,2023-09-05,3C数码
U00134,FB000135,5,非常满意，产品很好用！,2023-04-11,服饰
U00135,FB000136,5,非常满意，产品很好用！,2023-10-16,美妆
U00136,FB000137,3,一般般，有待改进。,2023-09-26,3C数码
U00137,FB000138,3,一般般，有待改进。,2023-09-09,美妆
U00138,FB000139,4,还不错，基本满意。,2024-02-21,美妆
U00139,FB000140,5,非常满意，产品很好用！,2024-06-05,3C数码
U00140,FB000141,2,不太满意，需要改善。,2024-05-07,家居
U00141,FB000142,4,还不错，基本满意。,2023-03-12,家居
U00142,FB000143,5,非常满意，产品很好用！,2024-08-18,家居
U00143,FB000144,4,还不错，基本满意。,2023-02-08,3C数码
U00144,FB000145,4,还不错，基本满意。,2023-08-14,食品
U00145,FB000146,4,还不错，基本满意。,2024-07-11,家居
U00146,FB000147,1,非常不满意，体验很差。,2024-03-21,服饰
U00147,FB000148,4,还不错，基本满意。,2023-05-05,服饰
U00148,FB000149,3,一般般，有待改进。,2024-03-29,食品
U00149,FB000150,5,非常满意，产品很好用！,2024-01-09,美妆
U00150,FB000151,3,一般般，有待改进。,2023-01-12,食品
U00151,FB000152,5,非常满意，产品很好用！,2023-10-27,食品
U00152,FB000153,5,非常满意，产品很好用！,2024-12-20,食品
U00153,FB000154,5,非常满意，产品很好用！,2023-01-08,食品
U00154,FB000155,5,非常满意，产品很好用！,2023-11-15,美妆
U00155,FB000156,3,一般般，有待改进。,2023-11-07,服饰
U00156,FB000157,5,非常满意，产品很好用！,2024-06-11,3C数码
U00157,FB000158,5,非常满意，产品很好用！,2024-05-31,3C数码
U00158,FB000159,5,非常满意，产品很好用！,2024-01-16,3C数码
U00159,FB000160,4,还不错，基本满意。,2024-02-17,3C数码
U00160,FB000161,5,非常满意，产品很好用！,2023-09-01,服饰
U00161,FB000162,3,一般般，有待改进。,2024-09-27,食品
U00162,FB000163,1,非常不满意，体验很差。,2023-04-28,服饰
U00163,FB000164,1,非常不满意，体验很差。,2024-09-04,美妆
U00164,FB000165,3,一般般，有待改进。,2023-11-11,服饰
U00165,FB000166,5,非常满意，产品很好用！,2023-02-17,食品
U00166,FB000167,2,不太满意，需要改善。,2024-08-17,服饰
U00167,FB000168,3,一般般，有待改进。,2023-06-25,美妆
U00168,FB000169,3,一般般，有待改进。,2023-02-03,美妆
U00169,FB000170,2,不太满意，需要改善。,2024-01-03,3C数码
U00170,FB000171,5,非常满意，产品很好用！,2024-12-28,服饰
U00171,FB000172,4,还不错，基本满意。,2023-02-21,食品
U00172,FB000173,1,非常不满意，体验很差。,2023-01-13,3C数码
U00173,FB000174,5,非常满意，产品很好用！,2023-02-05,3C数码
U00174,FB000175,3,一般般，有待改进。,2024-06-21,服饰
U00175,FB000176,4,还不错，基本满意。,2023-05-06,3C数码
U00176,FB000177,4,还不错，基本满意。,2024-06-04,家居
U00177,FB000178,5,非常满意，产品很好用！,2023-06-23,美妆
U00178,FB000179,5,非常满意，产品很好用！,2023-09-21,3C数码
U00179,FB000180,4,还不错，基本满意。,2023-05-20,3C数码
U00180,FB000181,3,一般般，有待改进。,2024-04-22,美妆
U00181,FB000182,5,非常满意，产品很好用！,2024-05-08,美妆
U00182,FB000183,3,一般般，有待改进。,2024-05-12,美妆
U00183,FB000184,4,还不错，基本满意。,2024-04-12,服饰
U00184,FB000185,4,还不错，基本满意。,2024-07-26,家居
U00185,FB000186,5,非常满意，产品很好用！,2024-04-27,服饰
U00186,FB000187,2,不太满意，需要改善。,2024-01-29,美妆
U00187,FB000188,5,非常满意，产品很好用！,2023-12-01,家居
U00188,FB000189,4,还不错，基本满意。,2024-03-21,3C数码
U00189,FB000190,5,非常满意，产品很好用！,2023-10-11,家居
U00190,FB000191,4,还不错，基本满意。,2023-11-20,服饰
U00191,FB000192,5,非常满意，产品很好用！,2024-07-12,家居
U00192,FB000193,3,一般般，有待改进。,2023-01-29,美妆
U00193,FB000194,2,不太满意，需要改善。,2023-09-17,食品
U00194,FB000195,5,非常满意，产品很好用！,2023-04-15,家居
U00195,FB000196,4,还不错，基本满意。,2023-04-03,服饰
U00196,FB000197,5,非常满意，产品很好用！,2024-01-08,美妆
U00197,FB000198,4,还不错，基本满意。,2024-09-14,3C数码
U00198,FB000199,2,不太满意，需要改善。,2023-07-21,美妆
U00199,FB000200,1,非常不满意，体验很差。,2023-10-15,美妆
U00200,FB000201,4,还不错，基本满意。,2023-05-16,美妆
U00201,FB000202,4,还不错，基本满意。,2024-10-01,食品
U00202,FB000203,3,一般般，有待改进。,2024-10-27,美妆
U00203,FB000204,5,非常满意，产品很好用！,2023-07-04,家居
U00204,FB000205,5,非常满意，产品很好用！,2023-08-17,美妆
U00205,FB000206,4,还不错，基本满意。,2024-03-18,3C数码
U00206,FB000207,4,还不错，基本满意。,2024-12-17,食品
U00207,FB000208,4,还不错，基本满意。,2023-07-13,3C数码
U00208,FB000209,1,非常不满意，体验很差。,2023-06-08,食品
U00209,FB000210,5,非常满意，产品很好用！,2024-11-18,家居
U00210,FB000211,5,非常满意，产品很好用！,2023-12-29,家居
U00211,FB000212,5,非常满意，产品很好用！,2024-11-22,家居
U00212,FB000213,5,非常满意，产品很好用！,2023-01-18,家居
U00213,FB000214,2,不太满意，需要改善。,2023-12-06,3C数码
U00214,FB000215,2,不太满意，需要改善。,2023-04-13,家居
U00215,FB000216,5,非常满意，产品很好用！,2023-06-11,食品
U00216,FB000217,4,还不错，基本满意。,2024-09-22,3C数码
U00217,FB000218,4,还不错，基本满意。,2023-03-16,家居
U00218,FB000219,4,还不错，基本满意。,2024-05-23,3C数码
U00219,FB000220,3,一般般，有待改进。,2023-01-16,美妆
U00220,FB000221,4,还不错，基本满意。,2023-09-23,美妆
U00221,FB000222,4,还不错，基本满意。,2023-12-09,食品
U00222,FB000223,5,非常满意，产品很好用！,2024-01-21,服饰
U00223,FB000224,5,非常满意，产品很好用！,2024-10-21,食品
U00224,FB000225,2,不太满意，需要改善。,2024-11-17,3C数码
U00225,FB000226,5,非常满意，产品很好用！,2023-12-04,食品
U00226,FB000227,2,不太满意，需要改善。,2024-04-17,美妆
U00227,FB000228,5,非常满意，产品很好用！,2024-10-07,食品
U00228,FB000229,1,非常不满意，体验很差。,2023-03-11,食品
U00229,FB000230,3,一般般，有待改进。,2023-03-07,美妆
U00230,FB000231,4,还不错，基本满意。,2023-03-14,食品
U00231,FB000232,1,非常不满意，体验很差。,2024-03-11,家居
U00232,FB000233,4,还不错，基本满意。,2023-08-18,服饰
U00233,FB000234,4,还不错，基本满意。,2023-07-04,美妆
U00234,FB000235,5,非常满意，产品很好用！,2024-12-30,家居
U00235,FB000236,4,还不错，基本满意。,2024-07-11,3C数码
U00236,FB000237,4,还不错，基本满意。,2024-06-28,家居
U00237,FB000238,5,非常满意，产品很好用！,2023-09-29,3C数码
U00238,FB000239,4,还不错，基本满意。,2023-05-01,美妆
U00239,FB000240,5,非常满意，产品很好用！,2024-05-02,美妆
U00240,FB000241,2,不太满意，需要改善。,2023-09-12,食品
U00241,FB000242,4,还不错，基本满意。,2023-10-22,家居
U00242,FB000243,4,还不错，基本满意。,2023-07-18,美妆
U00243,FB000244,5,非常满意，产品很好用！,2023-09-07,3C数码
U00244,FB000245,5,非常满意，产品很好用！,2023-12-03,3C数码
U00245,FB000246,4,还不错，基本满意。,2023-09-15,家居
U00246,FB000247,5,非常满意，产品很好用！,2023-12-18,3C数码
U00247,FB000248,2,不太满意，需要改善。,2023-04-05,食品
U00248,FB000249,5,非常满意，产品很好用！,2024-12-16,食品
U00249,FB000250,5,非常满意，产品很好用！,2023-01-18,3C数码
U00250,FB000251,4,还不错，基本满意。,2024-01-08,食品
U00251,FB000252,2,不太满意，需要改善。,2023-07-04,家居
U00252,FB000253,5,非常满意，产品很好用！,2024-02-26,食品
U00253,FB000254,3,一般般，有待改进。,2024-12-17,食品
U00254,FB000255,4,还不错，基本满意。,2024-04-03,美妆
U00255,FB000256,4,还不错，基本满意。,2024-01-08,服饰
U00256,FB000257,1,非常不满意，体验很差。,2023-12-24,家居
U00257,FB000258,4,还不错，基本满意。,2023-03-01,家居
U00258,FB000259,4,还不错，基本满意。,2023-05-09,家居
U00259,FB000260,3,一般般，有待改进。,2023-11-02,家居
U00260,FB000261,5,非常满意，产品很好用！,2024-03-19,服饰
U00261,FB000262,5,非常满意，产品很好用！,2023-12-15,美妆
U00262,FB000263,4,还不错，基本满意。,2023-09-15,3C数码
U00263,FB000264,5,非常满意，产品很好用！,2024-04-10,服饰
U00264,FB000265,5,非常满意，产品很好用！,2024-09-23,家居
U00265,FB000266,4,还不错，基本满意。,2023-12-09,家居
U00266,FB000267,1,非常不满意，体验很差。,2023-05-28,3C数码
U00267,FB000268,1,非常不满意，体验很差。,2024-05-14,服饰
U00268,FB000269,3,一般般，有待改进。,2024-02-13,服饰
U00269,FB000270,4,还不错，基本满意。,2024-12-06,美妆
U00270,FB000271,5,非常满意，产品很好用！,2024-12-09,3C数码
U00271,FB000272,4,还不错，基本满意。,2023-06-23,食品
U00272,FB000273,4,还不错，基本满意。,2023-07-12,家居
U00273,FB000274,5,非常满意，产品很好用！,2023-05-27,食品
U00274,FB000275,4,还不错，基本满意。,2024-01-12,食品
U00275,FB000276,5,非常满意，产品很好用！,2024-12-22,服饰
U00276,FB000277,3,一般般，有待改进。,2023-06-06,家居
U00277,FB000278,3,一般般，有待改进。,2023-04-30,食品
U00278,FB000279,5,非常满意，产品很好用！,2023-11-17,3C数码
U00279,FB000280,3,一般般，有待改进。,2024-04-21,家居
U00280,FB000281,3,一般般，有待改进。,2024-03-29,3C数码
U00281,FB000282,2,不太满意，需要改善。,2023-07-27,美妆
U00282,FB000283,5,非常满意，产品很好用！,2023-02-20,家居
U00283,FB000284,3,一般般，有待改进。,2024-12-04,家居
U00284,FB000285,2,不太满意，需要改善。,2024-10-10,家居
U00285,FB000286,3,一般般，有待改进。,2023-10-18,美妆
U00286,FB000287,5,非常满意，产品很好用！,2023-10-23,食品
U00287,FB000288,4,还不错，基本满意。,2024-10-25,服饰
U00288,FB000289,4,还不错，基本满意。,2023-12-24,服饰
U00289,FB000290,4,还不错，基本满意。,2023-02-02,食品
U00290,FB000291,5,非常满意，产品很好用！,2024-09-21,家居
U00291,FB000292,4,还不错，基本满意。,2023-07-05,家居
U00292,FB000293,3,一般般，有待改进。,2023-05-03,服饰
U00293,FB000294,5,非常满意，产品很好用！,2024-03-03,食品
U00294,FB000295,3,一般般，有待改进。,2024-01-27,美妆
U00295,FB000296,5,非常满意，产品很好用！,2024-01-13,食品
U00296,FB000297,5,非常满意，产品很好用！,2024-02-11,3C数码
U00297,FB000298,4,还不错，基本满意。,2023-11-08,家居
U00298,FB000299,4,还不错，基本满意。,2024-05-28,美妆
U00299,FB000300,5,非常满意，产品很好用！,2023-12-12,服饰
U00300,FB000301,5,非常满意，产品很好用！,2024-11-17,美妆
U00301,FB000302,4,还不错，基本满意。,2024-07-02,家居
U00302,FB000303,2,不太满意，需要改善。,2023-05-24,食品
U00303,FB000304,4,还不错，基本满意。,2024-05-17,美妆
U00304,FB000305,5,非常满意，产品很好用！,2023-09-06,美妆
U00305,FB000306,5,非常满意，产品很好用！,2024-07-02,食品
U00306,FB000307,2,不太满意，需要改善。,2024-04-27,家居
U00307,FB000308,4,还不错，基本满意。,2024-12-29,服饰
U00308,FB000309,4,还不错，基本满意。,2024-10-16,服饰
U00309,FB000310,4,还不错，基本满意。,2023-10-25,服饰
U00310,FB000311,5,非常满意，产品很好用！,2023-08-03,美妆
U00311,FB000312,4,还不错，基本满意。,2024-09-15,3C数码
U00312,FB000313,4,还不错，基本满意。,2023-09-05,食品
U00313,FB000314,2,不太满意，需要改善。,2023-08-15,3C数码
U00314,FB000315,4,还不错，基本满意。,2024-12-14,服饰
U00315,FB000316,5,非常满意，产品很好用！,2024-08-01,食品
U00316,FB000317,5,非常满意，产品很好用！,2023-06-03,家居
U00317,FB000318,3,一般般，有待改进。,2023-04-09,服饰
U00318,FB000319,5,非常满意，产品很好用！,2024-08-10,家居
U00319,FB000320,5,非常满意，产品很好用！,2023-04-27,服饰
U00320,FB000321,5,非常满意，产品很好用！,2023-10-14,家居
U00321,FB000322,5,非常满意，产品很好用！,2023-10-08,服饰
U00322,FB000323,5,非常满意，产品很好用！,2024-09-05,食品
U00323,FB000324,4,还不错，基本满意。,2023-09-06,服饰
U00324,FB000325,3,一般般，有待改进。,2023-10-19,家居
U00325,FB000326,5,非常满意，产品很好用！,2024-05-05,3C数码
U00326,FB000327,5,非常满意，产品很好用！,2024-08-12,家居
U00327,FB000328,4,还不错，基本满意。,2023-07-20,家居
U00328,FB000329,4,还不错，基本满意。,2023-04-06,3C数码
U00329,FB000330,4,还不错，基本满意。,2023-12-28,3C数码
U00330,FB000331,4,还不错，基本满意。,2023-02-14,食品
U00331,FB000332,4,还不错，基本满意。,2023-03-16,3C数码
U00332,FB000333,5,非常满意，产品很好用！,2024-05-08,食品
U00333,FB000334,3,一般般，有待改进。,2023-07-20,服饰
U00334,FB000335,4,还不错，基本满意。,2023-09-04,食品
U00335,FB000336,4,还不错，基本满意。,2024-04-04,家居
U00336,FB000337,1,非常不满意，体验很差。,2023-12-27,服饰
U00337,FB000338,3,一般般，有待改进。,2023-11-02,美妆
U00338,FB000339,4,还不错，基本满意。,2023-05-21,食品
U00339,FB000340,5,非常满意，产品很好用！,2024-04-25,家居
U00340,FB000341,1,非常不满意，体验很差。,2023-01-13,家居
U00341,FB000342,4,还不错，基本满意。,2024-09-05,3C数码
U00342,FB000343,2,不太满意，需要改善。,2023-04-28,食品
U00343,FB000344,4,还不错，基本满意。,2023-10-22,食品
U00344,FB000345,5,非常满意，产品很好用！,2024-12-30,家居
U00345,FB000346,5,非常满意，产品很好用！,2024-02-24,服饰
U00346,FB000347,3,一般般，有待改进。,2024-06-27,3C数码
U00347,FB000348,5,非常满意，产品很好用！,2023-06-16,3C数码
U00348,FB000349,5,非常满意，产品很好用！,2024-11-08,食品
U00349,FB000350,4,还不错，基本满意。,2024-12-15,食品
U00350,FB000351,3,一般般，有待改进。,2024-06-30,食品
U00351,FB000352,4,还不错，基本满意。,2023-09-21,食品
U00352,FB000353,5,非常满意，产品很好用！,2023-12-21,家居
U00353,FB000354,5,非常满意，产品很好用！,2024-08-08,美妆
U00354,FB000355,3,一般般，有待改进。,2024-04-24,美妆
U00355,FB000356,4,还不错，基本满意。,2023-02-10,3C数码
U00356,FB000357,4,还不错，基本满意。,2024-09-23,家居
U00357,FB000358,4,还不错，基本满意。,2023-03-18,服饰
U00358,FB000359,5,非常满意，产品很好用！,2024-06-08,家居
U00359,FB000360,3,一般般，有待改进。,2024-11-01,食品
U00360,FB000361,5,非常满意，产品很好用！,2024-09-28,服饰
U00361,FB000362,4,还不错，基本满意。,2023-04-12,服饰
U00362,FB000363,2,不太满意，需要改善。,2024-12-20,3C数码
U00363,FB000364,2,不太满意，需要改善。,2023-06-05,家居
U00364,FB000365,3,一般般，有待改进。,2024-05-13,美妆
U00365,FB000366,3,一般般，有待改进。,2024-01-11,美妆
U00366,FB000367,2,不太满意，需要改善。,2024-05-22,家居
U00367,FB000368,4,还不错，基本满意。,2023-09-11,3C数码
U00368,FB000369,5,非常满意，产品很好用！,2023-03-14,3C数码
U00369,FB000370,3,一般般，有待改进。,2023-05-25,食品
U00370,FB000371,3,一般般，有待改进。,2023-10-20,食品
U00371,FB000372,5,非常满意，产品很好用！,2024-02-01,服饰
U00372,FB000373,3,一般般，有待改进。,2024-10-26,美妆
U00373,FB000374,5,非常满意，产品很好用！,2023-04-06,服饰
U00374,FB000375,3,一般般，有待改进。,2024-11-21,食品
U00375,FB000376,5,非常满意，产品很好用！,2023-03-28,美妆
U00376,FB000377,5,非常满意，产品很好用！,2024-11-18,3C数码
U00377,FB000378,2,不太满意，需要改善。,2023-04-18,食品
U00378,FB000379,2,不太满意，需要改善。,2023-10-22,3C数码
U00379,FB000380,3,一般般，有待改进。,2023-08-20,食品
U00380,FB000381,5,非常满意，产品很好用！,2024-06-05,食品
U00381,FB000382,3,一般般，有待改进。,2023-12-08,食品
U00382,FB000383,5,非常满意，产品很好用！,2023-09-14,家居
U00383,FB000384,4,还不错，基本满意。,2023-04-22,食品
U00384,FB000385,5,非常满意，产品很好用！,2024-01-20,3C数码
U00385,FB000386,4,还不错，基本满意。,2024-07-07,美妆
U00386,FB000387,2,不太满意，需要改善。,2023-07-22,3C数码
U00387,FB000388,2,不太满意，需要改善。,2024-12-11,家居
U00388,FB000389,5,非常满意，产品很好用！,2024-06-28,家居
U00389,FB000390,2,不太满意，需要改善。,2024-10-07,家居
U00390,FB000391,3,一般般，有待改进。,2024-12-14,食品
U00391,FB000392,4,还不错，基本满意。,2023-01-31,服饰
U00392,FB000393,5,非常满意，产品很好用！,2023-09-15,3C数码
U00393,FB000394,3,一般般，有待改进。,2023-05-25,3C数码
U00394,FB000395,1,非常不满意，体验很差。,2023-08-08,3C数码
U00395,FB000396,5,非常满意，产品很好用！,2023-12-09,家居
U00396,FB000397,4,还不错，基本满意。,2023-04-19,食品
U00397,FB000398,5,非常满意，产品很好用！,2023-11-12,3C数码
U00398,FB000399,3,一般般，有待改进。,2024-10-26,家居
U00399,FB000400,4,还不错，基本满意。,2024-04-30,美妆
U00400,FB000401,5,非常满意，产品很好用！,2024-12-06,3C数码
U00401,FB000402,5,非常满意，产品很好用！,2023-04-23,服饰
U00402,FB000403,4,还不错，基本满意。,2024-03-09,3C数码
U00403,FB000404,5,非常满意，产品很好用！,2023-05-01,食品
U00404,FB000405,5,非常满意，产品很好用！,2023-10-19,3C数码
U00405,FB000406,5,非常满意，产品很好用！,2024-07-11,3C数码
U00406,FB000407,4,还不错，基本满意。,2024-05-08,服饰
U00407,FB000408,2,不太满意，需要改善。,2023-08-20,服饰
U00408,FB000409,5,非常满意，产品很好用！,2024-12-28,美妆
U00409,FB000410,4,还不错，基本满意。,2023-10-17,服饰
U00410,FB000411,4,还不错，基本满意。,2024-10-09,美妆
U00411,FB000412,4,还不错，基本满意。,2024-05-03,美妆
U00412,FB000413,5,非常满意，产品很好用！,2024-04-28,服饰
U00413,FB000414,2,不太满意，需要改善。,2024-02-10,家居
U00414,FB000415,3,一般般，有待改进。,2024-03-03,服饰
U00415,FB000416,3,一般般，有待改进。,2024-05-08,美妆
U00416,FB000417,2,不太满意，需要改善。,2023-09-02,食品
U00417,FB000418,4,还不错，基本满意。,2023-01-18,服饰
U00418,FB000419,3,一般般，有待改进。,2024-12-19,家居
U00419,FB000420,2,不太满意，需要改善。,2024-04-15,食品
U00420,FB000421,3,一般般，有待改进。,2023-02-01,食品
U00421,FB000422,5,非常满意，产品很好用！,2023-05-13,食品
U00422,FB000423,4,还不错，基本满意。,2023-11-07,服饰
U00423,FB000424,5,非常满意，产品很好用！,2023-02-21,服饰
U00424,FB000425,5,非常满意，产品很好用！,2024-05-08,食品
U00425,FB000426,3,一般般，有待改进。,2024-10-06,3C数码
U00426,FB000427,3,一般般，有待改进。,2023-05-02,美妆
U00427,FB000428,4,还不错，基本满意。,2023-07-10,食品
U00428,FB000429,5,非常满意，产品很好用！,2023-07-15,食品
U00429,FB000430,5,非常满意，产品很好用！,2023-02-26,3C数码
U00430,FB000431,2,不太满意，需要改善。,2024-04-21,家居
U00431,FB000432,4,还不错，基本满意。,2023-01-08,服饰
U00432,FB000433,5,非常满意，产品很好用！,2024-08-22,食品
U00433,FB000434,5,非常满意，产品很好用！,2024-02-06,服饰
U00434,FB000435,5,非常满意，产品很好用！,2023-01-29,家居
U00435,FB000436,3,一般般，有待改进。,2024-03-01,3C数码
U00436,FB000437,5,非常满意，产品很好用！,2024-04-05,3C数码
U00437,FB000438,4,还不错，基本满意。,2024-11-11,服饰
U00438,FB000439,5,非常满意，产品很好用！,2023-08-26,家居
U00439,FB000440,5,非常满意，产品很好用！,2023-05-22,食品
U00440,FB000441,2,不太满意，需要改善。,2024-05-07,服饰
U00441,FB000442,4,还不错，基本满意。,2023-09-15,服饰
U00442,FB000443,4,还不错，基本满意。,2024-08-23,服饰
U00443,FB000444,5,非常满意，产品很好用！,2024-01-21,3C数码
U00444,FB000445,2,不太满意，需要改善。,2023-04-11,服饰
U00445,FB000446,4,还不错，基本满意。,2024-12-18,家居
U00446,FB000447,1,非常不满意，体验很差。,2024-08-03,家居
U00447,FB000448,4,还不错，基本满意。,2023-04-20,美妆
U00448,FB000449,4,还不错，基本满意。,2023-01-21,3C数码
U00449,FB000450,3,一般般，有待改进。,2024-05-14,美妆
U00450,FB000451,5,非常满意，产品很好用！,2024-03-14,家居
U00451,FB000452,5,非常满意，产品很好用！,2024-12-03,食品
U00452,FB000453,4,还不错，基本满意。,2024-12-09,食品
U00453,FB000454,3,一般般，有待改进。,2023-04-15,家居
U00454,FB000455,4,还不错，基本满意。,2024-04-15,3C数码
U00455,FB000456,5,非常满意，产品很好用！,2024-07-15,3C数码
U00456,FB000457,3,一般般，有待改进。,2023-02-19,美妆
U00457,FB000458,3,一般般，有待改进。,2024-05-20,家居
U00458,FB000459,4,还不错，基本满意。,2023-04-22,家居
U00459,FB000460,4,还不错，基本满意。,2023-10-29,3C数码
U00460,FB000461,4,还不错，基本满意。,2024-08-24,食品
U00461,FB000462,5,非常满意，产品很好用！,2024-05-06,美妆
U00462,FB000463,3,一般般，有待改进。,2024-10-18,食品
U00463,FB000464,5,非常满意，产品很好用！,2024-09-05,3C数码
U00464,FB000465,5,非常满意，产品很好用！,2024-05-02,服饰
U00465,FB000466,4,还不错，基本满意。,2024-04-07,3C数码
U00466,FB000467,4,还不错，基本满意。,2023-05-24,美妆
U00467,FB000468,2,不太满意，需要改善。,2024-05-10,服饰
U00468,FB000469,4,还不错，基本满意。,2024-12-10,家居
U00469,FB000470,4,还不错，基本满意。,2024-11-21,服饰
U00470,FB000471,1,非常不满意，体验很差。,2023-08-17,美妆
U00471,FB000472,4,还不错，基本满意。,2024-07-30,家居
U00472,FB000473,5,非常满意，产品很好用！,2023-02-15,美妆
U00473,FB000474,3,一般般，有待改进。,2023-08-16,家居
U00474,FB000475,4,还不错，基本满意。,2023-01-31,3C数码
U00475,FB000476,4,还不错，基本满意。,2024-02-25,美妆
U00476,FB000477,2,不太满意，需要改善。,2024-07-29,3C数码
U00477,FB000478,5,非常满意，产品很好用！,2023-05-21,美妆
U00478,FB000479,4,还不错，基本满意。,2023-06-19,食品
U00479,FB000480,1,非常不满意，体验很差。,2024-06-01,服饰
U00480,FB000481,4,还不错，基本满意。,2023-10-27,美妆
U00481,FB000482,5,非常满意，产品很好用！,2024-04-20,服饰
U00482,FB000483,4,还不错，基本满意。,2024-04-26,家居
U00483,FB000484,4,还不错，基本满意。,2023-12-21,服饰
U00484,FB000485,2,不太满意，需要改善。,2023-02-12,服饰
U00485,FB000486,5,非常满意，产品很好用！,2023-03-19,美妆
U00486,FB000487,3,一般般，有待改进。,2023-07-23,家居
U00487,FB000488,3,一般般，有待改进。,2024-07-11,家居
U00488,FB000489,4,还不错，基本满意。,2023-12-23,美妆
U00489,FB000490,5,非常满意，产品很好用！,2023-01-09,服饰
U00490,FB000491,4,还不错，基本满意。,2024-08-10,美妆
U00491,FB000492,5,非常满意，产品很好用！,2024-03-21,美妆
U00492,FB000493,5,非常满意，产品很好用！,2023-03-11,家居
U00493,FB000494,1,非常不满意，体验很差。,2023-11-28,服饰
U00494,FB000495,5,非常满意，产品很好用！,2023-01-04,家居
U00495,FB000496,3,一般般，有待改进。,2023-04-15,家居
U00496,FB000497,5,非常满意，产品很好用！,2024-12-21,服饰
U00497,FB000498,4,还不错，基本满意。,2024-07-09,3C数码
U00498,FB000499,1,非常不满意，体验很差。,2023-05-20,食品
U00499,FB000500,5,非常满意，产品很好用！,2023-01-23,食品
U00500,FB000501,1,非常不满意，体验很差。,2024-11-02,服饰
U00501,FB000502,5,非常满意，产品很好用！,2024-01-07,美妆
U00502,FB000503,4,还不错，基本满意。,2023-04-22,3C数码
U00503,FB000504,3,一般般，有待改进。,2024-12-20,3C数码
U00504,FB000505,5,非常满意，产品很好用！,2023-06-24,食品
U00505,FB000506,5,非常满意，产品很好用！,2024-01-27,服饰
U00506,FB000507,5,非常满意，产品很好用！,2024-12-20,美妆
U00507,FB000508,5,非常满意，产品很好用！,2023-08-21,3C数码
U00508,FB000509,5,非常满意，产品很好用！,2024-04-28,3C数码
U00509,FB000510,3,一般般，有待改进。,2023-11-08,3C数码
U00510,FB000511,1,非常不满意，体验很差。,2023-04-05,服饰
U00511,FB000512,5,非常满意，产品很好用！,2023-03-04,食品
U00512,FB000513,5,非常满意，产品很好用！,2024-11-05,3C数码
U00513,FB000514,3,一般般，有待改进。,2024-04-20,3C数码
U00514,FB000515,4,还不错，基本满意。,2024-05-16,食品
U00515,FB000516,4,还不错，基本满意。,2023-09-05,3C数码
U00516,FB000517,4,还不错，基本满意。,2024-08-17,3C数码
U00517,FB000518,1,非常不满意，体验很差。,2024-03-10,美妆
U00518,FB000519,5,非常满意，产品很好用！,2024-12-13,服饰
U00519,FB000520,5,非常满意，产品很好用！,2023-10-21,服饰
U00520,FB000521,4,还不错，基本满意。,2023-01-18,家居
U00521,FB000522,4,还不错，基本满意。,2023-06-22,食品
U00522,FB000523,4,还不错，基本满意。,2023-12-05,食品
U00523,FB000524,3,一般般，有待改进。,2023-10-01,美妆
U00524,FB000525,4,还不错，基本满意。,2024-10-22,美妆
U00525,FB000526,3,一般般，有待改进。,2023-02-09,家居
U00526,FB000527,5,非常满意，产品很好用！,2023-06-02,美妆
U00527,FB000528,3,一般般，有待改进。,2024-08-12,美妆
U00528,FB000529,4,还不错，基本满意。,2024-02-28,家居
U00529,FB000530,5,非常满意，产品很好用！,2023-01-30,食品
U00530,FB000531,4,还不错，基本满意。,2023-09-14,3C数码
U00531,FB000532,5,非常满意，产品很好用！,2024-07-06,食品
U00532,FB000533,3,一般般，有待改进。,2024-08-25,食品
U00533,FB000534,3,一般般，有待改进。,2023-05-28,食品
U00534,FB000535,4,还不错，基本满意。,2023-03-08,家居
U00535,FB000536,3,一般般，有待改进。,2024-07-08,家居
U00536,FB000537,3,一般般，有待改进。,2024-02-11,食品
U00537,FB000538,4,还不错，基本满意。,2023-11-22,服饰
U00538,FB000539,4,还不错，基本满意。,2023-10-08,服饰
U00539,FB000540,2,不太满意，需要改善。,2024-04-07,家居
U00540,FB000541,2,不太满意，需要改善。,2024-12-25,美妆
U00541,FB000542,4,还不错，基本满意。,2024-11-02,3C数码
U00542,FB000543,4,还不错，基本满意。,2024-11-25,食品
U00543,FB000544,4,还不错，基本满意。,2023-06-20,3C数码
U00544,FB000545,4,还不错，基本满意。,2024-06-08,3C数码
U00545,FB000546,4,还不错，基本满意。,2023-03-09,美妆
U00546,FB000547,4,还不错，基本满意。,2023-10-10,美妆
U00547,FB000548,2,不太满意，需要改善。,2024-03-18,美妆
U00548,FB000549,5,非常满意，产品很好用！,2024-06-18,家居
U00549,FB000550,5,非常满意，产品很好用！,2023-11-02,美妆
U00550,FB000551,4,还不错，基本满意。,2023-08-28,食品
U00551,FB000552,4,还不错，基本满意。,2023-03-16,美妆
U00552,FB000553,3,一般般，有待改进。,2023-03-18,3C数码
U00553,FB000554,3,一般般，有待改进。,2023-07-25,家居
U00554,FB000555,4,还不错，基本满意。,2024-08-25,家居
U00555,FB000556,5,非常满意，产品很好用！,2023-01-03,服饰
U00556,FB000557,5,非常满意，产品很好用！,2024-08-30,服饰
U00557,FB000558,3,一般般，有待改进。,2024-05-02,美妆
U00558,FB000559,4,还不错，基本满意。,2023-02-10,食品
U00559,FB000560,5,非常满意，产品很好用！,2023-12-02,食品
U00560,FB000561,5,非常满意，产品很好用！,2023-05-11,美妆
U00561,FB000562,4,还不错，基本满意。,2023-10-15,服饰
U00562,FB000563,4,还不错，基本满意。,2023-08-27,家居
U00563,FB000564,4,还不错，基本满意。,2023-08-05,3C数码
U00564,FB000565,4,还不错，基本满意。,2024-02-18,美妆
U00565,FB000566,4,还不错，基本满意。,2024-05-09,家居
U00566,FB000567,4,还不错，基本满意。,2024-10-07,3C数码
U00567,FB000568,4,还不错，基本满意。,2023-01-12,家居
U00568,FB000569,5,非常满意，产品很好用！,2023-03-28,美妆
U00569,FB000570,5,非常满意，产品很好用！,2023-03-31,服饰
U00570,FB000571,1,非常不满意，体验很差。,2024-05-27,美妆
U00571,FB000572,5,非常满意，产品很好用！,2024-07-14,服饰
U00572,FB000573,2,不太满意，需要改善。,2023-09-16,家居
U00573,FB000574,5,非常满意，产品很好用！,2024-06-04,3C数码
U00574,FB000575,3,一般般，有待改进。,2024-09-08,服饰
U00575,FB000576,4,还不错，基本满意。,2024-10-20,食品
U00576,FB000577,5,非常满意，产品很好用！,2024-03-19,家居
U00577,FB000578,5,非常满意，产品很好用！,2023-01-24,3C数码
U00578,FB000579,4,还不错，基本满意。,2024-08-31,3C数码
U00579,FB000580,2,不太满意，需要改善。,2024-09-30,食品
U00580,FB000581,2,不太满意，需要改善。,2023-03-01,美妆
U00581,FB000582,4,还不错，基本满意。,2024-02-24,美妆
U00582,FB000583,4,还不错，基本满意。,2024-11-27,服饰
U00583,FB000584,4,还不错，基本满意。,2024-02-04,3C数码
U00584,FB000585,5,非常满意，产品很好用！,2024-12-10,美妆
U00585,FB000586,3,一般般，有待改进。,2024-06-28,美妆
U00586,FB000587,3,一般般，有待改进。,2023-09-26,服饰
U00587,FB000588,4,还不错，基本满意。,2023-01-20,服饰
U00588,FB000589,4,还不错，基本满意。,2023-06-28,美妆
U00589,FB000590,3,一般般，有待改进。,2023-03-02,美妆
U00590,FB000591,4,还不错，基本满意。,2024-08-24,家居
U00591,FB000592,2,不太满意，需要改善。,2023-01-21,美妆
U00592,FB000593,3,一般般，有待改进。,2024-03-22,3C数码
U00593,FB000594,5,非常满意，产品很好用！,2023-10-16,美妆
U00594,FB000595,5,非常满意，产品很好用！,2023-10-08,服饰
U00595,FB000596,3,一般般，有待改进。,2023-09-11,3C数码
U00596,FB000597,2,不太满意，需要改善。,2024-09-24,美妆
U00597,FB000598,5,非常满意，产品很好用！,2023-10-31,食品
U00598,FB000599,4,还不错，基本满意。,2023-08-22,食品
U00599,FB000600,4,还不错，基本满意。,2024-10-06,食品
U00600,FB000601,2,不太满意，需要改善。,2023-10-09,家居
U00601,FB000602,5,非常满意，产品很好用！,2023-05-30,服饰
U00602,FB000603,5,非常满意，产品很好用！,2024-12-10,服饰
U00603,FB000604,5,非常满意，产品很好用！,2024-01-09,服饰
U00604,FB000605,5,非常满意，产品很好用！,2023-07-03,服饰
U00605,FB000606,4,还不错，基本满意。,2024-04-13,家居
U00606,FB000607,5,非常满意，产品很好用！,2024-08-15,食品
U00607,FB000608,1,非常不满意，体验很差。,2024-06-13,美妆
U00608,FB000609,2,不太满意，需要改善。,2023-09-16,美妆
U00609,FB000610,1,非常不满意，体验很差。,2023-04-22,美妆
U00610,FB000611,5,非常满意，产品很好用！,2023-04-26,3C数码
U00611,FB000612,1,非常不满意，体验很差。,2023-05-07,美妆
U00612,FB000613,3,一般般，有待改进。,2024-05-15,服饰
U00613,FB000614,5,非常满意，产品很好用！,2023-01-23,3C数码
U00614,FB000615,1,非常不满意，体验很差。,2024-02-27,食品
U00615,FB000616,5,非常满意，产品很好用！,2024-03-26,美妆
U00616,FB000617,4,还不错，基本满意。,2023-05-21,服饰
U00617,FB000618,5,非常满意，产品很好用！,2023-11-15,食品
U00618,FB000619,5,非常满意，产品很好用！,2024-10-24,家居
U00619,FB000620,4,还不错，基本满意。,2024-11-18,食品
U00620,FB000621,5,非常满意，产品很好用！,2023-03-16,家居
U00621,FB000622,3,一般般，有待改进。,2023-12-08,食品
U00622,FB000623,5,非常满意，产品很好用！,2024-05-20,食品
U00623,FB000624,5,非常满意，产品很好用！,2023-07-11,3C数码
U00624,FB000625,5,非常满意，产品很好用！,2023-04-25,美妆
U00625,FB000626,1,非常不满意，体验很差。,2023-06-19,食品
U00626,FB000627,4,还不错，基本满意。,2024-08-05,食品
U00627,FB000628,4,还不错，基本满意。,2023-05-15,家居
U00628,FB000629,5,非常满意，产品很好用！,2024-07-14,食品
U00629,FB000630,5,非常满意，产品很好用！,2024-04-16,服饰
U00630,FB000631,5,非常满意，产品很好用！,2024-09-11,家居
U00631,FB000632,3,一般般，有待改进。,2023-06-27,家居
U00632,FB000633,4,还不错，基本满意。,2024-08-10,食品
U00633,FB000634,3,一般般，有待改进。,2024-05-13,食品
U00634,FB000635,5,非常满意，产品很好用！,2024-04-29,食品
U00635,FB000636,5,非常满意，产品很好用！,2023-08-18,美妆
U00636,FB000637,5,非常满意，产品很好用！,2023-02-13,服饰
U00637,FB000638,5,非常满意，产品很好用！,2023-06-09,服饰
U00638,FB000639,4,还不错，基本满意。,2023-08-22,3C数码
U00639,FB000640,5,非常满意，产品很好用！,2023-06-22,美妆
U00640,FB000641,3,一般般，有待改进。,2023-08-30,服饰
U00641,FB000642,2,不太满意，需要改善。,2023-12-13,美妆
U00642,FB000643,5,非常满意，产品很好用！,2023-08-22,美妆
U00643,FB000644,5,非常满意，产品很好用！,2024-09-29,美妆
U00644,FB000645,5,非常满意，产品很好用！,2024-08-25,3C数码
U00645,FB000646,3,一般般，有待改进。,2024-06-09,食品
U00646,FB000647,5,非常满意，产品很好用！,2023-09-12,服饰
U00647,FB000648,5,非常满意，产品很好用！,2023-02-08,家居
U00648,FB000649,5,非常满意，产品很好用！,2024-09-30,美妆
U00649,FB000650,4,还不错，基本满意。,2024-01-17,美妆
U00650,FB000651,5,非常满意，产品很好用！,2023-03-24,食品
U00651,FB000652,5,非常满意，产品很好用！,2024-01-16,家居
U00652,FB000653,5,非常满意，产品很好用！,2024-08-25,家居
U00653,FB000654,4,还不错，基本满意。,2024-08-13,食品
U00654,FB000655,2,不太满意，需要改善。,2024-08-07,服饰
U00655,FB000656,2,不太满意，需要改善。,2024-03-09,美妆
U00656,FB000657,5,非常满意，产品很好用！,2023-03-01,服饰
U00657,FB000658,2,不太满意，需要改善。,2023-04-25,食品
U00658,FB000659,2,不太满意，需要改善。,2024-12-20,美妆
U00659,FB000660,3,一般般，有待改进。,2024-10-15,食品
U00660,FB000661,1,非常不满意，体验很差。,2024-12-24,服饰
U00661,FB000662,2,不太满意，需要改善。,2023-03-06,食品
U00662,FB000663,5,非常满意，产品很好用！,2024-12-21,食品
U00663,FB000664,3,一般般，有待改进。,2024-05-30,家居
U00664,FB000665,5,非常满意，产品很好用！,2023-01-03,食品
U00665,FB000666,5,非常满意，产品很好用！,2024-07-01,3C数码
U00666,FB000667,2,不太满意，需要改善。,2024-02-06,服饰
U00667,FB000668,4,还不错，基本满意。,2024-09-21,3C数码
U00668,FB000669,4,还不错，基本满意。,2023-09-01,美妆
U00669,FB000670,5,非常满意，产品很好用！,2023-04-07,服饰
U00670,FB000671,3,一般般，有待改进。,2024-06-16,家居
U00671,FB000672,4,还不错，基本满意。,2024-05-02,服饰
U00672,FB000673,5,非常满意，产品很好用！,2023-07-18,食品
U00673,FB000674,4,还不错，基本满意。,2023-03-01,家居
U00674,FB000675,3,一般般，有待改进。,2024-04-01,服饰
U00675,FB000676,5,非常满意，产品很好用！,2023-05-22,食品
U00676,FB000677,5,非常满意，产品很好用！,2024-07-09,服饰
U00677,FB000678,5,非常满意，产品很好用！,2024-04-15,服饰
U00678,FB000679,5,非常满意，产品很好用！,2023-09-03,服饰
U00679,FB000680,4,还不错，基本满意。,2024-10-13,3C数码
U00680,FB000681,1,非常不满意，体验很差。,2024-08-18,美妆
U00681,FB000682,3,一般般，有待改进。,2024-07-11,服饰
U00682,FB000683,5,非常满意，产品很好用！,2023-02-10,食品
U00683,FB000684,5,非常满意，产品很好用！,2023-07-07,3C数码
U00684,FB000685,5,非常满意，产品很好用！,2024-03-14,食品
U00685,FB000686,5,非常满意，产品很好用！,2023-12-18,服饰
U00686,FB000687,5,非常满意，产品很好用！,2024-09-28,食品
U00687,FB000688,4,还不错，基本满意。,2023-02-08,美妆
U00688,FB000689,3,一般般，有待改进。,2023-02-19,美妆
U00689,FB000690,5,非常满意，产品很好用！,2024-03-24,家居
U00690,FB000691,4,还不错，基本满意。,2023-11-25,服饰
U00691,FB000692,5,非常满意，产品很好用！,2023-06-18,美妆
U00692,FB000693,4,还不错，基本满意。,2024-03-24,家居
U00693,FB000694,3,一般般，有待改进。,2024-06-11,美妆
U00694,FB000695,4,还不错，基本满意。,2023-11-09,美妆
U00695,FB000696,5,非常满意，产品很好用！,2024-05-29,服饰
U00696,FB000697,4,还不错，基本满意。,2023-09-27,服饰
U00697,FB000698,4,还不错，基本满意。,2023-11-05,服饰
U00698,FB000699,5,非常满意，产品很好用！,2024-03-04,食品
U00699,FB000700,4,还不错，基本满意。,2023-06-16,家居
U00700,FB000701,5,非常满意，产品很好用！,2024-09-29,家居
U00701,FB000702,5,非常满意，产品很好用！,2023-12-25,食品
U00702,FB000703,5,非常满意，产品很好用！,2023-05-12,食品
U00703,FB000704,3,一般般，有待改进。,2024-06-24,家居
U00704,FB000705,1,非常不满意，体验很差。,2023-12-07,服饰
U00705,FB000706,4,还不错，基本满意。,2023-08-18,家居
U00706,FB000707,4,还不错，基本满意。,2023-09-21,3C数码
U00707,FB000708,3,一般般，有待改进。,2023-01-22,3C数码
U00708,FB000709,5,非常满意，产品很好用！,2023-03-10,家居
U00709,FB000710,4,还不错，基本满意。,2023-06-26,家居
U00710,FB000711,4,还不错，基本满意。,2023-03-29,食品
U00711,FB000712,5,非常满意，产品很好用！,2023-06-03,家居
U00712,FB000713,5,非常满意，产品很好用！,2023-10-11,家居
U00713,FB000714,4,还不错，基本满意。,2023-12-07,3C数码
U00714,FB000715,5,非常满意，产品很好用！,2024-08-26,美妆
U00715,FB000716,5,非常满意，产品很好用！,2023-08-08,服饰
U00716,FB000717,4,还不错，基本满意。,2024-10-08,3C数码
U00717,FB000718,5,非常满意，产品很好用！,2024-04-23,服饰
U00718,FB000719,4,还不错，基本满意。,2024-01-23,美妆
U00719,FB000720,2,不太满意，需要改善。,2024-04-08,家居
U00720,FB000721,4,还不错，基本满意。,2023-02-11,家居
U00721,FB000722,5,非常满意，产品很好用！,2024-02-12,食品
U00722,FB000723,5,非常满意，产品很好用！,2024-07-03,美妆
U00723,FB000724,5,非常满意，产品很好用！,2024-12-13,服饰
U00724,FB000725,1,非常不满意，体验很差。,2024-05-27,美妆
U00725,FB000726,3,一般般，有待改进。,2024-07-11,服饰
U00726,FB000727,2,不太满意，需要改善。,2024-06-12,美妆
U00727,FB000728,4,还不错，基本满意。,2024-01-25,食品
U00728,FB000729,4,还不错，基本满意。,2023-04-09,3C数码
U00729,FB000730,5,非常满意，产品很好用！,2023-09-13,3C数码
U00730,FB000731,2,不太满意，需要改善。,2024-03-25,家居
U00731,FB000732,5,非常满意，产品很好用！,2024-01-06,3C数码
U00732,FB000733,5,非常满意，产品很好用！,2024-06-20,家居
U00733,FB000734,5,非常满意，产品很好用！,2023-09-08,3C数码
U00734,FB000735,4,还不错，基本满意。,2024-05-12,3C数码
U00735,FB000736,3,一般般，有待改进。,2023-06-21,家居
U00736,FB000737,4,还不错，基本满意。,2024-06-14,服饰
U00737,FB000738,4,还不错，基本满意。,2023-02-27,美妆
U00738,FB000739,5,非常满意，产品很好用！,2024-07-24,服饰
U00739,FB000740,5,非常满意，产品很好用！,2024-04-08,美妆
U00740,FB000741,5,非常满意，产品很好用！,2024-03-21,服饰
U00741,FB000742,2,不太满意，需要改善。,2023-11-15,3C数码
U00742,FB000743,5,非常满意，产品很好用！,2024-11-09,食品
U00743,FB000744,4,还不错，基本满意。,2023-10-25,3C数码
U00744,FB000745,5,非常满意，产品很好用！,2023-11-21,家居
U00745,FB000746,1,非常不满意，体验很差。,2024-03-25,服饰
U00746,FB000747,5,非常满意，产品很好用！,2023-09-29,食品
U00747,FB000748,5,非常满意，产品很好用！,2024-08-10,美妆
U00748,FB000749,4,还不错，基本满意。,2023-08-28,食品
U00749,FB000750,5,非常满意，产品很好用！,2024-10-25,食品
U00750,FB000751,5,非常满意，产品很好用！,2024-08-31,美妆
U00751,FB000752,4,还不错，基本满意。,2023-09-05,家居
U00752,FB000753,4,还不错，基本满意。,2024-11-18,食品
U00753,FB000754,5,非常满意，产品很好用！,2024-06-02,食品
U00754,FB000755,2,不太满意，需要改善。,2024-03-16,家居
U00755,FB000756,4,还不错，基本满意。,2024-02-01,食品
U00756,FB000757,5,非常满意，产品很好用！,2023-05-19,服饰
U00757,FB000758,2,不太满意，需要改善。,2023-07-16,美妆
U00758,FB000759,5,非常满意，产品很好用！,2023-11-12,食品
U00759,FB000760,5,非常满意，产品很好用！,2023-08-25,3C数码
U00760,FB000761,4,还不错，基本满意。,2023-03-12,服饰
U00761,FB000762,5,非常满意，产品很好用！,2023-05-16,服饰
U00762,FB000763,2,不太满意，需要改善。,2023-12-18,3C数码
U00763,FB000764,5,非常满意，产品很好用！,2024-03-03,3C数码
U00764,FB000765,4,还不错，基本满意。,2024-09-28,食品
U00765,FB000766,1,非常不满意，体验很差。,2023-01-18,美妆
U00766,FB000767,4,还不错，基本满意。,2024-03-27,家居
U00767,FB000768,3,一般般，有待改进。,2023-10-17,3C数码
U00768,FB000769,3,一般般，有待改进。,2024-12-22,美妆
U00769,FB000770,5,非常满意，产品很好用！,2024-06-12,食品
U00770,FB000771,3,一般般，有待改进。,2023-07-13,食品
U00771,FB000772,5,非常满意，产品很好用！,2024-06-07,食品
U00772,FB000773,5,非常满意，产品很好用！,2024-09-28,服饰
U00773,FB000774,5,非常满意，产品很好用！,2024-03-22,家居
U00774,FB000775,4,还不错，基本满意。,2024-07-08,美妆
U00775,FB000776,3,一般般，有待改进。,2024-08-17,美妆
U00776,FB000777,4,还不错，基本满意。,2024-06-17,服饰
U00777,FB000778,1,非常不满意，体验很差。,2024-08-11,家居
U00778,FB000779,4,还不错，基本满意。,2024-05-11,美妆
U00779,FB000780,1,非常不满意，体验很差。,2023-08-05,美妆
U00780,FB000781,5,非常满意，产品很好用！,2024-10-17,食品
U00781,FB000782,3,一般般，有待改进。,2024-10-05,服饰
U00782,FB000783,5,非常满意，产品很好用！,2024-10-11,服饰
U00783,FB000784,5,非常满意，产品很好用！,2023-12-05,服饰
U00784,FB000785,4,还不错，基本满意。,2024-04-11,食品
U00785,FB000786,4,还不错，基本满意。,2023-10-26,3C数码
U00786,FB000787,3,一般般，有待改进。,2023-05-18,食品
U00787,FB000788,3,一般般，有待改进。,2024-05-28,家居
U00788,FB000789,5,非常满意，产品很好用！,2023-04-04,服饰
U00789,FB000790,3,一般般，有待改进。,2023-05-12,服饰
U00790,FB000791,4,还不错，基本满意。,2024-02-25,3C数码
U00791,FB000792,2,不太满意，需要改善。,2024-12-13,3C数码
U00792,FB000793,5,非常满意，产品很好用！,2024-04-24,家居
U00793,FB000794,5,非常满意，产品很好用！,2023-09-16,美妆
U00794,FB000795,3,一般般，有待改进。,2023-04-27,美妆
U00795,FB000796,5,非常满意，产品很好用！,2024-10-23,食品
U00796,FB000797,5,非常满意，产品很好用！,2024-01-26,服饰
U00797,FB000798,4,还不错，基本满意。,2023-06-29,服饰
U00798,FB000799,4,还不错，基本满意。,2023-09-25,美妆
U00799,FB000800,5,非常满意，产品很好用！,2023-12-28,服饰
U00800,FB000801,2,不太满意，需要改善。,2023-04-21,家居
U00801,FB000802,5,非常满意，产品很好用！,2024-08-22,食品
U00802,FB000803,3,一般般，有待改进。,2023-08-25,美妆
U00803,FB000804,3,一般般，有待改进。,2024-10-06,家居
U00804,FB000805,5,非常满意，产品很好用！,2024-01-08,美妆
U00805,FB000806,2,不太满意，需要改善。,2024-11-26,家居
U00806,FB000807,4,还不错，基本满意。,2023-12-09,家居
U00807,FB000808,2,不太满意，需要改善。,2023-05-22,食品
U00808,FB000809,5,非常满意，产品很好用！,2023-11-30,家居
U00809,FB000810,5,非常满意，产品很好用！,2023-07-15,美妆
U00810,FB000811,4,还不错，基本满意。,2024-05-28,服饰
U00811,FB000812,3,一般般，有待改进。,2024-12-23,家居
U00812,FB000813,5,非常满意，产品很好用！,2023-05-20,家居
U00813,FB000814,4,还不错，基本满意。,2023-07-26,美妆
U00814,FB000815,4,还不错，基本满意。,2024-05-16,3C数码
U00815,FB000816,5,非常满意，产品很好用！,2024-07-24,美妆
U00816,FB000817,4,还不错，基本满意。,2023-03-08,家居
U00817,FB000818,4,还不错，基本满意。,2024-04-16,美妆
U00818,FB000819,2,不太满意，需要改善。,2023-10-10,服饰
U00819,FB000820,2,不太满意，需要改善。,2024-10-28,服饰
U00820,FB000821,5,非常满意，产品很好用！,2024-07-03,家居
U00821,FB000822,2,不太满意，需要改善。,2023-04-06,家居
U00822,FB000823,2,不太满意，需要改善。,2024-05-14,美妆
U00823,FB000824,3,一般般，有待改进。,2024-08-19,家居
U00824,FB000825,2,不太满意，需要改善。,2023-08-12,美妆
U00825,FB000826,5,非常满意，产品很好用！,2024-12-19,家居
U00826,FB000827,3,一般般，有待改进。,2023-07-09,家居
U00827,FB000828,1,非常不满意，体验很差。,2024-02-18,3C数码
U00828,FB000829,4,还不错，基本满意。,2023-10-31,家居
U00829,FB000830,3,一般般，有待改进。,2024-07-15,食品
U00830,FB000831,4,还不错，基本满意。,2024-12-16,家居
U00831,FB000832,5,非常满意，产品很好用！,2024-06-02,服饰
U00832,FB000833,4,还不错，基本满意。,2024-07-27,服饰
U00833,FB000834,5,非常满意，产品很好用！,2023-12-28,家居
U00834,FB000835,4,还不错，基本满意。,2024-07-29,服饰
U00835,FB000836,5,非常满意，产品很好用！,2024-03-21,3C数码
U00836,FB000837,5,非常满意，产品很好用！,2024-01-02,食品
U00837,FB000838,5,非常满意，产品很好用！,2023-04-04,食品
U00838,FB000839,5,非常满意，产品很好用！,2023-06-10,食品
U00839,FB000840,4,还不错，基本满意。,2023-06-13,食品
U00840,FB000841,3,一般般，有待改进。,2023-07-23,服饰
U00841,FB000842,3,一般般，有待改进。,2023-03-23,3C数码
U00842,FB000843,3,一般般，有待改进。,2024-05-04,家居
U00843,FB000844,2,不太满意，需要改善。,2024-11-06,食品
U00844,FB000845,5,非常满意，产品很好用！,2023-10-25,3C数码
U00845,FB000846,5,非常满意，产品很好用！,2023-12-21,家居
U00846,FB000847,1,非常不满意，体验很差。,2023-06-01,美妆
U00847,FB000848,5,非常满意，产品很好用！,2024-01-23,食品
U00848,FB000849,4,还不错，基本满意。,2024-06-18,家居
U00849,FB000850,3,一般般，有待改进。,2023-02-07,美妆
U00850,FB000851,3,一般般，有待改进。,2023-09-23,家居
U00851,FB000852,5,非常满意，产品很好用！,2023-11-02,3C数码
U00852,FB000853,4,还不错，基本满意。,2023-04-20,服饰
U00853,FB000854,3,一般般，有待改进。,2023-06-28,服饰
U00854,FB000855,3,一般般，有待改进。,2023-10-07,食品
U00855,FB000856,5,非常满意，产品很好用！,2023-01-16,服饰
U00856,FB000857,5,非常满意，产品很好用！,2024-03-18,服饰
U00857,FB000858,4,还不错，基本满意。,2024-08-01,服饰
U00858,FB000859,2,不太满意，需要改善。,2023-01-09,服饰
U00859,FB000860,3,一般般，有待改进。,2023-01-12,美妆
U00860,FB000861,2,不太满意，需要改善。,2023-01-15,美妆
U00861,FB000862,4,还不错，基本满意。,2023-05-25,食品
U00862,FB000863,5,非常满意，产品很好用！,2023-05-04,服饰
U00863,FB000864,4,还不错，基本满意。,2023-03-29,家居
U00864,FB000865,4,还不错，基本满意。,2023-02-21,3C数码
U00865,FB000866,4,还不错，基本满意。,2023-02-06,美妆
U00866,FB000867,3,一般般，有待改进。,2024-07-03,3C数码
U00867,FB000868,5,非常满意，产品很好用！,2023-03-06,3C数码
U00868,FB000869,5,非常满意，产品很好用！,2024-11-30,食品
U00869,FB000870,3,一般般，有待改进。,2023-07-16,家居
U00870,FB000871,3,一般般，有待改进。,2024-08-24,3C数码
U00871,FB000872,5,非常满意，产品很好用！,2024-11-07,家居
U00872,FB000873,3,一般般，有待改进。,2024-06-11,3C数码
U00873,FB000874,3,一般般，有待改进。,2023-11-10,3C数码
U00874,FB000875,3,一般般，有待改进。,2023-01-07,服饰
U00875,FB000876,3,一般般，有待改进。,2023-07-03,美妆
U00876,FB000877,2,不太满意，需要改善。,2023-05-13,3C数码
U00877,FB000878,5,非常满意，产品很好用！,2024-04-01,3C数码
U00878,FB000879,4,还不错，基本满意。,2024-04-03,美妆
U00879,FB000880,5,非常满意，产品很好用！,2023-03-18,服饰
U00880,FB000881,3,一般般，有待改进。,2024-04-23,3C数码
U00881,FB000882,4,还不错，基本满意。,2023-10-10,美妆
U00882,FB000883,5,非常满意，产品很好用！,2024-03-30,美妆
U00883,FB000884,3,一般般，有待改进。,2024-11-12,家居
U00884,FB000885,2,不太满意，需要改善。,2024-11-13,3C数码
U00885,FB000886,5,非常满意，产品很好用！,2024-07-07,服饰
U00886,FB000887,5,非常满意，产品很好用！,2023-05-19,美妆
U00887,FB000888,5,非常满意，产品很好用！,2023-05-06,家居
U00888,FB000889,5,非常满意，产品很好用！,2024-07-03,美妆
U00889,FB000890,1,非常不满意，体验很差。,2024-10-22,食品
U00890,FB000891,5,非常满意，产品很好用！,2024-07-17,家居
U00891,FB000892,5,非常满意，产品很好用！,2024-06-18,美妆
U00892,FB000893,5,非常满意，产品很好用！,2024-01-04,食品
U00893,FB000894,3,一般般，有待改进。,2024-02-10,3C数码
U00894,FB000895,4,还不错，基本满意。,2023-05-24,家居
U00895,FB000896,3,一般般，有待改进。,2023-07-03,食品
U00896,FB000897,2,不太满意，需要改善。,2023-09-17,美妆
U00897,FB000898,5,非常满意，产品很好用！,2023-08-24,3C数码
U00898,FB000899,4,还不错，基本满意。,2023-01-02,家居
U00899,FB000900,3,一般般，有待改进。,2023-09-18,食品
U00900,FB000901,3,一般般，有待改进。,2023-01-24,食品
U00901,FB000902,2,不太满意，需要改善。,2023-04-16,服饰
U00902,FB000903,5,非常满意，产品很好用！,2024-11-23,美妆
U00903,FB000904,3,一般般，有待改进。,2023-02-19,3C数码
U00904,FB000905,3,一般般，有待改进。,2023-10-12,食品
U00905,FB000906,4,还不错，基本满意。,2024-08-26,美妆
U00906,FB000907,3,一般般，有待改进。,2024-05-01,3C数码
U00907,FB000908,5,非常满意，产品很好用！,2023-05-05,3C数码
U00908,FB000909,3,一般般，有待改进。,2024-12-26,美妆
U00909,FB000910,1,非常不满意，体验很差。,2024-03-12,食品
U00910,FB000911,4,还不错，基本满意。,2024-06-20,3C数码
U00911,FB000912,5,非常满意，产品很好用！,2023-07-08,家居
U00912,FB000913,4,还不错，基本满意。,2024-01-18,家居
U00913,FB000914,5,非常满意，产品很好用！,2024-05-26,美妆
U00914,FB000915,5,非常满意，产品很好用！,2023-04-22,食品
U00915,FB000916,3,一般般，有待改进。,2023-01-22,服饰
U00916,FB000917,5,非常满意，产品很好用！,2023-09-21,3C数码
U00917,FB000918,4,还不错，基本满意。,2023-03-29,食品
U00918,FB000919,3,一般般，有待改进。,2024-08-22,3C数码
U00919,FB000920,4,还不错，基本满意。,2023-06-28,家居
U00920,FB000921,1,非常不满意，体验很差。,2023-08-17,食品
U00921,FB000922,5,非常满意，产品很好用！,2023-05-21,家居
U00922,FB000923,4,还不错，基本满意。,2023-01-09,食品
U00923,FB000924,3,一般般，有待改进。,2024-05-27,服饰
U00924,FB000925,4,还不错，基本满意。,2024-08-26,家居
U00925,FB000926,3,一般般，有待改进。,2023-07-21,服饰
U00926,FB000927,5,非常满意，产品很好用！,2023-04-27,家居
U00927,FB000928,5,非常满意，产品很好用！,2024-08-07,美妆
U00928,FB000929,3,一般般，有待改进。,2024-04-01,美妆
U00929,FB000930,5,非常满意，产品很好用！,2024-10-09,3C数码
U00930,FB000931,4,还不错，基本满意。,2024-11-04,服饰
U00931,FB000932,5,非常满意，产品很好用！,2024-01-20,3C数码
U00932,FB000933,3,一般般，有待改进。,2023-06-28,3C数码
U00933,FB000934,5,非常满意，产品很好用！,2024-05-26,家居
U00934,FB000935,4,还不错，基本满意。,2024-01-24,食品
U00935,FB000936,3,一般般，有待改进。,2024-04-27,服饰
U00936,FB000937,1,非常不满意，体验很差。,2024-11-06,服饰
U00937,FB000938,4,还不错，基本满意。,2024-01-15,3C数码
U00938,FB000939,5,非常满意，产品很好用！,2023-05-26,食品
U00939,FB000940,3,一般般，有待改进。,2023-02-13,家居
U00940,FB000941,2,不太满意，需要改善。,2023-05-23,美妆
U00941,FB000942,2,不太满意，需要改善。,2024-03-01,3C数码
U00942,FB000943,3,一般般，有待改进。,2023-02-16,食品
U00943,FB000944,2,不太满意，需要改善。,2023-06-30,3C数码
U00944,FB000945,4,还不错，基本满意。,2024-10-27,家居
U00945,FB000946,4,还不错，基本满意。,2024-08-01,食品
U00946,FB000947,5,非常满意，产品很好用！,2024-10-24,食品
U00947,FB000948,5,非常满意，产品很好用！,2024-07-29,家居
U00948,FB000949,3,一般般，有待改进。,2024-01-14,食品
U00949,FB000950,5,非常满意，产品很好用！,2023-06-24,食品
U00950,FB000951,5,非常满意，产品很好用！,2023-01-17,服饰
U00951,FB000952,5,非常满意，产品很好用！,2023-10-27,家居
U00952,FB000953,4,还不错，基本满意。,2024-06-28,服饰
U00953,FB000954,5,非常满意，产品很好用！,2023-07-07,食品
U00954,FB000955,3,一般般，有待改进。,2024-03-20,服饰
U00955,FB000956,5,非常满意，产品很好用！,2024-02-13,服饰
U00956,FB000957,5,非常满意，产品很好用！,2024-09-09,家居
U00957,FB000958,5,非常满意，产品很好用！,2023-08-02,美妆
U00958,FB000959,1,非常不满意，体验很差。,2024-09-23,食品
U00959,FB000960,4,还不错，基本满意。,2023-05-20,服饰
U00960,FB000961,5,非常满意，产品很好用！,2024-03-25,美妆
U00961,FB000962,4,还不错，基本满意。,2024-11-25,美妆
U00962,FB000963,3,一般般，有待改进。,2024-02-21,美妆
U00963,FB000964,4,还不错，基本满意。,2024-06-24,服饰
U00964,FB000965,3,一般般，有待改进。,2023-03-03,食品
U00965,FB000966,4,还不错，基本满意。,2024-01-25,3C数码
U00966,FB000967,5,非常满意，产品很好用！,2023-12-08,3C数码
U00967,FB000968,1,非常不满意，体验很差。,2023-06-03,食品
U00968,FB000969,4,还不错，基本满意。,2024-01-16,食品
U00969,FB000970,4,还不错，基本满意。,2024-07-27,3C数码
U00970,FB000971,1,非常不满意，体验很差。,2023-02-26,美妆
U00971,FB000972,1,非常不满意，体验很差。,2024-02-27,食品
U00972,FB000973,5,非常满意，产品很好用！,2024-08-10,食品
U00973,FB000974,5,非常满意，产品很好用！,2023-05-06,家居
U00974,FB000975,3,一般般，有待改进。,2024-11-23,服饰
U00975,FB000976,5,非常满意，产品很好用！,2024-01-04,美妆
U00976,FB000977,3,一般般，有待改进。,2023-05-05,3C数码
U00977,FB000978,5,非常满意，产品很好用！,2024-10-26,服饰
U00978,FB000979,1,非常不满意，体验很差。,2023-05-25,3C数码
U00979,FB000980,4,还不错，基本满意。,2023-12-11,家居
U00980,FB000981,2,不太满意，需要改善。,2023-01-24,美妆
U00981,FB000982,5,非常满意，产品很好用！,2023-10-26,美妆
U00982,FB000983,5,非常满意，产品很好用！,2024-01-15,3C数码
U00983,FB000984,1,非常不满意，体验很差。,2024-06-24,3C数码
U00984,FB000985,4,还不错，基本满意。,2024-06-30,3C数码
U00985,FB000986,3,一般般，有待改进。,2023-01-13,3C数码
U00986,FB000987,4,还不错，基本满意。,2023-01-08,家居
U00987,FB000988,3,一般般，有待改进。,2023-11-27,家居
U00988,FB000989,2,不太满意，需要改善。,2023-01-21,食品
U00989,FB000990,2,不太满意，需要改善。,2024-06-10,3C数码
U00990,FB000991,1,非常不满意，体验很差。,2023-05-17,家居
U00991,FB000992,3,一般般，有待改进。,2024-09-19,食品
U00992,FB000993,5,非常满意，产品很好用！,2023-12-10,家居
U00993,FB000994,5,非常满意，产品很好用！,2024-05-20,食品
U00994,FB000995,5,非常满意，产品很好用！,2023-06-16,服饰
U00995,FB000996,3,一般般，有待改进。,2023-04-30,服饰
U00996,FB000997,5,非常满意，产品很好用！,2024-11-07,食品
U00997,FB000998,3,一般般，有待改进。,2024-10-13,家居
U00998,FB000999,3,一般般，有待改进。,2023-10-19,食品
U00999,FB001000,3,一般般，有待改进。,2023-02-02,食品
U01000,FB001001,2,不太满意，需要改善。,2024-03-29,家居
U01001,FB001002,3,一般般，有待改进。,2023-05-09,3C数码
U01002,FB001003,3,一般般，有待改进。,2024-05-28,3C数码
U01003,FB001004,4,还不错，基本满意。,2023-01-28,家居
U01004,FB001005,4,还不错，基本满意。,2023-04-11,食品
U01005,FB001006,3,一般般，有待改进。,2023-07-03,服饰
U01006,FB001007,4,还不错，基本满意。,2023-08-17,家居
U01007,FB001008,3,一般般，有待改进。,2023-07-11,食品
U01008,FB001009,5,非常满意，产品很好用！,2024-08-03,食品
U01009,FB001010,5,非常满意，产品很好用！,2023-05-08,家居
U01010,FB001011,4,还不错，基本满意。,2023-07-22,家居
U01011,FB001012,3,一般般，有待改进。,2023-07-23,家居
U01012,FB001013,3,一般般，有待改进。,2024-02-06,家居
U01013,FB001014,3,一般般，有待改进。,2024-09-27,家居
U01014,FB001015,2,不太满意，需要改善。,2023-03-04,家居
U01015,FB001016,4,还不错，基本满意。,2023-03-01,3C数码
U01016,FB001017,3,一般般，有待改进。,2024-04-12,服饰
U01017,FB001018,4,还不错，基本满意。,2024-02-12,美妆
U01018,FB001019,5,非常满意，产品很好用！,2024-08-02,食品
U01019,FB001020,5,非常满意，产品很好用！,2023-01-07,家居
U01020,FB001021,5,非常满意，产品很好用！,2024-12-27,3C数码
U01021,FB001022,2,不太满意，需要改善。,2023-08-18,家居
U01022,FB001023,4,还不错，基本满意。,2023-07-24,服饰
U01023,FB001024,1,非常不满意，体验很差。,2024-09-12,服饰
U01024,FB001025,5,非常满意，产品很好用！,2023-12-10,食品
U01025,FB001026,5,非常满意，产品很好用！,2024-02-28,服饰
U01026,FB001027,5,非常满意，产品很好用！,2023-01-03,家居
U01027,FB001028,3,一般般，有待改进。,2024-02-15,家居
U01028,FB001029,3,一般般，有待改进。,2023-05-18,家居
U01029,FB001030,5,非常满意，产品很好用！,2023-11-05,美妆
U01030,FB001031,5,非常满意，产品很好用！,2024-08-17,3C数码
U01031,FB001032,3,一般般，有待改进。,2023-10-06,3C数码
U01032,FB001033,5,非常满意，产品很好用！,2023-12-16,服饰
U01033,FB001034,5,非常满意，产品很好用！,2024-02-09,3C数码
U01034,FB001035,3,一般般，有待改进。,2023-09-13,服饰
U01035,FB001036,4,还不错，基本满意。,2024-07-03,服饰
U01036,FB001037,4,还不错，基本满意。,2023-02-21,家居
U01037,FB001038,3,一般般，有待改进。,2024-02-12,服饰
U01038,FB001039,5,非常满意，产品很好用！,2024-03-12,食品
U01039,FB001040,5,非常满意，产品很好用！,2024-10-05,食品
U01040,FB001041,4,还不错，基本满意。,2024-12-04,服饰
U01041,FB001042,3,一般般，有待改进。,2024-06-05,3C数码
U01042,FB001043,1,非常不满意，体验很差。,2024-12-24,食品
U01043,FB001044,4,还不错，基本满意。,2024-04-04,3C数码
U01044,FB001045,4,还不错，基本满意。,2024-04-15,服饰
U01045,FB001046,5,非常满意，产品很好用！,2024-11-25,食品
U01046,FB001047,3,一般般，有待改进。,2023-08-18,3C数码
U01047,FB001048,3,一般般，有待改进。,2024-11-05,食品
U01048,FB001049,5,非常满意，产品很好用！,2024-08-20,食品
U01049,FB001050,5,非常满意，产品很好用！,2023-04-19,美妆
U01050,FB001051,4,还不错，基本满意。,2024-10-26,服饰
U01051,FB001052,2,不太满意，需要改善。,2024-03-24,美妆
U01052,FB001053,5,非常满意，产品很好用！,2024-07-10,家居
U01053,FB001054,5,非常满意，产品很好用！,2023-06-13,服饰
U01054,FB001055,1,非常不满意，体验很差。,2024-12-04,服饰
U01055,FB001056,1,非常不满意，体验很差。,2023-08-31,食品
U01056,FB001057,4,还不错，基本满意。,2024-11-27,服饰
U01057,FB001058,3,一般般，有待改进。,2024-01-14,服饰
U01058,FB001059,3,一般般，有待改进。,2023-03-16,3C数码
U01059,FB001060,4,还不错，基本满意。,2024-06-01,服饰
U01060,FB001061,3,一般般，有待改进。,2024-09-28,食品
U01061,FB001062,5,非常满意，产品很好用！,2023-11-27,食品
U01062,FB001063,3,一般般，有待改进。,2024-02-07,食品
U01063,FB001064,4,还不错，基本满意。,2023-05-19,美妆
U01064,FB001065,1,非常不满意，体验很差。,2024-07-11,服饰
U01065,FB001066,4,还不错，基本满意。,2024-03-17,美妆
U01066,FB001067,5,非常满意，产品很好用！,2024-12-27,3C数码
U01067,FB001068,5,非常满意，产品很好用！,2023-05-22,美妆
U01068,FB001069,5,非常满意，产品很好用！,2024-02-26,服饰
U01069,FB001070,4,还不错，基本满意。,2023-04-20,服饰
U01070,FB001071,5,非常满意，产品很好用！,2024-10-02,食品
U01071,FB001072,5,非常满意，产品很好用！,2024-09-22,家居
U01072,FB001073,2,不太满意，需要改善。,2023-04-01,家居
U01073,FB001074,5,非常满意，产品很好用！,2023-06-21,家居
U01074,FB001075,3,一般般，有待改进。,2024-06-27,食品
U01075,FB001076,3,一般般，有待改进。,2023-03-23,美妆
U01076,FB001077,2,不太满意，需要改善。,2023-03-05,美妆
U01077,FB001078,1,非常不满意，体验很差。,2024-10-05,食品
U01078,FB001079,5,非常满意，产品很好用！,2024-07-13,3C数码
U01079,FB001080,4,还不错，基本满意。,2024-05-08,家居
U01080,FB001081,5,非常满意，产品很好用！,2023-12-13,家居
U01081,FB001082,4,还不错，基本满意。,2023-10-24,3C数码
U01082,FB001083,4,还不错，基本满意。,2023-07-10,服饰
U01083,FB001084,4,还不错，基本满意。,2024-07-09,食品
U01084,FB001085,3,一般般，有待改进。,2024-10-01,美妆
U01085,FB001086,5,非常满意，产品很好用！,2024-07-11,美妆
U01086,FB001087,5,非常满意，产品很好用！,2023-04-29,3C数码
U01087,FB001088,4,还不错，基本满意。,2023-02-09,服饰
U01088,FB001089,5,非常满意，产品很好用！,2023-06-30,3C数码
U01089,FB001090,3,一般般，有待改进。,2024-12-29,家居
U01090,FB001091,5,非常满意，产品很好用！,2024-06-22,食品
U01091,FB001092,5,非常满意，产品很好用！,2024-10-12,3C数码
U01092,FB001093,4,还不错，基本满意。,2024-12-30,3C数码
U01093,FB001094,4,还不错，基本满意。,2024-08-03,食品
U01094,FB001095,3,一般般，有待改进。,2023-06-22,服饰
U01095,FB001096,4,还不错，基本满意。,2024-05-23,3C数码
U01096,FB001097,5,非常满意，产品很好用！,2024-09-08,美妆
U01097,FB001098,5,非常满意，产品很好用！,2024-06-17,美妆
U01098,FB001099,4,还不错，基本满意。,2024-06-15,食品
U01099,FB001100,5,非常满意，产品很好用！,2023-05-07,3C数码
U01100,FB001101,5,非常满意，产品很好用！,2023-10-10,服饰
U01101,FB001102,4,还不错，基本满意。,2023-11-01,食品
U01102,FB001103,2,不太满意，需要改善。,2023-03-12,3C数码
U01103,FB001104,3,一般般，有待改进。,2024-03-13,服饰
U01104,FB001105,4,还不错，基本满意。,2023-12-07,食品
U01105,FB001106,5,非常满意，产品很好用！,2024-01-27,家居
U01106,FB001107,1,非常不满意，体验很差。,2023-06-23,3C数码
U01107,FB001108,5,非常满意，产品很好用！,2024-09-01,食品
U01108,FB001109,4,还不错，基本满意。,2024-03-20,3C数码
U01109,FB001110,4,还不错，基本满意。,2024-07-25,家居
U01110,FB001111,2,不太满意，需要改善。,2024-09-06,食品
U01111,FB001112,2,不太满意，需要改善。,2024-04-14,服饰
U01112,FB001113,5,非常满意，产品很好用！,2024-08-17,食品
U01113,FB001114,2,不太满意，需要改善。,2023-03-31,家居
U01114,FB001115,3,一般般，有待改进。,2024-10-30,食品
U01115,FB001116,5,非常满意，产品很好用！,2023-06-22,食品
U01116,FB001117,3,一般般，有待改进。,2023-02-26,服饰
U01117,FB001118,5,非常满意，产品很好用！,2023-10-30,服饰
U01118,FB001119,3,一般般，有待改进。,2024-01-29,服饰
U01119,FB001120,3,一般般，有待改进。,2024-02-07,服饰
U01120,FB001121,5,非常满意，产品很好用！,2023-01-11,家居
U01121,FB001122,4,还不错，基本满意。,2023-09-07,服饰
U01122,FB001123,5,非常满意，产品很好用！,2023-11-02,食品
U01123,FB001124,3,一般般，有待改进。,2024-12-12,家居
U01124,FB001125,4,还不错，基本满意。,2023-06-29,美妆
U01125,FB001126,4,还不错，基本满意。,2023-07-18,3C数码
U01126,FB001127,2,不太满意，需要改善。,2023-08-18,家居
U01127,FB001128,5,非常满意，产品很好用！,2024-01-22,3C数码
U01128,FB001129,2,不太满意，需要改善。,2023-10-06,美妆
U01129,FB001130,5,非常满意，产品很好用！,2023-04-04,家居
U01130,FB001131,5,非常满意，产品很好用！,2024-11-28,服饰
U01131,FB001132,5,非常满意，产品很好用！,2024-03-30,美妆
U01132,FB001133,3,一般般，有待改进。,2023-04-14,美妆
U01133,FB001134,4,还不错，基本满意。,2024-11-25,美妆
U01134,FB001135,5,非常满意，产品很好用！,2023-03-19,家居
U01135,FB001136,5,非常满意，产品很好用！,2024-06-06,3C数码
U01136,FB001137,4,还不错，基本满意。,2023-08-25,家居
U01137,FB001138,3,一般般，有待改进。,2023-01-21,食品
U01138,FB001139,3,一般般，有待改进。,2023-05-13,服饰
U01139,FB001140,5,非常满意，产品很好用！,2023-03-22,服饰
U01140,FB001141,5,非常满意，产品很好用！,2023-05-07,服饰
U01141,FB001142,4,还不错，基本满意。,2023-07-27,3C数码
U01142,FB001143,3,一般般，有待改进。,2023-02-26,3C数码
U01143,FB001144,3,一般般，有待改进。,2023-11-22,美妆
U01144,FB001145,3,一般般，有待改进。,2024-04-30,3C数码
U01145,FB001146,5,非常满意，产品很好用！,2023-05-17,3C数码
U01146,FB001147,5,非常满意，产品很好用！,2023-02-10,家居
U01147,FB001148,4,还不错，基本满意。,2023-03-29,家居
U01148,FB001149,4,还不错，基本满意。,2023-03-01,服饰
U01149,FB001150,4,还不错，基本满意。,2024-09-28,家居
U01150,FB001151,5,非常满意，产品很好用！,2024-02-29,家居
U01151,FB001152,3,一般般，有待改进。,2024-09-25,食品
U01152,FB001153,5,非常满意，产品很好用！,2023-08-22,家居
U01153,FB001154,3,一般般，有待改进。,2024-03-07,家居
U01154,FB001155,5,非常满意，产品很好用！,2024-05-13,3C数码
U01155,FB001156,2,不太满意，需要改善。,2024-06-19,家居
U01156,FB001157,3,一般般，有待改进。,2024-03-02,服饰
U01157,FB001158,3,一般般，有待改进。,2023-01-21,3C数码
U01158,FB001159,2,不太满意，需要改善。,2023-03-25,美妆
U01159,FB001160,5,非常满意，产品很好用！,2024-08-02,家居
U01160,FB001161,4,还不错，基本满意。,2023-07-16,食品
U01161,FB001162,3,一般般，有待改进。,2024-04-21,美妆
U01162,FB001163,4,还不错，基本满意。,2023-07-31,食品
U01163,FB001164,4,还不错，基本满意。,2023-03-18,美妆
U01164,FB001165,5,非常满意，产品很好用！,2023-05-25,3C数码
U01165,FB001166,3,一般般，有待改进。,2024-09-10,家居
U01166,FB001167,5,非常满意，产品很好用！,2023-12-02,3C数码
U01167,FB001168,4,还不错，基本满意。,2024-12-24,服饰
U01168,FB001169,3,一般般，有待改进。,2024-09-15,家居
U01169,FB001170,4,还不错，基本满意。,2024-08-01,家居
U01170,FB001171,5,非常满意，产品很好用！,2023-10-06,食品
U01171,FB001172,1,非常不满意，体验很差。,2023-06-03,美妆
U01172,FB001173,4,还不错，基本满意。,2024-11-25,食品
U01173,FB001174,4,还不错，基本满意。,2024-07-09,服饰
U01174,FB001175,4,还不错，基本满意。,2024-03-30,美妆
U01175,FB001176,4,还不错，基本满意。,2023-08-10,3C数码
U01176,FB001177,5,非常满意，产品很好用！,2024-08-17,家居
U01177,FB001178,4,还不错，基本满意。,2024-08-25,食品
U01178,FB001179,3,一般般，有待改进。,2024-03-15,家居
U01179,FB001180,5,非常满意，产品很好用！,2024-07-02,服饰
U01180,FB001181,4,还不错，基本满意。,2023-12-11,家居
U01181,FB001182,4,还不错，基本满意。,2024-08-08,3C数码
U01182,FB001183,5,非常满意，产品很好用！,2023-06-19,3C数码
U01183,FB001184,4,还不错，基本满意。,2024-05-06,美妆
U01184,FB001185,3,一般般，有待改进。,2024-05-31,3C数码
U01185,FB001186,3,一般般，有待改进。,2024-07-24,3C数码
U01186,FB001187,5,非常满意，产品很好用！,2024-12-05,美妆
U01187,FB001188,4,还不错，基本满意。,2024-07-07,服饰
U01188,FB001189,1,非常不满意，体验很差。,2024-04-10,食品
U01189,FB001190,4,还不错，基本满意。,2023-10-20,服饰
U01190,FB001191,5,非常满意，产品很好用！,2024-12-12,3C数码
U01191,FB001192,4,还不错，基本满意。,2023-03-15,美妆
U01192,FB001193,5,非常满意，产品很好用！,2024-08-26,食品
U01193,FB001194,5,非常满意，产品很好用！,2023-12-19,美妆
U01194,FB001195,4,还不错，基本满意。,2023-01-31,3C数码
U01195,FB001196,5,非常满意，产品很好用！,2024-02-04,家居
U01196,FB001197,3,一般般，有待改进。,2024-07-18,家居
U01197,FB001198,3,一般般，有待改进。,2024-03-09,服饰
U01198,FB001199,5,非常满意，产品很好用！,2024-08-08,食品
U01199,FB001200,4,还不错，基本满意。,2024-08-12,食品
U01200,FB001201,4,还不错，基本满意。,2024-08-14,3C数码
U01201,FB001202,5,非常满意，产品很好用！,2023-12-09,美妆
U01202,FB001203,4,还不错，基本满意。,2024-09-16,食品
U01203,FB001204,5,非常满意，产品很好用！,2024-08-29,服饰
U01204,FB001205,3,一般般，有待改进。,2024-12-13,家居
U01205,FB001206,1,非常不满意，体验很差。,2023-06-25,服饰
U01206,FB001207,4,还不错，基本满意。,2024-08-12,服饰
U01207,FB001208,4,还不错，基本满意。,2024-05-15,美妆
U01208,FB001209,4,还不错，基本满意。,2024-10-05,服饰
U01209,FB001210,3,一般般，有待改进。,2023-05-23,美妆
U01210,FB001211,5,非常满意，产品很好用！,2024-08-11,家居
U01211,FB001212,2,不太满意，需要改善。,2023-06-03,美妆
U01212,FB001213,3,一般般，有待改进。,2023-10-19,食品
U01213,FB001214,5,非常满意，产品很好用！,2023-12-01,服饰
U01214,FB001215,5,非常满意，产品很好用！,2024-01-27,食品
U01215,FB001216,2,不太满意，需要改善。,2024-04-13,家居
U01216,FB001217,4,还不错，基本满意。,2024-02-15,3C数码
U01217,FB001218,3,一般般，有待改进。,2023-01-02,家居
U01218,FB001219,1,非常不满意，体验很差。,2023-06-01,美妆
U01219,FB001220,5,非常满意，产品很好用！,2024-08-16,美妆
U01220,FB001221,5,非常满意，产品很好用！,2024-09-25,美妆
U01221,FB001222,4,还不错，基本满意。,2024-07-16,家居
U01222,FB001223,5,非常满意，产品很好用！,2023-01-04,美妆
U01223,FB001224,4,还不错，基本满意。,2023-04-15,服饰
U01224,FB001225,3,一般般，有待改进。,2023-10-24,家居
U01225,FB001226,5,非常满意，产品很好用！,2023-03-20,服饰
U01226,FB001227,4,还不错，基本满意。,2024-10-17,服饰
U01227,FB001228,4,还不错，基本满意。,2024-05-07,食品
U01228,FB001229,4,还不错，基本满意。,2024-12-28,3C数码
U01229,FB001230,5,非常满意，产品很好用！,2024-10-25,服饰
U01230,FB001231,2,不太满意，需要改善。,2023-06-19,3C数码
U01231,FB001232,2,不太满意，需要改善。,2023-03-25,服饰
U01232,FB001233,3,一般般，有待改进。,2024-03-08,3C数码
U01233,FB001234,3,一般般，有待改进。,2023-01-31,家居
U01234,FB001235,2,不太满意，需要改善。,2024-07-26,服饰
U01235,FB001236,3,一般般，有待改进。,2023-08-08,3C数码
U01236,FB001237,4,还不错，基本满意。,2024-02-09,3C数码
U01237,FB001238,5,非常满意，产品很好用！,2024-03-17,家居
U01238,FB001239,2,不太满意，需要改善。,2024-03-24,食品
U01239,FB001240,5,非常满意，产品很好用！,2024-09-11,美妆
U01240,FB001241,4,还不错，基本满意。,2024-06-24,美妆
U01241,FB001242,5,非常满意，产品很好用！,2023-08-16,家居
U01242,FB001243,5,非常满意，产品很好用！,2024-10-19,服饰
U01243,FB001244,1,非常不满意，体验很差。,2024-10-14,家居
U01244,FB001245,4,还不错，基本满意。,2024-01-11,家居
U01245,FB001246,4,还不错，基本满意。,2024-03-19,3C数码
U01246,FB001247,3,一般般，有待改进。,2023-02-25,食品
U01247,FB001248,5,非常满意，产品很好用！,2023-02-04,服饰
U01248,FB001249,5,非常满意，产品很好用！,2023-06-03,服饰
U01249,FB001250,5,非常满意，产品很好用！,2023-07-11,美妆
U01250,FB001251,2,不太满意，需要改善。,2024-07-07,家居
U01251,FB001252,4,还不错，基本满意。,2024-01-05,服饰
U01252,FB001253,5,非常满意，产品很好用！,2024-05-02,家居
U01253,FB001254,4,还不错，基本满意。,2024-12-18,食品
U01254,FB001255,5,非常满意，产品很好用！,2024-07-24,美妆
U01255,FB001256,5,非常满意，产品很好用！,2023-01-04,家居
U01256,FB001257,4,还不错，基本满意。,2024-08-30,3C数码
U01257,FB001258,1,非常不满意，体验很差。,2023-06-07,服饰
U01258,FB001259,2,不太满意，需要改善。,2023-05-16,服饰
U01259,FB001260,5,非常满意，产品很好用！,2023-05-31,家居
U01260,FB001261,1,非常不满意，体验很差。,2024-11-11,服饰
U01261,FB001262,2,不太满意，需要改善。,2023-11-08,3C数码
U01262,FB001263,3,一般般，有待改进。,2023-04-18,家居
U01263,FB001264,4,还不错，基本满意。,2024-03-21,美妆
U01264,FB001265,4,还不错，基本满意。,2023-11-09,食品
U01265,FB001266,5,非常满意，产品很好用！,2023-01-05,美妆
U01266,FB001267,4,还不错，基本满意。,2024-02-24,家居
U01267,FB001268,4,还不错，基本满意。,2023-12-17,家居
U01268,FB001269,4,还不错，基本满意。,2024-07-21,食品
U01269,FB001270,4,还不错，基本满意。,2023-04-02,美妆
U01270,FB001271,5,非常满意，产品很好用！,2024-07-23,美妆
U01271,FB001272,5,非常满意，产品很好用！,2024-01-09,3C数码
U01272,FB001273,4,还不错，基本满意。,2024-07-23,美妆
U01273,FB001274,4,还不错，基本满意。,2024-12-02,食品
U01274,FB001275,3,一般般，有待改进。,2023-12-20,美妆
U01275,FB001276,3,一般般，有待改进。,2023-02-11,家居
U01276,FB001277,5,非常满意，产品很好用！,2023-01-25,服饰
U01277,FB001278,5,非常满意，产品很好用！,2024-03-08,家居
U01278,FB001279,3,一般般，有待改进。,2024-02-25,服饰
U01279,FB001280,4,还不错，基本满意。,2023-05-28,美妆
U01280,FB001281,3,一般般，有待改进。,2023-10-07,美妆
U01281,FB001282,3,一般般，有待改进。,2024-03-28,美妆
U01282,FB001283,3,一般般，有待改进。,2024-07-22,服饰
U01283,FB001284,4,还不错，基本满意。,2023-03-24,食品
U01284,FB001285,5,非常满意，产品很好用！,2024-07-15,服饰
U01285,FB001286,4,还不错，基本满意。,2024-09-19,食品
U01286,FB001287,3,一般般，有待改进。,2023-05-24,家居
U01287,FB001288,1,非常不满意，体验很差。,2024-09-04,服饰
U01288,FB001289,4,还不错，基本满意。,2023-03-08,3C数码
U01289,FB001290,4,还不错，基本满意。,2023-08-26,3C数码
U01290,FB001291,2,不太满意，需要改善。,2023-06-03,美妆
U01291,FB001292,4,还不错，基本满意。,2023-12-09,美妆
U01292,FB001293,5,非常满意，产品很好用！,2024-01-02,服饰
U01293,FB001294,2,不太满意，需要改善。,2024-06-09,3C数码
U01294,FB001295,4,还不错，基本满意。,2024-09-07,食品
U01295,FB001296,3,一般般，有待改进。,2023-08-11,家居
U01296,FB001297,4,还不错，基本满意。,2023-06-22,3C数码
U01297,FB001298,5,非常满意，产品很好用！,2024-02-09,家居
U01298,FB001299,5,非常满意，产品很好用！,2024-08-20,3C数码
U01299,FB001300,3,一般般，有待改进。,2023-08-22,服饰
U01300,FB001301,2,不太满意，需要改善。,2023-03-04,美妆
U01301,FB001302,5,非常满意，产品很好用！,2024-06-01,3C数码
U01302,FB001303,5,非常满意，产品很好用！,2023-05-10,美妆
U01303,FB001304,1,非常不满意，体验很差。,2024-05-16,食品
U01304,FB001305,5,非常满意，产品很好用！,2024-09-07,3C数码
U01305,FB001306,3,一般般，有待改进。,2024-11-29,美妆
U01306,FB001307,3,一般般，有待改进。,2024-09-04,美妆
U01307,FB001308,5,非常满意，产品很好用！,2023-12-18,3C数码
U01308,FB001309,5,非常满意，产品很好用！,2023-11-26,美妆
U01309,FB001310,4,还不错，基本满意。,2024-08-31,家居
U01310,FB001311,3,一般般，有待改进。,2023-05-31,美妆
U01311,FB001312,5,非常满意，产品很好用！,2024-10-02,家居
U01312,FB001313,4,还不错，基本满意。,2024-02-09,食品
U01313,FB001314,5,非常满意，产品很好用！,2023-06-07,食品
U01314,FB001315,3,一般般，有待改进。,2023-05-11,服饰
U01315,FB001316,4,还不错，基本满意。,2023-01-22,家居
U01316,FB001317,5,非常满意，产品很好用！,2024-08-03,3C数码
U01317,FB001318,4,还不错，基本满意。,2023-05-05,3C数码
U01318,FB001319,2,不太满意，需要改善。,2023-09-25,食品
U01319,FB001320,4,还不错，基本满意。,2024-05-18,服饰
U01320,FB001321,5,非常满意，产品很好用！,2024-07-22,服饰
U01321,FB001322,3,一般般，有待改进。,2023-06-27,食品
U01322,FB001323,3,一般般，有待改进。,2023-03-13,食品
U01323,FB001324,5,非常满意，产品很好用！,2024-04-18,食品
U01324,FB001325,3,一般般，有待改进。,2023-02-10,服饰
U01325,FB001326,5,非常满意，产品很好用！,2024-03-28,食品
U01326,FB001327,2,不太满意，需要改善。,2024-11-15,家居
U01327,FB001328,5,非常满意，产品很好用！,2024-06-10,食品
U01328,FB001329,4,还不错，基本满意。,2024-11-04,美妆
U01329,FB001330,4,还不错，基本满意。,2023-07-14,家居
U01330,FB001331,3,一般般，有待改进。,2024-01-17,食品
U01331,FB001332,5,非常满意，产品很好用！,2023-11-03,美妆
U01332,FB001333,5,非常满意，产品很好用！,2024-08-14,3C数码
U01333,FB001334,3,一般般，有待改进。,2023-06-09,美妆
U01334,FB001335,5,非常满意，产品很好用！,2024-07-27,服饰
U01335,FB001336,5,非常满意，产品很好用！,2024-01-10,3C数码
U01336,FB001337,4,还不错，基本满意。,2023-07-10,家居
U01337,FB001338,3,一般般，有待改进。,2024-06-25,家居
U01338,FB001339,3,一般般，有待改进。,2023-01-30,食品
U01339,FB001340,5,非常满意，产品很好用！,2023-02-14,服饰
U01340,FB001341,3,一般般，有待改进。,2024-11-20,服饰
U01341,FB001342,3,一般般，有待改进。,2024-06-06,3C数码
U01342,FB001343,4,还不错，基本满意。,2024-10-02,家居
U01343,FB001344,2,不太满意，需要改善。,2023-10-27,3C数码
U01344,FB001345,4,还不错，基本满意。,2023-08-09,家居
U01345,FB001346,3,一般般，有待改进。,2024-03-22,美妆
U01346,FB001347,5,非常满意，产品很好用！,2024-01-31,家居
U01347,FB001348,2,不太满意，需要改善。,2023-01-09,家居
U01348,FB001349,1,非常不满意，体验很差。,2024-07-15,食品
U01349,FB001350,5,非常满意，产品很好用！,2023-08-28,服饰
U01350,FB001351,5,非常满意，产品很好用！,2024-09-25,家居
U01351,FB001352,3,一般般，有待改进。,2024-03-05,食品
U01352,FB001353,4,还不错，基本满意。,2024-10-29,美妆
U01353,FB001354,2,不太满意，需要改善。,2024-06-18,3C数码
U01354,FB001355,5,非常满意，产品很好用！,2024-07-19,3C数码
U01355,FB001356,4,还不错，基本满意。,2023-06-14,美妆
U01356,FB001357,4,还不错，基本满意。,2023-03-24,3C数码
U01357,FB001358,5,非常满意，产品很好用！,2024-05-08,家居
U01358,FB001359,3,一般般，有待改进。,2023-12-17,食品
U01359,FB001360,5,非常满意，产品很好用！,2023-10-13,美妆
U01360,FB001361,5,非常满意，产品很好用！,2023-07-02,服饰
U01361,FB001362,3,一般般，有待改进。,2024-09-02,家居
U01362,FB001363,4,还不错，基本满意。,2024-01-29,3C数码
U01363,FB001364,4,还不错，基本满意。,2023-02-06,食品
U01364,FB001365,5,非常满意，产品很好用！,2024-11-21,食品
U01365,FB001366,2,不太满意，需要改善。,2024-08-03,服饰
U01366,FB001367,3,一般般，有待改进。,2023-06-03,服饰
U01367,FB001368,5,非常满意，产品很好用！,2024-07-06,3C数码
U01368,FB001369,3,一般般，有待改进。,2024-05-11,3C数码
U01369,FB001370,3,一般般，有待改进。,2023-03-15,食品
U01370,FB001371,5,非常满意，产品很好用！,2023-05-09,服饰
U01371,FB001372,4,还不错，基本满意。,2023-07-23,服饰
U01372,FB001373,5,非常满意，产品很好用！,2023-05-26,食品
U01373,FB001374,3,一般般，有待改进。,2023-09-07,服饰
U01374,FB001375,1,非常不满意，体验很差。,2023-03-18,美妆
U01375,FB001376,5,非常满意，产品很好用！,2024-10-01,食品
U01376,FB001377,4,还不错，基本满意。,2024-05-28,美妆
U01377,FB001378,4,还不错，基本满意。,2024-08-02,食品
U01378,FB001379,2,不太满意，需要改善。,2023-04-22,服饰
U01379,FB001380,2,不太满意，需要改善。,2023-11-30,食品
U01380,FB001381,5,非常满意，产品很好用！,2023-09-12,美妆
U01381,FB001382,5,非常满意，产品很好用！,2023-12-04,家居
U01382,FB001383,5,非常满意，产品很好用！,2023-07-18,家居
U01383,FB001384,5,非常满意，产品很好用！,2023-03-27,3C数码
U01384,FB001385,4,还不错，基本满意。,2024-02-06,美妆
U01385,FB001386,4,还不错，基本满意。,2024-07-09,美妆
U01386,FB001387,4,还不错，基本满意。,2024-01-29,食品
U01387,FB001388,4,还不错，基本满意。,2023-10-17,家居
U01388,FB001389,4,还不错，基本满意。,2024-09-07,家居
U01389,FB001390,4,还不错，基本满意。,2024-11-26,美妆
U01390,FB001391,5,非常满意，产品很好用！,2024-07-29,美妆
U01391,FB001392,3,一般般，有待改进。,2023-03-18,服饰
U01392,FB001393,1,非常不满意，体验很差。,2024-08-26,美妆
U01393,FB001394,5,非常满意，产品很好用！,2024-03-01,3C数码
U01394,FB001395,3,一般般，有待改进。,2024-04-14,服饰
U01395,FB001396,5,非常满意，产品很好用！,2024-04-24,食品
U01396,FB001397,5,非常满意，产品很好用！,2024-07-27,美妆
U01397,FB001398,5,非常满意，产品很好用！,2024-12-01,家居
U01398,FB001399,5,非常满意，产品很好用！,2023-05-09,美妆
U01399,FB001400,5,非常满意，产品很好用！,2023-01-23,服饰
U01400,FB001401,4,还不错，基本满意。,2024-06-23,3C数码
U01401,FB001402,5,非常满意，产品很好用！,2024-02-02,服饰
U01402,FB001403,3,一般般，有待改进。,2023-03-16,家居
U01403,FB001404,5,非常满意，产品很好用！,2023-05-01,家居
U01404,FB001405,3,一般般，有待改进。,2023-05-14,家居
U01405,FB001406,1,非常不满意，体验很差。,2023-01-04,服饰
U01406,FB001407,5,非常满意，产品很好用！,2024-07-31,3C数码
U01407,FB001408,4,还不错，基本满意。,2023-01-14,3C数码
U01408,FB001409,5,非常满意，产品很好用！,2023-10-19,服饰
U01409,FB001410,5,非常满意，产品很好用！,2024-10-09,3C数码
U01410,FB001411,1,非常不满意，体验很差。,2024-04-15,家居
U01411,FB001412,5,非常满意，产品很好用！,2024-05-28,服饰
U01412,FB001413,5,非常满意，产品很好用！,2023-01-31,美妆
U01413,FB001414,1,非常不满意，体验很差。,2024-08-22,美妆
U01414,FB001415,5,非常满意，产品很好用！,2024-05-27,家居
U01415,FB001416,4,还不错，基本满意。,2023-10-17,3C数码
U01416,FB001417,2,不太满意，需要改善。,2023-06-27,3C数码
U01417,FB001418,5,非常满意，产品很好用！,2023-05-07,家居
U01418,FB001419,3,一般般，有待改进。,2024-11-26,3C数码
U01419,FB001420,5,非常满意，产品很好用！,2024-03-09,美妆
U01420,FB001421,3,一般般，有待改进。,2024-05-25,服饰
U01421,FB001422,5,非常满意，产品很好用！,2024-07-26,3C数码
U01422,FB001423,5,非常满意，产品很好用！,2023-06-17,家居
U01423,FB001424,3,一般般，有待改进。,2024-01-01,3C数码
U01424,FB001425,3,一般般，有待改进。,2023-05-21,美妆
U01425,FB001426,5,非常满意，产品很好用！,2024-04-14,家居
U01426,FB001427,5,非常满意，产品很好用！,2023-02-06,食品
U01427,FB001428,5,非常满意，产品很好用！,2024-02-21,食品
U01428,FB001429,2,不太满意，需要改善。,2024-02-28,服饰
U01429,FB001430,4,还不错，基本满意。,2024-12-17,美妆
U01430,FB001431,4,还不错，基本满意。,2023-07-25,家居
U01431,FB001432,3,一般般，有待改进。,2023-01-22,美妆
U01432,FB001433,2,不太满意，需要改善。,2023-08-05,美妆
U01433,FB001434,5,非常满意，产品很好用！,2024-02-04,3C数码
U01434,FB001435,4,还不错，基本满意。,2023-07-17,食品
U01435,FB001436,3,一般般，有待改进。,2024-02-09,食品
U01436,FB001437,5,非常满意，产品很好用！,2024-12-30,3C数码
U01437,FB001438,4,还不错，基本满意。,2023-08-24,食品
U01438,FB001439,4,还不错，基本满意。,2023-01-24,食品
U01439,FB001440,5,非常满意，产品很好用！,2024-03-26,家居
U01440,FB001441,3,一般般，有待改进。,2024-11-11,美妆
U01441,FB001442,5,非常满意，产品很好用！,2024-10-05,服饰
U01442,FB001443,5,非常满意，产品很好用！,2024-10-30,食品
U01443,FB001444,5,非常满意，产品很好用！,2024-01-09,3C数码
U01444,FB001445,5,非常满意，产品很好用！,2023-08-25,美妆
U01445,FB001446,2,不太满意，需要改善。,2023-08-27,服饰
U01446,FB001447,3,一般般，有待改进。,2024-02-24,服饰
U01447,FB001448,4,还不错，基本满意。,2024-09-15,3C数码
U01448,FB001449,4,还不错，基本满意。,2024-08-26,食品
U01449,FB001450,3,一般般，有待改进。,2023-08-04,服饰
U01450,FB001451,3,一般般，有待改进。,2024-10-08,食品
U01451,FB001452,3,一般般，有待改进。,2023-08-12,美妆
U01452,FB001453,4,还不错，基本满意。,2023-07-04,美妆
U01453,FB001454,5,非常满意，产品很好用！,2024-04-14,3C数码
U01454,FB001455,5,非常满意，产品很好用！,2024-10-20,美妆
U01455,FB001456,2,不太满意，需要改善。,2023-07-04,家居
U01456,FB001457,1,非常不满意，体验很差。,2024-10-16,服饰
U01457,FB001458,5,非常满意，产品很好用！,2023-07-03,家居
U01458,FB001459,5,非常满意，产品很好用！,2023-01-22,美妆
U01459,FB001460,3,一般般，有待改进。,2024-11-10,美妆
U01460,FB001461,5,非常满意，产品很好用！,2023-02-10,服饰
U01461,FB001462,4,还不错，基本满意。,2023-07-27,服饰
U01462,FB001463,4,还不错，基本满意。,2024-05-10,3C数码
U01463,FB001464,5,非常满意，产品很好用！,2024-06-10,家居
U01464,FB001465,5,非常满意，产品很好用！,2023-12-16,家居
U01465,FB001466,3,一般般，有待改进。,2023-01-06,美妆
U01466,FB001467,3,一般般，有待改进。,2024-09-20,美妆
U01467,FB001468,5,非常满意，产品很好用！,2023-09-18,家居
U01468,FB001469,4,还不错，基本满意。,2024-10-28,3C数码
U01469,FB001470,5,非常满意，产品很好用！,2023-11-10,家居
U01470,FB001471,5,非常满意，产品很好用！,2024-02-03,食品
U01471,FB001472,3,一般般，有待改进。,2023-11-30,3C数码
U01472,FB001473,4,还不错，基本满意。,2023-11-28,食品
U01473,FB001474,4,还不错，基本满意。,2023-06-29,服饰
U01474,FB001475,3,一般般，有待改进。,2024-06-14,食品
U01475,FB001476,5,非常满意，产品很好用！,2024-07-01,3C数码
U01476,FB001477,5,非常满意，产品很好用！,2023-08-28,美妆
U01477,FB001478,2,不太满意，需要改善。,2024-09-11,家居
U01478,FB001479,5,非常满意，产品很好用！,2024-08-12,服饰
U01479,FB001480,3,一般般，有待改进。,2024-01-01,3C数码
U01480,FB001481,4,还不错，基本满意。,2023-08-07,美妆
U01481,FB001482,3,一般般，有待改进。,2024-08-20,美妆
U01482,FB001483,2,不太满意，需要改善。,2024-11-30,3C数码
U01483,FB001484,2,不太满意，需要改善。,2024-11-24,美妆
U01484,FB001485,3,一般般，有待改进。,2024-06-14,美妆
U01485,FB001486,5,非常满意，产品很好用！,2023-02-08,美妆
U01486,FB001487,3,一般般，有待改进。,2024-07-19,家居
U01487,FB001488,3,一般般，有待改进。,2023-04-27,家居
U01488,FB001489,2,不太满意，需要改善。,2024-04-18,美妆
U01489,FB001490,4,还不错，基本满意。,2024-09-29,服饰
U01490,FB001491,5,非常满意，产品很好用！,2023-06-24,食品
U01491,FB001492,4,还不错，基本满意。,2024-01-23,食品
U01492,FB001493,2,不太满意，需要改善。,2024-08-02,3C数码
U01493,FB001494,3,一般般，有待改进。,2024-11-24,家居
U01494,FB001495,5,非常满意，产品很好用！,2024-03-26,食品
U01495,FB001496,5,非常满意，产品很好用！,2023-01-30,食品
U01496,FB001497,5,非常满意，产品很好用！,2023-08-11,食品
U01497,FB001498,5,非常满意，产品很好用！,2023-11-05,美妆
U01498,FB001499,1,非常不满意，体验很差。,2024-05-08,食品
U01499,FB001500,4,还不错，基本满意。,2024-04-25,食品
U01500,FB001501,5,非常满意，产品很好用！,2024-10-04,食品
U01501,FB001502,3,一般般，有待改进。,2023-08-17,服饰
U01502,FB001503,3,一般般，有待改进。,2024-09-28,美妆
U01503,FB001504,4,还不错，基本满意。,2024-10-02,服饰
U01504,FB001505,2,不太满意，需要改善。,2024-10-29,3C数码
U01505,FB001506,5,非常满意，产品很好用！,2023-03-06,3C数码
U01506,FB001507,3,一般般，有待改进。,2023-12-07,服饰
U01507,FB001508,5,非常满意，产品很好用！,2023-06-11,食品
U01508,FB001509,4,还不错，基本满意。,2023-05-17,3C数码
U01509,FB001510,3,一般般，有待改进。,2024-03-21,家居
U01510,FB001511,5,非常满意，产品很好用！,2024-04-01,食品
U01511,FB001512,3,一般般，有待改进。,2023-10-08,美妆
U01512,FB001513,5,非常满意，产品很好用！,2024-06-17,3C数码
U01513,FB001514,4,还不错，基本满意。,2023-05-24,美妆
U01514,FB001515,5,非常满意，产品很好用！,2024-11-12,食品
U01515,FB001516,4,还不错，基本满意。,2024-04-02,家居
U01516,FB001517,1,非常不满意，体验很差。,2023-04-06,服饰
U01517,FB001518,5,非常满意，产品很好用！,2024-11-12,服饰
U01518,FB001519,4,还不错，基本满意。,2023-05-01,3C数码
U01519,FB001520,5,非常满意，产品很好用！,2024-04-20,3C数码
U01520,FB001521,4,还不错，基本满意。,2024-09-21,食品
U01521,FB001522,2,不太满意，需要改善。,2024-10-29,3C数码
U01522,FB001523,3,一般般，有待改进。,2023-06-02,美妆
U01523,FB001524,4,还不错，基本满意。,2024-04-02,3C数码
U01524,FB001525,5,非常满意，产品很好用！,2024-03-11,食品
U01525,FB001526,5,非常满意，产品很好用！,2024-11-26,美妆
U01526,FB001527,4,还不错，基本满意。,2023-01-05,服饰
U01527,FB001528,1,非常不满意，体验很差。,2024-02-23,家居
U01528,FB001529,5,非常满意，产品很好用！,2024-08-07,3C数码
U01529,FB001530,4,还不错，基本满意。,2024-10-13,服饰
U01530,FB001531,5,非常满意，产品很好用！,2023-11-22,家居
U01531,FB001532,3,一般般，有待改进。,2024-07-25,服饰
U01532,FB001533,5,非常满意，产品很好用！,2024-07-24,食品
U01533,FB001534,5,非常满意，产品很好用！,2023-09-20,家居
U01534,FB001535,5,非常满意，产品很好用！,2024-09-10,家居
U01535,FB001536,1,非常不满意，体验很差。,2023-11-18,美妆
U01536,FB001537,5,非常满意，产品很好用！,2024-02-24,服饰
U01537,FB001538,5,非常满意，产品很好用！,2023-09-22,美妆
U01538,FB001539,4,还不错，基本满意。,2024-07-12,食品
U01539,FB001540,4,还不错，基本满意。,2023-11-29,3C数码
U01540,FB001541,4,还不错，基本满意。,2024-11-07,3C数码
U01541,FB001542,5,非常满意，产品很好用！,2023-12-18,3C数码
U01542,FB001543,3,一般般，有待改进。,2024-01-01,服饰
U01543,FB001544,4,还不错，基本满意。,2024-07-07,3C数码
U01544,FB001545,4,还不错，基本满意。,2023-01-18,服饰
U01545,FB001546,4,还不错，基本满意。,2023-04-04,家居
U01546,FB001547,1,非常不满意，体验很差。,2024-06-26,美妆
U01547,FB001548,4,还不错，基本满意。,2023-06-07,食品
U01548,FB001549,5,非常满意，产品很好用！,2023-10-30,食品
U01549,FB001550,3,一般般，有待改进。,2024-02-16,服饰
U01550,FB001551,4,还不错，基本满意。,2023-11-22,食品
U01551,FB001552,5,非常满意，产品很好用！,2024-11-15,服饰
U01552,FB001553,4,还不错，基本满意。,2024-08-02,服饰
U01553,FB001554,4,还不错，基本满意。,2024-06-29,食品
U01554,FB001555,4,还不错，基本满意。,2024-01-27,服饰
U01555,FB001556,5,非常满意，产品很好用！,2024-07-04,服饰
U01556,FB001557,3,一般般，有待改进。,2023-03-19,服饰
U01557,FB001558,2,不太满意，需要改善。,2024-09-30,3C数码
U01558,FB001559,5,非常满意，产品很好用！,2023-09-07,食品
U01559,FB001560,5,非常满意，产品很好用！,2023-01-07,服饰
U01560,FB001561,3,一般般，有待改进。,2023-06-18,美妆
U01561,FB001562,1,非常不满意，体验很差。,2024-09-07,食品
U01562,FB001563,5,非常满意，产品很好用！,2023-11-03,食品
U01563,FB001564,5,非常满意，产品很好用！,2023-11-16,服饰
U01564,FB001565,4,还不错，基本满意。,2023-12-24,家居
U01565,FB001566,4,还不错，基本满意。,2024-01-16,美妆
U01566,FB001567,4,还不错，基本满意。,2024-10-23,食品
U01567,FB001568,4,还不错，基本满意。,2024-01-21,3C数码
U01568,FB001569,5,非常满意，产品很好用！,2024-05-21,食品
U01569,FB001570,5,非常满意，产品很好用！,2024-03-19,美妆
U01570,FB001571,5,非常满意，产品很好用！,2023-05-04,3C数码
U01571,FB001572,4,还不错，基本满意。,2023-02-17,食品
U01572,FB001573,3,一般般，有待改进。,2024-03-18,3C数码
U01573,FB001574,5,非常满意，产品很好用！,2023-08-20,服饰
U01574,FB001575,5,非常满意，产品很好用！,2024-04-10,食品
U01575,FB001576,4,还不错，基本满意。,2023-10-29,美妆
U01576,FB001577,4,还不错，基本满意。,2023-09-07,美妆
U01577,FB001578,5,非常满意，产品很好用！,2023-10-09,家居
U01578,FB001579,5,非常满意，产品很好用！,2023-07-03,美妆
U01579,FB001580,4,还不错，基本满意。,2024-12-17,家居
U01580,FB001581,3,一般般，有待改进。,2024-05-06,美妆
U01581,FB001582,4,还不错，基本满意。,2024-12-19,3C数码
U01582,FB001583,5,非常满意，产品很好用！,2024-02-27,3C数码
U01583,FB001584,5,非常满意，产品很好用！,2023-02-07,食品
U01584,FB001585,5,非常满意，产品很好用！,2024-04-02,美妆
U01585,FB001586,4,还不错，基本满意。,2024-08-17,食品
U01586,FB001587,3,一般般，有待改进。,2023-09-03,美妆
U01587,FB001588,4,还不错，基本满意。,2023-08-07,3C数码
U01588,FB001589,5,非常满意，产品很好用！,2023-03-01,家居
U01589,FB001590,4,还不错，基本满意。,2023-12-31,家居
U01590,FB001591,5,非常满意，产品很好用！,2024-07-22,美妆
U01591,FB001592,3,一般般，有待改进。,2024-02-27,美妆
U01592,FB001593,4,还不错，基本满意。,2024-11-02,3C数码
U01593,FB001594,4,还不错，基本满意。,2023-10-20,3C数码
U01594,FB001595,5,非常满意，产品很好用！,2023-04-20,3C数码
U01595,FB001596,4,还不错，基本满意。,2024-04-30,3C数码
U01596,FB001597,3,一般般，有待改进。,2023-11-16,美妆
U01597,FB001598,2,不太满意，需要改善。,2023-08-06,美妆
U01598,FB001599,3,一般般，有待改进。,2024-08-31,家居
U01599,FB001600,4,还不错，基本满意。,2024-11-04,3C数码
U01600,FB001601,5,非常满意，产品很好用！,2023-12-14,家居
U01601,FB001602,3,一般般，有待改进。,2023-01-11,美妆
U01602,FB001603,5,非常满意，产品很好用！,2023-07-19,美妆
U01603,FB001604,4,还不错，基本满意。,2024-05-29,食品
U01604,FB001605,4,还不错，基本满意。,2023-05-20,服饰
U01605,FB001606,2,不太满意，需要改善。,2023-08-05,家居
U01606,FB001607,5,非常满意，产品很好用！,2024-08-08,美妆
U01607,FB001608,2,不太满意，需要改善。,2023-02-28,服饰
U01608,FB001609,5,非常满意，产品很好用！,2024-05-09,美妆
U01609,FB001610,3,一般般，有待改进。,2024-11-21,食品
U01610,FB001611,2,不太满意，需要改善。,2023-06-30,服饰
U01611,FB001612,5,非常满意，产品很好用！,2023-01-07,3C数码
U01612,FB001613,4,还不错，基本满意。,2023-11-12,美妆
U01613,FB001614,5,非常满意，产品很好用！,2023-10-03,食品
U01614,FB001615,5,非常满意，产品很好用！,2024-04-21,服饰
U01615,FB001616,2,不太满意，需要改善。,2024-10-09,3C数码
U01616,FB001617,5,非常满意，产品很好用！,2023-02-04,家居
U01617,FB001618,5,非常满意，产品很好用！,2024-01-28,食品
U01618,FB001619,4,还不错，基本满意。,2023-08-26,美妆
U01619,FB001620,1,非常不满意，体验很差。,2024-10-13,3C数码
U01620,FB001621,4,还不错，基本满意。,2024-02-24,家居
U01621,FB001622,5,非常满意，产品很好用！,2023-04-05,家居
U01622,FB001623,4,还不错，基本满意。,2023-12-17,美妆
U01623,FB001624,5,非常满意，产品很好用！,2024-09-06,家居
U01624,FB001625,5,非常满意，产品很好用！,2023-12-17,3C数码
U01625,FB001626,5,非常满意，产品很好用！,2024-02-21,美妆
U01626,FB001627,4,还不错，基本满意。,2023-03-28,服饰
U01627,FB001628,5,非常满意，产品很好用！,2023-07-21,美妆
U01628,FB001629,5,非常满意，产品很好用！,2023-10-27,美妆
U01629,FB001630,3,一般般，有待改进。,2024-06-05,家居
U01630,FB001631,5,非常满意，产品很好用！,2024-04-06,食品
U01631,FB001632,5,非常满意，产品很好用！,2024-08-14,食品
U01632,FB001633,1,非常不满意，体验很差。,2024-11-14,服饰
U01633,FB001634,3,一般般，有待改进。,2024-06-04,美妆
U01634,FB001635,3,一般般，有待改进。,2023-11-16,食品
U01635,FB001636,2,不太满意，需要改善。,2023-08-02,3C数码
U01636,FB001637,5,非常满意，产品很好用！,2023-10-31,3C数码
U01637,FB001638,5,非常满意，产品很好用！,2023-10-03,美妆
U01638,FB001639,4,还不错，基本满意。,2024-11-22,食品
U01639,FB001640,3,一般般，有待改进。,2024-01-25,食品
U01640,FB001641,5,非常满意，产品很好用！,2023-06-29,服饰
U01641,FB001642,5,非常满意，产品很好用！,2024-11-15,美妆
U01642,FB001643,4,还不错，基本满意。,2023-11-20,美妆
U01643,FB001644,5,非常满意，产品很好用！,2024-01-21,美妆
U01644,FB001645,5,非常满意，产品很好用！,2024-07-31,家居
U01645,FB001646,5,非常满意，产品很好用！,2024-06-03,3C数码
U01646,FB001647,2,不太满意，需要改善。,2023-10-10,服饰
U01647,FB001648,5,非常满意，产品很好用！,2024-10-11,食品
U01648,FB001649,3,一般般，有待改进。,2023-06-22,家居
U01649,FB001650,5,非常满意，产品很好用！,2024-10-08,3C数码
U01650,FB001651,5,非常满意，产品很好用！,2024-02-17,食品
U01651,FB001652,2,不太满意，需要改善。,2023-04-09,3C数码
U01652,FB001653,1,非常不满意，体验很差。,2023-12-11,美妆
U01653,FB001654,1,非常不满意，体验很差。,2024-10-29,食品
U01654,FB001655,5,非常满意，产品很好用！,2023-11-03,美妆
U01655,FB001656,4,还不错，基本满意。,2023-06-15,服饰
U01656,FB001657,3,一般般，有待改进。,2024-06-15,3C数码
U01657,FB001658,3,一般般，有待改进。,2024-12-12,3C数码
U01658,FB001659,3,一般般，有待改进。,2023-05-09,服饰
U01659,FB001660,5,非常满意，产品很好用！,2024-02-12,家居
U01660,FB001661,1,非常不满意，体验很差。,2024-09-18,服饰
U01661,FB001662,5,非常满意，产品很好用！,2024-08-03,食品
U01662,FB001663,2,不太满意，需要改善。,2024-12-30,家居
U01663,FB001664,5,非常满意，产品很好用！,2023-10-16,美妆
U01664,FB001665,5,非常满意，产品很好用！,2023-08-01,3C数码
U01665,FB001666,2,不太满意，需要改善。,2024-11-22,服饰
U01666,FB001667,5,非常满意，产品很好用！,2023-12-19,食品
U01667,FB001668,4,还不错，基本满意。,2024-08-06,3C数码
U01668,FB001669,5,非常满意，产品很好用！,2023-11-10,美妆
U01669,FB001670,3,一般般，有待改进。,2023-05-31,家居
U01670,FB001671,4,还不错，基本满意。,2024-03-30,家居
U01671,FB001672,3,一般般，有待改进。,2023-11-10,食品
U01672,FB001673,1,非常不满意，体验很差。,2023-03-08,美妆
U01673,FB001674,4,还不错，基本满意。,2024-07-22,服饰
U01674,FB001675,3,一般般，有待改进。,2023-06-12,家居
U01675,FB001676,4,还不错，基本满意。,2024-07-03,家居
U01676,FB001677,3,一般般，有待改进。,2023-07-21,3C数码
U01677,FB001678,5,非常满意，产品很好用！,2023-02-19,食品
U01678,FB001679,4,还不错，基本满意。,2023-03-29,食品
U01679,FB001680,5,非常满意，产品很好用！,2024-11-27,3C数码
U01680,FB001681,5,非常满意，产品很好用！,2023-09-23,家居
U01681,FB001682,1,非常不满意，体验很差。,2023-08-20,食品
U01682,FB001683,2,不太满意，需要改善。,2023-09-21,食品
U01683,FB001684,3,一般般，有待改进。,2023-08-01,3C数码
U01684,FB001685,5,非常满意，产品很好用！,2023-07-06,食品
U01685,FB001686,5,非常满意，产品很好用！,2024-03-08,服饰
U01686,FB001687,4,还不错，基本满意。,2024-02-06,美妆
U01687,FB001688,5,非常满意，产品很好用！,2023-06-30,服饰
U01688,FB001689,5,非常满意，产品很好用！,2023-09-03,3C数码
U01689,FB001690,4,还不错，基本满意。,2023-02-21,3C数码
U01690,FB001691,1,非常不满意，体验很差。,2024-02-03,服饰
U01691,FB001692,4,还不错，基本满意。,2023-01-17,美妆
U01692,FB001693,5,非常满意，产品很好用！,2023-09-06,家居
U01693,FB001694,4,还不错，基本满意。,2024-05-15,美妆
U01694,FB001695,1,非常不满意，体验很差。,2024-04-26,服饰
U01695,FB001696,3,一般般，有待改进。,2024-07-03,3C数码
U01696,FB001697,5,非常满意，产品很好用！,2023-03-02,3C数码
U01697,FB001698,4,还不错，基本满意。,2023-09-21,食品
U01698,FB001699,4,还不错，基本满意。,2024-02-28,食品
U01699,FB001700,5,非常满意，产品很好用！,2023-01-26,服饰
U01700,FB001701,2,不太满意，需要改善。,2023-07-01,3C数码
U01701,FB001702,5,非常满意，产品很好用！,2024-08-26,家居
U01702,FB001703,2,不太满意，需要改善。,2023-01-11,美妆
U01703,FB001704,3,一般般，有待改进。,2023-05-14,服饰
U01704,FB001705,4,还不错，基本满意。,2023-01-04,食品
U01705,FB001706,3,一般般，有待改进。,2023-11-07,食品
U01706,FB001707,5,非常满意，产品很好用！,2023-09-23,服饰
U01707,FB001708,4,还不错，基本满意。,2023-07-09,3C数码
U01708,FB001709,5,非常满意，产品很好用！,2024-12-18,服饰
U01709,FB001710,5,非常满意，产品很好用！,2024-01-09,3C数码
U01710,FB001711,3,一般般，有待改进。,2024-10-29,家居
U01711,FB001712,3,一般般，有待改进。,2023-09-04,美妆
U01712,FB001713,4,还不错，基本满意。,2023-05-08,食品
U01713,FB001714,4,还不错，基本满意。,2024-02-10,服饰
U01714,FB001715,4,还不错，基本满意。,2023-10-17,3C数码
U01715,FB001716,5,非常满意，产品很好用！,2024-02-10,家居
U01716,FB001717,5,非常满意，产品很好用！,2024-11-01,服饰
U01717,FB001718,4,还不错，基本满意。,2023-08-05,食品
U01718,FB001719,5,非常满意，产品很好用！,2024-12-02,美妆
U01719,FB001720,3,一般般，有待改进。,2024-02-03,美妆
U01720,FB001721,4,还不错，基本满意。,2023-05-20,3C数码
U01721,FB001722,5,非常满意，产品很好用！,2024-02-23,家居
U01722,FB001723,4,还不错，基本满意。,2024-03-07,3C数码
U01723,FB001724,4,还不错，基本满意。,2024-10-10,服饰
U01724,FB001725,2,不太满意，需要改善。,2024-04-17,3C数码
U01725,FB001726,5,非常满意，产品很好用！,2023-10-18,食品
U01726,FB001727,1,非常不满意，体验很差。,2023-12-01,3C数码
U01727,FB001728,3,一般般，有待改进。,2023-11-22,家居
U01728,FB001729,4,还不错，基本满意。,2024-09-28,服饰
U01729,FB001730,5,非常满意，产品很好用！,2023-08-28,3C数码
U01730,FB001731,5,非常满意，产品很好用！,2023-10-20,3C数码
U01731,FB001732,5,非常满意，产品很好用！,2023-08-08,美妆
U01732,FB001733,4,还不错，基本满意。,2023-05-16,3C数码
U01733,FB001734,5,非常满意，产品很好用！,2023-04-10,3C数码
U01734,FB001735,3,一般般，有待改进。,2024-10-30,服饰
U01735,FB001736,5,非常满意，产品很好用！,2023-04-20,食品
U01736,FB001737,4,还不错，基本满意。,2023-07-24,美妆
U01737,FB001738,4,还不错，基本满意。,2024-12-27,美妆
U01738,FB001739,5,非常满意，产品很好用！,2024-03-10,家居
U01739,FB001740,2,不太满意，需要改善。,2023-09-13,服饰
U01740,FB001741,4,还不错，基本满意。,2024-01-14,服饰
U01741,FB001742,2,不太满意，需要改善。,2024-01-15,食品
U01742,FB001743,4,还不错，基本满意。,2024-02-25,美妆
U01743,FB001744,3,一般般，有待改进。,2023-12-10,家居
U01744,FB001745,4,还不错，基本满意。,2023-04-06,食品
U01745,FB001746,4,还不错，基本满意。,2024-07-26,美妆
U01746,FB001747,3,一般般，有待改进。,2024-07-28,食品
U01747,FB001748,5,非常满意，产品很好用！,2023-11-11,食品
U01748,FB001749,4,还不错，基本满意。,2023-07-18,服饰
U01749,FB001750,5,非常满意，产品很好用！,2023-04-25,美妆
U01750,FB001751,5,非常满意，产品很好用！,2024-03-13,美妆
U01751,FB001752,3,一般般，有待改进。,2024-07-23,3C数码
U01752,FB001753,4,还不错，基本满意。,2024-05-03,家居
U01753,FB001754,1,非常不满意，体验很差。,2023-03-03,美妆
U01754,FB001755,4,还不错，基本满意。,2023-07-07,美妆
U01755,FB001756,5,非常满意，产品很好用！,2024-12-16,服饰
U01756,FB001757,3,一般般，有待改进。,2024-06-06,家居
U01757,FB001758,2,不太满意，需要改善。,2023-06-12,服饰
U01758,FB001759,5,非常满意，产品很好用！,2023-06-20,食品
U01759,FB001760,5,非常满意，产品很好用！,2023-09-20,服饰
U01760,FB001761,3,一般般，有待改进。,2024-05-26,美妆
U01761,FB001762,2,不太满意，需要改善。,2024-12-04,美妆
U01762,FB001763,5,非常满意，产品很好用！,2023-01-16,食品
U01763,FB001764,3,一般般，有待改进。,2024-12-10,美妆
U01764,FB001765,5,非常满意，产品很好用！,2024-03-19,服饰
U01765,FB001766,3,一般般，有待改进。,2023-03-13,食品
U01766,FB001767,5,非常满意，产品很好用！,2023-04-23,食品
U01767,FB001768,4,还不错，基本满意。,2023-07-31,3C数码
U01768,FB001769,3,一般般，有待改进。,2024-08-07,3C数码
U01769,FB001770,2,不太满意，需要改善。,2023-06-24,家居
U01770,FB001771,5,非常满意，产品很好用！,2024-10-25,食品
U01771,FB001772,3,一般般，有待改进。,2024-10-12,食品
U01772,FB001773,3,一般般，有待改进。,2023-09-25,美妆
U01773,FB001774,4,还不错，基本满意。,2024-01-09,美妆
U01774,FB001775,3,一般般，有待改进。,2023-03-13,食品
U01775,FB001776,4,还不错，基本满意。,2024-01-31,美妆
U01776,FB001777,5,非常满意，产品很好用！,2024-10-26,美妆
U01777,FB001778,3,一般般，有待改进。,2023-07-06,食品
U01778,FB001779,4,还不错，基本满意。,2024-10-13,家居
U01779,FB001780,5,非常满意，产品很好用！,2023-05-10,3C数码
U01780,FB001781,4,还不错，基本满意。,2023-01-05,美妆
U01781,FB001782,3,一般般，有待改进。,2023-12-28,美妆
U01782,FB001783,5,非常满意，产品很好用！,2023-02-01,服饰
U01783,FB001784,2,不太满意，需要改善。,2024-10-11,家居
U01784,FB001785,5,非常满意，产品很好用！,2024-07-26,家居
U01785,FB001786,1,非常不满意，体验很差。,2023-07-12,服饰
U01786,FB001787,5,非常满意，产品很好用！,2023-11-03,家居
U01787,FB001788,2,不太满意，需要改善。,2024-04-03,服饰
U01788,FB001789,5,非常满意，产品很好用！,2024-04-13,家居
U01789,FB001790,1,非常不满意，体验很差。,2023-01-21,食品
U01790,FB001791,5,非常满意，产品很好用！,2023-05-31,服饰
U01791,FB001792,4,还不错，基本满意。,2024-12-23,食品
U01792,FB001793,5,非常满意，产品很好用！,2023-10-13,服饰
U01793,FB001794,3,一般般，有待改进。,2024-01-12,服饰
U01794,FB001795,4,还不错，基本满意。,2024-03-21,食品
U01795,FB001796,2,不太满意，需要改善。,2023-05-07,食品
U01796,FB001797,5,非常满意，产品很好用！,2024-06-13,3C数码
U01797,FB001798,2,不太满意，需要改善。,2024-10-29,美妆
U01798,FB001799,4,还不错，基本满意。,2024-05-07,美妆
U01799,FB001800,5,非常满意，产品很好用！,2023-04-07,3C数码
U01800,FB001801,3,一般般，有待改进。,2024-06-27,美妆
U01801,FB001802,4,还不错，基本满意。,2024-10-01,服饰
U01802,FB001803,3,一般般，有待改进。,2024-07-23,3C数码
U01803,FB001804,4,还不错，基本满意。,2024-11-30,美妆
U01804,FB001805,5,非常满意，产品很好用！,2024-04-06,3C数码
U01805,FB001806,4,还不错，基本满意。,2024-07-26,3C数码
U01806,FB001807,3,一般般，有待改进。,2024-10-22,食品
U01807,FB001808,4,还不错，基本满意。,2023-10-03,美妆
U01808,FB001809,4,还不错，基本满意。,2023-10-27,3C数码
U01809,FB001810,2,不太满意，需要改善。,2023-10-13,家居
U01810,FB001811,4,还不错，基本满意。,2023-06-13,服饰
U01811,FB001812,4,还不错，基本满意。,2023-04-09,3C数码
U01812,FB001813,2,不太满意，需要改善。,2024-12-05,服饰
U01813,FB001814,3,一般般，有待改进。,2023-03-21,服饰
U01814,FB001815,4,还不错，基本满意。,2023-06-01,家居
U01815,FB001816,3,一般般，有待改进。,2024-09-30,美妆
U01816,FB001817,3,一般般，有待改进。,2024-11-03,家居
U01817,FB001818,2,不太满意，需要改善。,2023-06-05,食品
U01818,FB001819,1,非常不满意，体验很差。,2023-04-22,食品
U01819,FB001820,5,非常满意，产品很好用！,2024-01-16,美妆
U01820,FB001821,3,一般般，有待改进。,2024-10-14,食品
U01821,FB001822,3,一般般，有待改进。,2024-09-03,食品
U01822,FB001823,2,不太满意，需要改善。,2024-01-26,美妆
U01823,FB001824,2,不太满意，需要改善。,2024-09-09,家居
U01824,FB001825,4,还不错，基本满意。,2024-06-24,3C数码
U01825,FB001826,3,一般般，有待改进。,2024-07-22,家居
U01826,FB001827,5,非常满意，产品很好用！,2023-12-18,美妆
U01827,FB001828,5,非常满意，产品很好用！,2024-10-04,服饰
U01828,FB001829,5,非常满意，产品很好用！,2024-12-30,美妆
U01829,FB001830,4,还不错，基本满意。,2023-10-21,食品
U01830,FB001831,1,非常不满意，体验很差。,2024-06-15,食品
U01831,FB001832,4,还不错，基本满意。,2023-08-19,3C数码
U01832,FB001833,5,非常满意，产品很好用！,2024-11-24,3C数码
U01833,FB001834,5,非常满意，产品很好用！,2024-10-11,食品
U01834,FB001835,3,一般般，有待改进。,2023-09-19,家居
U01835,FB001836,4,还不错，基本满意。,2024-05-03,美妆
U01836,FB001837,5,非常满意，产品很好用！,2024-01-22,美妆
U01837,FB001838,4,还不错，基本满意。,2023-06-25,食品
U01838,FB001839,5,非常满意，产品很好用！,2024-04-18,食品
U01839,FB001840,5,非常满意，产品很好用！,2024-10-07,食品
U01840,FB001841,4,还不错，基本满意。,2023-08-17,家居
U01841,FB001842,3,一般般，有待改进。,2024-08-05,服饰
U01842,FB001843,5,非常满意，产品很好用！,2024-02-11,家居
U01843,FB001844,3,一般般，有待改进。,2023-10-19,服饰
U01844,FB001845,5,非常满意，产品很好用！,2023-06-29,家居
U01845,FB001846,5,非常满意，产品很好用！,2024-05-15,家居
U01846,FB001847,4,还不错，基本满意。,2023-07-22,食品
U01847,FB001848,5,非常满意，产品很好用！,2024-01-20,服饰
U01848,FB001849,5,非常满意，产品很好用！,2024-07-06,3C数码
U01849,FB001850,5,非常满意，产品很好用！,2023-08-15,服饰
U01850,FB001851,2,不太满意，需要改善。,2024-08-29,3C数码
U01851,FB001852,3,一般般，有待改进。,2023-05-17,食品
U01852,FB001853,3,一般般，有待改进。,2024-04-01,美妆
U01853,FB001854,4,还不错，基本满意。,2024-03-13,美妆
U01854,FB001855,3,一般般，有待改进。,2024-02-25,家居
U01855,FB001856,4,还不错，基本满意。,2023-03-17,3C数码
U01856,FB001857,3,一般般，有待改进。,2023-08-24,家居
U01857,FB001858,3,一般般，有待改进。,2024-03-23,家居
U01858,FB001859,5,非常满意，产品很好用！,2024-09-24,服饰
U01859,FB001860,4,还不错，基本满意。,2023-03-08,食品
U01860,FB001861,3,一般般，有待改进。,2023-11-07,3C数码
U01861,FB001862,5,非常满意，产品很好用！,2024-11-28,食品
U01862,FB001863,5,非常满意，产品很好用！,2024-02-17,家居
U01863,FB001864,2,不太满意，需要改善。,2023-01-14,服饰
U01864,FB001865,3,一般般，有待改进。,2024-06-09,食品
U01865,FB001866,4,还不错，基本满意。,2024-03-02,美妆
U01866,FB001867,5,非常满意，产品很好用！,2024-03-17,服饰
U01867,FB001868,5,非常满意，产品很好用！,2023-02-07,3C数码
U01868,FB001869,5,非常满意，产品很好用！,2024-07-09,美妆
U01869,FB001870,4,还不错，基本满意。,2023-02-14,美妆
U01870,FB001871,4,还不错，基本满意。,2024-02-03,美妆
U01871,FB001872,4,还不错，基本满意。,2024-05-27,食品
U01872,FB001873,5,非常满意，产品很好用！,2024-05-22,美妆
U01873,FB001874,2,不太满意，需要改善。,2023-09-15,服饰
U01874,FB001875,4,还不错，基本满意。,2023-02-09,食品
U01875,FB001876,3,一般般，有待改进。,2023-12-12,家居
U01876,FB001877,5,非常满意，产品很好用！,2023-03-15,美妆
U01877,FB001878,5,非常满意，产品很好用！,2023-06-07,家居
U01878,FB001879,4,还不错，基本满意。,2023-09-21,美妆
U01879,FB001880,3,一般般，有待改进。,2024-09-17,3C数码
U01880,FB001881,2,不太满意，需要改善。,2023-05-20,3C数码
U01881,FB001882,4,还不错，基本满意。,2024-04-13,家居
U01882,FB001883,3,一般般，有待改进。,2023-04-30,家居
U01883,FB001884,2,不太满意，需要改善。,2023-05-21,服饰
U01884,FB001885,5,非常满意，产品很好用！,2024-05-30,服饰
U01885,FB001886,5,非常满意，产品很好用！,2024-03-11,服饰
U01886,FB001887,3,一般般，有待改进。,2023-05-25,美妆
U01887,FB001888,3,一般般，有待改进。,2024-04-22,3C数码
U01888,FB001889,4,还不错，基本满意。,2023-06-20,服饰
U01889,FB001890,1,非常不满意，体验很差。,2024-05-03,服饰
U01890,FB001891,4,还不错，基本满意。,2023-09-03,美妆
U01891,FB001892,5,非常满意，产品很好用！,2024-04-24,3C数码
U01892,FB001893,3,一般般，有待改进。,2024-12-23,家居
U01893,FB001894,3,一般般，有待改进。,2023-09-11,家居
U01894,FB001895,2,不太满意，需要改善。,2023-01-14,服饰
U01895,FB001896,2,不太满意，需要改善。,2023-06-21,美妆
U01896,FB001897,2,不太满意，需要改善。,2023-07-05,食品
U01897,FB001898,4,还不错，基本满意。,2024-11-04,3C数码
U01898,FB001899,5,非常满意，产品很好用！,2023-03-12,3C数码
U01899,FB001900,4,还不错，基本满意。,2023-03-28,食品
U01900,FB001901,4,还不错，基本满意。,2024-01-30,家居
U01901,FB001902,1,非常不满意，体验很差。,2024-07-20,服饰
U01902,FB001903,5,非常满意，产品很好用！,2023-03-27,美妆
U01903,FB001904,5,非常满意，产品很好用！,2023-11-17,3C数码
U01904,FB001905,1,非常不满意，体验很差。,2024-05-15,3C数码
U01905,FB001906,4,还不错，基本满意。,2024-03-19,家居
U01906,FB001907,3,一般般，有待改进。,2024-08-01,食品
U01907,FB001908,5,非常满意，产品很好用！,2024-03-02,家居
U01908,FB001909,5,非常满意，产品很好用！,2023-02-02,3C数码
U01909,FB001910,5,非常满意，产品很好用！,2023-02-14,美妆
U01910,FB001911,5,非常满意，产品很好用！,2023-08-16,服饰
U01911,FB001912,3,一般般，有待改进。,2023-05-23,服饰
U01912,FB001913,2,不太满意，需要改善。,2024-11-16,美妆
U01913,FB001914,4,还不错，基本满意。,2024-11-13,食品
U01914,FB001915,4,还不错，基本满意。,2023-02-12,美妆
U01915,FB001916,2,不太满意，需要改善。,2024-08-18,食品
U01916,FB001917,4,还不错，基本满意。,2024-10-14,食品
U01917,FB001918,4,还不错，基本满意。,2023-10-22,服饰
U01918,FB001919,5,非常满意，产品很好用！,2023-08-01,3C数码
U01919,FB001920,2,不太满意，需要改善。,2023-03-20,家居
U01920,FB001921,5,非常满意，产品很好用！,2023-05-11,家居
U01921,FB001922,4,还不错，基本满意。,2023-03-19,服饰
U01922,FB001923,2,不太满意，需要改善。,2023-05-15,美妆
U01923,FB001924,4,还不错，基本满意。,2023-09-23,服饰
U01924,FB001925,4,还不错，基本满意。,2024-08-05,家居
U01925,FB001926,5,非常满意，产品很好用！,2023-07-29,3C数码
U01926,FB001927,5,非常满意，产品很好用！,2023-06-22,3C数码
U01927,FB001928,4,还不错，基本满意。,2024-11-26,服饰
U01928,FB001929,5,非常满意，产品很好用！,2023-10-13,家居
U01929,FB001930,5,非常满意，产品很好用！,2024-10-02,3C数码
U01930,FB001931,5,非常满意，产品很好用！,2023-06-21,美妆
U01931,FB001932,4,还不错，基本满意。,2023-10-22,服饰
U01932,FB001933,5,非常满意，产品很好用！,2024-03-10,3C数码
U01933,FB001934,5,非常满意，产品很好用！,2024-12-10,服饰
U01934,FB001935,5,非常满意，产品很好用！,2024-01-26,服饰
U01935,FB001936,3,一般般，有待改进。,2024-01-12,美妆
U01936,FB001937,5,非常满意，产品很好用！,2024-04-05,美妆
U01937,FB001938,3,一般般，有待改进。,2024-05-18,食品
U01938,FB001939,4,还不错，基本满意。,2023-12-19,美妆
U01939,FB001940,3,一般般，有待改进。,2024-05-01,服饰
U01940,FB001941,5,非常满意，产品很好用！,2024-04-05,美妆
U01941,FB001942,4,还不错，基本满意。,2024-12-30,服饰
U01942,FB001943,5,非常满意，产品很好用！,2024-10-04,美妆
U01943,FB001944,5,非常满意，产品很好用！,2024-10-29,服饰
U01944,FB001945,4,还不错，基本满意。,2024-03-26,美妆
U01945,FB001946,4,还不错，基本满意。,2024-09-30,美妆
U01946,FB001947,1,非常不满意，体验很差。,2023-09-21,家居
U01947,FB001948,5,非常满意，产品很好用！,2023-05-05,3C数码
U01948,FB001949,3,一般般，有待改进。,2024-12-03,3C数码
U01949,FB001950,4,还不错，基本满意。,2024-08-24,家居
U01950,FB001951,4,还不错，基本满意。,2023-05-03,家居
U01951,FB001952,3,一般般，有待改进。,2024-03-17,家居
U01952,FB001953,4,还不错，基本满意。,2023-10-16,3C数码
U01953,FB001954,5,非常满意，产品很好用！,2024-07-22,家居
U01954,FB001955,4,还不错，基本满意。,2024-06-07,食品
U01955,FB001956,4,还不错，基本满意。,2023-12-01,食品
U01956,FB001957,3,一般般，有待改进。,2023-09-30,服饰
U01957,FB001958,3,一般般，有待改进。,2023-11-24,3C数码
U01958,FB001959,4,还不错，基本满意。,2024-05-09,服饰
U01959,FB001960,5,非常满意，产品很好用！,2024-02-29,美妆
U01960,FB001961,3,一般般，有待改进。,2024-04-03,服饰
U01961,FB001962,2,不太满意，需要改善。,2024-01-30,家居
U01962,FB001963,5,非常满意，产品很好用！,2023-11-08,美妆
U01963,FB001964,2,不太满意，需要改善。,2023-12-14,服饰
U01964,FB001965,5,非常满意，产品很好用！,2024-01-27,家居
U01965,FB001966,2,不太满意，需要改善。,2024-09-12,服饰
U01966,FB001967,4,还不错，基本满意。,2023-04-04,美妆
U01967,FB001968,1,非常不满意，体验很差。,2023-06-26,3C数码
U01968,FB001969,5,非常满意，产品很好用！,2023-12-05,食品
U01969,FB001970,4,还不错，基本满意。,2024-09-05,食品
U01970,FB001971,5,非常满意，产品很好用！,2024-06-18,美妆
U01971,FB001972,2,不太满意，需要改善。,2023-04-05,家居
U01972,FB001973,4,还不错，基本满意。,2024-05-02,食品
U01973,FB001974,3,一般般，有待改进。,2024-05-20,服饰
U01974,FB001975,1,非常不满意，体验很差。,2024-03-22,食品
U01975,FB001976,5,非常满意，产品很好用！,2023-03-09,3C数码
U01976,FB001977,3,一般般，有待改进。,2023-11-17,服饰
U01977,FB001978,4,还不错，基本满意。,2024-08-21,食品
U01978,FB001979,3,一般般，有待改进。,2024-02-15,家居
U01979,FB001980,4,还不错，基本满意。,2023-06-06,美妆
U01980,FB001981,5,非常满意，产品很好用！,2024-09-10,家居
U01981,FB001982,5,非常满意，产品很好用！,2023-11-29,服饰
U01982,FB001983,4,还不错，基本满意。,2024-05-20,美妆
U01983,FB001984,4,还不错，基本满意。,2023-10-06,美妆
U01984,FB001985,3,一般般，有待改进。,2023-10-07,3C数码
U01985,FB001986,5,非常满意，产品很好用！,2024-07-06,服饰
U01986,FB001987,5,非常满意，产品很好用！,2023-12-07,美妆
U01987,FB001988,4,还不错，基本满意。,2024-01-24,食品
U01988,FB001989,5,非常满意，产品很好用！,2023-06-08,食品
U01989,FB001990,1,非常不满意，体验很差。,2023-06-23,服饰
U01990,FB001991,3,一般般，有待改进。,2023-02-25,服饰
U01991,FB001992,5,非常满意，产品很好用！,2024-01-25,3C数码
U01992,FB001993,3,一般般，有待改进。,2023-02-08,家居
U01993,FB001994,4,还不错，基本满意。,2024-05-27,美妆
U01994,FB001995,4,还不错，基本满意。,2023-12-06,食品
U01995,FB001996,5,非常满意，产品很好用！,2024-08-20,服饰
U01996,FB001997,2,不太满意，需要改善。,2023-06-20,美妆
U01997,FB001998,4,还不错，基本满意。,2024-06-19,食品
U01998,FB001999,3,一般般，有待改进。,2024-03-23,家居
U01999,FB002000,2,不太满意，需要改善。,2024-03-08,3C数码
U02000,FB002001,4,还不错，基本满意。,2024-08-24,家居
U02001,FB002002,5,非常满意，产品很好用！,2024-05-15,美妆
U02002,FB002003,5,非常满意，产品很好用！,2023-11-18,家居
U02003,FB002004,5,非常满意，产品很好用！,2024-01-04,3C数码
U02004,FB002005,4,还不错，基本满意。,2024-02-24,美妆
U02005,FB002006,5,非常满意，产品很好用！,2023-08-18,服饰
U02006,FB002007,3,一般般，有待改进。,2023-04-27,美妆
U02007,FB002008,4,还不错，基本满意。,2024-05-29,服饰
U02008,FB002009,5,非常满意，产品很好用！,2023-05-17,美妆
U02009,FB002010,2,不太满意，需要改善。,2024-06-27,美妆
U02010,FB002011,5,非常满意，产品很好用！,2024-11-21,美妆
U02011,FB002012,4,还不错，基本满意。,2023-11-03,食品
U02012,FB002013,4,还不错，基本满意。,2023-06-14,3C数码
U02013,FB002014,4,还不错，基本满意。,2024-04-26,家居
U02014,FB002015,3,一般般，有待改进。,2024-05-27,3C数码
U02015,FB002016,5,非常满意，产品很好用！,2023-10-17,服饰
U02016,FB002017,5,非常满意，产品很好用！,2023-09-02,食品
U02017,FB002018,5,非常满意，产品很好用！,2023-07-15,家居
U02018,FB002019,2,不太满意，需要改善。,2024-04-09,食品
U02019,FB002020,4,还不错，基本满意。,2024-09-05,服饰
U02020,FB002021,5,非常满意，产品很好用！,2023-05-04,食品
U02021,FB002022,5,非常满意，产品很好用！,2023-06-02,3C数码
U02022,FB002023,4,还不错，基本满意。,2023-11-13,服饰
U02023,FB002024,5,非常满意，产品很好用！,2024-02-27,3C数码
U02024,FB002025,4,还不错，基本满意。,2023-05-31,食品
U02025,FB002026,5,非常满意，产品很好用！,2023-10-09,3C数码
U02026,FB002027,3,一般般，有待改进。,2024-04-01,服饰
U02027,FB002028,4,还不错，基本满意。,2023-02-03,美妆
U02028,FB002029,4,还不错，基本满意。,2024-10-13,美妆
U02029,FB002030,3,一般般，有待改进。,2023-04-02,家居
U02030,FB002031,2,不太满意，需要改善。,2024-05-27,服饰
U02031,FB002032,5,非常满意，产品很好用！,2023-08-26,美妆
U02032,FB002033,4,还不错，基本满意。,2024-09-09,美妆
U02033,FB002034,4,还不错，基本满意。,2023-07-11,食品
U02034,FB002035,4,还不错，基本满意。,2024-11-20,食品
U02035,FB002036,4,还不错，基本满意。,2023-12-01,3C数码
U02036,FB002037,5,非常满意，产品很好用！,2023-05-30,美妆
U02037,FB002038,5,非常满意，产品很好用！,2024-07-18,3C数码
U02038,FB002039,4,还不错，基本满意。,2024-04-28,食品
U02039,FB002040,5,非常满意，产品很好用！,2023-05-13,食品
U02040,FB002041,5,非常满意，产品很好用！,2024-07-08,食品
U02041,FB002042,5,非常满意，产品很好用！,2024-08-19,食品
U02042,FB002043,4,还不错，基本满意。,2024-11-17,美妆
U02043,FB002044,5,非常满意，产品很好用！,2024-10-18,美妆
U02044,FB002045,3,一般般，有待改进。,2023-03-26,服饰
U02045,FB002046,5,非常满意，产品很好用！,2024-05-11,美妆
U02046,FB002047,5,非常满意，产品很好用！,2024-08-25,服饰
U02047,FB002048,4,还不错，基本满意。,2023-11-08,3C数码
U02048,FB002049,1,非常不满意，体验很差。,2023-05-31,食品
U02049,FB002050,5,非常满意，产品很好用！,2023-09-11,服饰
U02050,FB002051,4,还不错，基本满意。,2024-09-24,美妆
U02051,FB002052,5,非常满意，产品很好用！,2023-03-17,服饰
U02052,FB002053,5,非常满意，产品很好用！,2023-06-19,食品
U02053,FB002054,3,一般般，有待改进。,2023-01-09,服饰
U02054,FB002055,4,还不错，基本满意。,2024-04-13,3C数码
U02055,FB002056,5,非常满意，产品很好用！,2023-07-08,美妆
U02056,FB002057,4,还不错，基本满意。,2024-04-03,食品
U02057,FB002058,3,一般般，有待改进。,2023-08-28,服饰
U02058,FB002059,5,非常满意，产品很好用！,2024-10-17,家居
U02059,FB002060,3,一般般，有待改进。,2024-07-11,服饰
U02060,FB002061,4,还不错，基本满意。,2024-05-17,3C数码
U02061,FB002062,3,一般般，有待改进。,2024-07-25,食品
U02062,FB002063,5,非常满意，产品很好用！,2023-06-16,家居
U02063,FB002064,4,还不错，基本满意。,2024-10-07,3C数码
U02064,FB002065,4,还不错，基本满意。,2024-08-19,食品
U02065,FB002066,3,一般般，有待改进。,2024-07-12,家居
U02066,FB002067,2,不太满意，需要改善。,2024-11-30,食品
U02067,FB002068,3,一般般，有待改进。,2024-07-08,家居
U02068,FB002069,3,一般般，有待改进。,2023-10-13,食品
U02069,FB002070,5,非常满意，产品很好用！,2024-07-24,食品
U02070,FB002071,5,非常满意，产品很好用！,2024-01-12,家居
U02071,FB002072,4,还不错，基本满意。,2023-01-16,家居
U02072,FB002073,5,非常满意，产品很好用！,2024-09-03,美妆
U02073,FB002074,5,非常满意，产品很好用！,2024-02-19,服饰
U02074,FB002075,3,一般般，有待改进。,2024-11-09,服饰
U02075,FB002076,2,不太满意，需要改善。,2024-03-05,3C数码
U02076,FB002077,5,非常满意，产品很好用！,2023-05-19,家居
U02077,FB002078,5,非常满意，产品很好用！,2023-05-12,家居
U02078,FB002079,3,一般般，有待改进。,2024-11-21,服饰
U02079,FB002080,3,一般般，有待改进。,2024-01-17,服饰
U02080,FB002081,5,非常满意，产品很好用！,2024-07-31,美妆
U02081,FB002082,2,不太满意，需要改善。,2023-01-29,美妆
U02082,FB002083,4,还不错，基本满意。,2023-01-29,家居
U02083,FB002084,2,不太满意，需要改善。,2024-02-29,3C数码
U02084,FB002085,4,还不错，基本满意。,2024-11-07,服饰
U02085,FB002086,5,非常满意，产品很好用！,2023-10-18,服饰
U02086,FB002087,4,还不错，基本满意。,2023-09-21,美妆
U02087,FB002088,5,非常满意，产品很好用！,2023-06-09,美妆
U02088,FB002089,4,还不错，基本满意。,2024-07-14,美妆
U02089,FB002090,4,还不错，基本满意。,2023-05-13,3C数码
U02090,FB002091,3,一般般，有待改进。,2024-05-21,服饰
U02091,FB002092,3,一般般，有待改进。,2023-02-17,家居
U02092,FB002093,4,还不错，基本满意。,2023-06-15,3C数码
U02093,FB002094,4,还不错，基本满意。,2024-12-15,3C数码
U02094,FB002095,3,一般般，有待改进。,2024-10-31,3C数码
U02095,FB002096,5,非常满意，产品很好用！,2023-08-01,3C数码
U02096,FB002097,4,还不错，基本满意。,2024-10-06,美妆
U02097,FB002098,4,还不错，基本满意。,2023-08-22,家居
U02098,FB002099,3,一般般，有待改进。,2024-05-16,服饰
U02099,FB002100,4,还不错，基本满意。,2024-06-30,家居
U02100,FB002101,3,一般般，有待改进。,2023-09-12,美妆
U02101,FB002102,4,还不错，基本满意。,2024-10-11,3C数码
U02102,FB002103,5,非常满意，产品很好用！,2023-12-03,3C数码
U02103,FB002104,2,不太满意，需要改善。,2024-05-11,3C数码
U02104,FB002105,5,非常满意，产品很好用！,2023-02-22,家居
U02105,FB002106,4,还不错，基本满意。,2024-07-16,美妆
U02106,FB002107,4,还不错，基本满意。,2023-12-06,3C数码
U02107,FB002108,5,非常满意，产品很好用！,2024-01-18,食品
U02108,FB002109,4,还不错，基本满意。,2024-07-21,美妆
U02109,FB002110,5,非常满意，产品很好用！,2024-07-14,3C数码
U02110,FB002111,2,不太满意，需要改善。,2024-05-16,食品
U02111,FB002112,4,还不错，基本满意。,2024-04-19,3C数码
U02112,FB002113,5,非常满意，产品很好用！,2024-05-24,3C数码
U02113,FB002114,4,还不错，基本满意。,2024-11-23,食品
U02114,FB002115,4,还不错，基本满意。,2023-01-09,食品
U02115,FB002116,5,非常满意，产品很好用！,2023-12-02,3C数码
U02116,FB002117,5,非常满意，产品很好用！,2024-04-07,3C数码
U02117,FB002118,5,非常满意，产品很好用！,2024-07-10,美妆
U02118,FB002119,2,不太满意，需要改善。,2024-01-09,家居
U02119,FB002120,5,非常满意，产品很好用！,2023-07-24,食品
U02120,FB002121,1,非常不满意，体验很差。,2024-09-14,家居
U02121,FB002122,5,非常满意，产品很好用！,2023-08-29,食品
U02122,FB002123,5,非常满意，产品很好用！,2024-06-23,服饰
U02123,FB002124,5,非常满意，产品很好用！,2023-12-14,服饰
U02124,FB002125,3,一般般，有待改进。,2023-06-04,家居
U02125,FB002126,5,非常满意，产品很好用！,2023-05-23,美妆
U02126,FB002127,1,非常不满意，体验很差。,2023-07-13,食品
U02127,FB002128,5,非常满意，产品很好用！,2023-07-26,家居
U02128,FB002129,5,非常满意，产品很好用！,2023-10-24,3C数码
U02129,FB002130,2,不太满意，需要改善。,2023-05-25,美妆
U02130,FB002131,4,还不错，基本满意。,2024-03-14,美妆
U02131,FB002132,3,一般般，有待改进。,2023-09-15,家居
U02132,FB002133,4,还不错，基本满意。,2023-09-08,美妆
U02133,FB002134,5,非常满意，产品很好用！,2023-04-14,食品
U02134,FB002135,3,一般般，有待改进。,2024-01-03,美妆
U02135,FB002136,5,非常满意，产品很好用！,2024-06-08,服饰
U02136,FB002137,4,还不错，基本满意。,2024-07-13,美妆
U02137,FB002138,5,非常满意，产品很好用！,2024-03-08,美妆
U02138,FB002139,4,还不错，基本满意。,2023-07-03,食品
U02139,FB002140,5,非常满意，产品很好用！,2024-05-14,食品
U02140,FB002141,2,不太满意，需要改善。,2024-04-11,3C数码
U02141,FB002142,5,非常满意，产品很好用！,2024-11-27,食品
U02142,FB002143,5,非常满意，产品很好用！,2024-03-24,3C数码
U02143,FB002144,4,还不错，基本满意。,2023-07-20,美妆
U02144,FB002145,4,还不错，基本满意。,2023-11-06,美妆
U02145,FB002146,5,非常满意，产品很好用！,2024-01-26,美妆
U02146,FB002147,4,还不错，基本满意。,2023-10-08,家居
U02147,FB002148,3,一般般，有待改进。,2023-04-27,服饰
U02148,FB002149,4,还不错，基本满意。,2023-09-28,家居
U02149,FB002150,2,不太满意，需要改善。,2024-11-30,美妆
U02150,FB002151,4,还不错，基本满意。,2024-02-23,家居
U02151,FB002152,4,还不错，基本满意。,2024-12-03,家居
U02152,FB002153,4,还不错，基本满意。,2023-02-03,服饰
U02153,FB002154,2,不太满意，需要改善。,2024-01-04,3C数码
U02154,FB002155,4,还不错，基本满意。,2024-06-17,家居
U02155,FB002156,2,不太满意，需要改善。,2024-04-25,家居
U02156,FB002157,3,一般般，有待改进。,2024-09-30,食品
U02157,FB002158,4,还不错，基本满意。,2024-12-11,家居
U02158,FB002159,3,一般般，有待改进。,2023-07-19,服饰
U02159,FB002160,4,还不错，基本满意。,2024-09-02,家居
U02160,FB002161,4,还不错，基本满意。,2023-04-25,服饰
U02161,FB002162,2,不太满意，需要改善。,2023-06-06,食品
U02162,FB002163,4,还不错，基本满意。,2024-06-09,3C数码
U02163,FB002164,4,还不错，基本满意。,2024-07-26,3C数码
U02164,FB002165,5,非常满意，产品很好用！,2024-01-25,家居
U02165,FB002166,5,非常满意，产品很好用！,2024-11-10,服饰
U02166,FB002167,1,非常不满意，体验很差。,2024-10-03,家居
U02167,FB002168,3,一般般，有待改进。,2024-04-29,3C数码
U02168,FB002169,3,一般般，有待改进。,2023-08-24,食品
U02169,FB002170,4,还不错，基本满意。,2023-10-07,家居
U02170,FB002171,4,还不错，基本满意。,2024-09-13,服饰
U02171,FB002172,3,一般般，有待改进。,2023-06-02,3C数码
U02172,FB002173,3,一般般，有待改进。,2023-06-10,服饰
U02173,FB002174,5,非常满意，产品很好用！,2023-06-03,服饰
U02174,FB002175,4,还不错，基本满意。,2023-04-07,食品
U02175,FB002176,3,一般般，有待改进。,2023-06-10,食品
U02176,FB002177,5,非常满意，产品很好用！,2024-12-07,服饰
U02177,FB002178,5,非常满意，产品很好用！,2024-09-17,美妆
U02178,FB002179,4,还不错，基本满意。,2023-07-21,家居
U02179,FB002180,3,一般般，有待改进。,2024-05-20,家居
U02180,FB002181,3,一般般，有待改进。,2024-01-14,家居
U02181,FB002182,4,还不错，基本满意。,2024-12-13,美妆
U02182,FB002183,3,一般般，有待改进。,2024-08-25,3C数码
U02183,FB002184,2,不太满意，需要改善。,2023-03-18,服饰
U02184,FB002185,4,还不错，基本满意。,2024-11-26,美妆
U02185,FB002186,2,不太满意，需要改善。,2024-04-29,食品
U02186,FB002187,3,一般般，有待改进。,2024-10-22,食品
U02187,FB002188,4,还不错，基本满意。,2024-12-16,家居
U02188,FB002189,5,非常满意，产品很好用！,2024-10-08,美妆
U02189,FB002190,3,一般般，有待改进。,2024-02-03,3C数码
U02190,FB002191,5,非常满意，产品很好用！,2023-11-25,3C数码
U02191,FB002192,5,非常满意，产品很好用！,2023-05-22,家居
U02192,FB002193,1,非常不满意，体验很差。,2023-06-14,服饰
U02193,FB002194,4,还不错，基本满意。,2024-02-25,家居
U02194,FB002195,4,还不错，基本满意。,2023-08-30,家居
U02195,FB002196,4,还不错，基本满意。,2023-10-17,3C数码
U02196,FB002197,4,还不错，基本满意。,2024-05-07,服饰
U02197,FB002198,5,非常满意，产品很好用！,2023-03-22,服饰
U02198,FB002199,5,非常满意，产品很好用！,2023-03-17,美妆
U02199,FB002200,4,还不错，基本满意。,2023-06-23,食品
U02200,FB002201,3,一般般，有待改进。,2024-10-18,3C数码
U02201,FB002202,4,还不错，基本满意。,2023-03-06,家居
U02202,FB002203,2,不太满意，需要改善。,2023-11-14,美妆
U02203,FB002204,4,还不错，基本满意。,2023-06-11,家居
U02204,FB002205,5,非常满意，产品很好用！,2024-11-18,食品
U02205,FB002206,3,一般般，有待改进。,2024-11-15,家居
U02206,FB002207,4,还不错，基本满意。,2023-02-08,家居
U02207,FB002208,5,非常满意，产品很好用！,2023-04-14,食品
U02208,FB002209,5,非常满意，产品很好用！,2023-02-13,服饰
U02209,FB002210,3,一般般，有待改进。,2024-07-10,3C数码
U02210,FB002211,5,非常满意，产品很好用！,2024-09-27,3C数码
U02211,FB002212,5,非常满意，产品很好用！,2024-02-19,食品
U02212,FB002213,5,非常满意，产品很好用！,2023-03-13,家居
U02213,FB002214,5,非常满意，产品很好用！,2023-03-23,服饰
U02214,FB002215,3,一般般，有待改进。,2024-01-21,食品
U02215,FB002216,3,一般般，有待改进。,2023-11-19,家居
U02216,FB002217,5,非常满意，产品很好用！,2023-08-16,服饰
U02217,FB002218,5,非常满意，产品很好用！,2024-07-09,美妆
U02218,FB002219,3,一般般，有待改进。,2024-02-09,家居
U02219,FB002220,5,非常满意，产品很好用！,2023-04-22,美妆
U02220,FB002221,4,还不错，基本满意。,2024-09-30,家居
U02221,FB002222,3,一般般，有待改进。,2024-04-03,食品
U02222,FB002223,3,一般般，有待改进。,2023-02-07,服饰
U02223,FB002224,4,还不错，基本满意。,2024-08-23,美妆
U02224,FB002225,5,非常满意，产品很好用！,2023-09-22,美妆
U02225,FB002226,3,一般般，有待改进。,2024-10-17,服饰
U02226,FB002227,3,一般般，有待改进。,2023-04-18,家居
U02227,FB002228,5,非常满意，产品很好用！,2024-09-28,食品
U02228,FB002229,4,还不错，基本满意。,2024-08-24,家居
U02229,FB002230,5,非常满意，产品很好用！,2023-10-03,3C数码
U02230,FB002231,5,非常满意，产品很好用！,2024-02-15,美妆
U02231,FB002232,2,不太满意，需要改善。,2024-06-16,家居
U02232,FB002233,2,不太满意，需要改善。,2023-02-04,3C数码
U02233,FB002234,5,非常满意，产品很好用！,2023-03-04,服饰
U02234,FB002235,4,还不错，基本满意。,2024-04-09,服饰
U02235,FB002236,3,一般般，有待改进。,2023-02-08,服饰
U02236,FB002237,4,还不错，基本满意。,2024-02-08,美妆
U02237,FB002238,5,非常满意，产品很好用！,2023-12-20,美妆
U02238,FB002239,5,非常满意，产品很好用！,2024-01-15,家居
U02239,FB002240,4,还不错，基本满意。,2023-12-24,食品
U02240,FB002241,4,还不错，基本满意。,2023-11-10,食品
U02241,FB002242,3,一般般，有待改进。,2024-10-14,服饰
U02242,FB002243,1,非常不满意，体验很差。,2024-10-17,美妆
U02243,FB002244,2,不太满意，需要改善。,2023-06-25,服饰
U02244,FB002245,5,非常满意，产品很好用！,2024-02-23,食品
U02245,FB002246,4,还不错，基本满意。,2023-12-07,3C数码
U02246,FB002247,3,一般般，有待改进。,2023-07-06,服饰
U02247,FB002248,5,非常满意，产品很好用！,2023-03-04,美妆
U02248,FB002249,4,还不错，基本满意。,2024-06-24,服饰
U02249,FB002250,2,不太满意，需要改善。,2024-02-09,家居
U02250,FB002251,3,一般般，有待改进。,2024-11-22,美妆
U02251,FB002252,2,不太满意，需要改善。,2023-10-25,美妆
U02252,FB002253,4,还不错，基本满意。,2024-06-09,3C数码
U02253,FB002254,5,非常满意，产品很好用！,2024-05-20,家居
U02254,FB002255,2,不太满意，需要改善。,2023-05-01,食品
U02255,FB002256,3,一般般，有待改进。,2024-10-18,美妆
U02256,FB002257,5,非常满意，产品很好用！,2024-12-26,服饰
U02257,FB002258,5,非常满意，产品很好用！,2023-12-08,美妆
U02258,FB002259,5,非常满意，产品很好用！,2024-05-11,美妆
U02259,FB002260,5,非常满意，产品很好用！,2023-11-11,食品
U02260,FB002261,4,还不错，基本满意。,2024-03-29,美妆
U02261,FB002262,4,还不错，基本满意。,2023-08-01,美妆
U02262,FB002263,4,还不错，基本满意。,2023-02-06,美妆
U02263,FB002264,5,非常满意，产品很好用！,2023-09-19,家居
U02264,FB002265,5,非常满意，产品很好用！,2023-07-28,家居
U02265,FB002266,4,还不错，基本满意。,2023-08-15,3C数码
U02266,FB002267,5,非常满意，产品很好用！,2023-04-28,食品
U02267,FB002268,3,一般般，有待改进。,2023-08-05,服饰
U02268,FB002269,3,一般般，有待改进。,2024-06-27,3C数码
U02269,FB002270,5,非常满意，产品很好用！,2023-03-14,食品
U02270,FB002271,3,一般般，有待改进。,2023-05-06,食品
U02271,FB002272,2,不太满意，需要改善。,2023-11-11,家居
U02272,FB002273,5,非常满意，产品很好用！,2023-02-23,美妆
U02273,FB002274,4,还不错，基本满意。,2024-03-11,3C数码
U02274,FB002275,4,还不错，基本满意。,2024-10-17,服饰
U02275,FB002276,5,非常满意，产品很好用！,2023-02-13,食品
U02276,FB002277,3,一般般，有待改进。,2024-11-02,服饰
U02277,FB002278,3,一般般，有待改进。,2023-06-22,家居
U02278,FB002279,3,一般般，有待改进。,2024-02-05,3C数码
U02279,FB002280,5,非常满意，产品很好用！,2023-11-01,美妆
U02280,FB002281,5,非常满意，产品很好用！,2024-10-03,家居
U02281,FB002282,2,不太满意，需要改善。,2024-11-02,家居
U02282,FB002283,4,还不错，基本满意。,2023-08-19,食品
U02283,FB002284,4,还不错，基本满意。,2024-02-02,食品
U02284,FB002285,5,非常满意，产品很好用！,2023-03-06,3C数码
U02285,FB002286,5,非常满意，产品很好用！,2023-05-08,3C数码
U02286,FB002287,5,非常满意，产品很好用！,2024-09-22,服饰
U02287,FB002288,2,不太满意，需要改善。,2023-05-25,3C数码
U02288,FB002289,4,还不错，基本满意。,2023-07-27,食品
U02289,FB002290,5,非常满意，产品很好用！,2023-05-15,服饰
U02290,FB002291,5,非常满意，产品很好用！,2023-07-29,3C数码
U02291,FB002292,4,还不错，基本满意。,2023-11-30,服饰
U02292,FB002293,4,还不错，基本满意。,2023-06-10,家居
U02293,FB002294,5,非常满意，产品很好用！,2024-04-22,美妆
U02294,FB002295,3,一般般，有待改进。,2023-02-14,3C数码
U02295,FB002296,5,非常满意，产品很好用！,2024-05-27,美妆
U02296,FB002297,4,还不错，基本满意。,2024-12-10,食品
U02297,FB002298,5,非常满意，产品很好用！,2024-01-01,食品
U02298,FB002299,5,非常满意，产品很好用！,2023-12-11,食品
U02299,FB002300,5,非常满意，产品很好用！,2024-12-27,家居
U02300,FB002301,4,还不错，基本满意。,2024-11-30,3C数码
U02301,FB002302,1,非常不满意，体验很差。,2024-11-17,服饰
U02302,FB002303,3,一般般，有待改进。,2024-04-19,家居
U02303,FB002304,5,非常满意，产品很好用！,2024-03-11,食品
U02304,FB002305,1,非常不满意，体验很差。,2023-06-11,美妆
U02305,FB002306,4,还不错，基本满意。,2023-11-22,服饰
U02306,FB002307,5,非常满意，产品很好用！,2024-10-07,美妆
U02307,FB002308,4,还不错，基本满意。,2023-08-11,服饰
U02308,FB002309,5,非常满意，产品很好用！,2023-07-07,美妆
U02309,FB002310,2,不太满意，需要改善。,2024-08-14,家居
U02310,FB002311,3,一般般，有待改进。,2023-04-30,3C数码
U02311,FB002312,3,一般般，有待改进。,2024-12-28,家居
U02312,FB002313,5,非常满意，产品很好用！,2023-11-06,美妆
U02313,FB002314,4,还不错，基本满意。,2023-08-26,食品
U02314,FB002315,3,一般般，有待改进。,2024-04-28,服饰
U02315,FB002316,5,非常满意，产品很好用！,2023-07-02,3C数码
U02316,FB002317,5,非常满意，产品很好用！,2024-05-27,食品
U02317,FB002318,5,非常满意，产品很好用！,2024-12-21,3C数码
U02318,FB002319,4,还不错，基本满意。,2023-10-01,3C数码
U02319,FB002320,3,一般般，有待改进。,2024-04-16,服饰
U02320,FB002321,2,不太满意，需要改善。,2024-12-17,服饰
U02321,FB002322,5,非常满意，产品很好用！,2023-03-03,美妆
U02322,FB002323,4,还不错，基本满意。,2024-07-01,家居
U02323,FB002324,4,还不错，基本满意。,2023-05-03,服饰
U02324,FB002325,1,非常不满意，体验很差。,2023-04-26,美妆
U02325,FB002326,4,还不错，基本满意。,2024-02-23,食品
U02326,FB002327,2,不太满意，需要改善。,2024-01-24,食品
U02327,FB002328,5,非常满意，产品很好用！,2024-12-05,美妆
U02328,FB002329,4,还不错，基本满意。,2024-01-10,家居
U02329,FB002330,4,还不错，基本满意。,2023-12-04,家居
U02330,FB002331,5,非常满意，产品很好用！,2023-12-22,3C数码
U02331,FB002332,4,还不错，基本满意。,2024-04-24,食品
U02332,FB002333,5,非常满意，产品很好用！,2024-07-08,家居
U02333,FB002334,1,非常不满意，体验很差。,2024-11-24,服饰
U02334,FB002335,5,非常满意，产品很好用！,2024-11-08,食品
U02335,FB002336,5,非常满意，产品很好用！,2024-02-20,家居
U02336,FB002337,5,非常满意，产品很好用！,2024-04-27,美妆
U02337,FB002338,5,非常满意，产品很好用！,2023-08-27,3C数码
U02338,FB002339,2,不太满意，需要改善。,2023-05-02,家居
U02339,FB002340,3,一般般，有待改进。,2024-09-11,家居
U02340,FB002341,5,非常满意，产品很好用！,2024-09-13,服饰
U02341,FB002342,2,不太满意，需要改善。,2024-05-28,食品
U02342,FB002343,4,还不错，基本满意。,2024-09-19,食品
U02343,FB002344,5,非常满意，产品很好用！,2024-08-25,家居
U02344,FB002345,2,不太满意，需要改善。,2023-11-17,家居
U02345,FB002346,2,不太满意，需要改善。,2023-09-29,3C数码
U02346,FB002347,4,还不错，基本满意。,2024-09-18,3C数码
U02347,FB002348,5,非常满意，产品很好用！,2023-09-11,3C数码
U02348,FB002349,3,一般般，有待改进。,2023-07-16,服饰
U02349,FB002350,2,不太满意，需要改善。,2023-05-26,美妆
U02350,FB002351,1,非常不满意，体验很差。,2023-03-16,家居
U02351,FB002352,3,一般般，有待改进。,2023-03-31,食品
U02352,FB002353,4,还不错，基本满意。,2023-11-08,家居
U02353,FB002354,3,一般般，有待改进。,2024-08-27,服饰
U02354,FB002355,4,还不错，基本满意。,2024-05-11,服饰
U02355,FB002356,5,非常满意，产品很好用！,2024-05-16,食品
U02356,FB002357,5,非常满意，产品很好用！,2024-06-11,美妆
U02357,FB002358,5,非常满意，产品很好用！,2024-07-27,服饰
U02358,FB002359,3,一般般，有待改进。,2024-10-19,美妆
U02359,FB002360,2,不太满意，需要改善。,2024-11-03,美妆
U02360,FB002361,5,非常满意，产品很好用！,2023-11-06,食品
U02361,FB002362,3,一般般，有待改进。,2024-01-12,食品
U02362,FB002363,5,非常满意，产品很好用！,2023-04-29,3C数码
U02363,FB002364,4,还不错，基本满意。,2024-02-09,服饰
U02364,FB002365,3,一般般，有待改进。,2023-07-05,服饰
U02365,FB002366,5,非常满意，产品很好用！,2024-05-09,食品
U02366,FB002367,3,一般般，有待改进。,2023-06-03,家居
U02367,FB002368,3,一般般，有待改进。,2023-07-16,美妆
U02368,FB002369,2,不太满意，需要改善。,2023-05-31,3C数码
U02369,FB002370,3,一般般，有待改进。,2024-12-22,服饰
U02370,FB002371,5,非常满意，产品很好用！,2023-07-29,食品
U02371,FB002372,1,非常不满意，体验很差。,2023-08-27,家居
U02372,FB002373,4,还不错，基本满意。,2024-03-31,服饰
U02373,FB002374,5,非常满意，产品很好用！,2024-09-23,食品
U02374,FB002375,4,还不错，基本满意。,2023-01-02,3C数码
U02375,FB002376,4,还不错，基本满意。,2023-02-11,3C数码
U02376,FB002377,5,非常满意，产品很好用！,2023-01-14,3C数码
U02377,FB002378,3,一般般，有待改进。,2023-11-14,食品
U02378,FB002379,3,一般般，有待改进。,2024-09-28,3C数码
U02379,FB002380,4,还不错，基本满意。,2024-04-08,美妆
U02380,FB002381,4,还不错，基本满意。,2024-07-06,食品
U02381,FB002382,2,不太满意，需要改善。,2024-10-10,3C数码
U02382,FB002383,3,一般般，有待改进。,2023-07-05,家居
U02383,FB002384,4,还不错，基本满意。,2023-04-27,食品
U02384,FB002385,4,还不错，基本满意。,2023-09-23,3C数码
U02385,FB002386,3,一般般，有待改进。,2024-10-30,服饰
U02386,FB002387,4,还不错，基本满意。,2023-10-14,服饰
U02387,FB002388,5,非常满意，产品很好用！,2023-02-17,美妆
U02388,FB002389,5,非常满意，产品很好用！,2024-12-27,服饰
U02389,FB002390,4,还不错，基本满意。,2024-05-21,服饰
U02390,FB002391,5,非常满意，产品很好用！,2024-05-30,家居
U02391,FB002392,3,一般般，有待改进。,2024-09-16,服饰
U02392,FB002393,1,非常不满意，体验很差。,2024-05-01,美妆
U02393,FB002394,4,还不错，基本满意。,2024-02-01,家居
U02394,FB002395,5,非常满意，产品很好用！,2024-02-29,服饰
U02395,FB002396,3,一般般，有待改进。,2024-06-12,食品
U02396,FB002397,5,非常满意，产品很好用！,2024-01-04,服饰
U02397,FB002398,5,非常满意，产品很好用！,2023-11-25,3C数码
U02398,FB002399,4,还不错，基本满意。,2024-10-31,食品
U02399,FB002400,3,一般般，有待改进。,2024-12-07,家居
U02400,FB002401,4,还不错，基本满意。,2023-08-03,美妆
U02401,FB002402,5,非常满意，产品很好用！,2024-06-01,家居
U02402,FB002403,5,非常满意，产品很好用！,2023-12-09,美妆
U02403,FB002404,1,非常不满意，体验很差。,2023-09-16,美妆
U02404,FB002405,3,一般般，有待改进。,2024-02-23,美妆
U02405,FB002406,5,非常满意，产品很好用！,2023-09-27,美妆
U02406,FB002407,4,还不错，基本满意。,2023-06-17,家居
U02407,FB002408,4,还不错，基本满意。,2023-02-12,美妆
U02408,FB002409,1,非常不满意，体验很差。,2023-09-09,食品
U02409,FB002410,3,一般般，有待改进。,2023-09-17,美妆
U02410,FB002411,2,不太满意，需要改善。,2023-08-15,食品
U02411,FB002412,4,还不错，基本满意。,2024-10-09,美妆
U02412,FB002413,5,非常满意，产品很好用！,2023-11-12,3C数码
U02413,FB002414,2,不太满意，需要改善。,2023-01-20,服饰
U02414,FB002415,5,非常满意，产品很好用！,2023-01-24,家居
U02415,FB002416,1,非常不满意，体验很差。,2024-02-02,美妆
U02416,FB002417,4,还不错，基本满意。,2024-06-18,服饰
U02417,FB002418,4,还不错，基本满意。,2023-11-28,3C数码
U02418,FB002419,4,还不错，基本满意。,2024-12-25,家居
U02419,FB002420,5,非常满意，产品很好用！,2024-03-14,食品
U02420,FB002421,3,一般般，有待改进。,2023-05-04,美妆
U02421,FB002422,5,非常满意，产品很好用！,2024-04-19,美妆
U02422,FB002423,5,非常满意，产品很好用！,2024-11-13,美妆
U02423,FB002424,4,还不错，基本满意。,2023-01-05,服饰
U02424,FB002425,2,不太满意，需要改善。,2023-05-25,3C数码
U02425,FB002426,2,不太满意，需要改善。,2024-06-27,家居
U02426,FB002427,5,非常满意，产品很好用！,2023-10-23,3C数码
U02427,FB002428,1,非常不满意，体验很差。,2023-02-10,家居
U02428,FB002429,4,还不错，基本满意。,2024-03-30,家居
U02429,FB002430,4,还不错，基本满意。,2023-03-02,家居
U02430,FB002431,5,非常满意，产品很好用！,2023-03-08,食品
U02431,FB002432,3,一般般，有待改进。,2024-03-23,家居
U02432,FB002433,3,一般般，有待改进。,2023-09-25,服饰
U02433,FB002434,1,非常不满意，体验很差。,2023-04-28,美妆
U02434,FB002435,4,还不错，基本满意。,2024-05-12,食品
U02435,FB002436,4,还不错，基本满意。,2023-02-18,美妆
U02436,FB002437,5,非常满意，产品很好用！,2024-07-18,服饰
U02437,FB002438,4,还不错，基本满意。,2024-06-08,家居
U02438,FB002439,5,非常满意，产品很好用！,2023-01-25,服饰
U02439,FB002440,3,一般般，有待改进。,2023-06-28,家居
U02440,FB002441,3,一般般，有待改进。,2023-05-27,3C数码
U02441,FB002442,3,一般般，有待改进。,2024-08-28,家居
U02442,FB002443,3,一般般，有待改进。,2024-06-22,服饰
U02443,FB002444,4,还不错，基本满意。,2024-12-11,服饰
U02444,FB002445,2,不太满意，需要改善。,2023-04-11,食品
U02445,FB002446,4,还不错，基本满意。,2023-07-05,3C数码
U02446,FB002447,5,非常满意，产品很好用！,2023-08-27,3C数码
U02447,FB002448,2,不太满意，需要改善。,2024-07-04,服饰
U02448,FB002449,3,一般般，有待改进。,2024-09-06,3C数码
U02449,FB002450,3,一般般，有待改进。,2024-06-23,食品
U02450,FB002451,5,非常满意，产品很好用！,2023-06-17,食品
U02451,FB002452,5,非常满意，产品很好用！,2024-10-23,3C数码
U02452,FB002453,4,还不错，基本满意。,2024-04-18,食品
U02453,FB002454,4,还不错，基本满意。,2023-11-11,家居
U02454,FB002455,4,还不错，基本满意。,2024-01-30,食品
U02455,FB002456,5,非常满意，产品很好用！,2024-11-16,美妆
U02456,FB002457,5,非常满意，产品很好用！,2024-03-17,服饰
U02457,FB002458,3,一般般，有待改进。,2024-01-15,3C数码
U02458,FB002459,4,还不错，基本满意。,2023-12-25,服饰
U02459,FB002460,5,非常满意，产品很好用！,2023-02-19,3C数码
U02460,FB002461,5,非常满意，产品很好用！,2024-03-08,家居
U02461,FB002462,5,非常满意，产品很好用！,2024-11-12,美妆
U02462,FB002463,5,非常满意，产品很好用！,2024-02-01,食品
U02463,FB002464,4,还不错，基本满意。,2023-07-15,家居
U02464,FB002465,4,还不错，基本满意。,2023-06-18,服饰
U02465,FB002466,1,非常不满意，体验很差。,2024-08-23,服饰
U02466,FB002467,5,非常满意，产品很好用！,2024-01-01,食品
U02467,FB002468,3,一般般，有待改进。,2023-09-25,美妆
U02468,FB002469,5,非常满意，产品很好用！,2024-01-22,3C数码
U02469,FB002470,4,还不错，基本满意。,2024-07-26,家居
U02470,FB002471,4,还不错，基本满意。,2023-09-03,服饰
U02471,FB002472,3,一般般，有待改进。,2023-05-24,食品
U02472,FB002473,5,非常满意，产品很好用！,2023-10-31,服饰
U02473,FB002474,3,一般般，有待改进。,2024-03-03,家居
U02474,FB002475,4,还不错，基本满意。,2023-12-29,服饰
U02475,FB002476,3,一般般，有待改进。,2023-05-28,食品
U02476,FB002477,4,还不错，基本满意。,2023-11-22,食品
U02477,FB002478,3,一般般，有待改进。,2024-04-15,美妆
U02478,FB002479,3,一般般，有待改进。,2024-08-05,3C数码
U02479,FB002480,3,一般般，有待改进。,2023-05-26,服饰
U02480,FB002481,5,非常满意，产品很好用！,2024-03-29,家居
U02481,FB002482,4,还不错，基本满意。,2023-06-24,美妆
U02482,FB002483,4,还不错，基本满意。,2023-11-08,家居
U02483,FB002484,5,非常满意，产品很好用！,2024-03-19,3C数码
U02484,FB002485,3,一般般，有待改进。,2023-02-12,食品
U02485,FB002486,4,还不错，基本满意。,2023-04-21,美妆
U02486,FB002487,3,一般般，有待改进。,2024-08-27,3C数码
U02487,FB002488,3,一般般，有待改进。,2023-08-21,美妆
U02488,FB002489,4,还不错，基本满意。,2024-05-17,家居
U02489,FB002490,4,还不错，基本满意。,2023-10-06,3C数码
U02490,FB002491,5,非常满意，产品很好用！,2024-11-09,3C数码
U02491,FB002492,5,非常满意，产品很好用！,2024-09-11,美妆
U02492,FB002493,4,还不错，基本满意。,2023-04-02,食品
U02493,FB002494,3,一般般，有待改进。,2024-07-09,家居
U02494,FB002495,4,还不错，基本满意。,2024-09-05,3C数码
U02495,FB002496,4,还不错，基本满意。,2023-03-19,食品
U02496,FB002497,4,还不错，基本满意。,2024-08-19,3C数码
U02497,FB002498,2,不太满意，需要改善。,2023-11-14,家居
U02498,FB002499,2,不太满意，需要改善。,2024-04-10,美妆
U02499,FB002500,5,非常满意，产品很好用！,2023-10-01,服饰
U02500,FB002501,5,非常满意，产品很好用！,2024-10-17,食品
U02501,FB002502,3,一般般，有待改进。,2023-01-10,3C数码
U02502,FB002503,5,非常满意，产品很好用！,2024-10-01,服饰
U02503,FB002504,4,还不错，基本满意。,2023-02-13,服饰
U02504,FB002505,5,非常满意，产品很好用！,2024-04-20,3C数码
U02505,FB002506,5,非常满意，产品很好用！,2024-04-11,美妆
U02506,FB002507,3,一般般，有待改进。,2024-02-19,家居
U02507,FB002508,4,还不错，基本满意。,2023-04-05,食品
U02508,FB002509,4,还不错，基本满意。,2023-08-08,食品
U02509,FB002510,4,还不错，基本满意。,2024-10-08,家居
U02510,FB002511,4,还不错，基本满意。,2023-10-14,3C数码
U02511,FB002512,5,非常满意，产品很好用！,2024-10-26,家居
U02512,FB002513,5,非常满意，产品很好用！,2023-08-04,3C数码
U02513,FB002514,3,一般般，有待改进。,2024-12-01,美妆
U02514,FB002515,5,非常满意，产品很好用！,2024-12-14,服饰
U02515,FB002516,5,非常满意，产品很好用！,2024-10-07,食品
U02516,FB002517,4,还不错，基本满意。,2024-07-07,食品
U02517,FB002518,5,非常满意，产品很好用！,2024-05-03,食品
U02518,FB002519,4,还不错，基本满意。,2023-11-21,3C数码
U02519,FB002520,5,非常满意，产品很好用！,2024-08-05,服饰
U02520,FB002521,4,还不错，基本满意。,2023-11-19,食品
U02521,FB002522,2,不太满意，需要改善。,2023-01-31,食品
U02522,FB002523,4,还不错，基本满意。,2024-04-24,家居
U02523,FB002524,2,不太满意，需要改善。,2024-12-29,家居
U02524,FB002525,5,非常满意，产品很好用！,2024-07-28,3C数码
U02525,FB002526,2,不太满意，需要改善。,2023-06-26,家居
U02526,FB002527,4,还不错，基本满意。,2023-07-19,食品
U02527,FB002528,5,非常满意，产品很好用！,2023-08-07,食品
U02528,FB002529,3,一般般，有待改进。,2023-10-11,美妆
U02529,FB002530,2,不太满意，需要改善。,2024-10-08,家居
U02530,FB002531,3,一般般，有待改进。,2023-04-15,美妆
U02531,FB002532,2,不太满意，需要改善。,2024-08-28,3C数码
U02532,FB002533,2,不太满意，需要改善。,2024-02-23,服饰
U02533,FB002534,5,非常满意，产品很好用！,2023-10-26,服饰
U02534,FB002535,2,不太满意，需要改善。,2024-03-08,服饰
U02535,FB002536,5,非常满意，产品很好用！,2024-11-21,家居
U02536,FB002537,5,非常满意，产品很好用！,2023-07-25,3C数码
U02537,FB002538,2,不太满意，需要改善。,2024-09-06,服饰
U02538,FB002539,5,非常满意，产品很好用！,2023-04-22,美妆
U02539,FB002540,4,还不错，基本满意。,2024-08-06,美妆
U02540,FB002541,4,还不错，基本满意。,2023-07-27,食品
U02541,FB002542,5,非常满意，产品很好用！,2024-04-27,食品
U02542,FB002543,2,不太满意，需要改善。,2024-04-17,食品
U02543,FB002544,2,不太满意，需要改善。,2024-09-29,3C数码
U02544,FB002545,5,非常满意，产品很好用！,2023-04-11,家居
U02545,FB002546,5,非常满意，产品很好用！,2023-06-17,3C数码
U02546,FB002547,4,还不错，基本满意。,2023-01-07,家居
U02547,FB002548,3,一般般，有待改进。,2024-10-14,家居
U02548,FB002549,5,非常满意，产品很好用！,2023-03-26,食品
U02549,FB002550,3,一般般，有待改进。,2024-01-16,家居
U02550,FB002551,3,一般般，有待改进。,2023-06-10,3C数码
U02551,FB002552,3,一般般，有待改进。,2023-10-10,服饰
U02552,FB002553,3,一般般，有待改进。,2024-07-17,食品
U02553,FB002554,2,不太满意，需要改善。,2024-04-03,家居
U02554,FB002555,3,一般般，有待改进。,2024-10-03,食品
U02555,FB002556,3,一般般，有待改进。,2023-09-26,服饰
U02556,FB002557,5,非常满意，产品很好用！,2024-02-24,美妆
U02557,FB002558,1,非常不满意，体验很差。,2023-07-31,家居
U02558,FB002559,2,不太满意，需要改善。,2023-08-06,服饰
U02559,FB002560,5,非常满意，产品很好用！,2024-06-07,美妆
U02560,FB002561,5,非常满意，产品很好用！,2024-04-07,服饰
U02561,FB002562,2,不太满意，需要改善。,2023-02-28,美妆
U02562,FB002563,3,一般般，有待改进。,2023-09-05,食品
U02563,FB002564,5,非常满意，产品很好用！,2023-03-24,食品
U02564,FB002565,5,非常满意，产品很好用！,2024-07-13,美妆
U02565,FB002566,5,非常满意，产品很好用！,2023-01-11,服饰
U02566,FB002567,5,非常满意，产品很好用！,2024-05-06,服饰
U02567,FB002568,3,一般般，有待改进。,2024-12-04,美妆
U02568,FB002569,5,非常满意，产品很好用！,2024-10-04,3C数码
U02569,FB002570,3,一般般，有待改进。,2024-10-25,食品
U02570,FB002571,4,还不错，基本满意。,2024-08-03,家居
U02571,FB002572,3,一般般，有待改进。,2023-04-02,3C数码
U02572,FB002573,3,一般般，有待改进。,2023-09-20,服饰
U02573,FB002574,5,非常满意，产品很好用！,2023-10-28,家居
U02574,FB002575,3,一般般，有待改进。,2024-03-10,家居
U02575,FB002576,3,一般般，有待改进。,2023-04-30,服饰
U02576,FB002577,1,非常不满意，体验很差。,2024-01-26,家居
U02577,FB002578,5,非常满意，产品很好用！,2024-11-18,家居
U02578,FB002579,1,非常不满意，体验很差。,2024-05-29,服饰
U02579,FB002580,2,不太满意，需要改善。,2024-07-17,美妆
U02580,FB002581,3,一般般，有待改进。,2024-05-31,家居
U02581,FB002582,5,非常满意，产品很好用！,2024-01-27,服饰
U02582,FB002583,4,还不错，基本满意。,2023-09-13,美妆
U02583,FB002584,5,非常满意，产品很好用！,2023-02-16,美妆
U02584,FB002585,4,还不错，基本满意。,2023-02-26,家居
U02585,FB002586,4,还不错，基本满意。,2023-04-19,3C数码
U02586,FB002587,4,还不错，基本满意。,2023-02-20,美妆
U02587,FB002588,5,非常满意，产品很好用！,2023-05-17,食品
U02588,FB002589,4,还不错，基本满意。,2024-01-24,美妆
U02589,FB002590,4,还不错，基本满意。,2024-10-12,服饰
U02590,FB002591,4,还不错，基本满意。,2023-12-14,食品
U02591,FB002592,3,一般般，有待改进。,2024-07-02,美妆
U02592,FB002593,5,非常满意，产品很好用！,2023-09-11,3C数码
U02593,FB002594,5,非常满意，产品很好用！,2023-04-27,服饰
U02594,FB002595,4,还不错，基本满意。,2024-01-14,家居
U02595,FB002596,5,非常满意，产品很好用！,2024-07-03,食品
U02596,FB002597,4,还不错，基本满意。,2023-10-07,3C数码
U02597,FB002598,3,一般般，有待改进。,2023-07-14,服饰
U02598,FB002599,3,一般般，有待改进。,2023-03-31,服饰
U02599,FB002600,4,还不错，基本满意。,2024-04-13,3C数码
U02600,FB002601,4,还不错，基本满意。,2024-03-28,家居
U02601,FB002602,4,还不错，基本满意。,2024-11-10,3C数码
U02602,FB002603,5,非常满意，产品很好用！,2024-09-06,3C数码
U02603,FB002604,5,非常满意，产品很好用！,2024-01-17,美妆
U02604,FB002605,3,一般般，有待改进。,2024-08-20,美妆
U02605,FB002606,3,一般般，有待改进。,2023-07-11,家居
U02606,FB002607,2,不太满意，需要改善。,2024-09-25,美妆
U02607,FB002608,1,非常不满意，体验很差。,2024-05-01,服饰
U02608,FB002609,4,还不错，基本满意。,2023-04-28,食品
U02609,FB002610,3,一般般，有待改进。,2024-05-13,家居
U02610,FB002611,2,不太满意，需要改善。,2024-11-04,3C数码
U02611,FB002612,3,一般般，有待改进。,2023-11-30,3C数码
U02612,FB002613,2,不太满意，需要改善。,2023-05-26,美妆
U02613,FB002614,2,不太满意，需要改善。,2023-05-05,美妆
U02614,FB002615,3,一般般，有待改进。,2023-03-03,3C数码
U02615,FB002616,3,一般般，有待改进。,2024-10-05,美妆
U02616,FB002617,2,不太满意，需要改善。,2023-08-18,服饰
U02617,FB002618,1,非常不满意，体验很差。,2024-03-08,家居
U02618,FB002619,5,非常满意，产品很好用！,2023-06-22,食品
U02619,FB002620,3,一般般，有待改进。,2023-01-27,家居
U02620,FB002621,5,非常满意，产品很好用！,2023-01-10,服饰
U02621,FB002622,3,一般般，有待改进。,2024-06-26,美妆
U02622,FB002623,3,一般般，有待改进。,2023-06-29,美妆
U02623,FB002624,3,一般般，有待改进。,2024-01-19,食品
U02624,FB002625,3,一般般，有待改进。,2023-11-28,服饰
U02625,FB002626,4,还不错，基本满意。,2024-09-19,服饰
U02626,FB002627,3,一般般，有待改进。,2023-04-19,3C数码
U02627,FB002628,4,还不错，基本满意。,2023-10-03,美妆
U02628,FB002629,4,还不错，基本满意。,2023-03-05,食品
U02629,FB002630,5,非常满意，产品很好用！,2023-12-09,服饰
U02630,FB002631,4,还不错，基本满意。,2023-01-23,家居
U02631,FB002632,2,不太满意，需要改善。,2023-04-09,服饰
U02632,FB002633,4,还不错，基本满意。,2024-04-18,家居
U02633,FB002634,2,不太满意，需要改善。,2024-01-25,服饰
U02634,FB002635,5,非常满意，产品很好用！,2023-02-06,服饰
U02635,FB002636,3,一般般，有待改进。,2023-07-04,3C数码
U02636,FB002637,5,非常满意，产品很好用！,2023-10-07,美妆
U02637,FB002638,5,非常满意，产品很好用！,2023-02-20,家居
U02638,FB002639,4,还不错，基本满意。,2024-05-13,美妆
U02639,FB002640,5,非常满意，产品很好用！,2024-04-11,服饰
U02640,FB002641,4,还不错，基本满意。,2023-02-02,家居
U02641,FB002642,5,非常满意，产品很好用！,2023-05-31,3C数码
U02642,FB002643,3,一般般，有待改进。,2024-01-19,美妆
U02643,FB002644,5,非常满意，产品很好用！,2024-11-28,3C数码
U02644,FB002645,4,还不错，基本满意。,2023-08-10,3C数码
U02645,FB002646,5,非常满意，产品很好用！,2024-12-17,食品
U02646,FB002647,5,非常满意，产品很好用！,2023-02-02,美妆
U02647,FB002648,5,非常满意，产品很好用！,2023-04-30,家居
U02648,FB002649,3,一般般，有待改进。,2024-03-24,美妆
U02649,FB002650,2,不太满意，需要改善。,2024-11-25,美妆
U02650,FB002651,1,非常不满意，体验很差。,2024-05-12,服饰
U02651,FB002652,2,不太满意，需要改善。,2024-03-06,服饰
U02652,FB002653,2,不太满意，需要改善。,2024-05-31,家居
U02653,FB002654,4,还不错，基本满意。,2023-04-25,服饰
U02654,FB002655,4,还不错，基本满意。,2024-09-20,服饰
U02655,FB002656,5,非常满意，产品很好用！,2024-07-01,3C数码
U02656,FB002657,5,非常满意，产品很好用！,2023-04-08,服饰
U02657,FB002658,5,非常满意，产品很好用！,2023-07-05,服饰
U02658,FB002659,2,不太满意，需要改善。,2024-10-20,食品
U02659,FB002660,3,一般般，有待改进。,2023-04-01,美妆
U02660,FB002661,4,还不错，基本满意。,2024-08-20,食品
U02661,FB002662,4,还不错，基本满意。,2024-01-29,食品
U02662,FB002663,4,还不错，基本满意。,2024-09-28,3C数码
U02663,FB002664,3,一般般，有待改进。,2024-07-29,服饰
U02664,FB002665,5,非常满意，产品很好用！,2023-06-18,服饰
U02665,FB002666,4,还不错，基本满意。,2023-06-07,美妆
U02666,FB002667,4,还不错，基本满意。,2023-10-06,家居
U02667,FB002668,3,一般般，有待改进。,2023-12-24,食品
U02668,FB002669,3,一般般，有待改进。,2023-01-11,食品
U02669,FB002670,4,还不错，基本满意。,2024-07-06,3C数码
U02670,FB002671,3,一般般，有待改进。,2023-07-09,家居
U02671,FB002672,1,非常不满意，体验很差。,2024-04-11,食品
U02672,FB002673,4,还不错，基本满意。,2023-05-31,家居
U02673,FB002674,5,非常满意，产品很好用！,2023-12-28,服饰
U02674,FB002675,2,不太满意，需要改善。,2024-11-29,食品
U02675,FB002676,4,还不错，基本满意。,2023-02-20,食品
U02676,FB002677,5,非常满意，产品很好用！,2024-08-03,美妆
U02677,FB002678,4,还不错，基本满意。,2023-05-02,家居
U02678,FB002679,4,还不错，基本满意。,2024-03-26,3C数码
U02679,FB002680,3,一般般，有待改进。,2024-01-18,家居
U02680,FB002681,4,还不错，基本满意。,2024-09-15,家居
U02681,FB002682,5,非常满意，产品很好用！,2024-04-23,3C数码
U02682,FB002683,5,非常满意，产品很好用！,2024-09-09,服饰
U02683,FB002684,3,一般般，有待改进。,2023-04-19,美妆
U02684,FB002685,3,一般般，有待改进。,2023-12-14,美妆
U02685,FB002686,5,非常满意，产品很好用！,2024-02-01,服饰
U02686,FB002687,5,非常满意，产品很好用！,2024-05-18,3C数码
U02687,FB002688,2,不太满意，需要改善。,2023-11-23,美妆
U02688,FB002689,5,非常满意，产品很好用！,2024-04-29,服饰
U02689,FB002690,2,不太满意，需要改善。,2023-04-03,食品
U02690,FB002691,3,一般般，有待改进。,2024-03-20,食品
U02691,FB002692,4,还不错，基本满意。,2024-11-08,服饰
U02692,FB002693,4,还不错，基本满意。,2024-06-04,美妆
U02693,FB002694,5,非常满意，产品很好用！,2023-04-27,美妆
U02694,FB002695,4,还不错，基本满意。,2023-06-15,服饰
U02695,FB002696,2,不太满意，需要改善。,2024-04-16,服饰
U02696,FB002697,3,一般般，有待改进。,2023-07-26,美妆
U02697,FB002698,2,不太满意，需要改善。,2023-12-28,3C数码
U02698,FB002699,3,一般般，有待改进。,2024-04-12,食品
U02699,FB002700,4,还不错，基本满意。,2024-02-12,服饰
U02700,FB002701,5,非常满意，产品很好用！,2024-03-25,服饰
U02701,FB002702,5,非常满意，产品很好用！,2024-01-06,服饰
U02702,FB002703,5,非常满意，产品很好用！,2024-11-21,美妆
U02703,FB002704,5,非常满意，产品很好用！,2023-02-28,3C数码
U02704,FB002705,5,非常满意，产品很好用！,2024-01-14,3C数码
U02705,FB002706,5,非常满意，产品很好用！,2023-10-10,家居
U02706,FB002707,5,非常满意，产品很好用！,2023-12-26,美妆
U02707,FB002708,4,还不错，基本满意。,2024-03-23,美妆
U02708,FB002709,3,一般般，有待改进。,2023-09-04,服饰
U02709,FB002710,5,非常满意，产品很好用！,2024-03-29,3C数码
U02710,FB002711,5,非常满意，产品很好用！,2024-03-02,家居
U02711,FB002712,5,非常满意，产品很好用！,2024-11-18,服饰
U02712,FB002713,2,不太满意，需要改善。,2024-01-29,服饰
U02713,FB002714,3,一般般，有待改进。,2024-02-24,家居
U02714,FB002715,4,还不错，基本满意。,2024-10-17,食品
U02715,FB002716,3,一般般，有待改进。,2023-11-13,食品
U02716,FB002717,3,一般般，有待改进。,2024-06-27,美妆
U02717,FB002718,4,还不错，基本满意。,2023-02-25,3C数码
U02718,FB002719,5,非常满意，产品很好用！,2024-05-15,服饰
U02719,FB002720,2,不太满意，需要改善。,2023-07-22,服饰
U02720,FB002721,3,一般般，有待改进。,2023-07-30,食品
U02721,FB002722,5,非常满意，产品很好用！,2024-12-29,家居
U02722,FB002723,5,非常满意，产品很好用！,2023-12-10,服饰
U02723,FB002724,3,一般般，有待改进。,2024-03-23,美妆
U02724,FB002725,3,一般般，有待改进。,2024-11-12,美妆
U02725,FB002726,4,还不错，基本满意。,2023-02-26,美妆
U02726,FB002727,5,非常满意，产品很好用！,2023-03-24,服饰
U02727,FB002728,3,一般般，有待改进。,2024-05-30,服饰
U02728,FB002729,3,一般般，有待改进。,2024-01-29,家居
U02729,FB002730,4,还不错，基本满意。,2024-10-10,食品
U02730,FB002731,4,还不错，基本满意。,2023-10-09,服饰
U02731,FB002732,5,非常满意，产品很好用！,2024-02-29,食品
U02732,FB002733,5,非常满意，产品很好用！,2024-08-08,服饰
U02733,FB002734,5,非常满意，产品很好用！,2024-03-31,3C数码
U02734,FB002735,4,还不错，基本满意。,2024-06-17,服饰
U02735,FB002736,3,一般般，有待改进。,2024-10-29,美妆
U02736,FB002737,5,非常满意，产品很好用！,2023-11-15,食品
U02737,FB002738,3,一般般，有待改进。,2023-01-14,美妆
U02738,FB002739,5,非常满意，产品很好用！,2023-03-03,服饰
U02739,FB002740,5,非常满意，产品很好用！,2023-10-02,食品
U02740,FB002741,2,不太满意，需要改善。,2024-01-30,3C数码
U02741,FB002742,5,非常满意，产品很好用！,2024-12-09,家居
U02742,FB002743,4,还不错，基本满意。,2023-11-10,美妆
U02743,FB002744,3,一般般，有待改进。,2024-03-01,3C数码
U02744,FB002745,5,非常满意，产品很好用！,2023-06-14,美妆
U02745,FB002746,4,还不错，基本满意。,2023-12-05,食品
U02746,FB002747,4,还不错，基本满意。,2024-02-19,家居
U02747,FB002748,4,还不错，基本满意。,2024-02-01,美妆
U02748,FB002749,3,一般般，有待改进。,2024-05-21,3C数码
U02749,FB002750,3,一般般，有待改进。,2024-11-22,食品
U02750,FB002751,5,非常满意，产品很好用！,2023-08-22,家居
U02751,FB002752,5,非常满意，产品很好用！,2024-04-15,美妆
U02752,FB002753,5,非常满意，产品很好用！,2024-10-24,食品
U02753,FB002754,5,非常满意，产品很好用！,2024-07-01,3C数码
U02754,FB002755,5,非常满意，产品很好用！,2024-04-12,食品
U02755,FB002756,4,还不错，基本满意。,2024-04-10,食品
U02756,FB002757,3,一般般，有待改进。,2024-01-22,家居
U02757,FB002758,5,非常满意，产品很好用！,2024-03-29,食品
U02758,FB002759,4,还不错，基本满意。,2023-12-29,3C数码
U02759,FB002760,2,不太满意，需要改善。,2023-05-02,家居
U02760,FB002761,5,非常满意，产品很好用！,2023-08-17,美妆
U02761,FB002762,5,非常满意，产品很好用！,2024-04-08,家居
U02762,FB002763,4,还不错，基本满意。,2024-01-31,食品
U02763,FB002764,5,非常满意，产品很好用！,2024-05-17,家居
U02764,FB002765,4,还不错，基本满意。,2024-10-07,食品
U02765,FB002766,4,还不错，基本满意。,2024-09-14,食品
U02766,FB002767,5,非常满意，产品很好用！,2023-02-27,食品
U02767,FB002768,1,非常不满意，体验很差。,2023-02-14,3C数码
U02768,FB002769,5,非常满意，产品很好用！,2023-02-05,美妆
U02769,FB002770,4,还不错，基本满意。,2024-11-16,食品
U02770,FB002771,4,还不错，基本满意。,2024-09-01,食品
U02771,FB002772,3,一般般，有待改进。,2024-11-04,3C数码
U02772,FB002773,2,不太满意，需要改善。,2023-06-30,服饰
U02773,FB002774,4,还不错，基本满意。,2024-06-30,服饰
U02774,FB002775,4,还不错，基本满意。,2023-09-28,3C数码
U02775,FB002776,5,非常满意，产品很好用！,2023-08-10,家居
U02776,FB002777,1,非常不满意，体验很差。,2023-01-22,美妆
U02777,FB002778,4,还不错，基本满意。,2024-02-21,美妆
U02778,FB002779,5,非常满意，产品很好用！,2023-04-20,食品
U02779,FB002780,3,一般般，有待改进。,2024-01-23,服饰
U02780,FB002781,5,非常满意，产品很好用！,2024-01-03,食品
U02781,FB002782,5,非常满意，产品很好用！,2023-03-22,食品
U02782,FB002783,4,还不错，基本满意。,2023-09-28,美妆
U02783,FB002784,3,一般般，有待改进。,2024-12-14,服饰
U02784,FB002785,4,还不错，基本满意。,2024-08-08,3C数码
U02785,FB002786,3,一般般，有待改进。,2023-06-14,3C数码
U02786,FB002787,4,还不错，基本满意。,2024-03-19,服饰
U02787,FB002788,4,还不错，基本满意。,2024-10-21,3C数码
U02788,FB002789,5,非常满意，产品很好用！,2023-04-14,家居
U02789,FB002790,2,不太满意，需要改善。,2023-03-20,服饰
U02790,FB002791,3,一般般，有待改进。,2023-10-25,美妆
U02791,FB002792,2,不太满意，需要改善。,2024-09-03,家居
U02792,FB002793,4,还不错，基本满意。,2024-04-18,服饰
U02793,FB002794,4,还不错，基本满意。,2024-05-04,美妆
U02794,FB002795,3,一般般，有待改进。,2024-05-21,3C数码
U02795,FB002796,2,不太满意，需要改善。,2024-03-01,食品
U02796,FB002797,4,还不错，基本满意。,2024-02-23,服饰
U02797,FB002798,4,还不错，基本满意。,2023-08-09,3C数码
U02798,FB002799,5,非常满意，产品很好用！,2024-09-22,家居
U02799,FB002800,5,非常满意，产品很好用！,2023-09-02,3C数码
U02800,FB002801,5,非常满意，产品很好用！,2024-10-31,家居
U02801,FB002802,5,非常满意，产品很好用！,2023-03-13,家居
U02802,FB002803,3,一般般，有待改进。,2024-10-13,3C数码
U02803,FB002804,5,非常满意，产品很好用！,2024-01-05,服饰
U02804,FB002805,4,还不错，基本满意。,2023-06-13,服饰
U02805,FB002806,5,非常满意，产品很好用！,2023-03-03,服饰
U02806,FB002807,3,一般般，有待改进。,2024-07-31,家居
U02807,FB002808,2,不太满意，需要改善。,2024-01-26,家居
U02808,FB002809,2,不太满意，需要改善。,2024-10-06,美妆
U02809,FB002810,2,不太满意，需要改善。,2023-10-25,家居
U02810,FB002811,5,非常满意，产品很好用！,2024-11-16,食品
U02811,FB002812,5,非常满意，产品很好用！,2023-05-20,3C数码
U02812,FB002813,5,非常满意，产品很好用！,2023-02-04,美妆
U02813,FB002814,5,非常满意，产品很好用！,2023-08-06,食品
U02814,FB002815,5,非常满意，产品很好用！,2024-03-14,美妆
U02815,FB002816,1,非常不满意，体验很差。,2023-10-20,美妆
U02816,FB002817,4,还不错，基本满意。,2023-12-26,家居
U02817,FB002818,4,还不错，基本满意。,2024-04-26,3C数码
U02818,FB002819,3,一般般，有待改进。,2024-08-26,美妆
U02819,FB002820,4,还不错，基本满意。,2023-02-21,家居
U02820,FB002821,3,一般般，有待改进。,2024-09-24,服饰
U02821,FB002822,3,一般般，有待改进。,2023-10-06,服饰
U02822,FB002823,4,还不错，基本满意。,2024-08-28,食品
U02823,FB002824,3,一般般，有待改进。,2024-08-02,3C数码
U02824,FB002825,5,非常满意，产品很好用！,2023-07-17,服饰
U02825,FB002826,4,还不错，基本满意。,2023-02-09,服饰
U02826,FB002827,5,非常满意，产品很好用！,2024-03-07,美妆
U02827,FB002828,5,非常满意，产品很好用！,2023-06-11,服饰
U02828,FB002829,3,一般般，有待改进。,2023-05-24,3C数码
U02829,FB002830,4,还不错，基本满意。,2024-02-29,3C数码
U02830,FB002831,5,非常满意，产品很好用！,2024-11-27,3C数码
U02831,FB002832,5,非常满意，产品很好用！,2023-03-01,食品
U02832,FB002833,2,不太满意，需要改善。,2023-02-19,食品
U02833,FB002834,3,一般般，有待改进。,2024-05-12,食品
U02834,FB002835,4,还不错，基本满意。,2023-06-20,服饰
U02835,FB002836,5,非常满意，产品很好用！,2023-12-13,食品
U02836,FB002837,4,还不错，基本满意。,2024-11-19,美妆
U02837,FB002838,5,非常满意，产品很好用！,2024-09-27,服饰
U02838,FB002839,1,非常不满意，体验很差。,2023-10-24,3C数码
U02839,FB002840,4,还不错，基本满意。,2024-07-15,美妆
U02840,FB002841,4,还不错，基本满意。,2023-11-17,食品
U02841,FB002842,1,非常不满意，体验很差。,2023-03-27,食品
U02842,FB002843,5,非常满意，产品很好用！,2023-10-15,家居
U02843,FB002844,5,非常满意，产品很好用！,2023-09-22,3C数码
U02844,FB002845,3,一般般，有待改进。,2024-06-23,家居
U02845,FB002846,1,非常不满意，体验很差。,2024-11-02,家居
U02846,FB002847,5,非常满意，产品很好用！,2024-05-01,服饰
U02847,FB002848,4,还不错，基本满意。,2023-04-02,3C数码
U02848,FB002849,4,还不错，基本满意。,2024-04-12,3C数码
U02849,FB002850,5,非常满意，产品很好用！,2023-12-22,3C数码
U02850,FB002851,4,还不错，基本满意。,2023-10-15,服饰
U02851,FB002852,2,不太满意，需要改善。,2023-12-21,美妆
U02852,FB002853,4,还不错，基本满意。,2023-10-28,美妆
U02853,FB002854,4,还不错，基本满意。,2024-07-15,家居
U02854,FB002855,5,非常满意，产品很好用！,2023-03-17,食品
U02855,FB002856,4,还不错，基本满意。,2024-03-22,食品
U02856,FB002857,5,非常满意，产品很好用！,2023-04-30,3C数码
U02857,FB002858,5,非常满意，产品很好用！,2024-02-02,3C数码
U02858,FB002859,3,一般般，有待改进。,2024-03-07,家居
U02859,FB002860,2,不太满意，需要改善。,2024-08-14,3C数码
U02860,FB002861,4,还不错，基本满意。,2023-03-23,3C数码
U02861,FB002862,1,非常不满意，体验很差。,2023-08-23,服饰
U02862,FB002863,2,不太满意，需要改善。,2024-07-19,食品
U02863,FB002864,4,还不错，基本满意。,2023-06-17,家居
U02864,FB002865,5,非常满意，产品很好用！,2023-10-20,3C数码
U02865,FB002866,4,还不错，基本满意。,2024-05-23,3C数码
U02866,FB002867,5,非常满意，产品很好用！,2023-06-05,食品
U02867,FB002868,4,还不错，基本满意。,2024-01-31,3C数码
U02868,FB002869,4,还不错，基本满意。,2024-07-22,3C数码
U02869,FB002870,3,一般般，有待改进。,2023-02-23,美妆
U02870,FB002871,3,一般般，有待改进。,2024-04-06,家居
U02871,FB002872,2,不太满意，需要改善。,2024-02-21,美妆
U02872,FB002873,5,非常满意，产品很好用！,2023-06-09,食品
U02873,FB002874,5,非常满意，产品很好用！,2023-06-21,食品
U02874,FB002875,3,一般般，有待改进。,2023-07-31,美妆
U02875,FB002876,4,还不错，基本满意。,2024-08-01,服饰
U02876,FB002877,3,一般般，有待改进。,2024-05-24,3C数码
U02877,FB002878,4,还不错，基本满意。,2024-10-30,3C数码
U02878,FB002879,5,非常满意，产品很好用！,2024-04-14,食品
U02879,FB002880,3,一般般，有待改进。,2024-10-15,服饰
U02880,FB002881,4,还不错，基本满意。,2024-03-12,美妆
U02881,FB002882,4,还不错，基本满意。,2023-05-24,美妆
U02882,FB002883,4,还不错，基本满意。,2024-06-04,服饰
U02883,FB002884,5,非常满意，产品很好用！,2024-08-06,家居
U02884,FB002885,4,还不错，基本满意。,2023-10-14,家居
U02885,FB002886,3,一般般，有待改进。,2024-10-06,美妆
U02886,FB002887,5,非常满意，产品很好用！,2024-08-26,美妆
U02887,FB002888,3,一般般，有待改进。,2023-09-08,美妆
U02888,FB002889,5,非常满意，产品很好用！,2024-02-29,美妆
U02889,FB002890,5,非常满意，产品很好用！,2024-07-22,食品
U02890,FB002891,3,一般般，有待改进。,2023-09-20,服饰
U02891,FB002892,2,不太满意，需要改善。,2023-07-12,3C数码
U02892,FB002893,4,还不错，基本满意。,2024-01-15,食品
U02893,FB002894,2,不太满意，需要改善。,2024-02-29,美妆
U02894,FB002895,3,一般般，有待改进。,2023-03-21,3C数码
U02895,FB002896,3,一般般，有待改进。,2024-04-14,3C数码
U02896,FB002897,5,非常满意，产品很好用！,2023-12-29,服饰
U02897,FB002898,5,非常满意，产品很好用！,2023-12-05,家居
U02898,FB002899,2,不太满意，需要改善。,2023-06-10,3C数码
U02899,FB002900,3,一般般，有待改进。,2023-12-15,家居
U02900,FB002901,4,还不错，基本满意。,2023-11-26,服饰
U02901,FB002902,1,非常不满意，体验很差。,2023-06-09,家居
U02902,FB002903,2,不太满意，需要改善。,2024-06-28,食品
U02903,FB002904,3,一般般，有待改进。,2024-03-25,食品
U02904,FB002905,4,还不错，基本满意。,2023-08-30,3C数码
U02905,FB002906,2,不太满意，需要改善。,2023-06-22,家居
U02906,FB002907,4,还不错，基本满意。,2024-07-25,3C数码
U02907,FB002908,3,一般般，有待改进。,2023-11-21,美妆
U02908,FB002909,4,还不错，基本满意。,2024-11-29,食品
U02909,FB002910,2,不太满意，需要改善。,2024-06-12,3C数码
U02910,FB002911,5,非常满意，产品很好用！,2024-12-19,家居
U02911,FB002912,3,一般般，有待改进。,2024-01-24,美妆
U02912,FB002913,3,一般般，有待改进。,2023-09-24,3C数码
U02913,FB002914,4,还不错，基本满意。,2023-05-22,食品
U02914,FB002915,5,非常满意，产品很好用！,2024-07-21,3C数码
U02915,FB002916,4,还不错，基本满意。,2023-03-22,3C数码
U02916,FB002917,1,非常不满意，体验很差。,2024-09-05,家居
U02917,FB002918,5,非常满意，产品很好用！,2024-03-30,家居
U02918,FB002919,4,还不错，基本满意。,2023-01-19,服饰
U02919,FB002920,5,非常满意，产品很好用！,2023-06-24,食品
U02920,FB002921,1,非常不满意，体验很差。,2024-10-19,美妆
U02921,FB002922,3,一般般，有待改进。,2024-08-28,食品
U02922,FB002923,4,还不错，基本满意。,2024-08-30,服饰
U02923,FB002924,5,非常满意，产品很好用！,2024-05-11,食品
U02924,FB002925,5,非常满意，产品很好用！,2023-03-26,3C数码
U02925,FB002926,3,一般般，有待改进。,2023-07-13,美妆
U02926,FB002927,5,非常满意，产品很好用！,2023-01-12,服饰
U02927,FB002928,3,一般般，有待改进。,2024-01-28,3C数码
U02928,FB002929,5,非常满意，产品很好用！,2024-10-19,服饰
U02929,FB002930,4,还不错，基本满意。,2024-09-19,美妆
U02930,FB002931,4,还不错，基本满意。,2023-06-25,家居
U02931,FB002932,2,不太满意，需要改善。,2023-04-27,家居
U02932,FB002933,4,还不错，基本满意。,2023-05-27,美妆
U02933,FB002934,3,一般般，有待改进。,2023-07-10,服饰
U02934,FB002935,5,非常满意，产品很好用！,2023-12-10,美妆
U02935,FB002936,2,不太满意，需要改善。,2023-12-06,家居
U02936,FB002937,5,非常满意，产品很好用！,2023-06-11,服饰
U02937,FB002938,3,一般般，有待改进。,2023-03-13,3C数码
U02938,FB002939,5,非常满意，产品很好用！,2023-03-06,3C数码
U02939,FB002940,2,不太满意，需要改善。,2024-09-20,美妆
U02940,FB002941,3,一般般，有待改进。,2023-12-23,3C数码
U02941,FB002942,2,不太满意，需要改善。,2023-02-12,服饰
U02942,FB002943,5,非常满意，产品很好用！,2023-03-10,美妆
U02943,FB002944,4,还不错，基本满意。,2024-05-14,美妆
U02944,FB002945,5,非常满意，产品很好用！,2024-05-04,美妆
U02945,FB002946,5,非常满意，产品很好用！,2023-07-21,3C数码
U02946,FB002947,4,还不错，基本满意。,2023-11-16,服饰
U02947,FB002948,5,非常满意，产品很好用！,2024-01-14,家居
U02948,FB002949,5,非常满意，产品很好用！,2023-04-16,3C数码
U02949,FB002950,3,一般般，有待改进。,2023-07-04,家居
U02950,FB002951,3,一般般，有待改进。,2023-12-04,服饰
U02951,FB002952,5,非常满意，产品很好用！,2023-03-10,美妆
U02952,FB002953,5,非常满意，产品很好用！,2023-07-26,服饰
U02953,FB002954,3,一般般，有待改进。,2024-01-12,3C数码
U02954,FB002955,5,非常满意，产品很好用！,2024-02-04,美妆
U02955,FB002956,4,还不错，基本满意。,2023-09-27,美妆
U02956,FB002957,3,一般般，有待改进。,2024-10-03,家居
U02957,FB002958,1,非常不满意，体验很差。,2024-01-12,食品
U02958,FB002959,1,非常不满意，体验很差。,2023-07-16,3C数码
U02959,FB002960,4,还不错，基本满意。,2024-11-14,美妆
U02960,FB002961,4,还不错，基本满意。,2024-08-15,服饰
U02961,FB002962,4,还不错，基本满意。,2024-04-23,家居
U02962,FB002963,5,非常满意，产品很好用！,2023-05-05,食品
U02963,FB002964,5,非常满意，产品很好用！,2024-04-11,食品
U02964,FB002965,4,还不错，基本满意。,2024-09-04,美妆
U02965,FB002966,4,还不错，基本满意。,2023-01-21,3C数码
U02966,FB002967,5,非常满意，产品很好用！,2024-11-04,家居
U02967,FB002968,5,非常满意，产品很好用！,2024-08-26,家居
U02968,FB002969,5,非常满意，产品很好用！,2024-10-15,家居
U02969,FB002970,3,一般般，有待改进。,2023-07-04,家居
U02970,FB002971,5,非常满意，产品很好用！,2024-12-15,3C数码
U02971,FB002972,5,非常满意，产品很好用！,2024-08-21,美妆
U02972,FB002973,5,非常满意，产品很好用！,2023-05-31,3C数码
U02973,FB002974,5,非常满意，产品很好用！,2023-09-13,服饰
U02974,FB002975,3,一般般，有待改进。,2023-10-05,服饰
U02975,FB002976,4,还不错，基本满意。,2024-09-10,3C数码
U02976,FB002977,1,非常不满意，体验很差。,2023-08-10,服饰
U02977,FB002978,3,一般般，有待改进。,2024-12-14,家居
U02978,FB002979,4,还不错，基本满意。,2023-03-20,家居
U02979,FB002980,5,非常满意，产品很好用！,2024-01-27,服饰
U02980,FB002981,3,一般般，有待改进。,2023-05-13,美妆
U02981,FB002982,3,一般般，有待改进。,2024-04-23,美妆
U02982,FB002983,4,还不错，基本满意。,2023-09-08,家居
U02983,FB002984,4,还不错，基本满意。,2023-09-14,3C数码
U02984,FB002985,2,不太满意，需要改善。,2023-04-18,家居
U02985,FB002986,5,非常满意，产品很好用！,2023-07-19,美妆
U02986,FB002987,3,一般般，有待改进。,2024-09-20,3C数码
U02987,FB002988,4,还不错，基本满意。,2024-12-08,3C数码
U02988,FB002989,4,还不错，基本满意。,2024-03-25,家居
U02989,FB002990,5,非常满意，产品很好用！,2024-07-26,美妆
U02990,FB002991,2,不太满意，需要改善。,2024-03-12,食品
U02991,FB002992,5,非常满意，产品很好用！,2023-06-07,3C数码
U02992,FB002993,4,还不错，基本满意。,2024-02-19,3C数码
U02993,FB002994,4,还不错，基本满意。,2023-07-06,服饰
U02994,FB002995,3,一般般，有待改进。,2024-07-04,家居
U02995,FB002996,5,非常满意，产品很好用！,2024-03-17,美妆
U02996,FB002997,2,不太满意，需要改善。,2024-01-22,服饰
U02997,FB002998,5,非常满意，产品很好用！,2023-02-12,家居
U02998,FB002999,4,还不错，基本满意。,2024-03-23,家居
U02999,FB003000,3,一般般，有待改进。,2023-06-22,服饰
U03000,FB003001,3,一般般，有待改进。,2023-12-12,家居
U03001,FB003002,4,还不错，基本满意。,2024-02-13,3C数码
U03002,FB003003,2,不太满意，需要改善。,2024-02-26,美妆
U03003,FB003004,3,一般般，有待改进。,2024-05-18,美妆
U03004,FB003005,4,还不错，基本满意。,2024-12-26,食品
U03005,FB003006,3,一般般，有待改进。,2023-08-04,3C数码
U03006,FB003007,4,还不错，基本满意。,2023-04-14,服饰
U03007,FB003008,2,不太满意，需要改善。,2024-01-15,3C数码
U03008,FB003009,3,一般般，有待改进。,2023-01-23,3C数码
U03009,FB003010,3,一般般，有待改进。,2024-12-08,美妆
U03010,FB003011,2,不太满意，需要改善。,2023-06-12,美妆
U03011,FB003012,5,非常满意，产品很好用！,2023-06-14,服饰
U03012,FB003013,5,非常满意，产品很好用！,2023-04-09,3C数码
U03013,FB003014,5,非常满意，产品很好用！,2023-02-14,服饰
U03014,FB003015,3,一般般，有待改进。,2023-10-16,家居
U03015,FB003016,4,还不错，基本满意。,2023-07-31,3C数码
U03016,FB003017,3,一般般，有待改进。,2024-04-30,美妆
U03017,FB003018,2,不太满意，需要改善。,2024-08-11,美妆
U03018,FB003019,5,非常满意，产品很好用！,2023-12-17,3C数码
U03019,FB003020,5,非常满意，产品很好用！,2024-07-16,食品
U03020,FB003021,5,非常满意，产品很好用！,2024-10-30,服饰
U03021,FB003022,3,一般般，有待改进。,2024-07-22,美妆
U03022,FB003023,5,非常满意，产品很好用！,2024-09-22,家居
U03023,FB003024,1,非常不满意，体验很差。,2023-06-09,家居
U03024,FB003025,4,还不错，基本满意。,2024-10-07,3C数码
U03025,FB003026,3,一般般，有待改进。,2024-08-06,3C数码
U03026,FB003027,5,非常满意，产品很好用！,2023-12-21,服饰
U03027,FB003028,3,一般般，有待改进。,2024-10-07,食品
U03028,FB003029,2,不太满意，需要改善。,2023-10-30,食品
U03029,FB003030,5,非常满意，产品很好用！,2024-04-13,3C数码
U03030,FB003031,4,还不错，基本满意。,2024-03-06,3C数码
U03031,FB003032,3,一般般，有待改进。,2024-07-13,服饰
U03032,FB003033,3,一般般，有待改进。,2024-01-07,食品
U03033,FB003034,3,一般般，有待改进。,2023-03-12,服饰
U03034,FB003035,3,一般般，有待改进。,2023-01-27,美妆
U03035,FB003036,4,还不错，基本满意。,2023-08-18,3C数码
U03036,FB003037,5,非常满意，产品很好用！,2023-07-15,3C数码
U03037,FB003038,5,非常满意，产品很好用！,2024-11-07,美妆
U03038,FB003039,5,非常满意，产品很好用！,2023-03-25,家居
U03039,FB003040,4,还不错，基本满意。,2023-12-04,美妆
U03040,FB003041,2,不太满意，需要改善。,2024-07-22,美妆
U03041,FB003042,5,非常满意，产品很好用！,2024-01-14,食品
U03042,FB003043,1,非常不满意，体验很差。,2023-06-30,家居
U03043,FB003044,3,一般般，有待改进。,2023-11-29,家居
U03044,FB003045,4,还不错，基本满意。,2024-09-30,美妆
U03045,FB003046,4,还不错，基本满意。,2024-08-09,食品
U03046,FB003047,4,还不错，基本满意。,2023-10-13,食品
U03047,FB003048,5,非常满意，产品很好用！,2023-01-18,服饰
U03048,FB003049,4,还不错，基本满意。,2024-11-27,服饰
U03049,FB003050,5,非常满意，产品很好用！,2023-08-21,家居
U03050,FB003051,2,不太满意，需要改善。,2023-12-08,美妆
U03051,FB003052,5,非常满意，产品很好用！,2024-06-18,服饰
U03052,FB003053,5,非常满意，产品很好用！,2023-02-06,美妆
U03053,FB003054,3,一般般，有待改进。,2023-07-06,服饰
U03054,FB003055,1,非常不满意，体验很差。,2023-04-09,服饰
U03055,FB003056,5,非常满意，产品很好用！,2024-04-26,服饰
U03056,FB003057,4,还不错，基本满意。,2024-09-15,家居
U03057,FB003058,5,非常满意，产品很好用！,2024-05-14,美妆
U03058,FB003059,4,还不错，基本满意。,2024-10-29,食品
U03059,FB003060,4,还不错，基本满意。,2024-06-24,食品
U03060,FB003061,4,还不错，基本满意。,2023-04-12,服饰
U03061,FB003062,2,不太满意，需要改善。,2023-12-22,服饰
U03062,FB003063,3,一般般，有待改进。,2024-01-03,服饰
U03063,FB003064,5,非常满意，产品很好用！,2023-05-29,3C数码
U03064,FB003065,4,还不错，基本满意。,2023-08-16,3C数码
U03065,FB003066,5,非常满意，产品很好用！,2024-04-27,食品
U03066,FB003067,4,还不错，基本满意。,2023-12-29,家居
U03067,FB003068,5,非常满意，产品很好用！,2024-04-13,服饰
U03068,FB003069,4,还不错，基本满意。,2023-05-19,家居
U03069,FB003070,4,还不错，基本满意。,2023-07-23,食品
U03070,FB003071,2,不太满意，需要改善。,2024-01-14,3C数码
U03071,FB003072,2,不太满意，需要改善。,2023-10-23,家居
U03072,FB003073,4,还不错，基本满意。,2023-06-25,家居
U03073,FB003074,5,非常满意，产品很好用！,2024-07-19,3C数码
U03074,FB003075,4,还不错，基本满意。,2024-03-01,家居
U03075,FB003076,3,一般般，有待改进。,2024-03-11,3C数码
U03076,FB003077,4,还不错，基本满意。,2024-11-10,食品
U03077,FB003078,2,不太满意，需要改善。,2024-05-03,3C数码
U03078,FB003079,5,非常满意，产品很好用！,2023-02-13,3C数码
U03079,FB003080,3,一般般，有待改进。,2024-01-24,3C数码
U03080,FB003081,3,一般般，有待改进。,2023-09-23,美妆
U03081,FB003082,5,非常满意，产品很好用！,2024-04-13,3C数码
U03082,FB003083,4,还不错，基本满意。,2023-02-20,食品
U03083,FB003084,4,还不错，基本满意。,2023-02-28,3C数码
U03084,FB003085,3,一般般，有待改进。,2024-02-25,家居
U03085,FB003086,4,还不错，基本满意。,2023-06-02,服饰
U03086,FB003087,5,非常满意，产品很好用！,2024-01-14,美妆
U03087,FB003088,4,还不错，基本满意。,2024-12-16,服饰
U03088,FB003089,5,非常满意，产品很好用！,2023-02-05,食品
U03089,FB003090,5,非常满意，产品很好用！,2024-01-26,家居
U03090,FB003091,5,非常满意，产品很好用！,2024-10-27,美妆
U03091,FB003092,3,一般般，有待改进。,2024-11-10,服饰
U03092,FB003093,5,非常满意，产品很好用！,2023-03-01,美妆
U03093,FB003094,3,一般般，有待改进。,2023-01-29,服饰
U03094,FB003095,4,还不错，基本满意。,2024-05-25,3C数码
U03095,FB003096,1,非常不满意，体验很差。,2023-08-09,食品
U03096,FB003097,5,非常满意，产品很好用！,2024-01-11,服饰
U03097,FB003098,4,还不错，基本满意。,2023-09-27,美妆
U03098,FB003099,5,非常满意，产品很好用！,2024-04-18,家居
U03099,FB003100,5,非常满意，产品很好用！,2023-12-20,家居
U03100,FB003101,4,还不错，基本满意。,2024-07-02,美妆
U03101,FB003102,3,一般般，有待改进。,2023-12-03,美妆
U03102,FB003103,3,一般般，有待改进。,2024-02-28,家居
U03103,FB003104,4,还不错，基本满意。,2023-05-12,服饰
U03104,FB003105,3,一般般，有待改进。,2023-06-16,3C数码
U03105,FB003106,5,非常满意，产品很好用！,2024-10-24,服饰
U03106,FB003107,5,非常满意，产品很好用！,2023-12-06,服饰
U03107,FB003108,5,非常满意，产品很好用！,2023-02-21,食品
U03108,FB003109,4,还不错，基本满意。,2024-04-27,家居
U03109,FB003110,4,还不错，基本满意。,2023-11-29,美妆
U03110,FB003111,4,还不错，基本满意。,2023-06-10,食品
U03111,FB003112,5,非常满意，产品很好用！,2023-04-06,家居
U03112,FB003113,2,不太满意，需要改善。,2023-12-30,服饰
U03113,FB003114,5,非常满意，产品很好用！,2023-02-16,食品
U03114,FB003115,3,一般般，有待改进。,2024-12-13,美妆
U03115,FB003116,4,还不错，基本满意。,2024-05-12,3C数码
U03116,FB003117,4,还不错，基本满意。,2024-10-24,3C数码
U03117,FB003118,1,非常不满意，体验很差。,2024-01-27,家居
U03118,FB003119,2,不太满意，需要改善。,2023-04-27,3C数码
U03119,FB003120,3,一般般，有待改进。,2024-02-14,美妆
U03120,FB003121,3,一般般，有待改进。,2023-03-10,美妆
U03121,FB003122,5,非常满意，产品很好用！,2023-02-08,服饰
U03122,FB003123,5,非常满意，产品很好用！,2024-03-12,食品
U03123,FB003124,3,一般般，有待改进。,2024-04-14,服饰
U03124,FB003125,3,一般般，有待改进。,2024-06-04,美妆
U03125,FB003126,5,非常满意，产品很好用！,2024-02-13,3C数码
U03126,FB003127,5,非常满意，产品很好用！,2024-08-12,美妆
U03127,FB003128,4,还不错，基本满意。,2023-06-03,食品
U03128,FB003129,4,还不错，基本满意。,2023-05-19,服饰
U03129,FB003130,4,还不错，基本满意。,2023-04-01,3C数码
U03130,FB003131,5,非常满意，产品很好用！,2024-06-25,美妆
U03131,FB003132,4,还不错，基本满意。,2023-06-22,服饰
U03132,FB003133,3,一般般，有待改进。,2023-09-12,食品
U03133,FB003134,5,非常满意，产品很好用！,2024-08-14,3C数码
U03134,FB003135,4,还不错，基本满意。,2023-02-06,服饰
U03135,FB003136,3,一般般，有待改进。,2024-12-29,食品
U03136,FB003137,3,一般般，有待改进。,2024-08-23,3C数码
U03137,FB003138,4,还不错，基本满意。,2023-03-05,服饰
U03138,FB003139,5,非常满意，产品很好用！,2024-06-05,3C数码
U03139,FB003140,3,一般般，有待改进。,2024-03-15,3C数码
U03140,FB003141,4,还不错，基本满意。,2024-09-21,3C数码
U03141,FB003142,1,非常不满意，体验很差。,2024-07-21,3C数码
U03142,FB003143,5,非常满意，产品很好用！,2024-04-27,食品
U03143,FB003144,5,非常满意，产品很好用！,2024-09-16,食品
U03144,FB003145,5,非常满意，产品很好用！,2023-02-16,3C数码
U03145,FB003146,4,还不错，基本满意。,2023-01-19,美妆
U03146,FB003147,4,还不错，基本满意。,2023-06-17,美妆
U03147,FB003148,4,还不错，基本满意。,2024-03-26,服饰
U03148,FB003149,4,还不错，基本满意。,2023-12-02,美妆
U03149,FB003150,4,还不错，基本满意。,2023-03-17,服饰
U03150,FB003151,5,非常满意，产品很好用！,2023-10-08,3C数码
U03151,FB003152,1,非常不满意，体验很差。,2023-08-21,服饰
U03152,FB003153,5,非常满意，产品很好用！,2024-09-29,家居
U03153,FB003154,4,还不错，基本满意。,2023-02-16,3C数码
U03154,FB003155,3,一般般，有待改进。,2023-04-03,家居
U03155,FB003156,1,非常不满意，体验很差。,2023-02-05,家居
U03156,FB003157,3,一般般，有待改进。,2024-04-19,食品
U03157,FB003158,4,还不错，基本满意。,2024-01-02,美妆
U03158,FB003159,5,非常满意，产品很好用！,2023-03-15,服饰
U03159,FB003160,5,非常满意，产品很好用！,2023-07-24,3C数码
U03160,FB003161,4,还不错，基本满意。,2024-03-06,食品
U03161,FB003162,5,非常满意，产品很好用！,2024-12-23,美妆
U03162,FB003163,5,非常满意，产品很好用！,2023-05-18,3C数码
U03163,FB003164,4,还不错，基本满意。,2024-02-05,3C数码
U03164,FB003165,5,非常满意，产品很好用！,2024-10-09,美妆
U03165,FB003166,4,还不错，基本满意。,2023-09-15,服饰
U03166,FB003167,5,非常满意，产品很好用！,2024-06-06,3C数码
U03167,FB003168,4,还不错，基本满意。,2023-06-26,食品
U03168,FB003169,5,非常满意，产品很好用！,2024-01-14,服饰
U03169,FB003170,5,非常满意，产品很好用！,2024-10-21,家居
U03170,FB003171,4,还不错，基本满意。,2024-06-10,家居
U03171,FB003172,5,非常满意，产品很好用！,2024-02-18,3C数码
U03172,FB003173,3,一般般，有待改进。,2023-03-25,美妆
U03173,FB003174,5,非常满意，产品很好用！,2023-08-26,美妆
U03174,FB003175,2,不太满意，需要改善。,2024-04-17,食品
U03175,FB003176,2,不太满意，需要改善。,2023-07-16,家居
U03176,FB003177,3,一般般，有待改进。,2023-12-22,服饰
U03177,FB003178,2,不太满意，需要改善。,2024-04-17,服饰
U03178,FB003179,4,还不错，基本满意。,2024-09-11,美妆
U03179,FB003180,2,不太满意，需要改善。,2023-11-28,食品
U03180,FB003181,5,非常满意，产品很好用！,2024-12-07,美妆
U03181,FB003182,5,非常满意，产品很好用！,2023-04-12,食品
U03182,FB003183,3,一般般，有待改进。,2023-11-15,3C数码
U03183,FB003184,4,还不错，基本满意。,2024-06-02,家居
U03184,FB003185,4,还不错，基本满意。,2023-02-09,3C数码
U03185,FB003186,4,还不错，基本满意。,2023-11-14,食品
U03186,FB003187,5,非常满意，产品很好用！,2023-07-16,美妆
U03187,FB003188,5,非常满意，产品很好用！,2023-12-24,家居
U03188,FB003189,4,还不错，基本满意。,2023-04-01,服饰
U03189,FB003190,5,非常满意，产品很好用！,2024-12-20,家居
U03190,FB003191,3,一般般，有待改进。,2024-12-14,家居
U03191,FB003192,4,还不错，基本满意。,2023-10-18,服饰
U03192,FB003193,3,一般般，有待改进。,2024-01-15,3C数码
U03193,FB003194,4,还不错，基本满意。,2024-05-26,美妆
U03194,FB003195,3,一般般，有待改进。,2023-11-27,服饰
U03195,FB003196,3,一般般，有待改进。,2024-04-14,家居
U03196,FB003197,4,还不错，基本满意。,2023-11-07,3C数码
U03197,FB003198,3,一般般，有待改进。,2023-04-01,服饰
U03198,FB003199,5,非常满意，产品很好用！,2024-07-25,3C数码
U03199,FB003200,3,一般般，有待改进。,2024-07-24,服饰
U03200,FB003201,4,还不错，基本满意。,2024-11-29,服饰
U03201,FB003202,5,非常满意，产品很好用！,2023-11-27,食品
U03202,FB003203,5,非常满意，产品很好用！,2024-08-18,美妆
U03203,FB003204,4,还不错，基本满意。,2023-07-19,家居
U03204,FB003205,5,非常满意，产品很好用！,2024-06-07,家居
U03205,FB003206,4,还不错，基本满意。,2024-01-09,美妆
U03206,FB003207,5,非常满意，产品很好用！,2023-05-11,服饰
U03207,FB003208,5,非常满意，产品很好用！,2024-08-07,美妆
U03208,FB003209,4,还不错，基本满意。,2023-04-10,美妆
U03209,FB003210,1,非常不满意，体验很差。,2023-04-20,美妆
U03210,FB003211,3,一般般，有待改进。,2024-02-15,美妆
U03211,FB003212,2,不太满意，需要改善。,2023-01-21,家居
U03212,FB003213,5,非常满意，产品很好用！,2024-12-19,3C数码
U03213,FB003214,4,还不错，基本满意。,2024-02-14,3C数码
U03214,FB003215,2,不太满意，需要改善。,2024-12-21,食品
U03215,FB003216,5,非常满意，产品很好用！,2023-01-09,服饰
U03216,FB003217,2,不太满意，需要改善。,2023-03-30,服饰
U03217,FB003218,5,非常满意，产品很好用！,2024-05-01,美妆
U03218,FB003219,4,还不错，基本满意。,2023-11-17,3C数码
U03219,FB003220,4,还不错，基本满意。,2023-03-02,食品
U03220,FB003221,3,一般般，有待改进。,2024-07-14,食品
U03221,FB003222,4,还不错，基本满意。,2024-04-11,家居
U03222,FB003223,5,非常满意，产品很好用！,2024-08-28,食品
U03223,FB003224,3,一般般，有待改进。,2024-01-30,食品
U03224,FB003225,1,非常不满意，体验很差。,2023-10-03,3C数码
U03225,FB003226,5,非常满意，产品很好用！,2024-08-05,服饰
U03226,FB003227,5,非常满意，产品很好用！,2023-06-02,家居
U03227,FB003228,3,一般般，有待改进。,2023-03-26,服饰
U03228,FB003229,4,还不错，基本满意。,2024-07-25,美妆
U03229,FB003230,4,还不错，基本满意。,2023-07-27,食品
U03230,FB003231,2,不太满意，需要改善。,2023-05-06,食品
U03231,FB003232,4,还不错，基本满意。,2023-07-06,食品
U03232,FB003233,3,一般般，有待改进。,2023-02-18,3C数码
U03233,FB003234,4,还不错，基本满意。,2024-10-19,美妆
U03234,FB003235,4,还不错，基本满意。,2023-08-26,家居
U03235,FB003236,3,一般般，有待改进。,2023-11-12,美妆
U03236,FB003237,4,还不错，基本满意。,2024-10-29,家居
U03237,FB003238,5,非常满意，产品很好用！,2024-07-20,美妆
U03238,FB003239,5,非常满意，产品很好用！,2023-01-02,美妆
U03239,FB003240,3,一般般，有待改进。,2023-09-06,食品
U03240,FB003241,3,一般般，有待改进。,2023-11-04,服饰
U03241,FB003242,3,一般般，有待改进。,2024-05-24,美妆
U03242,FB003243,3,一般般，有待改进。,2024-05-13,食品
U03243,FB003244,3,一般般，有待改进。,2024-01-17,3C数码
U03244,FB003245,3,一般般，有待改进。,2023-10-24,食品
U03245,FB003246,5,非常满意，产品很好用！,2024-05-31,家居
U03246,FB003247,2,不太满意，需要改善。,2024-05-22,美妆
U03247,FB003248,5,非常满意，产品很好用！,2023-12-21,美妆
U03248,FB003249,5,非常满意，产品很好用！,2023-09-28,食品
U03249,FB003250,5,非常满意，产品很好用！,2023-02-19,家居
U03250,FB003251,4,还不错，基本满意。,2024-12-01,家居
U03251,FB003252,3,一般般，有待改进。,2024-07-03,服饰
U03252,FB003253,4,还不错，基本满意。,2024-08-07,家居
U03253,FB003254,4,还不错，基本满意。,2024-12-18,家居
U03254,FB003255,4,还不错，基本满意。,2024-06-20,3C数码
U03255,FB003256,5,非常满意，产品很好用！,2023-07-30,3C数码
U03256,FB003257,4,还不错，基本满意。,2024-08-19,3C数码
U03257,FB003258,3,一般般，有待改进。,2024-07-26,食品
U03258,FB003259,3,一般般，有待改进。,2024-04-13,服饰
U03259,FB003260,4,还不错，基本满意。,2023-10-02,3C数码
U03260,FB003261,4,还不错，基本满意。,2023-10-27,3C数码
U03261,FB003262,5,非常满意，产品很好用！,2024-08-09,服饰
U03262,FB003263,5,非常满意，产品很好用！,2023-08-06,服饰
U03263,FB003264,4,还不错，基本满意。,2024-07-31,服饰
U03264,FB003265,4,还不错，基本满意。,2023-02-01,3C数码
U03265,FB003266,3,一般般，有待改进。,2024-02-28,美妆
U03266,FB003267,2,不太满意，需要改善。,2023-01-14,食品
U03267,FB003268,4,还不错，基本满意。,2024-02-11,家居
U03268,FB003269,2,不太满意，需要改善。,2024-06-08,家居
U03269,FB003270,4,还不错，基本满意。,2023-12-07,3C数码
U03270,FB003271,5,非常满意，产品很好用！,2023-10-01,家居
U03271,FB003272,2,不太满意，需要改善。,2024-08-16,美妆
U03272,FB003273,2,不太满意，需要改善。,2023-07-19,3C数码
U03273,FB003274,3,一般般，有待改进。,2024-10-19,美妆
U03274,FB003275,5,非常满意，产品很好用！,2024-05-31,3C数码
U03275,FB003276,5,非常满意，产品很好用！,2024-05-30,食品
U03276,FB003277,5,非常满意，产品很好用！,2024-09-18,3C数码
U03277,FB003278,5,非常满意，产品很好用！,2024-07-07,3C数码
U03278,FB003279,4,还不错，基本满意。,2024-09-24,食品
U03279,FB003280,5,非常满意，产品很好用！,2024-10-31,食品
U03280,FB003281,3,一般般，有待改进。,2023-07-28,食品
U03281,FB003282,5,非常满意，产品很好用！,2023-08-22,服饰
U03282,FB003283,5,非常满意，产品很好用！,2024-08-29,食品
U03283,FB003284,5,非常满意，产品很好用！,2024-05-02,美妆
U03284,FB003285,2,不太满意，需要改善。,2024-01-16,食品
U03285,FB003286,5,非常满意，产品很好用！,2024-07-23,食品
U03286,FB003287,4,还不错，基本满意。,2024-05-24,食品
U03287,FB003288,4,还不错，基本满意。,2024-08-24,3C数码
U03288,FB003289,4,还不错，基本满意。,2023-02-10,家居
U03289,FB003290,5,非常满意，产品很好用！,2024-04-13,美妆
U03290,FB003291,4,还不错，基本满意。,2024-03-02,服饰
U03291,FB003292,4,还不错，基本满意。,2024-04-29,食品
U03292,FB003293,5,非常满意，产品很好用！,2023-09-06,食品
U03293,FB003294,5,非常满意，产品很好用！,2024-06-11,服饰
U03294,FB003295,5,非常满意，产品很好用！,2023-08-07,食品
U03295,FB003296,5,非常满意，产品很好用！,2024-02-29,3C数码
U03296,FB003297,5,非常满意，产品很好用！,2024-02-28,食品
U03297,FB003298,3,一般般，有待改进。,2023-05-20,服饰
U03298,FB003299,4,还不错，基本满意。,2023-01-30,3C数码
U03299,FB003300,5,非常满意，产品很好用！,2024-02-15,美妆
U03300,FB003301,3,一般般，有待改进。,2024-02-01,家居
U03301,FB003302,4,还不错，基本满意。,2023-12-08,美妆
U03302,FB003303,5,非常满意，产品很好用！,2024-08-05,美妆
U03303,FB003304,5,非常满意，产品很好用！,2023-06-12,家居
U03304,FB003305,5,非常满意，产品很好用！,2023-12-23,美妆
U03305,FB003306,4,还不错，基本满意。,2023-07-18,服饰
U03306,FB003307,5,非常满意，产品很好用！,2023-11-28,食品
U03307,FB003308,3,一般般，有待改进。,2024-11-19,食品
U03308,FB003309,2,不太满意，需要改善。,2023-12-13,服饰
U03309,FB003310,5,非常满意，产品很好用！,2023-07-24,3C数码
U03310,FB003311,5,非常满意，产品很好用！,2024-07-20,3C数码
U03311,FB003312,4,还不错，基本满意。,2024-08-24,食品
U03312,FB003313,5,非常满意，产品很好用！,2024-08-17,食品
U03313,FB003314,4,还不错，基本满意。,2024-06-08,食品
U03314,FB003315,3,一般般，有待改进。,2023-07-03,家居
U03315,FB003316,5,非常满意，产品很好用！,2024-05-06,服饰
U03316,FB003317,4,还不错，基本满意。,2023-07-24,家居
U03317,FB003318,5,非常满意，产品很好用！,2023-08-27,3C数码
U03318,FB003319,1,非常不满意，体验很差。,2023-01-10,3C数码
U03319,FB003320,3,一般般，有待改进。,2024-08-07,服饰
U03320,FB003321,3,一般般，有待改进。,2024-07-23,食品
U03321,FB003322,4,还不错，基本满意。,2023-08-02,家居
U03322,FB003323,3,一般般，有待改进。,2023-04-21,3C数码
U03323,FB003324,5,非常满意，产品很好用！,2024-10-19,食品
U03324,FB003325,4,还不错，基本满意。,2024-10-13,3C数码
U03325,FB003326,5,非常满意，产品很好用！,2023-11-28,美妆
U03326,FB003327,5,非常满意，产品很好用！,2024-02-15,家居
U03327,FB003328,5,非常满意，产品很好用！,2023-11-30,食品
U03328,FB003329,5,非常满意，产品很好用！,2024-01-22,家居
U03329,FB003330,5,非常满意，产品很好用！,2024-03-23,家居
U03330,FB003331,4,还不错，基本满意。,2024-03-14,家居
U03331,FB003332,4,还不错，基本满意。,2024-06-10,3C数码
U03332,FB003333,4,还不错，基本满意。,2023-02-27,服饰
U03333,FB003334,5,非常满意，产品很好用！,2024-03-30,家居
U03334,FB003335,5,非常满意，产品很好用！,2023-10-18,服饰
U03335,FB003336,4,还不错，基本满意。,2023-09-30,美妆
U03336,FB003337,5,非常满意，产品很好用！,2023-12-09,家居
U03337,FB003338,4,还不错，基本满意。,2024-12-22,服饰
U03338,FB003339,5,非常满意，产品很好用！,2023-04-30,家居
U03339,FB003340,5,非常满意，产品很好用！,2024-12-10,服饰
U03340,FB003341,4,还不错，基本满意。,2024-01-26,服饰
U03341,FB003342,4,还不错，基本满意。,2024-01-02,食品
U03342,FB003343,5,非常满意，产品很好用！,2024-08-28,食品
U03343,FB003344,4,还不错，基本满意。,2024-04-01,服饰
U03344,FB003345,4,还不错，基本满意。,2023-11-17,家居
U03345,FB003346,3,一般般，有待改进。,2023-07-10,3C数码
U03346,FB003347,5,非常满意，产品很好用！,2024-05-12,美妆
U03347,FB003348,4,还不错，基本满意。,2023-11-06,美妆
U03348,FB003349,2,不太满意，需要改善。,2024-07-07,3C数码
U03349,FB003350,5,非常满意，产品很好用！,2023-02-20,3C数码
U03350,FB003351,5,非常满意，产品很好用！,2024-08-05,食品
U03351,FB003352,5,非常满意，产品很好用！,2024-10-30,美妆
U03352,FB003353,1,非常不满意，体验很差。,2024-05-02,食品
U03353,FB003354,5,非常满意，产品很好用！,2024-06-30,食品
U03354,FB003355,3,一般般，有待改进。,2024-09-26,美妆
U03355,FB003356,5,非常满意，产品很好用！,2023-08-31,服饰
U03356,FB003357,4,还不错，基本满意。,2024-02-01,服饰
U03357,FB003358,5,非常满意，产品很好用！,2023-03-03,家居
U03358,FB003359,5,非常满意，产品很好用！,2024-09-28,家居
U03359,FB003360,5,非常满意，产品很好用！,2024-04-13,食品
U03360,FB003361,3,一般般，有待改进。,2024-03-14,美妆
U03361,FB003362,3,一般般，有待改进。,2023-03-20,家居
U03362,FB003363,3,一般般，有待改进。,2024-10-20,食品
U03363,FB003364,5,非常满意，产品很好用！,2023-03-04,服饰
U03364,FB003365,5,非常满意，产品很好用！,2024-08-13,3C数码
U03365,FB003366,1,非常不满意，体验很差。,2023-06-05,食品
U03366,FB003367,3,一般般，有待改进。,2024-05-27,3C数码
U03367,FB003368,4,还不错，基本满意。,2024-05-20,家居
U03368,FB003369,5,非常满意，产品很好用！,2023-04-10,服饰
U03369,FB003370,5,非常满意，产品很好用！,2024-04-16,服饰
U03370,FB003371,5,非常满意，产品很好用！,2024-11-22,服饰
U03371,FB003372,4,还不错，基本满意。,2024-07-28,3C数码
U03372,FB003373,4,还不错，基本满意。,2024-12-29,美妆
U03373,FB003374,4,还不错，基本满意。,2024-09-01,3C数码
U03374,FB003375,5,非常满意，产品很好用！,2024-11-20,家居
U03375,FB003376,4,还不错，基本满意。,2023-11-28,3C数码
U03376,FB003377,4,还不错，基本满意。,2023-01-17,美妆
U03377,FB003378,4,还不错，基本满意。,2023-01-03,服饰
U03378,FB003379,3,一般般，有待改进。,2023-04-18,美妆
U03379,FB003380,2,不太满意，需要改善。,2023-10-17,家居
U03380,FB003381,5,非常满意，产品很好用！,2024-06-22,美妆
U03381,FB003382,5,非常满意，产品很好用！,2024-10-06,服饰
U03382,FB003383,4,还不错，基本满意。,2024-02-03,食品
U03383,FB003384,2,不太满意，需要改善。,2024-08-12,服饰
U03384,FB003385,4,还不错，基本满意。,2023-02-09,3C数码
U03385,FB003386,2,不太满意，需要改善。,2024-11-22,家居
U03386,FB003387,4,还不错，基本满意。,2023-01-24,服饰
U03387,FB003388,3,一般般，有待改进。,2023-04-17,食品
U03388,FB003389,4,还不错，基本满意。,2024-08-24,服饰
U03389,FB003390,4,还不错，基本满意。,2024-01-26,3C数码
U03390,FB003391,4,还不错，基本满意。,2023-08-03,3C数码
U03391,FB003392,3,一般般，有待改进。,2023-04-12,食品
U03392,FB003393,5,非常满意，产品很好用！,2023-02-17,家居
U03393,FB003394,4,还不错，基本满意。,2023-01-24,家居
U03394,FB003395,4,还不错，基本满意。,2023-06-22,美妆
U03395,FB003396,2,不太满意，需要改善。,2023-03-21,家居
U03396,FB003397,5,非常满意，产品很好用！,2024-12-30,3C数码
U03397,FB003398,3,一般般，有待改进。,2024-03-13,家居
U03398,FB003399,5,非常满意，产品很好用！,2023-10-10,食品
U03399,FB003400,4,还不错，基本满意。,2023-09-16,服饰
U03400,FB003401,5,非常满意，产品很好用！,2024-12-14,食品
U03401,FB003402,5,非常满意，产品很好用！,2023-03-23,美妆
U03402,FB003403,4,还不错，基本满意。,2024-02-16,美妆
U03403,FB003404,5,非常满意，产品很好用！,2023-05-06,服饰
U03404,FB003405,4,还不错，基本满意。,2024-01-31,服饰
U03405,FB003406,2,不太满意，需要改善。,2023-11-15,家居
U03406,FB003407,3,一般般，有待改进。,2024-11-25,食品
U03407,FB003408,4,还不错，基本满意。,2024-12-29,食品
U03408,FB003409,4,还不错，基本满意。,2024-02-05,家居
U03409,FB003410,4,还不错，基本满意。,2023-02-03,服饰
U03410,FB003411,5,非常满意，产品很好用！,2024-10-03,食品
U03411,FB003412,2,不太满意，需要改善。,2023-01-19,家居
U03412,FB003413,5,非常满意，产品很好用！,2024-01-04,食品
U03413,FB003414,5,非常满意，产品很好用！,2024-05-27,服饰
U03414,FB003415,3,一般般，有待改进。,2024-05-20,家居
U03415,FB003416,1,非常不满意，体验很差。,2023-06-24,服饰
U03416,FB003417,5,非常满意，产品很好用！,2024-04-22,食品
U03417,FB003418,5,非常满意，产品很好用！,2024-01-10,家居
U03418,FB003419,4,还不错，基本满意。,2023-11-30,服饰
U03419,FB003420,3,一般般，有待改进。,2023-07-19,食品
U03420,FB003421,4,还不错，基本满意。,2024-05-08,服饰
U03421,FB003422,4,还不错，基本满意。,2024-01-24,美妆
U03422,FB003423,4,还不错，基本满意。,2024-10-27,服饰
U03423,FB003424,4,还不错，基本满意。,2023-07-22,3C数码
U03424,FB003425,5,非常满意，产品很好用！,2023-02-06,3C数码
U03425,FB003426,5,非常满意，产品很好用！,2023-06-20,家居
U03426,FB003427,5,非常满意，产品很好用！,2024-08-24,3C数码
U03427,FB003428,2,不太满意，需要改善。,2024-05-30,食品
U03428,FB003429,1,非常不满意，体验很差。,2023-08-15,服饰
U03429,FB003430,4,还不错，基本满意。,2023-11-10,家居
U03430,FB003431,4,还不错，基本满意。,2023-08-20,3C数码
U03431,FB003432,3,一般般，有待改进。,2023-08-30,美妆
U03432,FB003433,2,不太满意，需要改善。,2024-02-10,家居
U03433,FB003434,4,还不错，基本满意。,2023-12-29,3C数码
U03434,FB003435,3,一般般，有待改进。,2023-12-27,3C数码
U03435,FB003436,5,非常满意，产品很好用！,2024-05-20,食品
U03436,FB003437,4,还不错，基本满意。,2024-09-25,美妆
U03437,FB003438,4,还不错，基本满意。,2024-11-23,家居
U03438,FB003439,4,还不错，基本满意。,2023-10-17,食品
U03439,FB003440,3,一般般，有待改进。,2023-12-24,服饰
U03440,FB003441,5,非常满意，产品很好用！,2023-12-10,家居
U03441,FB003442,4,还不错，基本满意。,2024-04-10,食品
U03442,FB003443,4,还不错，基本满意。,2024-03-05,家居
U03443,FB003444,1,非常不满意，体验很差。,2024-01-25,家居
U03444,FB003445,5,非常满意，产品很好用！,2024-11-29,3C数码
U03445,FB003446,4,还不错，基本满意。,2024-11-30,服饰
U03446,FB003447,2,不太满意，需要改善。,2023-08-29,食品
U03447,FB003448,1,非常不满意，体验很差。,2023-12-19,食品
U03448,FB003449,4,还不错，基本满意。,2024-08-10,3C数码
U03449,FB003450,4,还不错，基本满意。,2023-07-16,食品
U03450,FB003451,4,还不错，基本满意。,2024-03-18,美妆
U03451,FB003452,5,非常满意，产品很好用！,2023-09-03,服饰
U03452,FB003453,5,非常满意，产品很好用！,2023-10-28,3C数码
U03453,FB003454,4,还不错，基本满意。,2023-02-14,家居
U03454,FB003455,5,非常满意，产品很好用！,2023-01-09,家居
U03455,FB003456,3,一般般，有待改进。,2023-04-14,美妆
U03456,FB003457,3,一般般，有待改进。,2024-09-07,食品
U03457,FB003458,3,一般般，有待改进。,2024-09-05,3C数码
U03458,FB003459,4,还不错，基本满意。,2024-10-14,家居
U03459,FB003460,2,不太满意，需要改善。,2023-09-22,美妆
U03460,FB003461,4,还不错，基本满意。,2024-04-19,3C数码
U03461,FB003462,3,一般般，有待改进。,2023-01-23,美妆
U03462,FB003463,3,一般般，有待改进。,2024-01-02,3C数码
U03463,FB003464,4,还不错，基本满意。,2023-11-01,3C数码
U03464,FB003465,2,不太满意，需要改善。,2024-06-01,服饰
U03465,FB003466,3,一般般，有待改进。,2023-09-17,美妆
U03466,FB003467,5,非常满意，产品很好用！,2023-08-27,美妆
U03467,FB003468,4,还不错，基本满意。,2024-12-22,食品
U03468,FB003469,1,非常不满意，体验很差。,2023-03-13,家居
U03469,FB003470,4,还不错，基本满意。,2024-09-02,服饰
U03470,FB003471,3,一般般，有待改进。,2023-07-07,食品
U03471,FB003472,5,非常满意，产品很好用！,2023-11-18,家居
U03472,FB003473,5,非常满意，产品很好用！,2023-08-30,食品
U03473,FB003474,4,还不错，基本满意。,2024-10-06,家居
U03474,FB003475,5,非常满意，产品很好用！,2023-10-12,美妆
U03475,FB003476,5,非常满意，产品很好用！,2024-01-29,美妆
U03476,FB003477,4,还不错，基本满意。,2024-02-21,食品
U03477,FB003478,4,还不错，基本满意。,2023-07-02,3C数码
U03478,FB003479,4,还不错，基本满意。,2024-04-18,食品
U03479,FB003480,5,非常满意，产品很好用！,2023-09-19,美妆
U03480,FB003481,4,还不错，基本满意。,2024-08-19,家居
U03481,FB003482,5,非常满意，产品很好用！,2024-03-21,食品
U03482,FB003483,5,非常满意，产品很好用！,2024-05-28,美妆
U03483,FB003484,3,一般般，有待改进。,2023-06-17,食品
U03484,FB003485,5,非常满意，产品很好用！,2023-09-24,食品
U03485,FB003486,5,非常满意，产品很好用！,2024-09-03,3C数码
U03486,FB003487,5,非常满意，产品很好用！,2024-12-19,美妆
U03487,FB003488,4,还不错，基本满意。,2023-02-09,食品
U03488,FB003489,1,非常不满意，体验很差。,2023-05-06,食品
U03489,FB003490,3,一般般，有待改进。,2023-09-29,家居
U03490,FB003491,4,还不错，基本满意。,2024-07-20,食品
U03491,FB003492,3,一般般，有待改进。,2024-07-11,服饰
U03492,FB003493,3,一般般，有待改进。,2023-10-04,3C数码
U03493,FB003494,1,非常不满意，体验很差。,2024-08-21,服饰
U03494,FB003495,4,还不错，基本满意。,2024-09-14,家居
U03495,FB003496,4,还不错，基本满意。,2023-06-23,3C数码
U03496,FB003497,5,非常满意，产品很好用！,2023-05-26,家居
U03497,FB003498,3,一般般，有待改进。,2023-12-09,家居
U03498,FB003499,3,一般般，有待改进。,2023-09-26,服饰
U03499,FB003500,3,一般般，有待改进。,2024-05-19,食品
U03500,FB003501,4,还不错，基本满意。,2023-11-22,3C数码
U03501,FB003502,4,还不错，基本满意。,2024-10-10,家居
U03502,FB003503,3,一般般，有待改进。,2023-05-28,服饰
U03503,FB003504,5,非常满意，产品很好用！,2023-09-30,服饰
U03504,FB003505,5,非常满意，产品很好用！,2023-06-13,家居
U03505,FB003506,4,还不错，基本满意。,2024-12-12,家居
U03506,FB003507,5,非常满意，产品很好用！,2023-02-28,服饰
U03507,FB003508,5,非常满意，产品很好用！,2024-10-11,3C数码
U03508,FB003509,2,不太满意，需要改善。,2024-07-01,服饰
U03509,FB003510,5,非常满意，产品很好用！,2023-02-22,3C数码
U03510,FB003511,4,还不错，基本满意。,2024-02-03,美妆
U03511,FB003512,5,非常满意，产品很好用！,2023-06-08,食品
U03512,FB003513,2,不太满意，需要改善。,2024-08-09,3C数码
U03513,FB003514,4,还不错，基本满意。,2024-09-03,服饰
U03514,FB003515,5,非常满意，产品很好用！,2024-07-04,家居
U03515,FB003516,5,非常满意，产品很好用！,2023-07-12,服饰
U03516,FB003517,5,非常满意，产品很好用！,2023-11-16,食品
U03517,FB003518,3,一般般，有待改进。,2023-05-10,食品
U03518,FB003519,5,非常满意，产品很好用！,2024-05-14,服饰
U03519,FB003520,4,还不错，基本满意。,2023-07-05,食品
U03520,FB003521,5,非常满意，产品很好用！,2024-04-15,服饰
U03521,FB003522,5,非常满意，产品很好用！,2023-10-05,食品
U03522,FB003523,4,还不错，基本满意。,2023-11-29,服饰
U03523,FB003524,2,不太满意，需要改善。,2023-12-23,家居
U03524,FB003525,5,非常满意，产品很好用！,2024-01-02,食品
U03525,FB003526,5,非常满意，产品很好用！,2024-12-26,服饰
U03526,FB003527,4,还不错，基本满意。,2024-09-13,服饰
U03527,FB003528,4,还不错，基本满意。,2023-01-09,美妆
U03528,FB003529,4,还不错，基本满意。,2024-11-24,美妆
U03529,FB003530,3,一般般，有待改进。,2023-12-03,食品
U03530,FB003531,5,非常满意，产品很好用！,2023-09-04,家居
U03531,FB003532,4,还不错，基本满意。,2024-01-05,3C数码
U03532,FB003533,3,一般般，有待改进。,2024-05-08,服饰
U03533,FB003534,4,还不错，基本满意。,2023-06-13,食品
U03534,FB003535,4,还不错，基本满意。,2023-04-04,服饰
U03535,FB003536,2,不太满意，需要改善。,2023-05-01,3C数码
U03536,FB003537,5,非常满意，产品很好用！,2023-01-07,3C数码
U03537,FB003538,2,不太满意，需要改善。,2023-03-15,食品
U03538,FB003539,4,还不错，基本满意。,2023-02-05,3C数码
U03539,FB003540,4,还不错，基本满意。,2023-08-24,服饰
U03540,FB003541,4,还不错，基本满意。,2024-10-25,食品
U03541,FB003542,5,非常满意，产品很好用！,2023-05-12,食品
U03542,FB003543,5,非常满意，产品很好用！,2024-06-13,家居
U03543,FB003544,4,还不错，基本满意。,2024-03-31,3C数码
U03544,FB003545,4,还不错，基本满意。,2023-08-31,食品
U03545,FB003546,3,一般般，有待改进。,2023-01-10,美妆
U03546,FB003547,2,不太满意，需要改善。,2023-01-23,3C数码
U03547,FB003548,2,不太满意，需要改善。,2024-04-14,3C数码
U03548,FB003549,3,一般般，有待改进。,2024-07-14,家居
U03549,FB003550,3,一般般，有待改进。,2023-01-03,食品
U03550,FB003551,3,一般般，有待改进。,2024-10-01,3C数码
U03551,FB003552,5,非常满意，产品很好用！,2023-12-18,3C数码
U03552,FB003553,4,还不错，基本满意。,2024-08-22,食品
U03553,FB003554,1,非常不满意，体验很差。,2024-09-21,家居
U03554,FB003555,4,还不错，基本满意。,2023-11-12,家居
U03555,FB003556,3,一般般，有待改进。,2023-11-24,3C数码
U03556,FB003557,3,一般般，有待改进。,2023-06-11,食品
U03557,FB003558,4,还不错，基本满意。,2024-11-29,美妆
U03558,FB003559,5,非常满意，产品很好用！,2023-06-29,服饰
U03559,FB003560,4,还不错，基本满意。,2023-09-16,服饰
U03560,FB003561,3,一般般，有待改进。,2024-11-27,美妆
U03561,FB003562,5,非常满意，产品很好用！,2023-07-12,食品
U03562,FB003563,1,非常不满意，体验很差。,2023-11-27,食品
U03563,FB003564,5,非常满意，产品很好用！,2024-06-09,服饰
U03564,FB003565,4,还不错，基本满意。,2024-11-29,服饰
U03565,FB003566,1,非常不满意，体验很差。,2024-08-23,服饰
U03566,FB003567,3,一般般，有待改进。,2024-11-23,美妆
U03567,FB003568,4,还不错，基本满意。,2024-06-10,食品
U03568,FB003569,5,非常满意，产品很好用！,2023-09-08,家居
U03569,FB003570,4,还不错，基本满意。,2024-12-19,服饰
U03570,FB003571,4,还不错，基本满意。,2023-08-14,3C数码
U03571,FB003572,5,非常满意，产品很好用！,2024-04-12,3C数码
U03572,FB003573,3,一般般，有待改进。,2024-08-14,美妆
U03573,FB003574,3,一般般，有待改进。,2023-04-24,食品
U03574,FB003575,3,一般般，有待改进。,2023-02-13,服饰
U03575,FB003576,4,还不错，基本满意。,2024-01-25,服饰
U03576,FB003577,2,不太满意，需要改善。,2023-10-24,食品
U03577,FB003578,5,非常满意，产品很好用！,2023-04-11,美妆
U03578,FB003579,4,还不错，基本满意。,2024-09-26,食品
U03579,FB003580,1,非常不满意，体验很差。,2023-09-28,服饰
U03580,FB003581,5,非常满意，产品很好用！,2024-12-24,食品
U03581,FB003582,3,一般般，有待改进。,2024-02-17,3C数码
U03582,FB003583,2,不太满意，需要改善。,2024-04-14,食品
U03583,FB003584,4,还不错，基本满意。,2023-10-05,3C数码
U03584,FB003585,4,还不错，基本满意。,2024-07-04,美妆
U03585,FB003586,4,还不错，基本满意。,2024-02-11,服饰
U03586,FB003587,3,一般般，有待改进。,2023-07-17,服饰
U03587,FB003588,1,非常不满意，体验很差。,2023-11-10,服饰
U03588,FB003589,4,还不错，基本满意。,2024-08-23,3C数码
U03589,FB003590,5,非常满意，产品很好用！,2023-04-16,食品
U03590,FB003591,5,非常满意，产品很好用！,2023-12-24,服饰
U03591,FB003592,5,非常满意，产品很好用！,2024-03-14,服饰
U03592,FB003593,5,非常满意，产品很好用！,2024-09-25,美妆
U03593,FB003594,3,一般般，有待改进。,2024-05-01,家居
U03594,FB003595,4,还不错，基本满意。,2023-12-04,家居
U03595,FB003596,2,不太满意，需要改善。,2024-10-27,3C数码
U03596,FB003597,3,一般般，有待改进。,2023-09-03,家居
U03597,FB003598,2,不太满意，需要改善。,2023-10-10,家居
U03598,FB003599,3,一般般，有待改进。,2024-04-16,食品
U03599,FB003600,5,非常满意，产品很好用！,2023-01-24,食品
U03600,FB003601,5,非常满意，产品很好用！,2023-01-03,服饰
U03601,FB003602,4,还不错，基本满意。,2024-05-11,食品
U03602,FB003603,1,非常不满意，体验很差。,2024-06-19,3C数码
U03603,FB003604,4,还不错，基本满意。,2023-11-27,服饰
U03604,FB003605,3,一般般，有待改进。,2024-05-11,食品
U03605,FB003606,1,非常不满意，体验很差。,2023-04-20,服饰
U03606,FB003607,2,不太满意，需要改善。,2023-02-24,家居
U03607,FB003608,5,非常满意，产品很好用！,2023-12-19,服饰
U03608,FB003609,1,非常不满意，体验很差。,2024-12-17,食品
U03609,FB003610,5,非常满意，产品很好用！,2023-09-14,家居
U03610,FB003611,5,非常满意，产品很好用！,2023-12-05,食品
U03611,FB003612,4,还不错，基本满意。,2023-01-30,美妆
U03612,FB003613,4,还不错，基本满意。,2023-04-08,美妆
U03613,FB003614,5,非常满意，产品很好用！,2024-10-03,美妆
U03614,FB003615,5,非常满意，产品很好用！,2024-01-31,家居
U03615,FB003616,3,一般般，有待改进。,2024-08-22,家居
U03616,FB003617,4,还不错，基本满意。,2023-10-30,食品
U03617,FB003618,4,还不错，基本满意。,2023-12-24,美妆
U03618,FB003619,3,一般般，有待改进。,2023-05-06,3C数码
U03619,FB003620,4,还不错，基本满意。,2023-09-27,美妆
U03620,FB003621,5,非常满意，产品很好用！,2023-04-30,食品
U03621,FB003622,5,非常满意，产品很好用！,2024-12-11,家居
U03622,FB003623,5,非常满意，产品很好用！,2023-12-04,食品
U03623,FB003624,5,非常满意，产品很好用！,2024-09-27,食品
U03624,FB003625,3,一般般，有待改进。,2023-05-06,食品
U03625,FB003626,5,非常满意，产品很好用！,2024-12-19,家居
U03626,FB003627,5,非常满意，产品很好用！,2023-10-06,食品
U03627,FB003628,3,一般般，有待改进。,2023-12-02,家居
U03628,FB003629,4,还不错，基本满意。,2023-08-21,家居
U03629,FB003630,3,一般般，有待改进。,2023-06-12,食品
U03630,FB003631,2,不太满意，需要改善。,2024-09-04,美妆
U03631,FB003632,5,非常满意，产品很好用！,2024-12-20,美妆
U03632,FB003633,4,还不错，基本满意。,2024-06-01,3C数码
U03633,FB003634,4,还不错，基本满意。,2024-01-27,家居
U03634,FB003635,4,还不错，基本满意。,2024-04-15,食品
U03635,FB003636,4,还不错，基本满意。,2024-02-26,食品
U03636,FB003637,3,一般般，有待改进。,2023-10-18,家居
U03637,FB003638,5,非常满意，产品很好用！,2023-12-02,家居
U03638,FB003639,5,非常满意，产品很好用！,2023-06-19,3C数码
U03639,FB003640,3,一般般，有待改进。,2024-08-10,3C数码
U03640,FB003641,4,还不错，基本满意。,2023-08-03,家居
U03641,FB003642,5,非常满意，产品很好用！,2023-01-05,服饰
U03642,FB003643,4,还不错，基本满意。,2023-07-15,3C数码
U03643,FB003644,5,非常满意，产品很好用！,2024-05-24,服饰
U03644,FB003645,5,非常满意，产品很好用！,2024-04-15,服饰
U03645,FB003646,4,还不错，基本满意。,2023-04-03,服饰
U03646,FB003647,4,还不错，基本满意。,2024-11-24,美妆
U03647,FB003648,3,一般般，有待改进。,2024-07-13,家居
U03648,FB003649,1,非常不满意，体验很差。,2024-05-21,食品
U03649,FB003650,4,还不错，基本满意。,2023-07-11,服饰
U03650,FB003651,3,一般般，有待改进。,2024-03-21,家居
U03651,FB003652,5,非常满意，产品很好用！,2024-03-05,家居
U03652,FB003653,2,不太满意，需要改善。,2023-09-18,3C数码
U03653,FB003654,5,非常满意，产品很好用！,2024-07-18,食品
U03654,FB003655,3,一般般，有待改进。,2023-12-22,3C数码
U03655,FB003656,4,还不错，基本满意。,2024-02-13,服饰
U03656,FB003657,5,非常满意，产品很好用！,2023-12-11,美妆
U03657,FB003658,5,非常满意，产品很好用！,2023-10-12,家居
U03658,FB003659,5,非常满意，产品很好用！,2023-04-05,家居
U03659,FB003660,2,不太满意，需要改善。,2023-08-30,家居
U03660,FB003661,5,非常满意，产品很好用！,2023-09-12,美妆
U03661,FB003662,5,非常满意，产品很好用！,2024-02-17,服饰
U03662,FB003663,5,非常满意，产品很好用！,2023-02-03,美妆
U03663,FB003664,4,还不错，基本满意。,2024-09-01,食品
U03664,FB003665,5,非常满意，产品很好用！,2023-02-28,食品
U03665,FB003666,4,还不错，基本满意。,2024-11-01,3C数码
U03666,FB003667,2,不太满意，需要改善。,2024-11-17,3C数码
U03667,FB003668,3,一般般，有待改进。,2023-10-17,3C数码
U03668,FB003669,4,还不错，基本满意。,2024-12-19,美妆
U03669,FB003670,3,一般般，有待改进。,2023-10-31,食品
U03670,FB003671,1,非常不满意，体验很差。,2024-03-19,服饰
U03671,FB003672,2,不太满意，需要改善。,2023-06-19,美妆
U03672,FB003673,5,非常满意，产品很好用！,2024-11-05,食品
U03673,FB003674,5,非常满意，产品很好用！,2023-06-15,家居
U03674,FB003675,3,一般般，有待改进。,2024-08-18,3C数码
U03675,FB003676,4,还不错，基本满意。,2023-08-18,食品
U03676,FB003677,5,非常满意，产品很好用！,2023-01-28,服饰
U03677,FB003678,5,非常满意，产品很好用！,2023-07-25,食品
U03678,FB003679,3,一般般，有待改进。,2024-10-10,家居
U03679,FB003680,5,非常满意，产品很好用！,2024-07-24,服饰
U03680,FB003681,2,不太满意，需要改善。,2023-11-04,服饰
U03681,FB003682,2,不太满意，需要改善。,2023-12-10,食品
U03682,FB003683,3,一般般，有待改进。,2024-08-06,3C数码
U03683,FB003684,5,非常满意，产品很好用！,2023-04-04,3C数码
U03684,FB003685,3,一般般，有待改进。,2024-04-22,美妆
U03685,FB003686,5,非常满意，产品很好用！,2024-05-24,美妆
U03686,FB003687,3,一般般，有待改进。,2023-12-01,3C数码
U03687,FB003688,4,还不错，基本满意。,2024-10-11,3C数码
U03688,FB003689,5,非常满意，产品很好用！,2023-04-01,美妆
U03689,FB003690,4,还不错，基本满意。,2023-04-22,家居
U03690,FB003691,4,还不错，基本满意。,2024-08-17,3C数码
U03691,FB003692,5,非常满意，产品很好用！,2024-04-05,家居
U03692,FB003693,5,非常满意，产品很好用！,2024-01-26,服饰
U03693,FB003694,3,一般般，有待改进。,2023-12-01,食品
U03694,FB003695,1,非常不满意，体验很差。,2024-01-18,服饰
U03695,FB003696,2,不太满意，需要改善。,2024-02-15,3C数码
U03696,FB003697,3,一般般，有待改进。,2024-12-08,美妆
U03697,FB003698,4,还不错，基本满意。,2024-10-09,服饰
U03698,FB003699,4,还不错，基本满意。,2023-12-19,3C数码
U03699,FB003700,5,非常满意，产品很好用！,2023-12-14,美妆
U03700,FB003701,5,非常满意，产品很好用！,2023-05-25,家居
U03701,FB003702,2,不太满意，需要改善。,2023-02-06,美妆
U03702,FB003703,5,非常满意，产品很好用！,2023-11-21,服饰
U03703,FB003704,5,非常满意，产品很好用！,2023-04-05,家居
U03704,FB003705,4,还不错，基本满意。,2024-08-15,美妆
U03705,FB003706,4,还不错，基本满意。,2023-09-14,3C数码
U03706,FB003707,1,非常不满意，体验很差。,2024-12-23,家居
U03707,FB003708,2,不太满意，需要改善。,2024-01-05,服饰
U03708,FB003709,5,非常满意，产品很好用！,2023-09-03,食品
U03709,FB003710,3,一般般，有待改进。,2024-03-20,3C数码
U03710,FB003711,3,一般般，有待改进。,2024-01-26,食品
U03711,FB003712,3,一般般，有待改进。,2023-07-04,服饰
U03712,FB003713,5,非常满意，产品很好用！,2023-04-11,3C数码
U03713,FB003714,2,不太满意，需要改善。,2023-08-02,服饰
U03714,FB003715,5,非常满意，产品很好用！,2023-01-25,食品
U03715,FB003716,2,不太满意，需要改善。,2024-09-17,食品
U03716,FB003717,3,一般般，有待改进。,2023-05-24,服饰
U03717,FB003718,4,还不错，基本满意。,2024-07-07,食品
U03718,FB003719,5,非常满意，产品很好用！,2024-12-18,3C数码
U03719,FB003720,5,非常满意，产品很好用！,2024-06-30,家居
U03720,FB003721,4,还不错，基本满意。,2024-12-26,美妆
U03721,FB003722,2,不太满意，需要改善。,2023-10-02,服饰
U03722,FB003723,4,还不错，基本满意。,2024-10-14,美妆
U03723,FB003724,5,非常满意，产品很好用！,2024-03-21,服饰
U03724,FB003725,2,不太满意，需要改善。,2023-05-21,美妆
U03725,FB003726,5,非常满意，产品很好用！,2024-07-11,美妆
U03726,FB003727,5,非常满意，产品很好用！,2024-12-20,3C数码
U03727,FB003728,5,非常满意，产品很好用！,2023-05-12,食品
U03728,FB003729,4,还不错，基本满意。,2023-02-21,家居
U03729,FB003730,1,非常不满意，体验很差。,2023-04-10,服饰
U03730,FB003731,4,还不错，基本满意。,2024-12-11,服饰
U03731,FB003732,3,一般般，有待改进。,2024-09-07,服饰
U03732,FB003733,5,非常满意，产品很好用！,2024-03-03,服饰
U03733,FB003734,1,非常不满意，体验很差。,2024-09-02,服饰
U03734,FB003735,3,一般般，有待改进。,2024-09-11,3C数码
U03735,FB003736,2,不太满意，需要改善。,2024-04-23,服饰
U03736,FB003737,1,非常不满意，体验很差。,2023-04-07,服饰
U03737,FB003738,3,一般般，有待改进。,2024-08-12,3C数码
U03738,FB003739,4,还不错，基本满意。,2024-11-15,食品
U03739,FB003740,4,还不错，基本满意。,2023-08-04,服饰
U03740,FB003741,4,还不错，基本满意。,2024-10-04,食品
U03741,FB003742,4,还不错，基本满意。,2024-01-10,家居
U03742,FB003743,5,非常满意，产品很好用！,2023-10-12,美妆
U03743,FB003744,3,一般般，有待改进。,2023-12-31,美妆
U03744,FB003745,2,不太满意，需要改善。,2024-04-07,家居
U03745,FB003746,3,一般般，有待改进。,2024-10-23,食品
U03746,FB003747,5,非常满意，产品很好用！,2024-07-02,食品
U03747,FB003748,4,还不错，基本满意。,2023-03-01,服饰
U03748,FB003749,3,一般般，有待改进。,2023-10-28,家居
U03749,FB003750,3,一般般，有待改进。,2023-01-08,3C数码
U03750,FB003751,4,还不错，基本满意。,2023-06-24,食品
U03751,FB003752,5,非常满意，产品很好用！,2024-09-14,3C数码
U03752,FB003753,1,非常不满意，体验很差。,2024-07-31,服饰
U03753,FB003754,4,还不错，基本满意。,2024-06-13,美妆
U03754,FB003755,5,非常满意，产品很好用！,2023-09-12,家居
U03755,FB003756,2,不太满意，需要改善。,2023-10-11,食品
U03756,FB003757,4,还不错，基本满意。,2023-05-22,服饰
U03757,FB003758,5,非常满意，产品很好用！,2023-01-12,美妆
U03758,FB003759,4,还不错，基本满意。,2024-07-28,食品
U03759,FB003760,5,非常满意，产品很好用！,2023-04-08,食品
U03760,FB003761,5,非常满意，产品很好用！,2024-07-17,服饰
U03761,FB003762,3,一般般，有待改进。,2024-03-28,服饰
U03762,FB003763,4,还不错，基本满意。,2023-08-15,3C数码
U03763,FB003764,4,还不错，基本满意。,2023-09-11,家居
U03764,FB003765,3,一般般，有待改进。,2024-08-30,服饰
U03765,FB003766,2,不太满意，需要改善。,2023-05-29,服饰
U03766,FB003767,5,非常满意，产品很好用！,2024-11-22,3C数码
U03767,FB003768,5,非常满意，产品很好用！,2024-02-05,食品
U03768,FB003769,4,还不错，基本满意。,2023-06-26,服饰
U03769,FB003770,5,非常满意，产品很好用！,2024-12-24,服饰
U03770,FB003771,3,一般般，有待改进。,2023-08-12,食品
U03771,FB003772,5,非常满意，产品很好用！,2024-07-06,3C数码
U03772,FB003773,5,非常满意，产品很好用！,2024-06-30,食品
U03773,FB003774,3,一般般，有待改进。,2023-07-25,家居
U03774,FB003775,5,非常满意，产品很好用！,2023-03-11,食品
U03775,FB003776,4,还不错，基本满意。,2024-08-09,3C数码
U03776,FB003777,5,非常满意，产品很好用！,2024-08-28,美妆
U03777,FB003778,2,不太满意，需要改善。,2023-03-10,美妆
U03778,FB003779,3,一般般，有待改进。,2023-09-11,食品
U03779,FB003780,2,不太满意，需要改善。,2023-12-31,美妆
U03780,FB003781,5,非常满意，产品很好用！,2023-03-11,食品
U03781,FB003782,5,非常满意，产品很好用！,2023-05-17,3C数码
U03782,FB003783,5,非常满意，产品很好用！,2023-11-14,3C数码
U03783,FB003784,5,非常满意，产品很好用！,2023-03-31,美妆
U03784,FB003785,4,还不错，基本满意。,2023-10-11,美妆
U03785,FB003786,3,一般般，有待改进。,2024-08-08,食品
U03786,FB003787,5,非常满意，产品很好用！,2024-11-13,家居
U03787,FB003788,4,还不错，基本满意。,2024-04-12,食品
U03788,FB003789,1,非常不满意，体验很差。,2024-09-25,服饰
U03789,FB003790,5,非常满意，产品很好用！,2024-10-03,家居
U03790,FB003791,4,还不错，基本满意。,2024-07-28,美妆
U03791,FB003792,2,不太满意，需要改善。,2024-04-02,家居
U03792,FB003793,4,还不错，基本满意。,2024-11-02,食品
U03793,FB003794,5,非常满意，产品很好用！,2023-03-05,服饰
U03794,FB003795,1,非常不满意，体验很差。,2024-09-20,服饰
U03795,FB003796,1,非常不满意，体验很差。,2024-09-15,服饰
U03796,FB003797,3,一般般，有待改进。,2023-04-06,3C数码
U03797,FB003798,2,不太满意，需要改善。,2024-02-08,家居
U03798,FB003799,3,一般般，有待改进。,2024-06-16,服饰
U03799,FB003800,5,非常满意，产品很好用！,2023-03-20,服饰
U03800,FB003801,4,还不错，基本满意。,2023-12-15,3C数码
U03801,FB003802,3,一般般，有待改进。,2023-09-01,美妆
U03802,FB003803,4,还不错，基本满意。,2023-06-08,食品
U03803,FB003804,2,不太满意，需要改善。,2024-07-31,家居
U03804,FB003805,5,非常满意，产品很好用！,2023-12-12,家居
U03805,FB003806,5,非常满意，产品很好用！,2023-04-19,家居
U03806,FB003807,5,非常满意，产品很好用！,2024-01-14,3C数码
U03807,FB003808,3,一般般，有待改进。,2023-11-14,食品
U03808,FB003809,4,还不错，基本满意。,2023-01-24,家居
U03809,FB003810,3,一般般，有待改进。,2023-04-06,食品
U03810,FB003811,4,还不错，基本满意。,2024-09-23,服饰
U03811,FB003812,3,一般般，有待改进。,2023-05-10,家居
U03812,FB003813,1,非常不满意，体验很差。,2023-02-02,家居
U03813,FB003814,5,非常满意，产品很好用！,2023-10-12,美妆
U03814,FB003815,4,还不错，基本满意。,2023-09-19,美妆
U03815,FB003816,3,一般般，有待改进。,2024-06-10,食品
U03816,FB003817,3,一般般，有待改进。,2024-11-26,家居
U03817,FB003818,5,非常满意，产品很好用！,2024-06-18,服饰
U03818,FB003819,5,非常满意，产品很好用！,2024-12-27,食品
U03819,FB003820,5,非常满意，产品很好用！,2024-10-25,3C数码
U03820,FB003821,4,还不错，基本满意。,2023-12-11,家居
U03821,FB003822,3,一般般，有待改进。,2024-07-09,3C数码
U03822,FB003823,3,一般般，有待改进。,2024-06-12,食品
U03823,FB003824,4,还不错，基本满意。,2023-04-26,服饰
U03824,FB003825,4,还不错，基本满意。,2024-04-29,家居
U03825,FB003826,3,一般般，有待改进。,2024-06-30,家居
U03826,FB003827,3,一般般，有待改进。,2023-02-09,服饰
U03827,FB003828,2,不太满意，需要改善。,2023-09-13,3C数码
U03828,FB003829,3,一般般，有待改进。,2024-07-25,3C数码
U03829,FB003830,5,非常满意，产品很好用！,2023-01-21,3C数码
U03830,FB003831,5,非常满意，产品很好用！,2024-08-01,美妆
U03831,FB003832,5,非常满意，产品很好用！,2024-01-06,食品
U03832,FB003833,5,非常满意，产品很好用！,2024-01-21,食品
U03833,FB003834,3,一般般，有待改进。,2023-09-23,美妆
U03834,FB003835,5,非常满意，产品很好用！,2024-04-11,家居
U03835,FB003836,3,一般般，有待改进。,2023-06-24,3C数码
U03836,FB003837,5,非常满意，产品很好用！,2023-10-22,3C数码
U03837,FB003838,5,非常满意，产品很好用！,2023-10-29,服饰
U03838,FB003839,3,一般般，有待改进。,2024-04-22,美妆
U03839,FB003840,4,还不错，基本满意。,2024-10-28,3C数码
U03840,FB003841,4,还不错，基本满意。,2023-05-10,食品
U03841,FB003842,5,非常满意，产品很好用！,2024-02-26,服饰
U03842,FB003843,4,还不错，基本满意。,2024-09-16,家居
U03843,FB003844,1,非常不满意，体验很差。,2024-10-05,美妆
U03844,FB003845,5,非常满意，产品很好用！,2024-06-14,食品
U03845,FB003846,1,非常不满意，体验很差。,2024-03-01,食品
U03846,FB003847,5,非常满意，产品很好用！,2023-09-14,服饰
U03847,FB003848,4,还不错，基本满意。,2023-11-06,食品
U03848,FB003849,4,还不错，基本满意。,2024-07-16,食品
U03849,FB003850,5,非常满意，产品很好用！,2024-12-21,家居
U03850,FB003851,4,还不错，基本满意。,2024-11-04,美妆
U03851,FB003852,4,还不错，基本满意。,2024-07-07,服饰
U03852,FB003853,5,非常满意，产品很好用！,2023-12-18,服饰
U03853,FB003854,3,一般般，有待改进。,2023-08-26,美妆
U03854,FB003855,5,非常满意，产品很好用！,2024-12-15,3C数码
U03855,FB003856,5,非常满意，产品很好用！,2023-10-19,服饰
U03856,FB003857,4,还不错，基本满意。,2024-09-17,服饰
U03857,FB003858,3,一般般，有待改进。,2023-07-05,家居
U03858,FB003859,4,还不错，基本满意。,2024-07-30,3C数码
U03859,FB003860,4,还不错，基本满意。,2024-03-14,家居
U03860,FB003861,4,还不错，基本满意。,2024-05-20,食品
U03861,FB003862,4,还不错，基本满意。,2023-10-15,家居
U03862,FB003863,5,非常满意，产品很好用！,2024-07-18,服饰
U03863,FB003864,1,非常不满意，体验很差。,2023-04-08,家居
U03864,FB003865,5,非常满意，产品很好用！,2024-06-18,家居
U03865,FB003866,4,还不错，基本满意。,2023-09-05,食品
U03866,FB003867,2,不太满意，需要改善。,2023-06-02,3C数码
U03867,FB003868,3,一般般，有待改进。,2023-12-28,食品
U03868,FB003869,4,还不错，基本满意。,2023-06-28,美妆
U03869,FB003870,3,一般般，有待改进。,2024-04-14,家居
U03870,FB003871,5,非常满意，产品很好用！,2023-04-26,家居
U03871,FB003872,5,非常满意，产品很好用！,2023-01-09,美妆
U03872,FB003873,4,还不错，基本满意。,2023-10-31,家居
U03873,FB003874,3,一般般，有待改进。,2023-12-23,家居
U03874,FB003875,5,非常满意，产品很好用！,2024-12-20,3C数码
U03875,FB003876,5,非常满意，产品很好用！,2023-11-22,家居
U03876,FB003877,3,一般般，有待改进。,2023-06-08,3C数码
U03877,FB003878,5,非常满意，产品很好用！,2023-02-28,家居
U03878,FB003879,4,还不错，基本满意。,2023-07-11,美妆
U03879,FB003880,2,不太满意，需要改善。,2024-07-18,服饰
U03880,FB003881,4,还不错，基本满意。,2023-02-22,食品
U03881,FB003882,4,还不错，基本满意。,2023-07-02,家居
U03882,FB003883,3,一般般，有待改进。,2024-06-27,3C数码
U03883,FB003884,1,非常不满意，体验很差。,2024-11-10,家居
U03884,FB003885,4,还不错，基本满意。,2024-04-03,服饰
U03885,FB003886,4,还不错，基本满意。,2023-10-25,食品
U03886,FB003887,4,还不错，基本满意。,2023-10-28,美妆
U03887,FB003888,4,还不错，基本满意。,2024-04-28,美妆
U03888,FB003889,5,非常满意，产品很好用！,2024-05-28,食品
U03889,FB003890,3,一般般，有待改进。,2024-01-15,服饰
U03890,FB003891,5,非常满意，产品很好用！,2023-07-05,3C数码
U03891,FB003892,4,还不错，基本满意。,2024-04-11,食品
U03892,FB003893,4,还不错，基本满意。,2024-08-04,3C数码
U03893,FB003894,5,非常满意，产品很好用！,2023-08-29,食品
U03894,FB003895,5,非常满意，产品很好用！,2023-09-30,美妆
U03895,FB003896,5,非常满意，产品很好用！,2024-10-05,食品
U03896,FB003897,4,还不错，基本满意。,2023-08-11,食品
U03897,FB003898,4,还不错，基本满意。,2024-09-19,美妆
U03898,FB003899,4,还不错，基本满意。,2024-02-25,美妆
U03899,FB003900,4,还不错，基本满意。,2023-02-22,食品
U03900,FB003901,3,一般般，有待改进。,2023-02-16,家居
U03901,FB003902,5,非常满意，产品很好用！,2024-01-13,食品
U03902,FB003903,5,非常满意，产品很好用！,2023-04-18,服饰
U03903,FB003904,5,非常满意，产品很好用！,2023-01-05,美妆
U03904,FB003905,1,非常不满意，体验很差。,2024-09-25,美妆
U03905,FB003906,5,非常满意，产品很好用！,2023-03-03,服饰
U03906,FB003907,3,一般般，有待改进。,2024-12-19,3C数码
U03907,FB003908,3,一般般，有待改进。,2023-01-05,食品
U03908,FB003909,5,非常满意，产品很好用！,2024-01-29,服饰
U03909,FB003910,2,不太满意，需要改善。,2023-03-27,美妆
U03910,FB003911,4,还不错，基本满意。,2023-06-09,食品
U03911,FB003912,4,还不错，基本满意。,2024-01-01,家居
U03912,FB003913,4,还不错，基本满意。,2024-11-25,食品
U03913,FB003914,5,非常满意，产品很好用！,2023-10-18,美妆
U03914,FB003915,3,一般般，有待改进。,2023-11-11,食品
U03915,FB003916,3,一般般，有待改进。,2023-01-20,家居
U03916,FB003917,5,非常满意，产品很好用！,2023-02-13,3C数码
U03917,FB003918,5,非常满意，产品很好用！,2024-04-10,美妆
U03918,FB003919,5,非常满意，产品很好用！,2024-03-25,美妆
U03919,FB003920,5,非常满意，产品很好用！,2024-07-18,服饰
U03920,FB003921,4,还不错，基本满意。,2023-08-22,家居
U03921,FB003922,5,非常满意，产品很好用！,2023-09-07,服饰
U03922,FB003923,4,还不错，基本满意。,2023-05-13,美妆
U03923,FB003924,4,还不错，基本满意。,2024-11-14,3C数码
U03924,FB003925,4,还不错，基本满意。,2023-01-09,美妆
U03925,FB003926,4,还不错，基本满意。,2023-02-11,3C数码
U03926,FB003927,5,非常满意，产品很好用！,2023-02-03,3C数码
U03927,FB003928,4,还不错，基本满意。,2023-05-15,家居
U03928,FB003929,5,非常满意，产品很好用！,2024-12-14,服饰
U03929,FB003930,5,非常满意，产品很好用！,2023-01-30,食品
U03930,FB003931,3,一般般，有待改进。,2023-05-12,家居
U03931,FB003932,5,非常满意，产品很好用！,2024-12-11,家居
U03932,FB003933,4,还不错，基本满意。,2024-07-08,家居
U03933,FB003934,3,一般般，有待改进。,2024-07-23,食品
U03934,FB003935,3,一般般，有待改进。,2024-12-12,美妆
U03935,FB003936,3,一般般，有待改进。,2023-01-27,家居
U03936,FB003937,5,非常满意，产品很好用！,2024-06-23,3C数码
U03937,FB003938,5,非常满意，产品很好用！,2023-08-22,3C数码
U03938,FB003939,4,还不错，基本满意。,2024-11-05,3C数码
U03939,FB003940,4,还不错，基本满意。,2023-06-03,家居
U03940,FB003941,5,非常满意，产品很好用！,2024-10-26,美妆
U03941,FB003942,3,一般般，有待改进。,2023-01-16,3C数码
U03942,FB003943,5,非常满意，产品很好用！,2023-08-23,美妆
U03943,FB003944,4,还不错，基本满意。,2023-12-24,3C数码
U03944,FB003945,3,一般般，有待改进。,2023-06-29,服饰
U03945,FB003946,4,还不错，基本满意。,2024-03-10,家居
U03946,FB003947,2,不太满意，需要改善。,2023-11-14,美妆
U03947,FB003948,5,非常满意，产品很好用！,2024-05-19,3C数码
U03948,FB003949,4,还不错，基本满意。,2024-05-18,美妆
U03949,FB003950,2,不太满意，需要改善。,2023-11-06,3C数码
U03950,FB003951,3,一般般，有待改进。,2023-05-20,3C数码
U03951,FB003952,3,一般般，有待改进。,2023-06-02,3C数码
U03952,FB003953,5,非常满意，产品很好用！,2024-03-18,美妆
U03953,FB003954,2,不太满意，需要改善。,2023-09-17,美妆
U03954,FB003955,5,非常满意，产品很好用！,2024-12-26,服饰
U03955,FB003956,1,非常不满意，体验很差。,2024-06-19,3C数码
U03956,FB003957,5,非常满意，产品很好用！,2023-07-23,美妆
U03957,FB003958,4,还不错，基本满意。,2024-11-06,3C数码
U03958,FB003959,3,一般般，有待改进。,2024-02-08,食品
U03959,FB003960,3,一般般，有待改进。,2023-05-09,服饰
U03960,FB003961,4,还不错，基本满意。,2023-08-01,家居
U03961,FB003962,5,非常满意，产品很好用！,2024-07-24,3C数码
U03962,FB003963,1,非常不满意，体验很差。,2023-06-08,服饰
U03963,FB003964,4,还不错，基本满意。,2023-08-03,3C数码
U03964,FB003965,5,非常满意，产品很好用！,2023-05-13,家居
U03965,FB003966,5,非常满意，产品很好用！,2023-03-23,服饰
U03966,FB003967,4,还不错，基本满意。,2024-11-13,服饰
U03967,FB003968,1,非常不满意，体验很差。,2024-10-23,3C数码
U03968,FB003969,5,非常满意，产品很好用！,2024-11-18,食品
U03969,FB003970,3,一般般，有待改进。,2024-12-27,食品
U03970,FB003971,5,非常满意，产品很好用！,2024-06-05,服饰
U03971,FB003972,5,非常满意，产品很好用！,2023-07-19,食品
U03972,FB003973,2,不太满意，需要改善。,2023-02-15,3C数码
U03973,FB003974,4,还不错，基本满意。,2023-12-19,家居
U03974,FB003975,4,还不错，基本满意。,2024-04-06,美妆
U03975,FB003976,4,还不错，基本满意。,2024-09-29,美妆
U03976,FB003977,4,还不错，基本满意。,2023-03-21,3C数码
U03977,FB003978,2,不太满意，需要改善。,2023-03-22,服饰
U03978,FB003979,5,非常满意，产品很好用！,2023-09-09,食品
U03979,FB003980,4,还不错，基本满意。,2023-08-25,食品
U03980,FB003981,1,非常不满意，体验很差。,2023-03-13,美妆
U03981,FB003982,5,非常满意，产品很好用！,2023-08-29,食品
U03982,FB003983,5,非常满意，产品很好用！,2023-03-23,美妆
U03983,FB003984,3,一般般，有待改进。,2024-11-03,3C数码
U03984,FB003985,3,一般般，有待改进。,2023-08-27,家居
U03985,FB003986,4,还不错，基本满意。,2024-03-21,食品
U03986,FB003987,3,一般般，有待改进。,2023-12-28,家居
U03987,FB003988,5,非常满意，产品很好用！,2024-09-15,食品
U03988,FB003989,5,非常满意，产品很好用！,2024-12-12,美妆
U03989,FB003990,4,还不错，基本满意。,2024-07-26,家居
U03990,FB003991,5,非常满意，产品很好用！,2024-11-03,服饰
U03991,FB003992,5,非常满意，产品很好用！,2024-10-22,家居
U03992,FB003993,3,一般般，有待改进。,2023-01-23,美妆
U03993,FB003994,5,非常满意，产品很好用！,2023-05-16,食品
U03994,FB003995,2,不太满意，需要改善。,2023-10-06,美妆
U03995,FB003996,3,一般般，有待改进。,2023-01-23,家居
U03996,FB003997,4,还不错，基本满意。,2024-01-23,家居
U03997,FB003998,4,还不错，基本满意。,2024-11-25,美妆
U03998,FB003999,1,非常不满意，体验很差。,2024-06-07,美妆
U03999,FB004000,3,一般般，有待改进。,2024-01-16,3C数码
U04000,FB004001,5,非常满意，产品很好用！,2024-04-21,服饰
U04001,FB004002,3,一般般，有待改进。,2024-05-02,食品
U04002,FB004003,5,非常满意，产品很好用！,2024-05-28,食品
U04003,FB004004,3,一般般，有待改进。,2023-10-20,食品
U04004,FB004005,5,非常满意，产品很好用！,2024-01-03,食品
U04005,FB004006,4,还不错，基本满意。,2024-03-09,服饰
U04006,FB004007,1,非常不满意，体验很差。,2023-01-12,服饰
U04007,FB004008,5,非常满意，产品很好用！,2024-02-06,服饰
U04008,FB004009,5,非常满意，产品很好用！,2023-04-28,服饰
U04009,FB004010,5,非常满意，产品很好用！,2024-07-26,服饰
U04010,FB004011,3,一般般，有待改进。,2023-02-03,家居
U04011,FB004012,5,非常满意，产品很好用！,2024-12-23,食品
U04012,FB004013,5,非常满意，产品很好用！,2023-09-11,食品
U04013,FB004014,2,不太满意，需要改善。,2023-08-08,食品
U04014,FB004015,5,非常满意，产品很好用！,2024-05-16,3C数码
U04015,FB004016,4,还不错，基本满意。,2023-09-19,美妆
U04016,FB004017,3,一般般，有待改进。,2024-06-06,家居
U04017,FB004018,4,还不错，基本满意。,2024-09-06,食品
U04018,FB004019,4,还不错，基本满意。,2023-07-10,美妆
U04019,FB004020,5,非常满意，产品很好用！,2023-09-29,服饰
U04020,FB004021,4,还不错，基本满意。,2023-01-13,家居
U04021,FB004022,5,非常满意，产品很好用！,2023-09-01,服饰
U04022,FB004023,5,非常满意，产品很好用！,2024-01-24,家居
U04023,FB004024,3,一般般，有待改进。,2024-10-18,美妆
U04024,FB004025,5,非常满意，产品很好用！,2024-10-23,服饰
U04025,FB004026,5,非常满意，产品很好用！,2023-03-22,服饰
U04026,FB004027,3,一般般，有待改进。,2023-01-08,食品
U04027,FB004028,5,非常满意，产品很好用！,2023-06-23,家居
U04028,FB004029,5,非常满意，产品很好用！,2024-07-17,3C数码
U04029,FB004030,4,还不错，基本满意。,2023-06-21,食品
U04030,FB004031,4,还不错，基本满意。,2024-01-14,3C数码
U04031,FB004032,4,还不错，基本满意。,2023-11-10,服饰
U04032,FB004033,1,非常不满意，体验很差。,2023-02-15,美妆
U04033,FB004034,2,不太满意，需要改善。,2023-02-04,美妆
U04034,FB004035,4,还不错，基本满意。,2024-10-04,美妆
U04035,FB004036,5,非常满意，产品很好用！,2023-01-26,家居
U04036,FB004037,2,不太满意，需要改善。,2023-04-30,服饰
U04037,FB004038,5,非常满意，产品很好用！,2024-02-02,美妆
U04038,FB004039,4,还不错，基本满意。,2023-08-31,3C数码
U04039,FB004040,5,非常满意，产品很好用！,2024-11-22,服饰
U04040,FB004041,4,还不错，基本满意。,2024-01-30,美妆
U04041,FB004042,4,还不错，基本满意。,2023-03-16,服饰
U04042,FB004043,3,一般般，有待改进。,2024-03-22,食品
U04043,FB004044,4,还不错，基本满意。,2023-01-03,食品
U04044,FB004045,3,一般般，有待改进。,2023-08-26,家居
U04045,FB004046,4,还不错，基本满意。,2023-11-09,食品
U04046,FB004047,3,一般般，有待改进。,2023-03-31,美妆
U04047,FB004048,3,一般般，有待改进。,2024-06-23,美妆
U04048,FB004049,5,非常满意，产品很好用！,2023-06-24,3C数码
U04049,FB004050,5,非常满意，产品很好用！,2023-08-28,3C数码
U04050,FB004051,5,非常满意，产品很好用！,2024-04-02,家居
U04051,FB004052,3,一般般，有待改进。,2024-12-09,美妆
U04052,FB004053,3,一般般，有待改进。,2024-05-19,3C数码
U04053,FB004054,4,还不错，基本满意。,2023-10-18,3C数码
U04054,FB004055,3,一般般，有待改进。,2024-10-06,食品
U04055,FB004056,4,还不错，基本满意。,2023-02-03,家居
U04056,FB004057,2,不太满意，需要改善。,2023-08-26,服饰
U04057,FB004058,5,非常满意，产品很好用！,2023-04-27,家居
U04058,FB004059,3,一般般，有待改进。,2024-03-12,家居
U04059,FB004060,4,还不错，基本满意。,2024-08-20,家居
U04060,FB004061,3,一般般，有待改进。,2024-06-24,美妆
U04061,FB004062,4,还不错，基本满意。,2024-05-12,食品
U04062,FB004063,4,还不错，基本满意。,2023-09-16,食品
U04063,FB004064,4,还不错，基本满意。,2024-05-14,服饰
U04064,FB004065,1,非常不满意，体验很差。,2023-06-05,3C数码
U04065,FB004066,3,一般般，有待改进。,2024-11-04,食品
U04066,FB004067,5,非常满意，产品很好用！,2024-04-21,3C数码
U04067,FB004068,1,非常不满意，体验很差。,2024-06-11,服饰
U04068,FB004069,5,非常满意，产品很好用！,2023-07-05,家居
U04069,FB004070,1,非常不满意，体验很差。,2023-08-28,家居
U04070,FB004071,4,还不错，基本满意。,2024-01-25,食品
U04071,FB004072,1,非常不满意，体验很差。,2024-10-08,家居
U04072,FB004073,5,非常满意，产品很好用！,2024-09-30,3C数码
U04073,FB004074,5,非常满意，产品很好用！,2023-11-25,美妆
U04074,FB004075,4,还不错，基本满意。,2024-08-19,食品
U04075,FB004076,4,还不错，基本满意。,2023-07-15,食品
U04076,FB004077,5,非常满意，产品很好用！,2023-05-05,美妆
U04077,FB004078,4,还不错，基本满意。,2024-11-25,食品
U04078,FB004079,2,不太满意，需要改善。,2024-11-23,家居
U04079,FB004080,2,不太满意，需要改善。,2024-11-07,食品
U04080,FB004081,3,一般般，有待改进。,2023-03-24,食品
U04081,FB004082,1,非常不满意，体验很差。,2024-06-06,家居
U04082,FB004083,5,非常满意，产品很好用！,2024-02-17,家居
U04083,FB004084,5,非常满意，产品很好用！,2023-05-11,3C数码
U04084,FB004085,3,一般般，有待改进。,2024-03-30,食品
U04085,FB004086,4,还不错，基本满意。,2023-06-07,服饰
U04086,FB004087,3,一般般，有待改进。,2023-05-08,3C数码
U04087,FB004088,2,不太满意，需要改善。,2024-04-03,3C数码
U04088,FB004089,2,不太满意，需要改善。,2023-07-29,美妆
U04089,FB004090,5,非常满意，产品很好用！,2024-12-05,家居
U04090,FB004091,5,非常满意，产品很好用！,2024-09-02,服饰
U04091,FB004092,4,还不错，基本满意。,2023-08-06,家居
U04092,FB004093,5,非常满意，产品很好用！,2023-11-12,食品
U04093,FB004094,2,不太满意，需要改善。,2024-03-10,3C数码
U04094,FB004095,4,还不错，基本满意。,2024-02-23,家居
U04095,FB004096,5,非常满意，产品很好用！,2023-03-12,服饰
U04096,FB004097,4,还不错，基本满意。,2023-06-10,家居
U04097,FB004098,3,一般般，有待改进。,2024-03-07,美妆
U04098,FB004099,1,非常不满意，体验很差。,2023-07-22,家居
U04099,FB004100,3,一般般，有待改进。,2024-10-19,服饰
U04100,FB004101,4,还不错，基本满意。,2024-06-23,食品
U04101,FB004102,4,还不错，基本满意。,2023-05-29,食品
U04102,FB004103,2,不太满意，需要改善。,2024-07-02,家居
U04103,FB004104,3,一般般，有待改进。,2024-03-01,美妆
U04104,FB004105,1,非常不满意，体验很差。,2023-09-25,家居
U04105,FB004106,5,非常满意，产品很好用！,2023-12-21,3C数码
U04106,FB004107,5,非常满意，产品很好用！,2024-09-12,家居
U04107,FB004108,4,还不错，基本满意。,2023-09-14,食品
U04108,FB004109,5,非常满意，产品很好用！,2024-04-17,美妆
U04109,FB004110,5,非常满意，产品很好用！,2023-04-09,服饰
U04110,FB004111,2,不太满意，需要改善。,2023-08-24,美妆
U04111,FB004112,5,非常满意，产品很好用！,2023-03-31,3C数码
U04112,FB004113,4,还不错，基本满意。,2024-11-26,美妆
U04113,FB004114,2,不太满意，需要改善。,2023-03-19,3C数码
U04114,FB004115,5,非常满意，产品很好用！,2023-06-09,美妆
U04115,FB004116,3,一般般，有待改进。,2024-04-15,家居
U04116,FB004117,3,一般般，有待改进。,2023-01-07,服饰
U04117,FB004118,5,非常满意，产品很好用！,2024-10-11,家居
U04118,FB004119,2,不太满意，需要改善。,2023-05-16,美妆
U04119,FB004120,2,不太满意，需要改善。,2023-03-12,美妆
U04120,FB004121,5,非常满意，产品很好用！,2024-01-13,3C数码
U04121,FB004122,3,一般般，有待改进。,2023-05-13,家居
U04122,FB004123,3,一般般，有待改进。,2023-12-22,食品
U04123,FB004124,5,非常满意，产品很好用！,2024-03-03,服饰
U04124,FB004125,2,不太满意，需要改善。,2023-11-26,3C数码
U04125,FB004126,2,不太满意，需要改善。,2023-03-19,美妆
U04126,FB004127,5,非常满意，产品很好用！,2023-05-16,3C数码
U04127,FB004128,3,一般般，有待改进。,2023-01-21,3C数码
U04128,FB004129,5,非常满意，产品很好用！,2024-10-21,食品
U04129,FB004130,4,还不错，基本满意。,2023-09-19,家居
U04130,FB004131,3,一般般，有待改进。,2024-10-01,食品
U04131,FB004132,5,非常满意，产品很好用！,2023-03-29,食品
U04132,FB004133,3,一般般，有待改进。,2024-06-24,服饰
U04133,FB004134,3,一般般，有待改进。,2023-02-26,服饰
U04134,FB004135,4,还不错，基本满意。,2023-10-28,服饰
U04135,FB004136,4,还不错，基本满意。,2024-01-08,家居
U04136,FB004137,5,非常满意，产品很好用！,2024-09-27,食品
U04137,FB004138,5,非常满意，产品很好用！,2024-01-27,食品
U04138,FB004139,3,一般般，有待改进。,2024-03-07,美妆
U04139,FB004140,4,还不错，基本满意。,2023-09-27,家居
U04140,FB004141,1,非常不满意，体验很差。,2024-03-07,食品
U04141,FB004142,5,非常满意，产品很好用！,2024-06-26,美妆
U04142,FB004143,4,还不错，基本满意。,2023-09-01,美妆
U04143,FB004144,5,非常满意，产品很好用！,2024-02-15,服饰
U04144,FB004145,5,非常满意，产品很好用！,2023-06-09,服饰
U04145,FB004146,4,还不错，基本满意。,2024-08-31,家居
U04146,FB004147,1,非常不满意，体验很差。,2024-04-08,3C数码
U04147,FB004148,4,还不错，基本满意。,2023-12-26,食品
U04148,FB004149,4,还不错，基本满意。,2023-10-09,服饰
U04149,FB004150,5,非常满意，产品很好用！,2024-05-30,服饰
U04150,FB004151,4,还不错，基本满意。,2024-06-24,家居
U04151,FB004152,5,非常满意，产品很好用！,2024-06-06,家居
U04152,FB004153,4,还不错，基本满意。,2023-02-27,食品
U04153,FB004154,4,还不错，基本满意。,2024-08-01,美妆
U04154,FB004155,3,一般般，有待改进。,2024-01-23,服饰
U04155,FB004156,5,非常满意，产品很好用！,2024-01-14,3C数码
U04156,FB004157,4,还不错，基本满意。,2023-01-24,家居
U04157,FB004158,5,非常满意，产品很好用！,2023-04-23,食品
U04158,FB004159,3,一般般，有待改进。,2024-09-09,3C数码
U04159,FB004160,3,一般般，有待改进。,2023-05-02,3C数码
U04160,FB004161,4,还不错，基本满意。,2024-06-30,家居
U04161,FB004162,3,一般般，有待改进。,2024-07-19,服饰
U04162,FB004163,5,非常满意，产品很好用！,2023-01-14,家居
U04163,FB004164,4,还不错，基本满意。,2023-02-04,食品
U04164,FB004165,3,一般般，有待改进。,2024-10-01,家居
U04165,FB004166,1,非常不满意，体验很差。,2023-05-02,3C数码
U04166,FB004167,2,不太满意，需要改善。,2024-06-15,美妆
U04167,FB004168,3,一般般，有待改进。,2023-02-03,家居
U04168,FB004169,2,不太满意，需要改善。,2024-05-03,3C数码
U04169,FB004170,5,非常满意，产品很好用！,2023-03-14,服饰
U04170,FB004171,4,还不错，基本满意。,2024-10-13,美妆
U04171,FB004172,2,不太满意，需要改善。,2023-07-03,服饰
U04172,FB004173,3,一般般，有待改进。,2024-09-12,食品
U04173,FB004174,2,不太满意，需要改善。,2023-07-06,美妆
U04174,FB004175,3,一般般，有待改进。,2023-07-19,美妆
U04175,FB004176,5,非常满意，产品很好用！,2024-01-07,3C数码
U04176,FB004177,3,一般般，有待改进。,2023-10-08,服饰
U04177,FB004178,4,还不错，基本满意。,2023-10-09,美妆
U04178,FB004179,5,非常满意，产品很好用！,2023-01-26,服饰
U04179,FB004180,4,还不错，基本满意。,2023-07-06,家居
U04180,FB004181,1,非常不满意，体验很差。,2023-11-09,美妆
U04181,FB004182,3,一般般，有待改进。,2024-01-22,美妆
U04182,FB004183,4,还不错，基本满意。,2023-09-03,服饰
U04183,FB004184,4,还不错，基本满意。,2023-12-20,3C数码
U04184,FB004185,4,还不错，基本满意。,2024-08-19,美妆
U04185,FB004186,3,一般般，有待改进。,2024-05-23,3C数码
U04186,FB004187,4,还不错，基本满意。,2024-06-01,3C数码
U04187,FB004188,4,还不错，基本满意。,2024-10-17,家居
U04188,FB004189,4,还不错，基本满意。,2024-10-22,家居
U04189,FB004190,4,还不错，基本满意。,2024-10-30,美妆
U04190,FB004191,5,非常满意，产品很好用！,2023-02-20,食品
U04191,FB004192,3,一般般，有待改进。,2024-05-02,美妆
U04192,FB004193,2,不太满意，需要改善。,2023-11-30,家居
U04193,FB004194,4,还不错，基本满意。,2023-02-01,家居
U04194,FB004195,3,一般般，有待改进。,2024-05-08,食品
U04195,FB004196,3,一般般，有待改进。,2024-02-14,家居
U04196,FB004197,5,非常满意，产品很好用！,2024-05-17,家居
U04197,FB004198,4,还不错，基本满意。,2023-05-18,服饰
U04198,FB004199,2,不太满意，需要改善。,2023-08-13,3C数码
U04199,FB004200,4,还不错，基本满意。,2023-03-08,服饰
U04200,FB004201,3,一般般，有待改进。,2023-07-30,服饰
U04201,FB004202,2,不太满意，需要改善。,2024-11-22,3C数码
U04202,FB004203,5,非常满意，产品很好用！,2023-08-24,美妆
U04203,FB004204,1,非常不满意，体验很差。,2024-10-12,3C数码
U04204,FB004205,4,还不错，基本满意。,2023-06-13,3C数码
U04205,FB004206,4,还不错，基本满意。,2023-03-04,3C数码
U04206,FB004207,4,还不错，基本满意。,2024-04-21,服饰
U04207,FB004208,5,非常满意，产品很好用！,2024-10-29,食品
U04208,FB004209,5,非常满意，产品很好用！,2024-02-17,家居
U04209,FB004210,4,还不错，基本满意。,2023-08-27,家居
U04210,FB004211,4,还不错，基本满意。,2024-07-13,服饰
U04211,FB004212,5,非常满意，产品很好用！,2024-03-23,3C数码
U04212,FB004213,2,不太满意，需要改善。,2024-10-04,服饰
U04213,FB004214,5,非常满意，产品很好用！,2024-06-27,美妆
U04214,FB004215,3,一般般，有待改进。,2023-01-09,美妆
U04215,FB004216,4,还不错，基本满意。,2023-10-08,食品
U04216,FB004217,5,非常满意，产品很好用！,2024-06-04,家居
U04217,FB004218,3,一般般，有待改进。,2023-02-28,3C数码
U04218,FB004219,3,一般般，有待改进。,2023-02-03,食品
U04219,FB004220,3,一般般，有待改进。,2023-02-17,3C数码
U04220,FB004221,5,非常满意，产品很好用！,2023-07-10,服饰
U04221,FB004222,3,一般般，有待改进。,2023-03-24,3C数码
U04222,FB004223,5,非常满意，产品很好用！,2023-02-15,服饰
U04223,FB004224,5,非常满意，产品很好用！,2023-01-26,家居
U04224,FB004225,4,还不错，基本满意。,2023-10-03,3C数码
U04225,FB004226,3,一般般，有待改进。,2024-08-29,美妆
U04226,FB004227,4,还不错，基本满意。,2023-02-08,家居
U04227,FB004228,4,还不错，基本满意。,2023-02-28,3C数码
U04228,FB004229,3,一般般，有待改进。,2023-12-30,3C数码
U04229,FB004230,2,不太满意，需要改善。,2024-07-11,食品
U04230,FB004231,4,还不错，基本满意。,2024-05-29,家居
U04231,FB004232,5,非常满意，产品很好用！,2023-09-08,美妆
U04232,FB004233,2,不太满意，需要改善。,2024-02-24,家居
U04233,FB004234,4,还不错，基本满意。,2023-04-21,家居
U04234,FB004235,5,非常满意，产品很好用！,2023-08-10,服饰
U04235,FB004236,3,一般般，有待改进。,2023-12-08,3C数码
U04236,FB004237,3,一般般，有待改进。,2023-07-01,家居
U04237,FB004238,4,还不错，基本满意。,2023-02-02,家居
U04238,FB004239,4,还不错，基本满意。,2024-02-26,食品
U04239,FB004240,5,非常满意，产品很好用！,2023-08-14,食品
U04240,FB004241,1,非常不满意，体验很差。,2023-04-30,美妆
U04241,FB004242,1,非常不满意，体验很差。,2023-10-03,服饰
U04242,FB004243,3,一般般，有待改进。,2024-06-25,家居
U04243,FB004244,4,还不错，基本满意。,2024-10-21,美妆
U04244,FB004245,4,还不错，基本满意。,2024-04-18,美妆
U04245,FB004246,3,一般般，有待改进。,2024-02-03,服饰
U04246,FB004247,3,一般般，有待改进。,2023-06-18,食品
U04247,FB004248,4,还不错，基本满意。,2024-04-01,家居
U04248,FB004249,4,还不错，基本满意。,2023-06-07,食品
U04249,FB004250,2,不太满意，需要改善。,2023-07-22,服饰
U04250,FB004251,4,还不错，基本满意。,2023-08-07,服饰
U04251,FB004252,4,还不错，基本满意。,2023-08-27,家居
U04252,FB004253,5,非常满意，产品很好用！,2023-11-21,3C数码
U04253,FB004254,4,还不错，基本满意。,2024-11-02,家居
U04254,FB004255,3,一般般，有待改进。,2023-02-23,服饰
U04255,FB004256,4,还不错，基本满意。,2023-12-11,3C数码
U04256,FB004257,3,一般般，有待改进。,2024-08-15,家居
U04257,FB004258,5,非常满意，产品很好用！,2024-02-24,家居
U04258,FB004259,2,不太满意，需要改善。,2024-12-18,服饰
U04259,FB004260,4,还不错，基本满意。,2024-01-05,3C数码
U04260,FB004261,4,还不错，基本满意。,2023-09-21,服饰
U04261,FB004262,4,还不错，基本满意。,2024-04-10,美妆
U04262,FB004263,5,非常满意，产品很好用！,2024-05-20,家居
U04263,FB004264,3,一般般，有待改进。,2024-09-29,美妆
U04264,FB004265,4,还不错，基本满意。,2023-08-24,食品
U04265,FB004266,5,非常满意，产品很好用！,2024-11-16,家居
U04266,FB004267,4,还不错，基本满意。,2023-08-26,服饰
U04267,FB004268,1,非常不满意，体验很差。,2023-05-27,服饰
U04268,FB004269,3,一般般，有待改进。,2023-06-22,服饰
U04269,FB004270,5,非常满意，产品很好用！,2024-04-26,食品
U04270,FB004271,4,还不错，基本满意。,2024-03-07,服饰
U04271,FB004272,5,非常满意，产品很好用！,2024-10-02,食品
U04272,FB004273,5,非常满意，产品很好用！,2023-09-30,美妆
U04273,FB004274,5,非常满意，产品很好用！,2024-07-29,家居
U04274,FB004275,5,非常满意，产品很好用！,2024-10-26,服饰
U04275,FB004276,4,还不错，基本满意。,2024-12-19,美妆
U04276,FB004277,5,非常满意，产品很好用！,2024-09-13,3C数码
U04277,FB004278,5,非常满意，产品很好用！,2024-01-05,食品
U04278,FB004279,3,一般般，有待改进。,2023-03-26,服饰
U04279,FB004280,5,非常满意，产品很好用！,2023-11-23,食品
U04280,FB004281,3,一般般，有待改进。,2023-10-07,3C数码
U04281,FB004282,5,非常满意，产品很好用！,2023-10-31,美妆
U04282,FB004283,2,不太满意，需要改善。,2024-01-22,美妆
U04283,FB004284,5,非常满意，产品很好用！,2023-11-27,家居
U04284,FB004285,4,还不错，基本满意。,2023-04-11,3C数码
U04285,FB004286,2,不太满意，需要改善。,2024-08-05,家居
U04286,FB004287,5,非常满意，产品很好用！,2024-10-09,美妆
U04287,FB004288,4,还不错，基本满意。,2024-06-03,3C数码
U04288,FB004289,3,一般般，有待改进。,2023-09-01,食品
U04289,FB004290,4,还不错，基本满意。,2023-03-01,食品
U04290,FB004291,1,非常不满意，体验很差。,2024-11-07,3C数码
U04291,FB004292,4,还不错，基本满意。,2024-04-27,家居
U04292,FB004293,3,一般般，有待改进。,2024-03-03,服饰
U04293,FB004294,5,非常满意，产品很好用！,2023-01-05,美妆
U04294,FB004295,4,还不错，基本满意。,2023-09-26,食品
U04295,FB004296,2,不太满意，需要改善。,2023-09-23,食品
U04296,FB004297,2,不太满意，需要改善。,2023-08-01,3C数码
U04297,FB004298,2,不太满意，需要改善。,2023-07-25,服饰
U04298,FB004299,2,不太满意，需要改善。,2024-02-20,服饰
U04299,FB004300,2,不太满意，需要改善。,2024-06-21,美妆
U04300,FB004301,3,一般般，有待改进。,2024-03-05,食品
U04301,FB004302,4,还不错，基本满意。,2024-04-30,服饰
U04302,FB004303,5,非常满意，产品很好用！,2024-04-03,食品
U04303,FB004304,5,非常满意，产品很好用！,2023-08-29,服饰
U04304,FB004305,4,还不错，基本满意。,2023-04-10,美妆
U04305,FB004306,2,不太满意，需要改善。,2023-07-01,美妆
U04306,FB004307,2,不太满意，需要改善。,2023-04-30,服饰
U04307,FB004308,5,非常满意，产品很好用！,2023-02-11,美妆
U04308,FB004309,5,非常满意，产品很好用！,2023-07-06,家居
U04309,FB004310,3,一般般，有待改进。,2023-11-21,食品
U04310,FB004311,5,非常满意，产品很好用！,2024-01-17,美妆
U04311,FB004312,2,不太满意，需要改善。,2023-04-19,3C数码
U04312,FB004313,3,一般般，有待改进。,2024-04-09,美妆
U04313,FB004314,4,还不错，基本满意。,2024-10-16,3C数码
U04314,FB004315,2,不太满意，需要改善。,2023-02-06,美妆
U04315,FB004316,3,一般般，有待改进。,2024-07-18,食品
U04316,FB004317,3,一般般，有待改进。,2024-02-21,3C数码
U04317,FB004318,4,还不错，基本满意。,2024-06-23,食品
U04318,FB004319,5,非常满意，产品很好用！,2024-04-05,3C数码
U04319,FB004320,4,还不错，基本满意。,2024-02-10,3C数码
U04320,FB004321,4,还不错，基本满意。,2023-10-26,服饰
U04321,FB004322,4,还不错，基本满意。,2024-06-13,食品
U04322,FB004323,4,还不错，基本满意。,2023-10-13,食品
U04323,FB004324,5,非常满意，产品很好用！,2023-05-18,服饰
U04324,FB004325,4,还不错，基本满意。,2023-12-09,服饰
U04325,FB004326,5,非常满意，产品很好用！,2024-11-08,3C数码
U04326,FB004327,3,一般般，有待改进。,2023-12-31,服饰
U04327,FB004328,3,一般般，有待改进。,2024-10-23,服饰
U04328,FB004329,5,非常满意，产品很好用！,2023-01-31,家居
U04329,FB004330,5,非常满意，产品很好用！,2023-09-04,美妆
U04330,FB004331,4,还不错，基本满意。,2023-02-26,服饰
U04331,FB004332,5,非常满意，产品很好用！,2023-01-02,家居
U04332,FB004333,4,还不错，基本满意。,2023-01-23,3C数码
U04333,FB004334,5,非常满意，产品很好用！,2024-02-18,服饰
U04334,FB004335,1,非常不满意，体验很差。,2023-12-17,食品
U04335,FB004336,2,不太满意，需要改善。,2023-06-23,3C数码
U04336,FB004337,5,非常满意，产品很好用！,2024-10-05,美妆
U04337,FB004338,2,不太满意，需要改善。,2023-04-16,3C数码
U04338,FB004339,3,一般般，有待改进。,2023-07-10,食品
U04339,FB004340,5,非常满意，产品很好用！,2024-11-06,食品
U04340,FB004341,5,非常满意，产品很好用！,2024-02-02,家居
U04341,FB004342,5,非常满意，产品很好用！,2023-05-08,3C数码
U04342,FB004343,4,还不错，基本满意。,2024-09-12,食品
U04343,FB004344,4,还不错，基本满意。,2024-10-05,服饰
U04344,FB004345,4,还不错，基本满意。,2024-04-03,食品
U04345,FB004346,1,非常不满意，体验很差。,2024-04-06,美妆
U04346,FB004347,4,还不错，基本满意。,2023-12-31,服饰
U04347,FB004348,2,不太满意，需要改善。,2023-04-30,服饰
U04348,FB004349,3,一般般，有待改进。,2023-03-31,3C数码
U04349,FB004350,5,非常满意，产品很好用！,2024-07-21,3C数码
U04350,FB004351,4,还不错，基本满意。,2024-11-15,美妆
U04351,FB004352,5,非常满意，产品很好用！,2024-07-15,家居
U04352,FB004353,4,还不错，基本满意。,2024-10-19,美妆
U04353,FB004354,4,还不错，基本满意。,2023-06-03,美妆
U04354,FB004355,5,非常满意，产品很好用！,2023-02-14,3C数码
U04355,FB004356,2,不太满意，需要改善。,2024-09-16,美妆
U04356,FB004357,4,还不错，基本满意。,2024-05-19,食品
U04357,FB004358,4,还不错，基本满意。,2024-04-03,家居
U04358,FB004359,4,还不错，基本满意。,2023-12-24,家居
U04359,FB004360,4,还不错，基本满意。,2024-09-16,美妆
U04360,FB004361,4,还不错，基本满意。,2023-09-28,美妆
U04361,FB004362,2,不太满意，需要改善。,2023-08-13,服饰
U04362,FB004363,5,非常满意，产品很好用！,2024-07-03,美妆
U04363,FB004364,3,一般般，有待改进。,2023-03-31,家居
U04364,FB004365,2,不太满意，需要改善。,2024-05-12,美妆
U04365,FB004366,2,不太满意，需要改善。,2024-06-22,美妆
U04366,FB004367,4,还不错，基本满意。,2023-12-19,家居
U04367,FB004368,4,还不错，基本满意。,2023-10-24,美妆
U04368,FB004369,3,一般般，有待改进。,2023-09-11,美妆
U04369,FB004370,3,一般般，有待改进。,2023-06-01,家居
U04370,FB004371,3,一般般，有待改进。,2023-04-12,3C数码
U04371,FB004372,3,一般般，有待改进。,2023-10-07,美妆
U04372,FB004373,5,非常满意，产品很好用！,2023-03-30,3C数码
U04373,FB004374,4,还不错，基本满意。,2023-11-24,食品
U04374,FB004375,5,非常满意，产品很好用！,2024-06-24,3C数码
U04375,FB004376,3,一般般，有待改进。,2023-04-19,美妆
U04376,FB004377,4,还不错，基本满意。,2024-10-19,食品
U04377,FB004378,5,非常满意，产品很好用！,2024-11-15,家居
U04378,FB004379,4,还不错，基本满意。,2023-01-08,家居
U04379,FB004380,4,还不错，基本满意。,2024-07-09,3C数码
U04380,FB004381,4,还不错，基本满意。,2023-05-07,食品
U04381,FB004382,4,还不错，基本满意。,2024-12-09,服饰
U04382,FB004383,5,非常满意，产品很好用！,2024-01-15,美妆
U04383,FB004384,5,非常满意，产品很好用！,2023-03-25,服饰
U04384,FB004385,4,还不错，基本满意。,2023-02-05,3C数码
U04385,FB004386,2,不太满意，需要改善。,2023-09-01,服饰
U04386,FB004387,4,还不错，基本满意。,2024-06-07,美妆
U04387,FB004388,5,非常满意，产品很好用！,2023-03-06,食品
U04388,FB004389,4,还不错，基本满意。,2023-09-09,3C数码
U04389,FB004390,1,非常不满意，体验很差。,2023-07-11,家居
U04390,FB004391,3,一般般，有待改进。,2023-01-31,家居
U04391,FB004392,5,非常满意，产品很好用！,2023-04-08,食品
U04392,FB004393,3,一般般，有待改进。,2024-11-23,服饰
U04393,FB004394,4,还不错，基本满意。,2023-07-08,3C数码
U04394,FB004395,5,非常满意，产品很好用！,2024-11-12,3C数码
U04395,FB004396,3,一般般，有待改进。,2023-09-28,美妆
U04396,FB004397,5,非常满意，产品很好用！,2024-11-16,服饰
U04397,FB004398,5,非常满意，产品很好用！,2023-05-30,食品
U04398,FB004399,4,还不错，基本满意。,2023-06-17,3C数码
U04399,FB004400,4,还不错，基本满意。,2024-11-29,3C数码
U04400,FB004401,5,非常满意，产品很好用！,2023-10-31,家居
U04401,FB004402,3,一般般，有待改进。,2023-01-08,服饰
U04402,FB004403,5,非常满意，产品很好用！,2023-03-01,服饰
U04403,FB004404,5,非常满意，产品很好用！,2024-09-30,美妆
U04404,FB004405,3,一般般，有待改进。,2024-08-04,食品
U04405,FB004406,5,非常满意，产品很好用！,2024-04-01,食品
U04406,FB004407,5,非常满意，产品很好用！,2023-10-30,美妆
U04407,FB004408,4,还不错，基本满意。,2023-01-09,服饰
U04408,FB004409,5,非常满意，产品很好用！,2024-07-10,食品
U04409,FB004410,5,非常满意，产品很好用！,2023-03-05,服饰
U04410,FB004411,4,还不错，基本满意。,2024-03-22,3C数码
U04411,FB004412,4,还不错，基本满意。,2023-11-25,服饰
U04412,FB004413,5,非常满意，产品很好用！,2023-01-14,食品
U04413,FB004414,2,不太满意，需要改善。,2024-07-31,3C数码
U04414,FB004415,4,还不错，基本满意。,2023-09-21,3C数码
U04415,FB004416,5,非常满意，产品很好用！,2024-07-07,家居
U04416,FB004417,4,还不错，基本满意。,2023-07-16,美妆
U04417,FB004418,4,还不错，基本满意。,2023-08-07,服饰
U04418,FB004419,2,不太满意，需要改善。,2023-12-09,服饰
U04419,FB004420,5,非常满意，产品很好用！,2024-03-22,家居
U04420,FB004421,2,不太满意，需要改善。,2023-09-24,食品
U04421,FB004422,5,非常满意，产品很好用！,2024-01-03,3C数码
U04422,FB004423,3,一般般，有待改进。,2024-08-24,家居
U04423,FB004424,4,还不错，基本满意。,2024-12-18,美妆
U04424,FB004425,3,一般般，有待改进。,2024-01-14,家居
U04425,FB004426,4,还不错，基本满意。,2024-09-13,食品
U04426,FB004427,2,不太满意，需要改善。,2023-10-04,服饰
U04427,FB004428,4,还不错，基本满意。,2024-07-23,3C数码
U04428,FB004429,5,非常满意，产品很好用！,2024-04-22,食品
U04429,FB004430,4,还不错，基本满意。,2024-08-28,服饰
U04430,FB004431,3,一般般，有待改进。,2023-01-07,家居
U04431,FB004432,5,非常满意，产品很好用！,2024-11-29,家居
U04432,FB004433,5,非常满意，产品很好用！,2023-10-28,服饰
U04433,FB004434,5,非常满意，产品很好用！,2023-02-10,食品
U04434,FB004435,3,一般般，有待改进。,2023-11-09,美妆
U04435,FB004436,4,还不错，基本满意。,2023-04-30,服饰
U04436,FB004437,3,一般般，有待改进。,2023-11-25,食品
U04437,FB004438,5,非常满意，产品很好用！,2024-02-29,食品
U04438,FB004439,4,还不错，基本满意。,2023-06-20,服饰
U04439,FB004440,4,还不错，基本满意。,2024-02-02,3C数码
U04440,FB004441,1,非常不满意，体验很差。,2024-09-07,服饰
U04441,FB004442,2,不太满意，需要改善。,2024-01-20,食品
U04442,FB004443,3,一般般，有待改进。,2024-11-30,家居
U04443,FB004444,4,还不错，基本满意。,2023-02-21,食品
U04444,FB004445,4,还不错，基本满意。,2024-08-02,美妆
U04445,FB004446,4,还不错，基本满意。,2023-09-22,食品
U04446,FB004447,5,非常满意，产品很好用！,2023-08-02,食品
U04447,FB004448,3,一般般，有待改进。,2024-09-09,食品
U04448,FB004449,2,不太满意，需要改善。,2024-06-27,食品
U04449,FB004450,4,还不错，基本满意。,2023-09-30,食品
U04450,FB004451,5,非常满意，产品很好用！,2023-11-25,服饰
U04451,FB004452,2,不太满意，需要改善。,2024-10-05,食品
U04452,FB004453,5,非常满意，产品很好用！,2024-05-11,3C数码
U04453,FB004454,5,非常满意，产品很好用！,2024-04-05,服饰
U04454,FB004455,5,非常满意，产品很好用！,2023-10-07,家居
U04455,FB004456,5,非常满意，产品很好用！,2023-04-23,家居
U04456,FB004457,5,非常满意，产品很好用！,2023-03-01,家居
U04457,FB004458,4,还不错，基本满意。,2024-06-04,食品
U04458,FB004459,1,非常不满意，体验很差。,2023-01-11,家居
U04459,FB004460,4,还不错，基本满意。,2024-03-15,3C数码
U04460,FB004461,3,一般般，有待改进。,2024-05-30,3C数码
U04461,FB004462,5,非常满意，产品很好用！,2024-02-06,食品
U04462,FB004463,4,还不错，基本满意。,2024-07-04,家居
U04463,FB004464,4,还不错，基本满意。,2024-01-16,美妆
U04464,FB004465,4,还不错，基本满意。,2023-03-11,家居
U04465,FB004466,5,非常满意，产品很好用！,2024-03-08,3C数码
U04466,FB004467,3,一般般，有待改进。,2023-02-16,家居
U04467,FB004468,4,还不错，基本满意。,2023-12-06,服饰
U04468,FB004469,5,非常满意，产品很好用！,2023-08-01,3C数码
U04469,FB004470,4,还不错，基本满意。,2023-03-31,美妆
U04470,FB004471,3,一般般，有待改进。,2024-09-16,食品
U04471,FB004472,5,非常满意，产品很好用！,2024-07-24,服饰
U04472,FB004473,2,不太满意，需要改善。,2024-02-17,家居
U04473,FB004474,3,一般般，有待改进。,2023-07-29,美妆
U04474,FB004475,3,一般般，有待改进。,2024-07-25,服饰
U04475,FB004476,5,非常满意，产品很好用！,2023-03-15,3C数码
U04476,FB004477,3,一般般，有待改进。,2023-05-22,服饰
U04477,FB004478,4,还不错，基本满意。,2023-08-11,服饰
U04478,FB004479,5,非常满意，产品很好用！,2024-03-14,服饰
U04479,FB004480,4,还不错，基本满意。,2024-05-07,食品
U04480,FB004481,5,非常满意，产品很好用！,2023-04-29,食品
U04481,FB004482,5,非常满意，产品很好用！,2024-09-01,美妆
U04482,FB004483,4,还不错，基本满意。,2024-10-30,服饰
U04483,FB004484,4,还不错，基本满意。,2024-03-31,家居
U04484,FB004485,3,一般般，有待改进。,2023-07-18,美妆
U04485,FB004486,3,一般般，有待改进。,2023-07-14,服饰
U04486,FB004487,5,非常满意，产品很好用！,2024-01-06,3C数码
U04487,FB004488,2,不太满意，需要改善。,2024-12-29,家居
U04488,FB004489,4,还不错，基本满意。,2023-01-22,服饰
U04489,FB004490,4,还不错，基本满意。,2024-08-24,服饰
U04490,FB004491,4,还不错，基本满意。,2024-11-20,美妆
U04491,FB004492,1,非常不满意，体验很差。,2023-09-14,3C数码
U04492,FB004493,1,非常不满意，体验很差。,2024-03-14,家居
U04493,FB004494,2,不太满意，需要改善。,2023-08-19,食品
U04494,FB004495,4,还不错，基本满意。,2024-03-27,美妆
U04495,FB004496,5,非常满意，产品很好用！,2023-05-15,服饰
U04496,FB004497,5,非常满意，产品很好用！,2023-12-31,服饰
U04497,FB004498,4,还不错，基本满意。,2023-03-19,3C数码
U04498,FB004499,5,非常满意，产品很好用！,2024-01-12,家居
U04499,FB004500,5,非常满意，产品很好用！,2024-12-09,美妆
U04500,FB004501,4,还不错，基本满意。,2024-05-29,3C数码
U04501,FB004502,4,还不错，基本满意。,2024-11-29,家居
U04502,FB004503,3,一般般，有待改进。,2023-10-26,食品
U04503,FB004504,5,非常满意，产品很好用！,2023-08-17,服饰
U04504,FB004505,4,还不错，基本满意。,2024-05-18,食品
U04505,FB004506,5,非常满意，产品很好用！,2023-08-07,家居
U04506,FB004507,5,非常满意，产品很好用！,2024-08-08,家居
U04507,FB004508,4,还不错，基本满意。,2024-03-21,食品
U04508,FB004509,4,还不错，基本满意。,2023-08-18,家居
U04509,FB004510,4,还不错，基本满意。,2024-09-13,3C数码
U04510,FB004511,5,非常满意，产品很好用！,2023-11-25,美妆
U04511,FB004512,3,一般般，有待改进。,2024-02-10,3C数码
U04512,FB004513,3,一般般，有待改进。,2024-03-10,服饰
U04513,FB004514,4,还不错，基本满意。,2024-04-03,家居
U04514,FB004515,5,非常满意，产品很好用！,2024-07-24,服饰
U04515,FB004516,4,还不错，基本满意。,2023-11-01,美妆
U04516,FB004517,4,还不错，基本满意。,2023-08-08,3C数码
U04517,FB004518,4,还不错，基本满意。,2023-04-23,服饰
U04518,FB004519,3,一般般，有待改进。,2024-12-13,服饰
U04519,FB004520,1,非常不满意，体验很差。,2023-10-10,美妆
U04520,FB004521,4,还不错，基本满意。,2023-07-21,家居
U04521,FB004522,4,还不错，基本满意。,2024-06-04,服饰
U04522,FB004523,2,不太满意，需要改善。,2024-06-12,美妆
U04523,FB004524,4,还不错，基本满意。,2024-05-29,美妆
U04524,FB004525,5,非常满意，产品很好用！,2023-12-08,3C数码
U04525,FB004526,4,还不错，基本满意。,2024-05-15,家居
U04526,FB004527,5,非常满意，产品很好用！,2024-02-19,美妆
U04527,FB004528,4,还不错，基本满意。,2024-04-04,食品
U04528,FB004529,3,一般般，有待改进。,2023-02-10,食品
U04529,FB004530,3,一般般，有待改进。,2024-12-29,美妆
U04530,FB004531,5,非常满意，产品很好用！,2024-05-28,3C数码
U04531,FB004532,5,非常满意，产品很好用！,2023-10-22,3C数码
U04532,FB004533,4,还不错，基本满意。,2024-08-09,家居
U04533,FB004534,4,还不错，基本满意。,2023-10-01,食品
U04534,FB004535,3,一般般，有待改进。,2023-02-02,家居
U04535,FB004536,3,一般般，有待改进。,2023-06-11,家居
U04536,FB004537,2,不太满意，需要改善。,2023-11-25,食品
U04537,FB004538,2,不太满意，需要改善。,2024-05-26,3C数码
U04538,FB004539,5,非常满意，产品很好用！,2024-05-08,美妆
U04539,FB004540,5,非常满意，产品很好用！,2023-08-10,服饰
U04540,FB004541,5,非常满意，产品很好用！,2024-07-24,3C数码
U04541,FB004542,4,还不错，基本满意。,2023-12-22,食品
U04542,FB004543,5,非常满意，产品很好用！,2024-08-08,美妆
U04543,FB004544,5,非常满意，产品很好用！,2024-08-25,食品
U04544,FB004545,5,非常满意，产品很好用！,2024-04-02,服饰
U04545,FB004546,4,还不错，基本满意。,2023-08-27,服饰
U04546,FB004547,4,还不错，基本满意。,2023-09-15,服饰
U04547,FB004548,4,还不错，基本满意。,2024-10-27,食品
U04548,FB004549,3,一般般，有待改进。,2023-04-25,服饰
U04549,FB004550,5,非常满意，产品很好用！,2024-11-26,食品
U04550,FB004551,5,非常满意，产品很好用！,2023-12-23,3C数码
U04551,FB004552,2,不太满意，需要改善。,2023-06-06,美妆
U04552,FB004553,1,非常不满意，体验很差。,2023-06-21,3C数码
U04553,FB004554,2,不太满意，需要改善。,2024-09-24,3C数码
U04554,FB004555,3,一般般，有待改进。,2023-06-21,家居
U04555,FB004556,4,还不错，基本满意。,2023-05-12,家居
U04556,FB004557,1,非常不满意，体验很差。,2024-08-10,食品
U04557,FB004558,3,一般般，有待改进。,2024-01-12,服饰
U04558,FB004559,4,还不错，基本满意。,2023-12-16,家居
U04559,FB004560,2,不太满意，需要改善。,2023-09-12,服饰
U04560,FB004561,4,还不错，基本满意。,2024-07-14,3C数码
U04561,FB004562,5,非常满意，产品很好用！,2023-11-17,美妆
U04562,FB004563,2,不太满意，需要改善。,2023-02-24,家居
U04563,FB004564,5,非常满意，产品很好用！,2024-10-30,服饰
U04564,FB004565,4,还不错，基本满意。,2024-05-10,服饰
U04565,FB004566,5,非常满意，产品很好用！,2023-01-08,3C数码
U04566,FB004567,3,一般般，有待改进。,2024-11-03,家居
U04567,FB004568,5,非常满意，产品很好用！,2024-02-03,服饰
U04568,FB004569,4,还不错，基本满意。,2024-12-15,美妆
U04569,FB004570,3,一般般，有待改进。,2023-12-15,美妆
U04570,FB004571,3,一般般，有待改进。,2024-01-25,美妆
U04571,FB004572,4,还不错，基本满意。,2024-01-10,家居
U04572,FB004573,5,非常满意，产品很好用！,2024-01-07,食品
U04573,FB004574,3,一般般，有待改进。,2024-10-20,3C数码
U04574,FB004575,2,不太满意，需要改善。,2024-11-18,3C数码
U04575,FB004576,2,不太满意，需要改善。,2023-02-16,美妆
U04576,FB004577,4,还不错，基本满意。,2024-08-09,美妆
U04577,FB004578,4,还不错，基本满意。,2023-04-30,家居
U04578,FB004579,4,还不错，基本满意。,2024-05-08,家居
U04579,FB004580,5,非常满意，产品很好用！,2023-07-11,3C数码
U04580,FB004581,4,还不错，基本满意。,2024-09-19,食品
U04581,FB004582,4,还不错，基本满意。,2024-05-14,服饰
U04582,FB004583,5,非常满意，产品很好用！,2024-06-29,服饰
U04583,FB004584,4,还不错，基本满意。,2023-10-22,美妆
U04584,FB004585,2,不太满意，需要改善。,2023-07-12,家居
U04585,FB004586,3,一般般，有待改进。,2023-03-01,3C数码
U04586,FB004587,4,还不错，基本满意。,2023-10-08,食品
U04587,FB004588,4,还不错，基本满意。,2023-12-07,食品
U04588,FB004589,4,还不错，基本满意。,2024-08-07,食品
U04589,FB004590,5,非常满意，产品很好用！,2024-04-09,服饰
U04590,FB004591,4,还不错，基本满意。,2024-04-10,3C数码
U04591,FB004592,5,非常满意，产品很好用！,2024-02-09,家居
U04592,FB004593,3,一般般，有待改进。,2024-07-27,服饰
U04593,FB004594,5,非常满意，产品很好用！,2023-10-18,美妆
U04594,FB004595,5,非常满意，产品很好用！,2024-06-19,美妆
U04595,FB004596,5,非常满意，产品很好用！,2024-12-21,食品
U04596,FB004597,4,还不错，基本满意。,2024-02-09,服饰
U04597,FB004598,3,一般般，有待改进。,2023-08-16,3C数码
U04598,FB004599,4,还不错，基本满意。,2024-03-02,家居
U04599,FB004600,1,非常不满意，体验很差。,2024-02-08,3C数码
U04600,FB004601,5,非常满意，产品很好用！,2023-12-26,家居
U04601,FB004602,2,不太满意，需要改善。,2023-04-09,家居
U04602,FB004603,4,还不错，基本满意。,2024-12-24,美妆
U04603,FB004604,5,非常满意，产品很好用！,2024-01-26,3C数码
U04604,FB004605,3,一般般，有待改进。,2024-12-05,家居
U04605,FB004606,4,还不错，基本满意。,2023-07-18,服饰
U04606,FB004607,3,一般般，有待改进。,2023-02-14,服饰
U04607,FB004608,5,非常满意，产品很好用！,2024-01-30,食品
U04608,FB004609,5,非常满意，产品很好用！,2023-10-15,美妆
U04609,FB004610,5,非常满意，产品很好用！,2024-10-12,3C数码
U04610,FB004611,3,一般般，有待改进。,2024-01-27,服饰
U04611,FB004612,4,还不错，基本满意。,2023-05-02,美妆
U04612,FB004613,2,不太满意，需要改善。,2024-06-19,3C数码
U04613,FB004614,5,非常满意，产品很好用！,2024-01-05,美妆
U04614,FB004615,5,非常满意，产品很好用！,2023-12-10,服饰
U04615,FB004616,1,非常不满意，体验很差。,2023-08-01,食品
U04616,FB004617,3,一般般，有待改进。,2023-08-24,家居
U04617,FB004618,2,不太满意，需要改善。,2023-08-18,3C数码
U04618,FB004619,4,还不错，基本满意。,2023-12-11,美妆
U04619,FB004620,5,非常满意，产品很好用！,2024-11-06,家居
U04620,FB004621,4,还不错，基本满意。,2023-08-25,服饰
U04621,FB004622,2,不太满意，需要改善。,2023-01-16,服饰
U04622,FB004623,1,非常不满意，体验很差。,2023-05-25,服饰
U04623,FB004624,5,非常满意，产品很好用！,2024-01-08,服饰
U04624,FB004625,1,非常不满意，体验很差。,2024-07-11,3C数码
U04625,FB004626,3,一般般，有待改进。,2023-03-24,食品
U04626,FB004627,3,一般般，有待改进。,2024-01-17,服饰
U04627,FB004628,1,非常不满意，体验很差。,2023-09-14,食品
U04628,FB004629,5,非常满意，产品很好用！,2024-04-30,家居
U04629,FB004630,3,一般般，有待改进。,2024-12-22,3C数码
U04630,FB004631,1,非常不满意，体验很差。,2024-08-04,食品
U04631,FB004632,5,非常满意，产品很好用！,2023-05-04,3C数码
U04632,FB004633,5,非常满意，产品很好用！,2023-01-22,食品
U04633,FB004634,4,还不错，基本满意。,2024-09-14,食品
U04634,FB004635,5,非常满意，产品很好用！,2024-01-17,服饰
U04635,FB004636,4,还不错，基本满意。,2023-05-27,服饰
U04636,FB004637,2,不太满意，需要改善。,2024-04-04,服饰
U04637,FB004638,5,非常满意，产品很好用！,2023-12-06,家居
U04638,FB004639,4,还不错，基本满意。,2023-07-06,食品
U04639,FB004640,4,还不错，基本满意。,2024-11-12,家居
U04640,FB004641,5,非常满意，产品很好用！,2023-12-04,食品
U04641,FB004642,5,非常满意，产品很好用！,2023-12-02,美妆
U04642,FB004643,2,不太满意，需要改善。,2024-01-15,家居
U04643,FB004644,4,还不错，基本满意。,2023-02-18,服饰
U04644,FB004645,5,非常满意，产品很好用！,2023-11-02,家居
U04645,FB004646,3,一般般，有待改进。,2023-11-21,食品
U04646,FB004647,2,不太满意，需要改善。,2023-05-09,家居
U04647,FB004648,4,还不错，基本满意。,2024-03-04,美妆
U04648,FB004649,4,还不错，基本满意。,2024-11-29,3C数码
U04649,FB004650,4,还不错，基本满意。,2023-08-29,美妆
U04650,FB004651,5,非常满意，产品很好用！,2023-01-25,服饰
U04651,FB004652,5,非常满意，产品很好用！,2024-02-29,美妆
U04652,FB004653,3,一般般，有待改进。,2024-12-10,家居
U04653,FB004654,4,还不错，基本满意。,2023-06-12,食品
U04654,FB004655,5,非常满意，产品很好用！,2024-11-21,美妆
U04655,FB004656,3,一般般，有待改进。,2023-02-08,食品
U04656,FB004657,4,还不错，基本满意。,2024-02-07,家居
U04657,FB004658,4,还不错，基本满意。,2023-10-05,3C数码
U04658,FB004659,5,非常满意，产品很好用！,2023-06-18,服饰
U04659,FB004660,5,非常满意，产品很好用！,2024-05-16,3C数码
U04660,FB004661,5,非常满意，产品很好用！,2023-11-28,3C数码
U04661,FB004662,2,不太满意，需要改善。,2024-10-13,3C数码
U04662,FB004663,3,一般般，有待改进。,2024-02-16,家居
U04663,FB004664,5,非常满意，产品很好用！,2023-07-21,美妆
U04664,FB004665,5,非常满意，产品很好用！,2024-03-25,食品
U04665,FB004666,3,一般般，有待改进。,2024-10-31,食品
U04666,FB004667,3,一般般，有待改进。,2024-03-08,食品
U04667,FB004668,5,非常满意，产品很好用！,2023-01-28,3C数码
U04668,FB004669,5,非常满意，产品很好用！,2024-05-31,食品
U04669,FB004670,5,非常满意，产品很好用！,2024-12-30,3C数码
U04670,FB004671,4,还不错，基本满意。,2024-03-28,3C数码
U04671,FB004672,5,非常满意，产品很好用！,2023-11-12,美妆
U04672,FB004673,4,还不错，基本满意。,2024-11-11,服饰
U04673,FB004674,4,还不错，基本满意。,2023-02-15,3C数码
U04674,FB004675,1,非常不满意，体验很差。,2024-10-10,3C数码
U04675,FB004676,4,还不错，基本满意。,2023-04-01,美妆
U04676,FB004677,5,非常满意，产品很好用！,2024-08-16,3C数码
U04677,FB004678,4,还不错，基本满意。,2024-10-16,服饰
U04678,FB004679,3,一般般，有待改进。,2024-12-12,家居
U04679,FB004680,5,非常满意，产品很好用！,2023-07-03,3C数码
U04680,FB004681,5,非常满意，产品很好用！,2023-08-13,美妆
U04681,FB004682,4,还不错，基本满意。,2024-05-01,美妆
U04682,FB004683,5,非常满意，产品很好用！,2023-05-04,美妆
U04683,FB004684,3,一般般，有待改进。,2024-04-25,食品
U04684,FB004685,3,一般般，有待改进。,2023-07-16,食品
U04685,FB004686,3,一般般，有待改进。,2024-09-25,服饰
U04686,FB004687,3,一般般，有待改进。,2024-08-29,服饰
U04687,FB004688,5,非常满意，产品很好用！,2024-10-18,美妆
U04688,FB004689,3,一般般，有待改进。,2024-09-30,3C数码
U04689,FB004690,3,一般般，有待改进。,2023-04-20,食品
U04690,FB004691,3,一般般，有待改进。,2024-08-25,美妆
U04691,FB004692,5,非常满意，产品很好用！,2023-07-22,服饰
U04692,FB004693,5,非常满意，产品很好用！,2024-03-24,3C数码
U04693,FB004694,4,还不错，基本满意。,2023-09-04,家居
U04694,FB004695,5,非常满意，产品很好用！,2024-02-11,食品
U04695,FB004696,4,还不错，基本满意。,2024-02-18,美妆
U04696,FB004697,5,非常满意，产品很好用！,2023-10-02,3C数码
U04697,FB004698,3,一般般，有待改进。,2023-10-16,家居
U04698,FB004699,3,一般般，有待改进。,2023-09-23,服饰
U04699,FB004700,5,非常满意，产品很好用！,2023-02-01,美妆
U04700,FB004701,2,不太满意，需要改善。,2024-08-06,食品
U04701,FB004702,4,还不错，基本满意。,2024-06-25,服饰
U04702,FB004703,5,非常满意，产品很好用！,2023-12-02,食品
U04703,FB004704,5,非常满意，产品很好用！,2023-02-24,家居
U04704,FB004705,5,非常满意，产品很好用！,2024-12-02,服饰
U04705,FB004706,3,一般般，有待改进。,2023-10-24,食品
U04706,FB004707,5,非常满意，产品很好用！,2023-09-25,家居
U04707,FB004708,5,非常满意，产品很好用！,2023-12-28,食品
U04708,FB004709,5,非常满意，产品很好用！,2024-11-04,服饰
U04709,FB004710,4,还不错，基本满意。,2024-04-02,食品
U04710,FB004711,3,一般般，有待改进。,2024-10-30,3C数码
U04711,FB004712,3,一般般，有待改进。,2024-10-03,服饰
U04712,FB004713,4,还不错，基本满意。,2023-06-04,服饰
U04713,FB004714,4,还不错，基本满意。,2024-10-26,食品
U04714,FB004715,5,非常满意，产品很好用！,2023-06-20,美妆
U04715,FB004716,5,非常满意，产品很好用！,2023-06-28,家居
U04716,FB004717,5,非常满意，产品很好用！,2023-02-21,食品
U04717,FB004718,5,非常满意，产品很好用！,2024-09-28,家居
U04718,FB004719,5,非常满意，产品很好用！,2024-04-09,食品
U04719,FB004720,3,一般般，有待改进。,2024-08-22,3C数码
U04720,FB004721,5,非常满意，产品很好用！,2023-01-02,美妆
U04721,FB004722,5,非常满意，产品很好用！,2023-12-13,服饰
U04722,FB004723,5,非常满意，产品很好用！,2023-03-03,3C数码
U04723,FB004724,3,一般般，有待改进。,2023-11-06,美妆
U04724,FB004725,5,非常满意，产品很好用！,2023-01-21,服饰
U04725,FB004726,5,非常满意，产品很好用！,2024-06-25,服饰
U04726,FB004727,4,还不错，基本满意。,2024-09-13,美妆
U04727,FB004728,4,还不错，基本满意。,2024-09-10,食品
U04728,FB004729,4,还不错，基本满意。,2024-08-11,食品
U04729,FB004730,5,非常满意，产品很好用！,2024-06-14,服饰
U04730,FB004731,4,还不错，基本满意。,2023-11-05,家居
U04731,FB004732,4,还不错，基本满意。,2023-01-15,美妆
U04732,FB004733,5,非常满意，产品很好用！,2023-12-23,美妆
U04733,FB004734,5,非常满意，产品很好用！,2023-01-14,家居
U04734,FB004735,5,非常满意，产品很好用！,2023-12-07,3C数码
U04735,FB004736,5,非常满意，产品很好用！,2024-01-28,3C数码
U04736,FB004737,5,非常满意，产品很好用！,2024-02-20,美妆
U04737,FB004738,5,非常满意，产品很好用！,2024-11-18,服饰
U04738,FB004739,2,不太满意，需要改善。,2024-11-17,3C数码
U04739,FB004740,3,一般般，有待改进。,2024-11-28,家居
U04740,FB004741,4,还不错，基本满意。,2024-04-05,服饰
U04741,FB004742,3,一般般，有待改进。,2023-04-11,家居
U04742,FB004743,4,还不错，基本满意。,2024-06-20,服饰
U04743,FB004744,4,还不错，基本满意。,2023-09-17,食品
U04744,FB004745,3,一般般，有待改进。,2024-07-30,3C数码
U04745,FB004746,5,非常满意，产品很好用！,2024-03-29,服饰
U04746,FB004747,5,非常满意，产品很好用！,2023-05-23,家居
U04747,FB004748,1,非常不满意，体验很差。,2023-12-02,美妆
U04748,FB004749,5,非常满意，产品很好用！,2024-07-19,服饰
U04749,FB004750,4,还不错，基本满意。,2023-01-09,家居
U04750,FB004751,4,还不错，基本满意。,2024-02-20,家居
U04751,FB004752,5,非常满意，产品很好用！,2024-09-26,3C数码
U04752,FB004753,3,一般般，有待改进。,2023-01-28,3C数码
U04753,FB004754,2,不太满意，需要改善。,2024-03-26,家居
U04754,FB004755,5,非常满意，产品很好用！,2024-04-09,美妆
U04755,FB004756,3,一般般，有待改进。,2024-01-16,3C数码
U04756,FB004757,4,还不错，基本满意。,2024-03-30,家居
U04757,FB004758,4,还不错，基本满意。,2024-05-04,服饰
U04758,FB004759,4,还不错，基本满意。,2023-03-16,服饰
U04759,FB004760,4,还不错，基本满意。,2024-12-29,3C数码
U04760,FB004761,5,非常满意，产品很好用！,2024-06-22,服饰
U04761,FB004762,5,非常满意，产品很好用！,2023-04-12,家居
U04762,FB004763,2,不太满意，需要改善。,2024-06-17,3C数码
U04763,FB004764,3,一般般，有待改进。,2023-05-14,美妆
U04764,FB004765,2,不太满意，需要改善。,2023-09-17,3C数码
U04765,FB004766,3,一般般，有待改进。,2024-05-28,食品
U04766,FB004767,2,不太满意，需要改善。,2024-04-09,家居
U04767,FB004768,5,非常满意，产品很好用！,2024-07-20,3C数码
U04768,FB004769,5,非常满意，产品很好用！,2023-10-31,家居
U04769,FB004770,4,还不错，基本满意。,2023-08-10,家居
U04770,FB004771,2,不太满意，需要改善。,2023-12-23,美妆
U04771,FB004772,3,一般般，有待改进。,2024-02-10,食品
U04772,FB004773,5,非常满意，产品很好用！,2023-02-10,3C数码
U04773,FB004774,4,还不错，基本满意。,2024-10-14,美妆
U04774,FB004775,4,还不错，基本满意。,2024-10-27,服饰
U04775,FB004776,5,非常满意，产品很好用！,2024-11-12,美妆
U04776,FB004777,5,非常满意，产品很好用！,2023-07-20,服饰
U04777,FB004778,4,还不错，基本满意。,2023-08-23,美妆
U04778,FB004779,5,非常满意，产品很好用！,2023-08-08,家居
U04779,FB004780,1,非常不满意，体验很差。,2024-02-18,3C数码
U04780,FB004781,5,非常满意，产品很好用！,2023-08-09,服饰
U04781,FB004782,4,还不错，基本满意。,2023-11-25,美妆
U04782,FB004783,4,还不错，基本满意。,2024-06-04,家居
U04783,FB004784,5,非常满意，产品很好用！,2023-09-16,食品
U04784,FB004785,5,非常满意，产品很好用！,2024-06-15,3C数码
U04785,FB004786,3,一般般，有待改进。,2024-08-01,家居
U04786,FB004787,5,非常满意，产品很好用！,2023-02-06,3C数码
U04787,FB004788,3,一般般，有待改进。,2023-12-26,家居
U04788,FB004789,2,不太满意，需要改善。,2024-05-06,家居
U04789,FB004790,2,不太满意，需要改善。,2024-01-15,美妆
U04790,FB004791,5,非常满意，产品很好用！,2023-01-26,服饰
U04791,FB004792,4,还不错，基本满意。,2024-02-21,服饰
U04792,FB004793,5,非常满意，产品很好用！,2024-01-05,服饰
U04793,FB004794,4,还不错，基本满意。,2023-09-09,食品
U04794,FB004795,5,非常满意，产品很好用！,2024-07-26,美妆
U04795,FB004796,5,非常满意，产品很好用！,2023-05-09,家居
U04796,FB004797,3,一般般，有待改进。,2023-11-20,食品
U04797,FB004798,4,还不错，基本满意。,2024-04-13,3C数码
U04798,FB004799,5,非常满意，产品很好用！,2024-10-20,美妆
U04799,FB004800,2,不太满意，需要改善。,2024-02-09,3C数码
U04800,FB004801,5,非常满意，产品很好用！,2023-03-28,食品
U04801,FB004802,5,非常满意，产品很好用！,2023-01-31,食品
U04802,FB004803,4,还不错，基本满意。,2024-11-01,美妆
U04803,FB004804,4,还不错，基本满意。,2023-05-29,食品
U04804,FB004805,4,还不错，基本满意。,2024-04-23,家居
U04805,FB004806,5,非常满意，产品很好用！,2023-04-14,食品
U04806,FB004807,5,非常满意，产品很好用！,2024-08-29,服饰
U04807,FB004808,2,不太满意，需要改善。,2023-07-03,美妆
U04808,FB004809,4,还不错，基本满意。,2024-07-05,美妆
U04809,FB004810,5,非常满意，产品很好用！,2023-07-23,家居
U04810,FB004811,5,非常满意，产品很好用！,2024-02-13,3C数码
U04811,FB004812,4,还不错，基本满意。,2024-10-28,美妆
U04812,FB004813,5,非常满意，产品很好用！,2024-04-21,美妆
U04813,FB004814,5,非常满意，产品很好用！,2024-08-22,服饰
U04814,FB004815,3,一般般，有待改进。,2023-10-30,服饰
U04815,FB004816,4,还不错，基本满意。,2023-05-09,3C数码
U04816,FB004817,1,非常不满意，体验很差。,2023-10-02,家居
U04817,FB004818,5,非常满意，产品很好用！,2024-04-16,服饰
U04818,FB004819,4,还不错，基本满意。,2023-04-02,服饰
U04819,FB004820,4,还不错，基本满意。,2024-02-29,食品
U04820,FB004821,5,非常满意，产品很好用！,2024-05-31,服饰
U04821,FB004822,5,非常满意，产品很好用！,2024-10-26,3C数码
U04822,FB004823,2,不太满意，需要改善。,2023-03-03,美妆
U04823,FB004824,4,还不错，基本满意。,2024-12-26,美妆
U04824,FB004825,4,还不错，基本满意。,2023-07-06,食品
U04825,FB004826,2,不太满意，需要改善。,2024-12-20,3C数码
U04826,FB004827,4,还不错，基本满意。,2024-10-23,美妆
U04827,FB004828,2,不太满意，需要改善。,2024-12-17,美妆
U04828,FB004829,4,还不错，基本满意。,2024-10-19,服饰
U04829,FB004830,2,不太满意，需要改善。,2023-05-12,食品
U04830,FB004831,1,非常不满意，体验很差。,2023-02-06,家居
U04831,FB004832,2,不太满意，需要改善。,2024-03-19,3C数码
U04832,FB004833,4,还不错，基本满意。,2024-03-23,家居
U04833,FB004834,3,一般般，有待改进。,2024-04-25,家居
U04834,FB004835,5,非常满意，产品很好用！,2024-04-29,服饰
U04835,FB004836,1,非常不满意，体验很差。,2023-05-26,美妆
U04836,FB004837,3,一般般，有待改进。,2023-09-12,美妆
U04837,FB004838,5,非常满意，产品很好用！,2023-10-05,食品
U04838,FB004839,5,非常满意，产品很好用！,2024-10-17,家居
U04839,FB004840,3,一般般，有待改进。,2023-06-21,家居
U04840,FB004841,5,非常满意，产品很好用！,2023-09-22,家居
U04841,FB004842,3,一般般，有待改进。,2024-09-17,服饰
U04842,FB004843,4,还不错，基本满意。,2023-09-16,食品
U04843,FB004844,2,不太满意，需要改善。,2024-08-28,家居
U04844,FB004845,3,一般般，有待改进。,2024-10-10,3C数码
U04845,FB004846,5,非常满意，产品很好用！,2023-07-02,食品
U04846,FB004847,1,非常不满意，体验很差。,2024-09-30,服饰
U04847,FB004848,2,不太满意，需要改善。,2024-10-05,3C数码
U04848,FB004849,4,还不错，基本满意。,2024-08-18,食品
U04849,FB004850,2,不太满意，需要改善。,2023-03-02,3C数码
U04850,FB004851,5,非常满意，产品很好用！,2023-08-28,3C数码
U04851,FB004852,2,不太满意，需要改善。,2023-03-10,3C数码
U04852,FB004853,5,非常满意，产品很好用！,2023-12-20,3C数码
U04853,FB004854,5,非常满意，产品很好用！,2024-04-01,3C数码
U04854,FB004855,5,非常满意，产品很好用！,2023-05-10,食品
U04855,FB004856,5,非常满意，产品很好用！,2024-09-11,食品
U04856,FB004857,5,非常满意，产品很好用！,2023-01-30,3C数码
U04857,FB004858,4,还不错，基本满意。,2024-03-19,美妆
U04858,FB004859,4,还不错，基本满意。,2023-02-09,家居
U04859,FB004860,4,还不错，基本满意。,2024-03-03,服饰
U04860,FB004861,5,非常满意，产品很好用！,2024-09-16,美妆
U04861,FB004862,4,还不错，基本满意。,2024-12-24,美妆
U04862,FB004863,4,还不错，基本满意。,2023-09-14,家居
U04863,FB004864,2,不太满意，需要改善。,2023-11-09,家居
U04864,FB004865,5,非常满意，产品很好用！,2024-07-21,家居
U04865,FB004866,4,还不错，基本满意。,2024-01-23,食品
U04866,FB004867,5,非常满意，产品很好用！,2024-01-22,美妆
U04867,FB004868,4,还不错，基本满意。,2023-10-13,美妆
U04868,FB004869,3,一般般，有待改进。,2023-01-21,家居
U04869,FB004870,3,一般般，有待改进。,2023-12-03,3C数码
U04870,FB004871,3,一般般，有待改进。,2024-10-03,3C数码
U04871,FB004872,4,还不错，基本满意。,2024-02-10,3C数码
U04872,FB004873,5,非常满意，产品很好用！,2023-12-19,家居
U04873,FB004874,5,非常满意，产品很好用！,2023-04-07,服饰
U04874,FB004875,5,非常满意，产品很好用！,2024-10-05,美妆
U04875,FB004876,5,非常满意，产品很好用！,2024-02-11,美妆
U04876,FB004877,3,一般般，有待改进。,2024-09-11,3C数码
U04877,FB004878,5,非常满意，产品很好用！,2024-02-04,服饰
U04878,FB004879,4,还不错，基本满意。,2024-04-20,服饰
U04879,FB004880,3,一般般，有待改进。,2023-12-29,服饰
U04880,FB004881,4,还不错，基本满意。,2024-06-06,美妆
U04881,FB004882,4,还不错，基本满意。,2024-08-13,服饰
U04882,FB004883,4,还不错，基本满意。,2023-04-13,食品
U04883,FB004884,5,非常满意，产品很好用！,2024-08-13,家居
U04884,FB004885,4,还不错，基本满意。,2023-02-22,3C数码
U04885,FB004886,5,非常满意，产品很好用！,2024-06-04,3C数码
U04886,FB004887,1,非常不满意，体验很差。,2024-02-08,3C数码
U04887,FB004888,2,不太满意，需要改善。,2024-08-31,美妆
U04888,FB004889,1,非常不满意，体验很差。,2023-08-16,美妆
U04889,FB004890,3,一般般，有待改进。,2024-03-26,家居
U04890,FB004891,5,非常满意，产品很好用！,2023-05-04,服饰
U04891,FB004892,5,非常满意，产品很好用！,2023-04-25,食品
U04892,FB004893,5,非常满意，产品很好用！,2023-02-23,服饰
U04893,FB004894,4,还不错，基本满意。,2023-02-06,美妆
U04894,FB004895,5,非常满意，产品很好用！,2024-12-27,3C数码
U04895,FB004896,4,还不错，基本满意。,2023-09-15,家居
U04896,FB004897,2,不太满意，需要改善。,2023-01-07,服饰
U04897,FB004898,5,非常满意，产品很好用！,2023-07-01,服饰
U04898,FB004899,5,非常满意，产品很好用！,2023-08-02,3C数码
U04899,FB004900,5,非常满意，产品很好用！,2023-11-26,3C数码
U04900,FB004901,2,不太满意，需要改善。,2023-03-02,3C数码
U04901,FB004902,2,不太满意，需要改善。,2023-06-19,服饰
U04902,FB004903,2,不太满意，需要改善。,2024-11-16,美妆
U04903,FB004904,4,还不错，基本满意。,2023-10-29,食品
U04904,FB004905,5,非常满意，产品很好用！,2024-01-20,服饰
U04905,FB004906,4,还不错，基本满意。,2024-03-05,家居
U04906,FB004907,5,非常满意，产品很好用！,2024-08-04,家居
U04907,FB004908,4,还不错，基本满意。,2023-08-05,家居
U04908,FB004909,2,不太满意，需要改善。,2024-12-30,美妆
U04909,FB004910,4,还不错，基本满意。,2023-03-26,家居
U04910,FB004911,2,不太满意，需要改善。,2023-10-21,食品
U04911,FB004912,3,一般般，有待改进。,2024-01-23,服饰
U04912,FB004913,4,还不错，基本满意。,2024-02-15,美妆
U04913,FB004914,4,还不错，基本满意。,2024-10-20,3C数码
U04914,FB004915,2,不太满意，需要改善。,2023-05-16,家居
U04915,FB004916,5,非常满意，产品很好用！,2023-08-05,家居
U04916,FB004917,3,一般般，有待改进。,2024-09-21,食品
U04917,FB004918,5,非常满意，产品很好用！,2024-01-16,食品
U04918,FB004919,5,非常满意，产品很好用！,2023-08-21,服饰
U04919,FB004920,5,非常满意，产品很好用！,2024-09-15,家居
U04920,FB004921,4,还不错，基本满意。,2024-03-09,家居
U04921,FB004922,3,一般般，有待改进。,2024-06-04,美妆
U04922,FB004923,3,一般般，有待改进。,2023-06-03,服饰
U04923,FB004924,2,不太满意，需要改善。,2024-08-26,食品
U04924,FB004925,4,还不错，基本满意。,2024-10-12,食品
U04925,FB004926,4,还不错，基本满意。,2024-03-17,服饰
U04926,FB004927,5,非常满意，产品很好用！,2023-10-17,服饰
U04927,FB004928,5,非常满意，产品很好用！,2024-12-24,食品
U04928,FB004929,3,一般般，有待改进。,2023-03-01,家居
U04929,FB004930,3,一般般，有待改进。,2024-07-09,服饰
U04930,FB004931,4,还不错，基本满意。,2024-12-30,食品
U04931,FB004932,2,不太满意，需要改善。,2024-07-18,美妆
U04932,FB004933,4,还不错，基本满意。,2023-10-30,食品
U04933,FB004934,1,非常不满意，体验很差。,2024-04-30,3C数码
U04934,FB004935,5,非常满意，产品很好用！,2024-06-05,食品
U04935,FB004936,3,一般般，有待改进。,2023-02-26,美妆
U04936,FB004937,4,还不错，基本满意。,2024-04-10,美妆
U04937,FB004938,5,非常满意，产品很好用！,2023-10-16,美妆
U04938,FB004939,5,非常满意，产品很好用！,2024-09-18,食品
U04939,FB004940,5,非常满意，产品很好用！,2023-03-07,家居
U04940,FB004941,3,一般般，有待改进。,2023-08-07,服饰
U04941,FB004942,5,非常满意，产品很好用！,2023-10-15,3C数码
U04942,FB004943,3,一般般，有待改进。,2023-12-21,美妆
U04943,FB004944,3,一般般，有待改进。,2024-05-08,美妆
U04944,FB004945,4,还不错，基本满意。,2024-05-13,家居
U04945,FB004946,5,非常满意，产品很好用！,2024-03-14,家居
U04946,FB004947,3,一般般，有待改进。,2024-08-08,服饰
U04947,FB004948,4,还不错，基本满意。,2024-06-22,食品
U04948,FB004949,4,还不错，基本满意。,2024-11-17,家居
U04949,FB004950,4,还不错，基本满意。,2024-08-19,食品
U04950,FB004951,5,非常满意，产品很好用！,2024-09-26,服饰
U04951,FB004952,5,非常满意，产品很好用！,2024-06-07,美妆
U04952,FB004953,1,非常不满意，体验很差。,2024-05-14,服饰
U04953,FB004954,3,一般般，有待改进。,2024-12-15,家居
U04954,FB004955,4,还不错，基本满意。,2023-02-16,美妆
U04955,FB004956,4,还不错，基本满意。,2024-03-22,食品
U04956,FB004957,1,非常不满意，体验很差。,2024-10-17,3C数码
U04957,FB004958,5,非常满意，产品很好用！,2023-09-26,美妆
U04958,FB004959,5,非常满意，产品很好用！,2024-10-07,美妆
U04959,FB004960,4,还不错，基本满意。,2024-11-20,食品
U04960,FB004961,4,还不错，基本满意。,2024-01-11,美妆
U04961,FB004962,2,不太满意，需要改善。,2024-09-23,美妆
U04962,FB004963,5,非常满意，产品很好用！,2024-04-20,家居
U04963,FB004964,2,不太满意，需要改善。,2024-02-21,美妆
U04964,FB004965,5,非常满意，产品很好用！,2024-06-17,3C数码
U04965,FB004966,3,一般般，有待改进。,2023-07-26,美妆
U04966,FB004967,5,非常满意，产品很好用！,2024-05-05,家居
U04967,FB004968,2,不太满意，需要改善。,2024-08-16,3C数码
U04968,FB004969,3,一般般，有待改进。,2024-01-19,美妆
U04969,FB004970,5,非常满意，产品很好用！,2023-05-01,家居
U04970,FB004971,5,非常满意，产品很好用！,2023-01-02,食品
U04971,FB004972,3,一般般，有待改进。,2024-01-09,美妆
U04972,FB004973,5,非常满意，产品很好用！,2024-08-17,食品
U04973,FB004974,5,非常满意，产品很好用！,2024-03-27,服饰
U04974,FB004975,4,还不错，基本满意。,2023-04-15,服饰
U04975,FB004976,5,非常满意，产品很好用！,2024-10-29,家居
U04976,FB004977,4,还不错，基本满意。,2023-12-04,3C数码
U04977,FB004978,4,还不错，基本满意。,2023-02-06,服饰
U04978,FB004979,2,不太满意，需要改善。,2023-03-23,3C数码
U04979,FB004980,4,还不错，基本满意。,2023-04-28,3C数码
U04980,FB004981,5,非常满意，产品很好用！,2023-11-11,食品
U04981,FB004982,3,一般般，有待改进。,2024-08-01,食品
U04982,FB004983,1,非常不满意，体验很差。,2024-04-22,3C数码
U04983,FB004984,1,非常不满意，体验很差。,2024-03-23,3C数码
U04984,FB004985,3,一般般，有待改进。,2023-05-10,美妆
U04985,FB004986,4,还不错，基本满意。,2023-10-19,食品
U04986,FB004987,2,不太满意，需要改善。,2024-10-02,家居
U04987,FB004988,5,非常满意，产品很好用！,2024-08-27,3C数码
U04988,FB004989,3,一般般，有待改进。,2024-12-19,美妆
U04989,FB004990,3,一般般，有待改进。,2024-07-22,服饰
U04990,FB004991,2,不太满意，需要改善。,2024-12-13,服饰
U04991,FB004992,5,非常满意，产品很好用！,2023-01-25,食品
U04992,FB004993,5,非常满意，产品很好用！,2024-04-16,服饰
U04993,FB004994,5,非常满意，产品很好用！,2024-01-06,服饰
U04994,FB004995,5,非常满意，产品很好用！,2023-05-13,美妆
U04995,FB004996,3,一般般，有待改进。,2024-05-02,食品
U04996,FB004997,2,不太满意，需要改善。,2023-07-08,食品
U04997,FB004998,4,还不错，基本满意。,2023-12-18,家居
U04998,FB004999,4,还不错，基本满意。,2024-08-01,服饰
U04999,FB005000,4,还不错，基本满意。,2024-10-28,家居
U05000,FB005001,5,非常满意，产品很好用！,2023-05-03,家居
U05001,FB005002,5,非常满意，产品很好用！,2024-09-06,3C数码
U05002,FB005003,2,不太满意，需要改善。,2024-06-05,家居
U05003,FB005004,4,还不错，基本满意。,2023-04-30,食品
U05004,FB005005,5,非常满意，产品很好用！,2023-06-28,食品
U05005,FB005006,4,还不错，基本满意。,2023-04-18,服饰
U05006,FB005007,5,非常满意，产品很好用！,2024-08-17,家居
U05007,FB005008,2,不太满意，需要改善。,2023-02-15,3C数码
U05008,FB005009,3,一般般，有待改进。,2023-08-05,家居
U05009,FB005010,3,一般般，有待改进。,2023-10-06,美妆
U05010,FB005011,2,不太满意，需要改善。,2024-02-23,服饰
U05011,FB005012,3,一般般，有待改进。,2023-01-29,服饰
U05012,FB005013,4,还不错，基本满意。,2023-03-18,3C数码
U05013,FB005014,4,还不错，基本满意。,2024-04-02,家居
U05014,FB005015,3,一般般，有待改进。,2024-05-10,食品
U05015,FB005016,5,非常满意，产品很好用！,2023-06-21,食品
U05016,FB005017,2,不太满意，需要改善。,2024-11-05,3C数码
U05017,FB005018,5,非常满意，产品很好用！,2024-09-17,食品
U05018,FB005019,5,非常满意，产品很好用！,2024-05-03,3C数码
U05019,FB005020,5,非常满意，产品很好用！,2024-03-23,服饰
U05020,FB005021,3,一般般，有待改进。,2023-03-19,家居
U05021,FB005022,4,还不错，基本满意。,2024-12-30,3C数码
U05022,FB005023,3,一般般，有待改进。,2024-06-15,服饰
U05023,FB005024,5,非常满意，产品很好用！,2024-05-09,家居
U05024,FB005025,3,一般般，有待改进。,2023-08-15,家居
U05025,FB005026,4,还不错，基本满意。,2024-03-06,服饰
U05026,FB005027,5,非常满意，产品很好用！,2023-03-02,美妆
U05027,FB005028,5,非常满意，产品很好用！,2023-01-24,家居
U05028,FB005029,5,非常满意，产品很好用！,2024-12-09,服饰
U05029,FB005030,4,还不错，基本满意。,2023-06-17,美妆
U05030,FB005031,2,不太满意，需要改善。,2023-07-03,服饰
U05031,FB005032,5,非常满意，产品很好用！,2023-10-11,食品
U05032,FB005033,4,还不错，基本满意。,2024-07-27,3C数码
U05033,FB005034,3,一般般，有待改进。,2024-01-28,美妆
U05034,FB005035,5,非常满意，产品很好用！,2023-02-15,家居
U05035,FB005036,3,一般般，有待改进。,2023-02-20,服饰
U05036,FB005037,3,一般般，有待改进。,2024-01-03,食品
U05037,FB005038,3,一般般，有待改进。,2023-10-02,服饰
U05038,FB005039,3,一般般，有待改进。,2023-10-17,食品
U05039,FB005040,3,一般般，有待改进。,2023-02-16,服饰
U05040,FB005041,5,非常满意，产品很好用！,2024-05-11,美妆
U05041,FB005042,5,非常满意，产品很好用！,2023-12-27,家居
U05042,FB005043,2,不太满意，需要改善。,2023-08-16,家居
U05043,FB005044,5,非常满意，产品很好用！,2023-03-24,美妆
U05044,FB005045,4,还不错，基本满意。,2023-12-04,食品
U05045,FB005046,2,不太满意，需要改善。,2023-04-08,服饰
U05046,FB005047,5,非常满意，产品很好用！,2023-09-14,食品
U05047,FB005048,4,还不错，基本满意。,2024-10-12,食品
U05048,FB005049,5,非常满意，产品很好用！,2023-01-05,美妆
U05049,FB005050,5,非常满意，产品很好用！,2024-10-07,服饰
U05050,FB005051,5,非常满意，产品很好用！,2024-04-14,美妆
U05051,FB005052,5,非常满意，产品很好用！,2023-12-27,服饰
U05052,FB005053,1,非常不满意，体验很差。,2024-03-12,3C数码
U05053,FB005054,4,还不错，基本满意。,2024-05-26,食品
U05054,FB005055,4,还不错，基本满意。,2023-06-29,3C数码
U05055,FB005056,5,非常满意，产品很好用！,2023-04-28,食品
U05056,FB005057,3,一般般，有待改进。,2024-09-09,食品
U05057,FB005058,5,非常满意，产品很好用！,2024-02-28,食品
U05058,FB005059,5,非常满意，产品很好用！,2023-09-20,美妆
U05059,FB005060,4,还不错，基本满意。,2023-02-24,3C数码
U05060,FB005061,2,不太满意，需要改善。,2024-08-13,食品
U05061,FB005062,4,还不错，基本满意。,2023-12-01,家居
U05062,FB005063,4,还不错，基本满意。,2023-12-28,服饰
U05063,FB005064,3,一般般，有待改进。,2024-04-10,3C数码
U05064,FB005065,5,非常满意，产品很好用！,2024-03-17,3C数码
U05065,FB005066,5,非常满意，产品很好用！,2023-08-18,3C数码
U05066,FB005067,4,还不错，基本满意。,2024-08-19,3C数码
U05067,FB005068,1,非常不满意，体验很差。,2024-07-02,食品
U05068,FB005069,4,还不错，基本满意。,2024-01-27,家居
U05069,FB005070,4,还不错，基本满意。,2023-07-30,3C数码
U05070,FB005071,5,非常满意，产品很好用！,2023-03-29,美妆
U05071,FB005072,5,非常满意，产品很好用！,2024-11-15,3C数码
U05072,FB005073,5,非常满意，产品很好用！,2024-06-30,美妆
U05073,FB005074,3,一般般，有待改进。,2023-08-03,美妆
U05074,FB005075,2,不太满意，需要改善。,2024-05-15,食品
U05075,FB005076,3,一般般，有待改进。,2024-02-25,家居
U05076,FB005077,5,非常满意，产品很好用！,2023-03-26,家居
U05077,FB005078,2,不太满意，需要改善。,2023-10-30,美妆
U05078,FB005079,3,一般般，有待改进。,2023-08-19,服饰
U05079,FB005080,5,非常满意，产品很好用！,2023-02-18,食品
U05080,FB005081,2,不太满意，需要改善。,2023-09-28,美妆
U05081,FB005082,5,非常满意，产品很好用！,2024-05-18,食品
U05082,FB005083,3,一般般，有待改进。,2024-01-21,食品
U05083,FB005084,1,非常不满意，体验很差。,2023-05-24,服饰
U05084,FB005085,3,一般般，有待改进。,2024-04-19,家居
U05085,FB005086,3,一般般，有待改进。,2023-06-09,3C数码
U05086,FB005087,5,非常满意，产品很好用！,2024-10-05,服饰
U05087,FB005088,5,非常满意，产品很好用！,2024-07-10,家居
U05088,FB005089,5,非常满意，产品很好用！,2024-09-27,家居
U05089,FB005090,4,还不错，基本满意。,2023-10-08,家居
U05090,FB005091,4,还不错，基本满意。,2023-12-15,3C数码
U05091,FB005092,4,还不错，基本满意。,2024-06-10,家居
U05092,FB005093,5,非常满意，产品很好用！,2023-02-02,3C数码
U05093,FB005094,4,还不错，基本满意。,2024-11-24,服饰
U05094,FB005095,4,还不错，基本满意。,2024-05-30,家居
U05095,FB005096,4,还不错，基本满意。,2024-09-12,家居
U05096,FB005097,2,不太满意，需要改善。,2024-05-31,3C数码
U05097,FB005098,2,不太满意，需要改善。,2023-11-08,服饰
U05098,FB005099,3,一般般，有待改进。,2023-03-23,家居
U05099,FB005100,2,不太满意，需要改善。,2023-11-20,服饰
U05100,FB005101,4,还不错，基本满意。,2024-03-06,家居
U05101,FB005102,5,非常满意，产品很好用！,2023-09-26,3C数码
U05102,FB005103,5,非常满意，产品很好用！,2023-08-12,服饰
U05103,FB005104,4,还不错，基本满意。,2023-06-07,服饰
U05104,FB005105,3,一般般，有待改进。,2024-01-05,服饰
U05105,FB005106,5,非常满意，产品很好用！,2023-06-09,3C数码
U05106,FB005107,4,还不错，基本满意。,2024-03-20,美妆
U05107,FB005108,3,一般般，有待改进。,2023-10-11,3C数码
U05108,FB005109,4,还不错，基本满意。,2023-08-23,家居
U05109,FB005110,3,一般般，有待改进。,2023-04-28,美妆
U05110,FB005111,1,非常不满意，体验很差。,2024-10-24,食品
U05111,FB005112,2,不太满意，需要改善。,2024-04-22,家居
U05112,FB005113,3,一般般，有待改进。,2024-09-14,美妆
U05113,FB005114,3,一般般，有待改进。,2024-11-13,食品
U05114,FB005115,5,非常满意，产品很好用！,2023-09-03,美妆
U05115,FB005116,5,非常满意，产品很好用！,2023-07-26,美妆
U05116,FB005117,5,非常满意，产品很好用！,2024-01-26,食品
U05117,FB005118,5,非常满意，产品很好用！,2024-04-25,3C数码
U05118,FB005119,5,非常满意，产品很好用！,2023-06-15,美妆
U05119,FB005120,2,不太满意，需要改善。,2023-04-08,服饰
U05120,FB005121,3,一般般，有待改进。,2023-01-09,3C数码
U05121,FB005122,2,不太满意，需要改善。,2024-04-14,食品
U05122,FB005123,4,还不错，基本满意。,2024-02-13,3C数码
U05123,FB005124,3,一般般，有待改进。,2023-07-10,食品
U05124,FB005125,4,还不错，基本满意。,2023-12-24,家居
U05125,FB005126,4,还不错，基本满意。,2023-12-03,食品
U05126,FB005127,3,一般般，有待改进。,2024-07-03,美妆
U05127,FB005128,5,非常满意，产品很好用！,2024-12-26,服饰
U05128,FB005129,4,还不错，基本满意。,2024-07-24,美妆
U05129,FB005130,5,非常满意，产品很好用！,2024-04-02,食品
U05130,FB005131,5,非常满意，产品很好用！,2024-11-07,服饰
U05131,FB005132,3,一般般，有待改进。,2023-09-20,食品
U05132,FB005133,3,一般般，有待改进。,2023-09-03,家居
U05133,FB005134,4,还不错，基本满意。,2023-07-10,美妆
U05134,FB005135,3,一般般，有待改进。,2024-05-19,3C数码
U05135,FB005136,4,还不错，基本满意。,2023-11-20,服饰
U05136,FB005137,4,还不错，基本满意。,2023-10-31,3C数码
U05137,FB005138,4,还不错，基本满意。,2024-08-31,食品
U05138,FB005139,5,非常满意，产品很好用！,2023-05-22,服饰
U05139,FB005140,4,还不错，基本满意。,2023-12-20,3C数码
U05140,FB005141,5,非常满意，产品很好用！,2024-09-22,3C数码
U05141,FB005142,4,还不错，基本满意。,2024-10-06,家居
U05142,FB005143,5,非常满意，产品很好用！,2024-11-23,服饰
U05143,FB005144,5,非常满意，产品很好用！,2023-10-31,食品
U05144,FB005145,3,一般般，有待改进。,2024-08-08,服饰
U05145,FB005146,1,非常不满意，体验很差。,2024-05-01,美妆
U05146,FB005147,4,还不错，基本满意。,2024-07-23,食品
U05147,FB005148,4,还不错，基本满意。,2024-08-13,家居
U05148,FB005149,5,非常满意，产品很好用！,2023-06-07,服饰
U05149,FB005150,2,不太满意，需要改善。,2024-10-15,服饰
U05150,FB005151,4,还不错，基本满意。,2024-01-06,美妆
U05151,FB005152,1,非常不满意，体验很差。,2023-08-30,美妆
U05152,FB005153,2,不太满意，需要改善。,2023-07-16,食品
U05153,FB005154,5,非常满意，产品很好用！,2024-10-10,食品
U05154,FB005155,3,一般般，有待改进。,2024-03-17,服饰
U05155,FB005156,3,一般般，有待改进。,2023-12-27,服饰
U05156,FB005157,1,非常不满意，体验很差。,2023-08-16,美妆
U05157,FB005158,4,还不错，基本满意。,2024-12-14,美妆
U05158,FB005159,5,非常满意，产品很好用！,2023-10-28,美妆
U05159,FB005160,5,非常满意，产品很好用！,2024-10-30,美妆
U05160,FB005161,5,非常满意，产品很好用！,2023-08-09,服饰
U05161,FB005162,4,还不错，基本满意。,2023-06-28,服饰
U05162,FB005163,5,非常满意，产品很好用！,2024-05-14,美妆
U05163,FB005164,3,一般般，有待改进。,2023-07-05,3C数码
U05164,FB005165,4,还不错，基本满意。,2023-04-10,食品
U05165,FB005166,4,还不错，基本满意。,2023-07-20,服饰
U05166,FB005167,4,还不错，基本满意。,2023-12-20,服饰
U05167,FB005168,5,非常满意，产品很好用！,2023-09-14,家居
U05168,FB005169,4,还不错，基本满意。,2023-09-10,3C数码
U05169,FB005170,5,非常满意，产品很好用！,2024-10-22,家居
U05170,FB005171,5,非常满意，产品很好用！,2023-09-06,服饰
U05171,FB005172,4,还不错，基本满意。,2023-02-11,美妆
U05172,FB005173,5,非常满意，产品很好用！,2024-04-06,食品
U05173,FB005174,5,非常满意，产品很好用！,2023-02-02,家居
U05174,FB005175,5,非常满意，产品很好用！,2024-10-31,食品
U05175,FB005176,4,还不错，基本满意。,2023-10-02,食品
U05176,FB005177,4,还不错，基本满意。,2024-03-16,3C数码
U05177,FB005178,5,非常满意，产品很好用！,2023-05-21,3C数码
U05178,FB005179,5,非常满意，产品很好用！,2024-10-06,美妆
U05179,FB005180,4,还不错，基本满意。,2023-03-12,3C数码
U05180,FB005181,3,一般般，有待改进。,2024-02-11,服饰
U05181,FB005182,4,还不错，基本满意。,2024-09-28,家居
U05182,FB005183,5,非常满意，产品很好用！,2023-10-09,食品
U05183,FB005184,4,还不错，基本满意。,2024-12-11,家居
U05184,FB005185,4,还不错，基本满意。,2024-11-06,食品
U05185,FB005186,5,非常满意，产品很好用！,2024-08-29,食品
U05186,FB005187,4,还不错，基本满意。,2024-05-09,美妆
U05187,FB005188,3,一般般，有待改进。,2024-12-23,美妆
U05188,FB005189,4,还不错，基本满意。,2023-11-21,食品
U05189,FB005190,5,非常满意，产品很好用！,2024-07-06,美妆
U05190,FB005191,4,还不错，基本满意。,2024-07-25,食品
U05191,FB005192,3,一般般，有待改进。,2024-11-12,家居
U05192,FB005193,5,非常满意，产品很好用！,2023-06-03,食品
U05193,FB005194,5,非常满意，产品很好用！,2023-03-22,3C数码
U05194,FB005195,5,非常满意，产品很好用！,2024-09-21,美妆
U05195,FB005196,4,还不错，基本满意。,2024-02-19,家居
U05196,FB005197,5,非常满意，产品很好用！,2023-02-20,3C数码
U05197,FB005198,4,还不错，基本满意。,2023-09-25,服饰
U05198,FB005199,4,还不错，基本满意。,2024-10-08,家居
U05199,FB005200,5,非常满意，产品很好用！,2024-03-27,3C数码
U05200,FB005201,4,还不错，基本满意。,2023-01-22,食品
U05201,FB005202,3,一般般，有待改进。,2024-06-17,服饰
U05202,FB005203,2,不太满意，需要改善。,2024-12-09,家居
U05203,FB005204,4,还不错，基本满意。,2023-03-21,美妆
U05204,FB005205,4,还不错，基本满意。,2023-04-15,美妆
U05205,FB005206,5,非常满意，产品很好用！,2023-10-19,3C数码
U05206,FB005207,5,非常满意，产品很好用！,2023-10-27,3C数码
U05207,FB005208,4,还不错，基本满意。,2024-10-17,家居
U05208,FB005209,4,还不错，基本满意。,2024-02-04,3C数码
U05209,FB005210,5,非常满意，产品很好用！,2023-04-26,3C数码
U05210,FB005211,3,一般般，有待改进。,2024-09-15,3C数码
U05211,FB005212,5,非常满意，产品很好用！,2023-11-10,食品
U05212,FB005213,1,非常不满意，体验很差。,2023-01-28,食品
U05213,FB005214,5,非常满意，产品很好用！,2023-10-05,3C数码
U05214,FB005215,4,还不错，基本满意。,2024-11-09,服饰
U05215,FB005216,5,非常满意，产品很好用！,2023-11-20,家居
U05216,FB005217,4,还不错，基本满意。,2023-02-27,美妆
U05217,FB005218,3,一般般，有待改进。,2024-12-23,服饰
U05218,FB005219,2,不太满意，需要改善。,2024-10-23,服饰
U05219,FB005220,5,非常满意，产品很好用！,2023-09-08,家居
U05220,FB005221,3,一般般，有待改进。,2024-11-27,食品
U05221,FB005222,3,一般般，有待改进。,2023-07-27,美妆
U05222,FB005223,4,还不错，基本满意。,2024-08-22,食品
U05223,FB005224,2,不太满意，需要改善。,2023-12-12,3C数码
U05224,FB005225,4,还不错，基本满意。,2023-04-27,服饰
U05225,FB005226,4,还不错，基本满意。,2023-12-13,3C数码
U05226,FB005227,4,还不错，基本满意。,2024-02-11,美妆
U05227,FB005228,4,还不错，基本满意。,2023-02-12,服饰
U05228,FB005229,4,还不错，基本满意。,2024-08-29,家居
U05229,FB005230,5,非常满意，产品很好用！,2024-01-10,服饰
U05230,FB005231,4,还不错，基本满意。,2024-10-16,家居
U05231,FB005232,5,非常满意，产品很好用！,2023-11-10,食品
U05232,FB005233,5,非常满意，产品很好用！,2023-01-22,美妆
U05233,FB005234,2,不太满意，需要改善。,2024-07-16,美妆
U05234,FB005235,5,非常满意，产品很好用！,2024-12-10,美妆
U05235,FB005236,4,还不错，基本满意。,2024-10-15,美妆
U05236,FB005237,5,非常满意，产品很好用！,2024-09-10,美妆
U05237,FB005238,5,非常满意，产品很好用！,2023-04-10,食品
U05238,FB005239,3,一般般，有待改进。,2023-10-19,美妆
U05239,FB005240,4,还不错，基本满意。,2024-11-25,服饰
U05240,FB005241,2,不太满意，需要改善。,2023-12-21,家居
U05241,FB005242,5,非常满意，产品很好用！,2023-05-31,3C数码
U05242,FB005243,4,还不错，基本满意。,2023-10-05,家居
U05243,FB005244,4,还不错，基本满意。,2024-08-10,家居
U05244,FB005245,4,还不错，基本满意。,2024-07-08,3C数码
U05245,FB005246,5,非常满意，产品很好用！,2024-03-29,服饰
U05246,FB005247,3,一般般，有待改进。,2023-03-09,美妆
U05247,FB005248,2,不太满意，需要改善。,2024-07-27,美妆
U05248,FB005249,2,不太满意，需要改善。,2023-03-22,3C数码
U05249,FB005250,3,一般般，有待改进。,2024-07-02,食品
U05250,FB005251,3,一般般，有待改进。,2024-06-29,食品
U05251,FB005252,5,非常满意，产品很好用！,2023-05-04,家居
U05252,FB005253,5,非常满意，产品很好用！,2023-03-15,食品
U05253,FB005254,5,非常满意，产品很好用！,2023-04-09,家居
U05254,FB005255,1,非常不满意，体验很差。,2024-10-25,家居
U05255,FB005256,4,还不错，基本满意。,2024-09-22,3C数码
U05256,FB005257,5,非常满意，产品很好用！,2023-07-10,家居
U05257,FB005258,1,非常不满意，体验很差。,2023-10-20,3C数码
U05258,FB005259,3,一般般，有待改进。,2023-05-21,美妆
U05259,FB005260,4,还不错，基本满意。,2023-12-20,3C数码
U05260,FB005261,5,非常满意，产品很好用！,2024-09-13,食品
U05261,FB005262,4,还不错，基本满意。,2024-07-07,食品
U05262,FB005263,5,非常满意，产品很好用！,2023-03-05,3C数码
U05263,FB005264,5,非常满意，产品很好用！,2024-08-10,家居
U05264,FB005265,4,还不错，基本满意。,2024-11-09,美妆
U05265,FB005266,5,非常满意，产品很好用！,2024-03-18,食品
U05266,FB005267,5,非常满意，产品很好用！,2023-04-17,3C数码
U05267,FB005268,4,还不错，基本满意。,2024-12-25,食品
U05268,FB005269,3,一般般，有待改进。,2024-10-14,家居
U05269,FB005270,4,还不错，基本满意。,2024-03-03,食品
U05270,FB005271,4,还不错，基本满意。,2023-10-25,服饰
U05271,FB005272,2,不太满意，需要改善。,2024-10-10,3C数码
U05272,FB005273,2,不太满意，需要改善。,2023-12-15,家居
U05273,FB005274,3,一般般，有待改进。,2024-08-20,食品
U05274,FB005275,3,一般般，有待改进。,2024-01-27,3C数码
U05275,FB005276,5,非常满意，产品很好用！,2023-10-28,服饰
U05276,FB005277,5,非常满意，产品很好用！,2023-12-07,家居
U05277,FB005278,5,非常满意，产品很好用！,2024-12-03,美妆
U05278,FB005279,3,一般般，有待改进。,2024-09-15,美妆
U05279,FB005280,4,还不错，基本满意。,2023-12-19,美妆
U05280,FB005281,2,不太满意，需要改善。,2024-07-12,服饰
U05281,FB005282,2,不太满意，需要改善。,2023-09-13,美妆
U05282,FB005283,1,非常不满意，体验很差。,2023-03-24,家居
U05283,FB005284,5,非常满意，产品很好用！,2023-03-20,美妆
U05284,FB005285,3,一般般，有待改进。,2024-12-10,食品
U05285,FB005286,5,非常满意，产品很好用！,2024-07-02,服饰
U05286,FB005287,3,一般般，有待改进。,2024-05-23,3C数码
U05287,FB005288,4,还不错，基本满意。,2024-09-12,家居
U05288,FB005289,4,还不错，基本满意。,2023-10-07,服饰
U05289,FB005290,5,非常满意，产品很好用！,2023-02-11,美妆
U05290,FB005291,4,还不错，基本满意。,2023-04-07,服饰
U05291,FB005292,3,一般般，有待改进。,2024-12-02,服饰
U05292,FB005293,5,非常满意，产品很好用！,2023-11-02,服饰
U05293,FB005294,4,还不错，基本满意。,2024-02-29,家居
U05294,FB005295,4,还不错，基本满意。,2023-06-14,3C数码
U05295,FB005296,5,非常满意，产品很好用！,2024-01-06,美妆
U05296,FB005297,2,不太满意，需要改善。,2023-11-23,食品
U05297,FB005298,3,一般般，有待改进。,2023-11-11,美妆
U05298,FB005299,5,非常满意，产品很好用！,2023-11-08,美妆
U05299,FB005300,2,不太满意，需要改善。,2024-02-03,家居
U05300,FB005301,3,一般般，有待改进。,2024-02-22,食品
U05301,FB005302,3,一般般，有待改进。,2024-10-23,食品
U05302,FB005303,3,一般般，有待改进。,2024-03-04,美妆
U05303,FB005304,5,非常满意，产品很好用！,2024-06-25,美妆
U05304,FB005305,5,非常满意，产品很好用！,2023-01-28,食品
U05305,FB005306,3,一般般，有待改进。,2024-10-11,家居
U05306,FB005307,5,非常满意，产品很好用！,2024-02-24,服饰
U05307,FB005308,5,非常满意，产品很好用！,2023-12-12,3C数码
U05308,FB005309,3,一般般，有待改进。,2023-08-20,家居
U05309,FB005310,4,还不错，基本满意。,2024-09-23,服饰
U05310,FB005311,4,还不错，基本满意。,2024-08-24,3C数码
U05311,FB005312,4,还不错，基本满意。,2023-12-09,食品
U05312,FB005313,5,非常满意，产品很好用！,2023-05-11,食品
U05313,FB005314,5,非常满意，产品很好用！,2023-03-28,服饰
U05314,FB005315,2,不太满意，需要改善。,2023-11-08,食品
U05315,FB005316,4,还不错，基本满意。,2023-09-26,食品
U05316,FB005317,3,一般般，有待改进。,2023-05-22,服饰
U05317,FB005318,3,一般般，有待改进。,2023-06-04,服饰
U05318,FB005319,3,一般般，有待改进。,2024-07-08,家居
U05319,FB005320,2,不太满意，需要改善。,2023-11-27,食品
U05320,FB005321,4,还不错，基本满意。,2024-02-12,3C数码
U05321,FB005322,5,非常满意，产品很好用！,2023-08-05,服饰
U05322,FB005323,1,非常不满意，体验很差。,2024-09-27,美妆
U05323,FB005324,4,还不错，基本满意。,2024-05-28,3C数码
U05324,FB005325,5,非常满意，产品很好用！,2023-03-21,3C数码
U05325,FB005326,5,非常满意，产品很好用！,2024-07-25,食品
U05326,FB005327,4,还不错，基本满意。,2024-03-19,食品
U05327,FB005328,4,还不错，基本满意。,2023-05-28,3C数码
U05328,FB005329,3,一般般，有待改进。,2023-05-12,食品
U05329,FB005330,3,一般般，有待改进。,2024-07-11,食品
U05330,FB005331,5,非常满意，产品很好用！,2023-02-18,食品
U05331,FB005332,4,还不错，基本满意。,2024-07-26,家居
U05332,FB005333,5,非常满意，产品很好用！,2023-10-16,美妆
U05333,FB005334,2,不太满意，需要改善。,2023-08-17,美妆
U05334,FB005335,3,一般般，有待改进。,2024-05-06,服饰
U05335,FB005336,5,非常满意，产品很好用！,2024-11-25,家居
U05336,FB005337,5,非常满意，产品很好用！,2024-06-08,食品
U05337,FB005338,5,非常满意，产品很好用！,2024-09-17,食品
U05338,FB005339,4,还不错，基本满意。,2023-03-08,3C数码
U05339,FB005340,4,还不错，基本满意。,2023-04-02,3C数码
U05340,FB005341,2,不太满意，需要改善。,2024-08-03,食品
U05341,FB005342,2,不太满意，需要改善。,2023-05-31,家居
U05342,FB005343,5,非常满意，产品很好用！,2024-09-18,3C数码
U05343,FB005344,5,非常满意，产品很好用！,2023-06-02,服饰
U05344,FB005345,4,还不错，基本满意。,2023-10-19,食品
U05345,FB005346,3,一般般，有待改进。,2023-03-25,服饰
U05346,FB005347,2,不太满意，需要改善。,2024-09-01,3C数码
U05347,FB005348,5,非常满意，产品很好用！,2024-05-04,3C数码
U05348,FB005349,4,还不错，基本满意。,2023-05-13,美妆
U05349,FB005350,5,非常满意，产品很好用！,2023-08-27,家居
U05350,FB005351,4,还不错，基本满意。,2024-11-08,服饰
U05351,FB005352,3,一般般，有待改进。,2023-09-22,食品
U05352,FB005353,4,还不错，基本满意。,2024-11-28,食品
U05353,FB005354,2,不太满意，需要改善。,2023-11-22,美妆
U05354,FB005355,3,一般般，有待改进。,2024-09-19,食品
U05355,FB005356,4,还不错，基本满意。,2023-07-30,食品
U05356,FB005357,1,非常不满意，体验很差。,2024-03-28,食品
U05357,FB005358,5,非常满意，产品很好用！,2023-04-12,服饰
U05358,FB005359,5,非常满意，产品很好用！,2024-09-30,美妆
U05359,FB005360,5,非常满意，产品很好用！,2023-12-27,美妆
U05360,FB005361,5,非常满意，产品很好用！,2024-03-01,家居
U05361,FB005362,4,还不错，基本满意。,2024-06-29,美妆
U05362,FB005363,4,还不错，基本满意。,2024-08-17,3C数码
U05363,FB005364,1,非常不满意，体验很差。,2023-07-10,家居
U05364,FB005365,5,非常满意，产品很好用！,2023-05-09,服饰
U05365,FB005366,5,非常满意，产品很好用！,2023-09-06,家居
U05366,FB005367,5,非常满意，产品很好用！,2024-11-08,3C数码
U05367,FB005368,5,非常满意，产品很好用！,2023-12-26,家居
U05368,FB005369,3,一般般，有待改进。,2023-02-02,服饰
U05369,FB005370,5,非常满意，产品很好用！,2024-10-14,服饰
U05370,FB005371,5,非常满意，产品很好用！,2023-06-26,美妆
U05371,FB005372,4,还不错，基本满意。,2023-10-11,美妆
U05372,FB005373,3,一般般，有待改进。,2023-01-25,食品
U05373,FB005374,5,非常满意，产品很好用！,2023-05-09,美妆
U05374,FB005375,4,还不错，基本满意。,2024-08-02,3C数码
U05375,FB005376,5,非常满意，产品很好用！,2023-03-22,美妆
U05376,FB005377,4,还不错，基本满意。,2023-04-14,3C数码
U05377,FB005378,4,还不错，基本满意。,2024-01-11,服饰
U05378,FB005379,3,一般般，有待改进。,2023-02-18,家居
U05379,FB005380,1,非常不满意，体验很差。,2024-03-31,美妆
U05380,FB005381,4,还不错，基本满意。,2023-06-17,家居
U05381,FB005382,4,还不错，基本满意。,2024-05-13,服饰
U05382,FB005383,3,一般般，有待改进。,2024-02-15,家居
U05383,FB005384,5,非常满意，产品很好用！,2024-11-29,服饰
U05384,FB005385,3,一般般，有待改进。,2024-05-04,3C数码
U05385,FB005386,5,非常满意，产品很好用！,2023-02-13,美妆
U05386,FB005387,4,还不错，基本满意。,2024-01-06,服饰
U05387,FB005388,3,一般般，有待改进。,2023-03-03,服饰
U05388,FB005389,1,非常不满意，体验很差。,2023-07-01,家居
U05389,FB005390,5,非常满意，产品很好用！,2024-10-10,食品
U05390,FB005391,5,非常满意，产品很好用！,2024-11-29,美妆
U05391,FB005392,5,非常满意，产品很好用！,2024-08-26,食品
U05392,FB005393,5,非常满意，产品很好用！,2023-09-10,3C数码
U05393,FB005394,4,还不错，基本满意。,2023-05-18,美妆
U05394,FB005395,3,一般般，有待改进。,2023-05-23,家居
U05395,FB005396,2,不太满意，需要改善。,2024-06-12,家居
U05396,FB005397,4,还不错，基本满意。,2024-08-01,家居
U05397,FB005398,3,一般般，有待改进。,2023-09-09,3C数码
U05398,FB005399,3,一般般，有待改进。,2023-06-10,美妆
U05399,FB005400,3,一般般，有待改进。,2024-02-20,3C数码
U05400,FB005401,5,非常满意，产品很好用！,2024-03-11,食品
U05401,FB005402,5,非常满意，产品很好用！,2024-03-18,美妆
U05402,FB005403,3,一般般，有待改进。,2023-07-17,服饰
U05403,FB005404,5,非常满意，产品很好用！,2024-11-03,食品
U05404,FB005405,4,还不错，基本满意。,2024-01-04,3C数码
U05405,FB005406,4,还不错，基本满意。,2024-12-04,美妆
U05406,FB005407,4,还不错，基本满意。,2023-09-09,美妆
U05407,FB005408,4,还不错，基本满意。,2024-06-22,服饰
U05408,FB005409,4,还不错，基本满意。,2024-02-18,3C数码
U05409,FB005410,4,还不错，基本满意。,2024-12-27,服饰
U05410,FB005411,4,还不错，基本满意。,2024-11-04,家居
U05411,FB005412,3,一般般，有待改进。,2023-03-05,3C数码
U05412,FB005413,5,非常满意，产品很好用！,2023-12-26,食品
U05413,FB005414,5,非常满意，产品很好用！,2023-05-03,食品
U05414,FB005415,5,非常满意，产品很好用！,2024-12-25,3C数码
U05415,FB005416,3,一般般，有待改进。,2024-04-10,食品
U05416,FB005417,4,还不错，基本满意。,2023-05-19,家居
U05417,FB005418,5,非常满意，产品很好用！,2023-07-29,3C数码
U05418,FB005419,4,还不错，基本满意。,2024-10-02,家居
U05419,FB005420,5,非常满意，产品很好用！,2024-08-02,服饰
U05420,FB005421,2,不太满意，需要改善。,2024-06-14,服饰
U05421,FB005422,1,非常不满意，体验很差。,2023-08-28,3C数码
U05422,FB005423,4,还不错，基本满意。,2024-08-09,服饰
U05423,FB005424,3,一般般，有待改进。,2023-03-16,美妆
U05424,FB005425,5,非常满意，产品很好用！,2023-04-02,3C数码
U05425,FB005426,3,一般般，有待改进。,2023-04-10,3C数码
U05426,FB005427,5,非常满意，产品很好用！,2024-09-02,美妆
U05427,FB005428,3,一般般，有待改进。,2024-01-07,食品
U05428,FB005429,4,还不错，基本满意。,2023-01-15,食品
U05429,FB005430,2,不太满意，需要改善。,2023-10-28,3C数码
U05430,FB005431,3,一般般，有待改进。,2023-02-03,服饰
U05431,FB005432,4,还不错，基本满意。,2024-05-17,美妆
U05432,FB005433,3,一般般，有待改进。,2024-03-28,3C数码
U05433,FB005434,5,非常满意，产品很好用！,2023-08-12,食品
U05434,FB005435,3,一般般，有待改进。,2023-10-05,家居
U05435,FB005436,5,非常满意，产品很好用！,2023-11-22,服饰
U05436,FB005437,5,非常满意，产品很好用！,2024-11-21,食品
U05437,FB005438,3,一般般，有待改进。,2024-08-25,服饰
U05438,FB005439,1,非常不满意，体验很差。,2023-02-26,家居
U05439,FB005440,4,还不错，基本满意。,2023-05-18,家居
U05440,FB005441,4,还不错，基本满意。,2023-03-03,美妆
U05441,FB005442,5,非常满意，产品很好用！,2023-07-04,食品
U05442,FB005443,2,不太满意，需要改善。,2024-11-24,3C数码
U05443,FB005444,5,非常满意，产品很好用！,2023-06-12,3C数码
U05444,FB005445,5,非常满意，产品很好用！,2023-10-28,家居
U05445,FB005446,1,非常不满意，体验很差。,2023-09-26,服饰
U05446,FB005447,5,非常满意，产品很好用！,2023-10-23,食品
U05447,FB005448,4,还不错，基本满意。,2023-02-27,食品
U05448,FB005449,3,一般般，有待改进。,2024-03-15,家居
U05449,FB005450,3,一般般，有待改进。,2024-12-20,美妆
U05450,FB005451,1,非常不满意，体验很差。,2023-02-07,食品
U05451,FB005452,4,还不错，基本满意。,2023-01-06,食品
U05452,FB005453,5,非常满意，产品很好用！,2023-09-07,美妆
U05453,FB005454,3,一般般，有待改进。,2023-01-05,家居
U05454,FB005455,4,还不错，基本满意。,2024-08-15,家居
U05455,FB005456,4,还不错，基本满意。,2024-01-21,家居
U05456,FB005457,3,一般般，有待改进。,2024-02-01,美妆
U05457,FB005458,4,还不错，基本满意。,2023-12-13,食品
U05458,FB005459,4,还不错，基本满意。,2023-08-12,家居
U05459,FB005460,4,还不错，基本满意。,2024-10-11,服饰
U05460,FB005461,4,还不错，基本满意。,2024-06-09,食品
U05461,FB005462,4,还不错，基本满意。,2024-08-26,服饰
U05462,FB005463,4,还不错，基本满意。,2023-08-15,食品
U05463,FB005464,3,一般般，有待改进。,2023-10-22,美妆
U05464,FB005465,2,不太满意，需要改善。,2023-09-09,美妆
U05465,FB005466,5,非常满意，产品很好用！,2024-10-27,家居
U05466,FB005467,5,非常满意，产品很好用！,2023-04-05,美妆
U05467,FB005468,3,一般般，有待改进。,2024-05-30,3C数码
U05468,FB005469,5,非常满意，产品很好用！,2024-03-14,服饰
U05469,FB005470,5,非常满意，产品很好用！,2023-01-29,家居
U05470,FB005471,3,一般般，有待改进。,2023-01-24,食品
U05471,FB005472,4,还不错，基本满意。,2024-08-29,3C数码
U05472,FB005473,3,一般般，有待改进。,2024-02-27,家居
U05473,FB005474,3,一般般，有待改进。,2024-12-19,3C数码
U05474,FB005475,5,非常满意，产品很好用！,2023-04-09,食品
U05475,FB005476,4,还不错，基本满意。,2024-01-09,服饰
U05476,FB005477,5,非常满意，产品很好用！,2024-06-19,美妆
U05477,FB005478,3,一般般，有待改进。,2024-10-05,3C数码
U05478,FB005479,5,非常满意，产品很好用！,2024-03-26,3C数码
U05479,FB005480,5,非常满意，产品很好用！,2023-02-26,食品
U05480,FB005481,3,一般般，有待改进。,2024-05-25,3C数码
U05481,FB005482,4,还不错，基本满意。,2023-04-05,食品
U05482,FB005483,3,一般般，有待改进。,2024-06-01,服饰
U05483,FB005484,5,非常满意，产品很好用！,2024-01-06,美妆
U05484,FB005485,4,还不错，基本满意。,2023-12-04,3C数码
U05485,FB005486,5,非常满意，产品很好用！,2024-09-16,3C数码
U05486,FB005487,4,还不错，基本满意。,2023-01-03,美妆
U05487,FB005488,4,还不错，基本满意。,2024-02-12,3C数码
U05488,FB005489,5,非常满意，产品很好用！,2023-01-02,3C数码
U05489,FB005490,2,不太满意，需要改善。,2024-09-09,家居
U05490,FB005491,3,一般般，有待改进。,2024-03-31,食品
U05491,FB005492,4,还不错，基本满意。,2024-09-26,食品
U05492,FB005493,5,非常满意，产品很好用！,2024-04-25,3C数码
U05493,FB005494,4,还不错，基本满意。,2024-01-21,家居
U05494,FB005495,1,非常不满意，体验很差。,2024-06-21,3C数码
U05495,FB005496,4,还不错，基本满意。,2024-01-23,服饰
U05496,FB005497,4,还不错，基本满意。,2023-07-18,家居
U05497,FB005498,1,非常不满意，体验很差。,2023-08-25,食品
U05498,FB005499,2,不太满意，需要改善。,2023-12-01,服饰
U05499,FB005500,5,非常满意，产品很好用！,2023-07-22,家居
U05500,FB005501,1,非常不满意，体验很差。,2023-11-24,美妆
U05501,FB005502,5,非常满意，产品很好用！,2023-03-07,家居
U05502,FB005503,4,还不错，基本满意。,2024-07-21,食品
U05503,FB005504,5,非常满意，产品很好用！,2023-10-29,美妆
U05504,FB005505,3,一般般，有待改进。,2023-07-28,食品
U05505,FB005506,3,一般般，有待改进。,2023-02-08,3C数码
U05506,FB005507,5,非常满意，产品很好用！,2024-11-05,美妆
U05507,FB005508,3,一般般，有待改进。,2024-11-04,家居
U05508,FB005509,4,还不错，基本满意。,2023-02-01,服饰
U05509,FB005510,1,非常不满意，体验很差。,2024-05-24,服饰
U05510,FB005511,5,非常满意，产品很好用！,2023-01-17,3C数码
U05511,FB005512,2,不太满意，需要改善。,2023-06-05,家居
U05512,FB005513,5,非常满意，产品很好用！,2024-09-23,食品
U05513,FB005514,2,不太满意，需要改善。,2023-12-31,3C数码
U05514,FB005515,4,还不错，基本满意。,2023-04-23,美妆
U05515,FB005516,5,非常满意，产品很好用！,2023-01-25,美妆
U05516,FB005517,5,非常满意，产品很好用！,2023-04-12,家居
U05517,FB005518,5,非常满意，产品很好用！,2024-10-10,3C数码
U05518,FB005519,5,非常满意，产品很好用！,2024-10-17,家居
U05519,FB005520,5,非常满意，产品很好用！,2024-01-06,服饰
U05520,FB005521,5,非常满意，产品很好用！,2023-09-07,食品
U05521,FB005522,5,非常满意，产品很好用！,2024-09-30,家居
U05522,FB005523,5,非常满意，产品很好用！,2024-04-21,食品
U05523,FB005524,5,非常满意，产品很好用！,2024-12-29,3C数码
U05524,FB005525,5,非常满意，产品很好用！,2024-08-26,服饰
U05525,FB005526,5,非常满意，产品很好用！,2023-05-22,3C数码
U05526,FB005527,5,非常满意，产品很好用！,2024-04-07,美妆
U05527,FB005528,5,非常满意，产品很好用！,2023-01-12,服饰
U05528,FB005529,4,还不错，基本满意。,2023-07-20,3C数码
U05529,FB005530,2,不太满意，需要改善。,2024-04-22,3C数码
U05530,FB005531,2,不太满意，需要改善。,2024-11-01,家居
U05531,FB005532,3,一般般，有待改进。,2023-12-31,3C数码
U05532,FB005533,3,一般般，有待改进。,2024-11-08,家居
U05533,FB005534,2,不太满意，需要改善。,2024-02-24,家居
U05534,FB005535,3,一般般，有待改进。,2024-07-26,家居
U05535,FB005536,4,还不错，基本满意。,2023-06-09,食品
U05536,FB005537,2,不太满意，需要改善。,2024-02-12,服饰
U05537,FB005538,5,非常满意，产品很好用！,2023-09-20,3C数码
U05538,FB005539,4,还不错，基本满意。,2023-08-01,服饰
U05539,FB005540,4,还不错，基本满意。,2023-02-28,家居
U05540,FB005541,2,不太满意，需要改善。,2024-07-22,家居
U05541,FB005542,4,还不错，基本满意。,2023-12-13,家居
U05542,FB005543,5,非常满意，产品很好用！,2023-10-06,服饰
U05543,FB005544,4,还不错，基本满意。,2024-06-27,服饰
U05544,FB005545,4,还不错，基本满意。,2023-01-21,家居
U05545,FB005546,4,还不错，基本满意。,2023-10-25,食品
U05546,FB005547,4,还不错，基本满意。,2024-11-29,美妆
U05547,FB005548,4,还不错，基本满意。,2024-07-05,家居
U05548,FB005549,4,还不错，基本满意。,2023-12-11,食品
U05549,FB005550,4,还不错，基本满意。,2023-03-03,美妆
U05550,FB005551,2,不太满意，需要改善。,2023-08-04,服饰
U05551,FB005552,4,还不错，基本满意。,2024-05-15,美妆
U05552,FB005553,4,还不错，基本满意。,2024-10-14,美妆
U05553,FB005554,4,还不错，基本满意。,2023-02-02,家居
U05554,FB005555,4,还不错，基本满意。,2024-06-10,服饰
U05555,FB005556,5,非常满意，产品很好用！,2023-05-27,美妆
U05556,FB005557,5,非常满意，产品很好用！,2024-10-30,服饰
U05557,FB005558,5,非常满意，产品很好用！,2023-02-14,美妆
U05558,FB005559,4,还不错，基本满意。,2024-10-06,美妆
U05559,FB005560,5,非常满意，产品很好用！,2024-10-23,3C数码
U05560,FB005561,3,一般般，有待改进。,2024-01-15,3C数码
U05561,FB005562,5,非常满意，产品很好用！,2023-08-29,服饰
U05562,FB005563,5,非常满意，产品很好用！,2023-10-17,3C数码
U05563,FB005564,5,非常满意，产品很好用！,2023-08-18,食品
U05564,FB005565,4,还不错，基本满意。,2023-04-10,食品
U05565,FB005566,5,非常满意，产品很好用！,2024-02-28,美妆
U05566,FB005567,3,一般般，有待改进。,2023-12-29,食品
U05567,FB005568,3,一般般，有待改进。,2024-04-21,食品
U05568,FB005569,4,还不错，基本满意。,2023-11-21,3C数码
U05569,FB005570,3,一般般，有待改进。,2024-10-04,食品
U05570,FB005571,3,一般般，有待改进。,2024-03-13,服饰
U05571,FB005572,4,还不错，基本满意。,2024-01-24,服饰
U05572,FB005573,5,非常满意，产品很好用！,2023-03-26,美妆
U05573,FB005574,3,一般般，有待改进。,2024-09-15,服饰
U05574,FB005575,5,非常满意，产品很好用！,2024-01-25,服饰
U05575,FB005576,5,非常满意，产品很好用！,2024-03-21,食品
U05576,FB005577,5,非常满意，产品很好用！,2024-03-27,食品
U05577,FB005578,2,不太满意，需要改善。,2023-12-30,食品
U05578,FB005579,2,不太满意，需要改善。,2024-10-22,家居
U05579,FB005580,4,还不错，基本满意。,2023-05-10,食品
U05580,FB005581,4,还不错，基本满意。,2023-04-21,服饰
U05581,FB005582,4,还不错，基本满意。,2023-07-13,服饰
U05582,FB005583,4,还不错，基本满意。,2023-03-14,家居
U05583,FB005584,5,非常满意，产品很好用！,2023-08-14,家居
U05584,FB005585,4,还不错，基本满意。,2023-12-17,家居
U05585,FB005586,3,一般般，有待改进。,2024-10-17,服饰
U05586,FB005587,5,非常满意，产品很好用！,2024-10-22,家居
U05587,FB005588,1,非常不满意，体验很差。,2023-11-05,食品
U05588,FB005589,5,非常满意，产品很好用！,2023-06-01,美妆
U05589,FB005590,3,一般般，有待改进。,2024-11-10,美妆
U05590,FB005591,4,还不错，基本满意。,2023-01-04,家居
U05591,FB005592,2,不太满意，需要改善。,2024-05-02,服饰
U05592,FB005593,3,一般般，有待改进。,2024-01-09,服饰
U05593,FB005594,5,非常满意，产品很好用！,2024-01-15,3C数码
U05594,FB005595,4,还不错，基本满意。,2023-01-25,食品
U05595,FB005596,5,非常满意，产品很好用！,2023-05-03,美妆
U05596,FB005597,3,一般般，有待改进。,2024-08-04,美妆
U05597,FB005598,5,非常满意，产品很好用！,2024-04-01,食品
U05598,FB005599,2,不太满意，需要改善。,2023-04-04,3C数码
U05599,FB005600,3,一般般，有待改进。,2023-01-03,美妆
U05600,FB005601,5,非常满意，产品很好用！,2024-02-15,3C数码
U05601,FB005602,2,不太满意，需要改善。,2023-01-10,美妆
U05602,FB005603,3,一般般，有待改进。,2024-03-06,家居
U05603,FB005604,5,非常满意，产品很好用！,2024-05-16,家居
U05604,FB005605,5,非常满意，产品很好用！,2023-12-01,服饰
U05605,FB005606,3,一般般，有待改进。,2024-08-05,服饰
U05606,FB005607,5,非常满意，产品很好用！,2024-01-12,食品
U05607,FB005608,3,一般般，有待改进。,2024-01-27,美妆
U05608,FB005609,5,非常满意，产品很好用！,2023-04-15,3C数码
U05609,FB005610,3,一般般，有待改进。,2023-09-22,家居
U05610,FB005611,4,还不错，基本满意。,2023-04-02,家居
U05611,FB005612,4,还不错，基本满意。,2023-09-08,美妆
U05612,FB005613,3,一般般，有待改进。,2024-09-28,3C数码
U05613,FB005614,1,非常不满意，体验很差。,2024-03-05,食品
U05614,FB005615,5,非常满意，产品很好用！,2024-06-19,服饰
U05615,FB005616,5,非常满意，产品很好用！,2024-11-03,服饰
U05616,FB005617,4,还不错，基本满意。,2023-12-06,3C数码
U05617,FB005618,4,还不错，基本满意。,2024-03-27,家居
U05618,FB005619,4,还不错，基本满意。,2024-04-13,服饰
U05619,FB005620,3,一般般，有待改进。,2023-09-04,家居
U05620,FB005621,4,还不错，基本满意。,2024-05-31,美妆
U05621,FB005622,4,还不错，基本满意。,2023-07-19,3C数码
U05622,FB005623,3,一般般，有待改进。,2024-04-05,美妆
U05623,FB005624,1,非常不满意，体验很差。,2023-02-04,3C数码
U05624,FB005625,4,还不错，基本满意。,2023-05-14,美妆
U05625,FB005626,3,一般般，有待改进。,2023-01-18,食品
U05626,FB005627,2,不太满意，需要改善。,2024-07-17,美妆
U05627,FB005628,5,非常满意，产品很好用！,2024-01-17,3C数码
U05628,FB005629,5,非常满意，产品很好用！,2024-09-11,食品
U05629,FB005630,1,非常不满意，体验很差。,2023-04-19,美妆
U05630,FB005631,4,还不错，基本满意。,2023-09-20,3C数码
U05631,FB005632,3,一般般，有待改进。,2023-05-08,美妆
U05632,FB005633,5,非常满意，产品很好用！,2024-09-13,家居
U05633,FB005634,5,非常满意，产品很好用！,2023-09-08,食品
U05634,FB005635,3,一般般，有待改进。,2024-09-02,家居
U05635,FB005636,2,不太满意，需要改善。,2024-12-01,3C数码
U05636,FB005637,5,非常满意，产品很好用！,2024-07-24,服饰
U05637,FB005638,3,一般般，有待改进。,2023-11-22,家居
U05638,FB005639,4,还不错，基本满意。,2023-09-20,美妆
U05639,FB005640,2,不太满意，需要改善。,2023-09-21,家居
U05640,FB005641,5,非常满意，产品很好用！,2023-04-02,家居
U05641,FB005642,5,非常满意，产品很好用！,2024-04-03,家居
U05642,FB005643,5,非常满意，产品很好用！,2023-12-03,食品
U05643,FB005644,5,非常满意，产品很好用！,2024-01-30,3C数码
U05644,FB005645,4,还不错，基本满意。,2023-05-25,食品
U05645,FB005646,3,一般般，有待改进。,2024-05-28,美妆
U05646,FB005647,4,还不错，基本满意。,2023-11-02,家居
U05647,FB005648,5,非常满意，产品很好用！,2023-05-12,美妆
U05648,FB005649,4,还不错，基本满意。,2024-02-29,家居
U05649,FB005650,4,还不错，基本满意。,2023-04-15,美妆
U05650,FB005651,5,非常满意，产品很好用！,2023-04-07,食品
U05651,FB005652,4,还不错，基本满意。,2024-03-17,家居
U05652,FB005653,4,还不错，基本满意。,2024-10-28,美妆
U05653,FB005654,5,非常满意，产品很好用！,2023-10-09,美妆
U05654,FB005655,3,一般般，有待改进。,2023-11-01,服饰
U05655,FB005656,5,非常满意，产品很好用！,2023-08-16,3C数码
U05656,FB005657,5,非常满意，产品很好用！,2023-11-16,家居
U05657,FB005658,5,非常满意，产品很好用！,2024-01-23,家居
U05658,FB005659,5,非常满意，产品很好用！,2023-01-20,家居
U05659,FB005660,5,非常满意，产品很好用！,2023-07-02,家居
U05660,FB005661,2,不太满意，需要改善。,2023-05-20,食品
U05661,FB005662,5,非常满意，产品很好用！,2023-08-04,食品
U05662,FB005663,3,一般般，有待改进。,2023-10-30,家居
U05663,FB005664,5,非常满意，产品很好用！,2023-07-13,家居
U05664,FB005665,1,非常不满意，体验很差。,2024-07-08,食品
U05665,FB005666,3,一般般，有待改进。,2023-12-02,服饰
U05666,FB005667,4,还不错，基本满意。,2024-08-11,服饰
U05667,FB005668,5,非常满意，产品很好用！,2023-07-18,家居
U05668,FB005669,3,一般般，有待改进。,2024-08-08,家居
U05669,FB005670,4,还不错，基本满意。,2024-04-23,美妆
U05670,FB005671,2,不太满意，需要改善。,2024-03-20,食品
U05671,FB005672,3,一般般，有待改进。,2024-12-08,家居
U05672,FB005673,5,非常满意，产品很好用！,2024-03-08,服饰
U05673,FB005674,4,还不错，基本满意。,2024-04-18,家居
U05674,FB005675,4,还不错，基本满意。,2024-01-14,食品
U05675,FB005676,5,非常满意，产品很好用！,2023-02-17,服饰
U05676,FB005677,5,非常满意，产品很好用！,2023-02-08,食品
U05677,FB005678,4,还不错，基本满意。,2023-02-09,3C数码
U05678,FB005679,4,还不错，基本满意。,2023-05-10,食品
U05679,FB005680,3,一般般，有待改进。,2024-08-09,3C数码
U05680,FB005681,4,还不错，基本满意。,2023-06-07,3C数码
U05681,FB005682,3,一般般，有待改进。,2023-03-19,服饰
U05682,FB005683,2,不太满意，需要改善。,2023-05-02,食品
U05683,FB005684,5,非常满意，产品很好用！,2024-11-29,家居
U05684,FB005685,3,一般般，有待改进。,2023-05-28,服饰
U05685,FB005686,5,非常满意，产品很好用！,2024-10-23,家居
U05686,FB005687,3,一般般，有待改进。,2023-09-20,美妆
U05687,FB005688,3,一般般，有待改进。,2023-05-08,服饰
U05688,FB005689,4,还不错，基本满意。,2024-01-29,服饰
U05689,FB005690,3,一般般，有待改进。,2024-02-02,服饰
U05690,FB005691,5,非常满意，产品很好用！,2023-12-27,美妆
U05691,FB005692,4,还不错，基本满意。,2023-09-26,食品
U05692,FB005693,5,非常满意，产品很好用！,2024-08-15,服饰
U05693,FB005694,3,一般般，有待改进。,2024-10-21,美妆
U05694,FB005695,5,非常满意，产品很好用！,2023-10-10,食品
U05695,FB005696,4,还不错，基本满意。,2023-06-20,3C数码
U05696,FB005697,5,非常满意，产品很好用！,2024-12-28,食品
U05697,FB005698,3,一般般，有待改进。,2024-02-09,家居
U05698,FB005699,5,非常满意，产品很好用！,2023-03-13,食品
U05699,FB005700,2,不太满意，需要改善。,2024-06-18,3C数码
U05700,FB005701,5,非常满意，产品很好用！,2023-09-12,家居
U05701,FB005702,2,不太满意，需要改善。,2024-10-21,服饰
U05702,FB005703,3,一般般，有待改进。,2023-08-01,家居
U05703,FB005704,2,不太满意，需要改善。,2024-10-15,服饰
U05704,FB005705,5,非常满意，产品很好用！,2024-06-30,3C数码
U05705,FB005706,2,不太满意，需要改善。,2023-05-30,3C数码
U05706,FB005707,2,不太满意，需要改善。,2023-12-01,3C数码
U05707,FB005708,4,还不错，基本满意。,2023-09-24,家居
U05708,FB005709,3,一般般，有待改进。,2024-12-27,3C数码
U05709,FB005710,3,一般般，有待改进。,2023-05-17,美妆
U05710,FB005711,3,一般般，有待改进。,2023-11-08,美妆
U05711,FB005712,3,一般般，有待改进。,2023-02-22,家居
U05712,FB005713,4,还不错，基本满意。,2023-11-10,食品
U05713,FB005714,3,一般般，有待改进。,2023-11-07,服饰
U05714,FB005715,4,还不错，基本满意。,2024-07-06,美妆
U05715,FB005716,4,还不错，基本满意。,2023-07-04,食品
U05716,FB005717,3,一般般，有待改进。,2023-05-13,家居
U05717,FB005718,4,还不错，基本满意。,2023-01-27,美妆
U05718,FB005719,5,非常满意，产品很好用！,2023-03-21,食品
U05719,FB005720,5,非常满意，产品很好用！,2024-12-03,食品
U05720,FB005721,5,非常满意，产品很好用！,2023-11-02,3C数码
U05721,FB005722,5,非常满意，产品很好用！,2024-12-08,美妆
U05722,FB005723,2,不太满意，需要改善。,2023-07-05,3C数码
U05723,FB005724,4,还不错，基本满意。,2023-04-06,食品
U05724,FB005725,4,还不错，基本满意。,2024-03-16,美妆
U05725,FB005726,3,一般般，有待改进。,2024-09-12,美妆
U05726,FB005727,4,还不错，基本满意。,2023-12-04,美妆
U05727,FB005728,3,一般般，有待改进。,2024-10-07,家居
U05728,FB005729,2,不太满意，需要改善。,2024-10-28,3C数码
U05729,FB005730,3,一般般，有待改进。,2024-05-05,服饰
U05730,FB005731,4,还不错，基本满意。,2024-07-05,服饰
U05731,FB005732,3,一般般，有待改进。,2024-08-07,食品
U05732,FB005733,2,不太满意，需要改善。,2024-10-10,家居
U05733,FB005734,5,非常满意，产品很好用！,2023-09-18,服饰
U05734,FB005735,4,还不错，基本满意。,2024-03-11,服饰
U05735,FB005736,4,还不错，基本满意。,2024-07-05,服饰
U05736,FB005737,3,一般般，有待改进。,2023-09-08,3C数码
U05737,FB005738,5,非常满意，产品很好用！,2023-06-11,食品
U05738,FB005739,4,还不错，基本满意。,2023-05-05,家居
U05739,FB005740,5,非常满意，产品很好用！,2024-12-24,3C数码
U05740,FB005741,4,还不错，基本满意。,2023-05-31,美妆
U05741,FB005742,5,非常满意，产品很好用！,2024-02-26,3C数码
U05742,FB005743,3,一般般，有待改进。,2023-12-09,美妆
U05743,FB005744,5,非常满意，产品很好用！,2023-02-01,服饰
U05744,FB005745,5,非常满意，产品很好用！,2023-09-25,美妆
U05745,FB005746,4,还不错，基本满意。,2024-06-14,食品
U05746,FB005747,4,还不错，基本满意。,2023-03-01,服饰
U05747,FB005748,3,一般般，有待改进。,2023-09-06,家居
U05748,FB005749,4,还不错，基本满意。,2023-06-21,食品
U05749,FB005750,5,非常满意，产品很好用！,2023-04-11,3C数码
U05750,FB005751,2,不太满意，需要改善。,2023-05-12,服饰
U05751,FB005752,4,还不错，基本满意。,2024-10-05,服饰
U05752,FB005753,5,非常满意，产品很好用！,2023-03-09,家居
U05753,FB005754,1,非常不满意，体验很差。,2023-11-26,服饰
U05754,FB005755,5,非常满意，产品很好用！,2024-09-23,服饰
U05755,FB005756,3,一般般，有待改进。,2023-08-15,服饰
U05756,FB005757,5,非常满意，产品很好用！,2023-06-27,食品
U05757,FB005758,3,一般般，有待改进。,2024-02-02,家居
U05758,FB005759,4,还不错，基本满意。,2023-10-09,食品
U05759,FB005760,5,非常满意，产品很好用！,2024-08-06,3C数码
U05760,FB005761,5,非常满意，产品很好用！,2024-03-16,美妆
U05761,FB005762,4,还不错，基本满意。,2024-02-19,食品
U05762,FB005763,3,一般般，有待改进。,2023-05-07,服饰
U05763,FB005764,5,非常满意，产品很好用！,2023-06-30,食品
U05764,FB005765,4,还不错，基本满意。,2024-09-14,家居
U05765,FB005766,5,非常满意，产品很好用！,2023-01-09,3C数码
U05766,FB005767,2,不太满意，需要改善。,2024-08-31,服饰
U05767,FB005768,5,非常满意，产品很好用！,2024-02-09,服饰
U05768,FB005769,2,不太满意，需要改善。,2024-07-04,3C数码
U05769,FB005770,4,还不错，基本满意。,2023-04-01,食品
U05770,FB005771,5,非常满意，产品很好用！,2024-02-27,3C数码
U05771,FB005772,3,一般般，有待改进。,2023-03-09,3C数码
U05772,FB005773,5,非常满意，产品很好用！,2024-02-06,3C数码
U05773,FB005774,2,不太满意，需要改善。,2024-01-23,美妆
U05774,FB005775,2,不太满意，需要改善。,2024-12-17,家居
U05775,FB005776,2,不太满意，需要改善。,2024-08-20,家居
U05776,FB005777,4,还不错，基本满意。,2023-10-25,家居
U05777,FB005778,5,非常满意，产品很好用！,2023-03-28,食品
U05778,FB005779,3,一般般，有待改进。,2023-12-02,服饰
U05779,FB005780,5,非常满意，产品很好用！,2024-07-25,食品
U05780,FB005781,4,还不错，基本满意。,2024-05-09,家居
U05781,FB005782,3,一般般，有待改进。,2024-12-04,家居
U05782,FB005783,3,一般般，有待改进。,2024-12-02,服饰
U05783,FB005784,5,非常满意，产品很好用！,2023-02-14,美妆
U05784,FB005785,4,还不错，基本满意。,2024-05-04,美妆
U05785,FB005786,5,非常满意，产品很好用！,2024-04-03,家居
U05786,FB005787,5,非常满意，产品很好用！,2024-04-30,服饰
U05787,FB005788,4,还不错，基本满意。,2024-06-01,美妆
U05788,FB005789,1,非常不满意，体验很差。,2024-09-07,3C数码
U05789,FB005790,5,非常满意，产品很好用！,2023-12-06,服饰
U05790,FB005791,3,一般般，有待改进。,2023-08-25,家居
U05791,FB005792,4,还不错，基本满意。,2024-09-02,3C数码
U05792,FB005793,4,还不错，基本满意。,2024-02-25,服饰
U05793,FB005794,5,非常满意，产品很好用！,2024-04-30,食品
U05794,FB005795,1,非常不满意，体验很差。,2023-12-14,美妆
U05795,FB005796,5,非常满意，产品很好用！,2023-04-20,美妆
U05796,FB005797,5,非常满意，产品很好用！,2024-05-06,服饰
U05797,FB005798,3,一般般，有待改进。,2024-11-15,3C数码
U05798,FB005799,5,非常满意，产品很好用！,2023-07-14,服饰
U05799,FB005800,4,还不错，基本满意。,2024-04-14,美妆
U05800,FB005801,3,一般般，有待改进。,2024-08-15,服饰
U05801,FB005802,5,非常满意，产品很好用！,2024-08-01,食品
U05802,FB005803,4,还不错，基本满意。,2023-10-24,美妆
U05803,FB005804,3,一般般，有待改进。,2024-10-28,食品
U05804,FB005805,4,还不错，基本满意。,2023-11-06,美妆
U05805,FB005806,4,还不错，基本满意。,2023-01-16,家居
U05806,FB005807,4,还不错，基本满意。,2024-03-28,食品
U05807,FB005808,5,非常满意，产品很好用！,2024-02-27,3C数码
U05808,FB005809,5,非常满意，产品很好用！,2024-03-08,美妆
U05809,FB005810,5,非常满意，产品很好用！,2023-11-20,食品
U05810,FB005811,3,一般般，有待改进。,2023-05-15,美妆
U05811,FB005812,1,非常不满意，体验很差。,2024-02-11,美妆
U05812,FB005813,4,还不错，基本满意。,2024-03-20,3C数码
U05813,FB005814,5,非常满意，产品很好用！,2023-12-07,食品
U05814,FB005815,4,还不错，基本满意。,2024-12-08,家居
U05815,FB005816,4,还不错，基本满意。,2023-01-11,家居
U05816,FB005817,2,不太满意，需要改善。,2023-01-31,食品
U05817,FB005818,4,还不错，基本满意。,2024-02-07,服饰
U05818,FB005819,3,一般般，有待改进。,2023-09-21,家居
U05819,FB005820,4,还不错，基本满意。,2023-05-06,服饰
U05820,FB005821,5,非常满意，产品很好用！,2023-07-11,家居
U05821,FB005822,3,一般般，有待改进。,2024-06-27,食品
U05822,FB005823,4,还不错，基本满意。,2023-11-22,家居
U05823,FB005824,2,不太满意，需要改善。,2024-04-29,服饰
U05824,FB005825,2,不太满意，需要改善。,2023-01-30,美妆
U05825,FB005826,5,非常满意，产品很好用！,2024-03-26,3C数码
U05826,FB005827,4,还不错，基本满意。,2024-09-19,服饰
U05827,FB005828,3,一般般，有待改进。,2023-04-18,家居
U05828,FB005829,4,还不错，基本满意。,2023-04-07,食品
U05829,FB005830,5,非常满意，产品很好用！,2023-07-08,3C数码
U05830,FB005831,5,非常满意，产品很好用！,2023-05-07,食品
U05831,FB005832,4,还不错，基本满意。,2024-01-27,服饰
U05832,FB005833,4,还不错，基本满意。,2023-05-02,家居
U05833,FB005834,5,非常满意，产品很好用！,2023-09-23,家居
U05834,FB005835,4,还不错，基本满意。,2024-10-19,美妆
U05835,FB005836,3,一般般，有待改进。,2023-04-04,食品
U05836,FB005837,5,非常满意，产品很好用！,2024-11-18,美妆
U05837,FB005838,4,还不错，基本满意。,2023-07-25,3C数码
U05838,FB005839,3,一般般，有待改进。,2024-02-07,家居
U05839,FB005840,3,一般般，有待改进。,2023-08-05,食品
U05840,FB005841,2,不太满意，需要改善。,2023-09-17,服饰
U05841,FB005842,5,非常满意，产品很好用！,2024-04-20,家居
U05842,FB005843,3,一般般，有待改进。,2024-12-30,美妆
U05843,FB005844,5,非常满意，产品很好用！,2024-08-30,食品
U05844,FB005845,5,非常满意，产品很好用！,2024-03-23,3C数码
U05845,FB005846,2,不太满意，需要改善。,2023-05-20,食品
U05846,FB005847,5,非常满意，产品很好用！,2023-11-25,家居
U05847,FB005848,5,非常满意，产品很好用！,2024-06-16,美妆
U05848,FB005849,1,非常不满意，体验很差。,2023-05-07,服饰
U05849,FB005850,2,不太满意，需要改善。,2024-01-17,美妆
U05850,FB005851,1,非常不满意，体验很差。,2024-03-09,家居
U05851,FB005852,4,还不错，基本满意。,2024-04-27,服饰
U05852,FB005853,2,不太满意，需要改善。,2023-03-09,3C数码
U05853,FB005854,4,还不错，基本满意。,2023-07-16,3C数码
U05854,FB005855,5,非常满意，产品很好用！,2023-01-31,食品
U05855,FB005856,3,一般般，有待改进。,2023-10-02,服饰
U05856,FB005857,4,还不错，基本满意。,2023-11-23,家居
U05857,FB005858,4,还不错，基本满意。,2024-04-19,3C数码
U05858,FB005859,3,一般般，有待改进。,2023-06-05,服饰
U05859,FB005860,4,还不错，基本满意。,2024-01-07,美妆
U05860,FB005861,5,非常满意，产品很好用！,2023-08-19,美妆
U05861,FB005862,3,一般般，有待改进。,2024-09-30,3C数码
U05862,FB005863,5,非常满意，产品很好用！,2023-12-04,食品
U05863,FB005864,5,非常满意，产品很好用！,2024-06-03,食品
U05864,FB005865,4,还不错，基本满意。,2023-08-02,家居
U05865,FB005866,5,非常满意，产品很好用！,2023-04-07,食品
U05866,FB005867,3,一般般，有待改进。,2023-02-09,服饰
U05867,FB005868,4,还不错，基本满意。,2024-02-11,服饰
U05868,FB005869,2,不太满意，需要改善。,2023-12-03,美妆
U05869,FB005870,3,一般般，有待改进。,2024-04-26,食品
U05870,FB005871,5,非常满意，产品很好用！,2024-07-20,食品
U05871,FB005872,4,还不错，基本满意。,2024-06-19,食品
U05872,FB005873,5,非常满意，产品很好用！,2024-11-04,家居
U05873,FB005874,1,非常不满意，体验很差。,2024-09-08,家居
U05874,FB005875,3,一般般，有待改进。,2024-11-19,服饰
U05875,FB005876,3,一般般，有待改进。,2023-12-29,服饰
U05876,FB005877,3,一般般，有待改进。,2024-12-02,美妆
U05877,FB005878,4,还不错，基本满意。,2024-04-12,家居
U05878,FB005879,1,非常不满意，体验很差。,2024-03-10,美妆
U05879,FB005880,4,还不错，基本满意。,2023-12-14,食品
U05880,FB005881,5,非常满意，产品很好用！,2023-09-27,3C数码
U05881,FB005882,2,不太满意，需要改善。,2024-09-24,3C数码
U05882,FB005883,1,非常不满意，体验很差。,2024-12-27,美妆
U05883,FB005884,3,一般般，有待改进。,2023-06-24,3C数码
U05884,FB005885,3,一般般，有待改进。,2024-02-07,食品
U05885,FB005886,4,还不错，基本满意。,2024-01-10,服饰
U05886,FB005887,2,不太满意，需要改善。,2023-01-05,美妆
U05887,FB005888,4,还不错，基本满意。,2023-01-13,家居
U05888,FB005889,4,还不错，基本满意。,2023-06-17,美妆
U05889,FB005890,3,一般般，有待改进。,2024-10-26,美妆
U05890,FB005891,3,一般般，有待改进。,2024-06-10,家居
U05891,FB005892,5,非常满意，产品很好用！,2024-04-27,美妆
U05892,FB005893,3,一般般，有待改进。,2024-10-24,家居
U05893,FB005894,5,非常满意，产品很好用！,2024-12-29,服饰
U05894,FB005895,4,还不错，基本满意。,2024-08-13,食品
U05895,FB005896,4,还不错，基本满意。,2023-10-28,3C数码
U05896,FB005897,3,一般般，有待改进。,2023-08-10,家居
U05897,FB005898,3,一般般，有待改进。,2024-12-10,3C数码
U05898,FB005899,5,非常满意，产品很好用！,2023-06-18,服饰
U05899,FB005900,4,还不错，基本满意。,2024-11-18,食品
U05900,FB005901,5,非常满意，产品很好用！,2023-11-05,美妆
U05901,FB005902,5,非常满意，产品很好用！,2024-11-30,服饰
U05902,FB005903,3,一般般，有待改进。,2023-01-23,3C数码
U05903,FB005904,2,不太满意，需要改善。,2024-03-08,食品
U05904,FB005905,4,还不错，基本满意。,2023-04-18,3C数码
U05905,FB005906,5,非常满意，产品很好用！,2024-06-08,美妆
U05906,FB005907,4,还不错，基本满意。,2023-09-10,食品
U05907,FB005908,4,还不错，基本满意。,2023-10-28,美妆
U05908,FB005909,3,一般般，有待改进。,2024-01-15,美妆
U05909,FB005910,4,还不错，基本满意。,2023-02-07,服饰
U05910,FB005911,4,还不错，基本满意。,2023-06-18,美妆
U05911,FB005912,3,一般般，有待改进。,2024-01-20,食品
U05912,FB005913,4,还不错，基本满意。,2023-10-14,3C数码
U05913,FB005914,5,非常满意，产品很好用！,2024-03-23,家居
U05914,FB005915,4,还不错，基本满意。,2023-02-23,服饰
U05915,FB005916,5,非常满意，产品很好用！,2024-02-20,3C数码
U05916,FB005917,4,还不错，基本满意。,2024-08-15,服饰
U05917,FB005918,4,还不错，基本满意。,2024-11-08,美妆
U05918,FB005919,2,不太满意，需要改善。,2024-06-13,食品
U05919,FB005920,5,非常满意，产品很好用！,2024-04-03,食品
U05920,FB005921,3,一般般，有待改进。,2023-08-13,服饰
U05921,FB005922,5,非常满意，产品很好用！,2023-10-07,食品
U05922,FB005923,5,非常满意，产品很好用！,2024-02-27,服饰
U05923,FB005924,1,非常不满意，体验很差。,2023-05-16,服饰
U05924,FB005925,1,非常不满意，体验很差。,2024-02-15,3C数码
U05925,FB005926,5,非常满意，产品很好用！,2023-05-12,家居
U05926,FB005927,2,不太满意，需要改善。,2023-11-01,服饰
U05927,FB005928,5,非常满意，产品很好用！,2024-09-04,3C数码
U05928,FB005929,5,非常满意，产品很好用！,2024-05-14,3C数码
U05929,FB005930,4,还不错，基本满意。,2024-08-01,3C数码
U05930,FB005931,5,非常满意，产品很好用！,2023-12-17,食品
U05931,FB005932,4,还不错，基本满意。,2024-05-26,3C数码
U05932,FB005933,4,还不错，基本满意。,2024-01-22,家居
U05933,FB005934,1,非常不满意，体验很差。,2023-11-16,3C数码
U05934,FB005935,4,还不错，基本满意。,2023-05-05,美妆
U05935,FB005936,4,还不错，基本满意。,2024-06-27,家居
U05936,FB005937,4,还不错，基本满意。,2024-12-09,3C数码
U05937,FB005938,5,非常满意，产品很好用！,2023-08-30,食品
U05938,FB005939,5,非常满意，产品很好用！,2023-08-01,食品
U05939,FB005940,3,一般般，有待改进。,2024-10-09,家居
U05940,FB005941,4,还不错，基本满意。,2023-07-11,家居
U05941,FB005942,5,非常满意，产品很好用！,2023-09-22,服饰
U05942,FB005943,5,非常满意，产品很好用！,2023-05-15,食品
U05943,FB005944,5,非常满意，产品很好用！,2024-11-16,家居
U05944,FB005945,2,不太满意，需要改善。,2024-12-30,3C数码
U05945,FB005946,1,非常不满意，体验很差。,2024-09-16,3C数码
U05946,FB005947,5,非常满意，产品很好用！,2023-10-11,服饰
U05947,FB005948,4,还不错，基本满意。,2024-04-04,服饰
U05948,FB005949,2,不太满意，需要改善。,2024-08-08,3C数码
U05949,FB005950,5,非常满意，产品很好用！,2023-10-23,服饰
U05950,FB005951,4,还不错，基本满意。,2024-08-04,家居
U05951,FB005952,5,非常满意，产品很好用！,2024-07-21,食品
U05952,FB005953,4,还不错，基本满意。,2024-08-15,食品
U05953,FB005954,4,还不错，基本满意。,2023-01-02,3C数码
U05954,FB005955,5,非常满意，产品很好用！,2023-11-30,家居
U05955,FB005956,5,非常满意，产品很好用！,2024-09-04,美妆
U05956,FB005957,5,非常满意，产品很好用！,2024-10-21,家居
U05957,FB005958,4,还不错，基本满意。,2024-02-17,服饰
U05958,FB005959,3,一般般，有待改进。,2023-01-22,服饰
U05959,FB005960,5,非常满意，产品很好用！,2023-07-01,食品
U05960,FB005961,4,还不错，基本满意。,2023-11-11,服饰
U05961,FB005962,3,一般般，有待改进。,2024-02-07,3C数码
U05962,FB005963,2,不太满意，需要改善。,2024-06-29,食品
U05963,FB005964,4,还不错，基本满意。,2023-04-16,3C数码
U05964,FB005965,2,不太满意，需要改善。,2024-02-05,3C数码
U05965,FB005966,5,非常满意，产品很好用！,2024-06-24,食品
U05966,FB005967,4,还不错，基本满意。,2024-07-09,家居
U05967,FB005968,5,非常满意，产品很好用！,2023-11-08,3C数码
U05968,FB005969,5,非常满意，产品很好用！,2024-07-03,服饰
U05969,FB005970,5,非常满意，产品很好用！,2024-06-21,3C数码
U05970,FB005971,5,非常满意，产品很好用！,2024-07-07,服饰
U05971,FB005972,4,还不错，基本满意。,2024-12-09,3C数码
U05972,FB005973,5,非常满意，产品很好用！,2024-06-08,服饰
U05973,FB005974,4,还不错，基本满意。,2024-03-18,食品
U05974,FB005975,3,一般般，有待改进。,2024-12-16,美妆
U05975,FB005976,5,非常满意，产品很好用！,2024-04-03,食品
U05976,FB005977,5,非常满意，产品很好用！,2023-01-20,美妆
U05977,FB005978,5,非常满意，产品很好用！,2024-08-26,食品
U05978,FB005979,4,还不错，基本满意。,2023-05-06,美妆
U05979,FB005980,4,还不错，基本满意。,2023-12-19,3C数码
U05980,FB005981,3,一般般，有待改进。,2023-07-22,家居
U05981,FB005982,4,还不错，基本满意。,2023-04-15,美妆
U05982,FB005983,4,还不错，基本满意。,2023-05-21,家居
U05983,FB005984,4,还不错，基本满意。,2024-09-16,美妆
U05984,FB005985,4,还不错，基本满意。,2023-04-09,美妆
U05985,FB005986,4,还不错，基本满意。,2023-05-06,3C数码
U05986,FB005987,5,非常满意，产品很好用！,2023-04-25,美妆
U05987,FB005988,5,非常满意，产品很好用！,2023-06-24,3C数码
U05988,FB005989,5,非常满意，产品很好用！,2024-10-29,服饰
U05989,FB005990,5,非常满意，产品很好用！,2023-05-12,食品
U05990,FB005991,3,一般般，有待改进。,2023-02-05,家居
U05991,FB005992,5,非常满意，产品很好用！,2024-08-18,美妆
U05992,FB005993,5,非常满意，产品很好用！,2024-02-26,食品
U05993,FB005994,5,非常满意，产品很好用！,2023-04-07,食品
U05994,FB005995,5,非常满意，产品很好用！,2024-12-10,食品
U05995,FB005996,4,还不错，基本满意。,2024-01-04,3C数码
U05996,FB005997,3,一般般，有待改进。,2023-03-09,美妆
U05997,FB005998,5,非常满意，产品很好用！,2024-03-29,服饰
U05998,FB005999,4,还不错，基本满意。,2024-08-03,服饰
U05999,FB006000,4,还不错，基本满意。,2024-03-21,食品
U06000,FB006001,4,还不错，基本满意。,2023-04-17,服饰
U06001,FB006002,5,非常满意，产品很好用！,2024-03-20,3C数码
U06002,FB006003,5,非常满意，产品很好用！,2023-09-09,美妆
U06003,FB006004,3,一般般，有待改进。,2024-03-01,食品
U06004,FB006005,5,非常满意，产品很好用！,2024-03-27,美妆
U06005,FB006006,5,非常满意，产品很好用！,2023-05-16,服饰
U06006,FB006007,5,非常满意，产品很好用！,2023-09-18,食品
U06007,FB006008,5,非常满意，产品很好用！,2023-01-18,3C数码
U06008,FB006009,3,一般般，有待改进。,2024-05-06,食品
U06009,FB006010,2,不太满意，需要改善。,2023-11-23,美妆
U06010,FB006011,2,不太满意，需要改善。,2023-01-16,食品
U06011,FB006012,4,还不错，基本满意。,2024-08-30,3C数码
U06012,FB006013,1,非常不满意，体验很差。,2023-04-20,3C数码
U06013,FB006014,4,还不错，基本满意。,2024-10-12,3C数码
U06014,FB006015,5,非常满意，产品很好用！,2023-02-13,美妆
U06015,FB006016,5,非常满意，产品很好用！,2024-08-19,食品
U06016,FB006017,5,非常满意，产品很好用！,2024-04-18,服饰
U06017,FB006018,1,非常不满意，体验很差。,2024-02-29,家居
U06018,FB006019,2,不太满意，需要改善。,2024-08-05,3C数码
U06019,FB006020,5,非常满意，产品很好用！,2024-02-14,食品
U06020,FB006021,3,一般般，有待改进。,2024-04-08,家居
U06021,FB006022,3,一般般，有待改进。,2024-05-16,3C数码
U06022,FB006023,5,非常满意，产品很好用！,2024-07-24,服饰
U06023,FB006024,4,还不错，基本满意。,2024-08-29,美妆
U06024,FB006025,4,还不错，基本满意。,2023-01-03,3C数码
U06025,FB006026,5,非常满意，产品很好用！,2023-11-19,美妆
U06026,FB006027,3,一般般，有待改进。,2024-01-28,美妆
U06027,FB006028,5,非常满意，产品很好用！,2023-12-13,家居
U06028,FB006029,4,还不错，基本满意。,2024-08-29,美妆
U06029,FB006030,3,一般般，有待改进。,2023-05-12,美妆
U06030,FB006031,4,还不错，基本满意。,2023-09-12,服饰
U06031,FB006032,4,还不错，基本满意。,2023-04-22,服饰
U06032,FB006033,4,还不错，基本满意。,2024-07-30,家居
U06033,FB006034,5,非常满意，产品很好用！,2023-06-23,家居
U06034,FB006035,5,非常满意，产品很好用！,2024-09-30,食品
U06035,FB006036,5,非常满意，产品很好用！,2023-05-04,3C数码
U06036,FB006037,5,非常满意，产品很好用！,2023-03-13,家居
U06037,FB006038,4,还不错，基本满意。,2024-01-28,食品
U06038,FB006039,4,还不错，基本满意。,2024-12-04,3C数码
U06039,FB006040,4,还不错，基本满意。,2024-08-21,家居
U06040,FB006041,4,还不错，基本满意。,2024-10-29,食品
U06041,FB006042,5,非常满意，产品很好用！,2024-10-12,服饰
U06042,FB006043,5,非常满意，产品很好用！,2024-03-19,食品
U06043,FB006044,4,还不错，基本满意。,2023-11-15,食品
U06044,FB006045,3,一般般，有待改进。,2024-06-24,食品
U06045,FB006046,4,还不错，基本满意。,2023-08-15,食品
U06046,FB006047,2,不太满意，需要改善。,2024-07-29,3C数码
U06047,FB006048,2,不太满意，需要改善。,2023-04-14,食品
U06048,FB006049,4,还不错，基本满意。,2023-03-25,美妆
U06049,FB006050,1,非常不满意，体验很差。,2023-12-28,家居
U06050,FB006051,4,还不错，基本满意。,2024-05-07,服饰
U06051,FB006052,4,还不错，基本满意。,2024-08-18,3C数码
U06052,FB006053,5,非常满意，产品很好用！,2023-11-29,美妆
U06053,FB006054,4,还不错，基本满意。,2023-12-01,食品
U06054,FB006055,5,非常满意，产品很好用！,2024-02-29,家居
U06055,FB006056,4,还不错，基本满意。,2024-09-07,服饰
U06056,FB006057,5,非常满意，产品很好用！,2024-06-26,服饰
U06057,FB006058,4,还不错，基本满意。,2024-01-26,服饰
U06058,FB006059,4,还不错，基本满意。,2023-07-15,家居
U06059,FB006060,2,不太满意，需要改善。,2023-08-12,食品
U06060,FB006061,5,非常满意，产品很好用！,2024-01-22,美妆
U06061,FB006062,5,非常满意，产品很好用！,2024-09-02,3C数码
U06062,FB006063,4,还不错，基本满意。,2024-05-29,服饰
U06063,FB006064,5,非常满意，产品很好用！,2024-10-24,服饰
U06064,FB006065,5,非常满意，产品很好用！,2023-10-06,3C数码
U06065,FB006066,4,还不错，基本满意。,2023-04-15,3C数码
U06066,FB006067,4,还不错，基本满意。,2023-08-25,食品
U06067,FB006068,4,还不错，基本满意。,2024-07-17,美妆
U06068,FB006069,4,还不错，基本满意。,2024-03-03,家居
U06069,FB006070,1,非常不满意，体验很差。,2024-05-28,服饰
U06070,FB006071,4,还不错，基本满意。,2023-06-29,食品
U06071,FB006072,5,非常满意，产品很好用！,2023-12-29,美妆
U06072,FB006073,5,非常满意，产品很好用！,2023-09-13,服饰
U06073,FB006074,4,还不错，基本满意。,2023-07-14,美妆
U06074,FB006075,3,一般般，有待改进。,2023-04-12,美妆
U06075,FB006076,1,非常不满意，体验很差。,2023-01-31,家居
U06076,FB006077,3,一般般，有待改进。,2024-12-06,服饰
U06077,FB006078,5,非常满意，产品很好用！,2024-08-09,3C数码
U06078,FB006079,3,一般般，有待改进。,2023-06-27,美妆
U06079,FB006080,5,非常满意，产品很好用！,2024-10-27,家居
U06080,FB006081,4,还不错，基本满意。,2023-06-15,3C数码
U06081,FB006082,5,非常满意，产品很好用！,2023-09-25,3C数码
U06082,FB006083,3,一般般，有待改进。,2024-06-30,3C数码
U06083,FB006084,1,非常不满意，体验很差。,2023-10-18,服饰
U06084,FB006085,3,一般般，有待改进。,2024-01-13,服饰
U06085,FB006086,4,还不错，基本满意。,2023-09-28,美妆
U06086,FB006087,5,非常满意，产品很好用！,2024-09-12,服饰
U06087,FB006088,5,非常满意，产品很好用！,2023-01-19,食品
U06088,FB006089,2,不太满意，需要改善。,2023-06-16,美妆
U06089,FB006090,4,还不错，基本满意。,2023-09-18,家居
U06090,FB006091,4,还不错，基本满意。,2024-06-01,服饰
U06091,FB006092,5,非常满意，产品很好用！,2024-08-26,家居
U06092,FB006093,3,一般般，有待改进。,2023-03-02,家居
U06093,FB006094,3,一般般，有待改进。,2023-03-19,美妆
U06094,FB006095,4,还不错，基本满意。,2023-08-26,服饰
U06095,FB006096,3,一般般，有待改进。,2024-02-18,食品
U06096,FB006097,4,还不错，基本满意。,2024-02-18,家居
U06097,FB006098,5,非常满意，产品很好用！,2023-03-16,美妆
U06098,FB006099,5,非常满意，产品很好用！,2023-05-20,美妆
U06099,FB006100,1,非常不满意，体验很差。,2023-09-27,美妆
U06100,FB006101,4,还不错，基本满意。,2024-10-04,家居
U06101,FB006102,4,还不错，基本满意。,2023-04-20,3C数码
U06102,FB006103,5,非常满意，产品很好用！,2024-05-14,服饰
U06103,FB006104,3,一般般，有待改进。,2023-04-17,食品
U06104,FB006105,2,不太满意，需要改善。,2024-04-06,3C数码
U06105,FB006106,3,一般般，有待改进。,2024-05-04,食品
U06106,FB006107,4,还不错，基本满意。,2024-10-29,食品
U06107,FB006108,5,非常满意，产品很好用！,2024-04-17,3C数码
U06108,FB006109,3,一般般，有待改进。,2023-12-16,家居
U06109,FB006110,5,非常满意，产品很好用！,2024-04-19,家居
U06110,FB006111,4,还不错，基本满意。,2023-10-05,美妆
U06111,FB006112,5,非常满意，产品很好用！,2024-12-29,3C数码
U06112,FB006113,5,非常满意，产品很好用！,2023-01-08,服饰
U06113,FB006114,5,非常满意，产品很好用！,2023-03-14,家居
U06114,FB006115,4,还不错，基本满意。,2023-02-06,食品
U06115,FB006116,4,还不错，基本满意。,2023-09-13,服饰
U06116,FB006117,4,还不错，基本满意。,2023-11-20,3C数码
U06117,FB006118,4,还不错，基本满意。,2023-10-06,3C数码
U06118,FB006119,4,还不错，基本满意。,2024-06-28,3C数码
U06119,FB006120,3,一般般，有待改进。,2023-10-16,家居
U06120,FB006121,3,一般般，有待改进。,2023-10-12,食品
U06121,FB006122,3,一般般，有待改进。,2023-07-08,服饰
U06122,FB006123,5,非常满意，产品很好用！,2023-10-06,服饰
U06123,FB006124,4,还不错，基本满意。,2024-05-26,服饰
U06124,FB006125,3,一般般，有待改进。,2023-07-11,家居
U06125,FB006126,5,非常满意，产品很好用！,2024-10-27,美妆
U06126,FB006127,3,一般般，有待改进。,2024-05-27,服饰
U06127,FB006128,5,非常满意，产品很好用！,2023-02-20,家居
U06128,FB006129,4,还不错，基本满意。,2024-10-11,食品
U06129,FB006130,4,还不错，基本满意。,2023-11-23,服饰
U06130,FB006131,3,一般般，有待改进。,2023-04-18,3C数码
U06131,FB006132,3,一般般，有待改进。,2024-05-20,3C数码
U06132,FB006133,4,还不错，基本满意。,2023-02-06,美妆
U06133,FB006134,5,非常满意，产品很好用！,2024-08-02,3C数码
U06134,FB006135,5,非常满意，产品很好用！,2023-11-22,美妆
U06135,FB006136,4,还不错，基本满意。,2024-12-03,食品
U06136,FB006137,4,还不错，基本满意。,2024-05-06,3C数码
U06137,FB006138,4,还不错，基本满意。,2023-11-10,食品
U06138,FB006139,3,一般般，有待改进。,2024-11-10,食品
U06139,FB006140,2,不太满意，需要改善。,2023-05-09,食品
U06140,FB006141,5,非常满意，产品很好用！,2023-04-24,家居
U06141,FB006142,5,非常满意，产品很好用！,2024-01-08,美妆
U06142,FB006143,4,还不错，基本满意。,2024-09-23,3C数码
U06143,FB006144,5,非常满意，产品很好用！,2024-04-21,服饰
U06144,FB006145,4,还不错，基本满意。,2024-04-03,食品
U06145,FB006146,4,还不错，基本满意。,2024-09-20,服饰
U06146,FB006147,4,还不错，基本满意。,2024-03-08,服饰
U06147,FB006148,4,还不错，基本满意。,2024-03-06,家居
U06148,FB006149,3,一般般，有待改进。,2024-03-01,美妆
U06149,FB006150,4,还不错，基本满意。,2024-05-16,3C数码
U06150,FB006151,4,还不错，基本满意。,2023-07-15,家居
U06151,FB006152,5,非常满意，产品很好用！,2024-03-05,美妆
U06152,FB006153,3,一般般，有待改进。,2023-04-24,家居
U06153,FB006154,1,非常不满意，体验很差。,2024-11-27,家居
U06154,FB006155,4,还不错，基本满意。,2024-10-02,食品
U06155,FB006156,1,非常不满意，体验很差。,2024-12-04,食品
U06156,FB006157,4,还不错，基本满意。,2023-05-30,3C数码
U06157,FB006158,3,一般般，有待改进。,2023-04-04,美妆
U06158,FB006159,3,一般般，有待改进。,2023-06-05,家居
U06159,FB006160,3,一般般，有待改进。,2024-05-31,食品
U06160,FB006161,5,非常满意，产品很好用！,2023-10-02,食品
U06161,FB006162,5,非常满意，产品很好用！,2024-03-29,美妆
U06162,FB006163,1,非常不满意，体验很差。,2023-08-17,食品
U06163,FB006164,4,还不错，基本满意。,2024-11-05,食品
U06164,FB006165,3,一般般，有待改进。,2024-02-14,家居
U06165,FB006166,4,还不错，基本满意。,2023-03-12,食品
U06166,FB006167,4,还不错，基本满意。,2023-01-30,3C数码
U06167,FB006168,5,非常满意，产品很好用！,2024-04-22,3C数码
U06168,FB006169,3,一般般，有待改进。,2023-08-15,3C数码
U06169,FB006170,3,一般般，有待改进。,2023-03-12,3C数码
U06170,FB006171,3,一般般，有待改进。,2024-11-18,服饰
U06171,FB006172,4,还不错，基本满意。,2023-11-06,美妆
U06172,FB006173,1,非常不满意，体验很差。,2023-07-13,服饰
U06173,FB006174,4,还不错，基本满意。,2024-01-26,美妆
U06174,FB006175,1,非常不满意，体验很差。,2024-12-20,家居
U06175,FB006176,5,非常满意，产品很好用！,2023-02-11,美妆
U06176,FB006177,4,还不错，基本满意。,2024-01-21,服饰
U06177,FB006178,3,一般般，有待改进。,2023-01-17,服饰
U06178,FB006179,2,不太满意，需要改善。,2023-12-02,服饰
U06179,FB006180,2,不太满意，需要改善。,2023-10-03,家居
U06180,FB006181,4,还不错，基本满意。,2024-07-20,食品
U06181,FB006182,5,非常满意，产品很好用！,2024-12-11,3C数码
U06182,FB006183,4,还不错，基本满意。,2024-10-22,家居
U06183,FB006184,4,还不错，基本满意。,2024-10-17,家居
U06184,FB006185,3,一般般，有待改进。,2023-05-18,3C数码
U06185,FB006186,5,非常满意，产品很好用！,2023-07-01,食品
U06186,FB006187,5,非常满意，产品很好用！,2023-09-22,服饰
U06187,FB006188,2,不太满意，需要改善。,2024-07-03,美妆
U06188,FB006189,5,非常满意，产品很好用！,2023-06-26,服饰
U06189,FB006190,3,一般般，有待改进。,2023-06-25,美妆
U06190,FB006191,3,一般般，有待改进。,2024-07-31,家居
U06191,FB006192,5,非常满意，产品很好用！,2023-10-20,家居
U06192,FB006193,3,一般般，有待改进。,2024-10-18,食品
U06193,FB006194,5,非常满意，产品很好用！,2024-04-14,食品
U06194,FB006195,3,一般般，有待改进。,2023-06-24,食品
U06195,FB006196,3,一般般，有待改进。,2024-07-05,3C数码
U06196,FB006197,5,非常满意，产品很好用！,2023-10-04,美妆
U06197,FB006198,5,非常满意，产品很好用！,2024-09-01,服饰
U06198,FB006199,3,一般般，有待改进。,2023-07-22,3C数码
U06199,FB006200,4,还不错，基本满意。,2024-03-28,3C数码
U06200,FB006201,4,还不错，基本满意。,2023-09-19,食品
U06201,FB006202,1,非常不满意，体验很差。,2024-08-30,美妆
U06202,FB006203,4,还不错，基本满意。,2023-03-15,食品
U06203,FB006204,3,一般般，有待改进。,2023-07-04,服饰
U06204,FB006205,2,不太满意，需要改善。,2024-02-01,食品
U06205,FB006206,4,还不错，基本满意。,2023-08-28,美妆
U06206,FB006207,4,还不错，基本满意。,2023-01-12,美妆
U06207,FB006208,5,非常满意，产品很好用！,2023-08-03,美妆
U06208,FB006209,4,还不错，基本满意。,2024-12-19,食品
U06209,FB006210,5,非常满意，产品很好用！,2023-08-14,家居
U06210,FB006211,4,还不错，基本满意。,2023-12-22,家居
U06211,FB006212,5,非常满意，产品很好用！,2023-11-18,美妆
U06212,FB006213,5,非常满意，产品很好用！,2024-12-28,家居
U06213,FB006214,3,一般般，有待改进。,2023-07-29,美妆
U06214,FB006215,1,非常不满意，体验很差。,2023-04-25,家居
U06215,FB006216,5,非常满意，产品很好用！,2024-10-14,3C数码
U06216,FB006217,4,还不错，基本满意。,2024-08-31,美妆
U06217,FB006218,5,非常满意，产品很好用！,2023-03-17,3C数码
U06218,FB006219,4,还不错，基本满意。,2024-11-14,食品
U06219,FB006220,4,还不错，基本满意。,2024-12-29,3C数码
U06220,FB006221,4,还不错，基本满意。,2023-12-08,3C数码
U06221,FB006222,5,非常满意，产品很好用！,2023-11-24,家居
U06222,FB006223,4,还不错，基本满意。,2024-07-06,美妆
U06223,FB006224,4,还不错，基本满意。,2024-05-09,食品
U06224,FB006225,2,不太满意，需要改善。,2023-10-13,食品
U06225,FB006226,4,还不错，基本满意。,2023-09-04,美妆
U06226,FB006227,5,非常满意，产品很好用！,2024-06-12,服饰
U06227,FB006228,3,一般般，有待改进。,2024-09-02,3C数码
U06228,FB006229,4,还不错，基本满意。,2024-08-12,3C数码
U06229,FB006230,4,还不错，基本满意。,2023-04-24,食品
U06230,FB006231,4,还不错，基本满意。,2023-12-11,家居
U06231,FB006232,4,还不错，基本满意。,2023-05-22,3C数码
U06232,FB006233,4,还不错，基本满意。,2024-11-13,服饰
U06233,FB006234,5,非常满意，产品很好用！,2023-05-06,3C数码
U06234,FB006235,4,还不错，基本满意。,2023-06-09,美妆
U06235,FB006236,5,非常满意，产品很好用！,2023-01-26,食品
U06236,FB006237,4,还不错，基本满意。,2024-11-05,美妆
U06237,FB006238,4,还不错，基本满意。,2024-10-06,美妆
U06238,FB006239,4,还不错，基本满意。,2024-06-29,服饰
U06239,FB006240,2,不太满意，需要改善。,2024-10-08,美妆
U06240,FB006241,3,一般般，有待改进。,2024-04-15,服饰
U06241,FB006242,2,不太满意，需要改善。,2023-06-12,美妆
U06242,FB006243,5,非常满意，产品很好用！,2024-07-05,服饰
U06243,FB006244,5,非常满意，产品很好用！,2024-08-13,食品
U06244,FB006245,4,还不错，基本满意。,2024-12-03,美妆
U06245,FB006246,5,非常满意，产品很好用！,2023-07-30,食品
U06246,FB006247,5,非常满意，产品很好用！,2023-09-22,美妆
U06247,FB006248,2,不太满意，需要改善。,2024-01-04,家居
U06248,FB006249,1,非常不满意，体验很差。,2023-04-02,食品
U06249,FB006250,3,一般般，有待改进。,2023-03-08,服饰
U06250,FB006251,5,非常满意，产品很好用！,2024-03-10,家居
U06251,FB006252,3,一般般，有待改进。,2024-04-19,服饰
U06252,FB006253,5,非常满意，产品很好用！,2023-11-21,3C数码
U06253,FB006254,3,一般般，有待改进。,2024-05-08,食品
U06254,FB006255,1,非常不满意，体验很差。,2023-07-04,家居
U06255,FB006256,2,不太满意，需要改善。,2024-04-17,3C数码
U06256,FB006257,5,非常满意，产品很好用！,2024-04-30,3C数码
U06257,FB006258,1,非常不满意，体验很差。,2024-03-02,服饰
U06258,FB006259,3,一般般，有待改进。,2024-01-17,3C数码
U06259,FB006260,3,一般般，有待改进。,2023-11-12,食品
U06260,FB006261,4,还不错，基本满意。,2023-09-03,家居
U06261,FB006262,4,还不错，基本满意。,2023-04-18,美妆
U06262,FB006263,4,还不错，基本满意。,2023-08-28,3C数码
U06263,FB006264,2,不太满意，需要改善。,2024-08-04,食品
U06264,FB006265,5,非常满意，产品很好用！,2024-12-19,食品
U06265,FB006266,4,还不错，基本满意。,2023-11-04,服饰
U06266,FB006267,5,非常满意，产品很好用！,2024-05-03,食品
U06267,FB006268,5,非常满意，产品很好用！,2024-04-11,服饰
U06268,FB006269,5,非常满意，产品很好用！,2023-06-21,3C数码
U06269,FB006270,5,非常满意，产品很好用！,2024-03-27,美妆
U06270,FB006271,3,一般般，有待改进。,2024-05-26,美妆
U06271,FB006272,4,还不错，基本满意。,2023-08-28,3C数码
U06272,FB006273,4,还不错，基本满意。,2023-10-21,服饰
U06273,FB006274,4,还不错，基本满意。,2024-05-16,美妆
U06274,FB006275,4,还不错，基本满意。,2023-07-05,家居
U06275,FB006276,4,还不错，基本满意。,2024-12-15,美妆
U06276,FB006277,1,非常不满意，体验很差。,2024-12-15,服饰
U06277,FB006278,5,非常满意，产品很好用！,2024-01-07,家居
U06278,FB006279,4,还不错，基本满意。,2024-03-30,3C数码
U06279,FB006280,3,一般般，有待改进。,2024-06-29,3C数码
U06280,FB006281,3,一般般，有待改进。,2023-08-29,美妆
U06281,FB006282,4,还不错，基本满意。,2024-08-29,3C数码
U06282,FB006283,4,还不错，基本满意。,2024-06-26,3C数码
U06283,FB006284,5,非常满意，产品很好用！,2023-08-05,食品
U06284,FB006285,5,非常满意，产品很好用！,2023-09-17,美妆
U06285,FB006286,2,不太满意，需要改善。,2024-06-28,3C数码
U06286,FB006287,4,还不错，基本满意。,2024-02-10,3C数码
U06287,FB006288,3,一般般，有待改进。,2023-02-21,美妆
U06288,FB006289,5,非常满意，产品很好用！,2023-03-27,家居
U06289,FB006290,5,非常满意，产品很好用！,2024-07-09,食品
U06290,FB006291,5,非常满意，产品很好用！,2023-10-24,服饰
U06291,FB006292,5,非常满意，产品很好用！,2023-05-06,食品
U06292,FB006293,5,非常满意，产品很好用！,2023-05-07,美妆
U06293,FB006294,5,非常满意，产品很好用！,2023-03-22,美妆
U06294,FB006295,5,非常满意，产品很好用！,2024-03-06,食品
U06295,FB006296,3,一般般，有待改进。,2023-12-25,3C数码
U06296,FB006297,4,还不错，基本满意。,2023-05-09,美妆
U06297,FB006298,1,非常不满意，体验很差。,2023-11-16,美妆
U06298,FB006299,4,还不错，基本满意。,2024-01-16,家居
U06299,FB006300,4,还不错，基本满意。,2023-10-06,美妆
U06300,FB006301,4,还不错，基本满意。,2024-04-15,家居
U06301,FB006302,5,非常满意，产品很好用！,2023-01-10,家居
U06302,FB006303,3,一般般，有待改进。,2024-02-11,家居
U06303,FB006304,2,不太满意，需要改善。,2023-06-06,家居
U06304,FB006305,4,还不错，基本满意。,2023-12-12,家居
U06305,FB006306,5,非常满意，产品很好用！,2023-04-09,美妆
U06306,FB006307,3,一般般，有待改进。,2024-06-15,服饰
U06307,FB006308,4,还不错，基本满意。,2023-07-01,服饰
U06308,FB006309,3,一般般，有待改进。,2024-02-16,美妆
U06309,FB006310,5,非常满意，产品很好用！,2024-09-27,美妆
U06310,FB006311,4,还不错，基本满意。,2024-11-11,美妆
U06311,FB006312,5,非常满意，产品很好用！,2024-02-15,3C数码
U06312,FB006313,5,非常满意，产品很好用！,2024-11-24,食品
U06313,FB006314,4,还不错，基本满意。,2024-09-05,家居
U06314,FB006315,4,还不错，基本满意。,2023-09-20,食品
U06315,FB006316,3,一般般，有待改进。,2024-10-14,服饰
U06316,FB006317,2,不太满意，需要改善。,2024-12-19,食品
U06317,FB006318,4,还不错，基本满意。,2023-11-09,家居
U06318,FB006319,4,还不错，基本满意。,2024-02-17,服饰
U06319,FB006320,5,非常满意，产品很好用！,2024-02-03,服饰
U06320,FB006321,5,非常满意，产品很好用！,2024-12-12,家居
U06321,FB006322,5,非常满意，产品很好用！,2024-12-17,家居
U06322,FB006323,5,非常满意，产品很好用！,2023-11-22,3C数码
U06323,FB006324,2,不太满意，需要改善。,2024-08-01,家居
U06324,FB006325,4,还不错，基本满意。,2023-12-15,家居
U06325,FB006326,2,不太满意，需要改善。,2024-06-08,美妆
U06326,FB006327,3,一般般，有待改进。,2024-05-26,食品
U06327,FB006328,4,还不错，基本满意。,2024-08-03,食品
U06328,FB006329,1,非常不满意，体验很差。,2024-07-02,3C数码
U06329,FB006330,3,一般般，有待改进。,2023-04-16,3C数码
U06330,FB006331,5,非常满意，产品很好用！,2024-02-15,服饰
U06331,FB006332,4,还不错，基本满意。,2023-04-19,家居
U06332,FB006333,4,还不错，基本满意。,2024-01-12,食品
U06333,FB006334,3,一般般，有待改进。,2024-09-02,食品
U06334,FB006335,1,非常不满意，体验很差。,2023-10-05,家居
U06335,FB006336,4,还不错，基本满意。,2024-06-03,美妆
U06336,FB006337,3,一般般，有待改进。,2023-06-12,家居
U06337,FB006338,4,还不错，基本满意。,2023-02-04,美妆
U06338,FB006339,4,还不错，基本满意。,2023-06-10,服饰
U06339,FB006340,4,还不错，基本满意。,2024-11-24,服饰
U06340,FB006341,5,非常满意，产品很好用！,2024-07-18,美妆
U06341,FB006342,1,非常不满意，体验很差。,2023-11-01,3C数码
U06342,FB006343,1,非常不满意，体验很差。,2023-09-08,食品
U06343,FB006344,3,一般般，有待改进。,2023-01-16,美妆
U06344,FB006345,4,还不错，基本满意。,2024-03-06,服饰
U06345,FB006346,3,一般般，有待改进。,2023-01-21,服饰
U06346,FB006347,3,一般般，有待改进。,2024-03-16,服饰
U06347,FB006348,5,非常满意，产品很好用！,2023-01-19,食品
U06348,FB006349,4,还不错，基本满意。,2024-07-03,3C数码
U06349,FB006350,5,非常满意，产品很好用！,2023-02-06,3C数码
U06350,FB006351,4,还不错，基本满意。,2024-04-25,家居
U06351,FB006352,3,一般般，有待改进。,2023-04-24,服饰
U06352,FB006353,1,非常不满意，体验很差。,2023-10-02,3C数码
U06353,FB006354,4,还不错，基本满意。,2024-08-08,服饰
U06354,FB006355,4,还不错，基本满意。,2023-04-14,家居
U06355,FB006356,5,非常满意，产品很好用！,2023-07-02,服饰
U06356,FB006357,1,非常不满意，体验很差。,2023-04-14,服饰
U06357,FB006358,1,非常不满意，体验很差。,2023-07-26,3C数码
U06358,FB006359,2,不太满意，需要改善。,2023-06-30,服饰
U06359,FB006360,5,非常满意，产品很好用！,2023-02-24,食品
U06360,FB006361,2,不太满意，需要改善。,2024-11-14,家居
U06361,FB006362,5,非常满意，产品很好用！,2023-06-11,家居
U06362,FB006363,3,一般般，有待改进。,2023-10-09,家居
U06363,FB006364,5,非常满意，产品很好用！,2023-05-06,食品
U06364,FB006365,3,一般般，有待改进。,2023-09-17,3C数码
U06365,FB006366,4,还不错，基本满意。,2024-02-22,服饰
U06366,FB006367,3,一般般，有待改进。,2023-05-23,食品
U06367,FB006368,4,还不错，基本满意。,2023-07-15,服饰
U06368,FB006369,4,还不错，基本满意。,2023-07-11,3C数码
U06369,FB006370,4,还不错，基本满意。,2024-10-10,家居
U06370,FB006371,3,一般般，有待改进。,2024-11-19,家居
U06371,FB006372,1,非常不满意，体验很差。,2024-10-21,家居
U06372,FB006373,5,非常满意，产品很好用！,2024-07-19,食品
U06373,FB006374,3,一般般，有待改进。,2023-12-02,服饰
U06374,FB006375,2,不太满意，需要改善。,2024-11-04,3C数码
U06375,FB006376,4,还不错，基本满意。,2024-09-09,美妆
U06376,FB006377,3,一般般，有待改进。,2024-06-05,美妆
U06377,FB006378,4,还不错，基本满意。,2024-07-29,3C数码
U06378,FB006379,4,还不错，基本满意。,2024-03-23,美妆
U06379,FB006380,3,一般般，有待改进。,2024-11-23,3C数码
U06380,FB006381,3,一般般，有待改进。,2024-09-26,服饰
U06381,FB006382,5,非常满意，产品很好用！,2024-12-27,3C数码
U06382,FB006383,4,还不错，基本满意。,2024-08-05,美妆
U06383,FB006384,5,非常满意，产品很好用！,2024-06-26,3C数码
U06384,FB006385,4,还不错，基本满意。,2023-10-27,美妆
U06385,FB006386,4,还不错，基本满意。,2023-10-26,美妆
U06386,FB006387,1,非常不满意，体验很差。,2024-11-26,美妆
U06387,FB006388,4,还不错，基本满意。,2024-03-18,3C数码
U06388,FB006389,4,还不错，基本满意。,2024-09-19,家居
U06389,FB006390,3,一般般，有待改进。,2023-05-14,食品
U06390,FB006391,4,还不错，基本满意。,2023-04-20,服饰
U06391,FB006392,5,非常满意，产品很好用！,2024-03-22,食品
U06392,FB006393,5,非常满意，产品很好用！,2024-04-18,家居
U06393,FB006394,5,非常满意，产品很好用！,2024-01-10,家居
U06394,FB006395,3,一般般，有待改进。,2023-02-16,美妆
U06395,FB006396,4,还不错，基本满意。,2024-08-31,家居
U06396,FB006397,5,非常满意，产品很好用！,2023-07-12,家居
U06397,FB006398,4,还不错，基本满意。,2023-04-15,服饰
U06398,FB006399,1,非常不满意，体验很差。,2023-04-29,服饰
U06399,FB006400,3,一般般，有待改进。,2024-09-12,美妆
U06400,FB006401,2,不太满意，需要改善。,2023-10-06,食品
U06401,FB006402,5,非常满意，产品很好用！,2023-06-12,美妆
U06402,FB006403,4,还不错，基本满意。,2024-01-04,食品
U06403,FB006404,5,非常满意，产品很好用！,2024-11-03,家居
U06404,FB006405,3,一般般，有待改进。,2023-09-15,美妆
U06405,FB006406,4,还不错，基本满意。,2024-05-26,3C数码
U06406,FB006407,5,非常满意，产品很好用！,2023-06-13,服饰
U06407,FB006408,3,一般般，有待改进。,2024-08-28,3C数码
U06408,FB006409,4,还不错，基本满意。,2024-01-28,3C数码
U06409,FB006410,5,非常满意，产品很好用！,2024-11-19,美妆
U06410,FB006411,3,一般般，有待改进。,2024-09-25,服饰
U06411,FB006412,5,非常满意，产品很好用！,2023-10-08,服饰
U06412,FB006413,4,还不错，基本满意。,2024-07-13,3C数码
U06413,FB006414,4,还不错，基本满意。,2024-02-28,3C数码
U06414,FB006415,1,非常不满意，体验很差。,2024-01-27,食品
U06415,FB006416,3,一般般，有待改进。,2023-03-20,3C数码
U06416,FB006417,2,不太满意，需要改善。,2023-02-01,食品
U06417,FB006418,3,一般般，有待改进。,2023-04-13,家居
U06418,FB006419,4,还不错，基本满意。,2024-06-01,服饰
U06419,FB006420,3,一般般，有待改进。,2023-04-18,美妆
U06420,FB006421,5,非常满意，产品很好用！,2024-03-25,3C数码
U06421,FB006422,4,还不错，基本满意。,2023-02-05,服饰
U06422,FB006423,3,一般般，有待改进。,2024-08-05,3C数码
U06423,FB006424,5,非常满意，产品很好用！,2024-10-28,美妆
U06424,FB006425,3,一般般，有待改进。,2023-04-11,美妆
U06425,FB006426,4,还不错，基本满意。,2023-06-12,食品
U06426,FB006427,4,还不错，基本满意。,2024-10-14,美妆
U06427,FB006428,5,非常满意，产品很好用！,2024-01-26,家居
U06428,FB006429,3,一般般，有待改进。,2024-11-07,食品
U06429,FB006430,5,非常满意，产品很好用！,2024-04-30,3C数码
U06430,FB006431,3,一般般，有待改进。,2024-02-03,家居
U06431,FB006432,5,非常满意，产品很好用！,2024-09-21,服饰
U06432,FB006433,3,一般般，有待改进。,2023-08-22,美妆
U06433,FB006434,5,非常满意，产品很好用！,2023-04-15,食品
U06434,FB006435,4,还不错，基本满意。,2024-08-12,家居
U06435,FB006436,5,非常满意，产品很好用！,2023-01-27,3C数码
U06436,FB006437,3,一般般，有待改进。,2024-09-17,3C数码
U06437,FB006438,5,非常满意，产品很好用！,2024-06-23,美妆
U06438,FB006439,4,还不错，基本满意。,2024-12-18,服饰
U06439,FB006440,5,非常满意，产品很好用！,2024-06-11,服饰
U06440,FB006441,5,非常满意，产品很好用！,2024-05-11,3C数码
U06441,FB006442,3,一般般，有待改进。,2024-07-20,服饰
U06442,FB006443,5,非常满意，产品很好用！,2024-07-16,3C数码
U06443,FB006444,2,不太满意，需要改善。,2024-05-23,美妆
U06444,FB006445,3,一般般，有待改进。,2023-04-05,食品
U06445,FB006446,5,非常满意，产品很好用！,2023-06-26,服饰
U06446,FB006447,3,一般般，有待改进。,2024-08-13,3C数码
U06447,FB006448,3,一般般，有待改进。,2024-06-25,美妆
U06448,FB006449,2,不太满意，需要改善。,2024-12-19,食品
U06449,FB006450,3,一般般，有待改进。,2023-01-13,美妆
U06450,FB006451,5,非常满意，产品很好用！,2023-07-18,3C数码
U06451,FB006452,5,非常满意，产品很好用！,2024-12-02,3C数码
U06452,FB006453,4,还不错，基本满意。,2023-01-10,美妆
U06453,FB006454,5,非常满意，产品很好用！,2023-04-25,3C数码
U06454,FB006455,5,非常满意，产品很好用！,2024-04-10,美妆
U06455,FB006456,3,一般般，有待改进。,2023-02-01,家居
U06456,FB006457,4,还不错，基本满意。,2024-10-22,服饰
U06457,FB006458,4,还不错，基本满意。,2024-09-02,家居
U06458,FB006459,5,非常满意，产品很好用！,2023-07-17,食品
U06459,FB006460,3,一般般，有待改进。,2024-10-27,3C数码
U06460,FB006461,4,还不错，基本满意。,2023-07-22,家居
U06461,FB006462,4,还不错，基本满意。,2023-12-08,食品
U06462,FB006463,3,一般般，有待改进。,2023-01-06,家居
U06463,FB006464,5,非常满意，产品很好用！,2023-08-31,美妆
U06464,FB006465,3,一般般，有待改进。,2024-01-06,美妆
U06465,FB006466,5,非常满意，产品很好用！,2024-02-08,美妆
U06466,FB006467,3,一般般，有待改进。,2023-06-18,3C数码
U06467,FB006468,5,非常满意，产品很好用！,2024-03-11,3C数码
U06468,FB006469,4,还不错，基本满意。,2024-06-17,美妆
U06469,FB006470,5,非常满意，产品很好用！,2024-12-21,3C数码
U06470,FB006471,3,一般般，有待改进。,2024-08-13,3C数码
U06471,FB006472,4,还不错，基本满意。,2023-04-15,服饰
U06472,FB006473,5,非常满意，产品很好用！,2023-08-03,家居
U06473,FB006474,1,非常不满意，体验很差。,2023-03-15,服饰
U06474,FB006475,5,非常满意，产品很好用！,2023-05-04,3C数码
U06475,FB006476,4,还不错，基本满意。,2023-01-12,3C数码
U06476,FB006477,1,非常不满意，体验很差。,2024-07-20,3C数码
U06477,FB006478,5,非常满意，产品很好用！,2023-12-29,服饰
U06478,FB006479,3,一般般，有待改进。,2024-04-25,服饰
U06479,FB006480,2,不太满意，需要改善。,2024-08-13,家居
U06480,FB006481,5,非常满意，产品很好用！,2024-01-27,家居
U06481,FB006482,5,非常满意，产品很好用！,2023-11-12,服饰
U06482,FB006483,4,还不错，基本满意。,2023-12-19,食品
U06483,FB006484,5,非常满意，产品很好用！,2023-01-13,食品
U06484,FB006485,4,还不错，基本满意。,2023-12-23,美妆
U06485,FB006486,3,一般般，有待改进。,2023-05-11,美妆
U06486,FB006487,5,非常满意，产品很好用！,2023-12-24,家居
U06487,FB006488,5,非常满意，产品很好用！,2024-09-08,服饰
U06488,FB006489,5,非常满意，产品很好用！,2023-09-19,3C数码
U06489,FB006490,4,还不错，基本满意。,2023-12-16,美妆
U06490,FB006491,5,非常满意，产品很好用！,2024-01-12,服饰
U06491,FB006492,4,还不错，基本满意。,2024-12-01,3C数码
U06492,FB006493,4,还不错，基本满意。,2023-08-10,服饰
U06493,FB006494,3,一般般，有待改进。,2023-05-12,服饰
U06494,FB006495,3,一般般，有待改进。,2023-04-22,3C数码
U06495,FB006496,3,一般般，有待改进。,2023-02-24,食品
U06496,FB006497,5,非常满意，产品很好用！,2023-03-19,食品
U06497,FB006498,4,还不错，基本满意。,2024-01-25,美妆
U06498,FB006499,5,非常满意，产品很好用！,2023-01-24,美妆
U06499,FB006500,4,还不错，基本满意。,2024-01-29,服饰
U06500,FB006501,4,还不错，基本满意。,2023-03-15,食品
U06501,FB006502,4,还不错，基本满意。,2024-01-11,食品
U06502,FB006503,1,非常不满意，体验很差。,2023-02-05,3C数码
U06503,FB006504,4,还不错，基本满意。,2023-08-16,美妆
U06504,FB006505,4,还不错，基本满意。,2023-03-21,3C数码
U06505,FB006506,5,非常满意，产品很好用！,2023-07-02,美妆
U06506,FB006507,2,不太满意，需要改善。,2023-01-13,食品
U06507,FB006508,4,还不错，基本满意。,2023-09-11,3C数码
U06508,FB006509,2,不太满意，需要改善。,2024-01-15,食品
U06509,FB006510,5,非常满意，产品很好用！,2024-08-26,美妆
U06510,FB006511,5,非常满意，产品很好用！,2023-08-31,美妆
U06511,FB006512,4,还不错，基本满意。,2023-08-09,家居
U06512,FB006513,4,还不错，基本满意。,2024-04-20,家居
U06513,FB006514,3,一般般，有待改进。,2024-01-07,美妆
U06514,FB006515,4,还不错，基本满意。,2023-07-11,美妆
U06515,FB006516,5,非常满意，产品很好用！,2024-04-25,食品
U06516,FB006517,5,非常满意，产品很好用！,2023-08-04,服饰
U06517,FB006518,2,不太满意，需要改善。,2024-11-30,美妆
U06518,FB006519,5,非常满意，产品很好用！,2024-09-08,家居
U06519,FB006520,4,还不错，基本满意。,2023-02-18,服饰
U06520,FB006521,3,一般般，有待改进。,2023-08-14,服饰
U06521,FB006522,5,非常满意，产品很好用！,2023-06-07,食品
U06522,FB006523,3,一般般，有待改进。,2024-08-10,家居
U06523,FB006524,4,还不错，基本满意。,2024-10-24,服饰
U06524,FB006525,2,不太满意，需要改善。,2023-02-08,家居
U06525,FB006526,1,非常不满意，体验很差。,2023-03-18,3C数码
U06526,FB006527,3,一般般，有待改进。,2024-11-21,家居
U06527,FB006528,2,不太满意，需要改善。,2024-12-18,食品
U06528,FB006529,3,一般般，有待改进。,2023-05-02,家居
U06529,FB006530,3,一般般，有待改进。,2023-12-04,美妆
U06530,FB006531,2,不太满意，需要改善。,2024-11-28,家居
U06531,FB006532,5,非常满意，产品很好用！,2023-03-17,家居
U06532,FB006533,5,非常满意，产品很好用！,2023-10-01,美妆
U06533,FB006534,5,非常满意，产品很好用！,2023-11-15,美妆
U06534,FB006535,4,还不错，基本满意。,2023-02-26,服饰
U06535,FB006536,4,还不错，基本满意。,2024-06-17,家居
U06536,FB006537,4,还不错，基本满意。,2024-04-17,服饰
U06537,FB006538,4,还不错，基本满意。,2024-02-01,美妆
U06538,FB006539,4,还不错，基本满意。,2024-05-27,食品
U06539,FB006540,3,一般般，有待改进。,2023-12-22,服饰
U06540,FB006541,4,还不错，基本满意。,2024-11-27,服饰
U06541,FB006542,5,非常满意，产品很好用！,2024-08-02,美妆
U06542,FB006543,5,非常满意，产品很好用！,2023-04-07,家居
U06543,FB006544,5,非常满意，产品很好用！,2023-10-30,3C数码
U06544,FB006545,3,一般般，有待改进。,2024-01-18,美妆
U06545,FB006546,5,非常满意，产品很好用！,2023-07-09,食品
U06546,FB006547,1,非常不满意，体验很差。,2024-08-15,服饰
U06547,FB006548,3,一般般，有待改进。,2024-05-10,家居
U06548,FB006549,5,非常满意，产品很好用！,2024-10-03,家居
U06549,FB006550,5,非常满意，产品很好用！,2023-04-28,服饰
U06550,FB006551,3,一般般，有待改进。,2023-08-27,家居
U06551,FB006552,2,不太满意，需要改善。,2023-10-25,美妆
U06552,FB006553,2,不太满意，需要改善。,2024-08-22,家居
U06553,FB006554,5,非常满意，产品很好用！,2023-02-23,3C数码
U06554,FB006555,5,非常满意，产品很好用！,2023-10-12,3C数码
U06555,FB006556,4,还不错，基本满意。,2024-10-04,服饰
U06556,FB006557,3,一般般，有待改进。,2024-06-21,家居
U06557,FB006558,4,还不错，基本满意。,2023-11-19,服饰
U06558,FB006559,3,一般般，有待改进。,2024-10-09,美妆
U06559,FB006560,3,一般般，有待改进。,2024-10-25,美妆
U06560,FB006561,5,非常满意，产品很好用！,2023-10-08,食品
U06561,FB006562,5,非常满意，产品很好用！,2023-12-20,美妆
U06562,FB006563,4,还不错，基本满意。,2024-05-16,3C数码
U06563,FB006564,5,非常满意，产品很好用！,2023-10-12,食品
U06564,FB006565,4,还不错，基本满意。,2023-01-04,3C数码
U06565,FB006566,3,一般般，有待改进。,2023-11-23,3C数码
U06566,FB006567,5,非常满意，产品很好用！,2023-02-13,家居
U06567,FB006568,3,一般般，有待改进。,2024-04-06,家居
U06568,FB006569,2,不太满意，需要改善。,2023-02-17,服饰
U06569,FB006570,4,还不错，基本满意。,2023-04-11,美妆
U06570,FB006571,4,还不错，基本满意。,2023-10-25,3C数码
U06571,FB006572,3,一般般，有待改进。,2023-11-29,服饰
U06572,FB006573,4,还不错，基本满意。,2024-08-16,家居
U06573,FB006574,2,不太满意，需要改善。,2023-04-03,美妆
U06574,FB006575,4,还不错，基本满意。,2024-06-03,美妆
U06575,FB006576,3,一般般，有待改进。,2023-11-25,3C数码
U06576,FB006577,2,不太满意，需要改善。,2023-08-24,家居
U06577,FB006578,3,一般般，有待改进。,2024-05-14,服饰
U06578,FB006579,5,非常满意，产品很好用！,2023-04-09,家居
U06579,FB006580,5,非常满意，产品很好用！,2024-01-10,3C数码
U06580,FB006581,4,还不错，基本满意。,2023-04-19,食品
U06581,FB006582,1,非常不满意，体验很差。,2023-02-18,家居
U06582,FB006583,5,非常满意，产品很好用！,2024-07-15,3C数码
U06583,FB006584,5,非常满意，产品很好用！,2024-06-11,家居
U06584,FB006585,3,一般般，有待改进。,2024-05-14,3C数码
U06585,FB006586,2,不太满意，需要改善。,2024-10-03,美妆
U06586,FB006587,4,还不错，基本满意。,2023-05-04,3C数码
U06587,FB006588,3,一般般，有待改进。,2024-01-16,食品
U06588,FB006589,3,一般般，有待改进。,2024-08-10,3C数码
U06589,FB006590,2,不太满意，需要改善。,2023-08-28,食品
U06590,FB006591,4,还不错，基本满意。,2023-06-02,家居
U06591,FB006592,5,非常满意，产品很好用！,2024-05-25,服饰
U06592,FB006593,1,非常不满意，体验很差。,2024-11-27,美妆
U06593,FB006594,5,非常满意，产品很好用！,2024-02-09,家居
U06594,FB006595,4,还不错，基本满意。,2024-12-17,家居
U06595,FB006596,4,还不错，基本满意。,2024-08-04,食品
U06596,FB006597,3,一般般，有待改进。,2024-03-13,美妆
U06597,FB006598,4,还不错，基本满意。,2023-11-17,美妆
U06598,FB006599,5,非常满意，产品很好用！,2024-06-01,食品
U06599,FB006600,5,非常满意，产品很好用！,2023-09-05,家居
U06600,FB006601,5,非常满意，产品很好用！,2023-06-16,3C数码
U06601,FB006602,4,还不错，基本满意。,2024-08-02,美妆
U06602,FB006603,5,非常满意，产品很好用！,2024-03-13,美妆
U06603,FB006604,5,非常满意，产品很好用！,2024-05-13,3C数码
U06604,FB006605,5,非常满意，产品很好用！,2024-05-24,3C数码
U06605,FB006606,5,非常满意，产品很好用！,2024-01-26,食品
U06606,FB006607,4,还不错，基本满意。,2023-10-17,3C数码
U06607,FB006608,3,一般般，有待改进。,2024-05-15,家居
U06608,FB006609,4,还不错，基本满意。,2024-12-05,家居
U06609,FB006610,4,还不错，基本满意。,2023-12-03,服饰
U06610,FB006611,3,一般般，有待改进。,2024-01-07,家居
U06611,FB006612,2,不太满意，需要改善。,2024-03-18,家居
U06612,FB006613,4,还不错，基本满意。,2024-02-28,3C数码
U06613,FB006614,4,还不错，基本满意。,2023-06-13,美妆
U06614,FB006615,4,还不错，基本满意。,2023-01-21,家居
U06615,FB006616,4,还不错，基本满意。,2023-10-20,食品
U06616,FB006617,4,还不错，基本满意。,2023-06-23,家居
U06617,FB006618,4,还不错，基本满意。,2024-04-10,服饰
U06618,FB006619,3,一般般，有待改进。,2024-01-27,食品
U06619,FB006620,4,还不错，基本满意。,2023-08-19,家居
U06620,FB006621,5,非常满意，产品很好用！,2023-08-24,家居
U06621,FB006622,2,不太满意，需要改善。,2023-01-29,3C数码
U06622,FB006623,5,非常满意，产品很好用！,2023-12-13,3C数码
U06623,FB006624,3,一般般，有待改进。,2023-01-20,服饰
U06624,FB006625,4,还不错，基本满意。,2023-03-04,食品
U06625,FB006626,4,还不错，基本满意。,2023-03-30,食品
U06626,FB006627,5,非常满意，产品很好用！,2023-08-05,3C数码
U06627,FB006628,3,一般般，有待改进。,2023-07-19,食品
U06628,FB006629,2,不太满意，需要改善。,2024-05-17,服饰
U06629,FB006630,4,还不错，基本满意。,2024-07-12,食品
U06630,FB006631,5,非常满意，产品很好用！,2024-10-21,美妆
U06631,FB006632,2,不太满意，需要改善。,2023-06-25,服饰
U06632,FB006633,3,一般般，有待改进。,2023-09-12,食品
U06633,FB006634,4,还不错，基本满意。,2024-01-14,家居
U06634,FB006635,4,还不错，基本满意。,2023-08-08,服饰
U06635,FB006636,5,非常满意，产品很好用！,2023-12-29,服饰
U06636,FB006637,3,一般般，有待改进。,2024-05-04,食品
U06637,FB006638,4,还不错，基本满意。,2024-02-25,3C数码
U06638,FB006639,5,非常满意，产品很好用！,2024-11-25,服饰
U06639,FB006640,4,还不错，基本满意。,2024-10-21,服饰
U06640,FB006641,2,不太满意，需要改善。,2023-06-03,3C数码
U06641,FB006642,3,一般般，有待改进。,2024-02-01,服饰
U06642,FB006643,2,不太满意，需要改善。,2024-11-03,3C数码
U06643,FB006644,5,非常满意，产品很好用！,2023-04-29,美妆
U06644,FB006645,2,不太满意，需要改善。,2023-02-02,家居
U06645,FB006646,3,一般般，有待改进。,2024-08-09,食品
U06646,FB006647,5,非常满意，产品很好用！,2023-08-20,食品
U06647,FB006648,5,非常满意，产品很好用！,2023-03-30,美妆
U06648,FB006649,5,非常满意，产品很好用！,2024-11-18,服饰
U06649,FB006650,4,还不错，基本满意。,2024-08-22,3C数码
U06650,FB006651,5,非常满意，产品很好用！,2023-01-17,服饰
U06651,FB006652,4,还不错，基本满意。,2024-06-13,美妆
U06652,FB006653,4,还不错，基本满意。,2024-02-04,家居
U06653,FB006654,3,一般般，有待改进。,2024-01-29,美妆
U06654,FB006655,5,非常满意，产品很好用！,2024-10-16,3C数码
U06655,FB006656,5,非常满意，产品很好用！,2023-04-22,家居
U06656,FB006657,5,非常满意，产品很好用！,2023-09-15,美妆
U06657,FB006658,2,不太满意，需要改善。,2024-09-27,3C数码
U06658,FB006659,2,不太满意，需要改善。,2023-05-31,3C数码
U06659,FB006660,3,一般般，有待改进。,2024-02-03,美妆
U06660,FB006661,5,非常满意，产品很好用！,2023-04-18,3C数码
U06661,FB006662,5,非常满意，产品很好用！,2024-06-05,家居
U06662,FB006663,5,非常满意，产品很好用！,2023-04-08,家居
U06663,FB006664,2,不太满意，需要改善。,2024-11-18,服饰
U06664,FB006665,5,非常满意，产品很好用！,2023-06-21,食品
U06665,FB006666,4,还不错，基本满意。,2023-02-10,食品
U06666,FB006667,1,非常不满意，体验很差。,2024-02-12,家居
U06667,FB006668,4,还不错，基本满意。,2023-11-21,服饰
U06668,FB006669,5,非常满意，产品很好用！,2023-02-14,食品
U06669,FB006670,4,还不错，基本满意。,2023-09-28,家居
U06670,FB006671,4,还不错，基本满意。,2023-03-04,美妆
U06671,FB006672,4,还不错，基本满意。,2023-04-23,3C数码
U06672,FB006673,5,非常满意，产品很好用！,2024-10-14,服饰
U06673,FB006674,5,非常满意，产品很好用！,2024-05-29,食品
U06674,FB006675,4,还不错，基本满意。,2024-01-27,家居
U06675,FB006676,3,一般般，有待改进。,2023-03-23,3C数码
U06676,FB006677,3,一般般，有待改进。,2023-02-23,食品
U06677,FB006678,2,不太满意，需要改善。,2024-07-02,服饰
U06678,FB006679,5,非常满意，产品很好用！,2024-08-01,食品
U06679,FB006680,5,非常满意，产品很好用！,2024-12-24,美妆
U06680,FB006681,5,非常满意，产品很好用！,2024-03-22,食品
U06681,FB006682,5,非常满意，产品很好用！,2023-02-12,食品
U06682,FB006683,2,不太满意，需要改善。,2024-04-13,美妆
U06683,FB006684,3,一般般，有待改进。,2024-12-13,3C数码
U06684,FB006685,5,非常满意，产品很好用！,2024-06-01,家居
U06685,FB006686,5,非常满意，产品很好用！,2023-12-04,服饰
U06686,FB006687,3,一般般，有待改进。,2024-11-02,食品
U06687,FB006688,5,非常满意，产品很好用！,2024-09-05,食品
U06688,FB006689,4,还不错，基本满意。,2024-06-02,美妆
U06689,FB006690,5,非常满意，产品很好用！,2024-09-19,3C数码
U06690,FB006691,5,非常满意，产品很好用！,2023-08-12,家居
U06691,FB006692,4,还不错，基本满意。,2023-02-19,家居
U06692,FB006693,4,还不错，基本满意。,2024-08-12,美妆
U06693,FB006694,5,非常满意，产品很好用！,2023-11-23,服饰
U06694,FB006695,5,非常满意，产品很好用！,2024-09-01,美妆
U06695,FB006696,3,一般般，有待改进。,2024-03-20,家居
U06696,FB006697,4,还不错，基本满意。,2024-08-31,服饰
U06697,FB006698,3,一般般，有待改进。,2024-10-06,服饰
U06698,FB006699,3,一般般，有待改进。,2024-03-04,食品
U06699,FB006700,1,非常不满意，体验很差。,2023-04-30,3C数码
U06700,FB006701,4,还不错，基本满意。,2024-07-02,家居
U06701,FB006702,3,一般般，有待改进。,2024-01-02,家居
U06702,FB006703,4,还不错，基本满意。,2023-09-11,食品
U06703,FB006704,5,非常满意，产品很好用！,2024-09-05,服饰
U06704,FB006705,5,非常满意，产品很好用！,2023-09-28,3C数码
U06705,FB006706,5,非常满意，产品很好用！,2023-07-19,服饰
U06706,FB006707,3,一般般，有待改进。,2023-03-06,食品
U06707,FB006708,3,一般般，有待改进。,2023-12-14,服饰
U06708,FB006709,5,非常满意，产品很好用！,2024-10-12,美妆
U06709,FB006710,4,还不错，基本满意。,2024-06-05,家居
U06710,FB006711,4,还不错，基本满意。,2024-11-10,美妆
U06711,FB006712,5,非常满意，产品很好用！,2024-05-05,3C数码
U06712,FB006713,3,一般般，有待改进。,2023-01-21,食品
U06713,FB006714,2,不太满意，需要改善。,2024-10-27,食品
U06714,FB006715,5,非常满意，产品很好用！,2023-05-22,食品
U06715,FB006716,4,还不错，基本满意。,2023-02-16,服饰
U06716,FB006717,4,还不错，基本满意。,2023-12-26,3C数码
U06717,FB006718,5,非常满意，产品很好用！,2023-04-11,家居
U06718,FB006719,5,非常满意，产品很好用！,2024-05-31,美妆
U06719,FB006720,3,一般般，有待改进。,2024-04-11,3C数码
U06720,FB006721,2,不太满意，需要改善。,2023-05-06,服饰
U06721,FB006722,5,非常满意，产品很好用！,2023-10-01,家居
U06722,FB006723,4,还不错，基本满意。,2023-08-31,食品
U06723,FB006724,1,非常不满意，体验很差。,2024-05-27,3C数码
U06724,FB006725,5,非常满意，产品很好用！,2024-08-23,3C数码
U06725,FB006726,3,一般般，有待改进。,2023-01-08,美妆
U06726,FB006727,2,不太满意，需要改善。,2024-08-29,美妆
U06727,FB006728,4,还不错，基本满意。,2023-11-28,家居
U06728,FB006729,4,还不错，基本满意。,2024-05-31,食品
U06729,FB006730,2,不太满意，需要改善。,2024-02-06,3C数码
U06730,FB006731,5,非常满意，产品很好用！,2024-08-06,3C数码
U06731,FB006732,4,还不错，基本满意。,2023-01-20,食品
U06732,FB006733,2,不太满意，需要改善。,2024-02-19,食品
U06733,FB006734,4,还不错，基本满意。,2024-07-13,3C数码
U06734,FB006735,5,非常满意，产品很好用！,2023-11-06,家居
U06735,FB006736,4,还不错，基本满意。,2024-12-19,美妆
U06736,FB006737,4,还不错，基本满意。,2024-10-09,食品
U06737,FB006738,4,还不错，基本满意。,2023-05-10,家居
U06738,FB006739,4,还不错，基本满意。,2024-06-01,服饰
U06739,FB006740,4,还不错，基本满意。,2023-03-09,3C数码
U06740,FB006741,5,非常满意，产品很好用！,2024-01-16,家居
U06741,FB006742,5,非常满意，产品很好用！,2023-08-17,美妆
U06742,FB006743,3,一般般，有待改进。,2023-02-12,食品
U06743,FB006744,2,不太满意，需要改善。,2023-06-19,服饰
U06744,FB006745,3,一般般，有待改进。,2024-12-06,3C数码
U06745,FB006746,3,一般般，有待改进。,2023-05-05,3C数码
U06746,FB006747,5,非常满意，产品很好用！,2024-12-25,美妆
U06747,FB006748,5,非常满意，产品很好用！,2023-05-26,家居
U06748,FB006749,4,还不错，基本满意。,2024-07-02,3C数码
U06749,FB006750,2,不太满意，需要改善。,2023-06-12,3C数码
U06750,FB006751,3,一般般，有待改进。,2023-12-29,服饰
U06751,FB006752,5,非常满意，产品很好用！,2024-02-13,食品
U06752,FB006753,5,非常满意，产品很好用！,2024-05-11,3C数码
U06753,FB006754,3,一般般，有待改进。,2024-03-26,食品
U06754,FB006755,3,一般般，有待改进。,2024-10-02,美妆
U06755,FB006756,5,非常满意，产品很好用！,2023-08-30,3C数码
U06756,FB006757,5,非常满意，产品很好用！,2023-12-05,家居
U06757,FB006758,5,非常满意，产品很好用！,2024-03-06,3C数码
U06758,FB006759,2,不太满意，需要改善。,2024-07-07,食品
U06759,FB006760,5,非常满意，产品很好用！,2023-03-14,美妆
U06760,FB006761,5,非常满意，产品很好用！,2024-07-21,家居
U06761,FB006762,4,还不错，基本满意。,2023-10-15,美妆
U06762,FB006763,4,还不错，基本满意。,2023-02-05,家居
U06763,FB006764,4,还不错，基本满意。,2024-10-09,美妆
U06764,FB006765,4,还不错，基本满意。,2023-02-17,食品
U06765,FB006766,4,还不错，基本满意。,2023-05-16,服饰
U06766,FB006767,4,还不错，基本满意。,2023-06-26,3C数码
U06767,FB006768,5,非常满意，产品很好用！,2023-03-16,食品
U06768,FB006769,5,非常满意，产品很好用！,2023-05-27,美妆
U06769,FB006770,5,非常满意，产品很好用！,2024-10-18,家居
U06770,FB006771,5,非常满意，产品很好用！,2024-07-21,3C数码
U06771,FB006772,4,还不错，基本满意。,2023-08-23,3C数码
U06772,FB006773,5,非常满意，产品很好用！,2024-01-28,3C数码
U06773,FB006774,3,一般般，有待改进。,2023-10-10,美妆
U06774,FB006775,2,不太满意，需要改善。,2023-11-24,3C数码
U06775,FB006776,3,一般般，有待改进。,2024-05-23,食品
U06776,FB006777,3,一般般，有待改进。,2024-02-13,美妆
U06777,FB006778,4,还不错，基本满意。,2023-07-19,家居
U06778,FB006779,4,还不错，基本满意。,2023-04-28,家居
U06779,FB006780,5,非常满意，产品很好用！,2023-04-30,食品
U06780,FB006781,5,非常满意，产品很好用！,2024-03-09,食品
U06781,FB006782,2,不太满意，需要改善。,2024-01-08,食品
U06782,FB006783,4,还不错，基本满意。,2023-03-23,食品
U06783,FB006784,5,非常满意，产品很好用！,2023-11-20,食品
U06784,FB006785,2,不太满意，需要改善。,2024-10-10,食品
U06785,FB006786,5,非常满意，产品很好用！,2024-08-10,家居
U06786,FB006787,2,不太满意，需要改善。,2023-08-22,服饰
U06787,FB006788,4,还不错，基本满意。,2024-01-11,美妆
U06788,FB006789,5,非常满意，产品很好用！,2024-08-24,家居
U06789,FB006790,1,非常不满意，体验很差。,2024-04-14,家居
U06790,FB006791,4,还不错，基本满意。,2023-11-26,家居
U06791,FB006792,4,还不错，基本满意。,2023-08-26,美妆
U06792,FB006793,5,非常满意，产品很好用！,2023-05-29,家居
U06793,FB006794,5,非常满意，产品很好用！,2024-11-27,服饰
U06794,FB006795,3,一般般，有待改进。,2023-07-07,美妆
U06795,FB006796,4,还不错，基本满意。,2024-04-24,美妆
U06796,FB006797,5,非常满意，产品很好用！,2023-02-13,食品
U06797,FB006798,5,非常满意，产品很好用！,2024-06-23,食品
U06798,FB006799,2,不太满意，需要改善。,2024-09-01,3C数码
U06799,FB006800,5,非常满意，产品很好用！,2024-05-22,3C数码
U06800,FB006801,5,非常满意，产品很好用！,2023-03-30,服饰
U06801,FB006802,5,非常满意，产品很好用！,2024-12-19,服饰
U06802,FB006803,4,还不错，基本满意。,2023-11-08,服饰
U06803,FB006804,1,非常不满意，体验很差。,2023-07-21,家居
U06804,FB006805,3,一般般，有待改进。,2023-06-10,食品
U06805,FB006806,3,一般般，有待改进。,2023-04-14,家居
U06806,FB006807,4,还不错，基本满意。,2023-04-10,家居
U06807,FB006808,4,还不错，基本满意。,2024-12-28,服饰
U06808,FB006809,3,一般般，有待改进。,2023-06-05,3C数码
U06809,FB006810,4,还不错，基本满意。,2024-02-06,服饰
U06810,FB006811,5,非常满意，产品很好用！,2024-01-10,3C数码
U06811,FB006812,4,还不错，基本满意。,2024-11-01,食品
U06812,FB006813,2,不太满意，需要改善。,2024-07-01,家居
U06813,FB006814,3,一般般，有待改进。,2024-05-18,家居
U06814,FB006815,3,一般般，有待改进。,2023-06-10,美妆
U06815,FB006816,5,非常满意，产品很好用！,2024-03-11,食品
U06816,FB006817,4,还不错，基本满意。,2023-04-12,3C数码
U06817,FB006818,4,还不错，基本满意。,2024-11-30,家居
U06818,FB006819,3,一般般，有待改进。,2023-01-17,家居
U06819,FB006820,5,非常满意，产品很好用！,2024-03-26,美妆
U06820,FB006821,2,不太满意，需要改善。,2024-03-31,美妆
U06821,FB006822,5,非常满意，产品很好用！,2023-02-01,3C数码
U06822,FB006823,5,非常满意，产品很好用！,2023-04-30,服饰
U06823,FB006824,3,一般般，有待改进。,2023-08-24,家居
U06824,FB006825,4,还不错，基本满意。,2023-07-31,美妆
U06825,FB006826,4,还不错，基本满意。,2023-05-30,家居
U06826,FB006827,2,不太满意，需要改善。,2023-02-20,服饰
U06827,FB006828,2,不太满意，需要改善。,2024-06-04,3C数码
U06828,FB006829,4,还不错，基本满意。,2024-05-10,3C数码
U06829,FB006830,5,非常满意，产品很好用！,2024-07-25,美妆
U06830,FB006831,1,非常不满意，体验很差。,2024-03-14,家居
U06831,FB006832,4,还不错，基本满意。,2023-01-27,食品
U06832,FB006833,3,一般般，有待改进。,2023-10-20,美妆
U06833,FB006834,4,还不错，基本满意。,2023-01-06,美妆
U06834,FB006835,5,非常满意，产品很好用！,2023-01-16,3C数码
U06835,FB006836,5,非常满意，产品很好用！,2023-08-24,家居
U06836,FB006837,5,非常满意，产品很好用！,2023-06-08,服饰
U06837,FB006838,3,一般般，有待改进。,2024-03-13,食品
U06838,FB006839,3,一般般，有待改进。,2023-10-08,服饰
U06839,FB006840,2,不太满意，需要改善。,2024-09-01,服饰
U06840,FB006841,5,非常满意，产品很好用！,2024-09-08,3C数码
U06841,FB006842,2,不太满意，需要改善。,2023-07-03,美妆
U06842,FB006843,2,不太满意，需要改善。,2023-12-27,美妆
U06843,FB006844,4,还不错，基本满意。,2023-11-15,食品
U06844,FB006845,3,一般般，有待改进。,2023-06-18,食品
U06845,FB006846,3,一般般，有待改进。,2024-10-26,美妆
U06846,FB006847,3,一般般，有待改进。,2023-12-09,家居
U06847,FB006848,5,非常满意，产品很好用！,2024-11-08,食品
U06848,FB006849,5,非常满意，产品很好用！,2024-03-02,3C数码
U06849,FB006850,4,还不错，基本满意。,2023-03-28,家居
U06850,FB006851,5,非常满意，产品很好用！,2023-10-20,3C数码
U06851,FB006852,4,还不错，基本满意。,2023-02-01,美妆
U06852,FB006853,4,还不错，基本满意。,2023-04-13,食品
U06853,FB006854,3,一般般，有待改进。,2023-02-27,美妆
U06854,FB006855,4,还不错，基本满意。,2023-05-03,美妆
U06855,FB006856,2,不太满意，需要改善。,2023-10-25,3C数码
U06856,FB006857,1,非常不满意，体验很差。,2023-05-10,食品
U06857,FB006858,4,还不错，基本满意。,2024-07-10,食品
U06858,FB006859,5,非常满意，产品很好用！,2023-09-29,食品
U06859,FB006860,5,非常满意，产品很好用！,2023-07-05,美妆
U06860,FB006861,4,还不错，基本满意。,2024-05-18,美妆
U06861,FB006862,5,非常满意，产品很好用！,2024-02-25,食品
U06862,FB006863,4,还不错，基本满意。,2024-10-04,家居
U06863,FB006864,3,一般般，有待改进。,2024-12-24,美妆
U06864,FB006865,4,还不错，基本满意。,2024-07-20,美妆
U06865,FB006866,2,不太满意，需要改善。,2023-10-03,家居
U06866,FB006867,4,还不错，基本满意。,2023-12-21,食品
U06867,FB006868,4,还不错，基本满意。,2023-05-25,食品
U06868,FB006869,5,非常满意，产品很好用！,2023-12-21,美妆
U06869,FB006870,4,还不错，基本满意。,2023-12-31,家居
U06870,FB006871,5,非常满意，产品很好用！,2024-12-23,3C数码
U06871,FB006872,5,非常满意，产品很好用！,2024-03-28,美妆
U06872,FB006873,4,还不错，基本满意。,2023-10-28,家居
U06873,FB006874,3,一般般，有待改进。,2024-01-10,食品
U06874,FB006875,3,一般般，有待改进。,2023-09-04,服饰
U06875,FB006876,4,还不错，基本满意。,2023-06-21,家居
U06876,FB006877,4,还不错，基本满意。,2024-10-31,食品
U06877,FB006878,5,非常满意，产品很好用！,2024-11-02,家居
U06878,FB006879,4,还不错，基本满意。,2024-10-01,服饰
U06879,FB006880,5,非常满意，产品很好用！,2023-07-31,美妆
U06880,FB006881,5,非常满意，产品很好用！,2024-05-05,美妆
U06881,FB006882,3,一般般，有待改进。,2023-12-01,家居
U06882,FB006883,4,还不错，基本满意。,2024-06-10,美妆
U06883,FB006884,3,一般般，有待改进。,2023-09-02,服饰
U06884,FB006885,1,非常不满意，体验很差。,2024-08-28,美妆
U06885,FB006886,4,还不错，基本满意。,2024-07-27,3C数码
U06886,FB006887,5,非常满意，产品很好用！,2023-02-03,3C数码
U06887,FB006888,3,一般般，有待改进。,2024-03-12,美妆
U06888,FB006889,2,不太满意，需要改善。,2023-12-23,3C数码
U06889,FB006890,3,一般般，有待改进。,2023-12-03,3C数码
U06890,FB006891,3,一般般，有待改进。,2023-03-10,美妆
U06891,FB006892,5,非常满意，产品很好用！,2024-10-10,服饰
U06892,FB006893,5,非常满意，产品很好用！,2024-05-07,服饰
U06893,FB006894,3,一般般，有待改进。,2024-03-15,美妆
U06894,FB006895,2,不太满意，需要改善。,2024-06-15,家居
U06895,FB006896,3,一般般，有待改进。,2024-07-30,家居
U06896,FB006897,4,还不错，基本满意。,2023-08-30,3C数码
U06897,FB006898,4,还不错，基本满意。,2023-04-09,服饰
U06898,FB006899,4,还不错，基本满意。,2023-12-10,美妆
U06899,FB006900,2,不太满意，需要改善。,2023-05-07,服饰
U06900,FB006901,4,还不错，基本满意。,2023-12-07,服饰
U06901,FB006902,2,不太满意，需要改善。,2024-09-24,美妆
U06902,FB006903,5,非常满意，产品很好用！,2023-02-12,家居
U06903,FB006904,5,非常满意，产品很好用！,2023-01-19,食品
U06904,FB006905,5,非常满意，产品很好用！,2023-01-13,服饰
U06905,FB006906,5,非常满意，产品很好用！,2023-09-26,家居
U06906,FB006907,5,非常满意，产品很好用！,2023-11-23,家居
U06907,FB006908,4,还不错，基本满意。,2024-11-09,家居
U06908,FB006909,2,不太满意，需要改善。,2023-05-29,3C数码
U06909,FB006910,1,非常不满意，体验很差。,2024-06-30,美妆
U06910,FB006911,4,还不错，基本满意。,2023-05-07,3C数码
U06911,FB006912,3,一般般，有待改进。,2023-11-07,3C数码
U06912,FB006913,5,非常满意，产品很好用！,2024-05-21,食品
U06913,FB006914,3,一般般，有待改进。,2024-10-21,家居
U06914,FB006915,2,不太满意，需要改善。,2023-07-26,服饰
U06915,FB006916,4,还不错，基本满意。,2023-09-06,3C数码
U06916,FB006917,4,还不错，基本满意。,2023-04-19,食品
U06917,FB006918,5,非常满意，产品很好用！,2024-05-05,美妆
U06918,FB006919,5,非常满意，产品很好用！,2024-09-19,3C数码
U06919,FB006920,5,非常满意，产品很好用！,2023-02-16,美妆
U06920,FB006921,4,还不错，基本满意。,2023-03-05,食品
U06921,FB006922,5,非常满意，产品很好用！,2023-02-04,美妆
U06922,FB006923,5,非常满意，产品很好用！,2023-06-07,服饰
U06923,FB006924,5,非常满意，产品很好用！,2024-01-02,3C数码
U06924,FB006925,2,不太满意，需要改善。,2024-09-22,食品
U06925,FB006926,1,非常不满意，体验很差。,2023-01-16,家居
U06926,FB006927,5,非常满意，产品很好用！,2023-07-23,服饰
U06927,FB006928,4,还不错，基本满意。,2024-03-02,家居
U06928,FB006929,5,非常满意，产品很好用！,2024-07-27,美妆
U06929,FB006930,3,一般般，有待改进。,2023-01-27,美妆
U06930,FB006931,4,还不错，基本满意。,2023-04-03,3C数码
U06931,FB006932,2,不太满意，需要改善。,2023-09-11,美妆
U06932,FB006933,4,还不错，基本满意。,2023-03-09,3C数码
U06933,FB006934,5,非常满意，产品很好用！,2023-03-02,家居
U06934,FB006935,5,非常满意，产品很好用！,2024-10-11,美妆
U06935,FB006936,1,非常不满意，体验很差。,2023-09-18,3C数码
U06936,FB006937,5,非常满意，产品很好用！,2023-01-07,食品
U06937,FB006938,5,非常满意，产品很好用！,2023-02-16,家居
U06938,FB006939,4,还不错，基本满意。,2024-05-15,服饰
U06939,FB006940,3,一般般，有待改进。,2024-06-24,食品
U06940,FB006941,3,一般般，有待改进。,2023-05-19,美妆
U06941,FB006942,4,还不错，基本满意。,2024-01-18,3C数码
U06942,FB006943,5,非常满意，产品很好用！,2023-12-21,家居
U06943,FB006944,4,还不错，基本满意。,2023-08-12,食品
U06944,FB006945,5,非常满意，产品很好用！,2023-09-17,食品
U06945,FB006946,3,一般般，有待改进。,2023-10-22,服饰
U06946,FB006947,1,非常不满意，体验很差。,2024-02-13,家居
U06947,FB006948,4,还不错，基本满意。,2024-11-13,3C数码
U06948,FB006949,5,非常满意，产品很好用！,2024-10-02,服饰
U06949,FB006950,5,非常满意，产品很好用！,2023-07-13,食品
U06950,FB006951,4,还不错，基本满意。,2023-08-19,家居
U06951,FB006952,5,非常满意，产品很好用！,2024-02-21,美妆
U06952,FB006953,4,还不错，基本满意。,2024-04-07,服饰
U06953,FB006954,4,还不错，基本满意。,2023-08-24,食品
U06954,FB006955,4,还不错，基本满意。,2024-10-19,食品
U06955,FB006956,4,还不错，基本满意。,2023-10-21,家居
U06956,FB006957,2,不太满意，需要改善。,2024-08-08,食品
U06957,FB006958,3,一般般，有待改进。,2023-11-25,服饰
U06958,FB006959,3,一般般，有待改进。,2023-09-07,家居
U06959,FB006960,2,不太满意，需要改善。,2023-04-09,家居
U06960,FB006961,5,非常满意，产品很好用！,2023-11-27,3C数码
U06961,FB006962,4,还不错，基本满意。,2023-06-01,服饰
U06962,FB006963,5,非常满意，产品很好用！,2023-10-06,家居
U06963,FB006964,5,非常满意，产品很好用！,2023-10-19,服饰
U06964,FB006965,5,非常满意，产品很好用！,2024-03-27,服饰
U06965,FB006966,4,还不错，基本满意。,2024-11-06,3C数码
U06966,FB006967,5,非常满意，产品很好用！,2024-02-15,食品
U06967,FB006968,4,还不错，基本满意。,2023-03-13,家居
U06968,FB006969,5,非常满意，产品很好用！,2024-12-26,3C数码
U06969,FB006970,4,还不错，基本满意。,2024-12-15,家居
U06970,FB006971,5,非常满意，产品很好用！,2023-04-16,家居
U06971,FB006972,2,不太满意，需要改善。,2024-10-06,家居
U06972,FB006973,4,还不错，基本满意。,2023-06-16,3C数码
U06973,FB006974,5,非常满意，产品很好用！,2024-03-10,服饰
U06974,FB006975,3,一般般，有待改进。,2024-02-22,家居
U06975,FB006976,5,非常满意，产品很好用！,2024-08-27,服饰
U06976,FB006977,4,还不错，基本满意。,2024-10-08,美妆
U06977,FB006978,4,还不错，基本满意。,2024-06-18,家居
U06978,FB006979,5,非常满意，产品很好用！,2023-04-16,服饰
U06979,FB006980,4,还不错，基本满意。,2024-02-23,3C数码
U06980,FB006981,5,非常满意，产品很好用！,2023-08-16,3C数码
U06981,FB006982,5,非常满意，产品很好用！,2024-01-21,美妆
U06982,FB006983,5,非常满意，产品很好用！,2024-09-01,家居
U06983,FB006984,4,还不错，基本满意。,2024-10-21,美妆
U06984,FB006985,4,还不错，基本满意。,2024-12-16,服饰
U06985,FB006986,4,还不错，基本满意。,2023-02-05,美妆
U06986,FB006987,2,不太满意，需要改善。,2023-07-22,家居
U06987,FB006988,2,不太满意，需要改善。,2023-06-06,美妆
U06988,FB006989,5,非常满意，产品很好用！,2023-12-06,服饰
U06989,FB006990,3,一般般，有待改进。,2023-10-18,服饰
U06990,FB006991,4,还不错，基本满意。,2023-10-01,美妆
U06991,FB006992,4,还不错，基本满意。,2023-02-21,服饰
U06992,FB006993,3,一般般，有待改进。,2023-01-12,家居
U06993,FB006994,5,非常满意，产品很好用！,2023-12-10,服饰
U06994,FB006995,5,非常满意，产品很好用！,2024-08-31,家居
U06995,FB006996,3,一般般，有待改进。,2023-10-16,家居
U06996,FB006997,4,还不错，基本满意。,2023-03-02,美妆
U06997,FB006998,4,还不错，基本满意。,2023-01-08,家居
U06998,FB006999,3,一般般，有待改进。,2024-02-01,食品
U06999,FB007000,3,一般般，有待改进。,2024-09-11,美妆
U07000,FB007001,4,还不错，基本满意。,2023-02-13,3C数码
U07001,FB007002,4,还不错，基本满意。,2023-08-04,美妆
U07002,FB007003,4,还不错，基本满意。,2023-12-18,家居
U07003,FB007004,2,不太满意，需要改善。,2023-01-26,3C数码
U07004,FB007005,2,不太满意，需要改善。,2024-08-02,服饰
U07005,FB007006,3,一般般，有待改进。,2024-01-13,家居
U07006,FB007007,5,非常满意，产品很好用！,2023-01-07,3C数码
U07007,FB007008,5,非常满意，产品很好用！,2024-11-03,家居
U07008,FB007009,5,非常满意，产品很好用！,2024-01-30,美妆
U07009,FB007010,5,非常满意，产品很好用！,2024-12-13,服饰
U07010,FB007011,4,还不错，基本满意。,2024-07-08,服饰
U07011,FB007012,5,非常满意，产品很好用！,2024-10-11,服饰
U07012,FB007013,4,还不错，基本满意。,2023-07-12,美妆
U07013,FB007014,3,一般般，有待改进。,2023-09-13,美妆
U07014,FB007015,5,非常满意，产品很好用！,2024-06-06,家居
U07015,FB007016,3,一般般，有待改进。,2024-02-13,食品
U07016,FB007017,3,一般般，有待改进。,2023-12-07,家居
U07017,FB007018,2,不太满意，需要改善。,2023-06-24,家居
U07018,FB007019,3,一般般，有待改进。,2024-01-06,3C数码
U07019,FB007020,3,一般般，有待改进。,2023-07-07,美妆
U07020,FB007021,4,还不错，基本满意。,2023-05-16,食品
U07021,FB007022,2,不太满意，需要改善。,2024-12-04,家居
U07022,FB007023,3,一般般，有待改进。,2023-03-23,食品
U07023,FB007024,4,还不错，基本满意。,2024-06-25,3C数码
U07024,FB007025,3,一般般，有待改进。,2024-02-25,美妆
U07025,FB007026,1,非常不满意，体验很差。,2024-06-23,服饰
U07026,FB007027,5,非常满意，产品很好用！,2023-08-16,食品
U07027,FB007028,4,还不错，基本满意。,2023-09-16,家居
U07028,FB007029,3,一般般，有待改进。,2024-08-09,家居
U07029,FB007030,3,一般般，有待改进。,2024-04-02,美妆
U07030,FB007031,3,一般般，有待改进。,2023-07-02,服饰
U07031,FB007032,5,非常满意，产品很好用！,2023-10-16,美妆
U07032,FB007033,3,一般般，有待改进。,2024-02-17,服饰
U07033,FB007034,5,非常满意，产品很好用！,2023-04-24,3C数码
U07034,FB007035,5,非常满意，产品很好用！,2024-12-19,家居
U07035,FB007036,4,还不错，基本满意。,2023-03-11,食品
U07036,FB007037,4,还不错，基本满意。,2023-03-06,3C数码
U07037,FB007038,4,还不错，基本满意。,2024-03-09,食品
U07038,FB007039,3,一般般，有待改进。,2023-08-14,食品
U07039,FB007040,5,非常满意，产品很好用！,2024-07-09,家居
U07040,FB007041,5,非常满意，产品很好用！,2024-02-14,食品
U07041,FB007042,5,非常满意，产品很好用！,2023-06-06,美妆
U07042,FB007043,5,非常满意，产品很好用！,2023-01-14,服饰
U07043,FB007044,3,一般般，有待改进。,2023-12-06,美妆
U07044,FB007045,5,非常满意，产品很好用！,2023-02-27,家居
U07045,FB007046,2,不太满意，需要改善。,2024-06-14,家居
U07046,FB007047,5,非常满意，产品很好用！,2024-07-14,家居
U07047,FB007048,5,非常满意，产品很好用！,2023-05-31,服饰
U07048,FB007049,5,非常满意，产品很好用！,2024-03-12,美妆
U07049,FB007050,5,非常满意，产品很好用！,2024-11-24,3C数码
U07050,FB007051,5,非常满意，产品很好用！,2023-06-17,美妆
U07051,FB007052,5,非常满意，产品很好用！,2024-11-06,家居
U07052,FB007053,5,非常满意，产品很好用！,2023-01-16,3C数码
U07053,FB007054,1,非常不满意，体验很差。,2024-05-08,家居
U07054,FB007055,5,非常满意，产品很好用！,2023-12-03,食品
U07055,FB007056,2,不太满意，需要改善。,2023-05-21,食品
U07056,FB007057,4,还不错，基本满意。,2024-12-26,食品
U07057,FB007058,4,还不错，基本满意。,2024-11-05,3C数码
U07058,FB007059,2,不太满意，需要改善。,2023-06-12,食品
U07059,FB007060,3,一般般，有待改进。,2024-07-03,服饰
U07060,FB007061,3,一般般，有待改进。,2024-10-19,美妆
U07061,FB007062,4,还不错，基本满意。,2023-02-03,家居
U07062,FB007063,4,还不错，基本满意。,2024-03-13,美妆
U07063,FB007064,3,一般般，有待改进。,2024-12-12,家居
U07064,FB007065,4,还不错，基本满意。,2024-05-29,3C数码
U07065,FB007066,3,一般般，有待改进。,2023-05-30,美妆
U07066,FB007067,3,一般般，有待改进。,2023-06-07,3C数码
U07067,FB007068,4,还不错，基本满意。,2023-10-16,服饰
U07068,FB007069,3,一般般，有待改进。,2023-07-31,3C数码
U07069,FB007070,3,一般般，有待改进。,2023-07-17,食品
U07070,FB007071,4,还不错，基本满意。,2023-02-10,家居
U07071,FB007072,4,还不错，基本满意。,2024-03-18,家居
U07072,FB007073,5,非常满意，产品很好用！,2023-08-16,家居
U07073,FB007074,4,还不错，基本满意。,2023-12-15,美妆
U07074,FB007075,5,非常满意，产品很好用！,2024-07-25,3C数码
U07075,FB007076,5,非常满意，产品很好用！,2023-11-23,美妆
U07076,FB007077,4,还不错，基本满意。,2024-10-08,家居
U07077,FB007078,5,非常满意，产品很好用！,2024-03-19,美妆
U07078,FB007079,4,还不错，基本满意。,2023-08-18,3C数码
U07079,FB007080,3,一般般，有待改进。,2024-08-13,3C数码
U07080,FB007081,1,非常不满意，体验很差。,2023-08-14,服饰
U07081,FB007082,4,还不错，基本满意。,2024-10-23,家居
U07082,FB007083,5,非常满意，产品很好用！,2024-07-24,服饰
U07083,FB007084,3,一般般，有待改进。,2024-08-22,美妆
U07084,FB007085,1,非常不满意，体验很差。,2024-12-01,美妆
U07085,FB007086,4,还不错，基本满意。,2023-09-18,3C数码
U07086,FB007087,4,还不错，基本满意。,2024-01-02,服饰
U07087,FB007088,5,非常满意，产品很好用！,2024-11-25,食品
U07088,FB007089,2,不太满意，需要改善。,2024-07-14,家居
U07089,FB007090,3,一般般，有待改进。,2024-06-25,服饰
U07090,FB007091,4,还不错，基本满意。,2023-04-16,服饰
U07091,FB007092,3,一般般，有待改进。,2024-05-15,3C数码
U07092,FB007093,5,非常满意，产品很好用！,2024-01-01,食品
U07093,FB007094,5,非常满意，产品很好用！,2023-08-02,3C数码
U07094,FB007095,5,非常满意，产品很好用！,2023-08-13,服饰
U07095,FB007096,4,还不错，基本满意。,2023-07-01,3C数码
U07096,FB007097,5,非常满意，产品很好用！,2023-10-09,3C数码
U07097,FB007098,4,还不错，基本满意。,2023-06-11,3C数码
U07098,FB007099,5,非常满意，产品很好用！,2024-06-16,美妆
U07099,FB007100,1,非常不满意，体验很差。,2024-03-19,服饰
U07100,FB007101,5,非常满意，产品很好用！,2023-04-10,美妆
U07101,FB007102,4,还不错，基本满意。,2024-05-30,3C数码
U07102,FB007103,3,一般般，有待改进。,2024-08-23,3C数码
U07103,FB007104,5,非常满意，产品很好用！,2023-11-14,食品
U07104,FB007105,3,一般般，有待改进。,2024-11-20,食品
U07105,FB007106,4,还不错，基本满意。,2024-01-24,家居
U07106,FB007107,4,还不错，基本满意。,2024-06-07,服饰
U07107,FB007108,3,一般般，有待改进。,2023-07-18,服饰
U07108,FB007109,4,还不错，基本满意。,2024-05-24,服饰
U07109,FB007110,3,一般般，有待改进。,2023-12-07,3C数码
U07110,FB007111,5,非常满意，产品很好用！,2024-06-01,美妆
U07111,FB007112,5,非常满意，产品很好用！,2024-12-30,服饰
U07112,FB007113,5,非常满意，产品很好用！,2023-09-17,食品
U07113,FB007114,2,不太满意，需要改善。,2023-03-15,美妆
U07114,FB007115,2,不太满意，需要改善。,2023-10-19,美妆
U07115,FB007116,5,非常满意，产品很好用！,2023-04-17,服饰
U07116,FB007117,5,非常满意，产品很好用！,2023-11-24,美妆
U07117,FB007118,5,非常满意，产品很好用！,2024-11-23,美妆
U07118,FB007119,4,还不错，基本满意。,2024-10-29,3C数码
U07119,FB007120,4,还不错，基本满意。,2024-01-18,美妆
U07120,FB007121,2,不太满意，需要改善。,2024-01-10,食品
U07121,FB007122,5,非常满意，产品很好用！,2023-08-23,服饰
U07122,FB007123,4,还不错，基本满意。,2023-02-15,3C数码
U07123,FB007124,4,还不错，基本满意。,2024-01-31,3C数码
U07124,FB007125,4,还不错，基本满意。,2024-04-24,家居
U07125,FB007126,3,一般般，有待改进。,2023-08-23,美妆
U07126,FB007127,4,还不错，基本满意。,2023-11-18,美妆
U07127,FB007128,4,还不错，基本满意。,2024-01-29,家居
U07128,FB007129,5,非常满意，产品很好用！,2024-06-09,美妆
U07129,FB007130,5,非常满意，产品很好用！,2024-11-29,服饰
U07130,FB007131,4,还不错，基本满意。,2024-02-08,3C数码
U07131,FB007132,5,非常满意，产品很好用！,2024-01-15,3C数码
U07132,FB007133,4,还不错，基本满意。,2024-05-07,美妆
U07133,FB007134,3,一般般，有待改进。,2024-01-26,家居
U07134,FB007135,5,非常满意，产品很好用！,2024-05-05,服饰
U07135,FB007136,3,一般般，有待改进。,2024-11-24,家居
U07136,FB007137,4,还不错，基本满意。,2024-06-17,食品
U07137,FB007138,5,非常满意，产品很好用！,2024-06-20,3C数码
U07138,FB007139,2,不太满意，需要改善。,2024-07-30,食品
U07139,FB007140,2,不太满意，需要改善。,2024-12-14,3C数码
U07140,FB007141,5,非常满意，产品很好用！,2023-10-13,美妆
U07141,FB007142,5,非常满意，产品很好用！,2023-06-06,3C数码
U07142,FB007143,2,不太满意，需要改善。,2023-11-04,家居
U07143,FB007144,5,非常满意，产品很好用！,2024-03-29,3C数码
U07144,FB007145,3,一般般，有待改进。,2023-01-03,家居
U07145,FB007146,4,还不错，基本满意。,2024-09-20,美妆
U07146,FB007147,4,还不错，基本满意。,2023-03-11,3C数码
U07147,FB007148,4,还不错，基本满意。,2024-01-24,家居
U07148,FB007149,5,非常满意，产品很好用！,2023-07-30,服饰
U07149,FB007150,3,一般般，有待改进。,2023-09-30,美妆
U07150,FB007151,5,非常满意，产品很好用！,2024-12-14,服饰
U07151,FB007152,1,非常不满意，体验很差。,2024-12-02,食品
U07152,FB007153,3,一般般，有待改进。,2024-06-16,3C数码
U07153,FB007154,4,还不错，基本满意。,2024-02-02,家居
U07154,FB007155,5,非常满意，产品很好用！,2024-06-09,食品
U07155,FB007156,5,非常满意，产品很好用！,2024-01-08,美妆
U07156,FB007157,3,一般般，有待改进。,2023-01-19,3C数码
U07157,FB007158,1,非常不满意，体验很差。,2023-10-06,3C数码
U07158,FB007159,5,非常满意，产品很好用！,2023-01-12,美妆
U07159,FB007160,4,还不错，基本满意。,2024-06-16,家居
U07160,FB007161,2,不太满意，需要改善。,2023-04-07,家居
U07161,FB007162,4,还不错，基本满意。,2023-04-04,3C数码
U07162,FB007163,5,非常满意，产品很好用！,2023-04-28,食品
U07163,FB007164,5,非常满意，产品很好用！,2024-04-29,美妆
U07164,FB007165,4,还不错，基本满意。,2024-07-05,美妆
U07165,FB007166,3,一般般，有待改进。,2023-03-17,美妆
U07166,FB007167,5,非常满意，产品很好用！,2023-03-28,美妆
U07167,FB007168,3,一般般，有待改进。,2024-04-12,美妆
U07168,FB007169,4,还不错，基本满意。,2024-05-21,美妆
U07169,FB007170,5,非常满意，产品很好用！,2023-12-12,服饰
U07170,FB007171,5,非常满意，产品很好用！,2024-05-10,家居
U07171,FB007172,4,还不错，基本满意。,2024-05-08,家居
U07172,FB007173,5,非常满意，产品很好用！,2023-12-01,服饰
U07173,FB007174,5,非常满意，产品很好用！,2024-04-26,3C数码
U07174,FB007175,3,一般般，有待改进。,2023-10-20,家居
U07175,FB007176,5,非常满意，产品很好用！,2023-08-01,3C数码
U07176,FB007177,2,不太满意，需要改善。,2023-04-28,食品
U07177,FB007178,5,非常满意，产品很好用！,2023-01-24,美妆
U07178,FB007179,5,非常满意，产品很好用！,2024-07-29,食品
U07179,FB007180,3,一般般，有待改进。,2023-10-23,家居
U07180,FB007181,2,不太满意，需要改善。,2024-04-24,美妆
U07181,FB007182,3,一般般，有待改进。,2023-10-02,3C数码
U07182,FB007183,5,非常满意，产品很好用！,2024-04-12,家居
U07183,FB007184,2,不太满意，需要改善。,2024-10-27,服饰
U07184,FB007185,4,还不错，基本满意。,2023-11-10,美妆
U07185,FB007186,5,非常满意，产品很好用！,2023-04-13,3C数码
U07186,FB007187,3,一般般，有待改进。,2024-09-14,服饰
U07187,FB007188,5,非常满意，产品很好用！,2023-06-01,家居
U07188,FB007189,1,非常不满意，体验很差。,2023-11-29,美妆
U07189,FB007190,5,非常满意，产品很好用！,2023-08-18,服饰
U07190,FB007191,4,还不错，基本满意。,2023-06-05,3C数码
U07191,FB007192,3,一般般，有待改进。,2024-08-07,3C数码
U07192,FB007193,3,一般般，有待改进。,2023-07-18,家居
U07193,FB007194,5,非常满意，产品很好用！,2024-04-21,美妆
U07194,FB007195,4,还不错，基本满意。,2023-03-08,食品
U07195,FB007196,3,一般般，有待改进。,2023-05-07,3C数码
U07196,FB007197,4,还不错，基本满意。,2023-09-29,美妆
U07197,FB007198,4,还不错，基本满意。,2023-02-18,3C数码
U07198,FB007199,4,还不错，基本满意。,2024-03-08,食品
U07199,FB007200,4,还不错，基本满意。,2024-10-21,食品
U07200,FB007201,5,非常满意，产品很好用！,2024-10-06,服饰
U07201,FB007202,4,还不错，基本满意。,2023-04-07,3C数码
U07202,FB007203,5,非常满意，产品很好用！,2023-05-21,食品
U07203,FB007204,4,还不错，基本满意。,2023-03-27,服饰
U07204,FB007205,3,一般般，有待改进。,2024-06-21,3C数码
U07205,FB007206,4,还不错，基本满意。,2023-05-29,3C数码
U07206,FB007207,3,一般般，有待改进。,2024-06-23,服饰
U07207,FB007208,1,非常不满意，体验很差。,2023-10-01,家居
U07208,FB007209,5,非常满意，产品很好用！,2024-07-23,服饰
U07209,FB007210,4,还不错，基本满意。,2024-06-17,家居
U07210,FB007211,4,还不错，基本满意。,2023-05-16,服饰
U07211,FB007212,4,还不错，基本满意。,2023-02-21,3C数码
U07212,FB007213,3,一般般，有待改进。,2023-11-29,美妆
U07213,FB007214,3,一般般，有待改进。,2024-12-18,美妆
U07214,FB007215,3,一般般，有待改进。,2024-02-09,美妆
U07215,FB007216,3,一般般，有待改进。,2023-05-19,食品
U07216,FB007217,4,还不错，基本满意。,2024-03-29,美妆
U07217,FB007218,5,非常满意，产品很好用！,2023-06-21,美妆
U07218,FB007219,4,还不错，基本满意。,2024-12-29,食品
U07219,FB007220,5,非常满意，产品很好用！,2024-07-12,服饰
U07220,FB007221,4,还不错，基本满意。,2023-10-02,3C数码
U07221,FB007222,5,非常满意，产品很好用！,2024-02-10,3C数码
U07222,FB007223,5,非常满意，产品很好用！,2023-07-07,美妆
U07223,FB007224,3,一般般，有待改进。,2023-08-18,美妆
U07224,FB007225,4,还不错，基本满意。,2024-08-20,服饰
U07225,FB007226,4,还不错，基本满意。,2023-04-23,食品
U07226,FB007227,5,非常满意，产品很好用！,2024-12-09,食品
U07227,FB007228,3,一般般，有待改进。,2024-02-02,食品
U07228,FB007229,4,还不错，基本满意。,2024-06-14,家居
U07229,FB007230,2,不太满意，需要改善。,2024-04-24,家居
U07230,FB007231,4,还不错，基本满意。,2024-01-15,服饰
U07231,FB007232,2,不太满意，需要改善。,2024-03-18,3C数码
U07232,FB007233,4,还不错，基本满意。,2023-08-17,3C数码
U07233,FB007234,4,还不错，基本满意。,2023-08-22,家居
U07234,FB007235,4,还不错，基本满意。,2023-11-16,美妆
U07235,FB007236,4,还不错，基本满意。,2024-03-31,3C数码
U07236,FB007237,4,还不错，基本满意。,2024-07-15,美妆
U07237,FB007238,4,还不错，基本满意。,2024-11-07,食品
U07238,FB007239,3,一般般，有待改进。,2023-11-15,美妆
U07239,FB007240,3,一般般，有待改进。,2024-11-20,服饰
U07240,FB007241,1,非常不满意，体验很差。,2023-11-17,家居
U07241,FB007242,5,非常满意，产品很好用！,2024-05-01,美妆
U07242,FB007243,4,还不错，基本满意。,2023-05-22,美妆
U07243,FB007244,4,还不错，基本满意。,2024-05-23,服饰
U07244,FB007245,5,非常满意，产品很好用！,2023-03-12,家居
U07245,FB007246,5,非常满意，产品很好用！,2024-09-04,服饰
U07246,FB007247,4,还不错，基本满意。,2023-03-17,服饰
U07247,FB007248,5,非常满意，产品很好用！,2023-03-19,3C数码
U07248,FB007249,5,非常满意，产品很好用！,2023-03-04,食品
U07249,FB007250,5,非常满意，产品很好用！,2023-10-18,家居
U07250,FB007251,5,非常满意，产品很好用！,2024-01-02,服饰
U07251,FB007252,3,一般般，有待改进。,2024-11-13,家居
U07252,FB007253,1,非常不满意，体验很差。,2024-10-26,美妆
U07253,FB007254,5,非常满意，产品很好用！,2023-02-12,美妆
U07254,FB007255,5,非常满意，产品很好用！,2023-03-02,美妆
U07255,FB007256,2,不太满意，需要改善。,2024-01-06,3C数码
U07256,FB007257,3,一般般，有待改进。,2024-11-08,食品
U07257,FB007258,5,非常满意，产品很好用！,2023-07-04,家居
U07258,FB007259,3,一般般，有待改进。,2023-09-19,家居
U07259,FB007260,5,非常满意，产品很好用！,2024-10-11,服饰
U07260,FB007261,5,非常满意，产品很好用！,2024-06-25,家居
U07261,FB007262,5,非常满意，产品很好用！,2024-02-06,3C数码
U07262,FB007263,3,一般般，有待改进。,2024-05-03,食品
U07263,FB007264,5,非常满意，产品很好用！,2024-02-23,服饰
U07264,FB007265,3,一般般，有待改进。,2023-04-02,家居
U07265,FB007266,1,非常不满意，体验很差。,2024-07-23,家居
U07266,FB007267,5,非常满意，产品很好用！,2023-09-07,家居
U07267,FB007268,3,一般般，有待改进。,2024-08-02,食品
U07268,FB007269,4,还不错，基本满意。,2023-04-13,家居
U07269,FB007270,1,非常不满意，体验很差。,2024-02-03,美妆
U07270,FB007271,4,还不错，基本满意。,2023-06-14,美妆
U07271,FB007272,5,非常满意，产品很好用！,2024-05-19,食品
U07272,FB007273,3,一般般，有待改进。,2024-02-16,服饰
U07273,FB007274,3,一般般，有待改进。,2023-07-11,家居
U07274,FB007275,4,还不错，基本满意。,2023-10-13,美妆
U07275,FB007276,1,非常不满意，体验很差。,2023-06-21,3C数码
U07276,FB007277,4,还不错，基本满意。,2023-12-16,美妆
U07277,FB007278,4,还不错，基本满意。,2024-02-29,美妆
U07278,FB007279,5,非常满意，产品很好用！,2024-12-28,3C数码
U07279,FB007280,3,一般般，有待改进。,2024-09-01,美妆
U07280,FB007281,5,非常满意，产品很好用！,2023-06-29,食品
U07281,FB007282,4,还不错，基本满意。,2023-10-05,家居
U07282,FB007283,3,一般般，有待改进。,2023-04-09,服饰
U07283,FB007284,2,不太满意，需要改善。,2024-12-10,家居
U07284,FB007285,5,非常满意，产品很好用！,2023-01-11,美妆
U07285,FB007286,4,还不错，基本满意。,2023-01-04,食品
U07286,FB007287,4,还不错，基本满意。,2024-09-15,3C数码
U07287,FB007288,3,一般般，有待改进。,2024-09-23,家居
U07288,FB007289,3,一般般，有待改进。,2023-05-14,食品
U07289,FB007290,3,一般般，有待改进。,2024-09-06,服饰
U07290,FB007291,3,一般般，有待改进。,2024-11-15,美妆
U07291,FB007292,4,还不错，基本满意。,2024-07-10,3C数码
U07292,FB007293,3,一般般，有待改进。,2023-08-26,家居
U07293,FB007294,3,一般般，有待改进。,2024-09-08,家居
U07294,FB007295,3,一般般，有待改进。,2024-04-21,服饰
U07295,FB007296,2,不太满意，需要改善。,2023-05-03,家居
U07296,FB007297,3,一般般，有待改进。,2024-09-18,美妆
U07297,FB007298,2,不太满意，需要改善。,2023-03-28,3C数码
U07298,FB007299,5,非常满意，产品很好用！,2024-06-20,食品
U07299,FB007300,5,非常满意，产品很好用！,2024-05-08,3C数码
U07300,FB007301,5,非常满意，产品很好用！,2024-10-19,美妆
U07301,FB007302,4,还不错，基本满意。,2023-08-21,3C数码
U07302,FB007303,5,非常满意，产品很好用！,2024-11-24,食品
U07303,FB007304,5,非常满意，产品很好用！,2023-10-10,食品
U07304,FB007305,5,非常满意，产品很好用！,2023-05-26,家居
U07305,FB007306,1,非常不满意，体验很差。,2024-11-10,美妆
U07306,FB007307,3,一般般，有待改进。,2024-10-11,3C数码
U07307,FB007308,5,非常满意，产品很好用！,2024-07-07,3C数码
U07308,FB007309,5,非常满意，产品很好用！,2023-01-06,家居
U07309,FB007310,4,还不错，基本满意。,2023-02-16,服饰
U07310,FB007311,5,非常满意，产品很好用！,2024-04-17,食品
U07311,FB007312,4,还不错，基本满意。,2023-09-20,食品
U07312,FB007313,5,非常满意，产品很好用！,2024-08-10,服饰
U07313,FB007314,3,一般般，有待改进。,2023-06-22,食品
U07314,FB007315,3,一般般，有待改进。,2023-08-11,家居
U07315,FB007316,2,不太满意，需要改善。,2023-05-26,3C数码
U07316,FB007317,5,非常满意，产品很好用！,2023-12-26,3C数码
U07317,FB007318,5,非常满意，产品很好用！,2023-10-04,家居
U07318,FB007319,5,非常满意，产品很好用！,2024-06-04,美妆
U07319,FB007320,5,非常满意，产品很好用！,2023-01-19,家居
U07320,FB007321,5,非常满意，产品很好用！,2024-03-04,家居
U07321,FB007322,4,还不错，基本满意。,2024-07-08,3C数码
U07322,FB007323,5,非常满意，产品很好用！,2023-09-12,家居
U07323,FB007324,3,一般般，有待改进。,2023-05-30,食品
U07324,FB007325,2,不太满意，需要改善。,2023-03-29,服饰
U07325,FB007326,3,一般般，有待改进。,2023-11-29,3C数码
U07326,FB007327,4,还不错，基本满意。,2023-08-15,3C数码
U07327,FB007328,4,还不错，基本满意。,2024-01-09,3C数码
U07328,FB007329,1,非常不满意，体验很差。,2023-09-14,美妆
U07329,FB007330,4,还不错，基本满意。,2023-12-31,食品
U07330,FB007331,2,不太满意，需要改善。,2024-11-16,食品
U07331,FB007332,4,还不错，基本满意。,2023-06-27,家居
U07332,FB007333,1,非常不满意，体验很差。,2023-06-11,食品
U07333,FB007334,5,非常满意，产品很好用！,2023-12-17,食品
U07334,FB007335,3,一般般，有待改进。,2024-09-24,家居
U07335,FB007336,5,非常满意，产品很好用！,2023-06-20,家居
U07336,FB007337,3,一般般，有待改进。,2024-12-26,美妆
U07337,FB007338,2,不太满意，需要改善。,2023-06-16,服饰
U07338,FB007339,5,非常满意，产品很好用！,2024-01-06,服饰
U07339,FB007340,1,非常不满意，体验很差。,2024-02-28,家居
U07340,FB007341,2,不太满意，需要改善。,2023-06-08,3C数码
U07341,FB007342,4,还不错，基本满意。,2023-04-16,服饰
U07342,FB007343,4,还不错，基本满意。,2023-07-13,3C数码
U07343,FB007344,4,还不错，基本满意。,2023-01-09,家居
U07344,FB007345,3,一般般，有待改进。,2023-08-29,服饰
U07345,FB007346,5,非常满意，产品很好用！,2023-06-13,食品
U07346,FB007347,4,还不错，基本满意。,2023-07-25,食品
U07347,FB007348,4,还不错，基本满意。,2023-11-18,服饰
U07348,FB007349,5,非常满意，产品很好用！,2023-12-19,食品
U07349,FB007350,4,还不错，基本满意。,2024-05-26,家居
U07350,FB007351,4,还不错，基本满意。,2023-03-23,服饰
U07351,FB007352,5,非常满意，产品很好用！,2024-03-27,3C数码
U07352,FB007353,5,非常满意，产品很好用！,2024-08-28,家居
U07353,FB007354,4,还不错，基本满意。,2024-11-15,3C数码
U07354,FB007355,5,非常满意，产品很好用！,2023-10-30,家居
U07355,FB007356,4,还不错，基本满意。,2024-04-21,食品
U07356,FB007357,5,非常满意，产品很好用！,2023-08-05,美妆
U07357,FB007358,5,非常满意，产品很好用！,2023-09-03,3C数码
U07358,FB007359,3,一般般，有待改进。,2023-02-03,服饰
U07359,FB007360,1,非常不满意，体验很差。,2024-02-02,3C数码
U07360,FB007361,4,还不错，基本满意。,2024-01-03,家居
U07361,FB007362,1,非常不满意，体验很差。,2024-01-13,3C数码
U07362,FB007363,4,还不错，基本满意。,2024-11-09,家居
U07363,FB007364,5,非常满意，产品很好用！,2023-01-05,家居
U07364,FB007365,3,一般般，有待改进。,2024-11-17,食品
U07365,FB007366,5,非常满意，产品很好用！,2024-04-06,3C数码
U07366,FB007367,2,不太满意，需要改善。,2023-03-27,食品
U07367,FB007368,5,非常满意，产品很好用！,2023-05-05,家居
U07368,FB007369,3,一般般，有待改进。,2024-02-27,食品
U07369,FB007370,5,非常满意，产品很好用！,2024-02-08,家居
U07370,FB007371,4,还不错，基本满意。,2023-12-19,食品
U07371,FB007372,1,非常不满意，体验很差。,2023-11-14,美妆
U07372,FB007373,4,还不错，基本满意。,2023-09-12,家居
U07373,FB007374,5,非常满意，产品很好用！,2023-12-13,3C数码
U07374,FB007375,1,非常不满意，体验很差。,2023-07-02,3C数码
U07375,FB007376,4,还不错，基本满意。,2023-03-30,家居
U07376,FB007377,3,一般般，有待改进。,2023-05-08,3C数码
U07377,FB007378,4,还不错，基本满意。,2023-01-29,食品
U07378,FB007379,3,一般般，有待改进。,2023-09-04,家居
U07379,FB007380,5,非常满意，产品很好用！,2024-05-02,家居
U07380,FB007381,4,还不错，基本满意。,2023-03-27,3C数码
U07381,FB007382,5,非常满意，产品很好用！,2023-04-02,3C数码
U07382,FB007383,3,一般般，有待改进。,2024-08-28,家居
U07383,FB007384,4,还不错，基本满意。,2024-12-05,服饰
U07384,FB007385,5,非常满意，产品很好用！,2023-06-08,家居
U07385,FB007386,3,一般般，有待改进。,2024-09-19,食品
U07386,FB007387,3,一般般，有待改进。,2024-10-12,家居
U07387,FB007388,3,一般般，有待改进。,2023-02-23,美妆
U07388,FB007389,4,还不错，基本满意。,2024-03-23,食品
U07389,FB007390,4,还不错，基本满意。,2024-11-05,家居
U07390,FB007391,5,非常满意，产品很好用！,2023-07-28,服饰
U07391,FB007392,5,非常满意，产品很好用！,2024-03-04,食品
U07392,FB007393,3,一般般，有待改进。,2023-03-07,美妆
U07393,FB007394,3,一般般，有待改进。,2024-05-22,家居
U07394,FB007395,5,非常满意，产品很好用！,2024-03-26,食品
U07395,FB007396,4,还不错，基本满意。,2023-11-02,食品
U07396,FB007397,1,非常不满意，体验很差。,2024-01-25,服饰
U07397,FB007398,5,非常满意，产品很好用！,2024-05-07,3C数码
U07398,FB007399,5,非常满意，产品很好用！,2024-09-09,食品
U07399,FB007400,2,不太满意，需要改善。,2023-06-04,3C数码
U07400,FB007401,3,一般般，有待改进。,2023-02-10,食品
U07401,FB007402,3,一般般，有待改进。,2023-08-06,3C数码
U07402,FB007403,3,一般般，有待改进。,2023-07-17,3C数码
U07403,FB007404,1,非常不满意，体验很差。,2024-09-24,食品
U07404,FB007405,3,一般般，有待改进。,2023-09-23,美妆
U07405,FB007406,4,还不错，基本满意。,2024-11-15,服饰
U07406,FB007407,5,非常满意，产品很好用！,2023-10-01,家居
U07407,FB007408,2,不太满意，需要改善。,2024-02-21,食品
U07408,FB007409,4,还不错，基本满意。,2024-02-24,家居
U07409,FB007410,2,不太满意，需要改善。,2023-08-07,食品
U07410,FB007411,4,还不错，基本满意。,2023-05-21,美妆
U07411,FB007412,3,一般般，有待改进。,2024-03-31,家居
U07412,FB007413,4,还不错，基本满意。,2023-07-02,美妆
U07413,FB007414,2,不太满意，需要改善。,2023-08-05,美妆
U07414,FB007415,2,不太满意，需要改善。,2023-11-20,食品
U07415,FB007416,3,一般般，有待改进。,2024-07-14,家居
U07416,FB007417,4,还不错，基本满意。,2024-08-26,3C数码
U07417,FB007418,4,还不错，基本满意。,2023-02-03,家居
U07418,FB007419,3,一般般，有待改进。,2023-08-21,3C数码
U07419,FB007420,3,一般般，有待改进。,2023-09-10,服饰
U07420,FB007421,3,一般般，有待改进。,2024-08-05,服饰
U07421,FB007422,4,还不错，基本满意。,2023-11-29,服饰
U07422,FB007423,4,还不错，基本满意。,2024-02-06,家居
U07423,FB007424,5,非常满意，产品很好用！,2023-05-23,服饰
U07424,FB007425,4,还不错，基本满意。,2024-04-01,食品
U07425,FB007426,3,一般般，有待改进。,2024-01-04,3C数码
U07426,FB007427,4,还不错，基本满意。,2023-07-18,3C数码
U07427,FB007428,1,非常不满意，体验很差。,2024-04-27,家居
U07428,FB007429,3,一般般，有待改进。,2023-11-12,3C数码
U07429,FB007430,5,非常满意，产品很好用！,2023-04-05,3C数码
U07430,FB007431,3,一般般，有待改进。,2024-06-08,服饰
U07431,FB007432,5,非常满意，产品很好用！,2024-06-05,3C数码
U07432,FB007433,4,还不错，基本满意。,2023-09-07,美妆
U07433,FB007434,4,还不错，基本满意。,2024-08-21,美妆
U07434,FB007435,4,还不错，基本满意。,2023-11-28,食品
U07435,FB007436,3,一般般，有待改进。,2024-11-09,家居
U07436,FB007437,1,非常不满意，体验很差。,2023-08-11,家居
U07437,FB007438,4,还不错，基本满意。,2023-03-19,美妆
U07438,FB007439,5,非常满意，产品很好用！,2024-05-17,美妆
U07439,FB007440,4,还不错，基本满意。,2023-01-13,食品
U07440,FB007441,3,一般般，有待改进。,2023-04-07,服饰
U07441,FB007442,2,不太满意，需要改善。,2023-06-14,家居
U07442,FB007443,5,非常满意，产品很好用！,2023-05-09,美妆
U07443,FB007444,1,非常不满意，体验很差。,2024-06-13,服饰
U07444,FB007445,5,非常满意，产品很好用！,2023-05-27,美妆
U07445,FB007446,2,不太满意，需要改善。,2024-12-18,服饰
U07446,FB007447,5,非常满意，产品很好用！,2024-06-17,3C数码
U07447,FB007448,3,一般般，有待改进。,2023-07-29,美妆
U07448,FB007449,3,一般般，有待改进。,2024-02-07,食品
U07449,FB007450,3,一般般，有待改进。,2024-07-20,家居
U07450,FB007451,2,不太满意，需要改善。,2023-03-12,服饰
U07451,FB007452,5,非常满意，产品很好用！,2023-12-12,3C数码
U07452,FB007453,3,一般般，有待改进。,2024-01-14,家居
U07453,FB007454,3,一般般，有待改进。,2024-02-21,食品
U07454,FB007455,5,非常满意，产品很好用！,2024-10-26,3C数码
U07455,FB007456,4,还不错，基本满意。,2024-10-14,服饰
U07456,FB007457,2,不太满意，需要改善。,2024-12-02,美妆
U07457,FB007458,4,还不错，基本满意。,2024-02-23,服饰
U07458,FB007459,3,一般般，有待改进。,2024-05-02,美妆
U07459,FB007460,4,还不错，基本满意。,2023-10-13,食品
U07460,FB007461,5,非常满意，产品很好用！,2023-02-06,3C数码
U07461,FB007462,3,一般般，有待改进。,2023-10-17,3C数码
U07462,FB007463,5,非常满意，产品很好用！,2024-01-07,3C数码
U07463,FB007464,5,非常满意，产品很好用！,2023-11-30,家居
U07464,FB007465,3,一般般，有待改进。,2024-03-15,食品
U07465,FB007466,3,一般般，有待改进。,2024-12-19,3C数码
U07466,FB007467,4,还不错，基本满意。,2023-03-21,3C数码
U07467,FB007468,5,非常满意，产品很好用！,2024-11-21,服饰
U07468,FB007469,4,还不错，基本满意。,2023-02-20,服饰
U07469,FB007470,3,一般般，有待改进。,2024-02-24,服饰
U07470,FB007471,5,非常满意，产品很好用！,2023-10-03,3C数码
U07471,FB007472,5,非常满意，产品很好用！,2023-05-09,3C数码
U07472,FB007473,2,不太满意，需要改善。,2024-02-07,3C数码
U07473,FB007474,3,一般般，有待改进。,2023-02-04,服饰
U07474,FB007475,4,还不错，基本满意。,2023-12-30,3C数码
U07475,FB007476,1,非常不满意，体验很差。,2024-09-29,家居
U07476,FB007477,4,还不错，基本满意。,2024-03-22,3C数码
U07477,FB007478,5,非常满意，产品很好用！,2023-11-19,家居
U07478,FB007479,4,还不错，基本满意。,2024-08-17,美妆
U07479,FB007480,2,不太满意，需要改善。,2024-07-09,3C数码
U07480,FB007481,3,一般般，有待改进。,2023-03-12,食品
U07481,FB007482,5,非常满意，产品很好用！,2023-06-25,3C数码
U07482,FB007483,1,非常不满意，体验很差。,2024-11-03,美妆
U07483,FB007484,3,一般般，有待改进。,2023-11-18,3C数码
U07484,FB007485,3,一般般，有待改进。,2023-08-23,美妆
U07485,FB007486,5,非常满意，产品很好用！,2023-11-07,家居
U07486,FB007487,5,非常满意，产品很好用！,2024-02-16,3C数码
U07487,FB007488,4,还不错，基本满意。,2024-09-03,服饰
U07488,FB007489,3,一般般，有待改进。,2024-06-01,3C数码
U07489,FB007490,4,还不错，基本满意。,2023-10-23,家居
U07490,FB007491,3,一般般，有待改进。,2023-02-25,美妆
U07491,FB007492,3,一般般，有待改进。,2023-07-17,3C数码
U07492,FB007493,5,非常满意，产品很好用！,2024-09-28,家居
U07493,FB007494,3,一般般，有待改进。,2023-05-27,服饰
U07494,FB007495,3,一般般，有待改进。,2023-06-10,3C数码
U07495,FB007496,5,非常满意，产品很好用！,2024-11-24,食品
U07496,FB007497,5,非常满意，产品很好用！,2024-05-30,食品
U07497,FB007498,5,非常满意，产品很好用！,2024-12-24,美妆
U07498,FB007499,5,非常满意，产品很好用！,2023-05-07,食品
U07499,FB007500,4,还不错，基本满意。,2023-05-18,食品
U07500,FB007501,5,非常满意，产品很好用！,2023-06-06,食品
U07501,FB007502,5,非常满意，产品很好用！,2023-10-11,3C数码
U07502,FB007503,5,非常满意，产品很好用！,2023-09-25,服饰
U07503,FB007504,4,还不错，基本满意。,2024-01-16,美妆
U07504,FB007505,4,还不错，基本满意。,2023-08-13,服饰
U07505,FB007506,3,一般般，有待改进。,2023-12-05,3C数码
U07506,FB007507,1,非常不满意，体验很差。,2023-10-28,食品
U07507,FB007508,5,非常满意，产品很好用！,2024-02-02,家居
U07508,FB007509,4,还不错，基本满意。,2024-10-01,家居
U07509,FB007510,5,非常满意，产品很好用！,2023-03-04,服饰
U07510,FB007511,3,一般般，有待改进。,2024-07-09,家居
U07511,FB007512,4,还不错，基本满意。,2024-04-26,美妆
U07512,FB007513,3,一般般，有待改进。,2024-12-27,家居
U07513,FB007514,4,还不错，基本满意。,2023-03-09,家居
U07514,FB007515,4,还不错，基本满意。,2023-12-20,美妆
U07515,FB007516,4,还不错，基本满意。,2023-10-01,美妆
U07516,FB007517,1,非常不满意，体验很差。,2023-12-13,食品
U07517,FB007518,3,一般般，有待改进。,2024-06-28,3C数码
U07518,FB007519,3,一般般，有待改进。,2024-09-19,3C数码
U07519,FB007520,5,非常满意，产品很好用！,2024-06-13,家居
U07520,FB007521,5,非常满意，产品很好用！,2024-01-05,3C数码
U07521,FB007522,4,还不错，基本满意。,2023-08-02,3C数码
U07522,FB007523,3,一般般，有待改进。,2024-08-26,3C数码
U07523,FB007524,5,非常满意，产品很好用！,2024-12-12,家居
U07524,FB007525,5,非常满意，产品很好用！,2024-03-25,家居
U07525,FB007526,5,非常满意，产品很好用！,2024-01-13,服饰
U07526,FB007527,5,非常满意，产品很好用！,2024-11-25,食品
U07527,FB007528,1,非常不满意，体验很差。,2023-03-28,家居
U07528,FB007529,1,非常不满意，体验很差。,2023-10-09,家居
U07529,FB007530,4,还不错，基本满意。,2024-01-14,美妆
U07530,FB007531,5,非常满意，产品很好用！,2023-09-14,食品
U07531,FB007532,4,还不错，基本满意。,2023-02-03,3C数码
U07532,FB007533,3,一般般，有待改进。,2024-12-18,食品
U07533,FB007534,1,非常不满意，体验很差。,2024-07-20,3C数码
U07534,FB007535,4,还不错，基本满意。,2023-10-25,食品
U07535,FB007536,4,还不错，基本满意。,2024-05-13,食品
U07536,FB007537,3,一般般，有待改进。,2024-04-25,3C数码
U07537,FB007538,5,非常满意，产品很好用！,2023-11-09,服饰
U07538,FB007539,5,非常满意，产品很好用！,2023-11-10,服饰
U07539,FB007540,4,还不错，基本满意。,2024-12-15,3C数码
U07540,FB007541,5,非常满意，产品很好用！,2024-03-21,服饰
U07541,FB007542,3,一般般，有待改进。,2024-07-03,家居
U07542,FB007543,1,非常不满意，体验很差。,2024-08-14,美妆
U07543,FB007544,4,还不错，基本满意。,2024-12-21,3C数码
U07544,FB007545,5,非常满意，产品很好用！,2024-07-27,食品
U07545,FB007546,4,还不错，基本满意。,2023-08-04,3C数码
U07546,FB007547,1,非常不满意，体验很差。,2024-11-05,食品
U07547,FB007548,5,非常满意，产品很好用！,2023-08-17,美妆
U07548,FB007549,3,一般般，有待改进。,2023-09-21,家居
U07549,FB007550,3,一般般，有待改进。,2023-08-29,3C数码
U07550,FB007551,4,还不错，基本满意。,2024-06-11,3C数码
U07551,FB007552,5,非常满意，产品很好用！,2023-02-28,服饰
U07552,FB007553,4,还不错，基本满意。,2023-01-16,食品
U07553,FB007554,4,还不错，基本满意。,2023-10-20,3C数码
U07554,FB007555,4,还不错，基本满意。,2024-09-16,美妆
U07555,FB007556,4,还不错，基本满意。,2023-07-26,3C数码
U07556,FB007557,3,一般般，有待改进。,2024-10-12,美妆
U07557,FB007558,3,一般般，有待改进。,2024-05-13,服饰
U07558,FB007559,2,不太满意，需要改善。,2024-08-24,食品
U07559,FB007560,3,一般般，有待改进。,2024-04-15,食品
U07560,FB007561,2,不太满意，需要改善。,2024-06-23,食品
U07561,FB007562,3,一般般，有待改进。,2023-03-12,家居
U07562,FB007563,5,非常满意，产品很好用！,2024-07-02,3C数码
U07563,FB007564,2,不太满意，需要改善。,2023-08-26,家居
U07564,FB007565,4,还不错，基本满意。,2023-03-05,服饰
U07565,FB007566,5,非常满意，产品很好用！,2024-11-30,服饰
U07566,FB007567,4,还不错，基本满意。,2024-08-19,服饰
U07567,FB007568,5,非常满意，产品很好用！,2023-09-16,服饰
U07568,FB007569,5,非常满意，产品很好用！,2024-07-01,美妆
U07569,FB007570,5,非常满意，产品很好用！,2024-08-29,家居
U07570,FB007571,2,不太满意，需要改善。,2023-03-27,家居
U07571,FB007572,5,非常满意，产品很好用！,2023-01-12,3C数码
U07572,FB007573,4,还不错，基本满意。,2024-07-12,服饰
U07573,FB007574,5,非常满意，产品很好用！,2024-10-31,家居
U07574,FB007575,5,非常满意，产品很好用！,2024-05-19,3C数码
U07575,FB007576,3,一般般，有待改进。,2024-06-22,3C数码
U07576,FB007577,5,非常满意，产品很好用！,2023-07-31,食品
U07577,FB007578,5,非常满意，产品很好用！,2023-05-21,服饰
U07578,FB007579,3,一般般，有待改进。,2024-09-14,服饰
U07579,FB007580,3,一般般，有待改进。,2024-01-03,食品
U07580,FB007581,4,还不错，基本满意。,2024-08-19,服饰
U07581,FB007582,5,非常满意，产品很好用！,2024-09-01,美妆
U07582,FB007583,5,非常满意，产品很好用！,2023-06-18,美妆
U07583,FB007584,2,不太满意，需要改善。,2024-10-31,3C数码
U07584,FB007585,5,非常满意，产品很好用！,2024-03-22,服饰
U07585,FB007586,4,还不错，基本满意。,2023-02-26,服饰
U07586,FB007587,5,非常满意，产品很好用！,2023-03-12,家居
U07587,FB007588,4,还不错，基本满意。,2024-01-29,家居
U07588,FB007589,3,一般般，有待改进。,2024-11-17,服饰
U07589,FB007590,5,非常满意，产品很好用！,2024-10-26,服饰
U07590,FB007591,4,还不错，基本满意。,2023-09-12,美妆
U07591,FB007592,5,非常满意，产品很好用！,2023-05-07,家居
U07592,FB007593,2,不太满意，需要改善。,2023-02-04,家居
U07593,FB007594,4,还不错，基本满意。,2023-10-12,3C数码
U07594,FB007595,5,非常满意，产品很好用！,2023-04-15,家居
U07595,FB007596,4,还不错，基本满意。,2023-09-28,美妆
U07596,FB007597,5,非常满意，产品很好用！,2024-02-06,食品
U07597,FB007598,4,还不错，基本满意。,2024-06-05,家居
U07598,FB007599,5,非常满意，产品很好用！,2024-03-18,服饰
U07599,FB007600,5,非常满意，产品很好用！,2023-01-12,食品
U07600,FB007601,5,非常满意，产品很好用！,2023-04-24,家居
U07601,FB007602,3,一般般，有待改进。,2023-01-09,服饰
U07602,FB007603,3,一般般，有待改进。,2024-07-09,家居
U07603,FB007604,5,非常满意，产品很好用！,2023-12-30,家居
U07604,FB007605,5,非常满意，产品很好用！,2024-07-22,家居
U07605,FB007606,4,还不错，基本满意。,2024-09-25,服饰
U07606,FB007607,2,不太满意，需要改善。,2024-07-31,美妆
U07607,FB007608,5,非常满意，产品很好用！,2024-01-29,美妆
U07608,FB007609,5,非常满意，产品很好用！,2024-12-03,服饰
U07609,FB007610,3,一般般，有待改进。,2023-08-16,3C数码
U07610,FB007611,3,一般般，有待改进。,2023-01-26,美妆
U07611,FB007612,3,一般般，有待改进。,2023-08-07,3C数码
U07612,FB007613,1,非常不满意，体验很差。,2024-11-12,服饰
U07613,FB007614,5,非常满意，产品很好用！,2023-12-29,家居
U07614,FB007615,2,不太满意，需要改善。,2023-05-07,家居
U07615,FB007616,4,还不错，基本满意。,2023-03-21,服饰
U07616,FB007617,5,非常满意，产品很好用！,2024-04-22,美妆
U07617,FB007618,3,一般般，有待改进。,2024-04-19,食品
U07618,FB007619,5,非常满意，产品很好用！,2023-12-13,家居
U07619,FB007620,2,不太满意，需要改善。,2024-05-01,3C数码
U07620,FB007621,5,非常满意，产品很好用！,2024-03-24,家居
U07621,FB007622,5,非常满意，产品很好用！,2023-02-04,服饰
U07622,FB007623,2,不太满意，需要改善。,2023-09-28,3C数码
U07623,FB007624,3,一般般，有待改进。,2024-09-23,服饰
U07624,FB007625,3,一般般，有待改进。,2023-07-15,食品
U07625,FB007626,3,一般般，有待改进。,2023-08-02,服饰
U07626,FB007627,3,一般般，有待改进。,2024-05-07,美妆
U07627,FB007628,3,一般般，有待改进。,2024-12-29,美妆
U07628,FB007629,2,不太满意，需要改善。,2023-01-14,美妆
U07629,FB007630,5,非常满意，产品很好用！,2023-05-12,服饰
U07630,FB007631,5,非常满意，产品很好用！,2024-01-27,服饰
U07631,FB007632,4,还不错，基本满意。,2024-11-09,家居
U07632,FB007633,4,还不错，基本满意。,2023-12-09,3C数码
U07633,FB007634,3,一般般，有待改进。,2024-08-01,服饰
U07634,FB007635,1,非常不满意，体验很差。,2023-06-23,美妆
U07635,FB007636,4,还不错，基本满意。,2024-03-03,服饰
U07636,FB007637,4,还不错，基本满意。,2023-10-22,食品
U07637,FB007638,3,一般般，有待改进。,2023-06-19,家居
U07638,FB007639,2,不太满意，需要改善。,2023-12-01,服饰
U07639,FB007640,3,一般般，有待改进。,2024-09-23,美妆
U07640,FB007641,5,非常满意，产品很好用！,2024-12-03,家居
U07641,FB007642,4,还不错，基本满意。,2024-09-03,食品
U07642,FB007643,1,非常不满意，体验很差。,2024-02-16,3C数码
U07643,FB007644,5,非常满意，产品很好用！,2024-04-26,美妆
U07644,FB007645,3,一般般，有待改进。,2023-09-19,美妆
U07645,FB007646,4,还不错，基本满意。,2023-06-24,家居
U07646,FB007647,5,非常满意，产品很好用！,2024-11-26,食品
U07647,FB007648,4,还不错，基本满意。,2024-08-09,美妆
U07648,FB007649,3,一般般，有待改进。,2023-06-28,家居
U07649,FB007650,2,不太满意，需要改善。,2024-01-04,食品
U07650,FB007651,3,一般般，有待改进。,2024-11-04,美妆
U07651,FB007652,3,一般般，有待改进。,2024-11-18,服饰
U07652,FB007653,3,一般般，有待改进。,2023-07-02,3C数码
U07653,FB007654,2,不太满意，需要改善。,2023-09-07,美妆
U07654,FB007655,2,不太满意，需要改善。,2024-07-11,美妆
U07655,FB007656,2,不太满意，需要改善。,2024-08-30,食品
U07656,FB007657,5,非常满意，产品很好用！,2023-01-16,美妆
U07657,FB007658,5,非常满意，产品很好用！,2023-04-28,3C数码
U07658,FB007659,1,非常不满意，体验很差。,2023-11-28,服饰
U07659,FB007660,1,非常不满意，体验很差。,2024-08-21,3C数码
U07660,FB007661,3,一般般，有待改进。,2023-08-27,家居
U07661,FB007662,4,还不错，基本满意。,2024-05-08,家居
U07662,FB007663,5,非常满意，产品很好用！,2024-02-05,3C数码
U07663,FB007664,1,非常不满意，体验很差。,2023-06-15,美妆
U07664,FB007665,3,一般般，有待改进。,2024-05-25,3C数码
U07665,FB007666,2,不太满意，需要改善。,2024-03-06,家居
U07666,FB007667,5,非常满意，产品很好用！,2024-12-30,家居
U07667,FB007668,5,非常满意，产品很好用！,2023-01-18,3C数码
U07668,FB007669,1,非常不满意，体验很差。,2023-05-25,美妆
U07669,FB007670,3,一般般，有待改进。,2023-04-28,家居
U07670,FB007671,3,一般般，有待改进。,2023-11-19,美妆
U07671,FB007672,5,非常满意，产品很好用！,2023-03-23,家居
U07672,FB007673,2,不太满意，需要改善。,2023-08-20,3C数码
U07673,FB007674,3,一般般，有待改进。,2024-08-18,3C数码
U07674,FB007675,5,非常满意，产品很好用！,2024-09-07,3C数码
U07675,FB007676,5,非常满意，产品很好用！,2023-10-15,食品
U07676,FB007677,5,非常满意，产品很好用！,2023-07-16,服饰
U07677,FB007678,5,非常满意，产品很好用！,2023-11-06,3C数码
U07678,FB007679,5,非常满意，产品很好用！,2024-11-24,服饰
U07679,FB007680,4,还不错，基本满意。,2024-12-09,食品
U07680,FB007681,5,非常满意，产品很好用！,2024-02-10,食品
U07681,FB007682,3,一般般，有待改进。,2024-08-31,美妆
U07682,FB007683,5,非常满意，产品很好用！,2023-10-02,服饰
U07683,FB007684,5,非常满意，产品很好用！,2024-01-04,3C数码
U07684,FB007685,5,非常满意，产品很好用！,2023-05-13,食品
U07685,FB007686,2,不太满意，需要改善。,2023-02-08,美妆
U07686,FB007687,5,非常满意，产品很好用！,2024-01-30,3C数码
U07687,FB007688,3,一般般，有待改进。,2024-09-25,服饰
U07688,FB007689,4,还不错，基本满意。,2024-11-09,食品
U07689,FB007690,3,一般般，有待改进。,2023-07-06,食品
U07690,FB007691,5,非常满意，产品很好用！,2024-05-21,美妆
U07691,FB007692,5,非常满意，产品很好用！,2023-02-06,服饰
U07692,FB007693,5,非常满意，产品很好用！,2024-11-04,服饰
U07693,FB007694,4,还不错，基本满意。,2023-09-20,3C数码
U07694,FB007695,5,非常满意，产品很好用！,2023-08-31,3C数码
U07695,FB007696,4,还不错，基本满意。,2023-03-26,美妆
U07696,FB007697,3,一般般，有待改进。,2023-02-07,3C数码
U07697,FB007698,4,还不错，基本满意。,2024-05-23,家居
U07698,FB007699,2,不太满意，需要改善。,2023-07-20,3C数码
U07699,FB007700,4,还不错，基本满意。,2024-08-13,服饰
U07700,FB007701,3,一般般，有待改进。,2024-12-26,家居
U07701,FB007702,4,还不错，基本满意。,2023-08-12,家居
U07702,FB007703,2,不太满意，需要改善。,2023-11-13,服饰
U07703,FB007704,4,还不错，基本满意。,2024-11-10,食品
U07704,FB007705,5,非常满意，产品很好用！,2024-01-15,美妆
U07705,FB007706,4,还不错，基本满意。,2024-04-10,服饰
U07706,FB007707,4,还不错，基本满意。,2024-05-09,服饰
U07707,FB007708,4,还不错，基本满意。,2023-05-31,服饰
U07708,FB007709,4,还不错，基本满意。,2023-03-18,家居
U07709,FB007710,4,还不错，基本满意。,2024-07-20,服饰
U07710,FB007711,5,非常满意，产品很好用！,2024-01-12,美妆
U07711,FB007712,2,不太满意，需要改善。,2024-03-28,3C数码
U07712,FB007713,4,还不错，基本满意。,2024-04-03,家居
U07713,FB007714,4,还不错，基本满意。,2024-08-22,食品
U07714,FB007715,4,还不错，基本满意。,2023-04-17,美妆
U07715,FB007716,5,非常满意，产品很好用！,2024-04-10,食品
U07716,FB007717,5,非常满意，产品很好用！,2024-12-23,3C数码
U07717,FB007718,5,非常满意，产品很好用！,2024-10-14,3C数码
U07718,FB007719,5,非常满意，产品很好用！,2023-09-04,食品
U07719,FB007720,4,还不错，基本满意。,2023-01-17,3C数码
U07720,FB007721,5,非常满意，产品很好用！,2024-12-01,家居
U07721,FB007722,4,还不错，基本满意。,2023-02-11,食品
U07722,FB007723,2,不太满意，需要改善。,2024-02-28,家居
U07723,FB007724,4,还不错，基本满意。,2024-12-24,食品
U07724,FB007725,4,还不错，基本满意。,2023-10-18,美妆
U07725,FB007726,3,一般般，有待改进。,2023-08-09,3C数码
U07726,FB007727,3,一般般，有待改进。,2023-11-10,美妆
U07727,FB007728,4,还不错，基本满意。,2024-04-05,食品
U07728,FB007729,2,不太满意，需要改善。,2023-05-28,服饰
U07729,FB007730,4,还不错，基本满意。,2023-12-29,3C数码
U07730,FB007731,5,非常满意，产品很好用！,2024-08-26,美妆
U07731,FB007732,5,非常满意，产品很好用！,2023-09-20,服饰
U07732,FB007733,5,非常满意，产品很好用！,2023-03-17,食品
U07733,FB007734,5,非常满意，产品很好用！,2024-07-24,服饰
U07734,FB007735,5,非常满意，产品很好用！,2023-11-20,食品
U07735,FB007736,4,还不错，基本满意。,2023-12-09,美妆
U07736,FB007737,4,还不错，基本满意。,2023-10-28,服饰
U07737,FB007738,4,还不错，基本满意。,2023-08-11,美妆
U07738,FB007739,5,非常满意，产品很好用！,2023-07-06,食品
U07739,FB007740,4,还不错，基本满意。,2024-09-11,家居
U07740,FB007741,5,非常满意，产品很好用！,2024-05-29,3C数码
U07741,FB007742,5,非常满意，产品很好用！,2023-09-13,家居
U07742,FB007743,4,还不错，基本满意。,2023-06-05,美妆
U07743,FB007744,5,非常满意，产品很好用！,2024-03-20,美妆
U07744,FB007745,2,不太满意，需要改善。,2023-01-24,美妆
U07745,FB007746,3,一般般，有待改进。,2024-06-26,3C数码
U07746,FB007747,3,一般般，有待改进。,2023-06-29,服饰
U07747,FB007748,2,不太满意，需要改善。,2023-11-25,家居
U07748,FB007749,5,非常满意，产品很好用！,2023-08-18,家居
U07749,FB007750,4,还不错，基本满意。,2023-06-27,服饰
U07750,FB007751,5,非常满意，产品很好用！,2023-11-27,美妆
U07751,FB007752,4,还不错，基本满意。,2024-12-01,服饰
U07752,FB007753,5,非常满意，产品很好用！,2024-11-13,美妆
U07753,FB007754,5,非常满意，产品很好用！,2023-05-18,家居
U07754,FB007755,5,非常满意，产品很好用！,2024-12-04,3C数码
U07755,FB007756,4,还不错，基本满意。,2024-02-07,美妆
U07756,FB007757,4,还不错，基本满意。,2023-09-11,3C数码
U07757,FB007758,1,非常不满意，体验很差。,2023-09-08,服饰
U07758,FB007759,4,还不错，基本满意。,2023-06-06,3C数码
U07759,FB007760,2,不太满意，需要改善。,2024-03-27,家居
U07760,FB007761,4,还不错，基本满意。,2023-07-18,服饰
U07761,FB007762,4,还不错，基本满意。,2023-04-28,美妆
U07762,FB007763,4,还不错，基本满意。,2023-02-11,3C数码
U07763,FB007764,5,非常满意，产品很好用！,2024-05-26,食品
U07764,FB007765,4,还不错，基本满意。,2023-01-24,美妆
U07765,FB007766,4,还不错，基本满意。,2024-12-19,食品
U07766,FB007767,5,非常满意，产品很好用！,2024-04-16,美妆
U07767,FB007768,4,还不错，基本满意。,2023-07-28,食品
U07768,FB007769,4,还不错，基本满意。,2024-05-14,食品
U07769,FB007770,5,非常满意，产品很好用！,2023-11-29,服饰
U07770,FB007771,4,还不错，基本满意。,2023-05-08,服饰
U07771,FB007772,5,非常满意，产品很好用！,2023-02-03,服饰
U07772,FB007773,2,不太满意，需要改善。,2023-01-22,食品
U07773,FB007774,4,还不错，基本满意。,2024-01-31,3C数码
U07774,FB007775,3,一般般，有待改进。,2024-11-28,3C数码
U07775,FB007776,2,不太满意，需要改善。,2023-03-05,3C数码
U07776,FB007777,4,还不错，基本满意。,2023-02-07,美妆
U07777,FB007778,4,还不错，基本满意。,2023-06-16,食品
U07778,FB007779,4,还不错，基本满意。,2023-12-14,服饰
U07779,FB007780,4,还不错，基本满意。,2024-11-30,食品
U07780,FB007781,5,非常满意，产品很好用！,2023-04-03,3C数码
U07781,FB007782,3,一般般，有待改进。,2024-11-02,服饰
U07782,FB007783,2,不太满意，需要改善。,2024-12-18,3C数码
U07783,FB007784,4,还不错，基本满意。,2023-09-28,家居
U07784,FB007785,4,还不错，基本满意。,2024-05-05,3C数码
U07785,FB007786,5,非常满意，产品很好用！,2023-05-19,3C数码
U07786,FB007787,4,还不错，基本满意。,2024-09-25,家居
U07787,FB007788,5,非常满意，产品很好用！,2023-11-24,服饰
U07788,FB007789,1,非常不满意，体验很差。,2023-08-25,服饰
U07789,FB007790,5,非常满意，产品很好用！,2023-09-06,食品
U07790,FB007791,5,非常满意，产品很好用！,2024-10-30,服饰
U07791,FB007792,3,一般般，有待改进。,2024-10-29,家居
U07792,FB007793,4,还不错，基本满意。,2023-10-31,美妆
U07793,FB007794,5,非常满意，产品很好用！,2023-12-25,家居
U07794,FB007795,2,不太满意，需要改善。,2024-07-10,服饰
U07795,FB007796,4,还不错，基本满意。,2024-05-30,3C数码
U07796,FB007797,5,非常满意，产品很好用！,2023-09-28,3C数码
U07797,FB007798,2,不太满意，需要改善。,2023-08-25,食品
U07798,FB007799,3,一般般，有待改进。,2024-08-05,3C数码
U07799,FB007800,5,非常满意，产品很好用！,2024-06-19,家居
U07800,FB007801,1,非常不满意，体验很差。,2023-02-15,食品
U07801,FB007802,4,还不错，基本满意。,2023-01-23,美妆
U07802,FB007803,2,不太满意，需要改善。,2023-08-06,美妆
U07803,FB007804,5,非常满意，产品很好用！,2023-06-02,美妆
U07804,FB007805,4,还不错，基本满意。,2023-04-08,家居
U07805,FB007806,3,一般般，有待改进。,2024-10-27,食品
U07806,FB007807,5,非常满意，产品很好用！,2023-08-30,3C数码
U07807,FB007808,5,非常满意，产品很好用！,2023-12-03,食品
U07808,FB007809,4,还不错，基本满意。,2024-10-22,服饰
U07809,FB007810,4,还不错，基本满意。,2024-06-15,3C数码
U07810,FB007811,2,不太满意，需要改善。,2024-01-26,3C数码
U07811,FB007812,5,非常满意，产品很好用！,2024-08-22,服饰
U07812,FB007813,4,还不错，基本满意。,2023-09-14,美妆
U07813,FB007814,1,非常不满意，体验很差。,2023-09-08,美妆
U07814,FB007815,3,一般般，有待改进。,2023-03-02,食品
U07815,FB007816,4,还不错，基本满意。,2024-04-12,3C数码
U07816,FB007817,5,非常满意，产品很好用！,2023-03-16,家居
U07817,FB007818,4,还不错，基本满意。,2023-12-26,3C数码
U07818,FB007819,2,不太满意，需要改善。,2023-10-24,3C数码
U07819,FB007820,4,还不错，基本满意。,2023-12-22,美妆
U07820,FB007821,2,不太满意，需要改善。,2023-04-10,家居
U07821,FB007822,2,不太满意，需要改善。,2023-12-19,家居
U07822,FB007823,2,不太满意，需要改善。,2023-02-02,美妆
U07823,FB007824,5,非常满意，产品很好用！,2023-03-20,3C数码
U07824,FB007825,5,非常满意，产品很好用！,2024-07-17,美妆
U07825,FB007826,3,一般般，有待改进。,2023-12-26,家居
U07826,FB007827,5,非常满意，产品很好用！,2024-01-31,美妆
U07827,FB007828,4,还不错，基本满意。,2024-04-28,服饰
U07828,FB007829,5,非常满意，产品很好用！,2023-03-26,食品
U07829,FB007830,5,非常满意，产品很好用！,2024-09-06,服饰
U07830,FB007831,2,不太满意，需要改善。,2024-10-21,家居
U07831,FB007832,2,不太满意，需要改善。,2024-04-23,服饰
U07832,FB007833,3,一般般，有待改进。,2024-01-23,美妆
U07833,FB007834,3,一般般，有待改进。,2023-07-25,服饰
U07834,FB007835,4,还不错，基本满意。,2023-02-03,服饰
U07835,FB007836,3,一般般，有待改进。,2023-10-29,美妆
U07836,FB007837,2,不太满意，需要改善。,2023-01-03,服饰
U07837,FB007838,5,非常满意，产品很好用！,2023-05-04,食品
U07838,FB007839,5,非常满意，产品很好用！,2024-01-01,服饰
U07839,FB007840,5,非常满意，产品很好用！,2024-11-18,3C数码
U07840,FB007841,5,非常满意，产品很好用！,2024-07-17,3C数码
U07841,FB007842,5,非常满意，产品很好用！,2024-08-15,食品
U07842,FB007843,3,一般般，有待改进。,2024-01-24,服饰
U07843,FB007844,2,不太满意，需要改善。,2023-05-01,美妆
U07844,FB007845,4,还不错，基本满意。,2023-07-17,美妆
U07845,FB007846,5,非常满意，产品很好用！,2023-10-29,3C数码
U07846,FB007847,3,一般般，有待改进。,2023-09-23,食品
U07847,FB007848,5,非常满意，产品很好用！,2023-04-10,3C数码
U07848,FB007849,3,一般般，有待改进。,2024-01-11,家居
U07849,FB007850,5,非常满意，产品很好用！,2024-06-02,食品
U07850,FB007851,5,非常满意，产品很好用！,2023-12-30,美妆
U07851,FB007852,4,还不错，基本满意。,2024-08-22,服饰
U07852,FB007853,5,非常满意，产品很好用！,2024-04-09,服饰
U07853,FB007854,5,非常满意，产品很好用！,2024-08-05,美妆
U07854,FB007855,5,非常满意，产品很好用！,2024-11-16,服饰
U07855,FB007856,3,一般般，有待改进。,2024-11-17,3C数码
U07856,FB007857,5,非常满意，产品很好用！,2024-07-29,服饰
U07857,FB007858,4,还不错，基本满意。,2023-12-17,服饰
U07858,FB007859,4,还不错，基本满意。,2023-07-08,美妆
U07859,FB007860,5,非常满意，产品很好用！,2023-02-18,食品
U07860,FB007861,3,一般般，有待改进。,2023-05-30,家居
U07861,FB007862,3,一般般，有待改进。,2023-10-20,服饰
U07862,FB007863,3,一般般，有待改进。,2023-03-14,食品
U07863,FB007864,5,非常满意，产品很好用！,2023-08-04,3C数码
U07864,FB007865,5,非常满意，产品很好用！,2023-11-25,家居
U07865,FB007866,2,不太满意，需要改善。,2023-02-19,食品
U07866,FB007867,5,非常满意，产品很好用！,2023-05-08,服饰
U07867,FB007868,5,非常满意，产品很好用！,2023-06-05,家居
U07868,FB007869,5,非常满意，产品很好用！,2024-09-05,家居
U07869,FB007870,4,还不错，基本满意。,2024-06-21,服饰
U07870,FB007871,5,非常满意，产品很好用！,2023-06-26,3C数码
U07871,FB007872,5,非常满意，产品很好用！,2023-09-28,服饰
U07872,FB007873,3,一般般，有待改进。,2023-10-01,家居
U07873,FB007874,1,非常不满意，体验很差。,2023-12-08,3C数码
U07874,FB007875,4,还不错，基本满意。,2023-12-15,美妆
U07875,FB007876,5,非常满意，产品很好用！,2023-12-21,3C数码
U07876,FB007877,3,一般般，有待改进。,2023-01-12,食品
U07877,FB007878,4,还不错，基本满意。,2023-03-05,3C数码
U07878,FB007879,5,非常满意，产品很好用！,2023-05-15,食品
U07879,FB007880,4,还不错，基本满意。,2024-08-02,服饰
U07880,FB007881,3,一般般，有待改进。,2023-07-19,美妆
U07881,FB007882,5,非常满意，产品很好用！,2024-02-04,3C数码
U07882,FB007883,1,非常不满意，体验很差。,2024-09-13,食品
U07883,FB007884,5,非常满意，产品很好用！,2023-04-04,3C数码
U07884,FB007885,3,一般般，有待改进。,2024-03-26,食品
U07885,FB007886,2,不太满意，需要改善。,2024-10-31,食品
U07886,FB007887,3,一般般，有待改进。,2023-09-25,食品
U07887,FB007888,5,非常满意，产品很好用！,2023-07-24,食品
U07888,FB007889,4,还不错，基本满意。,2023-04-11,服饰
U07889,FB007890,3,一般般，有待改进。,2024-01-09,美妆
U07890,FB007891,4,还不错，基本满意。,2023-04-26,美妆
U07891,FB007892,2,不太满意，需要改善。,2024-09-14,3C数码
U07892,FB007893,4,还不错，基本满意。,2023-02-27,食品
U07893,FB007894,5,非常满意，产品很好用！,2023-05-03,3C数码
U07894,FB007895,5,非常满意，产品很好用！,2023-05-10,3C数码
U07895,FB007896,4,还不错，基本满意。,2024-01-31,食品
U07896,FB007897,4,还不错，基本满意。,2023-07-20,美妆
U07897,FB007898,2,不太满意，需要改善。,2023-10-17,食品
U07898,FB007899,5,非常满意，产品很好用！,2024-10-31,家居
U07899,FB007900,3,一般般，有待改进。,2023-02-12,食品
U07900,FB007901,4,还不错，基本满意。,2024-12-13,家居
U07901,FB007902,5,非常满意，产品很好用！,2023-09-22,美妆
U07902,FB007903,4,还不错，基本满意。,2024-10-31,3C数码
U07903,FB007904,5,非常满意，产品很好用！,2023-11-14,3C数码
U07904,FB007905,3,一般般，有待改进。,2023-08-03,服饰
U07905,FB007906,5,非常满意，产品很好用！,2023-12-21,家居
U07906,FB007907,5,非常满意，产品很好用！,2023-02-06,食品
U07907,FB007908,3,一般般，有待改进。,2024-04-01,食品
U07908,FB007909,5,非常满意，产品很好用！,2024-11-26,服饰
U07909,FB007910,3,一般般，有待改进。,2024-06-20,食品
U07910,FB007911,3,一般般，有待改进。,2024-06-29,3C数码
U07911,FB007912,5,非常满意，产品很好用！,2023-07-15,美妆
U07912,FB007913,5,非常满意，产品很好用！,2024-09-13,家居
U07913,FB007914,5,非常满意，产品很好用！,2023-09-03,3C数码
U07914,FB007915,2,不太满意，需要改善。,2024-11-23,服饰
U07915,FB007916,3,一般般，有待改进。,2024-02-14,3C数码
U07916,FB007917,3,一般般，有待改进。,2023-08-06,3C数码
U07917,FB007918,4,还不错，基本满意。,2024-09-21,服饰
U07918,FB007919,4,还不错，基本满意。,2023-11-21,3C数码
U07919,FB007920,5,非常满意，产品很好用！,2024-11-28,食品
U07920,FB007921,5,非常满意，产品很好用！,2024-10-31,美妆
U07921,FB007922,1,非常不满意，体验很差。,2024-12-21,食品
U07922,FB007923,5,非常满意，产品很好用！,2024-01-26,食品
U07923,FB007924,5,非常满意，产品很好用！,2023-09-29,3C数码
U07924,FB007925,5,非常满意，产品很好用！,2024-05-01,3C数码
U07925,FB007926,2,不太满意，需要改善。,2023-08-04,家居
U07926,FB007927,3,一般般，有待改进。,2024-01-17,美妆
U07927,FB007928,4,还不错，基本满意。,2024-01-10,服饰
U07928,FB007929,4,还不错，基本满意。,2023-09-02,食品
U07929,FB007930,3,一般般，有待改进。,2023-01-21,3C数码
U07930,FB007931,5,非常满意，产品很好用！,2024-06-01,3C数码
U07931,FB007932,3,一般般，有待改进。,2023-02-14,家居
U07932,FB007933,2,不太满意，需要改善。,2023-07-12,家居
U07933,FB007934,2,不太满意，需要改善。,2023-12-18,3C数码
U07934,FB007935,5,非常满意，产品很好用！,2024-01-10,3C数码
U07935,FB007936,3,一般般，有待改进。,2024-11-12,家居
U07936,FB007937,3,一般般，有待改进。,2024-04-12,服饰
U07937,FB007938,3,一般般，有待改进。,2024-07-31,家居
U07938,FB007939,5,非常满意，产品很好用！,2024-09-06,食品
U07939,FB007940,4,还不错，基本满意。,2024-04-23,3C数码
U07940,FB007941,5,非常满意，产品很好用！,2023-05-26,美妆
U07941,FB007942,5,非常满意，产品很好用！,2024-04-23,服饰
U07942,FB007943,3,一般般，有待改进。,2023-11-14,美妆
U07943,FB007944,5,非常满意，产品很好用！,2024-02-24,服饰
U07944,FB007945,2,不太满意，需要改善。,2024-02-25,服饰
U07945,FB007946,5,非常满意，产品很好用！,2024-04-10,家居
U07946,FB007947,4,还不错，基本满意。,2024-05-29,家居
U07947,FB007948,3,一般般，有待改进。,2023-09-28,食品
U07948,FB007949,4,还不错，基本满意。,2024-02-20,家居
U07949,FB007950,5,非常满意，产品很好用！,2023-05-26,家居
U07950,FB007951,5,非常满意，产品很好用！,2023-12-05,服饰
U07951,FB007952,5,非常满意，产品很好用！,2023-05-19,服饰
U07952,FB007953,5,非常满意，产品很好用！,2024-04-20,服饰
U07953,FB007954,2,不太满意，需要改善。,2023-04-24,服饰
U07954,FB007955,3,一般般，有待改进。,2024-09-13,美妆
U07955,FB007956,5,非常满意，产品很好用！,2023-08-03,食品
U07956,FB007957,5,非常满意，产品很好用！,2024-01-25,美妆
U07957,FB007958,3,一般般，有待改进。,2024-02-25,美妆
U07958,FB007959,3,一般般，有待改进。,2023-12-09,美妆
U07959,FB007960,2,不太满意，需要改善。,2023-10-21,服饰
U07960,FB007961,2,不太满意，需要改善。,2023-01-08,美妆
U07961,FB007962,5,非常满意，产品很好用！,2024-11-09,服饰
U07962,FB007963,5,非常满意，产品很好用！,2023-04-28,3C数码
U07963,FB007964,4,还不错，基本满意。,2023-05-28,服饰
U07964,FB007965,5,非常满意，产品很好用！,2024-05-09,食品
U07965,FB007966,5,非常满意，产品很好用！,2024-04-05,家居
U07966,FB007967,5,非常满意，产品很好用！,2024-01-09,美妆
U07967,FB007968,4,还不错，基本满意。,2023-05-24,3C数码
U07968,FB007969,5,非常满意，产品很好用！,2024-09-01,食品
U07969,FB007970,3,一般般，有待改进。,2024-05-25,3C数码
U07970,FB007971,5,非常满意，产品很好用！,2023-12-06,美妆
U07971,FB007972,5,非常满意，产品很好用！,2023-11-19,服饰
U07972,FB007973,5,非常满意，产品很好用！,2024-09-02,美妆
U07973,FB007974,5,非常满意，产品很好用！,2023-01-26,服饰
U07974,FB007975,3,一般般，有待改进。,2024-05-26,美妆
U07975,FB007976,4,还不错，基本满意。,2023-05-13,美妆
U07976,FB007977,4,还不错，基本满意。,2023-12-27,家居
U07977,FB007978,5,非常满意，产品很好用！,2024-05-10,家居
U07978,FB007979,1,非常不满意，体验很差。,2024-11-07,家居
U07979,FB007980,4,还不错，基本满意。,2024-03-06,食品
U07980,FB007981,5,非常满意，产品很好用！,2024-11-08,食品
U07981,FB007982,4,还不错，基本满意。,2023-05-23,服饰
U07982,FB007983,5,非常满意，产品很好用！,2024-01-26,3C数码
U07983,FB007984,3,一般般，有待改进。,2023-09-13,家居
U07984,FB007985,3,一般般，有待改进。,2023-10-07,美妆
U07985,FB007986,2,不太满意，需要改善。,2023-01-19,家居
U07986,FB007987,2,不太满意，需要改善。,2023-07-05,3C数码
U07987,FB007988,1,非常不满意，体验很差。,2023-10-12,食品
U07988,FB007989,5,非常满意，产品很好用！,2024-02-14,家居
U07989,FB007990,4,还不错，基本满意。,2024-04-19,食品
U07990,FB007991,4,还不错，基本满意。,2023-12-01,美妆
U07991,FB007992,2,不太满意，需要改善。,2023-12-02,3C数码
U07992,FB007993,5,非常满意，产品很好用！,2023-05-23,服饰
U07993,FB007994,3,一般般，有待改进。,2023-02-23,家居
U07994,FB007995,3,一般般，有待改进。,2023-07-16,家居
U07995,FB007996,5,非常满意，产品很好用！,2023-03-14,美妆
U07996,FB007997,5,非常满意，产品很好用！,2024-09-04,食品
U07997,FB007998,4,还不错，基本满意。,2024-10-28,家居
U07998,FB007999,2,不太满意，需要改善。,2024-06-07,服饰
U07999,FB008000,2,不太满意，需要改善。,2023-08-20,家居
