user_id,register_date,country,channel,device,age_group,gender
U00000,2024-12-21,越南,社交媒体,iOS,35-44,男
U00001,2023-01-20,马来西亚,社交媒体,iOS,25-34,男
U00002,2023-03-13,印尼,自然搜索,Android,18-24,男
U00003,2023-07-06,印尼,内容营销,iOS,45+,女
U00004,2023-06-02,泰国,社交媒体,Android,45+,女
U00005,2024-04-06,泰国,付费广告,iOS,25-34,男
U00006,2023-08-21,泰国,KOL推荐,Android,25-34,女
U00007,2023-11-18,菲律宾,付费广告,iOS,25-34,女
U00008,2024-11-06,印尼,社交媒体,Android,25-34,女
U00009,2024-02-15,印尼,自然搜索,iOS,18-24,女
U00010,2023-11-27,泰国,KOL推荐,iOS,25-34,男
U00011,2024-03-13,马来西亚,付费广告,iOS,35-44,男
U00012,2023-06-04,菲律宾,社交媒体,iOS,18-24,男
U00013,2024-02-13,泰国,自然搜索,Android,25-34,女
U00014,2023-10-25,泰国,社交媒体,iOS,35-44,女
U00015,2024-10-12,泰国,KOL推荐,Android,18-24,男
U00016,2024-12-08,越南,付费广告,Android,18-24,女
U00017,2024-08-05,印尼,社交媒体,Android,35-44,女
U00018,2023-02-20,越南,付费广告,Android,18-24,女
U00019,2023-12-06,越南,内容营销,Android,18-24,男
U00020,2024-03-18,印尼,付费广告,Android,25-34,男
U00021,2024-06-10,泰国,KOL推荐,Android,25-34,男
U00022,2023-07-10,越南,KOL推荐,iOS,35-44,男
U00023,2023-05-16,越南,付费广告,iOS,25-34,女
U00024,2024-07-03,越南,自然搜索,Android,25-34,男
U00025,2023-07-19,菲律宾,付费广告,Android,25-34,女
U00026,2023-12-10,泰国,KOL推荐,Android,45+,男
U00027,2023-05-02,印尼,自然搜索,Android,18-24,男
U00028,2023-03-14,印尼,付费广告,iOS,18-24,女
U00029,2024-03-20,泰国,KOL推荐,Android,45+,女
U00030,2024-01-17,印尼,付费广告,Android,45+,男
U00031,2024-08-04,泰国,社交媒体,iOS,18-24,女
U00032,2024-07-26,泰国,自然搜索,Android,18-24,女
U00033,2024-03-15,马来西亚,自然搜索,iOS,25-34,男
U00034,2023-09-03,马来西亚,KOL推荐,Android,18-24,女
U00035,2023-02-07,菲律宾,自然搜索,Android,35-44,男
U00036,2023-09-22,越南,付费广告,iOS,18-24,男
U00037,2023-05-17,泰国,内容营销,Android,18-24,女
U00038,2023-03-09,印尼,付费广告,Android,25-34,男
U00039,2023-08-09,越南,内容营销,iOS,45+,男
U00040,2024-12-17,泰国,内容营销,iOS,25-34,男
U00041,2024-12-08,印尼,付费广告,Android,25-34,女
U00042,2024-09-14,泰国,自然搜索,iOS,45+,女
U00043,2024-10-16,马来西亚,社交媒体,Android,25-34,男
U00044,2024-06-17,越南,付费广告,iOS,25-34,女
U00045,2024-12-07,印尼,自然搜索,Android,25-34,男
U00046,2024-08-15,越南,社交媒体,Android,18-24,女
U00047,2023-07-02,印尼,自然搜索,iOS,25-34,女
U00048,2023-02-07,印尼,内容营销,Android,25-34,女
U00049,2024-07-06,泰国,自然搜索,Android,18-24,女
U00050,2023-12-15,马来西亚,自然搜索,Android,18-24,女
U00051,2024-01-07,菲律宾,自然搜索,Android,25-34,男
U00052,2023-07-15,马来西亚,内容营销,Android,25-34,女
U00053,2023-04-03,菲律宾,社交媒体,Android,18-24,男
U00054,2023-01-07,印尼,KOL推荐,Android,18-24,男
U00055,2023-09-01,马来西亚,付费广告,Android,45+,男
U00056,2023-05-15,泰国,付费广告,iOS,25-34,男
U00057,2023-04-10,泰国,自然搜索,Android,18-24,女
U00058,2023-02-23,泰国,付费广告,iOS,35-44,女
U00059,2023-07-24,越南,社交媒体,iOS,18-24,男
U00060,2024-07-06,越南,社交媒体,iOS,35-44,男
U00061,2024-03-20,越南,付费广告,iOS,35-44,女
U00062,2023-12-11,菲律宾,内容营销,iOS,35-44,女
U00063,2023-03-20,越南,自然搜索,iOS,35-44,男
U00064,2024-05-07,越南,内容营销,iOS,18-24,男
U00065,2024-11-23,印尼,自然搜索,Android,35-44,女
U00066,2024-06-17,泰国,付费广告,iOS,18-24,女
U00067,2024-04-25,菲律宾,付费广告,iOS,25-34,男
U00068,2023-02-05,泰国,付费广告,iOS,45+,男
U00069,2024-09-13,马来西亚,社交媒体,iOS,25-34,女
U00070,2023-11-24,菲律宾,付费广告,iOS,45+,男
U00071,2023-01-27,泰国,付费广告,Android,18-24,男
U00072,2024-11-03,泰国,社交媒体,Android,25-34,女
U00073,2024-06-21,菲律宾,社交媒体,Android,18-24,女
U00074,2023-04-09,印尼,KOL推荐,Android,25-34,男
U00075,2023-11-17,印尼,自然搜索,iOS,18-24,女
U00076,2023-11-03,菲律宾,社交媒体,iOS,18-24,男
U00077,2024-07-20,泰国,社交媒体,iOS,18-24,女
U00078,2024-11-21,越南,付费广告,Android,35-44,男
U00079,2023-11-26,泰国,付费广告,iOS,18-24,女
U00080,2024-02-06,菲律宾,付费广告,Android,35-44,女
U00081,2024-07-21,印尼,自然搜索,iOS,18-24,女
U00082,2024-03-28,越南,自然搜索,iOS,18-24,女
U00083,2023-11-18,泰国,自然搜索,Android,25-34,男
U00084,2023-04-28,越南,社交媒体,Android,45+,男
U00085,2024-07-03,越南,社交媒体,Android,18-24,男
U00086,2023-12-04,印尼,内容营销,Android,18-24,女
U00087,2024-12-12,印尼,社交媒体,Android,35-44,女
U00088,2024-12-01,菲律宾,自然搜索,Android,25-34,女
U00089,2024-04-21,印尼,内容营销,Android,35-44,男
U00090,2023-02-26,泰国,内容营销,iOS,18-24,女
U00091,2024-10-03,印尼,付费广告,Android,25-34,女
U00092,2024-04-26,菲律宾,社交媒体,Android,18-24,女
U00093,2023-10-09,印尼,内容营销,iOS,25-34,女
U00094,2024-02-25,菲律宾,付费广告,Android,35-44,女
U00095,2023-08-02,印尼,内容营销,Android,35-44,女
U00096,2023-11-02,印尼,自然搜索,Android,25-34,男
U00097,2024-03-18,越南,自然搜索,iOS,45+,男
U00098,2023-05-28,泰国,付费广告,Android,18-24,女
U00099,2023-07-23,泰国,社交媒体,Android,18-24,男
U00100,2024-07-19,泰国,KOL推荐,Android,25-34,女
U00101,2024-04-19,印尼,内容营销,iOS,25-34,女
U00102,2024-05-13,越南,付费广告,Android,18-24,女
U00103,2023-08-28,印尼,自然搜索,iOS,25-34,男
U00104,2023-11-18,马来西亚,KOL推荐,Android,25-34,男
U00105,2023-11-23,泰国,社交媒体,iOS,35-44,男
U00106,2023-09-14,越南,自然搜索,Android,35-44,男
U00107,2023-02-17,菲律宾,付费广告,Android,25-34,女
U00108,2024-09-16,泰国,社交媒体,iOS,18-24,男
U00109,2023-05-01,泰国,KOL推荐,iOS,25-34,男
U00110,2023-09-03,越南,付费广告,iOS,35-44,男
U00111,2024-02-18,泰国,付费广告,iOS,18-24,女
U00112,2023-12-23,马来西亚,内容营销,iOS,25-34,女
U00113,2024-02-28,菲律宾,社交媒体,Android,45+,男
U00114,2024-04-05,印尼,付费广告,Android,18-24,女
U00115,2024-08-20,菲律宾,付费广告,Android,18-24,女
U00116,2024-03-09,菲律宾,社交媒体,Android,18-24,男
U00117,2024-05-12,泰国,自然搜索,iOS,25-34,女
U00118,2024-01-10,菲律宾,自然搜索,iOS,45+,女
U00119,2023-07-27,印尼,付费广告,iOS,25-34,男
U00120,2024-12-21,菲律宾,付费广告,Android,25-34,女
U00121,2023-07-08,菲律宾,社交媒体,Android,25-34,男
U00122,2024-12-15,越南,自然搜索,iOS,25-34,男
U00123,2024-09-18,泰国,社交媒体,iOS,25-34,男
U00124,2024-10-01,泰国,付费广告,Android,18-24,女
U00125,2023-10-22,越南,自然搜索,Android,25-34,女
U00126,2024-07-03,菲律宾,自然搜索,Android,25-34,男
U00127,2023-07-04,菲律宾,内容营销,iOS,18-24,男
U00128,2023-05-06,泰国,内容营销,Android,25-34,女
U00129,2023-10-12,印尼,自然搜索,iOS,45+,男
U00130,2024-02-22,越南,KOL推荐,Android,25-34,男
U00131,2023-02-03,泰国,社交媒体,Android,45+,男
U00132,2023-01-03,泰国,内容营销,Android,18-24,男
U00133,2024-12-15,越南,付费广告,iOS,35-44,男
U00134,2024-04-20,马来西亚,社交媒体,iOS,18-24,男
U00135,2023-02-20,越南,自然搜索,Android,18-24,男
U00136,2024-04-15,印尼,付费广告,iOS,25-34,女
U00137,2023-07-25,印尼,内容营销,Android,25-34,男
U00138,2023-05-05,越南,付费广告,Android,35-44,女
U00139,2024-09-26,马来西亚,付费广告,iOS,25-34,男
U00140,2023-09-23,马来西亚,自然搜索,Android,25-34,女
U00141,2024-02-19,越南,社交媒体,iOS,45+,女
U00142,2024-06-09,印尼,社交媒体,Android,25-34,男
U00143,2023-03-11,越南,付费广告,Android,18-24,女
U00144,2024-12-15,越南,内容营销,Android,18-24,女
U00145,2023-04-21,泰国,自然搜索,iOS,25-34,男
U00146,2024-12-05,印尼,付费广告,Android,35-44,女
U00147,2024-06-22,印尼,内容营销,Android,18-24,男
U00148,2024-11-12,泰国,付费广告,iOS,18-24,男
U00149,2023-01-26,越南,付费广告,Android,18-24,女
U00150,2024-10-20,马来西亚,付费广告,Android,25-34,男
U00151,2023-02-09,泰国,KOL推荐,Android,18-24,女
U00152,2024-10-25,泰国,自然搜索,Android,18-24,女
U00153,2024-06-05,印尼,内容营销,iOS,25-34,女
U00154,2024-10-14,马来西亚,KOL推荐,Android,35-44,女
U00155,2023-11-21,泰国,自然搜索,iOS,25-34,女
U00156,2024-10-03,印尼,社交媒体,iOS,25-34,男
U00157,2023-09-02,菲律宾,付费广告,iOS,18-24,男
U00158,2024-02-28,泰国,付费广告,iOS,45+,女
U00159,2023-02-21,印尼,KOL推荐,iOS,25-34,女
U00160,2023-10-19,越南,内容营销,Android,45+,女
U00161,2023-02-16,印尼,自然搜索,Android,45+,女
U00162,2023-06-12,印尼,付费广告,Android,35-44,男
U00163,2024-10-07,印尼,付费广告,iOS,18-24,女
U00164,2023-04-08,泰国,付费广告,iOS,25-34,女
U00165,2024-07-10,菲律宾,付费广告,Android,18-24,女
U00166,2023-01-05,越南,自然搜索,Android,35-44,男
U00167,2023-06-27,泰国,社交媒体,Android,35-44,女
U00168,2024-07-18,泰国,付费广告,iOS,45+,男
U00169,2024-07-19,印尼,自然搜索,Android,25-34,女
U00170,2024-11-01,印尼,KOL推荐,iOS,25-34,男
U00171,2024-08-11,泰国,KOL推荐,Android,25-34,男
U00172,2023-03-10,印尼,付费广告,Android,25-34,男
U00173,2023-07-17,泰国,付费广告,Android,25-34,男
U00174,2024-12-26,印尼,社交媒体,Android,25-34,女
U00175,2024-04-07,泰国,付费广告,iOS,45+,男
U00176,2024-01-12,印尼,自然搜索,Android,25-34,女
U00177,2023-12-08,越南,社交媒体,Android,35-44,女
U00178,2023-08-13,马来西亚,自然搜索,Android,35-44,男
U00179,2023-11-25,泰国,自然搜索,iOS,25-34,女
U00180,2023-01-25,越南,自然搜索,Android,25-34,女
U00181,2024-05-19,泰国,自然搜索,Android,25-34,女
U00182,2024-01-23,马来西亚,自然搜索,iOS,25-34,女
U00183,2024-03-24,菲律宾,内容营销,iOS,18-24,男
U00184,2023-12-21,越南,付费广告,iOS,25-34,女
U00185,2024-05-03,印尼,自然搜索,Android,45+,男
U00186,2023-07-02,菲律宾,自然搜索,iOS,18-24,女
U00187,2023-02-25,印尼,内容营销,Android,35-44,女
U00188,2023-06-04,印尼,付费广告,Android,35-44,男
U00189,2024-04-15,泰国,付费广告,Android,25-34,女
U00190,2023-10-14,泰国,内容营销,Android,25-34,男
U00191,2023-09-15,菲律宾,付费广告,iOS,35-44,男
U00192,2023-07-07,马来西亚,付费广告,Android,25-34,女
U00193,2023-08-19,印尼,自然搜索,Android,18-24,女
U00194,2024-06-17,越南,付费广告,Android,45+,男
U00195,2024-06-19,越南,付费广告,Android,25-34,男
U00196,2024-09-08,印尼,社交媒体,Android,35-44,女
U00197,2024-01-27,菲律宾,付费广告,iOS,25-34,男
U00198,2023-11-19,菲律宾,社交媒体,Android,18-24,男
U00199,2023-07-27,菲律宾,自然搜索,Android,45+,女
U00200,2023-05-05,印尼,自然搜索,Android,35-44,女
U00201,2023-08-10,泰国,付费广告,Android,18-24,男
U00202,2023-05-26,泰国,内容营销,iOS,45+,女
U00203,2024-03-23,菲律宾,付费广告,Android,35-44,男
U00204,2024-04-28,印尼,社交媒体,Android,25-34,男
U00205,2023-10-24,泰国,付费广告,iOS,25-34,女
U00206,2023-08-19,泰国,自然搜索,Android,18-24,女
U00207,2023-04-14,印尼,自然搜索,iOS,25-34,男
U00208,2023-08-21,泰国,付费广告,Android,18-24,男
U00209,2024-02-12,泰国,自然搜索,iOS,25-34,男
U00210,2023-01-23,印尼,自然搜索,Android,25-34,男
U00211,2024-07-18,印尼,KOL推荐,iOS,35-44,女
U00212,2023-12-10,印尼,自然搜索,Android,35-44,女
U00213,2024-09-01,泰国,社交媒体,iOS,18-24,女
U00214,2024-02-09,印尼,付费广告,iOS,35-44,女
U00215,2024-03-21,泰国,付费广告,Android,25-34,女
U00216,2024-10-23,越南,社交媒体,iOS,25-34,男
U00217,2024-02-09,印尼,付费广告,Android,18-24,女
U00218,2023-11-05,印尼,付费广告,Android,35-44,女
U00219,2023-12-16,菲律宾,社交媒体,Android,45+,男
U00220,2024-08-28,印尼,内容营销,Android,35-44,女
U00221,2023-03-05,印尼,自然搜索,iOS,45+,女
U00222,2024-07-05,泰国,自然搜索,iOS,25-34,男
U00223,2024-12-18,越南,内容营销,Android,35-44,男
U00224,2023-04-24,越南,付费广告,iOS,25-34,女
U00225,2024-03-05,泰国,社交媒体,Android,18-24,女
U00226,2023-08-16,马来西亚,付费广告,iOS,35-44,女
U00227,2024-10-01,越南,自然搜索,Android,35-44,男
U00228,2023-05-26,菲律宾,社交媒体,iOS,18-24,女
U00229,2024-06-16,印尼,付费广告,Android,18-24,男
U00230,2024-11-10,菲律宾,自然搜索,iOS,18-24,男
U00231,2023-04-18,印尼,付费广告,iOS,25-34,男
U00232,2024-05-21,印尼,KOL推荐,Android,18-24,女
U00233,2024-01-08,印尼,社交媒体,iOS,18-24,男
U00234,2023-08-12,泰国,自然搜索,Android,25-34,男
U00235,2024-06-06,印尼,付费广告,Android,45+,男
U00236,2023-07-26,越南,社交媒体,iOS,35-44,男
U00237,2024-05-05,泰国,KOL推荐,Android,25-34,男
U00238,2024-10-23,印尼,社交媒体,Android,45+,女
U00239,2024-07-08,泰国,自然搜索,Android,25-34,女
U00240,2024-07-27,马来西亚,社交媒体,Android,25-34,女
U00241,2023-08-25,马来西亚,社交媒体,Android,25-34,女
U00242,2024-09-27,马来西亚,自然搜索,iOS,25-34,男
U00243,2024-07-07,越南,付费广告,iOS,18-24,女
U00244,2023-03-06,泰国,付费广告,Android,25-34,男
U00245,2023-08-18,马来西亚,社交媒体,iOS,25-34,女
U00246,2024-03-24,越南,自然搜索,iOS,25-34,女
U00247,2024-05-04,马来西亚,社交媒体,Android,35-44,女
U00248,2023-07-17,马来西亚,内容营销,Android,25-34,男
U00249,2024-10-26,菲律宾,KOL推荐,iOS,35-44,男
U00250,2023-06-13,越南,内容营销,iOS,25-34,男
U00251,2023-07-09,越南,内容营销,iOS,45+,女
U00252,2024-11-19,菲律宾,自然搜索,iOS,25-34,女
U00253,2024-08-13,越南,社交媒体,iOS,45+,女
U00254,2024-03-17,泰国,付费广告,iOS,35-44,男
U00255,2023-05-23,印尼,内容营销,Android,25-34,女
U00256,2024-07-06,马来西亚,付费广告,Android,35-44,女
U00257,2023-12-15,印尼,内容营销,iOS,18-24,男
U00258,2024-03-03,印尼,社交媒体,iOS,45+,男
U00259,2023-04-05,泰国,KOL推荐,Android,18-24,女
U00260,2023-06-06,印尼,自然搜索,iOS,25-34,女
U00261,2024-05-28,马来西亚,自然搜索,Android,25-34,男
U00262,2023-08-19,泰国,KOL推荐,Android,25-34,男
U00263,2024-08-24,印尼,自然搜索,Android,25-34,女
U00264,2024-09-22,菲律宾,KOL推荐,iOS,45+,男
U00265,2024-01-15,印尼,自然搜索,Android,25-34,男
U00266,2024-05-24,印尼,社交媒体,Android,45+,女
U00267,2024-09-17,印尼,付费广告,Android,25-34,女
U00268,2024-11-02,越南,社交媒体,Android,18-24,女
U00269,2024-10-03,越南,社交媒体,iOS,18-24,女
U00270,2024-10-09,菲律宾,付费广告,iOS,35-44,女
U00271,2023-06-01,菲律宾,自然搜索,Android,18-24,女
U00272,2024-10-19,菲律宾,自然搜索,Android,25-34,女
U00273,2023-04-13,马来西亚,社交媒体,Android,18-24,男
U00274,2024-08-25,印尼,付费广告,Android,25-34,男
U00275,2023-08-23,印尼,社交媒体,iOS,35-44,男
U00276,2023-05-10,菲律宾,付费广告,iOS,25-34,女
U00277,2024-08-19,印尼,付费广告,Android,18-24,女
U00278,2023-12-01,印尼,付费广告,iOS,18-24,男
U00279,2023-09-24,菲律宾,自然搜索,Android,25-34,男
U00280,2024-04-17,菲律宾,付费广告,iOS,18-24,男
U00281,2024-06-14,越南,内容营销,Android,25-34,男
U00282,2024-05-01,越南,内容营销,Android,25-34,女
U00283,2024-09-15,泰国,付费广告,Android,18-24,女
U00284,2024-07-02,印尼,社交媒体,iOS,25-34,男
U00285,2024-12-24,泰国,KOL推荐,Android,25-34,男
U00286,2024-02-22,越南,付费广告,Android,25-34,男
U00287,2023-02-27,印尼,自然搜索,Android,25-34,女
U00288,2024-03-01,越南,自然搜索,iOS,25-34,女
U00289,2024-10-01,印尼,付费广告,iOS,25-34,女
U00290,2023-12-22,泰国,内容营销,iOS,35-44,女
U00291,2024-03-26,泰国,社交媒体,iOS,18-24,女
U00292,2024-06-15,菲律宾,自然搜索,Android,25-34,女
U00293,2023-07-12,越南,自然搜索,Android,25-34,女
U00294,2023-10-02,泰国,KOL推荐,iOS,25-34,男
U00295,2023-02-06,印尼,KOL推荐,iOS,35-44,女
U00296,2024-08-06,菲律宾,社交媒体,iOS,25-34,女
U00297,2024-12-27,泰国,社交媒体,Android,25-34,女
U00298,2023-10-03,印尼,自然搜索,Android,35-44,男
U00299,2024-04-05,泰国,KOL推荐,Android,35-44,男
U00300,2023-05-10,泰国,KOL推荐,iOS,45+,男
U00301,2024-11-13,印尼,付费广告,Android,25-34,男
U00302,2024-12-03,印尼,社交媒体,iOS,35-44,女
U00303,2024-06-19,印尼,自然搜索,iOS,18-24,女
U00304,2023-06-27,印尼,自然搜索,Android,25-34,女
U00305,2024-08-27,马来西亚,自然搜索,Android,18-24,女
U00306,2023-01-10,印尼,自然搜索,iOS,18-24,女
U00307,2023-10-25,越南,付费广告,iOS,25-34,女
U00308,2024-10-01,菲律宾,付费广告,iOS,35-44,男
U00309,2024-07-11,越南,付费广告,iOS,25-34,女
U00310,2024-01-17,越南,付费广告,Android,35-44,男
U00311,2024-08-18,泰国,付费广告,Android,25-34,女
U00312,2023-04-15,泰国,自然搜索,iOS,25-34,女
U00313,2023-02-06,马来西亚,社交媒体,iOS,18-24,女
U00314,2024-10-27,菲律宾,付费广告,iOS,25-34,男
U00315,2024-11-09,印尼,付费广告,Android,25-34,男
U00316,2023-11-25,越南,内容营销,iOS,25-34,男
U00317,2024-08-16,泰国,社交媒体,Android,18-24,女
U00318,2023-08-28,泰国,内容营销,iOS,18-24,女
U00319,2024-05-23,越南,付费广告,Android,35-44,男
U00320,2024-11-26,印尼,自然搜索,Android,25-34,女
U00321,2023-04-07,印尼,社交媒体,Android,25-34,男
U00322,2023-11-27,印尼,自然搜索,Android,18-24,女
U00323,2023-11-11,越南,付费广告,Android,25-34,男
U00324,2024-09-21,马来西亚,自然搜索,Android,35-44,男
U00325,2024-03-05,印尼,KOL推荐,iOS,35-44,女
U00326,2023-06-23,印尼,自然搜索,iOS,35-44,女
U00327,2023-05-09,印尼,内容营销,iOS,18-24,男
U00328,2023-11-25,越南,内容营销,Android,35-44,女
U00329,2024-11-26,泰国,付费广告,Android,18-24,女
U00330,2023-03-20,越南,社交媒体,iOS,25-34,女
U00331,2023-04-23,菲律宾,社交媒体,Android,18-24,女
U00332,2024-03-18,泰国,KOL推荐,Android,35-44,女
U00333,2023-05-11,泰国,付费广告,Android,25-34,女
U00334,2023-11-04,泰国,KOL推荐,Android,25-34,女
U00335,2024-04-26,泰国,付费广告,Android,35-44,女
U00336,2023-11-25,菲律宾,内容营销,iOS,18-24,女
U00337,2023-01-26,印尼,付费广告,iOS,25-34,女
U00338,2024-01-19,印尼,付费广告,Android,25-34,女
U00339,2023-06-27,泰国,KOL推荐,iOS,25-34,男
U00340,2024-08-19,印尼,KOL推荐,iOS,35-44,女
U00341,2023-06-13,印尼,社交媒体,Android,18-24,女
U00342,2023-11-19,泰国,自然搜索,Android,35-44,男
U00343,2023-07-12,越南,付费广告,Android,25-34,男
U00344,2024-04-01,越南,内容营销,iOS,35-44,女
U00345,2024-03-13,印尼,KOL推荐,Android,25-34,女
U00346,2023-10-18,印尼,KOL推荐,iOS,45+,男
U00347,2023-04-22,泰国,自然搜索,iOS,18-24,男
U00348,2023-06-27,越南,付费广告,Android,35-44,女
U00349,2023-08-24,印尼,社交媒体,iOS,25-34,男
U00350,2024-08-22,印尼,KOL推荐,iOS,18-24,女
U00351,2023-09-23,菲律宾,自然搜索,Android,18-24,女
U00352,2023-08-24,印尼,内容营销,iOS,35-44,女
U00353,2024-06-07,泰国,付费广告,Android,18-24,男
U00354,2024-07-23,泰国,自然搜索,Android,18-24,男
U00355,2024-06-01,印尼,付费广告,Android,45+,女
U00356,2023-11-09,泰国,付费广告,iOS,35-44,女
U00357,2023-10-10,印尼,付费广告,Android,18-24,男
U00358,2023-01-27,马来西亚,自然搜索,iOS,25-34,男
U00359,2024-05-27,印尼,自然搜索,Android,25-34,女
U00360,2023-12-12,越南,KOL推荐,iOS,35-44,女
U00361,2024-07-17,印尼,自然搜索,iOS,35-44,女
U00362,2023-07-23,越南,自然搜索,Android,35-44,男
U00363,2023-11-24,印尼,付费广告,iOS,18-24,男
U00364,2023-02-16,马来西亚,付费广告,iOS,25-34,男
U00365,2024-11-09,越南,KOL推荐,iOS,18-24,男
U00366,2023-10-21,马来西亚,付费广告,Android,18-24,女
U00367,2023-10-03,马来西亚,KOL推荐,iOS,35-44,女
U00368,2024-05-28,泰国,社交媒体,iOS,18-24,男
U00369,2024-02-19,泰国,自然搜索,iOS,25-34,女
U00370,2024-06-18,泰国,自然搜索,Android,35-44,女
U00371,2024-02-03,泰国,付费广告,Android,25-34,女
U00372,2023-10-23,泰国,付费广告,iOS,18-24,女
U00373,2024-01-22,印尼,社交媒体,iOS,35-44,女
U00374,2023-12-09,泰国,社交媒体,iOS,45+,女
U00375,2023-10-19,越南,付费广告,iOS,35-44,男
U00376,2024-04-21,菲律宾,自然搜索,iOS,25-34,男
U00377,2023-03-12,泰国,自然搜索,Android,18-24,女
U00378,2023-08-25,菲律宾,社交媒体,Android,18-24,女
U00379,2024-03-11,越南,付费广告,Android,35-44,男
U00380,2024-11-13,泰国,付费广告,iOS,18-24,女
U00381,2023-06-13,印尼,自然搜索,Android,35-44,男
U00382,2023-11-06,印尼,社交媒体,Android,25-34,女
U00383,2023-06-05,菲律宾,内容营销,Android,25-34,女
U00384,2023-07-23,印尼,付费广告,Android,35-44,女
U00385,2024-11-19,菲律宾,付费广告,iOS,35-44,女
U00386,2023-11-06,越南,内容营销,iOS,25-34,女
U00387,2023-09-20,泰国,付费广告,Android,45+,男
U00388,2024-06-08,菲律宾,社交媒体,iOS,45+,女
U00389,2024-06-05,菲律宾,自然搜索,iOS,45+,男
U00390,2023-06-02,马来西亚,社交媒体,iOS,35-44,女
U00391,2024-10-24,越南,自然搜索,iOS,35-44,女
U00392,2023-04-19,越南,内容营销,Android,35-44,女
U00393,2023-04-16,菲律宾,社交媒体,iOS,18-24,女
U00394,2023-01-16,越南,KOL推荐,iOS,18-24,女
U00395,2023-01-24,马来西亚,社交媒体,Android,18-24,男
U00396,2024-05-05,菲律宾,社交媒体,Android,18-24,女
U00397,2024-04-25,越南,付费广告,Android,25-34,男
U00398,2023-03-10,菲律宾,内容营销,iOS,18-24,男
U00399,2024-06-21,菲律宾,内容营销,Android,45+,男
U00400,2024-06-26,泰国,付费广告,Android,35-44,女
U00401,2024-05-11,马来西亚,内容营销,Android,18-24,女
U00402,2023-09-11,印尼,社交媒体,iOS,18-24,男
U00403,2023-09-17,菲律宾,付费广告,Android,35-44,男
U00404,2024-08-05,越南,付费广告,Android,35-44,女
U00405,2023-12-18,菲律宾,自然搜索,Android,45+,女
U00406,2024-04-09,越南,自然搜索,iOS,45+,女
U00407,2023-08-06,泰国,自然搜索,iOS,45+,女
U00408,2024-05-14,马来西亚,付费广告,Android,25-34,女
U00409,2024-09-24,泰国,付费广告,Android,18-24,女
U00410,2024-02-04,越南,付费广告,iOS,35-44,女
U00411,2023-08-22,马来西亚,内容营销,Android,18-24,女
U00412,2024-05-01,马来西亚,付费广告,Android,35-44,男
U00413,2023-03-17,印尼,付费广告,Android,25-34,女
U00414,2024-08-03,印尼,自然搜索,Android,35-44,女
U00415,2023-07-11,越南,自然搜索,iOS,18-24,男
U00416,2024-03-07,越南,KOL推荐,Android,25-34,女
U00417,2023-05-17,越南,社交媒体,Android,25-34,女
U00418,2023-05-01,印尼,KOL推荐,Android,45+,女
U00419,2024-10-24,菲律宾,自然搜索,iOS,18-24,男
U00420,2023-07-17,菲律宾,社交媒体,Android,45+,女
U00421,2023-08-12,菲律宾,付费广告,iOS,35-44,男
U00422,2023-02-17,泰国,自然搜索,iOS,35-44,男
U00423,2024-10-28,印尼,自然搜索,Android,35-44,女
U00424,2024-08-14,泰国,自然搜索,Android,25-34,女
U00425,2024-11-03,印尼,付费广告,Android,18-24,女
U00426,2024-07-14,越南,自然搜索,iOS,18-24,女
U00427,2023-08-07,菲律宾,内容营销,Android,35-44,女
U00428,2023-05-03,越南,付费广告,iOS,35-44,女
U00429,2023-01-27,泰国,自然搜索,Android,18-24,男
U00430,2024-07-15,泰国,自然搜索,iOS,25-34,女
U00431,2023-01-05,菲律宾,社交媒体,Android,25-34,女
U00432,2024-08-11,印尼,自然搜索,Android,18-24,女
U00433,2024-02-22,泰国,内容营销,iOS,25-34,男
U00434,2024-06-20,泰国,内容营销,iOS,18-24,男
U00435,2023-09-15,印尼,自然搜索,Android,18-24,男
U00436,2023-11-05,泰国,付费广告,Android,25-34,女
U00437,2024-03-24,菲律宾,自然搜索,Android,25-34,女
U00438,2023-02-12,印尼,社交媒体,Android,18-24,女
U00439,2024-11-07,泰国,付费广告,iOS,25-34,男
U00440,2023-02-08,泰国,付费广告,iOS,18-24,男
U00441,2023-09-26,马来西亚,自然搜索,iOS,18-24,男
U00442,2023-05-15,越南,社交媒体,iOS,18-24,男
U00443,2024-07-19,越南,付费广告,Android,18-24,女
U00444,2024-01-13,菲律宾,自然搜索,iOS,18-24,女
U00445,2023-06-01,马来西亚,社交媒体,Android,35-44,男
U00446,2023-10-27,马来西亚,社交媒体,Android,25-34,男
U00447,2023-06-25,菲律宾,内容营销,Android,18-24,男
U00448,2023-03-26,越南,自然搜索,Android,18-24,男
U00449,2024-01-19,泰国,KOL推荐,iOS,18-24,女
U00450,2023-10-13,菲律宾,社交媒体,Android,35-44,女
U00451,2023-07-15,印尼,自然搜索,iOS,25-34,女
U00452,2024-11-04,越南,社交媒体,iOS,18-24,女
U00453,2023-11-08,马来西亚,付费广告,Android,25-34,男
U00454,2023-02-01,泰国,内容营销,iOS,25-34,男
U00455,2023-01-16,印尼,自然搜索,Android,18-24,男
U00456,2024-06-11,泰国,社交媒体,Android,25-34,女
U00457,2024-10-08,越南,付费广告,Android,25-34,女
U00458,2024-07-12,泰国,内容营销,iOS,18-24,女
U00459,2023-06-24,泰国,付费广告,Android,35-44,男
U00460,2024-04-08,泰国,内容营销,iOS,35-44,女
U00461,2023-07-20,印尼,内容营销,Android,25-34,男
U00462,2023-03-23,印尼,付费广告,iOS,25-34,男
U00463,2023-01-23,印尼,KOL推荐,Android,25-34,男
U00464,2023-06-03,马来西亚,内容营销,iOS,25-34,女
U00465,2024-07-02,越南,付费广告,iOS,35-44,女
U00466,2024-05-16,越南,付费广告,Android,25-34,女
U00467,2024-09-07,菲律宾,付费广告,iOS,18-24,男
U00468,2024-11-06,泰国,付费广告,Android,25-34,男
U00469,2023-11-15,马来西亚,自然搜索,iOS,35-44,男
U00470,2024-10-11,泰国,自然搜索,iOS,25-34,男
U00471,2023-07-15,马来西亚,付费广告,Android,35-44,男
U00472,2024-04-08,泰国,付费广告,iOS,35-44,女
U00473,2023-05-17,菲律宾,自然搜索,iOS,18-24,男
U00474,2024-11-02,印尼,内容营销,Android,45+,女
U00475,2024-09-07,马来西亚,社交媒体,iOS,25-34,女
U00476,2024-11-25,泰国,自然搜索,iOS,35-44,男
U00477,2024-09-06,印尼,社交媒体,iOS,35-44,男
U00478,2023-12-16,马来西亚,社交媒体,iOS,25-34,女
U00479,2023-11-22,印尼,内容营销,Android,25-34,女
U00480,2024-05-10,印尼,自然搜索,iOS,45+,男
U00481,2024-11-16,印尼,自然搜索,Android,18-24,女
U00482,2024-04-15,越南,内容营销,iOS,18-24,男
U00483,2024-03-23,印尼,内容营销,iOS,25-34,女
U00484,2024-08-04,印尼,社交媒体,iOS,35-44,男
U00485,2024-10-03,马来西亚,KOL推荐,Android,45+,女
U00486,2024-02-10,泰国,自然搜索,Android,18-24,女
U00487,2023-06-27,越南,付费广告,Android,35-44,女
U00488,2023-11-04,马来西亚,自然搜索,Android,18-24,男
U00489,2023-10-16,菲律宾,自然搜索,iOS,45+,男
U00490,2024-12-21,越南,KOL推荐,iOS,25-34,女
U00491,2023-08-09,印尼,自然搜索,iOS,18-24,女
U00492,2023-04-17,越南,付费广告,iOS,18-24,女
U00493,2023-10-23,泰国,内容营销,iOS,18-24,男
U00494,2024-01-23,越南,自然搜索,iOS,18-24,男
U00495,2024-09-21,越南,内容营销,iOS,35-44,女
U00496,2024-05-19,印尼,内容营销,iOS,18-24,男
U00497,2024-05-23,泰国,社交媒体,iOS,45+,男
U00498,2024-09-28,马来西亚,自然搜索,iOS,25-34,女
U00499,2023-04-23,马来西亚,付费广告,Android,35-44,女
U00500,2023-06-14,印尼,付费广告,iOS,18-24,男
U00501,2023-09-06,印尼,付费广告,Android,35-44,男
U00502,2023-10-25,越南,付费广告,Android,35-44,女
U00503,2023-06-09,菲律宾,内容营销,iOS,35-44,男
U00504,2024-01-16,印尼,自然搜索,iOS,45+,女
U00505,2024-04-19,泰国,社交媒体,iOS,18-24,男
U00506,2023-05-11,马来西亚,自然搜索,Android,18-24,男
U00507,2024-09-15,菲律宾,社交媒体,iOS,35-44,女
U00508,2023-08-15,马来西亚,内容营销,iOS,35-44,女
U00509,2023-11-13,印尼,付费广告,iOS,25-34,男
U00510,2024-11-02,印尼,自然搜索,Android,25-34,男
U00511,2023-02-23,越南,社交媒体,iOS,35-44,男
U00512,2023-12-26,马来西亚,社交媒体,Android,25-34,女
U00513,2024-08-22,菲律宾,社交媒体,Android,18-24,男
U00514,2023-09-26,泰国,付费广告,Android,25-34,女
U00515,2024-08-15,泰国,付费广告,Android,18-24,女
U00516,2023-07-25,越南,内容营销,Android,25-34,女
U00517,2024-02-17,菲律宾,内容营销,Android,45+,女
U00518,2023-02-09,马来西亚,付费广告,Android,35-44,女
U00519,2024-01-05,泰国,KOL推荐,iOS,45+,男
U00520,2023-04-23,印尼,付费广告,iOS,35-44,男
U00521,2024-09-01,越南,付费广告,Android,25-34,男
U00522,2023-09-24,马来西亚,自然搜索,Android,35-44,女
U00523,2024-04-19,菲律宾,付费广告,Android,45+,女
U00524,2023-03-03,菲律宾,付费广告,Android,45+,男
U00525,2023-07-18,越南,自然搜索,Android,35-44,女
U00526,2024-08-07,越南,付费广告,iOS,18-24,女
U00527,2024-12-16,越南,KOL推荐,Android,18-24,女
U00528,2024-09-24,泰国,社交媒体,iOS,18-24,男
U00529,2023-04-13,菲律宾,社交媒体,Android,45+,男
U00530,2023-10-02,菲律宾,内容营销,Android,25-34,女
U00531,2024-07-14,马来西亚,自然搜索,Android,35-44,男
U00532,2023-06-26,马来西亚,社交媒体,iOS,25-34,女
U00533,2024-01-22,印尼,KOL推荐,iOS,35-44,女
U00534,2023-12-12,菲律宾,付费广告,iOS,18-24,女
U00535,2024-11-12,马来西亚,付费广告,Android,18-24,女
U00536,2023-11-14,菲律宾,自然搜索,Android,25-34,女
U00537,2023-04-13,泰国,内容营销,iOS,25-34,男
U00538,2023-08-24,越南,付费广告,Android,18-24,女
U00539,2024-11-03,泰国,内容营销,Android,35-44,女
U00540,2024-02-19,马来西亚,社交媒体,iOS,25-34,女
U00541,2024-06-11,印尼,社交媒体,Android,35-44,男
U00542,2024-01-23,泰国,KOL推荐,Android,18-24,男
U00543,2023-06-28,印尼,社交媒体,Android,35-44,男
U00544,2024-11-18,印尼,付费广告,Android,18-24,女
U00545,2024-08-01,越南,付费广告,Android,35-44,男
U00546,2023-02-07,泰国,KOL推荐,Android,25-34,女
U00547,2023-05-26,印尼,付费广告,iOS,35-44,女
U00548,2024-07-02,印尼,付费广告,Android,45+,男
U00549,2023-03-20,菲律宾,自然搜索,iOS,18-24,女
U00550,2023-10-10,印尼,内容营销,iOS,18-24,男
U00551,2024-09-08,菲律宾,自然搜索,iOS,35-44,女
U00552,2023-09-02,印尼,社交媒体,iOS,25-34,男
U00553,2023-03-16,印尼,付费广告,Android,18-24,男
U00554,2023-04-23,菲律宾,付费广告,Android,25-34,男
U00555,2023-06-13,越南,社交媒体,iOS,18-24,女
U00556,2023-06-10,泰国,自然搜索,Android,18-24,女
U00557,2024-11-17,泰国,社交媒体,Android,25-34,男
U00558,2023-08-09,菲律宾,KOL推荐,Android,35-44,男
U00559,2023-02-17,印尼,KOL推荐,Android,25-34,女
U00560,2024-08-11,印尼,自然搜索,iOS,25-34,男
U00561,2024-06-22,泰国,内容营销,Android,35-44,女
U00562,2023-03-09,泰国,社交媒体,Android,25-34,女
U00563,2023-08-07,泰国,内容营销,Android,35-44,女
U00564,2023-07-23,越南,付费广告,Android,35-44,女
U00565,2024-09-08,印尼,付费广告,Android,18-24,男
U00566,2024-08-05,越南,内容营销,Android,25-34,男
U00567,2023-03-19,越南,内容营销,Android,45+,男
U00568,2023-02-14,马来西亚,付费广告,Android,45+,男
U00569,2024-09-28,越南,付费广告,iOS,18-24,女
U00570,2023-02-10,印尼,付费广告,iOS,18-24,男
U00571,2024-08-10,菲律宾,付费广告,iOS,18-24,女
U00572,2024-05-02,越南,付费广告,Android,25-34,女
U00573,2023-01-18,印尼,付费广告,Android,25-34,男
U00574,2023-04-01,菲律宾,内容营销,iOS,25-34,男
U00575,2024-10-17,马来西亚,自然搜索,Android,35-44,男
U00576,2023-03-02,泰国,社交媒体,Android,25-34,男
U00577,2024-06-04,马来西亚,自然搜索,Android,35-44,女
U00578,2023-03-12,印尼,付费广告,iOS,18-24,女
U00579,2024-10-16,越南,自然搜索,Android,18-24,女
U00580,2023-11-10,越南,付费广告,Android,25-34,女
U00581,2024-07-10,马来西亚,KOL推荐,Android,18-24,男
U00582,2024-09-25,印尼,内容营销,Android,25-34,男
U00583,2023-03-24,越南,自然搜索,Android,35-44,女
U00584,2023-06-14,印尼,付费广告,iOS,18-24,男
U00585,2023-12-08,泰国,付费广告,Android,35-44,男
U00586,2023-02-09,泰国,内容营销,iOS,25-34,女
U00587,2024-02-01,泰国,KOL推荐,iOS,18-24,女
U00588,2023-03-20,泰国,付费广告,iOS,25-34,女
U00589,2023-06-27,泰国,社交媒体,iOS,35-44,男
U00590,2024-08-13,泰国,KOL推荐,iOS,25-34,女
U00591,2023-11-15,印尼,自然搜索,Android,25-34,男
U00592,2024-06-19,泰国,付费广告,Android,45+,女
U00593,2024-07-06,越南,内容营销,iOS,35-44,男
U00594,2024-03-21,菲律宾,社交媒体,Android,18-24,男
U00595,2024-02-05,印尼,付费广告,iOS,35-44,女
U00596,2023-11-20,印尼,付费广告,iOS,25-34,女
U00597,2024-01-13,泰国,付费广告,Android,35-44,女
U00598,2023-04-09,泰国,付费广告,Android,25-34,男
U00599,2024-11-13,泰国,社交媒体,Android,18-24,女
U00600,2023-08-20,泰国,付费广告,iOS,25-34,女
U00601,2023-11-19,越南,社交媒体,Android,25-34,女
U00602,2023-01-09,泰国,内容营销,Android,25-34,男
U00603,2023-02-04,泰国,自然搜索,Android,35-44,男
U00604,2023-04-28,泰国,付费广告,iOS,35-44,女
U00605,2023-01-28,越南,付费广告,Android,25-34,女
U00606,2024-06-14,泰国,社交媒体,Android,25-34,女
U00607,2024-01-08,越南,自然搜索,Android,25-34,男
U00608,2023-06-17,印尼,社交媒体,iOS,25-34,女
U00609,2024-11-11,印尼,内容营销,Android,45+,女
U00610,2024-03-07,泰国,付费广告,iOS,25-34,男
U00611,2024-10-27,菲律宾,内容营销,Android,18-24,女
U00612,2023-08-11,印尼,内容营销,iOS,25-34,男
U00613,2024-09-02,泰国,自然搜索,iOS,25-34,男
U00614,2024-08-11,菲律宾,自然搜索,Android,25-34,女
U00615,2024-02-24,马来西亚,内容营销,iOS,25-34,女
U00616,2024-01-08,泰国,内容营销,iOS,18-24,女
U00617,2023-12-21,越南,自然搜索,iOS,18-24,男
U00618,2024-10-09,菲律宾,自然搜索,iOS,25-34,男
U00619,2023-10-11,印尼,自然搜索,Android,25-34,女
U00620,2023-11-16,泰国,内容营销,Android,18-24,男
U00621,2024-06-21,泰国,自然搜索,Android,35-44,女
U00622,2023-09-03,越南,付费广告,iOS,25-34,男
U00623,2024-10-04,印尼,KOL推荐,Android,45+,女
U00624,2024-08-19,印尼,自然搜索,Android,18-24,女
U00625,2023-10-13,越南,社交媒体,Android,18-24,男
U00626,2023-01-12,越南,付费广告,Android,25-34,女
U00627,2023-11-24,印尼,内容营销,Android,18-24,男
U00628,2023-05-02,泰国,付费广告,Android,45+,男
U00629,2024-05-17,越南,社交媒体,iOS,18-24,女
U00630,2024-08-15,印尼,社交媒体,iOS,25-34,女
U00631,2023-04-22,菲律宾,自然搜索,Android,45+,男
U00632,2023-11-23,印尼,自然搜索,Android,25-34,女
U00633,2023-01-10,印尼,付费广告,iOS,18-24,男
U00634,2024-06-15,泰国,付费广告,iOS,25-34,男
U00635,2024-07-25,越南,KOL推荐,Android,25-34,女
U00636,2023-04-06,印尼,KOL推荐,Android,18-24,女
U00637,2023-02-13,泰国,付费广告,iOS,25-34,女
U00638,2023-02-13,越南,社交媒体,iOS,35-44,女
U00639,2024-03-18,越南,社交媒体,Android,35-44,女
U00640,2023-11-05,泰国,KOL推荐,Android,18-24,女
U00641,2024-02-22,越南,付费广告,iOS,18-24,男
U00642,2024-04-14,泰国,付费广告,Android,18-24,女
U00643,2023-09-06,越南,付费广告,Android,25-34,女
U00644,2023-09-05,泰国,付费广告,Android,25-34,女
U00645,2023-11-12,菲律宾,付费广告,Android,35-44,女
U00646,2024-05-06,印尼,付费广告,Android,35-44,男
U00647,2024-08-25,印尼,自然搜索,iOS,18-24,男
U00648,2023-06-15,菲律宾,社交媒体,iOS,25-34,女
U00649,2024-05-22,印尼,自然搜索,iOS,18-24,男
U00650,2023-03-19,泰国,自然搜索,iOS,18-24,女
U00651,2024-11-02,印尼,付费广告,iOS,18-24,女
U00652,2023-09-09,印尼,自然搜索,iOS,18-24,女
U00653,2023-07-25,印尼,社交媒体,Android,25-34,女
U00654,2024-04-27,越南,付费广告,Android,25-34,男
U00655,2023-06-09,泰国,付费广告,Android,18-24,女
U00656,2024-01-02,越南,付费广告,Android,45+,女
U00657,2024-02-05,越南,自然搜索,iOS,25-34,男
U00658,2023-11-15,印尼,自然搜索,iOS,18-24,男
U00659,2023-06-28,印尼,内容营销,iOS,18-24,男
U00660,2023-06-16,越南,付费广告,Android,25-34,女
U00661,2024-08-04,马来西亚,付费广告,iOS,45+,男
U00662,2023-05-06,印尼,自然搜索,Android,25-34,男
U00663,2024-01-14,泰国,付费广告,Android,45+,男
U00664,2024-12-28,泰国,社交媒体,iOS,25-34,女
U00665,2024-01-10,泰国,社交媒体,iOS,25-34,女
U00666,2024-05-24,泰国,社交媒体,Android,25-34,女
U00667,2024-06-27,泰国,自然搜索,Android,35-44,女
U00668,2023-07-04,泰国,付费广告,Android,25-34,男
U00669,2024-12-22,越南,KOL推荐,iOS,35-44,女
U00670,2024-09-16,泰国,内容营销,Android,18-24,男
U00671,2023-10-26,菲律宾,自然搜索,iOS,25-34,女
U00672,2024-09-20,泰国,付费广告,Android,25-34,女
U00673,2024-07-03,印尼,自然搜索,Android,25-34,男
U00674,2024-07-23,越南,自然搜索,Android,18-24,男
U00675,2024-12-13,马来西亚,付费广告,iOS,25-34,女
U00676,2023-08-18,泰国,自然搜索,Android,25-34,男
U00677,2024-07-18,越南,社交媒体,iOS,35-44,男
U00678,2024-10-27,马来西亚,付费广告,iOS,35-44,女
U00679,2024-07-22,菲律宾,自然搜索,iOS,35-44,女
U00680,2023-04-13,菲律宾,自然搜索,Android,25-34,女
U00681,2023-12-15,越南,KOL推荐,Android,45+,女
U00682,2024-03-10,泰国,自然搜索,iOS,35-44,男
U00683,2024-10-19,印尼,社交媒体,Android,18-24,男
U00684,2024-09-08,马来西亚,付费广告,iOS,18-24,女
U00685,2024-07-25,印尼,社交媒体,iOS,25-34,女
U00686,2023-09-07,印尼,付费广告,iOS,25-34,男
U00687,2023-08-09,越南,自然搜索,Android,35-44,男
U00688,2024-05-15,菲律宾,自然搜索,Android,35-44,男
U00689,2024-04-07,泰国,自然搜索,Android,35-44,女
U00690,2023-10-19,越南,付费广告,Android,18-24,男
U00691,2023-06-25,越南,社交媒体,iOS,25-34,女
U00692,2023-12-15,印尼,付费广告,Android,18-24,女
U00693,2023-10-27,泰国,自然搜索,iOS,18-24,女
U00694,2024-12-18,泰国,付费广告,Android,35-44,女
U00695,2023-04-11,印尼,社交媒体,Android,18-24,男
U00696,2023-05-13,越南,内容营销,Android,35-44,男
U00697,2023-10-22,印尼,社交媒体,Android,25-34,女
U00698,2023-07-11,泰国,付费广告,Android,35-44,男
U00699,2023-04-04,印尼,社交媒体,iOS,18-24,男
U00700,2023-05-25,印尼,内容营销,Android,35-44,女
U00701,2023-09-01,泰国,KOL推荐,iOS,45+,女
U00702,2024-04-05,越南,付费广告,iOS,35-44,女
U00703,2023-05-07,泰国,自然搜索,Android,35-44,男
U00704,2023-08-19,泰国,付费广告,Android,35-44,男
U00705,2023-01-18,马来西亚,付费广告,iOS,25-34,女
U00706,2024-10-11,越南,社交媒体,Android,35-44,女
U00707,2024-10-27,菲律宾,付费广告,Android,35-44,女
U00708,2024-04-21,越南,自然搜索,Android,25-34,男
U00709,2023-11-21,印尼,社交媒体,Android,35-44,男
U00710,2023-09-27,菲律宾,KOL推荐,Android,25-34,女
U00711,2023-07-22,印尼,付费广告,iOS,18-24,男
U00712,2024-03-11,印尼,社交媒体,Android,25-34,男
U00713,2024-11-19,越南,付费广告,Android,18-24,男
U00714,2023-07-16,越南,内容营销,Android,25-34,女
U00715,2023-03-16,马来西亚,KOL推荐,Android,18-24,男
U00716,2023-08-26,菲律宾,付费广告,iOS,25-34,男
U00717,2023-10-09,马来西亚,社交媒体,iOS,35-44,女
U00718,2023-03-07,泰国,内容营销,iOS,25-34,男
U00719,2023-08-03,印尼,付费广告,iOS,18-24,女
U00720,2024-04-22,马来西亚,付费广告,iOS,25-34,女
U00721,2024-02-07,泰国,KOL推荐,iOS,18-24,女
U00722,2023-04-06,泰国,自然搜索,Android,25-34,男
U00723,2023-07-12,印尼,付费广告,Android,25-34,女
U00724,2023-07-27,印尼,内容营销,Android,45+,男
U00725,2023-01-18,菲律宾,社交媒体,Android,18-24,男
U00726,2023-11-11,泰国,付费广告,iOS,35-44,女
U00727,2024-05-25,菲律宾,自然搜索,iOS,35-44,女
U00728,2023-12-23,泰国,付费广告,Android,45+,男
U00729,2024-11-19,泰国,付费广告,Android,18-24,男
U00730,2024-09-18,泰国,自然搜索,Android,25-34,男
U00731,2024-09-24,菲律宾,社交媒体,iOS,18-24,女
U00732,2024-01-10,印尼,付费广告,iOS,25-34,女
U00733,2024-07-04,印尼,付费广告,Android,18-24,女
U00734,2024-12-15,越南,付费广告,Android,35-44,女
U00735,2024-06-01,菲律宾,内容营销,Android,18-24,女
U00736,2024-07-02,越南,付费广告,Android,25-34,男
U00737,2023-10-18,菲律宾,自然搜索,Android,25-34,男
U00738,2023-04-22,越南,自然搜索,Android,45+,女
U00739,2023-10-26,越南,社交媒体,Android,35-44,男
U00740,2024-09-04,越南,社交媒体,Android,18-24,女
U00741,2024-12-27,越南,付费广告,Android,18-24,男
U00742,2024-09-18,印尼,付费广告,Android,18-24,女
U00743,2024-08-23,印尼,自然搜索,Android,35-44,男
U00744,2023-04-15,泰国,付费广告,iOS,35-44,男
U00745,2024-10-18,菲律宾,付费广告,Android,25-34,女
U00746,2023-09-20,越南,自然搜索,Android,18-24,男
U00747,2024-05-03,印尼,自然搜索,iOS,35-44,女
U00748,2024-01-07,马来西亚,自然搜索,Android,25-34,男
U00749,2024-02-26,印尼,自然搜索,iOS,45+,女
U00750,2023-06-14,泰国,社交媒体,Android,25-34,男
U00751,2024-02-14,马来西亚,自然搜索,Android,25-34,女
U00752,2024-08-18,印尼,付费广告,iOS,25-34,女
U00753,2023-09-12,越南,自然搜索,Android,18-24,女
U00754,2024-02-24,泰国,内容营销,Android,35-44,女
U00755,2024-11-16,菲律宾,内容营销,Android,35-44,男
U00756,2023-02-16,印尼,自然搜索,iOS,18-24,女
U00757,2024-06-24,印尼,付费广告,Android,18-24,女
U00758,2023-09-25,菲律宾,自然搜索,Android,18-24,女
U00759,2023-08-01,菲律宾,付费广告,Android,45+,女
U00760,2023-05-07,泰国,自然搜索,iOS,18-24,男
U00761,2023-10-22,越南,社交媒体,Android,25-34,女
U00762,2023-11-12,泰国,付费广告,iOS,18-24,男
U00763,2023-01-26,印尼,内容营销,Android,25-34,女
U00764,2023-06-04,泰国,自然搜索,Android,35-44,男
U00765,2023-03-04,印尼,KOL推荐,iOS,35-44,男
U00766,2024-12-27,菲律宾,KOL推荐,Android,18-24,女
U00767,2023-06-25,菲律宾,自然搜索,iOS,35-44,女
U00768,2023-05-27,越南,付费广告,Android,25-34,女
U00769,2023-09-04,菲律宾,自然搜索,Android,45+,女
U00770,2024-02-15,泰国,付费广告,Android,18-24,女
U00771,2023-04-22,菲律宾,付费广告,Android,18-24,女
U00772,2024-02-10,泰国,社交媒体,Android,25-34,男
U00773,2023-07-18,越南,付费广告,Android,18-24,女
U00774,2024-08-15,菲律宾,内容营销,Android,18-24,女
U00775,2023-08-09,泰国,自然搜索,iOS,35-44,女
U00776,2023-05-06,泰国,内容营销,Android,35-44,女
U00777,2023-12-07,印尼,自然搜索,Android,25-34,女
U00778,2023-07-15,印尼,KOL推荐,iOS,35-44,男
U00779,2024-07-13,印尼,付费广告,iOS,25-34,女
U00780,2024-06-10,印尼,自然搜索,iOS,25-34,女
U00781,2023-08-25,印尼,内容营销,iOS,25-34,女
U00782,2023-11-08,越南,付费广告,iOS,35-44,男
U00783,2023-08-15,越南,社交媒体,Android,18-24,女
U00784,2023-02-27,泰国,社交媒体,Android,18-24,女
U00785,2024-08-22,马来西亚,付费广告,Android,25-34,女
U00786,2024-12-13,印尼,付费广告,iOS,25-34,女
U00787,2024-06-12,越南,社交媒体,Android,35-44,男
U00788,2023-08-17,越南,自然搜索,Android,25-34,女
U00789,2023-06-16,马来西亚,社交媒体,Android,18-24,女
U00790,2024-12-24,泰国,内容营销,Android,18-24,男
U00791,2024-11-23,印尼,自然搜索,iOS,18-24,男
U00792,2024-02-27,印尼,自然搜索,Android,35-44,男
U00793,2023-10-27,印尼,社交媒体,Android,25-34,女
U00794,2023-02-13,泰国,付费广告,iOS,35-44,女
U00795,2023-01-28,菲律宾,付费广告,iOS,25-34,女
U00796,2024-06-14,马来西亚,自然搜索,iOS,35-44,女
U00797,2023-03-15,印尼,付费广告,iOS,45+,女
U00798,2023-09-26,印尼,自然搜索,iOS,35-44,女
U00799,2024-01-23,马来西亚,付费广告,Android,35-44,男
U00800,2023-05-05,印尼,KOL推荐,Android,25-34,男
U00801,2024-10-02,泰国,付费广告,Android,45+,女
U00802,2023-01-27,印尼,付费广告,Android,35-44,男
U00803,2024-05-19,印尼,内容营销,Android,45+,男
U00804,2024-05-09,越南,社交媒体,Android,25-34,男
U00805,2023-10-15,印尼,KOL推荐,Android,35-44,男
U00806,2024-01-21,马来西亚,付费广告,iOS,25-34,男
U00807,2024-09-17,马来西亚,KOL推荐,Android,18-24,女
U00808,2024-11-07,越南,自然搜索,Android,25-34,男
U00809,2023-04-03,泰国,自然搜索,iOS,35-44,男
U00810,2023-01-07,马来西亚,自然搜索,Android,18-24,男
U00811,2023-05-26,菲律宾,付费广告,Android,25-34,女
U00812,2024-05-17,泰国,KOL推荐,Android,25-34,女
U00813,2024-03-03,马来西亚,付费广告,iOS,25-34,女
U00814,2023-03-02,菲律宾,社交媒体,Android,35-44,女
U00815,2023-08-13,印尼,社交媒体,iOS,35-44,男
U00816,2024-12-06,印尼,社交媒体,iOS,25-34,男
U00817,2023-05-13,越南,付费广告,iOS,18-24,男
U00818,2024-10-01,泰国,社交媒体,Android,25-34,女
U00819,2024-06-07,越南,付费广告,Android,25-34,女
U00820,2024-05-08,菲律宾,自然搜索,iOS,25-34,男
U00821,2024-07-16,泰国,内容营销,Android,18-24,男
U00822,2024-02-20,越南,自然搜索,iOS,25-34,女
U00823,2024-11-10,越南,自然搜索,iOS,25-34,男
U00824,2024-11-02,印尼,内容营销,Android,35-44,女
U00825,2024-09-24,马来西亚,付费广告,iOS,25-34,女
U00826,2024-04-25,越南,社交媒体,Android,25-34,女
U00827,2024-01-05,越南,付费广告,iOS,18-24,女
U00828,2024-06-20,印尼,付费广告,iOS,45+,男
U00829,2023-11-05,越南,付费广告,Android,25-34,女
U00830,2024-10-28,泰国,付费广告,Android,18-24,女
U00831,2024-10-13,越南,付费广告,iOS,25-34,男
U00832,2023-01-06,泰国,社交媒体,Android,35-44,女
U00833,2023-11-10,泰国,付费广告,Android,35-44,女
U00834,2023-01-16,印尼,内容营销,Android,35-44,男
U00835,2024-01-21,越南,自然搜索,iOS,18-24,女
U00836,2024-04-15,马来西亚,付费广告,Android,35-44,男
U00837,2023-07-14,越南,社交媒体,Android,35-44,女
U00838,2024-12-11,印尼,内容营销,iOS,25-34,男
U00839,2024-01-05,印尼,自然搜索,Android,35-44,女
U00840,2024-06-03,泰国,社交媒体,Android,18-24,男
U00841,2023-12-07,印尼,内容营销,Android,18-24,男
U00842,2024-08-15,泰国,自然搜索,Android,35-44,女
U00843,2023-01-19,马来西亚,内容营销,Android,25-34,女
U00844,2023-10-14,泰国,自然搜索,Android,18-24,女
U00845,2024-03-02,越南,社交媒体,Android,25-34,女
U00846,2024-05-25,泰国,内容营销,Android,35-44,女
U00847,2023-10-05,马来西亚,社交媒体,Android,18-24,女
U00848,2023-06-06,印尼,付费广告,iOS,18-24,男
U00849,2023-06-25,印尼,自然搜索,iOS,18-24,男
U00850,2024-02-13,泰国,内容营销,Android,45+,男
U00851,2024-01-25,印尼,付费广告,iOS,45+,男
U00852,2023-10-16,泰国,自然搜索,Android,25-34,男
U00853,2023-07-03,菲律宾,社交媒体,Android,25-34,女
U00854,2024-03-23,泰国,付费广告,Android,25-34,女
U00855,2023-05-25,泰国,自然搜索,Android,18-24,女
U00856,2023-08-26,泰国,自然搜索,Android,35-44,女
U00857,2024-10-05,印尼,自然搜索,iOS,18-24,男
U00858,2023-02-27,印尼,社交媒体,Android,25-34,男
U00859,2024-07-11,泰国,社交媒体,iOS,25-34,女
U00860,2023-11-03,菲律宾,付费广告,iOS,18-24,女
U00861,2024-01-20,越南,KOL推荐,iOS,25-34,女
U00862,2024-07-23,印尼,内容营销,iOS,25-34,女
U00863,2024-03-06,越南,社交媒体,iOS,35-44,男
U00864,2024-01-24,越南,自然搜索,iOS,18-24,男
U00865,2024-06-18,印尼,社交媒体,Android,18-24,男
U00866,2023-01-21,泰国,付费广告,Android,25-34,男
U00867,2024-11-25,泰国,社交媒体,iOS,45+,女
U00868,2024-09-27,菲律宾,社交媒体,iOS,18-24,男
U00869,2023-11-16,马来西亚,付费广告,Android,45+,女
U00870,2023-01-19,越南,内容营销,Android,35-44,男
U00871,2023-08-19,越南,自然搜索,Android,35-44,女
U00872,2024-11-16,印尼,社交媒体,iOS,18-24,女
U00873,2023-03-02,越南,自然搜索,Android,25-34,女
U00874,2023-12-10,泰国,内容营销,Android,18-24,男
U00875,2024-10-02,泰国,自然搜索,Android,25-34,女
U00876,2024-09-05,印尼,自然搜索,iOS,45+,女
U00877,2023-05-06,印尼,付费广告,iOS,18-24,男
U00878,2023-03-10,泰国,付费广告,iOS,25-34,男
U00879,2023-05-24,泰国,自然搜索,iOS,18-24,男
U00880,2024-08-05,泰国,社交媒体,Android,35-44,男
U00881,2024-03-17,印尼,付费广告,Android,18-24,男
U00882,2024-05-24,泰国,自然搜索,Android,18-24,女
U00883,2024-06-26,泰国,付费广告,Android,25-34,男
U00884,2023-10-23,菲律宾,KOL推荐,Android,35-44,女
U00885,2023-07-11,泰国,社交媒体,iOS,18-24,女
U00886,2024-02-09,印尼,社交媒体,Android,18-24,女
U00887,2024-05-02,泰国,社交媒体,Android,18-24,男
U00888,2024-05-17,泰国,付费广告,iOS,45+,女
U00889,2024-08-24,泰国,自然搜索,iOS,25-34,男
U00890,2023-10-24,印尼,付费广告,Android,35-44,男
U00891,2023-12-12,菲律宾,KOL推荐,Android,35-44,男
U00892,2024-03-09,菲律宾,内容营销,iOS,18-24,女
U00893,2024-06-16,越南,付费广告,Android,25-34,女
U00894,2023-07-28,印尼,自然搜索,Android,18-24,男
U00895,2024-02-04,泰国,自然搜索,Android,25-34,女
U00896,2023-03-12,越南,付费广告,iOS,25-34,男
U00897,2024-04-04,菲律宾,社交媒体,iOS,25-34,女
U00898,2023-04-03,泰国,自然搜索,Android,18-24,女
U00899,2023-09-24,泰国,内容营销,Android,18-24,男
U00900,2024-02-12,泰国,付费广告,iOS,35-44,男
U00901,2023-10-14,泰国,内容营销,iOS,35-44,女
U00902,2023-12-12,泰国,KOL推荐,iOS,18-24,女
U00903,2023-02-19,印尼,KOL推荐,iOS,18-24,男
U00904,2024-01-10,越南,社交媒体,Android,35-44,女
U00905,2024-11-21,菲律宾,社交媒体,Android,35-44,男
U00906,2023-01-01,菲律宾,社交媒体,iOS,45+,女
U00907,2023-08-06,越南,社交媒体,iOS,18-24,男
U00908,2024-08-03,越南,社交媒体,Android,25-34,女
U00909,2024-01-25,越南,内容营销,iOS,18-24,女
U00910,2023-12-20,印尼,社交媒体,Android,25-34,女
U00911,2024-04-11,越南,KOL推荐,Android,18-24,女
U00912,2024-12-04,印尼,内容营销,Android,18-24,女
U00913,2023-08-07,越南,自然搜索,iOS,18-24,男
U00914,2024-04-12,印尼,自然搜索,iOS,35-44,男
U00915,2023-06-23,越南,付费广告,Android,25-34,男
U00916,2023-06-11,越南,付费广告,Android,25-34,男
U00917,2023-12-16,马来西亚,KOL推荐,iOS,35-44,女
U00918,2024-10-16,菲律宾,付费广告,Android,35-44,男
U00919,2024-11-16,泰国,社交媒体,Android,25-34,男
U00920,2023-04-12,菲律宾,付费广告,Android,45+,女
U00921,2023-05-09,印尼,自然搜索,iOS,25-34,女
U00922,2024-06-09,菲律宾,社交媒体,Android,18-24,女
U00923,2024-04-21,菲律宾,KOL推荐,Android,45+,男
U00924,2023-01-27,越南,自然搜索,iOS,18-24,男
U00925,2024-11-05,泰国,社交媒体,Android,25-34,女
U00926,2024-07-03,越南,社交媒体,iOS,25-34,女
U00927,2023-01-23,印尼,自然搜索,iOS,25-34,男
U00928,2024-02-18,印尼,自然搜索,iOS,25-34,女
U00929,2023-08-14,越南,内容营销,Android,18-24,女
U00930,2024-08-20,泰国,付费广告,Android,25-34,女
U00931,2024-01-27,菲律宾,自然搜索,iOS,35-44,男
U00932,2024-09-16,马来西亚,自然搜索,iOS,18-24,女
U00933,2023-09-07,印尼,社交媒体,iOS,25-34,女
U00934,2023-03-20,泰国,社交媒体,iOS,18-24,女
U00935,2023-01-24,越南,社交媒体,Android,35-44,女
U00936,2023-08-14,泰国,自然搜索,iOS,35-44,女
U00937,2024-01-07,马来西亚,内容营销,iOS,35-44,女
U00938,2024-01-22,泰国,付费广告,Android,18-24,女
U00939,2023-07-26,印尼,付费广告,Android,18-24,女
U00940,2024-08-20,越南,付费广告,Android,18-24,女
U00941,2023-05-04,印尼,付费广告,iOS,18-24,女
U00942,2023-04-25,印尼,内容营销,iOS,25-34,女
U00943,2023-06-14,菲律宾,内容营销,Android,45+,女
U00944,2023-03-03,泰国,付费广告,iOS,25-34,男
U00945,2024-12-03,泰国,内容营销,iOS,45+,女
U00946,2023-04-22,泰国,KOL推荐,Android,18-24,女
U00947,2023-09-22,马来西亚,内容营销,Android,45+,女
U00948,2024-04-19,菲律宾,自然搜索,iOS,18-24,女
U00949,2024-04-12,印尼,社交媒体,iOS,45+,男
U00950,2023-06-20,印尼,付费广告,Android,18-24,男
U00951,2024-09-21,印尼,KOL推荐,iOS,45+,女
U00952,2023-03-21,泰国,自然搜索,Android,18-24,女
U00953,2023-05-07,马来西亚,社交媒体,Android,25-34,男
U00954,2023-05-09,越南,付费广告,Android,25-34,女
U00955,2024-03-21,越南,付费广告,Android,25-34,女
U00956,2024-08-06,印尼,社交媒体,iOS,35-44,女
U00957,2023-08-20,泰国,内容营销,iOS,45+,女
U00958,2023-05-26,泰国,社交媒体,Android,25-34,男
U00959,2024-05-10,印尼,内容营销,Android,35-44,女
U00960,2023-01-16,泰国,付费广告,Android,18-24,女
U00961,2024-12-23,印尼,付费广告,Android,25-34,女
U00962,2024-09-25,泰国,付费广告,Android,25-34,女
U00963,2023-01-03,越南,自然搜索,Android,35-44,男
U00964,2023-06-17,越南,社交媒体,Android,25-34,女
U00965,2024-10-02,越南,社交媒体,Android,35-44,女
U00966,2023-05-11,印尼,社交媒体,Android,18-24,女
U00967,2023-10-15,越南,社交媒体,iOS,18-24,女
U00968,2024-06-17,印尼,社交媒体,Android,25-34,女
U00969,2024-02-28,印尼,自然搜索,Android,25-34,女
U00970,2024-01-20,印尼,自然搜索,iOS,18-24,女
U00971,2023-02-25,马来西亚,社交媒体,Android,18-24,女
U00972,2023-12-27,印尼,付费广告,Android,35-44,男
U00973,2023-11-19,泰国,自然搜索,Android,18-24,男
U00974,2023-12-25,泰国,付费广告,iOS,35-44,女
U00975,2023-04-10,越南,社交媒体,Android,18-24,女
U00976,2023-12-07,印尼,付费广告,iOS,18-24,男
U00977,2024-11-06,泰国,社交媒体,Android,25-34,女
U00978,2023-08-27,印尼,社交媒体,iOS,25-34,女
U00979,2023-11-06,印尼,付费广告,Android,25-34,女
U00980,2024-09-27,越南,KOL推荐,Android,25-34,男
U00981,2023-03-21,菲律宾,社交媒体,iOS,18-24,男
U00982,2024-08-19,泰国,社交媒体,Android,35-44,女
U00983,2023-01-24,泰国,社交媒体,Android,25-34,男
U00984,2023-04-28,印尼,自然搜索,iOS,25-34,女
U00985,2024-07-28,印尼,社交媒体,iOS,35-44,女
U00986,2024-08-17,印尼,付费广告,iOS,35-44,女
U00987,2024-10-19,越南,内容营销,iOS,25-34,女
U00988,2024-12-27,泰国,KOL推荐,Android,35-44,男
U00989,2024-02-10,菲律宾,社交媒体,Android,45+,男
U00990,2024-09-09,菲律宾,付费广告,iOS,25-34,女
U00991,2024-04-15,印尼,自然搜索,Android,18-24,女
U00992,2024-04-18,越南,付费广告,Android,45+,男
U00993,2024-09-23,印尼,付费广告,iOS,18-24,男
U00994,2024-11-10,越南,付费广告,iOS,18-24,男
U00995,2023-03-07,泰国,付费广告,iOS,25-34,女
U00996,2023-07-20,马来西亚,自然搜索,Android,35-44,男
U00997,2023-11-23,泰国,内容营销,Android,45+,男
U00998,2024-12-03,马来西亚,自然搜索,Android,25-34,女
U00999,2024-06-25,越南,内容营销,iOS,45+,男
U01000,2023-12-23,泰国,内容营销,Android,18-24,女
U01001,2024-05-26,印尼,付费广告,Android,18-24,男
U01002,2023-09-05,菲律宾,社交媒体,Android,25-34,女
U01003,2024-06-23,印尼,付费广告,iOS,45+,男
U01004,2023-09-13,菲律宾,社交媒体,Android,25-34,男
U01005,2023-03-04,印尼,付费广告,Android,18-24,女
U01006,2024-06-20,印尼,付费广告,iOS,18-24,男
U01007,2024-09-15,菲律宾,社交媒体,iOS,18-24,女
U01008,2024-08-23,泰国,付费广告,Android,25-34,男
U01009,2023-06-09,印尼,社交媒体,Android,18-24,男
U01010,2023-11-13,泰国,付费广告,Android,45+,女
U01011,2023-04-27,马来西亚,付费广告,Android,25-34,女
U01012,2024-03-25,马来西亚,自然搜索,Android,35-44,女
U01013,2024-05-12,泰国,自然搜索,iOS,18-24,女
U01014,2023-06-07,印尼,付费广告,iOS,18-24,女
U01015,2024-05-11,马来西亚,自然搜索,Android,25-34,男
U01016,2023-12-28,泰国,自然搜索,iOS,35-44,女
U01017,2024-01-01,印尼,KOL推荐,iOS,25-34,男
U01018,2024-06-22,马来西亚,自然搜索,Android,35-44,男
U01019,2024-07-11,泰国,社交媒体,Android,35-44,男
U01020,2024-10-18,印尼,付费广告,iOS,18-24,女
U01021,2023-10-06,越南,内容营销,iOS,18-24,男
U01022,2024-11-22,马来西亚,付费广告,Android,35-44,女
U01023,2023-02-05,马来西亚,付费广告,iOS,25-34,男
U01024,2023-10-15,马来西亚,付费广告,Android,18-24,男
U01025,2024-02-06,印尼,付费广告,iOS,25-34,女
U01026,2024-02-24,菲律宾,社交媒体,Android,25-34,女
U01027,2024-09-14,菲律宾,自然搜索,Android,45+,女
U01028,2023-12-23,越南,内容营销,Android,18-24,男
U01029,2023-04-26,菲律宾,付费广告,iOS,18-24,女
U01030,2023-12-21,泰国,付费广告,Android,25-34,男
U01031,2024-05-19,印尼,社交媒体,iOS,35-44,女
U01032,2024-04-18,泰国,付费广告,iOS,25-34,女
U01033,2023-06-09,泰国,KOL推荐,Android,45+,女
U01034,2024-07-12,泰国,付费广告,Android,35-44,女
U01035,2023-11-28,印尼,社交媒体,Android,25-34,女
U01036,2024-04-02,越南,自然搜索,iOS,18-24,男
U01037,2024-06-06,印尼,KOL推荐,iOS,25-34,男
U01038,2024-10-05,泰国,社交媒体,Android,35-44,男
U01039,2023-09-13,越南,自然搜索,Android,35-44,男
U01040,2023-07-23,印尼,自然搜索,Android,45+,女
U01041,2023-01-10,菲律宾,付费广告,Android,25-34,男
U01042,2024-06-12,越南,内容营销,iOS,25-34,女
U01043,2023-03-05,印尼,付费广告,Android,18-24,女
U01044,2024-02-27,菲律宾,付费广告,iOS,18-24,女
U01045,2024-03-12,印尼,自然搜索,Android,18-24,女
U01046,2023-04-24,泰国,付费广告,Android,18-24,女
U01047,2024-04-11,泰国,社交媒体,Android,25-34,男
U01048,2023-04-06,菲律宾,内容营销,Android,25-34,女
U01049,2024-04-02,泰国,付费广告,iOS,25-34,男
U01050,2024-01-08,菲律宾,KOL推荐,Android,25-34,女
U01051,2023-12-21,印尼,付费广告,iOS,25-34,男
U01052,2023-06-03,马来西亚,自然搜索,iOS,25-34,男
U01053,2024-03-08,菲律宾,付费广告,iOS,18-24,女
U01054,2023-02-16,马来西亚,社交媒体,Android,45+,女
U01055,2024-01-01,越南,内容营销,iOS,18-24,女
U01056,2023-11-28,菲律宾,内容营销,Android,45+,男
U01057,2023-01-08,越南,自然搜索,Android,25-34,男
U01058,2023-02-13,印尼,自然搜索,Android,25-34,男
U01059,2024-09-02,印尼,自然搜索,iOS,18-24,女
U01060,2023-04-25,菲律宾,内容营销,iOS,18-24,女
U01061,2023-02-13,马来西亚,内容营销,Android,25-34,男
U01062,2023-04-26,菲律宾,KOL推荐,Android,35-44,女
U01063,2024-09-26,越南,付费广告,iOS,18-24,男
U01064,2024-03-26,越南,付费广告,Android,25-34,女
U01065,2024-09-12,印尼,付费广告,Android,18-24,男
U01066,2023-12-05,泰国,付费广告,Android,25-34,女
U01067,2023-10-26,泰国,付费广告,Android,45+,女
U01068,2023-02-08,越南,自然搜索,Android,35-44,男
U01069,2023-05-22,越南,自然搜索,Android,25-34,男
U01070,2023-08-24,越南,内容营销,iOS,18-24,男
U01071,2024-01-13,泰国,KOL推荐,Android,18-24,男
U01072,2024-11-15,泰国,付费广告,Android,45+,女
U01073,2024-03-24,泰国,付费广告,iOS,18-24,男
U01074,2023-11-23,马来西亚,付费广告,Android,35-44,男
U01075,2023-10-06,越南,社交媒体,iOS,25-34,男
U01076,2023-05-05,越南,KOL推荐,iOS,45+,男
U01077,2023-08-01,印尼,KOL推荐,iOS,25-34,男
U01078,2023-02-17,泰国,社交媒体,Android,25-34,男
U01079,2023-07-25,马来西亚,自然搜索,Android,25-34,女
U01080,2024-11-09,菲律宾,付费广告,Android,45+,女
U01081,2023-04-07,泰国,付费广告,Android,45+,女
U01082,2023-10-16,越南,付费广告,iOS,35-44,男
U01083,2023-10-07,菲律宾,KOL推荐,Android,35-44,男
U01084,2023-02-02,马来西亚,付费广告,Android,25-34,男
U01085,2023-08-14,越南,自然搜索,Android,35-44,女
U01086,2024-06-01,印尼,付费广告,Android,35-44,女
U01087,2024-05-17,泰国,内容营销,iOS,25-34,男
U01088,2024-10-05,马来西亚,自然搜索,Android,25-34,女
U01089,2024-04-07,泰国,社交媒体,Android,25-34,女
U01090,2024-03-19,马来西亚,付费广告,iOS,25-34,女
U01091,2024-09-02,印尼,自然搜索,Android,35-44,男
U01092,2024-04-25,印尼,付费广告,Android,25-34,男
U01093,2023-09-20,印尼,社交媒体,iOS,18-24,男
U01094,2024-06-10,泰国,付费广告,Android,25-34,男
U01095,2024-12-20,泰国,内容营销,Android,18-24,女
U01096,2024-09-04,泰国,付费广告,Android,25-34,男
U01097,2023-02-14,泰国,自然搜索,iOS,45+,女
U01098,2024-10-01,菲律宾,内容营销,iOS,25-34,男
U01099,2023-08-11,越南,付费广告,iOS,35-44,男
U01100,2023-01-05,泰国,社交媒体,Android,18-24,男
U01101,2024-01-17,马来西亚,KOL推荐,Android,45+,男
U01102,2023-10-23,菲律宾,付费广告,Android,25-34,女
U01103,2023-07-13,马来西亚,社交媒体,iOS,18-24,女
U01104,2024-09-04,马来西亚,自然搜索,iOS,25-34,女
U01105,2024-09-13,泰国,付费广告,Android,45+,女
U01106,2023-01-25,越南,自然搜索,Android,18-24,男
U01107,2023-11-28,菲律宾,KOL推荐,Android,25-34,女
U01108,2024-09-09,印尼,自然搜索,Android,45+,男
U01109,2024-01-11,泰国,社交媒体,Android,18-24,女
U01110,2023-08-28,菲律宾,内容营销,Android,25-34,女
U01111,2023-07-27,泰国,付费广告,Android,25-34,男
U01112,2024-10-25,泰国,付费广告,iOS,25-34,女
U01113,2024-08-15,印尼,付费广告,Android,25-34,女
U01114,2024-03-21,印尼,付费广告,Android,18-24,男
U01115,2023-12-17,印尼,付费广告,iOS,35-44,男
U01116,2024-11-06,泰国,社交媒体,iOS,18-24,男
U01117,2024-01-16,菲律宾,内容营销,iOS,25-34,女
U01118,2024-11-01,越南,内容营销,Android,25-34,男
U01119,2024-01-07,泰国,内容营销,iOS,25-34,女
U01120,2024-01-07,菲律宾,内容营销,iOS,25-34,女
U01121,2023-08-18,马来西亚,付费广告,Android,35-44,女
U01122,2024-05-16,菲律宾,社交媒体,iOS,45+,男
U01123,2024-05-08,菲律宾,内容营销,Android,35-44,女
U01124,2023-07-25,印尼,付费广告,Android,25-34,男
U01125,2024-06-04,印尼,内容营销,Android,35-44,女
U01126,2024-12-22,泰国,付费广告,iOS,45+,女
U01127,2023-02-16,越南,社交媒体,iOS,25-34,女
U01128,2024-06-23,越南,社交媒体,iOS,18-24,女
U01129,2023-08-14,越南,内容营销,Android,18-24,女
U01130,2024-06-19,印尼,自然搜索,Android,25-34,男
U01131,2024-12-04,印尼,社交媒体,iOS,45+,女
U01132,2024-10-28,泰国,付费广告,Android,25-34,男
U01133,2024-02-02,泰国,付费广告,iOS,35-44,男
U01134,2024-05-06,印尼,KOL推荐,Android,18-24,男
U01135,2023-08-16,泰国,社交媒体,Android,18-24,女
U01136,2024-09-01,菲律宾,社交媒体,Android,25-34,男
U01137,2024-06-03,印尼,付费广告,Android,45+,女
U01138,2024-06-25,印尼,付费广告,Android,25-34,女
U01139,2023-10-02,印尼,社交媒体,Android,35-44,女
U01140,2024-07-25,菲律宾,付费广告,Android,18-24,女
U01141,2023-11-19,越南,自然搜索,Android,25-34,男
U01142,2024-12-24,印尼,内容营销,Android,25-34,女
U01143,2023-03-10,印尼,付费广告,Android,35-44,女
U01144,2024-04-28,越南,社交媒体,Android,18-24,女
U01145,2023-03-24,菲律宾,付费广告,Android,18-24,男
U01146,2024-07-20,菲律宾,付费广告,Android,18-24,男
U01147,2024-09-07,印尼,付费广告,iOS,45+,女
U01148,2024-05-08,菲律宾,付费广告,iOS,18-24,男
U01149,2023-03-07,菲律宾,付费广告,iOS,18-24,男
U01150,2023-10-27,印尼,付费广告,Android,25-34,男
U01151,2024-07-25,菲律宾,付费广告,Android,25-34,男
U01152,2024-03-26,印尼,自然搜索,Android,35-44,男
U01153,2024-03-05,印尼,付费广告,Android,45+,女
U01154,2023-03-03,印尼,自然搜索,Android,25-34,女
U01155,2023-04-15,菲律宾,自然搜索,iOS,45+,男
U01156,2024-04-05,泰国,内容营销,Android,35-44,男
U01157,2024-09-08,菲律宾,社交媒体,Android,18-24,女
U01158,2023-10-22,菲律宾,社交媒体,Android,45+,男
U01159,2024-09-02,泰国,付费广告,iOS,35-44,女
U01160,2024-02-05,菲律宾,内容营销,Android,25-34,男
U01161,2023-07-11,泰国,社交媒体,Android,35-44,女
U01162,2023-03-12,越南,KOL推荐,Android,25-34,女
U01163,2024-02-23,印尼,付费广告,Android,18-24,女
U01164,2023-01-22,泰国,内容营销,Android,35-44,女
U01165,2024-04-15,菲律宾,KOL推荐,Android,35-44,男
U01166,2023-01-23,菲律宾,内容营销,Android,35-44,男
U01167,2024-10-13,印尼,自然搜索,Android,18-24,女
U01168,2024-03-17,泰国,付费广告,Android,45+,女
U01169,2023-09-05,越南,付费广告,iOS,18-24,男
U01170,2024-11-12,印尼,付费广告,iOS,25-34,女
U01171,2024-05-11,马来西亚,内容营销,iOS,18-24,女
U01172,2023-11-24,印尼,自然搜索,iOS,18-24,女
U01173,2023-08-15,越南,自然搜索,iOS,25-34,男
U01174,2023-02-22,印尼,付费广告,iOS,25-34,女
U01175,2023-10-21,印尼,自然搜索,Android,35-44,男
U01176,2024-10-14,菲律宾,自然搜索,iOS,45+,女
U01177,2023-05-27,泰国,KOL推荐,iOS,35-44,男
U01178,2024-05-18,菲律宾,社交媒体,Android,25-34,女
U01179,2024-07-07,印尼,自然搜索,Android,35-44,男
U01180,2024-06-12,马来西亚,付费广告,Android,35-44,男
U01181,2024-03-14,越南,付费广告,Android,25-34,男
U01182,2023-10-17,印尼,自然搜索,Android,35-44,男
U01183,2023-01-04,马来西亚,社交媒体,iOS,25-34,女
U01184,2023-09-04,泰国,社交媒体,iOS,25-34,男
U01185,2024-07-26,马来西亚,社交媒体,iOS,25-34,女
U01186,2024-12-25,印尼,社交媒体,iOS,35-44,女
U01187,2023-05-18,泰国,自然搜索,Android,35-44,女
U01188,2024-03-20,越南,内容营销,iOS,25-34,男
U01189,2023-08-02,印尼,KOL推荐,iOS,25-34,男
U01190,2024-01-27,泰国,内容营销,iOS,45+,男
U01191,2024-01-28,印尼,自然搜索,Android,45+,女
U01192,2024-02-15,越南,内容营销,iOS,18-24,男
U01193,2024-09-12,印尼,KOL推荐,Android,18-24,女
U01194,2024-11-05,泰国,KOL推荐,iOS,35-44,男
U01195,2023-03-18,菲律宾,自然搜索,iOS,25-34,女
U01196,2023-03-14,马来西亚,社交媒体,iOS,18-24,男
U01197,2023-02-18,马来西亚,内容营销,Android,25-34,男
U01198,2024-01-02,印尼,社交媒体,iOS,35-44,女
U01199,2023-12-27,泰国,社交媒体,Android,35-44,女
U01200,2023-02-08,菲律宾,内容营销,Android,25-34,女
U01201,2023-05-25,泰国,付费广告,Android,25-34,男
U01202,2023-11-13,泰国,社交媒体,iOS,25-34,女
U01203,2024-09-17,越南,付费广告,iOS,18-24,女
U01204,2024-12-16,印尼,内容营销,iOS,25-34,男
U01205,2024-07-26,菲律宾,自然搜索,Android,18-24,男
U01206,2024-03-18,印尼,付费广告,Android,25-34,女
U01207,2023-06-04,越南,社交媒体,Android,25-34,女
U01208,2023-04-13,越南,KOL推荐,Android,35-44,女
U01209,2023-09-10,马来西亚,社交媒体,Android,25-34,女
U01210,2024-02-28,越南,内容营销,Android,25-34,男
U01211,2023-08-03,越南,内容营销,iOS,18-24,女
U01212,2023-09-01,泰国,自然搜索,Android,18-24,女
U01213,2024-03-15,菲律宾,付费广告,iOS,25-34,女
U01214,2023-07-15,印尼,自然搜索,Android,18-24,女
U01215,2023-07-13,泰国,付费广告,iOS,18-24,女
U01216,2023-12-18,泰国,付费广告,iOS,25-34,男
U01217,2023-07-07,印尼,内容营销,Android,35-44,男
U01218,2024-03-09,印尼,KOL推荐,Android,25-34,男
U01219,2023-06-26,越南,自然搜索,iOS,25-34,女
U01220,2023-09-19,马来西亚,自然搜索,iOS,45+,男
U01221,2024-12-20,泰国,社交媒体,Android,45+,女
U01222,2024-04-16,越南,付费广告,Android,25-34,男
U01223,2023-01-23,马来西亚,付费广告,Android,35-44,男
U01224,2024-01-19,越南,内容营销,Android,25-34,女
U01225,2023-04-19,印尼,内容营销,iOS,45+,女
U01226,2024-10-10,越南,付费广告,Android,25-34,男
U01227,2024-01-01,越南,内容营销,Android,35-44,女
U01228,2024-01-10,马来西亚,付费广告,Android,35-44,男
U01229,2024-03-15,越南,社交媒体,iOS,25-34,男
U01230,2023-07-26,菲律宾,付费广告,Android,35-44,男
U01231,2024-02-08,泰国,自然搜索,Android,18-24,女
U01232,2024-07-25,泰国,内容营销,Android,18-24,男
U01233,2024-06-15,泰国,付费广告,Android,25-34,女
U01234,2023-09-12,印尼,社交媒体,Android,45+,女
U01235,2024-09-22,越南,付费广告,Android,25-34,男
U01236,2024-02-02,菲律宾,自然搜索,iOS,25-34,男
U01237,2023-05-22,印尼,自然搜索,iOS,25-34,男
U01238,2023-05-14,马来西亚,付费广告,Android,18-24,女
U01239,2023-04-24,泰国,社交媒体,Android,25-34,女
U01240,2023-02-01,菲律宾,付费广告,iOS,35-44,女
U01241,2023-02-13,菲律宾,社交媒体,Android,45+,男
U01242,2024-08-17,菲律宾,社交媒体,iOS,18-24,男
U01243,2024-01-17,菲律宾,社交媒体,iOS,25-34,男
U01244,2023-05-24,菲律宾,付费广告,Android,18-24,男
U01245,2023-08-22,印尼,内容营销,Android,18-24,男
U01246,2024-10-12,泰国,付费广告,iOS,25-34,女
U01247,2023-09-18,泰国,付费广告,Android,25-34,女
U01248,2024-04-19,马来西亚,自然搜索,Android,18-24,女
U01249,2024-10-08,印尼,付费广告,Android,18-24,男
U01250,2023-07-24,菲律宾,自然搜索,iOS,35-44,男
U01251,2024-09-09,印尼,社交媒体,Android,45+,男
U01252,2024-10-12,泰国,自然搜索,iOS,25-34,男
U01253,2024-02-10,泰国,付费广告,iOS,35-44,女
U01254,2024-04-02,印尼,KOL推荐,Android,18-24,男
U01255,2023-06-11,越南,付费广告,Android,45+,女
U01256,2023-04-05,泰国,自然搜索,iOS,35-44,女
U01257,2023-05-17,印尼,自然搜索,Android,35-44,男
U01258,2023-05-26,泰国,KOL推荐,Android,18-24,女
U01259,2023-11-09,印尼,自然搜索,Android,25-34,女
U01260,2024-03-24,越南,付费广告,Android,25-34,男
U01261,2024-12-03,菲律宾,付费广告,iOS,18-24,女
U01262,2024-04-09,越南,社交媒体,Android,18-24,男
U01263,2024-11-06,越南,社交媒体,iOS,25-34,女
U01264,2023-09-27,泰国,KOL推荐,Android,35-44,男
U01265,2024-10-19,泰国,自然搜索,iOS,18-24,男
U01266,2023-06-11,越南,付费广告,iOS,25-34,女
U01267,2023-02-18,印尼,付费广告,Android,18-24,女
U01268,2023-07-24,印尼,自然搜索,iOS,18-24,男
U01269,2024-11-21,越南,付费广告,iOS,25-34,男
U01270,2023-04-24,印尼,付费广告,Android,25-34,男
U01271,2023-07-17,菲律宾,付费广告,Android,25-34,男
U01272,2023-04-13,菲律宾,社交媒体,Android,25-34,女
U01273,2024-08-26,泰国,付费广告,iOS,25-34,女
U01274,2024-07-04,印尼,社交媒体,iOS,25-34,女
U01275,2024-01-01,泰国,付费广告,iOS,45+,女
U01276,2023-02-07,泰国,付费广告,Android,25-34,女
U01277,2024-11-17,马来西亚,付费广告,Android,35-44,女
U01278,2023-07-22,泰国,自然搜索,iOS,18-24,女
U01279,2024-01-17,印尼,自然搜索,iOS,25-34,男
U01280,2023-01-28,印尼,付费广告,iOS,25-34,女
U01281,2023-02-06,印尼,内容营销,iOS,25-34,女
U01282,2023-12-13,印尼,社交媒体,iOS,25-34,女
U01283,2024-08-20,泰国,自然搜索,Android,18-24,女
U01284,2024-10-09,越南,KOL推荐,iOS,18-24,男
U01285,2024-05-18,印尼,社交媒体,Android,18-24,女
U01286,2023-08-08,泰国,社交媒体,Android,35-44,女
U01287,2023-11-22,越南,KOL推荐,iOS,35-44,男
U01288,2024-10-28,泰国,付费广告,Android,18-24,男
U01289,2023-08-18,泰国,自然搜索,Android,25-34,男
U01290,2024-06-13,越南,付费广告,iOS,18-24,女
U01291,2023-01-15,泰国,付费广告,Android,18-24,女
U01292,2024-10-06,印尼,付费广告,iOS,35-44,女
U01293,2023-06-13,印尼,社交媒体,Android,25-34,男
U01294,2023-02-23,菲律宾,内容营销,Android,18-24,女
U01295,2024-07-17,泰国,内容营销,Android,18-24,女
U01296,2023-01-14,泰国,内容营销,Android,35-44,男
U01297,2024-04-15,泰国,KOL推荐,Android,18-24,男
U01298,2023-09-19,印尼,内容营销,Android,25-34,女
U01299,2023-08-15,印尼,自然搜索,Android,35-44,男
U01300,2023-10-23,泰国,付费广告,iOS,25-34,男
U01301,2023-02-18,马来西亚,付费广告,Android,25-34,男
U01302,2024-08-02,泰国,KOL推荐,iOS,35-44,男
U01303,2024-09-12,印尼,付费广告,iOS,18-24,女
U01304,2023-10-12,印尼,社交媒体,Android,35-44,女
U01305,2023-07-02,菲律宾,自然搜索,iOS,18-24,女
U01306,2023-01-02,印尼,付费广告,iOS,25-34,女
U01307,2024-11-28,菲律宾,社交媒体,Android,35-44,女
U01308,2024-09-17,越南,自然搜索,iOS,25-34,女
U01309,2024-08-08,菲律宾,付费广告,iOS,35-44,男
U01310,2024-09-12,泰国,付费广告,Android,35-44,女
U01311,2023-02-09,菲律宾,付费广告,Android,18-24,男
U01312,2024-05-17,印尼,社交媒体,Android,35-44,女
U01313,2023-10-13,菲律宾,付费广告,Android,45+,女
U01314,2023-05-14,越南,社交媒体,Android,25-34,男
U01315,2024-02-15,印尼,自然搜索,Android,18-24,男
U01316,2024-10-05,印尼,KOL推荐,Android,18-24,男
U01317,2024-10-06,印尼,付费广告,Android,18-24,男
U01318,2023-09-09,泰国,社交媒体,Android,18-24,女
U01319,2024-09-04,泰国,社交媒体,iOS,25-34,女
U01320,2023-01-22,泰国,自然搜索,iOS,18-24,女
U01321,2024-11-23,泰国,内容营销,iOS,18-24,女
U01322,2024-03-14,菲律宾,社交媒体,Android,25-34,男
U01323,2023-01-06,泰国,付费广告,iOS,25-34,男
U01324,2023-08-03,马来西亚,自然搜索,Android,25-34,女
U01325,2024-05-23,越南,内容营销,Android,35-44,女
U01326,2024-08-28,泰国,KOL推荐,Android,18-24,女
U01327,2023-05-18,菲律宾,自然搜索,iOS,18-24,男
U01328,2023-07-17,印尼,付费广告,Android,18-24,女
U01329,2024-03-20,印尼,KOL推荐,iOS,25-34,女
U01330,2024-12-16,印尼,社交媒体,Android,18-24,女
U01331,2024-01-28,印尼,KOL推荐,Android,35-44,女
U01332,2023-07-15,泰国,付费广告,iOS,18-24,女
U01333,2024-11-23,马来西亚,社交媒体,Android,45+,男
U01334,2023-05-27,马来西亚,付费广告,iOS,25-34,女
U01335,2023-12-28,印尼,自然搜索,Android,25-34,男
U01336,2023-10-19,泰国,社交媒体,iOS,35-44,女
U01337,2023-10-07,印尼,内容营销,iOS,35-44,女
U01338,2024-12-23,泰国,付费广告,iOS,25-34,女
U01339,2024-10-15,泰国,付费广告,iOS,45+,男
U01340,2023-09-27,越南,社交媒体,Android,25-34,男
U01341,2023-06-21,越南,付费广告,Android,35-44,女
U01342,2023-11-06,菲律宾,KOL推荐,Android,25-34,男
U01343,2024-08-15,印尼,KOL推荐,iOS,35-44,男
U01344,2024-01-06,印尼,自然搜索,iOS,18-24,男
U01345,2024-08-21,越南,内容营销,Android,18-24,女
U01346,2024-03-06,越南,KOL推荐,iOS,35-44,男
U01347,2024-04-01,越南,内容营销,Android,18-24,女
U01348,2023-06-16,马来西亚,社交媒体,Android,18-24,男
U01349,2024-10-01,泰国,内容营销,iOS,25-34,女
U01350,2023-07-28,菲律宾,自然搜索,Android,35-44,男
U01351,2023-10-21,印尼,付费广告,Android,35-44,女
U01352,2023-08-21,越南,内容营销,Android,35-44,女
U01353,2023-05-18,印尼,自然搜索,iOS,35-44,男
U01354,2023-04-20,印尼,自然搜索,iOS,25-34,女
U01355,2024-04-10,菲律宾,KOL推荐,iOS,18-24,女
U01356,2024-04-08,马来西亚,KOL推荐,iOS,18-24,男
U01357,2024-07-01,越南,自然搜索,iOS,25-34,女
U01358,2024-11-09,越南,内容营销,Android,25-34,女
U01359,2023-06-13,印尼,社交媒体,Android,18-24,男
U01360,2024-01-18,马来西亚,付费广告,Android,25-34,男
U01361,2024-02-02,泰国,KOL推荐,iOS,35-44,女
U01362,2024-04-17,印尼,付费广告,Android,25-34,女
U01363,2024-10-16,印尼,自然搜索,iOS,35-44,女
U01364,2024-02-13,印尼,付费广告,Android,35-44,女
U01365,2024-04-24,泰国,付费广告,Android,35-44,男
U01366,2023-01-28,印尼,付费广告,Android,45+,男
U01367,2024-05-01,马来西亚,KOL推荐,Android,18-24,女
U01368,2023-10-05,泰国,KOL推荐,Android,25-34,女
U01369,2023-07-04,泰国,社交媒体,iOS,35-44,男
U01370,2023-01-01,马来西亚,KOL推荐,iOS,25-34,女
U01371,2023-10-03,泰国,自然搜索,iOS,35-44,女
U01372,2023-05-13,菲律宾,自然搜索,iOS,25-34,女
U01373,2024-09-25,印尼,内容营销,Android,25-34,男
U01374,2023-09-25,泰国,自然搜索,iOS,18-24,男
U01375,2023-08-11,菲律宾,自然搜索,Android,45+,女
U01376,2024-12-14,越南,社交媒体,iOS,35-44,女
U01377,2023-08-24,印尼,付费广告,Android,35-44,男
U01378,2024-12-21,越南,内容营销,Android,35-44,女
U01379,2023-10-03,印尼,付费广告,iOS,18-24,男
U01380,2023-04-25,泰国,自然搜索,Android,18-24,男
U01381,2024-11-12,越南,付费广告,Android,35-44,男
U01382,2023-09-11,马来西亚,社交媒体,iOS,25-34,男
U01383,2023-11-16,越南,付费广告,Android,18-24,女
U01384,2024-01-27,印尼,付费广告,iOS,25-34,女
U01385,2024-02-07,越南,内容营销,Android,25-34,男
U01386,2023-12-24,菲律宾,内容营销,Android,35-44,女
U01387,2024-07-08,泰国,付费广告,Android,25-34,女
U01388,2023-04-22,马来西亚,付费广告,Android,35-44,男
U01389,2024-05-02,越南,付费广告,iOS,35-44,女
U01390,2024-11-22,泰国,内容营销,Android,18-24,女
U01391,2024-01-26,泰国,内容营销,Android,25-34,女
U01392,2024-09-07,泰国,自然搜索,Android,25-34,女
U01393,2024-06-10,印尼,社交媒体,Android,45+,男
U01394,2023-04-21,越南,付费广告,iOS,25-34,男
U01395,2023-08-22,菲律宾,自然搜索,Android,25-34,女
U01396,2024-10-21,越南,自然搜索,iOS,35-44,女
U01397,2024-01-14,泰国,付费广告,Android,25-34,男
U01398,2024-09-17,印尼,付费广告,iOS,45+,男
U01399,2023-12-04,印尼,自然搜索,Android,35-44,女
U01400,2023-09-15,泰国,社交媒体,Android,25-34,男
U01401,2024-03-18,泰国,付费广告,Android,25-34,男
U01402,2023-06-02,泰国,社交媒体,iOS,18-24,男
U01403,2023-09-05,印尼,付费广告,Android,35-44,男
U01404,2023-12-26,印尼,自然搜索,Android,35-44,男
U01405,2023-05-12,印尼,付费广告,Android,25-34,女
U01406,2024-03-02,菲律宾,自然搜索,iOS,18-24,男
U01407,2023-11-23,菲律宾,付费广告,Android,45+,女
U01408,2024-12-19,印尼,自然搜索,iOS,25-34,女
U01409,2024-05-18,菲律宾,付费广告,Android,35-44,女
U01410,2023-10-05,泰国,自然搜索,iOS,18-24,女
U01411,2024-09-17,泰国,社交媒体,iOS,25-34,女
U01412,2023-01-13,越南,KOL推荐,iOS,35-44,男
U01413,2023-02-17,泰国,自然搜索,iOS,25-34,男
U01414,2024-03-08,印尼,付费广告,iOS,25-34,男
U01415,2023-02-28,马来西亚,自然搜索,Android,18-24,男
U01416,2023-08-27,泰国,社交媒体,Android,25-34,女
U01417,2023-05-17,泰国,付费广告,iOS,45+,女
U01418,2023-04-12,越南,付费广告,Android,25-34,男
U01419,2024-06-06,马来西亚,付费广告,Android,45+,女
U01420,2023-05-28,越南,内容营销,Android,45+,女
U01421,2024-07-05,印尼,付费广告,iOS,45+,男
U01422,2023-10-23,泰国,社交媒体,iOS,35-44,女
U01423,2024-07-04,泰国,付费广告,Android,18-24,女
U01424,2024-01-13,马来西亚,内容营销,iOS,45+,男
U01425,2024-05-18,马来西亚,KOL推荐,iOS,18-24,女
U01426,2024-07-26,泰国,付费广告,iOS,18-24,女
U01427,2024-11-23,马来西亚,KOL推荐,iOS,18-24,女
U01428,2024-05-25,印尼,付费广告,Android,25-34,女
U01429,2023-03-13,菲律宾,KOL推荐,iOS,25-34,女
U01430,2024-01-03,越南,KOL推荐,Android,25-34,男
U01431,2023-02-15,印尼,自然搜索,Android,18-24,女
U01432,2023-03-22,印尼,社交媒体,Android,25-34,女
U01433,2024-04-10,印尼,付费广告,iOS,25-34,女
U01434,2024-08-02,泰国,付费广告,iOS,35-44,女
U01435,2024-03-08,泰国,付费广告,Android,18-24,女
U01436,2024-01-01,越南,社交媒体,iOS,18-24,男
U01437,2024-12-02,印尼,自然搜索,Android,18-24,女
U01438,2023-09-20,泰国,自然搜索,iOS,25-34,女
U01439,2024-08-23,印尼,社交媒体,Android,25-34,男
U01440,2024-07-12,马来西亚,自然搜索,Android,25-34,女
U01441,2023-12-10,泰国,自然搜索,Android,25-34,女
U01442,2024-07-20,印尼,自然搜索,Android,25-34,男
U01443,2023-10-19,越南,付费广告,iOS,25-34,女
U01444,2024-12-09,菲律宾,付费广告,iOS,45+,女
U01445,2023-05-28,泰国,自然搜索,iOS,18-24,女
U01446,2023-03-23,印尼,内容营销,iOS,35-44,男
U01447,2024-07-22,菲律宾,社交媒体,Android,35-44,女
U01448,2023-04-23,马来西亚,付费广告,iOS,18-24,女
U01449,2024-02-06,印尼,付费广告,iOS,45+,女
U01450,2024-01-28,印尼,付费广告,Android,35-44,女
U01451,2023-07-12,印尼,社交媒体,iOS,35-44,女
U01452,2024-08-28,菲律宾,自然搜索,Android,25-34,男
U01453,2024-02-13,印尼,自然搜索,iOS,25-34,女
U01454,2023-11-06,泰国,内容营销,iOS,18-24,男
U01455,2023-07-10,马来西亚,付费广告,Android,18-24,男
U01456,2024-12-26,印尼,付费广告,Android,35-44,男
U01457,2024-03-09,印尼,内容营销,iOS,35-44,女
U01458,2023-03-05,泰国,社交媒体,iOS,18-24,男
U01459,2023-10-15,印尼,付费广告,iOS,35-44,男
U01460,2023-03-21,越南,社交媒体,iOS,35-44,男
U01461,2024-06-03,印尼,自然搜索,iOS,18-24,女
U01462,2023-07-24,泰国,社交媒体,Android,25-34,女
U01463,2024-09-14,印尼,付费广告,iOS,25-34,男
U01464,2024-04-19,马来西亚,KOL推荐,Android,35-44,女
U01465,2023-04-03,泰国,内容营销,Android,35-44,男
U01466,2023-03-09,马来西亚,内容营销,iOS,18-24,男
U01467,2023-04-22,越南,内容营销,iOS,25-34,男
U01468,2024-07-24,菲律宾,付费广告,Android,35-44,男
U01469,2023-11-15,菲律宾,付费广告,iOS,35-44,女
U01470,2023-04-08,印尼,付费广告,Android,18-24,男
U01471,2023-02-25,印尼,社交媒体,iOS,25-34,女
U01472,2024-06-03,菲律宾,内容营销,Android,35-44,女
U01473,2023-03-21,越南,自然搜索,iOS,25-34,男
U01474,2024-07-12,越南,内容营销,iOS,25-34,男
U01475,2024-12-14,印尼,KOL推荐,iOS,35-44,女
U01476,2024-11-27,菲律宾,内容营销,iOS,18-24,男
U01477,2024-01-16,菲律宾,内容营销,Android,35-44,男
U01478,2024-05-22,菲律宾,付费广告,Android,25-34,男
U01479,2024-06-13,越南,自然搜索,iOS,18-24,女
U01480,2024-12-26,菲律宾,自然搜索,Android,18-24,女
U01481,2024-01-08,泰国,付费广告,Android,18-24,男
U01482,2023-07-08,印尼,社交媒体,Android,18-24,男
U01483,2024-05-24,泰国,KOL推荐,iOS,35-44,男
U01484,2023-01-03,越南,内容营销,Android,18-24,男
U01485,2023-04-19,越南,社交媒体,iOS,45+,女
U01486,2023-02-11,越南,自然搜索,Android,25-34,女
U01487,2023-11-19,印尼,自然搜索,Android,25-34,男
U01488,2023-02-05,越南,自然搜索,Android,25-34,男
U01489,2024-07-09,越南,付费广告,Android,35-44,男
U01490,2023-07-26,泰国,付费广告,Android,25-34,男
U01491,2023-12-28,越南,自然搜索,iOS,18-24,女
U01492,2024-07-18,泰国,付费广告,Android,35-44,男
U01493,2024-06-21,泰国,自然搜索,iOS,25-34,男
U01494,2023-09-02,印尼,社交媒体,iOS,18-24,男
U01495,2023-02-15,印尼,付费广告,Android,25-34,女
U01496,2024-12-16,印尼,付费广告,Android,25-34,女
U01497,2024-02-19,越南,付费广告,Android,18-24,男
U01498,2024-03-03,越南,内容营销,Android,35-44,男
U01499,2023-06-06,菲律宾,自然搜索,Android,35-44,男
U01500,2024-10-21,印尼,付费广告,iOS,35-44,女
U01501,2024-08-28,印尼,社交媒体,iOS,25-34,女
U01502,2023-09-11,泰国,社交媒体,Android,45+,女
U01503,2023-04-14,越南,内容营销,iOS,18-24,女
U01504,2024-01-15,越南,付费广告,Android,25-34,女
U01505,2024-05-08,越南,付费广告,Android,25-34,男
U01506,2023-11-24,印尼,自然搜索,Android,35-44,女
U01507,2023-11-16,印尼,社交媒体,Android,18-24,女
U01508,2023-03-25,印尼,付费广告,iOS,18-24,女
U01509,2024-11-15,菲律宾,自然搜索,Android,35-44,男
U01510,2024-01-07,菲律宾,付费广告,iOS,25-34,男
U01511,2023-05-28,印尼,付费广告,iOS,25-34,男
U01512,2023-12-03,马来西亚,自然搜索,iOS,25-34,男
U01513,2023-12-05,泰国,社交媒体,Android,35-44,女
U01514,2024-07-19,泰国,社交媒体,Android,18-24,男
U01515,2023-01-20,泰国,自然搜索,Android,18-24,女
U01516,2023-12-22,印尼,付费广告,Android,45+,女
U01517,2024-10-06,菲律宾,社交媒体,Android,25-34,男
U01518,2024-09-18,泰国,付费广告,Android,25-34,男
U01519,2024-09-16,马来西亚,付费广告,Android,35-44,女
U01520,2023-11-10,泰国,付费广告,Android,25-34,女
U01521,2023-03-26,马来西亚,社交媒体,Android,18-24,男
U01522,2024-06-12,越南,内容营销,iOS,18-24,男
U01523,2024-02-04,泰国,社交媒体,Android,25-34,女
U01524,2023-10-25,印尼,自然搜索,iOS,35-44,女
U01525,2023-07-16,越南,付费广告,Android,18-24,女
U01526,2023-09-03,越南,内容营销,Android,18-24,女
U01527,2023-02-25,越南,自然搜索,Android,35-44,女
U01528,2023-06-10,菲律宾,内容营销,Android,18-24,男
U01529,2023-04-04,印尼,内容营销,Android,25-34,女
U01530,2023-10-10,越南,自然搜索,Android,18-24,女
U01531,2024-01-06,印尼,内容营销,iOS,25-34,男
U01532,2023-07-28,印尼,付费广告,Android,25-34,女
U01533,2023-05-15,越南,KOL推荐,Android,18-24,男
U01534,2023-08-10,越南,付费广告,Android,25-34,男
U01535,2023-12-17,泰国,付费广告,Android,35-44,女
U01536,2024-04-01,泰国,社交媒体,iOS,35-44,男
U01537,2023-04-08,印尼,KOL推荐,Android,25-34,男
U01538,2024-12-06,泰国,自然搜索,Android,25-34,女
U01539,2024-09-10,印尼,社交媒体,iOS,25-34,男
U01540,2024-06-13,印尼,自然搜索,Android,25-34,女
U01541,2023-05-12,泰国,付费广告,Android,35-44,男
U01542,2024-09-18,印尼,付费广告,Android,35-44,男
U01543,2023-08-14,越南,付费广告,Android,25-34,男
U01544,2024-03-26,马来西亚,付费广告,Android,18-24,女
U01545,2023-05-05,印尼,自然搜索,Android,18-24,女
U01546,2024-05-13,菲律宾,自然搜索,Android,18-24,女
U01547,2024-05-11,印尼,自然搜索,Android,45+,女
U01548,2023-01-24,泰国,付费广告,Android,35-44,男
U01549,2024-01-26,印尼,内容营销,Android,25-34,女
U01550,2024-06-24,马来西亚,自然搜索,iOS,18-24,男
U01551,2023-06-13,印尼,内容营销,iOS,18-24,男
U01552,2024-09-22,菲律宾,社交媒体,iOS,35-44,女
U01553,2024-08-28,菲律宾,社交媒体,Android,35-44,男
U01554,2023-11-19,泰国,社交媒体,Android,18-24,女
U01555,2024-08-09,泰国,KOL推荐,iOS,35-44,男
U01556,2024-01-15,印尼,自然搜索,iOS,25-34,女
U01557,2024-12-11,越南,付费广告,iOS,25-34,男
U01558,2024-12-16,菲律宾,社交媒体,Android,35-44,女
U01559,2024-05-05,马来西亚,社交媒体,Android,25-34,男
U01560,2024-10-14,越南,KOL推荐,Android,35-44,女
U01561,2024-03-09,泰国,自然搜索,Android,18-24,女
U01562,2024-02-10,菲律宾,社交媒体,Android,25-34,女
U01563,2024-10-13,越南,付费广告,iOS,25-34,女
U01564,2024-05-01,菲律宾,付费广告,Android,25-34,女
U01565,2024-02-12,越南,付费广告,Android,25-34,女
U01566,2023-07-03,印尼,社交媒体,Android,18-24,女
U01567,2024-11-21,泰国,内容营销,Android,25-34,男
U01568,2023-01-27,印尼,付费广告,Android,25-34,女
U01569,2024-12-13,越南,KOL推荐,Android,35-44,女
U01570,2024-10-02,印尼,付费广告,Android,25-34,女
U01571,2023-09-18,泰国,自然搜索,Android,35-44,男
U01572,2024-10-26,印尼,自然搜索,Android,18-24,女
U01573,2023-04-16,菲律宾,自然搜索,iOS,25-34,男
U01574,2023-06-20,泰国,付费广告,Android,18-24,女
U01575,2023-03-28,泰国,付费广告,Android,18-24,男
U01576,2023-11-24,泰国,社交媒体,iOS,18-24,女
U01577,2023-05-01,印尼,社交媒体,iOS,18-24,女
U01578,2023-08-19,印尼,自然搜索,iOS,25-34,男
U01579,2023-04-09,印尼,自然搜索,Android,45+,女
U01580,2023-03-05,泰国,付费广告,Android,18-24,男
U01581,2024-04-08,越南,付费广告,iOS,35-44,女
U01582,2023-06-03,印尼,自然搜索,iOS,18-24,女
U01583,2024-04-08,印尼,自然搜索,Android,35-44,男
U01584,2024-01-05,马来西亚,内容营销,iOS,25-34,女
U01585,2023-06-27,泰国,KOL推荐,iOS,45+,女
U01586,2023-03-08,印尼,自然搜索,Android,18-24,男
U01587,2023-04-25,越南,付费广告,Android,25-34,女
U01588,2024-09-17,越南,付费广告,iOS,18-24,女
U01589,2023-08-21,印尼,KOL推荐,Android,25-34,男
U01590,2024-07-14,印尼,付费广告,iOS,45+,男
U01591,2023-09-12,马来西亚,自然搜索,Android,35-44,女
U01592,2024-01-23,泰国,社交媒体,iOS,35-44,男
U01593,2023-08-03,泰国,付费广告,iOS,25-34,男
U01594,2024-10-28,印尼,付费广告,Android,35-44,男
U01595,2024-03-20,印尼,付费广告,Android,25-34,女
U01596,2024-07-04,越南,付费广告,iOS,18-24,女
U01597,2023-02-05,泰国,付费广告,iOS,35-44,男
U01598,2024-12-21,泰国,自然搜索,Android,18-24,女
U01599,2023-02-07,菲律宾,付费广告,Android,18-24,女
U01600,2024-12-11,泰国,自然搜索,iOS,18-24,女
U01601,2023-12-04,越南,KOL推荐,Android,25-34,女
U01602,2023-03-08,泰国,自然搜索,iOS,25-34,女
U01603,2024-06-23,越南,自然搜索,Android,18-24,男
U01604,2024-12-05,泰国,社交媒体,iOS,35-44,男
U01605,2024-04-23,印尼,KOL推荐,iOS,35-44,男
U01606,2023-12-09,泰国,KOL推荐,iOS,45+,女
U01607,2023-08-05,菲律宾,付费广告,Android,25-34,女
U01608,2024-08-19,泰国,自然搜索,iOS,35-44,男
U01609,2024-03-22,印尼,社交媒体,iOS,35-44,女
U01610,2024-08-11,菲律宾,社交媒体,iOS,18-24,女
U01611,2024-08-13,印尼,自然搜索,iOS,25-34,男
U01612,2024-11-26,印尼,内容营销,Android,25-34,女
U01613,2024-01-21,越南,自然搜索,iOS,18-24,男
U01614,2024-05-21,越南,内容营销,Android,18-24,女
U01615,2024-04-22,印尼,内容营销,iOS,25-34,女
U01616,2024-05-19,马来西亚,社交媒体,iOS,18-24,女
U01617,2024-10-14,印尼,内容营销,Android,18-24,男
U01618,2024-11-07,印尼,社交媒体,Android,25-34,女
U01619,2024-11-09,印尼,自然搜索,iOS,35-44,男
U01620,2023-02-19,越南,付费广告,iOS,35-44,男
U01621,2024-11-06,泰国,自然搜索,Android,25-34,男
U01622,2023-01-26,印尼,付费广告,Android,25-34,男
U01623,2023-07-16,马来西亚,社交媒体,Android,25-34,女
U01624,2023-02-04,泰国,付费广告,Android,18-24,男
U01625,2024-11-20,印尼,付费广告,Android,18-24,女
U01626,2024-10-14,泰国,社交媒体,Android,35-44,男
U01627,2023-11-09,印尼,内容营销,Android,25-34,男
U01628,2023-05-03,泰国,自然搜索,Android,35-44,女
U01629,2024-10-20,越南,付费广告,Android,35-44,男
U01630,2023-02-10,菲律宾,自然搜索,Android,18-24,男
U01631,2024-09-25,越南,社交媒体,Android,25-34,男
U01632,2023-10-07,印尼,自然搜索,Android,25-34,女
U01633,2024-03-05,菲律宾,社交媒体,Android,25-34,女
U01634,2023-08-18,马来西亚,付费广告,Android,25-34,男
U01635,2024-08-06,泰国,自然搜索,Android,45+,女
U01636,2024-11-11,越南,内容营销,iOS,35-44,女
U01637,2023-08-04,泰国,自然搜索,iOS,45+,女
U01638,2023-07-02,马来西亚,付费广告,Android,18-24,男
U01639,2024-03-09,马来西亚,自然搜索,Android,18-24,女
U01640,2024-11-21,印尼,付费广告,iOS,18-24,男
U01641,2024-07-25,菲律宾,付费广告,Android,18-24,男
U01642,2024-11-19,印尼,付费广告,iOS,25-34,男
U01643,2023-05-19,印尼,自然搜索,iOS,25-34,女
U01644,2023-03-12,泰国,付费广告,Android,25-34,女
U01645,2023-07-25,菲律宾,社交媒体,Android,45+,女
U01646,2023-05-12,泰国,KOL推荐,iOS,45+,女
U01647,2023-04-20,菲律宾,付费广告,Android,18-24,女
U01648,2024-07-13,菲律宾,社交媒体,iOS,35-44,女
U01649,2024-03-24,印尼,自然搜索,Android,25-34,男
U01650,2023-10-28,泰国,付费广告,iOS,25-34,男
U01651,2023-01-03,越南,自然搜索,iOS,35-44,男
U01652,2024-06-16,越南,自然搜索,Android,18-24,男
U01653,2023-12-16,越南,自然搜索,Android,35-44,女
U01654,2023-11-11,泰国,付费广告,iOS,35-44,女
U01655,2024-11-22,马来西亚,社交媒体,Android,35-44,女
U01656,2024-02-17,印尼,内容营销,iOS,45+,男
U01657,2024-07-11,越南,自然搜索,Android,25-34,女
U01658,2023-04-10,越南,社交媒体,iOS,18-24,男
U01659,2024-11-19,越南,KOL推荐,Android,18-24,女
U01660,2023-04-11,印尼,社交媒体,Android,25-34,男
U01661,2023-07-20,印尼,付费广告,iOS,18-24,女
U01662,2023-09-28,马来西亚,付费广告,Android,35-44,女
U01663,2024-10-02,印尼,自然搜索,Android,18-24,女
U01664,2023-01-08,马来西亚,付费广告,Android,45+,男
U01665,2024-07-23,菲律宾,社交媒体,iOS,35-44,男
U01666,2024-04-14,泰国,自然搜索,Android,18-24,男
U01667,2023-04-19,马来西亚,自然搜索,Android,25-34,男
U01668,2024-10-22,泰国,社交媒体,Android,25-34,女
U01669,2023-06-15,菲律宾,KOL推荐,Android,25-34,女
U01670,2024-01-19,越南,付费广告,iOS,25-34,男
U01671,2024-10-04,菲律宾,社交媒体,Android,18-24,女
U01672,2023-02-03,菲律宾,付费广告,Android,35-44,女
U01673,2024-02-04,菲律宾,自然搜索,iOS,25-34,男
U01674,2024-04-11,菲律宾,付费广告,Android,35-44,女
U01675,2024-01-01,越南,社交媒体,Android,35-44,女
U01676,2024-01-15,泰国,内容营销,Android,18-24,女
U01677,2023-07-28,越南,自然搜索,iOS,18-24,女
U01678,2023-05-28,泰国,付费广告,Android,35-44,男
U01679,2023-06-24,印尼,付费广告,iOS,45+,男
U01680,2023-09-06,越南,付费广告,Android,25-34,女
U01681,2024-11-06,马来西亚,自然搜索,Android,18-24,男
U01682,2024-10-02,印尼,付费广告,Android,18-24,男
U01683,2024-09-06,菲律宾,KOL推荐,iOS,18-24,女
U01684,2023-10-05,泰国,社交媒体,Android,25-34,女
U01685,2024-08-12,菲律宾,付费广告,Android,25-34,女
U01686,2023-06-06,马来西亚,付费广告,iOS,35-44,男
U01687,2023-08-24,印尼,付费广告,Android,18-24,男
U01688,2024-05-18,印尼,付费广告,Android,18-24,女
U01689,2023-11-01,菲律宾,KOL推荐,Android,25-34,女
U01690,2023-07-08,泰国,内容营销,iOS,35-44,女
U01691,2023-03-19,印尼,付费广告,iOS,25-34,女
U01692,2024-04-23,越南,付费广告,Android,45+,女
U01693,2023-08-06,泰国,KOL推荐,iOS,25-34,女
U01694,2024-12-02,越南,付费广告,iOS,18-24,男
U01695,2024-11-12,泰国,社交媒体,Android,18-24,女
U01696,2024-09-06,泰国,自然搜索,iOS,35-44,女
U01697,2024-02-07,泰国,社交媒体,Android,25-34,男
U01698,2023-09-07,马来西亚,付费广告,Android,25-34,女
U01699,2024-03-12,印尼,KOL推荐,Android,35-44,男
U01700,2024-05-15,马来西亚,KOL推荐,Android,35-44,女
U01701,2024-03-21,越南,自然搜索,iOS,18-24,男
U01702,2024-02-11,越南,社交媒体,iOS,35-44,女
U01703,2023-11-20,印尼,KOL推荐,Android,25-34,女
U01704,2024-01-13,越南,付费广告,iOS,25-34,男
U01705,2023-08-07,泰国,自然搜索,Android,25-34,女
U01706,2024-08-13,印尼,自然搜索,Android,25-34,男
U01707,2023-11-19,泰国,付费广告,iOS,18-24,女
U01708,2023-06-08,印尼,付费广告,Android,25-34,女
U01709,2024-07-05,印尼,社交媒体,iOS,25-34,女
U01710,2023-10-01,泰国,自然搜索,iOS,25-34,女
U01711,2023-12-26,泰国,内容营销,Android,18-24,女
U01712,2024-12-07,菲律宾,付费广告,Android,18-24,男
U01713,2023-08-18,越南,自然搜索,Android,18-24,男
U01714,2023-07-14,泰国,付费广告,iOS,25-34,女
U01715,2024-08-18,马来西亚,付费广告,iOS,35-44,女
U01716,2024-09-23,泰国,自然搜索,iOS,18-24,女
U01717,2023-04-10,印尼,付费广告,iOS,25-34,男
U01718,2023-11-11,马来西亚,自然搜索,iOS,25-34,男
U01719,2024-08-19,泰国,社交媒体,Android,35-44,女
U01720,2023-01-02,泰国,KOL推荐,Android,18-24,男
U01721,2023-09-17,泰国,付费广告,iOS,18-24,女
U01722,2023-05-02,越南,社交媒体,iOS,18-24,女
U01723,2023-04-27,泰国,社交媒体,Android,45+,女
U01724,2023-07-21,印尼,自然搜索,Android,25-34,男
U01725,2024-05-03,泰国,内容营销,Android,18-24,女
U01726,2023-09-01,印尼,KOL推荐,iOS,18-24,男
U01727,2024-08-21,马来西亚,自然搜索,iOS,18-24,男
U01728,2024-04-26,菲律宾,自然搜索,Android,18-24,女
U01729,2023-03-19,印尼,自然搜索,Android,35-44,男
U01730,2024-04-01,越南,自然搜索,Android,25-34,男
U01731,2024-10-12,印尼,社交媒体,Android,25-34,男
U01732,2024-08-24,印尼,付费广告,iOS,25-34,女
U01733,2023-06-03,越南,KOL推荐,Android,25-34,女
U01734,2023-07-03,泰国,社交媒体,Android,18-24,女
U01735,2024-01-16,菲律宾,社交媒体,iOS,25-34,女
U01736,2024-02-09,越南,社交媒体,Android,35-44,男
U01737,2023-08-15,泰国,自然搜索,Android,18-24,男
U01738,2024-07-13,越南,付费广告,iOS,25-34,男
U01739,2024-02-11,越南,社交媒体,iOS,35-44,女
U01740,2024-06-03,菲律宾,自然搜索,iOS,18-24,男
U01741,2023-04-03,印尼,自然搜索,iOS,35-44,女
U01742,2024-01-16,菲律宾,内容营销,Android,18-24,男
U01743,2024-01-27,泰国,社交媒体,Android,25-34,女
U01744,2023-10-18,越南,付费广告,iOS,25-34,女
U01745,2023-08-07,印尼,社交媒体,iOS,25-34,男
U01746,2024-05-22,泰国,KOL推荐,Android,18-24,女
U01747,2023-06-15,越南,付费广告,iOS,35-44,男
U01748,2023-09-28,菲律宾,自然搜索,iOS,45+,男
U01749,2023-10-27,泰国,内容营销,iOS,18-24,男
U01750,2023-08-07,印尼,付费广告,Android,35-44,女
U01751,2024-11-05,泰国,自然搜索,iOS,25-34,男
U01752,2024-06-16,泰国,付费广告,Android,45+,男
U01753,2024-03-10,泰国,KOL推荐,iOS,18-24,女
U01754,2024-09-01,马来西亚,自然搜索,iOS,35-44,男
U01755,2023-06-15,菲律宾,付费广告,iOS,18-24,男
U01756,2023-02-12,马来西亚,自然搜索,Android,35-44,女
U01757,2023-01-15,印尼,内容营销,Android,35-44,男
U01758,2024-01-01,泰国,自然搜索,iOS,25-34,男
U01759,2023-01-04,印尼,社交媒体,iOS,18-24,女
U01760,2024-09-14,越南,内容营销,Android,35-44,男
U01761,2024-09-27,菲律宾,自然搜索,Android,25-34,男
U01762,2024-05-13,泰国,内容营销,iOS,25-34,男
U01763,2023-12-27,印尼,内容营销,Android,25-34,女
U01764,2023-06-19,泰国,内容营销,iOS,35-44,男
U01765,2024-08-16,越南,自然搜索,iOS,25-34,男
U01766,2024-09-16,印尼,社交媒体,iOS,18-24,男
U01767,2023-12-20,印尼,KOL推荐,Android,45+,男
U01768,2024-08-26,越南,内容营销,iOS,25-34,女
U01769,2024-01-01,越南,自然搜索,Android,25-34,男
U01770,2024-06-02,越南,KOL推荐,Android,18-24,女
U01771,2023-02-26,菲律宾,付费广告,Android,35-44,女
U01772,2023-01-10,菲律宾,自然搜索,iOS,18-24,男
U01773,2024-12-01,马来西亚,付费广告,iOS,25-34,男
U01774,2024-02-08,菲律宾,KOL推荐,Android,35-44,男
U01775,2023-01-14,越南,付费广告,Android,18-24,男
U01776,2023-10-19,印尼,付费广告,Android,35-44,女
U01777,2023-08-02,越南,内容营销,iOS,25-34,女
U01778,2023-04-24,越南,付费广告,iOS,35-44,男
U01779,2023-12-09,菲律宾,社交媒体,Android,25-34,女
U01780,2024-11-01,泰国,付费广告,iOS,35-44,女
U01781,2023-08-28,马来西亚,付费广告,Android,18-24,男
U01782,2024-05-16,越南,社交媒体,iOS,18-24,女
U01783,2024-03-09,印尼,内容营销,iOS,45+,女
U01784,2023-08-20,印尼,付费广告,iOS,18-24,男
U01785,2024-02-12,菲律宾,KOL推荐,iOS,35-44,女
U01786,2024-03-04,印尼,自然搜索,iOS,18-24,女
U01787,2023-04-22,印尼,自然搜索,Android,25-34,男
U01788,2023-02-04,泰国,付费广告,iOS,35-44,女
U01789,2024-08-24,印尼,自然搜索,iOS,18-24,男
U01790,2024-06-15,泰国,付费广告,Android,35-44,男
U01791,2023-08-28,印尼,付费广告,Android,25-34,女
U01792,2023-10-27,印尼,自然搜索,iOS,25-34,男
U01793,2023-02-25,印尼,付费广告,Android,35-44,女
U01794,2023-09-16,泰国,付费广告,Android,25-34,男
U01795,2024-10-26,泰国,社交媒体,iOS,25-34,女
U01796,2023-12-05,印尼,内容营销,iOS,35-44,女
U01797,2023-07-15,泰国,社交媒体,Android,25-34,女
U01798,2024-01-08,泰国,付费广告,iOS,18-24,男
U01799,2024-12-19,泰国,内容营销,Android,35-44,男
U01800,2024-07-05,马来西亚,KOL推荐,Android,35-44,男
U01801,2024-09-18,印尼,自然搜索,Android,25-34,女
U01802,2024-09-17,越南,自然搜索,iOS,25-34,男
U01803,2023-07-14,越南,社交媒体,iOS,35-44,女
U01804,2024-03-27,越南,社交媒体,Android,25-34,男
U01805,2024-11-17,菲律宾,KOL推荐,Android,25-34,女
U01806,2023-03-24,印尼,社交媒体,iOS,45+,女
U01807,2024-01-11,泰国,社交媒体,Android,18-24,男
U01808,2023-03-06,泰国,内容营销,iOS,25-34,女
U01809,2023-06-22,泰国,付费广告,iOS,35-44,男
U01810,2024-09-06,印尼,自然搜索,Android,35-44,女
U01811,2023-06-26,菲律宾,KOL推荐,iOS,35-44,女
U01812,2023-06-24,越南,付费广告,iOS,25-34,女
U01813,2024-02-11,泰国,KOL推荐,iOS,18-24,女
U01814,2024-04-22,泰国,内容营销,Android,35-44,女
U01815,2024-07-07,马来西亚,社交媒体,iOS,25-34,女
U01816,2023-06-11,越南,社交媒体,Android,35-44,男
U01817,2023-04-01,菲律宾,付费广告,Android,18-24,女
U01818,2024-10-09,印尼,付费广告,Android,35-44,男
U01819,2024-01-08,越南,付费广告,iOS,25-34,女
U01820,2023-02-16,泰国,社交媒体,Android,18-24,女
U01821,2024-07-08,泰国,KOL推荐,iOS,25-34,女
U01822,2023-12-11,印尼,社交媒体,Android,35-44,女
U01823,2023-09-24,菲律宾,自然搜索,iOS,18-24,女
U01824,2023-10-01,印尼,付费广告,iOS,25-34,男
U01825,2024-07-27,印尼,KOL推荐,Android,25-34,男
U01826,2024-12-17,泰国,付费广告,iOS,18-24,女
U01827,2024-11-04,马来西亚,付费广告,iOS,35-44,男
U01828,2023-12-23,菲律宾,KOL推荐,iOS,25-34,女
U01829,2024-08-08,越南,社交媒体,Android,18-24,男
U01830,2024-10-26,马来西亚,付费广告,iOS,25-34,男
U01831,2024-04-24,印尼,内容营销,iOS,35-44,女
U01832,2023-01-09,印尼,自然搜索,iOS,45+,女
U01833,2023-11-12,印尼,内容营销,Android,18-24,男
U01834,2023-09-06,菲律宾,自然搜索,iOS,25-34,男
U01835,2023-09-06,印尼,自然搜索,iOS,18-24,男
U01836,2023-06-20,泰国,内容营销,iOS,35-44,男
U01837,2023-03-03,越南,自然搜索,iOS,25-34,男
U01838,2024-04-02,马来西亚,社交媒体,Android,35-44,女
U01839,2023-04-09,泰国,KOL推荐,Android,25-34,女
U01840,2023-07-03,越南,内容营销,Android,35-44,男
U01841,2024-12-13,越南,内容营销,iOS,25-34,男
U01842,2024-02-09,越南,付费广告,Android,45+,女
U01843,2023-01-12,印尼,社交媒体,iOS,18-24,女
U01844,2023-01-09,马来西亚,自然搜索,Android,25-34,男
U01845,2023-07-03,泰国,付费广告,iOS,35-44,男
U01846,2023-04-07,泰国,KOL推荐,Android,25-34,男
U01847,2024-03-24,泰国,付费广告,iOS,18-24,男
U01848,2024-12-01,菲律宾,社交媒体,iOS,45+,女
U01849,2023-06-22,印尼,付费广告,Android,18-24,女
U01850,2023-05-11,越南,社交媒体,Android,18-24,女
U01851,2024-05-03,菲律宾,内容营销,Android,25-34,女
U01852,2023-12-20,菲律宾,自然搜索,Android,25-34,男
U01853,2023-10-07,菲律宾,社交媒体,Android,35-44,女
U01854,2024-03-21,马来西亚,内容营销,iOS,25-34,男
U01855,2024-06-19,越南,付费广告,Android,25-34,男
U01856,2023-01-22,菲律宾,自然搜索,Android,25-34,女
U01857,2024-01-24,越南,社交媒体,Android,25-34,男
U01858,2023-04-18,菲律宾,付费广告,iOS,45+,男
U01859,2023-12-04,印尼,自然搜索,Android,35-44,女
U01860,2023-04-05,菲律宾,KOL推荐,Android,25-34,男
U01861,2024-07-09,印尼,付费广告,iOS,18-24,女
U01862,2023-07-25,泰国,内容营销,iOS,45+,男
U01863,2023-07-12,印尼,KOL推荐,iOS,18-24,女
U01864,2023-10-20,马来西亚,社交媒体,Android,18-24,男
U01865,2024-09-13,马来西亚,自然搜索,iOS,18-24,女
U01866,2024-11-06,泰国,付费广告,iOS,18-24,男
U01867,2023-09-19,泰国,自然搜索,iOS,35-44,女
U01868,2024-12-16,泰国,内容营销,Android,25-34,女
U01869,2023-11-04,印尼,自然搜索,iOS,45+,男
U01870,2023-01-21,菲律宾,付费广告,iOS,18-24,男
U01871,2023-12-04,泰国,付费广告,Android,25-34,男
U01872,2023-05-06,印尼,付费广告,Android,45+,女
U01873,2024-02-01,菲律宾,自然搜索,iOS,35-44,女
U01874,2023-08-15,印尼,社交媒体,Android,35-44,男
U01875,2023-12-27,印尼,自然搜索,Android,18-24,女
U01876,2024-07-23,印尼,自然搜索,iOS,35-44,女
U01877,2023-07-09,印尼,付费广告,iOS,25-34,男
U01878,2023-11-27,越南,社交媒体,Android,25-34,男
U01879,2024-11-28,印尼,社交媒体,iOS,25-34,女
U01880,2023-08-04,印尼,付费广告,iOS,25-34,女
U01881,2023-10-20,菲律宾,社交媒体,Android,35-44,男
U01882,2023-10-08,印尼,付费广告,Android,35-44,男
U01883,2024-02-04,菲律宾,内容营销,Android,18-24,男
U01884,2024-08-26,泰国,自然搜索,iOS,25-34,女
U01885,2023-03-28,越南,社交媒体,Android,35-44,女
U01886,2023-03-27,泰国,内容营销,iOS,18-24,男
U01887,2023-04-12,泰国,KOL推荐,Android,25-34,男
U01888,2024-06-28,印尼,自然搜索,Android,18-24,男
U01889,2024-07-11,马来西亚,付费广告,Android,25-34,女
U01890,2024-06-14,泰国,社交媒体,iOS,45+,男
U01891,2023-11-14,越南,自然搜索,Android,18-24,女
U01892,2024-10-03,菲律宾,KOL推荐,Android,25-34,女
U01893,2023-02-09,泰国,社交媒体,Android,35-44,女
U01894,2023-08-05,印尼,社交媒体,iOS,18-24,女
U01895,2023-09-05,印尼,自然搜索,Android,45+,男
U01896,2024-09-13,印尼,社交媒体,iOS,25-34,女
U01897,2023-11-11,泰国,社交媒体,Android,35-44,女
U01898,2024-08-12,越南,KOL推荐,Android,18-24,女
U01899,2024-07-13,菲律宾,自然搜索,iOS,18-24,男
U01900,2023-09-04,印尼,自然搜索,iOS,25-34,男
U01901,2023-07-05,泰国,付费广告,iOS,25-34,女
U01902,2023-07-28,菲律宾,自然搜索,Android,35-44,女
U01903,2023-08-14,泰国,社交媒体,iOS,18-24,女
U01904,2024-12-10,印尼,内容营销,Android,25-34,女
U01905,2023-06-05,泰国,付费广告,Android,18-24,女
U01906,2024-03-16,马来西亚,KOL推荐,iOS,35-44,男
U01907,2023-02-28,越南,自然搜索,iOS,35-44,女
U01908,2024-03-08,越南,自然搜索,Android,25-34,女
U01909,2024-09-24,泰国,自然搜索,Android,18-24,女
U01910,2024-10-24,越南,付费广告,iOS,25-34,女
U01911,2024-01-17,菲律宾,内容营销,iOS,18-24,男
U01912,2024-03-25,马来西亚,自然搜索,Android,18-24,男
U01913,2024-02-25,越南,社交媒体,Android,25-34,女
U01914,2024-07-13,越南,付费广告,iOS,45+,男
U01915,2024-09-28,印尼,内容营销,iOS,35-44,女
U01916,2023-07-08,菲律宾,自然搜索,iOS,25-34,女
U01917,2023-07-19,印尼,自然搜索,Android,25-34,男
U01918,2024-03-07,越南,自然搜索,iOS,45+,女
U01919,2024-05-21,越南,付费广告,Android,25-34,男
U01920,2024-06-19,印尼,付费广告,iOS,25-34,女
U01921,2023-03-24,泰国,内容营销,Android,45+,男
U01922,2024-10-07,印尼,社交媒体,Android,18-24,女
U01923,2024-09-10,越南,社交媒体,Android,18-24,女
U01924,2023-07-26,菲律宾,付费广告,iOS,25-34,女
U01925,2023-11-26,泰国,自然搜索,Android,18-24,女
U01926,2023-03-27,印尼,付费广告,iOS,25-34,女
U01927,2024-09-22,印尼,内容营销,iOS,25-34,女
U01928,2023-09-04,印尼,KOL推荐,iOS,25-34,女
U01929,2023-08-24,泰国,内容营销,Android,45+,男
U01930,2024-10-12,印尼,KOL推荐,Android,18-24,女
U01931,2023-08-15,印尼,自然搜索,Android,25-34,男
U01932,2024-02-05,印尼,自然搜索,Android,18-24,女
U01933,2024-05-20,印尼,自然搜索,iOS,25-34,男
U01934,2023-11-22,印尼,付费广告,Android,35-44,男
U01935,2024-03-25,菲律宾,自然搜索,Android,25-34,男
U01936,2024-01-04,越南,付费广告,Android,18-24,男
U01937,2024-10-13,菲律宾,社交媒体,Android,25-34,女
U01938,2024-01-11,印尼,内容营销,Android,25-34,男
U01939,2023-05-25,泰国,社交媒体,Android,18-24,女
U01940,2024-02-22,泰国,内容营销,Android,25-34,男
U01941,2023-03-18,越南,自然搜索,iOS,25-34,女
U01942,2023-03-06,菲律宾,自然搜索,Android,45+,女
U01943,2023-08-24,印尼,社交媒体,Android,35-44,男
U01944,2024-09-17,菲律宾,付费广告,iOS,35-44,男
U01945,2023-01-28,印尼,付费广告,iOS,35-44,男
U01946,2023-07-18,越南,付费广告,iOS,35-44,男
U01947,2023-04-10,泰国,付费广告,Android,45+,男
U01948,2023-05-08,越南,付费广告,iOS,18-24,男
U01949,2024-01-17,越南,付费广告,iOS,25-34,男
U01950,2024-09-04,泰国,付费广告,Android,35-44,女
U01951,2023-10-21,泰国,社交媒体,Android,25-34,男
U01952,2023-08-10,印尼,付费广告,iOS,18-24,女
U01953,2024-01-12,印尼,付费广告,iOS,25-34,女
U01954,2024-09-13,马来西亚,自然搜索,Android,25-34,男
U01955,2023-10-21,马来西亚,付费广告,Android,18-24,女
U01956,2023-01-09,印尼,社交媒体,iOS,25-34,男
U01957,2023-03-17,越南,KOL推荐,Android,25-34,男
U01958,2024-09-10,印尼,社交媒体,iOS,35-44,女
U01959,2024-07-06,菲律宾,自然搜索,Android,35-44,男
U01960,2023-07-11,泰国,社交媒体,iOS,35-44,男
U01961,2024-04-04,越南,社交媒体,iOS,35-44,男
U01962,2023-04-18,菲律宾,付费广告,iOS,25-34,女
U01963,2024-06-07,越南,付费广告,iOS,25-34,女
U01964,2023-11-05,印尼,付费广告,Android,18-24,女
U01965,2024-09-28,印尼,社交媒体,Android,45+,女
U01966,2024-06-07,泰国,社交媒体,Android,18-24,男
U01967,2023-02-28,越南,自然搜索,iOS,35-44,男
U01968,2023-05-05,越南,社交媒体,iOS,25-34,男
U01969,2024-07-02,泰国,自然搜索,iOS,45+,女
U01970,2024-07-27,泰国,自然搜索,iOS,25-34,女
U01971,2023-05-12,菲律宾,内容营销,Android,35-44,男
U01972,2024-01-22,越南,内容营销,iOS,18-24,男
U01973,2024-08-07,印尼,自然搜索,Android,18-24,男
U01974,2023-02-22,越南,付费广告,Android,25-34,女
U01975,2024-02-25,马来西亚,自然搜索,iOS,45+,女
U01976,2023-05-20,越南,付费广告,Android,25-34,男
U01977,2024-10-12,越南,KOL推荐,iOS,45+,男
U01978,2023-04-17,菲律宾,内容营销,iOS,35-44,男
U01979,2024-04-25,菲律宾,社交媒体,Android,35-44,女
U01980,2023-10-03,泰国,付费广告,Android,25-34,女
U01981,2024-10-01,菲律宾,社交媒体,iOS,25-34,男
U01982,2023-06-03,越南,付费广告,Android,18-24,男
U01983,2024-07-27,印尼,内容营销,iOS,45+,男
U01984,2023-07-27,泰国,内容营销,Android,45+,女
U01985,2023-09-22,泰国,社交媒体,Android,35-44,女
U01986,2023-12-14,印尼,付费广告,Android,18-24,女
U01987,2023-01-25,印尼,付费广告,Android,18-24,女
U01988,2024-01-21,越南,自然搜索,Android,45+,男
U01989,2023-02-03,印尼,KOL推荐,iOS,18-24,女
U01990,2023-11-05,菲律宾,付费广告,iOS,35-44,男
U01991,2023-02-14,泰国,付费广告,Android,25-34,男
U01992,2024-01-14,印尼,付费广告,iOS,25-34,女
U01993,2023-03-08,泰国,KOL推荐,Android,35-44,女
U01994,2024-01-22,菲律宾,自然搜索,Android,18-24,女
U01995,2023-12-18,印尼,内容营销,Android,25-34,女
U01996,2024-06-17,马来西亚,内容营销,Android,45+,女
U01997,2023-07-22,泰国,内容营销,Android,35-44,男
U01998,2024-01-13,泰国,付费广告,Android,35-44,女
U01999,2023-06-21,越南,自然搜索,Android,35-44,女
U02000,2024-07-24,越南,付费广告,Android,18-24,女
U02001,2024-07-21,泰国,付费广告,iOS,18-24,女
U02002,2024-12-28,马来西亚,自然搜索,Android,25-34,女
U02003,2024-04-03,泰国,社交媒体,Android,25-34,女
U02004,2024-02-21,越南,付费广告,Android,25-34,男
U02005,2023-06-17,菲律宾,内容营销,iOS,35-44,女
U02006,2024-04-02,越南,自然搜索,iOS,18-24,女
U02007,2024-11-09,菲律宾,社交媒体,Android,35-44,男
U02008,2024-01-14,泰国,KOL推荐,Android,18-24,女
U02009,2024-08-21,印尼,KOL推荐,iOS,18-24,男
U02010,2023-12-20,泰国,内容营销,Android,25-34,男
U02011,2023-11-19,泰国,社交媒体,Android,35-44,女
U02012,2023-10-18,马来西亚,内容营销,Android,18-24,女
U02013,2023-03-16,泰国,付费广告,Android,25-34,男
U02014,2024-06-14,印尼,付费广告,iOS,35-44,女
U02015,2024-12-17,越南,自然搜索,Android,18-24,女
U02016,2023-05-17,越南,自然搜索,Android,25-34,女
U02017,2024-09-14,菲律宾,自然搜索,Android,45+,女
U02018,2023-03-25,泰国,自然搜索,iOS,25-34,女
U02019,2024-03-12,印尼,付费广告,iOS,18-24,女
U02020,2024-05-26,马来西亚,自然搜索,Android,25-34,女
U02021,2024-05-24,印尼,自然搜索,iOS,25-34,男
U02022,2024-07-27,马来西亚,内容营销,Android,18-24,男
U02023,2023-07-26,泰国,自然搜索,Android,18-24,男
U02024,2023-05-02,越南,社交媒体,Android,18-24,女
U02025,2024-04-13,越南,自然搜索,Android,18-24,男
U02026,2023-11-07,印尼,内容营销,Android,18-24,男
U02027,2024-11-03,马来西亚,内容营销,Android,25-34,女
U02028,2023-06-05,越南,社交媒体,Android,25-34,女
U02029,2023-01-01,印尼,社交媒体,Android,35-44,女
U02030,2024-06-23,泰国,自然搜索,Android,25-34,男
U02031,2023-03-25,印尼,内容营销,Android,35-44,男
U02032,2024-07-10,越南,内容营销,Android,25-34,男
U02033,2024-08-11,马来西亚,内容营销,iOS,18-24,男
U02034,2023-08-20,印尼,社交媒体,Android,25-34,男
U02035,2024-11-11,越南,付费广告,Android,35-44,男
U02036,2023-05-22,泰国,内容营销,Android,18-24,男
U02037,2024-12-04,泰国,付费广告,Android,18-24,女
U02038,2024-01-06,泰国,社交媒体,Android,25-34,男
U02039,2023-02-25,越南,自然搜索,Android,25-34,男
U02040,2023-06-22,菲律宾,内容营销,Android,25-34,女
U02041,2023-10-23,印尼,自然搜索,Android,18-24,女
U02042,2023-04-16,印尼,自然搜索,iOS,18-24,女
U02043,2024-11-10,泰国,社交媒体,iOS,35-44,女
U02044,2023-01-13,菲律宾,KOL推荐,Android,25-34,女
U02045,2024-02-23,印尼,社交媒体,Android,25-34,女
U02046,2023-12-13,泰国,自然搜索,Android,25-34,女
U02047,2023-01-27,印尼,自然搜索,iOS,25-34,男
U02048,2024-02-08,印尼,KOL推荐,iOS,18-24,男
U02049,2024-10-14,泰国,内容营销,Android,25-34,女
U02050,2023-01-27,越南,KOL推荐,iOS,18-24,女
U02051,2024-05-16,印尼,付费广告,Android,25-34,女
U02052,2023-12-20,泰国,内容营销,Android,25-34,女
U02053,2024-11-05,马来西亚,付费广告,Android,18-24,女
U02054,2024-09-24,菲律宾,付费广告,iOS,18-24,女
U02055,2024-06-04,印尼,付费广告,Android,18-24,女
U02056,2024-08-11,越南,付费广告,Android,18-24,男
U02057,2023-08-22,越南,KOL推荐,iOS,25-34,男
U02058,2023-09-26,印尼,付费广告,iOS,45+,女
U02059,2024-08-10,印尼,付费广告,iOS,25-34,女
U02060,2023-07-19,泰国,付费广告,iOS,25-34,男
U02061,2024-10-01,印尼,自然搜索,Android,35-44,女
U02062,2023-05-06,菲律宾,社交媒体,Android,25-34,女
U02063,2023-12-28,越南,自然搜索,Android,45+,男
U02064,2023-12-21,泰国,自然搜索,Android,35-44,女
U02065,2024-02-07,菲律宾,社交媒体,Android,35-44,女
U02066,2024-08-21,泰国,社交媒体,iOS,45+,女
U02067,2024-08-14,越南,KOL推荐,Android,18-24,女
U02068,2024-04-09,泰国,付费广告,Android,25-34,男
U02069,2023-02-17,越南,内容营销,Android,35-44,女
U02070,2023-04-14,菲律宾,内容营销,Android,25-34,女
U02071,2024-02-28,印尼,KOL推荐,Android,45+,女
U02072,2024-03-28,泰国,社交媒体,Android,18-24,男
U02073,2023-12-13,菲律宾,付费广告,Android,25-34,女
U02074,2024-10-10,菲律宾,内容营销,iOS,45+,女
U02075,2024-04-15,菲律宾,付费广告,Android,25-34,男
U02076,2023-08-04,泰国,自然搜索,Android,35-44,男
U02077,2023-01-14,越南,付费广告,iOS,18-24,男
U02078,2023-09-19,马来西亚,自然搜索,iOS,35-44,女
U02079,2023-06-16,菲律宾,内容营销,Android,45+,女
U02080,2024-12-11,泰国,社交媒体,iOS,25-34,女
U02081,2024-09-27,泰国,社交媒体,Android,18-24,男
U02082,2024-11-11,越南,社交媒体,Android,18-24,女
U02083,2024-02-11,马来西亚,付费广告,Android,35-44,女
U02084,2024-02-25,印尼,自然搜索,Android,35-44,男
U02085,2023-01-11,印尼,社交媒体,Android,18-24,女
U02086,2024-12-18,泰国,社交媒体,iOS,18-24,女
U02087,2024-05-04,印尼,付费广告,iOS,35-44,男
U02088,2024-10-14,菲律宾,KOL推荐,iOS,35-44,男
U02089,2023-08-15,越南,自然搜索,iOS,18-24,女
U02090,2024-04-01,菲律宾,自然搜索,Android,25-34,男
U02091,2023-01-10,马来西亚,自然搜索,Android,35-44,男
U02092,2023-02-25,泰国,付费广告,iOS,25-34,女
U02093,2023-12-04,印尼,KOL推荐,iOS,45+,女
U02094,2024-11-19,越南,KOL推荐,Android,25-34,女
U02095,2023-01-01,菲律宾,付费广告,Android,35-44,男
U02096,2023-09-20,印尼,社交媒体,iOS,25-34,女
U02097,2024-01-11,印尼,社交媒体,Android,45+,女
U02098,2024-07-21,菲律宾,自然搜索,iOS,25-34,女
U02099,2024-05-03,越南,自然搜索,iOS,18-24,男
U02100,2024-08-13,马来西亚,内容营销,iOS,25-34,女
U02101,2024-10-25,印尼,社交媒体,Android,35-44,女
U02102,2024-07-20,泰国,内容营销,iOS,25-34,女
U02103,2024-09-24,印尼,付费广告,iOS,25-34,女
U02104,2023-09-19,菲律宾,社交媒体,iOS,25-34,男
U02105,2024-07-23,越南,自然搜索,Android,18-24,女
U02106,2023-01-17,菲律宾,付费广告,iOS,18-24,女
U02107,2024-02-12,马来西亚,付费广告,iOS,18-24,女
U02108,2023-02-22,越南,付费广告,iOS,25-34,男
U02109,2023-03-28,马来西亚,自然搜索,iOS,35-44,女
U02110,2024-12-05,泰国,付费广告,Android,35-44,女
U02111,2023-03-14,泰国,自然搜索,iOS,45+,女
U02112,2024-12-24,泰国,社交媒体,iOS,25-34,女
U02113,2024-06-05,菲律宾,付费广告,Android,35-44,男
U02114,2023-03-23,印尼,自然搜索,iOS,18-24,女
U02115,2023-02-09,泰国,自然搜索,iOS,18-24,女
U02116,2024-06-27,越南,自然搜索,iOS,18-24,女
U02117,2023-02-22,印尼,社交媒体,Android,25-34,男
U02118,2024-07-03,泰国,自然搜索,Android,18-24,男
U02119,2024-06-14,菲律宾,KOL推荐,Android,18-24,女
U02120,2024-01-16,菲律宾,自然搜索,Android,25-34,男
U02121,2024-09-28,印尼,自然搜索,Android,25-34,女
U02122,2023-11-21,马来西亚,内容营销,Android,25-34,男
U02123,2024-11-24,越南,社交媒体,Android,25-34,女
U02124,2024-12-12,马来西亚,自然搜索,iOS,18-24,女
U02125,2023-03-06,印尼,KOL推荐,iOS,18-24,男
U02126,2024-04-12,印尼,付费广告,Android,18-24,女
U02127,2024-09-20,泰国,KOL推荐,Android,18-24,男
U02128,2023-06-20,菲律宾,社交媒体,Android,25-34,男
U02129,2024-02-24,越南,社交媒体,Android,35-44,男
U02130,2023-09-17,泰国,内容营销,Android,25-34,女
U02131,2023-12-01,泰国,自然搜索,iOS,25-34,男
U02132,2024-08-22,印尼,社交媒体,iOS,35-44,男
U02133,2023-08-28,印尼,付费广告,Android,18-24,女
U02134,2023-12-16,印尼,自然搜索,iOS,18-24,男
U02135,2023-01-03,菲律宾,自然搜索,Android,25-34,男
U02136,2023-12-04,泰国,自然搜索,Android,25-34,男
U02137,2023-10-02,印尼,社交媒体,Android,25-34,男
U02138,2023-09-03,泰国,社交媒体,iOS,35-44,男
U02139,2024-08-20,菲律宾,社交媒体,Android,18-24,男
U02140,2023-01-05,菲律宾,自然搜索,iOS,25-34,男
U02141,2023-05-02,印尼,付费广告,iOS,18-24,男
U02142,2024-03-01,印尼,内容营销,Android,35-44,男
U02143,2024-09-05,越南,付费广告,iOS,35-44,女
U02144,2023-07-11,印尼,社交媒体,iOS,18-24,女
U02145,2023-10-02,菲律宾,KOL推荐,iOS,18-24,男
U02146,2024-02-24,越南,KOL推荐,Android,18-24,女
U02147,2024-09-05,越南,付费广告,iOS,18-24,女
U02148,2024-04-25,印尼,内容营销,Android,25-34,女
U02149,2023-02-10,菲律宾,付费广告,Android,25-34,男
U02150,2024-06-05,越南,内容营销,Android,45+,女
U02151,2024-05-11,泰国,自然搜索,Android,25-34,男
U02152,2023-05-21,印尼,付费广告,iOS,18-24,女
U02153,2024-12-06,菲律宾,自然搜索,iOS,18-24,男
U02154,2024-10-16,泰国,KOL推荐,iOS,18-24,男
U02155,2023-05-21,泰国,付费广告,iOS,18-24,女
U02156,2024-12-16,泰国,自然搜索,Android,35-44,女
U02157,2024-05-09,越南,自然搜索,iOS,18-24,女
U02158,2024-10-25,越南,内容营销,iOS,45+,男
U02159,2023-02-19,印尼,KOL推荐,Android,25-34,男
U02160,2024-05-05,印尼,社交媒体,Android,25-34,女
U02161,2023-02-11,印尼,社交媒体,Android,25-34,女
U02162,2023-01-09,越南,付费广告,Android,35-44,女
U02163,2023-06-11,菲律宾,付费广告,Android,25-34,女
U02164,2023-08-13,印尼,内容营销,Android,25-34,男
U02165,2023-12-09,马来西亚,自然搜索,iOS,18-24,男
U02166,2024-03-05,印尼,付费广告,Android,45+,男
U02167,2024-03-02,泰国,付费广告,Android,18-24,女
U02168,2024-03-20,印尼,付费广告,iOS,25-34,女
U02169,2023-03-10,越南,付费广告,iOS,25-34,女
U02170,2023-07-10,印尼,付费广告,Android,18-24,男
U02171,2023-10-08,泰国,自然搜索,Android,18-24,男
U02172,2024-01-21,泰国,付费广告,iOS,18-24,男
U02173,2023-02-12,菲律宾,自然搜索,iOS,35-44,女
U02174,2023-09-01,泰国,自然搜索,Android,25-34,男
U02175,2024-09-12,菲律宾,自然搜索,Android,35-44,女
U02176,2023-12-03,越南,KOL推荐,iOS,35-44,女
U02177,2024-12-08,印尼,付费广告,iOS,18-24,男
U02178,2024-01-28,印尼,社交媒体,Android,25-34,男
U02179,2024-05-20,印尼,社交媒体,iOS,35-44,女
U02180,2023-10-15,越南,社交媒体,Android,25-34,男
U02181,2024-12-25,泰国,付费广告,iOS,25-34,女
U02182,2023-09-18,泰国,付费广告,iOS,35-44,女
U02183,2023-08-27,越南,付费广告,iOS,18-24,男
U02184,2024-02-11,印尼,社交媒体,iOS,35-44,女
U02185,2024-01-16,马来西亚,付费广告,iOS,18-24,女
U02186,2024-02-09,菲律宾,KOL推荐,iOS,25-34,女
U02187,2023-09-19,菲律宾,内容营销,Android,18-24,女
U02188,2023-05-15,菲律宾,自然搜索,iOS,35-44,男
U02189,2023-11-19,印尼,自然搜索,Android,25-34,女
U02190,2023-06-10,越南,社交媒体,iOS,25-34,女
U02191,2024-04-05,马来西亚,付费广告,Android,35-44,女
U02192,2024-06-19,印尼,自然搜索,iOS,35-44,男
U02193,2024-11-10,印尼,内容营销,iOS,35-44,男
U02194,2023-10-12,泰国,自然搜索,Android,18-24,男
U02195,2024-09-03,越南,内容营销,Android,35-44,女
U02196,2023-04-22,越南,社交媒体,Android,25-34,男
U02197,2024-12-12,菲律宾,KOL推荐,Android,25-34,女
U02198,2023-07-12,印尼,自然搜索,Android,45+,男
U02199,2023-03-18,越南,自然搜索,iOS,18-24,男
U02200,2024-07-05,马来西亚,付费广告,Android,18-24,男
U02201,2024-02-23,泰国,自然搜索,Android,25-34,女
U02202,2023-08-22,越南,付费广告,Android,35-44,女
U02203,2024-03-16,泰国,付费广告,Android,25-34,男
U02204,2024-06-11,印尼,自然搜索,iOS,25-34,女
U02205,2023-02-10,马来西亚,自然搜索,iOS,25-34,男
U02206,2023-11-05,越南,KOL推荐,Android,25-34,女
U02207,2024-09-17,菲律宾,自然搜索,Android,35-44,女
U02208,2023-01-25,越南,自然搜索,Android,18-24,男
U02209,2024-02-15,马来西亚,社交媒体,Android,35-44,男
U02210,2023-07-08,菲律宾,内容营销,iOS,35-44,男
U02211,2024-04-13,菲律宾,付费广告,iOS,25-34,男
U02212,2023-05-03,泰国,自然搜索,iOS,25-34,女
U02213,2024-01-19,马来西亚,社交媒体,Android,18-24,女
U02214,2023-12-19,印尼,内容营销,Android,35-44,女
U02215,2024-05-11,越南,KOL推荐,iOS,25-34,女
U02216,2023-03-02,菲律宾,社交媒体,Android,25-34,男
U02217,2024-12-26,越南,付费广告,iOS,25-34,男
U02218,2024-02-26,菲律宾,付费广告,iOS,25-34,女
U02219,2024-10-21,泰国,自然搜索,Android,35-44,女
U02220,2024-05-02,印尼,社交媒体,iOS,35-44,女
U02221,2024-06-23,印尼,社交媒体,Android,25-34,女
U02222,2024-03-12,泰国,内容营销,Android,35-44,男
U02223,2024-04-16,泰国,付费广告,Android,35-44,男
U02224,2023-07-06,泰国,自然搜索,iOS,18-24,女
U02225,2024-02-08,越南,付费广告,Android,18-24,女
U02226,2024-08-25,越南,社交媒体,Android,35-44,女
U02227,2024-12-19,印尼,KOL推荐,Android,35-44,男
U02228,2024-07-28,越南,自然搜索,Android,25-34,男
U02229,2023-12-09,越南,付费广告,iOS,18-24,男
U02230,2023-09-27,印尼,付费广告,iOS,35-44,女
U02231,2023-05-26,泰国,付费广告,Android,25-34,女
U02232,2024-02-01,马来西亚,内容营销,Android,35-44,男
U02233,2023-03-11,菲律宾,付费广告,iOS,45+,女
U02234,2024-09-04,印尼,KOL推荐,iOS,45+,女
U02235,2024-08-01,印尼,社交媒体,Android,35-44,男
U02236,2023-06-28,菲律宾,KOL推荐,iOS,18-24,男
U02237,2023-10-27,泰国,付费广告,iOS,35-44,男
U02238,2023-04-17,泰国,KOL推荐,iOS,18-24,男
U02239,2024-10-21,泰国,付费广告,iOS,35-44,女
U02240,2023-05-02,菲律宾,付费广告,Android,18-24,男
U02241,2023-01-16,泰国,自然搜索,iOS,25-34,男
U02242,2023-07-21,印尼,付费广告,iOS,18-24,男
U02243,2023-03-14,马来西亚,付费广告,iOS,35-44,男
U02244,2024-10-19,菲律宾,付费广告,iOS,18-24,女
U02245,2024-04-22,印尼,内容营销,Android,25-34,男
U02246,2023-06-25,泰国,自然搜索,iOS,35-44,女
U02247,2024-12-01,菲律宾,KOL推荐,Android,35-44,男
U02248,2023-07-11,印尼,内容营销,iOS,18-24,女
U02249,2024-06-09,泰国,自然搜索,iOS,25-34,女
U02250,2024-10-03,泰国,社交媒体,iOS,18-24,男
U02251,2024-12-23,马来西亚,付费广告,iOS,35-44,女
U02252,2023-08-08,印尼,自然搜索,Android,45+,男
U02253,2024-11-01,菲律宾,付费广告,Android,35-44,男
U02254,2023-10-15,菲律宾,内容营销,Android,18-24,男
U02255,2023-10-26,印尼,自然搜索,iOS,25-34,男
U02256,2023-08-21,印尼,社交媒体,iOS,45+,男
U02257,2023-02-18,越南,付费广告,iOS,18-24,男
U02258,2023-02-25,越南,内容营销,Android,25-34,男
U02259,2024-09-19,越南,自然搜索,iOS,25-34,女
U02260,2024-10-09,菲律宾,社交媒体,iOS,35-44,男
U02261,2023-10-27,印尼,社交媒体,iOS,35-44,男
U02262,2023-04-21,菲律宾,社交媒体,iOS,25-34,女
U02263,2023-01-11,越南,内容营销,Android,35-44,男
U02264,2024-10-02,印尼,KOL推荐,Android,25-34,男
U02265,2024-11-04,印尼,自然搜索,Android,18-24,男
U02266,2024-03-20,印尼,付费广告,Android,18-24,女
U02267,2024-01-01,印尼,付费广告,Android,25-34,男
U02268,2024-10-02,泰国,付费广告,iOS,18-24,女
U02269,2023-06-07,印尼,付费广告,Android,35-44,男
U02270,2024-07-04,泰国,付费广告,iOS,18-24,男
U02271,2024-06-23,越南,付费广告,iOS,18-24,男
U02272,2023-09-21,印尼,内容营销,Android,25-34,女
U02273,2023-11-05,印尼,自然搜索,Android,18-24,女
U02274,2024-12-01,马来西亚,内容营销,Android,25-34,男
U02275,2023-02-23,印尼,付费广告,Android,25-34,男
U02276,2023-03-22,印尼,社交媒体,iOS,35-44,女
U02277,2024-05-24,印尼,KOL推荐,iOS,45+,男
U02278,2023-02-01,印尼,付费广告,iOS,35-44,女
U02279,2023-02-08,泰国,付费广告,Android,18-24,女
U02280,2024-01-26,越南,付费广告,Android,45+,男
U02281,2024-02-21,越南,付费广告,iOS,25-34,男
U02282,2023-12-09,印尼,内容营销,iOS,25-34,女
U02283,2024-07-24,泰国,KOL推荐,Android,25-34,女
U02284,2024-08-07,泰国,自然搜索,Android,18-24,女
U02285,2023-10-24,越南,自然搜索,Android,35-44,男
U02286,2023-03-19,马来西亚,付费广告,iOS,25-34,女
U02287,2024-05-08,越南,自然搜索,Android,25-34,男
U02288,2024-06-07,印尼,社交媒体,Android,18-24,男
U02289,2023-07-23,泰国,自然搜索,iOS,35-44,女
U02290,2024-08-23,印尼,付费广告,Android,35-44,女
U02291,2024-04-15,越南,自然搜索,Android,18-24,男
U02292,2024-02-16,泰国,付费广告,iOS,35-44,女
U02293,2024-12-09,印尼,社交媒体,Android,35-44,女
U02294,2024-11-22,泰国,付费广告,Android,25-34,男
U02295,2024-09-10,泰国,内容营销,Android,25-34,女
U02296,2024-03-26,泰国,内容营销,iOS,25-34,女
U02297,2024-11-10,泰国,付费广告,Android,18-24,女
U02298,2023-02-05,泰国,自然搜索,iOS,35-44,女
U02299,2023-08-06,越南,KOL推荐,Android,25-34,女
U02300,2023-06-01,菲律宾,内容营销,Android,25-34,女
U02301,2024-04-18,印尼,KOL推荐,iOS,35-44,男
U02302,2023-03-07,印尼,自然搜索,iOS,18-24,男
U02303,2023-12-10,越南,内容营销,Android,18-24,女
U02304,2024-10-21,马来西亚,付费广告,iOS,18-24,女
U02305,2023-10-23,越南,社交媒体,Android,18-24,男
U02306,2023-09-27,泰国,内容营销,Android,18-24,男
U02307,2023-11-19,印尼,自然搜索,Android,45+,女
U02308,2023-08-28,泰国,内容营销,Android,18-24,男
U02309,2024-06-04,越南,付费广告,iOS,35-44,男
U02310,2023-02-13,印尼,内容营销,iOS,18-24,男
U02311,2024-11-14,菲律宾,付费广告,Android,25-34,女
U02312,2024-08-28,印尼,内容营销,Android,45+,男
U02313,2024-10-24,印尼,自然搜索,iOS,18-24,女
U02314,2024-03-13,马来西亚,社交媒体,Android,35-44,女
U02315,2023-06-20,泰国,付费广告,Android,45+,女
U02316,2023-06-01,越南,付费广告,iOS,25-34,男
U02317,2024-03-06,越南,自然搜索,Android,25-34,男
U02318,2024-03-15,越南,社交媒体,Android,35-44,男
U02319,2024-02-10,越南,自然搜索,iOS,35-44,女
U02320,2023-08-04,马来西亚,社交媒体,iOS,18-24,女
U02321,2024-10-06,印尼,付费广告,Android,25-34,男
U02322,2024-08-24,印尼,内容营销,Android,25-34,女
U02323,2024-09-28,越南,自然搜索,iOS,18-24,女
U02324,2024-05-23,菲律宾,自然搜索,iOS,35-44,男
U02325,2024-12-22,马来西亚,自然搜索,iOS,25-34,男
U02326,2023-07-12,菲律宾,付费广告,Android,25-34,女
U02327,2024-11-04,泰国,自然搜索,iOS,25-34,女
U02328,2024-02-04,印尼,付费广告,iOS,18-24,女
U02329,2024-04-28,泰国,内容营销,Android,18-24,男
U02330,2023-01-18,越南,社交媒体,Android,25-34,女
U02331,2024-07-21,泰国,社交媒体,Android,25-34,男
U02332,2023-10-25,印尼,自然搜索,iOS,18-24,男
U02333,2023-05-13,印尼,社交媒体,iOS,18-24,女
U02334,2023-06-23,泰国,自然搜索,iOS,25-34,男
U02335,2023-04-16,越南,KOL推荐,Android,35-44,女
U02336,2023-08-16,越南,付费广告,Android,35-44,男
U02337,2023-11-22,越南,付费广告,iOS,18-24,女
U02338,2023-01-22,泰国,付费广告,iOS,25-34,女
U02339,2024-06-04,越南,内容营销,Android,35-44,女
U02340,2023-11-20,菲律宾,自然搜索,Android,25-34,男
U02341,2023-10-16,泰国,社交媒体,Android,45+,女
U02342,2023-10-05,泰国,自然搜索,Android,45+,男
U02343,2024-06-22,越南,社交媒体,Android,18-24,女
U02344,2023-11-03,马来西亚,内容营销,Android,18-24,女
U02345,2023-09-15,印尼,付费广告,Android,18-24,男
U02346,2024-10-19,印尼,付费广告,Android,18-24,男
U02347,2024-07-05,越南,内容营销,Android,45+,女
U02348,2023-06-04,印尼,付费广告,Android,45+,女
U02349,2023-12-05,泰国,付费广告,iOS,18-24,男
U02350,2023-03-10,印尼,社交媒体,iOS,25-34,女
U02351,2024-01-04,马来西亚,社交媒体,Android,25-34,女
U02352,2024-12-08,印尼,自然搜索,Android,25-34,女
U02353,2023-01-20,菲律宾,KOL推荐,Android,25-34,男
U02354,2023-02-04,印尼,付费广告,iOS,45+,女
U02355,2024-09-01,泰国,自然搜索,Android,18-24,女
U02356,2024-09-07,马来西亚,KOL推荐,iOS,18-24,女
U02357,2023-05-23,泰国,付费广告,Android,18-24,女
U02358,2024-01-25,印尼,自然搜索,iOS,25-34,男
U02359,2024-01-08,泰国,社交媒体,iOS,25-34,男
U02360,2024-05-10,泰国,内容营销,iOS,25-34,男
U02361,2023-10-02,越南,内容营销,Android,25-34,男
U02362,2023-06-21,越南,内容营销,iOS,35-44,男
U02363,2023-01-18,印尼,内容营销,iOS,25-34,女
U02364,2023-03-26,印尼,自然搜索,iOS,25-34,女
U02365,2024-09-07,泰国,付费广告,iOS,35-44,男
U02366,2024-04-22,泰国,KOL推荐,Android,35-44,男
U02367,2023-03-06,印尼,付费广告,iOS,18-24,男
U02368,2023-04-16,越南,社交媒体,iOS,25-34,女
U02369,2023-03-04,印尼,社交媒体,Android,35-44,女
U02370,2023-11-24,印尼,付费广告,Android,18-24,男
U02371,2024-05-19,菲律宾,内容营销,Android,25-34,女
U02372,2023-08-28,印尼,付费广告,Android,25-34,男
U02373,2024-02-26,越南,付费广告,Android,18-24,男
U02374,2024-04-25,印尼,内容营销,iOS,18-24,男
U02375,2024-07-16,越南,付费广告,Android,25-34,女
U02376,2023-10-15,越南,自然搜索,Android,35-44,男
U02377,2023-04-28,菲律宾,付费广告,Android,35-44,男
U02378,2023-04-13,越南,KOL推荐,Android,45+,男
U02379,2023-12-15,菲律宾,KOL推荐,Android,18-24,男
U02380,2024-11-13,菲律宾,KOL推荐,iOS,18-24,女
U02381,2023-06-26,菲律宾,社交媒体,iOS,35-44,男
U02382,2024-02-03,马来西亚,付费广告,Android,25-34,女
U02383,2023-08-12,越南,内容营销,Android,25-34,男
U02384,2024-02-05,越南,内容营销,iOS,18-24,男
U02385,2023-02-10,印尼,自然搜索,Android,18-24,男
U02386,2023-03-23,越南,自然搜索,Android,25-34,男
U02387,2023-10-09,印尼,内容营销,iOS,18-24,男
U02388,2024-05-28,印尼,内容营销,Android,45+,男
U02389,2023-06-27,印尼,内容营销,Android,18-24,女
U02390,2023-09-23,越南,内容营销,iOS,45+,女
U02391,2023-03-07,泰国,付费广告,Android,35-44,女
U02392,2023-12-18,越南,社交媒体,iOS,25-34,男
U02393,2023-10-02,泰国,付费广告,Android,35-44,女
U02394,2024-05-03,菲律宾,自然搜索,iOS,35-44,男
U02395,2023-01-08,越南,社交媒体,Android,18-24,女
U02396,2024-01-11,泰国,付费广告,iOS,25-34,女
U02397,2023-08-20,泰国,社交媒体,iOS,25-34,女
U02398,2023-01-02,印尼,付费广告,Android,25-34,男
U02399,2024-06-18,印尼,付费广告,iOS,25-34,男
U02400,2023-09-07,越南,自然搜索,Android,25-34,男
U02401,2023-09-10,泰国,付费广告,Android,25-34,男
U02402,2023-02-05,越南,自然搜索,Android,25-34,男
U02403,2024-05-02,越南,自然搜索,Android,25-34,男
U02404,2024-08-10,印尼,内容营销,iOS,25-34,男
U02405,2023-01-12,印尼,自然搜索,iOS,35-44,男
U02406,2024-12-15,越南,付费广告,Android,25-34,男
U02407,2023-06-14,泰国,社交媒体,Android,35-44,女
U02408,2024-02-15,马来西亚,社交媒体,iOS,25-34,男
U02409,2023-01-25,越南,自然搜索,Android,25-34,男
U02410,2024-05-11,印尼,KOL推荐,Android,25-34,女
U02411,2024-03-20,泰国,KOL推荐,Android,18-24,女
U02412,2024-04-21,印尼,自然搜索,Android,45+,男
U02413,2023-09-12,泰国,付费广告,Android,18-24,女
U02414,2023-02-15,印尼,内容营销,Android,25-34,男
U02415,2023-09-28,马来西亚,KOL推荐,Android,18-24,男
U02416,2024-04-17,越南,社交媒体,iOS,18-24,男
U02417,2024-08-27,泰国,自然搜索,Android,35-44,男
U02418,2024-11-04,泰国,付费广告,Android,25-34,女
U02419,2023-08-07,越南,社交媒体,Android,35-44,男
U02420,2023-06-05,泰国,自然搜索,Android,18-24,男
U02421,2023-10-03,泰国,付费广告,iOS,18-24,女
U02422,2024-12-20,菲律宾,社交媒体,Android,18-24,男
U02423,2024-12-17,越南,付费广告,Android,25-34,女
U02424,2024-04-11,越南,KOL推荐,iOS,35-44,男
U02425,2024-01-18,马来西亚,KOL推荐,iOS,25-34,男
U02426,2024-02-02,泰国,付费广告,Android,25-34,男
U02427,2023-12-22,马来西亚,KOL推荐,iOS,45+,女
U02428,2024-09-26,越南,自然搜索,iOS,18-24,女
U02429,2023-10-07,菲律宾,KOL推荐,iOS,25-34,男
U02430,2023-02-25,印尼,自然搜索,Android,25-34,男
U02431,2024-06-17,菲律宾,自然搜索,Android,18-24,女
U02432,2024-04-02,马来西亚,社交媒体,iOS,18-24,女
U02433,2023-11-19,越南,付费广告,Android,18-24,女
U02434,2024-10-07,马来西亚,内容营销,Android,35-44,女
U02435,2024-10-17,越南,付费广告,iOS,25-34,女
U02436,2024-03-09,越南,付费广告,iOS,35-44,男
U02437,2023-12-08,越南,付费广告,Android,25-34,女
U02438,2023-02-17,印尼,付费广告,Android,25-34,女
U02439,2024-04-23,泰国,付费广告,Android,35-44,女
U02440,2024-04-03,印尼,社交媒体,iOS,45+,男
U02441,2024-07-16,印尼,KOL推荐,iOS,18-24,女
U02442,2023-11-26,菲律宾,内容营销,Android,25-34,女
U02443,2023-09-14,菲律宾,内容营销,iOS,35-44,女
U02444,2023-02-13,越南,付费广告,Android,45+,女
U02445,2023-05-20,越南,社交媒体,iOS,45+,女
U02446,2024-02-01,越南,付费广告,iOS,25-34,女
U02447,2023-06-22,泰国,社交媒体,iOS,18-24,男
U02448,2023-11-17,泰国,付费广告,iOS,18-24,男
U02449,2024-11-22,越南,内容营销,iOS,45+,女
U02450,2024-02-14,越南,社交媒体,iOS,25-34,女
U02451,2024-08-07,马来西亚,内容营销,Android,18-24,男
U02452,2024-07-26,印尼,KOL推荐,Android,45+,女
U02453,2024-10-06,越南,内容营销,iOS,18-24,男
U02454,2024-01-10,印尼,KOL推荐,Android,35-44,男
U02455,2024-10-19,泰国,付费广告,iOS,25-34,女
U02456,2023-10-05,越南,付费广告,iOS,18-24,女
U02457,2024-01-17,印尼,付费广告,Android,25-34,女
U02458,2024-10-23,印尼,自然搜索,Android,18-24,女
U02459,2023-05-21,越南,付费广告,Android,25-34,男
U02460,2024-10-07,马来西亚,付费广告,iOS,25-34,男
U02461,2024-08-07,菲律宾,付费广告,Android,18-24,女
U02462,2024-03-15,印尼,内容营销,Android,45+,女
U02463,2024-09-23,印尼,内容营销,iOS,25-34,男
U02464,2023-01-26,印尼,自然搜索,iOS,18-24,女
U02465,2023-12-02,泰国,付费广告,Android,18-24,女
U02466,2024-06-15,越南,付费广告,Android,18-24,女
U02467,2023-07-09,泰国,付费广告,iOS,45+,女
U02468,2024-11-28,印尼,KOL推荐,iOS,18-24,男
U02469,2024-10-03,印尼,付费广告,iOS,25-34,男
U02470,2024-09-10,泰国,社交媒体,Android,35-44,女
U02471,2023-02-25,马来西亚,内容营销,Android,25-34,女
U02472,2024-10-25,马来西亚,KOL推荐,iOS,25-34,男
U02473,2023-12-07,印尼,自然搜索,iOS,35-44,女
U02474,2023-05-04,印尼,社交媒体,Android,35-44,女
U02475,2023-01-15,菲律宾,付费广告,Android,18-24,男
U02476,2023-09-06,泰国,付费广告,Android,25-34,女
U02477,2024-02-02,菲律宾,自然搜索,iOS,45+,男
U02478,2023-12-23,泰国,付费广告,Android,25-34,男
U02479,2023-06-13,菲律宾,付费广告,Android,35-44,女
U02480,2023-04-22,越南,付费广告,iOS,45+,男
U02481,2024-04-11,菲律宾,社交媒体,Android,35-44,男
U02482,2023-06-05,马来西亚,KOL推荐,Android,18-24,女
U02483,2023-01-19,泰国,自然搜索,Android,18-24,女
U02484,2023-07-18,越南,自然搜索,Android,25-34,女
U02485,2023-10-10,马来西亚,KOL推荐,Android,18-24,男
U02486,2024-05-24,印尼,自然搜索,iOS,45+,男
U02487,2023-07-22,菲律宾,内容营销,iOS,25-34,女
U02488,2024-09-22,印尼,社交媒体,Android,25-34,男
U02489,2023-01-12,越南,付费广告,Android,35-44,女
U02490,2024-05-16,越南,自然搜索,Android,25-34,男
U02491,2024-08-15,泰国,自然搜索,iOS,25-34,女
U02492,2024-07-20,菲律宾,自然搜索,Android,18-24,男
U02493,2024-05-26,越南,自然搜索,Android,25-34,男
U02494,2023-04-04,印尼,社交媒体,Android,35-44,女
U02495,2023-03-08,印尼,自然搜索,Android,35-44,女
U02496,2024-11-09,印尼,付费广告,Android,25-34,男
U02497,2023-02-26,菲律宾,社交媒体,iOS,18-24,女
U02498,2024-07-22,马来西亚,付费广告,iOS,35-44,女
U02499,2024-06-16,越南,自然搜索,iOS,45+,男
U02500,2024-06-26,菲律宾,自然搜索,Android,25-34,男
U02501,2024-06-12,菲律宾,自然搜索,iOS,35-44,男
U02502,2023-02-21,印尼,社交媒体,Android,25-34,女
U02503,2023-01-23,马来西亚,付费广告,iOS,25-34,女
U02504,2024-04-17,泰国,KOL推荐,Android,35-44,女
U02505,2023-01-21,泰国,付费广告,Android,18-24,女
U02506,2024-11-03,菲律宾,付费广告,Android,25-34,女
U02507,2024-11-25,越南,付费广告,Android,18-24,女
U02508,2024-08-16,菲律宾,社交媒体,iOS,25-34,女
U02509,2024-09-14,菲律宾,付费广告,iOS,25-34,男
U02510,2024-04-24,泰国,自然搜索,Android,18-24,男
U02511,2023-09-21,菲律宾,社交媒体,Android,25-34,女
U02512,2024-09-02,越南,付费广告,Android,18-24,女
U02513,2024-01-22,印尼,付费广告,Android,35-44,男
U02514,2023-05-21,印尼,社交媒体,Android,18-24,女
U02515,2024-08-17,马来西亚,付费广告,iOS,35-44,女
U02516,2023-06-17,泰国,社交媒体,Android,25-34,女
U02517,2023-02-07,印尼,付费广告,iOS,45+,女
U02518,2024-05-24,印尼,社交媒体,iOS,45+,女
U02519,2023-08-23,印尼,社交媒体,iOS,18-24,男
U02520,2024-11-01,印尼,付费广告,iOS,18-24,男
U02521,2024-07-25,泰国,社交媒体,iOS,35-44,女
U02522,2023-05-05,越南,内容营销,Android,25-34,女
U02523,2024-11-27,越南,付费广告,Android,18-24,男
U02524,2024-12-22,菲律宾,付费广告,iOS,18-24,女
U02525,2024-09-01,越南,KOL推荐,Android,25-34,男
U02526,2023-10-10,泰国,社交媒体,iOS,45+,女
U02527,2024-10-03,马来西亚,自然搜索,iOS,45+,女
U02528,2023-12-26,泰国,内容营销,Android,18-24,男
U02529,2023-12-07,马来西亚,自然搜索,Android,25-34,男
U02530,2024-04-20,印尼,社交媒体,iOS,18-24,女
U02531,2023-03-28,菲律宾,KOL推荐,iOS,25-34,男
U02532,2023-07-22,越南,内容营销,Android,35-44,男
U02533,2024-02-27,泰国,自然搜索,iOS,35-44,女
U02534,2023-04-10,印尼,社交媒体,Android,25-34,男
U02535,2024-12-02,菲律宾,付费广告,Android,18-24,女
U02536,2024-10-16,印尼,付费广告,iOS,25-34,男
U02537,2023-03-15,泰国,自然搜索,Android,45+,女
U02538,2023-08-16,菲律宾,社交媒体,iOS,18-24,男
U02539,2023-11-24,菲律宾,付费广告,Android,25-34,女
U02540,2023-11-11,印尼,自然搜索,Android,35-44,女
U02541,2023-01-02,菲律宾,社交媒体,Android,35-44,男
U02542,2024-08-01,菲律宾,社交媒体,Android,45+,女
U02543,2024-07-20,印尼,KOL推荐,Android,25-34,男
U02544,2023-10-19,泰国,内容营销,iOS,25-34,女
U02545,2024-09-11,印尼,付费广告,Android,25-34,女
U02546,2023-12-10,泰国,内容营销,Android,45+,女
U02547,2023-07-24,越南,内容营销,iOS,35-44,女
U02548,2023-08-11,越南,付费广告,Android,35-44,男
U02549,2024-06-16,泰国,自然搜索,iOS,18-24,男
U02550,2023-01-06,越南,付费广告,Android,35-44,男
U02551,2024-05-22,泰国,付费广告,Android,25-34,女
U02552,2024-01-23,菲律宾,社交媒体,Android,18-24,女
U02553,2023-10-10,马来西亚,社交媒体,Android,18-24,男
U02554,2023-01-07,泰国,社交媒体,iOS,35-44,男
U02555,2024-08-09,马来西亚,付费广告,Android,25-34,男
U02556,2023-11-20,印尼,自然搜索,iOS,35-44,男
U02557,2023-02-01,越南,内容营销,Android,35-44,男
U02558,2024-11-12,泰国,付费广告,Android,18-24,女
U02559,2023-07-19,印尼,内容营销,Android,35-44,女
U02560,2023-05-26,菲律宾,自然搜索,Android,18-24,女
U02561,2023-12-14,印尼,内容营销,Android,25-34,女
U02562,2023-07-08,泰国,自然搜索,iOS,25-34,女
U02563,2024-02-12,泰国,自然搜索,iOS,35-44,女
U02564,2023-09-10,越南,自然搜索,iOS,25-34,女
U02565,2023-10-01,越南,社交媒体,Android,35-44,男
U02566,2024-10-06,泰国,内容营销,Android,35-44,男
U02567,2024-02-23,越南,付费广告,Android,25-34,女
U02568,2023-09-23,菲律宾,内容营销,Android,25-34,女
U02569,2024-11-27,马来西亚,社交媒体,Android,35-44,女
U02570,2023-12-19,越南,社交媒体,iOS,18-24,女
U02571,2024-08-22,马来西亚,KOL推荐,iOS,35-44,男
U02572,2024-11-28,越南,付费广告,iOS,35-44,女
U02573,2023-12-25,印尼,付费广告,Android,18-24,女
U02574,2024-01-26,泰国,内容营销,iOS,45+,女
U02575,2023-03-11,印尼,内容营销,Android,18-24,女
U02576,2023-02-18,马来西亚,内容营销,Android,45+,女
U02577,2024-06-25,印尼,内容营销,Android,25-34,男
U02578,2024-12-25,越南,自然搜索,iOS,35-44,男
U02579,2023-09-01,印尼,KOL推荐,iOS,25-34,女
U02580,2024-04-25,泰国,付费广告,iOS,35-44,女
U02581,2023-01-21,菲律宾,内容营销,Android,18-24,男
U02582,2024-08-24,印尼,付费广告,iOS,18-24,女
U02583,2023-05-28,越南,社交媒体,Android,18-24,女
U02584,2024-05-08,印尼,付费广告,Android,35-44,男
U02585,2023-06-01,印尼,付费广告,iOS,18-24,男
U02586,2024-01-18,泰国,自然搜索,Android,35-44,男
U02587,2023-04-15,印尼,内容营销,Android,35-44,男
U02588,2024-02-16,泰国,KOL推荐,Android,45+,男
U02589,2023-05-01,印尼,自然搜索,iOS,18-24,男
U02590,2024-11-04,菲律宾,KOL推荐,iOS,35-44,男
U02591,2024-05-28,菲律宾,社交媒体,iOS,18-24,女
U02592,2023-06-25,印尼,付费广告,iOS,35-44,女
U02593,2023-04-07,印尼,付费广告,Android,35-44,女
U02594,2023-01-10,泰国,内容营销,Android,18-24,女
U02595,2024-01-09,菲律宾,社交媒体,Android,18-24,女
U02596,2024-02-01,越南,付费广告,iOS,25-34,女
U02597,2023-09-06,印尼,社交媒体,iOS,25-34,女
U02598,2023-10-11,越南,自然搜索,Android,45+,男
U02599,2023-07-20,泰国,付费广告,iOS,25-34,女
U02600,2024-10-12,印尼,自然搜索,iOS,45+,女
U02601,2024-10-12,泰国,自然搜索,Android,25-34,男
U02602,2024-02-10,印尼,社交媒体,iOS,45+,男
U02603,2024-04-22,越南,内容营销,Android,35-44,女
U02604,2023-04-23,泰国,付费广告,iOS,35-44,男
U02605,2024-02-02,印尼,自然搜索,Android,18-24,男
U02606,2023-02-11,泰国,社交媒体,Android,25-34,女
U02607,2023-11-06,越南,内容营销,iOS,18-24,女
U02608,2023-03-23,印尼,社交媒体,Android,18-24,女
U02609,2023-09-28,泰国,内容营销,Android,25-34,女
U02610,2023-03-01,菲律宾,付费广告,Android,35-44,女
U02611,2023-02-15,泰国,KOL推荐,iOS,18-24,男
U02612,2023-11-08,泰国,自然搜索,Android,25-34,女
U02613,2024-04-23,印尼,付费广告,iOS,25-34,男
U02614,2024-05-03,越南,付费广告,Android,18-24,女
U02615,2023-08-07,泰国,付费广告,Android,25-34,男
U02616,2024-09-03,越南,内容营销,Android,35-44,女
U02617,2023-07-05,越南,内容营销,Android,18-24,男
U02618,2023-01-05,菲律宾,自然搜索,iOS,35-44,女
U02619,2023-03-18,越南,自然搜索,iOS,25-34,女
U02620,2024-07-10,菲律宾,付费广告,Android,35-44,男
U02621,2023-04-13,菲律宾,付费广告,Android,18-24,女
U02622,2023-01-04,越南,社交媒体,iOS,35-44,女
U02623,2023-09-17,马来西亚,内容营销,Android,18-24,女
U02624,2023-11-07,越南,内容营销,Android,25-34,女
U02625,2024-12-25,马来西亚,社交媒体,Android,18-24,男
U02626,2023-07-13,泰国,KOL推荐,iOS,35-44,男
U02627,2024-07-17,印尼,付费广告,iOS,35-44,女
U02628,2024-06-26,印尼,自然搜索,Android,18-24,男
U02629,2024-01-17,越南,付费广告,Android,18-24,男
U02630,2024-06-25,印尼,社交媒体,Android,18-24,男
U02631,2024-09-20,印尼,社交媒体,iOS,18-24,女
U02632,2023-02-19,泰国,自然搜索,Android,25-34,女
U02633,2024-03-09,泰国,付费广告,Android,35-44,女
U02634,2024-02-19,印尼,付费广告,iOS,45+,女
U02635,2023-08-12,印尼,内容营销,Android,45+,女
U02636,2024-05-12,马来西亚,付费广告,Android,35-44,男
U02637,2024-03-05,菲律宾,KOL推荐,Android,18-24,女
U02638,2023-02-20,马来西亚,KOL推荐,Android,25-34,男
U02639,2024-06-03,印尼,付费广告,Android,25-34,女
U02640,2023-05-02,越南,社交媒体,Android,25-34,女
U02641,2023-09-24,泰国,内容营销,Android,25-34,女
U02642,2023-05-27,菲律宾,付费广告,Android,45+,女
U02643,2024-05-21,印尼,内容营销,iOS,35-44,女
U02644,2024-08-15,泰国,自然搜索,Android,18-24,女
U02645,2024-01-09,越南,自然搜索,Android,18-24,男
U02646,2023-02-23,马来西亚,内容营销,iOS,35-44,女
U02647,2023-02-11,印尼,KOL推荐,Android,35-44,男
U02648,2023-03-03,越南,内容营销,iOS,18-24,女
U02649,2023-10-24,越南,社交媒体,Android,35-44,男
U02650,2023-02-01,泰国,内容营销,iOS,35-44,男
U02651,2023-06-06,越南,KOL推荐,iOS,25-34,女
U02652,2023-11-16,越南,KOL推荐,Android,18-24,男
U02653,2023-01-05,泰国,社交媒体,Android,35-44,男
U02654,2023-10-21,菲律宾,付费广告,Android,35-44,女
U02655,2024-11-06,越南,内容营销,Android,18-24,女
U02656,2023-11-26,菲律宾,付费广告,Android,35-44,男
U02657,2024-04-20,菲律宾,付费广告,Android,35-44,女
U02658,2024-01-12,泰国,付费广告,Android,35-44,女
U02659,2024-06-26,印尼,社交媒体,Android,18-24,女
U02660,2024-01-05,印尼,付费广告,iOS,45+,女
U02661,2024-01-25,菲律宾,自然搜索,Android,18-24,男
U02662,2024-01-19,泰国,内容营销,iOS,25-34,男
U02663,2024-07-13,印尼,付费广告,Android,35-44,男
U02664,2023-11-16,印尼,社交媒体,iOS,25-34,男
U02665,2024-11-14,越南,自然搜索,Android,25-34,男
U02666,2023-10-02,泰国,自然搜索,Android,35-44,男
U02667,2023-08-23,印尼,自然搜索,Android,25-34,女
U02668,2023-08-26,印尼,社交媒体,Android,25-34,女
U02669,2024-10-21,越南,自然搜索,Android,18-24,女
U02670,2024-08-14,印尼,内容营销,iOS,18-24,男
U02671,2024-12-14,越南,自然搜索,Android,18-24,男
U02672,2024-06-15,印尼,自然搜索,Android,45+,女
U02673,2024-10-28,泰国,自然搜索,Android,35-44,男
U02674,2024-04-14,菲律宾,自然搜索,iOS,45+,女
U02675,2023-10-22,越南,KOL推荐,Android,18-24,女
U02676,2024-09-02,越南,内容营销,Android,35-44,女
U02677,2023-05-03,泰国,社交媒体,Android,18-24,男
U02678,2024-11-07,泰国,自然搜索,Android,35-44,男
U02679,2024-12-27,印尼,付费广告,Android,25-34,男
U02680,2023-12-10,越南,付费广告,iOS,18-24,男
U02681,2023-11-25,菲律宾,内容营销,Android,25-34,男
U02682,2024-05-04,泰国,自然搜索,Android,18-24,女
U02683,2023-06-07,越南,社交媒体,iOS,35-44,男
U02684,2023-05-06,越南,付费广告,iOS,35-44,女
U02685,2024-05-14,泰国,付费广告,iOS,35-44,男
U02686,2023-11-05,泰国,付费广告,Android,45+,男
U02687,2023-02-14,越南,自然搜索,iOS,25-34,男
U02688,2024-04-02,印尼,KOL推荐,Android,25-34,男
U02689,2024-05-26,越南,自然搜索,iOS,35-44,男
U02690,2024-04-09,印尼,社交媒体,Android,25-34,男
U02691,2024-08-20,印尼,自然搜索,Android,18-24,男
U02692,2023-09-05,泰国,内容营销,Android,35-44,男
U02693,2023-04-07,越南,自然搜索,Android,18-24,女
U02694,2023-05-24,马来西亚,内容营销,Android,18-24,女
U02695,2023-03-08,印尼,KOL推荐,iOS,18-24,男
U02696,2024-04-27,印尼,内容营销,Android,18-24,男
U02697,2023-06-09,越南,付费广告,iOS,18-24,女
U02698,2024-10-20,菲律宾,社交媒体,iOS,18-24,女
U02699,2024-06-11,菲律宾,付费广告,Android,25-34,女
U02700,2024-07-07,印尼,自然搜索,iOS,18-24,男
U02701,2023-10-05,马来西亚,付费广告,Android,18-24,男
U02702,2023-07-23,泰国,自然搜索,iOS,35-44,女
U02703,2023-06-18,泰国,内容营销,Android,18-24,女
U02704,2024-09-15,菲律宾,自然搜索,iOS,18-24,男
U02705,2023-10-06,菲律宾,社交媒体,iOS,25-34,女
U02706,2024-12-01,泰国,社交媒体,iOS,25-34,男
U02707,2023-10-23,越南,付费广告,Android,25-34,男
U02708,2024-03-14,泰国,社交媒体,Android,25-34,女
U02709,2024-04-05,越南,自然搜索,Android,35-44,男
U02710,2024-02-16,菲律宾,社交媒体,Android,25-34,女
U02711,2024-02-07,印尼,付费广告,Android,45+,女
U02712,2024-07-04,越南,内容营销,Android,25-34,女
U02713,2024-06-28,越南,KOL推荐,Android,25-34,男
U02714,2024-10-21,泰国,内容营销,iOS,18-24,男
U02715,2024-03-17,越南,自然搜索,Android,35-44,男
U02716,2023-01-24,印尼,付费广告,Android,18-24,女
U02717,2024-03-16,马来西亚,自然搜索,iOS,25-34,女
U02718,2024-12-22,菲律宾,自然搜索,iOS,25-34,男
U02719,2023-11-09,泰国,自然搜索,Android,35-44,女
U02720,2024-05-26,菲律宾,社交媒体,Android,45+,女
U02721,2024-03-08,菲律宾,自然搜索,Android,45+,男
U02722,2024-06-08,菲律宾,付费广告,Android,18-24,女
U02723,2023-03-22,越南,内容营销,Android,18-24,男
U02724,2024-11-19,越南,社交媒体,iOS,35-44,女
U02725,2024-02-02,越南,付费广告,iOS,25-34,女
U02726,2023-01-05,泰国,付费广告,iOS,25-34,男
U02727,2024-05-01,泰国,付费广告,iOS,35-44,女
U02728,2024-09-16,泰国,自然搜索,iOS,25-34,女
U02729,2023-03-10,印尼,社交媒体,Android,45+,男
U02730,2024-07-11,印尼,付费广告,Android,25-34,女
U02731,2024-11-03,印尼,内容营销,Android,25-34,男
U02732,2023-02-03,泰国,KOL推荐,Android,25-34,女
U02733,2024-03-27,马来西亚,社交媒体,Android,35-44,女
U02734,2024-08-09,马来西亚,付费广告,Android,25-34,女
U02735,2024-03-28,菲律宾,自然搜索,Android,25-34,男
U02736,2023-02-06,马来西亚,KOL推荐,Android,45+,男
U02737,2023-05-06,印尼,付费广告,iOS,25-34,男
U02738,2023-05-22,马来西亚,自然搜索,Android,25-34,女
U02739,2023-12-04,泰国,自然搜索,iOS,35-44,女
U02740,2024-12-28,越南,自然搜索,Android,35-44,男
U02741,2024-11-14,泰国,KOL推荐,iOS,18-24,女
U02742,2024-02-11,泰国,自然搜索,Android,25-34,男
U02743,2023-01-21,泰国,付费广告,Android,35-44,女
U02744,2024-11-05,印尼,付费广告,iOS,25-34,女
U02745,2023-05-12,菲律宾,社交媒体,Android,35-44,女
U02746,2023-05-21,印尼,内容营销,iOS,25-34,女
U02747,2024-01-11,泰国,内容营销,iOS,45+,男
U02748,2024-09-01,菲律宾,付费广告,iOS,18-24,女
U02749,2023-12-06,印尼,自然搜索,Android,18-24,女
U02750,2023-11-12,越南,付费广告,iOS,25-34,女
U02751,2023-06-24,印尼,社交媒体,Android,25-34,女
U02752,2023-05-18,越南,社交媒体,iOS,25-34,男
U02753,2024-04-13,越南,社交媒体,iOS,18-24,女
U02754,2023-07-14,马来西亚,自然搜索,Android,35-44,女
U02755,2023-01-21,越南,社交媒体,iOS,25-34,女
U02756,2024-09-12,越南,自然搜索,iOS,25-34,女
U02757,2023-03-18,菲律宾,KOL推荐,iOS,35-44,女
U02758,2023-11-20,印尼,付费广告,Android,35-44,男
U02759,2023-07-10,泰国,社交媒体,Android,25-34,女
U02760,2024-07-13,泰国,自然搜索,iOS,25-34,男
U02761,2024-02-15,泰国,付费广告,iOS,25-34,女
U02762,2023-06-07,印尼,社交媒体,iOS,35-44,男
U02763,2024-01-16,越南,自然搜索,iOS,35-44,男
U02764,2024-03-18,泰国,KOL推荐,Android,25-34,男
U02765,2023-03-16,马来西亚,社交媒体,Android,18-24,男
U02766,2023-01-24,印尼,社交媒体,Android,18-24,男
U02767,2023-01-19,泰国,付费广告,iOS,25-34,女
U02768,2023-06-11,印尼,付费广告,Android,25-34,男
U02769,2024-12-07,印尼,社交媒体,Android,35-44,女
U02770,2023-03-28,泰国,付费广告,Android,25-34,男
U02771,2023-06-01,越南,社交媒体,Android,35-44,男
U02772,2023-08-25,菲律宾,付费广告,Android,45+,男
U02773,2024-02-04,越南,自然搜索,Android,35-44,男
U02774,2023-04-23,印尼,自然搜索,iOS,18-24,男
U02775,2024-11-16,越南,自然搜索,Android,25-34,女
U02776,2023-11-22,泰国,付费广告,iOS,25-34,男
U02777,2023-07-01,泰国,社交媒体,Android,35-44,女
U02778,2023-09-06,越南,KOL推荐,Android,25-34,男
U02779,2024-12-13,泰国,自然搜索,Android,25-34,女
U02780,2024-09-12,泰国,内容营销,Android,25-34,男
U02781,2024-11-19,菲律宾,付费广告,iOS,25-34,女
U02782,2024-05-23,马来西亚,内容营销,iOS,35-44,男
U02783,2024-09-01,菲律宾,社交媒体,Android,18-24,男
U02784,2023-09-25,菲律宾,社交媒体,Android,25-34,女
U02785,2024-10-27,泰国,自然搜索,Android,18-24,女
U02786,2024-11-08,马来西亚,自然搜索,iOS,25-34,男
U02787,2023-02-18,泰国,自然搜索,Android,35-44,男
U02788,2023-04-01,马来西亚,社交媒体,Android,18-24,女
U02789,2024-12-21,马来西亚,付费广告,iOS,25-34,男
U02790,2023-12-16,印尼,KOL推荐,Android,35-44,女
U02791,2024-11-28,马来西亚,付费广告,Android,35-44,女
U02792,2024-06-05,印尼,KOL推荐,Android,18-24,女
U02793,2024-04-09,越南,自然搜索,Android,25-34,男
U02794,2023-09-02,越南,自然搜索,iOS,18-24,女
U02795,2024-02-11,印尼,付费广告,Android,18-24,男
U02796,2023-02-16,泰国,付费广告,Android,25-34,男
U02797,2024-09-19,印尼,付费广告,Android,18-24,女
U02798,2024-01-17,马来西亚,KOL推荐,Android,45+,女
U02799,2023-01-21,泰国,自然搜索,Android,18-24,男
U02800,2024-07-16,菲律宾,付费广告,Android,35-44,男
U02801,2024-01-28,马来西亚,KOL推荐,Android,35-44,女
U02802,2024-07-03,马来西亚,自然搜索,iOS,45+,男
U02803,2023-03-01,马来西亚,内容营销,iOS,25-34,女
U02804,2023-03-16,印尼,内容营销,iOS,35-44,女
U02805,2024-09-08,马来西亚,自然搜索,Android,45+,女
U02806,2024-11-16,菲律宾,付费广告,Android,18-24,男
U02807,2024-01-13,泰国,付费广告,iOS,25-34,女
U02808,2023-11-04,印尼,KOL推荐,iOS,18-24,女
U02809,2023-04-15,印尼,社交媒体,Android,25-34,男
U02810,2023-04-08,泰国,社交媒体,Android,25-34,女
U02811,2024-12-02,印尼,KOL推荐,Android,18-24,男
U02812,2024-03-23,印尼,自然搜索,iOS,35-44,男
U02813,2024-02-28,泰国,KOL推荐,iOS,18-24,女
U02814,2024-09-02,印尼,社交媒体,Android,35-44,女
U02815,2023-03-11,菲律宾,社交媒体,iOS,18-24,男
U02816,2023-07-16,印尼,内容营销,iOS,35-44,女
U02817,2024-10-22,泰国,社交媒体,iOS,18-24,女
U02818,2023-07-22,泰国,自然搜索,iOS,18-24,女
U02819,2023-11-02,越南,付费广告,iOS,35-44,男
U02820,2023-08-07,马来西亚,付费广告,Android,18-24,男
U02821,2023-06-16,泰国,自然搜索,iOS,25-34,男
U02822,2024-09-11,印尼,内容营销,iOS,45+,女
U02823,2024-10-03,泰国,自然搜索,Android,18-24,男
U02824,2024-06-09,越南,社交媒体,Android,35-44,男
U02825,2024-05-02,菲律宾,付费广告,Android,18-24,女
U02826,2023-10-10,印尼,自然搜索,Android,18-24,女
U02827,2024-05-08,泰国,内容营销,Android,18-24,女
U02828,2024-08-06,越南,内容营销,Android,45+,女
U02829,2023-11-05,泰国,付费广告,Android,18-24,女
U02830,2024-12-10,印尼,自然搜索,Android,35-44,女
U02831,2024-11-01,印尼,自然搜索,Android,45+,女
U02832,2023-08-04,泰国,付费广告,iOS,25-34,女
U02833,2023-07-19,越南,付费广告,Android,25-34,女
U02834,2024-03-02,越南,付费广告,Android,35-44,男
U02835,2024-05-26,马来西亚,内容营销,Android,25-34,男
U02836,2024-09-16,马来西亚,社交媒体,iOS,18-24,男
U02837,2024-02-03,泰国,内容营销,iOS,25-34,女
U02838,2024-07-08,菲律宾,社交媒体,Android,35-44,女
U02839,2024-05-18,越南,付费广告,iOS,35-44,女
U02840,2023-01-07,越南,内容营销,Android,18-24,女
U02841,2023-04-03,菲律宾,付费广告,Android,18-24,男
U02842,2024-07-10,马来西亚,内容营销,Android,45+,女
U02843,2023-03-02,马来西亚,付费广告,Android,18-24,男
U02844,2023-05-17,印尼,自然搜索,Android,35-44,男
U02845,2023-05-26,越南,内容营销,Android,18-24,女
U02846,2024-02-16,菲律宾,社交媒体,Android,35-44,女
U02847,2024-12-23,越南,内容营销,Android,45+,女
U02848,2024-02-27,印尼,内容营销,Android,18-24,男
U02849,2024-07-13,越南,自然搜索,Android,18-24,女
U02850,2023-12-25,印尼,付费广告,Android,25-34,男
U02851,2024-04-23,泰国,付费广告,iOS,18-24,女
U02852,2024-05-22,泰国,社交媒体,iOS,25-34,男
U02853,2024-08-06,马来西亚,KOL推荐,Android,35-44,女
U02854,2024-02-16,泰国,付费广告,iOS,18-24,男
U02855,2023-03-21,印尼,社交媒体,Android,25-34,男
U02856,2024-07-07,泰国,社交媒体,iOS,35-44,女
U02857,2023-05-20,泰国,自然搜索,Android,25-34,女
U02858,2024-11-23,泰国,KOL推荐,iOS,25-34,女
U02859,2023-10-09,泰国,社交媒体,iOS,35-44,女
U02860,2023-03-27,菲律宾,内容营销,iOS,35-44,女
U02861,2023-10-16,越南,付费广告,Android,25-34,女
U02862,2024-12-23,马来西亚,自然搜索,iOS,18-24,男
U02863,2023-09-02,印尼,付费广告,iOS,18-24,男
U02864,2023-06-05,越南,自然搜索,Android,35-44,女
U02865,2023-03-07,印尼,内容营销,iOS,35-44,男
U02866,2024-03-21,印尼,自然搜索,iOS,35-44,男
U02867,2023-06-04,菲律宾,KOL推荐,Android,18-24,男
U02868,2024-11-13,越南,付费广告,iOS,25-34,男
U02869,2024-11-05,越南,付费广告,iOS,35-44,女
U02870,2024-03-07,菲律宾,自然搜索,iOS,25-34,男
U02871,2023-07-10,马来西亚,社交媒体,iOS,18-24,男
U02872,2024-01-24,菲律宾,社交媒体,Android,25-34,女
U02873,2023-11-01,越南,付费广告,iOS,35-44,女
U02874,2024-08-11,菲律宾,内容营销,Android,18-24,女
U02875,2023-01-03,印尼,付费广告,Android,25-34,男
U02876,2023-08-13,印尼,付费广告,iOS,25-34,男
U02877,2023-07-03,泰国,付费广告,Android,25-34,男
U02878,2024-08-02,印尼,自然搜索,iOS,35-44,男
U02879,2024-06-05,泰国,内容营销,iOS,25-34,男
U02880,2024-06-16,越南,付费广告,iOS,18-24,女
U02881,2023-07-01,菲律宾,自然搜索,iOS,18-24,女
U02882,2023-09-15,泰国,付费广告,Android,25-34,女
U02883,2023-01-27,泰国,社交媒体,iOS,18-24,女
U02884,2024-05-09,泰国,付费广告,Android,25-34,女
U02885,2024-11-15,马来西亚,社交媒体,Android,35-44,女
U02886,2023-10-28,印尼,自然搜索,iOS,18-24,女
U02887,2024-08-03,越南,付费广告,Android,25-34,女
U02888,2023-05-02,菲律宾,KOL推荐,Android,25-34,男
U02889,2024-10-06,菲律宾,自然搜索,iOS,18-24,男
U02890,2024-04-12,越南,内容营销,iOS,25-34,女
U02891,2024-05-12,印尼,自然搜索,Android,45+,男
U02892,2024-05-22,菲律宾,KOL推荐,Android,25-34,女
U02893,2023-07-24,印尼,付费广告,Android,25-34,女
U02894,2024-04-18,泰国,社交媒体,iOS,18-24,女
U02895,2023-08-27,菲律宾,自然搜索,Android,18-24,男
U02896,2024-06-02,印尼,自然搜索,Android,18-24,女
U02897,2023-09-23,越南,自然搜索,Android,35-44,男
U02898,2024-12-16,越南,自然搜索,iOS,25-34,女
U02899,2024-05-10,泰国,付费广告,Android,18-24,男
U02900,2024-10-01,泰国,付费广告,iOS,35-44,女
U02901,2024-09-18,菲律宾,社交媒体,Android,18-24,女
U02902,2024-03-09,泰国,KOL推荐,Android,18-24,女
U02903,2023-03-16,越南,社交媒体,Android,25-34,女
U02904,2024-11-15,印尼,社交媒体,iOS,25-34,女
U02905,2023-02-10,泰国,付费广告,iOS,25-34,男
U02906,2023-04-26,马来西亚,付费广告,Android,25-34,女
U02907,2024-07-17,泰国,付费广告,Android,25-34,男
U02908,2023-10-22,越南,KOL推荐,Android,35-44,女
U02909,2024-09-06,越南,自然搜索,iOS,35-44,男
U02910,2023-01-11,泰国,自然搜索,Android,35-44,女
U02911,2024-04-24,泰国,社交媒体,Android,35-44,女
U02912,2024-08-07,印尼,自然搜索,Android,25-34,女
U02913,2024-12-03,马来西亚,内容营销,Android,25-34,女
U02914,2024-02-04,泰国,内容营销,Android,25-34,女
U02915,2023-09-15,印尼,自然搜索,Android,35-44,男
U02916,2023-12-25,印尼,自然搜索,iOS,25-34,女
U02917,2024-04-23,菲律宾,付费广告,Android,18-24,女
U02918,2024-07-14,越南,社交媒体,Android,35-44,女
U02919,2023-04-23,越南,付费广告,Android,35-44,女
U02920,2023-06-22,越南,社交媒体,Android,35-44,男
U02921,2023-11-04,印尼,社交媒体,iOS,18-24,女
U02922,2023-08-09,菲律宾,付费广告,Android,18-24,女
U02923,2024-11-24,泰国,自然搜索,iOS,18-24,男
U02924,2023-02-20,越南,KOL推荐,iOS,25-34,男
U02925,2023-03-06,马来西亚,自然搜索,iOS,18-24,女
U02926,2023-02-23,菲律宾,KOL推荐,Android,25-34,男
U02927,2023-08-20,马来西亚,付费广告,Android,18-24,女
U02928,2024-12-08,菲律宾,社交媒体,iOS,18-24,女
U02929,2023-03-17,越南,内容营销,Android,35-44,女
U02930,2023-11-03,印尼,内容营销,iOS,35-44,女
U02931,2023-12-14,印尼,付费广告,Android,18-24,女
U02932,2023-01-12,泰国,自然搜索,Android,25-34,男
U02933,2024-06-24,印尼,KOL推荐,Android,18-24,女
U02934,2023-04-25,印尼,付费广告,iOS,18-24,女
U02935,2024-11-03,泰国,自然搜索,Android,35-44,男
U02936,2024-05-13,菲律宾,内容营销,Android,35-44,女
U02937,2024-05-17,印尼,自然搜索,Android,35-44,女
U02938,2024-07-05,马来西亚,自然搜索,iOS,25-34,男
U02939,2023-08-24,泰国,自然搜索,iOS,35-44,女
U02940,2023-02-25,越南,社交媒体,Android,18-24,女
U02941,2023-09-07,印尼,社交媒体,iOS,18-24,男
U02942,2024-04-12,越南,付费广告,iOS,18-24,女
U02943,2024-09-05,印尼,付费广告,Android,35-44,女
U02944,2024-12-24,菲律宾,付费广告,iOS,18-24,女
U02945,2024-09-22,泰国,社交媒体,Android,18-24,男
U02946,2023-06-22,印尼,自然搜索,iOS,25-34,男
U02947,2024-09-25,印尼,内容营销,Android,18-24,男
U02948,2024-05-15,越南,自然搜索,Android,18-24,女
U02949,2023-10-03,马来西亚,内容营销,Android,18-24,女
U02950,2023-07-25,菲律宾,自然搜索,Android,18-24,男
U02951,2023-02-13,印尼,KOL推荐,iOS,35-44,男
U02952,2024-02-04,印尼,自然搜索,Android,25-34,女
U02953,2023-08-05,越南,自然搜索,Android,18-24,女
U02954,2023-12-27,马来西亚,内容营销,iOS,18-24,女
U02955,2024-12-12,印尼,内容营销,Android,35-44,女
U02956,2023-11-02,印尼,付费广告,iOS,25-34,男
U02957,2024-12-22,菲律宾,社交媒体,Android,35-44,男
U02958,2023-05-13,越南,社交媒体,iOS,25-34,男
U02959,2024-06-23,菲律宾,内容营销,Android,18-24,女
U02960,2024-05-06,泰国,付费广告,Android,45+,男
U02961,2024-07-22,越南,付费广告,iOS,25-34,女
U02962,2024-05-17,越南,付费广告,Android,18-24,女
U02963,2024-06-26,马来西亚,付费广告,iOS,25-34,女
U02964,2024-03-23,菲律宾,内容营销,iOS,25-34,女
U02965,2024-08-04,印尼,自然搜索,iOS,18-24,女
U02966,2023-04-05,印尼,自然搜索,iOS,45+,女
U02967,2024-03-02,印尼,社交媒体,iOS,35-44,女
U02968,2023-11-23,马来西亚,社交媒体,Android,18-24,女
U02969,2023-03-11,印尼,自然搜索,Android,25-34,女
U02970,2023-03-11,越南,付费广告,Android,35-44,女
U02971,2023-02-22,泰国,内容营销,iOS,18-24,男
U02972,2024-08-20,菲律宾,自然搜索,Android,25-34,男
U02973,2024-03-08,印尼,社交媒体,Android,35-44,女
U02974,2023-02-23,越南,社交媒体,iOS,35-44,女
U02975,2024-06-22,泰国,付费广告,Android,35-44,女
U02976,2024-09-08,菲律宾,内容营销,Android,35-44,女
U02977,2024-10-12,泰国,社交媒体,Android,45+,女
U02978,2024-11-06,印尼,付费广告,iOS,25-34,男
U02979,2024-12-02,马来西亚,社交媒体,iOS,35-44,女
U02980,2023-12-23,越南,社交媒体,Android,18-24,男
U02981,2024-09-12,泰国,社交媒体,Android,18-24,男
U02982,2024-01-09,印尼,内容营销,iOS,18-24,女
U02983,2024-03-11,菲律宾,付费广告,iOS,35-44,男
U02984,2023-09-24,印尼,付费广告,Android,18-24,男
U02985,2023-08-20,马来西亚,自然搜索,Android,35-44,男
U02986,2024-12-18,泰国,自然搜索,Android,25-34,男
U02987,2023-11-05,印尼,自然搜索,iOS,18-24,女
U02988,2023-04-21,印尼,内容营销,iOS,35-44,男
U02989,2023-05-21,菲律宾,社交媒体,iOS,35-44,女
U02990,2023-07-17,泰国,社交媒体,iOS,35-44,男
U02991,2024-06-23,菲律宾,社交媒体,iOS,18-24,女
U02992,2023-01-16,印尼,KOL推荐,Android,35-44,男
U02993,2023-09-12,越南,付费广告,Android,35-44,男
U02994,2024-07-11,泰国,内容营销,Android,25-34,男
U02995,2023-06-04,菲律宾,付费广告,iOS,25-34,男
U02996,2024-04-03,泰国,内容营销,iOS,25-34,女
U02997,2023-08-16,越南,社交媒体,iOS,35-44,女
U02998,2023-02-13,越南,付费广告,iOS,18-24,女
U02999,2024-07-24,菲律宾,社交媒体,Android,18-24,女
U03000,2024-04-19,印尼,付费广告,iOS,35-44,女
U03001,2023-08-23,菲律宾,自然搜索,iOS,18-24,男
U03002,2023-02-01,越南,社交媒体,iOS,45+,女
U03003,2024-05-18,印尼,付费广告,iOS,25-34,男
U03004,2023-07-09,印尼,自然搜索,Android,25-34,女
U03005,2024-11-03,菲律宾,内容营销,iOS,18-24,男
U03006,2024-12-24,马来西亚,社交媒体,Android,45+,女
U03007,2023-11-28,泰国,内容营销,Android,35-44,女
U03008,2024-04-09,印尼,社交媒体,iOS,45+,男
U03009,2023-12-14,泰国,付费广告,iOS,35-44,女
U03010,2023-04-26,印尼,付费广告,Android,18-24,女
U03011,2023-04-11,越南,社交媒体,Android,25-34,男
U03012,2023-02-24,越南,内容营销,iOS,25-34,女
U03013,2024-06-03,越南,付费广告,iOS,25-34,男
U03014,2023-02-01,印尼,内容营销,iOS,45+,男
U03015,2023-05-07,越南,内容营销,iOS,25-34,女
U03016,2024-08-04,印尼,社交媒体,iOS,35-44,男
U03017,2023-03-06,越南,内容营销,iOS,45+,男
U03018,2023-12-16,泰国,付费广告,iOS,18-24,女
U03019,2023-08-11,菲律宾,内容营销,iOS,35-44,女
U03020,2024-01-14,越南,社交媒体,iOS,25-34,女
U03021,2024-06-22,越南,自然搜索,Android,35-44,女
U03022,2023-08-01,印尼,内容营销,Android,18-24,男
U03023,2023-04-17,越南,付费广告,Android,25-34,女
U03024,2024-08-27,泰国,付费广告,iOS,18-24,男
U03025,2024-10-06,越南,社交媒体,Android,45+,女
U03026,2023-05-14,马来西亚,自然搜索,iOS,35-44,男
U03027,2024-07-14,印尼,付费广告,Android,18-24,男
U03028,2023-02-09,印尼,KOL推荐,iOS,45+,女
U03029,2023-07-18,印尼,自然搜索,iOS,25-34,女
U03030,2024-08-11,泰国,付费广告,Android,35-44,女
U03031,2023-08-26,越南,自然搜索,Android,18-24,男
U03032,2024-10-21,菲律宾,付费广告,Android,25-34,女
U03033,2023-10-18,泰国,社交媒体,iOS,35-44,男
U03034,2024-05-17,越南,KOL推荐,iOS,18-24,女
U03035,2023-01-27,越南,内容营销,iOS,25-34,男
U03036,2024-10-04,越南,社交媒体,Android,25-34,男
U03037,2023-11-09,马来西亚,付费广告,Android,18-24,女
U03038,2023-09-03,泰国,内容营销,Android,25-34,男
U03039,2023-06-06,印尼,KOL推荐,iOS,45+,女
U03040,2023-10-10,泰国,社交媒体,Android,18-24,女
U03041,2024-05-15,马来西亚,社交媒体,iOS,18-24,女
U03042,2023-04-22,泰国,内容营销,iOS,25-34,男
U03043,2023-10-28,越南,社交媒体,Android,35-44,女
U03044,2023-08-01,印尼,付费广告,Android,35-44,男
U03045,2024-12-22,印尼,社交媒体,iOS,35-44,男
U03046,2024-05-12,越南,自然搜索,iOS,18-24,女
U03047,2023-12-25,越南,付费广告,iOS,25-34,男
U03048,2024-01-25,越南,付费广告,iOS,35-44,男
U03049,2024-02-08,越南,自然搜索,iOS,45+,男
U03050,2024-02-07,泰国,自然搜索,iOS,25-34,女
U03051,2024-05-11,印尼,自然搜索,iOS,18-24,女
U03052,2023-01-08,越南,社交媒体,Android,25-34,女
U03053,2024-01-26,越南,KOL推荐,Android,18-24,男
U03054,2024-12-17,印尼,内容营销,Android,35-44,男
U03055,2024-12-24,马来西亚,付费广告,Android,18-24,男
U03056,2023-12-26,印尼,社交媒体,Android,18-24,男
U03057,2024-04-10,泰国,内容营销,iOS,25-34,男
U03058,2024-04-28,泰国,自然搜索,iOS,25-34,女
U03059,2023-03-01,马来西亚,社交媒体,Android,25-34,女
U03060,2024-07-24,越南,KOL推荐,Android,25-34,男
U03061,2023-08-16,泰国,自然搜索,Android,35-44,女
U03062,2024-03-07,印尼,内容营销,Android,25-34,女
U03063,2023-02-13,印尼,KOL推荐,iOS,25-34,女
U03064,2023-05-10,印尼,自然搜索,iOS,25-34,男
U03065,2023-08-13,越南,自然搜索,iOS,25-34,女
U03066,2024-07-06,泰国,自然搜索,iOS,25-34,女
U03067,2024-06-08,马来西亚,付费广告,iOS,25-34,男
U03068,2023-09-17,越南,付费广告,iOS,35-44,女
U03069,2023-04-22,印尼,付费广告,iOS,25-34,男
U03070,2024-06-06,印尼,付费广告,iOS,35-44,女
U03071,2023-11-23,印尼,内容营销,iOS,25-34,女
U03072,2024-10-10,越南,付费广告,iOS,25-34,女
U03073,2023-11-08,越南,自然搜索,Android,35-44,女
U03074,2024-09-03,印尼,付费广告,iOS,18-24,女
U03075,2023-02-18,菲律宾,付费广告,Android,25-34,男
U03076,2023-02-26,马来西亚,付费广告,Android,25-34,男
U03077,2023-12-05,泰国,付费广告,iOS,18-24,男
U03078,2023-04-16,泰国,自然搜索,iOS,25-34,男
U03079,2024-02-02,马来西亚,KOL推荐,Android,25-34,男
U03080,2024-09-07,印尼,内容营销,Android,45+,女
U03081,2024-09-11,菲律宾,付费广告,Android,35-44,男
U03082,2024-12-12,泰国,付费广告,iOS,18-24,女
U03083,2024-10-25,印尼,社交媒体,Android,25-34,女
U03084,2023-05-24,印尼,社交媒体,Android,18-24,男
U03085,2024-04-22,印尼,付费广告,Android,18-24,女
U03086,2023-07-28,越南,内容营销,iOS,35-44,女
U03087,2023-08-04,泰国,社交媒体,Android,18-24,男
U03088,2023-04-27,印尼,付费广告,Android,18-24,女
U03089,2023-06-02,越南,社交媒体,Android,45+,女
U03090,2023-09-28,越南,内容营销,iOS,35-44,女
U03091,2023-08-18,马来西亚,KOL推荐,Android,35-44,男
U03092,2023-12-16,越南,自然搜索,iOS,35-44,女
U03093,2023-01-26,菲律宾,付费广告,iOS,35-44,女
U03094,2024-08-27,泰国,付费广告,Android,18-24,女
U03095,2023-04-14,印尼,付费广告,iOS,25-34,女
U03096,2024-06-05,马来西亚,社交媒体,Android,25-34,女
U03097,2023-03-19,泰国,KOL推荐,Android,25-34,男
U03098,2023-12-26,泰国,社交媒体,iOS,35-44,男
U03099,2024-07-20,越南,内容营销,Android,25-34,男
U03100,2023-11-21,泰国,付费广告,Android,18-24,女
U03101,2024-08-09,印尼,内容营销,iOS,18-24,男
U03102,2024-08-27,马来西亚,KOL推荐,Android,18-24,男
U03103,2024-11-26,越南,付费广告,iOS,35-44,男
U03104,2023-05-10,越南,社交媒体,Android,25-34,女
U03105,2023-09-25,越南,自然搜索,iOS,25-34,女
U03106,2024-01-08,印尼,KOL推荐,iOS,25-34,女
U03107,2024-10-13,泰国,付费广告,iOS,35-44,女
U03108,2024-10-28,印尼,付费广告,Android,35-44,女
U03109,2024-06-23,印尼,社交媒体,Android,25-34,男
U03110,2023-09-09,印尼,社交媒体,Android,45+,男
U03111,2023-02-25,泰国,自然搜索,iOS,45+,男
U03112,2023-07-05,印尼,自然搜索,Android,45+,女
U03113,2024-09-06,泰国,付费广告,iOS,35-44,女
U03114,2024-01-24,泰国,社交媒体,iOS,45+,男
U03115,2024-06-03,菲律宾,内容营销,Android,25-34,男
U03116,2023-10-23,印尼,内容营销,iOS,35-44,女
U03117,2023-03-01,泰国,付费广告,iOS,45+,男
U03118,2023-06-23,泰国,KOL推荐,Android,45+,女
U03119,2024-04-25,泰国,付费广告,Android,35-44,男
U03120,2024-05-27,越南,社交媒体,iOS,25-34,女
U03121,2024-04-25,泰国,自然搜索,iOS,18-24,女
U03122,2023-10-07,泰国,付费广告,iOS,25-34,女
U03123,2023-08-03,越南,社交媒体,Android,35-44,男
U03124,2023-05-19,印尼,自然搜索,Android,18-24,男
U03125,2023-07-18,印尼,社交媒体,Android,25-34,女
U03126,2024-10-26,印尼,KOL推荐,Android,25-34,女
U03127,2024-06-25,泰国,付费广告,iOS,25-34,女
U03128,2023-06-05,马来西亚,付费广告,Android,45+,女
U03129,2023-06-28,菲律宾,内容营销,iOS,35-44,男
U03130,2023-06-22,菲律宾,KOL推荐,iOS,35-44,女
U03131,2024-10-25,菲律宾,付费广告,Android,25-34,女
U03132,2024-11-11,马来西亚,付费广告,iOS,35-44,女
U03133,2024-05-26,印尼,社交媒体,Android,18-24,女
U03134,2023-09-22,泰国,社交媒体,iOS,18-24,男
U03135,2024-04-10,印尼,自然搜索,Android,45+,女
U03136,2024-03-08,印尼,付费广告,iOS,35-44,女
U03137,2024-02-16,印尼,内容营销,iOS,35-44,男
U03138,2024-07-03,印尼,社交媒体,Android,25-34,男
U03139,2024-01-28,泰国,内容营销,Android,25-34,女
U03140,2023-09-12,越南,KOL推荐,Android,25-34,男
U03141,2023-05-21,马来西亚,内容营销,Android,18-24,女
U03142,2024-07-07,印尼,自然搜索,Android,25-34,男
U03143,2023-07-19,印尼,KOL推荐,Android,25-34,女
U03144,2023-08-06,越南,自然搜索,iOS,25-34,男
U03145,2023-03-22,越南,社交媒体,iOS,25-34,男
U03146,2023-01-06,菲律宾,付费广告,iOS,45+,女
U03147,2024-11-20,印尼,付费广告,Android,35-44,女
U03148,2024-08-19,菲律宾,内容营销,iOS,35-44,男
U03149,2024-09-28,越南,内容营销,Android,25-34,男
U03150,2024-01-27,印尼,自然搜索,Android,25-34,女
U03151,2024-05-22,泰国,社交媒体,Android,18-24,女
U03152,2024-06-20,印尼,付费广告,iOS,18-24,女
U03153,2023-06-11,越南,付费广告,iOS,25-34,女
U03154,2023-06-28,越南,KOL推荐,Android,25-34,男
U03155,2023-07-01,印尼,付费广告,iOS,35-44,女
U03156,2024-10-25,马来西亚,内容营销,iOS,25-34,女
U03157,2024-12-08,泰国,自然搜索,iOS,35-44,女
U03158,2024-02-22,菲律宾,社交媒体,iOS,45+,女
U03159,2024-08-01,越南,社交媒体,iOS,18-24,女
U03160,2023-05-05,越南,付费广告,Android,25-34,女
U03161,2024-02-07,泰国,付费广告,Android,35-44,女
U03162,2024-05-11,越南,KOL推荐,Android,25-34,女
U03163,2024-10-07,印尼,KOL推荐,iOS,18-24,女
U03164,2023-01-15,泰国,付费广告,Android,35-44,女
U03165,2024-07-10,印尼,付费广告,Android,45+,女
U03166,2023-09-13,马来西亚,自然搜索,iOS,35-44,男
U03167,2024-12-13,泰国,自然搜索,iOS,25-34,男
U03168,2023-06-08,菲律宾,付费广告,iOS,25-34,女
U03169,2023-12-02,越南,自然搜索,Android,25-34,女
U03170,2024-04-12,印尼,KOL推荐,Android,25-34,男
U03171,2024-11-18,越南,社交媒体,Android,25-34,男
U03172,2023-03-18,泰国,内容营销,iOS,18-24,男
U03173,2023-11-05,泰国,社交媒体,Android,45+,男
U03174,2024-01-10,泰国,内容营销,iOS,35-44,男
U03175,2024-09-22,泰国,社交媒体,iOS,35-44,女
U03176,2024-03-06,印尼,社交媒体,Android,45+,女
U03177,2024-04-23,菲律宾,内容营销,iOS,18-24,女
U03178,2023-08-20,菲律宾,社交媒体,Android,18-24,男
U03179,2023-03-05,印尼,自然搜索,Android,35-44,女
U03180,2024-03-03,泰国,社交媒体,Android,45+,女
U03181,2024-03-02,越南,内容营销,iOS,25-34,男
U03182,2023-12-27,越南,KOL推荐,Android,18-24,男
U03183,2023-05-09,泰国,社交媒体,Android,35-44,女
U03184,2024-10-04,印尼,社交媒体,Android,18-24,女
U03185,2024-11-26,印尼,内容营销,Android,25-34,女
U03186,2024-09-28,越南,自然搜索,Android,18-24,男
U03187,2023-07-16,越南,社交媒体,Android,45+,女
U03188,2024-01-02,菲律宾,付费广告,iOS,25-34,男
U03189,2023-02-09,菲律宾,社交媒体,Android,35-44,女
U03190,2024-03-04,越南,社交媒体,Android,18-24,女
U03191,2024-05-09,马来西亚,自然搜索,Android,25-34,男
U03192,2024-03-01,马来西亚,自然搜索,Android,45+,男
U03193,2023-02-09,越南,社交媒体,iOS,18-24,男
U03194,2023-11-19,越南,自然搜索,Android,25-34,男
U03195,2023-01-19,印尼,付费广告,Android,25-34,男
U03196,2023-09-28,马来西亚,KOL推荐,iOS,35-44,女
U03197,2023-02-05,菲律宾,付费广告,iOS,18-24,女
U03198,2024-05-26,泰国,付费广告,Android,25-34,女
U03199,2023-01-14,越南,内容营销,iOS,35-44,女
U03200,2023-12-23,印尼,自然搜索,iOS,25-34,女
U03201,2023-10-19,印尼,付费广告,iOS,18-24,女
U03202,2024-03-01,泰国,社交媒体,Android,35-44,男
U03203,2023-01-11,菲律宾,KOL推荐,iOS,25-34,女
U03204,2023-11-05,印尼,内容营销,iOS,18-24,男
U03205,2023-03-11,菲律宾,内容营销,Android,25-34,男
U03206,2023-04-06,菲律宾,KOL推荐,Android,45+,女
U03207,2024-06-07,印尼,自然搜索,Android,18-24,女
U03208,2024-09-24,越南,自然搜索,iOS,25-34,女
U03209,2023-04-14,印尼,付费广告,Android,35-44,男
U03210,2023-08-20,泰国,自然搜索,iOS,18-24,男
U03211,2023-11-14,印尼,社交媒体,Android,18-24,女
U03212,2024-09-03,泰国,社交媒体,Android,25-34,男
U03213,2023-11-04,印尼,自然搜索,iOS,35-44,男
U03214,2023-09-05,泰国,KOL推荐,Android,18-24,男
U03215,2024-01-20,泰国,自然搜索,iOS,35-44,女
U03216,2023-04-07,泰国,付费广告,Android,35-44,男
U03217,2023-02-20,泰国,社交媒体,iOS,25-34,女
U03218,2024-07-07,印尼,付费广告,Android,25-34,女
U03219,2024-08-24,印尼,付费广告,iOS,45+,女
U03220,2024-09-25,印尼,自然搜索,iOS,18-24,女
U03221,2023-09-19,泰国,付费广告,Android,25-34,女
U03222,2024-08-25,泰国,KOL推荐,Android,25-34,女
U03223,2023-02-21,泰国,内容营销,Android,18-24,女
U03224,2024-04-06,泰国,付费广告,iOS,18-24,男
U03225,2024-07-18,菲律宾,付费广告,iOS,18-24,男
U03226,2024-05-11,泰国,社交媒体,Android,25-34,女
U03227,2024-11-04,越南,内容营销,Android,18-24,女
U03228,2024-12-08,泰国,付费广告,iOS,35-44,女
U03229,2024-12-18,泰国,付费广告,Android,45+,女
U03230,2024-01-21,印尼,KOL推荐,iOS,18-24,女
U03231,2023-08-10,印尼,社交媒体,iOS,25-34,男
U03232,2024-06-18,泰国,自然搜索,iOS,18-24,男
U03233,2024-05-16,泰国,社交媒体,Android,18-24,女
U03234,2023-06-14,越南,自然搜索,Android,25-34,男
U03235,2023-05-15,泰国,付费广告,Android,25-34,男
U03236,2024-01-16,泰国,付费广告,Android,45+,女
U03237,2024-04-17,马来西亚,内容营销,iOS,25-34,男
U03238,2024-12-24,印尼,付费广告,Android,25-34,男
U03239,2023-05-11,印尼,付费广告,Android,18-24,女
U03240,2024-03-03,越南,自然搜索,Android,18-24,女
U03241,2023-08-03,越南,内容营销,iOS,35-44,男
U03242,2023-04-27,印尼,自然搜索,Android,18-24,女
U03243,2024-02-23,印尼,付费广告,Android,45+,女
U03244,2024-11-20,印尼,自然搜索,Android,18-24,男
U03245,2023-06-24,泰国,KOL推荐,Android,25-34,男
U03246,2024-11-04,印尼,付费广告,Android,45+,男
U03247,2023-12-02,越南,付费广告,iOS,18-24,女
U03248,2024-06-14,菲律宾,付费广告,Android,25-34,女
U03249,2023-08-08,印尼,内容营销,Android,35-44,女
U03250,2023-12-01,印尼,社交媒体,Android,18-24,女
U03251,2023-01-04,泰国,社交媒体,iOS,35-44,男
U03252,2024-05-10,印尼,内容营销,iOS,18-24,男
U03253,2023-01-26,泰国,内容营销,Android,18-24,男
U03254,2023-11-21,越南,付费广告,iOS,18-24,男
U03255,2024-05-10,泰国,内容营销,iOS,45+,女
U03256,2023-06-04,印尼,自然搜索,Android,18-24,女
U03257,2024-01-27,泰国,付费广告,iOS,18-24,男
U03258,2023-11-05,越南,内容营销,iOS,25-34,男
U03259,2024-02-25,菲律宾,付费广告,iOS,25-34,男
U03260,2023-02-03,泰国,付费广告,iOS,25-34,女
U03261,2023-03-11,印尼,付费广告,Android,18-24,女
U03262,2023-09-19,越南,社交媒体,iOS,35-44,女
U03263,2023-10-21,泰国,付费广告,iOS,25-34,男
U03264,2023-06-22,菲律宾,社交媒体,Android,25-34,男
U03265,2023-06-01,泰国,内容营销,Android,18-24,男
U03266,2024-10-01,印尼,社交媒体,iOS,25-34,女
U03267,2024-10-26,印尼,自然搜索,Android,35-44,女
U03268,2024-10-19,印尼,内容营销,Android,25-34,女
U03269,2023-03-06,印尼,付费广告,Android,18-24,女
U03270,2023-02-15,越南,自然搜索,Android,18-24,女
U03271,2023-12-21,泰国,自然搜索,Android,35-44,男
U03272,2023-10-19,印尼,社交媒体,iOS,45+,男
U03273,2024-09-13,印尼,自然搜索,iOS,18-24,女
U03274,2023-03-18,菲律宾,自然搜索,iOS,25-34,男
U03275,2024-08-05,菲律宾,付费广告,iOS,18-24,男
U03276,2024-10-13,菲律宾,付费广告,Android,25-34,女
U03277,2024-02-15,印尼,社交媒体,Android,25-34,女
U03278,2024-06-14,越南,KOL推荐,iOS,45+,女
U03279,2024-07-03,菲律宾,KOL推荐,iOS,18-24,男
U03280,2024-10-01,越南,付费广告,iOS,35-44,男
U03281,2024-11-24,泰国,自然搜索,Android,25-34,女
U03282,2023-07-20,菲律宾,内容营销,Android,35-44,女
U03283,2023-07-17,菲律宾,自然搜索,Android,25-34,女
U03284,2024-03-13,越南,内容营销,Android,18-24,女
U03285,2024-12-26,泰国,自然搜索,Android,45+,女
U03286,2024-03-26,越南,内容营销,Android,18-24,男
U03287,2023-03-25,菲律宾,付费广告,iOS,25-34,男
U03288,2024-05-16,马来西亚,付费广告,Android,35-44,男
U03289,2024-10-01,泰国,社交媒体,Android,18-24,女
U03290,2024-12-14,泰国,社交媒体,Android,25-34,男
U03291,2023-03-20,菲律宾,付费广告,Android,35-44,女
U03292,2024-10-04,越南,社交媒体,Android,45+,女
U03293,2024-12-09,印尼,社交媒体,Android,35-44,男
U03294,2024-09-01,马来西亚,自然搜索,Android,18-24,女
U03295,2024-12-14,泰国,自然搜索,iOS,35-44,女
U03296,2024-01-15,印尼,付费广告,Android,35-44,女
U03297,2024-06-16,泰国,自然搜索,Android,35-44,女
U03298,2023-06-22,越南,社交媒体,iOS,35-44,男
U03299,2024-04-11,菲律宾,自然搜索,Android,18-24,男
U03300,2023-07-28,越南,付费广告,Android,18-24,男
U03301,2023-09-01,马来西亚,自然搜索,Android,25-34,女
U03302,2023-10-28,印尼,付费广告,Android,45+,女
U03303,2023-08-11,越南,自然搜索,iOS,25-34,女
U03304,2023-05-06,泰国,自然搜索,Android,45+,男
U03305,2024-12-24,越南,自然搜索,Android,45+,女
U03306,2023-12-11,越南,内容营销,iOS,45+,女
U03307,2023-07-07,泰国,自然搜索,iOS,45+,女
U03308,2023-12-12,越南,社交媒体,Android,35-44,男
U03309,2023-01-24,越南,自然搜索,Android,35-44,女
U03310,2024-07-21,印尼,自然搜索,Android,35-44,男
U03311,2023-04-26,印尼,付费广告,Android,18-24,男
U03312,2024-07-26,印尼,付费广告,iOS,18-24,男
U03313,2024-09-19,泰国,内容营销,iOS,18-24,男
U03314,2023-11-09,泰国,内容营销,iOS,18-24,女
U03315,2024-01-22,印尼,KOL推荐,Android,18-24,男
U03316,2024-07-05,印尼,社交媒体,iOS,45+,女
U03317,2023-11-24,泰国,付费广告,Android,35-44,男
U03318,2023-03-05,菲律宾,付费广告,Android,25-34,男
U03319,2024-01-14,菲律宾,内容营销,Android,35-44,男
U03320,2024-01-02,印尼,社交媒体,Android,25-34,男
U03321,2023-02-18,泰国,社交媒体,Android,18-24,男
U03322,2023-06-19,菲律宾,自然搜索,iOS,35-44,女
U03323,2023-10-21,印尼,自然搜索,iOS,25-34,女
U03324,2023-08-05,菲律宾,内容营销,iOS,35-44,男
U03325,2023-02-06,菲律宾,付费广告,Android,18-24,男
U03326,2024-06-08,菲律宾,付费广告,iOS,25-34,男
U03327,2023-02-23,印尼,自然搜索,Android,35-44,女
U03328,2024-08-04,泰国,KOL推荐,iOS,18-24,女
U03329,2024-03-24,印尼,自然搜索,iOS,45+,女
U03330,2024-08-24,印尼,KOL推荐,iOS,18-24,男
U03331,2023-09-24,印尼,自然搜索,Android,25-34,男
U03332,2024-08-21,泰国,内容营销,Android,45+,男
U03333,2023-06-09,泰国,社交媒体,Android,45+,女
U03334,2024-01-05,菲律宾,自然搜索,Android,18-24,男
U03335,2024-02-14,印尼,社交媒体,Android,18-24,女
U03336,2024-06-07,马来西亚,付费广告,Android,35-44,女
U03337,2023-06-27,菲律宾,自然搜索,Android,18-24,女
U03338,2023-12-14,印尼,内容营销,Android,25-34,男
U03339,2024-07-16,印尼,付费广告,Android,35-44,女
U03340,2024-12-19,菲律宾,付费广告,Android,25-34,男
U03341,2023-10-11,印尼,自然搜索,Android,18-24,女
U03342,2023-04-25,印尼,付费广告,Android,25-34,男
U03343,2024-08-02,泰国,内容营销,Android,45+,男
U03344,2023-09-10,印尼,付费广告,iOS,25-34,男
U03345,2023-08-04,印尼,内容营销,Android,35-44,女
U03346,2024-01-27,越南,内容营销,iOS,25-34,男
U03347,2023-06-06,泰国,自然搜索,Android,18-24,女
U03348,2023-02-09,越南,自然搜索,Android,18-24,男
U03349,2023-06-05,泰国,内容营销,Android,25-34,男
U03350,2023-02-14,泰国,付费广告,iOS,18-24,女
U03351,2023-10-15,越南,自然搜索,iOS,25-34,男
U03352,2024-05-07,马来西亚,付费广告,iOS,35-44,女
U03353,2024-08-11,印尼,社交媒体,iOS,35-44,女
U03354,2024-01-23,泰国,KOL推荐,Android,18-24,女
U03355,2024-09-17,泰国,自然搜索,Android,35-44,男
U03356,2023-05-12,印尼,自然搜索,Android,35-44,女
U03357,2023-04-01,越南,内容营销,Android,18-24,女
U03358,2023-10-02,菲律宾,KOL推荐,iOS,18-24,女
U03359,2024-01-13,印尼,社交媒体,iOS,25-34,男
U03360,2023-12-01,菲律宾,KOL推荐,iOS,25-34,女
U03361,2023-10-20,越南,付费广告,Android,18-24,女
U03362,2024-12-05,印尼,KOL推荐,Android,18-24,男
U03363,2023-10-07,越南,付费广告,Android,18-24,女
U03364,2024-03-27,马来西亚,自然搜索,iOS,45+,女
U03365,2024-06-20,印尼,社交媒体,iOS,35-44,男
U03366,2023-04-01,越南,付费广告,Android,25-34,男
U03367,2023-08-11,越南,内容营销,iOS,45+,男
U03368,2023-03-28,泰国,付费广告,Android,25-34,男
U03369,2023-12-13,印尼,内容营销,iOS,35-44,女
U03370,2024-08-18,泰国,内容营销,iOS,18-24,女
U03371,2023-12-10,印尼,自然搜索,Android,25-34,女
U03372,2024-09-28,越南,KOL推荐,iOS,18-24,女
U03373,2024-09-15,印尼,付费广告,Android,25-34,男
U03374,2023-03-24,菲律宾,内容营销,Android,18-24,男
U03375,2024-03-17,菲律宾,付费广告,Android,18-24,女
U03376,2024-04-02,菲律宾,社交媒体,Android,18-24,女
U03377,2023-01-22,泰国,付费广告,Android,25-34,女
U03378,2023-04-26,泰国,自然搜索,iOS,35-44,女
U03379,2024-05-07,印尼,自然搜索,Android,25-34,男
U03380,2023-05-23,越南,付费广告,Android,35-44,女
U03381,2023-04-20,越南,KOL推荐,iOS,35-44,女
U03382,2024-08-05,泰国,社交媒体,Android,25-34,男
U03383,2023-08-20,越南,社交媒体,Android,18-24,男
U03384,2024-11-09,泰国,付费广告,Android,45+,女
U03385,2023-06-04,菲律宾,付费广告,Android,18-24,男
U03386,2023-05-08,泰国,自然搜索,iOS,35-44,男
U03387,2024-08-13,印尼,KOL推荐,Android,25-34,女
U03388,2023-04-07,泰国,内容营销,iOS,25-34,女
U03389,2024-10-01,印尼,付费广告,iOS,18-24,女
U03390,2023-09-05,越南,自然搜索,Android,25-34,女
U03391,2023-10-11,菲律宾,自然搜索,Android,35-44,女
U03392,2024-06-05,菲律宾,社交媒体,iOS,35-44,女
U03393,2024-12-22,越南,社交媒体,Android,45+,男
U03394,2024-12-21,马来西亚,KOL推荐,Android,25-34,女
U03395,2023-04-26,马来西亚,付费广告,Android,25-34,男
U03396,2024-07-16,菲律宾,KOL推荐,Android,18-24,男
U03397,2023-02-15,菲律宾,社交媒体,Android,45+,女
U03398,2023-09-17,泰国,付费广告,iOS,25-34,男
U03399,2023-02-22,印尼,付费广告,iOS,25-34,女
U03400,2023-06-28,泰国,自然搜索,Android,45+,男
U03401,2023-01-08,泰国,付费广告,Android,25-34,女
U03402,2023-11-20,马来西亚,内容营销,Android,25-34,男
U03403,2024-11-26,越南,付费广告,Android,18-24,男
U03404,2024-03-09,印尼,KOL推荐,Android,25-34,女
U03405,2023-02-07,菲律宾,社交媒体,iOS,45+,男
U03406,2024-05-03,菲律宾,自然搜索,iOS,25-34,女
U03407,2023-04-03,马来西亚,社交媒体,iOS,18-24,女
U03408,2023-08-11,泰国,付费广告,Android,18-24,女
U03409,2024-04-28,泰国,付费广告,iOS,25-34,男
U03410,2024-02-23,越南,自然搜索,Android,25-34,男
U03411,2024-07-23,泰国,付费广告,iOS,18-24,男
U03412,2023-02-12,泰国,自然搜索,Android,25-34,女
U03413,2023-11-16,越南,自然搜索,iOS,25-34,女
U03414,2023-11-03,菲律宾,付费广告,Android,35-44,男
U03415,2024-11-10,印尼,付费广告,iOS,18-24,女
U03416,2023-05-28,越南,内容营销,iOS,35-44,男
U03417,2024-01-25,印尼,付费广告,Android,25-34,女
U03418,2024-12-06,泰国,KOL推荐,iOS,25-34,女
U03419,2024-08-03,泰国,付费广告,Android,45+,男
U03420,2024-10-09,菲律宾,社交媒体,Android,18-24,女
U03421,2024-09-28,印尼,付费广告,Android,25-34,女
U03422,2023-07-23,菲律宾,内容营销,Android,25-34,女
U03423,2023-07-25,泰国,付费广告,iOS,25-34,女
U03424,2023-02-08,菲律宾,KOL推荐,Android,25-34,女
U03425,2024-06-27,印尼,付费广告,Android,18-24,女
U03426,2023-01-28,印尼,自然搜索,iOS,35-44,男
U03427,2023-10-06,印尼,社交媒体,iOS,25-34,男
U03428,2024-06-13,菲律宾,自然搜索,iOS,35-44,男
U03429,2024-09-01,印尼,付费广告,Android,18-24,男
U03430,2024-11-01,印尼,自然搜索,Android,18-24,女
U03431,2023-12-28,马来西亚,社交媒体,iOS,35-44,男
U03432,2023-08-28,菲律宾,内容营销,iOS,18-24,女
U03433,2024-09-05,越南,付费广告,iOS,35-44,男
U03434,2023-03-18,印尼,KOL推荐,Android,18-24,男
U03435,2023-06-04,越南,付费广告,Android,25-34,女
U03436,2024-03-26,泰国,付费广告,iOS,35-44,男
U03437,2023-04-06,印尼,内容营销,iOS,35-44,女
U03438,2024-06-18,马来西亚,内容营销,Android,25-34,女
U03439,2023-10-13,马来西亚,KOL推荐,Android,35-44,女
U03440,2024-08-22,越南,付费广告,Android,35-44,女
U03441,2024-06-07,印尼,付费广告,Android,25-34,女
U03442,2023-08-25,泰国,自然搜索,iOS,45+,女
U03443,2023-06-02,马来西亚,付费广告,iOS,35-44,男
U03444,2024-10-08,马来西亚,付费广告,iOS,25-34,女
U03445,2023-10-17,印尼,KOL推荐,iOS,25-34,女
U03446,2024-10-12,菲律宾,内容营销,Android,45+,女
U03447,2023-11-17,印尼,付费广告,Android,18-24,男
U03448,2024-04-22,印尼,自然搜索,iOS,18-24,女
U03449,2023-10-20,泰国,内容营销,iOS,18-24,女
U03450,2023-03-19,越南,自然搜索,iOS,18-24,男
U03451,2023-04-19,印尼,社交媒体,Android,25-34,女
U03452,2023-09-20,印尼,自然搜索,iOS,35-44,女
U03453,2024-05-04,越南,付费广告,iOS,35-44,女
U03454,2024-05-26,马来西亚,内容营销,Android,18-24,男
U03455,2023-03-20,泰国,自然搜索,iOS,35-44,男
U03456,2023-04-09,印尼,付费广告,iOS,25-34,女
U03457,2023-06-19,印尼,付费广告,iOS,25-34,女
U03458,2023-07-27,印尼,内容营销,iOS,25-34,男
U03459,2024-04-15,印尼,内容营销,iOS,35-44,男
U03460,2024-04-14,越南,自然搜索,iOS,25-34,男
U03461,2023-04-23,泰国,自然搜索,Android,18-24,女
U03462,2023-02-07,印尼,社交媒体,Android,25-34,女
U03463,2024-12-28,印尼,付费广告,Android,35-44,女
U03464,2023-07-06,泰国,社交媒体,Android,35-44,女
U03465,2024-08-09,印尼,自然搜索,iOS,18-24,女
U03466,2024-05-21,越南,自然搜索,Android,18-24,女
U03467,2023-11-16,印尼,社交媒体,iOS,35-44,男
U03468,2023-01-27,菲律宾,自然搜索,iOS,35-44,女
U03469,2024-04-17,泰国,内容营销,iOS,25-34,男
U03470,2023-06-22,泰国,自然搜索,iOS,35-44,女
U03471,2023-11-07,菲律宾,自然搜索,Android,45+,男
U03472,2024-04-26,印尼,内容营销,iOS,18-24,男
U03473,2024-10-02,印尼,付费广告,iOS,25-34,男
U03474,2024-08-13,菲律宾,社交媒体,iOS,18-24,女
U03475,2024-01-15,菲律宾,自然搜索,iOS,35-44,男
U03476,2024-03-09,马来西亚,社交媒体,iOS,25-34,男
U03477,2024-06-14,印尼,社交媒体,iOS,18-24,女
U03478,2024-11-14,印尼,付费广告,iOS,35-44,女
U03479,2023-04-14,越南,KOL推荐,Android,35-44,男
U03480,2023-10-11,泰国,社交媒体,iOS,18-24,男
U03481,2024-10-01,印尼,付费广告,iOS,18-24,男
U03482,2024-02-08,越南,社交媒体,Android,25-34,女
U03483,2023-06-11,马来西亚,社交媒体,Android,25-34,女
U03484,2024-02-07,印尼,自然搜索,iOS,35-44,男
U03485,2024-10-07,印尼,付费广告,iOS,25-34,女
U03486,2024-09-19,越南,付费广告,Android,25-34,男
U03487,2024-10-10,泰国,付费广告,iOS,35-44,男
U03488,2024-10-09,泰国,KOL推荐,Android,25-34,女
U03489,2024-06-27,越南,付费广告,iOS,25-34,男
U03490,2024-05-13,泰国,内容营销,Android,25-34,女
U03491,2023-04-21,印尼,付费广告,Android,35-44,女
U03492,2023-07-08,菲律宾,付费广告,Android,18-24,男
U03493,2024-04-12,菲律宾,KOL推荐,iOS,18-24,女
U03494,2023-01-06,印尼,付费广告,iOS,18-24,女
U03495,2023-01-08,泰国,付费广告,iOS,35-44,女
U03496,2023-12-16,菲律宾,自然搜索,Android,25-34,男
U03497,2023-01-04,菲律宾,付费广告,Android,25-34,男
U03498,2024-07-18,泰国,付费广告,iOS,45+,男
U03499,2023-08-06,印尼,内容营销,Android,45+,女
U03500,2024-01-28,越南,付费广告,iOS,45+,男
U03501,2024-08-03,菲律宾,内容营销,iOS,18-24,男
U03502,2024-03-06,马来西亚,社交媒体,Android,35-44,女
U03503,2023-06-05,泰国,付费广告,iOS,25-34,男
U03504,2024-07-27,菲律宾,付费广告,iOS,18-24,男
U03505,2023-10-09,印尼,KOL推荐,iOS,25-34,女
U03506,2024-02-22,马来西亚,内容营销,Android,25-34,女
U03507,2023-05-27,越南,自然搜索,Android,18-24,男
U03508,2023-07-17,菲律宾,付费广告,Android,25-34,男
U03509,2024-11-17,泰国,付费广告,Android,35-44,男
U03510,2023-09-22,越南,自然搜索,Android,25-34,男
U03511,2024-11-07,泰国,社交媒体,iOS,25-34,女
U03512,2023-01-02,马来西亚,内容营销,Android,25-34,女
U03513,2023-10-19,菲律宾,付费广告,Android,45+,女
U03514,2023-08-09,菲律宾,社交媒体,Android,18-24,女
U03515,2024-03-11,马来西亚,社交媒体,Android,25-34,女
U03516,2024-12-12,泰国,付费广告,Android,18-24,女
U03517,2024-10-18,越南,自然搜索,iOS,35-44,女
U03518,2023-02-28,泰国,社交媒体,iOS,18-24,女
U03519,2024-03-10,泰国,内容营销,Android,25-34,女
U03520,2023-07-09,泰国,社交媒体,Android,25-34,男
U03521,2024-10-17,越南,自然搜索,Android,35-44,男
U03522,2024-02-09,越南,自然搜索,iOS,18-24,女
U03523,2023-07-15,泰国,自然搜索,iOS,25-34,男
U03524,2023-03-02,泰国,社交媒体,Android,18-24,女
U03525,2023-03-02,泰国,KOL推荐,Android,45+,女
U03526,2024-01-27,马来西亚,自然搜索,Android,25-34,女
U03527,2024-01-02,菲律宾,KOL推荐,iOS,25-34,女
U03528,2024-08-22,马来西亚,社交媒体,Android,25-34,男
U03529,2024-07-09,越南,社交媒体,Android,25-34,男
U03530,2023-05-21,越南,内容营销,Android,18-24,女
U03531,2023-07-25,菲律宾,自然搜索,iOS,25-34,男
U03532,2024-01-01,越南,内容营销,iOS,45+,女
U03533,2023-09-02,越南,自然搜索,Android,25-34,男
U03534,2023-03-12,泰国,付费广告,iOS,35-44,男
U03535,2023-05-26,泰国,内容营销,Android,18-24,男
U03536,2023-12-04,越南,内容营销,Android,45+,女
U03537,2024-09-26,越南,付费广告,Android,25-34,男
U03538,2024-09-12,印尼,社交媒体,iOS,25-34,男
U03539,2023-05-14,泰国,社交媒体,iOS,25-34,男
U03540,2024-02-10,泰国,KOL推荐,Android,35-44,男
U03541,2023-10-05,菲律宾,自然搜索,Android,35-44,男
U03542,2024-06-27,泰国,KOL推荐,iOS,25-34,男
U03543,2024-05-10,越南,付费广告,iOS,25-34,女
U03544,2023-11-15,菲律宾,付费广告,Android,18-24,男
U03545,2024-12-19,泰国,付费广告,iOS,25-34,男
U03546,2023-12-16,泰国,付费广告,Android,25-34,女
U03547,2024-11-24,印尼,内容营销,iOS,25-34,男
U03548,2023-12-22,越南,付费广告,Android,25-34,女
U03549,2024-10-27,印尼,内容营销,Android,35-44,男
U03550,2024-07-25,菲律宾,自然搜索,Android,35-44,男
U03551,2023-03-13,泰国,社交媒体,iOS,18-24,男
U03552,2024-09-22,印尼,KOL推荐,Android,35-44,女
U03553,2024-03-17,印尼,社交媒体,iOS,18-24,女
U03554,2023-11-25,泰国,社交媒体,Android,35-44,男
U03555,2024-11-27,印尼,社交媒体,Android,18-24,女
U03556,2023-12-17,越南,内容营销,Android,35-44,女
U03557,2024-10-23,印尼,KOL推荐,iOS,25-34,男
U03558,2023-05-05,泰国,自然搜索,Android,25-34,女
U03559,2023-07-03,越南,KOL推荐,iOS,35-44,女
U03560,2023-03-17,越南,付费广告,iOS,18-24,男
U03561,2024-12-02,菲律宾,付费广告,iOS,18-24,男
U03562,2024-03-19,泰国,内容营销,iOS,25-34,女
U03563,2024-11-10,越南,付费广告,iOS,35-44,女
U03564,2023-11-24,越南,KOL推荐,iOS,25-34,男
U03565,2023-09-14,印尼,付费广告,Android,18-24,女
U03566,2024-12-07,印尼,自然搜索,iOS,25-34,男
U03567,2023-10-01,印尼,付费广告,Android,25-34,女
U03568,2023-01-14,菲律宾,自然搜索,iOS,25-34,女
U03569,2023-08-14,菲律宾,KOL推荐,Android,35-44,女
U03570,2023-07-18,越南,付费广告,Android,25-34,女
U03571,2024-11-09,印尼,付费广告,Android,18-24,男
U03572,2024-03-01,菲律宾,自然搜索,Android,18-24,男
U03573,2023-11-19,马来西亚,付费广告,Android,25-34,女
U03574,2023-10-18,菲律宾,KOL推荐,Android,35-44,男
U03575,2024-10-26,越南,自然搜索,iOS,18-24,女
U03576,2023-04-18,泰国,社交媒体,Android,45+,女
U03577,2024-06-22,印尼,内容营销,iOS,25-34,男
U03578,2024-10-20,印尼,社交媒体,iOS,25-34,女
U03579,2023-12-09,印尼,KOL推荐,iOS,18-24,男
U03580,2024-06-06,印尼,自然搜索,Android,35-44,女
U03581,2024-11-19,菲律宾,付费广告,Android,35-44,男
U03582,2024-08-23,越南,内容营销,Android,18-24,男
U03583,2024-03-05,菲律宾,社交媒体,Android,45+,女
U03584,2023-11-13,越南,社交媒体,iOS,25-34,女
U03585,2023-02-08,越南,社交媒体,Android,35-44,女
U03586,2023-11-18,越南,付费广告,Android,35-44,女
U03587,2023-10-01,菲律宾,自然搜索,Android,35-44,女
U03588,2023-04-17,泰国,KOL推荐,Android,45+,女
U03589,2024-05-05,泰国,社交媒体,Android,35-44,男
U03590,2024-11-03,马来西亚,付费广告,Android,45+,男
U03591,2023-07-05,泰国,内容营销,iOS,18-24,男
U03592,2023-10-27,印尼,付费广告,iOS,25-34,男
U03593,2024-12-07,印尼,付费广告,iOS,25-34,男
U03594,2024-05-17,印尼,内容营销,iOS,35-44,男
U03595,2023-07-06,印尼,KOL推荐,Android,25-34,女
U03596,2023-09-08,泰国,付费广告,Android,18-24,男
U03597,2024-02-22,印尼,自然搜索,iOS,35-44,女
U03598,2023-06-09,越南,自然搜索,Android,45+,女
U03599,2024-08-25,印尼,社交媒体,Android,25-34,女
U03600,2023-11-11,泰国,付费广告,iOS,18-24,男
U03601,2023-08-03,印尼,KOL推荐,iOS,18-24,女
U03602,2023-11-04,泰国,内容营销,Android,18-24,女
U03603,2024-11-03,越南,KOL推荐,Android,35-44,女
U03604,2024-01-19,泰国,付费广告,Android,45+,男
U03605,2023-08-21,泰国,KOL推荐,iOS,18-24,男
U03606,2024-09-24,菲律宾,付费广告,Android,25-34,男
U03607,2024-10-21,越南,自然搜索,iOS,35-44,男
U03608,2023-01-21,马来西亚,自然搜索,Android,18-24,女
U03609,2023-08-09,马来西亚,付费广告,Android,25-34,女
U03610,2023-06-11,印尼,内容营销,iOS,35-44,男
U03611,2023-10-03,泰国,自然搜索,iOS,35-44,男
U03612,2023-08-05,越南,自然搜索,iOS,25-34,男
U03613,2023-02-16,菲律宾,内容营销,iOS,35-44,男
U03614,2023-01-27,越南,自然搜索,Android,25-34,女
U03615,2024-12-02,泰国,KOL推荐,iOS,18-24,女
U03616,2023-03-09,印尼,付费广告,Android,18-24,男
U03617,2024-05-24,菲律宾,自然搜索,iOS,25-34,男
U03618,2023-12-02,菲律宾,内容营销,Android,18-24,女
U03619,2024-12-02,泰国,自然搜索,Android,18-24,男
U03620,2024-11-19,印尼,社交媒体,Android,35-44,女
U03621,2024-08-28,泰国,付费广告,Android,25-34,女
U03622,2024-05-28,泰国,自然搜索,iOS,18-24,女
U03623,2024-05-13,菲律宾,自然搜索,Android,18-24,男
U03624,2023-12-11,泰国,自然搜索,iOS,25-34,男
U03625,2023-11-24,越南,自然搜索,iOS,25-34,女
U03626,2023-08-18,泰国,KOL推荐,iOS,25-34,男
U03627,2023-04-18,菲律宾,付费广告,Android,35-44,男
U03628,2024-03-24,菲律宾,付费广告,Android,18-24,女
U03629,2023-07-23,印尼,付费广告,Android,18-24,女
U03630,2024-03-19,菲律宾,内容营销,iOS,18-24,女
U03631,2024-09-17,泰国,内容营销,iOS,18-24,男
U03632,2023-10-11,越南,社交媒体,Android,45+,女
U03633,2024-02-04,越南,内容营销,Android,25-34,男
U03634,2023-04-01,泰国,付费广告,iOS,25-34,男
U03635,2023-12-07,印尼,付费广告,Android,35-44,女
U03636,2023-05-01,马来西亚,社交媒体,iOS,18-24,男
U03637,2024-09-24,泰国,社交媒体,iOS,18-24,男
U03638,2023-08-18,越南,付费广告,iOS,35-44,男
U03639,2024-01-17,泰国,付费广告,iOS,35-44,女
U03640,2023-02-06,泰国,内容营销,iOS,25-34,女
U03641,2024-09-04,马来西亚,KOL推荐,Android,25-34,女
U03642,2023-08-15,越南,付费广告,Android,35-44,女
U03643,2023-05-20,越南,社交媒体,Android,18-24,女
U03644,2023-11-08,菲律宾,付费广告,Android,18-24,女
U03645,2024-05-09,泰国,自然搜索,Android,18-24,男
U03646,2024-06-14,印尼,付费广告,iOS,25-34,男
U03647,2024-12-09,越南,付费广告,Android,18-24,女
U03648,2023-10-24,印尼,自然搜索,Android,25-34,男
U03649,2024-08-27,马来西亚,KOL推荐,iOS,35-44,男
U03650,2023-02-03,菲律宾,付费广告,iOS,25-34,男
U03651,2024-12-05,越南,社交媒体,Android,18-24,女
U03652,2023-04-03,菲律宾,自然搜索,Android,25-34,女
U03653,2024-07-10,泰国,自然搜索,iOS,35-44,女
U03654,2023-07-27,泰国,内容营销,Android,18-24,女
U03655,2023-12-08,泰国,社交媒体,Android,18-24,女
U03656,2023-05-24,越南,内容营销,iOS,25-34,男
U03657,2024-01-09,印尼,内容营销,Android,18-24,女
U03658,2023-04-02,印尼,付费广告,Android,45+,男
U03659,2023-05-02,马来西亚,付费广告,Android,25-34,男
U03660,2024-06-06,印尼,内容营销,Android,18-24,女
U03661,2023-11-10,印尼,内容营销,iOS,35-44,男
U03662,2023-01-02,泰国,社交媒体,iOS,25-34,男
U03663,2024-09-10,泰国,KOL推荐,iOS,18-24,女
U03664,2023-05-26,印尼,KOL推荐,Android,18-24,男
U03665,2023-12-19,越南,付费广告,Android,25-34,女
U03666,2024-09-25,菲律宾,社交媒体,Android,18-24,男
U03667,2023-02-06,泰国,KOL推荐,iOS,18-24,男
U03668,2024-03-08,泰国,社交媒体,iOS,18-24,女
U03669,2024-04-19,越南,自然搜索,Android,18-24,女
U03670,2024-06-27,泰国,付费广告,Android,35-44,男
U03671,2024-05-01,泰国,自然搜索,Android,35-44,女
U03672,2023-11-04,印尼,自然搜索,Android,35-44,女
U03673,2023-06-07,泰国,内容营销,Android,25-34,女
U03674,2023-08-24,印尼,自然搜索,iOS,45+,男
U03675,2023-10-17,越南,自然搜索,iOS,18-24,男
U03676,2023-12-08,泰国,付费广告,Android,18-24,男
U03677,2023-12-26,越南,社交媒体,Android,25-34,男
U03678,2024-05-03,菲律宾,付费广告,iOS,25-34,男
U03679,2024-02-12,越南,自然搜索,Android,25-34,男
U03680,2023-05-13,菲律宾,自然搜索,Android,18-24,女
U03681,2023-11-16,泰国,自然搜索,iOS,18-24,女
U03682,2023-10-28,菲律宾,付费广告,Android,25-34,男
U03683,2024-12-08,泰国,付费广告,Android,45+,女
U03684,2023-06-20,印尼,内容营销,iOS,25-34,女
U03685,2024-08-24,印尼,付费广告,Android,18-24,男
U03686,2023-03-24,马来西亚,自然搜索,Android,35-44,女
U03687,2024-08-10,越南,社交媒体,iOS,18-24,男
U03688,2024-06-10,泰国,付费广告,Android,18-24,女
U03689,2024-01-14,泰国,社交媒体,iOS,25-34,男
U03690,2023-01-20,菲律宾,付费广告,iOS,35-44,男
U03691,2024-03-25,印尼,社交媒体,iOS,35-44,男
U03692,2023-12-16,菲律宾,KOL推荐,iOS,25-34,女
U03693,2023-07-14,泰国,内容营销,iOS,25-34,女
U03694,2023-09-09,越南,付费广告,Android,25-34,男
U03695,2023-10-09,泰国,付费广告,iOS,18-24,男
U03696,2024-04-23,马来西亚,付费广告,Android,45+,女
U03697,2023-08-28,印尼,内容营销,Android,25-34,女
U03698,2023-02-25,马来西亚,内容营销,iOS,18-24,女
U03699,2024-06-24,越南,自然搜索,Android,35-44,女
U03700,2024-06-27,印尼,自然搜索,Android,25-34,男
U03701,2023-12-24,印尼,付费广告,Android,45+,男
U03702,2023-03-02,越南,自然搜索,iOS,35-44,女
U03703,2023-06-06,菲律宾,付费广告,Android,18-24,男
U03704,2024-05-16,马来西亚,自然搜索,Android,35-44,男
U03705,2024-11-28,菲律宾,社交媒体,iOS,25-34,男
U03706,2024-01-12,印尼,内容营销,iOS,18-24,男
U03707,2023-11-15,越南,内容营销,Android,35-44,男
U03708,2024-05-20,越南,付费广告,iOS,25-34,女
U03709,2024-10-24,马来西亚,社交媒体,Android,18-24,男
U03710,2023-08-26,泰国,内容营销,iOS,25-34,男
U03711,2023-07-11,印尼,自然搜索,iOS,25-34,男
U03712,2024-09-22,印尼,社交媒体,Android,18-24,女
U03713,2023-08-19,印尼,付费广告,iOS,25-34,女
U03714,2023-06-20,马来西亚,自然搜索,iOS,25-34,男
U03715,2024-07-19,越南,付费广告,iOS,18-24,男
U03716,2023-04-22,越南,自然搜索,iOS,35-44,女
U03717,2024-03-27,泰国,社交媒体,Android,18-24,男
U03718,2024-05-18,越南,付费广告,Android,18-24,女
U03719,2024-08-12,越南,付费广告,iOS,18-24,女
U03720,2023-10-09,越南,自然搜索,Android,25-34,男
U03721,2023-08-26,菲律宾,内容营销,iOS,25-34,女
U03722,2023-08-11,马来西亚,付费广告,Android,25-34,男
U03723,2024-11-12,泰国,社交媒体,iOS,18-24,男
U03724,2024-10-23,越南,社交媒体,iOS,35-44,男
U03725,2023-06-03,马来西亚,付费广告,Android,18-24,女
U03726,2024-03-28,泰国,自然搜索,iOS,18-24,男
U03727,2023-06-28,泰国,社交媒体,iOS,18-24,男
U03728,2023-07-06,泰国,自然搜索,Android,18-24,男
U03729,2023-02-06,印尼,自然搜索,Android,25-34,女
U03730,2023-02-01,泰国,社交媒体,Android,18-24,男
U03731,2024-03-10,马来西亚,自然搜索,Android,18-24,男
U03732,2023-10-10,越南,付费广告,Android,35-44,女
U03733,2023-05-04,印尼,付费广告,iOS,18-24,女
U03734,2024-03-09,泰国,付费广告,iOS,35-44,女
U03735,2024-04-09,印尼,社交媒体,Android,35-44,男
U03736,2024-07-14,印尼,社交媒体,Android,25-34,女
U03737,2023-12-12,菲律宾,社交媒体,Android,25-34,女
U03738,2023-03-19,菲律宾,社交媒体,Android,25-34,男
U03739,2023-11-26,印尼,付费广告,iOS,18-24,女
U03740,2023-05-06,马来西亚,付费广告,iOS,45+,女
U03741,2023-06-19,菲律宾,付费广告,iOS,25-34,女
U03742,2024-02-16,菲律宾,付费广告,Android,35-44,女
U03743,2023-12-18,泰国,内容营销,Android,35-44,女
U03744,2024-10-13,泰国,KOL推荐,Android,18-24,男
U03745,2024-08-09,泰国,自然搜索,Android,18-24,女
U03746,2024-06-04,印尼,自然搜索,Android,18-24,男
U03747,2023-11-27,越南,自然搜索,Android,35-44,女
U03748,2024-06-21,越南,自然搜索,Android,35-44,男
U03749,2023-03-04,菲律宾,自然搜索,Android,25-34,男
U03750,2023-09-13,菲律宾,付费广告,Android,18-24,女
U03751,2024-03-10,马来西亚,内容营销,iOS,18-24,男
U03752,2024-09-09,越南,社交媒体,iOS,35-44,女
U03753,2024-04-16,印尼,自然搜索,Android,45+,女
U03754,2024-01-05,越南,付费广告,Android,18-24,男
U03755,2023-10-25,泰国,付费广告,iOS,18-24,女
U03756,2024-12-01,泰国,KOL推荐,iOS,25-34,女
U03757,2023-03-21,越南,KOL推荐,Android,18-24,女
U03758,2023-03-10,越南,内容营销,Android,35-44,女
U03759,2024-05-27,菲律宾,付费广告,iOS,25-34,男
U03760,2024-06-13,泰国,社交媒体,Android,25-34,男
U03761,2023-02-16,印尼,自然搜索,Android,25-34,男
U03762,2023-04-22,印尼,社交媒体,Android,25-34,男
U03763,2024-06-14,越南,自然搜索,iOS,18-24,女
U03764,2023-06-11,印尼,付费广告,iOS,35-44,男
U03765,2024-05-08,越南,社交媒体,iOS,35-44,女
U03766,2023-03-24,印尼,付费广告,iOS,25-34,女
U03767,2023-03-17,越南,自然搜索,iOS,25-34,男
U03768,2023-04-19,泰国,自然搜索,Android,18-24,男
U03769,2023-08-17,泰国,自然搜索,iOS,18-24,女
U03770,2024-10-05,印尼,自然搜索,Android,25-34,女
U03771,2023-11-12,马来西亚,自然搜索,Android,25-34,女
U03772,2024-09-15,越南,自然搜索,iOS,25-34,男
U03773,2023-12-22,印尼,自然搜索,Android,35-44,男
U03774,2023-07-24,印尼,内容营销,Android,25-34,女
U03775,2023-03-10,马来西亚,付费广告,Android,25-34,男
U03776,2024-04-01,菲律宾,自然搜索,iOS,18-24,女
U03777,2024-09-11,印尼,付费广告,Android,35-44,男
U03778,2024-05-14,印尼,内容营销,iOS,25-34,女
U03779,2024-06-12,菲律宾,社交媒体,Android,18-24,男
U03780,2024-04-08,越南,付费广告,iOS,25-34,女
U03781,2023-03-11,越南,社交媒体,Android,25-34,女
U03782,2024-03-04,泰国,社交媒体,iOS,35-44,女
U03783,2024-04-22,菲律宾,社交媒体,iOS,45+,男
U03784,2024-12-17,菲律宾,社交媒体,Android,25-34,男
U03785,2024-02-02,泰国,内容营销,Android,35-44,男
U03786,2024-10-15,印尼,内容营销,iOS,18-24,女
U03787,2024-12-28,越南,社交媒体,iOS,25-34,女
U03788,2023-08-13,泰国,付费广告,Android,35-44,女
U03789,2023-03-04,马来西亚,社交媒体,Android,25-34,男
U03790,2023-04-04,泰国,KOL推荐,iOS,25-34,女
U03791,2023-02-13,泰国,自然搜索,Android,35-44,男
U03792,2024-10-08,印尼,内容营销,Android,18-24,男
U03793,2023-09-01,印尼,自然搜索,iOS,18-24,女
U03794,2023-01-09,泰国,付费广告,Android,35-44,男
U03795,2023-11-16,印尼,内容营销,Android,35-44,女
U03796,2023-04-15,印尼,自然搜索,Android,35-44,女
U03797,2023-07-02,泰国,付费广告,iOS,25-34,女
U03798,2023-10-17,泰国,自然搜索,Android,35-44,女
U03799,2023-11-23,印尼,付费广告,iOS,35-44,男
U03800,2024-10-19,越南,自然搜索,Android,18-24,女
U03801,2023-10-04,马来西亚,付费广告,iOS,35-44,男
U03802,2024-01-01,菲律宾,付费广告,Android,18-24,男
U03803,2023-07-09,马来西亚,内容营销,Android,18-24,女
U03804,2023-01-18,越南,内容营销,iOS,25-34,女
U03805,2024-06-16,马来西亚,自然搜索,Android,25-34,男
U03806,2024-10-16,越南,社交媒体,Android,25-34,男
U03807,2023-05-14,越南,自然搜索,iOS,18-24,女
U03808,2024-10-01,泰国,自然搜索,Android,18-24,男
U03809,2023-06-27,泰国,自然搜索,Android,18-24,女
U03810,2023-06-23,印尼,内容营销,iOS,25-34,男
U03811,2023-12-18,越南,内容营销,Android,35-44,男
U03812,2024-10-09,泰国,自然搜索,Android,35-44,女
U03813,2024-04-15,印尼,自然搜索,iOS,35-44,女
U03814,2023-02-05,越南,自然搜索,Android,25-34,女
U03815,2024-11-21,印尼,付费广告,iOS,35-44,女
U03816,2024-01-19,越南,社交媒体,Android,18-24,男
U03817,2023-01-16,菲律宾,自然搜索,Android,18-24,女
U03818,2023-07-13,菲律宾,KOL推荐,iOS,35-44,男
U03819,2024-12-22,印尼,付费广告,Android,25-34,女
U03820,2024-04-28,越南,内容营销,Android,35-44,女
U03821,2023-12-07,越南,社交媒体,iOS,25-34,男
U03822,2024-02-18,菲律宾,付费广告,Android,18-24,男
U03823,2024-09-19,越南,KOL推荐,Android,35-44,女
U03824,2024-01-02,泰国,KOL推荐,Android,25-34,男
U03825,2024-07-04,泰国,付费广告,Android,35-44,女
U03826,2024-02-02,越南,付费广告,iOS,35-44,男
U03827,2024-06-24,印尼,内容营销,iOS,18-24,男
U03828,2024-07-19,菲律宾,自然搜索,Android,18-24,男
U03829,2023-04-27,泰国,自然搜索,Android,18-24,男
U03830,2024-09-19,越南,付费广告,Android,18-24,女
U03831,2024-10-26,菲律宾,KOL推荐,iOS,18-24,女
U03832,2023-03-08,菲律宾,KOL推荐,Android,25-34,女
U03833,2023-04-21,越南,内容营销,Android,45+,男
U03834,2023-03-05,越南,付费广告,iOS,35-44,女
U03835,2023-11-23,越南,自然搜索,iOS,35-44,男
U03836,2024-07-19,马来西亚,社交媒体,Android,18-24,女
U03837,2024-05-02,泰国,KOL推荐,iOS,25-34,男
U03838,2024-08-28,马来西亚,自然搜索,iOS,35-44,女
U03839,2023-09-03,印尼,自然搜索,Android,18-24,女
U03840,2023-10-21,印尼,自然搜索,Android,35-44,男
U03841,2023-09-20,泰国,社交媒体,Android,45+,男
U03842,2023-04-22,印尼,内容营销,Android,25-34,女
U03843,2023-07-12,越南,社交媒体,Android,35-44,男
U03844,2023-11-22,泰国,内容营销,Android,18-24,女
U03845,2024-03-20,印尼,自然搜索,iOS,35-44,女
U03846,2024-02-07,马来西亚,内容营销,iOS,18-24,女
U03847,2024-03-14,印尼,KOL推荐,iOS,18-24,女
U03848,2023-11-10,印尼,付费广告,iOS,35-44,男
U03849,2024-07-03,泰国,内容营销,iOS,35-44,男
U03850,2023-12-13,越南,付费广告,iOS,25-34,男
U03851,2023-07-12,泰国,内容营销,iOS,25-34,女
U03852,2024-10-02,印尼,内容营销,iOS,35-44,女
U03853,2023-01-06,马来西亚,KOL推荐,Android,35-44,女
U03854,2024-07-25,印尼,社交媒体,iOS,45+,女
U03855,2023-06-13,泰国,自然搜索,Android,35-44,女
U03856,2023-04-26,越南,付费广告,iOS,35-44,女
U03857,2024-02-16,印尼,付费广告,Android,35-44,男
U03858,2023-02-09,越南,KOL推荐,Android,25-34,女
U03859,2024-01-21,菲律宾,KOL推荐,Android,18-24,女
U03860,2024-02-14,菲律宾,内容营销,Android,18-24,男
U03861,2023-05-02,印尼,自然搜索,Android,35-44,男
U03862,2023-05-06,越南,KOL推荐,iOS,35-44,男
U03863,2023-02-01,越南,内容营销,Android,25-34,女
U03864,2024-04-22,泰国,KOL推荐,Android,25-34,女
U03865,2023-09-25,越南,自然搜索,Android,18-24,男
U03866,2024-02-09,越南,自然搜索,iOS,25-34,女
U03867,2023-05-15,印尼,自然搜索,Android,25-34,男
U03868,2023-10-15,印尼,社交媒体,Android,25-34,女
U03869,2024-05-03,泰国,社交媒体,Android,45+,女
U03870,2023-08-25,越南,内容营销,Android,18-24,女
U03871,2023-04-11,泰国,付费广告,iOS,25-34,男
U03872,2024-07-14,泰国,付费广告,iOS,25-34,女
U03873,2024-06-21,菲律宾,社交媒体,iOS,45+,男
U03874,2023-02-27,泰国,KOL推荐,iOS,35-44,男
U03875,2023-09-10,越南,内容营销,iOS,25-34,女
U03876,2024-01-19,泰国,KOL推荐,iOS,45+,女
U03877,2023-04-28,菲律宾,付费广告,iOS,25-34,女
U03878,2024-04-12,印尼,社交媒体,Android,18-24,女
U03879,2024-04-17,泰国,内容营销,iOS,25-34,女
U03880,2024-04-07,印尼,付费广告,Android,18-24,男
U03881,2023-02-09,印尼,自然搜索,Android,25-34,男
U03882,2023-12-13,马来西亚,自然搜索,Android,45+,女
U03883,2024-02-12,泰国,自然搜索,iOS,35-44,男
U03884,2023-03-22,菲律宾,社交媒体,Android,18-24,女
U03885,2024-09-16,马来西亚,自然搜索,Android,18-24,女
U03886,2024-06-25,马来西亚,自然搜索,Android,18-24,女
U03887,2023-03-22,印尼,付费广告,Android,18-24,女
U03888,2023-09-15,印尼,社交媒体,Android,18-24,女
U03889,2023-08-10,越南,付费广告,Android,25-34,男
U03890,2024-09-22,菲律宾,社交媒体,iOS,35-44,女
U03891,2023-03-05,印尼,自然搜索,iOS,35-44,女
U03892,2023-06-14,印尼,自然搜索,Android,18-24,女
U03893,2024-07-26,越南,付费广告,iOS,25-34,男
U03894,2024-06-26,印尼,付费广告,iOS,18-24,女
U03895,2023-07-04,菲律宾,付费广告,Android,18-24,男
U03896,2023-03-13,泰国,自然搜索,iOS,25-34,男
U03897,2023-04-09,菲律宾,内容营销,Android,18-24,女
U03898,2023-06-11,印尼,社交媒体,Android,25-34,男
U03899,2023-09-09,菲律宾,自然搜索,iOS,35-44,女
U03900,2024-10-21,越南,自然搜索,iOS,25-34,女
U03901,2024-07-01,越南,内容营销,iOS,35-44,男
U03902,2023-04-01,马来西亚,社交媒体,iOS,18-24,女
U03903,2024-01-16,越南,付费广告,iOS,35-44,男
U03904,2023-12-01,菲律宾,社交媒体,iOS,18-24,女
U03905,2024-03-22,印尼,KOL推荐,iOS,18-24,男
U03906,2023-05-23,印尼,KOL推荐,iOS,18-24,男
U03907,2023-01-17,越南,付费广告,Android,25-34,女
U03908,2023-08-22,印尼,付费广告,Android,25-34,女
U03909,2023-08-22,越南,自然搜索,Android,45+,女
U03910,2024-10-26,泰国,内容营销,Android,35-44,男
U03911,2024-03-23,越南,社交媒体,iOS,25-34,男
U03912,2023-12-16,泰国,自然搜索,Android,25-34,女
U03913,2024-06-03,马来西亚,内容营销,iOS,25-34,女
U03914,2023-04-15,马来西亚,内容营销,iOS,35-44,男
U03915,2024-02-01,越南,内容营销,Android,35-44,男
U03916,2024-08-17,印尼,内容营销,iOS,25-34,男
U03917,2024-05-22,越南,内容营销,iOS,35-44,男
U03918,2024-06-01,印尼,自然搜索,Android,35-44,女
U03919,2023-02-23,菲律宾,KOL推荐,Android,18-24,男
U03920,2024-04-14,马来西亚,KOL推荐,iOS,18-24,男
U03921,2024-08-23,越南,自然搜索,iOS,35-44,男
U03922,2024-11-20,菲律宾,自然搜索,Android,35-44,男
U03923,2024-06-09,越南,内容营销,Android,25-34,男
U03924,2024-02-13,马来西亚,付费广告,iOS,45+,女
U03925,2024-02-26,泰国,内容营销,Android,18-24,女
U03926,2024-07-17,印尼,自然搜索,Android,25-34,男
U03927,2023-08-04,印尼,自然搜索,iOS,25-34,女
U03928,2023-09-24,印尼,付费广告,Android,45+,女
U03929,2023-11-07,泰国,自然搜索,Android,18-24,男
U03930,2024-03-25,马来西亚,社交媒体,iOS,25-34,男
U03931,2024-06-20,泰国,社交媒体,Android,18-24,男
U03932,2023-05-16,印尼,自然搜索,iOS,25-34,女
U03933,2024-09-12,泰国,自然搜索,Android,35-44,女
U03934,2024-05-25,越南,付费广告,Android,25-34,男
U03935,2024-03-25,印尼,自然搜索,iOS,35-44,女
U03936,2024-09-26,越南,KOL推荐,Android,45+,女
U03937,2024-07-24,泰国,付费广告,Android,18-24,男
U03938,2023-07-21,泰国,自然搜索,iOS,35-44,女
U03939,2023-12-17,越南,付费广告,iOS,18-24,男
U03940,2023-07-11,菲律宾,自然搜索,iOS,18-24,女
U03941,2023-01-17,菲律宾,自然搜索,Android,25-34,男
U03942,2024-10-07,泰国,自然搜索,Android,35-44,女
U03943,2023-02-11,越南,内容营销,Android,25-34,男
U03944,2024-04-15,泰国,内容营销,iOS,18-24,女
U03945,2023-08-15,泰国,KOL推荐,Android,45+,男
U03946,2023-07-05,印尼,付费广告,iOS,35-44,女
U03947,2023-08-02,印尼,付费广告,iOS,18-24,男
U03948,2023-06-04,泰国,付费广告,Android,25-34,男
U03949,2023-07-06,泰国,社交媒体,Android,18-24,男
U03950,2024-10-05,泰国,内容营销,Android,25-34,男
U03951,2023-05-18,菲律宾,自然搜索,Android,25-34,女
U03952,2023-11-23,马来西亚,自然搜索,Android,25-34,女
U03953,2024-11-08,泰国,社交媒体,Android,18-24,女
U03954,2024-08-11,泰国,KOL推荐,iOS,35-44,女
U03955,2024-07-19,菲律宾,KOL推荐,Android,18-24,男
U03956,2023-02-10,马来西亚,社交媒体,Android,25-34,男
U03957,2023-07-12,越南,内容营销,Android,18-24,女
U03958,2023-02-07,泰国,付费广告,iOS,25-34,女
U03959,2024-07-01,泰国,内容营销,Android,18-24,女
U03960,2023-11-08,印尼,内容营销,Android,25-34,男
U03961,2023-08-14,越南,KOL推荐,iOS,25-34,男
U03962,2024-01-10,泰国,付费广告,Android,18-24,男
U03963,2024-05-27,印尼,自然搜索,Android,18-24,男
U03964,2023-06-20,泰国,付费广告,iOS,25-34,女
U03965,2024-09-14,菲律宾,付费广告,iOS,18-24,男
U03966,2024-12-08,越南,内容营销,Android,25-34,女
U03967,2023-07-05,泰国,自然搜索,iOS,25-34,女
U03968,2023-06-08,印尼,付费广告,Android,35-44,女
U03969,2024-09-03,越南,KOL推荐,Android,45+,女
U03970,2023-09-25,马来西亚,自然搜索,iOS,25-34,男
U03971,2023-10-01,印尼,付费广告,Android,35-44,女
U03972,2023-07-20,越南,付费广告,Android,35-44,男
U03973,2023-06-13,印尼,社交媒体,Android,45+,女
U03974,2023-07-08,越南,自然搜索,Android,18-24,男
U03975,2024-09-05,马来西亚,内容营销,Android,35-44,男
U03976,2023-12-06,越南,付费广告,iOS,45+,男
U03977,2024-11-15,印尼,内容营销,iOS,25-34,男
U03978,2024-09-21,泰国,付费广告,iOS,25-34,女
U03979,2023-04-17,越南,付费广告,iOS,45+,女
U03980,2024-02-07,菲律宾,自然搜索,Android,25-34,女
U03981,2024-11-13,菲律宾,自然搜索,Android,25-34,女
U03982,2024-10-10,泰国,付费广告,Android,35-44,女
U03983,2024-06-02,泰国,自然搜索,iOS,25-34,男
U03984,2024-10-12,菲律宾,付费广告,iOS,18-24,女
U03985,2024-01-25,马来西亚,社交媒体,Android,25-34,女
U03986,2024-09-07,泰国,付费广告,iOS,25-34,女
U03987,2024-06-22,越南,自然搜索,Android,35-44,女
U03988,2023-11-22,越南,KOL推荐,iOS,25-34,女
U03989,2023-10-22,菲律宾,内容营销,Android,35-44,男
U03990,2023-06-14,泰国,自然搜索,Android,25-34,女
U03991,2024-08-05,泰国,自然搜索,Android,25-34,女
U03992,2024-08-06,菲律宾,内容营销,iOS,18-24,女
U03993,2023-09-05,泰国,自然搜索,Android,25-34,女
U03994,2023-05-19,印尼,内容营销,Android,35-44,男
U03995,2024-01-27,越南,自然搜索,Android,18-24,男
U03996,2024-11-05,越南,内容营销,iOS,35-44,男
U03997,2024-02-02,越南,付费广告,iOS,18-24,女
U03998,2023-05-23,印尼,内容营销,iOS,18-24,男
U03999,2024-11-26,泰国,付费广告,iOS,18-24,女
U04000,2023-12-24,印尼,社交媒体,Android,35-44,女
U04001,2024-08-07,菲律宾,自然搜索,iOS,18-24,女
U04002,2023-03-09,菲律宾,自然搜索,iOS,35-44,男
U04003,2024-03-15,泰国,KOL推荐,Android,35-44,男
U04004,2023-08-28,泰国,付费广告,Android,25-34,女
U04005,2024-04-25,越南,内容营销,Android,25-34,女
U04006,2023-02-20,越南,付费广告,Android,25-34,女
U04007,2023-01-24,越南,内容营销,iOS,45+,女
U04008,2023-04-04,印尼,付费广告,Android,25-34,男
U04009,2024-11-06,泰国,内容营销,iOS,18-24,男
U04010,2023-03-08,泰国,内容营销,iOS,25-34,女
U04011,2023-02-17,越南,付费广告,iOS,35-44,女
U04012,2023-12-12,印尼,内容营销,iOS,35-44,男
U04013,2024-03-18,泰国,KOL推荐,iOS,45+,女
U04014,2023-09-21,印尼,自然搜索,iOS,35-44,女
U04015,2023-05-22,越南,社交媒体,Android,18-24,男
U04016,2023-03-17,菲律宾,自然搜索,Android,25-34,女
U04017,2024-12-23,菲律宾,KOL推荐,Android,35-44,女
U04018,2023-12-14,越南,自然搜索,Android,45+,女
U04019,2023-08-09,泰国,自然搜索,iOS,25-34,男
U04020,2023-02-21,越南,付费广告,iOS,25-34,男
U04021,2023-02-24,泰国,社交媒体,iOS,35-44,男
U04022,2024-04-20,印尼,内容营销,iOS,25-34,男
U04023,2023-11-20,菲律宾,内容营销,Android,25-34,男
U04024,2023-10-08,印尼,付费广告,Android,45+,女
U04025,2023-07-01,菲律宾,自然搜索,iOS,35-44,男
U04026,2024-11-10,越南,社交媒体,iOS,18-24,女
U04027,2024-07-05,泰国,社交媒体,iOS,25-34,女
U04028,2024-12-22,印尼,付费广告,iOS,25-34,男
U04029,2023-08-21,越南,付费广告,iOS,45+,女
U04030,2023-09-13,印尼,付费广告,Android,45+,女
U04031,2024-02-27,越南,付费广告,iOS,35-44,女
U04032,2023-06-11,泰国,KOL推荐,Android,25-34,男
U04033,2023-09-13,马来西亚,付费广告,iOS,18-24,女
U04034,2023-04-02,泰国,内容营销,iOS,35-44,男
U04035,2024-12-21,马来西亚,付费广告,Android,25-34,女
U04036,2023-02-22,马来西亚,自然搜索,Android,25-34,女
U04037,2024-01-19,菲律宾,内容营销,iOS,25-34,男
U04038,2023-01-28,印尼,社交媒体,Android,25-34,男
U04039,2023-06-27,印尼,自然搜索,iOS,45+,女
U04040,2023-08-17,菲律宾,社交媒体,iOS,18-24,女
U04041,2023-03-06,越南,付费广告,Android,35-44,女
U04042,2024-07-07,越南,KOL推荐,Android,25-34,男
U04043,2024-03-06,印尼,付费广告,iOS,35-44,男
U04044,2024-10-23,越南,社交媒体,iOS,35-44,男
U04045,2024-06-10,越南,自然搜索,Android,18-24,女
U04046,2023-04-05,越南,付费广告,iOS,18-24,男
U04047,2024-06-27,印尼,内容营销,iOS,18-24,男
U04048,2023-10-10,菲律宾,KOL推荐,Android,18-24,女
U04049,2023-10-07,泰国,自然搜索,Android,35-44,女
U04050,2024-08-14,马来西亚,付费广告,iOS,18-24,女
U04051,2023-08-26,印尼,付费广告,Android,25-34,女
U04052,2023-09-24,菲律宾,社交媒体,Android,18-24,女
U04053,2023-05-25,印尼,KOL推荐,iOS,25-34,男
U04054,2024-09-08,菲律宾,社交媒体,Android,35-44,女
U04055,2024-08-05,泰国,付费广告,Android,25-34,女
U04056,2024-08-18,菲律宾,KOL推荐,iOS,25-34,女
U04057,2023-04-11,泰国,付费广告,iOS,35-44,男
U04058,2024-09-22,菲律宾,自然搜索,Android,18-24,女
U04059,2024-08-11,马来西亚,社交媒体,Android,35-44,女
U04060,2024-02-26,越南,内容营销,iOS,25-34,女
U04061,2024-01-28,泰国,KOL推荐,Android,18-24,女
U04062,2023-04-16,菲律宾,社交媒体,Android,25-34,女
U04063,2023-06-23,越南,社交媒体,Android,18-24,男
U04064,2024-01-23,菲律宾,内容营销,Android,35-44,女
U04065,2024-08-05,泰国,付费广告,iOS,18-24,女
U04066,2024-07-21,泰国,付费广告,iOS,18-24,男
U04067,2023-10-05,马来西亚,内容营销,Android,25-34,男
U04068,2024-02-04,印尼,内容营销,iOS,25-34,女
U04069,2023-06-05,菲律宾,付费广告,Android,35-44,男
U04070,2024-12-02,越南,付费广告,iOS,18-24,女
U04071,2023-06-02,印尼,付费广告,iOS,35-44,男
U04072,2023-12-22,印尼,自然搜索,Android,45+,女
U04073,2023-04-13,印尼,内容营销,Android,25-34,女
U04074,2024-05-06,印尼,付费广告,Android,35-44,男
U04075,2023-03-13,印尼,内容营销,Android,25-34,男
U04076,2024-11-03,越南,自然搜索,iOS,18-24,男
U04077,2024-08-09,越南,付费广告,iOS,25-34,男
U04078,2024-11-04,菲律宾,自然搜索,Android,18-24,女
U04079,2023-02-05,泰国,KOL推荐,iOS,45+,男
U04080,2023-08-02,印尼,社交媒体,Android,18-24,女
U04081,2023-05-06,泰国,社交媒体,Android,25-34,女
U04082,2023-07-13,印尼,自然搜索,iOS,18-24,男
U04083,2023-09-07,印尼,自然搜索,Android,35-44,男
U04084,2023-04-05,泰国,自然搜索,iOS,18-24,男
U04085,2023-03-17,泰国,付费广告,Android,35-44,女
U04086,2024-07-13,泰国,社交媒体,iOS,18-24,男
U04087,2023-01-05,印尼,社交媒体,iOS,35-44,男
U04088,2024-11-09,菲律宾,社交媒体,Android,35-44,男
U04089,2023-04-10,泰国,付费广告,Android,35-44,女
U04090,2024-02-10,印尼,付费广告,Android,18-24,女
U04091,2023-01-23,越南,自然搜索,Android,18-24,女
U04092,2024-07-17,印尼,自然搜索,Android,35-44,男
U04093,2024-08-27,马来西亚,KOL推荐,iOS,18-24,男
U04094,2024-03-22,越南,社交媒体,Android,18-24,男
U04095,2023-06-07,越南,自然搜索,Android,25-34,女
U04096,2023-01-05,泰国,自然搜索,iOS,18-24,男
U04097,2024-08-20,泰国,内容营销,Android,18-24,女
U04098,2023-07-02,越南,社交媒体,Android,25-34,男
U04099,2024-09-23,泰国,社交媒体,iOS,25-34,女
U04100,2023-03-02,印尼,付费广告,Android,18-24,男
U04101,2024-04-28,越南,付费广告,iOS,25-34,女
U04102,2024-05-21,印尼,内容营销,iOS,25-34,女
U04103,2023-12-28,泰国,KOL推荐,iOS,35-44,男
U04104,2023-05-04,越南,付费广告,Android,18-24,女
U04105,2024-12-16,印尼,KOL推荐,iOS,25-34,女
U04106,2024-06-13,马来西亚,KOL推荐,Android,25-34,女
U04107,2024-08-21,泰国,付费广告,Android,25-34,男
U04108,2023-09-16,菲律宾,付费广告,Android,18-24,男
U04109,2023-03-17,印尼,自然搜索,Android,18-24,女
U04110,2024-08-10,印尼,自然搜索,Android,35-44,男
U04111,2024-10-23,印尼,社交媒体,Android,25-34,女
U04112,2024-08-04,泰国,付费广告,Android,35-44,女
U04113,2024-10-01,泰国,KOL推荐,Android,45+,女
U04114,2024-09-16,印尼,内容营销,Android,25-34,男
U04115,2023-11-19,越南,自然搜索,Android,25-34,女
U04116,2023-08-05,马来西亚,付费广告,iOS,18-24,女
U04117,2024-11-24,越南,KOL推荐,Android,45+,女
U04118,2023-08-18,泰国,KOL推荐,iOS,35-44,男
U04119,2024-03-18,印尼,KOL推荐,iOS,35-44,女
U04120,2024-01-15,越南,付费广告,Android,25-34,男
U04121,2024-09-13,印尼,付费广告,Android,35-44,男
U04122,2023-03-12,印尼,社交媒体,Android,35-44,女
U04123,2023-12-10,马来西亚,内容营销,Android,18-24,女
U04124,2023-01-24,菲律宾,付费广告,Android,25-34,男
U04125,2023-06-19,印尼,内容营销,iOS,25-34,女
U04126,2024-12-13,印尼,付费广告,Android,18-24,男
U04127,2023-01-19,马来西亚,内容营销,iOS,35-44,男
U04128,2023-06-01,越南,社交媒体,iOS,18-24,女
U04129,2024-11-17,泰国,付费广告,Android,25-34,男
U04130,2024-05-21,越南,社交媒体,iOS,25-34,女
U04131,2023-11-20,泰国,付费广告,iOS,25-34,女
U04132,2023-12-24,印尼,付费广告,Android,25-34,男
U04133,2024-01-18,印尼,自然搜索,iOS,45+,女
U04134,2024-10-24,印尼,自然搜索,iOS,25-34,男
U04135,2023-01-03,泰国,付费广告,iOS,18-24,女
U04136,2024-05-07,印尼,KOL推荐,iOS,25-34,女
U04137,2024-05-16,越南,社交媒体,iOS,18-24,女
U04138,2023-12-25,印尼,自然搜索,Android,18-24,男
U04139,2023-08-11,印尼,内容营销,iOS,18-24,男
U04140,2023-03-28,越南,社交媒体,Android,18-24,男
U04141,2023-12-04,泰国,内容营销,iOS,25-34,女
U04142,2023-09-26,泰国,社交媒体,Android,25-34,女
U04143,2024-10-21,菲律宾,自然搜索,Android,18-24,男
U04144,2024-09-17,马来西亚,付费广告,Android,35-44,男
U04145,2024-04-12,印尼,社交媒体,Android,18-24,女
U04146,2024-03-15,泰国,自然搜索,Android,45+,男
U04147,2023-01-03,越南,自然搜索,iOS,25-34,男
U04148,2023-02-26,印尼,自然搜索,Android,18-24,女
U04149,2024-05-12,菲律宾,付费广告,Android,45+,男
U04150,2023-05-11,泰国,付费广告,iOS,25-34,女
U04151,2024-07-15,泰国,付费广告,iOS,25-34,男
U04152,2023-07-08,印尼,自然搜索,iOS,18-24,男
U04153,2023-10-06,越南,社交媒体,Android,35-44,女
U04154,2024-09-15,越南,社交媒体,iOS,25-34,女
U04155,2023-10-28,泰国,付费广告,iOS,18-24,女
U04156,2024-09-17,印尼,自然搜索,Android,18-24,男
U04157,2024-10-06,菲律宾,自然搜索,Android,35-44,女
U04158,2024-07-20,马来西亚,付费广告,iOS,18-24,女
U04159,2024-08-06,印尼,自然搜索,iOS,18-24,男
U04160,2024-02-24,印尼,付费广告,Android,25-34,女
U04161,2024-01-13,泰国,社交媒体,Android,35-44,女
U04162,2023-09-09,印尼,付费广告,Android,18-24,女
U04163,2024-09-24,越南,自然搜索,Android,18-24,女
U04164,2023-08-10,印尼,付费广告,iOS,35-44,男
U04165,2024-08-04,越南,社交媒体,iOS,18-24,女
U04166,2023-03-13,泰国,内容营销,Android,25-34,女
U04167,2024-09-08,泰国,KOL推荐,Android,45+,男
U04168,2024-12-09,越南,社交媒体,Android,35-44,女
U04169,2024-02-01,泰国,付费广告,Android,18-24,男
U04170,2024-02-12,泰国,付费广告,Android,25-34,男
U04171,2023-04-22,马来西亚,内容营销,iOS,18-24,男
U04172,2024-09-04,越南,自然搜索,iOS,45+,女
U04173,2024-01-16,印尼,内容营销,iOS,45+,女
U04174,2023-11-03,菲律宾,社交媒体,iOS,18-24,男
U04175,2023-02-25,马来西亚,社交媒体,iOS,35-44,女
U04176,2023-03-20,印尼,自然搜索,Android,35-44,男
U04177,2024-05-01,菲律宾,社交媒体,iOS,18-24,女
U04178,2023-11-16,越南,付费广告,iOS,18-24,女
U04179,2024-08-10,越南,自然搜索,iOS,18-24,女
U04180,2024-08-06,越南,付费广告,Android,25-34,女
U04181,2023-02-22,印尼,内容营销,Android,35-44,女
U04182,2023-07-17,印尼,付费广告,Android,45+,女
U04183,2023-08-13,越南,付费广告,Android,18-24,女
U04184,2024-10-25,泰国,自然搜索,Android,18-24,女
U04185,2023-04-11,印尼,社交媒体,iOS,25-34,女
U04186,2023-02-25,泰国,社交媒体,iOS,35-44,女
U04187,2023-08-18,印尼,社交媒体,iOS,25-34,女
U04188,2023-08-11,印尼,付费广告,Android,25-34,女
U04189,2024-12-05,印尼,付费广告,iOS,25-34,女
U04190,2023-07-23,菲律宾,社交媒体,iOS,18-24,男
U04191,2023-04-22,菲律宾,自然搜索,Android,25-34,男
U04192,2023-10-06,印尼,内容营销,Android,45+,女
U04193,2024-01-16,印尼,社交媒体,Android,18-24,女
U04194,2024-10-25,印尼,付费广告,iOS,25-34,女
U04195,2023-02-26,泰国,付费广告,Android,18-24,男
U04196,2024-12-15,泰国,KOL推荐,Android,25-34,男
U04197,2023-08-17,越南,自然搜索,iOS,25-34,女
U04198,2024-02-18,越南,付费广告,Android,25-34,男
U04199,2024-02-04,印尼,社交媒体,Android,35-44,男
U04200,2024-09-21,菲律宾,付费广告,iOS,25-34,男
U04201,2024-10-23,泰国,KOL推荐,iOS,25-34,女
U04202,2023-01-23,泰国,自然搜索,Android,18-24,女
U04203,2023-06-05,马来西亚,KOL推荐,iOS,35-44,女
U04204,2024-03-16,泰国,自然搜索,Android,18-24,男
U04205,2024-10-27,印尼,自然搜索,iOS,35-44,女
U04206,2023-08-28,印尼,内容营销,Android,18-24,男
U04207,2023-06-05,印尼,社交媒体,Android,18-24,男
U04208,2023-06-25,泰国,付费广告,Android,18-24,女
U04209,2023-01-14,泰国,自然搜索,iOS,45+,男
U04210,2024-07-19,泰国,社交媒体,iOS,25-34,男
U04211,2024-03-19,印尼,付费广告,iOS,18-24,男
U04212,2023-06-25,印尼,内容营销,iOS,18-24,男
U04213,2023-05-26,泰国,内容营销,iOS,25-34,女
U04214,2024-04-27,印尼,社交媒体,Android,18-24,男
U04215,2023-09-25,菲律宾,付费广告,iOS,25-34,女
U04216,2024-03-22,泰国,付费广告,Android,18-24,女
U04217,2023-08-25,印尼,社交媒体,iOS,25-34,男
U04218,2023-08-04,印尼,自然搜索,Android,18-24,女
U04219,2024-12-02,越南,付费广告,Android,25-34,女
U04220,2024-04-03,越南,自然搜索,iOS,25-34,女
U04221,2023-09-26,印尼,自然搜索,Android,18-24,女
U04222,2023-04-02,菲律宾,自然搜索,Android,25-34,女
U04223,2024-07-23,菲律宾,付费广告,Android,25-34,男
U04224,2024-03-07,印尼,KOL推荐,Android,18-24,女
U04225,2023-08-03,印尼,付费广告,iOS,25-34,女
U04226,2024-11-15,越南,付费广告,iOS,25-34,女
U04227,2023-01-16,印尼,自然搜索,iOS,25-34,女
U04228,2024-10-03,越南,社交媒体,Android,18-24,女
U04229,2023-02-15,泰国,付费广告,Android,18-24,男
U04230,2023-04-27,印尼,社交媒体,Android,18-24,女
U04231,2024-02-09,印尼,内容营销,iOS,25-34,女
U04232,2024-10-28,越南,自然搜索,Android,25-34,男
U04233,2023-09-14,马来西亚,自然搜索,Android,25-34,男
U04234,2024-03-24,泰国,付费广告,iOS,35-44,女
U04235,2023-05-24,越南,内容营销,iOS,18-24,女
U04236,2023-02-24,泰国,KOL推荐,iOS,45+,男
U04237,2024-05-11,菲律宾,内容营销,Android,18-24,男
U04238,2024-01-12,印尼,付费广告,Android,35-44,女
U04239,2023-03-23,越南,内容营销,iOS,25-34,男
U04240,2024-08-13,印尼,自然搜索,iOS,35-44,男
U04241,2024-03-11,越南,自然搜索,Android,18-24,女
U04242,2024-04-07,菲律宾,内容营销,Android,25-34,女
U04243,2023-01-23,越南,内容营销,Android,25-34,女
U04244,2024-07-18,越南,自然搜索,Android,45+,女
U04245,2023-09-18,马来西亚,自然搜索,iOS,45+,女
U04246,2023-03-03,越南,自然搜索,Android,18-24,女
U04247,2023-04-16,泰国,自然搜索,iOS,25-34,男
U04248,2023-11-23,印尼,自然搜索,Android,25-34,男
U04249,2024-11-15,马来西亚,内容营销,iOS,18-24,男
U04250,2023-09-26,越南,社交媒体,Android,18-24,女
U04251,2023-08-22,泰国,KOL推荐,iOS,45+,女
U04252,2023-06-21,越南,KOL推荐,Android,25-34,女
U04253,2024-06-06,印尼,付费广告,iOS,18-24,女
U04254,2023-06-12,泰国,KOL推荐,iOS,18-24,女
U04255,2023-05-14,印尼,社交媒体,Android,18-24,女
U04256,2023-06-21,马来西亚,付费广告,iOS,25-34,男
U04257,2024-08-19,越南,社交媒体,Android,25-34,女
U04258,2024-02-01,越南,付费广告,Android,25-34,女
U04259,2024-08-25,越南,KOL推荐,Android,18-24,女
U04260,2024-11-07,泰国,内容营销,Android,25-34,男
U04261,2023-07-14,菲律宾,付费广告,Android,18-24,女
U04262,2024-08-16,越南,KOL推荐,Android,35-44,男
U04263,2023-12-23,越南,自然搜索,Android,18-24,女
U04264,2023-11-18,印尼,KOL推荐,iOS,35-44,女
U04265,2023-12-24,越南,付费广告,iOS,25-34,男
U04266,2023-10-24,印尼,自然搜索,Android,25-34,男
U04267,2023-05-26,泰国,付费广告,iOS,18-24,女
U04268,2024-12-02,菲律宾,社交媒体,Android,35-44,女
U04269,2023-10-26,马来西亚,自然搜索,iOS,35-44,女
U04270,2024-12-26,印尼,内容营销,iOS,18-24,女
U04271,2024-04-25,马来西亚,自然搜索,Android,18-24,女
U04272,2023-06-06,泰国,内容营销,Android,35-44,男
U04273,2024-08-24,印尼,社交媒体,Android,18-24,女
U04274,2024-11-12,印尼,付费广告,Android,25-34,女
U04275,2023-09-17,印尼,付费广告,iOS,18-24,女
U04276,2023-10-08,越南,社交媒体,iOS,25-34,男
U04277,2024-12-09,越南,社交媒体,iOS,25-34,男
U04278,2023-07-25,泰国,社交媒体,Android,18-24,男
U04279,2023-10-24,越南,付费广告,iOS,25-34,女
U04280,2023-01-19,泰国,付费广告,iOS,25-34,女
U04281,2024-10-28,印尼,内容营销,Android,18-24,男
U04282,2023-11-23,泰国,自然搜索,Android,25-34,男
U04283,2024-08-10,泰国,付费广告,iOS,25-34,男
U04284,2023-02-14,印尼,付费广告,iOS,18-24,女
U04285,2023-12-04,印尼,KOL推荐,Android,45+,女
U04286,2024-10-13,菲律宾,KOL推荐,Android,35-44,女
U04287,2024-08-28,印尼,付费广告,iOS,18-24,男
U04288,2023-10-02,越南,自然搜索,iOS,35-44,男
U04289,2024-05-10,菲律宾,自然搜索,Android,25-34,女
U04290,2024-11-16,印尼,付费广告,Android,25-34,男
U04291,2023-09-19,泰国,付费广告,Android,18-24,女
U04292,2023-11-06,印尼,内容营销,Android,35-44,男
U04293,2023-04-16,马来西亚,付费广告,Android,35-44,男
U04294,2023-12-24,越南,付费广告,iOS,25-34,女
U04295,2024-12-27,越南,内容营销,iOS,18-24,女
U04296,2024-04-23,泰国,付费广告,Android,18-24,男
U04297,2024-10-03,泰国,社交媒体,Android,25-34,女
U04298,2023-12-15,越南,自然搜索,Android,18-24,女
U04299,2024-08-12,印尼,付费广告,iOS,25-34,男
U04300,2023-09-10,泰国,内容营销,Android,35-44,男
U04301,2024-11-27,马来西亚,社交媒体,iOS,35-44,女
U04302,2023-08-13,菲律宾,付费广告,Android,25-34,男
U04303,2024-10-15,印尼,社交媒体,iOS,18-24,女
U04304,2024-05-27,菲律宾,内容营销,Android,35-44,女
U04305,2023-12-16,泰国,付费广告,Android,35-44,男
U04306,2023-11-19,印尼,付费广告,iOS,25-34,男
U04307,2024-01-03,印尼,内容营销,iOS,18-24,男
U04308,2023-04-24,菲律宾,自然搜索,Android,35-44,男
U04309,2024-03-14,菲律宾,社交媒体,Android,35-44,男
U04310,2023-11-28,越南,社交媒体,iOS,18-24,女
U04311,2024-01-20,马来西亚,社交媒体,iOS,25-34,女
U04312,2024-06-13,泰国,付费广告,iOS,25-34,女
U04313,2024-09-27,菲律宾,付费广告,Android,25-34,女
U04314,2024-07-04,马来西亚,社交媒体,iOS,35-44,男
U04315,2023-12-03,泰国,自然搜索,iOS,25-34,男
U04316,2024-04-01,印尼,付费广告,Android,35-44,男
U04317,2023-04-09,泰国,自然搜索,Android,25-34,男
U04318,2024-11-13,越南,自然搜索,iOS,18-24,男
U04319,2024-10-10,印尼,内容营销,Android,25-34,女
U04320,2023-09-20,印尼,付费广告,Android,35-44,女
U04321,2023-06-19,马来西亚,内容营销,Android,45+,女
U04322,2023-03-10,印尼,自然搜索,iOS,25-34,男
U04323,2023-10-24,印尼,社交媒体,Android,18-24,女
U04324,2024-09-24,菲律宾,自然搜索,iOS,45+,女
U04325,2023-02-13,马来西亚,KOL推荐,iOS,25-34,男
U04326,2023-07-13,泰国,KOL推荐,iOS,45+,男
U04327,2024-02-28,马来西亚,自然搜索,Android,18-24,女
U04328,2024-06-14,泰国,内容营销,Android,25-34,女
U04329,2024-11-27,菲律宾,自然搜索,Android,18-24,女
U04330,2024-01-19,越南,社交媒体,iOS,35-44,女
U04331,2023-08-04,泰国,内容营销,Android,35-44,男
U04332,2023-09-12,越南,内容营销,Android,25-34,男
U04333,2024-08-02,印尼,内容营销,iOS,18-24,女
U04334,2023-04-21,越南,付费广告,Android,18-24,男
U04335,2024-12-19,泰国,自然搜索,iOS,25-34,男
U04336,2023-09-09,印尼,自然搜索,Android,25-34,女
U04337,2023-11-10,马来西亚,付费广告,iOS,35-44,男
U04338,2023-03-08,越南,KOL推荐,Android,25-34,男
U04339,2024-10-11,泰国,自然搜索,Android,25-34,女
U04340,2023-06-18,越南,社交媒体,Android,18-24,男
U04341,2023-08-23,泰国,付费广告,iOS,25-34,男
U04342,2023-02-20,菲律宾,付费广告,iOS,25-34,男
U04343,2023-05-25,菲律宾,社交媒体,iOS,45+,女
U04344,2023-10-18,印尼,付费广告,Android,25-34,男
U04345,2023-12-28,越南,KOL推荐,Android,25-34,男
U04346,2024-11-21,菲律宾,自然搜索,iOS,18-24,女
U04347,2023-02-10,印尼,KOL推荐,iOS,45+,男
U04348,2023-12-19,菲律宾,自然搜索,Android,18-24,男
U04349,2023-05-10,印尼,自然搜索,Android,25-34,女
U04350,2023-01-07,菲律宾,社交媒体,iOS,45+,男
U04351,2023-01-22,印尼,内容营销,iOS,35-44,男
U04352,2024-10-17,越南,付费广告,iOS,25-34,女
U04353,2023-12-07,马来西亚,付费广告,Android,18-24,女
U04354,2023-08-03,印尼,付费广告,Android,35-44,女
U04355,2024-03-12,印尼,自然搜索,Android,18-24,女
U04356,2024-05-02,泰国,KOL推荐,Android,18-24,女
U04357,2024-05-25,印尼,KOL推荐,Android,18-24,女
U04358,2023-04-07,印尼,自然搜索,iOS,18-24,男
U04359,2024-03-21,泰国,付费广告,iOS,45+,男
U04360,2024-04-25,泰国,KOL推荐,Android,25-34,女
U04361,2023-06-05,印尼,付费广告,iOS,25-34,男
U04362,2024-04-01,菲律宾,社交媒体,iOS,45+,女
U04363,2024-03-20,印尼,自然搜索,Android,18-24,男
U04364,2023-05-13,泰国,社交媒体,iOS,18-24,男
U04365,2024-02-25,印尼,自然搜索,Android,25-34,女
U04366,2023-02-02,泰国,KOL推荐,Android,25-34,男
U04367,2024-07-19,越南,付费广告,Android,25-34,女
U04368,2023-12-23,泰国,付费广告,iOS,18-24,男
U04369,2024-05-02,泰国,KOL推荐,iOS,25-34,男
U04370,2023-11-17,泰国,自然搜索,iOS,18-24,男
U04371,2024-02-09,越南,付费广告,iOS,18-24,男
U04372,2024-07-28,泰国,付费广告,Android,18-24,女
U04373,2024-07-01,越南,付费广告,iOS,25-34,女
U04374,2023-05-19,印尼,内容营销,iOS,25-34,女
U04375,2023-02-14,印尼,KOL推荐,Android,25-34,女
U04376,2024-07-24,越南,自然搜索,Android,45+,女
U04377,2023-08-17,菲律宾,社交媒体,Android,45+,男
U04378,2023-02-17,泰国,付费广告,iOS,25-34,男
U04379,2023-08-14,印尼,内容营销,Android,45+,女
U04380,2024-05-06,泰国,付费广告,Android,45+,男
U04381,2023-11-08,泰国,社交媒体,iOS,25-34,男
U04382,2024-01-08,印尼,付费广告,iOS,25-34,女
U04383,2023-07-24,印尼,付费广告,iOS,45+,男
U04384,2024-12-26,菲律宾,付费广告,Android,25-34,男
U04385,2023-03-02,印尼,自然搜索,iOS,18-24,男
U04386,2023-12-04,马来西亚,KOL推荐,Android,35-44,女
U04387,2023-05-16,泰国,付费广告,Android,18-24,男
U04388,2023-02-27,泰国,内容营销,Android,25-34,女
U04389,2024-12-24,泰国,付费广告,iOS,18-24,男
U04390,2024-01-28,泰国,社交媒体,iOS,18-24,女
U04391,2023-04-28,印尼,内容营销,iOS,18-24,男
U04392,2023-05-27,印尼,社交媒体,iOS,35-44,女
U04393,2023-12-15,泰国,内容营销,Android,18-24,女
U04394,2023-05-05,马来西亚,KOL推荐,iOS,18-24,女
U04395,2024-04-25,菲律宾,付费广告,iOS,18-24,女
U04396,2023-09-15,越南,社交媒体,iOS,25-34,女
U04397,2023-04-17,泰国,自然搜索,iOS,45+,男
U04398,2024-12-27,泰国,付费广告,Android,18-24,女
U04399,2023-01-16,泰国,自然搜索,Android,18-24,女
U04400,2024-11-28,泰国,社交媒体,Android,25-34,女
U04401,2024-08-17,印尼,付费广告,iOS,25-34,男
U04402,2023-04-23,泰国,付费广告,Android,18-24,男
U04403,2024-01-08,越南,付费广告,Android,25-34,男
U04404,2024-06-13,马来西亚,内容营销,iOS,25-34,男
U04405,2023-09-05,印尼,自然搜索,iOS,25-34,女
U04406,2023-11-28,马来西亚,自然搜索,Android,45+,男
U04407,2024-02-24,泰国,自然搜索,Android,18-24,男
U04408,2024-06-18,越南,内容营销,Android,18-24,女
U04409,2024-08-16,印尼,内容营销,iOS,35-44,女
U04410,2023-04-19,泰国,社交媒体,iOS,35-44,女
U04411,2023-05-02,泰国,内容营销,Android,18-24,男
U04412,2024-05-28,印尼,自然搜索,Android,45+,男
U04413,2023-04-06,印尼,内容营销,Android,35-44,男
U04414,2024-10-18,越南,自然搜索,Android,18-24,男
U04415,2023-06-20,印尼,自然搜索,iOS,25-34,男
U04416,2024-03-01,越南,自然搜索,Android,18-24,男
U04417,2024-05-02,泰国,社交媒体,Android,18-24,女
U04418,2023-04-24,越南,KOL推荐,Android,18-24,男
U04419,2023-03-27,泰国,付费广告,iOS,25-34,男
U04420,2024-09-03,泰国,内容营销,iOS,35-44,女
U04421,2024-12-14,马来西亚,付费广告,Android,25-34,女
U04422,2024-08-27,印尼,自然搜索,Android,25-34,男
U04423,2023-08-08,印尼,付费广告,Android,25-34,男
U04424,2023-09-18,越南,社交媒体,Android,25-34,女
U04425,2023-07-10,越南,KOL推荐,Android,35-44,男
U04426,2023-01-04,泰国,付费广告,Android,25-34,女
U04427,2024-08-04,泰国,社交媒体,iOS,25-34,女
U04428,2024-11-14,泰国,付费广告,iOS,25-34,男
U04429,2023-05-05,菲律宾,社交媒体,iOS,35-44,女
U04430,2024-07-26,印尼,内容营销,Android,18-24,女
U04431,2024-09-05,印尼,自然搜索,iOS,18-24,女
U04432,2024-12-11,印尼,内容营销,Android,25-34,男
U04433,2023-02-15,马来西亚,社交媒体,Android,35-44,女
U04434,2024-02-14,泰国,付费广告,Android,25-34,女
U04435,2023-08-20,越南,内容营销,Android,45+,女
U04436,2023-08-05,越南,付费广告,iOS,18-24,女
U04437,2023-05-25,菲律宾,付费广告,Android,25-34,男
U04438,2024-02-05,马来西亚,自然搜索,iOS,25-34,男
U04439,2023-09-22,泰国,自然搜索,iOS,25-34,男
U04440,2023-11-17,菲律宾,KOL推荐,iOS,35-44,男
U04441,2023-12-12,菲律宾,社交媒体,iOS,35-44,男
U04442,2024-12-16,泰国,内容营销,iOS,35-44,男
U04443,2023-01-18,越南,自然搜索,Android,25-34,男
U04444,2023-06-05,越南,自然搜索,iOS,45+,女
U04445,2024-06-13,马来西亚,自然搜索,Android,25-34,女
U04446,2023-06-07,泰国,付费广告,iOS,35-44,女
U04447,2023-03-11,菲律宾,内容营销,iOS,45+,女
U04448,2023-08-04,越南,社交媒体,Android,25-34,男
U04449,2023-10-09,印尼,付费广告,Android,35-44,女
U04450,2024-11-13,越南,内容营销,Android,25-34,女
U04451,2024-07-15,印尼,KOL推荐,Android,18-24,女
U04452,2023-05-25,菲律宾,自然搜索,Android,25-34,男
U04453,2024-01-12,菲律宾,KOL推荐,Android,18-24,女
U04454,2023-09-24,菲律宾,付费广告,Android,25-34,女
U04455,2023-08-09,泰国,自然搜索,Android,35-44,女
U04456,2024-09-13,印尼,自然搜索,iOS,18-24,男
U04457,2023-09-06,泰国,付费广告,Android,18-24,女
U04458,2023-06-11,越南,付费广告,iOS,25-34,女
U04459,2023-10-14,印尼,付费广告,iOS,25-34,女
U04460,2023-06-07,越南,自然搜索,Android,25-34,女
U04461,2023-09-03,印尼,KOL推荐,iOS,25-34,男
U04462,2023-12-16,马来西亚,内容营销,iOS,18-24,男
U04463,2024-01-06,泰国,KOL推荐,iOS,18-24,男
U04464,2024-01-26,印尼,付费广告,Android,35-44,男
U04465,2023-05-04,越南,自然搜索,iOS,18-24,男
U04466,2023-08-03,泰国,自然搜索,iOS,25-34,男
U04467,2023-02-20,泰国,自然搜索,Android,45+,男
U04468,2024-07-07,马来西亚,社交媒体,Android,35-44,女
U04469,2023-12-04,菲律宾,社交媒体,iOS,18-24,女
U04470,2023-10-28,马来西亚,社交媒体,iOS,25-34,男
U04471,2023-09-12,马来西亚,社交媒体,iOS,35-44,男
U04472,2023-11-21,泰国,付费广告,iOS,35-44,女
U04473,2024-07-02,越南,付费广告,iOS,35-44,女
U04474,2023-06-06,印尼,社交媒体,iOS,25-34,男
U04475,2023-01-07,印尼,付费广告,Android,18-24,女
U04476,2023-12-21,越南,自然搜索,Android,25-34,男
U04477,2024-11-12,越南,付费广告,Android,25-34,女
U04478,2024-08-21,印尼,付费广告,iOS,25-34,女
U04479,2024-11-06,印尼,自然搜索,iOS,18-24,男
U04480,2024-02-17,泰国,KOL推荐,Android,18-24,女
U04481,2024-05-18,印尼,内容营销,iOS,45+,男
U04482,2024-01-13,印尼,自然搜索,Android,18-24,女
U04483,2023-11-03,印尼,自然搜索,Android,18-24,女
U04484,2024-05-26,泰国,社交媒体,Android,35-44,女
U04485,2023-02-28,印尼,自然搜索,iOS,25-34,男
U04486,2023-02-07,泰国,付费广告,iOS,18-24,女
U04487,2024-10-25,越南,自然搜索,Android,25-34,女
U04488,2023-10-14,菲律宾,自然搜索,Android,25-34,女
U04489,2024-09-19,印尼,KOL推荐,iOS,25-34,男
U04490,2024-05-16,越南,KOL推荐,Android,45+,男
U04491,2024-05-18,印尼,自然搜索,iOS,18-24,女
U04492,2023-11-19,印尼,付费广告,iOS,35-44,女
U04493,2023-11-10,菲律宾,自然搜索,Android,18-24,男
U04494,2024-02-14,印尼,自然搜索,Android,25-34,女
U04495,2023-10-21,印尼,内容营销,Android,35-44,男
U04496,2024-11-04,印尼,社交媒体,iOS,18-24,男
U04497,2023-10-27,泰国,付费广告,iOS,25-34,男
U04498,2023-06-22,越南,KOL推荐,Android,18-24,女
U04499,2023-11-18,越南,KOL推荐,iOS,18-24,女
U04500,2023-06-21,印尼,KOL推荐,iOS,25-34,女
U04501,2024-03-27,印尼,自然搜索,Android,35-44,男
U04502,2023-06-20,越南,自然搜索,iOS,18-24,女
U04503,2023-01-09,泰国,社交媒体,Android,45+,男
U04504,2024-02-03,印尼,付费广告,iOS,18-24,男
U04505,2023-01-14,越南,内容营销,Android,18-24,男
U04506,2024-02-04,印尼,社交媒体,Android,18-24,男
U04507,2024-02-23,泰国,内容营销,iOS,18-24,女
U04508,2023-04-11,印尼,自然搜索,iOS,18-24,女
U04509,2024-08-09,马来西亚,内容营销,iOS,35-44,女
U04510,2023-11-15,泰国,付费广告,iOS,25-34,男
U04511,2023-06-25,印尼,内容营销,Android,25-34,男
U04512,2023-12-28,泰国,自然搜索,Android,45+,男
U04513,2024-01-18,印尼,付费广告,Android,25-34,男
U04514,2024-11-23,印尼,KOL推荐,Android,18-24,女
U04515,2024-02-24,越南,付费广告,iOS,18-24,男
U04516,2023-11-25,印尼,付费广告,iOS,18-24,女
U04517,2024-12-02,菲律宾,内容营销,Android,25-34,男
U04518,2024-07-28,泰国,付费广告,Android,18-24,男
U04519,2023-02-17,泰国,社交媒体,Android,25-34,男
U04520,2024-11-08,菲律宾,自然搜索,iOS,35-44,女
U04521,2023-05-26,印尼,KOL推荐,Android,35-44,男
U04522,2023-11-25,菲律宾,社交媒体,iOS,35-44,女
U04523,2024-08-01,印尼,付费广告,Android,18-24,男
U04524,2024-08-16,菲律宾,自然搜索,Android,18-24,男
U04525,2023-05-27,越南,社交媒体,iOS,25-34,女
U04526,2024-04-24,印尼,自然搜索,Android,18-24,男
U04527,2023-05-28,马来西亚,自然搜索,Android,18-24,男
U04528,2023-10-09,印尼,社交媒体,Android,25-34,女
U04529,2024-10-24,泰国,自然搜索,Android,25-34,男
U04530,2024-07-03,越南,自然搜索,iOS,35-44,女
U04531,2023-09-22,泰国,社交媒体,Android,25-34,男
U04532,2024-08-08,泰国,自然搜索,iOS,45+,男
U04533,2023-04-11,越南,付费广告,iOS,35-44,男
U04534,2023-04-12,印尼,自然搜索,iOS,18-24,女
U04535,2024-11-07,印尼,社交媒体,Android,25-34,女
U04536,2023-08-10,越南,社交媒体,iOS,25-34,女
U04537,2024-11-24,印尼,社交媒体,iOS,35-44,女
U04538,2024-01-24,泰国,付费广告,iOS,25-34,男
U04539,2024-02-16,泰国,自然搜索,Android,25-34,男
U04540,2023-07-16,泰国,自然搜索,Android,25-34,男
U04541,2024-05-20,印尼,付费广告,iOS,18-24,女
U04542,2024-07-12,泰国,内容营销,Android,45+,女
U04543,2023-09-28,越南,自然搜索,iOS,25-34,男
U04544,2023-08-09,越南,付费广告,Android,18-24,男
U04545,2023-05-21,菲律宾,自然搜索,Android,18-24,女
U04546,2023-10-05,泰国,社交媒体,Android,35-44,女
U04547,2024-02-18,印尼,社交媒体,iOS,25-34,女
U04548,2023-07-08,印尼,社交媒体,Android,35-44,男
U04549,2023-05-24,菲律宾,内容营销,Android,35-44,女
U04550,2023-06-20,马来西亚,付费广告,Android,35-44,女
U04551,2024-11-24,泰国,自然搜索,Android,25-34,男
U04552,2023-09-21,泰国,付费广告,iOS,18-24,女
U04553,2023-09-08,菲律宾,社交媒体,Android,18-24,男
U04554,2024-05-24,越南,社交媒体,iOS,25-34,男
U04555,2023-08-23,印尼,付费广告,Android,25-34,女
U04556,2023-01-22,印尼,社交媒体,iOS,25-34,女
U04557,2024-06-15,印尼,社交媒体,Android,25-34,男
U04558,2024-10-27,马来西亚,内容营销,iOS,25-34,男
U04559,2024-04-02,马来西亚,社交媒体,iOS,18-24,女
U04560,2024-01-02,印尼,KOL推荐,iOS,18-24,男
U04561,2024-02-07,越南,自然搜索,iOS,35-44,男
U04562,2023-11-15,菲律宾,社交媒体,Android,18-24,男
U04563,2024-05-21,泰国,内容营销,Android,35-44,女
U04564,2024-05-15,泰国,付费广告,Android,25-34,男
U04565,2024-04-09,菲律宾,KOL推荐,Android,45+,女
U04566,2024-09-21,越南,社交媒体,Android,35-44,男
U04567,2024-08-19,泰国,自然搜索,iOS,25-34,女
U04568,2024-12-23,泰国,社交媒体,iOS,25-34,女
U04569,2023-09-06,菲律宾,自然搜索,iOS,18-24,女
U04570,2023-01-05,印尼,内容营销,Android,25-34,女
U04571,2023-05-23,印尼,KOL推荐,iOS,35-44,男
U04572,2023-01-01,泰国,自然搜索,iOS,25-34,女
U04573,2024-10-06,菲律宾,自然搜索,Android,25-34,女
U04574,2023-09-19,菲律宾,社交媒体,Android,18-24,男
U04575,2023-05-21,越南,付费广告,Android,35-44,女
U04576,2024-05-22,越南,自然搜索,Android,18-24,男
U04577,2024-08-12,泰国,付费广告,Android,35-44,男
U04578,2023-06-13,马来西亚,付费广告,Android,25-34,男
U04579,2024-12-08,印尼,自然搜索,Android,25-34,女
U04580,2023-03-25,马来西亚,KOL推荐,Android,18-24,男
U04581,2023-11-20,越南,内容营销,iOS,18-24,女
U04582,2023-01-25,菲律宾,KOL推荐,iOS,35-44,女
U04583,2024-02-21,菲律宾,KOL推荐,iOS,35-44,女
U04584,2024-12-13,印尼,自然搜索,Android,25-34,女
U04585,2024-03-23,马来西亚,付费广告,Android,25-34,男
U04586,2024-09-08,越南,自然搜索,iOS,25-34,女
U04587,2024-03-13,泰国,KOL推荐,iOS,25-34,男
U04588,2023-01-11,印尼,内容营销,Android,25-34,女
U04589,2024-08-15,印尼,社交媒体,Android,25-34,男
U04590,2024-09-04,印尼,内容营销,Android,35-44,男
U04591,2023-06-25,泰国,社交媒体,Android,35-44,男
U04592,2023-12-01,印尼,付费广告,Android,25-34,男
U04593,2023-10-27,越南,付费广告,Android,35-44,男
U04594,2024-06-01,越南,自然搜索,iOS,25-34,女
U04595,2023-07-02,印尼,自然搜索,iOS,18-24,男
U04596,2023-08-26,印尼,社交媒体,iOS,18-24,女
U04597,2023-01-19,泰国,付费广告,Android,35-44,男
U04598,2023-06-11,越南,社交媒体,Android,35-44,女
U04599,2024-07-25,越南,社交媒体,Android,35-44,女
U04600,2023-10-16,泰国,付费广告,Android,35-44,女
U04601,2024-04-10,菲律宾,付费广告,iOS,18-24,男
U04602,2024-06-22,马来西亚,付费广告,Android,18-24,男
U04603,2024-06-03,越南,付费广告,Android,25-34,男
U04604,2023-12-10,菲律宾,KOL推荐,iOS,35-44,女
U04605,2024-04-25,菲律宾,付费广告,Android,45+,女
U04606,2023-09-18,菲律宾,社交媒体,iOS,18-24,女
U04607,2024-01-24,泰国,内容营销,iOS,35-44,男
U04608,2024-02-19,马来西亚,内容营销,Android,25-34,女
U04609,2024-02-02,越南,内容营销,Android,18-24,女
U04610,2023-11-26,越南,付费广告,iOS,25-34,男
U04611,2023-08-03,泰国,自然搜索,Android,35-44,男
U04612,2024-03-13,印尼,付费广告,Android,18-24,女
U04613,2023-08-13,泰国,付费广告,Android,35-44,男
U04614,2024-04-22,泰国,内容营销,iOS,18-24,女
U04615,2023-01-02,越南,社交媒体,iOS,18-24,女
U04616,2024-01-14,菲律宾,自然搜索,iOS,18-24,女
U04617,2023-02-16,菲律宾,自然搜索,Android,35-44,女
U04618,2024-02-07,越南,自然搜索,iOS,25-34,女
U04619,2024-10-14,菲律宾,社交媒体,Android,35-44,男
U04620,2024-06-17,菲律宾,社交媒体,Android,25-34,男
U04621,2023-05-11,菲律宾,内容营销,Android,25-34,女
U04622,2024-06-16,泰国,内容营销,Android,35-44,女
U04623,2023-10-06,印尼,自然搜索,Android,25-34,女
U04624,2024-02-02,马来西亚,付费广告,iOS,35-44,男
U04625,2023-09-28,印尼,自然搜索,iOS,18-24,男
U04626,2024-01-21,越南,付费广告,Android,25-34,男
U04627,2024-11-20,印尼,内容营销,Android,35-44,男
U04628,2023-12-02,印尼,社交媒体,Android,35-44,女
U04629,2023-03-13,印尼,社交媒体,Android,18-24,女
U04630,2024-09-01,泰国,付费广告,Android,25-34,男
U04631,2024-08-04,越南,自然搜索,Android,25-34,女
U04632,2024-06-25,菲律宾,自然搜索,Android,25-34,女
U04633,2024-01-06,菲律宾,付费广告,Android,18-24,女
U04634,2023-06-15,泰国,社交媒体,iOS,18-24,女
U04635,2024-06-17,马来西亚,自然搜索,iOS,35-44,男
U04636,2024-02-04,越南,社交媒体,Android,35-44,女
U04637,2023-01-08,印尼,KOL推荐,iOS,25-34,男
U04638,2023-11-13,菲律宾,付费广告,Android,35-44,女
U04639,2024-05-21,菲律宾,社交媒体,iOS,18-24,女
U04640,2024-02-25,马来西亚,付费广告,iOS,25-34,女
U04641,2024-05-20,越南,社交媒体,iOS,35-44,女
U04642,2024-12-24,菲律宾,KOL推荐,iOS,35-44,女
U04643,2023-01-08,泰国,内容营销,iOS,25-34,男
U04644,2024-07-11,印尼,付费广告,iOS,35-44,男
U04645,2024-11-10,印尼,付费广告,Android,25-34,男
U04646,2023-01-05,印尼,自然搜索,iOS,35-44,男
U04647,2024-04-20,越南,自然搜索,iOS,25-34,男
U04648,2024-08-28,菲律宾,社交媒体,iOS,35-44,女
U04649,2023-05-16,泰国,内容营销,Android,18-24,男
U04650,2023-03-23,泰国,付费广告,Android,25-34,女
U04651,2023-02-17,印尼,自然搜索,Android,25-34,女
U04652,2024-10-28,印尼,付费广告,iOS,25-34,女
U04653,2023-01-16,菲律宾,付费广告,iOS,35-44,女
U04654,2024-11-24,越南,付费广告,Android,45+,男
U04655,2023-02-20,泰国,自然搜索,Android,35-44,女
U04656,2023-07-11,菲律宾,社交媒体,iOS,18-24,男
U04657,2023-06-02,印尼,自然搜索,Android,35-44,女
U04658,2024-02-04,泰国,付费广告,iOS,18-24,女
U04659,2024-07-25,印尼,KOL推荐,iOS,25-34,男
U04660,2024-10-28,印尼,付费广告,Android,35-44,男
U04661,2023-02-02,印尼,社交媒体,Android,18-24,女
U04662,2024-01-13,越南,社交媒体,iOS,35-44,女
U04663,2023-03-21,菲律宾,社交媒体,iOS,35-44,女
U04664,2023-06-21,菲律宾,付费广告,Android,25-34,男
U04665,2024-05-01,印尼,付费广告,Android,25-34,男
U04666,2023-07-26,泰国,KOL推荐,Android,25-34,男
U04667,2023-07-13,菲律宾,KOL推荐,Android,45+,女
U04668,2024-10-09,印尼,付费广告,Android,18-24,女
U04669,2024-06-01,印尼,自然搜索,iOS,25-34,男
U04670,2023-11-22,越南,自然搜索,iOS,18-24,男
U04671,2024-10-25,菲律宾,自然搜索,iOS,18-24,女
U04672,2023-11-10,印尼,社交媒体,Android,35-44,男
U04673,2024-05-27,泰国,自然搜索,iOS,25-34,女
U04674,2024-05-12,越南,付费广告,Android,45+,女
U04675,2023-10-12,菲律宾,KOL推荐,iOS,25-34,男
U04676,2023-06-21,泰国,付费广告,iOS,25-34,男
U04677,2023-06-06,马来西亚,KOL推荐,iOS,18-24,女
U04678,2024-08-26,印尼,社交媒体,iOS,45+,男
U04679,2023-08-05,印尼,自然搜索,iOS,18-24,女
U04680,2023-06-02,越南,社交媒体,iOS,25-34,男
U04681,2024-05-08,泰国,社交媒体,iOS,25-34,男
U04682,2024-10-09,马来西亚,付费广告,Android,25-34,女
U04683,2024-09-08,越南,自然搜索,Android,25-34,女
U04684,2024-11-11,菲律宾,付费广告,iOS,35-44,男
U04685,2023-10-17,越南,内容营销,Android,18-24,男
U04686,2024-11-20,泰国,社交媒体,Android,25-34,女
U04687,2024-01-22,泰国,自然搜索,iOS,35-44,女
U04688,2023-09-15,印尼,社交媒体,Android,25-34,男
U04689,2024-01-13,马来西亚,付费广告,Android,18-24,女
U04690,2024-01-25,越南,社交媒体,iOS,25-34,男
U04691,2024-09-04,越南,社交媒体,Android,18-24,男
U04692,2024-10-10,越南,付费广告,Android,18-24,女
U04693,2024-03-21,印尼,KOL推荐,Android,25-34,女
U04694,2023-10-21,越南,社交媒体,Android,25-34,男
U04695,2023-08-10,菲律宾,社交媒体,iOS,18-24,男
U04696,2024-09-17,印尼,自然搜索,iOS,25-34,男
U04697,2023-05-13,印尼,KOL推荐,Android,45+,女
U04698,2024-09-21,泰国,内容营销,Android,45+,男
U04699,2024-07-12,马来西亚,自然搜索,Android,35-44,男
U04700,2023-12-25,泰国,付费广告,Android,18-24,男
U04701,2024-09-28,泰国,付费广告,iOS,18-24,男
U04702,2023-02-21,印尼,KOL推荐,iOS,35-44,女
U04703,2023-09-24,印尼,社交媒体,Android,18-24,男
U04704,2024-10-25,越南,自然搜索,Android,18-24,女
U04705,2024-11-02,越南,内容营销,Android,25-34,男
U04706,2023-01-14,菲律宾,自然搜索,Android,18-24,女
U04707,2024-01-03,泰国,KOL推荐,iOS,35-44,男
U04708,2024-08-25,菲律宾,付费广告,Android,35-44,男
U04709,2023-05-02,印尼,付费广告,Android,35-44,男
U04710,2024-09-18,越南,自然搜索,Android,35-44,女
U04711,2023-09-22,越南,自然搜索,iOS,18-24,女
U04712,2023-12-05,越南,社交媒体,iOS,35-44,男
U04713,2024-06-23,菲律宾,社交媒体,Android,25-34,男
U04714,2024-11-02,印尼,自然搜索,iOS,35-44,男
U04715,2023-10-22,越南,自然搜索,Android,18-24,女
U04716,2023-10-26,印尼,自然搜索,iOS,35-44,女
U04717,2023-03-24,马来西亚,社交媒体,iOS,45+,女
U04718,2024-02-05,越南,社交媒体,Android,18-24,女
U04719,2024-12-23,马来西亚,自然搜索,Android,18-24,男
U04720,2024-01-27,越南,社交媒体,Android,18-24,女
U04721,2024-12-28,泰国,自然搜索,iOS,25-34,男
U04722,2024-05-06,泰国,内容营销,Android,18-24,女
U04723,2024-01-12,越南,内容营销,iOS,35-44,男
U04724,2023-03-16,泰国,社交媒体,iOS,25-34,男
U04725,2023-05-02,泰国,内容营销,Android,25-34,男
U04726,2023-11-04,马来西亚,KOL推荐,Android,35-44,男
U04727,2024-10-01,菲律宾,KOL推荐,iOS,25-34,女
U04728,2024-01-18,印尼,社交媒体,Android,25-34,女
U04729,2024-04-02,泰国,付费广告,Android,35-44,女
U04730,2023-09-27,泰国,自然搜索,Android,35-44,女
U04731,2023-12-05,泰国,付费广告,Android,18-24,男
U04732,2023-05-22,印尼,社交媒体,Android,18-24,女
U04733,2024-01-16,马来西亚,自然搜索,iOS,18-24,女
U04734,2024-07-09,越南,付费广告,iOS,25-34,女
U04735,2024-04-19,泰国,付费广告,Android,18-24,男
U04736,2023-04-28,印尼,自然搜索,Android,35-44,男
U04737,2024-03-09,越南,社交媒体,iOS,35-44,男
U04738,2024-04-26,越南,内容营销,iOS,18-24,女
U04739,2024-12-06,印尼,社交媒体,iOS,25-34,女
U04740,2023-08-01,印尼,社交媒体,Android,25-34,男
U04741,2024-02-04,泰国,社交媒体,Android,25-34,女
U04742,2023-10-27,泰国,付费广告,Android,25-34,男
U04743,2024-04-04,马来西亚,自然搜索,Android,35-44,男
U04744,2023-02-02,泰国,内容营销,Android,18-24,女
U04745,2024-01-11,泰国,自然搜索,Android,18-24,男
U04746,2023-10-25,泰国,自然搜索,iOS,25-34,男
U04747,2023-06-07,泰国,KOL推荐,iOS,25-34,女
U04748,2024-03-20,越南,自然搜索,iOS,18-24,女
U04749,2024-07-03,菲律宾,付费广告,Android,18-24,女
U04750,2024-09-27,越南,自然搜索,Android,25-34,男
U04751,2024-02-22,越南,自然搜索,Android,25-34,男
U04752,2023-02-23,印尼,自然搜索,iOS,45+,男
U04753,2024-04-23,印尼,自然搜索,Android,25-34,女
U04754,2024-05-15,菲律宾,社交媒体,Android,18-24,男
U04755,2024-01-12,菲律宾,KOL推荐,iOS,25-34,男
U04756,2023-07-20,泰国,付费广告,Android,18-24,男
U04757,2024-08-03,菲律宾,内容营销,Android,25-34,女
U04758,2023-09-03,越南,自然搜索,Android,25-34,男
U04759,2024-04-20,马来西亚,付费广告,Android,25-34,男
U04760,2023-03-08,印尼,自然搜索,iOS,35-44,男
U04761,2023-08-26,马来西亚,社交媒体,iOS,18-24,男
U04762,2024-12-15,菲律宾,付费广告,Android,45+,男
U04763,2023-05-13,泰国,社交媒体,Android,35-44,男
U04764,2024-03-07,印尼,KOL推荐,iOS,25-34,女
U04765,2023-12-03,马来西亚,付费广告,iOS,18-24,男
U04766,2023-08-10,菲律宾,社交媒体,Android,18-24,男
U04767,2023-02-08,泰国,内容营销,Android,25-34,男
U04768,2024-10-18,印尼,付费广告,Android,25-34,女
U04769,2023-12-22,越南,付费广告,iOS,18-24,男
U04770,2024-06-19,泰国,社交媒体,iOS,45+,女
U04771,2023-05-16,越南,社交媒体,iOS,18-24,女
U04772,2024-05-09,泰国,自然搜索,Android,18-24,男
U04773,2023-10-19,菲律宾,付费广告,iOS,18-24,男
U04774,2023-12-01,越南,付费广告,Android,18-24,女
U04775,2024-10-17,菲律宾,付费广告,Android,35-44,女
U04776,2023-03-07,泰国,自然搜索,iOS,25-34,女
U04777,2024-08-09,越南,内容营销,Android,18-24,女
U04778,2024-11-05,泰国,KOL推荐,Android,35-44,男
U04779,2023-09-19,泰国,付费广告,Android,35-44,女
U04780,2023-11-14,泰国,社交媒体,Android,35-44,男
U04781,2024-02-08,泰国,内容营销,iOS,35-44,女
U04782,2024-12-20,印尼,自然搜索,iOS,25-34,女
U04783,2023-01-04,越南,付费广告,Android,25-34,男
U04784,2024-04-25,越南,付费广告,Android,25-34,男
U04785,2023-01-19,越南,KOL推荐,iOS,18-24,男
U04786,2024-12-03,菲律宾,自然搜索,Android,25-34,男
U04787,2023-02-17,马来西亚,内容营销,Android,35-44,女
U04788,2023-11-26,印尼,付费广告,iOS,25-34,女
U04789,2023-03-07,越南,付费广告,Android,45+,女
U04790,2023-10-03,泰国,付费广告,iOS,25-34,男
U04791,2023-08-25,马来西亚,自然搜索,Android,35-44,男
U04792,2024-12-05,泰国,KOL推荐,Android,25-34,男
U04793,2023-10-12,越南,内容营销,iOS,35-44,男
U04794,2024-06-06,越南,付费广告,Android,25-34,女
U04795,2023-08-18,越南,内容营销,Android,18-24,女
U04796,2023-06-23,泰国,KOL推荐,Android,18-24,男
U04797,2023-09-16,菲律宾,付费广告,iOS,45+,女
U04798,2023-11-25,泰国,社交媒体,Android,18-24,男
U04799,2023-02-17,印尼,付费广告,Android,25-34,男
U04800,2024-01-07,泰国,社交媒体,Android,25-34,男
U04801,2024-10-10,泰国,自然搜索,Android,25-34,女
U04802,2024-01-10,马来西亚,社交媒体,iOS,35-44,女
U04803,2023-04-27,泰国,自然搜索,iOS,35-44,男
U04804,2023-11-09,菲律宾,KOL推荐,Android,45+,女
U04805,2024-04-17,印尼,KOL推荐,iOS,25-34,女
U04806,2024-11-05,泰国,自然搜索,Android,25-34,男
U04807,2023-05-06,马来西亚,付费广告,Android,35-44,女
U04808,2023-02-27,泰国,付费广告,Android,45+,女
U04809,2024-02-11,菲律宾,社交媒体,Android,45+,男
U04810,2024-07-11,泰国,付费广告,Android,35-44,女
U04811,2024-08-06,菲律宾,社交媒体,Android,18-24,男
U04812,2024-01-19,泰国,付费广告,iOS,18-24,女
U04813,2023-03-25,印尼,自然搜索,iOS,35-44,女
U04814,2024-04-09,菲律宾,自然搜索,iOS,35-44,男
U04815,2023-03-19,马来西亚,自然搜索,Android,35-44,男
U04816,2024-03-22,马来西亚,KOL推荐,Android,18-24,男
U04817,2024-01-17,菲律宾,内容营销,iOS,25-34,男
U04818,2024-09-25,菲律宾,付费广告,Android,25-34,男
U04819,2023-08-22,泰国,付费广告,iOS,25-34,女
U04820,2024-02-09,越南,自然搜索,Android,25-34,男
U04821,2023-03-09,越南,社交媒体,iOS,45+,男
U04822,2024-12-12,越南,自然搜索,Android,18-24,女
U04823,2024-03-17,越南,社交媒体,Android,25-34,女
U04824,2023-09-24,印尼,内容营销,Android,25-34,男
U04825,2023-08-06,泰国,自然搜索,iOS,35-44,女
U04826,2023-09-15,印尼,KOL推荐,Android,25-34,女
U04827,2024-12-18,泰国,自然搜索,iOS,45+,男
U04828,2024-10-28,越南,付费广告,Android,18-24,男
U04829,2023-11-24,印尼,自然搜索,Android,18-24,女
U04830,2024-02-13,菲律宾,付费广告,Android,35-44,女
U04831,2024-01-22,印尼,自然搜索,Android,25-34,男
U04832,2024-01-27,印尼,付费广告,Android,18-24,男
U04833,2024-04-12,泰国,付费广告,Android,25-34,女
U04834,2024-09-24,印尼,付费广告,iOS,35-44,女
U04835,2024-06-12,泰国,社交媒体,iOS,18-24,女
U04836,2023-05-17,越南,内容营销,iOS,18-24,女
U04837,2024-09-23,越南,付费广告,iOS,35-44,女
U04838,2023-01-13,泰国,自然搜索,Android,25-34,女
U04839,2023-10-03,越南,付费广告,Android,18-24,女
U04840,2023-06-16,马来西亚,内容营销,iOS,18-24,女
U04841,2023-01-19,马来西亚,社交媒体,Android,25-34,男
U04842,2023-08-09,越南,付费广告,iOS,18-24,女
U04843,2024-11-20,泰国,自然搜索,Android,35-44,男
U04844,2024-11-07,泰国,付费广告,Android,35-44,男
U04845,2023-11-23,越南,付费广告,Android,25-34,女
U04846,2023-08-11,马来西亚,内容营销,Android,45+,男
U04847,2024-02-14,泰国,内容营销,iOS,25-34,男
U04848,2023-04-20,菲律宾,自然搜索,Android,18-24,女
U04849,2023-09-08,泰国,付费广告,iOS,35-44,女
U04850,2024-03-27,马来西亚,自然搜索,iOS,25-34,女
U04851,2024-08-06,越南,付费广告,Android,25-34,女
U04852,2024-04-16,菲律宾,内容营销,iOS,25-34,男
U04853,2024-02-28,越南,付费广告,Android,25-34,男
U04854,2024-03-22,印尼,付费广告,Android,18-24,男
U04855,2024-09-12,泰国,自然搜索,iOS,35-44,女
U04856,2024-11-18,泰国,KOL推荐,Android,35-44,女
U04857,2024-12-11,马来西亚,社交媒体,Android,25-34,女
U04858,2023-07-06,马来西亚,付费广告,Android,25-34,男
U04859,2023-03-09,菲律宾,自然搜索,Android,25-34,男
U04860,2024-03-02,印尼,付费广告,iOS,18-24,男
U04861,2023-04-02,菲律宾,内容营销,iOS,18-24,男
U04862,2023-06-12,泰国,付费广告,iOS,18-24,女
U04863,2023-07-09,越南,付费广告,Android,25-34,男
U04864,2023-06-22,越南,付费广告,iOS,25-34,男
U04865,2023-05-26,印尼,KOL推荐,iOS,35-44,男
U04866,2023-04-10,越南,付费广告,Android,25-34,女
U04867,2024-08-04,泰国,自然搜索,Android,45+,男
U04868,2023-05-17,印尼,社交媒体,Android,35-44,男
U04869,2024-06-03,菲律宾,社交媒体,Android,45+,女
U04870,2024-11-13,越南,社交媒体,Android,35-44,女
U04871,2023-01-19,泰国,内容营销,Android,25-34,女
U04872,2024-11-22,泰国,付费广告,iOS,25-34,男
U04873,2023-02-04,泰国,自然搜索,Android,18-24,女
U04874,2024-04-16,越南,内容营销,iOS,35-44,男
U04875,2024-05-28,印尼,付费广告,iOS,25-34,男
U04876,2024-09-12,印尼,社交媒体,Android,25-34,女
U04877,2023-02-24,印尼,社交媒体,iOS,35-44,男
U04878,2023-10-06,越南,付费广告,Android,25-34,女
U04879,2023-12-12,菲律宾,自然搜索,iOS,25-34,女
U04880,2024-05-18,泰国,KOL推荐,iOS,25-34,男
U04881,2023-04-03,越南,KOL推荐,Android,35-44,男
U04882,2024-05-23,菲律宾,社交媒体,Android,35-44,男
U04883,2023-09-25,泰国,付费广告,Android,35-44,女
U04884,2024-10-12,泰国,自然搜索,Android,35-44,女
U04885,2023-07-16,菲律宾,自然搜索,iOS,18-24,女
U04886,2023-08-03,越南,付费广告,Android,45+,女
U04887,2024-09-13,印尼,付费广告,iOS,18-24,男
U04888,2024-08-09,泰国,内容营销,Android,35-44,女
U04889,2023-09-04,印尼,KOL推荐,iOS,18-24,男
U04890,2024-02-18,越南,社交媒体,Android,25-34,女
U04891,2023-01-19,泰国,付费广告,Android,35-44,男
U04892,2023-02-05,印尼,自然搜索,iOS,25-34,女
U04893,2024-10-14,泰国,内容营销,Android,25-34,男
U04894,2023-09-20,越南,付费广告,iOS,35-44,男
U04895,2024-08-15,泰国,自然搜索,iOS,25-34,女
U04896,2024-08-01,泰国,付费广告,Android,18-24,女
U04897,2024-07-04,越南,内容营销,iOS,25-34,女
U04898,2024-02-01,泰国,内容营销,iOS,18-24,女
U04899,2023-05-10,马来西亚,自然搜索,Android,35-44,男
U04900,2023-09-17,泰国,内容营销,Android,18-24,女
U04901,2024-02-28,印尼,付费广告,iOS,25-34,女
U04902,2023-07-18,泰国,自然搜索,Android,25-34,男
U04903,2023-10-28,越南,KOL推荐,Android,25-34,女
U04904,2023-04-14,马来西亚,内容营销,Android,25-34,女
U04905,2023-03-28,泰国,社交媒体,Android,25-34,女
U04906,2024-11-22,马来西亚,社交媒体,Android,45+,男
U04907,2023-11-10,泰国,KOL推荐,Android,35-44,女
U04908,2023-08-09,印尼,KOL推荐,iOS,35-44,男
U04909,2024-11-06,印尼,内容营销,iOS,25-34,女
U04910,2024-02-28,菲律宾,社交媒体,Android,25-34,女
U04911,2024-12-09,印尼,内容营销,Android,18-24,女
U04912,2024-02-08,印尼,内容营销,Android,25-34,女
U04913,2023-06-24,泰国,自然搜索,iOS,35-44,男
U04914,2023-06-22,泰国,KOL推荐,Android,25-34,女
U04915,2023-02-25,马来西亚,付费广告,Android,25-34,男
U04916,2024-12-05,越南,付费广告,Android,18-24,男
U04917,2023-03-25,越南,社交媒体,Android,18-24,男
U04918,2023-11-26,菲律宾,自然搜索,Android,18-24,男
U04919,2023-07-09,越南,付费广告,iOS,25-34,女
U04920,2024-01-16,马来西亚,内容营销,Android,25-34,女
U04921,2024-11-12,印尼,自然搜索,Android,25-34,女
U04922,2023-08-14,印尼,付费广告,iOS,25-34,男
U04923,2024-02-05,菲律宾,内容营销,iOS,35-44,女
U04924,2023-10-22,泰国,付费广告,Android,35-44,女
U04925,2024-12-14,越南,付费广告,Android,35-44,男
U04926,2024-11-17,越南,付费广告,iOS,25-34,女
U04927,2023-04-24,泰国,付费广告,iOS,25-34,女
U04928,2024-03-11,印尼,社交媒体,iOS,45+,女
U04929,2023-09-15,马来西亚,KOL推荐,iOS,18-24,男
U04930,2024-10-27,越南,付费广告,Android,18-24,男
U04931,2024-08-02,越南,KOL推荐,Android,25-34,女
U04932,2023-01-21,马来西亚,付费广告,Android,25-34,女
U04933,2024-12-20,越南,付费广告,Android,18-24,女
U04934,2024-05-04,印尼,社交媒体,iOS,35-44,女
U04935,2023-05-05,越南,社交媒体,iOS,25-34,女
U04936,2024-02-01,马来西亚,社交媒体,iOS,25-34,女
U04937,2023-02-22,印尼,自然搜索,iOS,25-34,男
U04938,2023-10-05,菲律宾,自然搜索,iOS,25-34,女
U04939,2023-09-13,菲律宾,付费广告,Android,18-24,男
U04940,2024-11-21,越南,付费广告,Android,18-24,男
U04941,2024-01-28,越南,社交媒体,Android,18-24,女
U04942,2023-09-14,菲律宾,自然搜索,Android,35-44,男
U04943,2024-05-03,越南,KOL推荐,Android,25-34,男
U04944,2024-06-12,菲律宾,付费广告,Android,25-34,男
U04945,2024-11-09,马来西亚,付费广告,iOS,25-34,男
U04946,2024-04-13,印尼,付费广告,Android,25-34,男
U04947,2024-06-12,印尼,自然搜索,iOS,25-34,男
U04948,2024-10-02,菲律宾,内容营销,iOS,18-24,女
U04949,2024-07-01,菲律宾,自然搜索,iOS,35-44,女
U04950,2023-06-18,越南,付费广告,Android,25-34,女
U04951,2023-03-22,泰国,KOL推荐,Android,35-44,女
U04952,2023-06-04,越南,社交媒体,Android,25-34,女
U04953,2024-05-23,印尼,付费广告,Android,35-44,男
U04954,2024-06-22,越南,付费广告,Android,25-34,男
U04955,2023-07-02,印尼,社交媒体,Android,18-24,女
U04956,2024-03-22,越南,内容营销,Android,35-44,女
U04957,2024-05-06,印尼,内容营销,Android,25-34,男
U04958,2023-08-08,泰国,付费广告,iOS,18-24,男
U04959,2023-07-04,印尼,内容营销,iOS,18-24,女
U04960,2024-08-05,印尼,自然搜索,Android,35-44,女
U04961,2023-08-14,泰国,自然搜索,iOS,35-44,女
U04962,2024-08-25,越南,KOL推荐,Android,35-44,男
U04963,2023-03-25,印尼,自然搜索,Android,45+,女
U04964,2024-06-22,印尼,自然搜索,Android,25-34,女
U04965,2024-03-21,泰国,自然搜索,iOS,25-34,女
U04966,2023-05-15,马来西亚,付费广告,Android,25-34,女
U04967,2023-06-10,印尼,社交媒体,Android,45+,女
U04968,2024-11-20,马来西亚,社交媒体,Android,25-34,女
U04969,2024-03-20,越南,自然搜索,Android,45+,女
U04970,2023-09-04,印尼,付费广告,Android,18-24,男
U04971,2023-08-26,菲律宾,内容营销,Android,35-44,女
U04972,2024-01-17,印尼,KOL推荐,iOS,25-34,女
U04973,2023-04-02,印尼,付费广告,Android,35-44,女
U04974,2023-05-02,越南,内容营销,iOS,18-24,女
U04975,2024-04-23,越南,社交媒体,iOS,18-24,女
U04976,2024-11-15,泰国,自然搜索,iOS,18-24,女
U04977,2023-04-15,泰国,自然搜索,Android,25-34,男
U04978,2023-05-03,泰国,自然搜索,iOS,25-34,男
U04979,2024-02-07,泰国,社交媒体,iOS,45+,女
U04980,2024-03-05,马来西亚,自然搜索,Android,25-34,男
U04981,2023-09-28,泰国,付费广告,Android,18-24,女
U04982,2024-01-07,印尼,自然搜索,iOS,18-24,男
U04983,2023-04-07,菲律宾,内容营销,Android,18-24,女
U04984,2023-01-15,印尼,付费广告,Android,35-44,女
U04985,2024-03-18,泰国,内容营销,iOS,35-44,男
U04986,2024-03-03,印尼,内容营销,Android,45+,女
U04987,2023-05-28,印尼,自然搜索,Android,25-34,女
U04988,2023-05-16,印尼,付费广告,Android,18-24,男
U04989,2024-11-25,菲律宾,自然搜索,Android,18-24,男
U04990,2023-10-25,马来西亚,内容营销,Android,25-34,女
U04991,2024-10-23,印尼,付费广告,iOS,45+,男
U04992,2024-01-15,越南,自然搜索,Android,18-24,女
U04993,2023-08-20,印尼,自然搜索,iOS,18-24,男
U04994,2023-07-14,泰国,付费广告,Android,35-44,男
U04995,2023-06-08,菲律宾,内容营销,iOS,35-44,男
U04996,2024-03-17,泰国,社交媒体,Android,18-24,男
U04997,2023-05-12,越南,内容营销,iOS,35-44,男
U04998,2024-01-03,菲律宾,付费广告,Android,18-24,女
U04999,2024-07-26,印尼,自然搜索,iOS,45+,男
U05000,2024-03-18,越南,内容营销,Android,18-24,男
U05001,2024-09-20,印尼,自然搜索,Android,18-24,男
U05002,2023-07-28,菲律宾,内容营销,Android,25-34,女
U05003,2024-02-24,越南,付费广告,iOS,18-24,女
U05004,2024-08-19,菲律宾,自然搜索,iOS,25-34,女
U05005,2024-12-11,泰国,社交媒体,Android,35-44,男
U05006,2023-07-11,菲律宾,内容营销,Android,25-34,女
U05007,2023-08-24,菲律宾,内容营销,iOS,35-44,女
U05008,2023-10-24,泰国,自然搜索,iOS,25-34,女
U05009,2023-11-01,越南,自然搜索,iOS,18-24,男
U05010,2024-08-10,泰国,社交媒体,Android,45+,女
U05011,2023-07-22,印尼,社交媒体,iOS,35-44,男
U05012,2023-03-19,印尼,社交媒体,Android,18-24,男
U05013,2023-04-26,印尼,自然搜索,iOS,25-34,男
U05014,2023-06-01,泰国,内容营销,iOS,25-34,男
U05015,2023-04-25,泰国,社交媒体,iOS,18-24,男
U05016,2023-07-11,泰国,KOL推荐,Android,25-34,女
U05017,2023-06-27,越南,付费广告,Android,25-34,女
U05018,2023-05-12,印尼,付费广告,iOS,18-24,女
U05019,2023-02-18,菲律宾,内容营销,Android,18-24,男
U05020,2024-10-09,印尼,社交媒体,iOS,35-44,女
U05021,2024-02-12,越南,内容营销,Android,25-34,女
U05022,2023-09-01,马来西亚,内容营销,Android,18-24,男
U05023,2023-07-07,印尼,社交媒体,iOS,35-44,女
U05024,2023-10-02,马来西亚,付费广告,Android,35-44,女
U05025,2023-04-08,印尼,自然搜索,Android,18-24,男
U05026,2024-10-27,越南,自然搜索,iOS,35-44,男
U05027,2024-02-13,泰国,自然搜索,Android,35-44,男
U05028,2024-04-07,印尼,自然搜索,iOS,25-34,女
U05029,2023-10-11,泰国,付费广告,Android,25-34,男
U05030,2023-11-06,越南,付费广告,iOS,35-44,男
U05031,2023-12-10,印尼,付费广告,Android,18-24,女
U05032,2023-09-22,印尼,付费广告,iOS,25-34,女
U05033,2023-06-09,印尼,自然搜索,iOS,35-44,男
U05034,2023-03-07,泰国,自然搜索,iOS,25-34,女
U05035,2023-03-20,越南,社交媒体,iOS,25-34,女
U05036,2023-08-22,印尼,付费广告,Android,25-34,女
U05037,2024-10-08,马来西亚,付费广告,iOS,18-24,女
U05038,2024-01-02,印尼,社交媒体,Android,25-34,男
U05039,2024-02-05,马来西亚,KOL推荐,iOS,25-34,女
U05040,2024-01-23,菲律宾,付费广告,Android,35-44,女
U05041,2024-01-19,印尼,社交媒体,Android,35-44,女
U05042,2024-12-03,泰国,内容营销,Android,25-34,女
U05043,2024-02-04,印尼,KOL推荐,Android,45+,女
U05044,2023-10-06,印尼,付费广告,Android,18-24,男
U05045,2023-06-02,印尼,社交媒体,Android,18-24,男
U05046,2023-02-19,印尼,自然搜索,iOS,25-34,男
U05047,2023-03-20,印尼,社交媒体,Android,18-24,男
U05048,2023-04-04,越南,内容营销,Android,25-34,女
U05049,2023-11-03,印尼,付费广告,iOS,18-24,男
U05050,2024-05-09,泰国,内容营销,Android,18-24,男
U05051,2024-02-02,菲律宾,付费广告,iOS,18-24,女
U05052,2024-02-03,泰国,内容营销,Android,35-44,女
U05053,2023-02-22,泰国,社交媒体,Android,35-44,女
U05054,2024-10-01,越南,自然搜索,Android,35-44,女
U05055,2023-04-10,印尼,社交媒体,Android,18-24,女
U05056,2024-03-21,越南,付费广告,Android,25-34,女
U05057,2023-12-06,越南,自然搜索,Android,18-24,女
U05058,2024-09-03,印尼,KOL推荐,Android,25-34,女
U05059,2023-03-19,越南,付费广告,iOS,35-44,男
U05060,2024-10-20,马来西亚,KOL推荐,iOS,25-34,女
U05061,2023-04-19,马来西亚,付费广告,Android,18-24,女
U05062,2024-02-04,印尼,自然搜索,iOS,25-34,女
U05063,2023-08-19,越南,内容营销,iOS,18-24,女
U05064,2024-07-22,印尼,付费广告,Android,25-34,女
U05065,2023-01-26,泰国,社交媒体,Android,25-34,女
U05066,2024-10-15,印尼,社交媒体,Android,25-34,男
U05067,2023-11-09,越南,社交媒体,iOS,45+,男
U05068,2023-03-18,马来西亚,内容营销,iOS,25-34,男
U05069,2024-07-16,泰国,社交媒体,Android,35-44,男
U05070,2024-04-28,印尼,付费广告,iOS,35-44,男
U05071,2023-03-18,印尼,内容营销,iOS,35-44,女
U05072,2024-01-27,印尼,自然搜索,iOS,25-34,女
U05073,2024-08-08,泰国,付费广告,iOS,18-24,女
U05074,2023-07-26,马来西亚,内容营销,iOS,25-34,女
U05075,2024-12-23,印尼,社交媒体,iOS,25-34,女
U05076,2024-10-19,印尼,KOL推荐,iOS,18-24,男
U05077,2024-08-24,泰国,社交媒体,Android,25-34,女
U05078,2023-12-18,印尼,KOL推荐,iOS,35-44,女
U05079,2024-03-12,越南,内容营销,iOS,45+,男
U05080,2023-06-17,泰国,付费广告,Android,25-34,男
U05081,2024-11-04,泰国,自然搜索,Android,25-34,男
U05082,2023-12-17,菲律宾,付费广告,iOS,35-44,女
U05083,2024-09-05,泰国,社交媒体,Android,25-34,女
U05084,2023-06-15,泰国,自然搜索,iOS,18-24,女
U05085,2023-08-20,印尼,自然搜索,iOS,18-24,男
U05086,2024-04-13,菲律宾,付费广告,Android,35-44,男
U05087,2024-11-27,泰国,内容营销,Android,18-24,男
U05088,2024-03-20,印尼,社交媒体,Android,25-34,男
U05089,2024-01-15,泰国,付费广告,Android,25-34,男
U05090,2023-02-24,泰国,自然搜索,Android,35-44,男
U05091,2024-09-26,泰国,付费广告,iOS,45+,女
U05092,2024-08-28,菲律宾,自然搜索,iOS,25-34,男
U05093,2024-06-07,泰国,自然搜索,Android,45+,男
U05094,2024-09-09,泰国,内容营销,Android,18-24,女
U05095,2023-07-09,越南,内容营销,iOS,18-24,女
U05096,2023-12-10,菲律宾,自然搜索,Android,45+,女
U05097,2023-10-13,越南,自然搜索,iOS,25-34,男
U05098,2023-05-27,越南,付费广告,Android,18-24,女
U05099,2024-10-08,泰国,付费广告,Android,25-34,女
U05100,2023-10-06,越南,自然搜索,Android,35-44,男
U05101,2023-11-04,印尼,付费广告,iOS,35-44,男
U05102,2023-02-06,印尼,自然搜索,iOS,35-44,女
U05103,2024-01-12,越南,KOL推荐,Android,25-34,女
U05104,2024-02-25,越南,社交媒体,iOS,35-44,男
U05105,2023-08-03,泰国,社交媒体,iOS,25-34,男
U05106,2023-05-22,越南,付费广告,Android,25-34,女
U05107,2023-07-18,泰国,内容营销,Android,35-44,男
U05108,2023-06-18,菲律宾,内容营销,iOS,25-34,女
U05109,2023-08-07,马来西亚,自然搜索,Android,18-24,男
U05110,2023-02-04,马来西亚,自然搜索,Android,25-34,女
U05111,2024-11-09,菲律宾,付费广告,iOS,25-34,男
U05112,2024-04-19,印尼,自然搜索,Android,18-24,男
U05113,2023-10-26,印尼,付费广告,iOS,18-24,女
U05114,2023-08-16,越南,社交媒体,iOS,18-24,男
U05115,2023-08-20,印尼,付费广告,iOS,18-24,男
U05116,2023-04-27,越南,付费广告,iOS,35-44,女
U05117,2024-11-20,印尼,付费广告,Android,18-24,男
U05118,2024-01-26,菲律宾,内容营销,iOS,18-24,男
U05119,2023-10-23,越南,自然搜索,Android,35-44,男
U05120,2023-09-25,越南,社交媒体,iOS,35-44,女
U05121,2023-12-26,马来西亚,自然搜索,iOS,18-24,女
U05122,2024-03-22,泰国,自然搜索,Android,18-24,女
U05123,2023-01-12,印尼,社交媒体,Android,45+,女
U05124,2024-12-14,马来西亚,自然搜索,Android,25-34,男
U05125,2024-10-23,印尼,自然搜索,Android,45+,男
U05126,2023-02-03,印尼,自然搜索,iOS,18-24,女
U05127,2023-06-19,泰国,社交媒体,Android,18-24,女
U05128,2024-09-13,越南,社交媒体,iOS,18-24,女
U05129,2024-08-21,菲律宾,自然搜索,Android,18-24,女
U05130,2023-08-04,印尼,社交媒体,Android,35-44,男
U05131,2024-07-28,印尼,自然搜索,iOS,45+,女
U05132,2023-07-07,泰国,社交媒体,iOS,45+,女
U05133,2023-01-19,泰国,付费广告,Android,35-44,男
U05134,2024-05-08,马来西亚,社交媒体,Android,35-44,男
U05135,2024-09-15,越南,内容营销,iOS,35-44,女
U05136,2024-08-19,印尼,内容营销,Android,35-44,女
U05137,2023-07-24,泰国,自然搜索,Android,18-24,女
U05138,2024-12-13,印尼,内容营销,iOS,25-34,女
U05139,2023-01-07,马来西亚,自然搜索,iOS,25-34,女
U05140,2023-05-18,印尼,内容营销,Android,35-44,男
U05141,2023-08-15,泰国,付费广告,iOS,35-44,女
U05142,2024-06-06,印尼,付费广告,iOS,35-44,女
U05143,2023-05-22,菲律宾,自然搜索,Android,25-34,女
U05144,2023-11-26,越南,自然搜索,Android,35-44,女
U05145,2023-08-09,菲律宾,社交媒体,Android,45+,女
U05146,2024-01-03,印尼,内容营销,iOS,18-24,男
U05147,2023-03-07,菲律宾,社交媒体,Android,45+,女
U05148,2023-03-11,印尼,社交媒体,Android,25-34,女
U05149,2024-02-26,泰国,KOL推荐,iOS,25-34,女
U05150,2024-09-10,越南,付费广告,Android,35-44,男
U05151,2024-08-27,泰国,自然搜索,Android,25-34,男
U05152,2023-09-27,马来西亚,自然搜索,Android,25-34,女
U05153,2023-12-08,菲律宾,付费广告,Android,25-34,女
U05154,2023-12-09,印尼,自然搜索,iOS,18-24,男
U05155,2024-10-18,越南,自然搜索,Android,25-34,女
U05156,2024-12-17,泰国,自然搜索,Android,18-24,女
U05157,2023-11-21,菲律宾,自然搜索,Android,45+,男
U05158,2023-02-23,印尼,内容营销,Android,18-24,男
U05159,2024-09-26,泰国,自然搜索,iOS,25-34,男
U05160,2024-07-14,印尼,付费广告,iOS,45+,男
U05161,2024-11-28,泰国,社交媒体,iOS,45+,男
U05162,2023-03-06,越南,付费广告,Android,35-44,女
U05163,2023-04-12,越南,自然搜索,iOS,25-34,男
U05164,2023-02-25,泰国,付费广告,Android,18-24,男
U05165,2023-06-05,马来西亚,自然搜索,iOS,25-34,女
U05166,2023-05-08,泰国,付费广告,Android,18-24,女
U05167,2023-05-24,泰国,自然搜索,iOS,35-44,男
U05168,2023-08-01,泰国,社交媒体,Android,25-34,女
U05169,2024-08-09,菲律宾,社交媒体,Android,35-44,男
U05170,2024-02-02,越南,付费广告,Android,25-34,男
U05171,2023-11-04,印尼,付费广告,Android,25-34,女
U05172,2023-04-17,泰国,付费广告,iOS,25-34,女
U05173,2024-04-07,泰国,KOL推荐,iOS,35-44,女
U05174,2023-12-17,越南,自然搜索,Android,18-24,女
U05175,2023-05-08,菲律宾,社交媒体,Android,25-34,男
U05176,2024-08-05,菲律宾,KOL推荐,iOS,18-24,女
U05177,2023-11-26,泰国,付费广告,Android,18-24,女
U05178,2024-07-21,印尼,付费广告,iOS,25-34,女
U05179,2024-07-04,马来西亚,付费广告,iOS,18-24,男
U05180,2023-11-19,越南,自然搜索,iOS,18-24,男
U05181,2023-05-02,菲律宾,自然搜索,Android,35-44,女
U05182,2024-07-26,泰国,自然搜索,iOS,25-34,女
U05183,2024-05-21,马来西亚,自然搜索,iOS,18-24,男
U05184,2024-08-18,菲律宾,付费广告,iOS,18-24,男
U05185,2024-03-16,马来西亚,KOL推荐,iOS,18-24,男
U05186,2023-12-08,印尼,自然搜索,Android,25-34,女
U05187,2023-06-24,越南,内容营销,iOS,35-44,男
U05188,2024-06-11,马来西亚,内容营销,iOS,25-34,男
U05189,2023-06-17,越南,内容营销,Android,18-24,女
U05190,2023-10-19,越南,KOL推荐,iOS,25-34,男
U05191,2024-03-16,印尼,付费广告,iOS,25-34,男
U05192,2024-11-28,菲律宾,自然搜索,Android,25-34,男
U05193,2024-05-22,马来西亚,社交媒体,Android,35-44,男
U05194,2023-07-19,泰国,社交媒体,Android,25-34,男
U05195,2023-08-08,菲律宾,KOL推荐,iOS,18-24,男
U05196,2023-05-11,印尼,内容营销,Android,35-44,男
U05197,2023-02-18,泰国,付费广告,Android,18-24,女
U05198,2024-09-04,越南,付费广告,Android,18-24,男
U05199,2023-12-04,越南,自然搜索,iOS,35-44,女
U05200,2023-05-17,越南,自然搜索,iOS,35-44,男
U05201,2024-11-19,马来西亚,付费广告,Android,35-44,男
U05202,2023-10-14,印尼,社交媒体,Android,18-24,女
U05203,2024-03-26,印尼,KOL推荐,Android,25-34,男
U05204,2024-02-16,马来西亚,付费广告,iOS,18-24,男
U05205,2023-08-09,越南,内容营销,iOS,25-34,女
U05206,2023-08-11,菲律宾,社交媒体,Android,18-24,女
U05207,2023-12-14,越南,KOL推荐,Android,35-44,女
U05208,2024-06-23,菲律宾,自然搜索,iOS,18-24,女
U05209,2023-12-04,泰国,内容营销,iOS,18-24,男
U05210,2024-01-21,马来西亚,社交媒体,iOS,25-34,女
U05211,2024-04-10,泰国,自然搜索,Android,45+,女
U05212,2024-09-11,越南,自然搜索,Android,35-44,男
U05213,2023-12-18,菲律宾,内容营销,Android,45+,女
U05214,2023-02-19,越南,自然搜索,Android,25-34,男
U05215,2023-05-28,印尼,付费广告,iOS,18-24,女
U05216,2024-08-10,越南,付费广告,Android,25-34,男
U05217,2024-04-12,印尼,社交媒体,Android,35-44,女
U05218,2023-09-03,泰国,KOL推荐,Android,18-24,男
U05219,2023-01-05,泰国,付费广告,Android,18-24,女
U05220,2023-08-17,越南,付费广告,iOS,18-24,男
U05221,2023-01-13,印尼,内容营销,Android,25-34,女
U05222,2023-06-15,泰国,KOL推荐,Android,18-24,女
U05223,2023-07-24,越南,内容营销,Android,18-24,女
U05224,2023-08-03,越南,付费广告,iOS,25-34,男
U05225,2024-03-04,泰国,自然搜索,Android,25-34,女
U05226,2023-09-11,印尼,付费广告,Android,25-34,男
U05227,2024-09-14,菲律宾,社交媒体,iOS,35-44,女
U05228,2023-09-12,泰国,自然搜索,iOS,18-24,女
U05229,2023-05-21,印尼,付费广告,Android,35-44,女
U05230,2023-06-19,印尼,自然搜索,iOS,18-24,女
U05231,2023-05-01,越南,付费广告,iOS,25-34,女
U05232,2023-10-14,印尼,KOL推荐,Android,25-34,男
U05233,2024-11-17,越南,自然搜索,Android,45+,女
U05234,2023-11-04,印尼,社交媒体,Android,25-34,女
U05235,2024-06-19,泰国,内容营销,iOS,18-24,男
U05236,2023-04-12,印尼,自然搜索,Android,25-34,男
U05237,2024-02-18,印尼,社交媒体,iOS,25-34,女
U05238,2023-01-27,泰国,内容营销,iOS,25-34,女
U05239,2024-08-25,越南,内容营销,iOS,18-24,男
U05240,2023-11-27,马来西亚,自然搜索,Android,25-34,女
U05241,2024-07-01,越南,自然搜索,iOS,18-24,男
U05242,2023-01-03,印尼,自然搜索,iOS,35-44,女
U05243,2024-02-08,马来西亚,社交媒体,iOS,25-34,女
U05244,2024-03-04,印尼,社交媒体,Android,18-24,男
U05245,2023-11-08,印尼,社交媒体,Android,35-44,男
U05246,2023-07-24,菲律宾,付费广告,Android,25-34,女
U05247,2023-02-08,菲律宾,自然搜索,iOS,25-34,女
U05248,2024-10-19,越南,社交媒体,iOS,18-24,女
U05249,2024-11-09,印尼,付费广告,iOS,25-34,女
U05250,2024-04-08,越南,社交媒体,Android,25-34,女
U05251,2023-08-11,马来西亚,付费广告,iOS,45+,女
U05252,2023-07-21,印尼,付费广告,iOS,18-24,女
U05253,2023-02-21,泰国,付费广告,Android,18-24,女
U05254,2023-05-18,菲律宾,自然搜索,iOS,45+,女
U05255,2023-11-26,印尼,付费广告,iOS,45+,女
U05256,2024-05-21,泰国,自然搜索,iOS,18-24,男
U05257,2023-06-13,印尼,付费广告,iOS,35-44,女
U05258,2023-07-11,越南,自然搜索,Android,18-24,女
U05259,2024-06-06,菲律宾,自然搜索,Android,35-44,女
U05260,2023-12-24,泰国,社交媒体,iOS,35-44,女
U05261,2024-10-03,菲律宾,付费广告,iOS,18-24,女
U05262,2024-07-11,印尼,社交媒体,Android,18-24,男
U05263,2024-11-02,泰国,社交媒体,Android,18-24,女
U05264,2023-03-23,马来西亚,社交媒体,iOS,18-24,男
U05265,2024-05-05,印尼,内容营销,Android,18-24,男
U05266,2023-02-12,越南,自然搜索,iOS,35-44,女
U05267,2023-05-13,越南,社交媒体,Android,18-24,男
U05268,2024-10-24,菲律宾,内容营销,Android,25-34,男
U05269,2023-07-21,越南,内容营销,Android,35-44,女
U05270,2023-11-05,泰国,自然搜索,Android,25-34,男
U05271,2024-06-06,泰国,付费广告,iOS,25-34,男
U05272,2023-03-06,越南,自然搜索,Android,18-24,女
U05273,2024-04-03,菲律宾,社交媒体,Android,25-34,女
U05274,2024-06-24,印尼,社交媒体,Android,18-24,男
U05275,2023-04-05,泰国,付费广告,iOS,35-44,男
U05276,2023-09-04,泰国,付费广告,Android,18-24,女
U05277,2023-01-27,越南,社交媒体,Android,35-44,男
U05278,2024-10-27,马来西亚,付费广告,iOS,25-34,女
U05279,2023-11-05,越南,内容营销,iOS,25-34,女
U05280,2023-10-03,马来西亚,KOL推荐,iOS,18-24,女
U05281,2024-03-27,印尼,自然搜索,Android,18-24,女
U05282,2024-02-05,泰国,社交媒体,Android,35-44,男
U05283,2023-08-17,菲律宾,自然搜索,Android,18-24,男
U05284,2024-08-19,越南,社交媒体,iOS,18-24,女
U05285,2023-04-02,印尼,内容营销,Android,25-34,女
U05286,2023-02-02,马来西亚,内容营销,Android,35-44,女
U05287,2023-03-28,泰国,付费广告,iOS,25-34,女
U05288,2023-09-05,泰国,付费广告,iOS,35-44,女
U05289,2024-08-15,印尼,自然搜索,iOS,25-34,男
U05290,2023-04-03,越南,付费广告,Android,18-24,男
U05291,2023-09-27,泰国,自然搜索,iOS,25-34,男
U05292,2023-10-17,泰国,付费广告,iOS,35-44,男
U05293,2024-10-20,泰国,自然搜索,iOS,45+,女
U05294,2023-08-23,菲律宾,付费广告,Android,18-24,女
U05295,2024-07-05,泰国,自然搜索,iOS,35-44,女
U05296,2023-11-04,越南,内容营销,iOS,25-34,女
U05297,2023-04-26,印尼,社交媒体,iOS,18-24,男
U05298,2024-03-08,越南,付费广告,iOS,25-34,女
U05299,2024-01-20,泰国,自然搜索,iOS,18-24,女
U05300,2023-12-02,菲律宾,付费广告,Android,25-34,女
U05301,2023-01-14,泰国,自然搜索,Android,18-24,男
U05302,2024-08-08,菲律宾,付费广告,Android,25-34,女
U05303,2024-04-05,菲律宾,KOL推荐,Android,25-34,男
U05304,2023-02-15,越南,社交媒体,iOS,25-34,女
U05305,2023-04-04,印尼,社交媒体,Android,25-34,男
U05306,2023-10-21,印尼,付费广告,iOS,18-24,男
U05307,2024-06-07,越南,内容营销,iOS,25-34,男
U05308,2023-05-04,菲律宾,内容营销,Android,35-44,女
U05309,2024-12-15,菲律宾,付费广告,Android,18-24,女
U05310,2024-06-17,越南,付费广告,Android,25-34,女
U05311,2023-06-26,印尼,付费广告,Android,25-34,女
U05312,2024-12-23,马来西亚,自然搜索,Android,25-34,男
U05313,2023-01-03,马来西亚,社交媒体,Android,25-34,女
U05314,2023-09-05,印尼,付费广告,Android,25-34,女
U05315,2023-06-27,越南,自然搜索,Android,18-24,男
U05316,2024-01-23,越南,自然搜索,iOS,25-34,女
U05317,2023-03-23,马来西亚,付费广告,iOS,25-34,男
U05318,2023-03-22,泰国,内容营销,Android,18-24,男
U05319,2024-12-23,印尼,社交媒体,iOS,25-34,女
U05320,2023-05-12,越南,社交媒体,iOS,35-44,女
U05321,2024-10-20,越南,付费广告,iOS,35-44,女
U05322,2024-06-07,越南,社交媒体,iOS,18-24,男
U05323,2024-08-22,马来西亚,付费广告,Android,45+,女
U05324,2023-12-02,泰国,社交媒体,Android,25-34,女
U05325,2024-04-02,印尼,自然搜索,Android,25-34,女
U05326,2024-10-08,泰国,付费广告,Android,18-24,女
U05327,2023-01-14,泰国,付费广告,Android,25-34,女
U05328,2023-10-23,越南,付费广告,Android,35-44,男
U05329,2024-10-21,印尼,内容营销,Android,25-34,女
U05330,2024-01-10,越南,自然搜索,iOS,35-44,女
U05331,2024-01-28,越南,付费广告,iOS,25-34,男
U05332,2024-01-24,泰国,付费广告,iOS,25-34,女
U05333,2023-01-05,越南,内容营销,Android,18-24,女
U05334,2024-04-06,马来西亚,付费广告,Android,35-44,女
U05335,2023-04-10,马来西亚,社交媒体,Android,25-34,男
U05336,2023-11-28,越南,内容营销,Android,18-24,男
U05337,2023-02-24,印尼,付费广告,iOS,25-34,男
U05338,2024-09-26,马来西亚,付费广告,iOS,35-44,女
U05339,2024-10-09,泰国,付费广告,Android,35-44,男
U05340,2024-02-02,菲律宾,KOL推荐,iOS,25-34,男
U05341,2023-05-12,马来西亚,自然搜索,Android,45+,女
U05342,2023-01-19,泰国,付费广告,Android,18-24,男
U05343,2024-10-24,泰国,社交媒体,Android,18-24,女
U05344,2023-12-21,马来西亚,社交媒体,iOS,18-24,女
U05345,2023-12-20,印尼,付费广告,Android,18-24,女
U05346,2023-05-20,泰国,付费广告,Android,18-24,女
U05347,2023-02-14,越南,自然搜索,Android,35-44,女
U05348,2024-05-24,越南,付费广告,Android,25-34,女
U05349,2024-03-17,印尼,付费广告,Android,25-34,女
U05350,2023-02-21,印尼,内容营销,iOS,35-44,男
U05351,2023-08-10,马来西亚,付费广告,Android,35-44,女
U05352,2023-03-11,越南,内容营销,Android,18-24,女
U05353,2023-09-15,印尼,社交媒体,iOS,25-34,女
U05354,2024-10-11,印尼,自然搜索,iOS,25-34,女
U05355,2023-03-26,越南,社交媒体,iOS,45+,女
U05356,2023-07-28,泰国,自然搜索,Android,18-24,女
U05357,2024-11-07,马来西亚,内容营销,iOS,18-24,男
U05358,2023-04-06,菲律宾,内容营销,iOS,35-44,男
U05359,2024-07-14,印尼,付费广告,Android,35-44,女
U05360,2023-04-19,印尼,付费广告,Android,18-24,男
U05361,2024-07-17,泰国,付费广告,iOS,25-34,男
U05362,2024-09-28,印尼,付费广告,iOS,18-24,女
U05363,2024-07-12,印尼,付费广告,iOS,45+,男
U05364,2024-05-15,印尼,付费广告,Android,18-24,女
U05365,2023-09-27,马来西亚,社交媒体,iOS,18-24,男
U05366,2024-08-28,印尼,自然搜索,Android,18-24,女
U05367,2024-04-18,越南,KOL推荐,Android,25-34,女
U05368,2024-06-04,菲律宾,KOL推荐,Android,18-24,男
U05369,2023-04-21,泰国,付费广告,iOS,35-44,女
U05370,2023-01-05,越南,内容营销,Android,35-44,女
U05371,2023-12-14,越南,自然搜索,Android,18-24,男
U05372,2023-10-18,越南,自然搜索,iOS,25-34,女
U05373,2024-09-10,菲律宾,社交媒体,iOS,18-24,女
U05374,2024-04-06,印尼,付费广告,Android,25-34,男
U05375,2023-03-20,菲律宾,社交媒体,Android,18-24,女
U05376,2024-03-05,印尼,内容营销,iOS,18-24,男
U05377,2023-06-25,越南,内容营销,Android,25-34,男
U05378,2024-10-12,菲律宾,社交媒体,Android,18-24,男
U05379,2023-01-22,泰国,KOL推荐,Android,35-44,男
U05380,2023-10-03,泰国,自然搜索,iOS,35-44,男
U05381,2024-09-05,印尼,自然搜索,Android,35-44,男
U05382,2024-03-04,越南,社交媒体,iOS,45+,男
U05383,2024-07-17,泰国,付费广告,Android,45+,女
U05384,2024-11-08,印尼,付费广告,Android,25-34,女
U05385,2023-05-24,印尼,付费广告,iOS,25-34,女
U05386,2023-04-24,越南,社交媒体,Android,25-34,男
U05387,2024-07-24,马来西亚,自然搜索,iOS,35-44,女
U05388,2024-10-09,印尼,社交媒体,Android,25-34,男
U05389,2024-01-21,菲律宾,自然搜索,iOS,45+,男
U05390,2024-05-08,泰国,自然搜索,Android,18-24,女
U05391,2024-07-11,印尼,付费广告,iOS,25-34,女
U05392,2024-09-14,菲律宾,自然搜索,Android,25-34,男
U05393,2024-06-23,印尼,内容营销,Android,35-44,男
U05394,2023-05-28,印尼,自然搜索,Android,18-24,女
U05395,2024-11-12,越南,自然搜索,iOS,25-34,女
U05396,2024-04-16,泰国,付费广告,Android,25-34,男
U05397,2024-02-07,越南,付费广告,iOS,18-24,女
U05398,2024-09-21,越南,自然搜索,Android,25-34,男
U05399,2023-09-03,菲律宾,自然搜索,Android,25-34,女
U05400,2024-02-24,泰国,内容营销,Android,18-24,男
U05401,2023-01-14,马来西亚,社交媒体,Android,25-34,男
U05402,2024-08-28,马来西亚,付费广告,iOS,45+,男
U05403,2024-06-03,泰国,付费广告,Android,45+,女
U05404,2023-06-04,越南,付费广告,iOS,25-34,男
U05405,2023-01-21,菲律宾,付费广告,Android,25-34,女
U05406,2023-03-28,马来西亚,社交媒体,Android,18-24,女
U05407,2024-06-20,越南,内容营销,Android,45+,女
U05408,2024-08-03,越南,自然搜索,Android,18-24,男
U05409,2024-09-21,印尼,KOL推荐,iOS,25-34,男
U05410,2024-04-24,印尼,自然搜索,Android,18-24,女
U05411,2023-07-27,越南,自然搜索,iOS,25-34,男
U05412,2023-09-23,印尼,自然搜索,Android,18-24,女
U05413,2023-02-03,泰国,自然搜索,Android,35-44,女
U05414,2024-10-01,泰国,内容营销,iOS,25-34,男
U05415,2024-12-23,越南,付费广告,iOS,25-34,男
U05416,2023-06-21,越南,自然搜索,iOS,18-24,女
U05417,2024-03-26,越南,内容营销,Android,35-44,女
U05418,2023-05-13,印尼,内容营销,iOS,18-24,女
U05419,2023-08-24,越南,KOL推荐,Android,25-34,男
U05420,2024-01-19,泰国,内容营销,Android,35-44,男
U05421,2023-09-03,越南,自然搜索,iOS,45+,女
U05422,2024-02-24,马来西亚,KOL推荐,Android,18-24,男
U05423,2023-07-13,越南,社交媒体,Android,25-34,女
U05424,2023-09-11,越南,内容营销,iOS,25-34,男
U05425,2023-09-11,印尼,KOL推荐,Android,35-44,女
U05426,2024-02-15,马来西亚,付费广告,iOS,18-24,女
U05427,2024-05-01,泰国,KOL推荐,iOS,25-34,男
U05428,2023-03-23,印尼,付费广告,Android,18-24,男
U05429,2023-03-03,印尼,付费广告,iOS,18-24,女
U05430,2023-04-24,印尼,自然搜索,Android,18-24,男
U05431,2024-05-20,泰国,内容营销,Android,45+,女
U05432,2023-04-13,印尼,付费广告,Android,18-24,男
U05433,2024-12-07,泰国,付费广告,iOS,45+,男
U05434,2023-04-28,印尼,付费广告,iOS,18-24,女
U05435,2023-08-11,印尼,内容营销,iOS,45+,女
U05436,2024-07-26,泰国,付费广告,Android,35-44,女
U05437,2023-07-09,菲律宾,KOL推荐,Android,18-24,女
U05438,2024-10-04,泰国,内容营销,iOS,25-34,女
U05439,2023-04-01,菲律宾,付费广告,iOS,25-34,女
U05440,2023-06-03,越南,付费广告,Android,25-34,男
U05441,2023-03-01,泰国,社交媒体,iOS,25-34,男
U05442,2023-07-09,泰国,内容营销,Android,25-34,男
U05443,2023-03-23,马来西亚,KOL推荐,Android,35-44,女
U05444,2024-03-03,泰国,自然搜索,Android,35-44,女
U05445,2023-11-18,泰国,内容营销,iOS,25-34,男
U05446,2023-03-27,越南,付费广告,Android,45+,女
U05447,2024-08-07,印尼,社交媒体,iOS,45+,男
U05448,2023-09-17,印尼,KOL推荐,Android,18-24,女
U05449,2023-09-10,泰国,自然搜索,iOS,18-24,男
U05450,2024-01-05,越南,KOL推荐,Android,25-34,女
U05451,2024-02-04,泰国,社交媒体,Android,25-34,女
U05452,2024-02-11,泰国,内容营销,iOS,18-24,女
U05453,2024-10-10,越南,自然搜索,Android,18-24,女
U05454,2023-05-21,印尼,付费广告,Android,35-44,女
U05455,2023-12-21,泰国,KOL推荐,iOS,25-34,女
U05456,2024-03-24,越南,自然搜索,iOS,18-24,男
U05457,2024-01-26,越南,自然搜索,Android,35-44,男
U05458,2023-08-26,马来西亚,内容营销,Android,35-44,女
U05459,2023-04-13,马来西亚,付费广告,Android,25-34,女
U05460,2024-03-09,菲律宾,内容营销,Android,35-44,女
U05461,2024-12-28,泰国,自然搜索,Android,18-24,男
U05462,2023-06-18,泰国,付费广告,Android,25-34,女
U05463,2023-09-22,越南,KOL推荐,Android,18-24,男
U05464,2024-12-06,越南,社交媒体,iOS,18-24,男
U05465,2024-09-07,印尼,社交媒体,Android,25-34,女
U05466,2023-12-04,菲律宾,付费广告,iOS,18-24,男
U05467,2023-11-03,菲律宾,KOL推荐,iOS,25-34,男
U05468,2023-07-02,菲律宾,自然搜索,Android,35-44,女
U05469,2023-10-03,越南,付费广告,iOS,18-24,男
U05470,2024-05-11,印尼,自然搜索,iOS,18-24,女
U05471,2023-01-02,越南,社交媒体,iOS,35-44,女
U05472,2024-01-14,泰国,付费广告,Android,18-24,女
U05473,2024-05-02,印尼,付费广告,Android,25-34,女
U05474,2024-05-19,泰国,付费广告,Android,25-34,女
U05475,2023-09-24,越南,自然搜索,Android,35-44,女
U05476,2023-12-16,越南,自然搜索,iOS,35-44,女
U05477,2023-04-24,印尼,社交媒体,iOS,35-44,女
U05478,2023-11-21,菲律宾,付费广告,iOS,18-24,男
U05479,2024-08-04,越南,内容营销,iOS,35-44,女
U05480,2023-02-10,菲律宾,社交媒体,iOS,18-24,女
U05481,2023-09-25,越南,自然搜索,iOS,18-24,女
U05482,2024-05-12,越南,社交媒体,iOS,25-34,女
U05483,2023-04-09,印尼,自然搜索,Android,35-44,女
U05484,2024-02-04,印尼,KOL推荐,Android,18-24,女
U05485,2023-02-18,马来西亚,内容营销,Android,18-24,女
U05486,2024-01-10,泰国,付费广告,Android,35-44,男
U05487,2024-02-09,印尼,社交媒体,iOS,35-44,女
U05488,2023-11-20,印尼,自然搜索,Android,25-34,男
U05489,2023-01-12,马来西亚,付费广告,iOS,25-34,女
U05490,2024-05-17,泰国,内容营销,Android,35-44,女
U05491,2023-08-17,菲律宾,自然搜索,Android,35-44,女
U05492,2024-09-25,印尼,付费广告,Android,25-34,女
U05493,2024-08-27,越南,付费广告,Android,25-34,女
U05494,2024-09-13,印尼,社交媒体,Android,18-24,男
U05495,2024-01-15,越南,付费广告,Android,25-34,女
U05496,2024-06-13,印尼,内容营销,iOS,18-24,男
U05497,2023-08-07,菲律宾,自然搜索,Android,25-34,男
U05498,2024-11-19,印尼,付费广告,iOS,25-34,女
U05499,2023-10-12,印尼,社交媒体,Android,18-24,女
U05500,2023-02-27,印尼,自然搜索,iOS,35-44,女
U05501,2024-02-10,泰国,社交媒体,iOS,18-24,女
U05502,2024-05-13,泰国,自然搜索,Android,25-34,男
U05503,2023-01-23,印尼,自然搜索,iOS,35-44,女
U05504,2024-03-01,越南,自然搜索,Android,25-34,男
U05505,2024-03-26,泰国,内容营销,iOS,25-34,男
U05506,2024-08-15,印尼,社交媒体,Android,25-34,女
U05507,2024-02-13,越南,KOL推荐,Android,35-44,男
U05508,2023-02-08,越南,付费广告,Android,45+,男
U05509,2023-09-19,越南,社交媒体,iOS,25-34,男
U05510,2024-07-23,泰国,付费广告,iOS,35-44,女
U05511,2023-09-23,马来西亚,内容营销,Android,18-24,女
U05512,2023-07-14,菲律宾,社交媒体,iOS,35-44,女
U05513,2023-02-12,印尼,社交媒体,iOS,45+,女
U05514,2023-11-17,泰国,自然搜索,Android,25-34,男
U05515,2023-02-28,菲律宾,付费广告,Android,35-44,男
U05516,2024-10-28,菲律宾,付费广告,iOS,25-34,男
U05517,2023-12-26,菲律宾,内容营销,iOS,18-24,女
U05518,2024-03-08,泰国,付费广告,iOS,35-44,女
U05519,2023-08-22,印尼,付费广告,Android,25-34,女
U05520,2024-06-14,菲律宾,付费广告,iOS,25-34,男
U05521,2023-10-04,印尼,自然搜索,Android,35-44,男
U05522,2024-04-16,印尼,自然搜索,iOS,35-44,男
U05523,2024-09-17,越南,内容营销,iOS,35-44,女
U05524,2023-09-11,印尼,社交媒体,Android,18-24,男
U05525,2024-01-01,泰国,内容营销,iOS,25-34,女
U05526,2023-07-11,印尼,KOL推荐,Android,45+,男
U05527,2023-03-02,泰国,付费广告,Android,25-34,女
U05528,2024-02-10,越南,付费广告,iOS,45+,男
U05529,2024-12-20,越南,自然搜索,Android,35-44,男
U05530,2024-05-08,印尼,内容营销,iOS,35-44,男
U05531,2024-03-22,泰国,付费广告,iOS,25-34,男
U05532,2023-06-20,印尼,付费广告,iOS,25-34,男
U05533,2024-10-02,菲律宾,付费广告,Android,25-34,女
U05534,2024-10-15,泰国,付费广告,iOS,25-34,男
U05535,2024-04-02,泰国,付费广告,Android,35-44,男
U05536,2024-10-14,泰国,付费广告,Android,35-44,女
U05537,2024-11-28,菲律宾,KOL推荐,iOS,25-34,女
U05538,2024-08-01,印尼,KOL推荐,Android,35-44,男
U05539,2023-09-17,越南,付费广告,Android,25-34,女
U05540,2024-09-14,泰国,付费广告,Android,25-34,女
U05541,2024-11-10,印尼,内容营销,Android,25-34,男
U05542,2024-01-13,菲律宾,自然搜索,Android,35-44,女
U05543,2024-10-19,菲律宾,内容营销,iOS,25-34,男
U05544,2023-08-27,印尼,自然搜索,Android,18-24,男
U05545,2023-07-25,泰国,社交媒体,Android,25-34,女
U05546,2024-05-08,泰国,社交媒体,Android,18-24,男
U05547,2023-04-07,泰国,社交媒体,Android,25-34,男
U05548,2024-11-20,越南,内容营销,Android,18-24,女
U05549,2024-12-28,泰国,自然搜索,Android,35-44,女
U05550,2024-05-05,越南,付费广告,Android,18-24,女
U05551,2024-08-04,越南,付费广告,iOS,25-34,女
U05552,2024-07-01,马来西亚,KOL推荐,Android,18-24,女
U05553,2024-09-24,印尼,自然搜索,iOS,45+,女
U05554,2023-10-06,菲律宾,KOL推荐,iOS,25-34,男
U05555,2023-12-17,印尼,付费广告,iOS,35-44,男
U05556,2023-05-22,泰国,自然搜索,iOS,35-44,男
U05557,2023-09-09,印尼,KOL推荐,iOS,35-44,男
U05558,2023-05-19,越南,自然搜索,Android,35-44,男
U05559,2024-10-27,印尼,付费广告,iOS,18-24,女
U05560,2024-12-28,越南,自然搜索,Android,35-44,男
U05561,2023-11-28,马来西亚,付费广告,iOS,18-24,男
U05562,2023-12-05,越南,社交媒体,iOS,35-44,女
U05563,2023-08-17,越南,社交媒体,iOS,45+,女
U05564,2023-08-02,马来西亚,付费广告,iOS,45+,女
U05565,2024-11-18,泰国,付费广告,Android,18-24,女
U05566,2024-07-21,印尼,自然搜索,Android,25-34,女
U05567,2023-10-07,印尼,付费广告,iOS,25-34,女
U05568,2023-09-12,菲律宾,内容营销,Android,18-24,女
U05569,2023-12-05,马来西亚,内容营销,Android,18-24,女
U05570,2023-11-17,马来西亚,自然搜索,iOS,25-34,女
U05571,2024-03-11,泰国,自然搜索,iOS,45+,女
U05572,2024-03-16,菲律宾,内容营销,Android,25-34,女
U05573,2024-07-21,印尼,付费广告,iOS,25-34,男
U05574,2023-12-03,印尼,付费广告,Android,25-34,女
U05575,2023-08-24,泰国,KOL推荐,Android,35-44,女
U05576,2023-11-01,印尼,付费广告,Android,45+,女
U05577,2024-12-04,马来西亚,付费广告,iOS,25-34,男
U05578,2023-06-10,马来西亚,内容营销,Android,18-24,男
U05579,2024-03-08,越南,社交媒体,iOS,25-34,男
U05580,2024-02-02,泰国,自然搜索,Android,45+,女
U05581,2024-12-23,越南,自然搜索,Android,25-34,女
U05582,2024-08-28,菲律宾,自然搜索,iOS,25-34,男
U05583,2024-09-06,印尼,KOL推荐,Android,18-24,女
U05584,2023-03-02,越南,付费广告,iOS,18-24,男
U05585,2024-02-18,泰国,自然搜索,iOS,35-44,男
U05586,2024-03-04,越南,内容营销,Android,25-34,女
U05587,2024-04-23,越南,自然搜索,Android,25-34,女
U05588,2023-12-17,马来西亚,自然搜索,Android,25-34,女
U05589,2023-01-20,印尼,自然搜索,iOS,45+,男
U05590,2023-09-12,越南,自然搜索,Android,18-24,女
U05591,2023-05-17,印尼,付费广告,iOS,35-44,女
U05592,2023-03-27,泰国,内容营销,Android,25-34,男
U05593,2023-06-03,马来西亚,内容营销,Android,35-44,女
U05594,2024-10-06,越南,付费广告,Android,45+,女
U05595,2024-09-26,印尼,付费广告,Android,25-34,男
U05596,2024-01-21,越南,社交媒体,Android,18-24,女
U05597,2024-07-15,印尼,自然搜索,Android,18-24,男
U05598,2023-07-13,印尼,自然搜索,Android,35-44,女
U05599,2024-08-02,印尼,内容营销,Android,18-24,女
U05600,2024-07-19,越南,自然搜索,Android,18-24,男
U05601,2023-03-03,越南,自然搜索,Android,18-24,女
U05602,2023-06-13,泰国,付费广告,Android,25-34,女
U05603,2024-02-06,印尼,付费广告,iOS,18-24,女
U05604,2023-09-24,泰国,自然搜索,iOS,35-44,男
U05605,2023-10-16,印尼,自然搜索,Android,35-44,女
U05606,2024-11-15,菲律宾,付费广告,Android,25-34,女
U05607,2023-12-28,菲律宾,社交媒体,Android,25-34,男
U05608,2024-01-18,越南,自然搜索,iOS,25-34,男
U05609,2023-02-14,越南,付费广告,iOS,35-44,女
U05610,2024-05-23,泰国,社交媒体,Android,25-34,女
U05611,2024-11-01,印尼,内容营销,Android,25-34,男
U05612,2024-10-11,菲律宾,付费广告,iOS,25-34,女
U05613,2024-02-12,泰国,自然搜索,Android,35-44,男
U05614,2024-11-14,越南,付费广告,Android,25-34,女
U05615,2024-05-12,菲律宾,社交媒体,iOS,25-34,女
U05616,2023-06-26,菲律宾,自然搜索,iOS,18-24,女
U05617,2023-09-12,泰国,付费广告,iOS,25-34,男
U05618,2024-05-16,印尼,自然搜索,iOS,25-34,女
U05619,2023-02-18,泰国,自然搜索,Android,25-34,女
U05620,2024-04-10,泰国,付费广告,iOS,25-34,女
U05621,2024-07-04,马来西亚,付费广告,iOS,35-44,女
U05622,2023-07-16,菲律宾,KOL推荐,Android,18-24,男
U05623,2024-07-23,菲律宾,社交媒体,Android,25-34,女
U05624,2023-05-05,泰国,付费广告,Android,25-34,男
U05625,2024-11-23,菲律宾,付费广告,iOS,25-34,女
U05626,2023-07-25,越南,付费广告,Android,25-34,男
U05627,2024-05-01,越南,自然搜索,Android,35-44,男
U05628,2023-03-16,印尼,内容营销,Android,18-24,男
U05629,2024-10-02,泰国,内容营销,Android,35-44,女
U05630,2023-01-21,菲律宾,自然搜索,Android,35-44,男
U05631,2023-07-10,印尼,自然搜索,Android,35-44,女
U05632,2023-03-18,泰国,自然搜索,Android,35-44,女
U05633,2023-03-28,泰国,社交媒体,iOS,25-34,男
U05634,2023-07-15,泰国,社交媒体,iOS,25-34,男
U05635,2023-01-24,泰国,KOL推荐,iOS,45+,女
U05636,2024-07-05,印尼,KOL推荐,iOS,18-24,男
U05637,2024-09-22,菲律宾,付费广告,iOS,18-24,男
U05638,2023-07-11,泰国,社交媒体,Android,18-24,男
U05639,2023-01-22,泰国,社交媒体,iOS,25-34,男
U05640,2023-02-14,印尼,付费广告,Android,18-24,男
U05641,2023-10-03,菲律宾,付费广告,Android,45+,女
U05642,2024-02-05,越南,社交媒体,iOS,25-34,女
U05643,2024-05-07,越南,社交媒体,Android,35-44,女
U05644,2023-01-24,印尼,社交媒体,iOS,18-24,男
U05645,2023-11-28,越南,社交媒体,Android,25-34,女
U05646,2023-06-16,泰国,社交媒体,Android,18-24,男
U05647,2024-02-17,印尼,社交媒体,iOS,18-24,女
U05648,2024-03-14,印尼,付费广告,Android,25-34,女
U05649,2023-07-10,印尼,社交媒体,Android,45+,男
U05650,2024-07-07,印尼,付费广告,iOS,25-34,男
U05651,2024-03-27,印尼,自然搜索,Android,25-34,男
U05652,2024-12-26,泰国,自然搜索,Android,25-34,男
U05653,2024-02-15,越南,社交媒体,iOS,18-24,女
U05654,2024-07-21,泰国,社交媒体,Android,25-34,男
U05655,2024-04-02,泰国,内容营销,iOS,18-24,女
U05656,2023-02-01,印尼,付费广告,Android,35-44,男
U05657,2024-04-19,菲律宾,付费广告,iOS,35-44,女
U05658,2023-04-03,马来西亚,自然搜索,Android,25-34,男
U05659,2023-11-24,印尼,自然搜索,Android,25-34,男
U05660,2024-05-05,泰国,KOL推荐,iOS,18-24,女
U05661,2024-11-09,泰国,自然搜索,iOS,35-44,女
U05662,2023-01-25,菲律宾,社交媒体,iOS,35-44,女
U05663,2023-09-04,印尼,社交媒体,Android,35-44,女
U05664,2024-04-15,印尼,付费广告,iOS,18-24,女
U05665,2023-10-05,菲律宾,内容营销,Android,18-24,女
U05666,2024-04-06,印尼,付费广告,Android,25-34,男
U05667,2024-04-04,菲律宾,付费广告,Android,45+,男
U05668,2024-10-21,泰国,内容营销,iOS,45+,女
U05669,2024-03-03,印尼,内容营销,iOS,25-34,女
U05670,2024-07-09,菲律宾,自然搜索,Android,35-44,女
U05671,2023-05-16,越南,自然搜索,Android,45+,男
U05672,2023-03-08,印尼,自然搜索,Android,18-24,女
U05673,2024-12-14,越南,付费广告,Android,35-44,女
U05674,2023-03-16,马来西亚,内容营销,iOS,18-24,女
U05675,2023-07-09,泰国,社交媒体,Android,25-34,男
U05676,2023-03-08,印尼,付费广告,iOS,18-24,女
U05677,2023-12-17,泰国,内容营销,Android,25-34,女
U05678,2024-02-16,印尼,付费广告,Android,35-44,女
U05679,2024-07-28,泰国,付费广告,iOS,25-34,女
U05680,2023-04-03,泰国,内容营销,Android,18-24,女
U05681,2024-01-09,印尼,KOL推荐,Android,18-24,男
U05682,2024-01-12,马来西亚,KOL推荐,Android,25-34,女
U05683,2024-09-15,泰国,付费广告,iOS,25-34,女
U05684,2023-03-03,泰国,KOL推荐,iOS,25-34,男
U05685,2023-02-26,菲律宾,自然搜索,iOS,18-24,男
U05686,2023-06-25,印尼,社交媒体,iOS,35-44,男
U05687,2024-04-23,马来西亚,内容营销,Android,45+,女
U05688,2024-06-09,泰国,付费广告,Android,25-34,女
U05689,2023-03-23,印尼,KOL推荐,iOS,35-44,男
U05690,2024-11-16,泰国,付费广告,Android,45+,女
U05691,2023-04-14,泰国,自然搜索,Android,25-34,女
U05692,2023-04-28,印尼,KOL推荐,iOS,35-44,女
U05693,2024-06-18,印尼,自然搜索,iOS,35-44,女
U05694,2024-06-28,菲律宾,社交媒体,iOS,18-24,女
U05695,2024-09-03,越南,自然搜索,Android,25-34,男
U05696,2023-07-13,越南,内容营销,Android,35-44,女
U05697,2023-07-22,越南,付费广告,Android,18-24,女
U05698,2024-01-24,马来西亚,自然搜索,iOS,35-44,男
U05699,2023-04-16,越南,自然搜索,Android,25-34,女
U05700,2024-03-13,越南,内容营销,iOS,25-34,男
U05701,2023-10-10,越南,社交媒体,Android,25-34,女
U05702,2023-05-04,印尼,社交媒体,Android,25-34,女
U05703,2024-07-15,越南,付费广告,iOS,35-44,女
U05704,2023-09-16,马来西亚,付费广告,Android,25-34,女
U05705,2023-04-25,越南,自然搜索,Android,45+,女
U05706,2023-11-17,菲律宾,社交媒体,Android,25-34,女
U05707,2024-09-01,泰国,自然搜索,iOS,35-44,女
U05708,2023-09-12,印尼,内容营销,Android,45+,女
U05709,2024-11-12,马来西亚,KOL推荐,Android,18-24,女
U05710,2023-10-09,泰国,付费广告,Android,35-44,女
U05711,2024-09-26,马来西亚,自然搜索,iOS,18-24,男
U05712,2024-08-16,越南,KOL推荐,Android,35-44,女
U05713,2024-01-03,马来西亚,自然搜索,iOS,25-34,男
U05714,2024-06-04,印尼,自然搜索,Android,45+,女
U05715,2024-07-25,越南,自然搜索,iOS,35-44,男
U05716,2024-01-28,泰国,社交媒体,iOS,18-24,女
U05717,2024-01-12,越南,KOL推荐,Android,18-24,男
U05718,2024-12-28,泰国,付费广告,iOS,25-34,男
U05719,2023-01-02,泰国,自然搜索,Android,25-34,女
U05720,2023-03-22,泰国,付费广告,Android,18-24,男
U05721,2024-09-27,越南,社交媒体,iOS,18-24,男
U05722,2024-09-22,菲律宾,自然搜索,iOS,25-34,男
U05723,2024-01-12,泰国,自然搜索,Android,18-24,女
U05724,2024-04-14,泰国,内容营销,iOS,35-44,男
U05725,2024-12-14,印尼,内容营销,Android,35-44,女
U05726,2024-05-05,泰国,内容营销,Android,35-44,女
U05727,2023-06-27,泰国,KOL推荐,Android,18-24,男
U05728,2023-10-27,泰国,自然搜索,Android,18-24,女
U05729,2024-10-09,马来西亚,自然搜索,iOS,25-34,女
U05730,2023-07-04,菲律宾,付费广告,Android,45+,女
U05731,2024-11-07,越南,付费广告,Android,25-34,男
U05732,2023-11-27,印尼,内容营销,Android,25-34,女
U05733,2023-06-16,印尼,KOL推荐,Android,18-24,女
U05734,2024-04-24,印尼,社交媒体,Android,35-44,女
U05735,2024-12-13,印尼,自然搜索,Android,25-34,女
U05736,2023-12-22,印尼,内容营销,iOS,18-24,男
U05737,2023-02-21,越南,KOL推荐,Android,25-34,男
U05738,2024-01-01,泰国,自然搜索,iOS,35-44,男
U05739,2023-10-26,越南,内容营销,iOS,25-34,女
U05740,2023-10-28,菲律宾,付费广告,iOS,35-44,女
U05741,2023-11-09,印尼,自然搜索,iOS,35-44,女
U05742,2023-04-17,菲律宾,社交媒体,iOS,35-44,男
U05743,2024-07-10,马来西亚,社交媒体,Android,25-34,女
U05744,2024-01-02,泰国,自然搜索,iOS,35-44,男
U05745,2023-09-07,印尼,付费广告,Android,45+,女
U05746,2023-10-12,印尼,内容营销,iOS,25-34,女
U05747,2024-10-20,马来西亚,社交媒体,iOS,18-24,女
U05748,2023-11-04,马来西亚,社交媒体,iOS,35-44,男
U05749,2023-12-12,印尼,自然搜索,iOS,18-24,女
U05750,2024-11-08,泰国,自然搜索,iOS,45+,男
U05751,2024-08-14,菲律宾,付费广告,Android,18-24,男
U05752,2023-07-03,泰国,自然搜索,Android,45+,男
U05753,2024-07-14,菲律宾,自然搜索,iOS,25-34,女
U05754,2024-07-10,马来西亚,自然搜索,iOS,35-44,男
U05755,2023-12-18,越南,社交媒体,iOS,25-34,男
U05756,2024-07-24,印尼,付费广告,Android,45+,女
U05757,2024-06-13,越南,KOL推荐,Android,18-24,男
U05758,2024-05-21,越南,自然搜索,iOS,18-24,男
U05759,2024-12-06,越南,付费广告,iOS,18-24,女
U05760,2024-04-18,菲律宾,自然搜索,Android,45+,男
U05761,2023-09-13,马来西亚,付费广告,iOS,25-34,男
U05762,2023-04-13,马来西亚,自然搜索,Android,35-44,女
U05763,2023-03-04,泰国,内容营销,iOS,35-44,男
U05764,2024-07-24,菲律宾,KOL推荐,Android,35-44,女
U05765,2023-01-01,印尼,付费广告,Android,35-44,男
U05766,2023-09-23,越南,自然搜索,Android,25-34,女
U05767,2023-03-03,泰国,社交媒体,Android,35-44,男
U05768,2024-06-02,越南,KOL推荐,iOS,35-44,女
U05769,2023-11-09,马来西亚,自然搜索,Android,18-24,女
U05770,2023-02-20,印尼,社交媒体,iOS,18-24,男
U05771,2023-04-09,印尼,KOL推荐,Android,18-24,男
U05772,2024-02-19,越南,KOL推荐,Android,25-34,男
U05773,2024-04-26,印尼,KOL推荐,iOS,25-34,男
U05774,2024-02-15,泰国,内容营销,iOS,25-34,男
U05775,2024-06-28,越南,内容营销,Android,45+,女
U05776,2024-03-19,印尼,付费广告,Android,25-34,男
U05777,2023-09-21,泰国,社交媒体,Android,35-44,男
U05778,2024-09-16,菲律宾,KOL推荐,iOS,25-34,女
U05779,2024-11-17,泰国,社交媒体,iOS,18-24,女
U05780,2023-10-05,印尼,内容营销,iOS,25-34,男
U05781,2023-09-14,越南,自然搜索,Android,45+,女
U05782,2024-10-28,印尼,付费广告,Android,18-24,女
U05783,2024-12-10,泰国,付费广告,Android,25-34,男
U05784,2024-12-01,泰国,付费广告,Android,18-24,男
U05785,2024-12-22,马来西亚,自然搜索,Android,25-34,男
U05786,2024-08-03,越南,社交媒体,Android,25-34,男
U05787,2024-04-05,菲律宾,自然搜索,Android,35-44,男
U05788,2024-01-05,马来西亚,社交媒体,Android,35-44,男
U05789,2024-11-25,泰国,社交媒体,iOS,25-34,女
U05790,2023-11-17,越南,付费广告,Android,45+,女
U05791,2023-03-22,印尼,付费广告,iOS,25-34,女
U05792,2023-06-16,马来西亚,社交媒体,iOS,35-44,女
U05793,2024-08-02,马来西亚,KOL推荐,Android,25-34,女
U05794,2023-05-19,印尼,内容营销,Android,35-44,女
U05795,2024-08-22,菲律宾,内容营销,Android,35-44,女
U05796,2023-11-23,泰国,内容营销,iOS,45+,男
U05797,2024-06-27,马来西亚,社交媒体,Android,18-24,男
U05798,2023-03-12,马来西亚,内容营销,Android,35-44,女
U05799,2024-11-13,泰国,KOL推荐,iOS,35-44,男
U05800,2024-09-20,越南,内容营销,Android,35-44,男
U05801,2024-08-09,泰国,自然搜索,iOS,25-34,男
U05802,2023-09-26,越南,内容营销,Android,18-24,女
U05803,2023-07-01,菲律宾,付费广告,Android,18-24,男
U05804,2023-01-19,越南,KOL推荐,iOS,25-34,男
U05805,2023-03-07,泰国,自然搜索,iOS,35-44,男
U05806,2023-12-16,越南,付费广告,iOS,35-44,女
U05807,2024-01-18,马来西亚,付费广告,iOS,18-24,男
U05808,2024-12-17,印尼,付费广告,iOS,45+,男
U05809,2024-12-09,越南,自然搜索,iOS,18-24,女
U05810,2024-02-05,泰国,KOL推荐,iOS,25-34,女
U05811,2023-11-20,马来西亚,自然搜索,iOS,18-24,女
U05812,2023-06-06,菲律宾,付费广告,iOS,35-44,女
U05813,2024-12-08,越南,自然搜索,iOS,35-44,男
U05814,2023-01-09,泰国,社交媒体,Android,25-34,女
U05815,2023-10-17,泰国,付费广告,Android,35-44,男
U05816,2023-03-23,泰国,付费广告,iOS,18-24,女
U05817,2024-09-22,印尼,付费广告,Android,25-34,男
U05818,2024-01-08,马来西亚,社交媒体,Android,25-34,男
U05819,2024-08-14,印尼,自然搜索,Android,18-24,男
U05820,2024-08-08,菲律宾,自然搜索,iOS,35-44,男
U05821,2024-07-13,越南,自然搜索,Android,35-44,女
U05822,2023-06-04,印尼,内容营销,iOS,18-24,女
U05823,2023-06-20,印尼,付费广告,iOS,18-24,女
U05824,2023-02-10,泰国,社交媒体,iOS,18-24,男
U05825,2023-11-11,越南,自然搜索,iOS,25-34,男
U05826,2023-03-11,印尼,付费广告,Android,25-34,女
U05827,2023-08-17,泰国,自然搜索,Android,18-24,女
U05828,2024-10-25,越南,自然搜索,Android,35-44,男
U05829,2023-01-16,印尼,付费广告,iOS,25-34,女
U05830,2024-08-07,马来西亚,付费广告,iOS,25-34,女
U05831,2024-10-22,印尼,自然搜索,iOS,45+,男
U05832,2023-08-13,菲律宾,社交媒体,iOS,18-24,男
U05833,2023-05-27,越南,内容营销,Android,25-34,男
U05834,2024-06-12,菲律宾,付费广告,Android,25-34,女
U05835,2024-04-03,印尼,社交媒体,Android,18-24,男
U05836,2023-12-26,菲律宾,内容营销,Android,18-24,男
U05837,2024-07-20,越南,KOL推荐,iOS,25-34,女
U05838,2024-06-08,印尼,付费广告,iOS,35-44,男
U05839,2024-12-13,印尼,社交媒体,Android,35-44,女
U05840,2023-08-10,越南,自然搜索,iOS,35-44,男
U05841,2024-02-15,泰国,付费广告,Android,25-34,女
U05842,2024-09-15,泰国,付费广告,Android,25-34,女
U05843,2023-06-14,泰国,自然搜索,iOS,18-24,女
U05844,2023-06-23,菲律宾,付费广告,Android,18-24,男
U05845,2023-01-10,泰国,自然搜索,Android,25-34,男
U05846,2024-07-11,泰国,社交媒体,iOS,25-34,女
U05847,2023-03-27,印尼,付费广告,Android,18-24,男
U05848,2024-11-06,越南,付费广告,iOS,18-24,女
U05849,2023-09-25,印尼,自然搜索,Android,18-24,女
U05850,2023-09-04,泰国,自然搜索,iOS,25-34,女
U05851,2023-03-20,马来西亚,社交媒体,iOS,25-34,男
U05852,2024-07-23,菲律宾,内容营销,Android,18-24,女
U05853,2023-11-19,菲律宾,自然搜索,iOS,18-24,女
U05854,2024-05-08,越南,付费广告,Android,18-24,女
U05855,2023-06-05,菲律宾,内容营销,Android,18-24,女
U05856,2023-08-27,泰国,自然搜索,iOS,25-34,男
U05857,2023-08-03,泰国,内容营销,Android,18-24,女
U05858,2024-07-16,泰国,付费广告,Android,35-44,女
U05859,2023-10-23,印尼,付费广告,iOS,25-34,男
U05860,2023-03-09,越南,付费广告,Android,25-34,男
U05861,2023-08-08,印尼,付费广告,Android,18-24,男
U05862,2023-08-20,泰国,付费广告,Android,18-24,女
U05863,2023-07-14,越南,内容营销,Android,18-24,女
U05864,2024-10-17,印尼,社交媒体,Android,45+,男
U05865,2023-12-05,越南,社交媒体,Android,35-44,女
U05866,2023-02-25,印尼,KOL推荐,Android,18-24,女
U05867,2024-03-11,泰国,付费广告,iOS,25-34,女
U05868,2024-03-13,菲律宾,社交媒体,Android,18-24,女
U05869,2024-07-12,印尼,付费广告,iOS,18-24,女
U05870,2024-03-12,泰国,KOL推荐,Android,35-44,女
U05871,2024-11-18,泰国,付费广告,Android,18-24,男
U05872,2024-11-04,印尼,社交媒体,Android,25-34,女
U05873,2023-11-22,菲律宾,内容营销,iOS,25-34,女
U05874,2024-03-25,越南,付费广告,Android,25-34,男
U05875,2024-12-25,越南,自然搜索,iOS,45+,男
U05876,2023-05-05,菲律宾,付费广告,Android,35-44,男
U05877,2024-08-25,印尼,付费广告,Android,35-44,男
U05878,2023-10-24,越南,社交媒体,Android,25-34,女
U05879,2024-10-10,印尼,内容营销,iOS,18-24,女
U05880,2024-10-06,泰国,付费广告,Android,35-44,男
U05881,2023-06-23,印尼,付费广告,Android,45+,男
U05882,2023-06-24,越南,社交媒体,Android,25-34,女
U05883,2023-07-18,马来西亚,自然搜索,Android,45+,男
U05884,2023-04-14,印尼,付费广告,iOS,18-24,男
U05885,2023-11-07,印尼,内容营销,iOS,18-24,男
U05886,2024-06-20,印尼,社交媒体,Android,18-24,男
U05887,2023-02-02,马来西亚,自然搜索,Android,25-34,男
U05888,2023-07-11,菲律宾,自然搜索,Android,35-44,男
U05889,2024-06-20,越南,社交媒体,iOS,25-34,女
U05890,2023-07-22,印尼,KOL推荐,Android,45+,男
U05891,2024-08-25,印尼,KOL推荐,iOS,25-34,男
U05892,2023-05-02,印尼,付费广告,Android,25-34,女
U05893,2024-02-07,泰国,内容营销,Android,35-44,女
U05894,2023-10-28,越南,社交媒体,Android,18-24,男
U05895,2024-06-08,泰国,社交媒体,Android,35-44,男
U05896,2024-11-16,马来西亚,社交媒体,iOS,18-24,女
U05897,2024-02-28,越南,自然搜索,iOS,18-24,女
U05898,2023-09-06,马来西亚,内容营销,iOS,25-34,男
U05899,2023-07-26,印尼,自然搜索,iOS,45+,男
U05900,2023-09-07,印尼,付费广告,Android,25-34,女
U05901,2023-09-24,印尼,KOL推荐,iOS,25-34,女
U05902,2024-09-07,泰国,社交媒体,Android,35-44,男
U05903,2023-12-23,越南,KOL推荐,iOS,18-24,男
U05904,2024-05-20,泰国,付费广告,Android,35-44,男
U05905,2024-09-12,印尼,付费广告,Android,25-34,男
U05906,2024-10-23,越南,内容营销,iOS,18-24,女
U05907,2023-05-18,菲律宾,自然搜索,iOS,25-34,男
U05908,2023-05-05,泰国,内容营销,iOS,18-24,女
U05909,2023-07-03,泰国,自然搜索,Android,18-24,男
U05910,2023-01-28,越南,KOL推荐,Android,18-24,男
U05911,2023-06-28,马来西亚,自然搜索,iOS,18-24,男
U05912,2023-07-27,印尼,社交媒体,Android,35-44,女
U05913,2023-08-14,越南,内容营销,iOS,25-34,女
U05914,2024-11-15,印尼,付费广告,Android,25-34,女
U05915,2023-07-07,泰国,社交媒体,iOS,25-34,女
U05916,2023-01-09,马来西亚,KOL推荐,Android,35-44,男
U05917,2023-07-25,印尼,社交媒体,Android,18-24,女
U05918,2024-08-07,越南,内容营销,Android,25-34,男
U05919,2024-06-14,印尼,付费广告,iOS,18-24,女
U05920,2024-10-15,泰国,自然搜索,iOS,25-34,男
U05921,2024-06-10,马来西亚,自然搜索,Android,25-34,男
U05922,2023-03-27,泰国,自然搜索,Android,35-44,女
U05923,2023-11-01,印尼,自然搜索,iOS,35-44,男
U05924,2024-11-28,泰国,社交媒体,Android,35-44,女
U05925,2023-02-16,印尼,自然搜索,iOS,18-24,女
U05926,2023-03-28,菲律宾,自然搜索,iOS,18-24,男
U05927,2024-05-03,印尼,自然搜索,Android,45+,男
U05928,2023-11-04,印尼,KOL推荐,Android,25-34,女
U05929,2023-07-22,菲律宾,社交媒体,iOS,45+,女
U05930,2024-04-17,泰国,付费广告,Android,25-34,男
U05931,2023-11-04,越南,内容营销,Android,45+,女
U05932,2023-03-22,泰国,自然搜索,iOS,45+,女
U05933,2024-04-02,马来西亚,内容营销,Android,35-44,女
U05934,2023-05-25,越南,社交媒体,Android,18-24,女
U05935,2024-06-03,印尼,自然搜索,iOS,25-34,男
U05936,2023-02-02,印尼,社交媒体,Android,45+,女
U05937,2024-10-22,泰国,KOL推荐,iOS,35-44,男
U05938,2024-09-02,泰国,付费广告,Android,18-24,男
U05939,2024-04-01,越南,内容营销,Android,25-34,女
U05940,2024-07-19,越南,自然搜索,iOS,35-44,男
U05941,2023-09-20,泰国,付费广告,Android,25-34,女
U05942,2023-09-11,泰国,自然搜索,Android,35-44,女
U05943,2023-01-19,菲律宾,自然搜索,iOS,35-44,男
U05944,2024-05-06,马来西亚,自然搜索,Android,45+,男
U05945,2023-01-18,越南,内容营销,iOS,18-24,女
U05946,2023-09-27,越南,自然搜索,Android,18-24,男
U05947,2023-01-04,泰国,付费广告,Android,18-24,女
U05948,2024-10-18,印尼,付费广告,Android,45+,男
U05949,2024-05-20,菲律宾,内容营销,Android,25-34,女
U05950,2024-07-23,泰国,内容营销,Android,18-24,男
U05951,2024-11-28,泰国,KOL推荐,Android,25-34,男
U05952,2024-02-26,菲律宾,内容营销,Android,25-34,男
U05953,2023-07-09,印尼,KOL推荐,Android,35-44,男
U05954,2024-08-09,泰国,内容营销,Android,35-44,女
U05955,2024-03-11,印尼,社交媒体,iOS,35-44,女
U05956,2023-07-06,越南,自然搜索,Android,18-24,男
U05957,2023-09-04,越南,付费广告,Android,45+,男
U05958,2024-05-06,菲律宾,社交媒体,Android,18-24,女
U05959,2024-05-26,菲律宾,付费广告,Android,25-34,女
U05960,2024-02-05,越南,付费广告,iOS,18-24,女
U05961,2024-06-28,马来西亚,社交媒体,iOS,18-24,男
U05962,2023-08-10,越南,内容营销,iOS,18-24,女
U05963,2023-11-22,菲律宾,自然搜索,Android,25-34,女
U05964,2023-03-27,印尼,KOL推荐,Android,25-34,男
U05965,2023-02-26,菲律宾,社交媒体,Android,18-24,女
U05966,2024-02-04,马来西亚,内容营销,Android,18-24,女
U05967,2024-05-17,泰国,内容营销,Android,35-44,女
U05968,2024-09-26,马来西亚,KOL推荐,Android,18-24,女
U05969,2023-09-28,菲律宾,付费广告,Android,18-24,女
U05970,2024-09-22,菲律宾,自然搜索,iOS,25-34,男
U05971,2023-09-03,泰国,付费广告,Android,35-44,男
U05972,2023-04-02,菲律宾,KOL推荐,Android,18-24,女
U05973,2024-02-20,菲律宾,内容营销,Android,45+,女
U05974,2023-08-18,越南,KOL推荐,Android,25-34,女
U05975,2023-04-08,马来西亚,自然搜索,Android,25-34,女
U05976,2023-07-25,泰国,社交媒体,iOS,18-24,女
U05977,2024-03-15,泰国,付费广告,iOS,35-44,女
U05978,2023-02-04,印尼,自然搜索,Android,18-24,女
U05979,2024-10-25,印尼,自然搜索,iOS,25-34,女
U05980,2023-09-23,印尼,自然搜索,iOS,18-24,男
U05981,2023-07-24,泰国,KOL推荐,iOS,25-34,女
U05982,2024-06-26,马来西亚,付费广告,Android,35-44,男
U05983,2023-12-14,泰国,付费广告,Android,35-44,男
U05984,2023-07-06,泰国,内容营销,iOS,18-24,男
U05985,2024-11-22,泰国,付费广告,Android,25-34,女
U05986,2024-07-21,印尼,自然搜索,Android,25-34,男
U05987,2024-07-22,马来西亚,付费广告,iOS,18-24,男
U05988,2024-03-19,印尼,自然搜索,iOS,25-34,男
U05989,2023-12-02,菲律宾,自然搜索,Android,18-24,男
U05990,2023-11-13,泰国,自然搜索,Android,25-34,男
U05991,2023-04-25,印尼,社交媒体,iOS,35-44,男
U05992,2023-01-24,越南,自然搜索,iOS,18-24,男
U05993,2024-09-02,印尼,付费广告,iOS,18-24,女
U05994,2024-02-25,泰国,内容营销,iOS,18-24,女
U05995,2024-06-11,印尼,付费广告,Android,45+,男
U05996,2023-11-19,印尼,内容营销,Android,35-44,女
U05997,2024-05-17,菲律宾,付费广告,Android,18-24,女
U05998,2023-02-02,印尼,付费广告,Android,25-34,女
U05999,2024-01-06,泰国,KOL推荐,iOS,18-24,女
U06000,2024-03-11,印尼,自然搜索,Android,25-34,男
U06001,2024-12-28,泰国,自然搜索,iOS,25-34,女
U06002,2023-04-19,菲律宾,社交媒体,Android,45+,男
U06003,2024-02-18,印尼,付费广告,Android,18-24,男
U06004,2024-05-08,泰国,KOL推荐,Android,25-34,男
U06005,2024-01-23,马来西亚,内容营销,Android,35-44,女
U06006,2024-03-11,印尼,付费广告,Android,35-44,女
U06007,2024-04-18,泰国,社交媒体,Android,25-34,男
U06008,2023-12-23,印尼,付费广告,Android,35-44,女
U06009,2023-12-06,越南,内容营销,Android,25-34,女
U06010,2024-12-06,菲律宾,KOL推荐,Android,25-34,男
U06011,2023-04-24,菲律宾,内容营销,Android,35-44,男
U06012,2023-01-26,马来西亚,付费广告,Android,45+,女
U06013,2024-05-04,印尼,KOL推荐,iOS,35-44,男
U06014,2024-05-05,越南,付费广告,iOS,25-34,女
U06015,2023-09-25,菲律宾,自然搜索,Android,35-44,女
U06016,2023-06-12,泰国,内容营销,Android,18-24,男
U06017,2024-05-26,印尼,自然搜索,iOS,18-24,男
U06018,2024-09-10,印尼,内容营销,Android,35-44,男
U06019,2023-02-28,泰国,自然搜索,iOS,18-24,女
U06020,2023-01-13,越南,KOL推荐,Android,45+,男
U06021,2024-09-21,菲律宾,付费广告,iOS,25-34,女
U06022,2023-01-13,菲律宾,付费广告,Android,25-34,男
U06023,2024-11-03,泰国,自然搜索,Android,35-44,男
U06024,2023-11-22,泰国,社交媒体,iOS,35-44,女
U06025,2024-04-18,越南,付费广告,iOS,25-34,女
U06026,2023-02-18,菲律宾,社交媒体,Android,18-24,女
U06027,2024-05-01,泰国,自然搜索,Android,35-44,男
U06028,2023-04-23,印尼,自然搜索,Android,25-34,男
U06029,2024-08-21,泰国,自然搜索,Android,18-24,女
U06030,2023-06-21,印尼,付费广告,iOS,25-34,女
U06031,2023-05-20,越南,KOL推荐,Android,18-24,女
U06032,2023-09-21,菲律宾,内容营销,Android,45+,男
U06033,2023-04-25,泰国,自然搜索,Android,25-34,男
U06034,2023-05-08,印尼,社交媒体,Android,45+,女
U06035,2024-05-15,泰国,KOL推荐,Android,25-34,女
U06036,2024-08-13,印尼,付费广告,Android,45+,女
U06037,2024-03-04,菲律宾,付费广告,iOS,18-24,女
U06038,2024-06-19,泰国,付费广告,iOS,18-24,男
U06039,2024-12-28,菲律宾,自然搜索,Android,18-24,女
U06040,2023-08-14,印尼,自然搜索,Android,25-34,女
U06041,2023-01-02,泰国,自然搜索,Android,18-24,男
U06042,2024-08-27,越南,社交媒体,Android,25-34,男
U06043,2024-10-03,泰国,自然搜索,iOS,25-34,女
U06044,2024-04-23,印尼,自然搜索,Android,25-34,男
U06045,2023-03-24,菲律宾,付费广告,iOS,25-34,女
U06046,2023-06-08,泰国,自然搜索,iOS,18-24,女
U06047,2024-11-12,印尼,自然搜索,iOS,35-44,女
U06048,2023-05-05,菲律宾,内容营销,Android,25-34,女
U06049,2023-03-04,马来西亚,自然搜索,iOS,45+,女
U06050,2024-12-05,印尼,社交媒体,Android,25-34,男
U06051,2023-03-10,马来西亚,付费广告,iOS,45+,女
U06052,2024-07-24,印尼,社交媒体,Android,25-34,男
U06053,2023-08-28,越南,社交媒体,Android,45+,男
U06054,2024-11-06,菲律宾,自然搜索,Android,18-24,女
U06055,2024-11-07,印尼,KOL推荐,iOS,35-44,男
U06056,2023-06-13,印尼,付费广告,iOS,35-44,男
U06057,2024-01-25,印尼,KOL推荐,Android,18-24,男
U06058,2024-09-05,菲律宾,付费广告,iOS,25-34,女
U06059,2023-06-10,菲律宾,内容营销,Android,35-44,男
U06060,2024-08-26,越南,KOL推荐,Android,25-34,男
U06061,2023-10-25,越南,内容营销,iOS,18-24,女
U06062,2024-04-18,印尼,付费广告,iOS,35-44,女
U06063,2023-03-25,印尼,付费广告,Android,18-24,男
U06064,2023-01-21,泰国,KOL推荐,Android,35-44,女
U06065,2023-03-19,菲律宾,内容营销,iOS,18-24,男
U06066,2023-01-08,印尼,内容营销,Android,18-24,男
U06067,2024-07-04,越南,付费广告,Android,18-24,女
U06068,2024-04-05,泰国,KOL推荐,Android,25-34,男
U06069,2023-05-28,泰国,自然搜索,iOS,45+,女
U06070,2023-02-23,马来西亚,付费广告,iOS,18-24,女
U06071,2023-06-27,越南,自然搜索,Android,18-24,男
U06072,2023-07-15,泰国,付费广告,iOS,25-34,女
U06073,2023-10-10,越南,内容营销,iOS,35-44,男
U06074,2024-07-24,越南,自然搜索,Android,25-34,男
U06075,2024-04-22,泰国,社交媒体,iOS,25-34,女
U06076,2024-11-09,越南,社交媒体,iOS,25-34,男
U06077,2024-12-08,印尼,自然搜索,iOS,18-24,女
U06078,2024-07-01,印尼,付费广告,Android,25-34,男
U06079,2024-05-26,越南,社交媒体,iOS,25-34,女
U06080,2024-06-24,越南,自然搜索,Android,35-44,女
U06081,2024-03-06,马来西亚,KOL推荐,Android,45+,男
U06082,2024-10-17,越南,内容营销,Android,35-44,女
U06083,2024-06-21,越南,自然搜索,iOS,25-34,女
U06084,2024-07-02,泰国,自然搜索,iOS,25-34,女
U06085,2023-07-17,越南,付费广告,Android,18-24,男
U06086,2024-03-16,菲律宾,社交媒体,iOS,35-44,女
U06087,2024-05-03,泰国,付费广告,Android,25-34,女
U06088,2023-10-06,印尼,自然搜索,Android,45+,女
U06089,2023-02-11,泰国,付费广告,Android,18-24,女
U06090,2023-08-14,越南,内容营销,iOS,35-44,女
U06091,2023-12-20,菲律宾,付费广告,Android,35-44,女
U06092,2024-12-28,越南,付费广告,iOS,18-24,女
U06093,2023-07-18,印尼,内容营销,iOS,35-44,女
U06094,2023-05-06,泰国,社交媒体,Android,45+,男
U06095,2024-01-02,印尼,社交媒体,Android,45+,男
U06096,2024-07-26,泰国,社交媒体,Android,35-44,女
U06097,2023-08-11,菲律宾,内容营销,Android,18-24,女
U06098,2024-09-16,泰国,社交媒体,Android,35-44,女
U06099,2023-01-25,菲律宾,内容营销,iOS,35-44,女
U06100,2024-04-12,越南,社交媒体,iOS,25-34,女
U06101,2024-05-09,印尼,社交媒体,Android,18-24,男
U06102,2023-06-07,越南,付费广告,iOS,18-24,男
U06103,2024-01-17,马来西亚,付费广告,Android,18-24,男
U06104,2023-10-11,泰国,KOL推荐,iOS,35-44,男
U06105,2024-02-17,泰国,付费广告,iOS,18-24,女
U06106,2024-04-05,印尼,社交媒体,iOS,18-24,女
U06107,2024-06-11,泰国,自然搜索,Android,25-34,男
U06108,2023-10-28,泰国,KOL推荐,Android,25-34,男
U06109,2024-09-21,马来西亚,自然搜索,iOS,18-24,男
U06110,2024-10-25,马来西亚,KOL推荐,iOS,18-24,男
U06111,2023-06-10,越南,社交媒体,Android,18-24,女
U06112,2023-11-01,马来西亚,自然搜索,iOS,35-44,男
U06113,2023-05-02,印尼,付费广告,Android,18-24,男
U06114,2023-11-14,越南,付费广告,Android,25-34,女
U06115,2024-12-13,印尼,付费广告,Android,18-24,男
U06116,2024-11-11,印尼,付费广告,Android,18-24,女
U06117,2023-06-02,马来西亚,自然搜索,iOS,25-34,女
U06118,2024-07-25,越南,内容营销,Android,18-24,男
U06119,2023-09-23,印尼,自然搜索,Android,18-24,女
U06120,2024-06-14,泰国,社交媒体,Android,25-34,女
U06121,2024-01-28,泰国,付费广告,iOS,25-34,男
U06122,2023-12-12,泰国,社交媒体,Android,35-44,男
U06123,2024-01-07,马来西亚,付费广告,Android,18-24,女
U06124,2024-04-17,菲律宾,社交媒体,Android,35-44,男
U06125,2023-09-14,菲律宾,社交媒体,iOS,35-44,男
U06126,2023-09-06,印尼,社交媒体,iOS,35-44,男
U06127,2023-01-24,越南,自然搜索,Android,25-34,男
U06128,2024-10-25,泰国,社交媒体,Android,35-44,女
U06129,2024-11-20,越南,付费广告,iOS,18-24,女
U06130,2023-01-19,越南,自然搜索,Android,18-24,女
U06131,2024-10-15,菲律宾,付费广告,iOS,18-24,男
U06132,2024-05-20,印尼,付费广告,iOS,45+,女
U06133,2024-12-28,泰国,付费广告,iOS,25-34,女
U06134,2023-08-22,泰国,社交媒体,iOS,45+,女
U06135,2024-10-03,泰国,付费广告,iOS,18-24,男
U06136,2024-11-12,越南,付费广告,iOS,45+,女
U06137,2024-12-15,马来西亚,自然搜索,iOS,45+,女
U06138,2024-06-13,印尼,社交媒体,Android,45+,男
U06139,2023-05-22,菲律宾,社交媒体,Android,25-34,女
U06140,2024-05-28,越南,付费广告,Android,35-44,女
U06141,2024-09-03,越南,社交媒体,iOS,45+,男
U06142,2024-07-06,泰国,付费广告,iOS,25-34,女
U06143,2024-05-05,菲律宾,付费广告,Android,25-34,男
U06144,2024-09-05,菲律宾,付费广告,Android,35-44,女
U06145,2024-07-22,泰国,社交媒体,iOS,25-34,女
U06146,2023-11-01,印尼,社交媒体,iOS,35-44,女
U06147,2024-01-17,印尼,付费广告,Android,18-24,女
U06148,2023-11-18,印尼,自然搜索,Android,25-34,女
U06149,2023-04-26,马来西亚,自然搜索,Android,18-24,女
U06150,2023-10-24,印尼,社交媒体,Android,18-24,女
U06151,2023-11-18,印尼,内容营销,Android,18-24,男
U06152,2023-01-04,泰国,付费广告,Android,35-44,男
U06153,2023-05-02,泰国,自然搜索,iOS,18-24,女
U06154,2024-10-24,泰国,KOL推荐,Android,35-44,男
U06155,2023-12-11,泰国,KOL推荐,iOS,35-44,女
U06156,2024-09-16,印尼,内容营销,Android,25-34,女
U06157,2023-04-07,印尼,社交媒体,Android,18-24,男
U06158,2024-09-28,泰国,内容营销,Android,18-24,男
U06159,2024-12-23,菲律宾,自然搜索,Android,25-34,女
U06160,2024-09-13,泰国,自然搜索,iOS,18-24,女
U06161,2024-02-11,越南,自然搜索,iOS,25-34,男
U06162,2023-08-01,泰国,社交媒体,Android,45+,女
U06163,2023-08-19,越南,自然搜索,Android,18-24,女
U06164,2024-05-09,越南,付费广告,iOS,25-34,女
U06165,2024-01-22,印尼,付费广告,Android,45+,女
U06166,2024-03-27,越南,付费广告,iOS,35-44,男
U06167,2024-01-27,马来西亚,内容营销,iOS,35-44,女
U06168,2023-08-27,泰国,自然搜索,iOS,35-44,男
U06169,2023-12-11,泰国,付费广告,Android,25-34,男
U06170,2024-08-13,泰国,KOL推荐,iOS,35-44,男
U06171,2024-04-02,印尼,自然搜索,Android,45+,男
U06172,2023-06-16,泰国,社交媒体,iOS,25-34,女
U06173,2024-06-17,菲律宾,KOL推荐,iOS,25-34,男
U06174,2024-03-07,印尼,内容营销,Android,25-34,女
U06175,2024-02-07,印尼,内容营销,Android,25-34,女
U06176,2023-06-12,印尼,付费广告,iOS,18-24,女
U06177,2023-02-21,泰国,社交媒体,iOS,25-34,女
U06178,2023-01-18,泰国,自然搜索,Android,25-34,女
U06179,2023-05-21,越南,付费广告,iOS,25-34,男
U06180,2023-07-15,印尼,自然搜索,Android,18-24,女
U06181,2024-09-27,泰国,付费广告,Android,35-44,男
U06182,2023-06-02,泰国,内容营销,iOS,18-24,女
U06183,2024-09-24,马来西亚,付费广告,Android,18-24,男
U06184,2024-05-27,泰国,社交媒体,Android,25-34,女
U06185,2024-01-13,菲律宾,付费广告,iOS,25-34,男
U06186,2024-02-26,菲律宾,付费广告,iOS,18-24,男
U06187,2024-11-08,越南,内容营销,iOS,25-34,女
U06188,2024-03-11,泰国,付费广告,Android,35-44,女
U06189,2024-01-21,泰国,社交媒体,Android,25-34,男
U06190,2024-08-01,印尼,付费广告,iOS,25-34,女
U06191,2023-02-11,印尼,自然搜索,iOS,18-24,男
U06192,2024-02-05,菲律宾,付费广告,iOS,25-34,女
U06193,2023-07-24,马来西亚,KOL推荐,iOS,35-44,女
U06194,2024-04-11,印尼,自然搜索,iOS,25-34,男
U06195,2024-03-04,泰国,自然搜索,Android,35-44,男
U06196,2023-10-01,泰国,自然搜索,iOS,25-34,男
U06197,2023-07-12,菲律宾,KOL推荐,iOS,35-44,男
U06198,2023-11-11,泰国,社交媒体,Android,35-44,女
U06199,2024-05-01,泰国,社交媒体,iOS,35-44,女
U06200,2024-03-23,印尼,付费广告,iOS,45+,女
U06201,2024-09-20,越南,内容营销,iOS,25-34,男
U06202,2024-10-25,马来西亚,KOL推荐,iOS,45+,女
U06203,2024-06-21,印尼,KOL推荐,Android,25-34,男
U06204,2023-04-19,泰国,KOL推荐,Android,35-44,女
U06205,2023-05-14,马来西亚,社交媒体,iOS,18-24,男
U06206,2024-11-13,越南,付费广告,iOS,35-44,女
U06207,2024-07-19,越南,内容营销,iOS,35-44,女
U06208,2024-04-22,越南,内容营销,Android,18-24,女
U06209,2024-09-19,泰国,自然搜索,Android,35-44,男
U06210,2023-01-10,印尼,自然搜索,Android,35-44,女
U06211,2023-02-15,泰国,内容营销,iOS,18-24,女
U06212,2024-07-04,越南,付费广告,iOS,25-34,女
U06213,2024-09-26,越南,内容营销,Android,25-34,女
U06214,2023-04-12,菲律宾,付费广告,Android,25-34,男
U06215,2024-09-19,菲律宾,自然搜索,Android,18-24,男
U06216,2024-11-24,泰国,自然搜索,iOS,18-24,女
U06217,2023-09-25,越南,自然搜索,Android,18-24,男
U06218,2024-10-16,越南,自然搜索,Android,18-24,女
U06219,2024-03-09,泰国,付费广告,Android,18-24,女
U06220,2024-07-18,菲律宾,社交媒体,iOS,35-44,男
U06221,2024-09-07,印尼,内容营销,Android,25-34,女
U06222,2024-04-15,泰国,付费广告,iOS,35-44,女
U06223,2024-11-11,越南,付费广告,Android,18-24,女
U06224,2023-06-03,泰国,付费广告,iOS,25-34,女
U06225,2024-02-06,印尼,付费广告,Android,25-34,男
U06226,2024-05-19,泰国,付费广告,Android,35-44,女
U06227,2024-06-20,马来西亚,自然搜索,iOS,35-44,男
U06228,2024-04-24,菲律宾,自然搜索,Android,35-44,女
U06229,2023-03-06,越南,自然搜索,iOS,18-24,男
U06230,2024-05-20,印尼,自然搜索,iOS,35-44,男
U06231,2023-05-21,马来西亚,社交媒体,iOS,25-34,女
U06232,2024-04-17,印尼,自然搜索,iOS,35-44,男
U06233,2024-04-25,泰国,内容营销,Android,25-34,女
U06234,2024-09-09,越南,内容营销,iOS,25-34,男
U06235,2023-07-05,菲律宾,内容营销,Android,18-24,男
U06236,2023-09-21,印尼,内容营销,Android,35-44,男
U06237,2023-10-25,印尼,付费广告,Android,18-24,男
U06238,2024-09-01,菲律宾,付费广告,Android,18-24,女
U06239,2023-07-21,菲律宾,自然搜索,iOS,18-24,女
U06240,2023-05-06,马来西亚,KOL推荐,Android,45+,男
U06241,2023-06-23,泰国,内容营销,iOS,25-34,男
U06242,2024-03-08,印尼,内容营销,Android,35-44,男
U06243,2023-01-10,印尼,付费广告,Android,45+,男
U06244,2023-03-22,菲律宾,KOL推荐,Android,45+,女
U06245,2024-04-01,印尼,自然搜索,iOS,35-44,女
U06246,2024-04-14,泰国,自然搜索,Android,35-44,女
U06247,2023-05-16,菲律宾,KOL推荐,Android,18-24,女
U06248,2024-09-26,印尼,付费广告,Android,18-24,女
U06249,2023-11-18,泰国,内容营销,iOS,25-34,女
U06250,2023-07-25,越南,自然搜索,Android,25-34,男
U06251,2023-08-17,泰国,内容营销,iOS,18-24,女
U06252,2024-02-17,越南,付费广告,Android,35-44,女
U06253,2023-12-18,泰国,KOL推荐,Android,25-34,男
U06254,2023-01-24,越南,KOL推荐,iOS,35-44,女
U06255,2023-07-06,印尼,内容营销,iOS,25-34,女
U06256,2024-03-18,印尼,付费广告,Android,25-34,女
U06257,2023-11-25,印尼,内容营销,iOS,25-34,男
U06258,2024-05-01,菲律宾,自然搜索,iOS,25-34,女
U06259,2023-02-07,泰国,自然搜索,Android,45+,女
U06260,2023-10-14,泰国,付费广告,Android,18-24,男
U06261,2023-12-17,菲律宾,KOL推荐,Android,25-34,女
U06262,2024-02-19,泰国,付费广告,iOS,35-44,女
U06263,2023-10-24,马来西亚,KOL推荐,iOS,25-34,男
U06264,2023-12-07,菲律宾,社交媒体,Android,18-24,女
U06265,2023-08-13,印尼,自然搜索,Android,18-24,男
U06266,2023-06-08,马来西亚,内容营销,Android,18-24,女
U06267,2023-05-09,泰国,自然搜索,Android,25-34,女
U06268,2023-11-13,越南,内容营销,iOS,35-44,女
U06269,2023-01-07,印尼,付费广告,iOS,25-34,男
U06270,2023-06-08,越南,付费广告,Android,18-24,女
U06271,2023-02-17,马来西亚,付费广告,Android,25-34,女
U06272,2024-05-18,泰国,自然搜索,Android,18-24,男
U06273,2024-09-07,印尼,付费广告,Android,45+,女
U06274,2024-03-13,印尼,自然搜索,Android,25-34,男
U06275,2024-08-25,印尼,自然搜索,Android,45+,男
U06276,2024-02-27,越南,自然搜索,iOS,25-34,女
U06277,2024-03-03,越南,付费广告,Android,35-44,女
U06278,2023-06-09,菲律宾,KOL推荐,Android,18-24,女
U06279,2024-02-16,泰国,社交媒体,iOS,18-24,男
U06280,2024-05-12,菲律宾,内容营销,Android,18-24,男
U06281,2023-04-05,印尼,社交媒体,iOS,25-34,女
U06282,2023-11-22,菲律宾,社交媒体,Android,25-34,男
U06283,2023-11-08,印尼,社交媒体,Android,25-34,男
U06284,2024-06-06,泰国,付费广告,Android,35-44,女
U06285,2023-07-06,印尼,社交媒体,Android,18-24,女
U06286,2024-02-20,菲律宾,自然搜索,Android,25-34,男
U06287,2023-06-04,越南,内容营销,Android,35-44,男
U06288,2024-01-17,马来西亚,KOL推荐,Android,25-34,女
U06289,2023-12-09,越南,自然搜索,iOS,35-44,女
U06290,2024-08-03,泰国,KOL推荐,iOS,25-34,男
U06291,2023-11-05,越南,自然搜索,Android,25-34,女
U06292,2023-03-17,马来西亚,自然搜索,Android,18-24,男
U06293,2024-12-09,越南,自然搜索,iOS,45+,女
U06294,2023-06-18,菲律宾,KOL推荐,iOS,35-44,男
U06295,2023-06-06,菲律宾,KOL推荐,iOS,45+,女
U06296,2024-10-10,越南,KOL推荐,Android,25-34,女
U06297,2023-11-14,泰国,自然搜索,Android,35-44,女
U06298,2023-12-25,印尼,付费广告,iOS,25-34,女
U06299,2024-08-18,越南,社交媒体,Android,25-34,女
U06300,2024-12-22,菲律宾,自然搜索,iOS,35-44,女
U06301,2024-03-10,越南,社交媒体,Android,18-24,男
U06302,2023-01-15,印尼,自然搜索,Android,18-24,男
U06303,2024-10-02,菲律宾,自然搜索,Android,25-34,女
U06304,2024-08-02,越南,付费广告,iOS,35-44,女
U06305,2023-04-23,越南,社交媒体,iOS,25-34,女
U06306,2024-12-14,越南,自然搜索,Android,25-34,女
U06307,2024-07-14,越南,自然搜索,iOS,45+,女
U06308,2024-01-01,印尼,自然搜索,Android,25-34,女
U06309,2023-10-14,菲律宾,自然搜索,Android,18-24,女
U06310,2024-05-26,越南,自然搜索,iOS,25-34,男
U06311,2024-04-15,印尼,付费广告,Android,35-44,男
U06312,2023-11-23,印尼,社交媒体,iOS,18-24,女
U06313,2023-12-01,越南,付费广告,Android,25-34,男
U06314,2023-03-11,越南,KOL推荐,Android,18-24,男
U06315,2024-09-11,马来西亚,社交媒体,iOS,25-34,男
U06316,2023-05-15,印尼,自然搜索,Android,18-24,男
U06317,2024-08-24,印尼,自然搜索,iOS,25-34,女
U06318,2024-04-03,印尼,内容营销,Android,25-34,男
U06319,2023-08-16,泰国,自然搜索,iOS,45+,女
U06320,2024-04-22,印尼,自然搜索,Android,35-44,男
U06321,2023-04-26,印尼,自然搜索,Android,45+,女
U06322,2024-03-19,印尼,社交媒体,iOS,35-44,女
U06323,2024-03-13,越南,社交媒体,Android,18-24,女
U06324,2023-10-02,泰国,内容营销,Android,18-24,女
U06325,2023-06-17,泰国,内容营销,Android,45+,男
U06326,2023-08-16,马来西亚,付费广告,Android,25-34,女
U06327,2024-09-13,越南,付费广告,Android,45+,男
U06328,2024-11-28,越南,付费广告,iOS,18-24,男
U06329,2023-12-16,泰国,自然搜索,Android,18-24,女
U06330,2023-07-27,泰国,自然搜索,Android,25-34,女
U06331,2023-10-06,印尼,自然搜索,iOS,25-34,女
U06332,2023-05-18,印尼,自然搜索,iOS,18-24,女
U06333,2024-04-03,印尼,自然搜索,Android,25-34,女
U06334,2023-03-05,泰国,付费广告,Android,25-34,女
U06335,2023-02-27,印尼,内容营销,Android,25-34,男
U06336,2023-01-04,泰国,社交媒体,Android,18-24,女
U06337,2023-10-13,泰国,内容营销,iOS,35-44,女
U06338,2023-03-11,越南,付费广告,Android,25-34,男
U06339,2023-03-28,越南,付费广告,Android,25-34,女
U06340,2023-10-27,泰国,付费广告,iOS,25-34,男
U06341,2024-10-28,印尼,自然搜索,iOS,35-44,女
U06342,2023-09-26,印尼,自然搜索,Android,25-34,女
U06343,2023-10-27,菲律宾,内容营销,Android,45+,男
U06344,2024-01-18,越南,内容营销,iOS,25-34,男
U06345,2024-09-18,泰国,自然搜索,iOS,18-24,女
U06346,2024-10-17,越南,自然搜索,iOS,25-34,女
U06347,2024-05-25,马来西亚,付费广告,iOS,25-34,男
U06348,2023-05-09,印尼,自然搜索,iOS,25-34,女
U06349,2023-12-12,印尼,付费广告,Android,35-44,男
U06350,2024-12-25,泰国,自然搜索,iOS,18-24,男
U06351,2024-12-19,印尼,付费广告,Android,35-44,女
U06352,2023-07-20,泰国,付费广告,Android,35-44,女
U06353,2024-12-23,印尼,付费广告,Android,35-44,男
U06354,2023-12-09,马来西亚,自然搜索,Android,25-34,女
U06355,2023-08-19,马来西亚,付费广告,iOS,45+,男
U06356,2024-09-03,印尼,内容营销,iOS,25-34,女
U06357,2023-11-12,越南,付费广告,iOS,18-24,男
U06358,2024-05-07,马来西亚,内容营销,Android,35-44,男
U06359,2023-03-07,印尼,KOL推荐,iOS,18-24,男
U06360,2023-07-27,泰国,内容营销,Android,35-44,男
U06361,2024-02-02,越南,KOL推荐,Android,18-24,男
U06362,2024-04-21,泰国,社交媒体,Android,18-24,男
U06363,2023-10-14,越南,内容营销,Android,18-24,女
U06364,2023-07-02,越南,自然搜索,Android,25-34,男
U06365,2023-10-02,印尼,付费广告,Android,18-24,男
U06366,2024-01-22,越南,内容营销,Android,18-24,女
U06367,2023-02-10,泰国,KOL推荐,iOS,35-44,男
U06368,2024-02-17,印尼,内容营销,Android,35-44,女
U06369,2024-07-12,菲律宾,KOL推荐,Android,35-44,男
U06370,2024-05-06,印尼,内容营销,iOS,35-44,男
U06371,2023-04-02,越南,社交媒体,Android,25-34,女
U06372,2024-03-28,马来西亚,KOL推荐,Android,35-44,男
U06373,2024-11-23,马来西亚,付费广告,Android,25-34,女
U06374,2024-12-16,泰国,内容营销,Android,25-34,男
U06375,2023-12-28,泰国,KOL推荐,Android,35-44,女
U06376,2023-07-13,印尼,KOL推荐,iOS,18-24,女
U06377,2023-01-19,菲律宾,社交媒体,iOS,35-44,男
U06378,2024-01-01,马来西亚,付费广告,Android,25-34,女
U06379,2023-02-01,菲律宾,自然搜索,Android,18-24,女
U06380,2023-12-25,印尼,内容营销,Android,18-24,女
U06381,2024-11-25,印尼,社交媒体,iOS,18-24,女
U06382,2024-12-10,泰国,付费广告,iOS,35-44,男
U06383,2023-02-01,泰国,自然搜索,Android,45+,女
U06384,2023-05-23,越南,KOL推荐,iOS,25-34,男
U06385,2023-02-04,印尼,KOL推荐,iOS,18-24,男
U06386,2024-11-14,印尼,KOL推荐,Android,18-24,男
U06387,2023-09-06,印尼,社交媒体,iOS,35-44,女
U06388,2024-11-24,越南,付费广告,Android,18-24,男
U06389,2023-12-12,印尼,付费广告,iOS,45+,男
U06390,2024-12-09,泰国,自然搜索,iOS,35-44,男
U06391,2024-03-10,越南,KOL推荐,Android,35-44,男
U06392,2023-02-23,菲律宾,自然搜索,Android,25-34,男
U06393,2024-06-07,印尼,社交媒体,iOS,35-44,男
U06394,2023-09-20,马来西亚,付费广告,Android,25-34,男
U06395,2024-09-21,越南,付费广告,iOS,35-44,男
U06396,2024-06-03,印尼,内容营销,Android,35-44,女
U06397,2024-01-10,越南,自然搜索,iOS,25-34,女
U06398,2024-05-03,越南,KOL推荐,Android,25-34,男
U06399,2024-09-09,菲律宾,自然搜索,Android,45+,女
U06400,2024-05-16,印尼,自然搜索,iOS,45+,男
U06401,2023-06-28,菲律宾,付费广告,iOS,35-44,女
U06402,2024-06-28,泰国,自然搜索,Android,18-24,男
U06403,2023-06-26,菲律宾,KOL推荐,iOS,18-24,女
U06404,2023-06-17,泰国,付费广告,iOS,35-44,女
U06405,2024-09-10,菲律宾,自然搜索,iOS,18-24,女
U06406,2023-02-01,越南,自然搜索,Android,18-24,女
U06407,2023-11-25,越南,社交媒体,Android,18-24,女
U06408,2023-06-01,印尼,KOL推荐,iOS,25-34,男
U06409,2024-04-26,马来西亚,付费广告,Android,25-34,女
U06410,2023-09-12,泰国,社交媒体,Android,18-24,男
U06411,2023-09-13,越南,KOL推荐,iOS,18-24,男
U06412,2023-07-25,菲律宾,社交媒体,Android,35-44,女
U06413,2023-01-03,越南,自然搜索,Android,45+,女
U06414,2024-12-03,泰国,社交媒体,Android,18-24,男
U06415,2024-12-19,越南,社交媒体,iOS,18-24,女
U06416,2023-04-28,越南,社交媒体,Android,25-34,女
U06417,2023-12-04,马来西亚,社交媒体,Android,35-44,男
U06418,2024-09-10,菲律宾,内容营销,Android,35-44,男
U06419,2023-04-23,印尼,自然搜索,Android,35-44,女
U06420,2023-11-04,马来西亚,内容营销,iOS,35-44,女
U06421,2023-11-17,越南,付费广告,Android,18-24,男
U06422,2024-09-28,泰国,社交媒体,Android,18-24,男
U06423,2024-12-22,越南,自然搜索,iOS,25-34,男
U06424,2024-08-20,越南,付费广告,iOS,35-44,男
U06425,2024-01-17,泰国,KOL推荐,iOS,25-34,男
U06426,2024-01-17,马来西亚,社交媒体,Android,45+,女
U06427,2024-07-20,菲律宾,自然搜索,Android,35-44,女
U06428,2024-03-04,越南,付费广告,Android,35-44,女
U06429,2024-06-11,印尼,自然搜索,iOS,18-24,男
U06430,2023-09-16,印尼,内容营销,Android,18-24,男
U06431,2024-12-03,马来西亚,内容营销,Android,35-44,女
U06432,2024-06-17,菲律宾,自然搜索,iOS,18-24,女
U06433,2023-10-25,印尼,内容营销,iOS,18-24,男
U06434,2023-05-24,菲律宾,内容营销,iOS,45+,女
U06435,2024-03-20,印尼,付费广告,Android,35-44,女
U06436,2024-06-05,印尼,社交媒体,Android,18-24,女
U06437,2024-12-15,泰国,付费广告,Android,35-44,女
U06438,2023-06-08,泰国,社交媒体,iOS,18-24,女
U06439,2023-03-05,印尼,付费广告,Android,18-24,男
U06440,2024-06-28,越南,付费广告,Android,25-34,女
U06441,2024-03-27,泰国,付费广告,Android,35-44,男
U06442,2023-12-19,印尼,自然搜索,iOS,18-24,男
U06443,2023-07-01,泰国,KOL推荐,Android,25-34,男
U06444,2024-12-21,印尼,付费广告,Android,18-24,男
U06445,2023-02-19,印尼,付费广告,iOS,45+,女
U06446,2024-01-20,马来西亚,内容营销,iOS,35-44,男
U06447,2024-06-10,印尼,付费广告,Android,25-34,女
U06448,2024-01-05,泰国,付费广告,Android,18-24,男
U06449,2024-11-13,印尼,内容营销,Android,25-34,男
U06450,2023-09-01,菲律宾,内容营销,iOS,25-34,女
U06451,2024-10-06,马来西亚,自然搜索,iOS,35-44,男
U06452,2023-01-18,越南,付费广告,iOS,18-24,女
U06453,2024-04-08,越南,内容营销,Android,45+,男
U06454,2023-06-13,马来西亚,付费广告,Android,25-34,女
U06455,2024-05-26,泰国,付费广告,Android,18-24,男
U06456,2024-01-10,印尼,自然搜索,iOS,25-34,女
U06457,2023-06-26,越南,自然搜索,Android,25-34,男
U06458,2024-11-18,泰国,社交媒体,Android,45+,女
U06459,2024-08-23,越南,KOL推荐,Android,35-44,女
U06460,2024-01-27,越南,内容营销,Android,25-34,男
U06461,2024-03-06,印尼,KOL推荐,Android,18-24,男
U06462,2023-11-08,马来西亚,自然搜索,Android,18-24,女
U06463,2024-02-13,越南,自然搜索,iOS,25-34,女
U06464,2024-10-02,菲律宾,内容营销,Android,35-44,男
U06465,2023-01-05,泰国,付费广告,iOS,35-44,女
U06466,2023-11-10,印尼,付费广告,Android,18-24,女
U06467,2023-12-10,泰国,内容营销,Android,18-24,女
U06468,2023-09-02,马来西亚,社交媒体,iOS,25-34,女
U06469,2024-11-25,菲律宾,自然搜索,Android,45+,女
U06470,2023-04-04,印尼,内容营销,Android,25-34,女
U06471,2024-09-06,菲律宾,内容营销,Android,25-34,女
U06472,2023-12-07,印尼,自然搜索,Android,25-34,男
U06473,2024-10-19,马来西亚,内容营销,Android,18-24,女
U06474,2023-02-22,印尼,付费广告,Android,25-34,女
U06475,2024-07-04,马来西亚,付费广告,iOS,35-44,女
U06476,2023-03-23,印尼,内容营销,iOS,45+,男
U06477,2023-04-28,泰国,内容营销,iOS,25-34,男
U06478,2024-02-06,印尼,付费广告,Android,18-24,女
U06479,2023-06-09,泰国,自然搜索,iOS,35-44,女
U06480,2023-05-07,印尼,自然搜索,Android,35-44,男
U06481,2024-01-01,印尼,社交媒体,iOS,18-24,男
U06482,2024-12-02,印尼,自然搜索,Android,35-44,女
U06483,2024-08-10,泰国,付费广告,iOS,35-44,女
U06484,2024-11-28,泰国,自然搜索,Android,25-34,女
U06485,2023-06-04,印尼,付费广告,Android,25-34,女
U06486,2023-08-14,马来西亚,自然搜索,Android,35-44,男
U06487,2024-04-15,越南,KOL推荐,Android,35-44,女
U06488,2024-01-12,越南,自然搜索,Android,18-24,女
U06489,2023-07-15,印尼,付费广告,Android,18-24,女
U06490,2023-06-21,印尼,内容营销,Android,18-24,男
U06491,2024-09-14,越南,社交媒体,iOS,35-44,男
U06492,2024-03-23,越南,自然搜索,Android,25-34,女
U06493,2023-11-22,泰国,自然搜索,Android,25-34,女
U06494,2023-04-23,马来西亚,社交媒体,iOS,35-44,女
U06495,2023-05-23,泰国,付费广告,Android,25-34,女
U06496,2024-11-27,越南,KOL推荐,Android,35-44,男
U06497,2023-02-28,泰国,付费广告,Android,25-34,女
U06498,2024-08-15,泰国,付费广告,Android,25-34,女
U06499,2023-10-04,菲律宾,付费广告,iOS,25-34,女
U06500,2024-11-08,泰国,社交媒体,iOS,45+,女
U06501,2023-11-17,泰国,内容营销,iOS,35-44,男
U06502,2023-07-11,印尼,自然搜索,iOS,18-24,女
U06503,2024-10-10,泰国,付费广告,Android,45+,女
U06504,2023-01-08,泰国,自然搜索,iOS,35-44,女
U06505,2023-05-13,菲律宾,付费广告,Android,18-24,女
U06506,2023-07-24,菲律宾,内容营销,Android,18-24,女
U06507,2024-11-11,马来西亚,付费广告,Android,25-34,女
U06508,2023-12-14,菲律宾,内容营销,iOS,25-34,男
U06509,2023-12-26,印尼,社交媒体,iOS,25-34,男
U06510,2023-01-06,泰国,内容营销,iOS,18-24,女
U06511,2023-11-11,菲律宾,KOL推荐,iOS,25-34,男
U06512,2023-12-01,菲律宾,自然搜索,Android,18-24,男
U06513,2024-08-20,菲律宾,自然搜索,Android,18-24,女
U06514,2024-12-06,印尼,付费广告,Android,25-34,女
U06515,2024-11-13,泰国,自然搜索,Android,25-34,男
U06516,2023-12-10,菲律宾,付费广告,iOS,25-34,男
U06517,2024-11-07,印尼,付费广告,Android,45+,男
U06518,2023-10-18,马来西亚,内容营销,iOS,18-24,女
U06519,2023-06-24,泰国,付费广告,Android,18-24,男
U06520,2023-08-20,泰国,KOL推荐,Android,18-24,女
U06521,2024-11-09,泰国,内容营销,iOS,25-34,女
U06522,2024-04-24,菲律宾,内容营销,iOS,35-44,男
U06523,2023-02-11,泰国,自然搜索,iOS,25-34,男
U06524,2024-12-19,泰国,付费广告,Android,25-34,女
U06525,2023-04-03,马来西亚,付费广告,iOS,25-34,男
U06526,2024-03-08,泰国,付费广告,Android,25-34,女
U06527,2023-04-11,菲律宾,付费广告,Android,25-34,女
U06528,2024-05-09,越南,KOL推荐,Android,25-34,男
U06529,2023-01-08,菲律宾,付费广告,Android,18-24,男
U06530,2023-02-23,印尼,付费广告,iOS,35-44,女
U06531,2024-01-01,马来西亚,内容营销,Android,25-34,男
U06532,2024-10-10,马来西亚,自然搜索,Android,18-24,男
U06533,2023-12-27,泰国,付费广告,Android,25-34,男
U06534,2023-11-10,泰国,KOL推荐,Android,45+,女
U06535,2024-02-14,越南,自然搜索,Android,18-24,女
U06536,2023-08-11,印尼,社交媒体,iOS,18-24,男
U06537,2024-10-09,菲律宾,自然搜索,Android,25-34,女
U06538,2024-03-27,越南,内容营销,Android,25-34,男
U06539,2023-01-25,印尼,付费广告,iOS,18-24,女
U06540,2024-07-18,泰国,付费广告,Android,45+,男
U06541,2023-12-08,菲律宾,社交媒体,iOS,25-34,男
U06542,2023-05-13,马来西亚,自然搜索,Android,35-44,女
U06543,2024-05-01,越南,付费广告,Android,25-34,男
U06544,2023-02-07,印尼,付费广告,Android,35-44,男
U06545,2023-02-25,泰国,付费广告,Android,25-34,女
U06546,2024-10-04,印尼,付费广告,Android,18-24,女
U06547,2024-01-14,印尼,社交媒体,iOS,45+,女
U06548,2024-08-03,泰国,社交媒体,Android,18-24,女
U06549,2023-09-18,越南,社交媒体,iOS,45+,女
U06550,2024-04-19,越南,付费广告,iOS,25-34,男
U06551,2024-08-09,印尼,自然搜索,iOS,45+,男
U06552,2024-07-06,印尼,KOL推荐,Android,25-34,男
U06553,2023-12-15,泰国,内容营销,Android,35-44,男
U06554,2024-09-06,菲律宾,付费广告,Android,18-24,女
U06555,2023-05-14,印尼,付费广告,Android,25-34,男
U06556,2024-07-18,越南,付费广告,iOS,35-44,男
U06557,2024-01-09,泰国,付费广告,Android,35-44,男
U06558,2024-08-26,菲律宾,社交媒体,iOS,18-24,男
U06559,2024-10-25,马来西亚,自然搜索,Android,25-34,女
U06560,2024-09-07,泰国,社交媒体,Android,25-34,男
U06561,2024-09-12,越南,自然搜索,Android,18-24,男
U06562,2023-09-02,泰国,付费广告,Android,25-34,女
U06563,2023-03-05,印尼,KOL推荐,Android,35-44,女
U06564,2024-06-28,泰国,付费广告,Android,25-34,女
U06565,2024-02-22,越南,自然搜索,Android,25-34,女
U06566,2024-07-21,印尼,内容营销,iOS,45+,女
U06567,2023-05-10,印尼,内容营销,iOS,18-24,男
U06568,2024-04-24,越南,KOL推荐,iOS,25-34,男
U06569,2024-08-26,越南,付费广告,iOS,35-44,女
U06570,2023-01-21,印尼,自然搜索,iOS,35-44,男
U06571,2023-04-05,泰国,内容营销,Android,35-44,男
U06572,2023-11-14,泰国,付费广告,Android,35-44,男
U06573,2024-12-27,菲律宾,内容营销,Android,18-24,男
U06574,2023-11-27,泰国,付费广告,iOS,25-34,女
U06575,2024-12-08,印尼,付费广告,iOS,35-44,男
U06576,2023-01-28,马来西亚,内容营销,iOS,18-24,男
U06577,2023-07-13,越南,付费广告,Android,18-24,女
U06578,2024-08-06,越南,自然搜索,Android,35-44,女
U06579,2023-04-12,印尼,自然搜索,Android,35-44,女
U06580,2023-05-05,菲律宾,付费广告,Android,25-34,男
U06581,2024-05-06,马来西亚,自然搜索,Android,45+,女
U06582,2023-10-16,印尼,付费广告,iOS,35-44,女
U06583,2024-12-21,泰国,付费广告,Android,45+,男
U06584,2024-02-10,印尼,KOL推荐,Android,45+,男
U06585,2024-10-21,越南,付费广告,Android,25-34,女
U06586,2024-05-05,印尼,内容营销,iOS,35-44,男
U06587,2023-02-04,泰国,自然搜索,iOS,35-44,男
U06588,2024-06-08,泰国,社交媒体,iOS,35-44,男
U06589,2024-02-13,菲律宾,自然搜索,Android,35-44,男
U06590,2023-07-09,越南,社交媒体,Android,18-24,男
U06591,2023-04-05,越南,内容营销,Android,18-24,男
U06592,2024-03-09,越南,KOL推荐,Android,18-24,男
U06593,2024-06-28,菲律宾,社交媒体,iOS,35-44,男
U06594,2024-02-15,印尼,付费广告,Android,35-44,男
U06595,2023-01-19,越南,KOL推荐,iOS,25-34,女
U06596,2023-01-06,泰国,内容营销,Android,25-34,女
U06597,2023-08-04,越南,内容营销,Android,35-44,男
U06598,2024-04-11,马来西亚,付费广告,Android,25-34,女
U06599,2023-04-11,印尼,内容营销,Android,18-24,女
U06600,2023-10-17,印尼,自然搜索,Android,25-34,女
U06601,2023-09-10,印尼,付费广告,Android,45+,男
U06602,2023-08-14,越南,自然搜索,iOS,35-44,女
U06603,2024-01-03,菲律宾,付费广告,Android,25-34,女
U06604,2024-02-14,印尼,KOL推荐,Android,18-24,男
U06605,2023-03-16,泰国,内容营销,Android,25-34,女
U06606,2023-10-04,泰国,KOL推荐,Android,35-44,女
U06607,2024-08-18,印尼,社交媒体,Android,35-44,男
U06608,2023-04-02,马来西亚,付费广告,Android,25-34,女
U06609,2023-11-15,越南,社交媒体,iOS,18-24,男
U06610,2023-11-23,菲律宾,付费广告,Android,45+,男
U06611,2024-09-23,菲律宾,KOL推荐,Android,18-24,男
U06612,2023-06-18,泰国,社交媒体,Android,18-24,女
U06613,2024-06-01,泰国,社交媒体,iOS,35-44,女
U06614,2024-01-01,泰国,付费广告,Android,45+,女
U06615,2024-01-21,印尼,内容营销,iOS,35-44,女
U06616,2023-05-23,泰国,付费广告,Android,25-34,男
U06617,2024-05-16,越南,付费广告,iOS,25-34,男
U06618,2024-09-18,印尼,KOL推荐,Android,18-24,女
U06619,2023-10-17,印尼,付费广告,iOS,18-24,女
U06620,2023-07-15,泰国,内容营销,iOS,25-34,女
U06621,2024-07-27,越南,付费广告,Android,18-24,男
U06622,2023-09-21,印尼,付费广告,iOS,35-44,女
U06623,2024-09-05,印尼,内容营销,iOS,18-24,男
U06624,2023-10-13,菲律宾,付费广告,iOS,25-34,男
U06625,2023-01-21,泰国,付费广告,Android,25-34,女
U06626,2023-06-25,菲律宾,付费广告,Android,25-34,女
U06627,2023-03-17,印尼,付费广告,iOS,25-34,男
U06628,2023-12-27,印尼,社交媒体,Android,35-44,女
U06629,2023-11-08,印尼,自然搜索,iOS,25-34,男
U06630,2023-12-11,越南,内容营销,Android,35-44,男
U06631,2024-10-05,泰国,KOL推荐,Android,25-34,女
U06632,2023-08-12,印尼,自然搜索,Android,18-24,男
U06633,2024-10-06,印尼,社交媒体,Android,25-34,女
U06634,2023-09-25,印尼,社交媒体,iOS,25-34,女
U06635,2024-05-28,越南,自然搜索,iOS,35-44,男
U06636,2023-02-01,马来西亚,付费广告,Android,35-44,女
U06637,2024-06-03,印尼,付费广告,iOS,18-24,男
U06638,2024-02-13,泰国,社交媒体,iOS,18-24,男
U06639,2023-02-22,越南,社交媒体,iOS,18-24,女
U06640,2023-04-15,菲律宾,付费广告,Android,45+,男
U06641,2023-05-10,菲律宾,KOL推荐,Android,18-24,男
U06642,2023-09-18,印尼,KOL推荐,iOS,35-44,女
U06643,2023-03-14,菲律宾,社交媒体,iOS,25-34,女
U06644,2023-10-17,越南,KOL推荐,Android,25-34,女
U06645,2024-03-18,越南,付费广告,iOS,18-24,女
U06646,2024-05-25,菲律宾,内容营销,Android,18-24,女
U06647,2023-03-16,菲律宾,社交媒体,iOS,25-34,女
U06648,2024-07-13,印尼,KOL推荐,Android,18-24,男
U06649,2024-11-17,菲律宾,付费广告,iOS,18-24,女
U06650,2024-11-16,泰国,自然搜索,iOS,18-24,男
U06651,2023-09-24,菲律宾,付费广告,Android,25-34,女
U06652,2024-09-12,越南,付费广告,Android,25-34,男
U06653,2023-03-27,泰国,社交媒体,Android,18-24,女
U06654,2023-09-16,泰国,付费广告,Android,25-34,女
U06655,2023-05-25,越南,KOL推荐,iOS,18-24,女
U06656,2024-07-22,越南,社交媒体,iOS,25-34,女
U06657,2024-01-02,越南,社交媒体,iOS,18-24,男
U06658,2024-07-18,泰国,自然搜索,iOS,35-44,女
U06659,2023-12-18,越南,内容营销,Android,18-24,男
U06660,2023-05-26,印尼,KOL推荐,Android,45+,女
U06661,2024-08-27,越南,KOL推荐,Android,18-24,女
U06662,2024-08-08,越南,付费广告,Android,45+,女
U06663,2024-10-16,印尼,付费广告,Android,35-44,男
U06664,2023-02-13,菲律宾,自然搜索,Android,35-44,男
U06665,2023-01-05,菲律宾,付费广告,iOS,45+,女
U06666,2024-11-21,越南,自然搜索,Android,18-24,男
U06667,2023-12-04,印尼,社交媒体,Android,18-24,女
U06668,2023-05-11,泰国,社交媒体,iOS,18-24,女
U06669,2023-10-08,泰国,付费广告,iOS,18-24,男
U06670,2024-09-09,越南,付费广告,Android,25-34,女
U06671,2023-07-27,菲律宾,内容营销,Android,25-34,女
U06672,2024-02-11,泰国,自然搜索,iOS,18-24,女
U06673,2024-06-25,泰国,KOL推荐,Android,25-34,女
U06674,2024-06-22,泰国,自然搜索,iOS,18-24,男
U06675,2023-08-02,菲律宾,自然搜索,Android,25-34,男
U06676,2024-10-21,印尼,自然搜索,iOS,45+,女
U06677,2023-07-26,越南,KOL推荐,iOS,25-34,男
U06678,2023-05-14,印尼,付费广告,Android,25-34,女
U06679,2024-02-03,印尼,内容营销,Android,25-34,女
U06680,2023-06-23,印尼,付费广告,Android,35-44,女
U06681,2024-05-24,泰国,自然搜索,iOS,18-24,女
U06682,2023-08-20,菲律宾,社交媒体,Android,45+,女
U06683,2024-12-03,越南,自然搜索,iOS,25-34,男
U06684,2024-03-05,印尼,KOL推荐,iOS,25-34,女
U06685,2024-07-02,泰国,自然搜索,Android,45+,男
U06686,2024-09-08,越南,付费广告,Android,45+,男
U06687,2023-09-05,越南,KOL推荐,iOS,25-34,女
U06688,2023-03-12,印尼,内容营销,iOS,18-24,女
U06689,2023-03-24,泰国,付费广告,Android,35-44,男
U06690,2024-07-16,菲律宾,KOL推荐,Android,25-34,男
U06691,2024-04-01,泰国,自然搜索,Android,25-34,女
U06692,2024-05-21,印尼,KOL推荐,Android,18-24,女
U06693,2024-08-03,菲律宾,社交媒体,Android,25-34,男
U06694,2024-05-23,印尼,自然搜索,Android,35-44,男
U06695,2024-05-16,印尼,付费广告,Android,18-24,女
U06696,2023-06-26,印尼,自然搜索,iOS,45+,男
U06697,2024-06-14,越南,付费广告,Android,18-24,女
U06698,2024-08-08,菲律宾,自然搜索,iOS,18-24,女
U06699,2024-07-09,越南,社交媒体,Android,25-34,男
U06700,2024-09-22,印尼,内容营销,iOS,35-44,女
U06701,2024-06-01,印尼,自然搜索,Android,45+,女
U06702,2024-09-17,越南,付费广告,Android,35-44,男
U06703,2023-04-16,越南,社交媒体,Android,18-24,男
U06704,2024-12-12,越南,内容营销,Android,45+,女
U06705,2024-01-02,菲律宾,付费广告,iOS,45+,男
U06706,2024-10-12,马来西亚,付费广告,Android,18-24,女
U06707,2023-10-15,印尼,付费广告,iOS,25-34,女
U06708,2023-05-01,印尼,付费广告,iOS,25-34,女
U06709,2023-08-21,马来西亚,自然搜索,iOS,25-34,男
U06710,2024-06-06,泰国,付费广告,iOS,45+,男
U06711,2024-11-01,泰国,自然搜索,Android,18-24,男
U06712,2024-02-10,印尼,社交媒体,Android,25-34,女
U06713,2023-04-18,菲律宾,付费广告,Android,18-24,男
U06714,2024-11-19,菲律宾,付费广告,iOS,25-34,男
U06715,2023-08-12,越南,自然搜索,iOS,35-44,女
U06716,2023-10-13,泰国,内容营销,iOS,18-24,女
U06717,2023-07-24,越南,内容营销,iOS,25-34,男
U06718,2024-05-26,泰国,自然搜索,iOS,45+,男
U06719,2023-12-06,越南,付费广告,iOS,35-44,女
U06720,2024-11-07,菲律宾,社交媒体,Android,25-34,女
U06721,2024-01-14,泰国,自然搜索,Android,18-24,女
U06722,2024-11-28,菲律宾,付费广告,Android,25-34,男
U06723,2024-11-13,越南,付费广告,iOS,35-44,男
U06724,2023-06-19,印尼,内容营销,Android,35-44,女
U06725,2024-01-22,泰国,内容营销,Android,18-24,女
U06726,2023-09-11,越南,社交媒体,iOS,35-44,男
U06727,2023-10-03,泰国,付费广告,iOS,18-24,男
U06728,2024-07-27,马来西亚,内容营销,iOS,18-24,女
U06729,2023-07-23,菲律宾,内容营销,iOS,25-34,女
U06730,2023-05-24,越南,内容营销,Android,18-24,男
U06731,2024-12-27,泰国,自然搜索,iOS,18-24,女
U06732,2024-03-02,马来西亚,自然搜索,Android,35-44,女
U06733,2023-11-06,越南,社交媒体,iOS,25-34,女
U06734,2023-05-20,泰国,付费广告,Android,35-44,男
U06735,2023-07-04,印尼,自然搜索,iOS,35-44,女
U06736,2023-05-24,马来西亚,自然搜索,Android,35-44,男
U06737,2023-05-27,泰国,内容营销,iOS,25-34,男
U06738,2023-10-18,泰国,内容营销,iOS,18-24,女
U06739,2023-02-15,马来西亚,付费广告,Android,25-34,女
U06740,2023-09-02,泰国,内容营销,Android,18-24,女
U06741,2023-03-22,泰国,社交媒体,iOS,35-44,男
U06742,2024-08-24,印尼,KOL推荐,Android,25-34,男
U06743,2024-12-02,菲律宾,付费广告,Android,18-24,女
U06744,2023-02-19,印尼,自然搜索,Android,25-34,男
U06745,2024-02-27,马来西亚,付费广告,iOS,45+,男
U06746,2024-06-21,印尼,付费广告,Android,18-24,女
U06747,2023-01-07,泰国,社交媒体,iOS,18-24,女
U06748,2023-08-12,马来西亚,自然搜索,iOS,35-44,女
U06749,2023-04-23,越南,内容营销,iOS,18-24,男
U06750,2023-07-18,越南,自然搜索,Android,18-24,女
U06751,2024-06-26,印尼,自然搜索,Android,25-34,女
U06752,2023-10-10,越南,付费广告,Android,25-34,女
U06753,2023-06-24,泰国,付费广告,Android,25-34,男
U06754,2023-12-10,泰国,付费广告,Android,25-34,女
U06755,2024-01-26,越南,KOL推荐,Android,45+,女
U06756,2023-12-19,菲律宾,付费广告,Android,35-44,女
U06757,2023-01-01,印尼,社交媒体,Android,45+,女
U06758,2023-11-18,马来西亚,社交媒体,iOS,25-34,男
U06759,2024-10-02,越南,自然搜索,Android,18-24,女
U06760,2023-06-16,越南,社交媒体,Android,45+,女
U06761,2023-01-09,泰国,内容营销,Android,18-24,男
U06762,2024-03-16,泰国,自然搜索,Android,35-44,男
U06763,2024-02-07,越南,付费广告,Android,18-24,男
U06764,2023-01-16,菲律宾,内容营销,Android,35-44,女
U06765,2023-09-25,马来西亚,付费广告,Android,45+,女
U06766,2023-11-10,马来西亚,付费广告,iOS,25-34,女
U06767,2023-11-06,泰国,内容营销,iOS,18-24,女
U06768,2023-02-18,菲律宾,自然搜索,Android,18-24,女
U06769,2023-12-14,越南,自然搜索,iOS,25-34,女
U06770,2023-08-25,泰国,内容营销,Android,18-24,男
U06771,2023-04-18,菲律宾,内容营销,iOS,35-44,女
U06772,2024-09-13,印尼,付费广告,Android,25-34,女
U06773,2024-11-14,泰国,付费广告,iOS,25-34,男
U06774,2024-08-28,越南,KOL推荐,Android,25-34,男
U06775,2024-03-20,越南,社交媒体,Android,25-34,男
U06776,2024-12-19,印尼,付费广告,Android,18-24,女
U06777,2024-02-12,越南,自然搜索,iOS,35-44,女
U06778,2024-10-15,马来西亚,付费广告,Android,35-44,女
U06779,2023-06-19,泰国,内容营销,Android,18-24,男
U06780,2023-02-06,越南,内容营销,iOS,18-24,男
U06781,2024-11-23,印尼,内容营销,iOS,35-44,女
U06782,2023-11-01,印尼,内容营销,iOS,18-24,男
U06783,2024-10-09,越南,社交媒体,iOS,18-24,女
U06784,2024-01-09,印尼,付费广告,iOS,25-34,男
U06785,2024-03-28,菲律宾,KOL推荐,iOS,18-24,男
U06786,2024-06-04,马来西亚,社交媒体,Android,18-24,女
U06787,2024-10-04,菲律宾,付费广告,Android,45+,女
U06788,2023-12-09,菲律宾,自然搜索,Android,18-24,男
U06789,2024-06-26,印尼,内容营销,Android,45+,男
U06790,2023-06-17,菲律宾,付费广告,Android,18-24,男
U06791,2024-05-13,越南,付费广告,Android,35-44,男
U06792,2023-12-14,越南,社交媒体,iOS,25-34,女
U06793,2023-08-15,越南,社交媒体,iOS,18-24,女
U06794,2023-09-01,越南,自然搜索,Android,35-44,女
U06795,2024-05-10,越南,KOL推荐,Android,35-44,女
U06796,2024-11-26,马来西亚,付费广告,Android,18-24,男
U06797,2023-05-11,越南,自然搜索,iOS,35-44,女
U06798,2023-03-25,泰国,付费广告,Android,25-34,女
U06799,2023-02-22,印尼,社交媒体,iOS,35-44,女
U06800,2023-04-21,泰国,内容营销,iOS,35-44,女
U06801,2023-02-01,泰国,KOL推荐,Android,18-24,女
U06802,2023-09-03,泰国,内容营销,Android,18-24,女
U06803,2023-06-14,越南,自然搜索,Android,25-34,女
U06804,2023-01-12,越南,自然搜索,Android,45+,女
U06805,2024-09-16,菲律宾,社交媒体,Android,25-34,女
U06806,2024-08-19,印尼,付费广告,Android,25-34,男
U06807,2024-06-14,越南,KOL推荐,iOS,18-24,女
U06808,2023-03-14,越南,社交媒体,iOS,35-44,男
U06809,2024-05-13,越南,内容营销,Android,25-34,女
U06810,2023-01-08,菲律宾,付费广告,iOS,35-44,女
U06811,2024-09-02,泰国,付费广告,iOS,45+,女
U06812,2024-07-15,泰国,付费广告,iOS,18-24,女
U06813,2024-02-14,菲律宾,自然搜索,Android,18-24,女
U06814,2024-06-15,印尼,社交媒体,Android,45+,男
U06815,2023-10-18,泰国,付费广告,Android,18-24,女
U06816,2024-08-28,泰国,付费广告,Android,35-44,女
U06817,2023-04-07,马来西亚,付费广告,iOS,35-44,女
U06818,2023-02-09,菲律宾,自然搜索,Android,35-44,男
U06819,2024-11-04,印尼,付费广告,Android,18-24,女
U06820,2023-12-23,印尼,付费广告,iOS,18-24,女
U06821,2023-10-11,印尼,自然搜索,Android,35-44,男
U06822,2023-01-13,马来西亚,付费广告,Android,18-24,女
U06823,2023-07-06,马来西亚,付费广告,Android,35-44,男
U06824,2023-09-24,泰国,付费广告,iOS,25-34,女
U06825,2024-06-27,菲律宾,自然搜索,Android,25-34,女
U06826,2023-03-13,泰国,付费广告,Android,25-34,女
U06827,2023-03-13,泰国,社交媒体,Android,45+,女
U06828,2023-06-18,印尼,社交媒体,iOS,25-34,男
U06829,2023-02-20,越南,KOL推荐,Android,25-34,女
U06830,2024-05-01,马来西亚,付费广告,Android,45+,男
U06831,2024-05-05,泰国,付费广告,iOS,35-44,女
U06832,2023-09-04,印尼,KOL推荐,iOS,45+,男
U06833,2024-02-08,马来西亚,付费广告,Android,18-24,女
U06834,2024-11-13,马来西亚,社交媒体,iOS,35-44,女
U06835,2023-06-14,泰国,付费广告,Android,25-34,女
U06836,2023-09-26,越南,付费广告,iOS,35-44,女
U06837,2024-05-07,印尼,KOL推荐,iOS,35-44,男
U06838,2023-09-15,泰国,自然搜索,Android,18-24,女
U06839,2023-10-14,马来西亚,付费广告,iOS,25-34,女
U06840,2024-04-02,马来西亚,自然搜索,Android,35-44,男
U06841,2023-04-21,泰国,付费广告,Android,18-24,男
U06842,2024-03-11,泰国,自然搜索,Android,35-44,女
U06843,2024-09-11,泰国,社交媒体,Android,18-24,男
U06844,2024-11-26,马来西亚,KOL推荐,Android,45+,男
U06845,2024-12-13,泰国,KOL推荐,iOS,18-24,男
U06846,2024-04-09,越南,付费广告,Android,25-34,男
U06847,2024-09-02,越南,内容营销,iOS,18-24,男
U06848,2023-02-05,印尼,社交媒体,iOS,18-24,女
U06849,2023-05-05,泰国,付费广告,Android,25-34,男
U06850,2024-02-06,泰国,KOL推荐,Android,25-34,男
U06851,2024-04-16,马来西亚,社交媒体,iOS,18-24,男
U06852,2023-08-27,马来西亚,社交媒体,iOS,35-44,女
U06853,2023-05-13,菲律宾,自然搜索,Android,18-24,女
U06854,2023-03-09,泰国,付费广告,iOS,35-44,女
U06855,2023-04-28,越南,内容营销,Android,25-34,女
U06856,2023-08-16,印尼,付费广告,Android,25-34,女
U06857,2023-11-23,越南,社交媒体,iOS,18-24,男
U06858,2024-07-10,马来西亚,社交媒体,iOS,25-34,男
U06859,2024-10-07,印尼,KOL推荐,Android,25-34,男
U06860,2023-12-23,泰国,付费广告,Android,18-24,男
U06861,2023-08-10,马来西亚,社交媒体,iOS,18-24,男
U06862,2023-05-05,马来西亚,自然搜索,iOS,18-24,女
U06863,2024-01-02,泰国,社交媒体,iOS,18-24,男
U06864,2023-12-11,印尼,社交媒体,iOS,18-24,女
U06865,2023-02-15,越南,自然搜索,Android,18-24,女
U06866,2024-08-07,越南,社交媒体,Android,35-44,女
U06867,2023-08-03,泰国,付费广告,Android,25-34,男
U06868,2024-05-20,印尼,自然搜索,Android,25-34,女
U06869,2023-06-22,马来西亚,付费广告,iOS,18-24,女
U06870,2024-03-13,印尼,自然搜索,iOS,25-34,女
U06871,2024-11-13,泰国,付费广告,Android,25-34,女
U06872,2023-12-14,印尼,付费广告,Android,35-44,女
U06873,2023-09-10,越南,社交媒体,Android,35-44,男
U06874,2023-05-21,菲律宾,KOL推荐,Android,25-34,男
U06875,2023-05-21,越南,社交媒体,Android,18-24,男
U06876,2024-08-06,泰国,自然搜索,iOS,25-34,女
U06877,2023-12-17,泰国,内容营销,Android,18-24,男
U06878,2024-04-18,菲律宾,社交媒体,Android,45+,男
U06879,2024-10-06,越南,自然搜索,Android,35-44,女
U06880,2023-10-20,菲律宾,KOL推荐,Android,25-34,男
U06881,2024-09-09,泰国,自然搜索,Android,45+,女
U06882,2023-02-03,越南,社交媒体,Android,25-34,女
U06883,2023-10-08,越南,付费广告,Android,25-34,男
U06884,2023-09-28,马来西亚,付费广告,Android,18-24,男
U06885,2024-09-19,马来西亚,内容营销,Android,25-34,女
U06886,2023-01-28,泰国,付费广告,Android,35-44,女
U06887,2023-02-20,越南,自然搜索,iOS,35-44,女
U06888,2023-04-16,泰国,内容营销,Android,25-34,男
U06889,2024-09-25,印尼,内容营销,Android,25-34,男
U06890,2023-12-02,越南,社交媒体,Android,35-44,男
U06891,2024-03-18,马来西亚,付费广告,iOS,35-44,女
U06892,2024-04-21,马来西亚,自然搜索,Android,25-34,男
U06893,2023-12-18,越南,KOL推荐,iOS,25-34,男
U06894,2024-02-26,印尼,自然搜索,Android,35-44,女
U06895,2024-09-12,菲律宾,自然搜索,iOS,35-44,女
U06896,2023-05-23,菲律宾,付费广告,Android,35-44,男
U06897,2023-04-18,泰国,自然搜索,iOS,18-24,女
U06898,2024-12-17,越南,自然搜索,iOS,18-24,女
U06899,2024-04-10,越南,付费广告,Android,35-44,女
U06900,2024-05-12,泰国,自然搜索,iOS,35-44,女
U06901,2023-12-27,泰国,自然搜索,Android,25-34,女
U06902,2024-11-04,泰国,自然搜索,Android,25-34,女
U06903,2023-03-01,印尼,自然搜索,Android,45+,女
U06904,2023-12-08,越南,社交媒体,iOS,45+,女
U06905,2023-08-12,泰国,KOL推荐,Android,35-44,女
U06906,2023-04-16,泰国,付费广告,iOS,18-24,女
U06907,2023-02-04,菲律宾,付费广告,Android,35-44,女
U06908,2024-11-04,菲律宾,自然搜索,Android,18-24,男
U06909,2023-11-27,印尼,自然搜索,iOS,35-44,男
U06910,2023-03-10,越南,付费广告,iOS,18-24,女
U06911,2023-12-17,马来西亚,付费广告,iOS,35-44,男
U06912,2023-09-21,泰国,社交媒体,Android,25-34,男
U06913,2023-02-22,泰国,社交媒体,iOS,35-44,女
U06914,2024-06-12,越南,付费广告,Android,25-34,男
U06915,2023-06-25,泰国,自然搜索,Android,18-24,女
U06916,2024-06-13,越南,KOL推荐,Android,35-44,女
U06917,2024-03-01,马来西亚,付费广告,Android,25-34,男
U06918,2024-11-08,印尼,社交媒体,iOS,25-34,男
U06919,2024-06-20,越南,付费广告,Android,45+,男
U06920,2024-12-12,马来西亚,社交媒体,Android,25-34,男
U06921,2024-08-12,泰国,内容营销,Android,35-44,男
U06922,2023-01-10,泰国,内容营销,iOS,25-34,男
U06923,2024-11-19,印尼,付费广告,iOS,35-44,女
U06924,2024-07-11,印尼,付费广告,iOS,35-44,女
U06925,2024-11-22,泰国,付费广告,iOS,35-44,女
U06926,2023-03-14,越南,内容营销,iOS,45+,女
U06927,2024-06-27,印尼,付费广告,Android,25-34,男
U06928,2023-06-26,印尼,自然搜索,Android,35-44,男
U06929,2024-11-09,印尼,付费广告,Android,35-44,男
U06930,2023-09-27,越南,自然搜索,Android,25-34,女
U06931,2024-05-04,泰国,付费广告,iOS,25-34,女
U06932,2023-04-26,越南,社交媒体,Android,45+,男
U06933,2024-12-19,泰国,付费广告,Android,18-24,女
U06934,2024-04-17,马来西亚,自然搜索,Android,25-34,女
U06935,2023-03-22,印尼,内容营销,Android,25-34,女
U06936,2023-07-25,越南,KOL推荐,iOS,18-24,女
U06937,2023-05-21,菲律宾,KOL推荐,Android,35-44,男
U06938,2023-03-12,印尼,付费广告,iOS,18-24,男
U06939,2024-07-09,越南,KOL推荐,iOS,18-24,女
U06940,2023-03-03,菲律宾,付费广告,iOS,35-44,女
U06941,2024-04-25,菲律宾,自然搜索,Android,18-24,女
U06942,2024-08-13,印尼,自然搜索,iOS,35-44,男
U06943,2023-06-01,泰国,付费广告,Android,35-44,女
U06944,2023-11-18,印尼,自然搜索,iOS,35-44,女
U06945,2023-03-18,菲律宾,内容营销,Android,35-44,男
U06946,2023-11-26,泰国,自然搜索,Android,18-24,男
U06947,2024-03-03,泰国,付费广告,iOS,18-24,女
U06948,2023-12-21,菲律宾,付费广告,iOS,25-34,男
U06949,2023-12-17,泰国,付费广告,Android,18-24,男
U06950,2023-01-11,菲律宾,社交媒体,iOS,25-34,男
U06951,2024-11-25,印尼,自然搜索,Android,25-34,女
U06952,2024-03-09,越南,KOL推荐,Android,25-34,女
U06953,2023-07-11,泰国,付费广告,iOS,18-24,男
U06954,2024-06-27,菲律宾,社交媒体,iOS,25-34,女
U06955,2024-11-28,越南,社交媒体,Android,25-34,女
U06956,2023-07-18,印尼,内容营销,iOS,18-24,男
U06957,2024-03-16,印尼,KOL推荐,iOS,25-34,女
U06958,2024-03-23,印尼,社交媒体,iOS,35-44,女
U06959,2023-04-24,马来西亚,付费广告,iOS,35-44,女
U06960,2023-03-28,印尼,付费广告,iOS,35-44,女
U06961,2024-02-21,越南,KOL推荐,Android,35-44,女
U06962,2023-03-23,马来西亚,内容营销,Android,35-44,男
U06963,2024-04-15,印尼,自然搜索,Android,18-24,男
U06964,2024-07-10,越南,付费广告,iOS,18-24,女
U06965,2024-09-17,泰国,KOL推荐,iOS,35-44,女
U06966,2023-04-22,菲律宾,付费广告,Android,18-24,女
U06967,2024-06-22,越南,付费广告,Android,25-34,男
U06968,2023-10-23,印尼,付费广告,iOS,18-24,男
U06969,2024-04-24,印尼,社交媒体,iOS,18-24,女
U06970,2023-03-12,泰国,内容营销,Android,35-44,男
U06971,2024-07-21,印尼,付费广告,Android,18-24,男
U06972,2023-03-09,泰国,自然搜索,iOS,25-34,女
U06973,2023-07-16,越南,自然搜索,Android,18-24,女
U06974,2024-09-21,印尼,自然搜索,Android,35-44,女
U06975,2023-01-25,越南,社交媒体,Android,35-44,男
U06976,2024-03-02,印尼,付费广告,Android,25-34,男
U06977,2024-04-07,菲律宾,自然搜索,iOS,35-44,女
U06978,2024-02-23,菲律宾,社交媒体,Android,18-24,女
U06979,2023-02-24,泰国,社交媒体,Android,35-44,女
U06980,2024-12-25,泰国,付费广告,Android,35-44,女
U06981,2024-06-01,印尼,付费广告,Android,45+,女
U06982,2024-04-09,马来西亚,内容营销,Android,18-24,男
U06983,2023-03-26,菲律宾,付费广告,iOS,18-24,男
U06984,2024-01-02,菲律宾,KOL推荐,iOS,18-24,男
U06985,2024-06-02,越南,付费广告,Android,18-24,女
U06986,2023-08-03,越南,KOL推荐,iOS,18-24,男
U06987,2024-05-24,印尼,KOL推荐,iOS,25-34,男
U06988,2023-02-06,泰国,社交媒体,iOS,25-34,女
U06989,2023-08-26,泰国,内容营销,Android,45+,男
U06990,2024-05-25,马来西亚,内容营销,iOS,18-24,男
U06991,2024-12-06,泰国,社交媒体,Android,45+,女
U06992,2023-12-21,泰国,自然搜索,iOS,35-44,女
U06993,2024-04-06,泰国,付费广告,iOS,35-44,女
U06994,2023-02-27,马来西亚,KOL推荐,iOS,45+,女
U06995,2023-03-09,印尼,社交媒体,iOS,35-44,男
U06996,2024-07-10,印尼,自然搜索,Android,35-44,女
U06997,2024-11-27,马来西亚,自然搜索,Android,25-34,女
U06998,2024-01-20,越南,社交媒体,Android,25-34,男
U06999,2024-01-25,印尼,付费广告,iOS,45+,女
U07000,2024-08-26,泰国,付费广告,Android,25-34,男
U07001,2024-03-13,泰国,社交媒体,iOS,18-24,男
U07002,2024-01-26,菲律宾,社交媒体,iOS,35-44,女
U07003,2023-06-28,菲律宾,自然搜索,Android,25-34,男
U07004,2024-06-07,越南,自然搜索,Android,35-44,男
U07005,2023-03-01,越南,自然搜索,iOS,18-24,男
U07006,2023-12-23,印尼,付费广告,iOS,25-34,男
U07007,2023-05-11,泰国,社交媒体,Android,18-24,女
U07008,2023-12-23,泰国,付费广告,iOS,45+,女
U07009,2024-04-01,泰国,自然搜索,Android,18-24,女
U07010,2024-09-18,越南,自然搜索,Android,35-44,男
U07011,2023-01-22,菲律宾,自然搜索,Android,18-24,女
U07012,2023-05-04,越南,内容营销,iOS,18-24,男
U07013,2023-01-15,泰国,付费广告,Android,18-24,男
U07014,2023-05-07,印尼,内容营销,iOS,25-34,男
U07015,2024-05-20,菲律宾,KOL推荐,iOS,25-34,男
U07016,2023-06-13,泰国,付费广告,Android,18-24,女
U07017,2024-12-23,泰国,社交媒体,iOS,25-34,女
U07018,2024-03-07,越南,自然搜索,iOS,18-24,女
U07019,2024-12-07,印尼,社交媒体,Android,35-44,女
U07020,2024-01-04,印尼,付费广告,Android,18-24,男
U07021,2024-10-28,菲律宾,KOL推荐,iOS,25-34,女
U07022,2024-06-08,马来西亚,自然搜索,iOS,25-34,女
U07023,2024-07-16,菲律宾,KOL推荐,iOS,45+,女
U07024,2024-08-18,印尼,自然搜索,iOS,35-44,男
U07025,2024-04-16,印尼,内容营销,Android,35-44,女
U07026,2023-02-14,泰国,付费广告,Android,18-24,女
U07027,2024-10-19,马来西亚,社交媒体,Android,35-44,男
U07028,2024-04-22,越南,付费广告,iOS,35-44,女
U07029,2023-04-13,泰国,付费广告,iOS,45+,男
U07030,2023-08-03,印尼,社交媒体,iOS,25-34,男
U07031,2024-12-03,越南,内容营销,iOS,45+,女
U07032,2023-05-11,印尼,自然搜索,iOS,25-34,男
U07033,2024-01-02,印尼,内容营销,iOS,25-34,女
U07034,2023-06-07,越南,社交媒体,iOS,25-34,男
U07035,2024-12-04,菲律宾,KOL推荐,Android,25-34,男
U07036,2023-09-18,越南,付费广告,Android,25-34,女
U07037,2024-02-24,越南,付费广告,Android,25-34,男
U07038,2023-06-20,印尼,内容营销,iOS,35-44,女
U07039,2023-02-04,印尼,付费广告,Android,25-34,女
U07040,2024-03-03,菲律宾,付费广告,Android,35-44,女
U07041,2023-04-04,越南,自然搜索,iOS,18-24,女
U07042,2024-03-11,印尼,自然搜索,Android,45+,女
U07043,2024-11-17,泰国,社交媒体,Android,35-44,女
U07044,2024-03-25,马来西亚,社交媒体,Android,18-24,女
U07045,2024-09-03,越南,社交媒体,iOS,35-44,女
U07046,2024-11-23,印尼,自然搜索,Android,18-24,男
U07047,2024-12-10,泰国,付费广告,Android,18-24,男
U07048,2023-04-13,泰国,付费广告,iOS,25-34,女
U07049,2023-02-06,印尼,付费广告,Android,25-34,女
U07050,2024-07-24,菲律宾,内容营销,Android,18-24,女
U07051,2023-08-06,印尼,KOL推荐,iOS,25-34,男
U07052,2024-08-14,马来西亚,自然搜索,Android,45+,女
U07053,2023-08-06,印尼,内容营销,Android,18-24,女
U07054,2023-12-09,印尼,付费广告,iOS,18-24,男
U07055,2023-07-25,泰国,社交媒体,iOS,45+,女
U07056,2024-01-16,菲律宾,自然搜索,Android,25-34,女
U07057,2023-08-14,泰国,社交媒体,Android,35-44,女
U07058,2024-04-20,菲律宾,自然搜索,iOS,18-24,男
U07059,2023-06-23,马来西亚,付费广告,iOS,25-34,女
U07060,2023-04-04,马来西亚,自然搜索,Android,25-34,男
U07061,2023-03-10,印尼,自然搜索,Android,45+,女
U07062,2023-06-27,印尼,自然搜索,iOS,25-34,男
U07063,2024-06-13,菲律宾,自然搜索,Android,25-34,女
U07064,2023-11-04,泰国,自然搜索,iOS,45+,男
U07065,2023-08-03,印尼,社交媒体,iOS,45+,女
U07066,2023-12-13,泰国,自然搜索,Android,18-24,女
U07067,2024-12-23,印尼,社交媒体,iOS,35-44,女
U07068,2024-11-11,泰国,自然搜索,Android,25-34,男
U07069,2023-09-04,泰国,内容营销,iOS,25-34,男
U07070,2023-11-08,越南,内容营销,Android,25-34,男
U07071,2024-06-03,越南,自然搜索,iOS,25-34,男
U07072,2023-04-25,印尼,社交媒体,iOS,18-24,男
U07073,2024-05-16,泰国,自然搜索,Android,25-34,女
U07074,2023-07-02,印尼,内容营销,Android,25-34,女
U07075,2023-05-01,泰国,付费广告,Android,18-24,男
U07076,2024-10-13,印尼,自然搜索,Android,25-34,男
U07077,2023-12-19,印尼,付费广告,Android,45+,女
U07078,2024-10-08,印尼,自然搜索,Android,35-44,男
U07079,2023-08-12,印尼,付费广告,Android,25-34,女
U07080,2023-04-07,越南,社交媒体,Android,45+,男
U07081,2024-04-22,菲律宾,付费广告,Android,25-34,男
U07082,2024-06-06,越南,付费广告,Android,18-24,男
U07083,2024-06-04,印尼,自然搜索,iOS,25-34,男
U07084,2024-09-09,印尼,自然搜索,Android,18-24,女
U07085,2024-01-19,泰国,自然搜索,iOS,35-44,男
U07086,2023-12-16,印尼,KOL推荐,iOS,45+,女
U07087,2023-05-02,印尼,自然搜索,iOS,25-34,男
U07088,2023-03-13,越南,社交媒体,Android,25-34,女
U07089,2024-09-07,泰国,付费广告,Android,25-34,女
U07090,2024-01-16,泰国,自然搜索,Android,18-24,女
U07091,2024-10-14,马来西亚,社交媒体,iOS,35-44,男
U07092,2024-06-13,印尼,付费广告,Android,25-34,女
U07093,2024-02-09,泰国,付费广告,Android,18-24,女
U07094,2023-08-25,越南,社交媒体,iOS,35-44,男
U07095,2023-05-27,印尼,付费广告,iOS,18-24,女
U07096,2024-11-07,菲律宾,付费广告,iOS,45+,女
U07097,2024-04-10,泰国,社交媒体,Android,25-34,男
U07098,2024-10-03,泰国,社交媒体,Android,25-34,女
U07099,2024-12-17,菲律宾,自然搜索,Android,18-24,男
U07100,2023-10-11,泰国,付费广告,Android,25-34,男
U07101,2024-08-10,泰国,自然搜索,iOS,35-44,女
U07102,2024-06-21,马来西亚,自然搜索,Android,25-34,女
U07103,2024-11-27,印尼,社交媒体,iOS,45+,男
U07104,2023-01-04,越南,内容营销,iOS,25-34,女
U07105,2023-03-20,泰国,内容营销,Android,45+,女
U07106,2023-06-26,泰国,自然搜索,Android,45+,女
U07107,2023-06-28,泰国,付费广告,Android,25-34,男
U07108,2024-05-19,菲律宾,社交媒体,Android,25-34,男
U07109,2024-05-17,越南,自然搜索,iOS,35-44,女
U07110,2024-05-03,印尼,KOL推荐,iOS,18-24,女
U07111,2024-02-02,马来西亚,社交媒体,iOS,35-44,女
U07112,2023-04-23,越南,内容营销,Android,25-34,女
U07113,2024-06-02,泰国,自然搜索,Android,35-44,男
U07114,2023-12-15,印尼,自然搜索,Android,18-24,女
U07115,2024-01-11,马来西亚,KOL推荐,iOS,35-44,男
U07116,2023-07-28,菲律宾,社交媒体,Android,25-34,男
U07117,2023-09-27,泰国,内容营销,Android,35-44,男
U07118,2024-03-03,印尼,自然搜索,Android,25-34,女
U07119,2023-10-08,印尼,社交媒体,Android,18-24,男
U07120,2023-06-14,马来西亚,社交媒体,Android,45+,男
U07121,2023-06-19,泰国,自然搜索,iOS,35-44,男
U07122,2023-09-09,印尼,付费广告,iOS,45+,男
U07123,2024-08-16,菲律宾,社交媒体,iOS,25-34,女
U07124,2024-01-13,越南,自然搜索,iOS,25-34,女
U07125,2023-12-22,印尼,付费广告,iOS,25-34,男
U07126,2024-09-20,泰国,社交媒体,iOS,35-44,男
U07127,2023-02-04,越南,付费广告,iOS,18-24,女
U07128,2023-07-19,越南,内容营销,Android,18-24,女
U07129,2023-03-11,马来西亚,付费广告,Android,45+,女
U07130,2024-07-25,越南,付费广告,Android,25-34,男
U07131,2024-02-17,越南,内容营销,iOS,45+,女
U07132,2023-05-25,印尼,内容营销,iOS,18-24,女
U07133,2024-02-07,泰国,自然搜索,iOS,45+,女
U07134,2023-12-28,印尼,KOL推荐,Android,35-44,男
U07135,2024-05-20,印尼,自然搜索,Android,35-44,男
U07136,2024-10-21,菲律宾,自然搜索,iOS,25-34,女
U07137,2024-06-01,印尼,付费广告,Android,45+,男
U07138,2023-11-04,印尼,付费广告,iOS,25-34,男
U07139,2023-12-26,泰国,KOL推荐,Android,35-44,女
U07140,2023-05-15,马来西亚,社交媒体,iOS,18-24,女
U07141,2024-08-03,泰国,内容营销,iOS,25-34,女
U07142,2024-03-08,菲律宾,社交媒体,Android,35-44,女
U07143,2024-10-11,越南,付费广告,Android,18-24,女
U07144,2023-12-03,马来西亚,社交媒体,Android,35-44,女
U07145,2023-06-26,印尼,内容营销,Android,18-24,女
U07146,2023-08-07,菲律宾,社交媒体,iOS,45+,女
U07147,2024-05-16,泰国,KOL推荐,iOS,45+,女
U07148,2024-10-17,越南,内容营销,Android,25-34,男
U07149,2024-01-04,印尼,自然搜索,Android,18-24,女
U07150,2023-10-16,菲律宾,社交媒体,Android,35-44,男
U07151,2024-07-07,泰国,内容营销,iOS,18-24,女
U07152,2024-06-13,马来西亚,内容营销,Android,25-34,男
U07153,2023-04-21,菲律宾,自然搜索,iOS,18-24,女
U07154,2024-06-16,越南,付费广告,Android,25-34,男
U07155,2024-06-16,菲律宾,社交媒体,Android,18-24,女
U07156,2024-10-28,印尼,自然搜索,Android,18-24,男
U07157,2024-12-28,越南,社交媒体,Android,18-24,男
U07158,2024-11-22,越南,付费广告,iOS,25-34,女
U07159,2024-12-21,印尼,付费广告,iOS,25-34,男
U07160,2023-09-02,印尼,付费广告,Android,18-24,男
U07161,2023-06-28,越南,付费广告,iOS,25-34,女
U07162,2024-11-25,印尼,付费广告,Android,35-44,女
U07163,2024-09-06,印尼,付费广告,Android,18-24,男
U07164,2023-06-14,印尼,付费广告,Android,35-44,男
U07165,2023-11-28,泰国,自然搜索,Android,35-44,女
U07166,2024-05-04,菲律宾,自然搜索,Android,18-24,男
U07167,2023-04-19,越南,自然搜索,Android,25-34,男
U07168,2024-12-22,越南,社交媒体,iOS,25-34,女
U07169,2024-11-16,泰国,KOL推荐,Android,35-44,男
U07170,2023-08-19,印尼,自然搜索,Android,18-24,女
U07171,2024-08-01,菲律宾,自然搜索,iOS,45+,女
U07172,2023-04-12,越南,社交媒体,Android,35-44,女
U07173,2024-09-19,印尼,付费广告,Android,25-34,女
U07174,2023-02-06,泰国,内容营销,Android,18-24,女
U07175,2024-08-22,印尼,社交媒体,iOS,18-24,女
U07176,2023-03-03,马来西亚,付费广告,Android,25-34,女
U07177,2023-01-09,菲律宾,付费广告,iOS,25-34,男
U07178,2023-07-09,泰国,付费广告,Android,35-44,男
U07179,2023-01-08,印尼,自然搜索,Android,35-44,女
U07180,2024-06-03,泰国,自然搜索,Android,18-24,男
U07181,2024-05-07,越南,自然搜索,iOS,25-34,男
U07182,2023-11-05,菲律宾,KOL推荐,iOS,18-24,女
U07183,2024-01-11,菲律宾,付费广告,iOS,25-34,女
U07184,2023-03-13,泰国,自然搜索,iOS,35-44,男
U07185,2024-08-28,马来西亚,社交媒体,Android,25-34,男
U07186,2023-06-22,印尼,付费广告,Android,35-44,男
U07187,2024-03-02,越南,付费广告,iOS,45+,女
U07188,2024-11-28,印尼,自然搜索,iOS,25-34,女
U07189,2023-02-25,印尼,社交媒体,Android,18-24,男
U07190,2024-02-02,印尼,内容营销,Android,25-34,女
U07191,2023-05-16,印尼,自然搜索,iOS,18-24,男
U07192,2023-08-08,印尼,付费广告,iOS,25-34,女
U07193,2023-11-13,泰国,自然搜索,iOS,35-44,男
U07194,2024-03-04,菲律宾,自然搜索,iOS,25-34,女
U07195,2024-11-08,印尼,付费广告,iOS,35-44,男
U07196,2024-04-16,泰国,KOL推荐,iOS,35-44,男
U07197,2024-12-21,菲律宾,内容营销,Android,35-44,男
U07198,2023-10-02,马来西亚,自然搜索,Android,18-24,男
U07199,2024-06-21,马来西亚,付费广告,iOS,35-44,女
U07200,2024-04-04,越南,社交媒体,Android,35-44,女
U07201,2024-08-19,泰国,付费广告,Android,18-24,女
U07202,2023-08-20,印尼,付费广告,Android,45+,男
U07203,2024-11-08,泰国,自然搜索,iOS,45+,男
U07204,2024-02-16,马来西亚,付费广告,Android,25-34,男
U07205,2023-06-18,泰国,付费广告,Android,35-44,男
U07206,2023-08-19,越南,KOL推荐,iOS,18-24,男
U07207,2023-04-04,越南,KOL推荐,Android,25-34,女
U07208,2023-07-08,越南,自然搜索,Android,18-24,男
U07209,2023-09-01,菲律宾,自然搜索,Android,25-34,女
U07210,2024-05-28,越南,内容营销,iOS,25-34,女
U07211,2023-07-20,泰国,付费广告,iOS,18-24,男
U07212,2023-10-24,越南,内容营销,Android,35-44,女
U07213,2024-09-01,印尼,自然搜索,iOS,18-24,男
U07214,2024-06-26,泰国,付费广告,Android,18-24,男
U07215,2024-02-19,印尼,付费广告,iOS,25-34,男
U07216,2024-06-25,印尼,内容营销,Android,25-34,女
U07217,2024-01-07,印尼,自然搜索,Android,25-34,男
U07218,2023-02-07,马来西亚,自然搜索,iOS,18-24,女
U07219,2023-10-17,马来西亚,付费广告,Android,25-34,男
U07220,2024-09-05,马来西亚,内容营销,iOS,18-24,男
U07221,2023-09-04,泰国,内容营销,iOS,25-34,男
U07222,2024-08-22,泰国,内容营销,iOS,45+,女
U07223,2024-03-14,越南,内容营销,iOS,18-24,女
U07224,2024-06-10,菲律宾,自然搜索,iOS,35-44,女
U07225,2024-04-22,马来西亚,自然搜索,Android,18-24,男
U07226,2024-11-20,菲律宾,自然搜索,iOS,25-34,男
U07227,2023-10-09,泰国,付费广告,iOS,25-34,女
U07228,2024-04-05,马来西亚,KOL推荐,iOS,45+,男
U07229,2024-07-25,越南,内容营销,iOS,25-34,男
U07230,2023-01-24,泰国,自然搜索,Android,35-44,男
U07231,2023-01-26,越南,社交媒体,iOS,25-34,女
U07232,2024-12-05,泰国,内容营销,Android,18-24,女
U07233,2023-07-24,印尼,付费广告,iOS,45+,男
U07234,2024-03-11,越南,自然搜索,Android,25-34,女
U07235,2023-12-17,印尼,付费广告,iOS,18-24,女
U07236,2024-05-23,印尼,付费广告,Android,25-34,男
U07237,2024-05-04,菲律宾,社交媒体,Android,25-34,男
U07238,2024-10-02,印尼,付费广告,iOS,18-24,女
U07239,2023-10-05,越南,自然搜索,Android,25-34,女
U07240,2023-10-10,菲律宾,内容营销,Android,25-34,男
U07241,2023-11-10,马来西亚,付费广告,iOS,25-34,女
U07242,2023-11-06,泰国,付费广告,Android,18-24,女
U07243,2024-09-10,印尼,内容营销,Android,45+,女
U07244,2023-08-11,越南,自然搜索,Android,18-24,男
U07245,2024-08-24,泰国,自然搜索,Android,35-44,男
U07246,2024-07-07,印尼,KOL推荐,iOS,35-44,女
U07247,2024-09-12,菲律宾,付费广告,Android,18-24,女
U07248,2024-09-06,泰国,KOL推荐,Android,18-24,男
U07249,2023-12-05,菲律宾,付费广告,iOS,18-24,女
U07250,2024-01-17,菲律宾,自然搜索,Android,18-24,女
U07251,2023-09-27,马来西亚,付费广告,iOS,18-24,女
U07252,2024-08-21,越南,自然搜索,Android,35-44,男
U07253,2024-05-19,马来西亚,KOL推荐,iOS,25-34,女
U07254,2024-07-08,越南,社交媒体,iOS,25-34,女
U07255,2023-08-25,印尼,内容营销,Android,18-24,男
U07256,2024-03-07,泰国,KOL推荐,iOS,35-44,男
U07257,2023-06-16,泰国,自然搜索,iOS,18-24,男
U07258,2023-08-03,印尼,KOL推荐,iOS,25-34,女
U07259,2023-10-26,越南,社交媒体,Android,18-24,男
U07260,2023-10-24,越南,社交媒体,Android,18-24,女
U07261,2024-07-02,泰国,KOL推荐,iOS,35-44,女
U07262,2023-09-01,印尼,社交媒体,Android,35-44,女
U07263,2023-10-26,泰国,付费广告,iOS,35-44,女
U07264,2024-06-23,菲律宾,社交媒体,Android,25-34,女
U07265,2023-01-12,泰国,付费广告,iOS,45+,男
U07266,2023-05-28,泰国,自然搜索,iOS,25-34,女
U07267,2023-11-20,越南,社交媒体,iOS,25-34,男
U07268,2024-02-15,印尼,自然搜索,Android,18-24,男
U07269,2023-02-25,越南,自然搜索,Android,18-24,男
U07270,2023-04-19,越南,自然搜索,Android,25-34,女
U07271,2024-01-19,马来西亚,社交媒体,iOS,25-34,男
U07272,2024-01-23,印尼,付费广告,Android,25-34,女
U07273,2023-12-02,泰国,KOL推荐,Android,18-24,女
U07274,2023-05-18,越南,付费广告,iOS,35-44,男
U07275,2024-11-23,菲律宾,付费广告,iOS,45+,女
U07276,2024-07-03,越南,付费广告,iOS,25-34,女
U07277,2024-12-23,泰国,社交媒体,Android,35-44,男
U07278,2023-04-18,菲律宾,付费广告,Android,35-44,女
U07279,2023-12-03,印尼,内容营销,Android,45+,女
U07280,2023-11-14,印尼,内容营销,iOS,25-34,男
U07281,2023-03-05,泰国,KOL推荐,iOS,35-44,男
U07282,2023-07-20,泰国,内容营销,Android,18-24,女
U07283,2024-05-19,印尼,付费广告,iOS,25-34,女
U07284,2023-03-01,泰国,付费广告,Android,35-44,男
U07285,2023-08-20,印尼,社交媒体,Android,35-44,男
U07286,2023-05-03,印尼,社交媒体,iOS,18-24,女
U07287,2024-08-17,越南,内容营销,Android,35-44,男
U07288,2024-01-13,马来西亚,社交媒体,Android,25-34,女
U07289,2023-04-18,菲律宾,内容营销,iOS,18-24,女
U07290,2023-06-02,印尼,付费广告,Android,25-34,女
U07291,2024-03-25,泰国,KOL推荐,iOS,35-44,男
U07292,2023-02-20,泰国,社交媒体,Android,45+,女
U07293,2024-08-16,印尼,社交媒体,Android,35-44,男
U07294,2023-11-17,泰国,付费广告,Android,18-24,男
U07295,2024-11-01,马来西亚,KOL推荐,Android,18-24,女
U07296,2024-01-08,泰国,内容营销,Android,18-24,女
U07297,2023-03-14,印尼,自然搜索,iOS,18-24,女
U07298,2024-12-24,越南,社交媒体,iOS,25-34,女
U07299,2024-02-26,印尼,付费广告,iOS,25-34,男
U07300,2024-09-14,泰国,内容营销,iOS,18-24,男
U07301,2024-07-11,越南,付费广告,iOS,35-44,女
U07302,2023-12-27,越南,自然搜索,iOS,25-34,男
U07303,2023-01-01,菲律宾,付费广告,Android,35-44,女
U07304,2024-02-18,泰国,社交媒体,Android,25-34,女
U07305,2024-10-02,马来西亚,自然搜索,iOS,25-34,女
U07306,2023-04-22,菲律宾,社交媒体,Android,25-34,女
U07307,2024-06-04,越南,内容营销,iOS,25-34,男
U07308,2024-11-17,菲律宾,内容营销,Android,25-34,男
U07309,2024-04-16,泰国,自然搜索,Android,25-34,男
U07310,2023-09-26,马来西亚,内容营销,iOS,35-44,男
U07311,2023-10-07,印尼,社交媒体,Android,45+,男
U07312,2023-09-23,越南,自然搜索,iOS,25-34,男
U07313,2024-04-27,越南,自然搜索,iOS,18-24,女
U07314,2024-05-23,泰国,自然搜索,iOS,45+,男
U07315,2024-12-16,马来西亚,KOL推荐,Android,35-44,女
U07316,2024-04-28,泰国,自然搜索,Android,25-34,男
U07317,2024-08-21,印尼,自然搜索,Android,35-44,男
U07318,2024-07-10,越南,KOL推荐,Android,18-24,男
U07319,2023-02-03,马来西亚,社交媒体,iOS,18-24,男
U07320,2023-07-24,泰国,KOL推荐,Android,18-24,女
U07321,2023-02-25,印尼,社交媒体,iOS,18-24,女
U07322,2024-01-04,印尼,自然搜索,iOS,25-34,女
U07323,2024-03-18,印尼,内容营销,Android,18-24,女
U07324,2023-07-27,泰国,自然搜索,iOS,35-44,女
U07325,2024-06-07,泰国,社交媒体,iOS,25-34,女
U07326,2024-12-09,泰国,社交媒体,Android,25-34,女
U07327,2023-12-27,印尼,自然搜索,Android,18-24,男
U07328,2023-01-02,泰国,内容营销,Android,25-34,女
U07329,2024-06-14,印尼,付费广告,iOS,18-24,女
U07330,2024-11-06,泰国,自然搜索,iOS,35-44,女
U07331,2023-11-25,菲律宾,内容营销,Android,35-44,女
U07332,2024-07-08,马来西亚,社交媒体,Android,25-34,男
U07333,2024-09-05,印尼,社交媒体,Android,18-24,女
U07334,2024-09-24,越南,付费广告,Android,35-44,女
U07335,2023-07-27,泰国,KOL推荐,Android,25-34,女
U07336,2024-11-04,泰国,自然搜索,iOS,18-24,女
U07337,2024-03-22,越南,付费广告,Android,25-34,男
U07338,2023-01-22,印尼,付费广告,Android,45+,男
U07339,2023-05-17,印尼,自然搜索,Android,18-24,女
U07340,2024-01-27,马来西亚,社交媒体,iOS,45+,男
U07341,2024-05-19,越南,付费广告,Android,18-24,女
U07342,2023-04-17,印尼,付费广告,Android,18-24,女
U07343,2023-12-26,印尼,自然搜索,Android,35-44,男
U07344,2024-11-18,印尼,社交媒体,Android,18-24,男
U07345,2023-11-04,越南,KOL推荐,iOS,25-34,女
U07346,2023-12-09,越南,付费广告,iOS,18-24,男
U07347,2024-12-18,印尼,社交媒体,iOS,25-34,男
U07348,2023-09-01,印尼,自然搜索,iOS,18-24,女
U07349,2023-06-19,马来西亚,社交媒体,Android,35-44,女
U07350,2023-01-08,越南,自然搜索,iOS,35-44,女
U07351,2023-06-04,泰国,付费广告,Android,45+,女
U07352,2023-03-13,印尼,社交媒体,iOS,35-44,女
U07353,2023-02-13,印尼,内容营销,iOS,35-44,女
U07354,2024-09-15,泰国,付费广告,iOS,35-44,女
U07355,2023-08-12,菲律宾,KOL推荐,Android,35-44,女
U07356,2023-08-19,马来西亚,社交媒体,iOS,18-24,男
U07357,2023-09-10,马来西亚,内容营销,iOS,25-34,男
U07358,2024-09-23,泰国,付费广告,Android,35-44,女
U07359,2023-07-10,菲律宾,付费广告,Android,18-24,男
U07360,2023-03-02,印尼,内容营销,Android,45+,男
U07361,2023-07-10,越南,自然搜索,iOS,25-34,女
U07362,2023-08-12,印尼,自然搜索,iOS,25-34,男
U07363,2024-08-17,菲律宾,自然搜索,Android,35-44,男
U07364,2024-10-09,印尼,KOL推荐,Android,25-34,男
U07365,2024-08-03,越南,自然搜索,Android,45+,女
U07366,2024-10-22,印尼,内容营销,iOS,45+,女
U07367,2023-04-07,印尼,付费广告,iOS,35-44,女
U07368,2024-06-17,泰国,自然搜索,iOS,18-24,女
U07369,2024-10-03,马来西亚,付费广告,Android,18-24,女
U07370,2023-03-13,印尼,自然搜索,iOS,25-34,女
U07371,2024-05-18,印尼,社交媒体,Android,35-44,男
U07372,2024-07-17,泰国,社交媒体,iOS,18-24,女
U07373,2024-12-16,印尼,付费广告,Android,18-24,男
U07374,2024-04-22,泰国,自然搜索,iOS,18-24,男
U07375,2023-01-27,泰国,社交媒体,Android,25-34,女
U07376,2024-02-28,印尼,KOL推荐,iOS,35-44,男
U07377,2024-03-04,越南,社交媒体,Android,18-24,女
U07378,2024-08-21,印尼,KOL推荐,Android,18-24,男
U07379,2023-11-18,泰国,自然搜索,iOS,35-44,男
U07380,2024-05-28,越南,内容营销,Android,35-44,男
U07381,2023-09-21,泰国,付费广告,Android,35-44,女
U07382,2024-12-14,马来西亚,自然搜索,Android,35-44,女
U07383,2023-03-20,印尼,KOL推荐,Android,18-24,女
U07384,2024-08-22,印尼,内容营销,Android,25-34,女
U07385,2023-04-16,越南,社交媒体,iOS,45+,女
U07386,2024-09-12,泰国,自然搜索,iOS,45+,男
U07387,2024-09-08,马来西亚,付费广告,Android,25-34,女
U07388,2023-09-11,越南,付费广告,Android,35-44,女
U07389,2024-12-28,越南,内容营销,iOS,45+,女
U07390,2023-05-12,印尼,自然搜索,Android,25-34,男
U07391,2024-10-20,泰国,KOL推荐,iOS,18-24,女
U07392,2023-02-11,菲律宾,付费广告,Android,35-44,男
U07393,2023-11-21,印尼,KOL推荐,Android,45+,女
U07394,2023-01-17,越南,内容营销,Android,35-44,女
U07395,2024-05-04,泰国,付费广告,iOS,35-44,男
U07396,2024-02-05,泰国,付费广告,iOS,25-34,男
U07397,2023-04-06,菲律宾,KOL推荐,iOS,18-24,女
U07398,2024-06-21,印尼,付费广告,Android,18-24,女
U07399,2024-01-06,泰国,社交媒体,iOS,45+,女
U07400,2024-03-05,泰国,社交媒体,Android,25-34,女
U07401,2023-06-24,印尼,自然搜索,Android,18-24,女
U07402,2024-06-07,印尼,KOL推荐,Android,45+,男
U07403,2023-06-26,越南,自然搜索,Android,25-34,女
U07404,2023-08-25,越南,内容营销,Android,35-44,女
U07405,2024-12-05,泰国,付费广告,iOS,25-34,男
U07406,2023-04-19,印尼,社交媒体,Android,18-24,男
U07407,2023-10-09,马来西亚,付费广告,Android,25-34,男
U07408,2024-11-01,泰国,付费广告,iOS,45+,男
U07409,2024-07-12,印尼,付费广告,Android,18-24,女
U07410,2024-07-13,越南,社交媒体,iOS,35-44,男
U07411,2024-10-15,越南,社交媒体,iOS,18-24,女
U07412,2023-02-20,越南,内容营销,Android,25-34,女
U07413,2023-12-18,菲律宾,付费广告,Android,25-34,男
U07414,2024-09-04,印尼,社交媒体,Android,35-44,男
U07415,2024-08-12,印尼,KOL推荐,Android,25-34,女
U07416,2024-08-13,越南,自然搜索,Android,25-34,男
U07417,2023-04-14,泰国,付费广告,Android,35-44,男
U07418,2024-09-18,泰国,付费广告,Android,18-24,男
U07419,2023-06-01,印尼,付费广告,Android,18-24,男
U07420,2023-10-18,泰国,付费广告,iOS,18-24,男
U07421,2024-07-02,印尼,社交媒体,iOS,35-44,男
U07422,2024-03-03,越南,自然搜索,iOS,25-34,女
U07423,2023-08-19,越南,社交媒体,Android,35-44,男
U07424,2023-11-14,越南,内容营销,Android,25-34,女
U07425,2024-04-10,越南,社交媒体,Android,18-24,男
U07426,2024-05-15,泰国,社交媒体,iOS,35-44,男
U07427,2023-11-08,越南,自然搜索,Android,18-24,女
U07428,2023-08-07,印尼,内容营销,iOS,45+,男
U07429,2024-08-12,印尼,付费广告,iOS,18-24,男
U07430,2024-09-28,越南,社交媒体,Android,18-24,女
U07431,2024-04-16,越南,内容营销,Android,25-34,男
U07432,2023-10-22,泰国,社交媒体,Android,18-24,男
U07433,2024-10-07,泰国,社交媒体,iOS,18-24,男
U07434,2023-04-24,泰国,付费广告,iOS,25-34,男
U07435,2023-02-09,菲律宾,自然搜索,Android,18-24,男
U07436,2024-03-22,泰国,KOL推荐,iOS,18-24,女
U07437,2024-02-12,泰国,自然搜索,iOS,18-24,女
U07438,2024-05-17,越南,社交媒体,iOS,25-34,女
U07439,2024-01-08,泰国,自然搜索,Android,25-34,女
U07440,2023-10-26,印尼,内容营销,Android,18-24,女
U07441,2024-01-07,泰国,自然搜索,Android,25-34,女
U07442,2023-03-24,泰国,付费广告,Android,35-44,女
U07443,2024-03-24,印尼,社交媒体,Android,35-44,男
U07444,2023-07-05,越南,付费广告,Android,25-34,男
U07445,2023-08-21,印尼,付费广告,Android,18-24,女
U07446,2024-05-08,印尼,付费广告,Android,25-34,女
U07447,2023-07-07,越南,付费广告,iOS,35-44,男
U07448,2023-02-11,印尼,付费广告,Android,25-34,女
U07449,2023-12-28,泰国,付费广告,iOS,18-24,女
U07450,2023-12-19,印尼,社交媒体,iOS,18-24,男
U07451,2023-03-12,越南,自然搜索,Android,45+,女
U07452,2023-06-06,越南,内容营销,iOS,35-44,女
U07453,2024-07-27,印尼,付费广告,Android,25-34,女
U07454,2024-09-09,菲律宾,自然搜索,Android,18-24,男
U07455,2024-11-09,马来西亚,付费广告,iOS,35-44,男
U07456,2024-06-10,印尼,内容营销,Android,18-24,男
U07457,2023-10-01,越南,自然搜索,Android,25-34,男
U07458,2024-06-22,泰国,社交媒体,iOS,35-44,女
U07459,2023-10-07,越南,付费广告,Android,25-34,女
U07460,2023-08-11,印尼,自然搜索,Android,18-24,女
U07461,2024-10-06,越南,KOL推荐,iOS,18-24,男
U07462,2024-07-09,马来西亚,付费广告,iOS,45+,男
U07463,2023-11-02,越南,付费广告,iOS,25-34,女
U07464,2023-11-05,越南,KOL推荐,iOS,35-44,男
U07465,2024-07-17,越南,社交媒体,iOS,25-34,女
U07466,2024-06-22,菲律宾,内容营销,Android,45+,女
U07467,2024-02-10,印尼,社交媒体,iOS,45+,女
U07468,2024-05-11,印尼,社交媒体,Android,25-34,男
U07469,2023-02-10,越南,KOL推荐,iOS,25-34,女
U07470,2024-09-01,菲律宾,自然搜索,Android,25-34,男
U07471,2024-02-11,泰国,KOL推荐,Android,35-44,女
U07472,2023-11-10,菲律宾,社交媒体,Android,25-34,男
U07473,2024-08-21,印尼,自然搜索,Android,35-44,女
U07474,2023-05-05,越南,付费广告,iOS,18-24,男
U07475,2024-02-26,印尼,自然搜索,Android,25-34,女
U07476,2023-05-06,印尼,社交媒体,iOS,35-44,男
U07477,2024-12-16,泰国,付费广告,iOS,18-24,男
U07478,2024-11-15,菲律宾,内容营销,iOS,25-34,女
U07479,2023-06-20,越南,自然搜索,Android,45+,女
U07480,2024-04-19,越南,社交媒体,iOS,25-34,女
U07481,2024-08-13,泰国,自然搜索,Android,45+,女
U07482,2024-07-13,越南,社交媒体,Android,35-44,男
U07483,2023-08-06,印尼,社交媒体,Android,35-44,男
U07484,2024-10-17,越南,社交媒体,iOS,25-34,男
U07485,2023-05-08,印尼,KOL推荐,iOS,18-24,女
U07486,2024-06-19,越南,内容营销,iOS,25-34,男
U07487,2023-12-25,马来西亚,自然搜索,iOS,18-24,女
U07488,2023-12-13,印尼,付费广告,Android,45+,女
U07489,2023-04-27,菲律宾,社交媒体,Android,18-24,女
U07490,2023-10-16,泰国,付费广告,Android,18-24,女
U07491,2023-05-28,越南,自然搜索,Android,25-34,男
U07492,2023-12-16,越南,社交媒体,Android,25-34,女
U07493,2024-11-15,印尼,付费广告,iOS,18-24,女
U07494,2024-09-02,菲律宾,付费广告,Android,18-24,女
U07495,2024-11-16,泰国,KOL推荐,iOS,35-44,男
U07496,2023-11-22,泰国,付费广告,Android,25-34,男
U07497,2023-09-02,菲律宾,自然搜索,Android,18-24,女
U07498,2024-06-13,泰国,自然搜索,Android,25-34,男
U07499,2024-01-08,印尼,内容营销,Android,18-24,女
U07500,2023-10-27,印尼,内容营销,Android,18-24,男
U07501,2024-05-24,菲律宾,社交媒体,Android,45+,女
U07502,2024-09-01,泰国,付费广告,Android,25-34,女
U07503,2024-04-26,泰国,内容营销,Android,18-24,女
U07504,2023-11-01,印尼,社交媒体,iOS,45+,女
U07505,2023-06-12,马来西亚,KOL推荐,iOS,35-44,女
U07506,2024-04-26,越南,KOL推荐,Android,18-24,女
U07507,2023-11-18,越南,付费广告,Android,25-34,女
U07508,2023-02-17,印尼,付费广告,Android,35-44,男
U07509,2024-05-20,马来西亚,自然搜索,iOS,25-34,男
U07510,2024-09-04,菲律宾,付费广告,iOS,25-34,男
U07511,2023-06-24,马来西亚,KOL推荐,iOS,25-34,男
U07512,2024-03-11,泰国,内容营销,Android,25-34,女
U07513,2024-06-17,泰国,社交媒体,iOS,25-34,女
U07514,2023-02-13,印尼,付费广告,iOS,25-34,女
U07515,2023-06-11,菲律宾,自然搜索,Android,18-24,男
U07516,2024-08-07,越南,自然搜索,Android,35-44,男
U07517,2024-06-17,泰国,付费广告,iOS,18-24,女
U07518,2024-01-21,菲律宾,付费广告,Android,25-34,女
U07519,2024-02-09,泰国,社交媒体,Android,25-34,女
U07520,2024-01-06,越南,自然搜索,Android,35-44,女
U07521,2024-10-01,印尼,内容营销,Android,25-34,女
U07522,2023-01-04,印尼,付费广告,Android,35-44,女
U07523,2024-02-18,印尼,KOL推荐,iOS,18-24,女
U07524,2024-04-03,越南,付费广告,iOS,35-44,女
U07525,2023-06-26,印尼,自然搜索,Android,35-44,男
U07526,2023-01-11,印尼,KOL推荐,Android,35-44,女
U07527,2023-10-18,印尼,社交媒体,iOS,25-34,女
U07528,2023-04-06,印尼,付费广告,iOS,25-34,男
U07529,2024-07-09,越南,付费广告,Android,18-24,男
U07530,2023-10-20,泰国,自然搜索,iOS,25-34,女
U07531,2024-11-27,泰国,社交媒体,Android,25-34,女
U07532,2023-05-22,泰国,内容营销,iOS,18-24,女
U07533,2024-04-25,印尼,自然搜索,Android,45+,男
U07534,2024-10-02,菲律宾,付费广告,iOS,35-44,男
U07535,2023-09-11,印尼,内容营销,iOS,18-24,男
U07536,2023-02-18,菲律宾,付费广告,iOS,25-34,女
U07537,2023-02-14,越南,社交媒体,Android,35-44,女
U07538,2024-11-27,越南,付费广告,iOS,18-24,女
U07539,2023-04-08,越南,社交媒体,Android,25-34,男
U07540,2023-08-01,泰国,付费广告,Android,25-34,男
U07541,2023-01-04,泰国,付费广告,Android,18-24,男
U07542,2024-06-19,印尼,自然搜索,iOS,25-34,女
U07543,2023-10-18,马来西亚,社交媒体,Android,45+,男
U07544,2023-10-09,泰国,社交媒体,Android,25-34,男
U07545,2024-10-07,泰国,社交媒体,iOS,25-34,女
U07546,2023-06-01,菲律宾,社交媒体,Android,25-34,女
U07547,2023-05-19,越南,自然搜索,Android,35-44,男
U07548,2024-03-26,菲律宾,自然搜索,Android,35-44,男
U07549,2024-12-14,印尼,KOL推荐,iOS,18-24,女
U07550,2023-07-09,马来西亚,付费广告,Android,35-44,女
U07551,2023-12-17,越南,付费广告,iOS,18-24,女
U07552,2024-06-02,印尼,自然搜索,iOS,18-24,男
U07553,2024-05-24,越南,自然搜索,iOS,35-44,女
U07554,2024-08-07,印尼,付费广告,iOS,25-34,女
U07555,2023-10-15,越南,KOL推荐,Android,25-34,女
U07556,2023-01-24,泰国,内容营销,Android,35-44,男
U07557,2023-11-08,印尼,内容营销,iOS,18-24,男
U07558,2023-12-03,印尼,内容营销,iOS,18-24,女
U07559,2024-03-21,菲律宾,内容营销,iOS,25-34,女
U07560,2023-05-28,印尼,付费广告,Android,18-24,女
U07561,2023-05-17,印尼,自然搜索,Android,18-24,男
U07562,2023-02-01,泰国,KOL推荐,iOS,18-24,女
U07563,2024-06-25,印尼,自然搜索,Android,35-44,男
U07564,2023-09-05,印尼,付费广告,iOS,45+,男
U07565,2024-08-13,菲律宾,自然搜索,Android,18-24,女
U07566,2023-02-22,马来西亚,付费广告,Android,18-24,男
U07567,2024-01-25,泰国,付费广告,iOS,35-44,男
U07568,2023-08-10,菲律宾,自然搜索,Android,45+,女
U07569,2024-08-06,泰国,付费广告,iOS,18-24,男
U07570,2023-11-14,越南,内容营销,iOS,35-44,女
U07571,2023-10-10,印尼,社交媒体,Android,25-34,女
U07572,2023-11-04,泰国,内容营销,Android,45+,女
U07573,2024-12-03,印尼,自然搜索,Android,18-24,女
U07574,2023-09-28,泰国,自然搜索,Android,45+,女
U07575,2023-05-01,泰国,社交媒体,Android,25-34,男
U07576,2023-11-08,印尼,付费广告,iOS,45+,女
U07577,2024-09-05,印尼,社交媒体,iOS,25-34,女
U07578,2023-02-09,马来西亚,KOL推荐,Android,25-34,男
U07579,2023-06-11,印尼,KOL推荐,Android,35-44,女
U07580,2023-10-12,印尼,内容营销,iOS,35-44,男
U07581,2023-03-07,越南,付费广告,Android,25-34,男
U07582,2024-06-23,泰国,自然搜索,Android,25-34,男
U07583,2023-12-11,泰国,社交媒体,iOS,35-44,男
U07584,2023-02-27,印尼,自然搜索,Android,45+,女
U07585,2024-09-10,印尼,付费广告,iOS,18-24,女
U07586,2024-01-26,越南,自然搜索,Android,25-34,女
U07587,2024-01-15,印尼,付费广告,Android,35-44,女
U07588,2024-01-09,印尼,自然搜索,Android,35-44,女
U07589,2023-06-03,泰国,自然搜索,iOS,35-44,女
U07590,2024-08-20,泰国,社交媒体,Android,35-44,女
U07591,2023-09-04,菲律宾,社交媒体,Android,35-44,男
U07592,2024-08-05,印尼,社交媒体,iOS,35-44,女
U07593,2024-10-24,菲律宾,社交媒体,iOS,45+,女
U07594,2023-12-17,泰国,自然搜索,Android,35-44,女
U07595,2023-05-25,马来西亚,付费广告,Android,35-44,女
U07596,2023-04-08,泰国,自然搜索,iOS,18-24,女
U07597,2023-09-17,泰国,KOL推荐,iOS,18-24,女
U07598,2024-12-08,马来西亚,社交媒体,iOS,25-34,女
U07599,2023-05-10,越南,自然搜索,iOS,35-44,女
U07600,2024-06-28,印尼,付费广告,Android,25-34,男
U07601,2024-11-14,泰国,内容营销,iOS,18-24,男
U07602,2023-05-15,印尼,社交媒体,iOS,25-34,女
U07603,2023-05-22,马来西亚,KOL推荐,Android,35-44,男
U07604,2023-12-10,越南,付费广告,iOS,35-44,男
U07605,2023-08-27,印尼,自然搜索,Android,45+,女
U07606,2023-01-03,泰国,KOL推荐,Android,25-34,男
U07607,2024-04-23,印尼,社交媒体,Android,25-34,女
U07608,2023-11-09,越南,社交媒体,Android,25-34,女
U07609,2023-10-02,泰国,社交媒体,iOS,25-34,女
U07610,2024-08-11,越南,社交媒体,iOS,35-44,女
U07611,2024-08-11,泰国,社交媒体,Android,25-34,女
U07612,2023-07-21,马来西亚,付费广告,Android,18-24,女
U07613,2023-11-05,越南,付费广告,iOS,25-34,男
U07614,2024-11-12,泰国,内容营销,Android,18-24,女
U07615,2024-06-24,越南,付费广告,Android,18-24,女
U07616,2024-10-05,越南,付费广告,iOS,25-34,男
U07617,2024-03-12,印尼,社交媒体,Android,18-24,女
U07618,2023-01-18,马来西亚,内容营销,Android,25-34,女
U07619,2023-06-06,越南,付费广告,Android,18-24,男
U07620,2023-11-25,菲律宾,付费广告,Android,25-34,女
U07621,2023-11-16,印尼,KOL推荐,Android,45+,男
U07622,2023-06-01,泰国,KOL推荐,iOS,25-34,男
U07623,2024-11-16,印尼,社交媒体,iOS,25-34,女
U07624,2023-03-24,印尼,付费广告,iOS,45+,女
U07625,2023-06-03,印尼,付费广告,Android,25-34,男
U07626,2024-07-08,菲律宾,社交媒体,Android,18-24,女
U07627,2024-10-02,越南,内容营销,Android,18-24,男
U07628,2024-07-28,马来西亚,内容营销,Android,25-34,男
U07629,2024-03-22,菲律宾,自然搜索,Android,25-34,男
U07630,2024-02-14,印尼,付费广告,Android,18-24,男
U07631,2024-11-04,印尼,付费广告,iOS,35-44,男
U07632,2024-12-19,越南,内容营销,Android,18-24,女
U07633,2024-10-07,马来西亚,社交媒体,Android,45+,男
U07634,2024-04-08,印尼,付费广告,Android,45+,男
U07635,2024-03-20,泰国,自然搜索,iOS,45+,女
U07636,2023-05-22,越南,社交媒体,Android,35-44,男
U07637,2023-01-12,印尼,自然搜索,Android,18-24,女
U07638,2023-09-19,泰国,KOL推荐,iOS,35-44,男
U07639,2024-06-27,泰国,KOL推荐,iOS,18-24,男
U07640,2023-07-11,越南,付费广告,iOS,35-44,女
U07641,2023-11-20,越南,付费广告,Android,25-34,男
U07642,2024-08-26,越南,内容营销,iOS,25-34,男
U07643,2024-03-25,越南,付费广告,iOS,45+,男
U07644,2024-11-25,泰国,自然搜索,Android,18-24,女
U07645,2024-05-03,印尼,内容营销,Android,18-24,女
U07646,2023-11-26,印尼,KOL推荐,Android,25-34,女
U07647,2024-01-28,泰国,KOL推荐,iOS,35-44,女
U07648,2023-06-14,越南,自然搜索,Android,25-34,女
U07649,2023-11-13,印尼,自然搜索,iOS,35-44,男
U07650,2024-05-14,泰国,自然搜索,Android,35-44,女
U07651,2024-09-14,泰国,自然搜索,iOS,18-24,女
U07652,2023-04-04,泰国,KOL推荐,Android,25-34,女
U07653,2024-02-14,菲律宾,自然搜索,Android,35-44,男
U07654,2023-07-16,菲律宾,社交媒体,Android,25-34,女
U07655,2024-02-05,菲律宾,付费广告,Android,25-34,男
U07656,2023-07-17,印尼,付费广告,iOS,18-24,女
U07657,2024-03-25,印尼,内容营销,iOS,18-24,男
U07658,2024-12-07,印尼,自然搜索,Android,18-24,女
U07659,2023-10-18,印尼,付费广告,Android,25-34,男
U07660,2023-11-22,泰国,付费广告,iOS,18-24,女
U07661,2024-02-04,印尼,自然搜索,iOS,25-34,男
U07662,2023-03-24,菲律宾,付费广告,Android,18-24,女
U07663,2024-02-20,印尼,付费广告,Android,35-44,女
U07664,2023-03-27,越南,社交媒体,Android,35-44,男
U07665,2024-09-25,越南,KOL推荐,Android,25-34,女
U07666,2023-03-25,印尼,付费广告,Android,25-34,男
U07667,2024-08-12,印尼,自然搜索,iOS,45+,女
U07668,2023-10-20,菲律宾,社交媒体,iOS,25-34,女
U07669,2024-06-12,越南,自然搜索,Android,45+,男
U07670,2024-12-04,菲律宾,社交媒体,Android,18-24,女
U07671,2024-07-19,印尼,社交媒体,Android,35-44,男
U07672,2024-05-08,菲律宾,自然搜索,Android,25-34,男
U07673,2023-11-05,印尼,KOL推荐,Android,18-24,男
U07674,2023-05-13,印尼,内容营销,Android,45+,男
U07675,2023-04-13,印尼,KOL推荐,iOS,45+,女
U07676,2024-04-12,印尼,付费广告,iOS,25-34,男
U07677,2024-02-21,马来西亚,社交媒体,Android,45+,女
U07678,2024-09-09,泰国,内容营销,Android,18-24,男
U07679,2023-06-25,泰国,付费广告,iOS,35-44,女
U07680,2023-08-16,马来西亚,KOL推荐,Android,18-24,男
U07681,2024-07-02,印尼,自然搜索,Android,18-24,男
U07682,2023-06-02,印尼,自然搜索,Android,35-44,女
U07683,2024-07-19,印尼,KOL推荐,iOS,25-34,女
U07684,2024-01-17,泰国,KOL推荐,iOS,18-24,女
U07685,2024-09-08,菲律宾,KOL推荐,iOS,25-34,女
U07686,2023-09-23,印尼,内容营销,iOS,18-24,男
U07687,2023-05-08,越南,自然搜索,Android,35-44,男
U07688,2023-09-16,越南,自然搜索,iOS,18-24,女
U07689,2024-04-12,菲律宾,内容营销,Android,35-44,女
U07690,2023-11-18,泰国,自然搜索,iOS,18-24,男
U07691,2024-01-03,菲律宾,社交媒体,iOS,25-34,女
U07692,2024-06-11,越南,付费广告,Android,18-24,女
U07693,2023-11-05,印尼,自然搜索,Android,25-34,女
U07694,2023-03-25,马来西亚,付费广告,Android,18-24,男
U07695,2023-02-15,印尼,付费广告,Android,25-34,女
U07696,2023-05-28,越南,内容营销,Android,25-34,男
U07697,2023-05-21,印尼,社交媒体,Android,35-44,男
U07698,2024-04-17,越南,社交媒体,Android,18-24,女
U07699,2023-07-02,越南,付费广告,iOS,35-44,女
U07700,2024-02-18,马来西亚,付费广告,Android,18-24,女
U07701,2023-12-17,菲律宾,自然搜索,iOS,18-24,男
U07702,2023-06-05,印尼,付费广告,Android,18-24,女
U07703,2024-09-21,越南,自然搜索,iOS,18-24,男
U07704,2024-10-07,泰国,自然搜索,Android,25-34,女
U07705,2024-06-20,泰国,付费广告,Android,45+,男
U07706,2023-11-05,印尼,付费广告,iOS,18-24,男
U07707,2023-06-07,菲律宾,自然搜索,Android,25-34,男
U07708,2023-03-03,印尼,社交媒体,iOS,25-34,男
U07709,2023-02-20,菲律宾,付费广告,iOS,25-34,女
U07710,2023-04-05,泰国,自然搜索,iOS,25-34,女
U07711,2023-02-16,越南,内容营销,Android,35-44,男
U07712,2023-12-15,泰国,自然搜索,Android,18-24,女
U07713,2023-04-27,越南,内容营销,Android,35-44,女
U07714,2023-03-14,泰国,自然搜索,Android,18-24,女
U07715,2024-01-27,马来西亚,内容营销,Android,25-34,男
U07716,2023-06-04,泰国,自然搜索,Android,25-34,女
U07717,2023-01-03,马来西亚,KOL推荐,iOS,25-34,男
U07718,2024-12-12,越南,付费广告,iOS,18-24,女
U07719,2023-03-23,马来西亚,社交媒体,iOS,18-24,女
U07720,2024-06-14,印尼,付费广告,Android,18-24,男
U07721,2023-05-23,马来西亚,自然搜索,iOS,35-44,女
U07722,2023-01-14,泰国,KOL推荐,iOS,18-24,男
U07723,2023-12-01,印尼,自然搜索,Android,35-44,男
U07724,2024-12-02,马来西亚,内容营销,iOS,18-24,男
U07725,2023-12-13,泰国,自然搜索,Android,35-44,女
U07726,2024-08-15,泰国,付费广告,iOS,25-34,女
U07727,2024-04-19,越南,社交媒体,iOS,18-24,男
U07728,2023-05-02,马来西亚,付费广告,iOS,45+,男
U07729,2023-06-08,印尼,自然搜索,iOS,18-24,男
U07730,2024-09-07,印尼,KOL推荐,Android,25-34,女
U07731,2024-09-13,泰国,KOL推荐,iOS,25-34,女
U07732,2023-06-09,泰国,内容营销,iOS,25-34,女
U07733,2023-12-27,菲律宾,付费广告,Android,45+,女
U07734,2023-10-11,泰国,付费广告,Android,35-44,女
U07735,2023-01-10,印尼,付费广告,Android,35-44,男
U07736,2024-04-19,马来西亚,付费广告,Android,45+,男
U07737,2023-10-15,泰国,KOL推荐,Android,25-34,女
U07738,2024-02-03,印尼,付费广告,iOS,18-24,女
U07739,2023-04-08,泰国,付费广告,Android,35-44,女
U07740,2023-01-20,印尼,付费广告,Android,25-34,男
U07741,2024-03-07,泰国,社交媒体,iOS,18-24,男
U07742,2023-12-03,印尼,内容营销,iOS,25-34,男
U07743,2024-11-27,越南,社交媒体,iOS,45+,女
U07744,2023-05-26,越南,付费广告,iOS,18-24,女
U07745,2023-08-11,印尼,KOL推荐,iOS,35-44,男
U07746,2024-07-12,泰国,社交媒体,iOS,25-34,女
U07747,2024-08-07,印尼,自然搜索,Android,18-24,女
U07748,2024-02-02,越南,自然搜索,Android,35-44,男
U07749,2024-10-25,印尼,自然搜索,Android,45+,男
U07750,2023-12-09,泰国,付费广告,Android,18-24,女
U07751,2024-10-12,印尼,KOL推荐,iOS,25-34,女
U07752,2023-06-06,泰国,付费广告,Android,25-34,女
U07753,2024-10-19,越南,付费广告,Android,35-44,女
U07754,2024-08-06,泰国,内容营销,iOS,18-24,男
U07755,2024-05-17,印尼,KOL推荐,iOS,18-24,男
U07756,2024-11-17,越南,社交媒体,iOS,35-44,女
U07757,2024-09-10,菲律宾,付费广告,iOS,25-34,女
U07758,2023-11-08,菲律宾,自然搜索,iOS,25-34,男
U07759,2024-10-14,泰国,自然搜索,iOS,35-44,男
U07760,2024-07-18,印尼,自然搜索,iOS,45+,男
U07761,2024-03-18,泰国,付费广告,iOS,45+,男
U07762,2024-08-25,越南,社交媒体,Android,18-24,男
U07763,2024-05-05,印尼,自然搜索,iOS,45+,女
U07764,2023-04-11,印尼,自然搜索,iOS,35-44,女
U07765,2024-04-07,印尼,自然搜索,Android,18-24,男
U07766,2024-04-06,越南,社交媒体,Android,25-34,女
U07767,2024-08-10,越南,社交媒体,iOS,18-24,女
U07768,2023-11-15,泰国,社交媒体,Android,35-44,男
U07769,2023-12-23,印尼,付费广告,iOS,35-44,女
U07770,2024-04-23,印尼,付费广告,iOS,35-44,男
U07771,2024-06-07,印尼,自然搜索,iOS,18-24,女
U07772,2024-02-09,泰国,自然搜索,Android,25-34,男
U07773,2024-10-28,越南,内容营销,iOS,18-24,男
U07774,2023-06-11,越南,内容营销,Android,45+,女
U07775,2024-01-22,泰国,社交媒体,iOS,35-44,男
U07776,2024-06-12,越南,内容营销,Android,18-24,男
U07777,2023-06-22,菲律宾,社交媒体,iOS,18-24,男
U07778,2023-09-18,菲律宾,自然搜索,Android,35-44,女
U07779,2024-09-15,印尼,内容营销,Android,25-34,女
U07780,2023-09-10,越南,自然搜索,Android,35-44,男
U07781,2023-02-14,泰国,社交媒体,iOS,18-24,男
U07782,2024-09-11,菲律宾,付费广告,Android,35-44,女
U07783,2024-01-02,泰国,付费广告,Android,18-24,男
U07784,2024-09-07,马来西亚,社交媒体,iOS,25-34,女
U07785,2024-03-07,印尼,付费广告,Android,45+,男
U07786,2023-12-27,越南,付费广告,Android,25-34,女
U07787,2023-07-05,马来西亚,付费广告,Android,18-24,女
U07788,2024-03-07,泰国,付费广告,iOS,45+,男
U07789,2024-10-23,印尼,内容营销,Android,18-24,女
U07790,2024-09-28,印尼,KOL推荐,iOS,35-44,女
U07791,2023-02-25,泰国,付费广告,iOS,25-34,男
U07792,2023-02-19,越南,自然搜索,iOS,18-24,男
U07793,2023-09-02,印尼,KOL推荐,Android,18-24,男
U07794,2024-02-15,印尼,自然搜索,iOS,18-24,男
U07795,2024-12-12,泰国,自然搜索,Android,35-44,男
U07796,2024-07-15,马来西亚,付费广告,iOS,35-44,女
U07797,2023-06-25,泰国,内容营销,iOS,25-34,女
U07798,2023-10-10,泰国,自然搜索,Android,18-24,女
U07799,2023-03-09,越南,自然搜索,Android,35-44,女
U07800,2024-11-05,泰国,付费广告,iOS,25-34,女
U07801,2024-12-22,泰国,付费广告,iOS,25-34,女
U07802,2023-07-19,马来西亚,社交媒体,iOS,25-34,女
U07803,2023-10-11,越南,付费广告,Android,25-34,男
U07804,2023-06-27,泰国,付费广告,iOS,25-34,男
U07805,2024-07-07,泰国,自然搜索,Android,25-34,男
U07806,2024-04-26,印尼,自然搜索,Android,25-34,女
U07807,2024-10-26,菲律宾,KOL推荐,iOS,35-44,男
U07808,2023-12-24,越南,内容营销,iOS,25-34,男
U07809,2024-12-22,泰国,自然搜索,iOS,25-34,女
U07810,2024-06-14,泰国,自然搜索,iOS,18-24,女
U07811,2024-04-26,泰国,自然搜索,Android,35-44,女
U07812,2023-06-01,泰国,社交媒体,Android,18-24,女
U07813,2024-01-06,越南,社交媒体,Android,18-24,男
U07814,2023-06-06,泰国,付费广告,iOS,35-44,女
U07815,2023-12-09,印尼,社交媒体,Android,18-24,女
U07816,2024-08-27,越南,社交媒体,iOS,25-34,女
U07817,2023-07-27,马来西亚,内容营销,iOS,45+,女
U07818,2023-03-24,马来西亚,自然搜索,Android,25-34,男
U07819,2024-03-02,印尼,自然搜索,Android,18-24,男
U07820,2024-06-21,越南,自然搜索,iOS,25-34,女
U07821,2023-01-01,越南,内容营销,Android,35-44,男
U07822,2023-11-03,越南,KOL推荐,Android,25-34,男
U07823,2024-10-10,印尼,社交媒体,Android,35-44,女
U07824,2023-12-06,越南,自然搜索,iOS,35-44,男
U07825,2024-12-07,菲律宾,付费广告,Android,25-34,女
U07826,2024-05-17,马来西亚,付费广告,Android,35-44,男
U07827,2023-04-01,越南,社交媒体,Android,25-34,男
U07828,2023-01-26,印尼,付费广告,Android,25-34,女
U07829,2024-05-11,泰国,自然搜索,Android,35-44,男
U07830,2023-03-10,泰国,社交媒体,iOS,18-24,女
U07831,2023-02-16,越南,付费广告,iOS,18-24,女
U07832,2024-04-27,泰国,付费广告,Android,35-44,女
U07833,2023-08-07,菲律宾,自然搜索,iOS,35-44,男
U07834,2023-10-24,泰国,KOL推荐,iOS,25-34,女
U07835,2023-04-09,越南,社交媒体,Android,35-44,男
U07836,2023-05-07,印尼,内容营销,iOS,25-34,女
U07837,2023-04-01,印尼,付费广告,Android,35-44,男
U07838,2023-12-16,越南,内容营销,Android,35-44,男
U07839,2024-04-08,菲律宾,内容营销,iOS,25-34,女
U07840,2024-01-09,印尼,社交媒体,Android,25-34,女
U07841,2023-10-08,越南,内容营销,iOS,35-44,女
U07842,2023-01-03,泰国,付费广告,Android,35-44,女
U07843,2023-05-07,越南,付费广告,Android,18-24,男
U07844,2024-04-08,菲律宾,自然搜索,iOS,25-34,男
U07845,2023-01-21,印尼,社交媒体,iOS,18-24,女
U07846,2023-03-23,菲律宾,社交媒体,iOS,18-24,男
U07847,2023-06-12,印尼,KOL推荐,Android,35-44,男
U07848,2024-03-17,泰国,自然搜索,Android,18-24,女
U07849,2024-06-21,泰国,付费广告,iOS,35-44,男
U07850,2024-09-17,越南,自然搜索,Android,45+,女
U07851,2023-12-16,印尼,社交媒体,iOS,45+,女
U07852,2023-12-04,菲律宾,自然搜索,Android,18-24,女
U07853,2023-09-15,越南,内容营销,Android,35-44,男
U07854,2023-05-23,印尼,自然搜索,iOS,45+,男
U07855,2023-11-18,越南,付费广告,Android,18-24,女
U07856,2023-01-16,越南,内容营销,Android,25-34,男
U07857,2024-06-13,泰国,付费广告,Android,45+,男
U07858,2024-08-16,泰国,自然搜索,iOS,18-24,女
U07859,2024-10-16,泰国,付费广告,iOS,45+,女
U07860,2023-03-18,泰国,自然搜索,iOS,25-34,男
U07861,2024-11-24,泰国,内容营销,Android,18-24,男
U07862,2023-11-28,泰国,社交媒体,Android,25-34,女
U07863,2024-01-24,印尼,付费广告,iOS,25-34,男
U07864,2023-02-03,越南,社交媒体,Android,18-24,女
U07865,2023-01-01,马来西亚,自然搜索,iOS,25-34,男
U07866,2024-03-22,泰国,KOL推荐,iOS,25-34,女
U07867,2023-03-04,越南,内容营销,iOS,25-34,男
U07868,2023-12-24,越南,内容营销,iOS,18-24,男
U07869,2024-09-12,泰国,付费广告,iOS,35-44,男
U07870,2024-02-11,菲律宾,付费广告,iOS,25-34,男
U07871,2023-06-25,泰国,自然搜索,Android,35-44,男
U07872,2024-02-27,马来西亚,社交媒体,Android,35-44,男
U07873,2023-02-03,菲律宾,付费广告,iOS,25-34,女
U07874,2024-09-18,印尼,付费广告,Android,18-24,男
U07875,2023-08-02,印尼,内容营销,Android,45+,女
U07876,2024-08-16,印尼,自然搜索,iOS,35-44,男
U07877,2024-02-19,越南,自然搜索,Android,18-24,女
U07878,2024-08-04,印尼,自然搜索,Android,35-44,女
U07879,2023-06-26,泰国,自然搜索,Android,18-24,女
U07880,2023-12-26,泰国,自然搜索,Android,18-24,男
U07881,2023-10-09,越南,付费广告,Android,25-34,女
U07882,2023-03-01,印尼,付费广告,iOS,18-24,男
U07883,2024-02-08,菲律宾,自然搜索,Android,45+,男
U07884,2024-11-18,泰国,KOL推荐,iOS,35-44,女
U07885,2024-09-12,菲律宾,自然搜索,Android,25-34,男
U07886,2023-12-10,泰国,社交媒体,iOS,18-24,男
U07887,2023-04-25,越南,付费广告,iOS,25-34,男
U07888,2024-08-05,越南,付费广告,Android,25-34,男
U07889,2023-08-19,越南,内容营销,iOS,25-34,男
U07890,2024-10-06,泰国,自然搜索,Android,18-24,女
U07891,2024-04-23,印尼,付费广告,iOS,25-34,男
U07892,2023-09-11,菲律宾,内容营销,Android,25-34,女
U07893,2023-03-14,越南,社交媒体,iOS,45+,女
U07894,2023-05-21,印尼,付费广告,iOS,45+,女
U07895,2024-09-06,菲律宾,付费广告,iOS,25-34,女
U07896,2023-01-13,印尼,社交媒体,Android,25-34,女
U07897,2023-09-28,印尼,内容营销,Android,18-24,女
U07898,2023-03-06,越南,自然搜索,Android,18-24,男
U07899,2024-08-23,菲律宾,自然搜索,Android,45+,女
U07900,2023-08-04,印尼,付费广告,Android,35-44,女
U07901,2023-06-12,泰国,自然搜索,Android,18-24,女
U07902,2023-12-26,越南,付费广告,iOS,25-34,男
U07903,2023-07-28,菲律宾,自然搜索,iOS,45+,男
U07904,2024-04-07,泰国,自然搜索,iOS,25-34,女
U07905,2024-12-03,马来西亚,自然搜索,iOS,18-24,女
U07906,2024-01-20,泰国,内容营销,Android,45+,女
U07907,2023-09-11,菲律宾,自然搜索,Android,25-34,女
U07908,2023-07-23,越南,自然搜索,Android,25-34,女
U07909,2024-03-01,印尼,自然搜索,Android,18-24,男
U07910,2023-02-01,菲律宾,内容营销,Android,35-44,女
U07911,2024-03-04,越南,KOL推荐,Android,35-44,男
U07912,2023-04-14,印尼,KOL推荐,iOS,25-34,女
U07913,2023-05-21,泰国,自然搜索,iOS,18-24,男
U07914,2023-01-15,泰国,KOL推荐,iOS,25-34,男
U07915,2023-07-16,泰国,付费广告,iOS,18-24,男
U07916,2024-10-24,印尼,付费广告,Android,18-24,女
U07917,2024-02-15,泰国,社交媒体,Android,25-34,女
U07918,2024-03-20,泰国,KOL推荐,iOS,18-24,男
U07919,2023-01-28,越南,KOL推荐,Android,45+,女
U07920,2024-07-25,印尼,内容营销,Android,18-24,女
U07921,2023-07-18,印尼,内容营销,iOS,25-34,女
U07922,2024-03-13,泰国,自然搜索,iOS,18-24,女
U07923,2024-07-18,泰国,付费广告,Android,35-44,男
U07924,2023-04-18,马来西亚,自然搜索,Android,18-24,男
U07925,2023-04-27,越南,内容营销,iOS,25-34,男
U07926,2024-04-14,菲律宾,自然搜索,iOS,35-44,女
U07927,2024-02-07,菲律宾,内容营销,iOS,45+,男
U07928,2024-01-24,菲律宾,付费广告,iOS,35-44,女
U07929,2024-02-10,泰国,付费广告,Android,18-24,男
U07930,2024-01-06,菲律宾,自然搜索,iOS,18-24,男
U07931,2023-11-25,菲律宾,付费广告,iOS,35-44,女
U07932,2023-06-27,印尼,内容营销,iOS,18-24,女
U07933,2023-11-19,越南,自然搜索,Android,25-34,男
U07934,2024-05-25,越南,付费广告,iOS,45+,女
U07935,2023-03-01,泰国,自然搜索,iOS,35-44,女
U07936,2024-04-12,印尼,付费广告,Android,35-44,女
U07937,2024-02-18,印尼,自然搜索,iOS,35-44,男
U07938,2023-03-24,越南,付费广告,iOS,25-34,男
U07939,2023-08-18,印尼,内容营销,iOS,35-44,女
U07940,2024-04-15,越南,付费广告,Android,25-34,女
U07941,2024-10-02,印尼,付费广告,Android,45+,女
U07942,2024-04-23,马来西亚,社交媒体,iOS,18-24,女
U07943,2023-10-27,泰国,自然搜索,iOS,25-34,女
U07944,2023-11-19,越南,付费广告,iOS,18-24,男
U07945,2024-12-19,泰国,付费广告,Android,18-24,男
U07946,2023-10-22,印尼,自然搜索,Android,25-34,男
U07947,2024-05-24,印尼,社交媒体,Android,25-34,女
U07948,2024-11-01,马来西亚,付费广告,Android,25-34,女
U07949,2023-07-16,越南,KOL推荐,Android,25-34,女
U07950,2023-11-21,马来西亚,内容营销,Android,25-34,女
U07951,2024-06-01,泰国,自然搜索,Android,18-24,女
U07952,2023-02-22,印尼,付费广告,Android,25-34,男
U07953,2023-02-06,泰国,付费广告,iOS,35-44,男
U07954,2024-12-08,菲律宾,自然搜索,Android,25-34,男
U07955,2024-10-21,印尼,KOL推荐,Android,25-34,女
U07956,2024-08-14,印尼,KOL推荐,Android,25-34,女
U07957,2024-10-21,菲律宾,付费广告,iOS,35-44,男
U07958,2024-08-22,泰国,付费广告,Android,35-44,女
U07959,2023-08-26,泰国,自然搜索,Android,18-24,女
U07960,2024-05-25,菲律宾,社交媒体,Android,35-44,男
U07961,2023-05-27,越南,KOL推荐,iOS,35-44,女
U07962,2023-03-24,泰国,社交媒体,iOS,35-44,男
U07963,2024-12-25,越南,付费广告,iOS,25-34,女
U07964,2024-06-10,印尼,社交媒体,Android,35-44,女
U07965,2023-04-10,泰国,付费广告,Android,25-34,男
U07966,2024-06-13,越南,付费广告,iOS,35-44,女
U07967,2024-10-17,泰国,付费广告,iOS,35-44,男
U07968,2024-02-26,越南,付费广告,Android,35-44,男
U07969,2024-07-18,菲律宾,社交媒体,iOS,25-34,女
U07970,2024-11-08,马来西亚,内容营销,Android,35-44,女
U07971,2024-06-16,印尼,自然搜索,Android,18-24,男
U07972,2023-11-17,泰国,内容营销,iOS,18-24,男
U07973,2024-06-19,马来西亚,付费广告,Android,25-34,女
U07974,2024-06-14,印尼,社交媒体,iOS,35-44,男
U07975,2024-05-08,泰国,内容营销,Android,18-24,男
U07976,2024-03-17,马来西亚,付费广告,iOS,25-34,男
U07977,2024-09-11,菲律宾,KOL推荐,Android,18-24,女
U07978,2023-06-23,印尼,自然搜索,Android,25-34,女
U07979,2024-07-16,印尼,自然搜索,Android,35-44,男
U07980,2023-12-15,泰国,社交媒体,iOS,35-44,女
U07981,2023-11-07,泰国,内容营销,iOS,25-34,男
U07982,2024-12-10,印尼,内容营销,Android,45+,女
U07983,2024-07-05,泰国,社交媒体,Android,35-44,男
U07984,2024-05-25,越南,付费广告,iOS,35-44,男
U07985,2024-12-19,菲律宾,付费广告,iOS,35-44,女
U07986,2023-04-01,菲律宾,内容营销,iOS,45+,男
U07987,2024-02-17,越南,付费广告,Android,35-44,男
U07988,2024-02-06,菲律宾,社交媒体,iOS,25-34,女
U07989,2024-10-25,菲律宾,付费广告,iOS,25-34,女
U07990,2023-05-03,印尼,社交媒体,iOS,35-44,男
U07991,2024-10-24,泰国,付费广告,iOS,25-34,女
U07992,2024-03-07,越南,内容营销,iOS,25-34,女
U07993,2023-11-10,越南,社交媒体,Android,25-34,女
U07994,2024-02-03,泰国,内容营销,iOS,25-34,女
U07995,2024-02-17,越南,自然搜索,Android,25-34,女
U07996,2023-04-06,泰国,社交媒体,iOS,35-44,女
U07997,2024-08-05,越南,社交媒体,iOS,35-44,男
U07998,2023-10-07,马来西亚,社交媒体,iOS,18-24,男
U07999,2024-03-21,泰国,内容营销,Android,18-24,女
