user_id,event_type,event_date,page_id,duration_seconds
U00000,register,2024-12-21,page_059,9
U00000,app_open,2024-12-21,page_075,31
U00001,register,2023-01-20,page_031,17
U00001,app_open,2023-01-20,page_019,23
U00001,browse,2023-01-20,page_004,163
U00002,register,2023-03-13,page_054,20
U00002,app_open,2023-03-13,page_075,29
U00002,browse,2023-03-13,page_091,217
U00002,share,2023-03-22,page_064,20
U00003,register,2023-07-06,page_085,29
U00003,app_open,2023-07-06,page_018,34
U00004,register,2023-06-02,page_094,18
U00004,app_open,2023-06-02,page_049,21
U00005,register,2024-04-06,page_041,13
U00006,register,2023-08-21,page_004,16
U00006,app_open,2023-08-21,page_059,58
U00006,browse,2023-08-21,page_042,148
U00007,register,2023-11-18,page_072,7
U00007,app_open,2023-11-18,page_027,30
U00007,browse,2023-11-18,page_037,89
U00007,share,2023-12-07,page_056,23
U00008,register,2024-11-06,page_016,10
U00008,app_open,2024-11-06,page_052,43
U00008,browse,2024-11-06,page_077,73
U00009,register,2024-02-15,page_098,11
U00009,app_open,2024-02-15,page_092,12
U00009,browse,2024-02-15,page_025,159
U00010,register,2023-11-27,page_002,29
U00010,app_open,2023-11-27,page_051,10
U00010,browse,2023-11-27,page_017,203
U00011,register,2024-03-13,page_090,18
U00011,app_open,2024-03-13,page_087,36
U00011,browse,2024-03-13,page_082,286
U00012,register,2023-06-04,page_007,16
U00013,register,2024-02-13,page_079,24
U00013,app_open,2024-02-13,page_099,47
U00013,browse,2024-02-13,page_062,157
U00013,add_to_cart,2024-02-13,page_093,82
U00014,register,2023-10-25,page_056,22
U00014,app_open,2023-10-25,page_084,47
U00014,browse,2023-10-25,page_093,45
U00014,add_to_cart,2023-10-25,page_033,119
U00015,register,2024-10-12,page_019,22
U00016,register,2024-12-08,page_079,15
U00017,register,2024-08-05,page_057,17
U00017,app_open,2024-08-05,page_045,23
U00018,register,2023-02-20,page_030,19
U00018,app_open,2023-02-20,page_048,55
U00019,register,2023-12-06,page_075,17
U00020,register,2024-03-18,page_087,13
U00021,register,2024-06-10,page_095,24
U00021,app_open,2024-06-10,page_057,53
U00021,browse,2024-06-10,page_054,100
U00021,share,2024-06-30,page_028,13
U00022,register,2023-07-10,page_090,13
U00022,app_open,2023-07-10,page_011,12
U00022,browse,2023-07-10,page_064,236
U00023,register,2023-05-16,page_044,20
U00024,register,2024-07-03,page_064,22
U00024,app_open,2024-07-03,page_080,53
U00025,register,2023-07-19,page_088,13
U00025,app_open,2023-07-19,page_014,55
U00025,browse,2023-07-19,page_059,144
U00026,register,2023-12-10,page_019,16
U00026,app_open,2023-12-10,page_053,35
U00026,browse,2023-12-10,page_052,140
U00026,share,2024-01-03,page_045,17
U00027,register,2023-05-02,page_040,24
U00028,register,2023-03-14,page_057,7
U00028,app_open,2023-03-14,page_005,26
U00029,register,2024-03-20,page_082,15
U00029,app_open,2024-03-20,page_085,56
U00029,browse,2024-03-20,page_082,227
U00029,add_to_cart,2024-03-20,page_032,18
U00030,register,2024-01-17,page_035,24
U00031,register,2024-08-04,page_033,18
U00031,app_open,2024-08-04,page_010,21
U00031,browse,2024-08-04,page_052,270
U00032,register,2024-07-26,page_051,24
U00032,app_open,2024-07-26,page_036,39
U00032,browse,2024-07-26,page_093,240
U00032,add_to_cart,2024-07-26,page_090,39
U00033,register,2024-03-15,page_069,28
U00033,app_open,2024-03-15,page_032,50
U00034,register,2023-09-03,page_004,11
U00034,app_open,2023-09-03,page_043,40
U00034,browse,2023-09-03,page_067,186
U00035,register,2023-02-07,page_002,23
U00035,app_open,2023-02-07,page_061,31
U00036,register,2023-09-22,page_050,22
U00036,app_open,2023-09-22,page_091,42
U00036,browse,2023-09-22,page_088,252
U00037,register,2023-05-17,page_077,6
U00037,app_open,2023-05-17,page_015,27
U00038,register,2023-03-09,page_030,18
U00038,app_open,2023-03-09,page_001,14
U00038,browse,2023-03-09,page_036,149
U00039,register,2023-08-09,page_019,17
U00039,app_open,2023-08-09,page_044,58
U00039,browse,2023-08-09,page_035,169
U00040,register,2024-12-17,page_079,9
U00040,app_open,2024-12-17,page_081,56
U00040,share,2025-01-04,page_071,17
U00041,register,2024-12-08,page_040,6
U00041,app_open,2024-12-08,page_066,50
U00041,browse,2024-12-08,page_027,67
U00041,add_to_cart,2024-12-08,page_083,24
U00042,register,2024-09-14,page_016,9
U00043,register,2024-10-16,page_064,7
U00043,app_open,2024-10-16,page_032,19
U00043,browse,2024-10-16,page_008,46
U00043,share,2024-10-20,page_029,23
U00044,register,2024-06-17,page_047,15
U00045,register,2024-12-07,page_051,6
U00045,app_open,2024-12-07,page_049,21
U00046,register,2024-08-15,page_011,18
U00046,app_open,2024-08-15,page_035,46
U00047,register,2023-07-02,page_040,6
U00047,app_open,2023-07-02,page_075,50
U00047,browse,2023-07-02,page_058,277
U00047,share,2023-07-15,page_011,29
U00048,register,2023-02-07,page_059,5
U00049,register,2024-07-06,page_035,17
U00049,app_open,2024-07-06,page_071,24
U00050,register,2023-12-15,page_012,29
U00050,app_open,2023-12-15,page_003,18
U00051,register,2024-01-07,page_069,14
U00051,app_open,2024-01-07,page_077,45
U00052,register,2023-07-15,page_043,24
U00053,register,2023-04-03,page_090,7
U00053,app_open,2023-04-03,page_068,53
U00053,browse,2023-04-03,page_044,44
U00053,add_to_cart,2023-04-03,page_046,59
U00053,share,2023-04-21,page_003,9
U00054,register,2023-01-07,page_072,16
U00055,register,2023-09-01,page_076,12
U00055,app_open,2023-09-01,page_090,56
U00056,register,2023-05-15,page_051,23
U00056,app_open,2023-05-15,page_083,15
U00056,browse,2023-05-15,page_025,232
U00057,register,2023-04-10,page_025,18
U00057,app_open,2023-04-10,page_092,29
U00057,browse,2023-04-10,page_030,186
U00058,register,2023-02-23,page_086,23
U00058,app_open,2023-02-23,page_015,41
U00058,browse,2023-02-23,page_071,123
U00059,register,2023-07-24,page_052,12
U00059,app_open,2023-07-24,page_091,18
U00059,browse,2023-07-24,page_089,215
U00059,add_to_cart,2023-07-24,page_014,58
U00060,register,2024-07-06,page_022,21
U00060,app_open,2024-07-06,page_005,14
U00061,register,2024-03-20,page_038,6
U00062,register,2023-12-11,page_025,17
U00062,app_open,2023-12-11,page_098,40
U00062,browse,2023-12-11,page_061,127
U00062,add_to_cart,2023-12-11,page_068,97
U00063,register,2023-03-20,page_019,20
U00063,app_open,2023-03-20,page_086,17
U00063,browse,2023-03-20,page_097,147
U00064,register,2024-05-07,page_075,6
U00065,register,2024-11-23,page_069,18
U00065,app_open,2024-11-23,page_079,43
U00066,register,2024-06-17,page_068,13
U00066,app_open,2024-06-17,page_048,25
U00066,browse,2024-06-17,page_002,141
U00066,add_to_cart,2024-06-17,page_003,68
U00067,register,2024-04-25,page_077,17
U00067,app_open,2024-04-25,page_036,40
U00067,browse,2024-04-25,page_091,44
U00067,add_to_cart,2024-04-25,page_084,35
U00068,register,2023-02-05,page_049,25
U00068,app_open,2023-02-05,page_036,29
U00068,browse,2023-02-05,page_013,147
U00068,add_to_cart,2023-02-05,page_095,69
U00069,register,2024-09-13,page_044,17
U00069,app_open,2024-09-13,page_049,40
U00069,browse,2024-09-13,page_027,257
U00070,register,2023-11-24,page_040,22
U00070,app_open,2023-11-24,page_046,44
U00070,browse,2023-11-24,page_046,109
U00071,register,2023-01-27,page_080,11
U00071,app_open,2023-01-27,page_030,38
U00072,register,2024-11-03,page_036,17
U00072,app_open,2024-11-03,page_003,12
U00072,browse,2024-11-03,page_097,37
U00073,register,2024-06-21,page_064,7
U00073,app_open,2024-06-21,page_011,16
U00073,browse,2024-06-21,page_062,88
U00074,register,2023-04-09,page_031,14
U00075,register,2023-11-17,page_074,28
U00075,app_open,2023-11-17,page_017,33
U00075,browse,2023-11-17,page_069,152
U00076,register,2023-11-03,page_093,25
U00077,register,2024-07-20,page_006,15
U00077,app_open,2024-07-20,page_083,44
U00077,browse,2024-07-20,page_041,296
U00077,add_to_cart,2024-07-20,page_028,87
U00078,register,2024-11-21,page_088,18
U00079,register,2023-11-26,page_006,23
U00080,register,2024-02-06,page_078,10
U00080,app_open,2024-02-06,page_082,33
U00080,browse,2024-02-06,page_053,220
U00080,add_to_cart,2024-02-06,page_078,98
U00080,share,2024-02-25,page_077,12
U00081,register,2024-07-21,page_078,15
U00081,app_open,2024-07-21,page_066,57
U00081,browse,2024-07-21,page_093,223
U00081,add_to_cart,2024-07-21,page_026,23
U00082,register,2024-03-28,page_030,12
U00082,app_open,2024-03-28,page_012,50
U00082,browse,2024-03-28,page_033,140
U00082,add_to_cart,2024-03-28,page_048,44
U00083,register,2023-11-18,page_050,17
U00083,app_open,2023-11-18,page_052,17
U00083,browse,2023-11-18,page_048,212
U00084,register,2023-04-28,page_029,16
U00084,app_open,2023-04-28,page_097,30
U00084,browse,2023-04-28,page_008,63
U00084,share,2023-05-16,page_087,8
U00085,register,2024-07-03,page_053,7
U00085,app_open,2024-07-03,page_025,56
U00085,browse,2024-07-03,page_021,169
U00086,register,2023-12-04,page_036,15
U00086,app_open,2023-12-04,page_009,15
U00086,browse,2023-12-04,page_021,207
U00087,register,2024-12-12,page_058,25
U00087,app_open,2024-12-12,page_002,38
U00087,browse,2024-12-12,page_006,224
U00087,add_to_cart,2024-12-12,page_077,93
U00088,register,2024-12-01,page_042,17
U00089,register,2024-04-21,page_041,27
U00089,app_open,2024-04-21,page_030,51
U00090,register,2023-02-26,page_013,28
U00090,app_open,2023-02-26,page_059,20
U00091,register,2024-10-03,page_092,10
U00091,app_open,2024-10-03,page_015,17
U00092,register,2024-04-26,page_079,5
U00093,register,2023-10-09,page_053,19
U00093,app_open,2023-10-09,page_060,29
U00093,browse,2023-10-09,page_097,243
U00094,register,2024-02-25,page_098,18
U00094,app_open,2024-02-25,page_094,30
U00094,browse,2024-02-25,page_014,43
U00094,add_to_cart,2024-02-25,page_028,73
U00095,register,2023-08-02,page_040,16
U00095,app_open,2023-08-02,page_035,46
U00095,share,2023-08-24,page_098,13
U00096,register,2023-11-02,page_093,29
U00096,app_open,2023-11-02,page_071,51
U00097,register,2024-03-18,page_015,21
U00097,app_open,2024-03-18,page_046,54
U00097,browse,2024-03-18,page_016,149
U00098,register,2023-05-28,page_009,20
U00098,app_open,2023-05-28,page_015,21
U00098,browse,2023-05-28,page_089,256
U00099,register,2023-07-23,page_011,24
U00099,app_open,2023-07-23,page_065,59
U00099,browse,2023-07-23,page_008,221
U00099,add_to_cart,2023-07-23,page_087,99
U00100,register,2024-07-19,page_012,20
U00100,app_open,2024-07-19,page_050,16
U00100,browse,2024-07-19,page_011,293
U00101,register,2024-04-19,page_067,14
U00101,app_open,2024-04-19,page_031,55
U00101,browse,2024-04-19,page_080,70
U00101,add_to_cart,2024-04-19,page_058,83
U00102,register,2024-05-13,page_084,13
U00102,app_open,2024-05-13,page_094,29
U00102,browse,2024-05-13,page_011,192
U00103,register,2023-08-28,page_056,22
U00103,app_open,2023-08-28,page_033,30
U00103,browse,2023-08-28,page_085,217
U00103,add_to_cart,2023-08-28,page_091,86
U00104,register,2023-11-18,page_007,22
U00104,app_open,2023-11-18,page_009,38
U00104,browse,2023-11-18,page_072,145
U00104,add_to_cart,2023-11-18,page_098,112
U00105,register,2023-11-23,page_077,24
U00105,app_open,2023-11-23,page_097,35
U00106,register,2023-09-14,page_081,10
U00106,app_open,2023-09-14,page_062,43
U00106,browse,2023-09-14,page_079,90
U00107,register,2023-02-17,page_009,17
U00107,app_open,2023-02-17,page_028,52
U00107,share,2023-03-01,page_076,21
U00108,register,2024-09-16,page_052,23
U00108,app_open,2024-09-16,page_044,47
U00108,browse,2024-09-16,page_020,80
U00108,share,2024-10-12,page_055,20
U00109,register,2023-05-01,page_010,24
U00110,register,2023-09-03,page_041,20
U00110,app_open,2023-09-03,page_091,17
U00110,browse,2023-09-03,page_056,273
U00111,register,2024-02-18,page_062,23
U00111,app_open,2024-02-18,page_021,52
U00111,share,2024-03-14,page_099,16
U00112,register,2023-12-23,page_070,24
U00112,app_open,2023-12-23,page_035,10
U00112,browse,2023-12-23,page_039,141
U00113,register,2024-02-28,page_045,18
U00113,app_open,2024-02-28,page_072,17
U00113,share,2024-03-04,page_040,26
U00114,register,2024-04-05,page_028,16
U00115,register,2024-08-20,page_099,24
U00116,register,2024-03-09,page_022,29
U00116,app_open,2024-03-09,page_027,28
U00116,browse,2024-03-09,page_030,248
U00116,add_to_cart,2024-03-09,page_038,55
U00117,register,2024-05-12,page_038,29
U00117,app_open,2024-05-12,page_053,46
U00117,browse,2024-05-12,page_053,149
U00117,add_to_cart,2024-05-12,page_074,115
U00117,share,2024-06-07,page_026,24
U00118,register,2024-01-10,page_062,8
U00118,app_open,2024-01-10,page_073,27
U00118,browse,2024-01-10,page_058,298
U00118,add_to_cart,2024-01-10,page_027,67
U00118,share,2024-02-06,page_044,14
U00119,register,2023-07-27,page_034,12
U00119,app_open,2023-07-27,page_072,53
U00120,register,2024-12-21,page_033,29
U00120,app_open,2024-12-21,page_092,15
U00120,browse,2024-12-21,page_046,108
U00120,share,2025-01-08,page_054,15
U00121,register,2023-07-08,page_037,25
U00121,app_open,2023-07-08,page_012,28
U00121,browse,2023-07-08,page_047,286
U00121,add_to_cart,2023-07-08,page_016,69
U00122,register,2024-12-15,page_072,25
U00122,app_open,2024-12-15,page_059,30
U00122,browse,2024-12-15,page_032,164
U00122,add_to_cart,2024-12-15,page_017,107
U00123,register,2024-09-18,page_098,25
U00123,app_open,2024-09-18,page_005,32
U00123,browse,2024-09-18,page_028,35
U00123,add_to_cart,2024-09-18,page_011,26
U00124,register,2024-10-01,page_078,27
U00124,app_open,2024-10-01,page_057,46
U00125,register,2023-10-22,page_034,8
U00125,app_open,2023-10-22,page_024,10
U00125,browse,2023-10-22,page_029,261
U00125,add_to_cart,2023-10-22,page_073,64
U00126,register,2024-07-03,page_068,26
U00126,app_open,2024-07-03,page_027,30
U00126,browse,2024-07-03,page_026,202
U00127,register,2023-07-04,page_020,8
U00127,app_open,2023-07-04,page_022,56
U00127,browse,2023-07-04,page_035,187
U00127,add_to_cart,2023-07-04,page_077,19
U00128,register,2023-05-06,page_064,7
U00129,register,2023-10-12,page_061,13
U00129,app_open,2023-10-12,page_068,29
U00129,browse,2023-10-12,page_004,214
U00129,add_to_cart,2023-10-12,page_066,64
U00129,share,2023-10-18,page_068,15
U00130,register,2024-02-22,page_072,16
U00130,app_open,2024-02-22,page_082,29
U00130,browse,2024-02-22,page_095,232
U00130,add_to_cart,2024-02-22,page_040,61
U00131,register,2023-02-03,page_009,13
U00131,app_open,2023-02-03,page_067,31
U00131,browse,2023-02-03,page_026,153
U00131,add_to_cart,2023-02-03,page_007,58
U00132,register,2023-01-03,page_004,10
U00132,app_open,2023-01-03,page_039,26
U00132,browse,2023-01-03,page_074,259
U00133,register,2024-12-15,page_081,28
U00133,app_open,2024-12-15,page_069,53
U00133,browse,2024-12-15,page_017,197
U00133,add_to_cart,2024-12-15,page_028,68
U00134,register,2024-04-20,page_001,22
U00134,app_open,2024-04-20,page_079,39
U00134,browse,2024-04-20,page_083,61
U00134,add_to_cart,2024-04-20,page_034,108
U00135,register,2023-02-20,page_007,24
U00135,app_open,2023-02-20,page_031,43
U00136,register,2024-04-15,page_001,25
U00136,app_open,2024-04-15,page_023,55
U00136,share,2024-04-26,page_082,9
U00137,register,2023-07-25,page_007,19
U00137,app_open,2023-07-25,page_039,16
U00137,browse,2023-07-25,page_070,264
U00137,add_to_cart,2023-07-25,page_007,78
U00138,register,2023-05-05,page_053,23
U00138,app_open,2023-05-05,page_067,18
U00138,browse,2023-05-05,page_057,41
U00139,register,2024-09-26,page_047,12
U00139,app_open,2024-09-26,page_031,10
U00139,browse,2024-09-26,page_031,211
U00140,register,2023-09-23,page_086,20
U00140,app_open,2023-09-23,page_099,12
U00140,browse,2023-09-23,page_056,298
U00140,add_to_cart,2023-09-23,page_024,75
U00141,register,2024-02-19,page_088,27
U00141,app_open,2024-02-19,page_084,20
U00141,browse,2024-02-19,page_022,242
U00142,register,2024-06-09,page_002,25
U00143,register,2023-03-11,page_090,11
U00144,register,2024-12-15,page_066,6
U00144,app_open,2024-12-15,page_017,52
U00145,register,2023-04-21,page_022,25
U00145,app_open,2023-04-21,page_087,32
U00145,browse,2023-04-21,page_049,290
U00145,add_to_cart,2023-04-21,page_059,37
U00145,share,2023-04-25,page_029,15
U00146,register,2024-12-05,page_080,7
U00146,app_open,2024-12-05,page_010,31
U00146,share,2024-12-11,page_096,22
U00147,register,2024-06-22,page_012,10
U00148,register,2024-11-12,page_068,18
U00148,app_open,2024-11-12,page_067,27
U00148,browse,2024-11-12,page_056,111
U00148,add_to_cart,2024-11-12,page_011,37
U00149,register,2023-01-26,page_037,18
U00150,register,2024-10-20,page_091,11
U00150,app_open,2024-10-20,page_010,55
U00150,browse,2024-10-20,page_012,95
U00151,register,2023-02-09,page_022,25
U00151,app_open,2023-02-09,page_016,32
U00151,browse,2023-02-09,page_041,203
U00152,register,2024-10-25,page_033,18
U00152,app_open,2024-10-25,page_007,57
U00152,browse,2024-10-25,page_062,222
U00152,add_to_cart,2024-10-25,page_014,42
U00153,register,2024-06-05,page_096,28
U00153,app_open,2024-06-05,page_056,22
U00153,browse,2024-06-05,page_095,86
U00153,add_to_cart,2024-06-05,page_053,25
U00154,register,2024-10-14,page_077,20
U00154,app_open,2024-10-14,page_055,35
U00154,browse,2024-10-14,page_079,117
U00154,share,2024-10-21,page_093,10
U00155,register,2023-11-21,page_019,23
U00155,app_open,2023-11-21,page_019,22
U00155,browse,2023-11-21,page_037,153
U00156,register,2024-10-03,page_037,13
U00156,app_open,2024-10-03,page_002,55
U00156,browse,2024-10-03,page_060,98
U00157,register,2023-09-02,page_084,9
U00158,register,2024-02-28,page_096,14
U00158,app_open,2024-02-28,page_058,10
U00159,register,2023-02-21,page_019,5
U00159,app_open,2023-02-21,page_089,58
U00160,register,2023-10-19,page_037,12
U00160,app_open,2023-10-19,page_071,46
U00160,browse,2023-10-19,page_045,151
U00161,register,2023-02-16,page_062,25
U00162,register,2023-06-12,page_010,24
U00162,app_open,2023-06-12,page_011,23
U00162,browse,2023-06-12,page_008,143
U00163,register,2024-10-07,page_065,17
U00163,app_open,2024-10-07,page_077,35
U00163,browse,2024-10-07,page_029,273
U00163,share,2024-11-04,page_083,7
U00164,register,2023-04-08,page_004,27
U00164,app_open,2023-04-08,page_089,46
U00164,browse,2023-04-08,page_058,71
U00164,add_to_cart,2023-04-08,page_085,101
U00165,register,2024-07-10,page_057,15
U00165,app_open,2024-07-10,page_011,43
U00165,browse,2024-07-10,page_082,224
U00166,register,2023-01-05,page_064,22
U00166,app_open,2023-01-05,page_083,17
U00166,browse,2023-01-05,page_089,96
U00166,share,2023-01-18,page_037,27
U00167,register,2023-06-27,page_008,17
U00167,app_open,2023-06-27,page_086,42
U00167,browse,2023-06-27,page_004,282
U00167,add_to_cart,2023-06-27,page_026,82
U00168,register,2024-07-18,page_036,13
U00168,app_open,2024-07-18,page_088,46
U00168,browse,2024-07-18,page_085,101
U00168,add_to_cart,2024-07-18,page_091,95
U00168,share,2024-07-22,page_093,20
U00169,register,2024-07-19,page_038,5
U00169,app_open,2024-07-19,page_049,23
U00169,browse,2024-07-19,page_057,100
U00169,add_to_cart,2024-07-19,page_079,90
U00170,register,2024-11-01,page_080,14
U00170,app_open,2024-11-01,page_075,59
U00170,browse,2024-11-01,page_063,227
U00170,add_to_cart,2024-11-01,page_093,94
U00170,share,2024-11-06,page_061,23
U00171,register,2024-08-11,page_097,12
U00171,app_open,2024-08-11,page_071,37
U00171,browse,2024-08-11,page_004,152
U00172,register,2023-03-10,page_049,8
U00172,app_open,2023-03-10,page_010,12
U00172,browse,2023-03-10,page_067,250
U00172,add_to_cart,2023-03-10,page_051,17
U00173,register,2023-07-17,page_019,27
U00173,app_open,2023-07-17,page_009,56
U00174,register,2024-12-26,page_016,25
U00174,app_open,2024-12-26,page_043,40
U00174,browse,2024-12-26,page_084,255
U00175,register,2024-04-07,page_026,24
U00175,app_open,2024-04-07,page_025,44
U00175,browse,2024-04-07,page_033,259
U00176,register,2024-01-12,page_028,20
U00176,app_open,2024-01-12,page_097,46
U00176,browse,2024-01-12,page_022,93
U00177,register,2023-12-08,page_042,12
U00177,app_open,2023-12-08,page_024,22
U00178,register,2023-08-13,page_099,7
U00178,app_open,2023-08-13,page_047,20
U00178,browse,2023-08-13,page_003,260
U00178,add_to_cart,2023-08-13,page_061,19
U00179,register,2023-11-25,page_081,13
U00179,app_open,2023-11-25,page_025,13
U00179,browse,2023-11-25,page_029,102
U00180,register,2023-01-25,page_083,10
U00180,app_open,2023-01-25,page_024,44
U00180,browse,2023-01-25,page_055,256
U00181,register,2024-05-19,page_075,29
U00181,app_open,2024-05-19,page_061,23
U00181,browse,2024-05-19,page_061,169
U00181,add_to_cart,2024-05-19,page_058,81
U00182,register,2024-01-23,page_085,29
U00182,app_open,2024-01-23,page_002,16
U00182,browse,2024-01-23,page_079,224
U00182,add_to_cart,2024-01-23,page_095,80
U00182,share,2024-02-04,page_049,12
U00183,register,2024-03-24,page_074,24
U00183,app_open,2024-03-24,page_093,27
U00183,browse,2024-03-24,page_046,260
U00183,add_to_cart,2024-03-24,page_029,26
U00183,share,2024-04-11,page_060,5
U00184,register,2023-12-21,page_007,13
U00184,app_open,2023-12-21,page_082,58
U00184,browse,2023-12-21,page_077,105
U00184,share,2024-01-15,page_047,24
U00185,register,2024-05-03,page_033,15
U00185,app_open,2024-05-03,page_095,58
U00185,browse,2024-05-03,page_025,100
U00185,add_to_cart,2024-05-03,page_009,49
U00185,share,2024-05-26,page_002,23
U00186,register,2023-07-02,page_095,24
U00186,app_open,2023-07-02,page_043,58
U00186,browse,2023-07-02,page_060,239
U00187,register,2023-02-25,page_003,23
U00187,app_open,2023-02-25,page_086,36
U00187,browse,2023-02-25,page_045,178
U00187,add_to_cart,2023-02-25,page_091,59
U00187,share,2023-03-13,page_054,22
U00188,register,2023-06-04,page_096,8
U00188,app_open,2023-06-04,page_057,16
U00188,browse,2023-06-04,page_030,258
U00188,add_to_cart,2023-06-04,page_061,89
U00189,register,2024-04-15,page_046,20
U00189,app_open,2024-04-15,page_037,45
U00189,browse,2024-04-15,page_067,250
U00190,register,2023-10-14,page_025,23
U00191,register,2023-09-15,page_007,5
U00191,app_open,2023-09-15,page_026,56
U00192,register,2023-07-07,page_036,14
U00192,app_open,2023-07-07,page_055,12
U00192,browse,2023-07-07,page_020,58
U00193,register,2023-08-19,page_018,12
U00193,app_open,2023-08-19,page_094,18
U00194,register,2024-06-17,page_027,5
U00194,app_open,2024-06-17,page_071,38
U00195,register,2024-06-19,page_021,17
U00196,register,2024-09-08,page_061,20
U00196,app_open,2024-09-08,page_047,49
U00196,browse,2024-09-08,page_049,142
U00196,add_to_cart,2024-09-08,page_052,90
U00197,register,2024-01-27,page_066,9
U00198,register,2023-11-19,page_041,20
U00198,app_open,2023-11-19,page_088,58
U00198,browse,2023-11-19,page_080,261
U00198,add_to_cart,2023-11-19,page_010,40
U00199,register,2023-07-27,page_095,17
U00199,app_open,2023-07-27,page_024,38
U00200,register,2023-05-05,page_020,15
U00200,app_open,2023-05-05,page_098,50
U00200,browse,2023-05-05,page_054,139
U00200,share,2023-05-10,page_002,5
U00201,register,2023-08-10,page_062,17
U00201,app_open,2023-08-10,page_062,34
U00201,browse,2023-08-10,page_009,82
U00201,add_to_cart,2023-08-10,page_096,64
U00202,register,2023-05-26,page_045,16
U00202,app_open,2023-05-26,page_044,46
U00202,browse,2023-05-26,page_022,130
U00203,register,2024-03-23,page_013,6
U00203,app_open,2024-03-23,page_072,58
U00203,browse,2024-03-23,page_043,41
U00203,add_to_cart,2024-03-23,page_085,89
U00204,register,2024-04-28,page_056,12
U00205,register,2023-10-24,page_051,10
U00206,register,2023-08-19,page_015,26
U00206,app_open,2023-08-19,page_059,31
U00206,browse,2023-08-19,page_033,248
U00207,register,2023-04-14,page_095,20
U00208,register,2023-08-21,page_090,8
U00209,register,2024-02-12,page_067,29
U00210,register,2023-01-23,page_086,11
U00210,app_open,2023-01-23,page_038,53
U00211,register,2024-07-18,page_082,24
U00211,app_open,2024-07-18,page_055,15
U00212,register,2023-12-10,page_081,11
U00212,app_open,2023-12-10,page_072,32
U00212,browse,2023-12-10,page_066,180
U00212,add_to_cart,2023-12-10,page_033,50
U00213,register,2024-09-01,page_042,24
U00213,app_open,2024-09-01,page_053,17
U00213,browse,2024-09-01,page_031,286
U00214,register,2024-02-09,page_052,19
U00214,app_open,2024-02-09,page_003,56
U00215,register,2024-03-21,page_098,27
U00215,app_open,2024-03-21,page_098,19
U00215,browse,2024-03-21,page_050,66
U00216,register,2024-10-23,page_028,27
U00217,register,2024-02-09,page_007,24
U00217,app_open,2024-02-09,page_084,12
U00218,register,2023-11-05,page_050,13
U00219,register,2023-12-16,page_064,11
U00219,app_open,2023-12-16,page_049,50
U00220,register,2024-08-28,page_078,10
U00220,app_open,2024-08-28,page_060,35
U00220,browse,2024-08-28,page_084,193
U00221,register,2023-03-05,page_091,29
U00222,register,2024-07-05,page_061,7
U00222,app_open,2024-07-05,page_071,54
U00222,browse,2024-07-05,page_010,155
U00222,add_to_cart,2024-07-05,page_073,98
U00223,register,2024-12-18,page_044,13
U00223,app_open,2024-12-18,page_049,52
U00224,register,2023-04-24,page_069,23
U00224,app_open,2023-04-24,page_061,36
U00224,browse,2023-04-24,page_025,212
U00224,add_to_cart,2023-04-24,page_037,24
U00225,register,2024-03-05,page_063,25
U00225,app_open,2024-03-05,page_038,53
U00226,register,2023-08-16,page_081,27
U00226,app_open,2023-08-16,page_068,44
U00226,browse,2023-08-16,page_048,198
U00226,share,2023-09-14,page_082,11
U00227,register,2024-10-01,page_093,17
U00227,app_open,2024-10-01,page_050,21
U00227,browse,2024-10-01,page_091,124
U00227,add_to_cart,2024-10-01,page_042,61
U00228,register,2023-05-26,page_042,10
U00228,app_open,2023-05-26,page_025,40
U00228,browse,2023-05-26,page_061,47
U00228,add_to_cart,2023-05-26,page_014,64
U00229,register,2024-06-16,page_082,27
U00229,app_open,2024-06-16,page_051,41
U00229,browse,2024-06-16,page_009,251
U00229,add_to_cart,2024-06-16,page_027,47
U00230,register,2024-11-10,page_065,16
U00230,app_open,2024-11-10,page_079,32
U00230,browse,2024-11-10,page_009,258
U00230,add_to_cart,2024-11-10,page_086,20
U00230,share,2024-11-18,page_054,16
U00231,register,2023-04-18,page_024,24
U00231,app_open,2023-04-18,page_064,32
U00231,browse,2023-04-18,page_023,190
U00231,add_to_cart,2023-04-18,page_099,35
U00232,register,2024-05-21,page_068,6
U00232,app_open,2024-05-21,page_002,57
U00232,browse,2024-05-21,page_094,151
U00232,add_to_cart,2024-05-21,page_003,68
U00233,register,2024-01-08,page_033,16
U00233,app_open,2024-01-08,page_062,41
U00233,share,2024-01-09,page_011,28
U00234,register,2023-08-12,page_041,7
U00234,app_open,2023-08-12,page_096,44
U00234,browse,2023-08-12,page_089,169
U00234,add_to_cart,2023-08-12,page_007,70
U00235,register,2024-06-06,page_014,28
U00235,app_open,2024-06-06,page_079,31
U00235,browse,2024-06-06,page_024,39
U00236,register,2023-07-26,page_048,7
U00237,register,2024-05-05,page_029,23
U00237,app_open,2024-05-05,page_046,55
U00237,browse,2024-05-05,page_092,239
U00238,register,2024-10-23,page_077,12
U00238,app_open,2024-10-23,page_061,15
U00239,register,2024-07-08,page_079,12
U00239,app_open,2024-07-08,page_024,55
U00239,share,2024-08-03,page_023,16
U00240,register,2024-07-27,page_063,29
U00240,app_open,2024-07-27,page_062,12
U00240,browse,2024-07-27,page_067,124
U00240,add_to_cart,2024-07-27,page_008,116
U00241,register,2023-08-25,page_035,29
U00242,register,2024-09-27,page_022,18
U00242,app_open,2024-09-27,page_091,44
U00242,browse,2024-09-27,page_028,134
U00242,add_to_cart,2024-09-27,page_055,47
U00243,register,2024-07-07,page_016,15
U00244,register,2023-03-06,page_008,10
U00244,app_open,2023-03-06,page_075,52
U00244,browse,2023-03-06,page_029,159
U00245,register,2023-08-18,page_059,27
U00246,register,2024-03-24,page_026,21
U00246,app_open,2024-03-24,page_022,31
U00246,browse,2024-03-24,page_026,261
U00247,register,2024-05-04,page_044,26
U00247,app_open,2024-05-04,page_068,37
U00248,register,2023-07-17,page_022,14
U00248,app_open,2023-07-17,page_039,35
U00248,browse,2023-07-17,page_091,141
U00248,share,2023-08-07,page_075,22
U00249,register,2024-10-26,page_096,14
U00250,register,2023-06-13,page_094,15
U00250,app_open,2023-06-13,page_093,43
U00250,browse,2023-06-13,page_040,296
U00251,register,2023-07-09,page_071,6
U00251,app_open,2023-07-09,page_040,22
U00251,browse,2023-07-09,page_018,46
U00252,register,2024-11-19,page_072,8
U00252,app_open,2024-11-19,page_075,31
U00252,browse,2024-11-19,page_074,75
U00253,register,2024-08-13,page_057,8
U00253,app_open,2024-08-13,page_076,44
U00253,browse,2024-08-13,page_046,196
U00253,add_to_cart,2024-08-13,page_008,92
U00254,register,2024-03-17,page_056,14
U00254,app_open,2024-03-17,page_074,46
U00254,browse,2024-03-17,page_025,88
U00255,register,2023-05-23,page_071,26
U00255,app_open,2023-05-23,page_090,47
U00256,register,2024-07-06,page_020,27
U00256,app_open,2024-07-06,page_065,24
U00256,browse,2024-07-06,page_086,180
U00256,share,2024-07-30,page_011,9
U00257,register,2023-12-15,page_013,14
U00257,app_open,2023-12-15,page_061,44
U00258,register,2024-03-03,page_023,23
U00258,app_open,2024-03-03,page_084,27
U00258,browse,2024-03-03,page_020,109
U00258,add_to_cart,2024-03-03,page_078,112
U00258,share,2024-03-11,page_011,25
U00259,register,2023-04-05,page_013,13
U00259,app_open,2023-04-05,page_073,53
U00259,browse,2023-04-05,page_079,138
U00259,add_to_cart,2023-04-05,page_045,54
U00260,register,2023-06-06,page_059,6
U00260,app_open,2023-06-06,page_011,10
U00261,register,2024-05-28,page_011,17
U00261,app_open,2024-05-28,page_004,32
U00261,browse,2024-05-28,page_040,237
U00261,add_to_cart,2024-05-28,page_020,57
U00262,register,2023-08-19,page_019,8
U00262,app_open,2023-08-19,page_050,17
U00262,browse,2023-08-19,page_080,70
U00263,register,2024-08-24,page_014,9
U00263,app_open,2024-08-24,page_076,22
U00263,browse,2024-08-24,page_004,261
U00263,add_to_cart,2024-08-24,page_059,77
U00264,register,2024-09-22,page_045,19
U00265,register,2024-01-15,page_069,9
U00265,app_open,2024-01-15,page_051,39
U00265,browse,2024-01-15,page_021,127
U00266,register,2024-05-24,page_078,11
U00266,app_open,2024-05-24,page_032,14
U00266,browse,2024-05-24,page_039,140
U00266,add_to_cart,2024-05-24,page_064,86
U00267,register,2024-09-17,page_003,13
U00267,app_open,2024-09-17,page_074,47
U00267,browse,2024-09-17,page_061,101
U00267,add_to_cart,2024-09-17,page_095,40
U00268,register,2024-11-02,page_068,23
U00269,register,2024-10-03,page_036,22
U00269,app_open,2024-10-03,page_071,59
U00269,browse,2024-10-03,page_093,48
U00270,register,2024-10-09,page_094,29
U00270,app_open,2024-10-09,page_057,49
U00270,browse,2024-10-09,page_003,100
U00271,register,2023-06-01,page_043,29
U00271,app_open,2023-06-01,page_049,31
U00271,browse,2023-06-01,page_073,142
U00272,register,2024-10-19,page_078,7
U00272,app_open,2024-10-19,page_069,41
U00272,browse,2024-10-19,page_031,31
U00272,add_to_cart,2024-10-19,page_026,89
U00273,register,2023-04-13,page_097,15
U00273,app_open,2023-04-13,page_065,17
U00273,browse,2023-04-13,page_092,191
U00274,register,2024-08-25,page_067,6
U00274,app_open,2024-08-25,page_045,34
U00274,browse,2024-08-25,page_087,84
U00274,add_to_cart,2024-08-25,page_006,118
U00275,register,2023-08-23,page_010,10
U00275,app_open,2023-08-23,page_022,48
U00275,browse,2023-08-23,page_039,249
U00275,add_to_cart,2023-08-23,page_053,100
U00276,register,2023-05-10,page_058,10
U00277,register,2024-08-19,page_005,7
U00277,app_open,2024-08-19,page_089,37
U00278,register,2023-12-01,page_059,8
U00278,app_open,2023-12-01,page_010,57
U00278,browse,2023-12-01,page_065,132
U00279,register,2023-09-24,page_059,19
U00279,app_open,2023-09-24,page_087,22
U00279,browse,2023-09-24,page_092,196
U00279,share,2023-10-05,page_040,8
U00280,register,2024-04-17,page_020,18
U00280,app_open,2024-04-17,page_091,54
U00281,register,2024-06-14,page_032,5
U00281,app_open,2024-06-14,page_012,58
U00281,browse,2024-06-14,page_033,137
U00282,register,2024-05-01,page_045,22
U00282,app_open,2024-05-01,page_053,27
U00282,browse,2024-05-01,page_094,66
U00283,register,2024-09-15,page_072,22
U00283,app_open,2024-09-15,page_099,56
U00283,browse,2024-09-15,page_060,135
U00283,add_to_cart,2024-09-15,page_085,78
U00283,share,2024-09-22,page_002,6
U00284,register,2024-07-02,page_059,18
U00284,app_open,2024-07-02,page_090,11
U00284,browse,2024-07-02,page_084,68
U00285,register,2024-12-24,page_009,5
U00285,app_open,2024-12-24,page_030,45
U00285,browse,2024-12-24,page_081,221
U00286,register,2024-02-22,page_070,29
U00286,app_open,2024-02-22,page_099,28
U00286,browse,2024-02-22,page_010,204
U00287,register,2023-02-27,page_075,21
U00287,app_open,2023-02-27,page_092,36
U00287,share,2023-03-14,page_083,12
U00288,register,2024-03-01,page_001,9
U00288,app_open,2024-03-01,page_058,21
U00288,browse,2024-03-01,page_066,152
U00288,add_to_cart,2024-03-01,page_071,106
U00289,register,2024-10-01,page_018,18
U00289,app_open,2024-10-01,page_029,58
U00289,browse,2024-10-01,page_011,52
U00289,share,2024-10-03,page_076,14
U00290,register,2023-12-22,page_068,15
U00290,app_open,2023-12-22,page_061,16
U00290,browse,2023-12-22,page_076,130
U00290,add_to_cart,2023-12-22,page_071,86
U00291,register,2024-03-26,page_029,11
U00291,app_open,2024-03-26,page_018,37
U00291,browse,2024-03-26,page_074,142
U00291,add_to_cart,2024-03-26,page_058,44
U00292,register,2024-06-15,page_062,26
U00292,app_open,2024-06-15,page_039,33
U00293,register,2023-07-12,page_056,7
U00293,app_open,2023-07-12,page_089,43
U00293,browse,2023-07-12,page_087,162
U00293,add_to_cart,2023-07-12,page_015,82
U00294,register,2023-10-02,page_068,26
U00294,app_open,2023-10-02,page_096,29
U00295,register,2023-02-06,page_093,6
U00295,app_open,2023-02-06,page_026,11
U00295,share,2023-02-22,page_002,29
U00296,register,2024-08-06,page_039,29
U00296,app_open,2024-08-06,page_047,20
U00296,browse,2024-08-06,page_053,107
U00297,register,2024-12-27,page_089,10
U00298,register,2023-10-03,page_077,6
U00298,app_open,2023-10-03,page_089,44
U00298,browse,2023-10-03,page_020,244
U00299,register,2024-04-05,page_043,26
U00299,app_open,2024-04-05,page_082,57
U00299,browse,2024-04-05,page_052,125
U00300,register,2023-05-10,page_086,20
U00300,app_open,2023-05-10,page_008,23
U00300,share,2023-06-03,page_097,29
U00301,register,2024-11-13,page_080,7
U00301,app_open,2024-11-13,page_065,17
U00301,share,2024-11-18,page_086,18
U00302,register,2024-12-03,page_098,28
U00302,app_open,2024-12-03,page_094,59
U00303,register,2024-06-19,page_031,12
U00304,register,2023-06-27,page_025,18
U00305,register,2024-08-27,page_024,26
U00306,register,2023-01-10,page_040,16
U00306,app_open,2023-01-10,page_079,16
U00306,browse,2023-01-10,page_069,275
U00306,add_to_cart,2023-01-10,page_093,56
U00307,register,2023-10-25,page_056,16
U00307,app_open,2023-10-25,page_092,45
U00307,browse,2023-10-25,page_029,164
U00308,register,2024-10-01,page_004,29
U00308,app_open,2024-10-01,page_031,33
U00308,share,2024-10-08,page_095,18
U00309,register,2024-07-11,page_082,13
U00309,app_open,2024-07-11,page_002,45
U00309,browse,2024-07-11,page_086,31
U00309,share,2024-07-26,page_085,16
U00310,register,2024-01-17,page_011,27
U00310,app_open,2024-01-17,page_082,22
U00310,browse,2024-01-17,page_026,291
U00310,add_to_cart,2024-01-17,page_038,98
U00311,register,2024-08-18,page_062,26
U00311,app_open,2024-08-18,page_062,25
U00311,browse,2024-08-18,page_095,99
U00311,add_to_cart,2024-08-18,page_025,58
U00312,register,2023-04-15,page_050,5
U00313,register,2023-02-06,page_086,8
U00313,app_open,2023-02-06,page_079,29
U00313,browse,2023-02-06,page_078,172
U00313,add_to_cart,2023-02-06,page_007,60
U00314,register,2024-10-27,page_065,29
U00314,app_open,2024-10-27,page_099,39
U00314,browse,2024-10-27,page_082,126
U00314,add_to_cart,2024-10-27,page_054,33
U00315,register,2024-11-09,page_052,8
U00315,app_open,2024-11-09,page_028,48
U00315,browse,2024-11-09,page_048,59
U00316,register,2023-11-25,page_079,18
U00316,app_open,2023-11-25,page_068,36
U00316,browse,2023-11-25,page_082,188
U00316,add_to_cart,2023-11-25,page_065,74
U00317,register,2024-08-16,page_056,18
U00317,app_open,2024-08-16,page_078,45
U00317,browse,2024-08-16,page_039,118
U00317,add_to_cart,2024-08-16,page_062,87
U00318,register,2023-08-28,page_044,25
U00319,register,2024-05-23,page_028,21
U00319,app_open,2024-05-23,page_020,49
U00319,browse,2024-05-23,page_054,58
U00319,share,2024-06-05,page_098,10
U00320,register,2024-11-26,page_079,28
U00320,app_open,2024-11-26,page_001,23
U00320,share,2024-12-19,page_094,8
U00321,register,2023-04-07,page_045,21
U00321,app_open,2023-04-07,page_003,14
U00321,browse,2023-04-07,page_085,174
U00321,add_to_cart,2023-04-07,page_055,35
U00322,register,2023-11-27,page_034,17
U00322,app_open,2023-11-27,page_032,26
U00322,browse,2023-11-27,page_052,82
U00323,register,2023-11-11,page_027,14
U00323,app_open,2023-11-11,page_019,37
U00323,browse,2023-11-11,page_008,221
U00324,register,2024-09-21,page_053,14
U00325,register,2024-03-05,page_015,14
U00325,app_open,2024-03-05,page_093,14
U00326,register,2023-06-23,page_016,13
U00327,register,2023-05-09,page_062,18
U00327,app_open,2023-05-09,page_020,20
U00327,browse,2023-05-09,page_003,78
U00327,add_to_cart,2023-05-09,page_098,70
U00327,share,2023-05-14,page_004,19
U00328,register,2023-11-25,page_018,20
U00328,app_open,2023-11-25,page_035,19
U00328,browse,2023-11-25,page_065,265
U00329,register,2024-11-26,page_050,19
U00329,app_open,2024-11-26,page_058,20
U00329,share,2024-11-30,page_040,22
U00330,register,2023-03-20,page_005,7
U00331,register,2023-04-23,page_026,19
U00331,app_open,2023-04-23,page_095,52
U00331,browse,2023-04-23,page_083,138
U00331,add_to_cart,2023-04-23,page_013,62
U00332,register,2024-03-18,page_038,9
U00332,app_open,2024-03-18,page_063,44
U00332,browse,2024-03-18,page_028,210
U00333,register,2023-05-11,page_077,25
U00333,app_open,2023-05-11,page_034,56
U00333,browse,2023-05-11,page_095,60
U00334,register,2023-11-04,page_093,8
U00334,app_open,2023-11-04,page_042,57
U00334,browse,2023-11-04,page_080,116
U00334,add_to_cart,2023-11-04,page_033,21
U00335,register,2024-04-26,page_023,7
U00335,app_open,2024-04-26,page_026,47
U00335,browse,2024-04-26,page_022,256
U00335,add_to_cart,2024-04-26,page_089,97
U00336,register,2023-11-25,page_070,28
U00337,register,2023-01-26,page_092,8
U00337,app_open,2023-01-26,page_080,20
U00337,browse,2023-01-26,page_098,128
U00338,register,2024-01-19,page_083,5
U00338,app_open,2024-01-19,page_019,48
U00338,browse,2024-01-19,page_003,244
U00338,add_to_cart,2024-01-19,page_017,62
U00339,register,2023-06-27,page_055,21
U00339,app_open,2023-06-27,page_072,20
U00340,register,2024-08-19,page_067,23
U00340,app_open,2024-08-19,page_002,37
U00340,browse,2024-08-19,page_087,236
U00341,register,2023-06-13,page_050,10
U00341,app_open,2023-06-13,page_066,40
U00341,browse,2023-06-13,page_022,231
U00341,share,2023-07-01,page_001,18
U00342,register,2023-11-19,page_002,6
U00342,app_open,2023-11-19,page_073,31
U00342,browse,2023-11-19,page_022,50
U00342,add_to_cart,2023-11-19,page_080,64
U00343,register,2023-07-12,page_054,26
U00343,app_open,2023-07-12,page_025,48
U00344,register,2024-04-01,page_052,10
U00344,app_open,2024-04-01,page_030,43
U00344,browse,2024-04-01,page_079,159
U00345,register,2024-03-13,page_028,26
U00345,app_open,2024-03-13,page_001,21
U00345,browse,2024-03-13,page_015,134
U00345,add_to_cart,2024-03-13,page_014,42
U00345,share,2024-04-04,page_003,26
U00346,register,2023-10-18,page_072,7
U00346,app_open,2023-10-18,page_010,37
U00346,browse,2023-10-18,page_088,166
U00346,share,2023-11-11,page_028,27
U00347,register,2023-04-22,page_088,5
U00347,app_open,2023-04-22,page_070,13
U00347,browse,2023-04-22,page_011,123
U00348,register,2023-06-27,page_074,8
U00348,app_open,2023-06-27,page_025,55
U00349,register,2023-08-24,page_037,9
U00349,app_open,2023-08-24,page_060,36
U00349,browse,2023-08-24,page_024,151
U00349,add_to_cart,2023-08-24,page_093,63
U00350,register,2024-08-22,page_058,17
U00350,app_open,2024-08-22,page_012,50
U00351,register,2023-09-23,page_088,23
U00351,app_open,2023-09-23,page_053,11
U00351,browse,2023-09-23,page_030,76
U00351,add_to_cart,2023-09-23,page_007,53
U00352,register,2023-08-24,page_059,15
U00352,app_open,2023-08-24,page_099,44
U00352,share,2023-09-05,page_066,18
U00353,register,2024-06-07,page_001,29
U00354,register,2024-07-23,page_085,28
U00354,app_open,2024-07-23,page_094,29
U00354,browse,2024-07-23,page_065,166
U00354,share,2024-08-20,page_080,28
U00355,register,2024-06-01,page_015,26
U00356,register,2023-11-09,page_044,24
U00356,app_open,2023-11-09,page_063,49
U00356,browse,2023-11-09,page_082,251
U00356,add_to_cart,2023-11-09,page_093,75
U00356,share,2023-11-15,page_066,29
U00357,register,2023-10-10,page_070,29
U00357,app_open,2023-10-10,page_067,58
U00357,browse,2023-10-10,page_044,178
U00358,register,2023-01-27,page_095,9
U00358,app_open,2023-01-27,page_092,16
U00359,register,2024-05-27,page_069,23
U00360,register,2023-12-12,page_071,10
U00360,app_open,2023-12-12,page_034,30
U00360,browse,2023-12-12,page_021,260
U00360,add_to_cart,2023-12-12,page_041,36
U00360,share,2023-12-23,page_009,7
U00361,register,2024-07-17,page_034,24
U00361,app_open,2024-07-17,page_037,56
U00361,browse,2024-07-17,page_071,49
U00361,add_to_cart,2024-07-17,page_068,71
U00362,register,2023-07-23,page_025,27
U00363,register,2023-11-24,page_028,29
U00363,app_open,2023-11-24,page_027,51
U00363,browse,2023-11-24,page_033,282
U00363,add_to_cart,2023-11-24,page_088,16
U00364,register,2023-02-16,page_053,8
U00364,app_open,2023-02-16,page_026,22
U00365,register,2024-11-09,page_083,24
U00365,app_open,2024-11-09,page_089,46
U00365,share,2024-11-25,page_083,29
U00366,register,2023-10-21,page_031,14
U00366,app_open,2023-10-21,page_005,12
U00367,register,2023-10-03,page_093,29
U00367,app_open,2023-10-03,page_020,54
U00367,share,2023-10-14,page_024,28
U00368,register,2024-05-28,page_036,17
U00369,register,2024-02-19,page_072,7
U00369,app_open,2024-02-19,page_093,10
U00370,register,2024-06-18,page_022,23
U00370,app_open,2024-06-18,page_033,47
U00370,browse,2024-06-18,page_020,198
U00370,share,2024-06-19,page_034,22
U00371,register,2024-02-03,page_061,26
U00371,app_open,2024-02-03,page_020,34
U00371,browse,2024-02-03,page_039,145
U00372,register,2023-10-23,page_091,13
U00372,app_open,2023-10-23,page_051,39
U00372,browse,2023-10-23,page_026,242
U00372,add_to_cart,2023-10-23,page_045,101
U00372,share,2023-11-15,page_099,5
U00373,register,2024-01-22,page_077,14
U00374,register,2023-12-09,page_089,15
U00374,app_open,2023-12-09,page_057,22
U00374,browse,2023-12-09,page_056,286
U00374,add_to_cart,2023-12-09,page_002,53
U00375,register,2023-10-19,page_055,18
U00375,app_open,2023-10-19,page_086,38
U00375,browse,2023-10-19,page_063,290
U00375,share,2023-11-03,page_002,22
U00376,register,2024-04-21,page_028,17
U00376,app_open,2024-04-21,page_080,44
U00376,browse,2024-04-21,page_029,224
U00376,share,2024-04-27,page_043,29
U00377,register,2023-03-12,page_039,8
U00377,app_open,2023-03-12,page_049,18
U00377,browse,2023-03-12,page_056,113
U00378,register,2023-08-25,page_002,16
U00379,register,2024-03-11,page_060,10
U00379,app_open,2024-03-11,page_053,40
U00380,register,2024-11-13,page_023,24
U00380,app_open,2024-11-13,page_058,48
U00380,browse,2024-11-13,page_072,194
U00380,add_to_cart,2024-11-13,page_066,95
U00380,share,2024-12-12,page_088,28
U00381,register,2023-06-13,page_098,5
U00381,app_open,2023-06-13,page_082,21
U00382,register,2023-11-06,page_035,8
U00382,app_open,2023-11-06,page_054,10
U00383,register,2023-06-05,page_042,10
U00383,app_open,2023-06-05,page_025,52
U00383,browse,2023-06-05,page_035,223
U00384,register,2023-07-23,page_044,9
U00384,app_open,2023-07-23,page_052,41
U00384,browse,2023-07-23,page_035,205
U00385,register,2024-11-19,page_090,11
U00385,app_open,2024-11-19,page_043,21
U00386,register,2023-11-06,page_044,21
U00386,app_open,2023-11-06,page_022,39
U00387,register,2023-09-20,page_014,10
U00387,app_open,2023-09-20,page_032,49
U00388,register,2024-06-08,page_092,6
U00388,app_open,2024-06-08,page_050,35
U00388,browse,2024-06-08,page_001,213
U00388,add_to_cart,2024-06-08,page_095,18
U00389,register,2024-06-05,page_017,16
U00389,app_open,2024-06-05,page_078,26
U00389,browse,2024-06-05,page_063,208
U00390,register,2023-06-02,page_089,11
U00390,app_open,2023-06-02,page_014,12
U00390,browse,2023-06-02,page_022,51
U00390,add_to_cart,2023-06-02,page_002,104
U00391,register,2024-10-24,page_013,23
U00391,app_open,2024-10-24,page_097,56
U00391,browse,2024-10-24,page_078,131
U00391,share,2024-11-21,page_064,27
U00392,register,2023-04-19,page_082,6
U00392,app_open,2023-04-19,page_008,10
U00392,browse,2023-04-19,page_085,108
U00392,add_to_cart,2023-04-19,page_058,81
U00393,register,2023-04-16,page_027,29
U00394,register,2023-01-16,page_070,18
U00394,app_open,2023-01-16,page_013,37
U00394,browse,2023-01-16,page_081,294
U00395,register,2023-01-24,page_099,14
U00395,app_open,2023-01-24,page_005,45
U00395,browse,2023-01-24,page_027,91
U00395,add_to_cart,2023-01-24,page_080,87
U00395,share,2023-02-11,page_051,15
U00396,register,2024-05-05,page_010,28
U00396,app_open,2024-05-05,page_072,35
U00397,register,2024-04-25,page_065,20
U00397,app_open,2024-04-25,page_007,35
U00397,browse,2024-04-25,page_021,296
U00398,register,2023-03-10,page_058,8
U00398,app_open,2023-03-10,page_018,40
U00398,browse,2023-03-10,page_092,42
U00398,add_to_cart,2023-03-10,page_080,66
U00399,register,2024-06-21,page_008,8
U00399,app_open,2024-06-21,page_059,20
U00400,register,2024-06-26,page_052,16
U00400,app_open,2024-06-26,page_048,18
U00400,browse,2024-06-26,page_096,207
U00400,add_to_cart,2024-06-26,page_081,53
U00400,share,2024-07-09,page_077,16
U00401,register,2024-05-11,page_096,7
U00401,app_open,2024-05-11,page_073,42
U00401,browse,2024-05-11,page_021,53
U00401,add_to_cart,2024-05-11,page_052,38
U00401,share,2024-05-13,page_080,6
U00402,register,2023-09-11,page_013,27
U00402,app_open,2023-09-11,page_034,34
U00402,browse,2023-09-11,page_093,118
U00403,register,2023-09-17,page_081,8
U00403,app_open,2023-09-17,page_099,52
U00403,browse,2023-09-17,page_017,147
U00404,register,2024-08-05,page_004,18
U00404,app_open,2024-08-05,page_059,34
U00404,browse,2024-08-05,page_092,88
U00404,add_to_cart,2024-08-05,page_078,96
U00405,register,2023-12-18,page_069,21
U00406,register,2024-04-09,page_095,29
U00407,register,2023-08-06,page_070,25
U00407,app_open,2023-08-06,page_089,22
U00407,browse,2023-08-06,page_049,244
U00407,add_to_cart,2023-08-06,page_013,84
U00408,register,2024-05-14,page_084,13
U00408,app_open,2024-05-14,page_013,29
U00409,register,2024-09-24,page_049,10
U00409,app_open,2024-09-24,page_005,46
U00409,browse,2024-09-24,page_012,187
U00409,share,2024-10-12,page_007,23
U00410,register,2024-02-04,page_047,10
U00410,app_open,2024-02-04,page_069,39
U00410,browse,2024-02-04,page_096,89
U00411,register,2023-08-22,page_069,14
U00411,app_open,2023-08-22,page_054,18
U00412,register,2024-05-01,page_017,25
U00413,register,2023-03-17,page_060,21
U00413,app_open,2023-03-17,page_030,49
U00413,browse,2023-03-17,page_057,274
U00414,register,2024-08-03,page_043,9
U00414,app_open,2024-08-03,page_039,39
U00414,browse,2024-08-03,page_051,192
U00414,add_to_cart,2024-08-03,page_080,88
U00415,register,2023-07-11,page_022,14
U00415,app_open,2023-07-11,page_020,17
U00415,browse,2023-07-11,page_098,76
U00415,add_to_cart,2023-07-11,page_021,44
U00416,register,2024-03-07,page_083,29
U00416,app_open,2024-03-07,page_020,54
U00416,browse,2024-03-07,page_009,94
U00416,add_to_cart,2024-03-07,page_021,102
U00417,register,2023-05-17,page_085,11
U00417,app_open,2023-05-17,page_021,24
U00418,register,2023-05-01,page_084,21
U00418,app_open,2023-05-01,page_039,49
U00419,register,2024-10-24,page_063,26
U00419,app_open,2024-10-24,page_079,24
U00419,browse,2024-10-24,page_070,222
U00419,add_to_cart,2024-10-24,page_013,113
U00420,register,2023-07-17,page_011,11
U00420,app_open,2023-07-17,page_027,45
U00421,register,2023-08-12,page_042,28
U00421,app_open,2023-08-12,page_080,48
U00421,browse,2023-08-12,page_094,274
U00421,add_to_cart,2023-08-12,page_044,104
U00422,register,2023-02-17,page_069,16
U00422,app_open,2023-02-17,page_038,47
U00423,register,2024-10-28,page_044,6
U00423,app_open,2024-10-28,page_023,32
U00424,register,2024-08-14,page_007,19
U00424,app_open,2024-08-14,page_026,51
U00424,browse,2024-08-14,page_087,276
U00425,register,2024-11-03,page_015,19
U00425,app_open,2024-11-03,page_041,52
U00425,browse,2024-11-03,page_069,39
U00425,add_to_cart,2024-11-03,page_099,61
U00426,register,2024-07-14,page_004,12
U00426,app_open,2024-07-14,page_006,24
U00427,register,2023-08-07,page_088,5
U00428,register,2023-05-03,page_024,20
U00428,app_open,2023-05-03,page_017,50
U00428,browse,2023-05-03,page_048,238
U00428,add_to_cart,2023-05-03,page_040,113
U00429,register,2023-01-27,page_016,29
U00429,app_open,2023-01-27,page_005,12
U00429,browse,2023-01-27,page_093,216
U00430,register,2024-07-15,page_064,15
U00430,app_open,2024-07-15,page_020,25
U00430,browse,2024-07-15,page_004,202
U00430,add_to_cart,2024-07-15,page_093,19
U00431,register,2023-01-05,page_006,20
U00431,app_open,2023-01-05,page_085,25
U00431,browse,2023-01-05,page_092,176
U00432,register,2024-08-11,page_092,24
U00432,app_open,2024-08-11,page_080,12
U00432,browse,2024-08-11,page_030,239
U00433,register,2024-02-22,page_028,11
U00433,app_open,2024-02-22,page_068,51
U00433,browse,2024-02-22,page_074,264
U00434,register,2024-06-20,page_013,12
U00435,register,2023-09-15,page_049,24
U00435,app_open,2023-09-15,page_027,51
U00435,browse,2023-09-15,page_055,38
U00435,add_to_cart,2023-09-15,page_083,76
U00435,share,2023-09-18,page_069,28
U00436,register,2023-11-05,page_012,29
U00436,app_open,2023-11-05,page_046,20
U00436,browse,2023-11-05,page_036,120
U00437,register,2024-03-24,page_012,21
U00437,app_open,2024-03-24,page_045,37
U00438,register,2023-02-12,page_047,10
U00438,app_open,2023-02-12,page_070,36
U00438,browse,2023-02-12,page_084,30
U00439,register,2024-11-07,page_073,10
U00439,app_open,2024-11-07,page_055,39
U00440,register,2023-02-08,page_023,5
U00440,app_open,2023-02-08,page_042,20
U00441,register,2023-09-26,page_090,6
U00441,app_open,2023-09-26,page_002,20
U00442,register,2023-05-15,page_007,18
U00442,app_open,2023-05-15,page_009,54
U00442,share,2023-06-01,page_098,26
U00443,register,2024-07-19,page_043,24
U00443,app_open,2024-07-19,page_050,29
U00443,browse,2024-07-19,page_091,269
U00443,add_to_cart,2024-07-19,page_038,38
U00444,register,2024-01-13,page_095,28
U00444,app_open,2024-01-13,page_005,32
U00445,register,2023-06-01,page_031,24
U00445,app_open,2023-06-01,page_053,28
U00446,register,2023-10-27,page_007,21
U00446,app_open,2023-10-27,page_087,29
U00446,browse,2023-10-27,page_067,244
U00446,add_to_cart,2023-10-27,page_085,64
U00446,share,2023-11-10,page_070,12
U00447,register,2023-06-25,page_050,11
U00448,register,2023-03-26,page_035,22
U00449,register,2024-01-19,page_006,14
U00449,app_open,2024-01-19,page_096,41
U00449,browse,2024-01-19,page_055,44
U00449,share,2024-02-14,page_049,7
U00450,register,2023-10-13,page_099,10
U00450,app_open,2023-10-13,page_040,31
U00450,browse,2023-10-13,page_042,185
U00450,add_to_cart,2023-10-13,page_030,82
U00451,register,2023-07-15,page_084,29
U00451,app_open,2023-07-15,page_028,57
U00451,browse,2023-07-15,page_032,224
U00452,register,2024-11-04,page_051,27
U00452,app_open,2024-11-04,page_030,26
U00452,browse,2024-11-04,page_065,231
U00452,add_to_cart,2024-11-04,page_068,58
U00453,register,2023-11-08,page_077,7
U00453,app_open,2023-11-08,page_036,28
U00453,browse,2023-11-08,page_039,165
U00453,add_to_cart,2023-11-08,page_034,43
U00454,register,2023-02-01,page_014,21
U00454,app_open,2023-02-01,page_042,41
U00455,register,2023-01-16,page_038,19
U00455,app_open,2023-01-16,page_063,33
U00455,share,2023-01-19,page_037,20
U00456,register,2024-06-11,page_087,7
U00456,app_open,2024-06-11,page_061,36
U00456,browse,2024-06-11,page_029,109
U00456,add_to_cart,2024-06-11,page_041,98
U00457,register,2024-10-08,page_087,10
U00457,app_open,2024-10-08,page_062,34
U00457,browse,2024-10-08,page_031,168
U00458,register,2024-07-12,page_078,22
U00458,app_open,2024-07-12,page_006,12
U00458,browse,2024-07-12,page_083,293
U00459,register,2023-06-24,page_087,29
U00459,app_open,2023-06-24,page_060,39
U00459,browse,2023-06-24,page_093,38
U00460,register,2024-04-08,page_044,27
U00460,app_open,2024-04-08,page_048,50
U00461,register,2023-07-20,page_021,19
U00461,app_open,2023-07-20,page_046,58
U00461,browse,2023-07-20,page_001,131
U00461,share,2023-08-13,page_045,21
U00462,register,2023-03-23,page_055,17
U00462,app_open,2023-03-23,page_014,55
U00462,browse,2023-03-23,page_095,71
U00462,add_to_cart,2023-03-23,page_032,109
U00463,register,2023-01-23,page_040,8
U00463,app_open,2023-01-23,page_021,15
U00463,browse,2023-01-23,page_036,235
U00464,register,2023-06-03,page_066,26
U00465,register,2024-07-02,page_089,18
U00465,app_open,2024-07-02,page_046,30
U00465,browse,2024-07-02,page_056,81
U00465,add_to_cart,2024-07-02,page_069,54
U00466,register,2024-05-16,page_087,20
U00466,app_open,2024-05-16,page_098,12
U00466,browse,2024-05-16,page_045,229
U00466,add_to_cart,2024-05-16,page_001,27
U00467,register,2024-09-07,page_039,28
U00467,app_open,2024-09-07,page_058,23
U00467,browse,2024-09-07,page_050,233
U00468,register,2024-11-06,page_066,23
U00468,app_open,2024-11-06,page_042,34
U00468,browse,2024-11-06,page_091,281
U00469,register,2023-11-15,page_014,14
U00469,app_open,2023-11-15,page_004,40
U00470,register,2024-10-11,page_004,28
U00470,app_open,2024-10-11,page_092,43
U00470,browse,2024-10-11,page_055,71
U00471,register,2023-07-15,page_030,12
U00471,app_open,2023-07-15,page_030,46
U00471,browse,2023-07-15,page_068,34
U00472,register,2024-04-08,page_052,26
U00472,app_open,2024-04-08,page_045,32
U00473,register,2023-05-17,page_018,9
U00473,app_open,2023-05-17,page_009,30
U00473,browse,2023-05-17,page_086,288
U00473,add_to_cart,2023-05-17,page_098,68
U00474,register,2024-11-02,page_018,10
U00475,register,2024-09-07,page_081,22
U00475,app_open,2024-09-07,page_084,56
U00475,browse,2024-09-07,page_004,86
U00476,register,2024-11-25,page_040,23
U00476,app_open,2024-11-25,page_029,33
U00476,browse,2024-11-25,page_001,216
U00477,register,2024-09-06,page_098,12
U00477,app_open,2024-09-06,page_013,55
U00478,register,2023-12-16,page_092,9
U00479,register,2023-11-22,page_048,27
U00479,app_open,2023-11-22,page_069,42
U00479,browse,2023-11-22,page_097,249
U00479,add_to_cart,2023-11-22,page_040,21
U00480,register,2024-05-10,page_036,17
U00480,app_open,2024-05-10,page_088,59
U00480,browse,2024-05-10,page_075,157
U00480,add_to_cart,2024-05-10,page_099,71
U00480,share,2024-05-31,page_096,13
U00481,register,2024-11-16,page_050,14
U00481,app_open,2024-11-16,page_022,38
U00482,register,2024-04-15,page_010,11
U00482,app_open,2024-04-15,page_089,26
U00482,browse,2024-04-15,page_014,62
U00483,register,2024-03-23,page_098,16
U00483,app_open,2024-03-23,page_083,41
U00483,browse,2024-03-23,page_050,181
U00483,share,2024-04-12,page_002,22
U00484,register,2024-08-04,page_005,24
U00484,app_open,2024-08-04,page_020,19
U00484,browse,2024-08-04,page_091,80
U00485,register,2024-10-03,page_062,22
U00485,app_open,2024-10-03,page_008,50
U00485,browse,2024-10-03,page_079,169
U00486,register,2024-02-10,page_012,21
U00487,register,2023-06-27,page_061,22
U00487,app_open,2023-06-27,page_068,41
U00487,share,2023-07-10,page_072,23
U00488,register,2023-11-04,page_095,12
U00489,register,2023-10-16,page_092,15
U00489,app_open,2023-10-16,page_082,56
U00489,browse,2023-10-16,page_098,166
U00490,register,2024-12-21,page_072,9
U00491,register,2023-08-09,page_008,28
U00491,app_open,2023-08-09,page_042,28
U00491,share,2023-08-21,page_033,5
U00492,register,2023-04-17,page_087,27
U00492,app_open,2023-04-17,page_053,36
U00492,browse,2023-04-17,page_003,236
U00493,register,2023-10-23,page_009,16
U00493,app_open,2023-10-23,page_098,57
U00493,browse,2023-10-23,page_007,53
U00493,add_to_cart,2023-10-23,page_041,41
U00494,register,2024-01-23,page_088,12
U00494,app_open,2024-01-23,page_008,30
U00494,browse,2024-01-23,page_099,297
U00495,register,2024-09-21,page_040,20
U00495,app_open,2024-09-21,page_076,44
U00495,browse,2024-09-21,page_007,84
U00496,register,2024-05-19,page_063,13
U00496,app_open,2024-05-19,page_069,51
U00496,browse,2024-05-19,page_080,103
U00496,add_to_cart,2024-05-19,page_039,39
U00497,register,2024-05-23,page_064,26
U00497,app_open,2024-05-23,page_001,26
U00498,register,2024-09-28,page_050,28
U00498,app_open,2024-09-28,page_015,20
U00498,browse,2024-09-28,page_083,293
U00498,share,2024-10-07,page_039,23
U00499,register,2023-04-23,page_011,23
U00499,app_open,2023-04-23,page_028,16
U00499,browse,2023-04-23,page_079,65
U00499,add_to_cart,2023-04-23,page_035,115
U00499,share,2023-05-03,page_008,19
U00500,register,2023-06-14,page_051,6
U00500,app_open,2023-06-14,page_047,52
U00500,browse,2023-06-14,page_040,77
U00500,add_to_cart,2023-06-14,page_080,51
U00501,register,2023-09-06,page_023,7
U00501,app_open,2023-09-06,page_008,54
U00502,register,2023-10-25,page_074,26
U00503,register,2023-06-09,page_037,29
U00503,app_open,2023-06-09,page_012,45
U00503,browse,2023-06-09,page_058,272
U00504,register,2024-01-16,page_001,13
U00504,app_open,2024-01-16,page_006,26
U00504,browse,2024-01-16,page_040,157
U00504,add_to_cart,2024-01-16,page_032,89
U00505,register,2024-04-19,page_057,27
U00505,app_open,2024-04-19,page_006,58
U00505,browse,2024-04-19,page_055,78
U00505,add_to_cart,2024-04-19,page_074,77
U00506,register,2023-05-11,page_017,9
U00506,app_open,2023-05-11,page_091,19
U00506,browse,2023-05-11,page_003,130
U00506,add_to_cart,2023-05-11,page_057,16
U00507,register,2024-09-15,page_031,5
U00507,app_open,2024-09-15,page_038,51
U00507,browse,2024-09-15,page_073,191
U00508,register,2023-08-15,page_026,19
U00508,app_open,2023-08-15,page_012,11
U00508,browse,2023-08-15,page_003,59
U00508,share,2023-08-26,page_003,5
U00509,register,2023-11-13,page_001,17
U00510,register,2024-11-02,page_055,13
U00510,app_open,2024-11-02,page_091,57
U00510,browse,2024-11-02,page_039,261
U00511,register,2023-02-23,page_053,17
U00511,app_open,2023-02-23,page_048,18
U00511,browse,2023-02-23,page_028,261
U00511,add_to_cart,2023-02-23,page_009,57
U00512,register,2023-12-26,page_056,17
U00513,register,2024-08-22,page_001,9
U00514,register,2023-09-26,page_034,28
U00514,app_open,2023-09-26,page_087,29
U00514,browse,2023-09-26,page_017,69
U00515,register,2024-08-15,page_053,10
U00515,app_open,2024-08-15,page_017,11
U00515,browse,2024-08-15,page_004,205
U00515,add_to_cart,2024-08-15,page_041,88
U00515,share,2024-08-19,page_022,25
U00516,register,2023-07-25,page_069,7
U00517,register,2024-02-17,page_023,20
U00517,app_open,2024-02-17,page_097,42
U00517,browse,2024-02-17,page_032,209
U00518,register,2023-02-09,page_053,7
U00519,register,2024-01-05,page_078,8
U00520,register,2023-04-23,page_029,11
U00520,app_open,2023-04-23,page_070,15
U00520,browse,2023-04-23,page_001,205
U00520,add_to_cart,2023-04-23,page_023,42
U00521,register,2024-09-01,page_081,24
U00521,app_open,2024-09-01,page_076,57
U00521,browse,2024-09-01,page_009,256
U00521,add_to_cart,2024-09-01,page_073,18
U00522,register,2023-09-24,page_059,16
U00522,app_open,2023-09-24,page_003,14
U00523,register,2024-04-19,page_031,14
U00523,app_open,2024-04-19,page_068,16
U00523,browse,2024-04-19,page_018,85
U00523,add_to_cart,2024-04-19,page_046,91
U00523,share,2024-05-02,page_079,10
U00524,register,2023-03-03,page_052,19
U00524,app_open,2023-03-03,page_063,23
U00524,browse,2023-03-03,page_056,99
U00524,add_to_cart,2023-03-03,page_092,68
U00525,register,2023-07-18,page_027,18
U00525,app_open,2023-07-18,page_078,56
U00525,browse,2023-07-18,page_027,242
U00526,register,2024-08-07,page_066,6
U00526,app_open,2024-08-07,page_095,46
U00526,browse,2024-08-07,page_069,260
U00527,register,2024-12-16,page_039,25
U00527,app_open,2024-12-16,page_099,18
U00527,browse,2024-12-16,page_019,266
U00527,share,2025-01-02,page_013,21
U00528,register,2024-09-24,page_082,10
U00528,app_open,2024-09-24,page_019,30
U00528,browse,2024-09-24,page_062,147
U00528,add_to_cart,2024-09-24,page_036,113
U00529,register,2023-04-13,page_044,15
U00529,app_open,2023-04-13,page_010,53
U00529,browse,2023-04-13,page_037,149
U00530,register,2023-10-02,page_066,25
U00530,app_open,2023-10-02,page_030,28
U00531,register,2024-07-14,page_045,10
U00531,app_open,2024-07-14,page_053,47
U00531,browse,2024-07-14,page_095,194
U00531,share,2024-07-20,page_037,23
U00532,register,2023-06-26,page_017,27
U00532,app_open,2023-06-26,page_001,34
U00532,browse,2023-06-26,page_082,195
U00532,add_to_cart,2023-06-26,page_083,34
U00533,register,2024-01-22,page_027,18
U00533,app_open,2024-01-22,page_066,12
U00533,browse,2024-01-22,page_097,106
U00534,register,2023-12-12,page_096,12
U00534,app_open,2023-12-12,page_079,37
U00534,browse,2023-12-12,page_025,43
U00534,add_to_cart,2023-12-12,page_096,46
U00535,register,2024-11-12,page_033,13
U00535,app_open,2024-11-12,page_063,51
U00535,browse,2024-11-12,page_069,249
U00535,share,2024-12-03,page_035,27
U00536,register,2023-11-14,page_009,6
U00537,register,2023-04-13,page_088,18
U00537,app_open,2023-04-13,page_020,24
U00537,browse,2023-04-13,page_020,68
U00537,add_to_cart,2023-04-13,page_075,108
U00537,share,2023-04-24,page_040,20
U00538,register,2023-08-24,page_056,23
U00538,app_open,2023-08-24,page_073,14
U00538,browse,2023-08-24,page_039,68
U00538,add_to_cart,2023-08-24,page_023,81
U00538,share,2023-08-26,page_081,27
U00539,register,2024-11-03,page_060,15
U00539,app_open,2024-11-03,page_085,15
U00539,browse,2024-11-03,page_015,149
U00539,add_to_cart,2024-11-03,page_074,33
U00540,register,2024-02-19,page_027,6
U00540,app_open,2024-02-19,page_070,46
U00540,browse,2024-02-19,page_074,73
U00541,register,2024-06-11,page_009,20
U00541,app_open,2024-06-11,page_023,15
U00541,browse,2024-06-11,page_024,142
U00541,add_to_cart,2024-06-11,page_082,100
U00542,register,2024-01-23,page_086,12
U00543,register,2023-06-28,page_097,17
U00543,app_open,2023-06-28,page_043,20
U00543,browse,2023-06-28,page_062,297
U00543,add_to_cart,2023-06-28,page_094,15
U00544,register,2024-11-18,page_043,23
U00545,register,2024-08-01,page_008,17
U00545,app_open,2024-08-01,page_012,57
U00546,register,2023-02-07,page_003,19
U00546,app_open,2023-02-07,page_056,15
U00546,browse,2023-02-07,page_021,153
U00547,register,2023-05-26,page_016,24
U00547,app_open,2023-05-26,page_073,56
U00547,browse,2023-05-26,page_047,126
U00548,register,2024-07-02,page_074,22
U00549,register,2023-03-20,page_024,8
U00549,app_open,2023-03-20,page_092,20
U00549,browse,2023-03-20,page_071,261
U00550,register,2023-10-10,page_012,26
U00550,app_open,2023-10-10,page_019,19
U00551,register,2024-09-08,page_015,11
U00552,register,2023-09-02,page_001,13
U00553,register,2023-03-16,page_057,15
U00553,app_open,2023-03-16,page_047,59
U00553,browse,2023-03-16,page_054,182
U00553,add_to_cart,2023-03-16,page_095,72
U00554,register,2023-04-23,page_007,27
U00554,app_open,2023-04-23,page_044,16
U00554,browse,2023-04-23,page_089,122
U00554,add_to_cart,2023-04-23,page_017,117
U00555,register,2023-06-13,page_066,29
U00555,app_open,2023-06-13,page_020,11
U00556,register,2023-06-10,page_006,8
U00556,app_open,2023-06-10,page_061,12
U00556,share,2023-06-23,page_016,26
U00557,register,2024-11-17,page_043,11
U00557,app_open,2024-11-17,page_037,10
U00557,browse,2024-11-17,page_070,163
U00557,add_to_cart,2024-11-17,page_034,117
U00557,share,2024-12-04,page_057,24
U00558,register,2023-08-09,page_070,26
U00558,app_open,2023-08-09,page_053,40
U00558,browse,2023-08-09,page_082,291
U00559,register,2023-02-17,page_099,13
U00560,register,2024-08-11,page_036,21
U00561,register,2024-06-22,page_084,24
U00561,app_open,2024-06-22,page_051,27
U00561,share,2024-07-09,page_006,27
U00562,register,2023-03-09,page_042,28
U00562,app_open,2023-03-09,page_084,36
U00562,browse,2023-03-09,page_037,39
U00562,share,2023-03-13,page_025,20
U00563,register,2023-08-07,page_028,10
U00563,app_open,2023-08-07,page_065,34
U00563,browse,2023-08-07,page_005,48
U00563,add_to_cart,2023-08-07,page_009,24
U00564,register,2023-07-23,page_009,21
U00564,app_open,2023-07-23,page_075,58
U00564,browse,2023-07-23,page_022,224
U00564,add_to_cart,2023-07-23,page_060,90
U00565,register,2024-09-08,page_027,20
U00565,app_open,2024-09-08,page_028,47
U00565,browse,2024-09-08,page_045,171
U00565,add_to_cart,2024-09-08,page_013,117
U00566,register,2024-08-05,page_061,20
U00566,app_open,2024-08-05,page_027,35
U00566,browse,2024-08-05,page_096,237
U00566,share,2024-08-25,page_028,25
U00567,register,2023-03-19,page_009,29
U00567,app_open,2023-03-19,page_017,58
U00568,register,2023-02-14,page_026,19
U00569,register,2024-09-28,page_044,16
U00569,app_open,2024-09-28,page_043,21
U00569,browse,2024-09-28,page_093,111
U00570,register,2023-02-10,page_046,8
U00570,app_open,2023-02-10,page_083,40
U00570,browse,2023-02-10,page_059,288
U00570,add_to_cart,2023-02-10,page_019,85
U00571,register,2024-08-10,page_085,14
U00571,app_open,2024-08-10,page_099,44
U00571,browse,2024-08-10,page_047,115
U00571,add_to_cart,2024-08-10,page_097,52
U00571,share,2024-09-08,page_077,19
U00572,register,2024-05-02,page_039,6
U00573,register,2023-01-18,page_002,11
U00573,app_open,2023-01-18,page_090,28
U00573,browse,2023-01-18,page_046,183
U00574,register,2023-04-01,page_004,29
U00574,app_open,2023-04-01,page_038,35
U00574,browse,2023-04-01,page_052,209
U00575,register,2024-10-17,page_031,16
U00575,app_open,2024-10-17,page_072,56
U00575,browse,2024-10-17,page_076,209
U00576,register,2023-03-02,page_080,15
U00576,app_open,2023-03-02,page_083,20
U00576,browse,2023-03-02,page_099,184
U00577,register,2024-06-04,page_060,23
U00578,register,2023-03-12,page_071,20
U00578,app_open,2023-03-12,page_062,29
U00578,browse,2023-03-12,page_066,234
U00578,share,2023-03-15,page_053,29
U00579,register,2024-10-16,page_052,16
U00580,register,2023-11-10,page_079,19
U00581,register,2024-07-10,page_038,22
U00581,app_open,2024-07-10,page_041,12
U00581,browse,2024-07-10,page_082,239
U00581,add_to_cart,2024-07-10,page_053,18
U00582,register,2024-09-25,page_075,21
U00583,register,2023-03-24,page_086,25
U00584,register,2023-06-14,page_015,20
U00584,app_open,2023-06-14,page_091,12
U00584,browse,2023-06-14,page_021,183
U00584,add_to_cart,2023-06-14,page_027,113
U00585,register,2023-12-08,page_055,8
U00585,app_open,2023-12-08,page_068,53
U00585,browse,2023-12-08,page_094,160
U00585,add_to_cart,2023-12-08,page_092,111
U00586,register,2023-02-09,page_096,28
U00586,app_open,2023-02-09,page_045,30
U00586,browse,2023-02-09,page_010,131
U00586,add_to_cart,2023-02-09,page_093,101
U00587,register,2024-02-01,page_097,5
U00588,register,2023-03-20,page_092,28
U00588,app_open,2023-03-20,page_079,44
U00588,browse,2023-03-20,page_060,129
U00588,share,2023-04-08,page_099,20
U00589,register,2023-06-27,page_025,27
U00589,app_open,2023-06-27,page_097,57
U00589,browse,2023-06-27,page_053,36
U00590,register,2024-08-13,page_030,15
U00590,app_open,2024-08-13,page_075,33
U00590,browse,2024-08-13,page_075,153
U00591,register,2023-11-15,page_003,26
U00591,app_open,2023-11-15,page_028,40
U00592,register,2024-06-19,page_002,6
U00592,app_open,2024-06-19,page_052,25
U00592,browse,2024-06-19,page_045,285
U00592,add_to_cart,2024-06-19,page_078,65
U00593,register,2024-07-06,page_054,17
U00593,app_open,2024-07-06,page_087,56
U00593,browse,2024-07-06,page_050,94
U00593,add_to_cart,2024-07-06,page_022,102
U00594,register,2024-03-21,page_089,5
U00595,register,2024-02-05,page_007,23
U00595,app_open,2024-02-05,page_066,30
U00595,browse,2024-02-05,page_028,103
U00596,register,2023-11-20,page_050,5
U00596,app_open,2023-11-20,page_032,46
U00596,browse,2023-11-20,page_069,204
U00597,register,2024-01-13,page_039,16
U00597,app_open,2024-01-13,page_027,42
U00597,browse,2024-01-13,page_067,208
U00597,add_to_cart,2024-01-13,page_038,118
U00597,share,2024-01-22,page_024,25
U00598,register,2023-04-09,page_091,27
U00598,app_open,2023-04-09,page_007,39
U00598,browse,2023-04-09,page_001,171
U00599,register,2024-11-13,page_071,13
U00599,app_open,2024-11-13,page_082,48
U00599,browse,2024-11-13,page_099,200
U00600,register,2023-08-20,page_069,17
U00600,app_open,2023-08-20,page_021,28
U00600,browse,2023-08-20,page_023,167
U00600,add_to_cart,2023-08-20,page_027,104
U00600,share,2023-08-23,page_071,26
U00601,register,2023-11-19,page_058,6
U00601,app_open,2023-11-19,page_018,20
U00601,browse,2023-11-19,page_089,250
U00601,add_to_cart,2023-11-19,page_042,78
U00602,register,2023-01-09,page_004,20
U00602,app_open,2023-01-09,page_095,52
U00602,browse,2023-01-09,page_088,173
U00603,register,2023-02-04,page_018,14
U00604,register,2023-04-28,page_030,6
U00604,app_open,2023-04-28,page_051,13
U00604,browse,2023-04-28,page_029,161
U00605,register,2023-01-28,page_031,20
U00605,app_open,2023-01-28,page_003,35
U00605,browse,2023-01-28,page_044,70
U00605,share,2023-02-03,page_025,5
U00606,register,2024-06-14,page_066,9
U00606,app_open,2024-06-14,page_043,14
U00606,browse,2024-06-14,page_054,239
U00607,register,2024-01-08,page_071,10
U00607,app_open,2024-01-08,page_051,25
U00608,register,2023-06-17,page_014,9
U00608,app_open,2023-06-17,page_031,59
U00608,browse,2023-06-17,page_068,298
U00609,register,2024-11-11,page_085,16
U00609,app_open,2024-11-11,page_012,37
U00609,browse,2024-11-11,page_036,63
U00609,share,2024-12-06,page_078,25
U00610,register,2024-03-07,page_067,9
U00610,app_open,2024-03-07,page_070,42
U00610,browse,2024-03-07,page_080,144
U00610,add_to_cart,2024-03-07,page_077,27
U00611,register,2024-10-27,page_072,22
U00612,register,2023-08-11,page_085,18
U00612,app_open,2023-08-11,page_003,57
U00612,browse,2023-08-11,page_070,96
U00613,register,2024-09-02,page_010,28
U00613,app_open,2024-09-02,page_058,47
U00614,register,2024-08-11,page_036,28
U00614,app_open,2024-08-11,page_076,21
U00614,browse,2024-08-11,page_057,293
U00614,add_to_cart,2024-08-11,page_027,119
U00614,share,2024-08-21,page_048,12
U00615,register,2024-02-24,page_011,21
U00615,app_open,2024-02-24,page_022,30
U00615,browse,2024-02-24,page_075,235
U00616,register,2024-01-08,page_042,17
U00616,app_open,2024-01-08,page_020,26
U00617,register,2023-12-21,page_044,16
U00617,app_open,2023-12-21,page_035,33
U00618,register,2024-10-09,page_009,19
U00618,app_open,2024-10-09,page_086,35
U00618,browse,2024-10-09,page_074,85
U00618,add_to_cart,2024-10-09,page_011,100
U00619,register,2023-10-11,page_041,9
U00619,app_open,2023-10-11,page_023,50
U00619,browse,2023-10-11,page_049,201
U00620,register,2023-11-16,page_003,24
U00620,app_open,2023-11-16,page_070,12
U00620,browse,2023-11-16,page_034,216
U00620,add_to_cart,2023-11-16,page_032,61
U00621,register,2024-06-21,page_004,12
U00621,app_open,2024-06-21,page_091,44
U00621,browse,2024-06-21,page_085,34
U00622,register,2023-09-03,page_049,9
U00622,app_open,2023-09-03,page_022,38
U00622,browse,2023-09-03,page_041,126
U00623,register,2024-10-04,page_078,13
U00623,app_open,2024-10-04,page_006,58
U00623,browse,2024-10-04,page_003,140
U00623,add_to_cart,2024-10-04,page_003,23
U00624,register,2024-08-19,page_056,26
U00624,app_open,2024-08-19,page_060,37
U00625,register,2023-10-13,page_049,11
U00625,app_open,2023-10-13,page_050,28
U00626,register,2023-01-12,page_011,12
U00626,app_open,2023-01-12,page_078,48
U00626,browse,2023-01-12,page_054,212
U00626,add_to_cart,2023-01-12,page_071,15
U00626,share,2023-01-23,page_066,24
U00627,register,2023-11-24,page_082,14
U00627,app_open,2023-11-24,page_002,50
U00628,register,2023-05-02,page_030,22
U00628,app_open,2023-05-02,page_077,41
U00628,browse,2023-05-02,page_097,178
U00629,register,2024-05-17,page_088,28
U00629,app_open,2024-05-17,page_097,51
U00629,browse,2024-05-17,page_012,206
U00629,add_to_cart,2024-05-17,page_035,109
U00629,share,2024-06-04,page_027,20
U00630,register,2024-08-15,page_056,18
U00630,app_open,2024-08-15,page_039,33
U00630,browse,2024-08-15,page_016,265
U00631,register,2023-04-22,page_014,28
U00631,app_open,2023-04-22,page_059,44
U00631,browse,2023-04-22,page_029,83
U00632,register,2023-11-23,page_043,22
U00632,app_open,2023-11-23,page_022,45
U00632,browse,2023-11-23,page_003,154
U00632,add_to_cart,2023-11-23,page_010,84
U00632,share,2023-12-14,page_063,11
U00633,register,2023-01-10,page_064,28
U00633,app_open,2023-01-10,page_083,28
U00633,browse,2023-01-10,page_096,263
U00634,register,2024-06-15,page_096,26
U00634,app_open,2024-06-15,page_041,11
U00635,register,2024-07-25,page_014,24
U00635,app_open,2024-07-25,page_091,52
U00635,share,2024-08-20,page_013,8
U00636,register,2023-04-06,page_032,15
U00636,app_open,2023-04-06,page_074,41
U00636,browse,2023-04-06,page_020,207
U00637,register,2023-02-13,page_069,5
U00637,app_open,2023-02-13,page_083,31
U00637,browse,2023-02-13,page_036,96
U00637,add_to_cart,2023-02-13,page_031,87
U00638,register,2023-02-13,page_082,18
U00638,app_open,2023-02-13,page_059,23
U00639,register,2024-03-18,page_052,8
U00639,app_open,2024-03-18,page_042,35
U00640,register,2023-11-05,page_097,12
U00640,app_open,2023-11-05,page_050,49
U00640,browse,2023-11-05,page_090,210
U00640,add_to_cart,2023-11-05,page_051,97
U00641,register,2024-02-22,page_003,5
U00641,app_open,2024-02-22,page_088,30
U00641,share,2024-03-21,page_056,16
U00642,register,2024-04-14,page_012,18
U00642,app_open,2024-04-14,page_097,29
U00642,browse,2024-04-14,page_031,246
U00643,register,2023-09-06,page_056,12
U00643,app_open,2023-09-06,page_027,38
U00644,register,2023-09-05,page_091,13
U00644,app_open,2023-09-05,page_077,56
U00644,browse,2023-09-05,page_081,55
U00644,add_to_cart,2023-09-05,page_038,31
U00645,register,2023-11-12,page_028,17
U00645,app_open,2023-11-12,page_079,34
U00646,register,2024-05-06,page_075,5
U00647,register,2024-08-25,page_049,16
U00647,app_open,2024-08-25,page_074,23
U00647,browse,2024-08-25,page_013,232
U00647,share,2024-09-22,page_032,13
U00648,register,2023-06-15,page_006,26
U00648,app_open,2023-06-15,page_071,22
U00648,browse,2023-06-15,page_069,64
U00649,register,2024-05-22,page_006,6
U00649,app_open,2024-05-22,page_023,48
U00650,register,2023-03-19,page_098,10
U00650,app_open,2023-03-19,page_081,14
U00650,browse,2023-03-19,page_074,146
U00650,add_to_cart,2023-03-19,page_059,104
U00651,register,2024-11-02,page_008,21
U00651,app_open,2024-11-02,page_021,15
U00651,browse,2024-11-02,page_095,197
U00652,register,2023-09-09,page_085,15
U00652,app_open,2023-09-09,page_073,40
U00652,browse,2023-09-09,page_049,251
U00653,register,2023-07-25,page_095,18
U00653,app_open,2023-07-25,page_036,41
U00653,browse,2023-07-25,page_086,172
U00654,register,2024-04-27,page_031,14
U00654,app_open,2024-04-27,page_008,33
U00654,browse,2024-04-27,page_045,90
U00655,register,2023-06-09,page_090,16
U00655,app_open,2023-06-09,page_072,14
U00655,browse,2023-06-09,page_029,213
U00655,add_to_cart,2023-06-09,page_073,50
U00656,register,2024-01-02,page_051,26
U00657,register,2024-02-05,page_082,14
U00657,app_open,2024-02-05,page_074,22
U00658,register,2023-11-15,page_014,18
U00658,app_open,2023-11-15,page_056,22
U00658,browse,2023-11-15,page_006,186
U00658,add_to_cart,2023-11-15,page_040,91
U00659,register,2023-06-28,page_067,20
U00659,app_open,2023-06-28,page_023,53
U00659,browse,2023-06-28,page_078,288
U00659,add_to_cart,2023-06-28,page_097,20
U00660,register,2023-06-16,page_075,12
U00660,app_open,2023-06-16,page_008,59
U00660,browse,2023-06-16,page_075,216
U00661,register,2024-08-04,page_072,6
U00661,app_open,2024-08-04,page_057,45
U00661,browse,2024-08-04,page_088,267
U00661,share,2024-08-11,page_097,21
U00662,register,2023-05-06,page_037,11
U00662,app_open,2023-05-06,page_093,41
U00662,browse,2023-05-06,page_089,119
U00663,register,2024-01-14,page_022,23
U00663,app_open,2024-01-14,page_089,37
U00664,register,2024-12-28,page_045,24
U00665,register,2024-01-10,page_060,13
U00665,app_open,2024-01-10,page_085,36
U00665,browse,2024-01-10,page_063,66
U00666,register,2024-05-24,page_030,5
U00667,register,2024-06-27,page_097,28
U00667,app_open,2024-06-27,page_036,21
U00667,browse,2024-06-27,page_098,274
U00667,add_to_cart,2024-06-27,page_059,35
U00667,share,2024-07-03,page_083,12
U00668,register,2023-07-04,page_043,6
U00668,app_open,2023-07-04,page_014,53
U00668,share,2023-07-09,page_081,19
U00669,register,2024-12-22,page_024,9
U00669,app_open,2024-12-22,page_050,21
U00669,browse,2024-12-22,page_061,97
U00669,add_to_cart,2024-12-22,page_074,117
U00670,register,2024-09-16,page_071,19
U00670,app_open,2024-09-16,page_066,42
U00670,browse,2024-09-16,page_098,73
U00670,add_to_cart,2024-09-16,page_041,20
U00671,register,2023-10-26,page_010,26
U00671,app_open,2023-10-26,page_087,44
U00671,browse,2023-10-26,page_038,99
U00672,register,2024-09-20,page_059,16
U00673,register,2024-07-03,page_082,10
U00673,app_open,2024-07-03,page_020,34
U00673,browse,2024-07-03,page_007,95
U00674,register,2024-07-23,page_047,15
U00674,app_open,2024-07-23,page_087,14
U00674,browse,2024-07-23,page_099,127
U00675,register,2024-12-13,page_066,20
U00675,app_open,2024-12-13,page_052,16
U00676,register,2023-08-18,page_089,22
U00677,register,2024-07-18,page_012,26
U00677,app_open,2024-07-18,page_046,59
U00678,register,2024-10-27,page_092,10
U00678,app_open,2024-10-27,page_080,51
U00678,browse,2024-10-27,page_007,66
U00678,add_to_cart,2024-10-27,page_054,95
U00678,share,2024-11-19,page_026,8
U00679,register,2024-07-22,page_003,17
U00680,register,2023-04-13,page_066,18
U00680,app_open,2023-04-13,page_047,47
U00681,register,2023-12-15,page_006,5
U00681,app_open,2023-12-15,page_009,50
U00681,share,2023-12-29,page_003,24
U00682,register,2024-03-10,page_027,6
U00682,app_open,2024-03-10,page_086,52
U00682,browse,2024-03-10,page_002,230
U00682,add_to_cart,2024-03-10,page_021,57
U00683,register,2024-10-19,page_052,23
U00683,app_open,2024-10-19,page_047,32
U00683,browse,2024-10-19,page_082,105
U00683,share,2024-11-10,page_043,5
U00684,register,2024-09-08,page_039,10
U00684,app_open,2024-09-08,page_055,58
U00684,browse,2024-09-08,page_080,190
U00684,add_to_cart,2024-09-08,page_080,110
U00685,register,2024-07-25,page_047,18
U00685,app_open,2024-07-25,page_032,22
U00685,browse,2024-07-25,page_068,175
U00685,share,2024-08-01,page_052,14
U00686,register,2023-09-07,page_003,15
U00687,register,2023-08-09,page_084,23
U00687,app_open,2023-08-09,page_048,25
U00688,register,2024-05-15,page_098,25
U00688,app_open,2024-05-15,page_093,57
U00688,browse,2024-05-15,page_099,252
U00689,register,2024-04-07,page_090,10
U00689,app_open,2024-04-07,page_099,48
U00689,browse,2024-04-07,page_085,214
U00690,register,2023-10-19,page_012,24
U00690,app_open,2023-10-19,page_071,48
U00691,register,2023-06-25,page_025,10
U00691,app_open,2023-06-25,page_036,38
U00691,browse,2023-06-25,page_015,163
U00691,add_to_cart,2023-06-25,page_046,118
U00692,register,2023-12-15,page_097,19
U00693,register,2023-10-27,page_079,13
U00693,app_open,2023-10-27,page_011,47
U00693,browse,2023-10-27,page_010,175
U00694,register,2024-12-18,page_092,24
U00694,app_open,2024-12-18,page_041,19
U00694,browse,2024-12-18,page_028,82
U00694,add_to_cart,2024-12-18,page_094,25
U00694,share,2025-01-06,page_027,18
U00695,register,2023-04-11,page_046,10
U00695,app_open,2023-04-11,page_003,25
U00696,register,2023-05-13,page_070,14
U00696,app_open,2023-05-13,page_059,42
U00696,browse,2023-05-13,page_034,240
U00696,add_to_cart,2023-05-13,page_001,22
U00697,register,2023-10-22,page_097,28
U00697,app_open,2023-10-22,page_093,48
U00698,register,2023-07-11,page_013,9
U00698,app_open,2023-07-11,page_068,15
U00698,browse,2023-07-11,page_019,247
U00699,register,2023-04-04,page_046,22
U00699,app_open,2023-04-04,page_066,30
U00699,browse,2023-04-04,page_057,146
U00700,register,2023-05-25,page_002,20
U00700,app_open,2023-05-25,page_042,52
U00700,browse,2023-05-25,page_038,49
U00701,register,2023-09-01,page_058,24
U00702,register,2024-04-05,page_090,29
U00702,app_open,2024-04-05,page_057,22
U00703,register,2023-05-07,page_074,10
U00703,app_open,2023-05-07,page_054,55
U00704,register,2023-08-19,page_024,9
U00704,app_open,2023-08-19,page_077,18
U00704,browse,2023-08-19,page_054,93
U00704,add_to_cart,2023-08-19,page_013,104
U00704,share,2023-08-26,page_033,19
U00705,register,2023-01-18,page_081,14
U00705,app_open,2023-01-18,page_001,48
U00705,browse,2023-01-18,page_088,282
U00705,add_to_cart,2023-01-18,page_037,62
U00706,register,2024-10-11,page_051,11
U00706,app_open,2024-10-11,page_032,20
U00706,browse,2024-10-11,page_009,230
U00707,register,2024-10-27,page_087,26
U00707,app_open,2024-10-27,page_020,58
U00707,browse,2024-10-27,page_014,165
U00707,add_to_cart,2024-10-27,page_084,17
U00707,share,2024-10-30,page_051,19
U00708,register,2024-04-21,page_064,25
U00708,app_open,2024-04-21,page_061,44
U00708,browse,2024-04-21,page_002,142
U00709,register,2023-11-21,page_017,16
U00709,app_open,2023-11-21,page_083,47
U00709,browse,2023-11-21,page_039,210
U00710,register,2023-09-27,page_078,10
U00710,app_open,2023-09-27,page_087,28
U00710,browse,2023-09-27,page_012,200
U00711,register,2023-07-22,page_088,15
U00712,register,2024-03-11,page_094,12
U00712,app_open,2024-03-11,page_080,42
U00712,browse,2024-03-11,page_082,117
U00712,add_to_cart,2024-03-11,page_003,40
U00712,share,2024-03-14,page_077,18
U00713,register,2024-11-19,page_020,22
U00713,app_open,2024-11-19,page_082,14
U00713,browse,2024-11-19,page_037,79
U00714,register,2023-07-16,page_095,23
U00715,register,2023-03-16,page_012,25
U00715,app_open,2023-03-16,page_033,41
U00715,browse,2023-03-16,page_032,193
U00715,add_to_cart,2023-03-16,page_046,44
U00715,share,2023-04-12,page_033,9
U00716,register,2023-08-26,page_054,27
U00717,register,2023-10-09,page_004,6
U00717,app_open,2023-10-09,page_041,22
U00717,browse,2023-10-09,page_019,161
U00718,register,2023-03-07,page_046,12
U00718,app_open,2023-03-07,page_060,26
U00718,browse,2023-03-07,page_024,290
U00718,add_to_cart,2023-03-07,page_004,95
U00718,share,2023-03-17,page_032,25
U00719,register,2023-08-03,page_085,20
U00719,app_open,2023-08-03,page_063,51
U00719,browse,2023-08-03,page_028,178
U00720,register,2024-04-22,page_017,8
U00720,app_open,2024-04-22,page_028,45
U00721,register,2024-02-07,page_030,29
U00721,app_open,2024-02-07,page_009,32
U00721,browse,2024-02-07,page_015,107
U00721,add_to_cart,2024-02-07,page_087,41
U00722,register,2023-04-06,page_032,15
U00722,app_open,2023-04-06,page_014,11
U00722,browse,2023-04-06,page_001,279
U00723,register,2023-07-12,page_066,14
U00723,app_open,2023-07-12,page_056,23
U00723,browse,2023-07-12,page_048,236
U00723,add_to_cart,2023-07-12,page_006,52
U00724,register,2023-07-27,page_067,8
U00724,app_open,2023-07-27,page_041,41
U00724,browse,2023-07-27,page_035,115
U00724,add_to_cart,2023-07-27,page_080,44
U00725,register,2023-01-18,page_069,26
U00725,app_open,2023-01-18,page_090,13
U00725,browse,2023-01-18,page_072,255
U00725,add_to_cart,2023-01-18,page_043,47
U00725,share,2023-02-02,page_008,25
U00726,register,2023-11-11,page_089,13
U00726,app_open,2023-11-11,page_013,10
U00726,browse,2023-11-11,page_056,233
U00726,share,2023-11-22,page_013,29
U00727,register,2024-05-25,page_077,5
U00727,app_open,2024-05-25,page_055,22
U00727,browse,2024-05-25,page_042,285
U00727,add_to_cart,2024-05-25,page_003,55
U00727,share,2024-05-26,page_036,28
U00728,register,2023-12-23,page_080,25
U00728,app_open,2023-12-23,page_022,49
U00728,browse,2023-12-23,page_033,244
U00729,register,2024-11-19,page_004,22
U00729,app_open,2024-11-19,page_038,29
U00730,register,2024-09-18,page_008,12
U00730,app_open,2024-09-18,page_015,10
U00730,share,2024-10-13,page_025,17
U00731,register,2024-09-24,page_063,6
U00731,app_open,2024-09-24,page_055,22
U00731,browse,2024-09-24,page_099,89
U00732,register,2024-01-10,page_013,19
U00732,app_open,2024-01-10,page_094,50
U00732,browse,2024-01-10,page_042,117
U00733,register,2024-07-04,page_004,16
U00733,app_open,2024-07-04,page_045,52
U00734,register,2024-12-15,page_096,26
U00734,app_open,2024-12-15,page_087,49
U00734,browse,2024-12-15,page_008,248
U00734,share,2025-01-10,page_015,9
U00735,register,2024-06-01,page_087,26
U00735,app_open,2024-06-01,page_079,32
U00735,browse,2024-06-01,page_031,251
U00735,add_to_cart,2024-06-01,page_099,75
U00735,share,2024-06-06,page_023,10
U00736,register,2024-07-02,page_078,8
U00737,register,2023-10-18,page_028,25
U00737,app_open,2023-10-18,page_014,46
U00737,browse,2023-10-18,page_042,196
U00738,register,2023-04-22,page_059,23
U00738,app_open,2023-04-22,page_082,42
U00739,register,2023-10-26,page_010,18
U00739,app_open,2023-10-26,page_027,27
U00740,register,2024-09-04,page_024,29
U00741,register,2024-12-27,page_007,20
U00741,app_open,2024-12-27,page_064,30
U00741,browse,2024-12-27,page_073,269
U00741,add_to_cart,2024-12-27,page_041,82
U00742,register,2024-09-18,page_093,22
U00742,app_open,2024-09-18,page_059,42
U00742,browse,2024-09-18,page_030,258
U00743,register,2024-08-23,page_079,11
U00743,app_open,2024-08-23,page_050,37
U00744,register,2023-04-15,page_003,27
U00745,register,2024-10-18,page_031,20
U00745,app_open,2024-10-18,page_037,18
U00745,browse,2024-10-18,page_086,291
U00746,register,2023-09-20,page_021,11
U00747,register,2024-05-03,page_080,29
U00747,app_open,2024-05-03,page_096,19
U00747,share,2024-05-31,page_076,23
U00748,register,2024-01-07,page_019,25
U00748,app_open,2024-01-07,page_003,25
U00749,register,2024-02-26,page_001,12
U00749,app_open,2024-02-26,page_013,24
U00749,browse,2024-02-26,page_055,139
U00750,register,2023-06-14,page_056,10
U00750,app_open,2023-06-14,page_046,47
U00750,browse,2023-06-14,page_025,195
U00750,add_to_cart,2023-06-14,page_037,27
U00751,register,2024-02-14,page_084,22
U00751,app_open,2024-02-14,page_094,24
U00751,share,2024-03-08,page_050,27
U00752,register,2024-08-18,page_069,10
U00752,app_open,2024-08-18,page_068,26
U00752,browse,2024-08-18,page_027,270
U00752,add_to_cart,2024-08-18,page_048,97
U00753,register,2023-09-12,page_099,20
U00753,app_open,2023-09-12,page_037,32
U00753,browse,2023-09-12,page_050,292
U00754,register,2024-02-24,page_084,20
U00754,app_open,2024-02-24,page_098,25
U00754,browse,2024-02-24,page_073,78
U00754,add_to_cart,2024-02-24,page_060,95
U00755,register,2024-11-16,page_053,26
U00755,app_open,2024-11-16,page_061,25
U00756,register,2023-02-16,page_001,17
U00756,app_open,2023-02-16,page_052,51
U00757,register,2024-06-24,page_048,17
U00757,app_open,2024-06-24,page_078,36
U00758,register,2023-09-25,page_066,12
U00758,app_open,2023-09-25,page_021,39
U00758,browse,2023-09-25,page_063,291
U00759,register,2023-08-01,page_052,17
U00759,app_open,2023-08-01,page_032,45
U00759,share,2023-08-09,page_054,27
U00760,register,2023-05-07,page_028,29
U00761,register,2023-10-22,page_038,19
U00761,app_open,2023-10-22,page_097,23
U00761,browse,2023-10-22,page_062,151
U00762,register,2023-11-12,page_036,22
U00762,app_open,2023-11-12,page_085,22
U00762,share,2023-11-18,page_099,27
U00763,register,2023-01-26,page_026,28
U00763,app_open,2023-01-26,page_071,18
U00763,browse,2023-01-26,page_040,79
U00763,add_to_cart,2023-01-26,page_046,37
U00764,register,2023-06-04,page_030,21
U00764,app_open,2023-06-04,page_039,24
U00764,browse,2023-06-04,page_015,245
U00764,share,2023-06-15,page_087,18
U00765,register,2023-03-04,page_083,28
U00766,register,2024-12-27,page_025,22
U00766,app_open,2024-12-27,page_036,57
U00766,browse,2024-12-27,page_085,207
U00767,register,2023-06-25,page_071,16
U00767,app_open,2023-06-25,page_082,22
U00767,browse,2023-06-25,page_019,88
U00767,add_to_cart,2023-06-25,page_008,64
U00768,register,2023-05-27,page_042,7
U00768,app_open,2023-05-27,page_051,30
U00768,browse,2023-05-27,page_021,177
U00769,register,2023-09-04,page_019,13
U00769,app_open,2023-09-04,page_063,28
U00770,register,2024-02-15,page_055,26
U00770,app_open,2024-02-15,page_072,46
U00771,register,2023-04-22,page_052,7
U00771,app_open,2023-04-22,page_030,28
U00772,register,2024-02-10,page_053,12
U00772,app_open,2024-02-10,page_003,41
U00772,browse,2024-02-10,page_040,212
U00773,register,2023-07-18,page_076,14
U00773,app_open,2023-07-18,page_095,15
U00774,register,2024-08-15,page_036,19
U00774,app_open,2024-08-15,page_087,26
U00775,register,2023-08-09,page_051,20
U00775,app_open,2023-08-09,page_050,58
U00775,browse,2023-08-09,page_012,247
U00776,register,2023-05-06,page_027,12
U00776,app_open,2023-05-06,page_014,43
U00776,browse,2023-05-06,page_071,248
U00776,add_to_cart,2023-05-06,page_002,30
U00776,share,2023-06-04,page_067,14
U00777,register,2023-12-07,page_042,19
U00777,app_open,2023-12-07,page_035,44
U00777,browse,2023-12-07,page_078,126
U00778,register,2023-07-15,page_016,22
U00778,app_open,2023-07-15,page_002,28
U00778,browse,2023-07-15,page_008,49
U00778,add_to_cart,2023-07-15,page_036,33
U00779,register,2024-07-13,page_097,10
U00779,app_open,2024-07-13,page_098,31
U00779,browse,2024-07-13,page_021,121
U00780,register,2024-06-10,page_096,10
U00780,app_open,2024-06-10,page_037,25
U00781,register,2023-08-25,page_011,17
U00781,app_open,2023-08-25,page_041,49
U00781,browse,2023-08-25,page_041,173
U00782,register,2023-11-08,page_079,27
U00782,app_open,2023-11-08,page_025,28
U00782,browse,2023-11-08,page_087,206
U00782,add_to_cart,2023-11-08,page_090,94
U00783,register,2023-08-15,page_078,17
U00783,app_open,2023-08-15,page_035,50
U00783,browse,2023-08-15,page_050,278
U00784,register,2023-02-27,page_087,5
U00784,app_open,2023-02-27,page_010,38
U00784,browse,2023-02-27,page_051,283
U00784,add_to_cart,2023-02-27,page_063,94
U00785,register,2024-08-22,page_084,24
U00785,app_open,2024-08-22,page_084,10
U00785,share,2024-09-18,page_089,15
U00786,register,2024-12-13,page_097,7
U00786,app_open,2024-12-13,page_009,27
U00786,browse,2024-12-13,page_042,294
U00786,add_to_cart,2024-12-13,page_076,111
U00787,register,2024-06-12,page_015,27
U00787,app_open,2024-06-12,page_023,13
U00787,browse,2024-06-12,page_069,181
U00787,add_to_cart,2024-06-12,page_057,40
U00788,register,2023-08-17,page_072,7
U00788,app_open,2023-08-17,page_091,21
U00788,browse,2023-08-17,page_090,51
U00789,register,2023-06-16,page_018,8
U00789,app_open,2023-06-16,page_052,30
U00789,browse,2023-06-16,page_082,191
U00789,add_to_cart,2023-06-16,page_058,28
U00790,register,2024-12-24,page_065,21
U00790,app_open,2024-12-24,page_049,14
U00790,browse,2024-12-24,page_014,266
U00791,register,2024-11-23,page_038,11
U00792,register,2024-02-27,page_084,12
U00792,app_open,2024-02-27,page_009,33
U00792,browse,2024-02-27,page_080,143
U00792,add_to_cart,2024-02-27,page_013,58
U00792,share,2024-03-20,page_049,9
U00793,register,2023-10-27,page_071,26
U00793,app_open,2023-10-27,page_016,41
U00794,register,2023-02-13,page_083,21
U00795,register,2023-01-28,page_014,15
U00795,app_open,2023-01-28,page_084,36
U00795,browse,2023-01-28,page_042,60
U00796,register,2024-06-14,page_093,22
U00796,app_open,2024-06-14,page_023,46
U00797,register,2023-03-15,page_053,8
U00798,register,2023-09-26,page_094,28
U00798,app_open,2023-09-26,page_071,43
U00798,browse,2023-09-26,page_098,39
U00798,add_to_cart,2023-09-26,page_012,110
U00798,share,2023-10-24,page_005,16
U00799,register,2024-01-23,page_054,29
U00799,app_open,2024-01-23,page_004,11
U00799,browse,2024-01-23,page_018,63
U00799,add_to_cart,2024-01-23,page_066,105
U00799,share,2024-01-28,page_035,26
U00800,register,2023-05-05,page_097,8
U00800,app_open,2023-05-05,page_097,36
U00800,browse,2023-05-05,page_065,187
U00800,add_to_cart,2023-05-05,page_047,35
U00801,register,2024-10-02,page_068,7
U00802,register,2023-01-27,page_086,13
U00802,app_open,2023-01-27,page_057,47
U00802,browse,2023-01-27,page_034,106
U00803,register,2024-05-19,page_040,22
U00803,app_open,2024-05-19,page_066,35
U00803,browse,2024-05-19,page_086,282
U00804,register,2024-05-09,page_001,9
U00804,app_open,2024-05-09,page_054,12
U00804,browse,2024-05-09,page_079,298
U00804,add_to_cart,2024-05-09,page_024,74
U00804,share,2024-05-24,page_050,9
U00805,register,2023-10-15,page_039,11
U00805,app_open,2023-10-15,page_069,38
U00805,share,2023-10-25,page_082,17
U00806,register,2024-01-21,page_017,24
U00806,app_open,2024-01-21,page_052,52
U00806,browse,2024-01-21,page_014,272
U00807,register,2024-09-17,page_072,15
U00807,app_open,2024-09-17,page_028,34
U00808,register,2024-11-07,page_064,15
U00808,app_open,2024-11-07,page_021,14
U00808,browse,2024-11-07,page_080,298
U00808,share,2024-11-16,page_048,23
U00809,register,2023-04-03,page_043,11
U00809,app_open,2023-04-03,page_006,35
U00809,browse,2023-04-03,page_043,53
U00809,add_to_cart,2023-04-03,page_016,102
U00810,register,2023-01-07,page_019,26
U00810,app_open,2023-01-07,page_081,45
U00810,browse,2023-01-07,page_031,244
U00810,share,2023-02-03,page_044,9
U00811,register,2023-05-26,page_091,5
U00812,register,2024-05-17,page_090,24
U00812,app_open,2024-05-17,page_036,12
U00813,register,2024-03-03,page_006,26
U00813,app_open,2024-03-03,page_041,19
U00813,browse,2024-03-03,page_072,31
U00813,add_to_cart,2024-03-03,page_094,109
U00814,register,2023-03-02,page_078,26
U00814,app_open,2023-03-02,page_033,24
U00815,register,2023-08-13,page_093,25
U00815,app_open,2023-08-13,page_052,54
U00815,browse,2023-08-13,page_089,134
U00815,add_to_cart,2023-08-13,page_022,42
U00816,register,2024-12-06,page_043,11
U00816,app_open,2024-12-06,page_093,42
U00816,share,2024-12-30,page_010,12
U00817,register,2023-05-13,page_091,10
U00817,app_open,2023-05-13,page_051,34
U00818,register,2024-10-01,page_011,24
U00818,app_open,2024-10-01,page_027,24
U00818,browse,2024-10-01,page_083,71
U00819,register,2024-06-07,page_037,19
U00819,app_open,2024-06-07,page_032,28
U00819,browse,2024-06-07,page_001,249
U00820,register,2024-05-08,page_096,20
U00820,app_open,2024-05-08,page_084,59
U00820,browse,2024-05-08,page_016,291
U00821,register,2024-07-16,page_067,7
U00821,app_open,2024-07-16,page_035,37
U00822,register,2024-02-20,page_096,24
U00822,app_open,2024-02-20,page_004,17
U00823,register,2024-11-10,page_013,24
U00824,register,2024-11-02,page_050,13
U00824,app_open,2024-11-02,page_082,51
U00824,browse,2024-11-02,page_027,167
U00825,register,2024-09-24,page_080,8
U00825,app_open,2024-09-24,page_058,59
U00825,browse,2024-09-24,page_079,200
U00826,register,2024-04-25,page_054,20
U00826,app_open,2024-04-25,page_082,57
U00826,browse,2024-04-25,page_078,176
U00826,add_to_cart,2024-04-25,page_059,92
U00827,register,2024-01-05,page_065,5
U00827,app_open,2024-01-05,page_013,28
U00827,browse,2024-01-05,page_023,55
U00828,register,2024-06-20,page_078,19
U00828,app_open,2024-06-20,page_061,27
U00828,browse,2024-06-20,page_033,96
U00828,add_to_cart,2024-06-20,page_046,77
U00829,register,2023-11-05,page_069,21
U00829,app_open,2023-11-05,page_072,51
U00829,share,2023-11-17,page_007,15
U00830,register,2024-10-28,page_088,28
U00831,register,2024-10-13,page_026,28
U00831,app_open,2024-10-13,page_014,42
U00831,browse,2024-10-13,page_031,204
U00831,add_to_cart,2024-10-13,page_069,94
U00832,register,2023-01-06,page_027,16
U00832,app_open,2023-01-06,page_079,37
U00832,browse,2023-01-06,page_021,282
U00833,register,2023-11-10,page_053,6
U00833,app_open,2023-11-10,page_064,43
U00833,browse,2023-11-10,page_003,149
U00833,add_to_cart,2023-11-10,page_046,80
U00834,register,2023-01-16,page_058,5
U00834,app_open,2023-01-16,page_034,36
U00834,browse,2023-01-16,page_037,247
U00835,register,2024-01-21,page_049,28
U00836,register,2024-04-15,page_056,9
U00836,app_open,2024-04-15,page_069,35
U00836,browse,2024-04-15,page_023,249
U00837,register,2023-07-14,page_017,16
U00838,register,2024-12-11,page_027,7
U00839,register,2024-01-05,page_068,16
U00839,app_open,2024-01-05,page_041,19
U00840,register,2024-06-03,page_040,11
U00840,app_open,2024-06-03,page_042,19
U00840,browse,2024-06-03,page_009,175
U00841,register,2023-12-07,page_060,7
U00841,app_open,2023-12-07,page_058,34
U00842,register,2024-08-15,page_068,25
U00842,app_open,2024-08-15,page_032,10
U00843,register,2023-01-19,page_003,12
U00843,app_open,2023-01-19,page_007,17
U00843,browse,2023-01-19,page_011,201
U00844,register,2023-10-14,page_004,22
U00844,app_open,2023-10-14,page_062,23
U00844,browse,2023-10-14,page_086,111
U00844,share,2023-10-27,page_034,7
U00845,register,2024-03-02,page_097,7
U00845,app_open,2024-03-02,page_036,57
U00845,browse,2024-03-02,page_006,217
U00846,register,2024-05-25,page_084,22
U00846,app_open,2024-05-25,page_098,36
U00846,browse,2024-05-25,page_071,270
U00846,share,2024-06-19,page_098,11
U00847,register,2023-10-05,page_056,13
U00847,app_open,2023-10-05,page_032,39
U00847,browse,2023-10-05,page_002,65
U00848,register,2023-06-06,page_003,24
U00848,app_open,2023-06-06,page_015,42
U00849,register,2023-06-25,page_089,17
U00849,app_open,2023-06-25,page_081,10
U00850,register,2024-02-13,page_066,29
U00850,app_open,2024-02-13,page_088,28
U00850,browse,2024-02-13,page_037,197
U00851,register,2024-01-25,page_094,9
U00851,app_open,2024-01-25,page_081,36
U00851,browse,2024-01-25,page_082,127
U00851,add_to_cart,2024-01-25,page_029,27
U00852,register,2023-10-16,page_038,20
U00852,app_open,2023-10-16,page_003,34
U00852,browse,2023-10-16,page_010,155
U00852,share,2023-11-07,page_047,14
U00853,register,2023-07-03,page_043,5
U00853,app_open,2023-07-03,page_034,18
U00853,browse,2023-07-03,page_086,153
U00853,add_to_cart,2023-07-03,page_065,16
U00854,register,2024-03-23,page_001,26
U00854,app_open,2024-03-23,page_086,30
U00854,browse,2024-03-23,page_021,123
U00855,register,2023-05-25,page_036,17
U00855,app_open,2023-05-25,page_008,29
U00855,browse,2023-05-25,page_092,50
U00855,share,2023-06-16,page_024,5
U00856,register,2023-08-26,page_049,24
U00856,app_open,2023-08-26,page_049,33
U00856,browse,2023-08-26,page_065,200
U00856,add_to_cart,2023-08-26,page_007,20
U00857,register,2024-10-05,page_045,24
U00858,register,2023-02-27,page_036,11
U00858,app_open,2023-02-27,page_005,28
U00858,browse,2023-02-27,page_025,155
U00858,add_to_cart,2023-02-27,page_073,50
U00859,register,2024-07-11,page_051,6
U00859,app_open,2024-07-11,page_060,38
U00859,browse,2024-07-11,page_076,216
U00860,register,2023-11-03,page_087,13
U00860,app_open,2023-11-03,page_082,52
U00860,browse,2023-11-03,page_046,35
U00860,add_to_cart,2023-11-03,page_031,78
U00860,share,2023-12-01,page_078,28
U00861,register,2024-01-20,page_006,17
U00861,app_open,2024-01-20,page_004,44
U00861,share,2024-01-21,page_002,29
U00862,register,2024-07-23,page_084,16
U00863,register,2024-03-06,page_010,15
U00864,register,2024-01-24,page_078,8
U00864,app_open,2024-01-24,page_073,25
U00865,register,2024-06-18,page_064,9
U00865,app_open,2024-06-18,page_048,20
U00865,browse,2024-06-18,page_070,98
U00865,add_to_cart,2024-06-18,page_067,44
U00866,register,2023-01-21,page_081,23
U00866,app_open,2023-01-21,page_033,25
U00866,browse,2023-01-21,page_030,205
U00867,register,2024-11-25,page_060,6
U00867,app_open,2024-11-25,page_014,24
U00867,browse,2024-11-25,page_094,133
U00868,register,2024-09-27,page_061,11
U00868,app_open,2024-09-27,page_027,20
U00868,browse,2024-09-27,page_082,201
U00869,register,2023-11-16,page_029,18
U00869,app_open,2023-11-16,page_041,26
U00869,browse,2023-11-16,page_026,272
U00870,register,2023-01-19,page_017,13
U00871,register,2023-08-19,page_032,13
U00871,app_open,2023-08-19,page_024,47
U00871,browse,2023-08-19,page_068,268
U00872,register,2024-11-16,page_070,7
U00872,app_open,2024-11-16,page_029,56
U00873,register,2023-03-02,page_013,10
U00873,app_open,2023-03-02,page_093,30
U00874,register,2023-12-10,page_088,15
U00874,app_open,2023-12-10,page_046,16
U00874,browse,2023-12-10,page_027,213
U00875,register,2024-10-02,page_059,6
U00875,app_open,2024-10-02,page_058,11
U00875,browse,2024-10-02,page_036,40
U00875,add_to_cart,2024-10-02,page_023,82
U00876,register,2024-09-05,page_036,8
U00877,register,2023-05-06,page_025,6
U00877,app_open,2023-05-06,page_036,12
U00877,browse,2023-05-06,page_093,51
U00878,register,2023-03-10,page_080,13
U00878,app_open,2023-03-10,page_066,56
U00879,register,2023-05-24,page_063,12
U00879,app_open,2023-05-24,page_092,37
U00879,browse,2023-05-24,page_060,266
U00879,share,2023-05-30,page_025,17
U00880,register,2024-08-05,page_073,17
U00880,app_open,2024-08-05,page_026,10
U00880,browse,2024-08-05,page_020,152
U00880,add_to_cart,2024-08-05,page_069,95
U00880,share,2024-08-09,page_026,13
U00881,register,2024-03-17,page_082,8
U00881,app_open,2024-03-17,page_038,27
U00881,browse,2024-03-17,page_069,253
U00882,register,2024-05-24,page_033,25
U00882,app_open,2024-05-24,page_042,51
U00882,share,2024-06-21,page_006,10
U00883,register,2024-06-26,page_091,21
U00883,app_open,2024-06-26,page_083,35
U00883,browse,2024-06-26,page_047,229
U00883,add_to_cart,2024-06-26,page_040,33
U00884,register,2023-10-23,page_076,20
U00884,app_open,2023-10-23,page_068,59
U00884,browse,2023-10-23,page_070,223
U00885,register,2023-07-11,page_098,5
U00886,register,2024-02-09,page_075,24
U00886,app_open,2024-02-09,page_077,11
U00886,browse,2024-02-09,page_046,289
U00887,register,2024-05-02,page_057,17
U00887,app_open,2024-05-02,page_040,23
U00887,browse,2024-05-02,page_024,196
U00888,register,2024-05-17,page_018,27
U00888,app_open,2024-05-17,page_098,16
U00888,browse,2024-05-17,page_064,119
U00889,register,2024-08-24,page_085,25
U00889,app_open,2024-08-24,page_092,26
U00889,browse,2024-08-24,page_093,232
U00889,add_to_cart,2024-08-24,page_010,53
U00890,register,2023-10-24,page_033,14
U00890,app_open,2023-10-24,page_081,12
U00890,share,2023-11-10,page_071,20
U00891,register,2023-12-12,page_024,24
U00891,app_open,2023-12-12,page_073,16
U00891,browse,2023-12-12,page_012,294
U00891,add_to_cart,2023-12-12,page_033,51
U00892,register,2024-03-09,page_091,23
U00892,app_open,2024-03-09,page_065,55
U00892,browse,2024-03-09,page_002,51
U00892,add_to_cart,2024-03-09,page_068,98
U00893,register,2024-06-16,page_031,8
U00893,app_open,2024-06-16,page_059,42
U00893,browse,2024-06-16,page_068,242
U00894,register,2023-07-28,page_046,28
U00894,app_open,2023-07-28,page_041,56
U00894,browse,2023-07-28,page_085,257
U00894,add_to_cart,2023-07-28,page_030,72
U00895,register,2024-02-04,page_069,13
U00895,app_open,2024-02-04,page_072,54
U00895,browse,2024-02-04,page_094,78
U00895,add_to_cart,2024-02-04,page_097,45
U00895,share,2024-02-09,page_028,11
U00896,register,2023-03-12,page_032,25
U00896,app_open,2023-03-12,page_027,23
U00896,browse,2023-03-12,page_026,166
U00896,add_to_cart,2023-03-12,page_026,30
U00897,register,2024-04-04,page_050,13
U00897,app_open,2024-04-04,page_057,11
U00897,share,2024-04-20,page_072,10
U00898,register,2023-04-03,page_070,13
U00898,app_open,2023-04-03,page_074,51
U00898,browse,2023-04-03,page_044,288
U00898,add_to_cart,2023-04-03,page_021,81
U00899,register,2023-09-24,page_023,18
U00899,app_open,2023-09-24,page_074,37
U00899,browse,2023-09-24,page_006,113
U00900,register,2024-02-12,page_015,13
U00900,app_open,2024-02-12,page_066,36
U00900,browse,2024-02-12,page_028,95
U00901,register,2023-10-14,page_089,5
U00901,app_open,2023-10-14,page_092,10
U00901,browse,2023-10-14,page_047,59
U00902,register,2023-12-12,page_047,15
U00902,app_open,2023-12-12,page_019,11
U00902,browse,2023-12-12,page_058,168
U00902,add_to_cart,2023-12-12,page_038,112
U00902,share,2023-12-20,page_016,29
U00903,register,2023-02-19,page_069,22
U00903,app_open,2023-02-19,page_069,57
U00903,share,2023-03-10,page_086,15
U00904,register,2024-01-10,page_054,5
U00904,app_open,2024-01-10,page_048,45
U00904,browse,2024-01-10,page_013,176
U00904,add_to_cart,2024-01-10,page_085,66
U00905,register,2024-11-21,page_065,17
U00905,app_open,2024-11-21,page_092,27
U00905,browse,2024-11-21,page_033,160
U00905,share,2024-11-28,page_099,19
U00906,register,2023-01-01,page_028,6
U00906,app_open,2023-01-01,page_055,18
U00906,share,2023-01-25,page_011,14
U00907,register,2023-08-06,page_036,20
U00907,app_open,2023-08-06,page_092,52
U00907,browse,2023-08-06,page_073,67
U00908,register,2024-08-03,page_022,18
U00909,register,2024-01-25,page_014,15
U00909,app_open,2024-01-25,page_033,53
U00909,browse,2024-01-25,page_033,251
U00909,add_to_cart,2024-01-25,page_097,31
U00910,register,2023-12-20,page_080,17
U00910,app_open,2023-12-20,page_080,55
U00910,browse,2023-12-20,page_035,63
U00910,share,2024-01-04,page_026,28
U00911,register,2024-04-11,page_077,8
U00911,app_open,2024-04-11,page_069,15
U00911,browse,2024-04-11,page_093,261
U00911,add_to_cart,2024-04-11,page_053,61
U00912,register,2024-12-04,page_013,7
U00912,app_open,2024-12-04,page_082,31
U00912,browse,2024-12-04,page_088,198
U00913,register,2023-08-07,page_009,15
U00913,app_open,2023-08-07,page_011,28
U00913,browse,2023-08-07,page_006,276
U00913,add_to_cart,2023-08-07,page_018,36
U00914,register,2024-04-12,page_068,25
U00915,register,2023-06-23,page_086,15
U00916,register,2023-06-11,page_005,25
U00916,app_open,2023-06-11,page_062,47
U00916,browse,2023-06-11,page_086,214
U00917,register,2023-12-16,page_076,12
U00917,app_open,2023-12-16,page_071,53
U00917,browse,2023-12-16,page_086,286
U00917,add_to_cart,2023-12-16,page_019,45
U00918,register,2024-10-16,page_042,11
U00918,app_open,2024-10-16,page_079,46
U00918,share,2024-11-01,page_047,26
U00919,register,2024-11-16,page_059,28
U00920,register,2023-04-12,page_095,9
U00920,app_open,2023-04-12,page_052,48
U00920,browse,2023-04-12,page_064,299
U00921,register,2023-05-09,page_062,17
U00922,register,2024-06-09,page_021,20
U00922,app_open,2024-06-09,page_052,21
U00922,browse,2024-06-09,page_004,30
U00923,register,2024-04-21,page_074,19
U00923,app_open,2024-04-21,page_058,43
U00924,register,2023-01-27,page_087,25
U00924,app_open,2023-01-27,page_064,30
U00925,register,2024-11-05,page_090,13
U00925,app_open,2024-11-05,page_062,32
U00925,browse,2024-11-05,page_056,266
U00925,add_to_cart,2024-11-05,page_012,103
U00926,register,2024-07-03,page_066,27
U00926,app_open,2024-07-03,page_096,21
U00926,browse,2024-07-03,page_079,108
U00926,add_to_cart,2024-07-03,page_074,44
U00927,register,2023-01-23,page_012,26
U00928,register,2024-02-18,page_067,7
U00928,app_open,2024-02-18,page_050,53
U00929,register,2023-08-14,page_068,19
U00930,register,2024-08-20,page_040,10
U00931,register,2024-01-27,page_020,27
U00931,app_open,2024-01-27,page_046,15
U00931,browse,2024-01-27,page_088,196
U00932,register,2024-09-16,page_048,12
U00932,app_open,2024-09-16,page_061,51
U00932,browse,2024-09-16,page_035,62
U00933,register,2023-09-07,page_095,29
U00934,register,2023-03-20,page_067,24
U00934,app_open,2023-03-20,page_004,12
U00934,browse,2023-03-20,page_049,200
U00934,add_to_cart,2023-03-20,page_025,54
U00935,register,2023-01-24,page_050,20
U00935,app_open,2023-01-24,page_010,44
U00935,browse,2023-01-24,page_068,292
U00935,add_to_cart,2023-01-24,page_095,84
U00935,share,2023-02-09,page_093,29
U00936,register,2023-08-14,page_087,14
U00936,app_open,2023-08-14,page_011,20
U00937,register,2024-01-07,page_057,13
U00937,app_open,2024-01-07,page_058,52
U00938,register,2024-01-22,page_038,19
U00938,app_open,2024-01-22,page_059,12
U00938,browse,2024-01-22,page_056,256
U00939,register,2023-07-26,page_085,25
U00939,app_open,2023-07-26,page_030,34
U00939,browse,2023-07-26,page_098,90
U00940,register,2024-08-20,page_086,21
U00940,app_open,2024-08-20,page_001,48
U00940,browse,2024-08-20,page_008,294
U00941,register,2023-05-04,page_087,19
U00941,app_open,2023-05-04,page_096,28
U00941,browse,2023-05-04,page_067,245
U00941,add_to_cart,2023-05-04,page_026,103
U00941,share,2023-05-25,page_089,16
U00942,register,2023-04-25,page_082,19
U00942,app_open,2023-04-25,page_015,35
U00942,browse,2023-04-25,page_042,259
U00942,add_to_cart,2023-04-25,page_065,79
U00943,register,2023-06-14,page_006,29
U00943,app_open,2023-06-14,page_080,54
U00943,browse,2023-06-14,page_002,55
U00944,register,2023-03-03,page_006,25
U00944,app_open,2023-03-03,page_054,46
U00944,browse,2023-03-03,page_079,147
U00945,register,2024-12-03,page_035,23
U00945,app_open,2024-12-03,page_084,27
U00946,register,2023-04-22,page_076,11
U00946,app_open,2023-04-22,page_008,32
U00946,browse,2023-04-22,page_046,96
U00946,share,2023-05-01,page_095,25
U00947,register,2023-09-22,page_022,23
U00948,register,2024-04-19,page_057,21
U00948,app_open,2024-04-19,page_086,56
U00948,browse,2024-04-19,page_021,122
U00949,register,2024-04-12,page_089,19
U00950,register,2023-06-20,page_030,25
U00950,app_open,2023-06-20,page_003,32
U00951,register,2024-09-21,page_002,8
U00951,app_open,2024-09-21,page_045,29
U00951,browse,2024-09-21,page_035,241
U00951,add_to_cart,2024-09-21,page_008,49
U00952,register,2023-03-21,page_083,15
U00952,app_open,2023-03-21,page_008,59
U00953,register,2023-05-07,page_070,7
U00953,app_open,2023-05-07,page_020,13
U00953,browse,2023-05-07,page_049,245
U00953,add_to_cart,2023-05-07,page_044,20
U00954,register,2023-05-09,page_062,9
U00954,app_open,2023-05-09,page_007,16
U00954,share,2023-05-18,page_021,21
U00955,register,2024-03-21,page_099,25
U00955,app_open,2024-03-21,page_086,11
U00955,browse,2024-03-21,page_068,42
U00955,add_to_cart,2024-03-21,page_098,71
U00956,register,2024-08-06,page_015,21
U00956,app_open,2024-08-06,page_015,58
U00956,browse,2024-08-06,page_009,128
U00956,share,2024-08-12,page_001,7
U00957,register,2023-08-20,page_039,6
U00957,app_open,2023-08-20,page_084,38
U00957,browse,2023-08-20,page_049,120
U00958,register,2023-05-26,page_042,22
U00959,register,2024-05-10,page_098,22
U00959,app_open,2024-05-10,page_048,48
U00960,register,2023-01-16,page_062,15
U00960,app_open,2023-01-16,page_019,40
U00960,browse,2023-01-16,page_078,139
U00961,register,2024-12-23,page_001,10
U00962,register,2024-09-25,page_017,11
U00963,register,2023-01-03,page_047,10
U00963,app_open,2023-01-03,page_021,22
U00963,browse,2023-01-03,page_067,270
U00963,add_to_cart,2023-01-03,page_047,35
U00964,register,2023-06-17,page_046,28
U00964,app_open,2023-06-17,page_014,58
U00964,share,2023-06-26,page_054,18
U00965,register,2024-10-02,page_088,10
U00965,app_open,2024-10-02,page_061,18
U00965,browse,2024-10-02,page_015,239
U00966,register,2023-05-11,page_056,16
U00966,app_open,2023-05-11,page_096,59
U00967,register,2023-10-15,page_009,5
U00967,app_open,2023-10-15,page_032,44
U00968,register,2024-06-17,page_080,16
U00968,app_open,2024-06-17,page_028,50
U00968,browse,2024-06-17,page_092,163
U00969,register,2024-02-28,page_001,11
U00969,app_open,2024-02-28,page_086,37
U00969,browse,2024-02-28,page_026,120
U00969,add_to_cart,2024-02-28,page_069,83
U00970,register,2024-01-20,page_077,25
U00970,app_open,2024-01-20,page_003,30
U00970,browse,2024-01-20,page_027,133
U00971,register,2023-02-25,page_086,13
U00971,app_open,2023-02-25,page_047,18
U00972,register,2023-12-27,page_033,27
U00972,app_open,2023-12-27,page_052,55
U00973,register,2023-11-19,page_009,8
U00973,app_open,2023-11-19,page_005,32
U00973,browse,2023-11-19,page_035,222
U00974,register,2023-12-25,page_097,18
U00974,app_open,2023-12-25,page_036,37
U00974,browse,2023-12-25,page_024,43
U00974,add_to_cart,2023-12-25,page_086,31
U00975,register,2023-04-10,page_059,23
U00975,app_open,2023-04-10,page_008,50
U00975,browse,2023-04-10,page_051,54
U00975,add_to_cart,2023-04-10,page_048,30
U00976,register,2023-12-07,page_092,8
U00976,app_open,2023-12-07,page_013,59
U00977,register,2024-11-06,page_025,14
U00977,app_open,2024-11-06,page_005,35
U00977,browse,2024-11-06,page_074,126
U00978,register,2023-08-27,page_071,16
U00978,app_open,2023-08-27,page_036,25
U00978,browse,2023-08-27,page_086,170
U00979,register,2023-11-06,page_056,17
U00979,app_open,2023-11-06,page_032,44
U00979,browse,2023-11-06,page_012,213
U00979,add_to_cart,2023-11-06,page_013,103
U00980,register,2024-09-27,page_006,25
U00980,app_open,2024-09-27,page_038,48
U00980,browse,2024-09-27,page_030,102
U00980,add_to_cart,2024-09-27,page_053,47
U00981,register,2023-03-21,page_016,20
U00981,app_open,2023-03-21,page_018,38
U00981,browse,2023-03-21,page_089,57
U00981,add_to_cart,2023-03-21,page_044,105
U00981,share,2023-04-10,page_016,25
U00982,register,2024-08-19,page_024,10
U00982,app_open,2024-08-19,page_020,29
U00982,browse,2024-08-19,page_041,60
U00983,register,2023-01-24,page_059,8
U00983,app_open,2023-01-24,page_092,42
U00983,browse,2023-01-24,page_047,166
U00984,register,2023-04-28,page_084,24
U00984,app_open,2023-04-28,page_059,56
U00984,browse,2023-04-28,page_097,107
U00984,add_to_cart,2023-04-28,page_008,117
U00985,register,2024-07-28,page_063,28
U00985,app_open,2024-07-28,page_065,30
U00985,browse,2024-07-28,page_001,79
U00985,add_to_cart,2024-07-28,page_022,48
U00986,register,2024-08-17,page_098,24
U00986,app_open,2024-08-17,page_020,28
U00986,browse,2024-08-17,page_064,204
U00986,add_to_cart,2024-08-17,page_076,15
U00986,share,2024-08-21,page_046,24
U00987,register,2024-10-19,page_059,5
U00987,app_open,2024-10-19,page_087,25
U00987,browse,2024-10-19,page_018,248
U00987,add_to_cart,2024-10-19,page_053,42
U00988,register,2024-12-27,page_073,13
U00988,app_open,2024-12-27,page_084,20
U00988,browse,2024-12-27,page_017,234
U00988,share,2025-01-15,page_064,22
U00989,register,2024-02-10,page_009,21
U00989,app_open,2024-02-10,page_024,33
U00989,browse,2024-02-10,page_049,128
U00989,add_to_cart,2024-02-10,page_082,92
U00990,register,2024-09-09,page_071,13
U00990,app_open,2024-09-09,page_044,50
U00991,register,2024-04-15,page_025,19
U00991,app_open,2024-04-15,page_045,53
U00991,browse,2024-04-15,page_091,145
U00991,add_to_cart,2024-04-15,page_091,108
U00992,register,2024-04-18,page_016,17
U00992,app_open,2024-04-18,page_016,56
U00992,browse,2024-04-18,page_031,220
U00993,register,2024-09-23,page_039,9
U00993,app_open,2024-09-23,page_040,32
U00993,browse,2024-09-23,page_046,187
U00993,add_to_cart,2024-09-23,page_008,46
U00994,register,2024-11-10,page_077,5
U00994,app_open,2024-11-10,page_011,27
U00995,register,2023-03-07,page_048,11
U00995,app_open,2023-03-07,page_065,52
U00995,browse,2023-03-07,page_028,113
U00995,add_to_cart,2023-03-07,page_024,104
U00996,register,2023-07-20,page_019,9
U00997,register,2023-11-23,page_035,19
U00997,app_open,2023-11-23,page_061,54
U00997,browse,2023-11-23,page_044,257
U00998,register,2024-12-03,page_018,10
U00998,app_open,2024-12-03,page_076,39
U00999,register,2024-06-25,page_036,10
U00999,app_open,2024-06-25,page_037,41
U00999,browse,2024-06-25,page_092,35
U00999,add_to_cart,2024-06-25,page_013,91
U01000,register,2023-12-23,page_072,19
U01000,app_open,2023-12-23,page_035,16
U01000,browse,2023-12-23,page_086,197
U01001,register,2024-05-26,page_022,12
U01001,app_open,2024-05-26,page_037,11
U01001,browse,2024-05-26,page_097,140
U01002,register,2023-09-05,page_050,18
U01002,app_open,2023-09-05,page_061,43
U01002,browse,2023-09-05,page_060,156
U01003,register,2024-06-23,page_024,17
U01003,app_open,2024-06-23,page_004,59
U01003,browse,2024-06-23,page_042,81
U01004,register,2023-09-13,page_007,13
U01004,app_open,2023-09-13,page_054,50
U01005,register,2023-03-04,page_044,15
U01005,app_open,2023-03-04,page_053,13
U01005,browse,2023-03-04,page_024,141
U01005,add_to_cart,2023-03-04,page_018,115
U01006,register,2024-06-20,page_097,29
U01006,app_open,2024-06-20,page_057,20
U01006,browse,2024-06-20,page_094,193
U01007,register,2024-09-15,page_077,25
U01007,app_open,2024-09-15,page_057,52
U01008,register,2024-08-23,page_079,7
U01008,app_open,2024-08-23,page_046,33
U01009,register,2023-06-09,page_030,29
U01009,app_open,2023-06-09,page_006,32
U01009,browse,2023-06-09,page_081,157
U01009,add_to_cart,2023-06-09,page_050,52
U01010,register,2023-11-13,page_088,24
U01010,app_open,2023-11-13,page_030,31
U01010,browse,2023-11-13,page_012,30
U01011,register,2023-04-27,page_030,22
U01011,app_open,2023-04-27,page_076,42
U01011,browse,2023-04-27,page_002,295
U01012,register,2024-03-25,page_057,21
U01013,register,2024-05-12,page_074,13
U01013,app_open,2024-05-12,page_025,17
U01014,register,2023-06-07,page_044,12
U01014,app_open,2023-06-07,page_078,44
U01014,browse,2023-06-07,page_061,263
U01014,share,2023-06-14,page_019,14
U01015,register,2024-05-11,page_029,5
U01015,app_open,2024-05-11,page_029,47
U01016,register,2023-12-28,page_060,7
U01017,register,2024-01-01,page_030,22
U01017,app_open,2024-01-01,page_072,14
U01017,browse,2024-01-01,page_093,195
U01018,register,2024-06-22,page_036,29
U01018,app_open,2024-06-22,page_038,31
U01019,register,2024-07-11,page_099,13
U01019,app_open,2024-07-11,page_003,31
U01020,register,2024-10-18,page_059,13
U01020,app_open,2024-10-18,page_086,44
U01020,browse,2024-10-18,page_054,230
U01021,register,2023-10-06,page_017,14
U01021,app_open,2023-10-06,page_018,17
U01021,browse,2023-10-06,page_072,115
U01021,add_to_cart,2023-10-06,page_078,37
U01022,register,2024-11-22,page_024,21
U01022,app_open,2024-11-22,page_099,31
U01022,browse,2024-11-22,page_099,267
U01023,register,2023-02-05,page_078,17
U01023,app_open,2023-02-05,page_020,25
U01023,browse,2023-02-05,page_072,275
U01023,add_to_cart,2023-02-05,page_036,80
U01024,register,2023-10-15,page_033,15
U01024,app_open,2023-10-15,page_082,31
U01024,browse,2023-10-15,page_019,296
U01024,add_to_cart,2023-10-15,page_040,65
U01025,register,2024-02-06,page_063,10
U01025,app_open,2024-02-06,page_048,34
U01025,browse,2024-02-06,page_013,63
U01025,add_to_cart,2024-02-06,page_027,22
U01026,register,2024-02-24,page_092,5
U01026,app_open,2024-02-24,page_086,44
U01026,browse,2024-02-24,page_044,165
U01026,add_to_cart,2024-02-24,page_081,68
U01027,register,2024-09-14,page_096,11
U01027,app_open,2024-09-14,page_046,17
U01027,browse,2024-09-14,page_006,249
U01028,register,2023-12-23,page_012,16
U01028,app_open,2023-12-23,page_084,50
U01028,browse,2023-12-23,page_011,272
U01028,add_to_cart,2023-12-23,page_002,72
U01029,register,2023-04-26,page_081,25
U01030,register,2023-12-21,page_053,12
U01031,register,2024-05-19,page_087,7
U01031,app_open,2024-05-19,page_087,37
U01031,browse,2024-05-19,page_054,225
U01031,add_to_cart,2024-05-19,page_073,84
U01032,register,2024-04-18,page_082,23
U01032,app_open,2024-04-18,page_025,39
U01032,browse,2024-04-18,page_073,129
U01033,register,2023-06-09,page_080,15
U01033,app_open,2023-06-09,page_025,13
U01033,browse,2023-06-09,page_039,140
U01034,register,2024-07-12,page_064,26
U01034,app_open,2024-07-12,page_029,33
U01034,browse,2024-07-12,page_059,144
U01034,add_to_cart,2024-07-12,page_004,46
U01035,register,2023-11-28,page_003,29
U01035,app_open,2023-11-28,page_063,46
U01036,register,2024-04-02,page_005,12
U01036,app_open,2024-04-02,page_074,14
U01036,browse,2024-04-02,page_083,281
U01037,register,2024-06-06,page_078,17
U01037,app_open,2024-06-06,page_054,51
U01037,browse,2024-06-06,page_028,259
U01038,register,2024-10-05,page_072,21
U01039,register,2023-09-13,page_096,19
U01039,app_open,2023-09-13,page_059,11
U01039,browse,2023-09-13,page_099,199
U01039,add_to_cart,2023-09-13,page_038,70
U01040,register,2023-07-23,page_027,13
U01040,app_open,2023-07-23,page_045,59
U01040,browse,2023-07-23,page_031,266
U01041,register,2023-01-10,page_081,13
U01041,app_open,2023-01-10,page_080,17
U01041,share,2023-01-20,page_081,27
U01042,register,2024-06-12,page_020,5
U01042,app_open,2024-06-12,page_006,46
U01042,browse,2024-06-12,page_098,246
U01043,register,2023-03-05,page_028,7
U01043,app_open,2023-03-05,page_051,12
U01044,register,2024-02-27,page_099,9
U01045,register,2024-03-12,page_029,10
U01045,app_open,2024-03-12,page_011,51
U01045,browse,2024-03-12,page_016,138
U01046,register,2023-04-24,page_067,10
U01046,app_open,2023-04-24,page_052,56
U01046,browse,2023-04-24,page_009,289
U01046,add_to_cart,2023-04-24,page_003,43
U01047,register,2024-04-11,page_047,10
U01047,app_open,2024-04-11,page_089,43
U01048,register,2023-04-06,page_076,16
U01048,app_open,2023-04-06,page_047,35
U01048,browse,2023-04-06,page_099,219
U01049,register,2024-04-02,page_048,15
U01049,app_open,2024-04-02,page_054,23
U01049,browse,2024-04-02,page_001,269
U01050,register,2024-01-08,page_003,15
U01050,app_open,2024-01-08,page_018,20
U01051,register,2023-12-21,page_057,11
U01051,app_open,2023-12-21,page_060,42
U01052,register,2023-06-03,page_053,8
U01052,app_open,2023-06-03,page_070,26
U01052,browse,2023-06-03,page_066,299
U01053,register,2024-03-08,page_018,9
U01053,app_open,2024-03-08,page_009,33
U01053,browse,2024-03-08,page_050,131
U01053,add_to_cart,2024-03-08,page_074,57
U01054,register,2023-02-16,page_004,26
U01054,app_open,2023-02-16,page_032,42
U01054,browse,2023-02-16,page_005,187
U01054,share,2023-02-24,page_091,7
U01055,register,2024-01-01,page_070,17
U01055,app_open,2024-01-01,page_052,13
U01055,browse,2024-01-01,page_010,216
U01056,register,2023-11-28,page_033,19
U01057,register,2023-01-08,page_076,29
U01057,app_open,2023-01-08,page_014,42
U01057,browse,2023-01-08,page_047,104
U01057,add_to_cart,2023-01-08,page_074,76
U01058,register,2023-02-13,page_035,23
U01058,app_open,2023-02-13,page_011,46
U01058,browse,2023-02-13,page_066,195
U01059,register,2024-09-02,page_046,19
U01060,register,2023-04-25,page_033,21
U01060,app_open,2023-04-25,page_085,50
U01060,browse,2023-04-25,page_065,287
U01061,register,2023-02-13,page_083,27
U01061,app_open,2023-02-13,page_026,30
U01062,register,2023-04-26,page_097,27
U01063,register,2024-09-26,page_019,5
U01063,app_open,2024-09-26,page_033,44
U01063,browse,2024-09-26,page_068,190
U01064,register,2024-03-26,page_048,28
U01064,app_open,2024-03-26,page_073,11
U01064,browse,2024-03-26,page_012,81
U01064,add_to_cart,2024-03-26,page_076,106
U01064,share,2024-04-17,page_029,22
U01065,register,2024-09-12,page_051,29
U01065,app_open,2024-09-12,page_055,12
U01065,browse,2024-09-12,page_080,141
U01065,add_to_cart,2024-09-12,page_084,105
U01066,register,2023-12-05,page_092,15
U01066,app_open,2023-12-05,page_050,53
U01066,browse,2023-12-05,page_091,93
U01067,register,2023-10-26,page_006,17
U01067,app_open,2023-10-26,page_096,53
U01067,browse,2023-10-26,page_025,252
U01067,share,2023-10-30,page_092,25
U01068,register,2023-02-08,page_061,11
U01068,app_open,2023-02-08,page_043,52
U01068,browse,2023-02-08,page_085,65
U01068,add_to_cart,2023-02-08,page_013,115
U01069,register,2023-05-22,page_029,22
U01069,app_open,2023-05-22,page_084,50
U01070,register,2023-08-24,page_043,25
U01070,app_open,2023-08-24,page_064,33
U01070,browse,2023-08-24,page_095,274
U01071,register,2024-01-13,page_072,26
U01072,register,2024-11-15,page_075,22
U01072,app_open,2024-11-15,page_033,30
U01072,browse,2024-11-15,page_055,284
U01072,add_to_cart,2024-11-15,page_046,116
U01073,register,2024-03-24,page_076,14
U01073,app_open,2024-03-24,page_002,47
U01073,browse,2024-03-24,page_079,172
U01074,register,2023-11-23,page_042,23
U01074,app_open,2023-11-23,page_070,26
U01074,browse,2023-11-23,page_090,151
U01074,add_to_cart,2023-11-23,page_088,37
U01075,register,2023-10-06,page_075,22
U01075,app_open,2023-10-06,page_087,25
U01075,browse,2023-10-06,page_098,183
U01075,add_to_cart,2023-10-06,page_029,96
U01076,register,2023-05-05,page_010,18
U01076,app_open,2023-05-05,page_075,26
U01076,browse,2023-05-05,page_051,243
U01077,register,2023-08-01,page_083,10
U01077,app_open,2023-08-01,page_062,56
U01077,browse,2023-08-01,page_094,172
U01078,register,2023-02-17,page_059,9
U01078,app_open,2023-02-17,page_068,21
U01078,browse,2023-02-17,page_006,66
U01079,register,2023-07-25,page_053,19
U01079,app_open,2023-07-25,page_012,16
U01079,browse,2023-07-25,page_085,98
U01080,register,2024-11-09,page_080,10
U01080,app_open,2024-11-09,page_055,22
U01080,browse,2024-11-09,page_002,41
U01081,register,2023-04-07,page_013,20
U01081,app_open,2023-04-07,page_066,27
U01081,browse,2023-04-07,page_066,221
U01082,register,2023-10-16,page_098,26
U01082,app_open,2023-10-16,page_002,38
U01083,register,2023-10-07,page_071,20
U01083,app_open,2023-10-07,page_067,24
U01083,browse,2023-10-07,page_039,109
U01083,add_to_cart,2023-10-07,page_084,68
U01084,register,2023-02-02,page_001,5
U01084,app_open,2023-02-02,page_033,14
U01084,browse,2023-02-02,page_019,255
U01085,register,2023-08-14,page_030,23
U01085,app_open,2023-08-14,page_026,41
U01085,browse,2023-08-14,page_078,248
U01086,register,2024-06-01,page_001,29
U01086,app_open,2024-06-01,page_072,25
U01086,browse,2024-06-01,page_050,138
U01086,add_to_cart,2024-06-01,page_057,65
U01087,register,2024-05-17,page_032,21
U01087,app_open,2024-05-17,page_031,17
U01087,browse,2024-05-17,page_080,269
U01087,add_to_cart,2024-05-17,page_082,49
U01088,register,2024-10-05,page_002,25
U01088,app_open,2024-10-05,page_063,17
U01088,browse,2024-10-05,page_010,150
U01088,add_to_cart,2024-10-05,page_002,90
U01089,register,2024-04-07,page_049,19
U01089,app_open,2024-04-07,page_007,49
U01089,browse,2024-04-07,page_007,253
U01089,add_to_cart,2024-04-07,page_065,105
U01090,register,2024-03-19,page_019,10
U01090,app_open,2024-03-19,page_076,22
U01090,browse,2024-03-19,page_051,253
U01090,add_to_cart,2024-03-19,page_006,95
U01091,register,2024-09-02,page_037,7
U01091,app_open,2024-09-02,page_049,21
U01091,browse,2024-09-02,page_085,118
U01092,register,2024-04-25,page_017,29
U01092,app_open,2024-04-25,page_040,49
U01092,browse,2024-04-25,page_099,280
U01093,register,2023-09-20,page_090,16
U01093,app_open,2023-09-20,page_093,17
U01093,browse,2023-09-20,page_087,183
U01093,add_to_cart,2023-09-20,page_078,76
U01094,register,2024-06-10,page_037,24
U01094,app_open,2024-06-10,page_009,29
U01094,browse,2024-06-10,page_099,164
U01095,register,2024-12-20,page_067,20
U01095,app_open,2024-12-20,page_074,50
U01095,browse,2024-12-20,page_074,153
U01095,add_to_cart,2024-12-20,page_014,118
U01096,register,2024-09-04,page_020,21
U01096,app_open,2024-09-04,page_064,53
U01096,browse,2024-09-04,page_020,143
U01096,add_to_cart,2024-09-04,page_011,29
U01097,register,2023-02-14,page_063,29
U01097,app_open,2023-02-14,page_055,36
U01097,share,2023-02-17,page_028,7
U01098,register,2024-10-01,page_038,29
U01098,app_open,2024-10-01,page_030,20
U01098,browse,2024-10-01,page_030,253
U01098,add_to_cart,2024-10-01,page_037,25
U01099,register,2023-08-11,page_010,24
U01099,app_open,2023-08-11,page_010,43
U01100,register,2023-01-05,page_005,7
U01100,app_open,2023-01-05,page_014,10
U01100,browse,2023-01-05,page_019,108
U01101,register,2024-01-17,page_062,7
U01101,app_open,2024-01-17,page_065,23
U01101,browse,2024-01-17,page_095,185
U01102,register,2023-10-23,page_009,23
U01102,app_open,2023-10-23,page_098,32
U01102,browse,2023-10-23,page_005,45
U01103,register,2023-07-13,page_027,6
U01103,app_open,2023-07-13,page_085,47
U01103,browse,2023-07-13,page_077,221
U01103,share,2023-07-16,page_044,7
U01104,register,2024-09-04,page_003,14
U01104,app_open,2024-09-04,page_060,19
U01104,browse,2024-09-04,page_050,296
U01105,register,2024-09-13,page_028,25
U01105,app_open,2024-09-13,page_049,23
U01105,browse,2024-09-13,page_003,133
U01105,add_to_cart,2024-09-13,page_027,34
U01106,register,2023-01-25,page_046,6
U01106,app_open,2023-01-25,page_064,49
U01106,browse,2023-01-25,page_075,271
U01106,add_to_cart,2023-01-25,page_061,43
U01107,register,2023-11-28,page_007,19
U01107,app_open,2023-11-28,page_054,47
U01107,browse,2023-11-28,page_019,222
U01108,register,2024-09-09,page_049,11
U01108,app_open,2024-09-09,page_068,45
U01108,browse,2024-09-09,page_080,228
U01108,add_to_cart,2024-09-09,page_052,61
U01109,register,2024-01-11,page_030,5
U01110,register,2023-08-28,page_043,10
U01110,app_open,2023-08-28,page_005,25
U01110,browse,2023-08-28,page_098,213
U01111,register,2023-07-27,page_002,18
U01111,app_open,2023-07-27,page_070,18
U01111,browse,2023-07-27,page_072,34
U01111,add_to_cart,2023-07-27,page_034,74
U01111,share,2023-08-05,page_033,19
U01112,register,2024-10-25,page_039,10
U01112,app_open,2024-10-25,page_099,10
U01113,register,2024-08-15,page_033,7
U01113,app_open,2024-08-15,page_055,17
U01113,browse,2024-08-15,page_081,99
U01113,add_to_cart,2024-08-15,page_010,110
U01114,register,2024-03-21,page_013,25
U01114,app_open,2024-03-21,page_099,36
U01114,browse,2024-03-21,page_045,124
U01115,register,2023-12-17,page_004,28
U01116,register,2024-11-06,page_049,29
U01116,app_open,2024-11-06,page_071,30
U01117,register,2024-01-16,page_032,27
U01117,app_open,2024-01-16,page_077,29
U01118,register,2024-11-01,page_005,29
U01118,app_open,2024-11-01,page_034,52
U01119,register,2024-01-07,page_087,21
U01119,app_open,2024-01-07,page_040,20
U01119,browse,2024-01-07,page_097,107
U01120,register,2024-01-07,page_037,20
U01120,app_open,2024-01-07,page_008,10
U01120,browse,2024-01-07,page_078,144
U01120,add_to_cart,2024-01-07,page_016,118
U01121,register,2023-08-18,page_071,9
U01121,app_open,2023-08-18,page_020,56
U01121,browse,2023-08-18,page_031,90
U01122,register,2024-05-16,page_088,7
U01123,register,2024-05-08,page_013,7
U01123,app_open,2024-05-08,page_038,31
U01123,browse,2024-05-08,page_094,255
U01123,share,2024-05-29,page_032,6
U01124,register,2023-07-25,page_033,26
U01124,app_open,2023-07-25,page_072,42
U01124,browse,2023-07-25,page_055,74
U01125,register,2024-06-04,page_042,9
U01125,app_open,2024-06-04,page_075,38
U01125,browse,2024-06-04,page_044,52
U01126,register,2024-12-22,page_073,13
U01126,app_open,2024-12-22,page_039,13
U01126,share,2025-01-01,page_064,13
U01127,register,2023-02-16,page_024,28
U01127,app_open,2023-02-16,page_070,53
U01127,browse,2023-02-16,page_071,243
U01127,add_to_cart,2023-02-16,page_051,56
U01128,register,2024-06-23,page_053,24
U01128,app_open,2024-06-23,page_010,16
U01128,browse,2024-06-23,page_039,203
U01129,register,2023-08-14,page_040,12
U01130,register,2024-06-19,page_075,22
U01131,register,2024-12-04,page_052,28
U01131,app_open,2024-12-04,page_005,11
U01131,browse,2024-12-04,page_045,289
U01132,register,2024-10-28,page_070,10
U01133,register,2024-02-02,page_054,28
U01133,app_open,2024-02-02,page_039,43
U01133,browse,2024-02-02,page_003,276
U01134,register,2024-05-06,page_011,20
U01134,app_open,2024-05-06,page_068,46
U01135,register,2023-08-16,page_025,17
U01135,app_open,2023-08-16,page_070,52
U01136,register,2024-09-01,page_096,26
U01136,app_open,2024-09-01,page_044,21
U01136,browse,2024-09-01,page_061,69
U01137,register,2024-06-03,page_044,17
U01137,app_open,2024-06-03,page_019,44
U01138,register,2024-06-25,page_032,5
U01138,app_open,2024-06-25,page_061,50
U01138,browse,2024-06-25,page_059,211
U01139,register,2023-10-02,page_054,22
U01139,app_open,2023-10-02,page_092,49
U01139,browse,2023-10-02,page_027,289
U01139,add_to_cart,2023-10-02,page_029,94
U01140,register,2024-07-25,page_012,27
U01140,app_open,2024-07-25,page_032,37
U01140,browse,2024-07-25,page_034,34
U01141,register,2023-11-19,page_057,29
U01141,app_open,2023-11-19,page_002,40
U01141,browse,2023-11-19,page_005,108
U01141,add_to_cart,2023-11-19,page_055,105
U01142,register,2024-12-24,page_028,18
U01142,app_open,2024-12-24,page_001,26
U01142,share,2024-12-27,page_099,12
U01143,register,2023-03-10,page_016,15
U01143,app_open,2023-03-10,page_012,52
U01143,browse,2023-03-10,page_064,102
U01143,add_to_cart,2023-03-10,page_050,38
U01144,register,2024-04-28,page_051,9
U01144,app_open,2024-04-28,page_041,36
U01144,browse,2024-04-28,page_023,188
U01144,add_to_cart,2024-04-28,page_059,118
U01145,register,2023-03-24,page_035,18
U01146,register,2024-07-20,page_049,20
U01147,register,2024-09-07,page_009,9
U01147,app_open,2024-09-07,page_018,20
U01147,browse,2024-09-07,page_029,109
U01148,register,2024-05-08,page_036,23
U01148,app_open,2024-05-08,page_056,53
U01148,browse,2024-05-08,page_052,171
U01149,register,2023-03-07,page_069,27
U01149,app_open,2023-03-07,page_015,31
U01150,register,2023-10-27,page_091,13
U01150,app_open,2023-10-27,page_011,46
U01151,register,2024-07-25,page_022,5
U01151,app_open,2024-07-25,page_014,51
U01151,browse,2024-07-25,page_070,89
U01152,register,2024-03-26,page_001,24
U01153,register,2024-03-05,page_084,5
U01153,app_open,2024-03-05,page_068,43
U01153,browse,2024-03-05,page_027,134
U01153,add_to_cart,2024-03-05,page_040,77
U01154,register,2023-03-03,page_089,17
U01155,register,2023-04-15,page_033,20
U01156,register,2024-04-05,page_095,6
U01156,app_open,2024-04-05,page_066,11
U01156,browse,2024-04-05,page_032,242
U01156,add_to_cart,2024-04-05,page_033,35
U01157,register,2024-09-08,page_025,20
U01157,app_open,2024-09-08,page_069,39
U01157,browse,2024-09-08,page_008,57
U01157,add_to_cart,2024-09-08,page_074,38
U01157,share,2024-09-28,page_013,27
U01158,register,2023-10-22,page_004,23
U01158,app_open,2023-10-22,page_019,15
U01158,browse,2023-10-22,page_039,140
U01159,register,2024-09-02,page_014,6
U01159,app_open,2024-09-02,page_047,57
U01160,register,2024-02-05,page_096,13
U01160,app_open,2024-02-05,page_042,45
U01160,browse,2024-02-05,page_023,267
U01160,share,2024-02-29,page_032,28
U01161,register,2023-07-11,page_049,10
U01161,app_open,2023-07-11,page_036,19
U01161,browse,2023-07-11,page_081,295
U01161,add_to_cart,2023-07-11,page_012,72
U01162,register,2023-03-12,page_058,27
U01162,app_open,2023-03-12,page_098,26
U01163,register,2024-02-23,page_066,25
U01164,register,2023-01-22,page_025,24
U01164,app_open,2023-01-22,page_006,59
U01165,register,2024-04-15,page_086,22
U01165,app_open,2024-04-15,page_041,40
U01165,browse,2024-04-15,page_030,37
U01166,register,2023-01-23,page_096,24
U01166,app_open,2023-01-23,page_087,14
U01166,browse,2023-01-23,page_005,82
U01166,add_to_cart,2023-01-23,page_067,110
U01166,share,2023-02-13,page_015,13
U01167,register,2024-10-13,page_098,7
U01167,app_open,2024-10-13,page_050,49
U01167,browse,2024-10-13,page_061,141
U01167,add_to_cart,2024-10-13,page_023,17
U01168,register,2024-03-17,page_088,21
U01168,app_open,2024-03-17,page_042,26
U01168,browse,2024-03-17,page_075,223
U01168,add_to_cart,2024-03-17,page_086,37
U01169,register,2023-09-05,page_078,17
U01169,app_open,2023-09-05,page_006,10
U01169,browse,2023-09-05,page_029,183
U01170,register,2024-11-12,page_014,14
U01170,app_open,2024-11-12,page_060,15
U01170,browse,2024-11-12,page_023,105
U01171,register,2024-05-11,page_066,8
U01171,app_open,2024-05-11,page_035,44
U01171,browse,2024-05-11,page_087,78
U01172,register,2023-11-24,page_044,29
U01172,app_open,2023-11-24,page_070,41
U01172,browse,2023-11-24,page_089,32
U01172,add_to_cart,2023-11-24,page_048,119
U01173,register,2023-08-15,page_015,10
U01173,app_open,2023-08-15,page_017,45
U01173,browse,2023-08-15,page_010,184
U01173,add_to_cart,2023-08-15,page_089,59
U01173,share,2023-09-08,page_014,14
U01174,register,2023-02-22,page_014,8
U01174,app_open,2023-02-22,page_038,25
U01175,register,2023-10-21,page_040,9
U01175,app_open,2023-10-21,page_022,26
U01175,browse,2023-10-21,page_027,133
U01175,add_to_cart,2023-10-21,page_057,19
U01176,register,2024-10-14,page_043,7
U01176,app_open,2024-10-14,page_083,16
U01176,browse,2024-10-14,page_004,80
U01177,register,2023-05-27,page_030,10
U01178,register,2024-05-18,page_062,9
U01179,register,2024-07-07,page_066,29
U01179,app_open,2024-07-07,page_098,12
U01180,register,2024-06-12,page_072,23
U01180,app_open,2024-06-12,page_083,56
U01181,register,2024-03-14,page_039,24
U01181,app_open,2024-03-14,page_092,28
U01181,browse,2024-03-14,page_035,158
U01181,add_to_cart,2024-03-14,page_041,28
U01181,share,2024-04-10,page_089,8
U01182,register,2023-10-17,page_021,27
U01182,app_open,2023-10-17,page_078,59
U01183,register,2023-01-04,page_093,25
U01183,app_open,2023-01-04,page_001,45
U01184,register,2023-09-04,page_044,27
U01184,app_open,2023-09-04,page_085,31
U01184,browse,2023-09-04,page_014,252
U01184,add_to_cart,2023-09-04,page_028,98
U01184,share,2023-10-02,page_055,10
U01185,register,2024-07-26,page_046,11
U01185,app_open,2024-07-26,page_015,59
U01185,browse,2024-07-26,page_091,73
U01185,share,2024-08-10,page_036,8
U01186,register,2024-12-25,page_018,7
U01186,app_open,2024-12-25,page_032,18
U01186,browse,2024-12-25,page_013,56
U01187,register,2023-05-18,page_066,24
U01187,app_open,2023-05-18,page_034,45
U01187,share,2023-06-16,page_056,12
U01188,register,2024-03-20,page_017,13
U01188,app_open,2024-03-20,page_022,16
U01188,browse,2024-03-20,page_045,148
U01188,add_to_cart,2024-03-20,page_068,89
U01189,register,2023-08-02,page_011,23
U01189,app_open,2023-08-02,page_064,42
U01189,browse,2023-08-02,page_023,100
U01189,add_to_cart,2023-08-02,page_036,117
U01189,share,2023-08-23,page_049,10
U01190,register,2024-01-27,page_047,23
U01190,app_open,2024-01-27,page_001,31
U01190,browse,2024-01-27,page_056,285
U01191,register,2024-01-28,page_017,25
U01192,register,2024-02-15,page_078,21
U01192,app_open,2024-02-15,page_093,39
U01192,browse,2024-02-15,page_029,216
U01192,add_to_cart,2024-02-15,page_023,16
U01193,register,2024-09-12,page_057,24
U01193,app_open,2024-09-12,page_071,38
U01193,browse,2024-09-12,page_045,75
U01193,share,2024-09-19,page_004,20
U01194,register,2024-11-05,page_023,5
U01194,app_open,2024-11-05,page_008,34
U01194,browse,2024-11-05,page_043,68
U01194,share,2024-12-04,page_090,10
U01195,register,2023-03-18,page_001,27
U01195,app_open,2023-03-18,page_026,46
U01195,browse,2023-03-18,page_072,101
U01195,add_to_cart,2023-03-18,page_026,47
U01196,register,2023-03-14,page_043,10
U01196,app_open,2023-03-14,page_016,19
U01196,browse,2023-03-14,page_027,182
U01196,add_to_cart,2023-03-14,page_047,68
U01196,share,2023-03-27,page_095,11
U01197,register,2023-02-18,page_007,13
U01197,app_open,2023-02-18,page_032,55
U01197,browse,2023-02-18,page_079,281
U01198,register,2024-01-02,page_036,26
U01198,app_open,2024-01-02,page_042,58
U01198,browse,2024-01-02,page_043,183
U01199,register,2023-12-27,page_083,10
U01199,app_open,2023-12-27,page_075,15
U01200,register,2023-02-08,page_097,26
U01200,app_open,2023-02-08,page_062,38
U01201,register,2023-05-25,page_059,19
U01201,app_open,2023-05-25,page_027,17
U01201,browse,2023-05-25,page_094,122
U01201,share,2023-06-15,page_049,13
U01202,register,2023-11-13,page_023,11
U01202,app_open,2023-11-13,page_089,33
U01202,browse,2023-11-13,page_092,275
U01203,register,2024-09-17,page_021,8
U01203,app_open,2024-09-17,page_026,18
U01204,register,2024-12-16,page_044,14
U01204,app_open,2024-12-16,page_001,10
U01204,browse,2024-12-16,page_044,169
U01204,share,2024-12-19,page_082,16
U01205,register,2024-07-26,page_078,22
U01205,app_open,2024-07-26,page_091,45
U01205,browse,2024-07-26,page_048,57
U01205,add_to_cart,2024-07-26,page_054,108
U01205,share,2024-08-02,page_009,8
U01206,register,2024-03-18,page_058,13
U01206,app_open,2024-03-18,page_010,12
U01206,browse,2024-03-18,page_047,156
U01206,add_to_cart,2024-03-18,page_092,98
U01207,register,2023-06-04,page_040,15
U01207,app_open,2023-06-04,page_079,34
U01208,register,2023-04-13,page_092,25
U01208,app_open,2023-04-13,page_038,18
U01208,browse,2023-04-13,page_058,53
U01209,register,2023-09-10,page_090,11
U01210,register,2024-02-28,page_066,8
U01210,app_open,2024-02-28,page_027,20
U01210,share,2024-03-27,page_014,9
U01211,register,2023-08-03,page_004,25
U01211,app_open,2023-08-03,page_062,19
U01211,browse,2023-08-03,page_074,94
U01211,add_to_cart,2023-08-03,page_050,74
U01211,share,2023-08-13,page_069,6
U01212,register,2023-09-01,page_090,24
U01212,app_open,2023-09-01,page_046,44
U01212,browse,2023-09-01,page_019,194
U01212,share,2023-09-26,page_004,22
U01213,register,2024-03-15,page_097,20
U01213,app_open,2024-03-15,page_008,33
U01214,register,2023-07-15,page_072,23
U01214,app_open,2023-07-15,page_001,16
U01214,browse,2023-07-15,page_002,288
U01214,add_to_cart,2023-07-15,page_063,105
U01215,register,2023-07-13,page_062,5
U01215,app_open,2023-07-13,page_010,37
U01216,register,2023-12-18,page_031,16
U01216,app_open,2023-12-18,page_068,16
U01216,browse,2023-12-18,page_065,72
U01216,add_to_cart,2023-12-18,page_034,98
U01217,register,2023-07-07,page_032,29
U01217,app_open,2023-07-07,page_086,18
U01217,browse,2023-07-07,page_039,234
U01217,add_to_cart,2023-07-07,page_044,54
U01218,register,2024-03-09,page_047,16
U01218,app_open,2024-03-09,page_060,19
U01218,browse,2024-03-09,page_069,79
U01218,add_to_cart,2024-03-09,page_073,82
U01218,share,2024-03-23,page_062,8
U01219,register,2023-06-26,page_048,17
U01219,app_open,2023-06-26,page_046,20
U01219,browse,2023-06-26,page_025,185
U01220,register,2023-09-19,page_022,7
U01220,app_open,2023-09-19,page_078,53
U01221,register,2024-12-20,page_023,9
U01221,app_open,2024-12-20,page_044,41
U01221,browse,2024-12-20,page_022,273
U01221,add_to_cart,2024-12-20,page_029,66
U01222,register,2024-04-16,page_045,28
U01222,app_open,2024-04-16,page_085,44
U01222,browse,2024-04-16,page_050,165
U01223,register,2023-01-23,page_044,15
U01223,app_open,2023-01-23,page_055,37
U01223,browse,2023-01-23,page_016,238
U01224,register,2024-01-19,page_001,10
U01224,app_open,2024-01-19,page_083,33
U01224,browse,2024-01-19,page_037,71
U01225,register,2023-04-19,page_056,12
U01225,app_open,2023-04-19,page_036,24
U01225,browse,2023-04-19,page_072,112
U01226,register,2024-10-10,page_010,14
U01226,app_open,2024-10-10,page_041,11
U01226,browse,2024-10-10,page_012,60
U01227,register,2024-01-01,page_094,24
U01227,app_open,2024-01-01,page_061,54
U01227,browse,2024-01-01,page_018,73
U01227,add_to_cart,2024-01-01,page_077,87
U01228,register,2024-01-10,page_082,19
U01228,app_open,2024-01-10,page_067,34
U01228,browse,2024-01-10,page_086,87
U01228,add_to_cart,2024-01-10,page_084,64
U01229,register,2024-03-15,page_089,18
U01229,app_open,2024-03-15,page_065,54
U01229,browse,2024-03-15,page_042,70
U01229,add_to_cart,2024-03-15,page_001,102
U01230,register,2023-07-26,page_030,13
U01230,app_open,2023-07-26,page_075,34
U01230,browse,2023-07-26,page_027,73
U01231,register,2024-02-08,page_054,8
U01231,app_open,2024-02-08,page_078,30
U01231,browse,2024-02-08,page_039,110
U01231,share,2024-02-29,page_035,27
U01232,register,2024-07-25,page_080,6
U01232,app_open,2024-07-25,page_073,21
U01232,browse,2024-07-25,page_070,82
U01233,register,2024-06-15,page_062,27
U01233,app_open,2024-06-15,page_068,16
U01234,register,2023-09-12,page_080,26
U01234,app_open,2023-09-12,page_053,56
U01234,browse,2023-09-12,page_002,143
U01235,register,2024-09-22,page_029,16
U01236,register,2024-02-02,page_061,29
U01236,app_open,2024-02-02,page_008,31
U01236,browse,2024-02-02,page_037,83
U01237,register,2023-05-22,page_080,16
U01237,app_open,2023-05-22,page_036,25
U01238,register,2023-05-14,page_026,18
U01238,app_open,2023-05-14,page_032,16
U01239,register,2023-04-24,page_043,5
U01239,app_open,2023-04-24,page_090,54
U01240,register,2023-02-01,page_076,24
U01240,app_open,2023-02-01,page_045,25
U01241,register,2023-02-13,page_047,12
U01242,register,2024-08-17,page_078,25
U01242,app_open,2024-08-17,page_075,33
U01243,register,2024-01-17,page_082,8
U01243,app_open,2024-01-17,page_057,39
U01243,browse,2024-01-17,page_083,52
U01244,register,2023-05-24,page_007,6
U01245,register,2023-08-22,page_024,14
U01246,register,2024-10-12,page_050,9
U01246,app_open,2024-10-12,page_077,54
U01246,browse,2024-10-12,page_066,98
U01247,register,2023-09-18,page_048,21
U01247,app_open,2023-09-18,page_002,42
U01247,browse,2023-09-18,page_039,276
U01247,add_to_cart,2023-09-18,page_013,62
U01248,register,2024-04-19,page_063,6
U01248,app_open,2024-04-19,page_071,49
U01249,register,2024-10-08,page_040,29
U01249,app_open,2024-10-08,page_017,52
U01249,browse,2024-10-08,page_019,62
U01250,register,2023-07-24,page_072,7
U01250,app_open,2023-07-24,page_019,11
U01250,browse,2023-07-24,page_008,204
U01251,register,2024-09-09,page_075,11
U01251,app_open,2024-09-09,page_079,10
U01252,register,2024-10-12,page_078,5
U01252,app_open,2024-10-12,page_072,42
U01252,share,2024-10-23,page_018,7
U01253,register,2024-02-10,page_067,10
U01253,app_open,2024-02-10,page_053,54
U01253,browse,2024-02-10,page_043,135
U01253,add_to_cart,2024-02-10,page_015,39
U01254,register,2024-04-02,page_081,26
U01254,app_open,2024-04-02,page_098,50
U01255,register,2023-06-11,page_068,14
U01255,app_open,2023-06-11,page_021,49
U01255,browse,2023-06-11,page_041,265
U01255,share,2023-06-12,page_025,23
U01256,register,2023-04-05,page_019,9
U01256,app_open,2023-04-05,page_003,55
U01256,browse,2023-04-05,page_055,136
U01257,register,2023-05-17,page_075,8
U01257,app_open,2023-05-17,page_089,16
U01258,register,2023-05-26,page_029,9
U01259,register,2023-11-09,page_078,20
U01259,app_open,2023-11-09,page_017,16
U01259,browse,2023-11-09,page_048,73
U01260,register,2024-03-24,page_027,9
U01260,app_open,2024-03-24,page_036,50
U01260,browse,2024-03-24,page_072,35
U01260,add_to_cart,2024-03-24,page_048,15
U01261,register,2024-12-03,page_068,28
U01261,app_open,2024-12-03,page_056,25
U01261,browse,2024-12-03,page_095,277
U01261,add_to_cart,2024-12-03,page_009,90
U01261,share,2024-12-31,page_076,13
U01262,register,2024-04-09,page_053,8
U01262,app_open,2024-04-09,page_030,20
U01262,browse,2024-04-09,page_085,123
U01262,add_to_cart,2024-04-09,page_020,112
U01263,register,2024-11-06,page_004,18
U01263,app_open,2024-11-06,page_096,37
U01263,share,2024-11-15,page_066,16
U01264,register,2023-09-27,page_074,24
U01264,app_open,2023-09-27,page_051,32
U01265,register,2024-10-19,page_074,29
U01266,register,2023-06-11,page_083,28
U01266,app_open,2023-06-11,page_051,57
U01266,browse,2023-06-11,page_042,293
U01267,register,2023-02-18,page_046,14
U01267,app_open,2023-02-18,page_023,56
U01268,register,2023-07-24,page_081,11
U01268,app_open,2023-07-24,page_030,55
U01268,browse,2023-07-24,page_077,257
U01268,add_to_cart,2023-07-24,page_058,91
U01269,register,2024-11-21,page_008,12
U01269,app_open,2024-11-21,page_087,39
U01269,browse,2024-11-21,page_018,101
U01269,add_to_cart,2024-11-21,page_088,82
U01269,share,2024-11-28,page_021,6
U01270,register,2023-04-24,page_077,6
U01270,app_open,2023-04-24,page_047,47
U01271,register,2023-07-17,page_071,29
U01271,app_open,2023-07-17,page_030,52
U01271,browse,2023-07-17,page_030,241
U01271,add_to_cart,2023-07-17,page_018,55
U01272,register,2023-04-13,page_072,6
U01272,app_open,2023-04-13,page_083,50
U01273,register,2024-08-26,page_099,6
U01274,register,2024-07-04,page_019,17
U01275,register,2024-01-01,page_012,16
U01275,app_open,2024-01-01,page_075,53
U01275,browse,2024-01-01,page_051,48
U01275,add_to_cart,2024-01-01,page_078,31
U01275,share,2024-01-18,page_014,15
U01276,register,2023-02-07,page_057,18
U01276,app_open,2023-02-07,page_056,59
U01276,browse,2023-02-07,page_048,261
U01276,add_to_cart,2023-02-07,page_022,44
U01277,register,2024-11-17,page_050,14
U01277,app_open,2024-11-17,page_037,34
U01277,browse,2024-11-17,page_061,132
U01277,add_to_cart,2024-11-17,page_020,58
U01278,register,2023-07-22,page_042,7
U01278,app_open,2023-07-22,page_013,44
U01279,register,2024-01-17,page_039,16
U01279,app_open,2024-01-17,page_033,21
U01279,browse,2024-01-17,page_079,30
U01280,register,2023-01-28,page_011,10
U01280,app_open,2023-01-28,page_071,58
U01280,browse,2023-01-28,page_047,55
U01281,register,2023-02-06,page_025,5
U01282,register,2023-12-13,page_033,29
U01282,app_open,2023-12-13,page_059,33
U01282,browse,2023-12-13,page_054,99
U01282,add_to_cart,2023-12-13,page_080,89
U01283,register,2024-08-20,page_091,17
U01283,app_open,2024-08-20,page_002,44
U01284,register,2024-10-09,page_058,29
U01284,app_open,2024-10-09,page_076,36
U01284,browse,2024-10-09,page_045,131
U01284,share,2024-11-04,page_052,22
U01285,register,2024-05-18,page_092,21
U01285,app_open,2024-05-18,page_065,37
U01285,browse,2024-05-18,page_095,100
U01285,add_to_cart,2024-05-18,page_017,89
U01286,register,2023-08-08,page_003,27
U01286,app_open,2023-08-08,page_096,39
U01286,browse,2023-08-08,page_013,277
U01287,register,2023-11-22,page_053,7
U01287,app_open,2023-11-22,page_091,50
U01288,register,2024-10-28,page_031,12
U01288,app_open,2024-10-28,page_064,12
U01288,browse,2024-10-28,page_006,224
U01288,add_to_cart,2024-10-28,page_039,59
U01289,register,2023-08-18,page_065,11
U01289,app_open,2023-08-18,page_048,47
U01289,browse,2023-08-18,page_039,255
U01290,register,2024-06-13,page_015,26
U01290,app_open,2024-06-13,page_069,57
U01290,share,2024-06-29,page_067,5
U01291,register,2023-01-15,page_034,5
U01291,app_open,2023-01-15,page_009,59
U01291,browse,2023-01-15,page_083,148
U01291,add_to_cart,2023-01-15,page_007,16
U01292,register,2024-10-06,page_088,27
U01292,app_open,2024-10-06,page_013,35
U01292,browse,2024-10-06,page_076,227
U01293,register,2023-06-13,page_092,8
U01294,register,2023-02-23,page_055,11
U01294,app_open,2023-02-23,page_017,27
U01294,browse,2023-02-23,page_098,72
U01294,share,2023-02-27,page_047,15
U01295,register,2024-07-17,page_084,28
U01295,app_open,2024-07-17,page_048,37
U01295,browse,2024-07-17,page_088,60
U01295,add_to_cart,2024-07-17,page_078,36
U01296,register,2023-01-14,page_054,22
U01296,app_open,2023-01-14,page_068,42
U01296,share,2023-02-07,page_031,26
U01297,register,2024-04-15,page_093,18
U01297,app_open,2024-04-15,page_039,58
U01297,browse,2024-04-15,page_033,140
U01297,add_to_cart,2024-04-15,page_013,107
U01298,register,2023-09-19,page_010,22
U01298,app_open,2023-09-19,page_086,32
U01299,register,2023-08-15,page_028,23
U01300,register,2023-10-23,page_046,26
U01301,register,2023-02-18,page_013,12
U01301,app_open,2023-02-18,page_066,52
U01301,browse,2023-02-18,page_075,132
U01301,add_to_cart,2023-02-18,page_077,36
U01302,register,2024-08-02,page_020,10
U01302,app_open,2024-08-02,page_085,13
U01302,browse,2024-08-02,page_044,214
U01303,register,2024-09-12,page_070,9
U01303,app_open,2024-09-12,page_060,33
U01303,browse,2024-09-12,page_052,99
U01303,add_to_cart,2024-09-12,page_050,71
U01304,register,2023-10-12,page_037,12
U01304,app_open,2023-10-12,page_075,44
U01305,register,2023-07-02,page_087,18
U01305,app_open,2023-07-02,page_011,17
U01305,browse,2023-07-02,page_007,132
U01306,register,2023-01-02,page_089,26
U01306,app_open,2023-01-02,page_002,50
U01307,register,2024-11-28,page_093,11
U01307,app_open,2024-11-28,page_084,51
U01308,register,2024-09-17,page_071,12
U01308,app_open,2024-09-17,page_028,54
U01308,browse,2024-09-17,page_022,93
U01309,register,2024-08-08,page_002,8
U01309,app_open,2024-08-08,page_043,20
U01309,browse,2024-08-08,page_013,175
U01309,add_to_cart,2024-08-08,page_017,50
U01310,register,2024-09-12,page_072,9
U01310,app_open,2024-09-12,page_091,35
U01311,register,2023-02-09,page_067,10
U01311,app_open,2023-02-09,page_015,31
U01311,browse,2023-02-09,page_061,181
U01312,register,2024-05-17,page_088,28
U01312,app_open,2024-05-17,page_039,38
U01312,browse,2024-05-17,page_072,101
U01312,add_to_cart,2024-05-17,page_095,78
U01313,register,2023-10-13,page_057,21
U01313,app_open,2023-10-13,page_098,55
U01314,register,2023-05-14,page_017,6
U01314,app_open,2023-05-14,page_087,46
U01315,register,2024-02-15,page_097,5
U01315,app_open,2024-02-15,page_036,50
U01315,browse,2024-02-15,page_078,129
U01315,add_to_cart,2024-02-15,page_082,113
U01315,share,2024-03-08,page_011,13
U01316,register,2024-10-05,page_064,10
U01317,register,2024-10-06,page_070,8
U01317,app_open,2024-10-06,page_070,57
U01317,browse,2024-10-06,page_084,179
U01317,share,2024-10-07,page_035,12
U01318,register,2023-09-09,page_073,5
U01319,register,2024-09-04,page_068,28
U01319,app_open,2024-09-04,page_029,57
U01319,share,2024-09-26,page_012,8
U01320,register,2023-01-22,page_065,20
U01320,app_open,2023-01-22,page_042,30
U01320,browse,2023-01-22,page_037,88
U01321,register,2024-11-23,page_044,22
U01321,app_open,2024-11-23,page_076,37
U01321,browse,2024-11-23,page_081,281
U01322,register,2024-03-14,page_005,27
U01322,app_open,2024-03-14,page_088,54
U01323,register,2023-01-06,page_091,16
U01323,app_open,2023-01-06,page_089,52
U01323,browse,2023-01-06,page_047,190
U01323,share,2023-01-28,page_070,23
U01324,register,2023-08-03,page_088,18
U01324,app_open,2023-08-03,page_001,28
U01324,browse,2023-08-03,page_052,129
U01325,register,2024-05-23,page_008,5
U01325,app_open,2024-05-23,page_033,19
U01326,register,2024-08-28,page_011,6
U01326,app_open,2024-08-28,page_098,54
U01326,browse,2024-08-28,page_089,217
U01326,add_to_cart,2024-08-28,page_093,100
U01326,share,2024-09-01,page_011,27
U01327,register,2023-05-18,page_016,14
U01327,app_open,2023-05-18,page_046,25
U01328,register,2023-07-17,page_097,11
U01328,app_open,2023-07-17,page_084,34
U01328,browse,2023-07-17,page_087,71
U01328,add_to_cart,2023-07-17,page_006,88
U01329,register,2024-03-20,page_082,19
U01329,app_open,2024-03-20,page_030,54
U01329,browse,2024-03-20,page_088,230
U01330,register,2024-12-16,page_063,26
U01330,app_open,2024-12-16,page_040,56
U01331,register,2024-01-28,page_049,25
U01331,app_open,2024-01-28,page_053,38
U01331,browse,2024-01-28,page_075,104
U01332,register,2023-07-15,page_019,28
U01332,app_open,2023-07-15,page_010,58
U01333,register,2024-11-23,page_077,27
U01333,app_open,2024-11-23,page_038,46
U01333,browse,2024-11-23,page_023,198
U01334,register,2023-05-27,page_046,9
U01334,app_open,2023-05-27,page_085,51
U01334,browse,2023-05-27,page_056,47
U01334,add_to_cart,2023-05-27,page_081,72
U01335,register,2023-12-28,page_074,29
U01335,app_open,2023-12-28,page_074,43
U01335,browse,2023-12-28,page_042,245
U01335,add_to_cart,2023-12-28,page_022,37
U01336,register,2023-10-19,page_033,22
U01336,app_open,2023-10-19,page_099,56
U01336,browse,2023-10-19,page_011,180
U01336,add_to_cart,2023-10-19,page_090,110
U01337,register,2023-10-07,page_001,24
U01337,app_open,2023-10-07,page_088,29
U01337,browse,2023-10-07,page_045,223
U01337,add_to_cart,2023-10-07,page_003,67
U01337,share,2023-10-29,page_040,11
U01338,register,2024-12-23,page_029,5
U01338,app_open,2024-12-23,page_077,35
U01338,browse,2024-12-23,page_069,152
U01338,add_to_cart,2024-12-23,page_099,92
U01339,register,2024-10-15,page_046,12
U01339,app_open,2024-10-15,page_044,29
U01340,register,2023-09-27,page_002,13
U01340,app_open,2023-09-27,page_011,29
U01340,browse,2023-09-27,page_003,249
U01341,register,2023-06-21,page_067,6
U01341,app_open,2023-06-21,page_049,40
U01342,register,2023-11-06,page_005,26
U01342,app_open,2023-11-06,page_060,29
U01342,browse,2023-11-06,page_057,154
U01342,share,2023-11-20,page_096,6
U01343,register,2024-08-15,page_053,10
U01343,app_open,2024-08-15,page_086,41
U01344,register,2024-01-06,page_061,5
U01344,app_open,2024-01-06,page_082,17
U01344,browse,2024-01-06,page_051,180
U01344,share,2024-02-02,page_095,27
U01345,register,2024-08-21,page_097,19
U01345,app_open,2024-08-21,page_029,56
U01345,browse,2024-08-21,page_057,181
U01345,add_to_cart,2024-08-21,page_056,96
U01345,share,2024-09-19,page_040,25
U01346,register,2024-03-06,page_074,9
U01346,app_open,2024-03-06,page_081,59
U01346,browse,2024-03-06,page_081,122
U01346,add_to_cart,2024-03-06,page_058,115
U01347,register,2024-04-01,page_062,12
U01347,app_open,2024-04-01,page_034,33
U01347,browse,2024-04-01,page_075,57
U01348,register,2023-06-16,page_088,15
U01349,register,2024-10-01,page_021,6
U01349,app_open,2024-10-01,page_068,30
U01349,browse,2024-10-01,page_057,266
U01349,add_to_cart,2024-10-01,page_060,41
U01350,register,2023-07-28,page_059,22
U01350,app_open,2023-07-28,page_059,48
U01351,register,2023-10-21,page_063,15
U01351,app_open,2023-10-21,page_010,46
U01351,browse,2023-10-21,page_071,288
U01351,share,2023-11-06,page_069,26
U01352,register,2023-08-21,page_026,12
U01352,app_open,2023-08-21,page_044,29
U01352,browse,2023-08-21,page_057,71
U01352,add_to_cart,2023-08-21,page_013,16
U01353,register,2023-05-18,page_022,7
U01353,app_open,2023-05-18,page_020,26
U01353,browse,2023-05-18,page_069,130
U01354,register,2023-04-20,page_002,12
U01354,app_open,2023-04-20,page_087,51
U01354,browse,2023-04-20,page_038,208
U01354,add_to_cart,2023-04-20,page_095,55
U01355,register,2024-04-10,page_059,20
U01355,app_open,2024-04-10,page_034,43
U01355,browse,2024-04-10,page_013,192
U01356,register,2024-04-08,page_023,11
U01356,app_open,2024-04-08,page_002,20
U01356,browse,2024-04-08,page_065,62
U01356,add_to_cart,2024-04-08,page_023,49
U01357,register,2024-07-01,page_011,12
U01357,app_open,2024-07-01,page_045,14
U01357,browse,2024-07-01,page_023,122
U01358,register,2024-11-09,page_023,17
U01358,app_open,2024-11-09,page_073,45
U01358,browse,2024-11-09,page_061,219
U01359,register,2023-06-13,page_059,21
U01359,app_open,2023-06-13,page_020,32
U01359,browse,2023-06-13,page_040,30
U01360,register,2024-01-18,page_027,10
U01360,app_open,2024-01-18,page_094,27
U01360,browse,2024-01-18,page_076,163
U01360,add_to_cart,2024-01-18,page_077,33
U01360,share,2024-01-26,page_046,19
U01361,register,2024-02-02,page_053,29
U01361,app_open,2024-02-02,page_073,26
U01361,browse,2024-02-02,page_017,101
U01361,add_to_cart,2024-02-02,page_097,84
U01362,register,2024-04-17,page_026,9
U01362,app_open,2024-04-17,page_008,36
U01362,browse,2024-04-17,page_092,173
U01362,add_to_cart,2024-04-17,page_069,112
U01363,register,2024-10-16,page_040,23
U01363,app_open,2024-10-16,page_004,21
U01363,browse,2024-10-16,page_017,223
U01364,register,2024-02-13,page_046,24
U01364,app_open,2024-02-13,page_075,43
U01364,browse,2024-02-13,page_057,84
U01365,register,2024-04-24,page_072,22
U01365,app_open,2024-04-24,page_005,50
U01365,browse,2024-04-24,page_009,272
U01366,register,2023-01-28,page_091,9
U01366,app_open,2023-01-28,page_080,14
U01367,register,2024-05-01,page_055,9
U01367,app_open,2024-05-01,page_098,22
U01368,register,2023-10-05,page_096,16
U01368,app_open,2023-10-05,page_015,41
U01368,browse,2023-10-05,page_070,234
U01369,register,2023-07-04,page_021,16
U01369,app_open,2023-07-04,page_051,22
U01369,browse,2023-07-04,page_058,130
U01370,register,2023-01-01,page_006,27
U01371,register,2023-10-03,page_093,15
U01371,app_open,2023-10-03,page_007,55
U01371,browse,2023-10-03,page_047,60
U01372,register,2023-05-13,page_083,15
U01372,app_open,2023-05-13,page_025,10
U01372,browse,2023-05-13,page_023,136
U01372,add_to_cart,2023-05-13,page_046,91
U01372,share,2023-05-22,page_089,28
U01373,register,2024-09-25,page_083,8
U01373,app_open,2024-09-25,page_076,37
U01373,browse,2024-09-25,page_078,241
U01373,share,2024-09-30,page_042,8
U01374,register,2023-09-25,page_007,25
U01375,register,2023-08-11,page_060,6
U01376,register,2024-12-14,page_032,20
U01376,app_open,2024-12-14,page_080,40
U01376,browse,2024-12-14,page_046,167
U01376,add_to_cart,2024-12-14,page_001,31
U01377,register,2023-08-24,page_065,15
U01377,app_open,2023-08-24,page_096,32
U01377,browse,2023-08-24,page_081,275
U01377,add_to_cart,2023-08-24,page_029,112
U01378,register,2024-12-21,page_014,18
U01379,register,2023-10-03,page_083,24
U01379,app_open,2023-10-03,page_069,23
U01380,register,2023-04-25,page_086,21
U01381,register,2024-11-12,page_010,9
U01381,app_open,2024-11-12,page_071,52
U01381,browse,2024-11-12,page_097,262
U01381,add_to_cart,2024-11-12,page_055,114
U01381,share,2024-11-18,page_096,14
U01382,register,2023-09-11,page_062,29
U01383,register,2023-11-16,page_032,5
U01383,app_open,2023-11-16,page_084,50
U01383,browse,2023-11-16,page_047,289
U01384,register,2024-01-27,page_088,12
U01384,app_open,2024-01-27,page_096,20
U01384,browse,2024-01-27,page_024,45
U01384,add_to_cart,2024-01-27,page_086,17
U01385,register,2024-02-07,page_006,24
U01385,app_open,2024-02-07,page_004,43
U01385,browse,2024-02-07,page_024,101
U01386,register,2023-12-24,page_061,9
U01386,app_open,2023-12-24,page_045,39
U01386,browse,2023-12-24,page_058,38
U01386,add_to_cart,2023-12-24,page_032,97
U01387,register,2024-07-08,page_080,9
U01387,app_open,2024-07-08,page_002,56
U01387,share,2024-08-02,page_025,13
U01388,register,2023-04-22,page_058,14
U01389,register,2024-05-02,page_008,6
U01389,app_open,2024-05-02,page_093,56
U01390,register,2024-11-22,page_019,11
U01390,app_open,2024-11-22,page_059,27
U01391,register,2024-01-26,page_044,11
U01392,register,2024-09-07,page_092,18
U01392,app_open,2024-09-07,page_083,45
U01393,register,2024-06-10,page_098,24
U01393,app_open,2024-06-10,page_061,25
U01393,browse,2024-06-10,page_083,205
U01394,register,2023-04-21,page_037,19
U01394,app_open,2023-04-21,page_023,23
U01394,browse,2023-04-21,page_031,233
U01395,register,2023-08-22,page_016,20
U01395,app_open,2023-08-22,page_007,30
U01395,browse,2023-08-22,page_086,204
U01395,add_to_cart,2023-08-22,page_013,60
U01396,register,2024-10-21,page_088,25
U01396,app_open,2024-10-21,page_094,39
U01397,register,2024-01-14,page_097,29
U01397,app_open,2024-01-14,page_049,11
U01398,register,2024-09-17,page_008,13
U01398,app_open,2024-09-17,page_091,41
U01398,browse,2024-09-17,page_070,268
U01398,share,2024-09-26,page_097,16
U01399,register,2023-12-04,page_060,13
U01399,app_open,2023-12-04,page_096,10
U01399,browse,2023-12-04,page_041,219
U01400,register,2023-09-15,page_030,8
U01400,app_open,2023-09-15,page_081,30
U01400,browse,2023-09-15,page_087,167
U01401,register,2024-03-18,page_081,9
U01402,register,2023-06-02,page_002,29
U01402,app_open,2023-06-02,page_063,54
U01402,browse,2023-06-02,page_026,266
U01403,register,2023-09-05,page_061,10
U01403,app_open,2023-09-05,page_014,40
U01403,browse,2023-09-05,page_017,52
U01404,register,2023-12-26,page_027,14
U01404,app_open,2023-12-26,page_021,23
U01404,browse,2023-12-26,page_074,272
U01405,register,2023-05-12,page_068,15
U01405,app_open,2023-05-12,page_093,18
U01405,browse,2023-05-12,page_066,251
U01406,register,2024-03-02,page_028,29
U01406,app_open,2024-03-02,page_046,36
U01407,register,2023-11-23,page_023,19
U01407,app_open,2023-11-23,page_062,40
U01407,browse,2023-11-23,page_076,132
U01407,add_to_cart,2023-11-23,page_089,29
U01408,register,2024-12-19,page_066,7
U01408,app_open,2024-12-19,page_052,15
U01408,browse,2024-12-19,page_054,253
U01408,add_to_cart,2024-12-19,page_066,48
U01409,register,2024-05-18,page_051,8
U01409,app_open,2024-05-18,page_070,40
U01409,browse,2024-05-18,page_052,282
U01409,add_to_cart,2024-05-18,page_083,94
U01410,register,2023-10-05,page_062,25
U01410,app_open,2023-10-05,page_045,48
U01410,browse,2023-10-05,page_009,192
U01410,share,2023-10-22,page_016,27
U01411,register,2024-09-17,page_016,26
U01411,app_open,2024-09-17,page_071,42
U01411,browse,2024-09-17,page_098,149
U01411,add_to_cart,2024-09-17,page_056,93
U01412,register,2023-01-13,page_013,24
U01413,register,2023-02-17,page_077,7
U01414,register,2024-03-08,page_027,22
U01414,app_open,2024-03-08,page_007,20
U01414,browse,2024-03-08,page_061,222
U01415,register,2023-02-28,page_036,20
U01415,app_open,2023-02-28,page_034,22
U01416,register,2023-08-27,page_027,14
U01416,app_open,2023-08-27,page_004,18
U01416,browse,2023-08-27,page_050,224
U01417,register,2023-05-17,page_041,7
U01417,app_open,2023-05-17,page_097,21
U01417,browse,2023-05-17,page_045,47
U01417,share,2023-05-27,page_032,11
U01418,register,2023-04-12,page_058,16
U01418,app_open,2023-04-12,page_025,16
U01418,browse,2023-04-12,page_082,104
U01418,add_to_cart,2023-04-12,page_055,89
U01419,register,2024-06-06,page_090,18
U01419,app_open,2024-06-06,page_029,47
U01419,browse,2024-06-06,page_037,286
U01420,register,2023-05-28,page_015,16
U01421,register,2024-07-05,page_058,29
U01421,app_open,2024-07-05,page_082,31
U01421,browse,2024-07-05,page_021,225
U01421,share,2024-07-21,page_068,7
U01422,register,2023-10-23,page_079,17
U01422,app_open,2023-10-23,page_061,43
U01422,browse,2023-10-23,page_019,66
U01423,register,2024-07-04,page_027,20
U01423,app_open,2024-07-04,page_059,34
U01423,browse,2024-07-04,page_097,189
U01423,add_to_cart,2024-07-04,page_055,118
U01424,register,2024-01-13,page_098,15
U01424,app_open,2024-01-13,page_061,44
U01425,register,2024-05-18,page_068,18
U01425,app_open,2024-05-18,page_065,51
U01425,browse,2024-05-18,page_068,257
U01425,add_to_cart,2024-05-18,page_058,113
U01425,share,2024-06-03,page_063,18
U01426,register,2024-07-26,page_001,13
U01426,app_open,2024-07-26,page_071,58
U01426,browse,2024-07-26,page_077,67
U01427,register,2024-11-23,page_051,23
U01427,app_open,2024-11-23,page_088,13
U01427,share,2024-12-05,page_067,14
U01428,register,2024-05-25,page_035,8
U01428,app_open,2024-05-25,page_087,13
U01428,browse,2024-05-25,page_001,61
U01428,add_to_cart,2024-05-25,page_026,106
U01429,register,2023-03-13,page_064,24
U01429,app_open,2023-03-13,page_001,59
U01429,browse,2023-03-13,page_043,79
U01429,add_to_cart,2023-03-13,page_092,82
U01430,register,2024-01-03,page_043,12
U01430,app_open,2024-01-03,page_080,26
U01430,browse,2024-01-03,page_093,217
U01431,register,2023-02-15,page_023,27
U01431,app_open,2023-02-15,page_070,17
U01431,browse,2023-02-15,page_073,260
U01431,add_to_cart,2023-02-15,page_065,72
U01432,register,2023-03-22,page_072,27
U01432,app_open,2023-03-22,page_032,23
U01432,browse,2023-03-22,page_091,268
U01433,register,2024-04-10,page_007,14
U01434,register,2024-08-02,page_025,24
U01434,app_open,2024-08-02,page_080,12
U01434,share,2024-08-30,page_065,24
U01435,register,2024-03-08,page_093,20
U01435,app_open,2024-03-08,page_005,26
U01435,share,2024-04-05,page_051,17
U01436,register,2024-01-01,page_061,19
U01436,app_open,2024-01-01,page_070,11
U01436,browse,2024-01-01,page_069,82
U01436,add_to_cart,2024-01-01,page_075,46
U01437,register,2024-12-02,page_005,15
U01438,register,2023-09-20,page_013,20
U01438,app_open,2023-09-20,page_047,43
U01439,register,2024-08-23,page_019,23
U01440,register,2024-07-12,page_005,29
U01440,app_open,2024-07-12,page_042,48
U01441,register,2023-12-10,page_089,29
U01441,app_open,2023-12-10,page_062,16
U01441,browse,2023-12-10,page_039,192
U01441,share,2023-12-24,page_008,10
U01442,register,2024-07-20,page_053,15
U01442,app_open,2024-07-20,page_021,20
U01443,register,2023-10-19,page_025,14
U01443,app_open,2023-10-19,page_018,26
U01444,register,2024-12-09,page_053,19
U01445,register,2023-05-28,page_068,27
U01445,app_open,2023-05-28,page_004,49
U01445,browse,2023-05-28,page_079,37
U01445,add_to_cart,2023-05-28,page_098,72
U01446,register,2023-03-23,page_096,11
U01446,app_open,2023-03-23,page_002,30
U01447,register,2024-07-22,page_004,5
U01447,app_open,2024-07-22,page_075,42
U01447,browse,2024-07-22,page_058,36
U01447,share,2024-08-11,page_048,14
U01448,register,2023-04-23,page_008,12
U01449,register,2024-02-06,page_012,16
U01449,app_open,2024-02-06,page_045,30
U01449,browse,2024-02-06,page_056,214
U01450,register,2024-01-28,page_025,6
U01450,app_open,2024-01-28,page_094,19
U01450,browse,2024-01-28,page_069,222
U01451,register,2023-07-12,page_021,22
U01451,app_open,2023-07-12,page_061,14
U01451,browse,2023-07-12,page_098,284
U01451,add_to_cart,2023-07-12,page_032,97
U01452,register,2024-08-28,page_014,16
U01452,app_open,2024-08-28,page_049,33
U01453,register,2024-02-13,page_063,5
U01453,app_open,2024-02-13,page_009,37
U01453,browse,2024-02-13,page_080,45
U01453,share,2024-03-06,page_040,29
U01454,register,2023-11-06,page_082,25
U01455,register,2023-07-10,page_067,13
U01455,app_open,2023-07-10,page_005,12
U01455,browse,2023-07-10,page_022,290
U01456,register,2024-12-26,page_025,24
U01456,app_open,2024-12-26,page_060,10
U01456,browse,2024-12-26,page_026,282
U01457,register,2024-03-09,page_049,16
U01457,app_open,2024-03-09,page_044,52
U01458,register,2023-03-05,page_080,28
U01458,app_open,2023-03-05,page_072,44
U01458,browse,2023-03-05,page_093,163
U01458,add_to_cart,2023-03-05,page_005,98
U01458,share,2023-03-31,page_059,16
U01459,register,2023-10-15,page_039,23
U01459,app_open,2023-10-15,page_017,46
U01459,browse,2023-10-15,page_025,177
U01459,add_to_cart,2023-10-15,page_008,77
U01460,register,2023-03-21,page_044,19
U01460,app_open,2023-03-21,page_067,59
U01460,browse,2023-03-21,page_052,290
U01460,add_to_cart,2023-03-21,page_046,46
U01461,register,2024-06-03,page_015,26
U01461,app_open,2024-06-03,page_008,40
U01462,register,2023-07-24,page_001,25
U01462,app_open,2023-07-24,page_056,45
U01462,browse,2023-07-24,page_007,31
U01462,add_to_cart,2023-07-24,page_093,41
U01463,register,2024-09-14,page_036,10
U01463,app_open,2024-09-14,page_028,40
U01463,browse,2024-09-14,page_019,167
U01464,register,2024-04-19,page_008,28
U01465,register,2023-04-03,page_056,18
U01466,register,2023-03-09,page_077,29
U01466,app_open,2023-03-09,page_081,22
U01466,browse,2023-03-09,page_012,31
U01466,add_to_cart,2023-03-09,page_054,86
U01467,register,2023-04-22,page_069,29
U01467,app_open,2023-04-22,page_071,57
U01468,register,2024-07-24,page_021,22
U01468,app_open,2024-07-24,page_072,54
U01468,browse,2024-07-24,page_092,187
U01469,register,2023-11-15,page_070,27
U01469,app_open,2023-11-15,page_025,57
U01469,browse,2023-11-15,page_009,82
U01470,register,2023-04-08,page_087,22
U01470,app_open,2023-04-08,page_078,30
U01470,browse,2023-04-08,page_057,51
U01470,add_to_cart,2023-04-08,page_046,119
U01471,register,2023-02-25,page_081,11
U01471,app_open,2023-02-25,page_033,15
U01471,browse,2023-02-25,page_084,262
U01471,add_to_cart,2023-02-25,page_090,44
U01472,register,2024-06-03,page_005,21
U01472,app_open,2024-06-03,page_048,48
U01472,browse,2024-06-03,page_083,94
U01472,add_to_cart,2024-06-03,page_094,89
U01473,register,2023-03-21,page_066,9
U01473,app_open,2023-03-21,page_050,38
U01473,browse,2023-03-21,page_058,156
U01473,share,2023-04-08,page_084,9
U01474,register,2024-07-12,page_097,14
U01474,app_open,2024-07-12,page_046,13
U01474,browse,2024-07-12,page_032,70
U01474,add_to_cart,2024-07-12,page_095,38
U01475,register,2024-12-14,page_068,16
U01475,app_open,2024-12-14,page_051,50
U01476,register,2024-11-27,page_076,15
U01476,app_open,2024-11-27,page_082,33
U01476,browse,2024-11-27,page_042,224
U01476,add_to_cart,2024-11-27,page_020,15
U01477,register,2024-01-16,page_065,11
U01477,app_open,2024-01-16,page_019,40
U01477,browse,2024-01-16,page_064,113
U01478,register,2024-05-22,page_066,19
U01478,app_open,2024-05-22,page_044,12
U01479,register,2024-06-13,page_026,10
U01479,app_open,2024-06-13,page_037,44
U01479,browse,2024-06-13,page_082,139
U01479,share,2024-07-01,page_096,25
U01480,register,2024-12-26,page_058,23
U01480,app_open,2024-12-26,page_018,34
U01480,browse,2024-12-26,page_063,114
U01480,add_to_cart,2024-12-26,page_084,69
U01480,share,2025-01-13,page_062,9
U01481,register,2024-01-08,page_026,26
U01481,app_open,2024-01-08,page_013,43
U01481,browse,2024-01-08,page_076,145
U01482,register,2023-07-08,page_098,26
U01483,register,2024-05-24,page_079,11
U01483,app_open,2024-05-24,page_002,56
U01484,register,2023-01-03,page_035,27
U01484,app_open,2023-01-03,page_082,55
U01484,share,2023-02-01,page_027,11
U01485,register,2023-04-19,page_001,23
U01485,app_open,2023-04-19,page_074,13
U01486,register,2023-02-11,page_041,19
U01486,app_open,2023-02-11,page_048,58
U01486,browse,2023-02-11,page_049,253
U01486,add_to_cart,2023-02-11,page_044,67
U01486,share,2023-02-13,page_029,18
U01487,register,2023-11-19,page_007,9
U01487,app_open,2023-11-19,page_098,30
U01487,browse,2023-11-19,page_020,223
U01488,register,2023-02-05,page_049,27
U01488,app_open,2023-02-05,page_042,18
U01488,browse,2023-02-05,page_037,180
U01488,share,2023-02-14,page_030,27
U01489,register,2024-07-09,page_034,25
U01489,app_open,2024-07-09,page_093,26
U01489,browse,2024-07-09,page_008,272
U01490,register,2023-07-26,page_016,5
U01490,app_open,2023-07-26,page_089,48
U01490,browse,2023-07-26,page_008,84
U01490,add_to_cart,2023-07-26,page_034,18
U01491,register,2023-12-28,page_032,9
U01491,app_open,2023-12-28,page_073,26
U01491,browse,2023-12-28,page_024,133
U01491,share,2023-12-31,page_011,28
U01492,register,2024-07-18,page_023,23
U01493,register,2024-06-21,page_069,21
U01493,app_open,2024-06-21,page_017,21
U01493,browse,2024-06-21,page_009,170
U01493,add_to_cart,2024-06-21,page_020,39
U01494,register,2023-09-02,page_091,5
U01494,app_open,2023-09-02,page_005,45
U01494,browse,2023-09-02,page_074,295
U01495,register,2023-02-15,page_031,8
U01495,app_open,2023-02-15,page_032,11
U01495,browse,2023-02-15,page_062,255
U01495,add_to_cart,2023-02-15,page_088,100
U01495,share,2023-03-16,page_088,24
U01496,register,2024-12-16,page_089,21
U01496,app_open,2024-12-16,page_044,43
U01496,browse,2024-12-16,page_031,265
U01497,register,2024-02-19,page_003,11
U01497,app_open,2024-02-19,page_031,58
U01497,browse,2024-02-19,page_080,282
U01498,register,2024-03-03,page_089,16
U01498,app_open,2024-03-03,page_054,17
U01499,register,2023-06-06,page_075,11
U01499,app_open,2023-06-06,page_050,15
U01499,browse,2023-06-06,page_051,40
U01499,add_to_cart,2023-06-06,page_018,60
U01500,register,2024-10-21,page_004,13
U01500,app_open,2024-10-21,page_039,18
U01501,register,2024-08-28,page_047,27
U01501,app_open,2024-08-28,page_095,16
U01501,browse,2024-08-28,page_025,51
U01502,register,2023-09-11,page_023,18
U01502,app_open,2023-09-11,page_038,41
U01502,browse,2023-09-11,page_084,240
U01503,register,2023-04-14,page_069,25
U01503,app_open,2023-04-14,page_034,39
U01503,browse,2023-04-14,page_008,262
U01504,register,2024-01-15,page_099,23
U01504,app_open,2024-01-15,page_084,23
U01504,browse,2024-01-15,page_072,89
U01505,register,2024-05-08,page_095,24
U01505,app_open,2024-05-08,page_004,36
U01506,register,2023-11-24,page_088,24
U01506,app_open,2023-11-24,page_094,59
U01507,register,2023-11-16,page_039,27
U01507,app_open,2023-11-16,page_082,28
U01507,browse,2023-11-16,page_005,112
U01508,register,2023-03-25,page_085,20
U01509,register,2024-11-15,page_040,8
U01509,app_open,2024-11-15,page_061,24
U01509,browse,2024-11-15,page_063,164
U01509,add_to_cart,2024-11-15,page_059,37
U01509,share,2024-12-08,page_086,5
U01510,register,2024-01-07,page_018,28
U01510,app_open,2024-01-07,page_061,45
U01510,share,2024-01-23,page_038,10
U01511,register,2023-05-28,page_087,13
U01511,app_open,2023-05-28,page_064,26
U01511,browse,2023-05-28,page_080,137
U01512,register,2023-12-03,page_095,9
U01512,app_open,2023-12-03,page_075,47
U01513,register,2023-12-05,page_067,14
U01513,app_open,2023-12-05,page_074,37
U01513,browse,2023-12-05,page_060,135
U01514,register,2024-07-19,page_056,12
U01514,app_open,2024-07-19,page_037,14
U01514,browse,2024-07-19,page_007,292
U01514,share,2024-07-23,page_064,8
U01515,register,2023-01-20,page_005,6
U01515,app_open,2023-01-20,page_006,16
U01515,browse,2023-01-20,page_055,133
U01515,add_to_cart,2023-01-20,page_040,105
U01516,register,2023-12-22,page_062,24
U01516,app_open,2023-12-22,page_003,54
U01516,browse,2023-12-22,page_038,283
U01517,register,2024-10-06,page_012,21
U01517,app_open,2024-10-06,page_097,51
U01517,browse,2024-10-06,page_046,141
U01517,add_to_cart,2024-10-06,page_002,50
U01518,register,2024-09-18,page_012,19
U01518,app_open,2024-09-18,page_042,56
U01518,browse,2024-09-18,page_098,192
U01518,add_to_cart,2024-09-18,page_011,80
U01518,share,2024-10-03,page_078,14
U01519,register,2024-09-16,page_063,26
U01519,app_open,2024-09-16,page_037,57
U01519,browse,2024-09-16,page_048,292
U01519,share,2024-09-21,page_039,15
U01520,register,2023-11-10,page_053,23
U01520,app_open,2023-11-10,page_030,30
U01520,browse,2023-11-10,page_099,144
U01520,add_to_cart,2023-11-10,page_063,63
U01521,register,2023-03-26,page_062,25
U01521,app_open,2023-03-26,page_038,12
U01521,browse,2023-03-26,page_004,170
U01522,register,2024-06-12,page_064,26
U01522,app_open,2024-06-12,page_093,38
U01522,browse,2024-06-12,page_034,263
U01522,add_to_cart,2024-06-12,page_069,44
U01523,register,2024-02-04,page_091,16
U01523,app_open,2024-02-04,page_016,39
U01523,browse,2024-02-04,page_078,248
U01523,add_to_cart,2024-02-04,page_060,93
U01523,share,2024-02-06,page_047,19
U01524,register,2023-10-25,page_007,22
U01524,app_open,2023-10-25,page_048,12
U01524,browse,2023-10-25,page_088,82
U01524,add_to_cart,2023-10-25,page_026,109
U01525,register,2023-07-16,page_033,18
U01525,app_open,2023-07-16,page_054,40
U01525,browse,2023-07-16,page_081,125
U01525,add_to_cart,2023-07-16,page_035,83
U01525,share,2023-07-24,page_064,23
U01526,register,2023-09-03,page_092,7
U01526,app_open,2023-09-03,page_076,56
U01526,browse,2023-09-03,page_022,187
U01526,add_to_cart,2023-09-03,page_075,95
U01527,register,2023-02-25,page_068,22
U01527,app_open,2023-02-25,page_021,54
U01527,browse,2023-02-25,page_048,80
U01527,add_to_cart,2023-02-25,page_098,87
U01528,register,2023-06-10,page_029,19
U01529,register,2023-04-04,page_042,14
U01529,app_open,2023-04-04,page_029,45
U01529,browse,2023-04-04,page_003,234
U01530,register,2023-10-10,page_077,28
U01530,app_open,2023-10-10,page_081,59
U01530,browse,2023-10-10,page_034,199
U01531,register,2024-01-06,page_020,20
U01531,app_open,2024-01-06,page_010,10
U01532,register,2023-07-28,page_051,11
U01532,app_open,2023-07-28,page_035,59
U01533,register,2023-05-15,page_056,9
U01534,register,2023-08-10,page_046,6
U01534,app_open,2023-08-10,page_041,54
U01534,share,2023-08-16,page_072,8
U01535,register,2023-12-17,page_042,25
U01536,register,2024-04-01,page_011,9
U01537,register,2023-04-08,page_015,21
U01537,app_open,2023-04-08,page_079,48
U01537,browse,2023-04-08,page_091,105
U01538,register,2024-12-06,page_065,16
U01538,app_open,2024-12-06,page_050,22
U01538,browse,2024-12-06,page_005,250
U01538,add_to_cart,2024-12-06,page_006,20
U01539,register,2024-09-10,page_044,17
U01539,app_open,2024-09-10,page_043,28
U01539,browse,2024-09-10,page_083,93
U01539,add_to_cart,2024-09-10,page_078,18
U01540,register,2024-06-13,page_013,19
U01540,app_open,2024-06-13,page_096,13
U01541,register,2023-05-12,page_035,17
U01541,app_open,2023-05-12,page_092,15
U01541,share,2023-05-21,page_008,24
U01542,register,2024-09-18,page_014,17
U01542,app_open,2024-09-18,page_050,56
U01542,browse,2024-09-18,page_099,162
U01543,register,2023-08-14,page_012,25
U01544,register,2024-03-26,page_038,19
U01544,app_open,2024-03-26,page_079,33
U01544,share,2024-04-03,page_044,14
U01545,register,2023-05-05,page_062,26
U01545,app_open,2023-05-05,page_047,13
U01545,browse,2023-05-05,page_043,230
U01545,add_to_cart,2023-05-05,page_080,117
U01546,register,2024-05-13,page_003,27
U01546,app_open,2024-05-13,page_047,28
U01546,browse,2024-05-13,page_009,145
U01546,add_to_cart,2024-05-13,page_058,73
U01547,register,2024-05-11,page_003,17
U01547,app_open,2024-05-11,page_055,10
U01548,register,2023-01-24,page_003,24
U01548,app_open,2023-01-24,page_066,29
U01548,browse,2023-01-24,page_040,147
U01548,add_to_cart,2023-01-24,page_044,61
U01549,register,2024-01-26,page_045,6
U01549,app_open,2024-01-26,page_062,48
U01549,browse,2024-01-26,page_062,221
U01549,share,2024-02-02,page_011,11
U01550,register,2024-06-24,page_007,19
U01550,app_open,2024-06-24,page_038,19
U01550,browse,2024-06-24,page_074,64
U01550,add_to_cart,2024-06-24,page_097,89
U01551,register,2023-06-13,page_034,20
U01551,app_open,2023-06-13,page_088,15
U01551,browse,2023-06-13,page_081,30
U01551,share,2023-07-05,page_047,21
U01552,register,2024-09-22,page_035,21
U01552,app_open,2024-09-22,page_045,55
U01552,browse,2024-09-22,page_052,86
U01552,add_to_cart,2024-09-22,page_074,29
U01552,share,2024-10-19,page_071,25
U01553,register,2024-08-28,page_040,20
U01553,app_open,2024-08-28,page_094,49
U01553,share,2024-09-04,page_086,13
U01554,register,2023-11-19,page_003,20
U01554,app_open,2023-11-19,page_062,13
U01554,browse,2023-11-19,page_062,267
U01555,register,2024-08-09,page_057,24
U01555,app_open,2024-08-09,page_048,50
U01555,browse,2024-08-09,page_014,187
U01555,add_to_cart,2024-08-09,page_034,16
U01556,register,2024-01-15,page_047,18
U01557,register,2024-12-11,page_041,9
U01557,app_open,2024-12-11,page_083,17
U01557,browse,2024-12-11,page_050,114
U01557,add_to_cart,2024-12-11,page_078,48
U01558,register,2024-12-16,page_035,11
U01558,app_open,2024-12-16,page_073,42
U01558,browse,2024-12-16,page_074,218
U01558,add_to_cart,2024-12-16,page_096,90
U01559,register,2024-05-05,page_085,29
U01559,app_open,2024-05-05,page_058,28
U01560,register,2024-10-14,page_037,11
U01560,app_open,2024-10-14,page_059,54
U01560,browse,2024-10-14,page_014,163
U01561,register,2024-03-09,page_014,21
U01561,app_open,2024-03-09,page_041,30
U01561,browse,2024-03-09,page_050,262
U01561,add_to_cart,2024-03-09,page_088,28
U01561,share,2024-03-25,page_031,18
U01562,register,2024-02-10,page_005,10
U01563,register,2024-10-13,page_017,15
U01563,app_open,2024-10-13,page_038,58
U01564,register,2024-05-01,page_030,11
U01564,app_open,2024-05-01,page_072,59
U01565,register,2024-02-12,page_007,20
U01565,app_open,2024-02-12,page_071,39
U01566,register,2023-07-03,page_005,17
U01566,app_open,2023-07-03,page_010,34
U01566,browse,2023-07-03,page_027,204
U01566,add_to_cart,2023-07-03,page_047,111
U01567,register,2024-11-21,page_004,26
U01567,app_open,2024-11-21,page_098,23
U01567,browse,2024-11-21,page_027,68
U01568,register,2023-01-27,page_094,12
U01568,app_open,2023-01-27,page_014,20
U01569,register,2024-12-13,page_029,11
U01569,app_open,2024-12-13,page_063,29
U01569,browse,2024-12-13,page_019,245
U01570,register,2024-10-02,page_064,11
U01570,app_open,2024-10-02,page_018,22
U01570,browse,2024-10-02,page_032,61
U01570,add_to_cart,2024-10-02,page_055,54
U01571,register,2023-09-18,page_080,29
U01571,app_open,2023-09-18,page_031,50
U01572,register,2024-10-26,page_035,14
U01572,app_open,2024-10-26,page_016,43
U01572,browse,2024-10-26,page_053,273
U01572,add_to_cart,2024-10-26,page_018,44
U01573,register,2023-04-16,page_016,19
U01573,app_open,2023-04-16,page_017,46
U01573,browse,2023-04-16,page_076,193
U01573,add_to_cart,2023-04-16,page_083,76
U01573,share,2023-04-25,page_057,6
U01574,register,2023-06-20,page_018,24
U01574,app_open,2023-06-20,page_025,37
U01574,browse,2023-06-20,page_047,179
U01574,add_to_cart,2023-06-20,page_074,110
U01575,register,2023-03-28,page_017,10
U01575,app_open,2023-03-28,page_021,50
U01575,browse,2023-03-28,page_094,107
U01576,register,2023-11-24,page_044,8
U01577,register,2023-05-01,page_079,6
U01577,app_open,2023-05-01,page_008,15
U01578,register,2023-08-19,page_049,5
U01579,register,2023-04-09,page_055,25
U01579,app_open,2023-04-09,page_033,56
U01579,browse,2023-04-09,page_091,94
U01579,add_to_cart,2023-04-09,page_091,94
U01580,register,2023-03-05,page_091,6
U01580,app_open,2023-03-05,page_007,10
U01580,browse,2023-03-05,page_048,115
U01580,share,2023-04-01,page_039,14
U01581,register,2024-04-08,page_029,22
U01581,app_open,2024-04-08,page_090,11
U01582,register,2023-06-03,page_077,6
U01582,app_open,2023-06-03,page_031,34
U01582,browse,2023-06-03,page_067,79
U01583,register,2024-04-08,page_028,8
U01583,app_open,2024-04-08,page_010,18
U01584,register,2024-01-05,page_098,26
U01584,app_open,2024-01-05,page_052,26
U01584,browse,2024-01-05,page_012,179
U01584,add_to_cart,2024-01-05,page_026,36
U01585,register,2023-06-27,page_035,12
U01585,app_open,2023-06-27,page_043,35
U01585,browse,2023-06-27,page_037,299
U01586,register,2023-03-08,page_075,17
U01586,app_open,2023-03-08,page_014,24
U01586,browse,2023-03-08,page_096,189
U01586,add_to_cart,2023-03-08,page_031,65
U01587,register,2023-04-25,page_031,26
U01587,app_open,2023-04-25,page_097,40
U01587,browse,2023-04-25,page_080,194
U01587,share,2023-05-03,page_040,10
U01588,register,2024-09-17,page_076,28
U01588,app_open,2024-09-17,page_094,28
U01588,browse,2024-09-17,page_011,272
U01589,register,2023-08-21,page_007,19
U01589,app_open,2023-08-21,page_075,32
U01589,browse,2023-08-21,page_046,276
U01590,register,2024-07-14,page_031,6
U01590,app_open,2024-07-14,page_059,31
U01590,browse,2024-07-14,page_074,153
U01590,add_to_cart,2024-07-14,page_056,68
U01591,register,2023-09-12,page_047,17
U01591,app_open,2023-09-12,page_060,10
U01591,browse,2023-09-12,page_048,39
U01591,add_to_cart,2023-09-12,page_084,113
U01592,register,2024-01-23,page_064,27
U01592,app_open,2024-01-23,page_099,57
U01592,browse,2024-01-23,page_060,175
U01592,add_to_cart,2024-01-23,page_058,43
U01593,register,2023-08-03,page_022,28
U01593,app_open,2023-08-03,page_023,50
U01593,browse,2023-08-03,page_096,280
U01593,add_to_cart,2023-08-03,page_043,119
U01594,register,2024-10-28,page_080,25
U01594,app_open,2024-10-28,page_056,50
U01594,share,2024-11-13,page_049,21
U01595,register,2024-03-20,page_058,14
U01595,app_open,2024-03-20,page_055,29
U01595,browse,2024-03-20,page_047,269
U01595,add_to_cart,2024-03-20,page_099,16
U01596,register,2024-07-04,page_075,29
U01596,app_open,2024-07-04,page_076,32
U01596,browse,2024-07-04,page_055,271
U01596,add_to_cart,2024-07-04,page_016,88
U01597,register,2023-02-05,page_052,7
U01598,register,2024-12-21,page_013,24
U01598,app_open,2024-12-21,page_083,44
U01598,browse,2024-12-21,page_088,268
U01599,register,2023-02-07,page_035,6
U01599,app_open,2023-02-07,page_098,38
U01599,browse,2023-02-07,page_059,229
U01599,share,2023-02-23,page_073,20
U01600,register,2024-12-11,page_036,19
U01600,app_open,2024-12-11,page_007,42
U01600,browse,2024-12-11,page_088,214
U01600,add_to_cart,2024-12-11,page_016,60
U01601,register,2023-12-04,page_020,11
U01601,app_open,2023-12-04,page_065,30
U01601,browse,2023-12-04,page_096,208
U01601,share,2023-12-11,page_016,20
U01602,register,2023-03-08,page_007,16
U01602,app_open,2023-03-08,page_076,15
U01603,register,2024-06-23,page_035,20
U01603,app_open,2024-06-23,page_070,40
U01604,register,2024-12-05,page_096,15
U01604,app_open,2024-12-05,page_032,39
U01604,browse,2024-12-05,page_099,282
U01605,register,2024-04-23,page_097,19
U01605,app_open,2024-04-23,page_092,30
U01605,browse,2024-04-23,page_057,284
U01605,share,2024-05-14,page_047,9
U01606,register,2023-12-09,page_074,13
U01606,app_open,2023-12-09,page_001,56
U01606,browse,2023-12-09,page_081,63
U01607,register,2023-08-05,page_038,28
U01607,app_open,2023-08-05,page_065,37
U01608,register,2024-08-19,page_064,20
U01608,app_open,2024-08-19,page_002,12
U01608,browse,2024-08-19,page_039,272
U01608,add_to_cart,2024-08-19,page_070,70
U01608,share,2024-09-11,page_055,22
U01609,register,2024-03-22,page_001,25
U01610,register,2024-08-11,page_039,15
U01611,register,2024-08-13,page_059,12
U01611,app_open,2024-08-13,page_086,56
U01612,register,2024-11-26,page_071,25
U01612,app_open,2024-11-26,page_043,29
U01612,browse,2024-11-26,page_087,69
U01612,add_to_cart,2024-11-26,page_072,114
U01613,register,2024-01-21,page_087,13
U01614,register,2024-05-21,page_075,15
U01614,app_open,2024-05-21,page_071,29
U01614,share,2024-05-26,page_061,14
U01615,register,2024-04-22,page_036,23
U01615,app_open,2024-04-22,page_010,34
U01615,browse,2024-04-22,page_002,232
U01615,add_to_cart,2024-04-22,page_036,83
U01616,register,2024-05-19,page_040,25
U01616,app_open,2024-05-19,page_019,22
U01617,register,2024-10-14,page_014,7
U01617,app_open,2024-10-14,page_061,59
U01617,browse,2024-10-14,page_003,175
U01618,register,2024-11-07,page_013,8
U01618,app_open,2024-11-07,page_078,44
U01618,browse,2024-11-07,page_016,30
U01619,register,2024-11-09,page_085,18
U01620,register,2023-02-19,page_072,13
U01621,register,2024-11-06,page_037,28
U01621,app_open,2024-11-06,page_023,55
U01621,share,2024-12-02,page_013,19
U01622,register,2023-01-26,page_033,15
U01622,app_open,2023-01-26,page_035,26
U01622,browse,2023-01-26,page_095,81
U01623,register,2023-07-16,page_095,7
U01623,app_open,2023-07-16,page_066,43
U01623,browse,2023-07-16,page_061,76
U01624,register,2023-02-04,page_070,16
U01624,app_open,2023-02-04,page_080,24
U01624,browse,2023-02-04,page_024,68
U01625,register,2024-11-20,page_047,23
U01625,app_open,2024-11-20,page_044,23
U01625,browse,2024-11-20,page_097,51
U01625,add_to_cart,2024-11-20,page_034,71
U01626,register,2024-10-14,page_070,16
U01626,app_open,2024-10-14,page_043,27
U01626,browse,2024-10-14,page_068,275
U01627,register,2023-11-09,page_080,23
U01627,app_open,2023-11-09,page_070,26
U01627,browse,2023-11-09,page_038,291
U01627,add_to_cart,2023-11-09,page_049,67
U01627,share,2023-11-30,page_006,14
U01628,register,2023-05-03,page_069,18
U01628,app_open,2023-05-03,page_007,59
U01628,browse,2023-05-03,page_034,194
U01629,register,2024-10-20,page_059,8
U01629,app_open,2024-10-20,page_038,45
U01629,browse,2024-10-20,page_093,153
U01629,share,2024-11-08,page_016,29
U01630,register,2023-02-10,page_045,9
U01630,app_open,2023-02-10,page_068,48
U01630,browse,2023-02-10,page_038,285
U01631,register,2024-09-25,page_042,23
U01632,register,2023-10-07,page_099,28
U01632,app_open,2023-10-07,page_046,53
U01633,register,2024-03-05,page_079,21
U01633,app_open,2024-03-05,page_028,28
U01633,browse,2024-03-05,page_033,217
U01634,register,2023-08-18,page_097,25
U01634,app_open,2023-08-18,page_086,10
U01634,browse,2023-08-18,page_065,192
U01635,register,2024-08-06,page_076,29
U01635,app_open,2024-08-06,page_066,50
U01635,browse,2024-08-06,page_025,238
U01636,register,2024-11-11,page_065,19
U01636,app_open,2024-11-11,page_060,15
U01636,browse,2024-11-11,page_045,182
U01636,share,2024-11-12,page_062,13
U01637,register,2023-08-04,page_058,19
U01637,app_open,2023-08-04,page_020,18
U01638,register,2023-07-02,page_037,12
U01638,app_open,2023-07-02,page_010,41
U01638,browse,2023-07-02,page_017,103
U01638,share,2023-07-07,page_080,6
U01639,register,2024-03-09,page_012,6
U01639,app_open,2024-03-09,page_044,59
U01640,register,2024-11-21,page_060,13
U01640,app_open,2024-11-21,page_067,15
U01640,browse,2024-11-21,page_095,48
U01640,add_to_cart,2024-11-21,page_049,86
U01640,share,2024-12-17,page_061,19
U01641,register,2024-07-25,page_063,23
U01641,app_open,2024-07-25,page_092,24
U01641,browse,2024-07-25,page_063,155
U01641,add_to_cart,2024-07-25,page_092,47
U01641,share,2024-08-03,page_050,13
U01642,register,2024-11-19,page_079,18
U01642,app_open,2024-11-19,page_065,43
U01642,browse,2024-11-19,page_014,279
U01643,register,2023-05-19,page_019,9
U01643,app_open,2023-05-19,page_067,11
U01643,browse,2023-05-19,page_097,162
U01644,register,2023-03-12,page_080,27
U01644,app_open,2023-03-12,page_028,13
U01644,browse,2023-03-12,page_004,281
U01644,add_to_cart,2023-03-12,page_052,116
U01645,register,2023-07-25,page_057,19
U01645,app_open,2023-07-25,page_067,33
U01645,share,2023-07-29,page_010,19
U01646,register,2023-05-12,page_082,24
U01646,app_open,2023-05-12,page_010,43
U01646,browse,2023-05-12,page_064,281
U01646,add_to_cart,2023-05-12,page_067,36
U01646,share,2023-06-07,page_077,6
U01647,register,2023-04-20,page_060,29
U01647,app_open,2023-04-20,page_025,21
U01647,browse,2023-04-20,page_071,183
U01647,add_to_cart,2023-04-20,page_042,42
U01648,register,2024-07-13,page_008,19
U01648,app_open,2024-07-13,page_015,30
U01648,browse,2024-07-13,page_081,40
U01649,register,2024-03-24,page_066,5
U01649,app_open,2024-03-24,page_068,20
U01649,browse,2024-03-24,page_002,49
U01649,add_to_cart,2024-03-24,page_080,80
U01649,share,2024-04-19,page_062,16
U01650,register,2023-10-28,page_025,5
U01650,app_open,2023-10-28,page_041,19
U01650,browse,2023-10-28,page_016,175
U01650,share,2023-11-10,page_048,29
U01651,register,2023-01-03,page_014,29
U01651,app_open,2023-01-03,page_011,27
U01651,browse,2023-01-03,page_036,83
U01652,register,2024-06-16,page_031,9
U01652,app_open,2024-06-16,page_093,41
U01653,register,2023-12-16,page_010,15
U01653,app_open,2023-12-16,page_050,29
U01654,register,2023-11-11,page_086,15
U01654,app_open,2023-11-11,page_043,44
U01654,browse,2023-11-11,page_089,173
U01655,register,2024-11-22,page_024,9
U01656,register,2024-02-17,page_049,17
U01656,app_open,2024-02-17,page_091,15
U01656,browse,2024-02-17,page_037,67
U01656,add_to_cart,2024-02-17,page_099,112
U01657,register,2024-07-11,page_099,17
U01657,app_open,2024-07-11,page_005,11
U01657,browse,2024-07-11,page_038,194
U01658,register,2023-04-10,page_061,29
U01658,app_open,2023-04-10,page_024,19
U01658,browse,2023-04-10,page_004,270
U01659,register,2024-11-19,page_041,26
U01660,register,2023-04-11,page_095,22
U01660,app_open,2023-04-11,page_077,22
U01661,register,2023-07-20,page_045,13
U01661,app_open,2023-07-20,page_074,37
U01661,browse,2023-07-20,page_052,246
U01662,register,2023-09-28,page_041,27
U01662,app_open,2023-09-28,page_054,25
U01662,share,2023-10-19,page_025,25
U01663,register,2024-10-02,page_004,12
U01663,app_open,2024-10-02,page_043,15
U01663,browse,2024-10-02,page_076,193
U01663,share,2024-10-13,page_065,9
U01664,register,2023-01-08,page_060,26
U01664,app_open,2023-01-08,page_075,28
U01664,browse,2023-01-08,page_005,141
U01665,register,2024-07-23,page_004,9
U01665,app_open,2024-07-23,page_007,18
U01665,browse,2024-07-23,page_010,278
U01665,add_to_cart,2024-07-23,page_088,76
U01666,register,2024-04-14,page_039,21
U01666,app_open,2024-04-14,page_008,40
U01667,register,2023-04-19,page_007,15
U01667,app_open,2023-04-19,page_051,46
U01667,browse,2023-04-19,page_017,267
U01667,add_to_cart,2023-04-19,page_001,61
U01668,register,2024-10-22,page_052,17
U01668,app_open,2024-10-22,page_009,28
U01668,browse,2024-10-22,page_066,245
U01669,register,2023-06-15,page_089,26
U01669,app_open,2023-06-15,page_094,37
U01670,register,2024-01-19,page_039,12
U01670,app_open,2024-01-19,page_017,29
U01670,browse,2024-01-19,page_030,259
U01670,add_to_cart,2024-01-19,page_076,27
U01671,register,2024-10-04,page_049,22
U01671,app_open,2024-10-04,page_017,27
U01672,register,2023-02-03,page_044,18
U01672,app_open,2023-02-03,page_078,54
U01672,browse,2023-02-03,page_097,276
U01672,add_to_cart,2023-02-03,page_068,109
U01673,register,2024-02-04,page_082,18
U01673,app_open,2024-02-04,page_043,14
U01673,share,2024-02-13,page_006,5
U01674,register,2024-04-11,page_083,29
U01674,app_open,2024-04-11,page_015,37
U01674,browse,2024-04-11,page_089,102
U01675,register,2024-01-01,page_008,8
U01675,app_open,2024-01-01,page_001,18
U01675,browse,2024-01-01,page_007,248
U01676,register,2024-01-15,page_090,19
U01676,app_open,2024-01-15,page_057,22
U01676,browse,2024-01-15,page_050,246
U01676,share,2024-01-29,page_081,29
U01677,register,2023-07-28,page_048,15
U01677,app_open,2023-07-28,page_085,40
U01678,register,2023-05-28,page_094,20
U01678,app_open,2023-05-28,page_035,16
U01678,browse,2023-05-28,page_031,232
U01678,add_to_cart,2023-05-28,page_066,37
U01679,register,2023-06-24,page_067,25
U01679,app_open,2023-06-24,page_064,41
U01680,register,2023-09-06,page_020,25
U01681,register,2024-11-06,page_060,23
U01681,app_open,2024-11-06,page_096,20
U01681,browse,2024-11-06,page_038,86
U01681,add_to_cart,2024-11-06,page_085,91
U01682,register,2024-10-02,page_043,27
U01682,app_open,2024-10-02,page_096,43
U01682,browse,2024-10-02,page_025,296
U01682,add_to_cart,2024-10-02,page_065,65
U01683,register,2024-09-06,page_052,7
U01683,app_open,2024-09-06,page_063,27
U01683,browse,2024-09-06,page_037,196
U01684,register,2023-10-05,page_073,20
U01684,app_open,2023-10-05,page_004,59
U01684,browse,2023-10-05,page_024,235
U01684,add_to_cart,2023-10-05,page_021,68
U01685,register,2024-08-12,page_042,12
U01685,app_open,2024-08-12,page_056,59
U01685,browse,2024-08-12,page_069,116
U01685,add_to_cart,2024-08-12,page_065,88
U01685,share,2024-08-15,page_094,9
U01686,register,2023-06-06,page_013,13
U01686,app_open,2023-06-06,page_032,54
U01686,browse,2023-06-06,page_006,269
U01687,register,2023-08-24,page_078,29
U01687,app_open,2023-08-24,page_009,25
U01687,share,2023-09-18,page_095,28
U01688,register,2024-05-18,page_014,21
U01688,app_open,2024-05-18,page_037,19
U01688,browse,2024-05-18,page_037,52
U01689,register,2023-11-01,page_085,24
U01689,app_open,2023-11-01,page_093,52
U01690,register,2023-07-08,page_046,15
U01690,app_open,2023-07-08,page_054,39
U01691,register,2023-03-19,page_036,13
U01691,app_open,2023-03-19,page_082,13
U01691,browse,2023-03-19,page_062,179
U01691,add_to_cart,2023-03-19,page_012,21
U01692,register,2024-04-23,page_096,22
U01692,app_open,2024-04-23,page_094,47
U01692,browse,2024-04-23,page_078,143
U01693,register,2023-08-06,page_006,8
U01693,app_open,2023-08-06,page_023,21
U01694,register,2024-12-02,page_030,29
U01694,app_open,2024-12-02,page_086,17
U01694,browse,2024-12-02,page_070,172
U01695,register,2024-11-12,page_072,14
U01695,app_open,2024-11-12,page_073,29
U01695,share,2024-11-27,page_047,20
U01696,register,2024-09-06,page_026,10
U01697,register,2024-02-07,page_062,24
U01697,app_open,2024-02-07,page_037,24
U01697,browse,2024-02-07,page_079,277
U01698,register,2023-09-07,page_052,13
U01699,register,2024-03-12,page_089,16
U01699,app_open,2024-03-12,page_029,45
U01700,register,2024-05-15,page_064,22
U01700,app_open,2024-05-15,page_034,54
U01700,browse,2024-05-15,page_047,258
U01700,add_to_cart,2024-05-15,page_011,18
U01700,share,2024-05-19,page_030,14
U01701,register,2024-03-21,page_006,18
U01701,app_open,2024-03-21,page_096,59
U01701,browse,2024-03-21,page_085,250
U01701,add_to_cart,2024-03-21,page_055,61
U01702,register,2024-02-11,page_044,28
U01702,app_open,2024-02-11,page_065,31
U01702,share,2024-02-16,page_041,13
U01703,register,2023-11-20,page_029,14
U01703,app_open,2023-11-20,page_046,13
U01703,browse,2023-11-20,page_052,285
U01703,add_to_cart,2023-11-20,page_052,59
U01704,register,2024-01-13,page_089,14
U01704,app_open,2024-01-13,page_048,49
U01704,browse,2024-01-13,page_002,109
U01705,register,2023-08-07,page_040,29
U01705,app_open,2023-08-07,page_028,21
U01706,register,2024-08-13,page_024,16
U01706,app_open,2024-08-13,page_031,43
U01706,browse,2024-08-13,page_010,150
U01706,add_to_cart,2024-08-13,page_029,66
U01706,share,2024-09-10,page_066,11
U01707,register,2023-11-19,page_024,27
U01708,register,2023-06-08,page_013,19
U01709,register,2024-07-05,page_019,28
U01709,app_open,2024-07-05,page_065,51
U01709,browse,2024-07-05,page_071,273
U01710,register,2023-10-01,page_019,22
U01710,app_open,2023-10-01,page_026,17
U01710,browse,2023-10-01,page_002,205
U01710,add_to_cart,2023-10-01,page_027,95
U01711,register,2023-12-26,page_059,12
U01711,app_open,2023-12-26,page_096,12
U01711,browse,2023-12-26,page_027,41
U01712,register,2024-12-07,page_055,25
U01712,app_open,2024-12-07,page_087,58
U01712,browse,2024-12-07,page_011,87
U01712,add_to_cart,2024-12-07,page_027,23
U01713,register,2023-08-18,page_022,12
U01713,app_open,2023-08-18,page_002,44
U01714,register,2023-07-14,page_090,19
U01714,app_open,2023-07-14,page_034,32
U01714,browse,2023-07-14,page_044,90
U01715,register,2024-08-18,page_091,23
U01715,app_open,2024-08-18,page_051,54
U01716,register,2024-09-23,page_019,27
U01716,app_open,2024-09-23,page_051,30
U01716,browse,2024-09-23,page_065,87
U01717,register,2023-04-10,page_050,9
U01717,app_open,2023-04-10,page_085,36
U01718,register,2023-11-11,page_027,25
U01718,app_open,2023-11-11,page_004,33
U01718,browse,2023-11-11,page_061,52
U01719,register,2024-08-19,page_045,15
U01719,app_open,2024-08-19,page_027,59
U01720,register,2023-01-02,page_045,21
U01720,app_open,2023-01-02,page_034,44
U01720,browse,2023-01-02,page_088,201
U01721,register,2023-09-17,page_068,28
U01721,app_open,2023-09-17,page_077,26
U01721,browse,2023-09-17,page_018,145
U01721,add_to_cart,2023-09-17,page_017,28
U01722,register,2023-05-02,page_071,24
U01722,app_open,2023-05-02,page_065,45
U01722,browse,2023-05-02,page_031,293
U01722,add_to_cart,2023-05-02,page_083,117
U01723,register,2023-04-27,page_078,7
U01723,app_open,2023-04-27,page_070,13
U01723,browse,2023-04-27,page_074,291
U01723,add_to_cart,2023-04-27,page_028,44
U01724,register,2023-07-21,page_040,21
U01724,app_open,2023-07-21,page_018,54
U01724,browse,2023-07-21,page_099,281
U01724,add_to_cart,2023-07-21,page_082,44
U01725,register,2024-05-03,page_041,10
U01725,app_open,2024-05-03,page_088,45
U01725,browse,2024-05-03,page_080,207
U01725,add_to_cart,2024-05-03,page_033,18
U01726,register,2023-09-01,page_028,16
U01726,app_open,2023-09-01,page_063,19
U01726,browse,2023-09-01,page_039,74
U01727,register,2024-08-21,page_091,8
U01727,app_open,2024-08-21,page_080,55
U01727,browse,2024-08-21,page_002,177
U01727,add_to_cart,2024-08-21,page_018,55
U01728,register,2024-04-26,page_087,27
U01728,app_open,2024-04-26,page_024,44
U01728,browse,2024-04-26,page_085,210
U01729,register,2023-03-19,page_040,15
U01730,register,2024-04-01,page_093,15
U01730,app_open,2024-04-01,page_073,22
U01730,browse,2024-04-01,page_018,146
U01730,share,2024-04-10,page_071,12
U01731,register,2024-10-12,page_011,15
U01731,app_open,2024-10-12,page_027,37
U01731,browse,2024-10-12,page_063,41
U01732,register,2024-08-24,page_052,12
U01732,app_open,2024-08-24,page_043,30
U01733,register,2023-06-03,page_072,19
U01733,app_open,2023-06-03,page_057,21
U01733,browse,2023-06-03,page_053,50
U01733,add_to_cart,2023-06-03,page_045,111
U01734,register,2023-07-03,page_050,15
U01734,app_open,2023-07-03,page_052,44
U01734,browse,2023-07-03,page_045,137
U01734,add_to_cart,2023-07-03,page_053,85
U01735,register,2024-01-16,page_095,5
U01735,app_open,2024-01-16,page_029,56
U01736,register,2024-02-09,page_045,13
U01736,app_open,2024-02-09,page_072,36
U01736,browse,2024-02-09,page_034,188
U01737,register,2023-08-15,page_054,10
U01737,app_open,2023-08-15,page_075,34
U01738,register,2024-07-13,page_002,6
U01738,app_open,2024-07-13,page_035,28
U01738,browse,2024-07-13,page_055,116
U01738,add_to_cart,2024-07-13,page_098,33
U01739,register,2024-02-11,page_026,7
U01739,app_open,2024-02-11,page_090,30
U01739,browse,2024-02-11,page_056,71
U01739,add_to_cart,2024-02-11,page_068,80
U01740,register,2024-06-03,page_042,24
U01740,app_open,2024-06-03,page_078,32
U01740,browse,2024-06-03,page_062,163
U01740,add_to_cart,2024-06-03,page_011,63
U01741,register,2023-04-03,page_075,29
U01742,register,2024-01-16,page_091,23
U01742,app_open,2024-01-16,page_021,30
U01742,browse,2024-01-16,page_026,155
U01742,add_to_cart,2024-01-16,page_047,68
U01743,register,2024-01-27,page_032,5
U01743,app_open,2024-01-27,page_015,53
U01743,browse,2024-01-27,page_007,83
U01744,register,2023-10-18,page_025,14
U01744,app_open,2023-10-18,page_065,35
U01744,browse,2023-10-18,page_039,293
U01745,register,2023-08-07,page_046,25
U01746,register,2024-05-22,page_007,19
U01746,app_open,2024-05-22,page_007,19
U01747,register,2023-06-15,page_008,5
U01747,app_open,2023-06-15,page_086,29
U01748,register,2023-09-28,page_040,28
U01748,app_open,2023-09-28,page_039,24
U01748,browse,2023-09-28,page_058,129
U01748,add_to_cart,2023-09-28,page_010,115
U01749,register,2023-10-27,page_093,27
U01749,app_open,2023-10-27,page_084,19
U01749,browse,2023-10-27,page_077,205
U01750,register,2023-08-07,page_020,11
U01750,app_open,2023-08-07,page_013,15
U01750,browse,2023-08-07,page_067,155
U01751,register,2024-11-05,page_096,10
U01751,app_open,2024-11-05,page_047,54
U01751,browse,2024-11-05,page_025,40
U01752,register,2024-06-16,page_044,16
U01753,register,2024-03-10,page_066,13
U01753,app_open,2024-03-10,page_008,38
U01753,browse,2024-03-10,page_057,188
U01754,register,2024-09-01,page_062,26
U01754,app_open,2024-09-01,page_094,52
U01754,browse,2024-09-01,page_013,172
U01755,register,2023-06-15,page_078,5
U01755,app_open,2023-06-15,page_045,11
U01755,browse,2023-06-15,page_068,110
U01755,add_to_cart,2023-06-15,page_047,51
U01756,register,2023-02-12,page_064,5
U01757,register,2023-01-15,page_002,16
U01757,app_open,2023-01-15,page_069,50
U01757,browse,2023-01-15,page_075,220
U01757,add_to_cart,2023-01-15,page_093,81
U01757,share,2023-02-07,page_097,10
U01758,register,2024-01-01,page_043,13
U01758,app_open,2024-01-01,page_039,49
U01758,browse,2024-01-01,page_087,225
U01758,share,2024-01-24,page_076,28
U01759,register,2023-01-04,page_091,11
U01759,app_open,2023-01-04,page_066,41
U01759,browse,2023-01-04,page_043,68
U01760,register,2024-09-14,page_096,21
U01760,app_open,2024-09-14,page_014,32
U01760,browse,2024-09-14,page_030,251
U01761,register,2024-09-27,page_013,15
U01762,register,2024-05-13,page_026,14
U01762,app_open,2024-05-13,page_013,48
U01763,register,2023-12-27,page_080,12
U01763,app_open,2023-12-27,page_037,13
U01763,browse,2023-12-27,page_048,285
U01764,register,2023-06-19,page_080,26
U01765,register,2024-08-16,page_003,16
U01766,register,2024-09-16,page_010,27
U01767,register,2023-12-20,page_091,13
U01767,app_open,2023-12-20,page_003,45
U01767,browse,2023-12-20,page_094,98
U01767,share,2024-01-01,page_015,12
U01768,register,2024-08-26,page_093,8
U01768,app_open,2024-08-26,page_025,50
U01768,share,2024-09-06,page_076,10
U01769,register,2024-01-01,page_086,25
U01769,app_open,2024-01-01,page_074,27
U01769,browse,2024-01-01,page_079,36
U01770,register,2024-06-02,page_092,24
U01770,app_open,2024-06-02,page_011,48
U01771,register,2023-02-26,page_025,21
U01771,app_open,2023-02-26,page_018,43
U01771,browse,2023-02-26,page_065,261
U01771,add_to_cart,2023-02-26,page_024,17
U01771,share,2023-03-22,page_056,17
U01772,register,2023-01-10,page_048,9
U01772,app_open,2023-01-10,page_007,35
U01773,register,2024-12-01,page_009,19
U01773,app_open,2024-12-01,page_007,50
U01773,browse,2024-12-01,page_074,129
U01774,register,2024-02-08,page_063,7
U01774,app_open,2024-02-08,page_016,57
U01774,browse,2024-02-08,page_059,64
U01775,register,2023-01-14,page_041,9
U01775,app_open,2023-01-14,page_019,50
U01775,share,2023-02-08,page_076,13
U01776,register,2023-10-19,page_035,20
U01776,app_open,2023-10-19,page_063,39
U01776,browse,2023-10-19,page_033,33
U01776,add_to_cart,2023-10-19,page_019,67
U01777,register,2023-08-02,page_006,27
U01777,app_open,2023-08-02,page_083,18
U01777,share,2023-08-07,page_039,28
U01778,register,2023-04-24,page_033,8
U01778,app_open,2023-04-24,page_047,33
U01779,register,2023-12-09,page_026,27
U01780,register,2024-11-01,page_016,6
U01780,app_open,2024-11-01,page_001,15
U01780,browse,2024-11-01,page_051,111
U01781,register,2023-08-28,page_045,18
U01782,register,2024-05-16,page_064,8
U01782,app_open,2024-05-16,page_015,36
U01782,browse,2024-05-16,page_061,269
U01783,register,2024-03-09,page_027,21
U01783,app_open,2024-03-09,page_031,24
U01783,browse,2024-03-09,page_082,281
U01784,register,2023-08-20,page_057,24
U01784,app_open,2023-08-20,page_073,56
U01784,browse,2023-08-20,page_052,286
U01785,register,2024-02-12,page_085,9
U01785,app_open,2024-02-12,page_076,34
U01785,browse,2024-02-12,page_091,61
U01785,add_to_cart,2024-02-12,page_018,55
U01786,register,2024-03-04,page_044,25
U01787,register,2023-04-22,page_014,12
U01787,app_open,2023-04-22,page_048,51
U01787,browse,2023-04-22,page_013,277
U01787,add_to_cart,2023-04-22,page_068,90
U01787,share,2023-05-17,page_055,24
U01788,register,2023-02-04,page_009,12
U01789,register,2024-08-24,page_028,19
U01789,app_open,2024-08-24,page_055,49
U01789,browse,2024-08-24,page_091,125
U01790,register,2024-06-15,page_052,14
U01790,app_open,2024-06-15,page_065,57
U01790,browse,2024-06-15,page_043,183
U01791,register,2023-08-28,page_027,21
U01791,app_open,2023-08-28,page_074,38
U01791,browse,2023-08-28,page_031,211
U01792,register,2023-10-27,page_049,13
U01793,register,2023-02-25,page_074,9
U01793,app_open,2023-02-25,page_037,57
U01793,browse,2023-02-25,page_086,203
U01793,add_to_cart,2023-02-25,page_052,115
U01794,register,2023-09-16,page_018,19
U01795,register,2024-10-26,page_040,26
U01795,app_open,2024-10-26,page_058,58
U01796,register,2023-12-05,page_031,11
U01796,app_open,2023-12-05,page_073,53
U01796,browse,2023-12-05,page_063,46
U01797,register,2023-07-15,page_088,16
U01797,app_open,2023-07-15,page_053,58
U01797,browse,2023-07-15,page_052,234
U01798,register,2024-01-08,page_016,11
U01798,app_open,2024-01-08,page_014,49
U01798,browse,2024-01-08,page_029,65
U01798,add_to_cart,2024-01-08,page_012,100
U01799,register,2024-12-19,page_028,18
U01800,register,2024-07-05,page_062,29
U01800,app_open,2024-07-05,page_041,31
U01800,browse,2024-07-05,page_002,144
U01801,register,2024-09-18,page_006,25
U01801,app_open,2024-09-18,page_046,55
U01801,share,2024-10-12,page_031,15
U01802,register,2024-09-17,page_058,15
U01802,app_open,2024-09-17,page_047,36
U01802,browse,2024-09-17,page_022,79
U01803,register,2023-07-14,page_029,15
U01803,app_open,2023-07-14,page_068,26
U01803,browse,2023-07-14,page_022,262
U01803,add_to_cart,2023-07-14,page_041,25
U01803,share,2023-07-29,page_094,9
U01804,register,2024-03-27,page_076,7
U01804,app_open,2024-03-27,page_059,54
U01804,browse,2024-03-27,page_076,168
U01804,add_to_cart,2024-03-27,page_080,57
U01805,register,2024-11-17,page_058,10
U01805,app_open,2024-11-17,page_003,31
U01805,browse,2024-11-17,page_081,247
U01805,add_to_cart,2024-11-17,page_090,42
U01806,register,2023-03-24,page_039,8
U01807,register,2024-01-11,page_015,21
U01808,register,2023-03-06,page_098,5
U01808,app_open,2023-03-06,page_026,57
U01808,browse,2023-03-06,page_069,296
U01808,add_to_cart,2023-03-06,page_077,100
U01809,register,2023-06-22,page_080,14
U01809,app_open,2023-06-22,page_076,59
U01809,browse,2023-06-22,page_092,105
U01810,register,2024-09-06,page_019,14
U01810,app_open,2024-09-06,page_041,49
U01810,browse,2024-09-06,page_078,105
U01810,add_to_cart,2024-09-06,page_001,108
U01811,register,2023-06-26,page_009,27
U01811,app_open,2023-06-26,page_025,25
U01811,browse,2023-06-26,page_091,74
U01811,add_to_cart,2023-06-26,page_027,110
U01812,register,2023-06-24,page_024,14
U01812,app_open,2023-06-24,page_048,58
U01812,browse,2023-06-24,page_073,251
U01812,share,2023-06-28,page_040,24
U01813,register,2024-02-11,page_067,8
U01813,app_open,2024-02-11,page_022,29
U01813,browse,2024-02-11,page_032,117
U01814,register,2024-04-22,page_058,28
U01814,app_open,2024-04-22,page_090,29
U01815,register,2024-07-07,page_093,5
U01815,app_open,2024-07-07,page_049,24
U01815,browse,2024-07-07,page_093,264
U01815,add_to_cart,2024-07-07,page_078,52
U01815,share,2024-08-02,page_051,24
U01816,register,2023-06-11,page_046,27
U01816,app_open,2023-06-11,page_091,38
U01816,browse,2023-06-11,page_083,254
U01816,add_to_cart,2023-06-11,page_077,59
U01817,register,2023-04-01,page_032,7
U01817,app_open,2023-04-01,page_052,30
U01817,browse,2023-04-01,page_055,274
U01818,register,2024-10-09,page_051,18
U01818,app_open,2024-10-09,page_055,44
U01818,browse,2024-10-09,page_044,142
U01818,add_to_cart,2024-10-09,page_099,67
U01818,share,2024-10-21,page_062,11
U01819,register,2024-01-08,page_050,19
U01819,app_open,2024-01-08,page_012,55
U01819,browse,2024-01-08,page_044,240
U01819,add_to_cart,2024-01-08,page_075,46
U01819,share,2024-01-28,page_008,8
U01820,register,2023-02-16,page_059,20
U01820,app_open,2023-02-16,page_038,39
U01820,browse,2023-02-16,page_001,80
U01820,add_to_cart,2023-02-16,page_095,27
U01821,register,2024-07-08,page_075,5
U01821,app_open,2024-07-08,page_082,27
U01821,browse,2024-07-08,page_055,267
U01822,register,2023-12-11,page_058,26
U01823,register,2023-09-24,page_086,13
U01823,app_open,2023-09-24,page_034,51
U01824,register,2023-10-01,page_079,28
U01825,register,2024-07-27,page_054,8
U01826,register,2024-12-17,page_063,14
U01826,app_open,2024-12-17,page_038,32
U01826,browse,2024-12-17,page_012,136
U01826,share,2024-12-23,page_054,6
U01827,register,2024-11-04,page_091,14
U01827,app_open,2024-11-04,page_079,59
U01827,browse,2024-11-04,page_092,199
U01827,share,2024-11-16,page_021,7
U01828,register,2023-12-23,page_059,8
U01828,app_open,2023-12-23,page_082,39
U01828,browse,2023-12-23,page_032,289
U01829,register,2024-08-08,page_050,22
U01829,app_open,2024-08-08,page_028,12
U01830,register,2024-10-26,page_068,5
U01830,app_open,2024-10-26,page_075,24
U01830,browse,2024-10-26,page_068,135
U01831,register,2024-04-24,page_048,22
U01831,app_open,2024-04-24,page_055,17
U01831,browse,2024-04-24,page_094,199
U01831,add_to_cart,2024-04-24,page_013,105
U01831,share,2024-04-29,page_046,23
U01832,register,2023-01-09,page_025,21
U01832,app_open,2023-01-09,page_009,10
U01833,register,2023-11-12,page_036,18
U01833,app_open,2023-11-12,page_090,35
U01833,browse,2023-11-12,page_051,214
U01834,register,2023-09-06,page_041,20
U01834,app_open,2023-09-06,page_055,58
U01834,browse,2023-09-06,page_086,160
U01834,add_to_cart,2023-09-06,page_095,98
U01835,register,2023-09-06,page_050,10
U01835,app_open,2023-09-06,page_094,43
U01835,share,2023-10-04,page_043,24
U01836,register,2023-06-20,page_038,12
U01836,app_open,2023-06-20,page_033,45
U01837,register,2023-03-03,page_031,28
U01838,register,2024-04-02,page_082,5
U01839,register,2023-04-09,page_007,22
U01839,app_open,2023-04-09,page_072,30
U01840,register,2023-07-03,page_011,25
U01840,app_open,2023-07-03,page_072,53
U01840,browse,2023-07-03,page_018,235
U01841,register,2024-12-13,page_056,24
U01841,app_open,2024-12-13,page_091,15
U01841,browse,2024-12-13,page_018,246
U01841,share,2024-12-21,page_050,17
U01842,register,2024-02-09,page_021,8
U01842,app_open,2024-02-09,page_050,36
U01842,browse,2024-02-09,page_026,170
U01842,share,2024-02-10,page_079,25
U01843,register,2023-01-12,page_023,25
U01843,app_open,2023-01-12,page_034,44
U01843,browse,2023-01-12,page_015,114
U01843,add_to_cart,2023-01-12,page_067,16
U01844,register,2023-01-09,page_049,25
U01845,register,2023-07-03,page_012,8
U01845,app_open,2023-07-03,page_020,39
U01845,browse,2023-07-03,page_074,122
U01845,add_to_cart,2023-07-03,page_072,72
U01846,register,2023-04-07,page_081,23
U01846,app_open,2023-04-07,page_027,52
U01846,browse,2023-04-07,page_084,96
U01846,add_to_cart,2023-04-07,page_091,36
U01847,register,2024-03-24,page_019,24
U01848,register,2024-12-01,page_072,17
U01848,app_open,2024-12-01,page_098,36
U01848,browse,2024-12-01,page_055,145
U01849,register,2023-06-22,page_012,21
U01849,app_open,2023-06-22,page_049,57
U01849,browse,2023-06-22,page_069,124
U01850,register,2023-05-11,page_090,5
U01850,app_open,2023-05-11,page_058,30
U01850,browse,2023-05-11,page_091,228
U01851,register,2024-05-03,page_032,9
U01851,app_open,2024-05-03,page_050,20
U01851,browse,2024-05-03,page_073,74
U01852,register,2023-12-20,page_071,13
U01852,app_open,2023-12-20,page_029,25
U01852,browse,2023-12-20,page_085,202
U01852,add_to_cart,2023-12-20,page_018,43
U01853,register,2023-10-07,page_097,23
U01853,app_open,2023-10-07,page_067,19
U01853,browse,2023-10-07,page_019,162
U01854,register,2024-03-21,page_084,26
U01854,app_open,2024-03-21,page_057,11
U01854,browse,2024-03-21,page_060,87
U01854,add_to_cart,2024-03-21,page_031,76
U01855,register,2024-06-19,page_058,18
U01855,app_open,2024-06-19,page_051,49
U01855,browse,2024-06-19,page_012,125
U01855,share,2024-07-03,page_077,26
U01856,register,2023-01-22,page_077,12
U01856,app_open,2023-01-22,page_046,42
U01856,browse,2023-01-22,page_012,65
U01857,register,2024-01-24,page_016,28
U01857,app_open,2024-01-24,page_043,27
U01857,browse,2024-01-24,page_034,176
U01858,register,2023-04-18,page_080,11
U01859,register,2023-12-04,page_014,23
U01860,register,2023-04-05,page_016,28
U01860,app_open,2023-04-05,page_020,24
U01860,browse,2023-04-05,page_094,167
U01861,register,2024-07-09,page_054,14
U01861,app_open,2024-07-09,page_026,13
U01861,browse,2024-07-09,page_015,114
U01861,share,2024-07-14,page_089,24
U01862,register,2023-07-25,page_096,24
U01862,app_open,2023-07-25,page_058,14
U01862,browse,2023-07-25,page_027,205
U01863,register,2023-07-12,page_048,29
U01863,app_open,2023-07-12,page_008,39
U01864,register,2023-10-20,page_001,15
U01864,app_open,2023-10-20,page_096,53
U01865,register,2024-09-13,page_047,22
U01865,app_open,2024-09-13,page_032,10
U01865,browse,2024-09-13,page_091,296
U01866,register,2024-11-06,page_029,15
U01866,app_open,2024-11-06,page_077,31
U01867,register,2023-09-19,page_052,17
U01867,app_open,2023-09-19,page_038,20
U01868,register,2024-12-16,page_002,12
U01868,app_open,2024-12-16,page_089,50
U01868,browse,2024-12-16,page_059,181
U01869,register,2023-11-04,page_009,5
U01869,app_open,2023-11-04,page_037,49
U01869,browse,2023-11-04,page_044,289
U01870,register,2023-01-21,page_054,23
U01870,app_open,2023-01-21,page_014,59
U01870,browse,2023-01-21,page_056,243
U01870,add_to_cart,2023-01-21,page_001,85
U01871,register,2023-12-04,page_075,12
U01871,app_open,2023-12-04,page_029,53
U01871,browse,2023-12-04,page_030,175
U01872,register,2023-05-06,page_071,5
U01872,app_open,2023-05-06,page_013,56
U01872,browse,2023-05-06,page_034,233
U01872,add_to_cart,2023-05-06,page_007,24
U01873,register,2024-02-01,page_017,20
U01873,app_open,2024-02-01,page_004,57
U01873,browse,2024-02-01,page_030,230
U01874,register,2023-08-15,page_076,21
U01875,register,2023-12-27,page_022,23
U01875,app_open,2023-12-27,page_013,21
U01875,browse,2023-12-27,page_024,265
U01875,share,2024-01-15,page_092,8
U01876,register,2024-07-23,page_048,7
U01877,register,2023-07-09,page_023,19
U01877,app_open,2023-07-09,page_085,55
U01877,browse,2023-07-09,page_045,53
U01877,share,2023-07-25,page_013,27
U01878,register,2023-11-27,page_098,12
U01878,app_open,2023-11-27,page_050,41
U01878,browse,2023-11-27,page_094,240
U01879,register,2024-11-28,page_020,17
U01879,app_open,2024-11-28,page_046,36
U01879,browse,2024-11-28,page_044,251
U01879,add_to_cart,2024-11-28,page_047,82
U01880,register,2023-08-04,page_085,12
U01880,app_open,2023-08-04,page_055,37
U01880,share,2023-08-06,page_034,5
U01881,register,2023-10-20,page_025,7
U01881,app_open,2023-10-20,page_065,32
U01881,browse,2023-10-20,page_008,229
U01882,register,2023-10-08,page_039,28
U01882,app_open,2023-10-08,page_040,40
U01883,register,2024-02-04,page_056,26
U01883,app_open,2024-02-04,page_081,23
U01883,browse,2024-02-04,page_087,143
U01883,add_to_cart,2024-02-04,page_015,101
U01884,register,2024-08-26,page_028,20
U01884,app_open,2024-08-26,page_081,46
U01885,register,2023-03-28,page_074,22
U01885,app_open,2023-03-28,page_037,41
U01885,browse,2023-03-28,page_060,125
U01886,register,2023-03-27,page_095,24
U01886,app_open,2023-03-27,page_043,26
U01886,share,2023-04-13,page_001,9
U01887,register,2023-04-12,page_023,28
U01887,app_open,2023-04-12,page_080,56
U01887,browse,2023-04-12,page_085,288
U01887,share,2023-05-11,page_034,16
U01888,register,2024-06-28,page_030,10
U01888,app_open,2024-06-28,page_071,48
U01888,browse,2024-06-28,page_086,204
U01889,register,2024-07-11,page_078,20
U01889,app_open,2024-07-11,page_055,28
U01889,browse,2024-07-11,page_018,69
U01889,add_to_cart,2024-07-11,page_025,48
U01890,register,2024-06-14,page_093,17
U01890,app_open,2024-06-14,page_024,48
U01891,register,2023-11-14,page_031,21
U01892,register,2024-10-03,page_056,19
U01893,register,2023-02-09,page_035,14
U01893,app_open,2023-02-09,page_011,23
U01893,browse,2023-02-09,page_095,299
U01893,share,2023-03-08,page_079,16
U01894,register,2023-08-05,page_002,6
U01894,app_open,2023-08-05,page_055,45
U01894,browse,2023-08-05,page_082,245
U01894,add_to_cart,2023-08-05,page_090,78
U01895,register,2023-09-05,page_079,12
U01895,app_open,2023-09-05,page_094,26
U01895,browse,2023-09-05,page_081,100
U01895,add_to_cart,2023-09-05,page_085,42
U01896,register,2024-09-13,page_015,20
U01896,app_open,2024-09-13,page_078,50
U01896,browse,2024-09-13,page_016,48
U01897,register,2023-11-11,page_063,10
U01897,app_open,2023-11-11,page_056,53
U01898,register,2024-08-12,page_098,13
U01898,app_open,2024-08-12,page_056,12
U01899,register,2024-07-13,page_028,23
U01899,app_open,2024-07-13,page_026,33
U01899,browse,2024-07-13,page_066,263
U01900,register,2023-09-04,page_018,23
U01900,app_open,2023-09-04,page_088,51
U01900,browse,2023-09-04,page_033,31
U01901,register,2023-07-05,page_009,11
U01901,app_open,2023-07-05,page_028,59
U01901,browse,2023-07-05,page_079,262
U01901,add_to_cart,2023-07-05,page_095,110
U01902,register,2023-07-28,page_012,28
U01902,app_open,2023-07-28,page_054,15
U01903,register,2023-08-14,page_036,28
U01903,app_open,2023-08-14,page_032,21
U01903,browse,2023-08-14,page_089,219
U01904,register,2024-12-10,page_047,27
U01904,app_open,2024-12-10,page_096,25
U01904,browse,2024-12-10,page_073,88
U01905,register,2023-06-05,page_003,21
U01905,app_open,2023-06-05,page_085,54
U01906,register,2024-03-16,page_086,13
U01906,app_open,2024-03-16,page_081,42
U01906,browse,2024-03-16,page_015,136
U01906,add_to_cart,2024-03-16,page_003,113
U01906,share,2024-03-18,page_092,15
U01907,register,2023-02-28,page_007,24
U01908,register,2024-03-08,page_023,26
U01908,app_open,2024-03-08,page_092,28
U01908,browse,2024-03-08,page_091,34
U01909,register,2024-09-24,page_025,25
U01909,app_open,2024-09-24,page_003,38
U01909,browse,2024-09-24,page_063,137
U01909,add_to_cart,2024-09-24,page_081,35
U01910,register,2024-10-24,page_052,27
U01910,app_open,2024-10-24,page_035,48
U01911,register,2024-01-17,page_081,16
U01911,app_open,2024-01-17,page_076,39
U01911,browse,2024-01-17,page_053,277
U01911,share,2024-01-31,page_018,29
U01912,register,2024-03-25,page_043,9
U01912,app_open,2024-03-25,page_054,26
U01912,browse,2024-03-25,page_068,158
U01913,register,2024-02-25,page_041,5
U01914,register,2024-07-13,page_016,21
U01914,app_open,2024-07-13,page_017,40
U01914,browse,2024-07-13,page_008,160
U01914,add_to_cart,2024-07-13,page_065,56
U01915,register,2024-09-28,page_020,25
U01915,app_open,2024-09-28,page_024,30
U01915,browse,2024-09-28,page_025,78
U01916,register,2023-07-08,page_005,7
U01916,app_open,2023-07-08,page_065,18
U01916,browse,2023-07-08,page_068,124
U01916,add_to_cart,2023-07-08,page_003,82
U01917,register,2023-07-19,page_078,15
U01917,app_open,2023-07-19,page_021,58
U01917,browse,2023-07-19,page_072,31
U01918,register,2024-03-07,page_071,6
U01919,register,2024-05-21,page_098,27
U01919,app_open,2024-05-21,page_079,38
U01919,browse,2024-05-21,page_064,155
U01919,add_to_cart,2024-05-21,page_011,55
U01919,share,2024-06-01,page_004,8
U01920,register,2024-06-19,page_048,26
U01920,app_open,2024-06-19,page_081,37
U01920,browse,2024-06-19,page_038,139
U01920,add_to_cart,2024-06-19,page_056,63
U01920,share,2024-06-22,page_035,15
U01921,register,2023-03-24,page_067,22
U01921,app_open,2023-03-24,page_023,42
U01921,browse,2023-03-24,page_098,249
U01921,add_to_cart,2023-03-24,page_083,53
U01922,register,2024-10-07,page_082,22
U01923,register,2024-09-10,page_007,22
U01923,app_open,2024-09-10,page_099,47
U01923,browse,2024-09-10,page_001,194
U01924,register,2023-07-26,page_079,10
U01924,app_open,2023-07-26,page_092,43
U01925,register,2023-11-26,page_052,21
U01925,app_open,2023-11-26,page_007,28
U01926,register,2023-03-27,page_093,16
U01926,app_open,2023-03-27,page_018,17
U01926,browse,2023-03-27,page_038,286
U01927,register,2024-09-22,page_053,19
U01927,app_open,2024-09-22,page_026,10
U01928,register,2023-09-04,page_077,18
U01928,app_open,2023-09-04,page_070,58
U01928,browse,2023-09-04,page_041,100
U01928,add_to_cart,2023-09-04,page_052,91
U01929,register,2023-08-24,page_083,22
U01930,register,2024-10-12,page_057,27
U01930,app_open,2024-10-12,page_055,24
U01930,browse,2024-10-12,page_068,84
U01930,share,2024-11-05,page_058,7
U01931,register,2023-08-15,page_019,11
U01931,app_open,2023-08-15,page_010,44
U01931,browse,2023-08-15,page_037,299
U01931,add_to_cart,2023-08-15,page_058,96
U01932,register,2024-02-05,page_056,26
U01932,app_open,2024-02-05,page_093,15
U01932,browse,2024-02-05,page_042,88
U01932,add_to_cart,2024-02-05,page_015,68
U01933,register,2024-05-20,page_047,5
U01933,app_open,2024-05-20,page_044,57
U01934,register,2023-11-22,page_050,29
U01935,register,2024-03-25,page_030,17
U01935,app_open,2024-03-25,page_009,44
U01936,register,2024-01-04,page_014,11
U01936,app_open,2024-01-04,page_081,33
U01936,browse,2024-01-04,page_017,162
U01936,share,2024-01-22,page_097,14
U01937,register,2024-10-13,page_010,16
U01938,register,2024-01-11,page_085,23
U01938,app_open,2024-01-11,page_033,19
U01938,share,2024-01-12,page_030,24
U01939,register,2023-05-25,page_026,7
U01939,app_open,2023-05-25,page_064,37
U01940,register,2024-02-22,page_086,29
U01940,app_open,2024-02-22,page_064,50
U01940,browse,2024-02-22,page_003,107
U01940,share,2024-03-14,page_011,18
U01941,register,2023-03-18,page_055,8
U01941,app_open,2023-03-18,page_030,47
U01941,browse,2023-03-18,page_073,227
U01941,add_to_cart,2023-03-18,page_030,65
U01942,register,2023-03-06,page_056,22
U01942,app_open,2023-03-06,page_061,42
U01942,browse,2023-03-06,page_082,174
U01942,add_to_cart,2023-03-06,page_036,27
U01943,register,2023-08-24,page_098,5
U01943,app_open,2023-08-24,page_048,19
U01943,browse,2023-08-24,page_078,51
U01943,add_to_cart,2023-08-24,page_046,53
U01943,share,2023-08-27,page_060,11
U01944,register,2024-09-17,page_069,12
U01944,app_open,2024-09-17,page_078,33
U01944,browse,2024-09-17,page_053,118
U01945,register,2023-01-28,page_034,20
U01945,app_open,2023-01-28,page_093,35
U01945,browse,2023-01-28,page_096,110
U01946,register,2023-07-18,page_088,25
U01946,app_open,2023-07-18,page_008,29
U01946,browse,2023-07-18,page_044,222
U01946,add_to_cart,2023-07-18,page_096,98
U01947,register,2023-04-10,page_037,26
U01947,app_open,2023-04-10,page_099,47
U01947,browse,2023-04-10,page_013,266
U01947,add_to_cart,2023-04-10,page_012,65
U01948,register,2023-05-08,page_040,12
U01948,app_open,2023-05-08,page_079,22
U01949,register,2024-01-17,page_063,12
U01949,app_open,2024-01-17,page_020,51
U01950,register,2024-09-04,page_002,28
U01950,app_open,2024-09-04,page_090,56
U01950,browse,2024-09-04,page_044,185
U01951,register,2023-10-21,page_060,29
U01951,app_open,2023-10-21,page_022,39
U01952,register,2023-08-10,page_012,22
U01952,app_open,2023-08-10,page_078,51
U01953,register,2024-01-12,page_047,17
U01953,app_open,2024-01-12,page_029,16
U01953,browse,2024-01-12,page_063,73
U01953,add_to_cart,2024-01-12,page_086,92
U01954,register,2024-09-13,page_073,6
U01954,app_open,2024-09-13,page_076,23
U01954,browse,2024-09-13,page_016,212
U01954,share,2024-10-03,page_061,10
U01955,register,2023-10-21,page_096,20
U01955,app_open,2023-10-21,page_037,11
U01956,register,2023-01-09,page_053,27
U01956,app_open,2023-01-09,page_042,23
U01956,browse,2023-01-09,page_035,196
U01956,add_to_cart,2023-01-09,page_049,45
U01957,register,2023-03-17,page_090,14
U01957,app_open,2023-03-17,page_035,56
U01957,browse,2023-03-17,page_004,54
U01958,register,2024-09-10,page_073,6
U01958,app_open,2024-09-10,page_089,41
U01959,register,2024-07-06,page_039,19
U01959,app_open,2024-07-06,page_071,57
U01960,register,2023-07-11,page_051,7
U01960,app_open,2023-07-11,page_093,55
U01960,browse,2023-07-11,page_026,81
U01961,register,2024-04-04,page_069,9
U01961,app_open,2024-04-04,page_087,11
U01961,browse,2024-04-04,page_084,158
U01961,add_to_cart,2024-04-04,page_047,105
U01962,register,2023-04-18,page_037,21
U01962,app_open,2023-04-18,page_064,13
U01962,browse,2023-04-18,page_053,125
U01963,register,2024-06-07,page_055,16
U01964,register,2023-11-05,page_078,5
U01964,app_open,2023-11-05,page_018,26
U01964,browse,2023-11-05,page_078,209
U01965,register,2024-09-28,page_071,18
U01965,app_open,2024-09-28,page_010,12
U01966,register,2024-06-07,page_048,18
U01966,app_open,2024-06-07,page_010,46
U01966,browse,2024-06-07,page_020,84
U01966,add_to_cart,2024-06-07,page_045,108
U01967,register,2023-02-28,page_057,9
U01967,app_open,2023-02-28,page_035,55
U01967,browse,2023-02-28,page_018,218
U01967,share,2023-03-02,page_032,28
U01968,register,2023-05-05,page_097,24
U01968,app_open,2023-05-05,page_024,42
U01968,share,2023-05-10,page_021,16
U01969,register,2024-07-02,page_087,11
U01969,app_open,2024-07-02,page_069,27
U01969,browse,2024-07-02,page_019,64
U01970,register,2024-07-27,page_096,9
U01971,register,2023-05-12,page_091,18
U01971,app_open,2023-05-12,page_048,24
U01971,browse,2023-05-12,page_023,160
U01971,add_to_cart,2023-05-12,page_078,24
U01972,register,2024-01-22,page_047,18
U01972,app_open,2024-01-22,page_005,25
U01972,browse,2024-01-22,page_076,234
U01972,add_to_cart,2024-01-22,page_064,79
U01973,register,2024-08-07,page_094,7
U01974,register,2023-02-22,page_057,17
U01974,app_open,2023-02-22,page_075,39
U01974,browse,2023-02-22,page_065,279
U01974,add_to_cart,2023-02-22,page_023,49
U01975,register,2024-02-25,page_099,5
U01975,app_open,2024-02-25,page_012,17
U01975,browse,2024-02-25,page_057,208
U01975,add_to_cart,2024-02-25,page_087,15
U01976,register,2023-05-20,page_023,24
U01977,register,2024-10-12,page_080,11
U01977,app_open,2024-10-12,page_009,28
U01977,browse,2024-10-12,page_080,153
U01978,register,2023-04-17,page_093,24
U01979,register,2024-04-25,page_094,26
U01979,app_open,2024-04-25,page_087,18
U01979,browse,2024-04-25,page_020,143
U01980,register,2023-10-03,page_015,19
U01980,app_open,2023-10-03,page_092,13
U01980,browse,2023-10-03,page_001,247
U01980,add_to_cart,2023-10-03,page_042,102
U01980,share,2023-10-06,page_043,23
U01981,register,2024-10-01,page_009,13
U01981,app_open,2024-10-01,page_083,40
U01981,browse,2024-10-01,page_008,284
U01982,register,2023-06-03,page_014,9
U01983,register,2024-07-27,page_027,29
U01983,app_open,2024-07-27,page_032,21
U01984,register,2023-07-27,page_041,26
U01984,app_open,2023-07-27,page_083,40
U01985,register,2023-09-22,page_005,9
U01985,app_open,2023-09-22,page_018,43
U01985,browse,2023-09-22,page_034,254
U01985,add_to_cart,2023-09-22,page_062,51
U01986,register,2023-12-14,page_068,21
U01987,register,2023-01-25,page_045,29
U01987,app_open,2023-01-25,page_011,31
U01987,browse,2023-01-25,page_042,187
U01987,share,2023-02-23,page_051,19
U01988,register,2024-01-21,page_056,28
U01989,register,2023-02-03,page_079,6
U01989,app_open,2023-02-03,page_067,11
U01990,register,2023-11-05,page_075,15
U01991,register,2023-02-14,page_003,9
U01991,app_open,2023-02-14,page_004,21
U01991,browse,2023-02-14,page_004,237
U01991,add_to_cart,2023-02-14,page_074,103
U01992,register,2024-01-14,page_041,21
U01992,app_open,2024-01-14,page_076,17
U01992,browse,2024-01-14,page_082,33
U01993,register,2023-03-08,page_057,20
U01993,app_open,2023-03-08,page_016,31
U01993,browse,2023-03-08,page_063,270
U01994,register,2024-01-22,page_005,12
U01994,app_open,2024-01-22,page_053,24
U01995,register,2023-12-18,page_048,15
U01995,app_open,2023-12-18,page_070,21
U01995,browse,2023-12-18,page_016,74
U01996,register,2024-06-17,page_066,11
U01996,app_open,2024-06-17,page_082,34
U01996,browse,2024-06-17,page_026,51
U01997,register,2023-07-22,page_053,14
U01997,app_open,2023-07-22,page_017,23
U01997,browse,2023-07-22,page_022,293
U01997,share,2023-08-16,page_067,10
U01998,register,2024-01-13,page_076,10
U01998,app_open,2024-01-13,page_086,24
U01998,browse,2024-01-13,page_051,48
U01999,register,2023-06-21,page_017,22
U01999,app_open,2023-06-21,page_036,33
U01999,browse,2023-06-21,page_038,58
U02000,register,2024-07-24,page_005,19
U02000,app_open,2024-07-24,page_020,12
U02000,browse,2024-07-24,page_002,298
U02000,add_to_cart,2024-07-24,page_002,74
U02000,share,2024-08-02,page_010,22
U02001,register,2024-07-21,page_054,15
U02002,register,2024-12-28,page_064,7
U02002,app_open,2024-12-28,page_041,57
U02002,browse,2024-12-28,page_004,72
U02002,share,2024-12-31,page_069,25
U02003,register,2024-04-03,page_050,29
U02004,register,2024-02-21,page_093,8
U02004,app_open,2024-02-21,page_022,42
U02004,browse,2024-02-21,page_085,70
U02005,register,2023-06-17,page_002,23
U02005,app_open,2023-06-17,page_077,32
U02005,browse,2023-06-17,page_092,247
U02005,add_to_cart,2023-06-17,page_027,87
U02006,register,2024-04-02,page_057,10
U02006,app_open,2024-04-02,page_022,26
U02007,register,2024-11-09,page_086,18
U02007,app_open,2024-11-09,page_010,33
U02007,browse,2024-11-09,page_030,251
U02008,register,2024-01-14,page_027,10
U02008,app_open,2024-01-14,page_025,31
U02008,browse,2024-01-14,page_001,181
U02008,add_to_cart,2024-01-14,page_027,76
U02008,share,2024-02-05,page_049,13
U02009,register,2024-08-21,page_046,26
U02009,app_open,2024-08-21,page_046,41
U02009,browse,2024-08-21,page_073,198
U02009,add_to_cart,2024-08-21,page_078,93
U02009,share,2024-08-22,page_054,29
U02010,register,2023-12-20,page_030,23
U02010,app_open,2023-12-20,page_003,52
U02010,browse,2023-12-20,page_021,282
U02011,register,2023-11-19,page_060,9
U02011,app_open,2023-11-19,page_093,46
U02011,browse,2023-11-19,page_025,170
U02012,register,2023-10-18,page_012,25
U02012,app_open,2023-10-18,page_056,45
U02012,browse,2023-10-18,page_014,297
U02013,register,2023-03-16,page_002,6
U02013,app_open,2023-03-16,page_097,17
U02013,browse,2023-03-16,page_026,279
U02013,share,2023-04-06,page_002,12
U02014,register,2024-06-14,page_073,7
U02014,app_open,2024-06-14,page_054,44
U02014,browse,2024-06-14,page_057,183
U02015,register,2024-12-17,page_092,16
U02015,app_open,2024-12-17,page_019,30
U02015,browse,2024-12-17,page_044,188
U02016,register,2023-05-17,page_068,20
U02016,app_open,2023-05-17,page_080,17
U02016,browse,2023-05-17,page_027,167
U02016,add_to_cart,2023-05-17,page_035,62
U02017,register,2024-09-14,page_038,7
U02017,app_open,2024-09-14,page_028,57
U02017,browse,2024-09-14,page_056,129
U02017,add_to_cart,2024-09-14,page_046,72
U02018,register,2023-03-25,page_067,18
U02019,register,2024-03-12,page_012,17
U02019,app_open,2024-03-12,page_025,37
U02020,register,2024-05-26,page_061,9
U02020,app_open,2024-05-26,page_016,57
U02020,browse,2024-05-26,page_094,154
U02020,add_to_cart,2024-05-26,page_058,48
U02021,register,2024-05-24,page_003,5
U02021,app_open,2024-05-24,page_015,49
U02021,browse,2024-05-24,page_065,152
U02021,add_to_cart,2024-05-24,page_067,69
U02022,register,2024-07-27,page_088,14
U02022,app_open,2024-07-27,page_023,26
U02023,register,2023-07-26,page_044,6
U02023,app_open,2023-07-26,page_040,57
U02023,browse,2023-07-26,page_002,43
U02023,add_to_cart,2023-07-26,page_073,109
U02023,share,2023-08-12,page_004,9
U02024,register,2023-05-02,page_082,19
U02024,app_open,2023-05-02,page_083,39
U02024,browse,2023-05-02,page_010,221
U02025,register,2024-04-13,page_045,15
U02025,app_open,2024-04-13,page_070,26
U02025,share,2024-04-29,page_006,12
U02026,register,2023-11-07,page_037,18
U02026,app_open,2023-11-07,page_099,19
U02026,browse,2023-11-07,page_010,71
U02026,add_to_cart,2023-11-07,page_083,24
U02027,register,2024-11-03,page_076,12
U02028,register,2023-06-05,page_097,5
U02028,app_open,2023-06-05,page_014,45
U02028,browse,2023-06-05,page_055,197
U02028,add_to_cart,2023-06-05,page_049,51
U02029,register,2023-01-01,page_092,18
U02029,app_open,2023-01-01,page_045,57
U02029,browse,2023-01-01,page_064,45
U02029,add_to_cart,2023-01-01,page_074,108
U02030,register,2024-06-23,page_061,23
U02030,app_open,2024-06-23,page_070,28
U02030,share,2024-07-20,page_036,26
U02031,register,2023-03-25,page_010,28
U02031,app_open,2023-03-25,page_009,19
U02031,browse,2023-03-25,page_096,46
U02031,add_to_cart,2023-03-25,page_067,46
U02032,register,2024-07-10,page_096,18
U02032,app_open,2024-07-10,page_060,28
U02032,browse,2024-07-10,page_035,252
U02032,share,2024-07-15,page_015,20
U02033,register,2024-08-11,page_008,26
U02034,register,2023-08-20,page_068,16
U02034,app_open,2023-08-20,page_032,12
U02034,share,2023-09-17,page_087,21
U02035,register,2024-11-11,page_031,12
U02035,app_open,2024-11-11,page_060,50
U02036,register,2023-05-22,page_099,21
U02037,register,2024-12-04,page_066,29
U02037,app_open,2024-12-04,page_079,28
U02037,browse,2024-12-04,page_053,248
U02038,register,2024-01-06,page_081,11
U02038,app_open,2024-01-06,page_023,51
U02039,register,2023-02-25,page_063,20
U02039,app_open,2023-02-25,page_073,31
U02039,browse,2023-02-25,page_094,280
U02040,register,2023-06-22,page_076,26
U02040,app_open,2023-06-22,page_058,56
U02040,browse,2023-06-22,page_085,153
U02041,register,2023-10-23,page_059,16
U02042,register,2023-04-16,page_083,17
U02042,app_open,2023-04-16,page_087,14
U02042,browse,2023-04-16,page_062,248
U02042,add_to_cart,2023-04-16,page_092,31
U02043,register,2024-11-10,page_093,14
U02043,app_open,2024-11-10,page_033,30
U02043,browse,2024-11-10,page_090,278
U02044,register,2023-01-13,page_076,14
U02044,app_open,2023-01-13,page_021,11
U02044,browse,2023-01-13,page_060,197
U02044,add_to_cart,2023-01-13,page_073,107
U02045,register,2024-02-23,page_013,25
U02045,app_open,2024-02-23,page_030,13
U02045,browse,2024-02-23,page_032,201
U02045,add_to_cart,2024-02-23,page_095,115
U02046,register,2023-12-13,page_045,18
U02046,app_open,2023-12-13,page_076,49
U02046,share,2023-12-14,page_099,11
U02047,register,2023-01-27,page_042,5
U02048,register,2024-02-08,page_060,25
U02048,app_open,2024-02-08,page_046,42
U02048,browse,2024-02-08,page_050,52
U02048,add_to_cart,2024-02-08,page_060,28
U02049,register,2024-10-14,page_064,25
U02049,app_open,2024-10-14,page_052,41
U02049,browse,2024-10-14,page_029,281
U02049,add_to_cart,2024-10-14,page_079,33
U02050,register,2023-01-27,page_017,14
U02051,register,2024-05-16,page_096,6
U02051,app_open,2024-05-16,page_008,33
U02051,browse,2024-05-16,page_087,78
U02051,add_to_cart,2024-05-16,page_020,116
U02052,register,2023-12-20,page_019,27
U02052,app_open,2023-12-20,page_097,39
U02053,register,2024-11-05,page_032,15
U02053,app_open,2024-11-05,page_025,44
U02053,browse,2024-11-05,page_027,232
U02054,register,2024-09-24,page_053,22
U02054,app_open,2024-09-24,page_040,13
U02054,share,2024-10-15,page_026,26
U02055,register,2024-06-04,page_041,15
U02055,app_open,2024-06-04,page_071,59
U02055,browse,2024-06-04,page_046,294
U02056,register,2024-08-11,page_015,16
U02056,app_open,2024-08-11,page_054,40
U02056,browse,2024-08-11,page_021,260
U02057,register,2023-08-22,page_083,17
U02057,app_open,2023-08-22,page_033,14
U02057,browse,2023-08-22,page_073,176
U02057,add_to_cart,2023-08-22,page_089,99
U02058,register,2023-09-26,page_057,26
U02058,app_open,2023-09-26,page_057,10
U02058,browse,2023-09-26,page_046,293
U02058,add_to_cart,2023-09-26,page_057,113
U02059,register,2024-08-10,page_043,28
U02059,app_open,2024-08-10,page_084,28
U02059,browse,2024-08-10,page_089,222
U02060,register,2023-07-19,page_032,6
U02060,app_open,2023-07-19,page_039,29
U02060,browse,2023-07-19,page_082,181
U02061,register,2024-10-01,page_002,25
U02061,app_open,2024-10-01,page_061,29
U02061,browse,2024-10-01,page_028,247
U02061,add_to_cart,2024-10-01,page_017,19
U02061,share,2024-10-30,page_003,21
U02062,register,2023-05-06,page_028,24
U02062,app_open,2023-05-06,page_043,45
U02062,browse,2023-05-06,page_050,192
U02062,share,2023-05-09,page_039,20
U02063,register,2023-12-28,page_028,17
U02063,app_open,2023-12-28,page_013,37
U02063,browse,2023-12-28,page_064,277
U02063,add_to_cart,2023-12-28,page_070,27
U02063,share,2024-01-16,page_082,13
U02064,register,2023-12-21,page_084,11
U02064,app_open,2023-12-21,page_082,26
U02064,browse,2023-12-21,page_088,88
U02065,register,2024-02-07,page_064,5
U02065,app_open,2024-02-07,page_080,56
U02065,browse,2024-02-07,page_098,297
U02065,add_to_cart,2024-02-07,page_070,116
U02066,register,2024-08-21,page_030,8
U02066,app_open,2024-08-21,page_063,30
U02067,register,2024-08-14,page_049,18
U02068,register,2024-04-09,page_038,15
U02068,app_open,2024-04-09,page_009,53
U02068,browse,2024-04-09,page_050,207
U02069,register,2023-02-17,page_022,24
U02069,app_open,2023-02-17,page_067,11
U02069,browse,2023-02-17,page_027,48
U02069,add_to_cart,2023-02-17,page_018,42
U02069,share,2023-03-11,page_077,9
U02070,register,2023-04-14,page_044,19
U02070,app_open,2023-04-14,page_023,32
U02071,register,2024-02-28,page_016,27
U02071,app_open,2024-02-28,page_080,12
U02071,browse,2024-02-28,page_065,195
U02071,add_to_cart,2024-02-28,page_043,98
U02072,register,2024-03-28,page_045,22
U02072,app_open,2024-03-28,page_081,51
U02072,browse,2024-03-28,page_005,67
U02073,register,2023-12-13,page_076,6
U02074,register,2024-10-10,page_087,15
U02074,app_open,2024-10-10,page_085,54
U02074,browse,2024-10-10,page_049,284
U02074,add_to_cart,2024-10-10,page_002,66
U02075,register,2024-04-15,page_012,23
U02075,app_open,2024-04-15,page_039,44
U02075,browse,2024-04-15,page_095,127
U02075,add_to_cart,2024-04-15,page_058,104
U02076,register,2023-08-04,page_012,11
U02076,app_open,2023-08-04,page_010,30
U02077,register,2023-01-14,page_026,7
U02077,app_open,2023-01-14,page_040,36
U02077,browse,2023-01-14,page_075,267
U02077,share,2023-01-24,page_034,14
U02078,register,2023-09-19,page_062,14
U02078,app_open,2023-09-19,page_023,43
U02078,share,2023-09-23,page_008,7
U02079,register,2023-06-16,page_024,9
U02080,register,2024-12-11,page_033,13
U02080,app_open,2024-12-11,page_007,28
U02080,browse,2024-12-11,page_016,226
U02080,add_to_cart,2024-12-11,page_064,98
U02081,register,2024-09-27,page_005,22
U02081,app_open,2024-09-27,page_017,25
U02081,browse,2024-09-27,page_055,108
U02081,add_to_cart,2024-09-27,page_027,116
U02082,register,2024-11-11,page_046,8
U02082,app_open,2024-11-11,page_001,57
U02082,browse,2024-11-11,page_022,284
U02083,register,2024-02-11,page_069,13
U02083,app_open,2024-02-11,page_099,28
U02083,browse,2024-02-11,page_071,155
U02083,add_to_cart,2024-02-11,page_067,59
U02084,register,2024-02-25,page_084,29
U02084,app_open,2024-02-25,page_077,30
U02084,browse,2024-02-25,page_086,61
U02085,register,2023-01-11,page_079,12
U02085,app_open,2023-01-11,page_011,55
U02086,register,2024-12-18,page_002,29
U02087,register,2024-05-04,page_003,7
U02087,app_open,2024-05-04,page_079,37
U02087,browse,2024-05-04,page_032,160
U02087,add_to_cart,2024-05-04,page_075,47
U02088,register,2024-10-14,page_002,13
U02088,app_open,2024-10-14,page_013,16
U02088,browse,2024-10-14,page_082,199
U02089,register,2023-08-15,page_099,15
U02089,app_open,2023-08-15,page_053,48
U02089,browse,2023-08-15,page_028,37
U02089,add_to_cart,2023-08-15,page_034,91
U02090,register,2024-04-01,page_093,12
U02090,app_open,2024-04-01,page_039,29
U02090,browse,2024-04-01,page_003,290
U02091,register,2023-01-10,page_009,23
U02091,app_open,2023-01-10,page_091,27
U02091,browse,2023-01-10,page_029,118
U02091,add_to_cart,2023-01-10,page_048,88
U02091,share,2023-01-12,page_047,17
U02092,register,2023-02-25,page_080,20
U02092,app_open,2023-02-25,page_052,42
U02092,browse,2023-02-25,page_026,203
U02092,add_to_cart,2023-02-25,page_018,77
U02093,register,2023-12-04,page_070,19
U02093,app_open,2023-12-04,page_091,37
U02093,browse,2023-12-04,page_040,238
U02093,add_to_cart,2023-12-04,page_062,50
U02094,register,2024-11-19,page_058,10
U02094,app_open,2024-11-19,page_009,33
U02094,browse,2024-11-19,page_067,214
U02094,add_to_cart,2024-11-19,page_029,92
U02095,register,2023-01-01,page_022,13
U02095,app_open,2023-01-01,page_071,25
U02095,browse,2023-01-01,page_097,75
U02095,add_to_cart,2023-01-01,page_069,60
U02096,register,2023-09-20,page_062,27
U02097,register,2024-01-11,page_038,10
U02098,register,2024-07-21,page_036,10
U02098,app_open,2024-07-21,page_079,45
U02098,browse,2024-07-21,page_076,106
U02098,share,2024-08-04,page_036,22
U02099,register,2024-05-03,page_093,8
U02099,app_open,2024-05-03,page_040,45
U02099,browse,2024-05-03,page_002,47
U02099,add_to_cart,2024-05-03,page_079,111
U02100,register,2024-08-13,page_025,13
U02101,register,2024-10-25,page_015,11
U02101,app_open,2024-10-25,page_040,10
U02102,register,2024-07-20,page_073,24
U02102,app_open,2024-07-20,page_014,18
U02103,register,2024-09-24,page_068,7
U02103,app_open,2024-09-24,page_014,20
U02104,register,2023-09-19,page_070,29
U02105,register,2024-07-23,page_077,12
U02105,app_open,2024-07-23,page_041,40
U02105,browse,2024-07-23,page_019,56
U02105,add_to_cart,2024-07-23,page_073,29
U02106,register,2023-01-17,page_044,7
U02106,app_open,2023-01-17,page_010,18
U02106,browse,2023-01-17,page_071,153
U02107,register,2024-02-12,page_015,8
U02107,app_open,2024-02-12,page_086,45
U02107,browse,2024-02-12,page_025,118
U02107,add_to_cart,2024-02-12,page_073,81
U02108,register,2023-02-22,page_084,14
U02108,app_open,2023-02-22,page_042,35
U02109,register,2023-03-28,page_099,21
U02109,app_open,2023-03-28,page_003,29
U02109,browse,2023-03-28,page_022,97
U02110,register,2024-12-05,page_012,12
U02110,app_open,2024-12-05,page_016,40
U02111,register,2023-03-14,page_047,23
U02111,app_open,2023-03-14,page_094,31
U02111,browse,2023-03-14,page_018,284
U02112,register,2024-12-24,page_087,11
U02113,register,2024-06-05,page_040,24
U02113,app_open,2024-06-05,page_024,44
U02113,browse,2024-06-05,page_093,94
U02113,add_to_cart,2024-06-05,page_051,115
U02114,register,2023-03-23,page_001,19
U02115,register,2023-02-09,page_017,7
U02115,app_open,2023-02-09,page_025,39
U02115,browse,2023-02-09,page_060,168
U02116,register,2024-06-27,page_085,18
U02116,app_open,2024-06-27,page_003,43
U02116,browse,2024-06-27,page_005,37
U02116,add_to_cart,2024-06-27,page_010,94
U02117,register,2023-02-22,page_035,11
U02118,register,2024-07-03,page_059,29
U02118,app_open,2024-07-03,page_001,38
U02118,browse,2024-07-03,page_013,257
U02119,register,2024-06-14,page_020,11
U02119,app_open,2024-06-14,page_050,28
U02119,browse,2024-06-14,page_078,161
U02119,add_to_cart,2024-06-14,page_005,118
U02120,register,2024-01-16,page_066,6
U02121,register,2024-09-28,page_003,18
U02121,app_open,2024-09-28,page_095,56
U02121,browse,2024-09-28,page_043,268
U02121,add_to_cart,2024-09-28,page_079,65
U02122,register,2023-11-21,page_096,18
U02122,app_open,2023-11-21,page_058,31
U02122,browse,2023-11-21,page_030,201
U02122,add_to_cart,2023-11-21,page_024,42
U02123,register,2024-11-24,page_050,26
U02123,app_open,2024-11-24,page_012,26
U02123,browse,2024-11-24,page_080,180
U02124,register,2024-12-12,page_017,20
U02124,app_open,2024-12-12,page_074,18
U02124,browse,2024-12-12,page_022,133
U02125,register,2023-03-06,page_005,28
U02125,app_open,2023-03-06,page_076,13
U02125,browse,2023-03-06,page_095,110
U02126,register,2024-04-12,page_057,17
U02126,app_open,2024-04-12,page_009,17
U02126,browse,2024-04-12,page_044,181
U02127,register,2024-09-20,page_059,10
U02127,app_open,2024-09-20,page_049,18
U02127,browse,2024-09-20,page_034,232
U02127,share,2024-10-11,page_082,13
U02128,register,2023-06-20,page_016,18
U02128,app_open,2023-06-20,page_050,57
U02129,register,2024-02-24,page_045,6
U02129,app_open,2024-02-24,page_029,45
U02130,register,2023-09-17,page_011,15
U02130,app_open,2023-09-17,page_034,23
U02130,browse,2023-09-17,page_097,190
U02130,add_to_cart,2023-09-17,page_068,94
U02131,register,2023-12-01,page_025,7
U02131,app_open,2023-12-01,page_001,56
U02131,browse,2023-12-01,page_025,117
U02131,add_to_cart,2023-12-01,page_099,89
U02132,register,2024-08-22,page_023,7
U02132,app_open,2024-08-22,page_059,25
U02133,register,2023-08-28,page_012,27
U02134,register,2023-12-16,page_008,19
U02134,app_open,2023-12-16,page_070,15
U02134,browse,2023-12-16,page_083,144
U02134,add_to_cart,2023-12-16,page_014,22
U02135,register,2023-01-03,page_093,15
U02136,register,2023-12-04,page_097,18
U02136,app_open,2023-12-04,page_057,21
U02137,register,2023-10-02,page_022,10
U02137,app_open,2023-10-02,page_041,20
U02137,browse,2023-10-02,page_099,272
U02137,add_to_cart,2023-10-02,page_081,79
U02138,register,2023-09-03,page_078,12
U02138,app_open,2023-09-03,page_086,29
U02138,browse,2023-09-03,page_067,224
U02138,add_to_cart,2023-09-03,page_083,88
U02138,share,2023-09-08,page_060,15
U02139,register,2024-08-20,page_086,13
U02139,app_open,2024-08-20,page_069,56
U02139,browse,2024-08-20,page_073,232
U02139,share,2024-08-22,page_052,28
U02140,register,2023-01-05,page_058,22
U02141,register,2023-05-02,page_093,20
U02141,app_open,2023-05-02,page_031,46
U02142,register,2024-03-01,page_056,10
U02142,app_open,2024-03-01,page_020,48
U02142,browse,2024-03-01,page_099,190
U02142,add_to_cart,2024-03-01,page_039,57
U02142,share,2024-03-26,page_070,14
U02143,register,2024-09-05,page_074,29
U02143,app_open,2024-09-05,page_082,34
U02143,browse,2024-09-05,page_013,207
U02143,add_to_cart,2024-09-05,page_021,61
U02144,register,2023-07-11,page_062,7
U02144,app_open,2023-07-11,page_071,23
U02144,browse,2023-07-11,page_065,145
U02144,add_to_cart,2023-07-11,page_097,20
U02145,register,2023-10-02,page_087,27
U02145,app_open,2023-10-02,page_079,38
U02145,browse,2023-10-02,page_093,203
U02145,add_to_cart,2023-10-02,page_016,109
U02146,register,2024-02-24,page_016,22
U02146,app_open,2024-02-24,page_077,15
U02146,browse,2024-02-24,page_049,259
U02147,register,2024-09-05,page_012,15
U02147,app_open,2024-09-05,page_006,15
U02147,browse,2024-09-05,page_088,121
U02147,add_to_cart,2024-09-05,page_066,83
U02148,register,2024-04-25,page_025,28
U02148,app_open,2024-04-25,page_035,38
U02148,browse,2024-04-25,page_059,43
U02148,add_to_cart,2024-04-25,page_061,61
U02149,register,2023-02-10,page_003,25
U02149,app_open,2023-02-10,page_012,57
U02150,register,2024-06-05,page_032,23
U02150,app_open,2024-06-05,page_007,44
U02150,browse,2024-06-05,page_060,182
U02151,register,2024-05-11,page_051,15
U02151,app_open,2024-05-11,page_041,59
U02151,browse,2024-05-11,page_045,98
U02151,add_to_cart,2024-05-11,page_038,101
U02152,register,2023-05-21,page_083,27
U02152,app_open,2023-05-21,page_048,55
U02152,browse,2023-05-21,page_010,261
U02153,register,2024-12-06,page_030,29
U02153,app_open,2024-12-06,page_040,32
U02154,register,2024-10-16,page_019,13
U02154,app_open,2024-10-16,page_031,20
U02154,browse,2024-10-16,page_047,186
U02154,share,2024-10-19,page_050,14
U02155,register,2023-05-21,page_005,19
U02155,app_open,2023-05-21,page_027,46
U02155,browse,2023-05-21,page_036,199
U02155,add_to_cart,2023-05-21,page_015,85
U02155,share,2023-05-28,page_072,22
U02156,register,2024-12-16,page_048,11
U02156,app_open,2024-12-16,page_051,38
U02157,register,2024-05-09,page_060,5
U02157,app_open,2024-05-09,page_079,51
U02158,register,2024-10-25,page_069,20
U02158,app_open,2024-10-25,page_021,30
U02158,browse,2024-10-25,page_004,61
U02158,share,2024-11-15,page_016,11
U02159,register,2023-02-19,page_034,13
U02159,app_open,2023-02-19,page_052,48
U02159,browse,2023-02-19,page_078,275
U02160,register,2024-05-05,page_015,23
U02161,register,2023-02-11,page_048,14
U02162,register,2023-01-09,page_020,8
U02162,app_open,2023-01-09,page_093,37
U02162,browse,2023-01-09,page_054,267
U02163,register,2023-06-11,page_057,18
U02164,register,2023-08-13,page_042,18
U02164,app_open,2023-08-13,page_045,27
U02164,browse,2023-08-13,page_001,243
U02164,add_to_cart,2023-08-13,page_056,22
U02164,share,2023-08-21,page_028,12
U02165,register,2023-12-09,page_015,12
U02165,app_open,2023-12-09,page_047,56
U02165,browse,2023-12-09,page_018,123
U02165,add_to_cart,2023-12-09,page_017,108
U02166,register,2024-03-05,page_086,7
U02166,app_open,2024-03-05,page_084,17
U02166,browse,2024-03-05,page_037,178
U02167,register,2024-03-02,page_081,6
U02167,app_open,2024-03-02,page_042,20
U02167,browse,2024-03-02,page_012,124
U02168,register,2024-03-20,page_012,17
U02168,app_open,2024-03-20,page_097,33
U02168,share,2024-03-26,page_032,27
U02169,register,2023-03-10,page_006,19
U02169,app_open,2023-03-10,page_083,21
U02169,browse,2023-03-10,page_059,48
U02170,register,2023-07-10,page_004,8
U02170,app_open,2023-07-10,page_087,22
U02170,browse,2023-07-10,page_055,144
U02170,add_to_cart,2023-07-10,page_035,17
U02171,register,2023-10-08,page_091,28
U02171,app_open,2023-10-08,page_050,54
U02171,browse,2023-10-08,page_051,271
U02171,add_to_cart,2023-10-08,page_004,51
U02172,register,2024-01-21,page_092,21
U02172,app_open,2024-01-21,page_056,51
U02173,register,2023-02-12,page_038,8
U02173,app_open,2023-02-12,page_090,30
U02173,browse,2023-02-12,page_054,123
U02173,share,2023-02-16,page_030,11
U02174,register,2023-09-01,page_075,17
U02174,app_open,2023-09-01,page_084,33
U02174,browse,2023-09-01,page_040,69
U02174,share,2023-09-13,page_036,14
U02175,register,2024-09-12,page_064,5
U02175,app_open,2024-09-12,page_046,11
U02176,register,2023-12-03,page_083,7
U02176,app_open,2023-12-03,page_086,10
U02177,register,2024-12-08,page_057,28
U02177,app_open,2024-12-08,page_016,51
U02177,browse,2024-12-08,page_028,159
U02177,add_to_cart,2024-12-08,page_068,93
U02178,register,2024-01-28,page_015,25
U02178,app_open,2024-01-28,page_089,20
U02178,browse,2024-01-28,page_011,141
U02178,add_to_cart,2024-01-28,page_088,39
U02179,register,2024-05-20,page_086,20
U02179,app_open,2024-05-20,page_029,10
U02179,share,2024-05-26,page_013,25
U02180,register,2023-10-15,page_077,23
U02180,app_open,2023-10-15,page_014,40
U02180,share,2023-11-07,page_084,8
U02181,register,2024-12-25,page_015,5
U02181,app_open,2024-12-25,page_091,46
U02182,register,2023-09-18,page_077,9
U02182,app_open,2023-09-18,page_089,12
U02182,browse,2023-09-18,page_013,211
U02183,register,2023-08-27,page_082,21
U02183,app_open,2023-08-27,page_099,33
U02183,browse,2023-08-27,page_034,225
U02183,share,2023-09-20,page_027,23
U02184,register,2024-02-11,page_083,24
U02184,app_open,2024-02-11,page_003,40
U02184,browse,2024-02-11,page_073,149
U02185,register,2024-01-16,page_031,10
U02186,register,2024-02-09,page_026,28
U02186,app_open,2024-02-09,page_045,35
U02187,register,2023-09-19,page_046,28
U02187,app_open,2023-09-19,page_036,42
U02187,browse,2023-09-19,page_025,179
U02187,add_to_cart,2023-09-19,page_026,73
U02188,register,2023-05-15,page_040,28
U02188,app_open,2023-05-15,page_089,45
U02188,browse,2023-05-15,page_061,185
U02188,share,2023-05-20,page_014,22
U02189,register,2023-11-19,page_003,17
U02189,app_open,2023-11-19,page_003,37
U02189,browse,2023-11-19,page_044,33
U02189,add_to_cart,2023-11-19,page_075,22
U02190,register,2023-06-10,page_095,19
U02190,app_open,2023-06-10,page_082,39
U02190,browse,2023-06-10,page_016,104
U02190,add_to_cart,2023-06-10,page_066,50
U02190,share,2023-06-29,page_071,13
U02191,register,2024-04-05,page_083,18
U02192,register,2024-06-19,page_065,19
U02192,app_open,2024-06-19,page_057,17
U02192,browse,2024-06-19,page_083,237
U02192,add_to_cart,2024-06-19,page_073,104
U02193,register,2024-11-10,page_041,25
U02193,app_open,2024-11-10,page_056,22
U02193,browse,2024-11-10,page_081,128
U02193,add_to_cart,2024-11-10,page_019,26
U02194,register,2023-10-12,page_029,13
U02194,app_open,2023-10-12,page_046,24
U02194,browse,2023-10-12,page_031,231
U02195,register,2024-09-03,page_046,13
U02195,app_open,2024-09-03,page_034,27
U02196,register,2023-04-22,page_091,17
U02196,app_open,2023-04-22,page_074,37
U02196,browse,2023-04-22,page_067,214
U02196,add_to_cart,2023-04-22,page_034,99
U02196,share,2023-05-02,page_051,27
U02197,register,2024-12-12,page_038,14
U02197,app_open,2024-12-12,page_081,36
U02198,register,2023-07-12,page_008,28
U02198,app_open,2023-07-12,page_032,52
U02199,register,2023-03-18,page_088,21
U02199,app_open,2023-03-18,page_087,21
U02199,browse,2023-03-18,page_050,126
U02199,add_to_cart,2023-03-18,page_059,84
U02200,register,2024-07-05,page_018,6
U02200,app_open,2024-07-05,page_083,38
U02200,browse,2024-07-05,page_094,58
U02201,register,2024-02-23,page_033,29
U02201,app_open,2024-02-23,page_064,17
U02201,browse,2024-02-23,page_058,86
U02201,add_to_cart,2024-02-23,page_079,109
U02202,register,2023-08-22,page_028,28
U02202,app_open,2023-08-22,page_079,25
U02202,browse,2023-08-22,page_086,42
U02203,register,2024-03-16,page_002,15
U02203,app_open,2024-03-16,page_002,26
U02203,share,2024-03-20,page_030,21
U02204,register,2024-06-11,page_073,26
U02204,app_open,2024-06-11,page_019,21
U02204,browse,2024-06-11,page_087,254
U02204,add_to_cart,2024-06-11,page_028,116
U02204,share,2024-07-10,page_070,28
U02205,register,2023-02-10,page_062,6
U02205,app_open,2023-02-10,page_079,27
U02205,share,2023-03-05,page_045,11
U02206,register,2023-11-05,page_086,10
U02206,app_open,2023-11-05,page_031,47
U02207,register,2024-09-17,page_067,21
U02208,register,2023-01-25,page_064,5
U02208,app_open,2023-01-25,page_090,11
U02208,browse,2023-01-25,page_070,66
U02208,add_to_cart,2023-01-25,page_090,96
U02209,register,2024-02-15,page_089,10
U02209,app_open,2024-02-15,page_098,15
U02209,browse,2024-02-15,page_021,100
U02209,add_to_cart,2024-02-15,page_068,25
U02210,register,2023-07-08,page_098,9
U02210,app_open,2023-07-08,page_067,31
U02210,browse,2023-07-08,page_018,218
U02210,add_to_cart,2023-07-08,page_024,89
U02210,share,2023-08-03,page_072,21
U02211,register,2024-04-13,page_007,18
U02211,app_open,2024-04-13,page_086,33
U02211,browse,2024-04-13,page_098,127
U02212,register,2023-05-03,page_010,27
U02212,app_open,2023-05-03,page_031,52
U02212,browse,2023-05-03,page_041,255
U02213,register,2024-01-19,page_051,26
U02213,app_open,2024-01-19,page_062,13
U02213,browse,2024-01-19,page_035,280
U02214,register,2023-12-19,page_051,22
U02214,app_open,2023-12-19,page_068,19
U02214,browse,2023-12-19,page_082,69
U02215,register,2024-05-11,page_051,9
U02215,app_open,2024-05-11,page_065,10
U02215,browse,2024-05-11,page_091,298
U02216,register,2023-03-02,page_039,6
U02216,app_open,2023-03-02,page_070,58
U02216,browse,2023-03-02,page_065,284
U02217,register,2024-12-26,page_037,23
U02217,app_open,2024-12-26,page_088,35
U02217,browse,2024-12-26,page_020,188
U02217,add_to_cart,2024-12-26,page_015,42
U02218,register,2024-02-26,page_051,14
U02218,app_open,2024-02-26,page_050,17
U02218,browse,2024-02-26,page_015,217
U02218,add_to_cart,2024-02-26,page_051,65
U02218,share,2024-03-06,page_079,7
U02219,register,2024-10-21,page_037,26
U02220,register,2024-05-02,page_002,20
U02220,app_open,2024-05-02,page_010,10
U02220,browse,2024-05-02,page_020,285
U02221,register,2024-06-23,page_019,12
U02222,register,2024-03-12,page_064,23
U02222,app_open,2024-03-12,page_081,47
U02222,browse,2024-03-12,page_056,80
U02223,register,2024-04-16,page_078,29
U02223,app_open,2024-04-16,page_062,49
U02223,browse,2024-04-16,page_021,248
U02223,share,2024-05-07,page_072,17
U02224,register,2023-07-06,page_077,13
U02224,app_open,2023-07-06,page_046,31
U02225,register,2024-02-08,page_008,13
U02225,app_open,2024-02-08,page_078,24
U02225,browse,2024-02-08,page_039,39
U02225,add_to_cart,2024-02-08,page_086,79
U02226,register,2024-08-25,page_040,25
U02226,app_open,2024-08-25,page_061,16
U02226,browse,2024-08-25,page_012,297
U02227,register,2024-12-19,page_004,28
U02227,app_open,2024-12-19,page_070,57
U02227,browse,2024-12-19,page_029,264
U02228,register,2024-07-28,page_046,24
U02228,app_open,2024-07-28,page_027,28
U02228,browse,2024-07-28,page_053,175
U02228,share,2024-08-18,page_027,5
U02229,register,2023-12-09,page_034,12
U02229,app_open,2023-12-09,page_089,53
U02229,browse,2023-12-09,page_073,196
U02229,add_to_cart,2023-12-09,page_097,101
U02229,share,2024-01-07,page_062,19
U02230,register,2023-09-27,page_046,20
U02230,app_open,2023-09-27,page_021,42
U02230,browse,2023-09-27,page_026,123
U02230,add_to_cart,2023-09-27,page_084,19
U02231,register,2023-05-26,page_055,7
U02232,register,2024-02-01,page_078,23
U02232,app_open,2024-02-01,page_077,49
U02232,browse,2024-02-01,page_006,281
U02232,share,2024-02-28,page_080,29
U02233,register,2023-03-11,page_011,19
U02233,app_open,2023-03-11,page_088,58
U02233,browse,2023-03-11,page_034,135
U02234,register,2024-09-04,page_026,11
U02234,app_open,2024-09-04,page_048,43
U02234,share,2024-09-07,page_006,6
U02235,register,2024-08-01,page_095,11
U02236,register,2023-06-28,page_044,8
U02236,app_open,2023-06-28,page_038,39
U02236,browse,2023-06-28,page_079,99
U02237,register,2023-10-27,page_068,14
U02237,app_open,2023-10-27,page_076,46
U02237,browse,2023-10-27,page_063,284
U02238,register,2023-04-17,page_085,29
U02238,app_open,2023-04-17,page_048,21
U02238,browse,2023-04-17,page_057,122
U02239,register,2024-10-21,page_050,25
U02239,app_open,2024-10-21,page_095,40
U02239,share,2024-10-22,page_010,25
U02240,register,2023-05-02,page_048,25
U02240,app_open,2023-05-02,page_024,58
U02240,share,2023-05-05,page_065,20
U02241,register,2023-01-16,page_049,15
U02242,register,2023-07-21,page_095,15
U02242,app_open,2023-07-21,page_069,47
U02242,browse,2023-07-21,page_078,247
U02243,register,2023-03-14,page_048,8
U02244,register,2024-10-19,page_090,21
U02244,app_open,2024-10-19,page_092,34
U02245,register,2024-04-22,page_004,8
U02245,app_open,2024-04-22,page_070,57
U02245,browse,2024-04-22,page_090,240
U02246,register,2023-06-25,page_014,8
U02246,app_open,2023-06-25,page_015,20
U02246,browse,2023-06-25,page_090,119
U02247,register,2024-12-01,page_085,22
U02247,app_open,2024-12-01,page_021,36
U02247,browse,2024-12-01,page_029,196
U02248,register,2023-07-11,page_024,19
U02248,app_open,2023-07-11,page_028,48
U02248,browse,2023-07-11,page_041,90
U02249,register,2024-06-09,page_074,19
U02249,app_open,2024-06-09,page_060,23
U02249,browse,2024-06-09,page_003,187
U02250,register,2024-10-03,page_042,19
U02250,app_open,2024-10-03,page_088,44
U02250,browse,2024-10-03,page_026,105
U02250,add_to_cart,2024-10-03,page_034,84
U02250,share,2024-10-14,page_073,24
U02251,register,2024-12-23,page_017,13
U02252,register,2023-08-08,page_073,18
U02252,app_open,2023-08-08,page_041,25
U02253,register,2024-11-01,page_046,18
U02254,register,2023-10-15,page_001,7
U02254,app_open,2023-10-15,page_017,57
U02255,register,2023-10-26,page_010,20
U02255,app_open,2023-10-26,page_049,38
U02255,browse,2023-10-26,page_021,234
U02255,add_to_cart,2023-10-26,page_062,92
U02256,register,2023-08-21,page_096,15
U02256,app_open,2023-08-21,page_035,29
U02257,register,2023-02-18,page_009,23
U02257,app_open,2023-02-18,page_050,33
U02257,browse,2023-02-18,page_008,188
U02258,register,2023-02-25,page_031,26
U02258,app_open,2023-02-25,page_084,57
U02258,browse,2023-02-25,page_060,125
U02259,register,2024-09-19,page_037,22
U02259,app_open,2024-09-19,page_077,20
U02259,browse,2024-09-19,page_012,88
U02260,register,2024-10-09,page_061,28
U02260,app_open,2024-10-09,page_094,20
U02260,browse,2024-10-09,page_021,163
U02261,register,2023-10-27,page_005,26
U02261,app_open,2023-10-27,page_018,38
U02262,register,2023-04-21,page_069,21
U02262,app_open,2023-04-21,page_053,32
U02262,browse,2023-04-21,page_088,103
U02262,share,2023-04-22,page_097,20
U02263,register,2023-01-11,page_023,16
U02263,app_open,2023-01-11,page_070,40
U02263,share,2023-01-17,page_028,16
U02264,register,2024-10-02,page_018,9
U02264,app_open,2024-10-02,page_074,19
U02265,register,2024-11-04,page_041,24
U02265,app_open,2024-11-04,page_028,15
U02265,browse,2024-11-04,page_051,275
U02266,register,2024-03-20,page_085,19
U02266,app_open,2024-03-20,page_017,24
U02267,register,2024-01-01,page_001,20
U02267,app_open,2024-01-01,page_098,24
U02267,browse,2024-01-01,page_023,149
U02267,add_to_cart,2024-01-01,page_044,70
U02268,register,2024-10-02,page_062,28
U02269,register,2023-06-07,page_039,26
U02269,app_open,2023-06-07,page_038,57
U02269,browse,2023-06-07,page_063,73
U02270,register,2024-07-04,page_043,23
U02270,app_open,2024-07-04,page_069,43
U02270,browse,2024-07-04,page_046,165
U02271,register,2024-06-23,page_092,26
U02271,app_open,2024-06-23,page_010,43
U02272,register,2023-09-21,page_060,10
U02272,app_open,2023-09-21,page_055,15
U02273,register,2023-11-05,page_041,13
U02273,app_open,2023-11-05,page_075,50
U02273,browse,2023-11-05,page_004,57
U02273,add_to_cart,2023-11-05,page_016,21
U02274,register,2024-12-01,page_029,19
U02274,app_open,2024-12-01,page_034,48
U02274,browse,2024-12-01,page_039,169
U02274,share,2024-12-02,page_074,29
U02275,register,2023-02-23,page_046,12
U02275,app_open,2023-02-23,page_016,21
U02275,browse,2023-02-23,page_092,85
U02275,add_to_cart,2023-02-23,page_051,52
U02276,register,2023-03-22,page_099,16
U02277,register,2024-05-24,page_016,12
U02277,app_open,2024-05-24,page_099,41
U02277,browse,2024-05-24,page_086,110
U02278,register,2023-02-01,page_074,17
U02278,app_open,2023-02-01,page_074,28
U02278,browse,2023-02-01,page_040,260
U02279,register,2023-02-08,page_080,10
U02280,register,2024-01-26,page_048,21
U02280,app_open,2024-01-26,page_088,33
U02281,register,2024-02-21,page_061,8
U02281,app_open,2024-02-21,page_003,27
U02281,browse,2024-02-21,page_049,39
U02281,add_to_cart,2024-02-21,page_079,108
U02282,register,2023-12-09,page_011,22
U02282,app_open,2023-12-09,page_031,23
U02282,browse,2023-12-09,page_001,291
U02282,add_to_cart,2023-12-09,page_024,105
U02283,register,2024-07-24,page_069,9
U02283,app_open,2024-07-24,page_032,40
U02284,register,2024-08-07,page_036,9
U02284,app_open,2024-08-07,page_053,34
U02285,register,2023-10-24,page_019,22
U02285,app_open,2023-10-24,page_003,38
U02285,browse,2023-10-24,page_053,202
U02286,register,2023-03-19,page_075,22
U02286,app_open,2023-03-19,page_090,16
U02286,browse,2023-03-19,page_085,59
U02287,register,2024-05-08,page_074,24
U02287,app_open,2024-05-08,page_029,21
U02287,browse,2024-05-08,page_049,146
U02288,register,2024-06-07,page_057,27
U02289,register,2023-07-23,page_041,10
U02289,app_open,2023-07-23,page_069,43
U02289,browse,2023-07-23,page_052,92
U02290,register,2024-08-23,page_084,25
U02290,app_open,2024-08-23,page_016,54
U02290,browse,2024-08-23,page_012,116
U02291,register,2024-04-15,page_022,25
U02292,register,2024-02-16,page_075,8
U02293,register,2024-12-09,page_037,16
U02293,app_open,2024-12-09,page_060,18
U02293,browse,2024-12-09,page_044,108
U02293,add_to_cart,2024-12-09,page_036,35
U02294,register,2024-11-22,page_071,19
U02294,app_open,2024-11-22,page_049,40
U02294,browse,2024-11-22,page_009,153
U02295,register,2024-09-10,page_053,29
U02295,app_open,2024-09-10,page_033,32
U02295,browse,2024-09-10,page_035,103
U02296,register,2024-03-26,page_065,22
U02296,app_open,2024-03-26,page_097,59
U02296,browse,2024-03-26,page_079,94
U02297,register,2024-11-10,page_090,23
U02297,app_open,2024-11-10,page_058,12
U02298,register,2023-02-05,page_081,11
U02299,register,2023-08-06,page_099,10
U02299,app_open,2023-08-06,page_059,53
U02299,browse,2023-08-06,page_007,297
U02300,register,2023-06-01,page_046,7
U02300,app_open,2023-06-01,page_091,32
U02300,browse,2023-06-01,page_011,94
U02301,register,2024-04-18,page_062,8
U02301,app_open,2024-04-18,page_087,45
U02301,browse,2024-04-18,page_040,262
U02302,register,2023-03-07,page_019,13
U02303,register,2023-12-10,page_090,7
U02303,app_open,2023-12-10,page_094,50
U02303,browse,2023-12-10,page_007,211
U02303,add_to_cart,2023-12-10,page_095,96
U02304,register,2024-10-21,page_009,25
U02305,register,2023-10-23,page_024,27
U02305,app_open,2023-10-23,page_075,52
U02305,browse,2023-10-23,page_064,54
U02306,register,2023-09-27,page_057,6
U02306,app_open,2023-09-27,page_025,16
U02306,browse,2023-09-27,page_069,162
U02306,add_to_cart,2023-09-27,page_077,76
U02307,register,2023-11-19,page_027,29
U02307,app_open,2023-11-19,page_059,13
U02307,share,2023-11-26,page_009,7
U02308,register,2023-08-28,page_044,15
U02308,app_open,2023-08-28,page_037,20
U02308,browse,2023-08-28,page_037,179
U02308,add_to_cart,2023-08-28,page_037,16
U02309,register,2024-06-04,page_047,20
U02310,register,2023-02-13,page_002,8
U02310,app_open,2023-02-13,page_030,53
U02311,register,2024-11-14,page_066,23
U02311,app_open,2024-11-14,page_073,22
U02311,browse,2024-11-14,page_098,136
U02312,register,2024-08-28,page_020,17
U02312,app_open,2024-08-28,page_008,13
U02313,register,2024-10-24,page_094,12
U02314,register,2024-03-13,page_066,6
U02314,app_open,2024-03-13,page_085,11
U02314,share,2024-03-16,page_059,7
U02315,register,2023-06-20,page_043,24
U02315,app_open,2023-06-20,page_080,25
U02315,browse,2023-06-20,page_088,103
U02315,share,2023-07-09,page_046,21
U02316,register,2023-06-01,page_060,26
U02316,app_open,2023-06-01,page_001,16
U02317,register,2024-03-06,page_066,23
U02317,app_open,2024-03-06,page_074,22
U02317,browse,2024-03-06,page_027,253
U02318,register,2024-03-15,page_086,5
U02318,app_open,2024-03-15,page_054,28
U02319,register,2024-02-10,page_080,8
U02319,app_open,2024-02-10,page_082,12
U02320,register,2023-08-04,page_048,5
U02320,app_open,2023-08-04,page_079,53
U02320,browse,2023-08-04,page_059,264
U02321,register,2024-10-06,page_029,10
U02321,app_open,2024-10-06,page_090,48
U02322,register,2024-08-24,page_016,6
U02323,register,2024-09-28,page_050,6
U02323,app_open,2024-09-28,page_062,56
U02324,register,2024-05-23,page_048,12
U02324,app_open,2024-05-23,page_071,35
U02324,browse,2024-05-23,page_033,226
U02324,add_to_cart,2024-05-23,page_098,103
U02325,register,2024-12-22,page_027,19
U02325,app_open,2024-12-22,page_094,47
U02325,browse,2024-12-22,page_003,133
U02325,add_to_cart,2024-12-22,page_015,21
U02325,share,2024-12-23,page_064,22
U02326,register,2023-07-12,page_055,17
U02326,app_open,2023-07-12,page_046,14
U02326,browse,2023-07-12,page_016,38
U02327,register,2024-11-04,page_095,27
U02328,register,2024-02-04,page_033,18
U02328,app_open,2024-02-04,page_037,36
U02328,browse,2024-02-04,page_049,57
U02329,register,2024-04-28,page_041,26
U02329,app_open,2024-04-28,page_076,29
U02329,browse,2024-04-28,page_049,195
U02329,add_to_cart,2024-04-28,page_042,25
U02330,register,2023-01-18,page_085,16
U02330,app_open,2023-01-18,page_041,52
U02330,browse,2023-01-18,page_091,93
U02330,add_to_cart,2023-01-18,page_034,62
U02330,share,2023-02-15,page_007,20
U02331,register,2024-07-21,page_042,17
U02331,app_open,2024-07-21,page_078,22
U02331,browse,2024-07-21,page_098,124
U02332,register,2023-10-25,page_010,25
U02332,app_open,2023-10-25,page_065,34
U02332,browse,2023-10-25,page_015,227
U02332,add_to_cart,2023-10-25,page_049,77
U02332,share,2023-11-02,page_032,23
U02333,register,2023-05-13,page_064,22
U02333,app_open,2023-05-13,page_040,29
U02333,browse,2023-05-13,page_045,194
U02333,add_to_cart,2023-05-13,page_055,102
U02334,register,2023-06-23,page_055,8
U02334,app_open,2023-06-23,page_066,16
U02334,browse,2023-06-23,page_026,83
U02334,add_to_cart,2023-06-23,page_032,74
U02335,register,2023-04-16,page_096,8
U02336,register,2023-08-16,page_036,28
U02337,register,2023-11-22,page_010,21
U02338,register,2023-01-22,page_067,24
U02338,app_open,2023-01-22,page_037,18
U02339,register,2024-06-04,page_095,15
U02339,app_open,2024-06-04,page_038,10
U02339,browse,2024-06-04,page_096,237
U02340,register,2023-11-20,page_025,24
U02340,app_open,2023-11-20,page_056,27
U02340,browse,2023-11-20,page_085,150
U02341,register,2023-10-16,page_057,7
U02341,app_open,2023-10-16,page_087,51
U02342,register,2023-10-05,page_024,8
U02342,app_open,2023-10-05,page_050,38
U02342,browse,2023-10-05,page_045,79
U02342,share,2023-10-13,page_006,14
U02343,register,2024-06-22,page_076,25
U02343,app_open,2024-06-22,page_098,43
U02343,browse,2024-06-22,page_025,215
U02343,add_to_cart,2024-06-22,page_033,64
U02344,register,2023-11-03,page_018,25
U02344,app_open,2023-11-03,page_026,27
U02344,browse,2023-11-03,page_068,130
U02345,register,2023-09-15,page_032,17
U02346,register,2024-10-19,page_057,7
U02346,app_open,2024-10-19,page_054,38
U02346,browse,2024-10-19,page_013,298
U02347,register,2024-07-05,page_079,24
U02347,app_open,2024-07-05,page_004,39
U02347,browse,2024-07-05,page_091,278
U02347,add_to_cart,2024-07-05,page_083,35
U02348,register,2023-06-04,page_071,9
U02348,app_open,2023-06-04,page_014,34
U02348,browse,2023-06-04,page_002,140
U02348,share,2023-06-17,page_004,10
U02349,register,2023-12-05,page_056,29
U02349,app_open,2023-12-05,page_099,46
U02349,browse,2023-12-05,page_041,160
U02349,add_to_cart,2023-12-05,page_041,83
U02350,register,2023-03-10,page_034,6
U02350,app_open,2023-03-10,page_089,22
U02351,register,2024-01-04,page_016,6
U02351,app_open,2024-01-04,page_016,29
U02352,register,2024-12-08,page_003,21
U02352,app_open,2024-12-08,page_012,55
U02353,register,2023-01-20,page_035,10
U02353,app_open,2023-01-20,page_009,28
U02353,browse,2023-01-20,page_053,83
U02354,register,2023-02-04,page_078,22
U02354,app_open,2023-02-04,page_066,35
U02354,browse,2023-02-04,page_073,246
U02355,register,2024-09-01,page_004,14
U02355,app_open,2024-09-01,page_031,53
U02355,browse,2024-09-01,page_010,187
U02355,add_to_cart,2024-09-01,page_017,53
U02356,register,2024-09-07,page_057,20
U02356,app_open,2024-09-07,page_014,56
U02356,browse,2024-09-07,page_093,282
U02356,share,2024-09-28,page_053,24
U02357,register,2023-05-23,page_021,14
U02357,app_open,2023-05-23,page_039,50
U02357,browse,2023-05-23,page_035,275
U02358,register,2024-01-25,page_028,8
U02358,app_open,2024-01-25,page_035,19
U02358,browse,2024-01-25,page_051,196
U02358,add_to_cart,2024-01-25,page_004,119
U02359,register,2024-01-08,page_007,25
U02359,app_open,2024-01-08,page_025,35
U02359,browse,2024-01-08,page_095,267
U02359,add_to_cart,2024-01-08,page_085,32
U02360,register,2024-05-10,page_037,25
U02360,app_open,2024-05-10,page_092,27
U02360,browse,2024-05-10,page_011,273
U02360,add_to_cart,2024-05-10,page_056,24
U02361,register,2023-10-02,page_090,18
U02361,app_open,2023-10-02,page_015,43
U02361,browse,2023-10-02,page_061,137
U02362,register,2023-06-21,page_093,26
U02363,register,2023-01-18,page_094,16
U02363,app_open,2023-01-18,page_076,57
U02363,browse,2023-01-18,page_047,209
U02364,register,2023-03-26,page_077,26
U02364,app_open,2023-03-26,page_013,52
U02364,browse,2023-03-26,page_099,133
U02364,add_to_cart,2023-03-26,page_050,22
U02365,register,2024-09-07,page_018,22
U02365,app_open,2024-09-07,page_087,32
U02365,browse,2024-09-07,page_024,209
U02366,register,2024-04-22,page_092,7
U02367,register,2023-03-06,page_098,18
U02367,app_open,2023-03-06,page_013,35
U02367,share,2023-04-01,page_013,21
U02368,register,2023-04-16,page_060,29
U02368,app_open,2023-04-16,page_009,15
U02368,browse,2023-04-16,page_044,294
U02369,register,2023-03-04,page_030,17
U02369,app_open,2023-03-04,page_046,44
U02369,browse,2023-03-04,page_082,140
U02370,register,2023-11-24,page_098,5
U02370,app_open,2023-11-24,page_096,19
U02370,browse,2023-11-24,page_040,233
U02371,register,2024-05-19,page_013,9
U02371,app_open,2024-05-19,page_002,17
U02372,register,2023-08-28,page_092,6
U02372,app_open,2023-08-28,page_025,56
U02372,browse,2023-08-28,page_040,105
U02373,register,2024-02-26,page_010,6
U02374,register,2024-04-25,page_007,9
U02374,app_open,2024-04-25,page_094,32
U02375,register,2024-07-16,page_010,12
U02376,register,2023-10-15,page_024,10
U02376,app_open,2023-10-15,page_031,29
U02376,browse,2023-10-15,page_019,79
U02376,add_to_cart,2023-10-15,page_060,103
U02377,register,2023-04-28,page_057,29
U02377,app_open,2023-04-28,page_005,13
U02378,register,2023-04-13,page_004,8
U02378,app_open,2023-04-13,page_048,10
U02378,browse,2023-04-13,page_028,159
U02378,add_to_cart,2023-04-13,page_059,93
U02378,share,2023-04-30,page_047,7
U02379,register,2023-12-15,page_020,13
U02379,app_open,2023-12-15,page_016,52
U02379,browse,2023-12-15,page_078,204
U02379,add_to_cart,2023-12-15,page_015,107
U02380,register,2024-11-13,page_043,16
U02380,app_open,2024-11-13,page_032,45
U02380,browse,2024-11-13,page_029,241
U02380,add_to_cart,2024-11-13,page_083,105
U02381,register,2023-06-26,page_080,23
U02381,app_open,2023-06-26,page_024,31
U02381,browse,2023-06-26,page_032,183
U02381,add_to_cart,2023-06-26,page_018,87
U02382,register,2024-02-03,page_091,19
U02382,app_open,2024-02-03,page_003,27
U02383,register,2023-08-12,page_021,18
U02383,app_open,2023-08-12,page_024,24
U02383,browse,2023-08-12,page_087,44
U02384,register,2024-02-05,page_022,11
U02384,app_open,2024-02-05,page_065,48
U02384,browse,2024-02-05,page_063,116
U02384,add_to_cart,2024-02-05,page_006,116
U02384,share,2024-02-15,page_089,17
U02385,register,2023-02-10,page_075,12
U02385,app_open,2023-02-10,page_017,36
U02385,browse,2023-02-10,page_041,290
U02386,register,2023-03-23,page_097,17
U02387,register,2023-10-09,page_013,15
U02388,register,2024-05-28,page_088,6
U02388,app_open,2024-05-28,page_036,17
U02388,browse,2024-05-28,page_035,62
U02388,share,2024-06-13,page_039,7
U02389,register,2023-06-27,page_013,5
U02389,app_open,2023-06-27,page_073,17
U02389,browse,2023-06-27,page_040,197
U02390,register,2023-09-23,page_043,25
U02390,app_open,2023-09-23,page_092,31
U02391,register,2023-03-07,page_006,10
U02391,app_open,2023-03-07,page_003,17
U02391,browse,2023-03-07,page_007,89
U02392,register,2023-12-18,page_011,25
U02392,app_open,2023-12-18,page_056,35
U02392,browse,2023-12-18,page_034,72
U02392,add_to_cart,2023-12-18,page_060,48
U02393,register,2023-10-02,page_096,16
U02393,app_open,2023-10-02,page_028,57
U02393,browse,2023-10-02,page_006,270
U02394,register,2024-05-03,page_034,14
U02394,app_open,2024-05-03,page_094,14
U02394,browse,2024-05-03,page_033,266
U02395,register,2023-01-08,page_089,18
U02395,app_open,2023-01-08,page_015,44
U02395,browse,2023-01-08,page_098,54
U02396,register,2024-01-11,page_039,15
U02396,app_open,2024-01-11,page_037,23
U02397,register,2023-08-20,page_026,29
U02397,app_open,2023-08-20,page_018,45
U02397,browse,2023-08-20,page_083,179
U02397,share,2023-09-12,page_085,11
U02398,register,2023-01-02,page_005,6
U02398,app_open,2023-01-02,page_065,40
U02398,browse,2023-01-02,page_002,30
U02399,register,2024-06-18,page_041,28
U02399,app_open,2024-06-18,page_029,57
U02399,browse,2024-06-18,page_035,46
U02400,register,2023-09-07,page_052,23
U02400,app_open,2023-09-07,page_007,41
U02401,register,2023-09-10,page_008,26
U02401,app_open,2023-09-10,page_059,20
U02401,browse,2023-09-10,page_035,115
U02402,register,2023-02-05,page_002,23
U02402,app_open,2023-02-05,page_027,33
U02402,browse,2023-02-05,page_055,224
U02402,add_to_cart,2023-02-05,page_018,77
U02403,register,2024-05-02,page_025,27
U02403,app_open,2024-05-02,page_081,50
U02404,register,2024-08-10,page_061,18
U02404,app_open,2024-08-10,page_045,28
U02404,browse,2024-08-10,page_012,46
U02404,add_to_cart,2024-08-10,page_003,112
U02405,register,2023-01-12,page_081,5
U02406,register,2024-12-15,page_035,18
U02406,app_open,2024-12-15,page_073,19
U02406,browse,2024-12-15,page_063,242
U02406,add_to_cart,2024-12-15,page_057,15
U02407,register,2023-06-14,page_093,29
U02407,app_open,2023-06-14,page_038,13
U02407,browse,2023-06-14,page_096,243
U02408,register,2024-02-15,page_058,13
U02408,app_open,2024-02-15,page_046,59
U02409,register,2023-01-25,page_068,19
U02409,app_open,2023-01-25,page_051,33
U02409,browse,2023-01-25,page_071,118
U02409,share,2023-02-05,page_079,12
U02410,register,2024-05-11,page_041,26
U02411,register,2024-03-20,page_018,20
U02411,app_open,2024-03-20,page_024,29
U02411,browse,2024-03-20,page_066,64
U02412,register,2024-04-21,page_037,29
U02413,register,2023-09-12,page_046,24
U02413,app_open,2023-09-12,page_021,35
U02414,register,2023-02-15,page_018,13
U02414,app_open,2023-02-15,page_042,41
U02414,browse,2023-02-15,page_046,217
U02414,add_to_cart,2023-02-15,page_055,104
U02414,share,2023-02-17,page_035,26
U02415,register,2023-09-28,page_060,20
U02415,app_open,2023-09-28,page_056,33
U02416,register,2024-04-17,page_025,24
U02416,app_open,2024-04-17,page_082,46
U02416,browse,2024-04-17,page_050,260
U02416,add_to_cart,2024-04-17,page_044,23
U02416,share,2024-05-06,page_023,18
U02417,register,2024-08-27,page_093,13
U02417,app_open,2024-08-27,page_070,45
U02418,register,2024-11-04,page_058,19
U02419,register,2023-08-07,page_056,5
U02419,app_open,2023-08-07,page_048,12
U02419,share,2023-08-08,page_055,22
U02420,register,2023-06-05,page_076,25
U02420,app_open,2023-06-05,page_033,49
U02421,register,2023-10-03,page_030,11
U02421,app_open,2023-10-03,page_062,26
U02421,browse,2023-10-03,page_083,220
U02422,register,2024-12-20,page_037,15
U02422,app_open,2024-12-20,page_027,45
U02422,browse,2024-12-20,page_060,140
U02422,add_to_cart,2024-12-20,page_043,33
U02423,register,2024-12-17,page_067,22
U02423,app_open,2024-12-17,page_040,14
U02423,browse,2024-12-17,page_050,138
U02424,register,2024-04-11,page_002,23
U02424,app_open,2024-04-11,page_047,28
U02424,browse,2024-04-11,page_002,192
U02425,register,2024-01-18,page_041,26
U02426,register,2024-02-02,page_033,13
U02426,app_open,2024-02-02,page_005,34
U02426,share,2024-02-25,page_097,20
U02427,register,2023-12-22,page_075,6
U02427,app_open,2023-12-22,page_048,51
U02427,browse,2023-12-22,page_084,77
U02428,register,2024-09-26,page_035,11
U02428,app_open,2024-09-26,page_009,26
U02428,browse,2024-09-26,page_001,178
U02428,add_to_cart,2024-09-26,page_029,48
U02429,register,2023-10-07,page_006,27
U02429,app_open,2023-10-07,page_038,37
U02429,browse,2023-10-07,page_039,258
U02430,register,2023-02-25,page_096,16
U02431,register,2024-06-17,page_095,20
U02431,app_open,2024-06-17,page_077,24
U02432,register,2024-04-02,page_096,26
U02432,app_open,2024-04-02,page_059,56
U02432,browse,2024-04-02,page_011,129
U02433,register,2023-11-19,page_097,7
U02434,register,2024-10-07,page_062,25
U02434,app_open,2024-10-07,page_051,17
U02434,browse,2024-10-07,page_058,231
U02434,add_to_cart,2024-10-07,page_025,92
U02435,register,2024-10-17,page_025,17
U02435,app_open,2024-10-17,page_029,39
U02435,browse,2024-10-17,page_047,89
U02436,register,2024-03-09,page_069,22
U02436,app_open,2024-03-09,page_016,50
U02437,register,2023-12-08,page_006,16
U02437,app_open,2023-12-08,page_047,55
U02437,browse,2023-12-08,page_016,225
U02437,share,2023-12-18,page_034,14
U02438,register,2023-02-17,page_082,17
U02438,app_open,2023-02-17,page_091,13
U02438,browse,2023-02-17,page_061,257
U02439,register,2024-04-23,page_091,15
U02440,register,2024-04-03,page_003,10
U02441,register,2024-07-16,page_071,20
U02441,app_open,2024-07-16,page_065,51
U02441,browse,2024-07-16,page_029,176
U02442,register,2023-11-26,page_061,27
U02442,app_open,2023-11-26,page_073,23
U02442,browse,2023-11-26,page_087,66
U02443,register,2023-09-14,page_079,26
U02443,app_open,2023-09-14,page_002,54
U02443,browse,2023-09-14,page_052,86
U02444,register,2023-02-13,page_005,14
U02444,app_open,2023-02-13,page_093,45
U02445,register,2023-05-20,page_083,17
U02445,app_open,2023-05-20,page_057,38
U02446,register,2024-02-01,page_064,13
U02446,app_open,2024-02-01,page_092,58
U02446,browse,2024-02-01,page_056,56
U02447,register,2023-06-22,page_033,24
U02447,app_open,2023-06-22,page_024,22
U02447,browse,2023-06-22,page_084,31
U02447,add_to_cart,2023-06-22,page_004,105
U02447,share,2023-06-28,page_063,27
U02448,register,2023-11-17,page_008,15
U02448,app_open,2023-11-17,page_030,40
U02448,share,2023-12-09,page_018,21
U02449,register,2024-11-22,page_054,10
U02449,app_open,2024-11-22,page_043,29
U02449,browse,2024-11-22,page_007,246
U02449,share,2024-12-13,page_026,14
U02450,register,2024-02-14,page_093,8
U02450,app_open,2024-02-14,page_079,37
U02450,browse,2024-02-14,page_072,30
U02450,add_to_cart,2024-02-14,page_036,56
U02450,share,2024-03-05,page_021,15
U02451,register,2024-08-07,page_052,23
U02451,app_open,2024-08-07,page_027,34
U02451,browse,2024-08-07,page_051,33
U02451,add_to_cart,2024-08-07,page_091,33
U02452,register,2024-07-26,page_067,9
U02452,app_open,2024-07-26,page_005,56
U02452,share,2024-07-31,page_016,11
U02453,register,2024-10-06,page_031,18
U02453,app_open,2024-10-06,page_097,46
U02453,share,2024-10-24,page_078,12
U02454,register,2024-01-10,page_098,5
U02454,app_open,2024-01-10,page_002,50
U02454,browse,2024-01-10,page_014,172
U02454,add_to_cart,2024-01-10,page_051,74
U02455,register,2024-10-19,page_014,16
U02455,app_open,2024-10-19,page_088,37
U02455,browse,2024-10-19,page_018,159
U02455,add_to_cart,2024-10-19,page_092,44
U02456,register,2023-10-05,page_089,23
U02456,app_open,2023-10-05,page_051,23
U02456,browse,2023-10-05,page_082,134
U02457,register,2024-01-17,page_011,8
U02457,app_open,2024-01-17,page_051,29
U02457,browse,2024-01-17,page_071,76
U02457,add_to_cart,2024-01-17,page_093,37
U02458,register,2024-10-23,page_081,27
U02458,app_open,2024-10-23,page_086,30
U02459,register,2023-05-21,page_023,18
U02459,app_open,2023-05-21,page_093,37
U02460,register,2024-10-07,page_049,10
U02460,app_open,2024-10-07,page_044,53
U02460,browse,2024-10-07,page_025,291
U02461,register,2024-08-07,page_010,17
U02461,app_open,2024-08-07,page_071,34
U02461,browse,2024-08-07,page_079,128
U02461,share,2024-08-14,page_048,24
U02462,register,2024-03-15,page_099,15
U02462,app_open,2024-03-15,page_075,50
U02462,browse,2024-03-15,page_061,244
U02463,register,2024-09-23,page_064,7
U02463,app_open,2024-09-23,page_044,59
U02463,browse,2024-09-23,page_015,53
U02463,share,2024-10-09,page_066,16
U02464,register,2023-01-26,page_038,17
U02464,app_open,2023-01-26,page_071,23
U02464,browse,2023-01-26,page_049,294
U02465,register,2023-12-02,page_015,25
U02465,app_open,2023-12-02,page_009,46
U02465,browse,2023-12-02,page_054,172
U02465,add_to_cart,2023-12-02,page_022,46
U02466,register,2024-06-15,page_063,25
U02467,register,2023-07-09,page_028,23
U02467,app_open,2023-07-09,page_039,20
U02468,register,2024-11-28,page_036,27
U02468,app_open,2024-11-28,page_026,35
U02468,browse,2024-11-28,page_062,87
U02469,register,2024-10-03,page_074,17
U02469,app_open,2024-10-03,page_090,40
U02470,register,2024-09-10,page_066,10
U02470,app_open,2024-09-10,page_045,16
U02471,register,2023-02-25,page_040,10
U02471,app_open,2023-02-25,page_042,26
U02471,browse,2023-02-25,page_021,66
U02471,add_to_cart,2023-02-25,page_069,109
U02472,register,2024-10-25,page_052,26
U02472,app_open,2024-10-25,page_025,18
U02472,browse,2024-10-25,page_047,35
U02473,register,2023-12-07,page_056,16
U02473,app_open,2023-12-07,page_007,43
U02473,browse,2023-12-07,page_072,125
U02474,register,2023-05-04,page_028,20
U02474,app_open,2023-05-04,page_095,19
U02475,register,2023-01-15,page_062,17
U02475,app_open,2023-01-15,page_047,39
U02476,register,2023-09-06,page_002,13
U02476,app_open,2023-09-06,page_008,26
U02477,register,2024-02-02,page_082,7
U02477,app_open,2024-02-02,page_094,49
U02478,register,2023-12-23,page_006,26
U02478,app_open,2023-12-23,page_057,49
U02478,browse,2023-12-23,page_039,270
U02478,add_to_cart,2023-12-23,page_032,93
U02479,register,2023-06-13,page_028,6
U02479,app_open,2023-06-13,page_034,21
U02479,browse,2023-06-13,page_039,71
U02479,add_to_cart,2023-06-13,page_097,81
U02480,register,2023-04-22,page_023,23
U02480,app_open,2023-04-22,page_094,52
U02480,browse,2023-04-22,page_001,298
U02480,add_to_cart,2023-04-22,page_021,28
U02481,register,2024-04-11,page_059,18
U02481,app_open,2024-04-11,page_022,24
U02481,browse,2024-04-11,page_030,189
U02481,add_to_cart,2024-04-11,page_047,18
U02482,register,2023-06-05,page_086,5
U02482,app_open,2023-06-05,page_055,18
U02482,browse,2023-06-05,page_054,215
U02482,add_to_cart,2023-06-05,page_003,75
U02483,register,2023-01-19,page_060,29
U02483,app_open,2023-01-19,page_025,17
U02483,browse,2023-01-19,page_036,116
U02484,register,2023-07-18,page_007,26
U02485,register,2023-10-10,page_040,24
U02485,app_open,2023-10-10,page_089,28
U02486,register,2024-05-24,page_064,20
U02487,register,2023-07-22,page_014,22
U02487,app_open,2023-07-22,page_088,45
U02487,browse,2023-07-22,page_068,249
U02488,register,2024-09-22,page_052,18
U02488,app_open,2024-09-22,page_065,21
U02488,browse,2024-09-22,page_021,122
U02488,add_to_cart,2024-09-22,page_075,42
U02489,register,2023-01-12,page_057,10
U02489,app_open,2023-01-12,page_008,37
U02489,browse,2023-01-12,page_035,114
U02489,add_to_cart,2023-01-12,page_050,56
U02490,register,2024-05-16,page_075,18
U02490,app_open,2024-05-16,page_086,13
U02491,register,2024-08-15,page_070,13
U02491,app_open,2024-08-15,page_064,42
U02491,browse,2024-08-15,page_085,90
U02492,register,2024-07-20,page_077,11
U02492,app_open,2024-07-20,page_020,24
U02492,browse,2024-07-20,page_091,81
U02493,register,2024-05-26,page_033,23
U02493,app_open,2024-05-26,page_001,15
U02493,browse,2024-05-26,page_042,276
U02493,add_to_cart,2024-05-26,page_042,24
U02493,share,2024-05-31,page_054,28
U02494,register,2023-04-04,page_001,16
U02494,app_open,2023-04-04,page_060,22
U02494,browse,2023-04-04,page_052,261
U02495,register,2023-03-08,page_018,5
U02495,app_open,2023-03-08,page_032,19
U02495,browse,2023-03-08,page_004,97
U02495,add_to_cart,2023-03-08,page_011,42
U02496,register,2024-11-09,page_059,24
U02496,app_open,2024-11-09,page_090,42
U02496,browse,2024-11-09,page_079,207
U02497,register,2023-02-26,page_041,7
U02497,app_open,2023-02-26,page_038,50
U02497,share,2023-03-15,page_092,12
U02498,register,2024-07-22,page_020,8
U02498,app_open,2024-07-22,page_096,36
U02499,register,2024-06-16,page_033,20
U02499,app_open,2024-06-16,page_085,58
U02499,browse,2024-06-16,page_004,207
U02500,register,2024-06-26,page_097,21
U02500,app_open,2024-06-26,page_068,18
U02501,register,2024-06-12,page_088,14
U02501,app_open,2024-06-12,page_093,41
U02501,share,2024-06-22,page_020,27
U02502,register,2023-02-21,page_004,15
U02502,app_open,2023-02-21,page_041,47
U02502,browse,2023-02-21,page_064,171
U02502,add_to_cart,2023-02-21,page_021,96
U02502,share,2023-02-24,page_094,11
U02503,register,2023-01-23,page_001,11
U02503,app_open,2023-01-23,page_088,42
U02503,browse,2023-01-23,page_009,50
U02504,register,2024-04-17,page_068,18
U02504,app_open,2024-04-17,page_091,15
U02505,register,2023-01-21,page_094,20
U02505,app_open,2023-01-21,page_043,46
U02505,browse,2023-01-21,page_009,47
U02505,add_to_cart,2023-01-21,page_042,28
U02506,register,2024-11-03,page_049,24
U02506,app_open,2024-11-03,page_037,13
U02506,browse,2024-11-03,page_095,202
U02506,add_to_cart,2024-11-03,page_049,63
U02507,register,2024-11-25,page_073,5
U02507,app_open,2024-11-25,page_026,40
U02507,browse,2024-11-25,page_017,267
U02507,add_to_cart,2024-11-25,page_061,66
U02507,share,2024-12-19,page_038,17
U02508,register,2024-08-16,page_004,12
U02508,app_open,2024-08-16,page_033,32
U02508,browse,2024-08-16,page_044,180
U02509,register,2024-09-14,page_084,15
U02509,app_open,2024-09-14,page_040,21
U02510,register,2024-04-24,page_045,19
U02510,app_open,2024-04-24,page_011,45
U02511,register,2023-09-21,page_001,8
U02511,app_open,2023-09-21,page_095,54
U02511,browse,2023-09-21,page_081,92
U02511,add_to_cart,2023-09-21,page_063,119
U02512,register,2024-09-02,page_025,24
U02512,app_open,2024-09-02,page_091,31
U02512,browse,2024-09-02,page_054,237
U02512,add_to_cart,2024-09-02,page_026,98
U02513,register,2024-01-22,page_072,28
U02513,app_open,2024-01-22,page_052,17
U02513,browse,2024-01-22,page_025,138
U02513,add_to_cart,2024-01-22,page_058,103
U02514,register,2023-05-21,page_029,5
U02515,register,2024-08-17,page_073,11
U02515,app_open,2024-08-17,page_087,16
U02515,browse,2024-08-17,page_093,189
U02515,add_to_cart,2024-08-17,page_038,110
U02516,register,2023-06-17,page_009,14
U02516,app_open,2023-06-17,page_008,43
U02516,browse,2023-06-17,page_083,183
U02516,add_to_cart,2023-06-17,page_013,41
U02516,share,2023-06-23,page_057,20
U02517,register,2023-02-07,page_015,6
U02517,app_open,2023-02-07,page_066,23
U02517,share,2023-02-08,page_054,6
U02518,register,2024-05-24,page_042,13
U02518,app_open,2024-05-24,page_097,54
U02519,register,2023-08-23,page_052,18
U02519,app_open,2023-08-23,page_009,22
U02519,browse,2023-08-23,page_091,225
U02519,add_to_cart,2023-08-23,page_099,102
U02519,share,2023-09-19,page_054,9
U02520,register,2024-11-01,page_061,9
U02520,app_open,2024-11-01,page_022,52
U02520,browse,2024-11-01,page_056,42
U02520,add_to_cart,2024-11-01,page_044,59
U02521,register,2024-07-25,page_025,27
U02522,register,2023-05-05,page_028,18
U02522,app_open,2023-05-05,page_012,28
U02522,browse,2023-05-05,page_001,165
U02522,add_to_cart,2023-05-05,page_038,69
U02523,register,2024-11-27,page_037,17
U02523,app_open,2024-11-27,page_033,42
U02523,browse,2024-11-27,page_073,124
U02524,register,2024-12-22,page_003,20
U02524,app_open,2024-12-22,page_089,39
U02524,browse,2024-12-22,page_018,92
U02525,register,2024-09-01,page_024,19
U02525,app_open,2024-09-01,page_054,33
U02525,browse,2024-09-01,page_025,256
U02525,add_to_cart,2024-09-01,page_093,19
U02525,share,2024-09-21,page_080,29
U02526,register,2023-10-10,page_061,5
U02527,register,2024-10-03,page_004,6
U02527,app_open,2024-10-03,page_049,52
U02528,register,2023-12-26,page_047,7
U02528,app_open,2023-12-26,page_067,12
U02528,browse,2023-12-26,page_029,132
U02529,register,2023-12-07,page_071,12
U02529,app_open,2023-12-07,page_091,14
U02530,register,2024-04-20,page_044,6
U02530,app_open,2024-04-20,page_012,39
U02530,browse,2024-04-20,page_034,68
U02531,register,2023-03-28,page_098,6
U02531,app_open,2023-03-28,page_057,53
U02531,browse,2023-03-28,page_001,265
U02531,add_to_cart,2023-03-28,page_078,19
U02532,register,2023-07-22,page_086,17
U02532,app_open,2023-07-22,page_013,33
U02532,browse,2023-07-22,page_039,224
U02533,register,2024-02-27,page_039,24
U02533,app_open,2024-02-27,page_075,43
U02533,browse,2024-02-27,page_040,88
U02534,register,2023-04-10,page_066,23
U02534,app_open,2023-04-10,page_087,36
U02534,browse,2023-04-10,page_024,276
U02535,register,2024-12-02,page_031,14
U02536,register,2024-10-16,page_030,27
U02536,app_open,2024-10-16,page_079,51
U02537,register,2023-03-15,page_034,8
U02537,app_open,2023-03-15,page_037,29
U02538,register,2023-08-16,page_047,9
U02539,register,2023-11-24,page_026,29
U02539,app_open,2023-11-24,page_050,57
U02539,browse,2023-11-24,page_047,208
U02539,add_to_cart,2023-11-24,page_071,36
U02540,register,2023-11-11,page_015,18
U02540,app_open,2023-11-11,page_001,12
U02540,browse,2023-11-11,page_057,259
U02541,register,2023-01-02,page_086,20
U02541,app_open,2023-01-02,page_056,23
U02541,browse,2023-01-02,page_026,150
U02542,register,2024-08-01,page_022,22
U02542,app_open,2024-08-01,page_093,17
U02542,browse,2024-08-01,page_071,115
U02542,add_to_cart,2024-08-01,page_079,63
U02543,register,2024-07-20,page_049,27
U02543,app_open,2024-07-20,page_002,54
U02543,browse,2024-07-20,page_018,79
U02544,register,2023-10-19,page_048,12
U02545,register,2024-09-11,page_001,21
U02545,app_open,2024-09-11,page_026,37
U02545,browse,2024-09-11,page_014,162
U02546,register,2023-12-10,page_055,25
U02546,app_open,2023-12-10,page_014,24
U02546,browse,2023-12-10,page_092,276
U02547,register,2023-07-24,page_041,27
U02547,app_open,2023-07-24,page_066,47
U02547,browse,2023-07-24,page_053,288
U02548,register,2023-08-11,page_051,19
U02548,app_open,2023-08-11,page_091,34
U02549,register,2024-06-16,page_021,12
U02549,app_open,2024-06-16,page_075,48
U02549,browse,2024-06-16,page_051,178
U02550,register,2023-01-06,page_092,11
U02550,app_open,2023-01-06,page_031,37
U02550,browse,2023-01-06,page_087,269
U02550,add_to_cart,2023-01-06,page_092,94
U02550,share,2023-01-17,page_029,21
U02551,register,2024-05-22,page_072,22
U02551,app_open,2024-05-22,page_075,56
U02551,browse,2024-05-22,page_083,103
U02552,register,2024-01-23,page_022,12
U02553,register,2023-10-10,page_052,5
U02553,app_open,2023-10-10,page_055,38
U02553,browse,2023-10-10,page_052,244
U02554,register,2023-01-07,page_080,23
U02554,app_open,2023-01-07,page_025,13
U02554,browse,2023-01-07,page_065,118
U02554,add_to_cart,2023-01-07,page_001,92
U02555,register,2024-08-09,page_040,5
U02555,app_open,2024-08-09,page_057,13
U02555,browse,2024-08-09,page_003,66
U02555,add_to_cart,2024-08-09,page_064,59
U02555,share,2024-08-21,page_065,29
U02556,register,2023-11-20,page_045,8
U02556,app_open,2023-11-20,page_085,22
U02557,register,2023-02-01,page_056,9
U02557,app_open,2023-02-01,page_014,37
U02557,browse,2023-02-01,page_032,272
U02557,add_to_cart,2023-02-01,page_064,99
U02558,register,2024-11-12,page_042,15
U02558,app_open,2024-11-12,page_048,19
U02558,browse,2024-11-12,page_026,267
U02558,add_to_cart,2024-11-12,page_045,54
U02559,register,2023-07-19,page_080,24
U02559,app_open,2023-07-19,page_027,27
U02559,browse,2023-07-19,page_059,91
U02559,add_to_cart,2023-07-19,page_087,32
U02559,share,2023-07-20,page_036,26
U02560,register,2023-05-26,page_042,26
U02561,register,2023-12-14,page_077,9
U02562,register,2023-07-08,page_039,14
U02562,app_open,2023-07-08,page_079,51
U02562,browse,2023-07-08,page_011,150
U02563,register,2024-02-12,page_095,10
U02563,app_open,2024-02-12,page_014,51
U02563,share,2024-02-16,page_017,5
U02564,register,2023-09-10,page_021,16
U02564,app_open,2023-09-10,page_040,58
U02564,browse,2023-09-10,page_047,200
U02564,share,2023-10-02,page_083,12
U02565,register,2023-10-01,page_089,21
U02565,app_open,2023-10-01,page_032,51
U02565,browse,2023-10-01,page_004,30
U02565,add_to_cart,2023-10-01,page_093,18
U02565,share,2023-10-28,page_053,19
U02566,register,2024-10-06,page_048,17
U02567,register,2024-02-23,page_037,10
U02567,app_open,2024-02-23,page_095,24
U02567,browse,2024-02-23,page_060,186
U02567,add_to_cart,2024-02-23,page_091,118
U02568,register,2023-09-23,page_054,8
U02568,app_open,2023-09-23,page_043,22
U02568,browse,2023-09-23,page_016,97
U02569,register,2024-11-27,page_095,16
U02569,app_open,2024-11-27,page_057,37
U02569,browse,2024-11-27,page_032,199
U02569,add_to_cart,2024-11-27,page_087,64
U02569,share,2024-12-21,page_083,13
U02570,register,2023-12-19,page_005,12
U02570,app_open,2023-12-19,page_049,30
U02570,browse,2023-12-19,page_097,126
U02571,register,2024-08-22,page_085,25
U02572,register,2024-11-28,page_082,12
U02572,app_open,2024-11-28,page_050,48
U02572,browse,2024-11-28,page_027,177
U02573,register,2023-12-25,page_009,21
U02573,app_open,2023-12-25,page_081,53
U02574,register,2024-01-26,page_087,8
U02574,app_open,2024-01-26,page_016,29
U02575,register,2023-03-11,page_009,20
U02576,register,2023-02-18,page_084,26
U02576,app_open,2023-02-18,page_008,18
U02576,browse,2023-02-18,page_069,109
U02577,register,2024-06-25,page_055,20
U02577,app_open,2024-06-25,page_057,12
U02577,browse,2024-06-25,page_012,299
U02578,register,2024-12-25,page_018,6
U02578,app_open,2024-12-25,page_001,56
U02578,browse,2024-12-25,page_090,37
U02578,add_to_cart,2024-12-25,page_023,45
U02579,register,2023-09-01,page_086,22
U02579,app_open,2023-09-01,page_072,50
U02580,register,2024-04-25,page_081,23
U02580,app_open,2024-04-25,page_074,29
U02580,browse,2024-04-25,page_080,76
U02580,add_to_cart,2024-04-25,page_090,44
U02580,share,2024-05-14,page_052,25
U02581,register,2023-01-21,page_083,19
U02581,app_open,2023-01-21,page_043,52
U02581,share,2023-02-13,page_046,8
U02582,register,2024-08-24,page_034,16
U02582,app_open,2024-08-24,page_086,39
U02582,browse,2024-08-24,page_073,234
U02583,register,2023-05-28,page_027,14
U02583,app_open,2023-05-28,page_088,45
U02583,browse,2023-05-28,page_086,87
U02584,register,2024-05-08,page_005,11
U02584,app_open,2024-05-08,page_070,15
U02584,browse,2024-05-08,page_034,37
U02585,register,2023-06-01,page_085,9
U02585,app_open,2023-06-01,page_092,44
U02585,browse,2023-06-01,page_092,30
U02586,register,2024-01-18,page_066,16
U02586,app_open,2024-01-18,page_060,10
U02586,browse,2024-01-18,page_092,97
U02586,add_to_cart,2024-01-18,page_035,70
U02587,register,2023-04-15,page_085,22
U02587,app_open,2023-04-15,page_089,59
U02587,browse,2023-04-15,page_036,220
U02587,add_to_cart,2023-04-15,page_008,114
U02587,share,2023-04-18,page_099,19
U02588,register,2024-02-16,page_020,27
U02588,app_open,2024-02-16,page_044,14
U02588,browse,2024-02-16,page_046,211
U02589,register,2023-05-01,page_093,20
U02590,register,2024-11-04,page_008,27
U02590,app_open,2024-11-04,page_094,29
U02590,browse,2024-11-04,page_085,125
U02590,add_to_cart,2024-11-04,page_046,47
U02591,register,2024-05-28,page_027,9
U02591,app_open,2024-05-28,page_037,54
U02591,browse,2024-05-28,page_015,149
U02591,add_to_cart,2024-05-28,page_056,78
U02592,register,2023-06-25,page_035,26
U02592,app_open,2023-06-25,page_035,28
U02592,browse,2023-06-25,page_024,141
U02592,share,2023-07-18,page_013,17
U02593,register,2023-04-07,page_041,27
U02593,app_open,2023-04-07,page_004,43
U02593,browse,2023-04-07,page_039,252
U02593,add_to_cart,2023-04-07,page_086,70
U02594,register,2023-01-10,page_050,28
U02594,app_open,2023-01-10,page_058,23
U02595,register,2024-01-09,page_009,26
U02595,app_open,2024-01-09,page_015,10
U02595,browse,2024-01-09,page_002,40
U02595,add_to_cart,2024-01-09,page_043,66
U02596,register,2024-02-01,page_009,7
U02596,app_open,2024-02-01,page_082,25
U02596,browse,2024-02-01,page_087,54
U02597,register,2023-09-06,page_037,9
U02597,app_open,2023-09-06,page_037,51
U02597,browse,2023-09-06,page_051,60
U02598,register,2023-10-11,page_045,27
U02598,app_open,2023-10-11,page_046,23
U02598,browse,2023-10-11,page_031,298
U02598,add_to_cart,2023-10-11,page_078,97
U02598,share,2023-10-31,page_032,25
U02599,register,2023-07-20,page_098,20
U02599,app_open,2023-07-20,page_018,19
U02599,browse,2023-07-20,page_068,43
U02600,register,2024-10-12,page_046,24
U02600,app_open,2024-10-12,page_096,29
U02600,browse,2024-10-12,page_061,241
U02600,share,2024-10-30,page_018,12
U02601,register,2024-10-12,page_047,28
U02601,app_open,2024-10-12,page_017,44
U02601,browse,2024-10-12,page_065,199
U02601,add_to_cart,2024-10-12,page_075,21
U02602,register,2024-02-10,page_091,22
U02602,app_open,2024-02-10,page_048,45
U02602,share,2024-02-25,page_091,27
U02603,register,2024-04-22,page_093,20
U02603,app_open,2024-04-22,page_018,54
U02604,register,2023-04-23,page_091,15
U02604,app_open,2023-04-23,page_038,25
U02604,browse,2023-04-23,page_060,66
U02605,register,2024-02-02,page_082,16
U02605,app_open,2024-02-02,page_064,56
U02605,browse,2024-02-02,page_042,87
U02605,add_to_cart,2024-02-02,page_066,68
U02606,register,2023-02-11,page_044,25
U02606,app_open,2023-02-11,page_055,56
U02606,browse,2023-02-11,page_064,251
U02607,register,2023-11-06,page_007,23
U02607,app_open,2023-11-06,page_025,28
U02607,browse,2023-11-06,page_044,176
U02607,add_to_cart,2023-11-06,page_025,76
U02607,share,2023-11-25,page_071,16
U02608,register,2023-03-23,page_058,23
U02608,app_open,2023-03-23,page_007,39
U02608,browse,2023-03-23,page_006,279
U02609,register,2023-09-28,page_025,29
U02609,app_open,2023-09-28,page_015,48
U02610,register,2023-03-01,page_015,24
U02610,app_open,2023-03-01,page_016,37
U02610,browse,2023-03-01,page_092,126
U02611,register,2023-02-15,page_006,18
U02611,app_open,2023-02-15,page_083,20
U02611,browse,2023-02-15,page_046,42
U02611,add_to_cart,2023-02-15,page_036,24
U02612,register,2023-11-08,page_048,24
U02612,app_open,2023-11-08,page_037,10
U02612,browse,2023-11-08,page_089,126
U02612,add_to_cart,2023-11-08,page_039,48
U02613,register,2024-04-23,page_097,18
U02613,app_open,2024-04-23,page_080,24
U02613,browse,2024-04-23,page_065,238
U02613,add_to_cart,2024-04-23,page_036,21
U02614,register,2024-05-03,page_013,5
U02614,app_open,2024-05-03,page_037,29
U02614,browse,2024-05-03,page_029,280
U02614,add_to_cart,2024-05-03,page_089,39
U02615,register,2023-08-07,page_052,20
U02615,app_open,2023-08-07,page_061,49
U02616,register,2024-09-03,page_040,26
U02616,app_open,2024-09-03,page_090,32
U02616,browse,2024-09-03,page_088,224
U02616,share,2024-09-17,page_053,23
U02617,register,2023-07-05,page_084,10
U02617,app_open,2023-07-05,page_030,49
U02618,register,2023-01-05,page_004,24
U02618,app_open,2023-01-05,page_004,47
U02619,register,2023-03-18,page_015,10
U02619,app_open,2023-03-18,page_038,40
U02620,register,2024-07-10,page_048,22
U02620,app_open,2024-07-10,page_064,17
U02621,register,2023-04-13,page_027,28
U02621,app_open,2023-04-13,page_011,21
U02622,register,2023-01-04,page_015,10
U02622,app_open,2023-01-04,page_025,44
U02622,browse,2023-01-04,page_072,134
U02623,register,2023-09-17,page_050,19
U02623,app_open,2023-09-17,page_087,11
U02624,register,2023-11-07,page_072,7
U02624,app_open,2023-11-07,page_065,11
U02624,browse,2023-11-07,page_081,155
U02624,add_to_cart,2023-11-07,page_069,98
U02624,share,2023-11-15,page_071,19
U02625,register,2024-12-25,page_021,21
U02626,register,2023-07-13,page_062,25
U02626,app_open,2023-07-13,page_099,56
U02626,browse,2023-07-13,page_042,204
U02626,add_to_cart,2023-07-13,page_053,79
U02627,register,2024-07-17,page_058,14
U02627,app_open,2024-07-17,page_021,48
U02627,browse,2024-07-17,page_076,222
U02628,register,2024-06-26,page_053,16
U02628,app_open,2024-06-26,page_005,14
U02628,browse,2024-06-26,page_060,146
U02628,add_to_cart,2024-06-26,page_072,80
U02629,register,2024-01-17,page_065,21
U02629,app_open,2024-01-17,page_028,47
U02629,browse,2024-01-17,page_035,137
U02629,add_to_cart,2024-01-17,page_073,57
U02630,register,2024-06-25,page_066,27
U02631,register,2024-09-20,page_024,28
U02631,app_open,2024-09-20,page_018,44
U02631,share,2024-10-08,page_035,19
U02632,register,2023-02-19,page_004,6
U02632,app_open,2023-02-19,page_067,56
U02632,browse,2023-02-19,page_041,107
U02633,register,2024-03-09,page_058,13
U02633,app_open,2024-03-09,page_077,51
U02633,browse,2024-03-09,page_017,245
U02633,share,2024-03-15,page_055,22
U02634,register,2024-02-19,page_013,24
U02634,app_open,2024-02-19,page_076,20
U02634,browse,2024-02-19,page_012,203
U02634,share,2024-03-16,page_054,14
U02635,register,2023-08-12,page_026,24
U02635,app_open,2023-08-12,page_026,16
U02635,browse,2023-08-12,page_019,165
U02635,add_to_cart,2023-08-12,page_049,28
U02636,register,2024-05-12,page_013,21
U02636,app_open,2024-05-12,page_003,30
U02637,register,2024-03-05,page_042,18
U02637,app_open,2024-03-05,page_073,13
U02638,register,2023-02-20,page_049,10
U02638,app_open,2023-02-20,page_020,29
U02639,register,2024-06-03,page_086,22
U02639,app_open,2024-06-03,page_045,35
U02639,browse,2024-06-03,page_035,49
U02640,register,2023-05-02,page_061,20
U02640,app_open,2023-05-02,page_052,55
U02641,register,2023-09-24,page_071,6
U02641,app_open,2023-09-24,page_032,11
U02641,browse,2023-09-24,page_011,173
U02642,register,2023-05-27,page_050,15
U02642,app_open,2023-05-27,page_056,28
U02643,register,2024-05-21,page_057,15
U02643,app_open,2024-05-21,page_052,53
U02643,browse,2024-05-21,page_002,148
U02643,share,2024-06-03,page_088,17
U02644,register,2024-08-15,page_095,15
U02644,app_open,2024-08-15,page_086,32
U02645,register,2024-01-09,page_046,25
U02645,app_open,2024-01-09,page_025,11
U02645,browse,2024-01-09,page_077,147
U02646,register,2023-02-23,page_038,19
U02646,app_open,2023-02-23,page_011,10
U02646,browse,2023-02-23,page_039,194
U02647,register,2023-02-11,page_066,7
U02647,app_open,2023-02-11,page_054,54
U02647,browse,2023-02-11,page_030,243
U02647,add_to_cart,2023-02-11,page_055,106
U02648,register,2023-03-03,page_018,6
U02648,app_open,2023-03-03,page_009,54
U02649,register,2023-10-24,page_002,22
U02649,app_open,2023-10-24,page_049,15
U02649,browse,2023-10-24,page_099,228
U02650,register,2023-02-01,page_014,15
U02650,app_open,2023-02-01,page_047,35
U02650,browse,2023-02-01,page_095,293
U02651,register,2023-06-06,page_047,8
U02651,app_open,2023-06-06,page_027,46
U02651,browse,2023-06-06,page_074,272
U02651,add_to_cart,2023-06-06,page_028,58
U02652,register,2023-11-16,page_082,28
U02652,app_open,2023-11-16,page_052,37
U02652,browse,2023-11-16,page_022,204
U02653,register,2023-01-05,page_009,28
U02653,app_open,2023-01-05,page_089,44
U02653,browse,2023-01-05,page_043,191
U02653,add_to_cart,2023-01-05,page_082,104
U02654,register,2023-10-21,page_072,9
U02654,app_open,2023-10-21,page_095,52
U02654,browse,2023-10-21,page_062,116
U02655,register,2024-11-06,page_045,6
U02655,app_open,2024-11-06,page_036,31
U02655,browse,2024-11-06,page_024,121
U02655,add_to_cart,2024-11-06,page_047,84
U02656,register,2023-11-26,page_076,19
U02656,app_open,2023-11-26,page_092,13
U02656,share,2023-12-08,page_009,9
U02657,register,2024-04-20,page_021,7
U02657,app_open,2024-04-20,page_012,36
U02657,browse,2024-04-20,page_074,108
U02658,register,2024-01-12,page_027,25
U02658,app_open,2024-01-12,page_043,16
U02658,browse,2024-01-12,page_007,147
U02659,register,2024-06-26,page_009,21
U02659,app_open,2024-06-26,page_031,14
U02659,browse,2024-06-26,page_072,254
U02659,add_to_cart,2024-06-26,page_036,98
U02660,register,2024-01-05,page_055,12
U02660,app_open,2024-01-05,page_010,35
U02660,share,2024-01-27,page_065,17
U02661,register,2024-01-25,page_040,20
U02661,app_open,2024-01-25,page_002,55
U02662,register,2024-01-19,page_090,29
U02662,app_open,2024-01-19,page_005,53
U02662,browse,2024-01-19,page_056,267
U02662,add_to_cart,2024-01-19,page_040,56
U02663,register,2024-07-13,page_014,5
U02664,register,2023-11-16,page_062,20
U02664,app_open,2023-11-16,page_031,27
U02664,browse,2023-11-16,page_013,127
U02665,register,2024-11-14,page_015,9
U02665,app_open,2024-11-14,page_095,13
U02666,register,2023-10-02,page_095,21
U02666,app_open,2023-10-02,page_069,21
U02666,browse,2023-10-02,page_028,240
U02666,add_to_cart,2023-10-02,page_014,18
U02666,share,2023-10-29,page_093,9
U02667,register,2023-08-23,page_065,29
U02667,app_open,2023-08-23,page_079,46
U02668,register,2023-08-26,page_050,8
U02668,app_open,2023-08-26,page_053,23
U02668,share,2023-08-27,page_016,12
U02669,register,2024-10-21,page_059,18
U02669,app_open,2024-10-21,page_015,10
U02669,browse,2024-10-21,page_001,91
U02670,register,2024-08-14,page_061,27
U02670,app_open,2024-08-14,page_029,22
U02670,browse,2024-08-14,page_045,280
U02670,add_to_cart,2024-08-14,page_018,108
U02671,register,2024-12-14,page_052,10
U02671,app_open,2024-12-14,page_083,37
U02671,browse,2024-12-14,page_032,254
U02671,share,2024-12-17,page_074,14
U02672,register,2024-06-15,page_017,7
U02672,app_open,2024-06-15,page_029,39
U02672,browse,2024-06-15,page_033,125
U02673,register,2024-10-28,page_020,11
U02673,app_open,2024-10-28,page_076,12
U02673,browse,2024-10-28,page_074,249
U02673,add_to_cart,2024-10-28,page_040,33
U02674,register,2024-04-14,page_043,18
U02674,app_open,2024-04-14,page_066,23
U02674,browse,2024-04-14,page_060,195
U02674,add_to_cart,2024-04-14,page_027,43
U02674,share,2024-05-08,page_006,15
U02675,register,2023-10-22,page_095,28
U02675,app_open,2023-10-22,page_030,50
U02676,register,2024-09-02,page_042,7
U02676,app_open,2024-09-02,page_036,43
U02677,register,2023-05-03,page_020,17
U02677,app_open,2023-05-03,page_036,14
U02677,browse,2023-05-03,page_089,294
U02677,add_to_cart,2023-05-03,page_055,23
U02678,register,2024-11-07,page_048,14
U02678,app_open,2024-11-07,page_098,15
U02679,register,2024-12-27,page_014,23
U02679,app_open,2024-12-27,page_051,28
U02679,browse,2024-12-27,page_080,98
U02679,add_to_cart,2024-12-27,page_058,65
U02680,register,2023-12-10,page_015,22
U02681,register,2023-11-25,page_075,19
U02681,app_open,2023-11-25,page_072,27
U02681,browse,2023-11-25,page_007,244
U02681,add_to_cart,2023-11-25,page_094,39
U02682,register,2024-05-04,page_047,28
U02682,app_open,2024-05-04,page_093,48
U02682,browse,2024-05-04,page_068,145
U02682,add_to_cart,2024-05-04,page_071,84
U02683,register,2023-06-07,page_023,21
U02683,app_open,2023-06-07,page_071,59
U02683,browse,2023-06-07,page_042,98
U02683,add_to_cart,2023-06-07,page_051,98
U02684,register,2023-05-06,page_048,12
U02684,app_open,2023-05-06,page_016,11
U02684,browse,2023-05-06,page_056,269
U02684,share,2023-06-03,page_028,8
U02685,register,2024-05-14,page_057,29
U02685,app_open,2024-05-14,page_034,38
U02686,register,2023-11-05,page_079,6
U02687,register,2023-02-14,page_015,19
U02687,app_open,2023-02-14,page_013,19
U02687,browse,2023-02-14,page_042,102
U02687,share,2023-03-03,page_054,26
U02688,register,2024-04-02,page_012,19
U02688,app_open,2024-04-02,page_082,25
U02688,browse,2024-04-02,page_056,167
U02689,register,2024-05-26,page_006,19
U02689,app_open,2024-05-26,page_013,51
U02689,browse,2024-05-26,page_064,78
U02689,add_to_cart,2024-05-26,page_024,94
U02690,register,2024-04-09,page_022,19
U02690,app_open,2024-04-09,page_025,46
U02690,browse,2024-04-09,page_082,280
U02691,register,2024-08-20,page_036,16
U02692,register,2023-09-05,page_017,17
U02692,app_open,2023-09-05,page_096,29
U02692,browse,2023-09-05,page_079,283
U02692,add_to_cart,2023-09-05,page_066,57
U02693,register,2023-04-07,page_082,20
U02693,app_open,2023-04-07,page_093,14
U02694,register,2023-05-24,page_008,24
U02694,app_open,2023-05-24,page_032,13
U02695,register,2023-03-08,page_011,15
U02695,app_open,2023-03-08,page_087,26
U02696,register,2024-04-27,page_003,25
U02697,register,2023-06-09,page_058,12
U02697,app_open,2023-06-09,page_080,14
U02697,browse,2023-06-09,page_044,42
U02698,register,2024-10-20,page_058,10
U02698,app_open,2024-10-20,page_073,27
U02698,browse,2024-10-20,page_077,213
U02699,register,2024-06-11,page_079,6
U02699,app_open,2024-06-11,page_045,28
U02699,browse,2024-06-11,page_007,120
U02699,share,2024-07-04,page_063,5
U02700,register,2024-07-07,page_067,13
U02701,register,2023-10-05,page_052,10
U02701,app_open,2023-10-05,page_069,20
U02701,browse,2023-10-05,page_080,36
U02702,register,2023-07-23,page_055,8
U02702,app_open,2023-07-23,page_090,54
U02702,browse,2023-07-23,page_015,210
U02702,add_to_cart,2023-07-23,page_056,20
U02703,register,2023-06-18,page_083,13
U02703,app_open,2023-06-18,page_043,36
U02703,share,2023-07-09,page_090,6
U02704,register,2024-09-15,page_037,29
U02704,app_open,2024-09-15,page_088,11
U02704,browse,2024-09-15,page_073,112
U02704,add_to_cart,2024-09-15,page_055,92
U02705,register,2023-10-06,page_011,19
U02705,app_open,2023-10-06,page_004,22
U02705,browse,2023-10-06,page_082,177
U02705,add_to_cart,2023-10-06,page_087,103
U02706,register,2024-12-01,page_026,5
U02706,app_open,2024-12-01,page_092,38
U02706,browse,2024-12-01,page_087,83
U02707,register,2023-10-23,page_031,6
U02708,register,2024-03-14,page_049,17
U02708,app_open,2024-03-14,page_017,25
U02709,register,2024-04-05,page_007,13
U02709,app_open,2024-04-05,page_073,47
U02709,browse,2024-04-05,page_041,97
U02709,add_to_cart,2024-04-05,page_052,87
U02710,register,2024-02-16,page_021,22
U02711,register,2024-02-07,page_074,6
U02711,app_open,2024-02-07,page_023,31
U02711,browse,2024-02-07,page_093,39
U02711,add_to_cart,2024-02-07,page_013,78
U02712,register,2024-07-04,page_038,11
U02712,app_open,2024-07-04,page_006,48
U02712,share,2024-07-15,page_037,11
U02713,register,2024-06-28,page_012,12
U02713,app_open,2024-06-28,page_011,22
U02713,browse,2024-06-28,page_042,203
U02713,add_to_cart,2024-06-28,page_021,39
U02714,register,2024-10-21,page_093,9
U02715,register,2024-03-17,page_039,27
U02715,app_open,2024-03-17,page_007,52
U02716,register,2023-01-24,page_070,7
U02716,app_open,2023-01-24,page_057,50
U02716,share,2023-02-16,page_084,29
U02717,register,2024-03-16,page_047,22
U02717,app_open,2024-03-16,page_024,27
U02717,browse,2024-03-16,page_016,267
U02717,add_to_cart,2024-03-16,page_089,82
U02718,register,2024-12-22,page_009,24
U02718,app_open,2024-12-22,page_080,48
U02718,browse,2024-12-22,page_073,30
U02719,register,2023-11-09,page_042,18
U02719,app_open,2023-11-09,page_025,12
U02719,browse,2023-11-09,page_088,152
U02719,share,2023-11-16,page_083,13
U02720,register,2024-05-26,page_015,22
U02720,app_open,2024-05-26,page_013,26
U02721,register,2024-03-08,page_061,14
U02721,app_open,2024-03-08,page_060,38
U02721,share,2024-03-09,page_033,6
U02722,register,2024-06-08,page_043,28
U02722,app_open,2024-06-08,page_024,36
U02722,browse,2024-06-08,page_073,195
U02722,add_to_cart,2024-06-08,page_027,113
U02723,register,2023-03-22,page_050,16
U02723,app_open,2023-03-22,page_017,54
U02723,share,2023-03-28,page_087,27
U02724,register,2024-11-19,page_093,24
U02724,app_open,2024-11-19,page_015,51
U02724,browse,2024-11-19,page_012,110
U02725,register,2024-02-02,page_048,5
U02726,register,2023-01-05,page_087,27
U02726,app_open,2023-01-05,page_023,56
U02726,browse,2023-01-05,page_065,250
U02727,register,2024-05-01,page_022,25
U02727,app_open,2024-05-01,page_076,41
U02727,browse,2024-05-01,page_084,161
U02728,register,2024-09-16,page_039,22
U02729,register,2023-03-10,page_023,17
U02729,app_open,2023-03-10,page_078,40
U02729,browse,2023-03-10,page_058,258
U02730,register,2024-07-11,page_054,18
U02731,register,2024-11-03,page_063,7
U02731,app_open,2024-11-03,page_070,19
U02731,browse,2024-11-03,page_046,240
U02732,register,2023-02-03,page_014,11
U02732,app_open,2023-02-03,page_086,30
U02732,browse,2023-02-03,page_081,270
U02733,register,2024-03-27,page_047,28
U02733,app_open,2024-03-27,page_074,15
U02733,browse,2024-03-27,page_054,38
U02733,add_to_cart,2024-03-27,page_008,53
U02734,register,2024-08-09,page_062,27
U02734,app_open,2024-08-09,page_076,43
U02734,browse,2024-08-09,page_006,174
U02735,register,2024-03-28,page_042,20
U02735,app_open,2024-03-28,page_035,30
U02735,browse,2024-03-28,page_098,166
U02735,share,2024-03-30,page_078,26
U02736,register,2023-02-06,page_099,12
U02737,register,2023-05-06,page_001,28
U02737,app_open,2023-05-06,page_079,52
U02737,browse,2023-05-06,page_089,114
U02737,add_to_cart,2023-05-06,page_074,76
U02738,register,2023-05-22,page_071,26
U02738,app_open,2023-05-22,page_060,13
U02738,browse,2023-05-22,page_063,62
U02738,add_to_cart,2023-05-22,page_056,51
U02739,register,2023-12-04,page_013,11
U02740,register,2024-12-28,page_042,13
U02740,app_open,2024-12-28,page_006,32
U02741,register,2024-11-14,page_048,13
U02741,app_open,2024-11-14,page_050,11
U02741,browse,2024-11-14,page_001,279
U02741,share,2024-11-18,page_095,20
U02742,register,2024-02-11,page_016,6
U02742,app_open,2024-02-11,page_014,44
U02742,browse,2024-02-11,page_065,96
U02743,register,2023-01-21,page_025,28
U02743,app_open,2023-01-21,page_089,35
U02743,browse,2023-01-21,page_017,291
U02744,register,2024-11-05,page_013,14
U02744,app_open,2024-11-05,page_061,36
U02745,register,2023-05-12,page_089,17
U02745,app_open,2023-05-12,page_078,21
U02745,share,2023-05-30,page_054,26
U02746,register,2023-05-21,page_099,26
U02746,app_open,2023-05-21,page_096,54
U02746,browse,2023-05-21,page_037,200
U02747,register,2024-01-11,page_026,22
U02747,app_open,2024-01-11,page_004,33
U02748,register,2024-09-01,page_089,7
U02748,app_open,2024-09-01,page_086,16
U02748,browse,2024-09-01,page_031,55
U02748,add_to_cart,2024-09-01,page_032,89
U02748,share,2024-09-05,page_098,11
U02749,register,2023-12-06,page_045,28
U02749,app_open,2023-12-06,page_028,35
U02750,register,2023-11-12,page_035,16
U02750,app_open,2023-11-12,page_056,26
U02750,browse,2023-11-12,page_090,85
U02750,share,2023-11-19,page_012,25
U02751,register,2023-06-24,page_076,20
U02752,register,2023-05-18,page_047,24
U02752,app_open,2023-05-18,page_085,52
U02752,browse,2023-05-18,page_031,79
U02752,add_to_cart,2023-05-18,page_051,73
U02752,share,2023-06-11,page_064,8
U02753,register,2024-04-13,page_048,7
U02753,app_open,2024-04-13,page_058,41
U02753,browse,2024-04-13,page_056,274
U02754,register,2023-07-14,page_050,14
U02754,app_open,2023-07-14,page_031,15
U02754,browse,2023-07-14,page_039,249
U02755,register,2023-01-21,page_097,7
U02755,app_open,2023-01-21,page_041,33
U02755,browse,2023-01-21,page_075,293
U02756,register,2024-09-12,page_093,5
U02756,app_open,2024-09-12,page_071,10
U02756,browse,2024-09-12,page_087,173
U02756,share,2024-09-24,page_099,28
U02757,register,2023-03-18,page_099,9
U02758,register,2023-11-20,page_027,13
U02758,app_open,2023-11-20,page_016,31
U02758,share,2023-12-11,page_019,12
U02759,register,2023-07-10,page_048,8
U02759,app_open,2023-07-10,page_037,52
U02759,browse,2023-07-10,page_079,48
U02759,add_to_cart,2023-07-10,page_016,69
U02759,share,2023-07-23,page_019,7
U02760,register,2024-07-13,page_023,13
U02760,app_open,2024-07-13,page_023,16
U02760,browse,2024-07-13,page_027,96
U02760,add_to_cart,2024-07-13,page_058,16
U02761,register,2024-02-15,page_032,14
U02761,app_open,2024-02-15,page_045,13
U02761,browse,2024-02-15,page_043,280
U02762,register,2023-06-07,page_092,5
U02762,app_open,2023-06-07,page_089,53
U02762,browse,2023-06-07,page_098,56
U02762,add_to_cart,2023-06-07,page_086,118
U02763,register,2024-01-16,page_077,23
U02763,app_open,2024-01-16,page_021,11
U02764,register,2024-03-18,page_002,28
U02764,app_open,2024-03-18,page_084,33
U02764,browse,2024-03-18,page_017,194
U02764,share,2024-03-23,page_085,23
U02765,register,2023-03-16,page_088,22
U02765,app_open,2023-03-16,page_003,29
U02765,browse,2023-03-16,page_017,201
U02765,add_to_cart,2023-03-16,page_050,75
U02766,register,2023-01-24,page_065,12
U02766,app_open,2023-01-24,page_066,13
U02766,browse,2023-01-24,page_037,90
U02766,add_to_cart,2023-01-24,page_047,54
U02767,register,2023-01-19,page_069,28
U02768,register,2023-06-11,page_047,19
U02768,app_open,2023-06-11,page_047,42
U02768,browse,2023-06-11,page_054,233
U02769,register,2024-12-07,page_079,12
U02769,app_open,2024-12-07,page_040,15
U02769,browse,2024-12-07,page_065,70
U02770,register,2023-03-28,page_034,9
U02770,app_open,2023-03-28,page_021,12
U02770,browse,2023-03-28,page_058,199
U02770,add_to_cart,2023-03-28,page_035,83
U02771,register,2023-06-01,page_050,19
U02771,app_open,2023-06-01,page_017,53
U02771,browse,2023-06-01,page_047,120
U02772,register,2023-08-25,page_023,16
U02772,app_open,2023-08-25,page_069,19
U02773,register,2024-02-04,page_051,26
U02773,app_open,2024-02-04,page_086,38
U02773,browse,2024-02-04,page_044,114
U02774,register,2023-04-23,page_033,11
U02774,app_open,2023-04-23,page_068,26
U02775,register,2024-11-16,page_054,16
U02775,app_open,2024-11-16,page_028,26
U02775,browse,2024-11-16,page_091,292
U02776,register,2023-11-22,page_034,19
U02776,app_open,2023-11-22,page_084,51
U02776,browse,2023-11-22,page_092,224
U02776,add_to_cart,2023-11-22,page_048,35
U02777,register,2023-07-01,page_067,28
U02777,app_open,2023-07-01,page_030,41
U02777,browse,2023-07-01,page_062,48
U02777,add_to_cart,2023-07-01,page_044,63
U02778,register,2023-09-06,page_014,21
U02778,app_open,2023-09-06,page_065,28
U02778,share,2023-10-04,page_072,15
U02779,register,2024-12-13,page_092,29
U02779,app_open,2024-12-13,page_001,51
U02779,browse,2024-12-13,page_067,238
U02779,add_to_cart,2024-12-13,page_043,48
U02780,register,2024-09-12,page_082,11
U02780,app_open,2024-09-12,page_096,20
U02780,browse,2024-09-12,page_066,199
U02781,register,2024-11-19,page_092,27
U02781,app_open,2024-11-19,page_064,34
U02782,register,2024-05-23,page_028,15
U02782,app_open,2024-05-23,page_081,52
U02782,browse,2024-05-23,page_042,209
U02783,register,2024-09-01,page_019,12
U02783,app_open,2024-09-01,page_034,38
U02783,browse,2024-09-01,page_079,80
U02784,register,2023-09-25,page_031,7
U02784,app_open,2023-09-25,page_040,43
U02784,browse,2023-09-25,page_046,272
U02784,add_to_cart,2023-09-25,page_067,89
U02784,share,2023-10-01,page_076,26
U02785,register,2024-10-27,page_023,10
U02785,app_open,2024-10-27,page_050,49
U02786,register,2024-11-08,page_090,8
U02786,app_open,2024-11-08,page_057,35
U02786,browse,2024-11-08,page_063,69
U02787,register,2023-02-18,page_051,16
U02787,app_open,2023-02-18,page_067,34
U02787,browse,2023-02-18,page_072,269
U02788,register,2023-04-01,page_058,28
U02789,register,2024-12-21,page_025,20
U02789,app_open,2024-12-21,page_002,47
U02789,share,2024-12-22,page_093,8
U02790,register,2023-12-16,page_023,24
U02790,app_open,2023-12-16,page_086,44
U02790,browse,2023-12-16,page_041,244
U02791,register,2024-11-28,page_097,26
U02791,app_open,2024-11-28,page_032,46
U02791,share,2024-12-19,page_080,28
U02792,register,2024-06-05,page_002,27
U02792,app_open,2024-06-05,page_090,47
U02792,share,2024-06-16,page_057,29
U02793,register,2024-04-09,page_094,13
U02793,app_open,2024-04-09,page_025,29
U02793,browse,2024-04-09,page_037,248
U02794,register,2023-09-02,page_040,28
U02794,app_open,2023-09-02,page_090,47
U02795,register,2024-02-11,page_078,19
U02795,app_open,2024-02-11,page_002,58
U02795,browse,2024-02-11,page_038,125
U02795,add_to_cart,2024-02-11,page_081,98
U02796,register,2023-02-16,page_097,5
U02797,register,2024-09-19,page_005,16
U02797,app_open,2024-09-19,page_016,21
U02798,register,2024-01-17,page_037,16
U02798,app_open,2024-01-17,page_099,57
U02798,browse,2024-01-17,page_086,189
U02799,register,2023-01-21,page_041,20
U02799,app_open,2023-01-21,page_067,32
U02799,browse,2023-01-21,page_023,75
U02800,register,2024-07-16,page_074,8
U02800,app_open,2024-07-16,page_064,53
U02800,browse,2024-07-16,page_099,117
U02800,add_to_cart,2024-07-16,page_091,115
U02800,share,2024-07-25,page_076,25
U02801,register,2024-01-28,page_029,6
U02801,app_open,2024-01-28,page_040,13
U02801,share,2024-02-13,page_046,18
U02802,register,2024-07-03,page_086,16
U02802,app_open,2024-07-03,page_023,42
U02802,browse,2024-07-03,page_086,141
U02802,add_to_cart,2024-07-03,page_001,53
U02803,register,2023-03-01,page_059,9
U02803,app_open,2023-03-01,page_002,20
U02803,browse,2023-03-01,page_039,110
U02803,add_to_cart,2023-03-01,page_082,109
U02803,share,2023-03-29,page_042,21
U02804,register,2023-03-16,page_032,10
U02804,app_open,2023-03-16,page_093,47
U02804,browse,2023-03-16,page_054,155
U02805,register,2024-09-08,page_059,16
U02805,app_open,2024-09-08,page_026,19
U02805,browse,2024-09-08,page_057,288
U02805,add_to_cart,2024-09-08,page_019,70
U02806,register,2024-11-16,page_073,9
U02806,app_open,2024-11-16,page_074,17
U02806,browse,2024-11-16,page_028,212
U02806,add_to_cart,2024-11-16,page_048,90
U02806,share,2024-12-06,page_076,17
U02807,register,2024-01-13,page_086,14
U02807,app_open,2024-01-13,page_032,24
U02807,browse,2024-01-13,page_036,95
U02808,register,2023-11-04,page_097,23
U02808,app_open,2023-11-04,page_068,10
U02809,register,2023-04-15,page_078,28
U02809,app_open,2023-04-15,page_030,11
U02809,browse,2023-04-15,page_003,176
U02809,share,2023-04-18,page_033,10
U02810,register,2023-04-08,page_060,6
U02810,app_open,2023-04-08,page_001,40
U02810,browse,2023-04-08,page_028,172
U02810,add_to_cart,2023-04-08,page_046,44
U02811,register,2024-12-02,page_093,27
U02812,register,2024-03-23,page_036,7
U02812,app_open,2024-03-23,page_073,17
U02812,share,2024-04-02,page_021,20
U02813,register,2024-02-28,page_023,22
U02813,app_open,2024-02-28,page_012,29
U02813,browse,2024-02-28,page_053,157
U02814,register,2024-09-02,page_007,23
U02814,app_open,2024-09-02,page_084,49
U02814,browse,2024-09-02,page_022,102
U02814,add_to_cart,2024-09-02,page_067,103
U02814,share,2024-09-25,page_014,21
U02815,register,2023-03-11,page_063,26
U02815,app_open,2023-03-11,page_082,12
U02815,browse,2023-03-11,page_001,36
U02816,register,2023-07-16,page_087,19
U02816,app_open,2023-07-16,page_071,41
U02816,browse,2023-07-16,page_061,35
U02816,add_to_cart,2023-07-16,page_013,93
U02817,register,2024-10-22,page_065,9
U02817,app_open,2024-10-22,page_076,57
U02817,browse,2024-10-22,page_012,296
U02817,add_to_cart,2024-10-22,page_061,36
U02818,register,2023-07-22,page_020,28
U02819,register,2023-11-02,page_045,28
U02819,app_open,2023-11-02,page_030,30
U02819,browse,2023-11-02,page_078,134
U02819,add_to_cart,2023-11-02,page_087,87
U02819,share,2023-11-07,page_084,17
U02820,register,2023-08-07,page_066,11
U02820,app_open,2023-08-07,page_066,52
U02820,browse,2023-08-07,page_011,285
U02821,register,2023-06-16,page_049,6
U02821,app_open,2023-06-16,page_020,39
U02821,browse,2023-06-16,page_073,143
U02822,register,2024-09-11,page_035,8
U02822,app_open,2024-09-11,page_028,51
U02822,browse,2024-09-11,page_057,234
U02823,register,2024-10-03,page_024,7
U02824,register,2024-06-09,page_062,22
U02824,app_open,2024-06-09,page_023,36
U02825,register,2024-05-02,page_066,23
U02825,app_open,2024-05-02,page_030,10
U02825,browse,2024-05-02,page_043,187
U02825,add_to_cart,2024-05-02,page_023,66
U02826,register,2023-10-10,page_089,11
U02826,app_open,2023-10-10,page_018,52
U02826,browse,2023-10-10,page_074,121
U02826,add_to_cart,2023-10-10,page_005,86
U02827,register,2024-05-08,page_055,18
U02827,app_open,2024-05-08,page_066,42
U02827,browse,2024-05-08,page_031,46
U02827,add_to_cart,2024-05-08,page_069,38
U02828,register,2024-08-06,page_026,29
U02828,app_open,2024-08-06,page_080,31
U02828,browse,2024-08-06,page_040,185
U02828,add_to_cart,2024-08-06,page_069,43
U02829,register,2023-11-05,page_054,13
U02829,app_open,2023-11-05,page_035,55
U02830,register,2024-12-10,page_024,18
U02830,app_open,2024-12-10,page_055,30
U02830,browse,2024-12-10,page_098,136
U02830,add_to_cart,2024-12-10,page_011,101
U02831,register,2024-11-01,page_008,6
U02831,app_open,2024-11-01,page_073,40
U02831,browse,2024-11-01,page_070,136
U02831,add_to_cart,2024-11-01,page_040,29
U02832,register,2023-08-04,page_098,22
U02833,register,2023-07-19,page_056,12
U02834,register,2024-03-02,page_092,23
U02834,app_open,2024-03-02,page_029,35
U02835,register,2024-05-26,page_078,28
U02835,app_open,2024-05-26,page_005,26
U02835,browse,2024-05-26,page_005,162
U02835,share,2024-06-01,page_092,23
U02836,register,2024-09-16,page_002,23
U02837,register,2024-02-03,page_002,23
U02837,app_open,2024-02-03,page_047,11
U02837,share,2024-02-27,page_029,15
U02838,register,2024-07-08,page_040,27
U02838,app_open,2024-07-08,page_053,30
U02838,browse,2024-07-08,page_022,38
U02838,add_to_cart,2024-07-08,page_046,116
U02839,register,2024-05-18,page_075,16
U02839,app_open,2024-05-18,page_049,21
U02839,browse,2024-05-18,page_080,119
U02839,add_to_cart,2024-05-18,page_025,69
U02840,register,2023-01-07,page_001,23
U02841,register,2023-04-03,page_073,12
U02841,app_open,2023-04-03,page_085,22
U02842,register,2024-07-10,page_082,23
U02842,app_open,2024-07-10,page_075,20
U02842,browse,2024-07-10,page_087,219
U02842,add_to_cart,2024-07-10,page_036,31
U02843,register,2023-03-02,page_083,20
U02843,app_open,2023-03-02,page_005,54
U02843,browse,2023-03-02,page_047,192
U02843,add_to_cart,2023-03-02,page_050,64
U02844,register,2023-05-17,page_027,13
U02844,app_open,2023-05-17,page_004,31
U02844,browse,2023-05-17,page_029,278
U02844,add_to_cart,2023-05-17,page_095,105
U02845,register,2023-05-26,page_033,27
U02846,register,2024-02-16,page_041,25
U02846,app_open,2024-02-16,page_083,56
U02847,register,2024-12-23,page_091,12
U02847,app_open,2024-12-23,page_090,17
U02847,browse,2024-12-23,page_037,88
U02848,register,2024-02-27,page_097,22
U02848,app_open,2024-02-27,page_038,52
U02848,browse,2024-02-27,page_084,43
U02849,register,2024-07-13,page_097,7
U02849,app_open,2024-07-13,page_054,55
U02849,browse,2024-07-13,page_045,186
U02849,add_to_cart,2024-07-13,page_044,95
U02850,register,2023-12-25,page_003,10
U02850,app_open,2023-12-25,page_097,11
U02850,browse,2023-12-25,page_056,89
U02850,add_to_cart,2023-12-25,page_009,22
U02851,register,2024-04-23,page_089,23
U02851,app_open,2024-04-23,page_058,39
U02851,browse,2024-04-23,page_022,213
U02851,share,2024-05-21,page_057,27
U02852,register,2024-05-22,page_099,29
U02852,app_open,2024-05-22,page_043,15
U02852,browse,2024-05-22,page_049,287
U02853,register,2024-08-06,page_027,15
U02853,app_open,2024-08-06,page_099,50
U02853,browse,2024-08-06,page_012,42
U02854,register,2024-02-16,page_087,14
U02854,app_open,2024-02-16,page_043,57
U02854,share,2024-03-01,page_019,21
U02855,register,2023-03-21,page_021,8
U02856,register,2024-07-07,page_035,5
U02856,app_open,2024-07-07,page_046,48
U02856,browse,2024-07-07,page_081,269
U02856,add_to_cart,2024-07-07,page_065,63
U02857,register,2023-05-20,page_092,15
U02857,app_open,2023-05-20,page_013,50
U02857,browse,2023-05-20,page_059,140
U02857,share,2023-06-06,page_076,24
U02858,register,2024-11-23,page_040,27
U02858,app_open,2024-11-23,page_069,35
U02858,browse,2024-11-23,page_009,88
U02858,add_to_cart,2024-11-23,page_070,24
U02859,register,2023-10-09,page_042,21
U02859,app_open,2023-10-09,page_005,40
U02859,share,2023-11-04,page_002,8
U02860,register,2023-03-27,page_049,13
U02860,app_open,2023-03-27,page_068,10
U02860,browse,2023-03-27,page_073,177
U02860,add_to_cart,2023-03-27,page_042,21
U02860,share,2023-03-31,page_022,20
U02861,register,2023-10-16,page_099,29
U02861,app_open,2023-10-16,page_085,40
U02862,register,2024-12-23,page_072,10
U02862,app_open,2024-12-23,page_088,45
U02862,browse,2024-12-23,page_058,121
U02862,add_to_cart,2024-12-23,page_019,100
U02863,register,2023-09-02,page_095,12
U02863,app_open,2023-09-02,page_088,29
U02863,browse,2023-09-02,page_078,278
U02864,register,2023-06-05,page_015,8
U02864,app_open,2023-06-05,page_075,46
U02865,register,2023-03-07,page_060,21
U02866,register,2024-03-21,page_085,14
U02866,app_open,2024-03-21,page_013,18
U02866,browse,2024-03-21,page_012,75
U02866,add_to_cart,2024-03-21,page_055,71
U02867,register,2023-06-04,page_089,23
U02867,app_open,2023-06-04,page_043,40
U02868,register,2024-11-13,page_012,18
U02868,app_open,2024-11-13,page_015,42
U02868,browse,2024-11-13,page_038,248
U02868,add_to_cart,2024-11-13,page_072,71
U02869,register,2024-11-05,page_050,10
U02870,register,2024-03-07,page_096,19
U02870,app_open,2024-03-07,page_040,15
U02870,browse,2024-03-07,page_055,83
U02870,add_to_cart,2024-03-07,page_069,64
U02871,register,2023-07-10,page_052,5
U02871,app_open,2023-07-10,page_004,22
U02872,register,2024-01-24,page_001,27
U02872,app_open,2024-01-24,page_093,13
U02872,share,2024-02-05,page_074,29
U02873,register,2023-11-01,page_028,27
U02874,register,2024-08-11,page_090,17
U02874,app_open,2024-08-11,page_079,42
U02874,browse,2024-08-11,page_085,222
U02875,register,2023-01-03,page_060,16
U02875,app_open,2023-01-03,page_041,12
U02875,browse,2023-01-03,page_071,78
U02875,add_to_cart,2023-01-03,page_086,111
U02876,register,2023-08-13,page_057,11
U02876,app_open,2023-08-13,page_005,52
U02877,register,2023-07-03,page_060,14
U02877,app_open,2023-07-03,page_046,48
U02877,browse,2023-07-03,page_054,181
U02877,add_to_cart,2023-07-03,page_048,25
U02878,register,2024-08-02,page_007,27
U02878,app_open,2024-08-02,page_050,25
U02879,register,2024-06-05,page_054,21
U02879,app_open,2024-06-05,page_040,49
U02879,browse,2024-06-05,page_038,156
U02879,add_to_cart,2024-06-05,page_042,70
U02880,register,2024-06-16,page_082,11
U02880,app_open,2024-06-16,page_045,23
U02880,browse,2024-06-16,page_090,142
U02880,add_to_cart,2024-06-16,page_017,37
U02881,register,2023-07-01,page_076,18
U02881,app_open,2023-07-01,page_024,13
U02881,browse,2023-07-01,page_070,160
U02882,register,2023-09-15,page_032,13
U02882,app_open,2023-09-15,page_042,43
U02882,browse,2023-09-15,page_039,127
U02882,add_to_cart,2023-09-15,page_024,52
U02883,register,2023-01-27,page_031,9
U02883,app_open,2023-01-27,page_055,12
U02884,register,2024-05-09,page_083,20
U02884,app_open,2024-05-09,page_079,48
U02884,browse,2024-05-09,page_028,234
U02885,register,2024-11-15,page_023,29
U02885,app_open,2024-11-15,page_059,38
U02885,browse,2024-11-15,page_042,255
U02885,add_to_cart,2024-11-15,page_064,40
U02886,register,2023-10-28,page_023,20
U02886,app_open,2023-10-28,page_014,50
U02886,browse,2023-10-28,page_044,61
U02886,add_to_cart,2023-10-28,page_009,76
U02887,register,2024-08-03,page_056,17
U02887,app_open,2024-08-03,page_011,48
U02887,browse,2024-08-03,page_019,68
U02887,add_to_cart,2024-08-03,page_059,62
U02888,register,2023-05-02,page_061,15
U02889,register,2024-10-06,page_063,14
U02889,app_open,2024-10-06,page_065,13
U02889,browse,2024-10-06,page_078,128
U02889,add_to_cart,2024-10-06,page_005,30
U02889,share,2024-10-15,page_061,25
U02890,register,2024-04-12,page_056,5
U02890,app_open,2024-04-12,page_066,30
U02890,browse,2024-04-12,page_023,108
U02891,register,2024-05-12,page_049,17
U02891,app_open,2024-05-12,page_049,16
U02891,share,2024-05-16,page_039,10
U02892,register,2024-05-22,page_030,29
U02893,register,2023-07-24,page_089,11
U02893,app_open,2023-07-24,page_046,49
U02893,browse,2023-07-24,page_060,39
U02893,share,2023-07-28,page_038,7
U02894,register,2024-04-18,page_076,26
U02894,app_open,2024-04-18,page_085,41
U02894,browse,2024-04-18,page_045,203
U02894,add_to_cart,2024-04-18,page_066,84
U02895,register,2023-08-27,page_078,11
U02895,app_open,2023-08-27,page_045,19
U02895,browse,2023-08-27,page_009,294
U02896,register,2024-06-02,page_094,15
U02897,register,2023-09-23,page_082,24
U02897,app_open,2023-09-23,page_044,14
U02898,register,2024-12-16,page_060,14
U02898,app_open,2024-12-16,page_053,47
U02898,browse,2024-12-16,page_080,55
U02898,add_to_cart,2024-12-16,page_032,55
U02899,register,2024-05-10,page_029,20
U02899,app_open,2024-05-10,page_087,33
U02899,browse,2024-05-10,page_020,240
U02899,add_to_cart,2024-05-10,page_038,75
U02899,share,2024-05-23,page_020,22
U02900,register,2024-10-01,page_058,22
U02900,app_open,2024-10-01,page_085,18
U02900,browse,2024-10-01,page_030,243
U02901,register,2024-09-18,page_006,12
U02901,app_open,2024-09-18,page_087,24
U02901,browse,2024-09-18,page_040,87
U02901,share,2024-09-22,page_028,8
U02902,register,2024-03-09,page_035,5
U02902,app_open,2024-03-09,page_066,15
U02902,browse,2024-03-09,page_030,35
U02903,register,2023-03-16,page_052,5
U02903,app_open,2023-03-16,page_037,10
U02903,browse,2023-03-16,page_087,222
U02903,add_to_cart,2023-03-16,page_064,31
U02904,register,2024-11-15,page_054,10
U02904,app_open,2024-11-15,page_020,24
U02904,browse,2024-11-15,page_007,199
U02905,register,2023-02-10,page_025,6
U02905,app_open,2023-02-10,page_002,21
U02905,browse,2023-02-10,page_029,211
U02906,register,2023-04-26,page_009,13
U02906,app_open,2023-04-26,page_033,38
U02906,browse,2023-04-26,page_001,217
U02906,add_to_cart,2023-04-26,page_071,18
U02906,share,2023-05-08,page_007,6
U02907,register,2024-07-17,page_072,16
U02907,app_open,2024-07-17,page_022,44
U02907,browse,2024-07-17,page_061,122
U02908,register,2023-10-22,page_077,14
U02908,app_open,2023-10-22,page_074,25
U02908,share,2023-11-06,page_041,15
U02909,register,2024-09-06,page_024,18
U02909,app_open,2024-09-06,page_098,53
U02909,browse,2024-09-06,page_033,269
U02910,register,2023-01-11,page_081,6
U02910,app_open,2023-01-11,page_086,54
U02910,browse,2023-01-11,page_009,292
U02911,register,2024-04-24,page_064,5
U02911,app_open,2024-04-24,page_048,26
U02912,register,2024-08-07,page_087,27
U02912,app_open,2024-08-07,page_031,20
U02912,share,2024-08-29,page_063,25
U02913,register,2024-12-03,page_080,27
U02913,app_open,2024-12-03,page_015,26
U02913,browse,2024-12-03,page_030,289
U02914,register,2024-02-04,page_053,7
U02914,app_open,2024-02-04,page_048,11
U02914,browse,2024-02-04,page_025,241
U02915,register,2023-09-15,page_063,7
U02915,app_open,2023-09-15,page_017,17
U02915,browse,2023-09-15,page_085,255
U02915,share,2023-09-16,page_083,28
U02916,register,2023-12-25,page_066,22
U02917,register,2024-04-23,page_020,8
U02917,app_open,2024-04-23,page_018,15
U02917,browse,2024-04-23,page_089,203
U02917,add_to_cart,2024-04-23,page_073,83
U02918,register,2024-07-14,page_070,18
U02918,app_open,2024-07-14,page_054,28
U02918,browse,2024-07-14,page_095,159
U02918,add_to_cart,2024-07-14,page_003,61
U02919,register,2023-04-23,page_044,5
U02919,app_open,2023-04-23,page_046,15
U02919,share,2023-04-28,page_048,19
U02920,register,2023-06-22,page_059,23
U02920,app_open,2023-06-22,page_048,31
U02921,register,2023-11-04,page_057,5
U02921,app_open,2023-11-04,page_086,55
U02922,register,2023-08-09,page_081,22
U02922,app_open,2023-08-09,page_042,40
U02922,browse,2023-08-09,page_079,80
U02922,add_to_cart,2023-08-09,page_042,38
U02923,register,2024-11-24,page_052,27
U02923,app_open,2024-11-24,page_056,37
U02924,register,2023-02-20,page_037,26
U02924,app_open,2023-02-20,page_033,18
U02924,browse,2023-02-20,page_075,261
U02925,register,2023-03-06,page_080,26
U02925,app_open,2023-03-06,page_061,16
U02925,browse,2023-03-06,page_052,43
U02926,register,2023-02-23,page_054,26
U02926,app_open,2023-02-23,page_036,28
U02927,register,2023-08-20,page_094,20
U02927,app_open,2023-08-20,page_042,36
U02928,register,2024-12-08,page_053,24
U02928,app_open,2024-12-08,page_042,59
U02928,browse,2024-12-08,page_013,176
U02929,register,2023-03-17,page_035,25
U02929,app_open,2023-03-17,page_074,11
U02929,browse,2023-03-17,page_025,71
U02929,add_to_cart,2023-03-17,page_075,119
U02930,register,2023-11-03,page_018,27
U02930,app_open,2023-11-03,page_039,45
U02930,browse,2023-11-03,page_005,137
U02930,add_to_cart,2023-11-03,page_001,68
U02931,register,2023-12-14,page_031,25
U02931,app_open,2023-12-14,page_065,34
U02931,browse,2023-12-14,page_035,173
U02932,register,2023-01-12,page_057,7
U02932,app_open,2023-01-12,page_055,53
U02933,register,2024-06-24,page_090,14
U02934,register,2023-04-25,page_049,25
U02934,app_open,2023-04-25,page_089,44
U02934,browse,2023-04-25,page_013,48
U02934,add_to_cart,2023-04-25,page_051,76
U02935,register,2024-11-03,page_077,19
U02935,app_open,2024-11-03,page_035,47
U02935,browse,2024-11-03,page_032,260
U02936,register,2024-05-13,page_058,21
U02936,app_open,2024-05-13,page_053,58
U02937,register,2024-05-17,page_077,26
U02938,register,2024-07-05,page_052,7
U02938,app_open,2024-07-05,page_062,14
U02939,register,2023-08-24,page_056,21
U02939,app_open,2023-08-24,page_089,56
U02939,browse,2023-08-24,page_038,112
U02939,add_to_cart,2023-08-24,page_022,103
U02940,register,2023-02-25,page_099,18
U02940,app_open,2023-02-25,page_072,52
U02941,register,2023-09-07,page_085,18
U02941,app_open,2023-09-07,page_085,44
U02941,browse,2023-09-07,page_074,157
U02941,add_to_cart,2023-09-07,page_098,98
U02941,share,2023-10-03,page_097,10
U02942,register,2024-04-12,page_024,9
U02942,app_open,2024-04-12,page_057,53
U02943,register,2024-09-05,page_037,15
U02943,app_open,2024-09-05,page_092,58
U02943,browse,2024-09-05,page_026,239
U02944,register,2024-12-24,page_024,11
U02944,app_open,2024-12-24,page_078,23
U02944,browse,2024-12-24,page_082,233
U02945,register,2024-09-22,page_064,8
U02945,app_open,2024-09-22,page_063,38
U02945,browse,2024-09-22,page_053,183
U02946,register,2023-06-22,page_008,22
U02946,app_open,2023-06-22,page_045,21
U02946,browse,2023-06-22,page_032,136
U02947,register,2024-09-25,page_038,11
U02947,app_open,2024-09-25,page_095,29
U02947,browse,2024-09-25,page_061,139
U02947,add_to_cart,2024-09-25,page_008,24
U02948,register,2024-05-15,page_016,20
U02948,app_open,2024-05-15,page_040,42
U02948,browse,2024-05-15,page_066,55
U02948,add_to_cart,2024-05-15,page_036,84
U02949,register,2023-10-03,page_018,19
U02949,app_open,2023-10-03,page_010,12
U02949,browse,2023-10-03,page_040,199
U02949,add_to_cart,2023-10-03,page_033,45
U02950,register,2023-07-25,page_008,26
U02950,app_open,2023-07-25,page_039,50
U02950,browse,2023-07-25,page_045,281
U02951,register,2023-02-13,page_051,24
U02951,app_open,2023-02-13,page_088,39
U02952,register,2024-02-04,page_041,24
U02952,app_open,2024-02-04,page_002,10
U02952,browse,2024-02-04,page_081,40
U02952,share,2024-02-07,page_064,18
U02953,register,2023-08-05,page_006,18
U02953,app_open,2023-08-05,page_002,31
U02953,browse,2023-08-05,page_018,292
U02953,add_to_cart,2023-08-05,page_042,21
U02954,register,2023-12-27,page_061,24
U02954,app_open,2023-12-27,page_082,33
U02954,share,2024-01-19,page_039,24
U02955,register,2024-12-12,page_053,29
U02956,register,2023-11-02,page_089,22
U02957,register,2024-12-22,page_062,13
U02957,app_open,2024-12-22,page_005,26
U02957,browse,2024-12-22,page_095,175
U02957,share,2025-01-08,page_098,5
U02958,register,2023-05-13,page_068,21
U02958,app_open,2023-05-13,page_017,11
U02959,register,2024-06-23,page_038,22
U02959,app_open,2024-06-23,page_002,37
U02959,browse,2024-06-23,page_079,214
U02959,add_to_cart,2024-06-23,page_092,112
U02960,register,2024-05-06,page_007,24
U02960,app_open,2024-05-06,page_011,17
U02960,browse,2024-05-06,page_033,163
U02960,add_to_cart,2024-05-06,page_059,64
U02961,register,2024-07-22,page_035,23
U02962,register,2024-05-17,page_035,17
U02962,app_open,2024-05-17,page_085,30
U02962,browse,2024-05-17,page_008,123
U02962,share,2024-05-23,page_085,10
U02963,register,2024-06-26,page_013,11
U02963,app_open,2024-06-26,page_085,45
U02963,browse,2024-06-26,page_096,76
U02964,register,2024-03-23,page_053,10
U02964,app_open,2024-03-23,page_047,53
U02964,browse,2024-03-23,page_040,162
U02965,register,2024-08-04,page_075,18
U02965,app_open,2024-08-04,page_091,26
U02965,browse,2024-08-04,page_083,98
U02965,add_to_cart,2024-08-04,page_033,79
U02966,register,2023-04-05,page_053,21
U02966,app_open,2023-04-05,page_012,57
U02966,browse,2023-04-05,page_094,142
U02966,add_to_cart,2023-04-05,page_079,42
U02967,register,2024-03-02,page_080,16
U02967,app_open,2024-03-02,page_017,58
U02968,register,2023-11-23,page_077,17
U02968,app_open,2023-11-23,page_026,53
U02968,browse,2023-11-23,page_096,196
U02968,add_to_cart,2023-11-23,page_011,19
U02969,register,2023-03-11,page_089,8
U02969,app_open,2023-03-11,page_025,32
U02969,browse,2023-03-11,page_026,91
U02970,register,2023-03-11,page_097,9
U02970,app_open,2023-03-11,page_015,52
U02970,browse,2023-03-11,page_015,94
U02971,register,2023-02-22,page_015,6
U02971,app_open,2023-02-22,page_054,24
U02972,register,2024-08-20,page_058,21
U02972,app_open,2024-08-20,page_011,27
U02973,register,2024-03-08,page_089,13
U02973,app_open,2024-03-08,page_048,20
U02973,browse,2024-03-08,page_028,208
U02974,register,2023-02-23,page_071,20
U02974,app_open,2023-02-23,page_019,15
U02974,browse,2023-02-23,page_039,80
U02975,register,2024-06-22,page_013,10
U02975,app_open,2024-06-22,page_081,15
U02975,browse,2024-06-22,page_029,237
U02976,register,2024-09-08,page_089,21
U02976,app_open,2024-09-08,page_049,16
U02976,browse,2024-09-08,page_088,73
U02976,share,2024-10-02,page_041,13
U02977,register,2024-10-12,page_096,24
U02977,app_open,2024-10-12,page_045,44
U02978,register,2024-11-06,page_042,5
U02978,app_open,2024-11-06,page_059,28
U02979,register,2024-12-02,page_003,15
U02979,app_open,2024-12-02,page_079,14
U02979,browse,2024-12-02,page_076,178
U02980,register,2023-12-23,page_017,17
U02980,app_open,2023-12-23,page_064,22
U02980,share,2024-01-18,page_012,16
U02981,register,2024-09-12,page_066,5
U02981,app_open,2024-09-12,page_055,55
U02982,register,2024-01-09,page_072,15
U02982,app_open,2024-01-09,page_003,36
U02982,browse,2024-01-09,page_067,200
U02982,add_to_cart,2024-01-09,page_071,65
U02983,register,2024-03-11,page_023,21
U02983,app_open,2024-03-11,page_002,25
U02983,browse,2024-03-11,page_046,157
U02983,add_to_cart,2024-03-11,page_052,25
U02984,register,2023-09-24,page_002,8
U02984,app_open,2023-09-24,page_027,22
U02984,browse,2023-09-24,page_018,44
U02984,add_to_cart,2023-09-24,page_087,116
U02985,register,2023-08-20,page_066,23
U02985,app_open,2023-08-20,page_088,29
U02986,register,2024-12-18,page_099,8
U02986,app_open,2024-12-18,page_030,52
U02986,browse,2024-12-18,page_012,68
U02987,register,2023-11-05,page_056,26
U02988,register,2023-04-21,page_098,20
U02988,app_open,2023-04-21,page_073,56
U02988,browse,2023-04-21,page_058,54
U02988,share,2023-05-19,page_003,12
U02989,register,2023-05-21,page_007,13
U02989,app_open,2023-05-21,page_051,18
U02989,browse,2023-05-21,page_015,161
U02990,register,2023-07-17,page_009,23
U02990,app_open,2023-07-17,page_041,28
U02990,browse,2023-07-17,page_015,162
U02990,add_to_cart,2023-07-17,page_080,69
U02991,register,2024-06-23,page_057,9
U02992,register,2023-01-16,page_062,23
U02993,register,2023-09-12,page_009,29
U02993,app_open,2023-09-12,page_044,13
U02993,browse,2023-09-12,page_025,150
U02993,add_to_cart,2023-09-12,page_056,23
U02994,register,2024-07-11,page_049,22
U02994,app_open,2024-07-11,page_002,17
U02995,register,2023-06-04,page_088,6
U02995,app_open,2023-06-04,page_060,19
U02995,browse,2023-06-04,page_079,186
U02996,register,2024-04-03,page_034,23
U02996,app_open,2024-04-03,page_044,34
U02997,register,2023-08-16,page_090,20
U02997,app_open,2023-08-16,page_029,38
U02997,share,2023-08-28,page_062,13
U02998,register,2023-02-13,page_018,11
U02998,app_open,2023-02-13,page_001,30
U02998,browse,2023-02-13,page_014,217
U02999,register,2024-07-24,page_044,14
U02999,app_open,2024-07-24,page_055,18
U02999,browse,2024-07-24,page_049,201
U03000,register,2024-04-19,page_075,27
U03000,app_open,2024-04-19,page_024,52
U03000,browse,2024-04-19,page_043,282
U03000,share,2024-05-07,page_017,5
U03001,register,2023-08-23,page_067,14
U03001,app_open,2023-08-23,page_053,40
U03001,browse,2023-08-23,page_002,228
U03001,add_to_cart,2023-08-23,page_038,20
U03002,register,2023-02-01,page_085,9
U03003,register,2024-05-18,page_008,27
U03003,app_open,2024-05-18,page_038,19
U03004,register,2023-07-09,page_012,25
U03004,app_open,2023-07-09,page_021,25
U03005,register,2024-11-03,page_023,18
U03006,register,2024-12-24,page_014,7
U03006,app_open,2024-12-24,page_088,24
U03007,register,2023-11-28,page_015,27
U03007,app_open,2023-11-28,page_027,11
U03007,browse,2023-11-28,page_049,107
U03007,share,2023-12-04,page_086,6
U03008,register,2024-04-09,page_014,16
U03008,app_open,2024-04-09,page_019,34
U03008,browse,2024-04-09,page_097,80
U03008,add_to_cart,2024-04-09,page_080,48
U03008,share,2024-04-29,page_006,24
U03009,register,2023-12-14,page_041,15
U03009,app_open,2023-12-14,page_022,13
U03009,browse,2023-12-14,page_040,209
U03009,share,2024-01-07,page_027,7
U03010,register,2023-04-26,page_043,10
U03010,app_open,2023-04-26,page_052,10
U03010,browse,2023-04-26,page_098,68
U03011,register,2023-04-11,page_056,12
U03011,app_open,2023-04-11,page_087,30
U03011,browse,2023-04-11,page_083,165
U03011,add_to_cart,2023-04-11,page_090,110
U03011,share,2023-04-17,page_020,9
U03012,register,2023-02-24,page_048,6
U03012,app_open,2023-02-24,page_037,49
U03012,browse,2023-02-24,page_063,117
U03013,register,2024-06-03,page_037,8
U03013,app_open,2024-06-03,page_088,54
U03014,register,2023-02-01,page_090,17
U03014,app_open,2023-02-01,page_003,18
U03014,browse,2023-02-01,page_078,280
U03014,add_to_cart,2023-02-01,page_062,26
U03015,register,2023-05-07,page_049,12
U03015,app_open,2023-05-07,page_063,17
U03015,browse,2023-05-07,page_025,116
U03016,register,2024-08-04,page_051,11
U03016,app_open,2024-08-04,page_036,44
U03016,browse,2024-08-04,page_090,192
U03016,add_to_cart,2024-08-04,page_012,34
U03017,register,2023-03-06,page_067,27
U03017,app_open,2023-03-06,page_004,54
U03017,browse,2023-03-06,page_046,127
U03018,register,2023-12-16,page_052,9
U03018,app_open,2023-12-16,page_001,53
U03019,register,2023-08-11,page_020,6
U03019,app_open,2023-08-11,page_045,35
U03020,register,2024-01-14,page_024,6
U03020,app_open,2024-01-14,page_048,44
U03020,browse,2024-01-14,page_064,164
U03020,add_to_cart,2024-01-14,page_089,118
U03021,register,2024-06-22,page_046,7
U03021,app_open,2024-06-22,page_064,32
U03021,browse,2024-06-22,page_024,52
U03022,register,2023-08-01,page_008,28
U03022,app_open,2023-08-01,page_075,44
U03022,browse,2023-08-01,page_072,51
U03022,add_to_cart,2023-08-01,page_030,15
U03023,register,2023-04-17,page_007,11
U03024,register,2024-08-27,page_071,27
U03024,app_open,2024-08-27,page_035,39
U03024,share,2024-09-25,page_094,24
U03025,register,2024-10-06,page_073,29
U03025,app_open,2024-10-06,page_075,11
U03025,browse,2024-10-06,page_039,84
U03025,share,2024-10-19,page_066,11
U03026,register,2023-05-14,page_003,10
U03026,app_open,2023-05-14,page_024,58
U03026,browse,2023-05-14,page_051,233
U03026,add_to_cart,2023-05-14,page_094,81
U03027,register,2024-07-14,page_035,10
U03027,app_open,2024-07-14,page_020,28
U03028,register,2023-02-09,page_057,12
U03028,app_open,2023-02-09,page_063,50
U03028,browse,2023-02-09,page_036,211
U03029,register,2023-07-18,page_065,13
U03029,app_open,2023-07-18,page_022,24
U03029,browse,2023-07-18,page_086,214
U03029,add_to_cart,2023-07-18,page_009,70
U03030,register,2024-08-11,page_034,29
U03030,app_open,2024-08-11,page_075,35
U03031,register,2023-08-26,page_084,15
U03031,app_open,2023-08-26,page_068,34
U03031,browse,2023-08-26,page_030,150
U03032,register,2024-10-21,page_027,27
U03033,register,2023-10-18,page_004,16
U03033,app_open,2023-10-18,page_008,44
U03033,browse,2023-10-18,page_025,179
U03033,share,2023-10-24,page_024,17
U03034,register,2024-05-17,page_099,20
U03034,app_open,2024-05-17,page_009,13
U03034,browse,2024-05-17,page_072,176
U03034,add_to_cart,2024-05-17,page_095,24
U03035,register,2023-01-27,page_035,5
U03035,app_open,2023-01-27,page_040,17
U03035,browse,2023-01-27,page_012,128
U03036,register,2024-10-04,page_025,8
U03036,app_open,2024-10-04,page_045,30
U03036,browse,2024-10-04,page_090,98
U03036,add_to_cart,2024-10-04,page_064,92
U03037,register,2023-11-09,page_059,22
U03037,app_open,2023-11-09,page_096,49
U03037,browse,2023-11-09,page_012,288
U03038,register,2023-09-03,page_040,20
U03039,register,2023-06-06,page_033,24
U03039,app_open,2023-06-06,page_068,50
U03040,register,2023-10-10,page_025,13
U03040,app_open,2023-10-10,page_074,57
U03040,browse,2023-10-10,page_028,167
U03041,register,2024-05-15,page_061,28
U03041,app_open,2024-05-15,page_003,48
U03041,browse,2024-05-15,page_087,120
U03042,register,2023-04-22,page_030,5
U03042,app_open,2023-04-22,page_041,18
U03042,browse,2023-04-22,page_074,209
U03042,add_to_cart,2023-04-22,page_024,45
U03043,register,2023-10-28,page_095,21
U03043,app_open,2023-10-28,page_064,31
U03044,register,2023-08-01,page_057,9
U03045,register,2024-12-22,page_054,7
U03046,register,2024-05-12,page_069,7
U03047,register,2023-12-25,page_049,20
U03047,app_open,2023-12-25,page_056,28
U03047,browse,2023-12-25,page_073,157
U03047,add_to_cart,2023-12-25,page_046,59
U03048,register,2024-01-25,page_082,18
U03048,app_open,2024-01-25,page_039,42
U03048,browse,2024-01-25,page_035,208
U03049,register,2024-02-08,page_060,29
U03049,app_open,2024-02-08,page_036,40
U03050,register,2024-02-07,page_027,20
U03050,app_open,2024-02-07,page_018,17
U03050,browse,2024-02-07,page_040,184
U03050,add_to_cart,2024-02-07,page_045,115
U03050,share,2024-03-01,page_031,6
U03051,register,2024-05-11,page_009,18
U03051,app_open,2024-05-11,page_034,50
U03051,share,2024-06-02,page_048,5
U03052,register,2023-01-08,page_070,16
U03052,app_open,2023-01-08,page_044,36
U03052,share,2023-02-02,page_054,10
U03053,register,2024-01-26,page_016,9
U03053,app_open,2024-01-26,page_008,45
U03053,browse,2024-01-26,page_071,214
U03054,register,2024-12-17,page_070,24
U03054,app_open,2024-12-17,page_002,40
U03054,share,2025-01-07,page_051,21
U03055,register,2024-12-24,page_056,24
U03055,app_open,2024-12-24,page_094,27
U03055,browse,2024-12-24,page_050,191
U03055,add_to_cart,2024-12-24,page_033,100
U03055,share,2025-01-13,page_083,17
U03056,register,2023-12-26,page_006,8
U03056,app_open,2023-12-26,page_066,40
U03056,browse,2023-12-26,page_068,190
U03056,add_to_cart,2023-12-26,page_010,71
U03057,register,2024-04-10,page_012,22
U03057,app_open,2024-04-10,page_041,55
U03057,browse,2024-04-10,page_035,196
U03058,register,2024-04-28,page_063,23
U03058,app_open,2024-04-28,page_008,33
U03058,browse,2024-04-28,page_099,289
U03059,register,2023-03-01,page_079,23
U03059,app_open,2023-03-01,page_011,45
U03060,register,2024-07-24,page_050,23
U03060,app_open,2024-07-24,page_020,13
U03060,browse,2024-07-24,page_097,233
U03061,register,2023-08-16,page_014,28
U03061,app_open,2023-08-16,page_041,34
U03061,share,2023-08-19,page_036,11
U03062,register,2024-03-07,page_078,12
U03062,app_open,2024-03-07,page_091,59
U03062,browse,2024-03-07,page_012,127
U03063,register,2023-02-13,page_028,19
U03064,register,2023-05-10,page_083,5
U03064,app_open,2023-05-10,page_046,57
U03064,browse,2023-05-10,page_048,181
U03065,register,2023-08-13,page_077,20
U03065,app_open,2023-08-13,page_053,20
U03065,browse,2023-08-13,page_073,193
U03066,register,2024-07-06,page_027,12
U03066,app_open,2024-07-06,page_058,44
U03067,register,2024-06-08,page_010,18
U03068,register,2023-09-17,page_074,25
U03068,app_open,2023-09-17,page_093,34
U03068,share,2023-10-10,page_055,18
U03069,register,2023-04-22,page_057,15
U03070,register,2024-06-06,page_006,15
U03070,app_open,2024-06-06,page_011,10
U03071,register,2023-11-23,page_054,29
U03071,app_open,2023-11-23,page_099,48
U03071,browse,2023-11-23,page_044,286
U03071,add_to_cart,2023-11-23,page_078,102
U03072,register,2024-10-10,page_015,27
U03072,app_open,2024-10-10,page_082,25
U03072,browse,2024-10-10,page_018,286
U03072,add_to_cart,2024-10-10,page_029,40
U03073,register,2023-11-08,page_056,14
U03073,app_open,2023-11-08,page_049,34
U03073,browse,2023-11-08,page_089,205
U03073,add_to_cart,2023-11-08,page_026,75
U03074,register,2024-09-03,page_065,9
U03074,app_open,2024-09-03,page_094,30
U03074,share,2024-09-17,page_080,7
U03075,register,2023-02-18,page_092,19
U03076,register,2023-02-26,page_078,21
U03076,app_open,2023-02-26,page_053,13
U03076,browse,2023-02-26,page_046,77
U03077,register,2023-12-05,page_081,27
U03077,app_open,2023-12-05,page_036,49
U03077,browse,2023-12-05,page_048,233
U03077,add_to_cart,2023-12-05,page_081,63
U03078,register,2023-04-16,page_083,17
U03078,app_open,2023-04-16,page_047,49
U03078,browse,2023-04-16,page_099,88
U03078,add_to_cart,2023-04-16,page_095,43
U03079,register,2024-02-02,page_055,19
U03079,app_open,2024-02-02,page_044,59
U03079,browse,2024-02-02,page_077,74
U03080,register,2024-09-07,page_096,5
U03080,app_open,2024-09-07,page_093,51
U03080,browse,2024-09-07,page_014,110
U03080,share,2024-09-24,page_012,13
U03081,register,2024-09-11,page_003,16
U03081,app_open,2024-09-11,page_014,59
U03081,browse,2024-09-11,page_004,55
U03082,register,2024-12-12,page_029,14
U03083,register,2024-10-25,page_087,13
U03084,register,2023-05-24,page_040,26
U03084,app_open,2023-05-24,page_085,27
U03084,browse,2023-05-24,page_010,288
U03084,add_to_cart,2023-05-24,page_038,78
U03085,register,2024-04-22,page_098,5
U03086,register,2023-07-28,page_039,14
U03086,app_open,2023-07-28,page_024,21
U03086,browse,2023-07-28,page_006,265
U03086,add_to_cart,2023-07-28,page_070,110
U03087,register,2023-08-04,page_068,28
U03087,app_open,2023-08-04,page_074,58
U03087,browse,2023-08-04,page_035,218
U03088,register,2023-04-27,page_079,7
U03089,register,2023-06-02,page_027,27
U03090,register,2023-09-28,page_026,23
U03090,app_open,2023-09-28,page_009,29
U03091,register,2023-08-18,page_082,18
U03091,app_open,2023-08-18,page_067,36
U03091,browse,2023-08-18,page_040,48
U03091,add_to_cart,2023-08-18,page_072,51
U03092,register,2023-12-16,page_078,9
U03093,register,2023-01-26,page_073,21
U03093,app_open,2023-01-26,page_093,37
U03094,register,2024-08-27,page_025,6
U03094,app_open,2024-08-27,page_017,54
U03094,browse,2024-08-27,page_098,36
U03094,share,2024-09-20,page_066,5
U03095,register,2023-04-14,page_042,14
U03095,app_open,2023-04-14,page_082,39
U03095,browse,2023-04-14,page_083,221
U03096,register,2024-06-05,page_061,12
U03096,app_open,2024-06-05,page_066,23
U03096,browse,2024-06-05,page_095,67
U03096,share,2024-06-19,page_044,23
U03097,register,2023-03-19,page_098,23
U03097,app_open,2023-03-19,page_092,24
U03098,register,2023-12-26,page_001,17
U03098,app_open,2023-12-26,page_077,42
U03098,browse,2023-12-26,page_017,83
U03099,register,2024-07-20,page_023,6
U03099,app_open,2024-07-20,page_048,15
U03099,browse,2024-07-20,page_012,259
U03100,register,2023-11-21,page_024,16
U03100,app_open,2023-11-21,page_055,13
U03100,browse,2023-11-21,page_030,220
U03101,register,2024-08-09,page_086,22
U03101,app_open,2024-08-09,page_062,59
U03101,browse,2024-08-09,page_094,198
U03101,add_to_cart,2024-08-09,page_003,109
U03102,register,2024-08-27,page_094,27
U03102,app_open,2024-08-27,page_084,22
U03102,browse,2024-08-27,page_054,233
U03102,add_to_cart,2024-08-27,page_073,62
U03103,register,2024-11-26,page_053,24
U03103,app_open,2024-11-26,page_051,37
U03103,browse,2024-11-26,page_003,198
U03104,register,2023-05-10,page_037,14
U03104,app_open,2023-05-10,page_095,40
U03104,browse,2023-05-10,page_021,124
U03105,register,2023-09-25,page_015,16
U03106,register,2024-01-08,page_018,13
U03106,app_open,2024-01-08,page_023,54
U03106,browse,2024-01-08,page_068,246
U03107,register,2024-10-13,page_009,6
U03107,app_open,2024-10-13,page_020,42
U03107,browse,2024-10-13,page_020,257
U03107,add_to_cart,2024-10-13,page_003,35
U03108,register,2024-10-28,page_033,20
U03108,app_open,2024-10-28,page_091,47
U03109,register,2024-06-23,page_090,8
U03109,app_open,2024-06-23,page_030,37
U03109,browse,2024-06-23,page_081,99
U03109,add_to_cart,2024-06-23,page_018,101
U03109,share,2024-07-11,page_078,18
U03110,register,2023-09-09,page_072,23
U03110,app_open,2023-09-09,page_083,53
U03110,browse,2023-09-09,page_051,114
U03111,register,2023-02-25,page_003,13
U03111,app_open,2023-02-25,page_095,40
U03111,browse,2023-02-25,page_049,50
U03112,register,2023-07-05,page_044,8
U03113,register,2024-09-06,page_006,22
U03113,app_open,2024-09-06,page_004,27
U03113,browse,2024-09-06,page_007,228
U03114,register,2024-01-24,page_062,25
U03115,register,2024-06-03,page_094,9
U03115,app_open,2024-06-03,page_050,19
U03115,browse,2024-06-03,page_069,270
U03115,add_to_cart,2024-06-03,page_044,34
U03115,share,2024-06-30,page_038,17
U03116,register,2023-10-23,page_083,6
U03116,app_open,2023-10-23,page_021,38
U03117,register,2023-03-01,page_080,19
U03117,app_open,2023-03-01,page_084,26
U03117,browse,2023-03-01,page_049,216
U03118,register,2023-06-23,page_046,11
U03118,app_open,2023-06-23,page_002,16
U03118,browse,2023-06-23,page_084,138
U03119,register,2024-04-25,page_058,12
U03119,app_open,2024-04-25,page_085,26
U03119,browse,2024-04-25,page_024,206
U03119,add_to_cart,2024-04-25,page_079,71
U03119,share,2024-04-28,page_079,12
U03120,register,2024-05-27,page_096,21
U03120,app_open,2024-05-27,page_014,45
U03120,browse,2024-05-27,page_018,55
U03121,register,2024-04-25,page_009,8
U03121,app_open,2024-04-25,page_015,27
U03121,browse,2024-04-25,page_021,94
U03121,add_to_cart,2024-04-25,page_094,36
U03122,register,2023-10-07,page_013,18
U03122,app_open,2023-10-07,page_037,33
U03122,browse,2023-10-07,page_024,65
U03122,add_to_cart,2023-10-07,page_015,79
U03123,register,2023-08-03,page_022,13
U03123,app_open,2023-08-03,page_096,17
U03123,browse,2023-08-03,page_096,220
U03124,register,2023-05-19,page_075,19
U03124,app_open,2023-05-19,page_049,42
U03124,browse,2023-05-19,page_049,235
U03124,add_to_cart,2023-05-19,page_071,96
U03125,register,2023-07-18,page_055,7
U03125,app_open,2023-07-18,page_040,13
U03125,browse,2023-07-18,page_053,271
U03125,share,2023-07-25,page_004,28
U03126,register,2024-10-26,page_011,9
U03126,app_open,2024-10-26,page_035,24
U03126,browse,2024-10-26,page_065,44
U03126,add_to_cart,2024-10-26,page_051,28
U03126,share,2024-11-13,page_008,19
U03127,register,2024-06-25,page_050,22
U03127,app_open,2024-06-25,page_080,11
U03127,browse,2024-06-25,page_024,285
U03128,register,2023-06-05,page_051,29
U03128,app_open,2023-06-05,page_008,18
U03128,browse,2023-06-05,page_027,53
U03128,add_to_cart,2023-06-05,page_007,62
U03129,register,2023-06-28,page_095,15
U03130,register,2023-06-22,page_049,10
U03130,app_open,2023-06-22,page_091,41
U03130,browse,2023-06-22,page_030,250
U03130,share,2023-06-28,page_048,17
U03131,register,2024-10-25,page_001,13
U03132,register,2024-11-11,page_002,27
U03133,register,2024-05-26,page_020,19
U03134,register,2023-09-22,page_040,14
U03134,app_open,2023-09-22,page_023,24
U03134,browse,2023-09-22,page_037,140
U03134,add_to_cart,2023-09-22,page_073,66
U03134,share,2023-10-16,page_037,10
U03135,register,2024-04-10,page_032,10
U03136,register,2024-03-08,page_025,24
U03136,app_open,2024-03-08,page_051,33
U03137,register,2024-02-16,page_021,27
U03137,app_open,2024-02-16,page_004,51
U03137,browse,2024-02-16,page_008,132
U03138,register,2024-07-03,page_078,7
U03138,app_open,2024-07-03,page_034,40
U03138,browse,2024-07-03,page_001,261
U03138,share,2024-07-23,page_087,12
U03139,register,2024-01-28,page_043,22
U03139,app_open,2024-01-28,page_025,23
U03139,browse,2024-01-28,page_034,231
U03139,add_to_cart,2024-01-28,page_073,38
U03140,register,2023-09-12,page_029,14
U03140,app_open,2023-09-12,page_036,33
U03140,browse,2023-09-12,page_038,214
U03141,register,2023-05-21,page_035,28
U03141,app_open,2023-05-21,page_085,33
U03141,browse,2023-05-21,page_073,173
U03141,add_to_cart,2023-05-21,page_091,62
U03142,register,2024-07-07,page_013,9
U03142,app_open,2024-07-07,page_095,54
U03142,browse,2024-07-07,page_099,124
U03143,register,2023-07-19,page_087,20
U03144,register,2023-08-06,page_035,15
U03144,app_open,2023-08-06,page_057,10
U03144,browse,2023-08-06,page_009,84
U03145,register,2023-03-22,page_038,12
U03145,app_open,2023-03-22,page_093,36
U03145,browse,2023-03-22,page_026,160
U03146,register,2023-01-06,page_064,19
U03146,app_open,2023-01-06,page_095,14
U03146,browse,2023-01-06,page_025,79
U03146,add_to_cart,2023-01-06,page_070,103
U03147,register,2024-11-20,page_061,25
U03147,app_open,2024-11-20,page_069,33
U03147,browse,2024-11-20,page_052,204
U03148,register,2024-08-19,page_068,21
U03148,app_open,2024-08-19,page_055,52
U03148,browse,2024-08-19,page_096,261
U03149,register,2024-09-28,page_039,19
U03149,app_open,2024-09-28,page_001,13
U03149,browse,2024-09-28,page_029,254
U03149,add_to_cart,2024-09-28,page_001,114
U03149,share,2024-10-26,page_045,26
U03150,register,2024-01-27,page_056,8
U03150,app_open,2024-01-27,page_009,41
U03150,browse,2024-01-27,page_044,103
U03151,register,2024-05-22,page_051,22
U03151,app_open,2024-05-22,page_017,13
U03152,register,2024-06-20,page_050,9
U03152,app_open,2024-06-20,page_074,39
U03152,browse,2024-06-20,page_041,192
U03153,register,2023-06-11,page_022,19
U03153,app_open,2023-06-11,page_052,23
U03153,browse,2023-06-11,page_043,283
U03154,register,2023-06-28,page_060,5
U03154,app_open,2023-06-28,page_097,32
U03155,register,2023-07-01,page_034,23
U03155,app_open,2023-07-01,page_001,39
U03156,register,2024-10-25,page_085,16
U03156,app_open,2024-10-25,page_008,31
U03156,browse,2024-10-25,page_055,98
U03157,register,2024-12-08,page_009,18
U03158,register,2024-02-22,page_094,16
U03158,app_open,2024-02-22,page_052,47
U03158,browse,2024-02-22,page_053,67
U03158,add_to_cart,2024-02-22,page_021,112
U03159,register,2024-08-01,page_036,14
U03159,app_open,2024-08-01,page_065,14
U03159,browse,2024-08-01,page_070,94
U03159,add_to_cart,2024-08-01,page_033,58
U03160,register,2023-05-05,page_074,10
U03160,app_open,2023-05-05,page_027,37
U03160,browse,2023-05-05,page_091,248
U03161,register,2024-02-07,page_009,5
U03161,app_open,2024-02-07,page_052,58
U03162,register,2024-05-11,page_017,19
U03162,app_open,2024-05-11,page_040,46
U03162,browse,2024-05-11,page_006,73
U03162,add_to_cart,2024-05-11,page_076,64
U03163,register,2024-10-07,page_067,17
U03164,register,2023-01-15,page_037,24
U03164,app_open,2023-01-15,page_092,35
U03164,browse,2023-01-15,page_075,140
U03165,register,2024-07-10,page_055,28
U03166,register,2023-09-13,page_070,27
U03166,app_open,2023-09-13,page_086,39
U03166,browse,2023-09-13,page_074,161
U03166,add_to_cart,2023-09-13,page_047,40
U03167,register,2024-12-13,page_060,27
U03167,app_open,2024-12-13,page_034,29
U03168,register,2023-06-08,page_094,14
U03168,app_open,2023-06-08,page_084,39
U03168,browse,2023-06-08,page_034,291
U03168,share,2023-06-22,page_066,10
U03169,register,2023-12-02,page_060,19
U03169,app_open,2023-12-02,page_018,49
U03169,browse,2023-12-02,page_064,186
U03170,register,2024-04-12,page_011,29
U03170,app_open,2024-04-12,page_011,39
U03171,register,2024-11-18,page_006,17
U03171,app_open,2024-11-18,page_028,37
U03172,register,2023-03-18,page_083,28
U03172,app_open,2023-03-18,page_075,42
U03172,browse,2023-03-18,page_072,102
U03172,add_to_cart,2023-03-18,page_083,68
U03173,register,2023-11-05,page_076,14
U03174,register,2024-01-10,page_043,8
U03174,app_open,2024-01-10,page_028,51
U03174,browse,2024-01-10,page_076,265
U03175,register,2024-09-22,page_056,7
U03175,app_open,2024-09-22,page_052,13
U03175,browse,2024-09-22,page_020,67
U03176,register,2024-03-06,page_042,21
U03176,app_open,2024-03-06,page_088,55
U03176,browse,2024-03-06,page_085,182
U03176,share,2024-03-15,page_050,13
U03177,register,2024-04-23,page_079,13
U03177,app_open,2024-04-23,page_022,59
U03177,browse,2024-04-23,page_040,39
U03178,register,2023-08-20,page_079,8
U03178,app_open,2023-08-20,page_020,58
U03179,register,2023-03-05,page_033,10
U03179,app_open,2023-03-05,page_074,31
U03180,register,2024-03-03,page_083,29
U03181,register,2024-03-02,page_079,26
U03181,app_open,2024-03-02,page_009,39
U03181,browse,2024-03-02,page_011,230
U03181,add_to_cart,2024-03-02,page_064,103
U03182,register,2023-12-27,page_058,21
U03182,app_open,2023-12-27,page_016,32
U03182,browse,2023-12-27,page_024,235
U03183,register,2023-05-09,page_055,15
U03183,app_open,2023-05-09,page_008,43
U03183,browse,2023-05-09,page_003,164
U03183,add_to_cart,2023-05-09,page_010,71
U03184,register,2024-10-04,page_008,18
U03184,app_open,2024-10-04,page_005,36
U03184,browse,2024-10-04,page_029,216
U03185,register,2024-11-26,page_017,29
U03185,app_open,2024-11-26,page_065,15
U03186,register,2024-09-28,page_079,6
U03186,app_open,2024-09-28,page_028,47
U03187,register,2023-07-16,page_060,21
U03188,register,2024-01-02,page_028,25
U03188,app_open,2024-01-02,page_018,59
U03188,browse,2024-01-02,page_014,161
U03188,add_to_cart,2024-01-02,page_027,46
U03189,register,2023-02-09,page_075,9
U03189,app_open,2023-02-09,page_008,30
U03189,browse,2023-02-09,page_092,243
U03190,register,2024-03-04,page_027,20
U03190,app_open,2024-03-04,page_034,54
U03190,browse,2024-03-04,page_074,209
U03191,register,2024-05-09,page_094,23
U03191,app_open,2024-05-09,page_003,10
U03191,browse,2024-05-09,page_073,230
U03192,register,2024-03-01,page_015,29
U03192,app_open,2024-03-01,page_001,26
U03192,browse,2024-03-01,page_013,133
U03192,add_to_cart,2024-03-01,page_060,110
U03193,register,2023-02-09,page_008,13
U03194,register,2023-11-19,page_013,22
U03194,app_open,2023-11-19,page_009,55
U03194,browse,2023-11-19,page_098,267
U03194,add_to_cart,2023-11-19,page_043,76
U03195,register,2023-01-19,page_002,12
U03195,app_open,2023-01-19,page_031,52
U03195,browse,2023-01-19,page_057,294
U03195,add_to_cart,2023-01-19,page_054,94
U03196,register,2023-09-28,page_071,11
U03196,app_open,2023-09-28,page_036,48
U03197,register,2023-02-05,page_057,7
U03197,app_open,2023-02-05,page_088,32
U03197,browse,2023-02-05,page_021,97
U03198,register,2024-05-26,page_004,10
U03198,app_open,2024-05-26,page_078,15
U03199,register,2023-01-14,page_050,26
U03199,app_open,2023-01-14,page_004,12
U03199,browse,2023-01-14,page_042,107
U03199,share,2023-02-02,page_066,23
U03200,register,2023-12-23,page_064,5
U03200,app_open,2023-12-23,page_032,20
U03201,register,2023-10-19,page_053,7
U03201,app_open,2023-10-19,page_079,24
U03201,browse,2023-10-19,page_076,88
U03202,register,2024-03-01,page_051,18
U03203,register,2023-01-11,page_025,18
U03203,app_open,2023-01-11,page_050,31
U03203,browse,2023-01-11,page_002,292
U03204,register,2023-11-05,page_090,27
U03204,app_open,2023-11-05,page_044,25
U03204,browse,2023-11-05,page_095,189
U03205,register,2023-03-11,page_062,12
U03205,app_open,2023-03-11,page_066,38
U03205,browse,2023-03-11,page_087,292
U03206,register,2023-04-06,page_025,12
U03207,register,2024-06-07,page_070,18
U03207,app_open,2024-06-07,page_089,52
U03207,browse,2024-06-07,page_034,142
U03207,add_to_cart,2024-06-07,page_080,78
U03208,register,2024-09-24,page_005,23
U03208,app_open,2024-09-24,page_097,34
U03209,register,2023-04-14,page_019,9
U03210,register,2023-08-20,page_017,5
U03210,app_open,2023-08-20,page_094,16
U03210,browse,2023-08-20,page_014,173
U03210,add_to_cart,2023-08-20,page_015,88
U03210,share,2023-09-15,page_031,22
U03211,register,2023-11-14,page_072,15
U03211,app_open,2023-11-14,page_022,59
U03211,browse,2023-11-14,page_015,46
U03211,add_to_cart,2023-11-14,page_092,38
U03212,register,2024-09-03,page_061,13
U03212,app_open,2024-09-03,page_064,20
U03212,browse,2024-09-03,page_020,105
U03212,add_to_cart,2024-09-03,page_093,49
U03213,register,2023-11-04,page_048,27
U03213,app_open,2023-11-04,page_017,24
U03213,browse,2023-11-04,page_018,191
U03213,add_to_cart,2023-11-04,page_003,60
U03213,share,2023-11-26,page_017,22
U03214,register,2023-09-05,page_048,6
U03214,app_open,2023-09-05,page_049,59
U03214,browse,2023-09-05,page_095,170
U03215,register,2024-01-20,page_047,20
U03215,app_open,2024-01-20,page_041,21
U03215,browse,2024-01-20,page_040,204
U03216,register,2023-04-07,page_090,14
U03216,app_open,2023-04-07,page_054,17
U03216,browse,2023-04-07,page_032,65
U03216,add_to_cart,2023-04-07,page_019,109
U03216,share,2023-04-16,page_026,18
U03217,register,2023-02-20,page_065,7
U03217,app_open,2023-02-20,page_035,43
U03218,register,2024-07-07,page_003,20
U03218,app_open,2024-07-07,page_070,35
U03218,browse,2024-07-07,page_043,274
U03218,add_to_cart,2024-07-07,page_032,16
U03219,register,2024-08-24,page_071,8
U03219,app_open,2024-08-24,page_087,31
U03219,browse,2024-08-24,page_069,36
U03219,add_to_cart,2024-08-24,page_063,51
U03220,register,2024-09-25,page_061,23
U03220,app_open,2024-09-25,page_022,54
U03221,register,2023-09-19,page_099,11
U03222,register,2024-08-25,page_022,28
U03222,app_open,2024-08-25,page_002,40
U03223,register,2023-02-21,page_002,7
U03223,app_open,2023-02-21,page_010,53
U03223,browse,2023-02-21,page_095,116
U03223,add_to_cart,2023-02-21,page_049,83
U03223,share,2023-03-15,page_015,27
U03224,register,2024-04-06,page_007,20
U03224,app_open,2024-04-06,page_022,26
U03224,browse,2024-04-06,page_016,125
U03224,add_to_cart,2024-04-06,page_068,118
U03225,register,2024-07-18,page_023,24
U03225,app_open,2024-07-18,page_069,17
U03225,browse,2024-07-18,page_013,153
U03225,add_to_cart,2024-07-18,page_091,81
U03225,share,2024-07-29,page_038,25
U03226,register,2024-05-11,page_088,18
U03226,app_open,2024-05-11,page_038,27
U03227,register,2024-11-04,page_025,6
U03227,app_open,2024-11-04,page_025,42
U03228,register,2024-12-08,page_042,26
U03228,app_open,2024-12-08,page_057,49
U03228,browse,2024-12-08,page_099,298
U03228,share,2024-12-18,page_008,16
U03229,register,2024-12-18,page_046,7
U03229,app_open,2024-12-18,page_020,14
U03229,browse,2024-12-18,page_034,169
U03230,register,2024-01-21,page_058,14
U03230,app_open,2024-01-21,page_006,50
U03230,browse,2024-01-21,page_082,111
U03230,add_to_cart,2024-01-21,page_038,59
U03231,register,2023-08-10,page_080,13
U03232,register,2024-06-18,page_087,7
U03232,app_open,2024-06-18,page_028,21
U03232,browse,2024-06-18,page_005,38
U03233,register,2024-05-16,page_036,22
U03233,app_open,2024-05-16,page_093,34
U03233,browse,2024-05-16,page_034,242
U03234,register,2023-06-14,page_078,9
U03234,app_open,2023-06-14,page_064,32
U03234,browse,2023-06-14,page_002,103
U03234,add_to_cart,2023-06-14,page_057,60
U03235,register,2023-05-15,page_073,19
U03235,app_open,2023-05-15,page_086,42
U03235,browse,2023-05-15,page_055,286
U03236,register,2024-01-16,page_044,19
U03236,app_open,2024-01-16,page_087,26
U03236,browse,2024-01-16,page_054,126
U03236,share,2024-02-14,page_012,9
U03237,register,2024-04-17,page_094,20
U03237,app_open,2024-04-17,page_077,42
U03237,browse,2024-04-17,page_039,85
U03238,register,2024-12-24,page_074,20
U03238,app_open,2024-12-24,page_077,37
U03239,register,2023-05-11,page_021,24
U03239,app_open,2023-05-11,page_032,51
U03239,browse,2023-05-11,page_027,142
U03239,add_to_cart,2023-05-11,page_092,49
U03240,register,2024-03-03,page_076,13
U03240,app_open,2024-03-03,page_014,17
U03240,browse,2024-03-03,page_027,88
U03240,add_to_cart,2024-03-03,page_002,19
U03241,register,2023-08-03,page_002,17
U03241,app_open,2023-08-03,page_041,14
U03241,browse,2023-08-03,page_098,185
U03241,share,2023-08-10,page_062,20
U03242,register,2023-04-27,page_017,18
U03242,app_open,2023-04-27,page_032,29
U03242,browse,2023-04-27,page_065,170
U03243,register,2024-02-23,page_007,29
U03243,app_open,2024-02-23,page_009,46
U03243,browse,2024-02-23,page_075,221
U03243,share,2024-03-16,page_012,26
U03244,register,2024-11-20,page_087,16
U03244,app_open,2024-11-20,page_028,44
U03244,browse,2024-11-20,page_070,299
U03244,add_to_cart,2024-11-20,page_069,70
U03244,share,2024-11-29,page_011,19
U03245,register,2023-06-24,page_097,18
U03245,app_open,2023-06-24,page_056,14
U03245,browse,2023-06-24,page_048,235
U03246,register,2024-11-04,page_058,5
U03246,app_open,2024-11-04,page_003,38
U03247,register,2023-12-02,page_022,18
U03247,app_open,2023-12-02,page_002,30
U03247,browse,2023-12-02,page_013,73
U03248,register,2024-06-14,page_070,15
U03248,app_open,2024-06-14,page_029,43
U03248,browse,2024-06-14,page_081,293
U03248,add_to_cart,2024-06-14,page_039,28
U03249,register,2023-08-08,page_043,6
U03250,register,2023-12-01,page_049,13
U03250,app_open,2023-12-01,page_024,23
U03250,browse,2023-12-01,page_076,49
U03250,share,2023-12-07,page_079,23
U03251,register,2023-01-04,page_048,25
U03251,app_open,2023-01-04,page_049,29
U03252,register,2024-05-10,page_089,16
U03252,app_open,2024-05-10,page_008,12
U03252,browse,2024-05-10,page_028,189
U03253,register,2023-01-26,page_054,22
U03253,app_open,2023-01-26,page_031,28
U03254,register,2023-11-21,page_045,22
U03254,app_open,2023-11-21,page_017,53
U03254,browse,2023-11-21,page_014,65
U03255,register,2024-05-10,page_069,18
U03255,app_open,2024-05-10,page_048,49
U03255,browse,2024-05-10,page_066,198
U03255,add_to_cart,2024-05-10,page_097,45
U03255,share,2024-05-30,page_037,6
U03256,register,2023-06-04,page_042,12
U03256,app_open,2023-06-04,page_073,58
U03256,share,2023-06-19,page_048,25
U03257,register,2024-01-27,page_096,24
U03257,app_open,2024-01-27,page_057,37
U03257,browse,2024-01-27,page_031,259
U03258,register,2023-11-05,page_027,26
U03258,app_open,2023-11-05,page_082,59
U03258,share,2023-11-07,page_066,8
U03259,register,2024-02-25,page_029,26
U03260,register,2023-02-03,page_098,6
U03260,app_open,2023-02-03,page_019,59
U03260,browse,2023-02-03,page_028,72
U03260,add_to_cart,2023-02-03,page_036,49
U03260,share,2023-03-01,page_076,15
U03261,register,2023-03-11,page_091,24
U03262,register,2023-09-19,page_052,9
U03262,app_open,2023-09-19,page_049,18
U03262,browse,2023-09-19,page_001,207
U03262,add_to_cart,2023-09-19,page_016,106
U03263,register,2023-10-21,page_098,26
U03263,app_open,2023-10-21,page_095,27
U03263,browse,2023-10-21,page_022,48
U03263,share,2023-11-09,page_059,12
U03264,register,2023-06-22,page_070,12
U03264,app_open,2023-06-22,page_093,53
U03264,browse,2023-06-22,page_099,183
U03264,add_to_cart,2023-06-22,page_014,84
U03265,register,2023-06-01,page_083,13
U03265,app_open,2023-06-01,page_059,48
U03265,browse,2023-06-01,page_067,165
U03266,register,2024-10-01,page_018,6
U03266,app_open,2024-10-01,page_006,20
U03267,register,2024-10-26,page_048,6
U03267,app_open,2024-10-26,page_001,44
U03268,register,2024-10-19,page_023,24
U03268,app_open,2024-10-19,page_034,50
U03269,register,2023-03-06,page_034,21
U03269,app_open,2023-03-06,page_056,14
U03269,browse,2023-03-06,page_058,149
U03270,register,2023-02-15,page_077,28
U03270,app_open,2023-02-15,page_078,54
U03270,browse,2023-02-15,page_029,291
U03271,register,2023-12-21,page_064,14
U03271,app_open,2023-12-21,page_048,12
U03271,browse,2023-12-21,page_040,295
U03271,add_to_cart,2023-12-21,page_098,51
U03272,register,2023-10-19,page_048,24
U03272,app_open,2023-10-19,page_086,58
U03272,browse,2023-10-19,page_029,240
U03273,register,2024-09-13,page_072,20
U03274,register,2023-03-18,page_034,25
U03274,app_open,2023-03-18,page_080,10
U03274,browse,2023-03-18,page_005,107
U03275,register,2024-08-05,page_055,20
U03275,app_open,2024-08-05,page_040,33
U03275,browse,2024-08-05,page_046,100
U03276,register,2024-10-13,page_055,26
U03276,app_open,2024-10-13,page_068,29
U03277,register,2024-02-15,page_094,13
U03277,app_open,2024-02-15,page_042,17
U03278,register,2024-06-14,page_018,17
U03278,app_open,2024-06-14,page_077,28
U03278,browse,2024-06-14,page_068,236
U03278,add_to_cart,2024-06-14,page_011,84
U03279,register,2024-07-03,page_070,27
U03279,app_open,2024-07-03,page_065,38
U03279,browse,2024-07-03,page_024,92
U03279,add_to_cart,2024-07-03,page_007,105
U03279,share,2024-07-27,page_040,19
U03280,register,2024-10-01,page_009,5
U03280,app_open,2024-10-01,page_042,28
U03281,register,2024-11-24,page_090,7
U03281,app_open,2024-11-24,page_087,10
U03281,browse,2024-11-24,page_068,120
U03281,add_to_cart,2024-11-24,page_094,35
U03282,register,2023-07-20,page_072,6
U03282,app_open,2023-07-20,page_017,22
U03282,browse,2023-07-20,page_016,47
U03282,share,2023-07-29,page_055,24
U03283,register,2023-07-17,page_089,21
U03283,app_open,2023-07-17,page_038,40
U03284,register,2024-03-13,page_051,22
U03284,app_open,2024-03-13,page_062,41
U03285,register,2024-12-26,page_032,25
U03285,app_open,2024-12-26,page_058,13
U03285,browse,2024-12-26,page_054,35
U03286,register,2024-03-26,page_056,7
U03286,app_open,2024-03-26,page_029,12
U03286,browse,2024-03-26,page_032,226
U03287,register,2023-03-25,page_014,6
U03287,app_open,2023-03-25,page_054,32
U03287,browse,2023-03-25,page_067,49
U03288,register,2024-05-16,page_086,18
U03288,app_open,2024-05-16,page_052,51
U03288,browse,2024-05-16,page_080,61
U03288,add_to_cart,2024-05-16,page_056,21
U03289,register,2024-10-01,page_031,8
U03289,app_open,2024-10-01,page_098,57
U03289,browse,2024-10-01,page_058,297
U03289,add_to_cart,2024-10-01,page_008,37
U03290,register,2024-12-14,page_042,12
U03290,app_open,2024-12-14,page_085,54
U03290,browse,2024-12-14,page_067,79
U03290,add_to_cart,2024-12-14,page_037,64
U03291,register,2023-03-20,page_032,14
U03291,app_open,2023-03-20,page_091,43
U03291,browse,2023-03-20,page_002,277
U03291,add_to_cart,2023-03-20,page_088,32
U03292,register,2024-10-04,page_052,25
U03292,app_open,2024-10-04,page_024,40
U03292,share,2024-10-11,page_096,25
U03293,register,2024-12-09,page_080,29
U03293,app_open,2024-12-09,page_036,13
U03293,browse,2024-12-09,page_081,274
U03293,add_to_cart,2024-12-09,page_057,43
U03294,register,2024-09-01,page_090,26
U03295,register,2024-12-14,page_079,20
U03295,app_open,2024-12-14,page_050,20
U03295,browse,2024-12-14,page_024,30
U03296,register,2024-01-15,page_021,17
U03297,register,2024-06-16,page_070,23
U03297,app_open,2024-06-16,page_024,39
U03297,browse,2024-06-16,page_079,94
U03297,add_to_cart,2024-06-16,page_076,103
U03298,register,2023-06-22,page_046,24
U03298,app_open,2023-06-22,page_083,45
U03298,browse,2023-06-22,page_024,140
U03299,register,2024-04-11,page_073,13
U03300,register,2023-07-28,page_053,17
U03301,register,2023-09-01,page_014,25
U03301,app_open,2023-09-01,page_074,42
U03301,browse,2023-09-01,page_067,170
U03301,share,2023-09-09,page_003,6
U03302,register,2023-10-28,page_042,19
U03302,app_open,2023-10-28,page_047,39
U03302,browse,2023-10-28,page_087,292
U03303,register,2023-08-11,page_006,23
U03304,register,2023-05-06,page_038,8
U03304,app_open,2023-05-06,page_037,12
U03304,share,2023-05-15,page_080,21
U03305,register,2024-12-24,page_094,27
U03305,app_open,2024-12-24,page_097,43
U03305,browse,2024-12-24,page_075,80
U03305,share,2024-12-28,page_014,7
U03306,register,2023-12-11,page_096,26
U03306,app_open,2023-12-11,page_038,41
U03307,register,2023-07-07,page_092,25
U03307,app_open,2023-07-07,page_029,42
U03307,browse,2023-07-07,page_005,210
U03308,register,2023-12-12,page_062,11
U03308,app_open,2023-12-12,page_023,47
U03309,register,2023-01-24,page_040,20
U03309,app_open,2023-01-24,page_022,18
U03309,browse,2023-01-24,page_005,250
U03310,register,2024-07-21,page_028,11
U03310,app_open,2024-07-21,page_038,21
U03310,browse,2024-07-21,page_069,220
U03310,add_to_cart,2024-07-21,page_008,51
U03311,register,2023-04-26,page_087,8
U03311,app_open,2023-04-26,page_073,29
U03311,browse,2023-04-26,page_072,250
U03312,register,2024-07-26,page_044,18
U03312,app_open,2024-07-26,page_041,59
U03312,browse,2024-07-26,page_067,169
U03313,register,2024-09-19,page_005,18
U03313,app_open,2024-09-19,page_085,51
U03313,browse,2024-09-19,page_036,294
U03314,register,2023-11-09,page_081,22
U03314,app_open,2023-11-09,page_025,28
U03315,register,2024-01-22,page_029,25
U03315,app_open,2024-01-22,page_041,57
U03315,browse,2024-01-22,page_003,200
U03315,add_to_cart,2024-01-22,page_022,74
U03316,register,2024-07-05,page_094,17
U03316,app_open,2024-07-05,page_068,43
U03317,register,2023-11-24,page_054,12
U03317,app_open,2023-11-24,page_062,35
U03317,browse,2023-11-24,page_073,55
U03318,register,2023-03-05,page_096,15
U03318,app_open,2023-03-05,page_036,13
U03318,browse,2023-03-05,page_086,106
U03318,add_to_cart,2023-03-05,page_064,117
U03319,register,2024-01-14,page_006,15
U03319,app_open,2024-01-14,page_058,31
U03319,browse,2024-01-14,page_010,281
U03319,share,2024-01-16,page_051,21
U03320,register,2024-01-02,page_084,13
U03321,register,2023-02-18,page_042,14
U03321,app_open,2023-02-18,page_066,12
U03321,share,2023-03-08,page_050,16
U03322,register,2023-06-19,page_020,21
U03322,app_open,2023-06-19,page_082,39
U03322,share,2023-06-21,page_032,19
U03323,register,2023-10-21,page_035,7
U03323,app_open,2023-10-21,page_011,34
U03323,browse,2023-10-21,page_052,275
U03323,add_to_cart,2023-10-21,page_061,35
U03324,register,2023-08-05,page_016,11
U03325,register,2023-02-06,page_024,29
U03325,app_open,2023-02-06,page_059,28
U03325,browse,2023-02-06,page_082,216
U03326,register,2024-06-08,page_023,7
U03326,app_open,2024-06-08,page_010,44
U03326,browse,2024-06-08,page_099,268
U03327,register,2023-02-23,page_046,11
U03327,app_open,2023-02-23,page_025,47
U03327,browse,2023-02-23,page_057,153
U03327,share,2023-03-11,page_095,10
U03328,register,2024-08-04,page_071,13
U03328,app_open,2024-08-04,page_005,36
U03329,register,2024-03-24,page_037,10
U03329,app_open,2024-03-24,page_052,42
U03330,register,2024-08-24,page_004,6
U03330,app_open,2024-08-24,page_029,36
U03330,browse,2024-08-24,page_078,30
U03330,add_to_cart,2024-08-24,page_048,112
U03331,register,2023-09-24,page_059,13
U03331,app_open,2023-09-24,page_086,39
U03331,browse,2023-09-24,page_059,35
U03331,add_to_cart,2023-09-24,page_010,96
U03332,register,2024-08-21,page_052,27
U03332,app_open,2024-08-21,page_027,24
U03332,browse,2024-08-21,page_026,262
U03332,add_to_cart,2024-08-21,page_080,48
U03333,register,2023-06-09,page_083,17
U03333,app_open,2023-06-09,page_032,39
U03334,register,2024-01-05,page_014,9
U03334,app_open,2024-01-05,page_013,44
U03334,browse,2024-01-05,page_034,93
U03335,register,2024-02-14,page_099,21
U03335,app_open,2024-02-14,page_058,14
U03336,register,2024-06-07,page_044,22
U03336,app_open,2024-06-07,page_023,22
U03336,browse,2024-06-07,page_052,222
U03336,add_to_cart,2024-06-07,page_048,79
U03337,register,2023-06-27,page_021,5
U03337,app_open,2023-06-27,page_044,43
U03337,browse,2023-06-27,page_061,250
U03337,add_to_cart,2023-06-27,page_028,25
U03338,register,2023-12-14,page_046,13
U03338,app_open,2023-12-14,page_008,57
U03338,browse,2023-12-14,page_017,124
U03338,add_to_cart,2023-12-14,page_097,54
U03339,register,2024-07-16,page_084,8
U03339,app_open,2024-07-16,page_037,46
U03340,register,2024-12-19,page_068,19
U03341,register,2023-10-11,page_013,11
U03341,app_open,2023-10-11,page_008,32
U03341,browse,2023-10-11,page_091,101
U03341,add_to_cart,2023-10-11,page_031,47
U03342,register,2023-04-25,page_017,28
U03342,app_open,2023-04-25,page_075,54
U03342,browse,2023-04-25,page_078,255
U03343,register,2024-08-02,page_038,23
U03344,register,2023-09-10,page_031,25
U03344,app_open,2023-09-10,page_015,56
U03344,browse,2023-09-10,page_082,47
U03344,add_to_cart,2023-09-10,page_048,86
U03345,register,2023-08-04,page_004,8
U03345,app_open,2023-08-04,page_078,31
U03346,register,2024-01-27,page_066,6
U03346,app_open,2024-01-27,page_089,33
U03346,browse,2024-01-27,page_001,226
U03347,register,2023-06-06,page_034,24
U03347,app_open,2023-06-06,page_079,42
U03347,browse,2023-06-06,page_088,176
U03348,register,2023-02-09,page_023,6
U03348,app_open,2023-02-09,page_019,57
U03348,browse,2023-02-09,page_086,45
U03348,add_to_cart,2023-02-09,page_026,44
U03349,register,2023-06-05,page_020,25
U03349,app_open,2023-06-05,page_049,45
U03349,browse,2023-06-05,page_080,108
U03349,add_to_cart,2023-06-05,page_036,81
U03350,register,2023-02-14,page_035,19
U03350,app_open,2023-02-14,page_074,13
U03350,browse,2023-02-14,page_035,50
U03350,add_to_cart,2023-02-14,page_022,53
U03350,share,2023-03-09,page_010,5
U03351,register,2023-10-15,page_021,21
U03351,app_open,2023-10-15,page_060,52
U03351,browse,2023-10-15,page_093,34
U03351,add_to_cart,2023-10-15,page_014,29
U03352,register,2024-05-07,page_022,19
U03352,app_open,2024-05-07,page_043,16
U03352,browse,2024-05-07,page_072,166
U03353,register,2024-08-11,page_086,7
U03353,app_open,2024-08-11,page_026,14
U03354,register,2024-01-23,page_038,14
U03354,app_open,2024-01-23,page_099,20
U03354,browse,2024-01-23,page_067,271
U03354,add_to_cart,2024-01-23,page_003,22
U03355,register,2024-09-17,page_068,24
U03355,app_open,2024-09-17,page_075,43
U03356,register,2023-05-12,page_018,28
U03356,app_open,2023-05-12,page_027,35
U03357,register,2023-04-01,page_012,26
U03357,app_open,2023-04-01,page_094,28
U03358,register,2023-10-02,page_006,27
U03358,app_open,2023-10-02,page_062,24
U03358,browse,2023-10-02,page_032,188
U03359,register,2024-01-13,page_039,17
U03359,app_open,2024-01-13,page_035,49
U03359,browse,2024-01-13,page_068,162
U03359,add_to_cart,2024-01-13,page_040,104
U03360,register,2023-12-01,page_096,10
U03360,app_open,2023-12-01,page_094,50
U03361,register,2023-10-20,page_066,6
U03361,app_open,2023-10-20,page_006,49
U03361,browse,2023-10-20,page_059,75
U03361,add_to_cart,2023-10-20,page_016,112
U03361,share,2023-11-01,page_087,10
U03362,register,2024-12-05,page_094,13
U03362,app_open,2024-12-05,page_059,56
U03363,register,2023-10-07,page_086,24
U03363,app_open,2023-10-07,page_085,54
U03363,browse,2023-10-07,page_018,181
U03364,register,2024-03-27,page_049,5
U03364,app_open,2024-03-27,page_006,26
U03364,browse,2024-03-27,page_055,276
U03364,add_to_cart,2024-03-27,page_005,36
U03365,register,2024-06-20,page_036,15
U03365,app_open,2024-06-20,page_013,59
U03366,register,2023-04-01,page_066,15
U03366,app_open,2023-04-01,page_028,19
U03366,browse,2023-04-01,page_005,277
U03367,register,2023-08-11,page_088,26
U03368,register,2023-03-28,page_018,9
U03369,register,2023-12-13,page_096,29
U03369,app_open,2023-12-13,page_085,52
U03369,browse,2023-12-13,page_023,118
U03369,share,2024-01-11,page_002,18
U03370,register,2024-08-18,page_016,9
U03370,app_open,2024-08-18,page_045,46
U03370,browse,2024-08-18,page_030,120
U03371,register,2023-12-10,page_071,18
U03371,app_open,2023-12-10,page_050,33
U03371,browse,2023-12-10,page_099,231
U03371,add_to_cart,2023-12-10,page_010,98
U03372,register,2024-09-28,page_077,5
U03372,app_open,2024-09-28,page_025,33
U03372,browse,2024-09-28,page_041,198
U03373,register,2024-09-15,page_025,15
U03373,app_open,2024-09-15,page_061,18
U03374,register,2023-03-24,page_042,16
U03374,app_open,2023-03-24,page_005,34
U03374,browse,2023-03-24,page_073,83
U03374,add_to_cart,2023-03-24,page_094,39
U03374,share,2023-03-30,page_068,28
U03375,register,2024-03-17,page_068,7
U03375,app_open,2024-03-17,page_082,42
U03375,browse,2024-03-17,page_023,135
U03376,register,2024-04-02,page_088,7
U03376,app_open,2024-04-02,page_067,42
U03376,browse,2024-04-02,page_076,244
U03376,share,2024-04-06,page_072,8
U03377,register,2023-01-22,page_087,24
U03378,register,2023-04-26,page_095,7
U03378,app_open,2023-04-26,page_048,57
U03378,browse,2023-04-26,page_040,149
U03378,add_to_cart,2023-04-26,page_061,86
U03379,register,2024-05-07,page_077,23
U03379,app_open,2024-05-07,page_080,25
U03379,browse,2024-05-07,page_088,255
U03379,add_to_cart,2024-05-07,page_069,73
U03380,register,2023-05-23,page_073,14
U03380,app_open,2023-05-23,page_079,29
U03380,browse,2023-05-23,page_049,222
U03381,register,2023-04-20,page_068,19
U03381,app_open,2023-04-20,page_036,32
U03382,register,2024-08-05,page_025,5
U03382,app_open,2024-08-05,page_017,58
U03383,register,2023-08-20,page_071,23
U03383,app_open,2023-08-20,page_048,41
U03383,browse,2023-08-20,page_090,120
U03383,share,2023-09-07,page_010,16
U03384,register,2024-11-09,page_045,20
U03385,register,2023-06-04,page_045,7
U03385,app_open,2023-06-04,page_030,30
U03385,browse,2023-06-04,page_009,229
U03385,add_to_cart,2023-06-04,page_065,22
U03386,register,2023-05-08,page_063,12
U03386,app_open,2023-05-08,page_014,31
U03386,browse,2023-05-08,page_083,118
U03387,register,2024-08-13,page_023,10
U03387,app_open,2024-08-13,page_075,39
U03387,browse,2024-08-13,page_095,57
U03387,add_to_cart,2024-08-13,page_015,16
U03388,register,2023-04-07,page_010,8
U03388,app_open,2023-04-07,page_005,25
U03388,browse,2023-04-07,page_017,149
U03389,register,2024-10-01,page_071,25
U03390,register,2023-09-05,page_070,7
U03390,app_open,2023-09-05,page_038,53
U03390,browse,2023-09-05,page_002,125
U03390,add_to_cart,2023-09-05,page_041,78
U03391,register,2023-10-11,page_016,16
U03391,app_open,2023-10-11,page_097,16
U03391,browse,2023-10-11,page_026,117
U03391,add_to_cart,2023-10-11,page_096,40
U03392,register,2024-06-05,page_026,24
U03392,app_open,2024-06-05,page_083,48
U03392,browse,2024-06-05,page_039,217
U03392,add_to_cart,2024-06-05,page_063,77
U03392,share,2024-06-12,page_029,20
U03393,register,2024-12-22,page_053,11
U03393,app_open,2024-12-22,page_070,41
U03393,browse,2024-12-22,page_024,90
U03394,register,2024-12-21,page_075,7
U03395,register,2023-04-26,page_035,15
U03395,app_open,2023-04-26,page_098,46
U03395,browse,2023-04-26,page_037,36
U03395,add_to_cart,2023-04-26,page_080,21
U03396,register,2024-07-16,page_042,7
U03396,app_open,2024-07-16,page_059,18
U03397,register,2023-02-15,page_003,20
U03397,app_open,2023-02-15,page_090,58
U03397,browse,2023-02-15,page_091,111
U03397,add_to_cart,2023-02-15,page_044,117
U03398,register,2023-09-17,page_058,21
U03398,app_open,2023-09-17,page_063,27
U03398,browse,2023-09-17,page_083,208
U03399,register,2023-02-22,page_021,26
U03399,app_open,2023-02-22,page_085,40
U03400,register,2023-06-28,page_011,20
U03400,app_open,2023-06-28,page_056,57
U03400,browse,2023-06-28,page_061,45
U03400,add_to_cart,2023-06-28,page_074,82
U03401,register,2023-01-08,page_012,27
U03401,app_open,2023-01-08,page_002,47
U03401,browse,2023-01-08,page_043,234
U03402,register,2023-11-20,page_061,6
U03402,app_open,2023-11-20,page_051,32
U03403,register,2024-11-26,page_063,14
U03403,app_open,2024-11-26,page_034,14
U03403,browse,2024-11-26,page_069,107
U03403,add_to_cart,2024-11-26,page_073,78
U03404,register,2024-03-09,page_062,29
U03404,app_open,2024-03-09,page_037,23
U03404,browse,2024-03-09,page_082,209
U03404,add_to_cart,2024-03-09,page_012,61
U03405,register,2023-02-07,page_071,12
U03405,app_open,2023-02-07,page_056,29
U03405,share,2023-02-23,page_085,5
U03406,register,2024-05-03,page_006,7
U03407,register,2023-04-03,page_058,29
U03407,app_open,2023-04-03,page_093,58
U03407,browse,2023-04-03,page_005,214
U03407,add_to_cart,2023-04-03,page_045,113
U03407,share,2023-04-19,page_092,10
U03408,register,2023-08-11,page_016,25
U03408,app_open,2023-08-11,page_028,14
U03409,register,2024-04-28,page_006,27
U03409,app_open,2024-04-28,page_052,15
U03409,browse,2024-04-28,page_032,150
U03410,register,2024-02-23,page_043,9
U03410,app_open,2024-02-23,page_065,57
U03410,browse,2024-02-23,page_064,213
U03410,add_to_cart,2024-02-23,page_056,73
U03411,register,2024-07-23,page_082,14
U03411,app_open,2024-07-23,page_041,41
U03411,browse,2024-07-23,page_028,139
U03412,register,2023-02-12,page_029,24
U03413,register,2023-11-16,page_034,25
U03414,register,2023-11-03,page_044,22
U03414,app_open,2023-11-03,page_061,39
U03415,register,2024-11-10,page_065,12
U03415,app_open,2024-11-10,page_041,48
U03415,browse,2024-11-10,page_028,193
U03415,add_to_cart,2024-11-10,page_093,30
U03415,share,2024-11-13,page_052,8
U03416,register,2023-05-28,page_074,12
U03416,app_open,2023-05-28,page_081,24
U03417,register,2024-01-25,page_025,10
U03417,app_open,2024-01-25,page_038,54
U03417,browse,2024-01-25,page_054,79
U03417,add_to_cart,2024-01-25,page_002,41
U03418,register,2024-12-06,page_054,21
U03418,app_open,2024-12-06,page_058,19
U03418,browse,2024-12-06,page_022,140
U03419,register,2024-08-03,page_093,14
U03419,app_open,2024-08-03,page_070,57
U03419,browse,2024-08-03,page_012,112
U03420,register,2024-10-09,page_020,8
U03420,app_open,2024-10-09,page_073,55
U03420,browse,2024-10-09,page_023,224
U03420,share,2024-10-27,page_095,26
U03421,register,2024-09-28,page_092,6
U03421,app_open,2024-09-28,page_054,53
U03421,browse,2024-09-28,page_096,289
U03421,add_to_cart,2024-09-28,page_044,83
U03422,register,2023-07-23,page_053,15
U03422,app_open,2023-07-23,page_086,49
U03422,browse,2023-07-23,page_018,256
U03423,register,2023-07-25,page_091,10
U03423,app_open,2023-07-25,page_095,55
U03423,browse,2023-07-25,page_040,134
U03423,add_to_cart,2023-07-25,page_024,18
U03423,share,2023-07-26,page_006,9
U03424,register,2023-02-08,page_001,18
U03425,register,2024-06-27,page_039,16
U03425,app_open,2024-06-27,page_056,12
U03426,register,2023-01-28,page_081,26
U03426,app_open,2023-01-28,page_084,58
U03427,register,2023-10-06,page_070,26
U03427,app_open,2023-10-06,page_019,20
U03427,browse,2023-10-06,page_076,107
U03427,share,2023-10-28,page_044,5
U03428,register,2024-06-13,page_095,16
U03428,app_open,2024-06-13,page_076,23
U03428,browse,2024-06-13,page_077,286
U03429,register,2024-09-01,page_060,27
U03429,app_open,2024-09-01,page_051,20
U03429,browse,2024-09-01,page_091,285
U03430,register,2024-11-01,page_098,19
U03430,app_open,2024-11-01,page_051,38
U03430,browse,2024-11-01,page_088,49
U03431,register,2023-12-28,page_018,5
U03431,app_open,2023-12-28,page_068,13
U03431,browse,2023-12-28,page_034,250
U03432,register,2023-08-28,page_088,15
U03432,app_open,2023-08-28,page_084,11
U03432,share,2023-09-19,page_064,7
U03433,register,2024-09-05,page_087,9
U03433,app_open,2024-09-05,page_086,27
U03433,browse,2024-09-05,page_097,213
U03433,share,2024-09-23,page_071,11
U03434,register,2023-03-18,page_038,29
U03434,app_open,2023-03-18,page_066,50
U03435,register,2023-06-04,page_042,9
U03435,app_open,2023-06-04,page_029,53
U03435,browse,2023-06-04,page_048,144
U03436,register,2024-03-26,page_084,12
U03436,app_open,2024-03-26,page_020,39
U03436,browse,2024-03-26,page_073,194
U03437,register,2023-04-06,page_049,18
U03437,app_open,2023-04-06,page_097,32
U03438,register,2024-06-18,page_001,12
U03438,app_open,2024-06-18,page_015,10
U03438,browse,2024-06-18,page_013,121
U03439,register,2023-10-13,page_081,25
U03439,app_open,2023-10-13,page_002,27
U03440,register,2024-08-22,page_056,21
U03441,register,2024-06-07,page_033,9
U03442,register,2023-08-25,page_039,8
U03442,app_open,2023-08-25,page_087,30
U03443,register,2023-06-02,page_018,23
U03443,app_open,2023-06-02,page_022,53
U03443,browse,2023-06-02,page_085,136
U03444,register,2024-10-08,page_052,11
U03444,app_open,2024-10-08,page_025,41
U03444,browse,2024-10-08,page_018,115
U03445,register,2023-10-17,page_086,21
U03445,app_open,2023-10-17,page_027,27
U03445,browse,2023-10-17,page_024,122
U03445,add_to_cart,2023-10-17,page_038,97
U03446,register,2024-10-12,page_044,20
U03446,app_open,2024-10-12,page_072,18
U03446,browse,2024-10-12,page_091,78
U03447,register,2023-11-17,page_069,13
U03447,app_open,2023-11-17,page_050,28
U03448,register,2024-04-22,page_063,22
U03448,app_open,2024-04-22,page_097,21
U03448,browse,2024-04-22,page_016,149
U03448,add_to_cart,2024-04-22,page_049,104
U03449,register,2023-10-20,page_018,22
U03449,app_open,2023-10-20,page_054,34
U03449,browse,2023-10-20,page_062,296
U03449,add_to_cart,2023-10-20,page_002,46
U03449,share,2023-11-14,page_058,16
U03450,register,2023-03-19,page_045,26
U03450,app_open,2023-03-19,page_072,15
U03450,browse,2023-03-19,page_092,90
U03451,register,2023-04-19,page_002,25
U03451,app_open,2023-04-19,page_074,54
U03451,browse,2023-04-19,page_058,185
U03452,register,2023-09-20,page_025,14
U03452,app_open,2023-09-20,page_061,24
U03452,browse,2023-09-20,page_094,208
U03453,register,2024-05-04,page_015,28
U03453,app_open,2024-05-04,page_018,53
U03453,browse,2024-05-04,page_034,270
U03454,register,2024-05-26,page_068,17
U03454,app_open,2024-05-26,page_024,51
U03454,browse,2024-05-26,page_035,267
U03454,share,2024-06-20,page_005,29
U03455,register,2023-03-20,page_046,11
U03455,app_open,2023-03-20,page_008,35
U03456,register,2023-04-09,page_017,22
U03456,app_open,2023-04-09,page_064,23
U03456,browse,2023-04-09,page_073,185
U03456,add_to_cart,2023-04-09,page_047,87
U03457,register,2023-06-19,page_048,16
U03458,register,2023-07-27,page_077,18
U03458,app_open,2023-07-27,page_089,50
U03458,browse,2023-07-27,page_089,216
U03459,register,2024-04-15,page_097,25
U03459,app_open,2024-04-15,page_029,15
U03459,browse,2024-04-15,page_007,267
U03460,register,2024-04-14,page_021,11
U03460,app_open,2024-04-14,page_058,13
U03460,browse,2024-04-14,page_087,278
U03461,register,2023-04-23,page_034,10
U03461,app_open,2023-04-23,page_078,45
U03461,browse,2023-04-23,page_004,96
U03461,add_to_cart,2023-04-23,page_003,111
U03462,register,2023-02-07,page_060,21
U03462,app_open,2023-02-07,page_073,47
U03462,browse,2023-02-07,page_069,286
U03463,register,2024-12-28,page_097,27
U03463,app_open,2024-12-28,page_090,32
U03463,browse,2024-12-28,page_006,79
U03463,add_to_cart,2024-12-28,page_009,119
U03464,register,2023-07-06,page_072,17
U03464,app_open,2023-07-06,page_063,42
U03464,browse,2023-07-06,page_026,223
U03465,register,2024-08-09,page_017,26
U03465,app_open,2024-08-09,page_080,33
U03465,browse,2024-08-09,page_036,282
U03465,add_to_cart,2024-08-09,page_004,91
U03465,share,2024-08-15,page_035,12
U03466,register,2024-05-21,page_043,23
U03466,app_open,2024-05-21,page_079,57
U03466,browse,2024-05-21,page_019,242
U03467,register,2023-11-16,page_083,28
U03467,app_open,2023-11-16,page_087,52
U03467,browse,2023-11-16,page_023,166
U03468,register,2023-01-27,page_092,19
U03468,app_open,2023-01-27,page_068,50
U03468,share,2023-02-02,page_094,7
U03469,register,2024-04-17,page_018,27
U03469,app_open,2024-04-17,page_071,16
U03469,browse,2024-04-17,page_046,262
U03469,share,2024-05-07,page_065,21
U03470,register,2023-06-22,page_037,12
U03471,register,2023-11-07,page_025,23
U03471,app_open,2023-11-07,page_039,55
U03472,register,2024-04-26,page_004,29
U03472,app_open,2024-04-26,page_027,52
U03472,browse,2024-04-26,page_055,200
U03472,add_to_cart,2024-04-26,page_070,22
U03473,register,2024-10-02,page_063,25
U03474,register,2024-08-13,page_076,13
U03475,register,2024-01-15,page_094,24
U03475,app_open,2024-01-15,page_067,40
U03475,browse,2024-01-15,page_039,44
U03475,add_to_cart,2024-01-15,page_050,90
U03476,register,2024-03-09,page_069,12
U03476,app_open,2024-03-09,page_006,14
U03477,register,2024-06-14,page_024,7
U03477,app_open,2024-06-14,page_022,11
U03478,register,2024-11-14,page_099,9
U03478,app_open,2024-11-14,page_066,55
U03478,browse,2024-11-14,page_077,193
U03478,add_to_cart,2024-11-14,page_066,113
U03479,register,2023-04-14,page_042,19
U03479,app_open,2023-04-14,page_033,53
U03480,register,2023-10-11,page_018,7
U03480,app_open,2023-10-11,page_075,36
U03480,browse,2023-10-11,page_078,84
U03480,add_to_cart,2023-10-11,page_015,32
U03480,share,2023-11-09,page_083,13
U03481,register,2024-10-01,page_037,17
U03481,app_open,2024-10-01,page_076,59
U03481,browse,2024-10-01,page_032,36
U03482,register,2024-02-08,page_092,22
U03482,app_open,2024-02-08,page_021,30
U03482,share,2024-02-29,page_028,28
U03483,register,2023-06-11,page_082,23
U03484,register,2024-02-07,page_017,19
U03484,app_open,2024-02-07,page_023,38
U03484,browse,2024-02-07,page_006,31
U03485,register,2024-10-07,page_083,9
U03485,app_open,2024-10-07,page_025,20
U03485,browse,2024-10-07,page_049,58
U03486,register,2024-09-19,page_027,21
U03487,register,2024-10-10,page_053,19
U03487,app_open,2024-10-10,page_021,13
U03487,browse,2024-10-10,page_042,65
U03487,add_to_cart,2024-10-10,page_090,45
U03488,register,2024-10-09,page_067,15
U03488,app_open,2024-10-09,page_027,39
U03488,browse,2024-10-09,page_023,173
U03488,add_to_cart,2024-10-09,page_042,119
U03489,register,2024-06-27,page_026,8
U03489,app_open,2024-06-27,page_079,15
U03489,browse,2024-06-27,page_063,226
U03490,register,2024-05-13,page_052,10
U03490,app_open,2024-05-13,page_033,27
U03490,browse,2024-05-13,page_086,100
U03490,add_to_cart,2024-05-13,page_096,78
U03491,register,2023-04-21,page_031,22
U03491,app_open,2023-04-21,page_001,39
U03491,browse,2023-04-21,page_048,291
U03491,add_to_cart,2023-04-21,page_059,88
U03492,register,2023-07-08,page_022,26
U03492,app_open,2023-07-08,page_080,26
U03492,browse,2023-07-08,page_001,267
U03493,register,2024-04-12,page_031,24
U03494,register,2023-01-06,page_035,5
U03494,app_open,2023-01-06,page_021,22
U03494,browse,2023-01-06,page_040,210
U03495,register,2023-01-08,page_056,7
U03495,app_open,2023-01-08,page_043,18
U03496,register,2023-12-16,page_003,19
U03496,app_open,2023-12-16,page_089,49
U03496,share,2024-01-13,page_047,21
U03497,register,2023-01-04,page_001,7
U03497,app_open,2023-01-04,page_016,54
U03497,share,2023-01-27,page_078,10
U03498,register,2024-07-18,page_051,28
U03498,app_open,2024-07-18,page_018,48
U03499,register,2023-08-06,page_060,10
U03499,app_open,2023-08-06,page_047,23
U03499,browse,2023-08-06,page_002,183
U03499,add_to_cart,2023-08-06,page_005,82
U03500,register,2024-01-28,page_047,14
U03500,app_open,2024-01-28,page_032,31
U03500,browse,2024-01-28,page_034,37
U03500,add_to_cart,2024-01-28,page_048,43
U03501,register,2024-08-03,page_099,27
U03501,app_open,2024-08-03,page_001,48
U03501,browse,2024-08-03,page_098,140
U03501,share,2024-09-01,page_030,28
U03502,register,2024-03-06,page_014,23
U03503,register,2023-06-05,page_092,20
U03503,app_open,2023-06-05,page_015,15
U03503,browse,2023-06-05,page_070,198
U03503,add_to_cart,2023-06-05,page_028,42
U03504,register,2024-07-27,page_061,9
U03504,app_open,2024-07-27,page_076,41
U03504,browse,2024-07-27,page_073,201
U03504,add_to_cart,2024-07-27,page_089,115
U03505,register,2023-10-09,page_019,16
U03505,app_open,2023-10-09,page_017,55
U03506,register,2024-02-22,page_083,5
U03506,app_open,2024-02-22,page_046,35
U03506,browse,2024-02-22,page_008,113
U03506,add_to_cart,2024-02-22,page_014,43
U03507,register,2023-05-27,page_016,23
U03507,app_open,2023-05-27,page_091,25
U03507,browse,2023-05-27,page_062,217
U03508,register,2023-07-17,page_006,24
U03508,app_open,2023-07-17,page_030,54
U03509,register,2024-11-17,page_064,9
U03509,app_open,2024-11-17,page_011,29
U03509,browse,2024-11-17,page_047,287
U03509,add_to_cart,2024-11-17,page_092,119
U03510,register,2023-09-22,page_071,21
U03510,app_open,2023-09-22,page_038,37
U03510,browse,2023-09-22,page_060,36
U03510,add_to_cart,2023-09-22,page_092,109
U03511,register,2024-11-07,page_076,18
U03511,app_open,2024-11-07,page_069,56
U03511,browse,2024-11-07,page_008,101
U03512,register,2023-01-02,page_057,10
U03512,app_open,2023-01-02,page_005,57
U03512,browse,2023-01-02,page_025,240
U03513,register,2023-10-19,page_051,25
U03513,app_open,2023-10-19,page_069,14
U03513,browse,2023-10-19,page_096,239
U03514,register,2023-08-09,page_015,15
U03514,app_open,2023-08-09,page_071,40
U03514,browse,2023-08-09,page_092,91
U03515,register,2024-03-11,page_092,12
U03516,register,2024-12-12,page_061,5
U03516,app_open,2024-12-12,page_002,16
U03516,browse,2024-12-12,page_086,104
U03517,register,2024-10-18,page_093,17
U03517,app_open,2024-10-18,page_058,41
U03517,browse,2024-10-18,page_089,254
U03518,register,2023-02-28,page_090,24
U03518,app_open,2023-02-28,page_036,17
U03519,register,2024-03-10,page_088,13
U03519,app_open,2024-03-10,page_080,29
U03519,browse,2024-03-10,page_090,178
U03520,register,2023-07-09,page_002,6
U03520,app_open,2023-07-09,page_081,26
U03520,browse,2023-07-09,page_038,184
U03520,share,2023-08-03,page_005,22
U03521,register,2024-10-17,page_070,14
U03521,app_open,2024-10-17,page_033,36
U03521,browse,2024-10-17,page_087,217
U03521,share,2024-11-15,page_086,21
U03522,register,2024-02-09,page_034,26
U03522,app_open,2024-02-09,page_010,11
U03522,share,2024-02-13,page_042,10
U03523,register,2023-07-15,page_087,13
U03523,app_open,2023-07-15,page_078,59
U03523,browse,2023-07-15,page_044,225
U03524,register,2023-03-02,page_098,9
U03524,app_open,2023-03-02,page_066,20
U03525,register,2023-03-02,page_007,7
U03525,app_open,2023-03-02,page_084,59
U03525,browse,2023-03-02,page_081,149
U03526,register,2024-01-27,page_012,17
U03526,app_open,2024-01-27,page_089,41
U03526,share,2024-01-29,page_008,24
U03527,register,2024-01-02,page_095,29
U03527,app_open,2024-01-02,page_089,35
U03527,browse,2024-01-02,page_021,260
U03528,register,2024-08-22,page_017,16
U03528,app_open,2024-08-22,page_032,56
U03528,browse,2024-08-22,page_038,61
U03528,share,2024-09-16,page_091,18
U03529,register,2024-07-09,page_049,26
U03529,app_open,2024-07-09,page_086,48
U03529,browse,2024-07-09,page_053,39
U03529,add_to_cart,2024-07-09,page_040,28
U03529,share,2024-08-01,page_041,11
U03530,register,2023-05-21,page_049,17
U03530,app_open,2023-05-21,page_042,47
U03530,browse,2023-05-21,page_005,40
U03531,register,2023-07-25,page_096,11
U03532,register,2024-01-01,page_056,28
U03532,app_open,2024-01-01,page_091,25
U03532,browse,2024-01-01,page_014,45
U03532,add_to_cart,2024-01-01,page_039,73
U03533,register,2023-09-02,page_025,6
U03533,app_open,2023-09-02,page_090,44
U03533,browse,2023-09-02,page_066,204
U03533,add_to_cart,2023-09-02,page_075,113
U03534,register,2023-03-12,page_031,14
U03534,app_open,2023-03-12,page_039,26
U03534,browse,2023-03-12,page_002,199
U03534,share,2023-03-23,page_049,29
U03535,register,2023-05-26,page_085,6
U03535,app_open,2023-05-26,page_010,55
U03535,browse,2023-05-26,page_047,251
U03535,add_to_cart,2023-05-26,page_012,101
U03535,share,2023-06-10,page_085,29
U03536,register,2023-12-04,page_026,22
U03536,app_open,2023-12-04,page_094,44
U03536,share,2023-12-13,page_040,13
U03537,register,2024-09-26,page_025,12
U03537,app_open,2024-09-26,page_058,25
U03538,register,2024-09-12,page_026,11
U03538,app_open,2024-09-12,page_052,28
U03538,browse,2024-09-12,page_049,297
U03538,add_to_cart,2024-09-12,page_036,36
U03539,register,2023-05-14,page_095,12
U03539,app_open,2023-05-14,page_046,10
U03539,browse,2023-05-14,page_009,259
U03540,register,2024-02-10,page_067,10
U03540,app_open,2024-02-10,page_079,35
U03540,browse,2024-02-10,page_093,149
U03540,add_to_cart,2024-02-10,page_021,28
U03541,register,2023-10-05,page_023,23
U03542,register,2024-06-27,page_015,19
U03542,app_open,2024-06-27,page_044,15
U03542,browse,2024-06-27,page_070,238
U03542,share,2024-07-05,page_064,18
U03543,register,2024-05-10,page_041,16
U03543,app_open,2024-05-10,page_091,49
U03543,browse,2024-05-10,page_098,132
U03544,register,2023-11-15,page_090,28
U03544,app_open,2023-11-15,page_065,52
U03545,register,2024-12-19,page_070,17
U03545,app_open,2024-12-19,page_049,19
U03545,browse,2024-12-19,page_069,256
U03545,add_to_cart,2024-12-19,page_014,34
U03546,register,2023-12-16,page_013,9
U03546,app_open,2023-12-16,page_065,59
U03547,register,2024-11-24,page_033,7
U03547,app_open,2024-11-24,page_005,33
U03547,browse,2024-11-24,page_061,271
U03548,register,2023-12-22,page_013,6
U03548,app_open,2023-12-22,page_039,12
U03548,browse,2023-12-22,page_059,173
U03548,share,2024-01-07,page_042,15
U03549,register,2024-10-27,page_034,25
U03549,app_open,2024-10-27,page_021,18
U03549,share,2024-11-22,page_036,24
U03550,register,2024-07-25,page_082,11
U03550,app_open,2024-07-25,page_059,27
U03550,share,2024-08-22,page_048,24
U03551,register,2023-03-13,page_065,28
U03552,register,2024-09-22,page_045,27
U03552,app_open,2024-09-22,page_004,26
U03552,browse,2024-09-22,page_005,130
U03552,share,2024-10-11,page_069,25
U03553,register,2024-03-17,page_003,18
U03553,app_open,2024-03-17,page_064,41
U03554,register,2023-11-25,page_076,25
U03554,app_open,2023-11-25,page_045,48
U03554,browse,2023-11-25,page_060,261
U03554,add_to_cart,2023-11-25,page_026,45
U03555,register,2024-11-27,page_062,8
U03555,app_open,2024-11-27,page_073,29
U03555,browse,2024-11-27,page_011,223
U03555,add_to_cart,2024-11-27,page_089,110
U03556,register,2023-12-17,page_041,9
U03557,register,2024-10-23,page_015,8
U03557,app_open,2024-10-23,page_085,57
U03557,share,2024-11-02,page_008,19
U03558,register,2023-05-05,page_051,6
U03558,app_open,2023-05-05,page_088,20
U03558,browse,2023-05-05,page_008,191
U03558,add_to_cart,2023-05-05,page_088,52
U03559,register,2023-07-03,page_051,10
U03559,app_open,2023-07-03,page_009,40
U03559,browse,2023-07-03,page_077,163
U03560,register,2023-03-17,page_003,25
U03560,app_open,2023-03-17,page_061,59
U03560,browse,2023-03-17,page_027,267
U03561,register,2024-12-02,page_069,9
U03561,app_open,2024-12-02,page_078,26
U03561,browse,2024-12-02,page_040,69
U03562,register,2024-03-19,page_045,10
U03562,app_open,2024-03-19,page_054,26
U03562,browse,2024-03-19,page_006,67
U03563,register,2024-11-10,page_081,20
U03563,app_open,2024-11-10,page_007,31
U03563,browse,2024-11-10,page_082,51
U03564,register,2023-11-24,page_057,13
U03564,app_open,2023-11-24,page_052,58
U03564,browse,2023-11-24,page_015,238
U03564,add_to_cart,2023-11-24,page_027,82
U03564,share,2023-12-18,page_070,29
U03565,register,2023-09-14,page_036,10
U03565,app_open,2023-09-14,page_060,44
U03565,browse,2023-09-14,page_092,222
U03565,share,2023-09-29,page_056,5
U03566,register,2024-12-07,page_017,17
U03566,app_open,2024-12-07,page_023,32
U03566,browse,2024-12-07,page_005,169
U03567,register,2023-10-01,page_031,7
U03567,app_open,2023-10-01,page_096,59
U03567,browse,2023-10-01,page_052,71
U03568,register,2023-01-14,page_073,26
U03568,app_open,2023-01-14,page_078,25
U03568,browse,2023-01-14,page_066,209
U03569,register,2023-08-14,page_014,11
U03569,app_open,2023-08-14,page_051,43
U03569,browse,2023-08-14,page_086,207
U03569,share,2023-09-10,page_082,24
U03570,register,2023-07-18,page_050,20
U03570,app_open,2023-07-18,page_081,15
U03570,browse,2023-07-18,page_050,88
U03570,add_to_cart,2023-07-18,page_065,77
U03570,share,2023-07-25,page_062,15
U03571,register,2024-11-09,page_085,6
U03571,app_open,2024-11-09,page_093,18
U03571,browse,2024-11-09,page_056,277
U03572,register,2024-03-01,page_082,18
U03572,app_open,2024-03-01,page_050,17
U03572,browse,2024-03-01,page_001,35
U03572,add_to_cart,2024-03-01,page_077,81
U03573,register,2023-11-19,page_084,20
U03573,app_open,2023-11-19,page_066,50
U03573,browse,2023-11-19,page_036,205
U03573,add_to_cart,2023-11-19,page_081,52
U03574,register,2023-10-18,page_035,18
U03574,app_open,2023-10-18,page_021,15
U03574,browse,2023-10-18,page_091,165
U03574,add_to_cart,2023-10-18,page_013,101
U03575,register,2024-10-26,page_083,17
U03576,register,2023-04-18,page_059,23
U03576,app_open,2023-04-18,page_007,10
U03576,browse,2023-04-18,page_004,235
U03576,add_to_cart,2023-04-18,page_023,37
U03577,register,2024-06-22,page_094,7
U03578,register,2024-10-20,page_037,25
U03578,app_open,2024-10-20,page_026,51
U03579,register,2023-12-09,page_028,19
U03580,register,2024-06-06,page_033,28
U03580,app_open,2024-06-06,page_009,59
U03580,browse,2024-06-06,page_078,184
U03581,register,2024-11-19,page_076,22
U03581,app_open,2024-11-19,page_033,54
U03581,browse,2024-11-19,page_072,170
U03582,register,2024-08-23,page_055,26
U03582,app_open,2024-08-23,page_055,43
U03582,browse,2024-08-23,page_047,93
U03583,register,2024-03-05,page_090,15
U03583,app_open,2024-03-05,page_029,14
U03583,browse,2024-03-05,page_071,224
U03583,add_to_cart,2024-03-05,page_017,96
U03584,register,2023-11-13,page_085,7
U03584,app_open,2023-11-13,page_088,15
U03584,browse,2023-11-13,page_028,67
U03585,register,2023-02-08,page_045,6
U03585,app_open,2023-02-08,page_082,43
U03585,browse,2023-02-08,page_011,234
U03585,add_to_cart,2023-02-08,page_053,16
U03586,register,2023-11-18,page_096,24
U03586,app_open,2023-11-18,page_045,42
U03586,browse,2023-11-18,page_079,141
U03587,register,2023-10-01,page_030,11
U03587,app_open,2023-10-01,page_040,55
U03587,browse,2023-10-01,page_021,249
U03588,register,2023-04-17,page_044,7
U03588,app_open,2023-04-17,page_025,10
U03589,register,2024-05-05,page_076,10
U03589,app_open,2024-05-05,page_071,44
U03589,browse,2024-05-05,page_034,146
U03589,add_to_cart,2024-05-05,page_088,94
U03589,share,2024-05-07,page_035,5
U03590,register,2024-11-03,page_036,6
U03591,register,2023-07-05,page_012,13
U03591,app_open,2023-07-05,page_031,48
U03592,register,2023-10-27,page_021,7
U03592,app_open,2023-10-27,page_074,35
U03592,share,2023-11-13,page_091,26
U03593,register,2024-12-07,page_015,12
U03594,register,2024-05-17,page_027,21
U03594,app_open,2024-05-17,page_086,15
U03594,browse,2024-05-17,page_086,65
U03594,share,2024-06-10,page_035,19
U03595,register,2023-07-06,page_044,13
U03596,register,2023-09-08,page_004,25
U03597,register,2024-02-22,page_029,6
U03597,app_open,2024-02-22,page_079,22
U03597,browse,2024-02-22,page_098,198
U03597,add_to_cart,2024-02-22,page_041,109
U03598,register,2023-06-09,page_066,18
U03598,app_open,2023-06-09,page_087,34
U03599,register,2024-08-25,page_078,9
U03599,app_open,2024-08-25,page_015,44
U03600,register,2023-11-11,page_068,19
U03600,app_open,2023-11-11,page_088,25
U03600,browse,2023-11-11,page_062,35
U03600,share,2023-11-28,page_098,12
U03601,register,2023-08-03,page_038,6
U03601,app_open,2023-08-03,page_034,37
U03601,browse,2023-08-03,page_085,215
U03602,register,2023-11-04,page_048,13
U03602,app_open,2023-11-04,page_020,49
U03602,browse,2023-11-04,page_027,196
U03602,add_to_cart,2023-11-04,page_098,79
U03603,register,2024-11-03,page_042,19
U03603,app_open,2024-11-03,page_008,14
U03603,browse,2024-11-03,page_097,194
U03604,register,2024-01-19,page_080,18
U03605,register,2023-08-21,page_092,6
U03605,app_open,2023-08-21,page_059,11
U03605,browse,2023-08-21,page_026,228
U03606,register,2024-09-24,page_059,18
U03606,app_open,2024-09-24,page_042,59
U03606,browse,2024-09-24,page_053,281
U03607,register,2024-10-21,page_099,21
U03607,app_open,2024-10-21,page_061,47
U03607,browse,2024-10-21,page_078,35
U03608,register,2023-01-21,page_047,25
U03608,app_open,2023-01-21,page_082,41
U03608,browse,2023-01-21,page_060,221
U03609,register,2023-08-09,page_090,26
U03609,app_open,2023-08-09,page_026,41
U03609,share,2023-09-06,page_078,22
U03610,register,2023-06-11,page_088,17
U03611,register,2023-10-03,page_005,14
U03612,register,2023-08-05,page_071,16
U03612,app_open,2023-08-05,page_087,53
U03613,register,2023-02-16,page_093,7
U03613,app_open,2023-02-16,page_079,52
U03613,browse,2023-02-16,page_048,97
U03614,register,2023-01-27,page_084,24
U03614,app_open,2023-01-27,page_072,26
U03615,register,2024-12-02,page_008,27
U03615,app_open,2024-12-02,page_089,10
U03615,browse,2024-12-02,page_016,40
U03615,add_to_cart,2024-12-02,page_046,31
U03616,register,2023-03-09,page_069,28
U03616,app_open,2023-03-09,page_067,51
U03616,browse,2023-03-09,page_096,256
U03617,register,2024-05-24,page_044,17
U03617,app_open,2024-05-24,page_005,56
U03617,browse,2024-05-24,page_059,171
U03618,register,2023-12-02,page_044,19
U03619,register,2024-12-02,page_013,27
U03619,app_open,2024-12-02,page_096,16
U03619,share,2024-12-12,page_086,6
U03620,register,2024-11-19,page_051,9
U03620,app_open,2024-11-19,page_028,28
U03621,register,2024-08-28,page_038,13
U03621,app_open,2024-08-28,page_014,32
U03621,browse,2024-08-28,page_058,108
U03622,register,2024-05-28,page_002,8
U03622,app_open,2024-05-28,page_098,18
U03622,browse,2024-05-28,page_059,161
U03622,share,2024-06-10,page_039,6
U03623,register,2024-05-13,page_017,20
U03623,app_open,2024-05-13,page_052,15
U03624,register,2023-12-11,page_057,15
U03624,app_open,2023-12-11,page_016,14
U03624,browse,2023-12-11,page_039,263
U03625,register,2023-11-24,page_092,6
U03626,register,2023-08-18,page_036,16
U03626,app_open,2023-08-18,page_009,43
U03626,browse,2023-08-18,page_096,161
U03627,register,2023-04-18,page_016,7
U03627,app_open,2023-04-18,page_036,41
U03627,browse,2023-04-18,page_031,153
U03628,register,2024-03-24,page_032,9
U03628,app_open,2024-03-24,page_055,58
U03628,browse,2024-03-24,page_015,87
U03629,register,2023-07-23,page_005,24
U03629,app_open,2023-07-23,page_029,21
U03629,browse,2023-07-23,page_025,251
U03629,share,2023-07-27,page_099,23
U03630,register,2024-03-19,page_053,22
U03631,register,2024-09-17,page_038,5
U03631,app_open,2024-09-17,page_070,46
U03631,browse,2024-09-17,page_012,259
U03631,add_to_cart,2024-09-17,page_095,80
U03632,register,2023-10-11,page_034,9
U03632,app_open,2023-10-11,page_013,11
U03632,browse,2023-10-11,page_024,64
U03632,add_to_cart,2023-10-11,page_026,99
U03633,register,2024-02-04,page_004,21
U03633,app_open,2024-02-04,page_003,40
U03634,register,2023-04-01,page_053,9
U03635,register,2023-12-07,page_091,16
U03635,app_open,2023-12-07,page_009,30
U03635,browse,2023-12-07,page_042,67
U03635,add_to_cart,2023-12-07,page_007,93
U03636,register,2023-05-01,page_083,17
U03636,app_open,2023-05-01,page_006,24
U03637,register,2024-09-24,page_066,24
U03637,app_open,2024-09-24,page_035,49
U03637,browse,2024-09-24,page_019,252
U03638,register,2023-08-18,page_057,28
U03639,register,2024-01-17,page_052,27
U03640,register,2023-02-06,page_033,9
U03640,app_open,2023-02-06,page_071,10
U03640,browse,2023-02-06,page_069,207
U03640,add_to_cart,2023-02-06,page_079,94
U03641,register,2024-09-04,page_059,17
U03641,app_open,2024-09-04,page_072,55
U03641,share,2024-09-28,page_066,8
U03642,register,2023-08-15,page_051,18
U03642,app_open,2023-08-15,page_066,59
U03642,browse,2023-08-15,page_086,42
U03642,add_to_cart,2023-08-15,page_083,16
U03643,register,2023-05-20,page_051,9
U03643,app_open,2023-05-20,page_073,16
U03643,browse,2023-05-20,page_062,193
U03643,add_to_cart,2023-05-20,page_033,49
U03644,register,2023-11-08,page_057,5
U03645,register,2024-05-09,page_072,13
U03645,app_open,2024-05-09,page_062,31
U03645,browse,2024-05-09,page_037,294
U03645,add_to_cart,2024-05-09,page_047,94
U03646,register,2024-06-14,page_096,15
U03647,register,2024-12-09,page_027,16
U03648,register,2023-10-24,page_095,14
U03648,app_open,2023-10-24,page_093,11
U03648,browse,2023-10-24,page_051,199
U03649,register,2024-08-27,page_028,28
U03649,app_open,2024-08-27,page_081,32
U03650,register,2023-02-03,page_054,25
U03650,app_open,2023-02-03,page_019,23
U03650,browse,2023-02-03,page_025,118
U03651,register,2024-12-05,page_069,11
U03651,app_open,2024-12-05,page_093,38
U03651,browse,2024-12-05,page_007,250
U03651,add_to_cart,2024-12-05,page_067,39
U03652,register,2023-04-03,page_033,14
U03652,app_open,2023-04-03,page_083,10
U03653,register,2024-07-10,page_029,21
U03653,app_open,2024-07-10,page_044,24
U03653,browse,2024-07-10,page_033,254
U03653,share,2024-07-29,page_009,29
U03654,register,2023-07-27,page_093,21
U03654,app_open,2023-07-27,page_081,31
U03654,browse,2023-07-27,page_096,241
U03655,register,2023-12-08,page_091,24
U03655,app_open,2023-12-08,page_016,18
U03655,browse,2023-12-08,page_069,85
U03655,share,2023-12-16,page_023,23
U03656,register,2023-05-24,page_049,7
U03656,app_open,2023-05-24,page_070,14
U03656,browse,2023-05-24,page_032,74
U03656,add_to_cart,2023-05-24,page_064,82
U03657,register,2024-01-09,page_050,20
U03658,register,2023-04-02,page_036,6
U03658,app_open,2023-04-02,page_053,10
U03658,share,2023-04-28,page_049,8
U03659,register,2023-05-02,page_025,10
U03659,app_open,2023-05-02,page_053,17
U03659,browse,2023-05-02,page_094,289
U03659,add_to_cart,2023-05-02,page_062,54
U03659,share,2023-05-04,page_058,25
U03660,register,2024-06-06,page_011,16
U03660,app_open,2024-06-06,page_085,42
U03660,browse,2024-06-06,page_030,82
U03661,register,2023-11-10,page_014,18
U03661,app_open,2023-11-10,page_073,36
U03661,browse,2023-11-10,page_031,244
U03662,register,2023-01-02,page_054,26
U03662,app_open,2023-01-02,page_088,42
U03662,browse,2023-01-02,page_098,243
U03663,register,2024-09-10,page_074,11
U03663,app_open,2024-09-10,page_073,22
U03663,browse,2024-09-10,page_033,142
U03663,add_to_cart,2024-09-10,page_044,38
U03664,register,2023-05-26,page_079,14
U03664,app_open,2023-05-26,page_031,11
U03664,browse,2023-05-26,page_055,51
U03664,add_to_cart,2023-05-26,page_003,72
U03665,register,2023-12-19,page_061,22
U03665,app_open,2023-12-19,page_080,50
U03665,browse,2023-12-19,page_099,164
U03665,add_to_cart,2023-12-19,page_001,113
U03666,register,2024-09-25,page_016,11
U03666,app_open,2024-09-25,page_082,57
U03666,browse,2024-09-25,page_046,167
U03667,register,2023-02-06,page_095,25
U03667,app_open,2023-02-06,page_021,54
U03667,browse,2023-02-06,page_001,159
U03668,register,2024-03-08,page_035,29
U03668,app_open,2024-03-08,page_075,12
U03668,browse,2024-03-08,page_020,172
U03668,add_to_cart,2024-03-08,page_085,34
U03669,register,2024-04-19,page_042,5
U03669,app_open,2024-04-19,page_041,10
U03670,register,2024-06-27,page_041,24
U03670,app_open,2024-06-27,page_095,46
U03670,browse,2024-06-27,page_042,112
U03671,register,2024-05-01,page_085,29
U03672,register,2023-11-04,page_067,27
U03672,app_open,2023-11-04,page_069,58
U03672,browse,2023-11-04,page_008,135
U03673,register,2023-06-07,page_048,24
U03673,app_open,2023-06-07,page_060,27
U03674,register,2023-08-24,page_040,9
U03674,app_open,2023-08-24,page_050,32
U03674,browse,2023-08-24,page_058,185
U03674,add_to_cart,2023-08-24,page_060,76
U03675,register,2023-10-17,page_069,16
U03676,register,2023-12-08,page_034,26
U03676,app_open,2023-12-08,page_093,47
U03676,browse,2023-12-08,page_069,128
U03676,add_to_cart,2023-12-08,page_081,107
U03677,register,2023-12-26,page_082,6
U03678,register,2024-05-03,page_083,26
U03678,app_open,2024-05-03,page_022,38
U03679,register,2024-02-12,page_019,13
U03679,app_open,2024-02-12,page_060,25
U03679,browse,2024-02-12,page_072,63
U03680,register,2023-05-13,page_023,10
U03680,app_open,2023-05-13,page_079,13
U03680,browse,2023-05-13,page_066,96
U03680,add_to_cart,2023-05-13,page_092,61
U03681,register,2023-11-16,page_055,9
U03681,app_open,2023-11-16,page_087,22
U03681,browse,2023-11-16,page_078,225
U03681,add_to_cart,2023-11-16,page_032,22
U03682,register,2023-10-28,page_098,15
U03682,app_open,2023-10-28,page_012,25
U03682,browse,2023-10-28,page_096,94
U03682,add_to_cart,2023-10-28,page_070,47
U03683,register,2024-12-08,page_049,19
U03683,app_open,2024-12-08,page_016,49
U03683,browse,2024-12-08,page_089,102
U03684,register,2023-06-20,page_047,10
U03684,app_open,2023-06-20,page_091,28
U03684,browse,2023-06-20,page_092,47
U03684,add_to_cart,2023-06-20,page_069,114
U03684,share,2023-07-06,page_033,11
U03685,register,2024-08-24,page_043,19
U03685,app_open,2024-08-24,page_077,20
U03685,browse,2024-08-24,page_067,50
U03685,add_to_cart,2024-08-24,page_021,90
U03685,share,2024-09-03,page_021,29
U03686,register,2023-03-24,page_020,11
U03687,register,2024-08-10,page_029,16
U03687,app_open,2024-08-10,page_064,45
U03687,browse,2024-08-10,page_040,123
U03688,register,2024-06-10,page_005,16
U03688,app_open,2024-06-10,page_078,36
U03688,browse,2024-06-10,page_014,118
U03688,share,2024-07-09,page_050,6
U03689,register,2024-01-14,page_025,20
U03689,app_open,2024-01-14,page_041,41
U03690,register,2023-01-20,page_071,25
U03690,app_open,2023-01-20,page_076,16
U03691,register,2024-03-25,page_011,19
U03692,register,2023-12-16,page_060,12
U03693,register,2023-07-14,page_023,16
U03693,app_open,2023-07-14,page_072,18
U03693,browse,2023-07-14,page_051,125
U03694,register,2023-09-09,page_057,8
U03694,app_open,2023-09-09,page_007,10
U03694,browse,2023-09-09,page_012,143
U03695,register,2023-10-09,page_041,12
U03695,app_open,2023-10-09,page_085,22
U03696,register,2024-04-23,page_071,25
U03696,app_open,2024-04-23,page_092,42
U03696,browse,2024-04-23,page_050,87
U03696,add_to_cart,2024-04-23,page_094,57
U03697,register,2023-08-28,page_002,16
U03698,register,2023-02-25,page_038,7
U03698,app_open,2023-02-25,page_088,50
U03698,browse,2023-02-25,page_007,252
U03698,add_to_cart,2023-02-25,page_078,85
U03699,register,2024-06-24,page_097,10
U03699,app_open,2024-06-24,page_082,35
U03699,browse,2024-06-24,page_046,94
U03699,add_to_cart,2024-06-24,page_052,97
U03700,register,2024-06-27,page_089,11
U03701,register,2023-12-24,page_055,26
U03702,register,2023-03-02,page_015,9
U03703,register,2023-06-06,page_063,25
U03703,app_open,2023-06-06,page_022,49
U03703,share,2023-06-28,page_061,23
U03704,register,2024-05-16,page_028,13
U03705,register,2024-11-28,page_096,11
U03705,app_open,2024-11-28,page_001,41
U03705,browse,2024-11-28,page_095,160
U03706,register,2024-01-12,page_059,10
U03707,register,2023-11-15,page_089,12
U03707,app_open,2023-11-15,page_053,54
U03707,browse,2023-11-15,page_078,200
U03708,register,2024-05-20,page_087,7
U03708,app_open,2024-05-20,page_077,40
U03709,register,2024-10-24,page_084,21
U03709,app_open,2024-10-24,page_069,24
U03710,register,2023-08-26,page_035,29
U03710,app_open,2023-08-26,page_008,20
U03711,register,2023-07-11,page_010,21
U03711,app_open,2023-07-11,page_081,36
U03711,browse,2023-07-11,page_019,244
U03712,register,2024-09-22,page_015,12
U03712,app_open,2024-09-22,page_050,14
U03712,browse,2024-09-22,page_018,184
U03712,add_to_cart,2024-09-22,page_065,46
U03713,register,2023-08-19,page_070,24
U03713,app_open,2023-08-19,page_049,31
U03714,register,2023-06-20,page_081,6
U03714,app_open,2023-06-20,page_022,49
U03714,browse,2023-06-20,page_048,205
U03714,share,2023-06-24,page_038,27
U03715,register,2024-07-19,page_073,5
U03715,app_open,2024-07-19,page_014,13
U03715,browse,2024-07-19,page_063,138
U03715,add_to_cart,2024-07-19,page_086,40
U03716,register,2023-04-22,page_086,8
U03716,app_open,2023-04-22,page_022,40
U03717,register,2024-03-27,page_057,8
U03717,app_open,2024-03-27,page_037,59
U03717,browse,2024-03-27,page_014,211
U03717,add_to_cart,2024-03-27,page_001,73
U03718,register,2024-05-18,page_028,19
U03718,app_open,2024-05-18,page_037,14
U03718,browse,2024-05-18,page_077,111
U03718,add_to_cart,2024-05-18,page_044,63
U03719,register,2024-08-12,page_015,26
U03720,register,2023-10-09,page_012,20
U03720,app_open,2023-10-09,page_069,34
U03720,share,2023-10-10,page_021,10
U03721,register,2023-08-26,page_027,18
U03721,app_open,2023-08-26,page_030,46
U03721,browse,2023-08-26,page_051,244
U03722,register,2023-08-11,page_007,14
U03722,app_open,2023-08-11,page_050,46
U03722,browse,2023-08-11,page_093,156
U03722,share,2023-08-20,page_045,12
U03723,register,2024-11-12,page_093,11
U03723,app_open,2024-11-12,page_055,46
U03723,browse,2024-11-12,page_098,194
U03723,add_to_cart,2024-11-12,page_083,46
U03724,register,2024-10-23,page_026,20
U03724,app_open,2024-10-23,page_099,38
U03724,browse,2024-10-23,page_021,210
U03724,share,2024-11-02,page_067,10
U03725,register,2023-06-03,page_013,7
U03725,app_open,2023-06-03,page_073,56
U03725,browse,2023-06-03,page_004,275
U03725,add_to_cart,2023-06-03,page_027,51
U03726,register,2024-03-28,page_083,16
U03726,app_open,2024-03-28,page_048,12
U03726,browse,2024-03-28,page_024,141
U03726,add_to_cart,2024-03-28,page_030,65
U03727,register,2023-06-28,page_080,19
U03728,register,2023-07-06,page_052,27
U03728,app_open,2023-07-06,page_075,20
U03728,browse,2023-07-06,page_011,204
U03728,add_to_cart,2023-07-06,page_036,106
U03729,register,2023-02-06,page_011,23
U03729,app_open,2023-02-06,page_024,36
U03730,register,2023-02-01,page_018,23
U03730,app_open,2023-02-01,page_064,14
U03730,browse,2023-02-01,page_026,241
U03730,add_to_cart,2023-02-01,page_047,108
U03731,register,2024-03-10,page_019,5
U03731,app_open,2024-03-10,page_093,26
U03731,browse,2024-03-10,page_005,126
U03731,share,2024-03-24,page_033,11
U03732,register,2023-10-10,page_001,8
U03732,app_open,2023-10-10,page_081,27
U03733,register,2023-05-04,page_001,12
U03734,register,2024-03-09,page_028,8
U03734,app_open,2024-03-09,page_097,41
U03734,browse,2024-03-09,page_011,102
U03734,add_to_cart,2024-03-09,page_009,75
U03734,share,2024-03-18,page_032,5
U03735,register,2024-04-09,page_044,18
U03735,app_open,2024-04-09,page_079,38
U03735,browse,2024-04-09,page_019,133
U03736,register,2024-07-14,page_093,9
U03737,register,2023-12-12,page_043,19
U03737,app_open,2023-12-12,page_054,25
U03737,browse,2023-12-12,page_018,286
U03738,register,2023-03-19,page_096,18
U03739,register,2023-11-26,page_056,10
U03739,app_open,2023-11-26,page_090,39
U03740,register,2023-05-06,page_023,19
U03740,app_open,2023-05-06,page_040,39
U03740,browse,2023-05-06,page_079,188
U03741,register,2023-06-19,page_093,22
U03741,app_open,2023-06-19,page_083,33
U03741,browse,2023-06-19,page_073,267
U03741,add_to_cart,2023-06-19,page_013,93
U03742,register,2024-02-16,page_082,11
U03742,app_open,2024-02-16,page_089,41
U03743,register,2023-12-18,page_004,15
U03743,app_open,2023-12-18,page_044,22
U03743,browse,2023-12-18,page_089,137
U03744,register,2024-10-13,page_033,25
U03744,app_open,2024-10-13,page_038,37
U03745,register,2024-08-09,page_033,27
U03745,app_open,2024-08-09,page_083,37
U03745,browse,2024-08-09,page_040,30
U03746,register,2024-06-04,page_058,28
U03747,register,2023-11-27,page_033,20
U03747,app_open,2023-11-27,page_056,31
U03747,browse,2023-11-27,page_007,273
U03748,register,2024-06-21,page_083,14
U03748,app_open,2024-06-21,page_018,56
U03748,browse,2024-06-21,page_031,61
U03748,share,2024-06-23,page_094,22
U03749,register,2023-03-04,page_007,21
U03749,app_open,2023-03-04,page_053,55
U03749,browse,2023-03-04,page_056,209
U03750,register,2023-09-13,page_011,24
U03750,app_open,2023-09-13,page_087,54
U03750,browse,2023-09-13,page_076,187
U03750,share,2023-09-23,page_042,25
U03751,register,2024-03-10,page_053,27
U03751,app_open,2024-03-10,page_028,43
U03751,browse,2024-03-10,page_098,251
U03751,add_to_cart,2024-03-10,page_035,60
U03752,register,2024-09-09,page_033,25
U03752,app_open,2024-09-09,page_044,51
U03752,browse,2024-09-09,page_087,297
U03753,register,2024-04-16,page_051,25
U03753,app_open,2024-04-16,page_030,38
U03753,browse,2024-04-16,page_044,170
U03753,add_to_cart,2024-04-16,page_066,101
U03754,register,2024-01-05,page_059,20
U03754,app_open,2024-01-05,page_079,44
U03754,browse,2024-01-05,page_092,180
U03755,register,2023-10-25,page_055,17
U03755,app_open,2023-10-25,page_039,10
U03756,register,2024-12-01,page_017,13
U03756,app_open,2024-12-01,page_007,26
U03756,browse,2024-12-01,page_027,208
U03756,add_to_cart,2024-12-01,page_050,96
U03757,register,2023-03-21,page_029,17
U03757,app_open,2023-03-21,page_072,43
U03758,register,2023-03-10,page_077,24
U03758,app_open,2023-03-10,page_027,12
U03759,register,2024-05-27,page_028,17
U03760,register,2024-06-13,page_099,7
U03760,app_open,2024-06-13,page_016,12
U03761,register,2023-02-16,page_080,25
U03762,register,2023-04-22,page_081,25
U03762,app_open,2023-04-22,page_073,31
U03762,browse,2023-04-22,page_057,295
U03763,register,2024-06-14,page_044,8
U03763,app_open,2024-06-14,page_063,15
U03764,register,2023-06-11,page_020,8
U03764,app_open,2023-06-11,page_005,22
U03764,browse,2023-06-11,page_044,32
U03764,add_to_cart,2023-06-11,page_011,117
U03764,share,2023-06-29,page_077,29
U03765,register,2024-05-08,page_006,13
U03765,app_open,2024-05-08,page_003,35
U03765,browse,2024-05-08,page_013,54
U03765,add_to_cart,2024-05-08,page_060,102
U03765,share,2024-05-15,page_024,12
U03766,register,2023-03-24,page_068,13
U03766,app_open,2023-03-24,page_009,33
U03766,browse,2023-03-24,page_088,268
U03767,register,2023-03-17,page_069,14
U03767,app_open,2023-03-17,page_078,29
U03768,register,2023-04-19,page_054,11
U03768,app_open,2023-04-19,page_086,51
U03768,browse,2023-04-19,page_034,85
U03768,add_to_cart,2023-04-19,page_045,84
U03769,register,2023-08-17,page_015,23
U03769,app_open,2023-08-17,page_047,17
U03769,browse,2023-08-17,page_063,236
U03769,add_to_cart,2023-08-17,page_044,76
U03770,register,2024-10-05,page_039,14
U03770,app_open,2024-10-05,page_067,32
U03770,browse,2024-10-05,page_065,34
U03770,add_to_cart,2024-10-05,page_024,116
U03771,register,2023-11-12,page_098,14
U03771,app_open,2023-11-12,page_082,45
U03772,register,2024-09-15,page_057,24
U03772,app_open,2024-09-15,page_088,57
U03772,browse,2024-09-15,page_058,62
U03772,share,2024-10-01,page_084,28
U03773,register,2023-12-22,page_077,27
U03773,app_open,2023-12-22,page_082,25
U03773,browse,2023-12-22,page_053,271
U03773,share,2023-12-29,page_041,10
U03774,register,2023-07-24,page_085,18
U03774,app_open,2023-07-24,page_017,53
U03774,browse,2023-07-24,page_068,284
U03775,register,2023-03-10,page_050,8
U03775,app_open,2023-03-10,page_068,18
U03775,browse,2023-03-10,page_003,138
U03775,add_to_cart,2023-03-10,page_026,35
U03776,register,2024-04-01,page_037,23
U03776,app_open,2024-04-01,page_066,50
U03776,browse,2024-04-01,page_030,219
U03776,add_to_cart,2024-04-01,page_048,43
U03777,register,2024-09-11,page_028,24
U03777,app_open,2024-09-11,page_003,40
U03777,browse,2024-09-11,page_055,234
U03777,add_to_cart,2024-09-11,page_071,29
U03777,share,2024-09-26,page_074,8
U03778,register,2024-05-14,page_082,29
U03779,register,2024-06-12,page_096,18
U03779,app_open,2024-06-12,page_013,55
U03780,register,2024-04-08,page_012,22
U03780,app_open,2024-04-08,page_075,49
U03781,register,2023-03-11,page_069,23
U03781,app_open,2023-03-11,page_083,56
U03781,browse,2023-03-11,page_029,245
U03782,register,2024-03-04,page_027,23
U03783,register,2024-04-22,page_079,20
U03784,register,2024-12-17,page_004,28
U03784,app_open,2024-12-17,page_026,17
U03784,browse,2024-12-17,page_065,220
U03784,share,2024-12-27,page_013,21
U03785,register,2024-02-02,page_071,25
U03785,app_open,2024-02-02,page_099,29
U03785,browse,2024-02-02,page_007,172
U03786,register,2024-10-15,page_041,18
U03786,app_open,2024-10-15,page_018,40
U03786,browse,2024-10-15,page_067,250
U03787,register,2024-12-28,page_017,14
U03787,app_open,2024-12-28,page_036,38
U03787,browse,2024-12-28,page_057,34
U03788,register,2023-08-13,page_069,8
U03788,app_open,2023-08-13,page_064,54
U03788,browse,2023-08-13,page_098,295
U03789,register,2023-03-04,page_026,28
U03789,app_open,2023-03-04,page_023,17
U03789,browse,2023-03-04,page_033,32
U03789,add_to_cart,2023-03-04,page_074,59
U03790,register,2023-04-04,page_012,10
U03790,app_open,2023-04-04,page_053,24
U03790,browse,2023-04-04,page_009,132
U03791,register,2023-02-13,page_092,20
U03791,app_open,2023-02-13,page_089,13
U03791,browse,2023-02-13,page_019,166
U03792,register,2024-10-08,page_010,8
U03792,app_open,2024-10-08,page_087,28
U03793,register,2023-09-01,page_023,10
U03793,app_open,2023-09-01,page_071,42
U03793,browse,2023-09-01,page_051,68
U03793,share,2023-09-22,page_093,20
U03794,register,2023-01-09,page_010,21
U03794,app_open,2023-01-09,page_058,40
U03794,browse,2023-01-09,page_038,202
U03795,register,2023-11-16,page_065,23
U03795,app_open,2023-11-16,page_087,15
U03795,browse,2023-11-16,page_034,59
U03796,register,2023-04-15,page_060,23
U03796,app_open,2023-04-15,page_006,46
U03796,browse,2023-04-15,page_086,192
U03797,register,2023-07-02,page_089,27
U03797,app_open,2023-07-02,page_050,54
U03797,browse,2023-07-02,page_022,148
U03798,register,2023-10-17,page_093,24
U03798,app_open,2023-10-17,page_041,48
U03799,register,2023-11-23,page_099,7
U03799,app_open,2023-11-23,page_013,40
U03799,browse,2023-11-23,page_026,129
U03799,add_to_cart,2023-11-23,page_001,48
U03800,register,2024-10-19,page_053,29
U03800,app_open,2024-10-19,page_038,11
U03800,browse,2024-10-19,page_074,168
U03800,add_to_cart,2024-10-19,page_066,118
U03800,share,2024-11-04,page_042,10
U03801,register,2023-10-04,page_084,8
U03801,app_open,2023-10-04,page_067,20
U03802,register,2024-01-01,page_006,6
U03802,app_open,2024-01-01,page_044,48
U03802,browse,2024-01-01,page_079,110
U03803,register,2023-07-09,page_011,14
U03804,register,2023-01-18,page_038,16
U03805,register,2024-06-16,page_044,20
U03806,register,2024-10-16,page_027,5
U03806,app_open,2024-10-16,page_087,17
U03806,browse,2024-10-16,page_055,55
U03807,register,2023-05-14,page_019,11
U03807,app_open,2023-05-14,page_073,12
U03807,browse,2023-05-14,page_016,263
U03808,register,2024-10-01,page_052,24
U03808,app_open,2024-10-01,page_020,48
U03808,browse,2024-10-01,page_039,270
U03809,register,2023-06-27,page_070,12
U03809,app_open,2023-06-27,page_068,20
U03810,register,2023-06-23,page_016,29
U03810,app_open,2023-06-23,page_087,44
U03810,browse,2023-06-23,page_096,182
U03810,add_to_cart,2023-06-23,page_086,65
U03811,register,2023-12-18,page_073,7
U03811,app_open,2023-12-18,page_021,47
U03811,browse,2023-12-18,page_048,65
U03811,add_to_cart,2023-12-18,page_070,28
U03812,register,2024-10-09,page_002,13
U03812,app_open,2024-10-09,page_094,35
U03813,register,2024-04-15,page_047,25
U03813,app_open,2024-04-15,page_002,14
U03814,register,2023-02-05,page_021,6
U03814,app_open,2023-02-05,page_067,59
U03814,browse,2023-02-05,page_079,72
U03814,add_to_cart,2023-02-05,page_012,27
U03815,register,2024-11-21,page_091,7
U03816,register,2024-01-19,page_064,9
U03816,app_open,2024-01-19,page_042,16
U03816,browse,2024-01-19,page_066,268
U03816,share,2024-02-02,page_036,22
U03817,register,2023-01-16,page_087,9
U03817,app_open,2023-01-16,page_078,47
U03817,browse,2023-01-16,page_093,44
U03818,register,2023-07-13,page_069,18
U03819,register,2024-12-22,page_001,26
U03819,app_open,2024-12-22,page_051,57
U03819,browse,2024-12-22,page_052,281
U03819,add_to_cart,2024-12-22,page_032,87
U03820,register,2024-04-28,page_007,14
U03821,register,2023-12-07,page_006,6
U03821,app_open,2023-12-07,page_061,35
U03821,browse,2023-12-07,page_046,173
U03821,add_to_cart,2023-12-07,page_076,102
U03822,register,2024-02-18,page_060,19
U03822,app_open,2024-02-18,page_021,40
U03822,share,2024-02-22,page_052,8
U03823,register,2024-09-19,page_035,13
U03823,app_open,2024-09-19,page_034,46
U03824,register,2024-01-02,page_001,11
U03824,app_open,2024-01-02,page_012,40
U03824,browse,2024-01-02,page_065,277
U03824,share,2024-01-21,page_077,26
U03825,register,2024-07-04,page_088,15
U03825,app_open,2024-07-04,page_010,45
U03825,browse,2024-07-04,page_059,156
U03826,register,2024-02-02,page_048,7
U03826,app_open,2024-02-02,page_002,50
U03826,browse,2024-02-02,page_077,160
U03826,add_to_cart,2024-02-02,page_035,102
U03827,register,2024-06-24,page_046,21
U03827,app_open,2024-06-24,page_050,56
U03827,browse,2024-06-24,page_024,207
U03827,add_to_cart,2024-06-24,page_099,81
U03828,register,2024-07-19,page_046,7
U03829,register,2023-04-27,page_096,25
U03829,app_open,2023-04-27,page_031,11
U03829,browse,2023-04-27,page_053,43
U03829,add_to_cart,2023-04-27,page_099,37
U03830,register,2024-09-19,page_065,26
U03830,app_open,2024-09-19,page_077,53
U03830,browse,2024-09-19,page_053,150
U03831,register,2024-10-26,page_025,17
U03831,app_open,2024-10-26,page_083,41
U03831,browse,2024-10-26,page_061,279
U03831,add_to_cart,2024-10-26,page_062,81
U03831,share,2024-11-03,page_039,14
U03832,register,2023-03-08,page_092,22
U03832,app_open,2023-03-08,page_089,55
U03832,browse,2023-03-08,page_058,233
U03832,share,2023-03-22,page_090,27
U03833,register,2023-04-21,page_018,28
U03833,app_open,2023-04-21,page_057,57
U03834,register,2023-03-05,page_076,20
U03834,app_open,2023-03-05,page_018,13
U03835,register,2023-11-23,page_044,10
U03835,app_open,2023-11-23,page_059,11
U03835,browse,2023-11-23,page_015,111
U03836,register,2024-07-19,page_061,15
U03836,app_open,2024-07-19,page_028,45
U03836,browse,2024-07-19,page_096,196
U03837,register,2024-05-02,page_054,27
U03837,app_open,2024-05-02,page_035,58
U03837,browse,2024-05-02,page_004,196
U03837,add_to_cart,2024-05-02,page_047,98
U03838,register,2024-08-28,page_091,19
U03838,app_open,2024-08-28,page_070,48
U03838,browse,2024-08-28,page_077,277
U03838,add_to_cart,2024-08-28,page_049,21
U03839,register,2023-09-03,page_002,21
U03839,app_open,2023-09-03,page_065,55
U03839,browse,2023-09-03,page_074,187
U03840,register,2023-10-21,page_010,9
U03840,app_open,2023-10-21,page_072,40
U03840,browse,2023-10-21,page_002,287
U03840,share,2023-10-23,page_099,9
U03841,register,2023-09-20,page_068,10
U03841,app_open,2023-09-20,page_082,52
U03841,browse,2023-09-20,page_078,171
U03841,add_to_cart,2023-09-20,page_032,105
U03841,share,2023-10-15,page_014,15
U03842,register,2023-04-22,page_096,14
U03842,app_open,2023-04-22,page_095,39
U03842,share,2023-05-21,page_024,22
U03843,register,2023-07-12,page_020,18
U03843,app_open,2023-07-12,page_039,25
U03843,browse,2023-07-12,page_014,231
U03844,register,2023-11-22,page_012,12
U03844,app_open,2023-11-22,page_074,53
U03844,browse,2023-11-22,page_006,162
U03845,register,2024-03-20,page_051,25
U03846,register,2024-02-07,page_023,16
U03846,app_open,2024-02-07,page_094,11
U03846,browse,2024-02-07,page_045,40
U03847,register,2024-03-14,page_020,24
U03847,app_open,2024-03-14,page_055,24
U03847,browse,2024-03-14,page_010,34
U03848,register,2023-11-10,page_037,7
U03848,app_open,2023-11-10,page_053,19
U03848,browse,2023-11-10,page_047,234
U03849,register,2024-07-03,page_067,9
U03849,app_open,2024-07-03,page_029,42
U03850,register,2023-12-13,page_061,27
U03850,app_open,2023-12-13,page_007,35
U03850,browse,2023-12-13,page_058,182
U03851,register,2023-07-12,page_006,28
U03851,app_open,2023-07-12,page_017,44
U03851,browse,2023-07-12,page_048,298
U03852,register,2024-10-02,page_027,23
U03853,register,2023-01-06,page_063,18
U03853,app_open,2023-01-06,page_072,48
U03853,browse,2023-01-06,page_074,125
U03854,register,2024-07-25,page_001,28
U03854,app_open,2024-07-25,page_024,41
U03854,share,2024-08-01,page_001,24
U03855,register,2023-06-13,page_013,26
U03855,app_open,2023-06-13,page_067,56
U03856,register,2023-04-26,page_028,17
U03856,app_open,2023-04-26,page_041,23
U03856,browse,2023-04-26,page_066,33
U03857,register,2024-02-16,page_020,18
U03857,app_open,2024-02-16,page_064,35
U03857,browse,2024-02-16,page_053,49
U03858,register,2023-02-09,page_039,9
U03858,app_open,2023-02-09,page_090,41
U03858,browse,2023-02-09,page_029,148
U03859,register,2024-01-21,page_002,29
U03859,app_open,2024-01-21,page_022,36
U03860,register,2024-02-14,page_026,26
U03860,app_open,2024-02-14,page_072,34
U03860,browse,2024-02-14,page_034,212
U03860,add_to_cart,2024-02-14,page_001,96
U03861,register,2023-05-02,page_099,21
U03862,register,2023-05-06,page_053,7
U03862,app_open,2023-05-06,page_097,53
U03862,browse,2023-05-06,page_070,119
U03863,register,2023-02-01,page_047,22
U03863,app_open,2023-02-01,page_051,25
U03863,browse,2023-02-01,page_044,77
U03863,share,2023-02-11,page_084,20
U03864,register,2024-04-22,page_062,12
U03865,register,2023-09-25,page_052,10
U03865,app_open,2023-09-25,page_050,25
U03865,browse,2023-09-25,page_007,156
U03866,register,2024-02-09,page_061,16
U03866,app_open,2024-02-09,page_001,54
U03867,register,2023-05-15,page_043,24
U03867,app_open,2023-05-15,page_059,15
U03867,browse,2023-05-15,page_028,80
U03868,register,2023-10-15,page_030,27
U03868,app_open,2023-10-15,page_020,58
U03868,browse,2023-10-15,page_030,262
U03868,add_to_cart,2023-10-15,page_080,54
U03869,register,2024-05-03,page_055,27
U03869,app_open,2024-05-03,page_016,52
U03869,browse,2024-05-03,page_012,39
U03869,share,2024-06-01,page_045,22
U03870,register,2023-08-25,page_033,11
U03870,app_open,2023-08-25,page_018,45
U03871,register,2023-04-11,page_088,12
U03871,app_open,2023-04-11,page_085,42
U03872,register,2024-07-14,page_032,28
U03872,app_open,2024-07-14,page_015,53
U03872,browse,2024-07-14,page_095,160
U03873,register,2024-06-21,page_020,10
U03874,register,2023-02-27,page_029,19
U03874,app_open,2023-02-27,page_095,54
U03874,browse,2023-02-27,page_005,211
U03874,add_to_cart,2023-02-27,page_071,76
U03875,register,2023-09-10,page_024,9
U03875,app_open,2023-09-10,page_046,48
U03875,browse,2023-09-10,page_079,56
U03876,register,2024-01-19,page_084,22
U03877,register,2023-04-28,page_002,27
U03878,register,2024-04-12,page_078,12
U03878,app_open,2024-04-12,page_050,12
U03879,register,2024-04-17,page_025,9
U03879,app_open,2024-04-17,page_056,43
U03879,browse,2024-04-17,page_018,91
U03880,register,2024-04-07,page_046,21
U03880,app_open,2024-04-07,page_028,24
U03880,browse,2024-04-07,page_014,125
U03880,add_to_cart,2024-04-07,page_042,16
U03881,register,2023-02-09,page_037,18
U03881,app_open,2023-02-09,page_004,35
U03881,browse,2023-02-09,page_048,204
U03882,register,2023-12-13,page_007,17
U03882,app_open,2023-12-13,page_092,38
U03882,browse,2023-12-13,page_007,107
U03883,register,2024-02-12,page_011,7
U03884,register,2023-03-22,page_025,24
U03884,app_open,2023-03-22,page_001,48
U03884,browse,2023-03-22,page_069,195
U03884,share,2023-04-20,page_025,15
U03885,register,2024-09-16,page_069,28
U03885,app_open,2024-09-16,page_036,20
U03885,browse,2024-09-16,page_081,159
U03885,add_to_cart,2024-09-16,page_087,78
U03886,register,2024-06-25,page_074,7
U03886,app_open,2024-06-25,page_069,11
U03886,browse,2024-06-25,page_011,130
U03886,share,2024-06-26,page_050,5
U03887,register,2023-03-22,page_044,27
U03888,register,2023-09-15,page_049,24
U03889,register,2023-08-10,page_080,22
U03889,app_open,2023-08-10,page_078,17
U03889,browse,2023-08-10,page_054,164
U03890,register,2024-09-22,page_070,21
U03890,app_open,2024-09-22,page_015,46
U03890,browse,2024-09-22,page_042,137
U03891,register,2023-03-05,page_099,17
U03891,app_open,2023-03-05,page_084,36
U03891,browse,2023-03-05,page_035,114
U03891,share,2023-03-31,page_085,5
U03892,register,2023-06-14,page_065,6
U03892,app_open,2023-06-14,page_008,26
U03892,browse,2023-06-14,page_096,130
U03892,share,2023-07-02,page_020,9
U03893,register,2024-07-26,page_044,22
U03893,app_open,2024-07-26,page_068,38
U03893,browse,2024-07-26,page_026,287
U03893,add_to_cart,2024-07-26,page_003,67
U03894,register,2024-06-26,page_009,14
U03895,register,2023-07-04,page_067,29
U03895,app_open,2023-07-04,page_082,56
U03895,share,2023-07-14,page_037,22
U03896,register,2023-03-13,page_044,23
U03896,app_open,2023-03-13,page_003,13
U03896,browse,2023-03-13,page_047,140
U03896,add_to_cart,2023-03-13,page_011,118
U03897,register,2023-04-09,page_057,7
U03897,app_open,2023-04-09,page_003,28
U03897,browse,2023-04-09,page_012,242
U03898,register,2023-06-11,page_006,7
U03899,register,2023-09-09,page_083,17
U03899,app_open,2023-09-09,page_055,40
U03899,browse,2023-09-09,page_014,222
U03900,register,2024-10-21,page_066,18
U03900,app_open,2024-10-21,page_034,26
U03900,browse,2024-10-21,page_017,119
U03900,add_to_cart,2024-10-21,page_090,112
U03901,register,2024-07-01,page_088,17
U03901,app_open,2024-07-01,page_041,38
U03901,share,2024-07-13,page_019,6
U03902,register,2023-04-01,page_014,9
U03902,app_open,2023-04-01,page_068,50
U03903,register,2024-01-16,page_010,9
U03903,app_open,2024-01-16,page_028,37
U03903,browse,2024-01-16,page_077,93
U03903,add_to_cart,2024-01-16,page_007,86
U03904,register,2023-12-01,page_061,25
U03904,app_open,2023-12-01,page_006,39
U03904,browse,2023-12-01,page_078,196
U03905,register,2024-03-22,page_023,20
U03905,app_open,2024-03-22,page_024,27
U03905,browse,2024-03-22,page_085,65
U03906,register,2023-05-23,page_069,14
U03906,app_open,2023-05-23,page_006,17
U03906,browse,2023-05-23,page_096,197
U03906,add_to_cart,2023-05-23,page_084,78
U03907,register,2023-01-17,page_071,25
U03907,app_open,2023-01-17,page_076,28
U03907,browse,2023-01-17,page_021,118
U03907,add_to_cart,2023-01-17,page_039,43
U03908,register,2023-08-22,page_035,21
U03908,app_open,2023-08-22,page_050,59
U03908,browse,2023-08-22,page_071,30
U03908,add_to_cart,2023-08-22,page_050,21
U03908,share,2023-09-11,page_022,28
U03909,register,2023-08-22,page_075,21
U03909,app_open,2023-08-22,page_092,38
U03909,browse,2023-08-22,page_088,172
U03910,register,2024-10-26,page_060,15
U03910,app_open,2024-10-26,page_025,38
U03911,register,2024-03-23,page_020,28
U03911,app_open,2024-03-23,page_036,27
U03912,register,2023-12-16,page_010,14
U03913,register,2024-06-03,page_084,6
U03913,app_open,2024-06-03,page_048,44
U03913,browse,2024-06-03,page_015,206
U03914,register,2023-04-15,page_095,6
U03914,app_open,2023-04-15,page_052,35
U03914,share,2023-05-02,page_020,29
U03915,register,2024-02-01,page_002,7
U03915,app_open,2024-02-01,page_009,32
U03915,browse,2024-02-01,page_090,44
U03915,share,2024-02-23,page_044,10
U03916,register,2024-08-17,page_036,24
U03916,app_open,2024-08-17,page_067,58
U03916,browse,2024-08-17,page_063,296
U03916,add_to_cart,2024-08-17,page_056,63
U03917,register,2024-05-22,page_035,25
U03917,app_open,2024-05-22,page_059,26
U03917,browse,2024-05-22,page_067,197
U03918,register,2024-06-01,page_021,10
U03918,app_open,2024-06-01,page_035,24
U03918,browse,2024-06-01,page_068,246
U03918,add_to_cart,2024-06-01,page_020,29
U03919,register,2023-02-23,page_074,14
U03920,register,2024-04-14,page_049,27
U03920,app_open,2024-04-14,page_020,53
U03920,browse,2024-04-14,page_039,41
U03920,add_to_cart,2024-04-14,page_031,57
U03921,register,2024-08-23,page_037,8
U03921,app_open,2024-08-23,page_020,22
U03921,browse,2024-08-23,page_038,184
U03921,add_to_cart,2024-08-23,page_057,90
U03922,register,2024-11-20,page_035,8
U03922,app_open,2024-11-20,page_008,18
U03922,browse,2024-11-20,page_090,64
U03922,add_to_cart,2024-11-20,page_077,98
U03923,register,2024-06-09,page_010,16
U03923,app_open,2024-06-09,page_064,54
U03923,browse,2024-06-09,page_004,109
U03924,register,2024-02-13,page_092,19
U03924,app_open,2024-02-13,page_099,28
U03925,register,2024-02-26,page_092,19
U03926,register,2024-07-17,page_029,22
U03926,app_open,2024-07-17,page_010,12
U03926,browse,2024-07-17,page_077,115
U03926,add_to_cart,2024-07-17,page_062,60
U03926,share,2024-08-13,page_065,29
U03927,register,2023-08-04,page_077,27
U03927,app_open,2023-08-04,page_059,58
U03927,browse,2023-08-04,page_086,83
U03928,register,2023-09-24,page_078,7
U03928,app_open,2023-09-24,page_069,54
U03928,browse,2023-09-24,page_067,109
U03928,add_to_cart,2023-09-24,page_087,84
U03929,register,2023-11-07,page_062,15
U03929,app_open,2023-11-07,page_064,51
U03929,browse,2023-11-07,page_007,167
U03929,add_to_cart,2023-11-07,page_091,31
U03930,register,2024-03-25,page_080,25
U03930,app_open,2024-03-25,page_042,41
U03930,browse,2024-03-25,page_043,214
U03931,register,2024-06-20,page_065,22
U03932,register,2023-05-16,page_067,28
U03932,app_open,2023-05-16,page_017,33
U03932,browse,2023-05-16,page_090,73
U03932,add_to_cart,2023-05-16,page_047,22
U03933,register,2024-09-12,page_056,20
U03933,app_open,2024-09-12,page_073,44
U03933,browse,2024-09-12,page_083,109
U03934,register,2024-05-25,page_080,9
U03934,app_open,2024-05-25,page_004,54
U03934,browse,2024-05-25,page_055,234
U03935,register,2024-03-25,page_047,15
U03935,app_open,2024-03-25,page_034,23
U03936,register,2024-09-26,page_043,10
U03937,register,2024-07-24,page_064,28
U03937,app_open,2024-07-24,page_098,16
U03938,register,2023-07-21,page_017,6
U03938,app_open,2023-07-21,page_099,12
U03938,browse,2023-07-21,page_087,92
U03938,add_to_cart,2023-07-21,page_083,111
U03939,register,2023-12-17,page_073,8
U03939,app_open,2023-12-17,page_037,19
U03939,browse,2023-12-17,page_046,58
U03940,register,2023-07-11,page_045,27
U03940,app_open,2023-07-11,page_059,12
U03940,browse,2023-07-11,page_078,270
U03940,share,2023-08-03,page_016,15
U03941,register,2023-01-17,page_095,9
U03941,app_open,2023-01-17,page_043,19
U03941,browse,2023-01-17,page_098,107
U03941,add_to_cart,2023-01-17,page_037,57
U03942,register,2024-10-07,page_023,18
U03942,app_open,2024-10-07,page_079,36
U03942,browse,2024-10-07,page_056,46
U03943,register,2023-02-11,page_009,29
U03944,register,2024-04-15,page_029,19
U03944,app_open,2024-04-15,page_086,32
U03944,browse,2024-04-15,page_084,251
U03945,register,2023-08-15,page_046,17
U03945,app_open,2023-08-15,page_025,15
U03946,register,2023-07-05,page_004,8
U03947,register,2023-08-02,page_030,14
U03947,app_open,2023-08-02,page_033,49
U03947,browse,2023-08-02,page_088,290
U03948,register,2023-06-04,page_017,19
U03948,app_open,2023-06-04,page_070,21
U03948,browse,2023-06-04,page_067,95
U03949,register,2023-07-06,page_032,26
U03949,app_open,2023-07-06,page_014,58
U03949,share,2023-07-12,page_050,9
U03950,register,2024-10-05,page_043,9
U03950,app_open,2024-10-05,page_051,38
U03950,browse,2024-10-05,page_086,132
U03951,register,2023-05-18,page_027,22
U03951,app_open,2023-05-18,page_081,35
U03952,register,2023-11-23,page_032,8
U03952,app_open,2023-11-23,page_079,35
U03952,browse,2023-11-23,page_043,111
U03952,share,2023-12-08,page_017,10
U03953,register,2024-11-08,page_083,15
U03953,app_open,2024-11-08,page_080,37
U03953,browse,2024-11-08,page_066,224
U03953,add_to_cart,2024-11-08,page_003,75
U03954,register,2024-08-11,page_092,20
U03954,app_open,2024-08-11,page_011,46
U03954,browse,2024-08-11,page_042,31
U03954,add_to_cart,2024-08-11,page_003,58
U03955,register,2024-07-19,page_029,29
U03955,app_open,2024-07-19,page_022,22
U03955,share,2024-07-22,page_014,15
U03956,register,2023-02-10,page_051,10
U03956,app_open,2023-02-10,page_040,14
U03956,browse,2023-02-10,page_072,287
U03956,add_to_cart,2023-02-10,page_069,24
U03956,share,2023-02-15,page_022,15
U03957,register,2023-07-12,page_072,22
U03957,app_open,2023-07-12,page_088,28
U03957,browse,2023-07-12,page_010,182
U03958,register,2023-02-07,page_021,28
U03959,register,2024-07-01,page_042,11
U03960,register,2023-11-08,page_062,15
U03960,app_open,2023-11-08,page_090,58
U03960,browse,2023-11-08,page_025,196
U03960,add_to_cart,2023-11-08,page_090,43
U03961,register,2023-08-14,page_022,14
U03961,app_open,2023-08-14,page_053,14
U03961,share,2023-09-01,page_032,28
U03962,register,2024-01-10,page_007,8
U03962,app_open,2024-01-10,page_084,58
U03962,browse,2024-01-10,page_073,293
U03962,add_to_cart,2024-01-10,page_022,43
U03962,share,2024-01-21,page_045,5
U03963,register,2024-05-27,page_013,16
U03963,app_open,2024-05-27,page_006,38
U03963,browse,2024-05-27,page_022,282
U03963,add_to_cart,2024-05-27,page_090,19
U03964,register,2023-06-20,page_026,25
U03964,app_open,2023-06-20,page_067,58
U03964,browse,2023-06-20,page_016,234
U03964,add_to_cart,2023-06-20,page_002,63
U03965,register,2024-09-14,page_052,21
U03965,app_open,2024-09-14,page_020,38
U03965,browse,2024-09-14,page_043,211
U03965,add_to_cart,2024-09-14,page_067,62
U03965,share,2024-09-29,page_031,7
U03966,register,2024-12-08,page_078,28
U03966,app_open,2024-12-08,page_052,37
U03966,browse,2024-12-08,page_006,77
U03966,add_to_cart,2024-12-08,page_044,64
U03966,share,2024-12-20,page_053,9
U03967,register,2023-07-05,page_081,15
U03967,app_open,2023-07-05,page_018,40
U03968,register,2023-06-08,page_001,21
U03968,app_open,2023-06-08,page_081,45
U03968,browse,2023-06-08,page_083,240
U03968,share,2023-07-03,page_049,17
U03969,register,2024-09-03,page_061,18
U03969,app_open,2024-09-03,page_065,50
U03969,browse,2024-09-03,page_099,213
U03969,add_to_cart,2024-09-03,page_056,116
U03970,register,2023-09-25,page_063,18
U03970,app_open,2023-09-25,page_074,11
U03970,browse,2023-09-25,page_048,262
U03971,register,2023-10-01,page_063,12
U03971,app_open,2023-10-01,page_021,47
U03971,browse,2023-10-01,page_039,114
U03971,add_to_cart,2023-10-01,page_026,118
U03972,register,2023-07-20,page_026,21
U03973,register,2023-06-13,page_061,14
U03973,app_open,2023-06-13,page_065,35
U03973,browse,2023-06-13,page_063,156
U03973,add_to_cart,2023-06-13,page_019,71
U03974,register,2023-07-08,page_063,26
U03974,app_open,2023-07-08,page_086,27
U03974,browse,2023-07-08,page_085,288
U03974,add_to_cart,2023-07-08,page_013,81
U03975,register,2024-09-05,page_082,23
U03975,app_open,2024-09-05,page_073,14
U03975,browse,2024-09-05,page_081,224
U03975,share,2024-09-29,page_048,20
U03976,register,2023-12-06,page_083,25
U03976,app_open,2023-12-06,page_082,45
U03976,browse,2023-12-06,page_034,70
U03976,add_to_cart,2023-12-06,page_014,44
U03977,register,2024-11-15,page_001,16
U03977,app_open,2024-11-15,page_050,23
U03977,browse,2024-11-15,page_016,101
U03978,register,2024-09-21,page_091,13
U03978,app_open,2024-09-21,page_017,23
U03978,browse,2024-09-21,page_067,105
U03979,register,2023-04-17,page_065,19
U03980,register,2024-02-07,page_038,16
U03980,app_open,2024-02-07,page_071,20
U03980,share,2024-02-20,page_063,15
U03981,register,2024-11-13,page_047,18
U03982,register,2024-10-10,page_045,11
U03982,app_open,2024-10-10,page_012,15
U03982,browse,2024-10-10,page_085,228
U03983,register,2024-06-02,page_084,29
U03983,app_open,2024-06-02,page_029,17
U03983,browse,2024-06-02,page_016,86
U03984,register,2024-10-12,page_045,18
U03984,app_open,2024-10-12,page_085,29
U03985,register,2024-01-25,page_042,13
U03986,register,2024-09-07,page_033,29
U03986,app_open,2024-09-07,page_034,14
U03986,browse,2024-09-07,page_039,152
U03986,add_to_cart,2024-09-07,page_041,72
U03987,register,2024-06-22,page_054,7
U03987,app_open,2024-06-22,page_047,55
U03987,browse,2024-06-22,page_058,278
U03988,register,2023-11-22,page_050,24
U03988,app_open,2023-11-22,page_046,56
U03989,register,2023-10-22,page_096,14
U03989,app_open,2023-10-22,page_094,17
U03989,browse,2023-10-22,page_026,211
U03990,register,2023-06-14,page_076,5
U03990,app_open,2023-06-14,page_079,50
U03990,browse,2023-06-14,page_007,84
U03990,add_to_cart,2023-06-14,page_025,63
U03991,register,2024-08-05,page_082,22
U03991,app_open,2024-08-05,page_098,17
U03991,browse,2024-08-05,page_007,239
U03991,add_to_cart,2024-08-05,page_094,93
U03992,register,2024-08-06,page_052,21
U03992,app_open,2024-08-06,page_034,30
U03992,browse,2024-08-06,page_048,199
U03993,register,2023-09-05,page_051,19
U03993,app_open,2023-09-05,page_029,10
U03993,browse,2023-09-05,page_050,108
U03993,share,2023-09-27,page_052,23
U03994,register,2023-05-19,page_031,27
U03994,app_open,2023-05-19,page_034,18
U03994,browse,2023-05-19,page_052,80
U03995,register,2024-01-27,page_047,12
U03996,register,2024-11-05,page_006,8
U03996,app_open,2024-11-05,page_067,39
U03997,register,2024-02-02,page_069,12
U03997,app_open,2024-02-02,page_095,44
U03997,browse,2024-02-02,page_050,243
U03998,register,2023-05-23,page_054,22
U03998,app_open,2023-05-23,page_065,23
U03999,register,2024-11-26,page_038,5
U03999,app_open,2024-11-26,page_050,50
U03999,browse,2024-11-26,page_056,195
U03999,share,2024-11-28,page_080,27
U04000,register,2023-12-24,page_013,13
U04001,register,2024-08-07,page_088,12
U04001,app_open,2024-08-07,page_050,57
U04001,browse,2024-08-07,page_019,95
U04001,add_to_cart,2024-08-07,page_050,95
U04002,register,2023-03-09,page_017,5
U04003,register,2024-03-15,page_067,29
U04004,register,2023-08-28,page_095,25
U04004,app_open,2023-08-28,page_014,38
U04004,browse,2023-08-28,page_079,78
U04004,add_to_cart,2023-08-28,page_028,54
U04004,share,2023-09-12,page_037,11
U04005,register,2024-04-25,page_077,26
U04005,app_open,2024-04-25,page_074,49
U04005,browse,2024-04-25,page_032,109
U04006,register,2023-02-20,page_046,11
U04006,app_open,2023-02-20,page_065,40
U04006,browse,2023-02-20,page_075,228
U04007,register,2023-01-24,page_077,26
U04007,app_open,2023-01-24,page_098,12
U04007,browse,2023-01-24,page_072,105
U04008,register,2023-04-04,page_031,14
U04008,app_open,2023-04-04,page_002,38
U04008,share,2023-04-19,page_061,5
U04009,register,2024-11-06,page_035,18
U04009,app_open,2024-11-06,page_001,58
U04009,browse,2024-11-06,page_080,224
U04009,add_to_cart,2024-11-06,page_059,37
U04010,register,2023-03-08,page_054,24
U04010,app_open,2023-03-08,page_019,47
U04010,browse,2023-03-08,page_069,282
U04011,register,2023-02-17,page_006,19
U04011,app_open,2023-02-17,page_092,37
U04011,browse,2023-02-17,page_081,65
U04011,add_to_cart,2023-02-17,page_039,36
U04012,register,2023-12-12,page_034,25
U04012,app_open,2023-12-12,page_064,26
U04012,browse,2023-12-12,page_061,128
U04012,add_to_cart,2023-12-12,page_044,67
U04013,register,2024-03-18,page_071,25
U04014,register,2023-09-21,page_079,23
U04014,app_open,2023-09-21,page_077,47
U04014,browse,2023-09-21,page_064,289
U04014,add_to_cart,2023-09-21,page_053,100
U04015,register,2023-05-22,page_038,6
U04016,register,2023-03-17,page_049,11
U04016,app_open,2023-03-17,page_002,55
U04016,browse,2023-03-17,page_079,214
U04017,register,2024-12-23,page_047,7
U04018,register,2023-12-14,page_075,20
U04018,app_open,2023-12-14,page_064,54
U04018,browse,2023-12-14,page_063,98
U04018,add_to_cart,2023-12-14,page_070,102
U04019,register,2023-08-09,page_057,26
U04019,app_open,2023-08-09,page_049,13
U04019,browse,2023-08-09,page_026,150
U04019,add_to_cart,2023-08-09,page_022,55
U04020,register,2023-02-21,page_031,11
U04021,register,2023-02-24,page_038,8
U04021,app_open,2023-02-24,page_032,10
U04021,browse,2023-02-24,page_016,86
U04021,share,2023-03-05,page_066,9
U04022,register,2024-04-20,page_033,25
U04023,register,2023-11-20,page_003,15
U04023,app_open,2023-11-20,page_088,17
U04023,browse,2023-11-20,page_007,217
U04023,add_to_cart,2023-11-20,page_019,104
U04024,register,2023-10-08,page_025,25
U04024,app_open,2023-10-08,page_041,30
U04024,browse,2023-10-08,page_094,69
U04025,register,2023-07-01,page_030,25
U04025,app_open,2023-07-01,page_005,43
U04025,browse,2023-07-01,page_017,179
U04025,add_to_cart,2023-07-01,page_095,20
U04025,share,2023-07-15,page_046,15
U04026,register,2024-11-10,page_060,29
U04026,app_open,2024-11-10,page_063,57
U04026,share,2024-11-24,page_014,12
U04027,register,2024-07-05,page_051,19
U04027,app_open,2024-07-05,page_016,21
U04027,browse,2024-07-05,page_085,208
U04028,register,2024-12-22,page_074,7
U04029,register,2023-08-21,page_049,6
U04029,app_open,2023-08-21,page_016,23
U04029,browse,2023-08-21,page_001,59
U04030,register,2023-09-13,page_084,13
U04031,register,2024-02-27,page_038,7
U04031,app_open,2024-02-27,page_037,17
U04031,browse,2024-02-27,page_013,93
U04032,register,2023-06-11,page_095,29
U04032,app_open,2023-06-11,page_018,48
U04032,browse,2023-06-11,page_088,182
U04032,share,2023-06-14,page_063,21
U04033,register,2023-09-13,page_061,18
U04033,app_open,2023-09-13,page_054,26
U04033,browse,2023-09-13,page_075,291
U04033,share,2023-09-22,page_094,19
U04034,register,2023-04-02,page_045,16
U04034,app_open,2023-04-02,page_010,33
U04034,browse,2023-04-02,page_090,168
U04035,register,2024-12-21,page_065,21
U04035,app_open,2024-12-21,page_037,35
U04035,browse,2024-12-21,page_066,132
U04036,register,2023-02-22,page_072,28
U04036,app_open,2023-02-22,page_014,31
U04036,browse,2023-02-22,page_012,265
U04036,share,2023-03-01,page_095,13
U04037,register,2024-01-19,page_056,5
U04037,app_open,2024-01-19,page_075,24
U04038,register,2023-01-28,page_029,9
U04038,app_open,2023-01-28,page_012,58
U04038,browse,2023-01-28,page_020,64
U04038,add_to_cart,2023-01-28,page_048,53
U04039,register,2023-06-27,page_053,5
U04039,app_open,2023-06-27,page_071,35
U04039,browse,2023-06-27,page_096,166
U04040,register,2023-08-17,page_060,9
U04040,app_open,2023-08-17,page_048,32
U04040,browse,2023-08-17,page_009,259
U04041,register,2023-03-06,page_072,13
U04041,app_open,2023-03-06,page_024,21
U04041,browse,2023-03-06,page_025,293
U04042,register,2024-07-07,page_092,12
U04042,app_open,2024-07-07,page_041,21
U04042,browse,2024-07-07,page_053,284
U04042,share,2024-07-27,page_050,15
U04043,register,2024-03-06,page_027,24
U04043,app_open,2024-03-06,page_049,50
U04043,browse,2024-03-06,page_005,91
U04044,register,2024-10-23,page_060,12
U04044,app_open,2024-10-23,page_099,53
U04044,browse,2024-10-23,page_067,86
U04045,register,2024-06-10,page_081,27
U04045,app_open,2024-06-10,page_059,46
U04045,browse,2024-06-10,page_075,201
U04046,register,2023-04-05,page_018,26
U04046,app_open,2023-04-05,page_078,32
U04046,browse,2023-04-05,page_008,32
U04046,add_to_cart,2023-04-05,page_054,96
U04047,register,2024-06-27,page_061,19
U04047,app_open,2024-06-27,page_011,11
U04047,browse,2024-06-27,page_069,155
U04048,register,2023-10-10,page_010,23
U04048,app_open,2023-10-10,page_058,59
U04048,browse,2023-10-10,page_064,208
U04048,add_to_cart,2023-10-10,page_089,47
U04049,register,2023-10-07,page_068,20
U04049,app_open,2023-10-07,page_098,43
U04050,register,2024-08-14,page_025,21
U04051,register,2023-08-26,page_001,10
U04052,register,2023-09-24,page_082,8
U04052,app_open,2023-09-24,page_016,19
U04053,register,2023-05-25,page_054,15
U04053,app_open,2023-05-25,page_076,20
U04053,browse,2023-05-25,page_084,242
U04053,add_to_cart,2023-05-25,page_055,101
U04054,register,2024-09-08,page_002,14
U04054,app_open,2024-09-08,page_081,55
U04054,browse,2024-09-08,page_024,34
U04054,share,2024-09-30,page_081,15
U04055,register,2024-08-05,page_022,23
U04055,app_open,2024-08-05,page_006,12
U04055,browse,2024-08-05,page_066,237
U04055,add_to_cart,2024-08-05,page_014,35
U04055,share,2024-08-29,page_088,21
U04056,register,2024-08-18,page_032,28
U04056,app_open,2024-08-18,page_038,44
U04056,browse,2024-08-18,page_013,197
U04057,register,2023-04-11,page_063,29
U04057,app_open,2023-04-11,page_042,23
U04058,register,2024-09-22,page_058,13
U04058,app_open,2024-09-22,page_003,59
U04058,browse,2024-09-22,page_001,124
U04059,register,2024-08-11,page_012,29
U04059,app_open,2024-08-11,page_010,19
U04059,browse,2024-08-11,page_009,116
U04059,share,2024-09-06,page_091,24
U04060,register,2024-02-26,page_089,19
U04060,app_open,2024-02-26,page_008,52
U04060,browse,2024-02-26,page_077,298
U04061,register,2024-01-28,page_014,5
U04061,app_open,2024-01-28,page_016,46
U04062,register,2023-04-16,page_055,29
U04062,app_open,2023-04-16,page_022,23
U04062,browse,2023-04-16,page_043,33
U04062,add_to_cart,2023-04-16,page_041,51
U04063,register,2023-06-23,page_089,15
U04063,app_open,2023-06-23,page_041,38
U04063,browse,2023-06-23,page_002,136
U04064,register,2024-01-23,page_050,24
U04065,register,2024-08-05,page_040,29
U04065,app_open,2024-08-05,page_054,13
U04066,register,2024-07-21,page_019,22
U04066,app_open,2024-07-21,page_022,43
U04066,browse,2024-07-21,page_018,213
U04066,share,2024-08-19,page_083,10
U04067,register,2023-10-05,page_027,23
U04067,app_open,2023-10-05,page_053,19
U04067,browse,2023-10-05,page_017,250
U04068,register,2024-02-04,page_065,15
U04068,app_open,2024-02-04,page_020,20
U04068,browse,2024-02-04,page_006,76
U04069,register,2023-06-05,page_009,11
U04069,app_open,2023-06-05,page_049,19
U04070,register,2024-12-02,page_032,15
U04070,app_open,2024-12-02,page_047,47
U04070,browse,2024-12-02,page_057,197
U04070,add_to_cart,2024-12-02,page_036,97
U04071,register,2023-06-02,page_076,6
U04071,app_open,2023-06-02,page_004,42
U04072,register,2023-12-22,page_088,16
U04072,app_open,2023-12-22,page_097,20
U04072,browse,2023-12-22,page_037,131
U04072,share,2024-01-13,page_086,9
U04073,register,2023-04-13,page_055,12
U04073,app_open,2023-04-13,page_085,53
U04073,browse,2023-04-13,page_025,165
U04074,register,2024-05-06,page_040,6
U04074,app_open,2024-05-06,page_012,26
U04074,browse,2024-05-06,page_008,84
U04074,add_to_cart,2024-05-06,page_062,116
U04075,register,2023-03-13,page_055,28
U04075,app_open,2023-03-13,page_008,16
U04075,browse,2023-03-13,page_023,117
U04075,add_to_cart,2023-03-13,page_065,24
U04076,register,2024-11-03,page_054,15
U04076,app_open,2024-11-03,page_028,24
U04077,register,2024-08-09,page_067,10
U04077,app_open,2024-08-09,page_023,28
U04077,browse,2024-08-09,page_016,189
U04077,add_to_cart,2024-08-09,page_048,36
U04077,share,2024-08-30,page_090,13
U04078,register,2024-11-04,page_032,18
U04078,app_open,2024-11-04,page_034,13
U04078,browse,2024-11-04,page_057,56
U04079,register,2023-02-05,page_088,15
U04079,app_open,2023-02-05,page_063,16
U04079,browse,2023-02-05,page_058,74
U04079,add_to_cart,2023-02-05,page_061,100
U04080,register,2023-08-02,page_018,21
U04080,app_open,2023-08-02,page_081,46
U04080,browse,2023-08-02,page_093,109
U04081,register,2023-05-06,page_031,17
U04081,app_open,2023-05-06,page_096,16
U04081,browse,2023-05-06,page_079,35
U04081,add_to_cart,2023-05-06,page_040,98
U04082,register,2023-07-13,page_021,28
U04082,app_open,2023-07-13,page_024,40
U04082,browse,2023-07-13,page_074,213
U04083,register,2023-09-07,page_027,11
U04083,app_open,2023-09-07,page_041,32
U04083,browse,2023-09-07,page_036,274
U04083,add_to_cart,2023-09-07,page_093,72
U04084,register,2023-04-05,page_088,9
U04084,app_open,2023-04-05,page_092,52
U04085,register,2023-03-17,page_072,24
U04085,app_open,2023-03-17,page_059,13
U04086,register,2024-07-13,page_034,27
U04087,register,2023-01-05,page_047,13
U04087,app_open,2023-01-05,page_027,48
U04087,browse,2023-01-05,page_099,270
U04088,register,2024-11-09,page_025,23
U04088,app_open,2024-11-09,page_040,40
U04088,browse,2024-11-09,page_022,44
U04088,share,2024-12-02,page_098,17
U04089,register,2023-04-10,page_069,16
U04089,app_open,2023-04-10,page_099,22
U04089,share,2023-04-29,page_047,24
U04090,register,2024-02-10,page_005,17
U04090,app_open,2024-02-10,page_058,24
U04090,browse,2024-02-10,page_062,86
U04090,add_to_cart,2024-02-10,page_014,41
U04090,share,2024-02-26,page_070,7
U04091,register,2023-01-23,page_039,7
U04091,app_open,2023-01-23,page_088,10
U04091,share,2023-02-16,page_043,24
U04092,register,2024-07-17,page_011,16
U04092,app_open,2024-07-17,page_063,26
U04092,browse,2024-07-17,page_026,188
U04093,register,2024-08-27,page_082,9
U04093,app_open,2024-08-27,page_041,54
U04094,register,2024-03-22,page_005,7
U04095,register,2023-06-07,page_019,8
U04095,app_open,2023-06-07,page_030,39
U04095,browse,2023-06-07,page_080,193
U04096,register,2023-01-05,page_051,17
U04096,app_open,2023-01-05,page_076,53
U04096,browse,2023-01-05,page_009,92
U04096,add_to_cart,2023-01-05,page_059,21
U04096,share,2023-01-07,page_089,6
U04097,register,2024-08-20,page_067,19
U04097,app_open,2024-08-20,page_060,25
U04097,browse,2024-08-20,page_069,282
U04097,add_to_cart,2024-08-20,page_054,15
U04098,register,2023-07-02,page_016,22
U04099,register,2024-09-23,page_094,23
U04100,register,2023-03-02,page_069,9
U04100,app_open,2023-03-02,page_083,44
U04100,browse,2023-03-02,page_007,172
U04101,register,2024-04-28,page_072,14
U04101,app_open,2024-04-28,page_064,46
U04101,browse,2024-04-28,page_037,167
U04101,add_to_cart,2024-04-28,page_039,28
U04102,register,2024-05-21,page_009,15
U04102,app_open,2024-05-21,page_055,50
U04102,browse,2024-05-21,page_002,36
U04103,register,2023-12-28,page_004,20
U04103,app_open,2023-12-28,page_078,40
U04104,register,2023-05-04,page_016,20
U04104,app_open,2023-05-04,page_085,34
U04104,browse,2023-05-04,page_081,108
U04104,add_to_cart,2023-05-04,page_022,64
U04105,register,2024-12-16,page_096,10
U04105,app_open,2024-12-16,page_035,23
U04106,register,2024-06-13,page_038,9
U04107,register,2024-08-21,page_025,8
U04107,app_open,2024-08-21,page_067,34
U04107,browse,2024-08-21,page_003,240
U04107,add_to_cart,2024-08-21,page_080,28
U04108,register,2023-09-16,page_006,29
U04108,app_open,2023-09-16,page_042,44
U04108,browse,2023-09-16,page_073,92
U04108,add_to_cart,2023-09-16,page_089,18
U04109,register,2023-03-17,page_023,10
U04109,app_open,2023-03-17,page_020,11
U04109,browse,2023-03-17,page_004,235
U04109,add_to_cart,2023-03-17,page_001,24
U04110,register,2024-08-10,page_085,28
U04110,app_open,2024-08-10,page_039,27
U04110,browse,2024-08-10,page_012,58
U04111,register,2024-10-23,page_049,23
U04111,app_open,2024-10-23,page_031,16
U04111,browse,2024-10-23,page_041,145
U04112,register,2024-08-04,page_014,18
U04112,app_open,2024-08-04,page_049,48
U04112,browse,2024-08-04,page_011,125
U04112,add_to_cart,2024-08-04,page_012,71
U04113,register,2024-10-01,page_060,11
U04114,register,2024-09-16,page_035,24
U04114,app_open,2024-09-16,page_019,27
U04114,browse,2024-09-16,page_011,129
U04115,register,2023-11-19,page_093,10
U04115,app_open,2023-11-19,page_019,27
U04115,browse,2023-11-19,page_055,88
U04115,add_to_cart,2023-11-19,page_010,43
U04115,share,2023-12-08,page_044,12
U04116,register,2023-08-05,page_054,16
U04116,app_open,2023-08-05,page_073,57
U04116,browse,2023-08-05,page_098,158
U04117,register,2024-11-24,page_014,14
U04117,app_open,2024-11-24,page_082,30
U04117,browse,2024-11-24,page_004,292
U04118,register,2023-08-18,page_021,27
U04118,app_open,2023-08-18,page_080,41
U04118,browse,2023-08-18,page_015,176
U04118,add_to_cart,2023-08-18,page_038,24
U04118,share,2023-09-07,page_060,21
U04119,register,2024-03-18,page_087,19
U04119,app_open,2024-03-18,page_060,30
U04120,register,2024-01-15,page_067,16
U04120,app_open,2024-01-15,page_075,44
U04120,browse,2024-01-15,page_001,133
U04120,share,2024-01-19,page_079,23
U04121,register,2024-09-13,page_032,7
U04121,app_open,2024-09-13,page_050,51
U04121,browse,2024-09-13,page_048,144
U04121,add_to_cart,2024-09-13,page_025,49
U04122,register,2023-03-12,page_093,5
U04123,register,2023-12-10,page_068,25
U04124,register,2023-01-24,page_053,19
U04124,app_open,2023-01-24,page_064,37
U04124,share,2023-01-30,page_074,15
U04125,register,2023-06-19,page_092,12
U04125,app_open,2023-06-19,page_089,13
U04125,browse,2023-06-19,page_006,115
U04126,register,2024-12-13,page_095,25
U04126,app_open,2024-12-13,page_003,46
U04127,register,2023-01-19,page_028,6
U04127,app_open,2023-01-19,page_005,34
U04127,browse,2023-01-19,page_050,128
U04127,share,2023-02-06,page_047,7
U04128,register,2023-06-01,page_015,18
U04128,app_open,2023-06-01,page_072,53
U04128,browse,2023-06-01,page_072,231
U04128,add_to_cart,2023-06-01,page_029,34
U04128,share,2023-06-12,page_071,9
U04129,register,2024-11-17,page_064,20
U04129,app_open,2024-11-17,page_080,52
U04129,browse,2024-11-17,page_069,148
U04130,register,2024-05-21,page_071,9
U04130,app_open,2024-05-21,page_033,21
U04130,browse,2024-05-21,page_011,140
U04130,add_to_cart,2024-05-21,page_084,68
U04131,register,2023-11-20,page_071,13
U04131,app_open,2023-11-20,page_039,48
U04131,browse,2023-11-20,page_083,245
U04131,add_to_cart,2023-11-20,page_042,64
U04132,register,2023-12-24,page_045,20
U04132,app_open,2023-12-24,page_051,29
U04132,browse,2023-12-24,page_099,165
U04133,register,2024-01-18,page_076,9
U04133,app_open,2024-01-18,page_075,12
U04133,browse,2024-01-18,page_003,59
U04133,add_to_cart,2024-01-18,page_062,22
U04133,share,2024-01-28,page_076,11
U04134,register,2024-10-24,page_078,7
U04134,app_open,2024-10-24,page_009,57
U04135,register,2023-01-03,page_002,22
U04135,app_open,2023-01-03,page_066,33
U04135,browse,2023-01-03,page_036,189
U04135,add_to_cart,2023-01-03,page_007,87
U04136,register,2024-05-07,page_098,26
U04137,register,2024-05-16,page_072,24
U04137,app_open,2024-05-16,page_063,41
U04137,browse,2024-05-16,page_012,162
U04137,add_to_cart,2024-05-16,page_028,109
U04138,register,2023-12-25,page_006,23
U04138,app_open,2023-12-25,page_068,46
U04138,browse,2023-12-25,page_073,129
U04139,register,2023-08-11,page_075,16
U04140,register,2023-03-28,page_019,29
U04140,app_open,2023-03-28,page_005,54
U04140,browse,2023-03-28,page_020,47
U04141,register,2023-12-04,page_093,25
U04142,register,2023-09-26,page_061,18
U04142,app_open,2023-09-26,page_015,57
U04142,browse,2023-09-26,page_082,113
U04143,register,2024-10-21,page_092,27
U04143,app_open,2024-10-21,page_090,36
U04143,browse,2024-10-21,page_062,33
U04143,add_to_cart,2024-10-21,page_027,43
U04144,register,2024-09-17,page_097,16
U04144,app_open,2024-09-17,page_019,34
U04144,browse,2024-09-17,page_040,154
U04144,add_to_cart,2024-09-17,page_082,47
U04145,register,2024-04-12,page_090,25
U04145,app_open,2024-04-12,page_013,19
U04145,browse,2024-04-12,page_099,45
U04146,register,2024-03-15,page_038,17
U04146,app_open,2024-03-15,page_017,25
U04146,browse,2024-03-15,page_029,180
U04146,share,2024-03-29,page_007,28
U04147,register,2023-01-03,page_032,13
U04147,app_open,2023-01-03,page_042,27
U04147,browse,2023-01-03,page_081,63
U04147,add_to_cart,2023-01-03,page_083,23
U04148,register,2023-02-26,page_045,17
U04148,app_open,2023-02-26,page_049,45
U04149,register,2024-05-12,page_017,9
U04149,app_open,2024-05-12,page_009,28
U04149,browse,2024-05-12,page_063,241
U04150,register,2023-05-11,page_018,22
U04150,app_open,2023-05-11,page_041,41
U04150,browse,2023-05-11,page_076,34
U04150,share,2023-05-17,page_097,16
U04151,register,2024-07-15,page_030,16
U04152,register,2023-07-08,page_071,25
U04152,app_open,2023-07-08,page_017,51
U04152,browse,2023-07-08,page_083,286
U04153,register,2023-10-06,page_047,9
U04153,app_open,2023-10-06,page_039,23
U04153,browse,2023-10-06,page_072,245
U04154,register,2024-09-15,page_005,11
U04154,app_open,2024-09-15,page_029,36
U04155,register,2023-10-28,page_083,9
U04155,app_open,2023-10-28,page_049,54
U04155,browse,2023-10-28,page_029,184
U04156,register,2024-09-17,page_005,18
U04156,app_open,2024-09-17,page_081,50
U04156,browse,2024-09-17,page_060,199
U04157,register,2024-10-06,page_009,6
U04157,app_open,2024-10-06,page_050,26
U04157,browse,2024-10-06,page_084,65
U04157,add_to_cart,2024-10-06,page_060,94
U04158,register,2024-07-20,page_053,5
U04159,register,2024-08-06,page_028,7
U04159,app_open,2024-08-06,page_019,58
U04159,browse,2024-08-06,page_076,67
U04160,register,2024-02-24,page_060,18
U04160,app_open,2024-02-24,page_023,14
U04160,browse,2024-02-24,page_055,111
U04161,register,2024-01-13,page_062,21
U04162,register,2023-09-09,page_072,18
U04162,app_open,2023-09-09,page_010,28
U04163,register,2024-09-24,page_012,29
U04163,app_open,2024-09-24,page_074,12
U04163,browse,2024-09-24,page_087,56
U04163,add_to_cart,2024-09-24,page_076,31
U04164,register,2023-08-10,page_066,16
U04164,app_open,2023-08-10,page_029,15
U04165,register,2024-08-04,page_022,17
U04165,app_open,2024-08-04,page_007,36
U04165,browse,2024-08-04,page_078,206
U04165,add_to_cart,2024-08-04,page_092,53
U04166,register,2023-03-13,page_019,9
U04166,app_open,2023-03-13,page_037,59
U04166,browse,2023-03-13,page_045,161
U04166,add_to_cart,2023-03-13,page_005,50
U04166,share,2023-04-03,page_092,17
U04167,register,2024-09-08,page_093,21
U04167,app_open,2024-09-08,page_069,48
U04167,browse,2024-09-08,page_098,110
U04167,share,2024-09-13,page_016,24
U04168,register,2024-12-09,page_016,15
U04168,app_open,2024-12-09,page_002,37
U04169,register,2024-02-01,page_032,5
U04169,app_open,2024-02-01,page_089,32
U04170,register,2024-02-12,page_090,5
U04170,app_open,2024-02-12,page_088,15
U04170,browse,2024-02-12,page_075,198
U04170,add_to_cart,2024-02-12,page_045,78
U04171,register,2023-04-22,page_056,13
U04171,app_open,2023-04-22,page_022,11
U04171,browse,2023-04-22,page_050,276
U04171,share,2023-05-11,page_093,5
U04172,register,2024-09-04,page_084,14
U04172,app_open,2024-09-04,page_072,15
U04172,browse,2024-09-04,page_032,222
U04173,register,2024-01-16,page_046,29
U04173,app_open,2024-01-16,page_042,50
U04173,browse,2024-01-16,page_084,135
U04173,add_to_cart,2024-01-16,page_068,39
U04174,register,2023-11-03,page_039,20
U04174,app_open,2023-11-03,page_083,12
U04174,browse,2023-11-03,page_021,235
U04175,register,2023-02-25,page_072,19
U04175,app_open,2023-02-25,page_062,59
U04175,browse,2023-02-25,page_047,95
U04175,add_to_cart,2023-02-25,page_075,74
U04176,register,2023-03-20,page_019,8
U04176,app_open,2023-03-20,page_017,14
U04176,browse,2023-03-20,page_029,183
U04177,register,2024-05-01,page_044,19
U04177,app_open,2024-05-01,page_018,41
U04177,share,2024-05-23,page_004,5
U04178,register,2023-11-16,page_008,21
U04178,app_open,2023-11-16,page_051,16
U04178,browse,2023-11-16,page_055,72
U04178,add_to_cart,2023-11-16,page_056,105
U04179,register,2024-08-10,page_014,24
U04179,app_open,2024-08-10,page_009,51
U04179,browse,2024-08-10,page_024,169
U04179,add_to_cart,2024-08-10,page_093,58
U04179,share,2024-08-19,page_003,17
U04180,register,2024-08-06,page_005,18
U04180,app_open,2024-08-06,page_020,54
U04181,register,2023-02-22,page_056,17
U04181,app_open,2023-02-22,page_030,38
U04182,register,2023-07-17,page_057,20
U04182,app_open,2023-07-17,page_012,35
U04182,browse,2023-07-17,page_024,53
U04183,register,2023-08-13,page_085,27
U04184,register,2024-10-25,page_004,25
U04185,register,2023-04-11,page_004,16
U04185,app_open,2023-04-11,page_085,28
U04185,browse,2023-04-11,page_024,116
U04186,register,2023-02-25,page_038,6
U04186,app_open,2023-02-25,page_010,31
U04186,browse,2023-02-25,page_053,221
U04186,share,2023-03-10,page_093,16
U04187,register,2023-08-18,page_030,13
U04187,app_open,2023-08-18,page_073,12
U04187,browse,2023-08-18,page_019,215
U04188,register,2023-08-11,page_011,9
U04188,app_open,2023-08-11,page_042,22
U04188,browse,2023-08-11,page_001,99
U04188,add_to_cart,2023-08-11,page_025,90
U04189,register,2024-12-05,page_010,14
U04189,app_open,2024-12-05,page_087,53
U04189,browse,2024-12-05,page_089,147
U04190,register,2023-07-23,page_011,9
U04190,app_open,2023-07-23,page_007,50
U04190,browse,2023-07-23,page_031,113
U04191,register,2023-04-22,page_037,27
U04191,app_open,2023-04-22,page_054,54
U04192,register,2023-10-06,page_001,28
U04192,app_open,2023-10-06,page_009,17
U04192,browse,2023-10-06,page_025,145
U04192,add_to_cart,2023-10-06,page_028,37
U04193,register,2024-01-16,page_021,28
U04193,app_open,2024-01-16,page_091,24
U04193,share,2024-01-18,page_017,13
U04194,register,2024-10-25,page_067,21
U04194,app_open,2024-10-25,page_019,22
U04194,browse,2024-10-25,page_098,57
U04194,add_to_cart,2024-10-25,page_036,41
U04194,share,2024-11-11,page_069,8
U04195,register,2023-02-26,page_086,12
U04195,app_open,2023-02-26,page_090,46
U04195,browse,2023-02-26,page_084,270
U04196,register,2024-12-15,page_035,28
U04196,app_open,2024-12-15,page_043,22
U04196,browse,2024-12-15,page_085,45
U04196,add_to_cart,2024-12-15,page_014,118
U04196,share,2025-01-07,page_010,22
U04197,register,2023-08-17,page_050,28
U04197,app_open,2023-08-17,page_059,59
U04197,browse,2023-08-17,page_034,294
U04198,register,2024-02-18,page_089,24
U04199,register,2024-02-04,page_071,5
U04199,app_open,2024-02-04,page_025,49
U04199,browse,2024-02-04,page_047,255
U04199,add_to_cart,2024-02-04,page_034,72
U04200,register,2024-09-21,page_093,24
U04200,app_open,2024-09-21,page_029,51
U04200,browse,2024-09-21,page_034,57
U04200,share,2024-10-04,page_021,22
U04201,register,2024-10-23,page_016,9
U04201,app_open,2024-10-23,page_048,34
U04201,browse,2024-10-23,page_007,126
U04202,register,2023-01-23,page_097,21
U04202,app_open,2023-01-23,page_070,53
U04202,browse,2023-01-23,page_014,131
U04202,share,2023-02-07,page_041,19
U04203,register,2023-06-05,page_016,18
U04203,app_open,2023-06-05,page_081,50
U04203,browse,2023-06-05,page_099,72
U04203,add_to_cart,2023-06-05,page_084,89
U04204,register,2024-03-16,page_015,19
U04204,app_open,2024-03-16,page_073,56
U04204,browse,2024-03-16,page_057,145
U04204,add_to_cart,2024-03-16,page_043,115
U04205,register,2024-10-27,page_098,10
U04205,app_open,2024-10-27,page_002,27
U04205,browse,2024-10-27,page_022,292
U04205,share,2024-11-01,page_042,11
U04206,register,2023-08-28,page_075,25
U04206,app_open,2023-08-28,page_085,11
U04206,browse,2023-08-28,page_072,97
U04207,register,2023-06-05,page_003,26
U04208,register,2023-06-25,page_099,10
U04208,app_open,2023-06-25,page_061,29
U04209,register,2023-01-14,page_048,15
U04210,register,2024-07-19,page_071,21
U04210,app_open,2024-07-19,page_038,40
U04210,browse,2024-07-19,page_050,139
U04210,add_to_cart,2024-07-19,page_012,77
U04211,register,2024-03-19,page_062,24
U04211,app_open,2024-03-19,page_022,34
U04211,browse,2024-03-19,page_061,149
U04212,register,2023-06-25,page_014,11
U04212,app_open,2023-06-25,page_066,16
U04212,browse,2023-06-25,page_021,190
U04212,add_to_cart,2023-06-25,page_026,29
U04213,register,2023-05-26,page_005,26
U04213,app_open,2023-05-26,page_097,36
U04213,browse,2023-05-26,page_052,133
U04213,add_to_cart,2023-05-26,page_068,53
U04214,register,2024-04-27,page_080,29
U04214,app_open,2024-04-27,page_052,27
U04214,browse,2024-04-27,page_046,255
U04214,share,2024-05-06,page_067,18
U04215,register,2023-09-25,page_001,14
U04215,app_open,2023-09-25,page_016,27
U04215,browse,2023-09-25,page_030,140
U04216,register,2024-03-22,page_025,15
U04216,app_open,2024-03-22,page_052,42
U04216,browse,2024-03-22,page_087,62
U04216,add_to_cart,2024-03-22,page_055,40
U04217,register,2023-08-25,page_027,19
U04217,app_open,2023-08-25,page_038,36
U04217,browse,2023-08-25,page_067,176
U04217,share,2023-08-30,page_050,6
U04218,register,2023-08-04,page_070,23
U04218,app_open,2023-08-04,page_030,36
U04218,browse,2023-08-04,page_040,52
U04219,register,2024-12-02,page_085,23
U04219,app_open,2024-12-02,page_098,11
U04219,browse,2024-12-02,page_023,39
U04219,add_to_cart,2024-12-02,page_035,19
U04220,register,2024-04-03,page_010,22
U04221,register,2023-09-26,page_089,14
U04221,app_open,2023-09-26,page_077,51
U04221,browse,2023-09-26,page_023,224
U04221,add_to_cart,2023-09-26,page_003,45
U04222,register,2023-04-02,page_032,19
U04222,app_open,2023-04-02,page_046,34
U04223,register,2024-07-23,page_018,19
U04223,app_open,2024-07-23,page_038,32
U04224,register,2024-03-07,page_009,17
U04224,app_open,2024-03-07,page_044,54
U04225,register,2023-08-03,page_019,17
U04225,app_open,2023-08-03,page_032,28
U04226,register,2024-11-15,page_076,26
U04226,app_open,2024-11-15,page_080,18
U04227,register,2023-01-16,page_066,25
U04227,app_open,2023-01-16,page_055,43
U04228,register,2024-10-03,page_040,21
U04228,app_open,2024-10-03,page_098,47
U04228,browse,2024-10-03,page_036,99
U04228,add_to_cart,2024-10-03,page_071,23
U04229,register,2023-02-15,page_055,14
U04229,app_open,2023-02-15,page_076,58
U04230,register,2023-04-27,page_090,19
U04230,app_open,2023-04-27,page_051,25
U04230,browse,2023-04-27,page_017,228
U04230,add_to_cart,2023-04-27,page_072,19
U04231,register,2024-02-09,page_057,8
U04231,app_open,2024-02-09,page_044,48
U04231,browse,2024-02-09,page_083,113
U04231,share,2024-02-12,page_092,7
U04232,register,2024-10-28,page_058,5
U04232,app_open,2024-10-28,page_065,25
U04232,browse,2024-10-28,page_088,221
U04232,add_to_cart,2024-10-28,page_029,107
U04233,register,2023-09-14,page_088,8
U04233,app_open,2023-09-14,page_026,50
U04234,register,2024-03-24,page_010,28
U04234,app_open,2024-03-24,page_071,38
U04234,browse,2024-03-24,page_046,232
U04234,add_to_cart,2024-03-24,page_022,115
U04235,register,2023-05-24,page_055,28
U04235,app_open,2023-05-24,page_075,59
U04235,browse,2023-05-24,page_070,210
U04236,register,2023-02-24,page_036,10
U04236,app_open,2023-02-24,page_020,54
U04236,browse,2023-02-24,page_050,198
U04236,add_to_cart,2023-02-24,page_027,68
U04237,register,2024-05-11,page_084,22
U04237,app_open,2024-05-11,page_099,51
U04237,browse,2024-05-11,page_086,98
U04237,add_to_cart,2024-05-11,page_074,74
U04238,register,2024-01-12,page_008,24
U04239,register,2023-03-23,page_076,6
U04239,app_open,2023-03-23,page_021,51
U04239,browse,2023-03-23,page_028,59
U04239,add_to_cart,2023-03-23,page_061,45
U04240,register,2024-08-13,page_054,25
U04241,register,2024-03-11,page_083,29
U04241,app_open,2024-03-11,page_060,29
U04241,browse,2024-03-11,page_057,257
U04242,register,2024-04-07,page_045,5
U04242,app_open,2024-04-07,page_078,50
U04242,browse,2024-04-07,page_010,125
U04243,register,2023-01-23,page_027,22
U04243,app_open,2023-01-23,page_002,42
U04243,browse,2023-01-23,page_083,218
U04244,register,2024-07-18,page_060,16
U04244,app_open,2024-07-18,page_052,28
U04244,browse,2024-07-18,page_017,67
U04244,add_to_cart,2024-07-18,page_097,29
U04245,register,2023-09-18,page_025,21
U04245,app_open,2023-09-18,page_009,30
U04245,browse,2023-09-18,page_034,145
U04245,share,2023-10-16,page_079,27
U04246,register,2023-03-03,page_008,21
U04247,register,2023-04-16,page_084,6
U04247,app_open,2023-04-16,page_028,36
U04247,browse,2023-04-16,page_075,63
U04247,share,2023-04-17,page_051,12
U04248,register,2023-11-23,page_064,10
U04248,app_open,2023-11-23,page_066,20
U04248,browse,2023-11-23,page_020,37
U04248,add_to_cart,2023-11-23,page_082,41
U04249,register,2024-11-15,page_010,16
U04249,app_open,2024-11-15,page_042,11
U04249,browse,2024-11-15,page_070,151
U04250,register,2023-09-26,page_029,9
U04250,app_open,2023-09-26,page_011,17
U04250,browse,2023-09-26,page_021,35
U04251,register,2023-08-22,page_030,7
U04251,app_open,2023-08-22,page_010,44
U04251,browse,2023-08-22,page_009,185
U04251,share,2023-09-20,page_072,19
U04252,register,2023-06-21,page_027,26
U04252,app_open,2023-06-21,page_025,40
U04252,browse,2023-06-21,page_073,164
U04252,add_to_cart,2023-06-21,page_006,20
U04253,register,2024-06-06,page_088,9
U04253,app_open,2024-06-06,page_025,34
U04254,register,2023-06-12,page_038,15
U04254,app_open,2023-06-12,page_085,51
U04254,browse,2023-06-12,page_060,217
U04255,register,2023-05-14,page_099,11
U04255,app_open,2023-05-14,page_062,29
U04255,browse,2023-05-14,page_061,187
U04255,add_to_cart,2023-05-14,page_066,98
U04256,register,2023-06-21,page_062,24
U04256,app_open,2023-06-21,page_036,17
U04256,browse,2023-06-21,page_079,149
U04256,add_to_cart,2023-06-21,page_088,77
U04257,register,2024-08-19,page_045,28
U04258,register,2024-02-01,page_067,6
U04258,app_open,2024-02-01,page_027,15
U04258,share,2024-02-22,page_079,9
U04259,register,2024-08-25,page_040,8
U04259,app_open,2024-08-25,page_073,45
U04259,browse,2024-08-25,page_015,129
U04260,register,2024-11-07,page_050,20
U04260,app_open,2024-11-07,page_090,24
U04260,browse,2024-11-07,page_004,44
U04261,register,2023-07-14,page_034,21
U04261,app_open,2023-07-14,page_017,13
U04261,browse,2023-07-14,page_021,154
U04262,register,2024-08-16,page_002,11
U04263,register,2023-12-23,page_042,15
U04263,app_open,2023-12-23,page_012,12
U04263,browse,2023-12-23,page_083,146
U04263,add_to_cart,2023-12-23,page_042,51
U04264,register,2023-11-18,page_083,6
U04264,app_open,2023-11-18,page_023,10
U04264,browse,2023-11-18,page_007,129
U04264,add_to_cart,2023-11-18,page_079,97
U04265,register,2023-12-24,page_052,19
U04265,app_open,2023-12-24,page_004,55
U04266,register,2023-10-24,page_088,6
U04266,app_open,2023-10-24,page_046,40
U04266,browse,2023-10-24,page_015,188
U04267,register,2023-05-26,page_041,20
U04267,app_open,2023-05-26,page_018,30
U04267,browse,2023-05-26,page_075,153
U04267,share,2023-06-03,page_020,6
U04268,register,2024-12-02,page_021,14
U04268,app_open,2024-12-02,page_077,37
U04268,browse,2024-12-02,page_043,214
U04269,register,2023-10-26,page_087,5
U04269,app_open,2023-10-26,page_026,58
U04269,browse,2023-10-26,page_053,220
U04270,register,2024-12-26,page_053,24
U04270,app_open,2024-12-26,page_086,59
U04271,register,2024-04-25,page_097,10
U04271,app_open,2024-04-25,page_091,26
U04272,register,2023-06-06,page_065,24
U04272,app_open,2023-06-06,page_066,14
U04272,browse,2023-06-06,page_099,277
U04273,register,2024-08-24,page_091,7
U04273,app_open,2024-08-24,page_069,46
U04273,browse,2024-08-24,page_086,195
U04273,add_to_cart,2024-08-24,page_017,92
U04274,register,2024-11-12,page_040,12
U04274,app_open,2024-11-12,page_046,19
U04274,browse,2024-11-12,page_074,140
U04275,register,2023-09-17,page_040,20
U04275,app_open,2023-09-17,page_035,27
U04275,browse,2023-09-17,page_064,173
U04275,share,2023-09-27,page_091,29
U04276,register,2023-10-08,page_064,5
U04276,app_open,2023-10-08,page_015,59
U04276,browse,2023-10-08,page_007,153
U04277,register,2024-12-09,page_091,12
U04277,app_open,2024-12-09,page_078,29
U04277,browse,2024-12-09,page_035,68
U04277,add_to_cart,2024-12-09,page_093,54
U04278,register,2023-07-25,page_014,7
U04278,app_open,2023-07-25,page_079,31
U04278,browse,2023-07-25,page_010,260
U04278,add_to_cart,2023-07-25,page_050,99
U04279,register,2023-10-24,page_048,8
U04279,app_open,2023-10-24,page_095,49
U04280,register,2023-01-19,page_007,18
U04281,register,2024-10-28,page_016,23
U04281,app_open,2024-10-28,page_075,10
U04282,register,2023-11-23,page_099,8
U04282,app_open,2023-11-23,page_038,48
U04283,register,2024-08-10,page_070,17
U04283,app_open,2024-08-10,page_029,31
U04283,browse,2024-08-10,page_088,158
U04283,add_to_cart,2024-08-10,page_016,83
U04284,register,2023-02-14,page_029,14
U04284,app_open,2023-02-14,page_005,32
U04284,share,2023-03-06,page_095,5
U04285,register,2023-12-04,page_081,6
U04285,app_open,2023-12-04,page_098,34
U04285,browse,2023-12-04,page_025,134
U04286,register,2024-10-13,page_053,26
U04286,app_open,2024-10-13,page_073,45
U04287,register,2024-08-28,page_058,16
U04287,app_open,2024-08-28,page_087,39
U04287,browse,2024-08-28,page_009,239
U04288,register,2023-10-02,page_009,7
U04288,app_open,2023-10-02,page_091,11
U04289,register,2024-05-10,page_030,21
U04289,app_open,2024-05-10,page_017,11
U04290,register,2024-11-16,page_018,11
U04290,app_open,2024-11-16,page_031,52
U04291,register,2023-09-19,page_055,24
U04291,app_open,2023-09-19,page_040,40
U04292,register,2023-11-06,page_082,24
U04292,app_open,2023-11-06,page_006,30
U04292,browse,2023-11-06,page_006,74
U04293,register,2023-04-16,page_064,8
U04293,app_open,2023-04-16,page_099,34
U04293,browse,2023-04-16,page_020,45
U04294,register,2023-12-24,page_024,10
U04294,app_open,2023-12-24,page_092,50
U04294,browse,2023-12-24,page_014,63
U04294,add_to_cart,2023-12-24,page_093,78
U04295,register,2024-12-27,page_019,7
U04295,app_open,2024-12-27,page_061,45
U04295,browse,2024-12-27,page_059,260
U04296,register,2024-04-23,page_074,12
U04297,register,2024-10-03,page_049,17
U04297,app_open,2024-10-03,page_009,30
U04298,register,2023-12-15,page_060,11
U04298,app_open,2023-12-15,page_034,37
U04298,browse,2023-12-15,page_003,233
U04298,add_to_cart,2023-12-15,page_093,38
U04299,register,2024-08-12,page_033,11
U04299,app_open,2024-08-12,page_021,45
U04299,browse,2024-08-12,page_098,225
U04300,register,2023-09-10,page_096,16
U04300,app_open,2023-09-10,page_031,43
U04300,browse,2023-09-10,page_047,237
U04301,register,2024-11-27,page_066,13
U04301,app_open,2024-11-27,page_092,10
U04301,browse,2024-11-27,page_058,49
U04301,add_to_cart,2024-11-27,page_027,79
U04302,register,2023-08-13,page_066,6
U04303,register,2024-10-15,page_068,29
U04303,app_open,2024-10-15,page_034,52
U04303,browse,2024-10-15,page_042,219
U04303,add_to_cart,2024-10-15,page_033,84
U04304,register,2024-05-27,page_070,17
U04305,register,2023-12-16,page_084,19
U04305,app_open,2023-12-16,page_011,19
U04305,browse,2023-12-16,page_022,70
U04306,register,2023-11-19,page_018,26
U04306,app_open,2023-11-19,page_002,40
U04306,browse,2023-11-19,page_016,100
U04307,register,2024-01-03,page_080,21
U04307,app_open,2024-01-03,page_074,38
U04307,browse,2024-01-03,page_073,230
U04308,register,2023-04-24,page_037,10
U04308,app_open,2023-04-24,page_033,58
U04308,browse,2023-04-24,page_015,133
U04309,register,2024-03-14,page_027,12
U04309,app_open,2024-03-14,page_079,45
U04309,browse,2024-03-14,page_096,231
U04309,add_to_cart,2024-03-14,page_088,15
U04309,share,2024-04-02,page_089,21
U04310,register,2023-11-28,page_038,6
U04310,app_open,2023-11-28,page_061,11
U04311,register,2024-01-20,page_029,24
U04311,app_open,2024-01-20,page_006,24
U04311,browse,2024-01-20,page_011,202
U04312,register,2024-06-13,page_039,19
U04312,app_open,2024-06-13,page_066,50
U04312,browse,2024-06-13,page_001,84
U04313,register,2024-09-27,page_078,22
U04313,app_open,2024-09-27,page_033,28
U04313,browse,2024-09-27,page_050,190
U04313,share,2024-10-02,page_081,18
U04314,register,2024-07-04,page_017,8
U04314,app_open,2024-07-04,page_048,17
U04314,browse,2024-07-04,page_065,121
U04315,register,2023-12-03,page_086,22
U04315,app_open,2023-12-03,page_054,15
U04315,browse,2023-12-03,page_054,188
U04315,add_to_cart,2023-12-03,page_042,64
U04316,register,2024-04-01,page_073,17
U04316,app_open,2024-04-01,page_049,24
U04316,browse,2024-04-01,page_023,200
U04316,add_to_cart,2024-04-01,page_076,66
U04317,register,2023-04-09,page_096,12
U04318,register,2024-11-13,page_024,28
U04318,app_open,2024-11-13,page_061,44
U04318,browse,2024-11-13,page_057,256
U04319,register,2024-10-10,page_032,20
U04319,app_open,2024-10-10,page_018,14
U04320,register,2023-09-20,page_011,18
U04320,app_open,2023-09-20,page_033,21
U04320,browse,2023-09-20,page_012,167
U04320,add_to_cart,2023-09-20,page_036,78
U04321,register,2023-06-19,page_048,12
U04321,app_open,2023-06-19,page_056,38
U04321,share,2023-06-27,page_090,21
U04322,register,2023-03-10,page_067,14
U04323,register,2023-10-24,page_039,10
U04323,app_open,2023-10-24,page_089,18
U04324,register,2024-09-24,page_073,22
U04324,app_open,2024-09-24,page_092,54
U04324,browse,2024-09-24,page_029,162
U04324,share,2024-10-12,page_052,20
U04325,register,2023-02-13,page_046,28
U04325,app_open,2023-02-13,page_087,29
U04325,browse,2023-02-13,page_069,211
U04325,share,2023-02-14,page_058,22
U04326,register,2023-07-13,page_039,12
U04326,app_open,2023-07-13,page_040,41
U04326,browse,2023-07-13,page_052,295
U04326,add_to_cart,2023-07-13,page_051,96
U04327,register,2024-02-28,page_020,18
U04327,app_open,2024-02-28,page_065,51
U04327,browse,2024-02-28,page_082,60
U04328,register,2024-06-14,page_035,14
U04328,app_open,2024-06-14,page_056,42
U04328,browse,2024-06-14,page_087,249
U04328,add_to_cart,2024-06-14,page_094,81
U04329,register,2024-11-27,page_075,13
U04329,app_open,2024-11-27,page_041,38
U04329,browse,2024-11-27,page_064,237
U04329,add_to_cart,2024-11-27,page_085,36
U04330,register,2024-01-19,page_056,29
U04330,app_open,2024-01-19,page_053,42
U04330,browse,2024-01-19,page_064,204
U04330,add_to_cart,2024-01-19,page_003,94
U04331,register,2023-08-04,page_069,11
U04331,app_open,2023-08-04,page_030,49
U04331,browse,2023-08-04,page_090,221
U04332,register,2023-09-12,page_016,16
U04332,app_open,2023-09-12,page_092,45
U04332,browse,2023-09-12,page_027,262
U04332,add_to_cart,2023-09-12,page_039,117
U04333,register,2024-08-02,page_021,10
U04333,app_open,2024-08-02,page_050,31
U04333,share,2024-08-18,page_064,14
U04334,register,2023-04-21,page_084,28
U04334,app_open,2023-04-21,page_094,56
U04334,browse,2023-04-21,page_081,242
U04334,add_to_cart,2023-04-21,page_050,65
U04334,share,2023-04-22,page_036,9
U04335,register,2024-12-19,page_064,11
U04335,app_open,2024-12-19,page_089,59
U04336,register,2023-09-09,page_086,8
U04336,app_open,2023-09-09,page_052,51
U04336,browse,2023-09-09,page_008,276
U04336,add_to_cart,2023-09-09,page_072,46
U04337,register,2023-11-10,page_009,27
U04337,app_open,2023-11-10,page_072,32
U04337,share,2023-11-18,page_095,6
U04338,register,2023-03-08,page_089,10
U04338,app_open,2023-03-08,page_072,33
U04338,browse,2023-03-08,page_007,59
U04338,add_to_cart,2023-03-08,page_009,104
U04338,share,2023-03-27,page_083,19
U04339,register,2024-10-11,page_027,6
U04340,register,2023-06-18,page_066,20
U04340,app_open,2023-06-18,page_052,19
U04340,browse,2023-06-18,page_056,90
U04341,register,2023-08-23,page_048,27
U04341,app_open,2023-08-23,page_094,50
U04341,browse,2023-08-23,page_005,111
U04341,share,2023-09-19,page_098,11
U04342,register,2023-02-20,page_058,20
U04343,register,2023-05-25,page_020,26
U04343,app_open,2023-05-25,page_076,24
U04344,register,2023-10-18,page_097,12
U04344,app_open,2023-10-18,page_064,29
U04345,register,2023-12-28,page_082,17
U04345,app_open,2023-12-28,page_064,32
U04345,browse,2023-12-28,page_042,155
U04346,register,2024-11-21,page_005,20
U04347,register,2023-02-10,page_038,18
U04347,app_open,2023-02-10,page_033,15
U04348,register,2023-12-19,page_077,15
U04348,app_open,2023-12-19,page_070,14
U04348,browse,2023-12-19,page_082,56
U04349,register,2023-05-10,page_097,9
U04349,app_open,2023-05-10,page_079,40
U04349,browse,2023-05-10,page_082,258
U04349,add_to_cart,2023-05-10,page_038,92
U04349,share,2023-05-15,page_003,16
U04350,register,2023-01-07,page_078,13
U04350,app_open,2023-01-07,page_023,30
U04350,share,2023-01-18,page_063,8
U04351,register,2023-01-22,page_085,29
U04351,app_open,2023-01-22,page_047,49
U04351,browse,2023-01-22,page_068,261
U04351,share,2023-01-28,page_031,8
U04352,register,2024-10-17,page_014,12
U04352,app_open,2024-10-17,page_092,13
U04352,browse,2024-10-17,page_053,118
U04352,add_to_cart,2024-10-17,page_081,58
U04353,register,2023-12-07,page_026,8
U04353,app_open,2023-12-07,page_064,50
U04353,browse,2023-12-07,page_039,150
U04354,register,2023-08-03,page_025,22
U04354,app_open,2023-08-03,page_030,14
U04354,browse,2023-08-03,page_087,201
U04354,add_to_cart,2023-08-03,page_093,65
U04355,register,2024-03-12,page_097,29
U04356,register,2024-05-02,page_042,11
U04356,app_open,2024-05-02,page_021,38
U04356,browse,2024-05-02,page_068,48
U04357,register,2024-05-25,page_086,25
U04357,app_open,2024-05-25,page_027,20
U04357,browse,2024-05-25,page_019,287
U04357,share,2024-06-09,page_063,12
U04358,register,2023-04-07,page_043,15
U04359,register,2024-03-21,page_077,23
U04359,app_open,2024-03-21,page_065,56
U04359,browse,2024-03-21,page_082,137
U04360,register,2024-04-25,page_019,20
U04360,app_open,2024-04-25,page_007,42
U04360,browse,2024-04-25,page_056,146
U04361,register,2023-06-05,page_068,6
U04361,app_open,2023-06-05,page_019,30
U04361,browse,2023-06-05,page_063,242
U04362,register,2024-04-01,page_020,19
U04362,app_open,2024-04-01,page_001,18
U04363,register,2024-03-20,page_044,11
U04364,register,2023-05-13,page_011,17
U04365,register,2024-02-25,page_043,6
U04365,app_open,2024-02-25,page_027,32
U04366,register,2023-02-02,page_016,19
U04366,app_open,2023-02-02,page_039,25
U04366,browse,2023-02-02,page_030,279
U04366,share,2023-02-21,page_001,27
U04367,register,2024-07-19,page_040,18
U04367,app_open,2024-07-19,page_035,43
U04368,register,2023-12-23,page_046,22
U04368,app_open,2023-12-23,page_077,53
U04369,register,2024-05-02,page_053,26
U04369,app_open,2024-05-02,page_085,16
U04369,browse,2024-05-02,page_030,145
U04370,register,2023-11-17,page_037,10
U04370,app_open,2023-11-17,page_098,58
U04370,browse,2023-11-17,page_009,244
U04370,share,2023-12-14,page_014,26
U04371,register,2024-02-09,page_011,14
U04371,app_open,2024-02-09,page_027,45
U04371,browse,2024-02-09,page_094,210
U04372,register,2024-07-28,page_067,15
U04372,app_open,2024-07-28,page_028,49
U04372,browse,2024-07-28,page_064,122
U04373,register,2024-07-01,page_027,12
U04373,app_open,2024-07-01,page_045,46
U04373,browse,2024-07-01,page_039,118
U04373,add_to_cart,2024-07-01,page_021,39
U04374,register,2023-05-19,page_074,14
U04374,app_open,2023-05-19,page_034,59
U04374,browse,2023-05-19,page_018,243
U04375,register,2023-02-14,page_055,18
U04375,app_open,2023-02-14,page_046,41
U04375,browse,2023-02-14,page_084,116
U04375,add_to_cart,2023-02-14,page_020,18
U04376,register,2024-07-24,page_027,26
U04377,register,2023-08-17,page_067,10
U04377,app_open,2023-08-17,page_037,19
U04377,browse,2023-08-17,page_043,174
U04378,register,2023-02-17,page_020,6
U04378,app_open,2023-02-17,page_035,40
U04378,browse,2023-02-17,page_015,101
U04378,add_to_cart,2023-02-17,page_046,41
U04379,register,2023-08-14,page_009,19
U04379,app_open,2023-08-14,page_030,38
U04379,browse,2023-08-14,page_051,263
U04380,register,2024-05-06,page_020,23
U04381,register,2023-11-08,page_029,28
U04381,app_open,2023-11-08,page_074,11
U04381,share,2023-11-20,page_070,14
U04382,register,2024-01-08,page_060,17
U04382,app_open,2024-01-08,page_038,53
U04382,browse,2024-01-08,page_010,233
U04383,register,2023-07-24,page_017,9
U04384,register,2024-12-26,page_077,5
U04384,app_open,2024-12-26,page_049,33
U04384,browse,2024-12-26,page_025,140
U04384,add_to_cart,2024-12-26,page_013,53
U04384,share,2025-01-11,page_088,20
U04385,register,2023-03-02,page_039,18
U04385,app_open,2023-03-02,page_070,13
U04385,share,2023-03-24,page_025,22
U04386,register,2023-12-04,page_010,24
U04387,register,2023-05-16,page_037,18
U04387,app_open,2023-05-16,page_036,44
U04387,browse,2023-05-16,page_066,113
U04387,add_to_cart,2023-05-16,page_008,31
U04388,register,2023-02-27,page_027,27
U04388,app_open,2023-02-27,page_015,53
U04389,register,2024-12-24,page_003,13
U04389,app_open,2024-12-24,page_070,21
U04389,browse,2024-12-24,page_019,193
U04389,share,2024-12-30,page_028,21
U04390,register,2024-01-28,page_022,23
U04391,register,2023-04-28,page_011,14
U04391,app_open,2023-04-28,page_085,15
U04392,register,2023-05-27,page_074,23
U04392,app_open,2023-05-27,page_045,22
U04393,register,2023-12-15,page_025,15
U04393,app_open,2023-12-15,page_032,33
U04393,browse,2023-12-15,page_076,199
U04394,register,2023-05-05,page_038,25
U04394,app_open,2023-05-05,page_044,46
U04395,register,2024-04-25,page_062,16
U04395,app_open,2024-04-25,page_006,41
U04395,browse,2024-04-25,page_053,107
U04395,add_to_cart,2024-04-25,page_072,111
U04396,register,2023-09-15,page_037,6
U04396,app_open,2023-09-15,page_071,41
U04396,browse,2023-09-15,page_019,190
U04397,register,2023-04-17,page_058,11
U04397,app_open,2023-04-17,page_015,56
U04397,browse,2023-04-17,page_096,87
U04398,register,2024-12-27,page_061,29
U04398,app_open,2024-12-27,page_076,15
U04399,register,2023-01-16,page_071,21
U04399,app_open,2023-01-16,page_063,35
U04399,browse,2023-01-16,page_083,167
U04400,register,2024-11-28,page_029,21
U04400,app_open,2024-11-28,page_099,21
U04400,browse,2024-11-28,page_030,70
U04401,register,2024-08-17,page_077,16
U04401,app_open,2024-08-17,page_028,34
U04401,browse,2024-08-17,page_091,131
U04402,register,2023-04-23,page_003,18
U04402,app_open,2023-04-23,page_053,58
U04402,browse,2023-04-23,page_020,206
U04402,share,2023-05-05,page_018,29
U04403,register,2024-01-08,page_054,15
U04403,app_open,2024-01-08,page_004,19
U04403,browse,2024-01-08,page_042,41
U04404,register,2024-06-13,page_086,6
U04404,app_open,2024-06-13,page_029,42
U04405,register,2023-09-05,page_029,17
U04405,app_open,2023-09-05,page_030,43
U04405,browse,2023-09-05,page_071,104
U04405,add_to_cart,2023-09-05,page_009,65
U04406,register,2023-11-28,page_008,14
U04406,app_open,2023-11-28,page_029,48
U04406,browse,2023-11-28,page_057,235
U04407,register,2024-02-24,page_011,23
U04408,register,2024-06-18,page_037,16
U04408,app_open,2024-06-18,page_054,32
U04408,browse,2024-06-18,page_052,185
U04408,add_to_cart,2024-06-18,page_094,49
U04409,register,2024-08-16,page_022,26
U04409,app_open,2024-08-16,page_063,39
U04409,browse,2024-08-16,page_003,40
U04410,register,2023-04-19,page_060,12
U04410,app_open,2023-04-19,page_086,51
U04411,register,2023-05-02,page_043,28
U04411,app_open,2023-05-02,page_064,36
U04411,browse,2023-05-02,page_048,147
U04411,add_to_cart,2023-05-02,page_095,83
U04411,share,2023-05-04,page_053,18
U04412,register,2024-05-28,page_099,26
U04412,app_open,2024-05-28,page_049,25
U04413,register,2023-04-06,page_016,27
U04413,app_open,2023-04-06,page_018,29
U04414,register,2024-10-18,page_055,15
U04414,app_open,2024-10-18,page_034,24
U04415,register,2023-06-20,page_013,6
U04415,app_open,2023-06-20,page_047,58
U04415,browse,2023-06-20,page_007,171
U04416,register,2024-03-01,page_072,20
U04416,app_open,2024-03-01,page_031,38
U04416,browse,2024-03-01,page_057,94
U04417,register,2024-05-02,page_058,21
U04418,register,2023-04-24,page_040,19
U04418,app_open,2023-04-24,page_088,42
U04418,browse,2023-04-24,page_094,270
U04419,register,2023-03-27,page_084,6
U04419,app_open,2023-03-27,page_012,32
U04419,browse,2023-03-27,page_036,281
U04420,register,2024-09-03,page_040,15
U04420,app_open,2024-09-03,page_040,12
U04420,browse,2024-09-03,page_059,49
U04421,register,2024-12-14,page_037,21
U04421,app_open,2024-12-14,page_060,52
U04421,browse,2024-12-14,page_002,111
U04422,register,2024-08-27,page_046,25
U04423,register,2023-08-08,page_017,11
U04423,app_open,2023-08-08,page_042,29
U04423,browse,2023-08-08,page_060,182
U04423,add_to_cart,2023-08-08,page_060,34
U04424,register,2023-09-18,page_062,19
U04424,app_open,2023-09-18,page_072,45
U04424,browse,2023-09-18,page_034,199
U04424,add_to_cart,2023-09-18,page_049,116
U04425,register,2023-07-10,page_011,25
U04426,register,2023-01-04,page_044,27
U04426,app_open,2023-01-04,page_009,56
U04426,browse,2023-01-04,page_081,216
U04426,add_to_cart,2023-01-04,page_010,36
U04427,register,2024-08-04,page_088,22
U04427,app_open,2024-08-04,page_038,52
U04427,browse,2024-08-04,page_018,192
U04427,add_to_cart,2024-08-04,page_056,24
U04428,register,2024-11-14,page_091,20
U04428,app_open,2024-11-14,page_098,52
U04428,share,2024-11-28,page_022,18
U04429,register,2023-05-05,page_077,26
U04429,app_open,2023-05-05,page_051,17
U04429,browse,2023-05-05,page_011,30
U04429,share,2023-05-17,page_015,14
U04430,register,2024-07-26,page_020,22
U04430,app_open,2024-07-26,page_074,24
U04431,register,2024-09-05,page_048,14
U04431,app_open,2024-09-05,page_094,30
U04431,browse,2024-09-05,page_090,285
U04432,register,2024-12-11,page_042,27
U04432,app_open,2024-12-11,page_061,49
U04432,browse,2024-12-11,page_013,172
U04432,add_to_cart,2024-12-11,page_014,65
U04432,share,2025-01-08,page_056,18
U04433,register,2023-02-15,page_089,26
U04433,app_open,2023-02-15,page_042,51
U04433,browse,2023-02-15,page_008,45
U04433,add_to_cart,2023-02-15,page_003,46
U04433,share,2023-02-18,page_083,23
U04434,register,2024-02-14,page_073,12
U04434,app_open,2024-02-14,page_078,13
U04434,browse,2024-02-14,page_066,178
U04434,share,2024-02-25,page_090,23
U04435,register,2023-08-20,page_021,16
U04436,register,2023-08-05,page_003,18
U04436,app_open,2023-08-05,page_085,19
U04437,register,2023-05-25,page_010,9
U04437,app_open,2023-05-25,page_079,31
U04437,browse,2023-05-25,page_081,125
U04438,register,2024-02-05,page_099,16
U04439,register,2023-09-22,page_060,8
U04439,app_open,2023-09-22,page_099,32
U04439,browse,2023-09-22,page_023,281
U04440,register,2023-11-17,page_022,6
U04440,app_open,2023-11-17,page_061,34
U04440,browse,2023-11-17,page_076,187
U04441,register,2023-12-12,page_084,7
U04441,app_open,2023-12-12,page_057,35
U04441,browse,2023-12-12,page_033,212
U04441,add_to_cart,2023-12-12,page_047,36
U04442,register,2024-12-16,page_088,21
U04442,app_open,2024-12-16,page_087,40
U04443,register,2023-01-18,page_082,28
U04443,app_open,2023-01-18,page_083,52
U04443,browse,2023-01-18,page_094,178
U04443,add_to_cart,2023-01-18,page_006,102
U04443,share,2023-01-25,page_047,14
U04444,register,2023-06-05,page_011,21
U04444,app_open,2023-06-05,page_075,43
U04445,register,2024-06-13,page_097,14
U04445,app_open,2024-06-13,page_040,39
U04445,browse,2024-06-13,page_059,125
U04446,register,2023-06-07,page_044,28
U04446,app_open,2023-06-07,page_097,29
U04446,browse,2023-06-07,page_052,32
U04446,add_to_cart,2023-06-07,page_007,99
U04447,register,2023-03-11,page_068,16
U04447,app_open,2023-03-11,page_049,23
U04447,browse,2023-03-11,page_064,30
U04447,add_to_cart,2023-03-11,page_069,38
U04448,register,2023-08-04,page_090,5
U04448,app_open,2023-08-04,page_061,38
U04448,browse,2023-08-04,page_039,44
U04449,register,2023-10-09,page_008,9
U04449,app_open,2023-10-09,page_096,46
U04449,browse,2023-10-09,page_079,81
U04449,add_to_cart,2023-10-09,page_030,31
U04450,register,2024-11-13,page_083,22
U04450,app_open,2024-11-13,page_080,23
U04450,browse,2024-11-13,page_084,142
U04450,share,2024-11-29,page_088,17
U04451,register,2024-07-15,page_041,7
U04451,app_open,2024-07-15,page_051,55
U04451,browse,2024-07-15,page_095,269
U04452,register,2023-05-25,page_030,21
U04453,register,2024-01-12,page_035,21
U04453,app_open,2024-01-12,page_094,36
U04453,browse,2024-01-12,page_048,159
U04453,share,2024-02-03,page_046,21
U04454,register,2023-09-24,page_022,24
U04454,app_open,2023-09-24,page_061,16
U04455,register,2023-08-09,page_071,28
U04455,app_open,2023-08-09,page_039,30
U04455,browse,2023-08-09,page_049,118
U04456,register,2024-09-13,page_011,12
U04457,register,2023-09-06,page_003,7
U04457,app_open,2023-09-06,page_019,30
U04457,browse,2023-09-06,page_061,134
U04458,register,2023-06-11,page_030,29
U04458,app_open,2023-06-11,page_059,12
U04459,register,2023-10-14,page_055,25
U04459,app_open,2023-10-14,page_052,38
U04459,browse,2023-10-14,page_069,201
U04459,add_to_cart,2023-10-14,page_017,108
U04460,register,2023-06-07,page_097,25
U04461,register,2023-09-03,page_001,24
U04461,app_open,2023-09-03,page_065,11
U04461,browse,2023-09-03,page_026,141
U04461,share,2023-09-08,page_056,17
U04462,register,2023-12-16,page_076,10
U04462,app_open,2023-12-16,page_098,29
U04462,browse,2023-12-16,page_029,39
U04463,register,2024-01-06,page_048,14
U04463,app_open,2024-01-06,page_036,45
U04463,browse,2024-01-06,page_042,281
U04464,register,2024-01-26,page_065,17
U04464,app_open,2024-01-26,page_082,19
U04464,browse,2024-01-26,page_011,216
U04465,register,2023-05-04,page_062,19
U04465,app_open,2023-05-04,page_007,43
U04465,browse,2023-05-04,page_088,55
U04465,add_to_cart,2023-05-04,page_024,53
U04465,share,2023-05-18,page_069,15
U04466,register,2023-08-03,page_024,20
U04467,register,2023-02-20,page_041,5
U04468,register,2024-07-07,page_099,10
U04468,app_open,2024-07-07,page_088,24
U04468,browse,2024-07-07,page_077,222
U04469,register,2023-12-04,page_035,14
U04469,app_open,2023-12-04,page_051,54
U04470,register,2023-10-28,page_098,19
U04470,app_open,2023-10-28,page_070,30
U04470,browse,2023-10-28,page_035,30
U04470,add_to_cart,2023-10-28,page_072,114
U04471,register,2023-09-12,page_046,13
U04471,app_open,2023-09-12,page_038,30
U04472,register,2023-11-21,page_028,21
U04472,app_open,2023-11-21,page_019,19
U04473,register,2024-07-02,page_081,9
U04473,app_open,2024-07-02,page_038,36
U04473,share,2024-07-09,page_001,8
U04474,register,2023-06-06,page_099,11
U04474,app_open,2023-06-06,page_018,11
U04474,share,2023-06-22,page_064,23
U04475,register,2023-01-07,page_061,18
U04475,app_open,2023-01-07,page_090,41
U04475,browse,2023-01-07,page_068,224
U04476,register,2023-12-21,page_023,6
U04476,app_open,2023-12-21,page_014,15
U04476,browse,2023-12-21,page_092,252
U04476,add_to_cart,2023-12-21,page_065,110
U04477,register,2024-11-12,page_031,24
U04477,app_open,2024-11-12,page_059,41
U04477,browse,2024-11-12,page_020,44
U04478,register,2024-08-21,page_092,24
U04478,app_open,2024-08-21,page_001,29
U04478,browse,2024-08-21,page_072,122
U04478,add_to_cart,2024-08-21,page_053,97
U04479,register,2024-11-06,page_012,9
U04479,app_open,2024-11-06,page_016,35
U04479,browse,2024-11-06,page_088,58
U04480,register,2024-02-17,page_086,12
U04480,app_open,2024-02-17,page_067,20
U04480,browse,2024-02-17,page_009,193
U04481,register,2024-05-18,page_080,21
U04481,app_open,2024-05-18,page_005,15
U04481,browse,2024-05-18,page_082,262
U04482,register,2024-01-13,page_084,8
U04482,app_open,2024-01-13,page_003,45
U04482,browse,2024-01-13,page_094,100
U04483,register,2023-11-03,page_066,11
U04483,app_open,2023-11-03,page_077,13
U04484,register,2024-05-26,page_030,15
U04484,app_open,2024-05-26,page_063,42
U04484,browse,2024-05-26,page_010,167
U04484,add_to_cart,2024-05-26,page_035,58
U04485,register,2023-02-28,page_068,28
U04485,app_open,2023-02-28,page_058,22
U04485,browse,2023-02-28,page_045,139
U04485,share,2023-03-07,page_037,29
U04486,register,2023-02-07,page_008,7
U04486,app_open,2023-02-07,page_049,16
U04486,browse,2023-02-07,page_024,127
U04487,register,2024-10-25,page_087,26
U04488,register,2023-10-14,page_094,28
U04488,app_open,2023-10-14,page_069,54
U04488,browse,2023-10-14,page_014,263
U04489,register,2024-09-19,page_053,27
U04489,app_open,2024-09-19,page_049,14
U04490,register,2024-05-16,page_016,19
U04490,app_open,2024-05-16,page_028,40
U04490,browse,2024-05-16,page_062,255
U04491,register,2024-05-18,page_081,29
U04491,app_open,2024-05-18,page_030,50
U04491,browse,2024-05-18,page_054,104
U04492,register,2023-11-19,page_042,18
U04492,app_open,2023-11-19,page_072,56
U04492,browse,2023-11-19,page_073,108
U04492,add_to_cart,2023-11-19,page_076,31
U04492,share,2023-12-18,page_058,18
U04493,register,2023-11-10,page_086,19
U04493,app_open,2023-11-10,page_062,31
U04493,browse,2023-11-10,page_035,99
U04494,register,2024-02-14,page_060,7
U04494,app_open,2024-02-14,page_084,36
U04495,register,2023-10-21,page_065,24
U04496,register,2024-11-04,page_084,27
U04496,app_open,2024-11-04,page_051,25
U04496,browse,2024-11-04,page_030,90
U04496,share,2024-11-21,page_075,27
U04497,register,2023-10-27,page_040,6
U04497,app_open,2023-10-27,page_043,30
U04497,browse,2023-10-27,page_092,230
U04498,register,2023-06-22,page_006,11
U04498,app_open,2023-06-22,page_066,47
U04499,register,2023-11-18,page_095,8
U04499,app_open,2023-11-18,page_082,42
U04499,browse,2023-11-18,page_021,140
U04499,add_to_cart,2023-11-18,page_051,83
U04499,share,2023-12-02,page_094,29
U04500,register,2023-06-21,page_019,27
U04500,app_open,2023-06-21,page_049,26
U04500,browse,2023-06-21,page_047,233
U04501,register,2024-03-27,page_065,5
U04501,app_open,2024-03-27,page_037,26
U04501,browse,2024-03-27,page_083,293
U04502,register,2023-06-20,page_032,5
U04502,app_open,2023-06-20,page_034,18
U04502,browse,2023-06-20,page_042,234
U04503,register,2023-01-09,page_017,20
U04503,app_open,2023-01-09,page_021,21
U04503,browse,2023-01-09,page_073,205
U04503,add_to_cart,2023-01-09,page_007,70
U04504,register,2024-02-03,page_093,14
U04505,register,2023-01-14,page_039,29
U04505,app_open,2023-01-14,page_033,55
U04505,browse,2023-01-14,page_034,53
U04505,share,2023-02-06,page_045,14
U04506,register,2024-02-04,page_046,10
U04506,app_open,2024-02-04,page_080,51
U04506,browse,2024-02-04,page_099,181
U04506,add_to_cart,2024-02-04,page_086,75
U04507,register,2024-02-23,page_021,15
U04507,app_open,2024-02-23,page_080,57
U04507,share,2024-02-28,page_005,6
U04508,register,2023-04-11,page_040,13
U04508,app_open,2023-04-11,page_097,19
U04509,register,2024-08-09,page_008,25
U04509,app_open,2024-08-09,page_040,46
U04509,browse,2024-08-09,page_019,204
U04510,register,2023-11-15,page_093,16
U04511,register,2023-06-25,page_025,22
U04511,app_open,2023-06-25,page_042,25
U04511,browse,2023-06-25,page_088,202
U04511,share,2023-07-11,page_021,22
U04512,register,2023-12-28,page_093,27
U04512,app_open,2023-12-28,page_004,31
U04512,browse,2023-12-28,page_038,81
U04512,add_to_cart,2023-12-28,page_020,82
U04513,register,2024-01-18,page_064,7
U04513,app_open,2024-01-18,page_005,57
U04513,share,2024-02-12,page_095,7
U04514,register,2024-11-23,page_035,11
U04514,app_open,2024-11-23,page_079,54
U04514,browse,2024-11-23,page_006,261
U04514,add_to_cart,2024-11-23,page_080,117
U04515,register,2024-02-24,page_004,29
U04515,app_open,2024-02-24,page_055,39
U04515,browse,2024-02-24,page_077,192
U04515,add_to_cart,2024-02-24,page_059,20
U04515,share,2024-02-29,page_075,16
U04516,register,2023-11-25,page_097,10
U04516,app_open,2023-11-25,page_065,49
U04517,register,2024-12-02,page_037,29
U04517,app_open,2024-12-02,page_045,10
U04517,browse,2024-12-02,page_056,276
U04517,add_to_cart,2024-12-02,page_063,100
U04517,share,2024-12-23,page_025,23
U04518,register,2024-07-28,page_084,18
U04518,app_open,2024-07-28,page_036,38
U04518,browse,2024-07-28,page_049,261
U04519,register,2023-02-17,page_081,23
U04519,app_open,2023-02-17,page_032,17
U04519,browse,2023-02-17,page_072,150
U04520,register,2024-11-08,page_093,20
U04520,app_open,2024-11-08,page_036,46
U04520,browse,2024-11-08,page_034,184
U04520,add_to_cart,2024-11-08,page_091,90
U04521,register,2023-05-26,page_083,25
U04521,app_open,2023-05-26,page_074,44
U04521,browse,2023-05-26,page_041,47
U04522,register,2023-11-25,page_098,10
U04522,app_open,2023-11-25,page_099,26
U04522,browse,2023-11-25,page_066,72
U04522,add_to_cart,2023-11-25,page_033,61
U04523,register,2024-08-01,page_023,23
U04523,app_open,2024-08-01,page_044,57
U04524,register,2024-08-16,page_061,13
U04524,app_open,2024-08-16,page_030,20
U04524,browse,2024-08-16,page_099,127
U04524,add_to_cart,2024-08-16,page_081,41
U04524,share,2024-09-09,page_068,26
U04525,register,2023-05-27,page_044,29
U04525,app_open,2023-05-27,page_005,27
U04525,browse,2023-05-27,page_035,123
U04526,register,2024-04-24,page_077,20
U04526,app_open,2024-04-24,page_055,57
U04526,browse,2024-04-24,page_077,67
U04526,add_to_cart,2024-04-24,page_062,21
U04526,share,2024-05-01,page_023,12
U04527,register,2023-05-28,page_091,20
U04527,app_open,2023-05-28,page_052,43
U04527,browse,2023-05-28,page_012,129
U04527,add_to_cart,2023-05-28,page_088,76
U04527,share,2023-06-17,page_049,27
U04528,register,2023-10-09,page_013,12
U04528,app_open,2023-10-09,page_086,42
U04528,browse,2023-10-09,page_017,236
U04529,register,2024-10-24,page_065,11
U04529,app_open,2024-10-24,page_015,16
U04529,browse,2024-10-24,page_093,88
U04530,register,2024-07-03,page_029,23
U04531,register,2023-09-22,page_054,13
U04532,register,2024-08-08,page_061,17
U04532,app_open,2024-08-08,page_025,45
U04532,browse,2024-08-08,page_077,262
U04533,register,2023-04-11,page_018,29
U04533,app_open,2023-04-11,page_043,17
U04533,browse,2023-04-11,page_023,237
U04533,share,2023-04-21,page_063,28
U04534,register,2023-04-12,page_023,23
U04534,app_open,2023-04-12,page_074,20
U04534,browse,2023-04-12,page_013,110
U04535,register,2024-11-07,page_052,7
U04536,register,2023-08-10,page_070,13
U04536,app_open,2023-08-10,page_011,15
U04537,register,2024-11-24,page_083,22
U04537,app_open,2024-11-24,page_047,52
U04537,browse,2024-11-24,page_038,101
U04538,register,2024-01-24,page_067,26
U04538,app_open,2024-01-24,page_075,45
U04538,browse,2024-01-24,page_007,98
U04539,register,2024-02-16,page_003,22
U04539,app_open,2024-02-16,page_075,59
U04539,browse,2024-02-16,page_002,40
U04540,register,2023-07-16,page_091,19
U04540,app_open,2023-07-16,page_057,33
U04540,browse,2023-07-16,page_063,121
U04540,add_to_cart,2023-07-16,page_037,59
U04540,share,2023-07-28,page_002,14
U04541,register,2024-05-20,page_069,8
U04541,app_open,2024-05-20,page_030,52
U04541,browse,2024-05-20,page_078,210
U04541,share,2024-06-02,page_013,24
U04542,register,2024-07-12,page_040,24
U04542,app_open,2024-07-12,page_081,58
U04542,browse,2024-07-12,page_099,105
U04542,add_to_cart,2024-07-12,page_094,75
U04543,register,2023-09-28,page_089,28
U04543,app_open,2023-09-28,page_008,36
U04543,browse,2023-09-28,page_004,120
U04543,add_to_cart,2023-09-28,page_089,53
U04544,register,2023-08-09,page_024,28
U04544,app_open,2023-08-09,page_038,18
U04545,register,2023-05-21,page_092,11
U04545,app_open,2023-05-21,page_037,16
U04545,browse,2023-05-21,page_063,139
U04546,register,2023-10-05,page_083,11
U04546,app_open,2023-10-05,page_084,41
U04546,browse,2023-10-05,page_012,161
U04546,add_to_cart,2023-10-05,page_027,35
U04547,register,2024-02-18,page_017,17
U04547,app_open,2024-02-18,page_093,29
U04547,browse,2024-02-18,page_089,137
U04547,add_to_cart,2024-02-18,page_009,104
U04548,register,2023-07-08,page_084,27
U04548,app_open,2023-07-08,page_045,22
U04549,register,2023-05-24,page_025,19
U04549,app_open,2023-05-24,page_067,59
U04550,register,2023-06-20,page_096,12
U04550,app_open,2023-06-20,page_033,30
U04550,browse,2023-06-20,page_020,91
U04550,share,2023-07-03,page_040,13
U04551,register,2024-11-24,page_094,20
U04552,register,2023-09-21,page_059,29
U04552,app_open,2023-09-21,page_088,51
U04553,register,2023-09-08,page_064,22
U04553,app_open,2023-09-08,page_067,47
U04553,browse,2023-09-08,page_066,220
U04554,register,2024-05-24,page_094,24
U04554,app_open,2024-05-24,page_045,42
U04554,browse,2024-05-24,page_080,250
U04554,add_to_cart,2024-05-24,page_066,98
U04554,share,2024-06-04,page_013,11
U04555,register,2023-08-23,page_015,25
U04556,register,2023-01-22,page_052,13
U04556,app_open,2023-01-22,page_028,13
U04557,register,2024-06-15,page_007,15
U04558,register,2024-10-27,page_092,23
U04558,app_open,2024-10-27,page_085,18
U04558,browse,2024-10-27,page_002,182
U04558,add_to_cart,2024-10-27,page_074,81
U04559,register,2024-04-02,page_086,19
U04559,app_open,2024-04-02,page_085,19
U04559,browse,2024-04-02,page_082,289
U04560,register,2024-01-02,page_089,22
U04560,app_open,2024-01-02,page_073,31
U04561,register,2024-02-07,page_006,26
U04561,app_open,2024-02-07,page_048,38
U04562,register,2023-11-15,page_026,6
U04562,app_open,2023-11-15,page_032,38
U04563,register,2024-05-21,page_043,7
U04563,app_open,2024-05-21,page_081,21
U04563,browse,2024-05-21,page_059,105
U04563,add_to_cart,2024-05-21,page_067,89
U04564,register,2024-05-15,page_092,22
U04564,app_open,2024-05-15,page_092,53
U04564,browse,2024-05-15,page_028,237
U04565,register,2024-04-09,page_065,6
U04565,app_open,2024-04-09,page_058,54
U04565,browse,2024-04-09,page_060,240
U04565,add_to_cart,2024-04-09,page_065,94
U04566,register,2024-09-21,page_050,22
U04566,app_open,2024-09-21,page_012,15
U04566,share,2024-10-13,page_097,17
U04567,register,2024-08-19,page_090,10
U04567,app_open,2024-08-19,page_052,26
U04568,register,2024-12-23,page_008,7
U04568,app_open,2024-12-23,page_018,28
U04568,browse,2024-12-23,page_007,134
U04568,share,2025-01-16,page_098,9
U04569,register,2023-09-06,page_017,14
U04569,app_open,2023-09-06,page_081,34
U04569,browse,2023-09-06,page_093,179
U04569,share,2023-09-11,page_098,10
U04570,register,2023-01-05,page_045,26
U04570,app_open,2023-01-05,page_098,55
U04570,browse,2023-01-05,page_081,212
U04570,add_to_cart,2023-01-05,page_054,33
U04570,share,2023-01-14,page_015,15
U04571,register,2023-05-23,page_019,6
U04571,app_open,2023-05-23,page_039,37
U04571,browse,2023-05-23,page_039,39
U04572,register,2023-01-01,page_079,21
U04572,app_open,2023-01-01,page_023,47
U04572,browse,2023-01-01,page_034,130
U04572,share,2023-01-11,page_055,14
U04573,register,2024-10-06,page_083,17
U04573,app_open,2024-10-06,page_054,39
U04573,browse,2024-10-06,page_025,66
U04573,add_to_cart,2024-10-06,page_022,117
U04574,register,2023-09-19,page_058,24
U04574,app_open,2023-09-19,page_001,22
U04574,browse,2023-09-19,page_012,148
U04575,register,2023-05-21,page_028,13
U04575,app_open,2023-05-21,page_068,18
U04575,browse,2023-05-21,page_031,283
U04575,add_to_cart,2023-05-21,page_078,94
U04576,register,2024-05-22,page_011,9
U04576,app_open,2024-05-22,page_049,55
U04576,browse,2024-05-22,page_060,40
U04576,add_to_cart,2024-05-22,page_071,25
U04577,register,2024-08-12,page_035,20
U04577,app_open,2024-08-12,page_034,52
U04577,browse,2024-08-12,page_058,271
U04577,add_to_cart,2024-08-12,page_015,23
U04578,register,2023-06-13,page_040,20
U04579,register,2024-12-08,page_014,12
U04579,app_open,2024-12-08,page_062,38
U04579,browse,2024-12-08,page_019,244
U04580,register,2023-03-25,page_010,27
U04580,app_open,2023-03-25,page_010,40
U04581,register,2023-11-20,page_054,29
U04582,register,2023-01-25,page_028,25
U04582,app_open,2023-01-25,page_080,20
U04583,register,2024-02-21,page_077,13
U04583,app_open,2024-02-21,page_042,16
U04583,share,2024-02-23,page_060,28
U04584,register,2024-12-13,page_084,24
U04584,app_open,2024-12-13,page_038,42
U04584,browse,2024-12-13,page_018,98
U04585,register,2024-03-23,page_080,12
U04585,app_open,2024-03-23,page_048,36
U04585,browse,2024-03-23,page_065,42
U04585,share,2024-04-12,page_061,13
U04586,register,2024-09-08,page_099,26
U04586,app_open,2024-09-08,page_007,19
U04586,browse,2024-09-08,page_016,118
U04586,add_to_cart,2024-09-08,page_017,80
U04587,register,2024-03-13,page_094,12
U04587,app_open,2024-03-13,page_014,14
U04587,browse,2024-03-13,page_023,231
U04588,register,2023-01-11,page_093,11
U04588,app_open,2023-01-11,page_069,19
U04588,browse,2023-01-11,page_062,297
U04588,add_to_cart,2023-01-11,page_048,15
U04589,register,2024-08-15,page_001,11
U04589,app_open,2024-08-15,page_025,57
U04590,register,2024-09-04,page_063,29
U04590,app_open,2024-09-04,page_062,49
U04590,share,2024-09-19,page_005,25
U04591,register,2023-06-25,page_035,12
U04591,app_open,2023-06-25,page_065,34
U04592,register,2023-12-01,page_037,7
U04592,app_open,2023-12-01,page_050,13
U04592,browse,2023-12-01,page_098,275
U04592,add_to_cart,2023-12-01,page_069,18
U04593,register,2023-10-27,page_065,23
U04594,register,2024-06-01,page_003,23
U04594,app_open,2024-06-01,page_002,44
U04594,browse,2024-06-01,page_099,100
U04595,register,2023-07-02,page_027,12
U04596,register,2023-08-26,page_079,10
U04597,register,2023-01-19,page_085,12
U04598,register,2023-06-11,page_012,26
U04598,app_open,2023-06-11,page_025,17
U04598,browse,2023-06-11,page_043,193
U04598,add_to_cart,2023-06-11,page_050,54
U04599,register,2024-07-25,page_090,21
U04599,app_open,2024-07-25,page_027,51
U04600,register,2023-10-16,page_054,11
U04600,app_open,2023-10-16,page_082,32
U04600,browse,2023-10-16,page_083,202
U04600,add_to_cart,2023-10-16,page_042,103
U04601,register,2024-04-10,page_004,16
U04601,app_open,2024-04-10,page_011,12
U04601,browse,2024-04-10,page_066,186
U04602,register,2024-06-22,page_063,5
U04602,app_open,2024-06-22,page_014,40
U04602,browse,2024-06-22,page_047,99
U04602,add_to_cart,2024-06-22,page_072,90
U04603,register,2024-06-03,page_064,24
U04603,app_open,2024-06-03,page_041,55
U04603,browse,2024-06-03,page_087,162
U04604,register,2023-12-10,page_019,18
U04605,register,2024-04-25,page_063,23
U04605,app_open,2024-04-25,page_035,22
U04605,browse,2024-04-25,page_047,72
U04605,add_to_cart,2024-04-25,page_088,50
U04606,register,2023-09-18,page_051,17
U04606,app_open,2023-09-18,page_075,26
U04606,browse,2023-09-18,page_079,198
U04607,register,2024-01-24,page_039,10
U04607,app_open,2024-01-24,page_090,47
U04607,browse,2024-01-24,page_068,100
U04607,add_to_cart,2024-01-24,page_003,15
U04608,register,2024-02-19,page_079,16
U04608,app_open,2024-02-19,page_042,47
U04608,browse,2024-02-19,page_054,111
U04609,register,2024-02-02,page_012,7
U04609,app_open,2024-02-02,page_015,53
U04609,browse,2024-02-02,page_058,188
U04610,register,2023-11-26,page_047,14
U04611,register,2023-08-03,page_084,16
U04611,app_open,2023-08-03,page_060,49
U04612,register,2024-03-13,page_085,14
U04612,app_open,2024-03-13,page_005,13
U04613,register,2023-08-13,page_025,25
U04614,register,2024-04-22,page_046,17
U04614,app_open,2024-04-22,page_098,32
U04614,browse,2024-04-22,page_069,30
U04615,register,2023-01-02,page_018,12
U04615,app_open,2023-01-02,page_084,45
U04615,browse,2023-01-02,page_025,283
U04616,register,2024-01-14,page_090,12
U04616,app_open,2024-01-14,page_064,16
U04616,browse,2024-01-14,page_098,66
U04617,register,2023-02-16,page_002,22
U04617,app_open,2023-02-16,page_059,21
U04617,browse,2023-02-16,page_096,89
U04617,add_to_cart,2023-02-16,page_004,83
U04618,register,2024-02-07,page_072,27
U04618,app_open,2024-02-07,page_008,24
U04618,browse,2024-02-07,page_057,226
U04619,register,2024-10-14,page_069,29
U04619,app_open,2024-10-14,page_010,50
U04619,browse,2024-10-14,page_067,46
U04619,add_to_cart,2024-10-14,page_091,70
U04619,share,2024-10-23,page_090,5
U04620,register,2024-06-17,page_002,21
U04620,app_open,2024-06-17,page_001,48
U04620,browse,2024-06-17,page_009,51
U04620,add_to_cart,2024-06-17,page_025,19
U04621,register,2023-05-11,page_047,27
U04621,app_open,2023-05-11,page_042,37
U04621,browse,2023-05-11,page_016,122
U04622,register,2024-06-16,page_065,13
U04623,register,2023-10-06,page_051,24
U04623,app_open,2023-10-06,page_009,24
U04623,browse,2023-10-06,page_060,129
U04624,register,2024-02-02,page_038,25
U04624,app_open,2024-02-02,page_062,33
U04624,browse,2024-02-02,page_060,79
U04624,add_to_cart,2024-02-02,page_039,113
U04625,register,2023-09-28,page_005,6
U04625,app_open,2023-09-28,page_013,45
U04625,browse,2023-09-28,page_053,38
U04625,add_to_cart,2023-09-28,page_089,48
U04626,register,2024-01-21,page_027,10
U04626,app_open,2024-01-21,page_005,15
U04626,browse,2024-01-21,page_069,84
U04626,add_to_cart,2024-01-21,page_074,50
U04626,share,2024-01-26,page_066,21
U04627,register,2024-11-20,page_021,6
U04627,app_open,2024-11-20,page_084,42
U04627,browse,2024-11-20,page_022,57
U04628,register,2023-12-02,page_038,7
U04629,register,2023-03-13,page_066,28
U04629,app_open,2023-03-13,page_054,41
U04629,browse,2023-03-13,page_086,261
U04629,share,2023-04-09,page_063,9
U04630,register,2024-09-01,page_049,25
U04631,register,2024-08-04,page_029,26
U04631,app_open,2024-08-04,page_057,58
U04631,browse,2024-08-04,page_040,203
U04631,add_to_cart,2024-08-04,page_078,112
U04632,register,2024-06-25,page_060,13
U04633,register,2024-01-06,page_068,18
U04633,app_open,2024-01-06,page_002,30
U04633,browse,2024-01-06,page_063,112
U04633,share,2024-02-03,page_050,12
U04634,register,2023-06-15,page_023,25
U04634,app_open,2023-06-15,page_029,26
U04634,browse,2023-06-15,page_075,198
U04634,add_to_cart,2023-06-15,page_005,73
U04635,register,2024-06-17,page_079,5
U04635,app_open,2024-06-17,page_079,19
U04635,browse,2024-06-17,page_050,230
U04636,register,2024-02-04,page_013,16
U04636,app_open,2024-02-04,page_050,50
U04636,browse,2024-02-04,page_032,219
U04636,add_to_cart,2024-02-04,page_034,70
U04637,register,2023-01-08,page_096,10
U04637,app_open,2023-01-08,page_036,37
U04637,browse,2023-01-08,page_016,268
U04638,register,2023-11-13,page_074,10
U04639,register,2024-05-21,page_060,25
U04639,app_open,2024-05-21,page_012,59
U04639,browse,2024-05-21,page_090,182
U04639,add_to_cart,2024-05-21,page_020,21
U04640,register,2024-02-25,page_050,11
U04640,app_open,2024-02-25,page_022,56
U04640,browse,2024-02-25,page_053,87
U04641,register,2024-05-20,page_009,22
U04641,app_open,2024-05-20,page_036,15
U04641,browse,2024-05-20,page_095,108
U04641,add_to_cart,2024-05-20,page_030,66
U04641,share,2024-06-18,page_008,23
U04642,register,2024-12-24,page_035,20
U04642,app_open,2024-12-24,page_064,31
U04642,browse,2024-12-24,page_075,290
U04642,share,2025-01-18,page_051,5
U04643,register,2023-01-08,page_017,20
U04643,app_open,2023-01-08,page_072,50
U04643,browse,2023-01-08,page_009,276
U04644,register,2024-07-11,page_014,5
U04644,app_open,2024-07-11,page_003,52
U04644,browse,2024-07-11,page_055,140
U04645,register,2024-11-10,page_075,26
U04645,app_open,2024-11-10,page_039,51
U04646,register,2023-01-05,page_090,6
U04646,app_open,2023-01-05,page_025,33
U04646,browse,2023-01-05,page_002,129
U04647,register,2024-04-20,page_042,26
U04647,app_open,2024-04-20,page_012,12
U04648,register,2024-08-28,page_047,16
U04648,app_open,2024-08-28,page_030,48
U04648,browse,2024-08-28,page_032,106
U04649,register,2023-05-16,page_099,8
U04649,app_open,2023-05-16,page_031,42
U04649,browse,2023-05-16,page_033,72
U04650,register,2023-03-23,page_005,17
U04650,app_open,2023-03-23,page_054,48
U04650,browse,2023-03-23,page_025,126
U04650,add_to_cart,2023-03-23,page_008,16
U04651,register,2023-02-17,page_015,14
U04651,app_open,2023-02-17,page_034,52
U04651,share,2023-02-24,page_061,7
U04652,register,2024-10-28,page_086,20
U04652,app_open,2024-10-28,page_053,37
U04652,browse,2024-10-28,page_057,268
U04652,add_to_cart,2024-10-28,page_037,16
U04653,register,2023-01-16,page_083,14
U04653,app_open,2023-01-16,page_079,24
U04653,browse,2023-01-16,page_099,258
U04653,add_to_cart,2023-01-16,page_049,26
U04654,register,2024-11-24,page_059,13
U04654,app_open,2024-11-24,page_040,17
U04654,browse,2024-11-24,page_030,133
U04655,register,2023-02-20,page_037,15
U04655,app_open,2023-02-20,page_019,50
U04656,register,2023-07-11,page_080,10
U04656,app_open,2023-07-11,page_008,54
U04656,browse,2023-07-11,page_064,130
U04657,register,2023-06-02,page_014,13
U04657,app_open,2023-06-02,page_057,43
U04658,register,2024-02-04,page_067,13
U04658,app_open,2024-02-04,page_088,24
U04658,browse,2024-02-04,page_014,42
U04658,share,2024-03-02,page_073,23
U04659,register,2024-07-25,page_001,7
U04659,app_open,2024-07-25,page_093,49
U04660,register,2024-10-28,page_007,7
U04660,app_open,2024-10-28,page_079,42
U04660,browse,2024-10-28,page_001,285
U04661,register,2023-02-02,page_031,15
U04661,app_open,2023-02-02,page_041,46
U04662,register,2024-01-13,page_051,27
U04662,app_open,2024-01-13,page_083,37
U04663,register,2023-03-21,page_047,12
U04663,app_open,2023-03-21,page_030,49
U04664,register,2023-06-21,page_089,27
U04664,app_open,2023-06-21,page_096,20
U04664,browse,2023-06-21,page_047,34
U04664,share,2023-06-26,page_092,6
U04665,register,2024-05-01,page_091,27
U04665,app_open,2024-05-01,page_095,22
U04666,register,2023-07-26,page_020,12
U04666,app_open,2023-07-26,page_049,58
U04666,browse,2023-07-26,page_066,212
U04667,register,2023-07-13,page_016,14
U04667,app_open,2023-07-13,page_016,57
U04667,browse,2023-07-13,page_090,124
U04667,add_to_cart,2023-07-13,page_019,18
U04668,register,2024-10-09,page_017,15
U04668,app_open,2024-10-09,page_048,34
U04668,browse,2024-10-09,page_035,185
U04669,register,2024-06-01,page_023,18
U04669,app_open,2024-06-01,page_063,12
U04669,browse,2024-06-01,page_029,42
U04670,register,2023-11-22,page_021,24
U04670,app_open,2023-11-22,page_069,50
U04671,register,2024-10-25,page_004,19
U04672,register,2023-11-10,page_004,7
U04672,app_open,2023-11-10,page_064,36
U04672,browse,2023-11-10,page_082,54
U04672,add_to_cart,2023-11-10,page_077,75
U04673,register,2024-05-27,page_035,19
U04673,app_open,2024-05-27,page_091,40
U04673,browse,2024-05-27,page_093,185
U04673,add_to_cart,2024-05-27,page_072,73
U04674,register,2024-05-12,page_059,26
U04674,app_open,2024-05-12,page_018,30
U04674,browse,2024-05-12,page_059,230
U04674,add_to_cart,2024-05-12,page_047,118
U04675,register,2023-10-12,page_034,11
U04675,app_open,2023-10-12,page_086,52
U04676,register,2023-06-21,page_026,28
U04676,app_open,2023-06-21,page_050,30
U04676,browse,2023-06-21,page_058,94
U04676,share,2023-07-08,page_065,10
U04677,register,2023-06-06,page_076,15
U04677,app_open,2023-06-06,page_014,38
U04677,browse,2023-06-06,page_027,99
U04677,add_to_cart,2023-06-06,page_093,94
U04677,share,2023-06-19,page_024,10
U04678,register,2024-08-26,page_080,18
U04678,app_open,2024-08-26,page_021,22
U04678,browse,2024-08-26,page_030,237
U04678,share,2024-09-03,page_073,26
U04679,register,2023-08-05,page_074,16
U04679,app_open,2023-08-05,page_008,31
U04679,browse,2023-08-05,page_035,180
U04679,share,2023-08-06,page_023,19
U04680,register,2023-06-02,page_084,7
U04681,register,2024-05-08,page_087,14
U04681,app_open,2024-05-08,page_097,39
U04681,browse,2024-05-08,page_080,85
U04681,add_to_cart,2024-05-08,page_029,62
U04681,share,2024-06-01,page_089,10
U04682,register,2024-10-09,page_059,11
U04682,app_open,2024-10-09,page_050,37
U04682,browse,2024-10-09,page_070,296
U04682,add_to_cart,2024-10-09,page_099,67
U04683,register,2024-09-08,page_040,27
U04683,app_open,2024-09-08,page_032,22
U04683,browse,2024-09-08,page_093,245
U04684,register,2024-11-11,page_024,27
U04684,app_open,2024-11-11,page_086,20
U04684,browse,2024-11-11,page_088,40
U04684,share,2024-11-27,page_096,9
U04685,register,2023-10-17,page_073,26
U04686,register,2024-11-20,page_080,11
U04686,app_open,2024-11-20,page_060,30
U04686,browse,2024-11-20,page_018,208
U04687,register,2024-01-22,page_092,15
U04688,register,2023-09-15,page_097,13
U04688,app_open,2023-09-15,page_026,20
U04688,browse,2023-09-15,page_061,137
U04689,register,2024-01-13,page_073,15
U04689,app_open,2024-01-13,page_061,42
U04690,register,2024-01-25,page_027,28
U04690,app_open,2024-01-25,page_095,42
U04690,browse,2024-01-25,page_012,248
U04691,register,2024-09-04,page_036,8
U04691,app_open,2024-09-04,page_070,42
U04691,browse,2024-09-04,page_013,298
U04692,register,2024-10-10,page_013,6
U04692,app_open,2024-10-10,page_078,20
U04692,browse,2024-10-10,page_020,74
U04692,add_to_cart,2024-10-10,page_058,55
U04693,register,2024-03-21,page_016,13
U04694,register,2023-10-21,page_021,11
U04694,app_open,2023-10-21,page_032,14
U04694,browse,2023-10-21,page_064,87
U04694,add_to_cart,2023-10-21,page_097,63
U04695,register,2023-08-10,page_082,20
U04696,register,2024-09-17,page_065,7
U04696,app_open,2024-09-17,page_062,20
U04696,browse,2024-09-17,page_055,259
U04696,share,2024-10-04,page_065,16
U04697,register,2023-05-13,page_086,6
U04697,app_open,2023-05-13,page_019,12
U04698,register,2024-09-21,page_062,13
U04698,app_open,2024-09-21,page_053,45
U04698,browse,2024-09-21,page_013,286
U04698,add_to_cart,2024-09-21,page_009,46
U04699,register,2024-07-12,page_098,15
U04699,app_open,2024-07-12,page_091,58
U04699,browse,2024-07-12,page_016,246
U04699,add_to_cart,2024-07-12,page_057,52
U04700,register,2023-12-25,page_073,13
U04700,app_open,2023-12-25,page_086,21
U04700,browse,2023-12-25,page_020,65
U04701,register,2024-09-28,page_002,23
U04701,app_open,2024-09-28,page_058,18
U04701,browse,2024-09-28,page_065,268
U04702,register,2023-02-21,page_045,22
U04702,app_open,2023-02-21,page_058,16
U04702,browse,2023-02-21,page_080,83
U04703,register,2023-09-24,page_087,5
U04703,app_open,2023-09-24,page_020,41
U04703,browse,2023-09-24,page_074,249
U04704,register,2024-10-25,page_004,20
U04704,app_open,2024-10-25,page_018,49
U04704,browse,2024-10-25,page_051,60
U04705,register,2024-11-02,page_047,23
U04705,app_open,2024-11-02,page_080,42
U04705,browse,2024-11-02,page_023,168
U04706,register,2023-01-14,page_053,22
U04706,app_open,2023-01-14,page_040,26
U04706,browse,2023-01-14,page_077,110
U04706,add_to_cart,2023-01-14,page_038,111
U04707,register,2024-01-03,page_058,20
U04707,app_open,2024-01-03,page_055,21
U04707,share,2024-01-09,page_079,22
U04708,register,2024-08-25,page_095,11
U04708,app_open,2024-08-25,page_051,25
U04708,browse,2024-08-25,page_070,243
U04709,register,2023-05-02,page_022,15
U04709,app_open,2023-05-02,page_035,33
U04709,browse,2023-05-02,page_034,145
U04709,share,2023-05-22,page_006,25
U04710,register,2024-09-18,page_011,8
U04710,app_open,2024-09-18,page_058,35
U04711,register,2023-09-22,page_056,13
U04711,app_open,2023-09-22,page_068,49
U04711,browse,2023-09-22,page_021,77
U04712,register,2023-12-05,page_088,21
U04712,app_open,2023-12-05,page_084,13
U04713,register,2024-06-23,page_092,16
U04713,app_open,2024-06-23,page_040,34
U04713,browse,2024-06-23,page_051,183
U04714,register,2024-11-02,page_065,5
U04714,app_open,2024-11-02,page_088,38
U04714,browse,2024-11-02,page_017,287
U04714,add_to_cart,2024-11-02,page_077,59
U04715,register,2023-10-22,page_088,13
U04715,app_open,2023-10-22,page_035,32
U04715,browse,2023-10-22,page_046,94
U04715,add_to_cart,2023-10-22,page_082,111
U04716,register,2023-10-26,page_098,19
U04716,app_open,2023-10-26,page_022,41
U04716,browse,2023-10-26,page_003,139
U04716,add_to_cart,2023-10-26,page_040,22
U04717,register,2023-03-24,page_056,15
U04717,app_open,2023-03-24,page_074,28
U04717,share,2023-04-22,page_072,21
U04718,register,2024-02-05,page_038,14
U04718,app_open,2024-02-05,page_048,22
U04718,share,2024-02-17,page_056,20
U04719,register,2024-12-23,page_042,20
U04719,app_open,2024-12-23,page_032,13
U04719,browse,2024-12-23,page_008,271
U04719,add_to_cart,2024-12-23,page_079,27
U04720,register,2024-01-27,page_061,29
U04720,app_open,2024-01-27,page_084,30
U04721,register,2024-12-28,page_094,25
U04721,app_open,2024-12-28,page_006,42
U04721,browse,2024-12-28,page_021,59
U04722,register,2024-05-06,page_001,22
U04722,app_open,2024-05-06,page_050,23
U04722,browse,2024-05-06,page_072,264
U04723,register,2024-01-12,page_079,12
U04723,app_open,2024-01-12,page_023,11
U04723,browse,2024-01-12,page_018,258
U04723,add_to_cart,2024-01-12,page_048,53
U04724,register,2023-03-16,page_039,14
U04724,app_open,2023-03-16,page_017,54
U04724,browse,2023-03-16,page_035,140
U04725,register,2023-05-02,page_071,10
U04725,app_open,2023-05-02,page_019,18
U04726,register,2023-11-04,page_003,29
U04726,app_open,2023-11-04,page_043,59
U04726,browse,2023-11-04,page_049,83
U04726,share,2023-11-27,page_008,28
U04727,register,2024-10-01,page_074,13
U04728,register,2024-01-18,page_093,25
U04728,app_open,2024-01-18,page_027,31
U04728,browse,2024-01-18,page_009,233
U04728,share,2024-01-21,page_052,26
U04729,register,2024-04-02,page_029,25
U04729,app_open,2024-04-02,page_062,56
U04729,browse,2024-04-02,page_063,211
U04730,register,2023-09-27,page_053,27
U04731,register,2023-12-05,page_088,9
U04731,app_open,2023-12-05,page_079,57
U04731,browse,2023-12-05,page_029,136
U04731,add_to_cart,2023-12-05,page_082,73
U04732,register,2023-05-22,page_047,13
U04732,app_open,2023-05-22,page_080,47
U04732,browse,2023-05-22,page_071,73
U04732,add_to_cart,2023-05-22,page_070,87
U04733,register,2024-01-16,page_098,25
U04733,app_open,2024-01-16,page_073,54
U04734,register,2024-07-09,page_072,5
U04734,app_open,2024-07-09,page_071,20
U04734,browse,2024-07-09,page_073,56
U04734,share,2024-07-27,page_014,27
U04735,register,2024-04-19,page_053,29
U04735,app_open,2024-04-19,page_041,44
U04735,browse,2024-04-19,page_029,70
U04735,add_to_cart,2024-04-19,page_087,51
U04736,register,2023-04-28,page_060,18
U04736,app_open,2023-04-28,page_017,18
U04736,browse,2023-04-28,page_096,117
U04736,add_to_cart,2023-04-28,page_005,32
U04737,register,2024-03-09,page_005,14
U04737,app_open,2024-03-09,page_085,14
U04738,register,2024-04-26,page_051,18
U04738,app_open,2024-04-26,page_027,24
U04738,browse,2024-04-26,page_026,181
U04739,register,2024-12-06,page_097,14
U04739,app_open,2024-12-06,page_068,31
U04739,browse,2024-12-06,page_054,34
U04740,register,2023-08-01,page_077,25
U04740,app_open,2023-08-01,page_072,27
U04740,browse,2023-08-01,page_068,204
U04740,add_to_cart,2023-08-01,page_051,73
U04741,register,2024-02-04,page_089,16
U04741,app_open,2024-02-04,page_023,17
U04741,browse,2024-02-04,page_071,238
U04741,share,2024-02-15,page_084,5
U04742,register,2023-10-27,page_093,6
U04742,app_open,2023-10-27,page_019,49
U04742,browse,2023-10-27,page_046,226
U04742,add_to_cart,2023-10-27,page_086,39
U04743,register,2024-04-04,page_072,17
U04743,app_open,2024-04-04,page_019,51
U04743,browse,2024-04-04,page_064,201
U04744,register,2023-02-02,page_093,16
U04744,app_open,2023-02-02,page_056,51
U04745,register,2024-01-11,page_007,21
U04746,register,2023-10-25,page_021,24
U04746,app_open,2023-10-25,page_039,41
U04746,browse,2023-10-25,page_067,193
U04747,register,2023-06-07,page_056,10
U04747,app_open,2023-06-07,page_055,17
U04747,browse,2023-06-07,page_057,207
U04747,add_to_cart,2023-06-07,page_036,50
U04747,share,2023-06-18,page_050,20
U04748,register,2024-03-20,page_038,5
U04748,app_open,2024-03-20,page_088,52
U04748,browse,2024-03-20,page_040,262
U04749,register,2024-07-03,page_008,12
U04750,register,2024-09-27,page_084,21
U04750,app_open,2024-09-27,page_081,15
U04750,browse,2024-09-27,page_095,271
U04751,register,2024-02-22,page_053,25
U04751,app_open,2024-02-22,page_007,57
U04751,browse,2024-02-22,page_059,41
U04751,add_to_cart,2024-02-22,page_032,54
U04752,register,2023-02-23,page_079,25
U04753,register,2024-04-23,page_011,25
U04754,register,2024-05-15,page_083,19
U04754,app_open,2024-05-15,page_047,33
U04754,browse,2024-05-15,page_057,81
U04755,register,2024-01-12,page_097,16
U04755,app_open,2024-01-12,page_032,28
U04755,browse,2024-01-12,page_019,88
U04755,share,2024-02-06,page_031,17
U04756,register,2023-07-20,page_060,28
U04756,app_open,2023-07-20,page_043,12
U04757,register,2024-08-03,page_074,5
U04757,app_open,2024-08-03,page_061,51
U04757,browse,2024-08-03,page_090,261
U04758,register,2023-09-03,page_066,6
U04758,app_open,2023-09-03,page_048,32
U04758,browse,2023-09-03,page_031,49
U04759,register,2024-04-20,page_040,15
U04759,app_open,2024-04-20,page_068,41
U04759,browse,2024-04-20,page_053,192
U04760,register,2023-03-08,page_005,24
U04760,app_open,2023-03-08,page_039,43
U04760,browse,2023-03-08,page_012,192
U04761,register,2023-08-26,page_057,24
U04761,app_open,2023-08-26,page_075,47
U04761,browse,2023-08-26,page_047,84
U04762,register,2024-12-15,page_026,18
U04763,register,2023-05-13,page_097,20
U04763,app_open,2023-05-13,page_002,14
U04763,browse,2023-05-13,page_040,92
U04763,add_to_cart,2023-05-13,page_089,20
U04764,register,2024-03-07,page_043,5
U04764,app_open,2024-03-07,page_086,33
U04765,register,2023-12-03,page_083,21
U04765,app_open,2023-12-03,page_035,55
U04766,register,2023-08-10,page_026,29
U04766,app_open,2023-08-10,page_099,20
U04767,register,2023-02-08,page_079,7
U04767,app_open,2023-02-08,page_002,21
U04768,register,2024-10-18,page_003,19
U04768,app_open,2024-10-18,page_025,14
U04768,browse,2024-10-18,page_017,42
U04768,add_to_cart,2024-10-18,page_080,88
U04769,register,2023-12-22,page_013,16
U04769,app_open,2023-12-22,page_019,50
U04769,browse,2023-12-22,page_058,138
U04769,share,2024-01-15,page_020,15
U04770,register,2024-06-19,page_011,16
U04770,app_open,2024-06-19,page_088,56
U04770,browse,2024-06-19,page_065,59
U04770,add_to_cart,2024-06-19,page_038,25
U04771,register,2023-05-16,page_064,17
U04771,app_open,2023-05-16,page_025,35
U04771,browse,2023-05-16,page_045,109
U04772,register,2024-05-09,page_094,7
U04772,app_open,2024-05-09,page_029,40
U04772,browse,2024-05-09,page_089,49
U04773,register,2023-10-19,page_007,24
U04774,register,2023-12-01,page_063,29
U04774,app_open,2023-12-01,page_066,21
U04775,register,2024-10-17,page_048,11
U04775,app_open,2024-10-17,page_040,12
U04775,browse,2024-10-17,page_041,117
U04776,register,2023-03-07,page_019,25
U04776,app_open,2023-03-07,page_066,30
U04776,browse,2023-03-07,page_022,115
U04777,register,2024-08-09,page_044,25
U04777,app_open,2024-08-09,page_041,37
U04778,register,2024-11-05,page_099,24
U04778,app_open,2024-11-05,page_039,34
U04779,register,2023-09-19,page_033,29
U04779,app_open,2023-09-19,page_062,27
U04779,browse,2023-09-19,page_014,255
U04779,add_to_cart,2023-09-19,page_061,21
U04780,register,2023-11-14,page_024,8
U04780,app_open,2023-11-14,page_084,44
U04780,browse,2023-11-14,page_049,164
U04781,register,2024-02-08,page_070,24
U04781,app_open,2024-02-08,page_065,26
U04781,browse,2024-02-08,page_018,183
U04782,register,2024-12-20,page_003,14
U04782,app_open,2024-12-20,page_034,16
U04782,browse,2024-12-20,page_026,205
U04782,share,2025-01-07,page_024,9
U04783,register,2023-01-04,page_040,21
U04783,app_open,2023-01-04,page_092,19
U04783,browse,2023-01-04,page_010,163
U04784,register,2024-04-25,page_040,16
U04784,app_open,2024-04-25,page_027,43
U04784,browse,2024-04-25,page_092,32
U04785,register,2023-01-19,page_086,18
U04785,app_open,2023-01-19,page_084,31
U04785,browse,2023-01-19,page_032,233
U04786,register,2024-12-03,page_011,20
U04786,app_open,2024-12-03,page_037,17
U04786,browse,2024-12-03,page_032,74
U04786,share,2024-12-20,page_094,26
U04787,register,2023-02-17,page_058,22
U04787,app_open,2023-02-17,page_078,48
U04787,browse,2023-02-17,page_074,63
U04788,register,2023-11-26,page_011,9
U04789,register,2023-03-07,page_066,28
U04789,app_open,2023-03-07,page_002,26
U04790,register,2023-10-03,page_012,27
U04790,app_open,2023-10-03,page_011,56
U04791,register,2023-08-25,page_031,13
U04791,app_open,2023-08-25,page_038,26
U04791,browse,2023-08-25,page_089,249
U04791,add_to_cart,2023-08-25,page_003,18
U04791,share,2023-09-06,page_027,10
U04792,register,2024-12-05,page_006,12
U04793,register,2023-10-12,page_012,16
U04793,app_open,2023-10-12,page_015,51
U04793,browse,2023-10-12,page_086,33
U04794,register,2024-06-06,page_048,12
U04794,app_open,2024-06-06,page_011,59
U04794,browse,2024-06-06,page_058,141
U04795,register,2023-08-18,page_072,26
U04795,app_open,2023-08-18,page_071,37
U04795,share,2023-09-10,page_057,22
U04796,register,2023-06-23,page_003,25
U04796,app_open,2023-06-23,page_042,15
U04797,register,2023-09-16,page_003,24
U04797,app_open,2023-09-16,page_009,58
U04797,browse,2023-09-16,page_064,288
U04798,register,2023-11-25,page_042,17
U04798,app_open,2023-11-25,page_076,50
U04799,register,2023-02-17,page_008,19
U04800,register,2024-01-07,page_089,7
U04800,app_open,2024-01-07,page_035,16
U04800,browse,2024-01-07,page_074,275
U04800,add_to_cart,2024-01-07,page_081,90
U04801,register,2024-10-10,page_013,15
U04801,app_open,2024-10-10,page_070,38
U04801,share,2024-10-29,page_045,27
U04802,register,2024-01-10,page_027,13
U04802,app_open,2024-01-10,page_063,59
U04802,browse,2024-01-10,page_078,70
U04802,add_to_cart,2024-01-10,page_026,18
U04803,register,2023-04-27,page_042,29
U04804,register,2023-11-09,page_042,8
U04804,app_open,2023-11-09,page_054,10
U04804,browse,2023-11-09,page_098,68
U04804,add_to_cart,2023-11-09,page_062,112
U04805,register,2024-04-17,page_072,8
U04805,app_open,2024-04-17,page_030,50
U04805,browse,2024-04-17,page_072,112
U04805,add_to_cart,2024-04-17,page_019,43
U04806,register,2024-11-05,page_023,24
U04806,app_open,2024-11-05,page_018,15
U04806,browse,2024-11-05,page_013,249
U04807,register,2023-05-06,page_022,27
U04807,app_open,2023-05-06,page_004,21
U04807,browse,2023-05-06,page_096,136
U04808,register,2023-02-27,page_093,12
U04808,app_open,2023-02-27,page_025,52
U04808,browse,2023-02-27,page_084,91
U04808,add_to_cart,2023-02-27,page_017,89
U04809,register,2024-02-11,page_072,11
U04810,register,2024-07-11,page_041,5
U04810,app_open,2024-07-11,page_031,13
U04810,browse,2024-07-11,page_042,65
U04811,register,2024-08-06,page_075,21
U04812,register,2024-01-19,page_001,14
U04812,app_open,2024-01-19,page_017,35
U04813,register,2023-03-25,page_033,14
U04813,app_open,2023-03-25,page_047,37
U04813,browse,2023-03-25,page_082,199
U04814,register,2024-04-09,page_067,7
U04814,app_open,2024-04-09,page_005,32
U04814,share,2024-04-14,page_010,19
U04815,register,2023-03-19,page_002,11
U04815,app_open,2023-03-19,page_078,41
U04815,browse,2023-03-19,page_061,118
U04816,register,2024-03-22,page_062,21
U04816,app_open,2024-03-22,page_013,43
U04816,browse,2024-03-22,page_054,34
U04817,register,2024-01-17,page_023,20
U04817,app_open,2024-01-17,page_084,57
U04817,browse,2024-01-17,page_078,86
U04817,add_to_cart,2024-01-17,page_058,48
U04818,register,2024-09-25,page_004,28
U04818,app_open,2024-09-25,page_075,47
U04818,browse,2024-09-25,page_072,180
U04818,share,2024-10-03,page_042,15
U04819,register,2023-08-22,page_047,27
U04819,app_open,2023-08-22,page_036,17
U04819,browse,2023-08-22,page_085,246
U04820,register,2024-02-09,page_055,5
U04820,app_open,2024-02-09,page_062,36
U04820,browse,2024-02-09,page_018,97
U04820,add_to_cart,2024-02-09,page_017,73
U04821,register,2023-03-09,page_050,9
U04821,app_open,2023-03-09,page_085,14
U04821,share,2023-03-10,page_045,17
U04822,register,2024-12-12,page_095,9
U04822,app_open,2024-12-12,page_054,13
U04823,register,2024-03-17,page_071,22
U04823,app_open,2024-03-17,page_039,24
U04823,share,2024-03-23,page_019,22
U04824,register,2023-09-24,page_009,22
U04824,app_open,2023-09-24,page_084,21
U04824,browse,2023-09-24,page_090,50
U04825,register,2023-08-06,page_091,9
U04825,app_open,2023-08-06,page_042,16
U04825,browse,2023-08-06,page_077,228
U04826,register,2023-09-15,page_036,24
U04826,app_open,2023-09-15,page_024,20
U04826,browse,2023-09-15,page_041,202
U04827,register,2024-12-18,page_048,7
U04827,app_open,2024-12-18,page_075,49
U04827,browse,2024-12-18,page_072,124
U04827,add_to_cart,2024-12-18,page_097,49
U04828,register,2024-10-28,page_021,23
U04828,app_open,2024-10-28,page_056,40
U04828,browse,2024-10-28,page_059,238
U04829,register,2023-11-24,page_045,27
U04829,app_open,2023-11-24,page_093,44
U04830,register,2024-02-13,page_016,14
U04830,app_open,2024-02-13,page_062,50
U04830,browse,2024-02-13,page_090,278
U04830,add_to_cart,2024-02-13,page_045,78
U04831,register,2024-01-22,page_013,13
U04831,app_open,2024-01-22,page_011,31
U04832,register,2024-01-27,page_075,21
U04832,app_open,2024-01-27,page_023,43
U04832,browse,2024-01-27,page_028,261
U04833,register,2024-04-12,page_075,16
U04833,app_open,2024-04-12,page_064,42
U04833,browse,2024-04-12,page_066,44
U04833,add_to_cart,2024-04-12,page_066,70
U04834,register,2024-09-24,page_030,12
U04834,app_open,2024-09-24,page_077,24
U04834,browse,2024-09-24,page_093,280
U04835,register,2024-06-12,page_035,19
U04836,register,2023-05-17,page_066,11
U04836,app_open,2023-05-17,page_021,11
U04836,browse,2023-05-17,page_035,274
U04836,add_to_cart,2023-05-17,page_083,74
U04837,register,2024-09-23,page_030,25
U04837,app_open,2024-09-23,page_069,34
U04837,browse,2024-09-23,page_015,63
U04838,register,2023-01-13,page_038,19
U04838,app_open,2023-01-13,page_053,29
U04838,browse,2023-01-13,page_012,154
U04838,share,2023-02-07,page_091,5
U04839,register,2023-10-03,page_079,23
U04839,app_open,2023-10-03,page_047,15
U04839,browse,2023-10-03,page_013,122
U04840,register,2023-06-16,page_012,17
U04840,app_open,2023-06-16,page_024,14
U04840,browse,2023-06-16,page_050,120
U04840,add_to_cart,2023-06-16,page_059,47
U04840,share,2023-06-17,page_048,13
U04841,register,2023-01-19,page_006,10
U04841,app_open,2023-01-19,page_052,47
U04842,register,2023-08-09,page_093,20
U04843,register,2024-11-20,page_080,11
U04844,register,2024-11-07,page_047,15
U04844,app_open,2024-11-07,page_065,12
U04844,browse,2024-11-07,page_058,225
U04844,add_to_cart,2024-11-07,page_053,63
U04845,register,2023-11-23,page_051,9
U04845,app_open,2023-11-23,page_068,24
U04845,browse,2023-11-23,page_015,36
U04846,register,2023-08-11,page_069,22
U04846,app_open,2023-08-11,page_072,36
U04846,browse,2023-08-11,page_035,244
U04847,register,2024-02-14,page_051,22
U04848,register,2023-04-20,page_073,13
U04848,app_open,2023-04-20,page_028,43
U04848,browse,2023-04-20,page_096,218
U04848,add_to_cart,2023-04-20,page_002,101
U04849,register,2023-09-08,page_065,9
U04849,app_open,2023-09-08,page_062,51
U04849,browse,2023-09-08,page_068,242
U04850,register,2024-03-27,page_048,25
U04850,app_open,2024-03-27,page_083,24
U04851,register,2024-08-06,page_089,14
U04851,app_open,2024-08-06,page_060,28
U04851,browse,2024-08-06,page_081,211
U04851,add_to_cart,2024-08-06,page_087,61
U04852,register,2024-04-16,page_056,7
U04852,app_open,2024-04-16,page_057,49
U04853,register,2024-02-28,page_001,10
U04853,app_open,2024-02-28,page_078,31
U04853,browse,2024-02-28,page_061,34
U04854,register,2024-03-22,page_086,7
U04854,app_open,2024-03-22,page_014,38
U04855,register,2024-09-12,page_094,26
U04856,register,2024-11-18,page_086,16
U04856,app_open,2024-11-18,page_026,59
U04856,browse,2024-11-18,page_042,120
U04857,register,2024-12-11,page_065,25
U04857,app_open,2024-12-11,page_014,12
U04858,register,2023-07-06,page_072,11
U04859,register,2023-03-09,page_071,28
U04859,app_open,2023-03-09,page_018,57
U04859,browse,2023-03-09,page_088,166
U04859,add_to_cart,2023-03-09,page_041,41
U04860,register,2024-03-02,page_026,20
U04861,register,2023-04-02,page_067,9
U04862,register,2023-06-12,page_028,22
U04862,app_open,2023-06-12,page_089,43
U04862,browse,2023-06-12,page_019,96
U04862,share,2023-07-09,page_028,5
U04863,register,2023-07-09,page_056,29
U04863,app_open,2023-07-09,page_089,38
U04863,browse,2023-07-09,page_049,109
U04863,add_to_cart,2023-07-09,page_023,50
U04863,share,2023-07-28,page_099,21
U04864,register,2023-06-22,page_046,14
U04864,app_open,2023-06-22,page_078,19
U04864,browse,2023-06-22,page_031,96
U04864,add_to_cart,2023-06-22,page_067,107
U04865,register,2023-05-26,page_097,5
U04865,app_open,2023-05-26,page_090,31
U04865,browse,2023-05-26,page_043,232
U04865,add_to_cart,2023-05-26,page_054,81
U04866,register,2023-04-10,page_017,19
U04866,app_open,2023-04-10,page_098,26
U04867,register,2024-08-04,page_041,10
U04867,app_open,2024-08-04,page_096,41
U04867,browse,2024-08-04,page_046,289
U04867,add_to_cart,2024-08-04,page_020,41
U04868,register,2023-05-17,page_021,25
U04868,app_open,2023-05-17,page_099,52
U04868,browse,2023-05-17,page_090,140
U04869,register,2024-06-03,page_014,7
U04869,app_open,2024-06-03,page_023,36
U04870,register,2024-11-13,page_091,8
U04871,register,2023-01-19,page_026,19
U04872,register,2024-11-22,page_029,6
U04872,app_open,2024-11-22,page_055,30
U04872,browse,2024-11-22,page_042,190
U04872,add_to_cart,2024-11-22,page_063,47
U04873,register,2023-02-04,page_009,23
U04873,app_open,2023-02-04,page_009,14
U04873,browse,2023-02-04,page_070,90
U04874,register,2024-04-16,page_083,18
U04875,register,2024-05-28,page_002,15
U04875,app_open,2024-05-28,page_024,14
U04875,browse,2024-05-28,page_097,200
U04876,register,2024-09-12,page_066,15
U04877,register,2023-02-24,page_066,7
U04877,app_open,2023-02-24,page_094,37
U04877,browse,2023-02-24,page_005,47
U04878,register,2023-10-06,page_048,8
U04878,app_open,2023-10-06,page_044,47
U04878,browse,2023-10-06,page_092,189
U04878,add_to_cart,2023-10-06,page_074,46
U04879,register,2023-12-12,page_056,23
U04879,app_open,2023-12-12,page_015,16
U04880,register,2024-05-18,page_068,5
U04880,app_open,2024-05-18,page_033,30
U04881,register,2023-04-03,page_088,22
U04881,app_open,2023-04-03,page_003,25
U04881,browse,2023-04-03,page_034,39
U04882,register,2024-05-23,page_065,26
U04882,app_open,2024-05-23,page_021,45
U04883,register,2023-09-25,page_047,20
U04883,app_open,2023-09-25,page_078,41
U04884,register,2024-10-12,page_072,19
U04885,register,2023-07-16,page_097,11
U04885,app_open,2023-07-16,page_090,19
U04885,browse,2023-07-16,page_095,70
U04885,add_to_cart,2023-07-16,page_023,70
U04886,register,2023-08-03,page_089,24
U04886,app_open,2023-08-03,page_054,16
U04886,browse,2023-08-03,page_026,187
U04887,register,2024-09-13,page_020,28
U04887,app_open,2024-09-13,page_021,20
U04887,browse,2024-09-13,page_053,158
U04887,add_to_cart,2024-09-13,page_054,79
U04888,register,2024-08-09,page_096,15
U04888,app_open,2024-08-09,page_081,29
U04888,browse,2024-08-09,page_009,253
U04889,register,2023-09-04,page_002,11
U04889,app_open,2023-09-04,page_013,42
U04889,browse,2023-09-04,page_069,82
U04890,register,2024-02-18,page_005,24
U04890,app_open,2024-02-18,page_093,27
U04890,browse,2024-02-18,page_010,138
U04890,share,2024-02-21,page_005,28
U04891,register,2023-01-19,page_017,22
U04891,app_open,2023-01-19,page_006,46
U04891,browse,2023-01-19,page_021,156
U04891,share,2023-02-06,page_025,23
U04892,register,2023-02-05,page_077,14
U04892,app_open,2023-02-05,page_091,27
U04892,browse,2023-02-05,page_018,269
U04892,share,2023-02-11,page_002,24
U04893,register,2024-10-14,page_080,5
U04893,app_open,2024-10-14,page_042,24
U04893,browse,2024-10-14,page_022,270
U04894,register,2023-09-20,page_076,25
U04894,app_open,2023-09-20,page_044,57
U04895,register,2024-08-15,page_082,22
U04895,app_open,2024-08-15,page_070,18
U04895,browse,2024-08-15,page_096,163
U04896,register,2024-08-01,page_060,15
U04896,app_open,2024-08-01,page_083,29
U04897,register,2024-07-04,page_002,5
U04897,app_open,2024-07-04,page_074,33
U04897,browse,2024-07-04,page_056,108
U04897,add_to_cart,2024-07-04,page_074,43
U04898,register,2024-02-01,page_015,18
U04898,app_open,2024-02-01,page_031,46
U04898,browse,2024-02-01,page_001,276
U04899,register,2023-05-10,page_018,17
U04899,app_open,2023-05-10,page_056,57
U04899,browse,2023-05-10,page_087,153
U04900,register,2023-09-17,page_061,27
U04900,app_open,2023-09-17,page_001,34
U04900,browse,2023-09-17,page_061,148
U04900,add_to_cart,2023-09-17,page_027,35
U04901,register,2024-02-28,page_041,21
U04902,register,2023-07-18,page_005,23
U04902,app_open,2023-07-18,page_075,59
U04902,browse,2023-07-18,page_078,70
U04902,add_to_cart,2023-07-18,page_008,24
U04903,register,2023-10-28,page_013,19
U04904,register,2023-04-14,page_015,20
U04904,app_open,2023-04-14,page_067,56
U04904,browse,2023-04-14,page_061,209
U04905,register,2023-03-28,page_049,21
U04905,app_open,2023-03-28,page_098,54
U04905,browse,2023-03-28,page_005,244
U04906,register,2024-11-22,page_053,26
U04906,app_open,2024-11-22,page_043,33
U04906,browse,2024-11-22,page_017,44
U04906,add_to_cart,2024-11-22,page_090,36
U04907,register,2023-11-10,page_056,26
U04907,app_open,2023-11-10,page_021,24
U04907,browse,2023-11-10,page_029,112
U04907,add_to_cart,2023-11-10,page_099,83
U04908,register,2023-08-09,page_037,5
U04908,app_open,2023-08-09,page_059,11
U04908,browse,2023-08-09,page_012,111
U04908,share,2023-08-22,page_054,14
U04909,register,2024-11-06,page_065,9
U04909,app_open,2024-11-06,page_062,23
U04909,browse,2024-11-06,page_021,54
U04910,register,2024-02-28,page_085,21
U04910,app_open,2024-02-28,page_033,55
U04910,browse,2024-02-28,page_046,122
U04911,register,2024-12-09,page_095,11
U04912,register,2024-02-08,page_016,20
U04912,app_open,2024-02-08,page_054,52
U04912,share,2024-02-26,page_032,17
U04913,register,2023-06-24,page_057,28
U04913,app_open,2023-06-24,page_030,55
U04913,browse,2023-06-24,page_044,261
U04913,add_to_cart,2023-06-24,page_054,109
U04914,register,2023-06-22,page_052,12
U04914,app_open,2023-06-22,page_022,30
U04915,register,2023-02-25,page_051,22
U04915,app_open,2023-02-25,page_010,54
U04915,browse,2023-02-25,page_091,267
U04915,add_to_cart,2023-02-25,page_011,81
U04916,register,2024-12-05,page_075,5
U04916,app_open,2024-12-05,page_095,11
U04916,browse,2024-12-05,page_076,105
U04916,add_to_cart,2024-12-05,page_069,64
U04917,register,2023-03-25,page_029,8
U04917,app_open,2023-03-25,page_017,32
U04917,browse,2023-03-25,page_074,127
U04917,add_to_cart,2023-03-25,page_021,45
U04918,register,2023-11-26,page_056,28
U04918,app_open,2023-11-26,page_006,58
U04918,browse,2023-11-26,page_074,125
U04919,register,2023-07-09,page_030,12
U04919,app_open,2023-07-09,page_059,18
U04919,browse,2023-07-09,page_091,44
U04920,register,2024-01-16,page_095,11
U04920,app_open,2024-01-16,page_084,43
U04920,browse,2024-01-16,page_002,91
U04920,add_to_cart,2024-01-16,page_016,81
U04921,register,2024-11-12,page_061,11
U04921,app_open,2024-11-12,page_040,25
U04921,browse,2024-11-12,page_073,267
U04921,add_to_cart,2024-11-12,page_092,59
U04922,register,2023-08-14,page_089,13
U04922,app_open,2023-08-14,page_065,33
U04922,browse,2023-08-14,page_089,92
U04923,register,2024-02-05,page_020,17
U04923,app_open,2024-02-05,page_069,36
U04923,browse,2024-02-05,page_026,57
U04924,register,2023-10-22,page_006,12
U04924,app_open,2023-10-22,page_061,46
U04924,browse,2023-10-22,page_017,244
U04924,add_to_cart,2023-10-22,page_058,84
U04925,register,2024-12-14,page_094,22
U04926,register,2024-11-17,page_091,10
U04926,app_open,2024-11-17,page_081,45
U04926,browse,2024-11-17,page_084,252
U04926,add_to_cart,2024-11-17,page_044,57
U04927,register,2023-04-24,page_006,20
U04927,app_open,2023-04-24,page_042,17
U04928,register,2024-03-11,page_083,28
U04928,app_open,2024-03-11,page_071,14
U04928,share,2024-03-15,page_075,23
U04929,register,2023-09-15,page_019,6
U04929,app_open,2023-09-15,page_015,39
U04929,browse,2023-09-15,page_086,241
U04930,register,2024-10-27,page_022,25
U04930,app_open,2024-10-27,page_095,10
U04930,browse,2024-10-27,page_059,210
U04931,register,2024-08-02,page_077,24
U04931,app_open,2024-08-02,page_010,13
U04931,browse,2024-08-02,page_028,109
U04932,register,2023-01-21,page_042,11
U04932,app_open,2023-01-21,page_091,54
U04932,browse,2023-01-21,page_077,46
U04932,share,2023-02-18,page_010,14
U04933,register,2024-12-20,page_065,27
U04934,register,2024-05-04,page_097,19
U04934,app_open,2024-05-04,page_054,19
U04934,browse,2024-05-04,page_074,251
U04934,add_to_cart,2024-05-04,page_034,44
U04935,register,2023-05-05,page_055,23
U04935,app_open,2023-05-05,page_034,24
U04935,browse,2023-05-05,page_063,35
U04935,share,2023-05-17,page_005,26
U04936,register,2024-02-01,page_060,19
U04936,app_open,2024-02-01,page_064,26
U04936,browse,2024-02-01,page_085,140
U04937,register,2023-02-22,page_074,10
U04937,app_open,2023-02-22,page_019,15
U04937,browse,2023-02-22,page_008,220
U04938,register,2023-10-05,page_013,13
U04938,app_open,2023-10-05,page_060,14
U04939,register,2023-09-13,page_021,18
U04939,app_open,2023-09-13,page_041,11
U04939,browse,2023-09-13,page_095,151
U04940,register,2024-11-21,page_041,8
U04940,app_open,2024-11-21,page_049,38
U04940,browse,2024-11-21,page_007,126
U04941,register,2024-01-28,page_055,26
U04941,app_open,2024-01-28,page_002,26
U04941,browse,2024-01-28,page_063,138
U04942,register,2023-09-14,page_031,22
U04942,app_open,2023-09-14,page_010,12
U04942,browse,2023-09-14,page_002,182
U04942,add_to_cart,2023-09-14,page_055,33
U04943,register,2024-05-03,page_028,22
U04943,app_open,2024-05-03,page_096,17
U04943,browse,2024-05-03,page_098,223
U04944,register,2024-06-12,page_098,20
U04944,app_open,2024-06-12,page_086,30
U04944,browse,2024-06-12,page_050,293
U04944,share,2024-07-07,page_030,5
U04945,register,2024-11-09,page_023,13
U04945,app_open,2024-11-09,page_014,47
U04945,browse,2024-11-09,page_058,204
U04945,share,2024-12-06,page_020,25
U04946,register,2024-04-13,page_062,14
U04947,register,2024-06-12,page_045,6
U04947,app_open,2024-06-12,page_055,10
U04947,browse,2024-06-12,page_069,185
U04947,share,2024-06-18,page_072,14
U04948,register,2024-10-02,page_062,10
U04948,app_open,2024-10-02,page_048,53
U04948,browse,2024-10-02,page_023,250
U04949,register,2024-07-01,page_072,10
U04949,app_open,2024-07-01,page_032,47
U04950,register,2023-06-18,page_079,20
U04950,app_open,2023-06-18,page_006,42
U04950,browse,2023-06-18,page_090,212
U04951,register,2023-03-22,page_070,21
U04951,app_open,2023-03-22,page_043,33
U04951,browse,2023-03-22,page_007,209
U04951,add_to_cart,2023-03-22,page_040,26
U04952,register,2023-06-04,page_059,29
U04952,app_open,2023-06-04,page_001,23
U04952,browse,2023-06-04,page_032,45
U04952,add_to_cart,2023-06-04,page_091,100
U04953,register,2024-05-23,page_031,23
U04954,register,2024-06-22,page_022,25
U04954,app_open,2024-06-22,page_067,21
U04954,browse,2024-06-22,page_037,130
U04955,register,2023-07-02,page_037,22
U04955,app_open,2023-07-02,page_005,17
U04955,browse,2023-07-02,page_097,279
U04956,register,2024-03-22,page_030,19
U04956,app_open,2024-03-22,page_026,37
U04956,browse,2024-03-22,page_034,183
U04956,share,2024-04-07,page_065,27
U04957,register,2024-05-06,page_084,21
U04957,app_open,2024-05-06,page_060,32
U04957,browse,2024-05-06,page_032,287
U04958,register,2023-08-08,page_023,13
U04958,app_open,2023-08-08,page_014,38
U04958,browse,2023-08-08,page_055,231
U04958,share,2023-08-14,page_089,16
U04959,register,2023-07-04,page_037,9
U04959,app_open,2023-07-04,page_076,11
U04960,register,2024-08-05,page_079,12
U04960,app_open,2024-08-05,page_001,59
U04961,register,2023-08-14,page_069,25
U04961,app_open,2023-08-14,page_087,10
U04961,share,2023-08-30,page_057,23
U04962,register,2024-08-25,page_089,26
U04962,app_open,2024-08-25,page_028,49
U04962,browse,2024-08-25,page_036,30
U04962,add_to_cart,2024-08-25,page_074,119
U04963,register,2023-03-25,page_046,28
U04963,app_open,2023-03-25,page_062,18
U04963,browse,2023-03-25,page_020,34
U04964,register,2024-06-22,page_020,5
U04964,app_open,2024-06-22,page_008,43
U04964,browse,2024-06-22,page_016,229
U04965,register,2024-03-21,page_086,11
U04965,app_open,2024-03-21,page_086,12
U04965,browse,2024-03-21,page_028,53
U04965,share,2024-04-16,page_071,25
U04966,register,2023-05-15,page_039,5
U04966,app_open,2023-05-15,page_026,41
U04967,register,2023-06-10,page_072,20
U04967,app_open,2023-06-10,page_090,16
U04968,register,2024-11-20,page_047,7
U04968,app_open,2024-11-20,page_056,18
U04968,browse,2024-11-20,page_034,220
U04969,register,2024-03-20,page_084,18
U04969,app_open,2024-03-20,page_043,26
U04970,register,2023-09-04,page_063,21
U04970,app_open,2023-09-04,page_060,46
U04970,browse,2023-09-04,page_021,41
U04970,add_to_cart,2023-09-04,page_011,85
U04971,register,2023-08-26,page_019,10
U04971,app_open,2023-08-26,page_059,58
U04971,browse,2023-08-26,page_052,204
U04972,register,2024-01-17,page_075,20
U04972,app_open,2024-01-17,page_083,57
U04972,browse,2024-01-17,page_097,78
U04973,register,2023-04-02,page_076,24
U04973,app_open,2023-04-02,page_098,40
U04973,browse,2023-04-02,page_088,153
U04974,register,2023-05-02,page_037,21
U04974,app_open,2023-05-02,page_084,22
U04974,browse,2023-05-02,page_008,105
U04974,add_to_cart,2023-05-02,page_014,43
U04975,register,2024-04-23,page_057,12
U04975,app_open,2024-04-23,page_041,39
U04975,browse,2024-04-23,page_002,241
U04976,register,2024-11-15,page_068,16
U04977,register,2023-04-15,page_087,6
U04977,app_open,2023-04-15,page_080,14
U04977,browse,2023-04-15,page_022,279
U04978,register,2023-05-03,page_041,15
U04978,app_open,2023-05-03,page_089,34
U04978,browse,2023-05-03,page_072,225
U04979,register,2024-02-07,page_037,13
U04979,app_open,2024-02-07,page_031,26
U04979,browse,2024-02-07,page_093,246
U04979,add_to_cart,2024-02-07,page_056,54
U04980,register,2024-03-05,page_099,8
U04980,app_open,2024-03-05,page_037,22
U04981,register,2023-09-28,page_008,6
U04981,app_open,2023-09-28,page_063,48
U04981,browse,2023-09-28,page_025,293
U04982,register,2024-01-07,page_050,8
U04982,app_open,2024-01-07,page_088,59
U04982,browse,2024-01-07,page_034,269
U04983,register,2023-04-07,page_035,13
U04983,app_open,2023-04-07,page_040,48
U04983,browse,2023-04-07,page_084,97
U04983,add_to_cart,2023-04-07,page_086,15
U04984,register,2023-01-15,page_075,19
U04984,app_open,2023-01-15,page_084,38
U04984,browse,2023-01-15,page_063,81
U04985,register,2024-03-18,page_027,28
U04985,app_open,2024-03-18,page_052,56
U04986,register,2024-03-03,page_060,6
U04986,app_open,2024-03-03,page_097,29
U04986,browse,2024-03-03,page_009,71
U04987,register,2023-05-28,page_053,8
U04987,app_open,2023-05-28,page_013,56
U04988,register,2023-05-16,page_069,18
U04988,app_open,2023-05-16,page_080,13
U04989,register,2024-11-25,page_040,21
U04989,app_open,2024-11-25,page_021,19
U04989,browse,2024-11-25,page_082,51
U04989,add_to_cart,2024-11-25,page_010,24
U04990,register,2023-10-25,page_072,10
U04990,app_open,2023-10-25,page_043,25
U04990,browse,2023-10-25,page_048,165
U04991,register,2024-10-23,page_015,7
U04991,app_open,2024-10-23,page_072,56
U04992,register,2024-01-15,page_084,27
U04992,app_open,2024-01-15,page_074,11
U04992,browse,2024-01-15,page_093,186
U04993,register,2023-08-20,page_003,5
U04993,app_open,2023-08-20,page_029,53
U04994,register,2023-07-14,page_032,17
U04995,register,2023-06-08,page_077,21
U04995,app_open,2023-06-08,page_013,13
U04996,register,2024-03-17,page_036,10
U04996,app_open,2024-03-17,page_055,20
U04996,browse,2024-03-17,page_037,284
U04997,register,2023-05-12,page_097,5
U04997,app_open,2023-05-12,page_080,33
U04997,browse,2023-05-12,page_008,40
U04997,add_to_cart,2023-05-12,page_052,93
U04998,register,2024-01-03,page_023,22
U04998,app_open,2024-01-03,page_072,10
U04998,browse,2024-01-03,page_019,115
U04998,add_to_cart,2024-01-03,page_009,42
U04999,register,2024-07-26,page_083,9
U04999,app_open,2024-07-26,page_092,32
U04999,browse,2024-07-26,page_059,175
U04999,share,2024-08-05,page_092,9
U05000,register,2024-03-18,page_059,29
U05000,app_open,2024-03-18,page_058,34
U05000,browse,2024-03-18,page_078,188
U05001,register,2024-09-20,page_099,19
U05001,app_open,2024-09-20,page_094,24
U05001,browse,2024-09-20,page_071,272
U05001,share,2024-10-12,page_033,23
U05002,register,2023-07-28,page_008,12
U05002,app_open,2023-07-28,page_042,35
U05002,browse,2023-07-28,page_091,204
U05003,register,2024-02-24,page_010,18
U05003,app_open,2024-02-24,page_017,57
U05003,browse,2024-02-24,page_095,137
U05004,register,2024-08-19,page_064,15
U05004,app_open,2024-08-19,page_070,28
U05004,browse,2024-08-19,page_081,173
U05005,register,2024-12-11,page_029,25
U05005,app_open,2024-12-11,page_057,49
U05005,browse,2024-12-11,page_016,51
U05005,share,2025-01-05,page_065,8
U05006,register,2023-07-11,page_076,22
U05007,register,2023-08-24,page_060,18
U05007,app_open,2023-08-24,page_095,12
U05008,register,2023-10-24,page_068,14
U05009,register,2023-11-01,page_006,9
U05010,register,2024-08-10,page_062,25
U05010,app_open,2024-08-10,page_042,22
U05010,browse,2024-08-10,page_047,261
U05010,add_to_cart,2024-08-10,page_036,64
U05011,register,2023-07-22,page_055,6
U05011,app_open,2023-07-22,page_043,44
U05012,register,2023-03-19,page_097,28
U05013,register,2023-04-26,page_003,26
U05013,app_open,2023-04-26,page_081,44
U05014,register,2023-06-01,page_035,20
U05014,app_open,2023-06-01,page_014,55
U05014,browse,2023-06-01,page_067,115
U05014,share,2023-06-21,page_008,18
U05015,register,2023-04-25,page_008,22
U05015,app_open,2023-04-25,page_021,10
U05015,browse,2023-04-25,page_053,292
U05015,share,2023-05-10,page_063,10
U05016,register,2023-07-11,page_033,26
U05016,app_open,2023-07-11,page_018,48
U05017,register,2023-06-27,page_021,23
U05017,app_open,2023-06-27,page_019,58
U05018,register,2023-05-12,page_041,6
U05018,app_open,2023-05-12,page_072,59
U05018,browse,2023-05-12,page_082,102
U05018,add_to_cart,2023-05-12,page_014,36
U05019,register,2023-02-18,page_042,23
U05019,app_open,2023-02-18,page_005,43
U05019,browse,2023-02-18,page_043,188
U05020,register,2024-10-09,page_055,25
U05020,app_open,2024-10-09,page_004,32
U05020,share,2024-10-30,page_020,10
U05021,register,2024-02-12,page_084,22
U05021,app_open,2024-02-12,page_049,13
U05022,register,2023-09-01,page_040,19
U05022,app_open,2023-09-01,page_040,46
U05022,browse,2023-09-01,page_060,278
U05023,register,2023-07-07,page_080,27
U05023,app_open,2023-07-07,page_062,18
U05024,register,2023-10-02,page_079,20
U05024,app_open,2023-10-02,page_047,51
U05024,browse,2023-10-02,page_013,93
U05025,register,2023-04-08,page_064,27
U05025,app_open,2023-04-08,page_034,49
U05025,browse,2023-04-08,page_076,183
U05025,add_to_cart,2023-04-08,page_031,51
U05026,register,2024-10-27,page_016,20
U05026,app_open,2024-10-27,page_040,23
U05026,browse,2024-10-27,page_070,241
U05026,add_to_cart,2024-10-27,page_043,103
U05026,share,2024-11-16,page_076,12
U05027,register,2024-02-13,page_077,17
U05027,app_open,2024-02-13,page_027,51
U05027,browse,2024-02-13,page_034,181
U05028,register,2024-04-07,page_050,9
U05028,app_open,2024-04-07,page_033,22
U05028,browse,2024-04-07,page_039,159
U05029,register,2023-10-11,page_084,13
U05029,app_open,2023-10-11,page_063,28
U05030,register,2023-11-06,page_064,16
U05030,app_open,2023-11-06,page_078,55
U05030,browse,2023-11-06,page_078,133
U05030,share,2023-11-12,page_042,14
U05031,register,2023-12-10,page_076,19
U05031,app_open,2023-12-10,page_013,31
U05032,register,2023-09-22,page_070,22
U05033,register,2023-06-09,page_066,16
U05033,app_open,2023-06-09,page_001,19
U05033,browse,2023-06-09,page_070,44
U05034,register,2023-03-07,page_037,14
U05034,app_open,2023-03-07,page_059,44
U05035,register,2023-03-20,page_042,23
U05036,register,2023-08-22,page_058,8
U05036,app_open,2023-08-22,page_069,43
U05036,browse,2023-08-22,page_027,280
U05036,add_to_cart,2023-08-22,page_096,47
U05037,register,2024-10-08,page_045,10
U05037,app_open,2024-10-08,page_071,57
U05037,browse,2024-10-08,page_080,89
U05037,add_to_cart,2024-10-08,page_005,46
U05038,register,2024-01-02,page_048,21
U05039,register,2024-02-05,page_095,20
U05039,app_open,2024-02-05,page_093,23
U05040,register,2024-01-23,page_062,21
U05040,app_open,2024-01-23,page_093,46
U05040,browse,2024-01-23,page_091,108
U05040,share,2024-02-09,page_007,5
U05041,register,2024-01-19,page_097,12
U05042,register,2024-12-03,page_095,26
U05042,app_open,2024-12-03,page_020,50
U05042,browse,2024-12-03,page_034,145
U05043,register,2024-02-04,page_074,26
U05043,app_open,2024-02-04,page_079,24
U05043,browse,2024-02-04,page_035,133
U05043,add_to_cart,2024-02-04,page_002,104
U05044,register,2023-10-06,page_023,12
U05045,register,2023-06-02,page_083,17
U05046,register,2023-02-19,page_001,22
U05046,app_open,2023-02-19,page_082,55
U05046,browse,2023-02-19,page_062,285
U05046,share,2023-03-13,page_096,27
U05047,register,2023-03-20,page_062,10
U05047,app_open,2023-03-20,page_019,47
U05047,browse,2023-03-20,page_090,245
U05048,register,2023-04-04,page_058,9
U05048,app_open,2023-04-04,page_083,31
U05048,browse,2023-04-04,page_038,144
U05048,add_to_cart,2023-04-04,page_032,93
U05048,share,2023-04-19,page_075,13
U05049,register,2023-11-03,page_030,21
U05049,app_open,2023-11-03,page_056,38
U05049,browse,2023-11-03,page_055,50
U05050,register,2024-05-09,page_071,21
U05050,app_open,2024-05-09,page_096,50
U05050,browse,2024-05-09,page_013,270
U05050,add_to_cart,2024-05-09,page_081,30
U05051,register,2024-02-02,page_056,13
U05051,app_open,2024-02-02,page_013,43
U05051,browse,2024-02-02,page_063,149
U05051,add_to_cart,2024-02-02,page_084,81
U05052,register,2024-02-03,page_010,26
U05052,app_open,2024-02-03,page_057,12
U05053,register,2023-02-22,page_019,28
U05053,app_open,2023-02-22,page_001,59
U05053,browse,2023-02-22,page_047,201
U05054,register,2024-10-01,page_013,25
U05054,app_open,2024-10-01,page_099,46
U05054,share,2024-10-30,page_041,13
U05055,register,2023-04-10,page_096,20
U05055,app_open,2023-04-10,page_026,58
U05055,share,2023-05-05,page_085,24
U05056,register,2024-03-21,page_041,5
U05056,app_open,2024-03-21,page_018,27
U05057,register,2023-12-06,page_081,24
U05057,app_open,2023-12-06,page_064,44
U05057,browse,2023-12-06,page_061,158
U05057,add_to_cart,2023-12-06,page_005,31
U05058,register,2024-09-03,page_071,13
U05058,app_open,2024-09-03,page_075,25
U05058,browse,2024-09-03,page_034,37
U05059,register,2023-03-19,page_059,16
U05059,app_open,2023-03-19,page_029,29
U05059,browse,2023-03-19,page_014,233
U05060,register,2024-10-20,page_041,27
U05060,app_open,2024-10-20,page_002,16
U05060,browse,2024-10-20,page_040,264
U05060,add_to_cart,2024-10-20,page_002,56
U05061,register,2023-04-19,page_079,27
U05061,app_open,2023-04-19,page_057,10
U05061,browse,2023-04-19,page_067,41
U05062,register,2024-02-04,page_065,26
U05062,app_open,2024-02-04,page_098,22
U05062,browse,2024-02-04,page_092,152
U05063,register,2023-08-19,page_078,13
U05063,app_open,2023-08-19,page_034,33
U05063,browse,2023-08-19,page_075,223
U05064,register,2024-07-22,page_095,7
U05064,app_open,2024-07-22,page_010,41
U05064,browse,2024-07-22,page_045,275
U05064,add_to_cart,2024-07-22,page_031,48
U05065,register,2023-01-26,page_053,27
U05065,app_open,2023-01-26,page_081,45
U05065,browse,2023-01-26,page_069,136
U05065,share,2023-02-07,page_062,7
U05066,register,2024-10-15,page_052,9
U05067,register,2023-11-09,page_068,22
U05067,app_open,2023-11-09,page_086,42
U05067,browse,2023-11-09,page_022,155
U05068,register,2023-03-18,page_058,13
U05069,register,2024-07-16,page_050,29
U05069,app_open,2024-07-16,page_058,50
U05069,browse,2024-07-16,page_065,211
U05069,add_to_cart,2024-07-16,page_014,76
U05070,register,2024-04-28,page_031,24
U05070,app_open,2024-04-28,page_006,31
U05070,browse,2024-04-28,page_047,152
U05071,register,2023-03-18,page_018,20
U05071,app_open,2023-03-18,page_043,18
U05071,browse,2023-03-18,page_026,115
U05072,register,2024-01-27,page_074,18
U05073,register,2024-08-08,page_036,5
U05073,app_open,2024-08-08,page_093,43
U05073,browse,2024-08-08,page_045,99
U05074,register,2023-07-26,page_030,27
U05075,register,2024-12-23,page_028,24
U05075,app_open,2024-12-23,page_087,16
U05075,browse,2024-12-23,page_037,83
U05075,add_to_cart,2024-12-23,page_048,87
U05075,share,2025-01-15,page_086,22
U05076,register,2024-10-19,page_055,18
U05076,app_open,2024-10-19,page_070,30
U05076,browse,2024-10-19,page_059,112
U05077,register,2024-08-24,page_096,11
U05077,app_open,2024-08-24,page_055,53
U05078,register,2023-12-18,page_078,16
U05079,register,2024-03-12,page_034,16
U05080,register,2023-06-17,page_064,18
U05080,app_open,2023-06-17,page_084,33
U05080,browse,2023-06-17,page_081,282
U05080,add_to_cart,2023-06-17,page_050,40
U05080,share,2023-07-12,page_034,17
U05081,register,2024-11-04,page_027,6
U05081,app_open,2024-11-04,page_025,25
U05081,browse,2024-11-04,page_005,229
U05082,register,2023-12-17,page_081,13
U05083,register,2024-09-05,page_096,9
U05083,app_open,2024-09-05,page_082,51
U05084,register,2023-06-15,page_024,8
U05084,app_open,2023-06-15,page_055,45
U05084,browse,2023-06-15,page_015,157
U05084,share,2023-06-20,page_054,18
U05085,register,2023-08-20,page_037,14
U05085,app_open,2023-08-20,page_095,41
U05085,browse,2023-08-20,page_087,265
U05085,add_to_cart,2023-08-20,page_001,82
U05086,register,2024-04-13,page_028,24
U05086,app_open,2024-04-13,page_041,28
U05086,browse,2024-04-13,page_065,175
U05086,add_to_cart,2024-04-13,page_052,51
U05087,register,2024-11-27,page_043,8
U05087,app_open,2024-11-27,page_019,53
U05087,browse,2024-11-27,page_044,211
U05087,add_to_cart,2024-11-27,page_025,62
U05088,register,2024-03-20,page_097,20
U05089,register,2024-01-15,page_092,21
U05089,app_open,2024-01-15,page_006,17
U05089,browse,2024-01-15,page_038,288
U05089,add_to_cart,2024-01-15,page_042,37
U05089,share,2024-01-22,page_018,23
U05090,register,2023-02-24,page_079,21
U05090,app_open,2023-02-24,page_005,53
U05091,register,2024-09-26,page_082,29
U05092,register,2024-08-28,page_002,11
U05092,app_open,2024-08-28,page_093,42
U05093,register,2024-06-07,page_058,10
U05093,app_open,2024-06-07,page_047,57
U05093,browse,2024-06-07,page_089,132
U05094,register,2024-09-09,page_098,11
U05094,app_open,2024-09-09,page_060,54
U05095,register,2023-07-09,page_001,22
U05095,app_open,2023-07-09,page_042,15
U05095,browse,2023-07-09,page_037,195
U05096,register,2023-12-10,page_053,18
U05096,app_open,2023-12-10,page_071,31
U05096,browse,2023-12-10,page_082,245
U05096,add_to_cart,2023-12-10,page_018,37
U05097,register,2023-10-13,page_032,5
U05097,app_open,2023-10-13,page_036,31
U05097,browse,2023-10-13,page_052,287
U05098,register,2023-05-27,page_066,21
U05098,app_open,2023-05-27,page_024,54
U05098,share,2023-05-28,page_019,28
U05099,register,2024-10-08,page_030,28
U05100,register,2023-10-06,page_060,19
U05100,app_open,2023-10-06,page_034,51
U05100,browse,2023-10-06,page_005,254
U05100,add_to_cart,2023-10-06,page_038,104
U05100,share,2023-10-13,page_085,29
U05101,register,2023-11-04,page_055,17
U05101,app_open,2023-11-04,page_098,23
U05102,register,2023-02-06,page_046,25
U05102,app_open,2023-02-06,page_065,56
U05102,browse,2023-02-06,page_086,148
U05102,share,2023-02-07,page_098,28
U05103,register,2024-01-12,page_023,28
U05103,app_open,2024-01-12,page_050,25
U05103,browse,2024-01-12,page_007,83
U05104,register,2024-02-25,page_024,10
U05104,app_open,2024-02-25,page_008,23
U05104,browse,2024-02-25,page_058,76
U05104,add_to_cart,2024-02-25,page_079,48
U05105,register,2023-08-03,page_080,6
U05105,app_open,2023-08-03,page_068,55
U05106,register,2023-05-22,page_019,23
U05107,register,2023-07-18,page_097,23
U05108,register,2023-06-18,page_097,8
U05108,app_open,2023-06-18,page_068,52
U05109,register,2023-08-07,page_087,15
U05109,app_open,2023-08-07,page_038,20
U05109,browse,2023-08-07,page_096,283
U05110,register,2023-02-04,page_069,12
U05110,app_open,2023-02-04,page_082,21
U05110,browse,2023-02-04,page_053,175
U05111,register,2024-11-09,page_011,21
U05112,register,2024-04-19,page_019,9
U05113,register,2023-10-26,page_058,8
U05113,app_open,2023-10-26,page_038,21
U05113,browse,2023-10-26,page_092,212
U05113,add_to_cart,2023-10-26,page_012,64
U05114,register,2023-08-16,page_092,25
U05114,app_open,2023-08-16,page_093,33
U05114,browse,2023-08-16,page_046,144
U05115,register,2023-08-20,page_096,20
U05115,app_open,2023-08-20,page_048,24
U05116,register,2023-04-27,page_044,6
U05116,app_open,2023-04-27,page_048,33
U05117,register,2024-11-20,page_013,22
U05117,app_open,2024-11-20,page_017,46
U05117,browse,2024-11-20,page_016,164
U05117,add_to_cart,2024-11-20,page_059,60
U05118,register,2024-01-26,page_032,9
U05119,register,2023-10-23,page_093,20
U05120,register,2023-09-25,page_076,7
U05121,register,2023-12-26,page_067,28
U05121,app_open,2023-12-26,page_037,42
U05121,browse,2023-12-26,page_076,175
U05121,add_to_cart,2023-12-26,page_056,95
U05122,register,2024-03-22,page_082,18
U05122,app_open,2024-03-22,page_060,32
U05122,browse,2024-03-22,page_079,233
U05123,register,2023-01-12,page_083,24
U05124,register,2024-12-14,page_043,12
U05125,register,2024-10-23,page_041,26
U05125,app_open,2024-10-23,page_040,30
U05126,register,2023-02-03,page_035,26
U05126,app_open,2023-02-03,page_094,10
U05126,browse,2023-02-03,page_026,50
U05127,register,2023-06-19,page_031,25
U05128,register,2024-09-13,page_090,19
U05128,app_open,2024-09-13,page_052,30
U05128,browse,2024-09-13,page_072,172
U05129,register,2024-08-21,page_025,7
U05129,app_open,2024-08-21,page_027,12
U05129,browse,2024-08-21,page_092,261
U05130,register,2023-08-04,page_066,25
U05130,app_open,2023-08-04,page_093,19
U05130,browse,2023-08-04,page_029,148
U05130,add_to_cart,2023-08-04,page_056,64
U05130,share,2023-08-19,page_070,8
U05131,register,2024-07-28,page_012,9
U05131,app_open,2024-07-28,page_067,44
U05131,browse,2024-07-28,page_061,60
U05132,register,2023-07-07,page_081,24
U05132,app_open,2023-07-07,page_044,50
U05133,register,2023-01-19,page_065,9
U05133,app_open,2023-01-19,page_036,42
U05134,register,2024-05-08,page_019,24
U05134,app_open,2024-05-08,page_065,46
U05134,browse,2024-05-08,page_013,272
U05135,register,2024-09-15,page_085,7
U05135,app_open,2024-09-15,page_086,14
U05135,browse,2024-09-15,page_029,101
U05135,share,2024-10-02,page_078,29
U05136,register,2024-08-19,page_078,28
U05136,app_open,2024-08-19,page_069,55
U05136,browse,2024-08-19,page_091,41
U05136,add_to_cart,2024-08-19,page_037,118
U05137,register,2023-07-24,page_061,24
U05137,app_open,2023-07-24,page_064,39
U05137,browse,2023-07-24,page_060,207
U05137,add_to_cart,2023-07-24,page_043,51
U05137,share,2023-07-27,page_088,6
U05138,register,2024-12-13,page_050,5
U05138,app_open,2024-12-13,page_038,19
U05138,browse,2024-12-13,page_042,297
U05138,add_to_cart,2024-12-13,page_065,71
U05138,share,2024-12-16,page_001,19
U05139,register,2023-01-07,page_051,28
U05139,app_open,2023-01-07,page_073,14
U05139,browse,2023-01-07,page_073,293
U05139,share,2023-01-17,page_024,28
U05140,register,2023-05-18,page_032,23
U05140,app_open,2023-05-18,page_091,37
U05140,browse,2023-05-18,page_050,189
U05140,add_to_cart,2023-05-18,page_057,21
U05141,register,2023-08-15,page_045,7
U05141,app_open,2023-08-15,page_030,49
U05141,browse,2023-08-15,page_048,177
U05142,register,2024-06-06,page_087,19
U05142,app_open,2024-06-06,page_055,56
U05143,register,2023-05-22,page_008,9
U05143,app_open,2023-05-22,page_010,51
U05143,browse,2023-05-22,page_056,65
U05144,register,2023-11-26,page_067,29
U05144,app_open,2023-11-26,page_064,17
U05145,register,2023-08-09,page_001,12
U05145,app_open,2023-08-09,page_008,36
U05145,browse,2023-08-09,page_010,187
U05145,add_to_cart,2023-08-09,page_006,60
U05145,share,2023-08-18,page_057,14
U05146,register,2024-01-03,page_081,7
U05146,app_open,2024-01-03,page_009,43
U05146,browse,2024-01-03,page_037,256
U05146,add_to_cart,2024-01-03,page_074,78
U05147,register,2023-03-07,page_070,20
U05147,app_open,2023-03-07,page_024,38
U05147,browse,2023-03-07,page_058,137
U05148,register,2023-03-11,page_044,13
U05148,app_open,2023-03-11,page_041,20
U05149,register,2024-02-26,page_084,9
U05149,app_open,2024-02-26,page_001,23
U05149,browse,2024-02-26,page_086,74
U05150,register,2024-09-10,page_047,29
U05150,app_open,2024-09-10,page_006,49
U05150,browse,2024-09-10,page_090,254
U05151,register,2024-08-27,page_031,8
U05151,app_open,2024-08-27,page_025,51
U05152,register,2023-09-27,page_057,17
U05152,app_open,2023-09-27,page_044,30
U05152,browse,2023-09-27,page_079,31
U05152,add_to_cart,2023-09-27,page_083,21
U05153,register,2023-12-08,page_001,29
U05153,app_open,2023-12-08,page_068,43
U05153,browse,2023-12-08,page_010,198
U05153,share,2023-12-21,page_032,29
U05154,register,2023-12-09,page_031,11
U05154,app_open,2023-12-09,page_013,42
U05155,register,2024-10-18,page_043,14
U05155,app_open,2024-10-18,page_037,16
U05155,share,2024-10-28,page_036,20
U05156,register,2024-12-17,page_015,21
U05156,app_open,2024-12-17,page_012,46
U05156,browse,2024-12-17,page_049,131
U05156,add_to_cart,2024-12-17,page_074,22
U05156,share,2025-01-03,page_017,21
U05157,register,2023-11-21,page_070,28
U05157,app_open,2023-11-21,page_064,46
U05157,browse,2023-11-21,page_035,57
U05158,register,2023-02-23,page_059,5
U05159,register,2024-09-26,page_015,18
U05159,app_open,2024-09-26,page_032,15
U05159,browse,2024-09-26,page_079,161
U05160,register,2024-07-14,page_023,18
U05160,app_open,2024-07-14,page_006,26
U05160,browse,2024-07-14,page_063,70
U05160,add_to_cart,2024-07-14,page_054,29
U05160,share,2024-08-02,page_077,27
U05161,register,2024-11-28,page_016,22
U05161,app_open,2024-11-28,page_042,21
U05162,register,2023-03-06,page_074,16
U05162,app_open,2023-03-06,page_006,31
U05162,browse,2023-03-06,page_071,163
U05162,share,2023-04-01,page_045,13
U05163,register,2023-04-12,page_067,13
U05163,app_open,2023-04-12,page_069,10
U05163,browse,2023-04-12,page_092,55
U05164,register,2023-02-25,page_061,27
U05164,app_open,2023-02-25,page_073,41
U05165,register,2023-06-05,page_052,22
U05165,app_open,2023-06-05,page_009,40
U05166,register,2023-05-08,page_014,9
U05166,app_open,2023-05-08,page_021,14
U05166,share,2023-05-18,page_097,19
U05167,register,2023-05-24,page_018,7
U05167,app_open,2023-05-24,page_002,39
U05167,browse,2023-05-24,page_082,84
U05167,add_to_cart,2023-05-24,page_065,68
U05168,register,2023-08-01,page_009,6
U05168,app_open,2023-08-01,page_013,15
U05168,browse,2023-08-01,page_059,183
U05169,register,2024-08-09,page_082,10
U05170,register,2024-02-02,page_031,12
U05170,app_open,2024-02-02,page_011,35
U05170,browse,2024-02-02,page_016,161
U05171,register,2023-11-04,page_082,17
U05172,register,2023-04-17,page_068,27
U05172,app_open,2023-04-17,page_096,50
U05172,browse,2023-04-17,page_056,178
U05172,add_to_cart,2023-04-17,page_007,104
U05173,register,2024-04-07,page_078,20
U05173,app_open,2024-04-07,page_034,18
U05173,browse,2024-04-07,page_071,73
U05173,add_to_cart,2024-04-07,page_089,32
U05173,share,2024-04-15,page_062,5
U05174,register,2023-12-17,page_034,21
U05175,register,2023-05-08,page_051,9
U05175,app_open,2023-05-08,page_003,27
U05175,browse,2023-05-08,page_015,124
U05175,add_to_cart,2023-05-08,page_004,51
U05176,register,2024-08-05,page_064,27
U05176,app_open,2024-08-05,page_038,35
U05176,browse,2024-08-05,page_047,82
U05177,register,2023-11-26,page_060,18
U05177,app_open,2023-11-26,page_045,15
U05178,register,2024-07-21,page_010,6
U05179,register,2024-07-04,page_094,27
U05179,app_open,2024-07-04,page_021,14
U05179,browse,2024-07-04,page_081,261
U05179,add_to_cart,2024-07-04,page_012,76
U05179,share,2024-07-13,page_054,7
U05180,register,2023-11-19,page_066,24
U05180,app_open,2023-11-19,page_054,32
U05180,browse,2023-11-19,page_081,214
U05180,add_to_cart,2023-11-19,page_068,105
U05181,register,2023-05-02,page_032,16
U05181,app_open,2023-05-02,page_040,49
U05181,browse,2023-05-02,page_065,164
U05181,add_to_cart,2023-05-02,page_015,49
U05182,register,2024-07-26,page_008,20
U05182,app_open,2024-07-26,page_030,32
U05183,register,2024-05-21,page_023,6
U05184,register,2024-08-18,page_029,12
U05184,app_open,2024-08-18,page_082,39
U05184,browse,2024-08-18,page_083,290
U05184,share,2024-09-11,page_044,18
U05185,register,2024-03-16,page_081,23
U05185,app_open,2024-03-16,page_092,22
U05185,browse,2024-03-16,page_038,33
U05185,add_to_cart,2024-03-16,page_028,38
U05186,register,2023-12-08,page_092,29
U05186,app_open,2023-12-08,page_007,19
U05186,browse,2023-12-08,page_086,185
U05186,add_to_cart,2023-12-08,page_060,34
U05187,register,2023-06-24,page_071,21
U05187,app_open,2023-06-24,page_033,28
U05187,browse,2023-06-24,page_093,70
U05187,add_to_cart,2023-06-24,page_066,87
U05188,register,2024-06-11,page_034,7
U05188,app_open,2024-06-11,page_083,22
U05189,register,2023-06-17,page_081,19
U05189,app_open,2023-06-17,page_075,37
U05189,browse,2023-06-17,page_022,56
U05190,register,2023-10-19,page_056,13
U05190,app_open,2023-10-19,page_003,56
U05191,register,2024-03-16,page_045,9
U05192,register,2024-11-28,page_032,18
U05192,app_open,2024-11-28,page_052,55
U05192,browse,2024-11-28,page_089,146
U05193,register,2024-05-22,page_010,28
U05193,app_open,2024-05-22,page_071,26
U05193,browse,2024-05-22,page_003,232
U05193,add_to_cart,2024-05-22,page_020,63
U05193,share,2024-05-31,page_019,23
U05194,register,2023-07-19,page_083,19
U05194,app_open,2023-07-19,page_075,30
U05195,register,2023-08-08,page_010,28
U05195,app_open,2023-08-08,page_052,55
U05195,browse,2023-08-08,page_093,54
U05195,share,2023-08-17,page_050,6
U05196,register,2023-05-11,page_050,6
U05196,app_open,2023-05-11,page_062,11
U05196,browse,2023-05-11,page_085,212
U05196,add_to_cart,2023-05-11,page_049,89
U05197,register,2023-02-18,page_098,14
U05197,app_open,2023-02-18,page_096,37
U05198,register,2024-09-04,page_022,12
U05198,app_open,2024-09-04,page_061,59
U05198,browse,2024-09-04,page_078,254
U05198,add_to_cart,2024-09-04,page_027,40
U05199,register,2023-12-04,page_024,19
U05199,app_open,2023-12-04,page_066,27
U05199,share,2023-12-11,page_019,9
U05200,register,2023-05-17,page_063,20
U05201,register,2024-11-19,page_019,18
U05201,app_open,2024-11-19,page_054,44
U05202,register,2023-10-14,page_094,18
U05203,register,2024-03-26,page_077,21
U05203,app_open,2024-03-26,page_005,25
U05204,register,2024-02-16,page_059,12
U05204,app_open,2024-02-16,page_055,52
U05204,browse,2024-02-16,page_050,73
U05204,add_to_cart,2024-02-16,page_091,102
U05205,register,2023-08-09,page_065,15
U05205,app_open,2023-08-09,page_012,22
U05205,browse,2023-08-09,page_015,283
U05205,add_to_cart,2023-08-09,page_077,115
U05206,register,2023-08-11,page_064,26
U05206,app_open,2023-08-11,page_028,23
U05206,browse,2023-08-11,page_078,41
U05206,add_to_cart,2023-08-11,page_084,90
U05207,register,2023-12-14,page_043,28
U05207,app_open,2023-12-14,page_038,32
U05207,browse,2023-12-14,page_009,41
U05208,register,2024-06-23,page_014,9
U05208,app_open,2024-06-23,page_017,25
U05208,browse,2024-06-23,page_083,142
U05208,add_to_cart,2024-06-23,page_072,118
U05209,register,2023-12-04,page_090,24
U05209,app_open,2023-12-04,page_080,27
U05210,register,2024-01-21,page_050,20
U05210,app_open,2024-01-21,page_018,32
U05210,browse,2024-01-21,page_071,184
U05210,share,2024-02-11,page_036,14
U05211,register,2024-04-10,page_043,26
U05212,register,2024-09-11,page_071,7
U05212,app_open,2024-09-11,page_065,43
U05212,browse,2024-09-11,page_008,197
U05213,register,2023-12-18,page_048,20
U05213,app_open,2023-12-18,page_074,24
U05213,browse,2023-12-18,page_095,252
U05214,register,2023-02-19,page_026,15
U05214,app_open,2023-02-19,page_037,56
U05215,register,2023-05-28,page_001,17
U05216,register,2024-08-10,page_065,8
U05217,register,2024-04-12,page_015,5
U05217,app_open,2024-04-12,page_086,50
U05217,browse,2024-04-12,page_005,223
U05217,add_to_cart,2024-04-12,page_093,26
U05217,share,2024-04-27,page_060,23
U05218,register,2023-09-03,page_070,19
U05218,app_open,2023-09-03,page_029,56
U05218,browse,2023-09-03,page_032,154
U05218,add_to_cart,2023-09-03,page_070,63
U05218,share,2023-09-29,page_019,19
U05219,register,2023-01-05,page_090,21
U05219,app_open,2023-01-05,page_060,40
U05219,browse,2023-01-05,page_031,168
U05219,share,2023-01-23,page_082,19
U05220,register,2023-08-17,page_092,17
U05220,app_open,2023-08-17,page_066,17
U05220,browse,2023-08-17,page_073,221
U05221,register,2023-01-13,page_036,5
U05221,app_open,2023-01-13,page_042,17
U05222,register,2023-06-15,page_022,8
U05222,app_open,2023-06-15,page_026,17
U05222,browse,2023-06-15,page_077,50
U05223,register,2023-07-24,page_010,8
U05223,app_open,2023-07-24,page_025,38
U05223,browse,2023-07-24,page_023,73
U05224,register,2023-08-03,page_053,10
U05224,app_open,2023-08-03,page_076,36
U05224,browse,2023-08-03,page_024,214
U05224,share,2023-08-10,page_088,27
U05225,register,2024-03-04,page_078,26
U05225,app_open,2024-03-04,page_093,28
U05225,browse,2024-03-04,page_064,112
U05226,register,2023-09-11,page_099,22
U05226,app_open,2023-09-11,page_010,53
U05226,browse,2023-09-11,page_039,217
U05226,add_to_cart,2023-09-11,page_015,47
U05226,share,2023-10-07,page_068,16
U05227,register,2024-09-14,page_029,29
U05228,register,2023-09-12,page_074,16
U05228,app_open,2023-09-12,page_086,46
U05229,register,2023-05-21,page_009,28
U05229,app_open,2023-05-21,page_052,22
U05229,browse,2023-05-21,page_028,250
U05229,add_to_cart,2023-05-21,page_030,58
U05230,register,2023-06-19,page_014,9
U05230,app_open,2023-06-19,page_082,38
U05230,browse,2023-06-19,page_090,68
U05231,register,2023-05-01,page_014,20
U05231,app_open,2023-05-01,page_008,54
U05231,browse,2023-05-01,page_048,178
U05231,add_to_cart,2023-05-01,page_053,60
U05232,register,2023-10-14,page_086,27
U05232,app_open,2023-10-14,page_082,33
U05232,browse,2023-10-14,page_069,180
U05232,add_to_cart,2023-10-14,page_039,36
U05233,register,2024-11-17,page_044,13
U05233,app_open,2024-11-17,page_012,44
U05234,register,2023-11-04,page_072,16
U05234,app_open,2023-11-04,page_019,29
U05234,browse,2023-11-04,page_094,115
U05235,register,2024-06-19,page_088,19
U05235,app_open,2024-06-19,page_082,53
U05235,browse,2024-06-19,page_062,180
U05235,add_to_cart,2024-06-19,page_033,38
U05236,register,2023-04-12,page_013,11
U05236,app_open,2023-04-12,page_078,53
U05236,browse,2023-04-12,page_079,197
U05236,add_to_cart,2023-04-12,page_082,27
U05237,register,2024-02-18,page_071,28
U05237,app_open,2024-02-18,page_090,13
U05237,browse,2024-02-18,page_063,190
U05238,register,2023-01-27,page_089,18
U05238,app_open,2023-01-27,page_080,55
U05238,browse,2023-01-27,page_067,186
U05239,register,2024-08-25,page_016,29
U05239,app_open,2024-08-25,page_032,28
U05239,browse,2024-08-25,page_073,96
U05239,add_to_cart,2024-08-25,page_019,62
U05240,register,2023-11-27,page_012,28
U05240,app_open,2023-11-27,page_001,42
U05241,register,2024-07-01,page_011,24
U05241,app_open,2024-07-01,page_016,24
U05241,browse,2024-07-01,page_071,172
U05241,add_to_cart,2024-07-01,page_008,44
U05242,register,2023-01-03,page_094,26
U05242,app_open,2023-01-03,page_010,39
U05243,register,2024-02-08,page_033,28
U05243,app_open,2024-02-08,page_029,24
U05243,share,2024-02-17,page_072,14
U05244,register,2024-03-04,page_087,11
U05244,app_open,2024-03-04,page_026,18
U05244,browse,2024-03-04,page_067,277
U05244,add_to_cart,2024-03-04,page_092,52
U05245,register,2023-11-08,page_015,9
U05245,app_open,2023-11-08,page_071,47
U05245,browse,2023-11-08,page_044,131
U05246,register,2023-07-24,page_004,14
U05246,app_open,2023-07-24,page_076,45
U05246,browse,2023-07-24,page_056,73
U05246,add_to_cart,2023-07-24,page_060,48
U05247,register,2023-02-08,page_016,5
U05247,app_open,2023-02-08,page_063,27
U05247,browse,2023-02-08,page_020,33
U05248,register,2024-10-19,page_096,29
U05249,register,2024-11-09,page_018,14
U05249,app_open,2024-11-09,page_030,30
U05249,browse,2024-11-09,page_079,110
U05250,register,2024-04-08,page_073,7
U05250,app_open,2024-04-08,page_032,57
U05250,browse,2024-04-08,page_062,130
U05250,add_to_cart,2024-04-08,page_011,60
U05251,register,2023-08-11,page_040,14
U05251,app_open,2023-08-11,page_060,36
U05251,browse,2023-08-11,page_015,176
U05251,add_to_cart,2023-08-11,page_048,57
U05252,register,2023-07-21,page_014,17
U05252,app_open,2023-07-21,page_048,41
U05252,browse,2023-07-21,page_076,44
U05253,register,2023-02-21,page_050,6
U05253,app_open,2023-02-21,page_063,26
U05253,browse,2023-02-21,page_003,278
U05254,register,2023-05-18,page_079,26
U05254,app_open,2023-05-18,page_063,45
U05254,browse,2023-05-18,page_056,231
U05254,share,2023-06-03,page_050,25
U05255,register,2023-11-26,page_037,6
U05255,app_open,2023-11-26,page_067,26
U05255,browse,2023-11-26,page_048,190
U05255,add_to_cart,2023-11-26,page_097,82
U05256,register,2024-05-21,page_042,5
U05256,app_open,2024-05-21,page_019,37
U05256,browse,2024-05-21,page_084,79
U05257,register,2023-06-13,page_049,5
U05257,app_open,2023-06-13,page_013,46
U05257,browse,2023-06-13,page_071,240
U05257,add_to_cart,2023-06-13,page_096,112
U05258,register,2023-07-11,page_024,5
U05259,register,2024-06-06,page_037,25
U05259,app_open,2024-06-06,page_037,26
U05259,browse,2024-06-06,page_072,44
U05259,add_to_cart,2024-06-06,page_056,75
U05260,register,2023-12-24,page_086,9
U05260,app_open,2023-12-24,page_097,37
U05260,browse,2023-12-24,page_079,59
U05260,add_to_cart,2023-12-24,page_099,52
U05261,register,2024-10-03,page_022,22
U05261,app_open,2024-10-03,page_035,26
U05261,browse,2024-10-03,page_024,39
U05262,register,2024-07-11,page_069,10
U05262,app_open,2024-07-11,page_025,21
U05262,browse,2024-07-11,page_069,131
U05262,add_to_cart,2024-07-11,page_090,114
U05263,register,2024-11-02,page_096,26
U05263,app_open,2024-11-02,page_068,56
U05263,browse,2024-11-02,page_005,246
U05264,register,2023-03-23,page_060,21
U05264,app_open,2023-03-23,page_078,26
U05264,browse,2023-03-23,page_075,118
U05264,add_to_cart,2023-03-23,page_096,59
U05265,register,2024-05-05,page_094,14
U05266,register,2023-02-12,page_082,11
U05266,app_open,2023-02-12,page_073,28
U05267,register,2023-05-13,page_056,5
U05267,app_open,2023-05-13,page_028,13
U05267,browse,2023-05-13,page_057,226
U05267,add_to_cart,2023-05-13,page_082,119
U05268,register,2024-10-24,page_029,26
U05268,app_open,2024-10-24,page_089,10
U05268,browse,2024-10-24,page_045,114
U05269,register,2023-07-21,page_054,10
U05269,app_open,2023-07-21,page_044,13
U05269,browse,2023-07-21,page_011,216
U05270,register,2023-11-05,page_083,17
U05270,app_open,2023-11-05,page_067,24
U05270,browse,2023-11-05,page_045,243
U05271,register,2024-06-06,page_097,29
U05271,app_open,2024-06-06,page_055,23
U05272,register,2023-03-06,page_074,22
U05272,app_open,2023-03-06,page_077,44
U05272,browse,2023-03-06,page_050,227
U05273,register,2024-04-03,page_060,12
U05273,app_open,2024-04-03,page_057,29
U05273,browse,2024-04-03,page_011,41
U05273,add_to_cart,2024-04-03,page_075,94
U05274,register,2024-06-24,page_096,9
U05274,app_open,2024-06-24,page_076,59
U05274,browse,2024-06-24,page_086,268
U05275,register,2023-04-05,page_035,9
U05275,app_open,2023-04-05,page_026,19
U05275,browse,2023-04-05,page_072,223
U05275,add_to_cart,2023-04-05,page_085,30
U05276,register,2023-09-04,page_067,19
U05276,app_open,2023-09-04,page_051,15
U05276,browse,2023-09-04,page_079,172
U05277,register,2023-01-27,page_065,14
U05277,app_open,2023-01-27,page_081,59
U05277,browse,2023-01-27,page_032,138
U05277,add_to_cart,2023-01-27,page_081,68
U05278,register,2024-10-27,page_001,15
U05278,app_open,2024-10-27,page_014,37
U05278,browse,2024-10-27,page_025,260
U05278,add_to_cart,2024-10-27,page_011,47
U05279,register,2023-11-05,page_082,8
U05279,app_open,2023-11-05,page_057,32
U05279,browse,2023-11-05,page_058,120
U05280,register,2023-10-03,page_028,19
U05280,app_open,2023-10-03,page_053,53
U05280,browse,2023-10-03,page_048,254
U05281,register,2024-03-27,page_087,21
U05282,register,2024-02-05,page_033,9
U05283,register,2023-08-17,page_002,17
U05283,app_open,2023-08-17,page_001,28
U05284,register,2024-08-19,page_065,8
U05285,register,2023-04-02,page_086,8
U05285,app_open,2023-04-02,page_033,30
U05285,share,2023-04-11,page_043,28
U05286,register,2023-02-02,page_039,12
U05287,register,2023-03-28,page_041,6
U05287,app_open,2023-03-28,page_026,49
U05288,register,2023-09-05,page_067,7
U05288,app_open,2023-09-05,page_017,51
U05288,browse,2023-09-05,page_052,114
U05288,add_to_cart,2023-09-05,page_088,43
U05288,share,2023-09-10,page_014,13
U05289,register,2024-08-15,page_086,17
U05289,app_open,2024-08-15,page_031,56
U05289,browse,2024-08-15,page_016,238
U05290,register,2023-04-03,page_079,16
U05290,app_open,2023-04-03,page_083,13
U05290,browse,2023-04-03,page_030,74
U05290,add_to_cart,2023-04-03,page_023,78
U05291,register,2023-09-27,page_041,16
U05291,app_open,2023-09-27,page_090,48
U05291,browse,2023-09-27,page_015,211
U05292,register,2023-10-17,page_039,28
U05292,app_open,2023-10-17,page_068,59
U05293,register,2024-10-20,page_099,6
U05293,app_open,2024-10-20,page_084,32
U05293,browse,2024-10-20,page_039,69
U05293,add_to_cart,2024-10-20,page_082,57
U05293,share,2024-11-15,page_048,25
U05294,register,2023-08-23,page_072,28
U05294,app_open,2023-08-23,page_001,58
U05295,register,2024-07-05,page_042,21
U05295,app_open,2024-07-05,page_093,47
U05295,browse,2024-07-05,page_047,65
U05295,add_to_cart,2024-07-05,page_043,59
U05295,share,2024-07-26,page_018,7
U05296,register,2023-11-04,page_095,27
U05296,app_open,2023-11-04,page_024,41
U05296,browse,2023-11-04,page_050,64
U05297,register,2023-04-26,page_005,19
U05297,app_open,2023-04-26,page_093,22
U05297,browse,2023-04-26,page_076,84
U05297,add_to_cart,2023-04-26,page_049,70
U05298,register,2024-03-08,page_007,24
U05299,register,2024-01-20,page_061,21
U05299,app_open,2024-01-20,page_001,28
U05300,register,2023-12-02,page_076,20
U05300,app_open,2023-12-02,page_096,10
U05301,register,2023-01-14,page_062,14
U05301,app_open,2023-01-14,page_098,31
U05301,browse,2023-01-14,page_032,145
U05301,add_to_cart,2023-01-14,page_026,96
U05301,share,2023-01-28,page_017,18
U05302,register,2024-08-08,page_073,11
U05302,app_open,2024-08-08,page_069,10
U05302,browse,2024-08-08,page_078,128
U05302,add_to_cart,2024-08-08,page_018,108
U05302,share,2024-08-18,page_034,5
U05303,register,2024-04-05,page_022,12
U05304,register,2023-02-15,page_056,13
U05304,app_open,2023-02-15,page_064,53
U05304,browse,2023-02-15,page_089,42
U05304,add_to_cart,2023-02-15,page_060,45
U05305,register,2023-04-04,page_066,20
U05305,app_open,2023-04-04,page_065,56
U05305,browse,2023-04-04,page_010,71
U05305,add_to_cart,2023-04-04,page_037,105
U05306,register,2023-10-21,page_079,16
U05306,app_open,2023-10-21,page_061,20
U05307,register,2024-06-07,page_071,29
U05307,app_open,2024-06-07,page_093,28
U05307,browse,2024-06-07,page_060,201
U05307,add_to_cart,2024-06-07,page_063,22
U05308,register,2023-05-04,page_030,6
U05308,app_open,2023-05-04,page_013,41
U05309,register,2024-12-15,page_048,17
U05310,register,2024-06-17,page_046,28
U05311,register,2023-06-26,page_016,24
U05311,app_open,2023-06-26,page_089,43
U05311,browse,2023-06-26,page_095,249
U05311,add_to_cart,2023-06-26,page_052,17
U05312,register,2024-12-23,page_056,9
U05312,app_open,2024-12-23,page_035,50
U05312,browse,2024-12-23,page_083,41
U05312,share,2025-01-07,page_020,24
U05313,register,2023-01-03,page_050,9
U05313,app_open,2023-01-03,page_095,29
U05313,browse,2023-01-03,page_081,218
U05314,register,2023-09-05,page_095,20
U05314,app_open,2023-09-05,page_094,59
U05314,browse,2023-09-05,page_017,252
U05315,register,2023-06-27,page_022,15
U05316,register,2024-01-23,page_027,14
U05317,register,2023-03-23,page_045,19
U05317,app_open,2023-03-23,page_069,50
U05317,browse,2023-03-23,page_042,33
U05317,add_to_cart,2023-03-23,page_033,76
U05318,register,2023-03-22,page_048,19
U05318,app_open,2023-03-22,page_054,41
U05318,browse,2023-03-22,page_023,223
U05318,add_to_cart,2023-03-22,page_063,101
U05319,register,2024-12-23,page_013,17
U05319,app_open,2024-12-23,page_014,38
U05319,browse,2024-12-23,page_082,195
U05319,add_to_cart,2024-12-23,page_020,28
U05320,register,2023-05-12,page_048,5
U05320,app_open,2023-05-12,page_069,23
U05321,register,2024-10-20,page_017,9
U05321,app_open,2024-10-20,page_064,25
U05321,browse,2024-10-20,page_042,134
U05321,add_to_cart,2024-10-20,page_089,92
U05322,register,2024-06-07,page_099,10
U05322,app_open,2024-06-07,page_038,36
U05322,browse,2024-06-07,page_007,187
U05322,share,2024-06-23,page_061,22
U05323,register,2024-08-22,page_077,8
U05323,app_open,2024-08-22,page_030,16
U05323,browse,2024-08-22,page_026,133
U05324,register,2023-12-02,page_036,7
U05324,app_open,2023-12-02,page_020,40
U05324,browse,2023-12-02,page_074,88
U05324,add_to_cart,2023-12-02,page_040,37
U05325,register,2024-04-02,page_071,7
U05325,app_open,2024-04-02,page_071,40
U05325,browse,2024-04-02,page_021,239
U05325,share,2024-04-29,page_099,7
U05326,register,2024-10-08,page_051,10
U05326,app_open,2024-10-08,page_026,54
U05326,browse,2024-10-08,page_011,54
U05326,share,2024-10-31,page_059,5
U05327,register,2023-01-14,page_022,13
U05327,app_open,2023-01-14,page_083,41
U05327,browse,2023-01-14,page_035,284
U05328,register,2023-10-23,page_029,18
U05328,app_open,2023-10-23,page_050,36
U05329,register,2024-10-21,page_022,22
U05329,app_open,2024-10-21,page_095,16
U05329,browse,2024-10-21,page_047,259
U05329,share,2024-11-04,page_045,27
U05330,register,2024-01-10,page_026,15
U05330,app_open,2024-01-10,page_034,51
U05330,browse,2024-01-10,page_068,234
U05330,add_to_cart,2024-01-10,page_028,65
U05331,register,2024-01-28,page_086,22
U05331,app_open,2024-01-28,page_022,57
U05331,browse,2024-01-28,page_075,217
U05332,register,2024-01-24,page_031,7
U05332,app_open,2024-01-24,page_031,38
U05332,browse,2024-01-24,page_010,262
U05332,add_to_cart,2024-01-24,page_042,30
U05333,register,2023-01-05,page_074,9
U05333,app_open,2023-01-05,page_035,24
U05334,register,2024-04-06,page_059,12
U05334,app_open,2024-04-06,page_079,16
U05334,browse,2024-04-06,page_053,289
U05334,add_to_cart,2024-04-06,page_099,57
U05335,register,2023-04-10,page_050,11
U05335,app_open,2023-04-10,page_021,32
U05335,browse,2023-04-10,page_044,191
U05335,add_to_cart,2023-04-10,page_023,91
U05336,register,2023-11-28,page_006,15
U05336,app_open,2023-11-28,page_056,54
U05336,browse,2023-11-28,page_074,158
U05336,share,2023-12-02,page_018,21
U05337,register,2023-02-24,page_099,5
U05337,app_open,2023-02-24,page_053,23
U05338,register,2024-09-26,page_057,28
U05338,app_open,2024-09-26,page_044,29
U05338,browse,2024-09-26,page_072,240
U05338,add_to_cart,2024-09-26,page_050,86
U05339,register,2024-10-09,page_066,28
U05340,register,2024-02-02,page_060,24
U05340,app_open,2024-02-02,page_069,36
U05340,share,2024-02-25,page_092,21
U05341,register,2023-05-12,page_027,14
U05341,app_open,2023-05-12,page_065,26
U05341,browse,2023-05-12,page_027,33
U05342,register,2023-01-19,page_014,10
U05343,register,2024-10-24,page_081,19
U05343,app_open,2024-10-24,page_090,29
U05343,browse,2024-10-24,page_065,153
U05343,add_to_cart,2024-10-24,page_011,57
U05343,share,2024-11-03,page_009,26
U05344,register,2023-12-21,page_019,24
U05344,app_open,2023-12-21,page_039,54
U05344,browse,2023-12-21,page_040,86
U05344,share,2024-01-09,page_002,11
U05345,register,2023-12-20,page_085,23
U05346,register,2023-05-20,page_030,12
U05346,app_open,2023-05-20,page_088,29
U05346,browse,2023-05-20,page_010,91
U05346,add_to_cart,2023-05-20,page_088,43
U05346,share,2023-06-06,page_063,23
U05347,register,2023-02-14,page_002,6
U05347,app_open,2023-02-14,page_027,12
U05348,register,2024-05-24,page_090,16
U05348,app_open,2024-05-24,page_089,56
U05348,browse,2024-05-24,page_008,136
U05348,add_to_cart,2024-05-24,page_054,62
U05349,register,2024-03-17,page_016,25
U05349,app_open,2024-03-17,page_049,29
U05349,browse,2024-03-17,page_039,198
U05349,add_to_cart,2024-03-17,page_023,51
U05350,register,2023-02-21,page_006,15
U05350,app_open,2023-02-21,page_066,17
U05350,browse,2023-02-21,page_097,63
U05350,add_to_cart,2023-02-21,page_064,30
U05351,register,2023-08-10,page_020,8
U05351,app_open,2023-08-10,page_069,43
U05351,browse,2023-08-10,page_080,63
U05351,add_to_cart,2023-08-10,page_029,39
U05351,share,2023-08-22,page_066,11
U05352,register,2023-03-11,page_059,21
U05352,app_open,2023-03-11,page_082,40
U05352,browse,2023-03-11,page_045,130
U05353,register,2023-09-15,page_088,18
U05353,app_open,2023-09-15,page_071,28
U05353,browse,2023-09-15,page_072,137
U05353,add_to_cart,2023-09-15,page_081,96
U05354,register,2024-10-11,page_044,20
U05354,app_open,2024-10-11,page_009,13
U05354,browse,2024-10-11,page_002,184
U05354,add_to_cart,2024-10-11,page_008,87
U05354,share,2024-10-25,page_019,13
U05355,register,2023-03-26,page_058,20
U05355,app_open,2023-03-26,page_021,43
U05355,browse,2023-03-26,page_025,51
U05355,add_to_cart,2023-03-26,page_020,105
U05356,register,2023-07-28,page_078,11
U05356,app_open,2023-07-28,page_041,59
U05356,browse,2023-07-28,page_077,131
U05357,register,2024-11-07,page_018,10
U05357,app_open,2024-11-07,page_096,18
U05357,browse,2024-11-07,page_084,101
U05357,add_to_cart,2024-11-07,page_028,107
U05357,share,2024-11-30,page_061,25
U05358,register,2023-04-06,page_023,18
U05358,app_open,2023-04-06,page_050,33
U05358,browse,2023-04-06,page_045,214
U05358,add_to_cart,2023-04-06,page_068,95
U05359,register,2024-07-14,page_066,28
U05360,register,2023-04-19,page_064,24
U05360,app_open,2023-04-19,page_078,27
U05360,browse,2023-04-19,page_084,284
U05361,register,2024-07-17,page_076,10
U05361,app_open,2024-07-17,page_049,19
U05361,browse,2024-07-17,page_078,142
U05361,add_to_cart,2024-07-17,page_024,80
U05362,register,2024-09-28,page_042,19
U05362,app_open,2024-09-28,page_086,26
U05362,browse,2024-09-28,page_084,229
U05363,register,2024-07-12,page_094,13
U05363,app_open,2024-07-12,page_015,40
U05363,browse,2024-07-12,page_068,291
U05363,add_to_cart,2024-07-12,page_094,67
U05363,share,2024-07-22,page_013,23
U05364,register,2024-05-15,page_068,7
U05364,app_open,2024-05-15,page_096,21
U05364,browse,2024-05-15,page_021,281
U05365,register,2023-09-27,page_030,10
U05365,app_open,2023-09-27,page_081,34
U05365,browse,2023-09-27,page_071,67
U05365,add_to_cart,2023-09-27,page_093,58
U05366,register,2024-08-28,page_069,25
U05366,app_open,2024-08-28,page_003,12
U05366,browse,2024-08-28,page_025,292
U05366,add_to_cart,2024-08-28,page_096,90
U05367,register,2024-04-18,page_067,22
U05367,app_open,2024-04-18,page_070,57
U05367,browse,2024-04-18,page_042,148
U05367,share,2024-05-10,page_066,15
U05368,register,2024-06-04,page_019,11
U05369,register,2023-04-21,page_014,5
U05369,app_open,2023-04-21,page_004,25
U05369,browse,2023-04-21,page_091,78
U05370,register,2023-01-05,page_050,26
U05370,app_open,2023-01-05,page_031,21
U05370,browse,2023-01-05,page_046,281
U05371,register,2023-12-14,page_084,15
U05371,app_open,2023-12-14,page_045,38
U05371,browse,2023-12-14,page_082,204
U05372,register,2023-10-18,page_057,27
U05373,register,2024-09-10,page_019,8
U05373,app_open,2024-09-10,page_030,12
U05373,browse,2024-09-10,page_067,78
U05374,register,2024-04-06,page_071,11
U05374,app_open,2024-04-06,page_062,26
U05374,browse,2024-04-06,page_054,199
U05374,add_to_cart,2024-04-06,page_005,94
U05374,share,2024-04-14,page_077,24
U05375,register,2023-03-20,page_020,12
U05375,app_open,2023-03-20,page_077,17
U05375,browse,2023-03-20,page_047,44
U05375,share,2023-04-05,page_030,22
U05376,register,2024-03-05,page_075,5
U05376,app_open,2024-03-05,page_042,53
U05376,browse,2024-03-05,page_009,64
U05376,add_to_cart,2024-03-05,page_051,104
U05377,register,2023-06-25,page_051,23
U05377,app_open,2023-06-25,page_085,44
U05377,browse,2023-06-25,page_027,51
U05378,register,2024-10-12,page_061,23
U05378,app_open,2024-10-12,page_056,15
U05378,browse,2024-10-12,page_023,292
U05378,add_to_cart,2024-10-12,page_083,21
U05378,share,2024-11-07,page_009,13
U05379,register,2023-01-22,page_048,13
U05379,app_open,2023-01-22,page_008,27
U05379,browse,2023-01-22,page_085,119
U05380,register,2023-10-03,page_020,22
U05380,app_open,2023-10-03,page_050,50
U05381,register,2024-09-05,page_048,22
U05381,app_open,2024-09-05,page_024,25
U05381,browse,2024-09-05,page_094,252
U05382,register,2024-03-04,page_082,9
U05382,app_open,2024-03-04,page_085,11
U05382,browse,2024-03-04,page_058,291
U05382,add_to_cart,2024-03-04,page_068,95
U05382,share,2024-03-05,page_086,26
U05383,register,2024-07-17,page_071,12
U05384,register,2024-11-08,page_064,26
U05384,app_open,2024-11-08,page_068,19
U05384,browse,2024-11-08,page_074,234
U05385,register,2023-05-24,page_086,15
U05386,register,2023-04-24,page_099,6
U05386,app_open,2023-04-24,page_022,34
U05386,browse,2023-04-24,page_042,48
U05386,add_to_cart,2023-04-24,page_041,23
U05387,register,2024-07-24,page_071,7
U05387,app_open,2024-07-24,page_041,29
U05387,share,2024-08-14,page_033,23
U05388,register,2024-10-09,page_034,12
U05388,app_open,2024-10-09,page_017,21
U05388,browse,2024-10-09,page_096,254
U05388,share,2024-11-05,page_066,26
U05389,register,2024-01-21,page_069,24
U05389,app_open,2024-01-21,page_009,27
U05390,register,2024-05-08,page_052,15
U05390,app_open,2024-05-08,page_067,51
U05390,browse,2024-05-08,page_046,68
U05391,register,2024-07-11,page_070,27
U05391,app_open,2024-07-11,page_029,44
U05391,browse,2024-07-11,page_073,274
U05391,add_to_cart,2024-07-11,page_052,113
U05392,register,2024-09-14,page_079,12
U05392,app_open,2024-09-14,page_068,44
U05392,browse,2024-09-14,page_036,225
U05393,register,2024-06-23,page_064,22
U05393,app_open,2024-06-23,page_093,10
U05394,register,2023-05-28,page_075,23
U05394,app_open,2023-05-28,page_030,58
U05394,browse,2023-05-28,page_044,239
U05394,share,2023-06-22,page_055,9
U05395,register,2024-11-12,page_040,27
U05396,register,2024-04-16,page_010,14
U05396,app_open,2024-04-16,page_083,52
U05396,browse,2024-04-16,page_043,298
U05397,register,2024-02-07,page_037,25
U05397,app_open,2024-02-07,page_097,21
U05397,browse,2024-02-07,page_096,216
U05397,add_to_cart,2024-02-07,page_061,37
U05398,register,2024-09-21,page_019,7
U05398,app_open,2024-09-21,page_082,54
U05398,browse,2024-09-21,page_016,62
U05399,register,2023-09-03,page_020,19
U05399,app_open,2023-09-03,page_081,28
U05399,browse,2023-09-03,page_015,212
U05400,register,2024-02-24,page_041,22
U05400,app_open,2024-02-24,page_022,30
U05400,share,2024-03-20,page_009,15
U05401,register,2023-01-14,page_051,18
U05401,app_open,2023-01-14,page_037,29
U05401,browse,2023-01-14,page_082,133
U05402,register,2024-08-28,page_029,16
U05402,app_open,2024-08-28,page_003,58
U05402,browse,2024-08-28,page_043,76
U05403,register,2024-06-03,page_056,27
U05403,app_open,2024-06-03,page_061,18
U05403,browse,2024-06-03,page_012,127
U05403,add_to_cart,2024-06-03,page_087,65
U05404,register,2023-06-04,page_026,9
U05404,app_open,2023-06-04,page_096,40
U05405,register,2023-01-21,page_008,7
U05405,app_open,2023-01-21,page_056,32
U05405,browse,2023-01-21,page_017,117
U05405,add_to_cart,2023-01-21,page_018,98
U05406,register,2023-03-28,page_027,27
U05406,app_open,2023-03-28,page_057,58
U05406,browse,2023-03-28,page_013,31
U05407,register,2024-06-20,page_027,23
U05407,app_open,2024-06-20,page_053,26
U05407,browse,2024-06-20,page_022,162
U05407,add_to_cart,2024-06-20,page_030,44
U05408,register,2024-08-03,page_065,13
U05409,register,2024-09-21,page_083,8
U05410,register,2024-04-24,page_064,24
U05410,app_open,2024-04-24,page_035,29
U05410,share,2024-05-11,page_026,12
U05411,register,2023-07-27,page_060,22
U05411,app_open,2023-07-27,page_022,47
U05411,browse,2023-07-27,page_021,253
U05411,add_to_cart,2023-07-27,page_063,25
U05412,register,2023-09-23,page_013,8
U05412,app_open,2023-09-23,page_080,52
U05412,browse,2023-09-23,page_005,211
U05412,add_to_cart,2023-09-23,page_014,107
U05413,register,2023-02-03,page_025,27
U05413,app_open,2023-02-03,page_005,37
U05413,browse,2023-02-03,page_083,91
U05413,add_to_cart,2023-02-03,page_098,96
U05414,register,2024-10-01,page_088,12
U05414,app_open,2024-10-01,page_038,52
U05414,browse,2024-10-01,page_032,211
U05415,register,2024-12-23,page_016,5
U05415,app_open,2024-12-23,page_057,19
U05415,share,2024-12-24,page_003,27
U05416,register,2023-06-21,page_004,19
U05416,app_open,2023-06-21,page_090,59
U05417,register,2024-03-26,page_039,7
U05417,app_open,2024-03-26,page_041,49
U05417,browse,2024-03-26,page_092,130
U05417,share,2024-04-18,page_021,26
U05418,register,2023-05-13,page_028,9
U05418,app_open,2023-05-13,page_081,10
U05418,browse,2023-05-13,page_095,137
U05419,register,2023-08-24,page_059,23
U05419,app_open,2023-08-24,page_045,58
U05419,browse,2023-08-24,page_070,53
U05420,register,2024-01-19,page_090,29
U05420,app_open,2024-01-19,page_069,37
U05420,browse,2024-01-19,page_033,282
U05421,register,2023-09-03,page_093,13
U05421,app_open,2023-09-03,page_064,35
U05421,browse,2023-09-03,page_085,135
U05421,add_to_cart,2023-09-03,page_096,103
U05422,register,2024-02-24,page_059,19
U05422,app_open,2024-02-24,page_003,49
U05422,browse,2024-02-24,page_039,158
U05422,add_to_cart,2024-02-24,page_019,43
U05423,register,2023-07-13,page_063,13
U05424,register,2023-09-11,page_066,24
U05424,app_open,2023-09-11,page_097,19
U05424,browse,2023-09-11,page_031,157
U05424,add_to_cart,2023-09-11,page_080,59
U05425,register,2023-09-11,page_057,26
U05425,app_open,2023-09-11,page_056,48
U05425,browse,2023-09-11,page_053,118
U05425,share,2023-10-05,page_013,29
U05426,register,2024-02-15,page_003,28
U05426,app_open,2024-02-15,page_003,36
U05426,browse,2024-02-15,page_081,43
U05426,share,2024-03-01,page_001,24
U05427,register,2024-05-01,page_009,18
U05427,app_open,2024-05-01,page_021,44
U05427,browse,2024-05-01,page_006,184
U05427,add_to_cart,2024-05-01,page_073,89
U05427,share,2024-05-22,page_013,24
U05428,register,2023-03-23,page_050,24
U05429,register,2023-03-03,page_008,19
U05429,app_open,2023-03-03,page_092,35
U05429,browse,2023-03-03,page_013,219
U05429,add_to_cart,2023-03-03,page_098,115
U05430,register,2023-04-24,page_005,27
U05430,app_open,2023-04-24,page_061,49
U05431,register,2024-05-20,page_077,21
U05431,app_open,2024-05-20,page_087,39
U05431,browse,2024-05-20,page_076,245
U05432,register,2023-04-13,page_090,6
U05432,app_open,2023-04-13,page_004,37
U05433,register,2024-12-07,page_090,19
U05433,app_open,2024-12-07,page_031,26
U05433,browse,2024-12-07,page_056,84
U05433,add_to_cart,2024-12-07,page_010,63
U05434,register,2023-04-28,page_012,22
U05434,app_open,2023-04-28,page_071,58
U05434,browse,2023-04-28,page_006,37
U05434,add_to_cart,2023-04-28,page_013,87
U05434,share,2023-05-07,page_069,6
U05435,register,2023-08-11,page_095,14
U05435,app_open,2023-08-11,page_048,31
U05436,register,2024-07-26,page_096,10
U05436,app_open,2024-07-26,page_070,22
U05436,share,2024-08-07,page_059,19
U05437,register,2023-07-09,page_059,28
U05437,app_open,2023-07-09,page_073,21
U05438,register,2024-10-04,page_056,14
U05439,register,2023-04-01,page_063,25
U05440,register,2023-06-03,page_059,19
U05440,app_open,2023-06-03,page_014,45
U05440,browse,2023-06-03,page_063,216
U05440,share,2023-06-19,page_031,8
U05441,register,2023-03-01,page_060,17
U05441,app_open,2023-03-01,page_017,23
U05441,browse,2023-03-01,page_064,211
U05442,register,2023-07-09,page_092,11
U05442,app_open,2023-07-09,page_050,51
U05443,register,2023-03-23,page_059,11
U05443,app_open,2023-03-23,page_008,18
U05443,browse,2023-03-23,page_020,190
U05443,add_to_cart,2023-03-23,page_024,55
U05443,share,2023-04-20,page_012,10
U05444,register,2024-03-03,page_057,14
U05445,register,2023-11-18,page_048,6
U05445,app_open,2023-11-18,page_036,44
U05446,register,2023-03-27,page_001,15
U05446,app_open,2023-03-27,page_087,47
U05447,register,2024-08-07,page_036,13
U05447,app_open,2024-08-07,page_088,17
U05447,share,2024-09-03,page_040,17
U05448,register,2023-09-17,page_070,20
U05448,app_open,2023-09-17,page_061,32
U05449,register,2023-09-10,page_035,22
U05449,app_open,2023-09-10,page_018,49
U05450,register,2024-01-05,page_031,24
U05450,app_open,2024-01-05,page_076,39
U05450,browse,2024-01-05,page_011,248
U05451,register,2024-02-04,page_052,22
U05451,app_open,2024-02-04,page_014,49
U05452,register,2024-02-11,page_017,25
U05452,app_open,2024-02-11,page_053,30
U05453,register,2024-10-10,page_056,12
U05453,app_open,2024-10-10,page_055,28
U05453,browse,2024-10-10,page_076,141
U05454,register,2023-05-21,page_049,26
U05454,app_open,2023-05-21,page_049,23
U05455,register,2023-12-21,page_056,23
U05455,app_open,2023-12-21,page_011,21
U05455,browse,2023-12-21,page_042,261
U05455,share,2023-12-25,page_004,29
U05456,register,2024-03-24,page_072,29
U05456,app_open,2024-03-24,page_062,34
U05456,browse,2024-03-24,page_037,208
U05457,register,2024-01-26,page_045,10
U05457,app_open,2024-01-26,page_086,54
U05457,browse,2024-01-26,page_083,128
U05458,register,2023-08-26,page_065,17
U05458,app_open,2023-08-26,page_023,43
U05458,browse,2023-08-26,page_090,245
U05458,share,2023-09-11,page_053,27
U05459,register,2023-04-13,page_011,22
U05460,register,2024-03-09,page_053,19
U05460,app_open,2024-03-09,page_081,12
U05460,browse,2024-03-09,page_099,218
U05461,register,2024-12-28,page_076,11
U05461,app_open,2024-12-28,page_086,31
U05461,browse,2024-12-28,page_030,162
U05462,register,2023-06-18,page_088,23
U05462,app_open,2023-06-18,page_042,25
U05462,browse,2023-06-18,page_063,49
U05462,add_to_cart,2023-06-18,page_046,105
U05463,register,2023-09-22,page_079,26
U05463,app_open,2023-09-22,page_038,24
U05464,register,2024-12-06,page_053,23
U05465,register,2024-09-07,page_060,29
U05465,app_open,2024-09-07,page_064,12
U05465,share,2024-10-01,page_068,7
U05466,register,2023-12-04,page_015,7
U05466,app_open,2023-12-04,page_099,18
U05467,register,2023-11-03,page_095,29
U05468,register,2023-07-02,page_075,11
U05468,app_open,2023-07-02,page_041,14
U05468,browse,2023-07-02,page_002,249
U05468,add_to_cart,2023-07-02,page_017,16
U05468,share,2023-07-15,page_076,18
U05469,register,2023-10-03,page_068,10
U05469,app_open,2023-10-03,page_017,15
U05469,browse,2023-10-03,page_027,257
U05470,register,2024-05-11,page_021,7
U05470,app_open,2024-05-11,page_060,23
U05470,browse,2024-05-11,page_027,204
U05470,share,2024-05-17,page_096,9
U05471,register,2023-01-02,page_037,28
U05471,app_open,2023-01-02,page_003,49
U05471,browse,2023-01-02,page_083,295
U05471,add_to_cart,2023-01-02,page_041,24
U05472,register,2024-01-14,page_016,12
U05472,app_open,2024-01-14,page_064,40
U05472,share,2024-01-24,page_081,7
U05473,register,2024-05-02,page_017,19
U05473,app_open,2024-05-02,page_050,36
U05473,browse,2024-05-02,page_030,97
U05474,register,2024-05-19,page_015,28
U05474,app_open,2024-05-19,page_050,46
U05474,browse,2024-05-19,page_068,292
U05475,register,2023-09-24,page_057,22
U05475,app_open,2023-09-24,page_020,22
U05475,browse,2023-09-24,page_065,247
U05476,register,2023-12-16,page_032,13
U05476,app_open,2023-12-16,page_092,45
U05476,browse,2023-12-16,page_094,204
U05476,share,2023-12-25,page_060,29
U05477,register,2023-04-24,page_053,11
U05477,app_open,2023-04-24,page_057,18
U05478,register,2023-11-21,page_082,8
U05478,app_open,2023-11-21,page_085,27
U05479,register,2024-08-04,page_085,21
U05479,app_open,2024-08-04,page_001,53
U05479,browse,2024-08-04,page_059,219
U05480,register,2023-02-10,page_009,27
U05480,app_open,2023-02-10,page_011,33
U05480,browse,2023-02-10,page_065,108
U05480,add_to_cart,2023-02-10,page_099,34
U05480,share,2023-02-26,page_046,25
U05481,register,2023-09-25,page_082,19
U05481,app_open,2023-09-25,page_082,32
U05481,browse,2023-09-25,page_095,110
U05481,add_to_cart,2023-09-25,page_070,58
U05482,register,2024-05-12,page_070,10
U05482,app_open,2024-05-12,page_084,38
U05482,browse,2024-05-12,page_018,118
U05483,register,2023-04-09,page_013,11
U05484,register,2024-02-04,page_054,28
U05485,register,2023-02-18,page_047,18
U05485,app_open,2023-02-18,page_057,10
U05486,register,2024-01-10,page_043,19
U05486,app_open,2024-01-10,page_069,37
U05486,browse,2024-01-10,page_090,275
U05487,register,2024-02-09,page_097,20
U05488,register,2023-11-20,page_038,9
U05489,register,2023-01-12,page_055,16
U05489,app_open,2023-01-12,page_048,31
U05490,register,2024-05-17,page_046,22
U05490,app_open,2024-05-17,page_074,36
U05490,browse,2024-05-17,page_078,104
U05490,add_to_cart,2024-05-17,page_003,115
U05491,register,2023-08-17,page_092,19
U05491,app_open,2023-08-17,page_086,47
U05491,browse,2023-08-17,page_023,286
U05492,register,2024-09-25,page_046,12
U05492,app_open,2024-09-25,page_042,20
U05492,browse,2024-09-25,page_053,42
U05492,add_to_cart,2024-09-25,page_031,114
U05493,register,2024-08-27,page_031,22
U05493,app_open,2024-08-27,page_062,12
U05494,register,2024-09-13,page_050,12
U05495,register,2024-01-15,page_023,26
U05495,app_open,2024-01-15,page_064,25
U05495,browse,2024-01-15,page_004,47
U05496,register,2024-06-13,page_012,29
U05496,app_open,2024-06-13,page_093,32
U05496,browse,2024-06-13,page_098,252
U05496,add_to_cart,2024-06-13,page_087,42
U05496,share,2024-06-15,page_012,20
U05497,register,2023-08-07,page_064,6
U05497,app_open,2023-08-07,page_075,27
U05497,browse,2023-08-07,page_039,44
U05497,add_to_cart,2023-08-07,page_049,112
U05498,register,2024-11-19,page_068,23
U05498,app_open,2024-11-19,page_094,22
U05498,browse,2024-11-19,page_003,243
U05498,add_to_cart,2024-11-19,page_019,23
U05499,register,2023-10-12,page_081,15
U05500,register,2023-02-27,page_040,26
U05500,app_open,2023-02-27,page_096,30
U05500,browse,2023-02-27,page_076,267
U05500,share,2023-03-18,page_049,24
U05501,register,2024-02-10,page_021,13
U05501,app_open,2024-02-10,page_029,51
U05501,browse,2024-02-10,page_066,90
U05501,add_to_cart,2024-02-10,page_090,42
U05502,register,2024-05-13,page_005,7
U05502,app_open,2024-05-13,page_061,25
U05503,register,2023-01-23,page_004,28
U05503,app_open,2023-01-23,page_006,59
U05503,browse,2023-01-23,page_021,127
U05504,register,2024-03-01,page_087,11
U05505,register,2024-03-26,page_040,9
U05505,app_open,2024-03-26,page_036,17
U05505,browse,2024-03-26,page_035,60
U05505,add_to_cart,2024-03-26,page_029,108
U05506,register,2024-08-15,page_013,25
U05506,app_open,2024-08-15,page_001,36
U05506,browse,2024-08-15,page_041,196
U05506,add_to_cart,2024-08-15,page_021,29
U05507,register,2024-02-13,page_033,12
U05507,app_open,2024-02-13,page_011,11
U05507,browse,2024-02-13,page_073,154
U05508,register,2023-02-08,page_043,22
U05509,register,2023-09-19,page_089,22
U05509,app_open,2023-09-19,page_060,55
U05510,register,2024-07-23,page_017,24
U05511,register,2023-09-23,page_028,6
U05511,app_open,2023-09-23,page_095,51
U05511,browse,2023-09-23,page_070,79
U05511,add_to_cart,2023-09-23,page_073,31
U05512,register,2023-07-14,page_075,29
U05512,app_open,2023-07-14,page_077,52
U05512,browse,2023-07-14,page_084,47
U05513,register,2023-02-12,page_013,20
U05513,app_open,2023-02-12,page_087,37
U05513,browse,2023-02-12,page_058,183
U05513,add_to_cart,2023-02-12,page_073,49
U05514,register,2023-11-17,page_075,17
U05514,app_open,2023-11-17,page_009,50
U05514,browse,2023-11-17,page_083,249
U05515,register,2023-02-28,page_020,11
U05515,app_open,2023-02-28,page_011,27
U05515,browse,2023-02-28,page_055,270
U05515,share,2023-03-24,page_097,20
U05516,register,2024-10-28,page_058,14
U05516,app_open,2024-10-28,page_001,10
U05516,browse,2024-10-28,page_058,271
U05516,add_to_cart,2024-10-28,page_051,65
U05517,register,2023-12-26,page_014,10
U05518,register,2024-03-08,page_069,5
U05518,app_open,2024-03-08,page_084,10
U05518,browse,2024-03-08,page_092,239
U05518,add_to_cart,2024-03-08,page_076,107
U05519,register,2023-08-22,page_058,26
U05520,register,2024-06-14,page_037,17
U05520,app_open,2024-06-14,page_045,58
U05520,browse,2024-06-14,page_072,143
U05520,share,2024-06-15,page_099,29
U05521,register,2023-10-04,page_003,29
U05521,app_open,2023-10-04,page_059,48
U05521,browse,2023-10-04,page_003,276
U05521,add_to_cart,2023-10-04,page_051,52
U05522,register,2024-04-16,page_046,13
U05522,app_open,2024-04-16,page_023,14
U05522,browse,2024-04-16,page_027,55
U05523,register,2024-09-17,page_088,22
U05523,app_open,2024-09-17,page_016,43
U05524,register,2023-09-11,page_018,26
U05524,app_open,2023-09-11,page_071,31
U05524,browse,2023-09-11,page_072,162
U05525,register,2024-01-01,page_040,21
U05525,app_open,2024-01-01,page_068,52
U05525,browse,2024-01-01,page_069,30
U05525,share,2024-01-20,page_084,23
U05526,register,2023-07-11,page_096,12
U05526,app_open,2023-07-11,page_061,13
U05526,browse,2023-07-11,page_050,180
U05527,register,2023-03-02,page_078,25
U05527,app_open,2023-03-02,page_095,22
U05528,register,2024-02-10,page_075,24
U05528,app_open,2024-02-10,page_055,18
U05528,browse,2024-02-10,page_098,92
U05529,register,2024-12-20,page_012,22
U05529,app_open,2024-12-20,page_055,23
U05529,browse,2024-12-20,page_063,125
U05529,add_to_cart,2024-12-20,page_019,84
U05530,register,2024-05-08,page_083,6
U05530,app_open,2024-05-08,page_045,12
U05530,browse,2024-05-08,page_043,148
U05530,share,2024-05-22,page_017,6
U05531,register,2024-03-22,page_072,18
U05531,app_open,2024-03-22,page_011,40
U05531,browse,2024-03-22,page_005,238
U05532,register,2023-06-20,page_099,22
U05532,app_open,2023-06-20,page_006,15
U05532,browse,2023-06-20,page_056,260
U05532,add_to_cart,2023-06-20,page_067,84
U05533,register,2024-10-02,page_075,12
U05533,app_open,2024-10-02,page_082,39
U05533,browse,2024-10-02,page_056,203
U05534,register,2024-10-15,page_038,6
U05535,register,2024-04-02,page_057,18
U05536,register,2024-10-14,page_099,22
U05536,app_open,2024-10-14,page_016,44
U05536,browse,2024-10-14,page_020,181
U05536,add_to_cart,2024-10-14,page_013,90
U05537,register,2024-11-28,page_095,5
U05537,app_open,2024-11-28,page_048,56
U05538,register,2024-08-01,page_017,25
U05539,register,2023-09-17,page_072,5
U05539,app_open,2023-09-17,page_074,25
U05540,register,2024-09-14,page_026,25
U05540,app_open,2024-09-14,page_047,30
U05541,register,2024-11-10,page_022,26
U05541,app_open,2024-11-10,page_060,36
U05541,browse,2024-11-10,page_064,157
U05542,register,2024-01-13,page_052,18
U05542,app_open,2024-01-13,page_039,57
U05542,browse,2024-01-13,page_064,129
U05543,register,2024-10-19,page_083,10
U05544,register,2023-08-27,page_044,23
U05544,app_open,2023-08-27,page_009,14
U05544,browse,2023-08-27,page_044,99
U05545,register,2023-07-25,page_022,16
U05545,app_open,2023-07-25,page_076,39
U05545,browse,2023-07-25,page_094,200
U05546,register,2024-05-08,page_070,10
U05546,app_open,2024-05-08,page_016,24
U05546,browse,2024-05-08,page_019,108
U05546,add_to_cart,2024-05-08,page_083,94
U05547,register,2023-04-07,page_062,22
U05547,app_open,2023-04-07,page_060,21
U05548,register,2024-11-20,page_084,13
U05548,app_open,2024-11-20,page_036,32
U05548,browse,2024-11-20,page_037,206
U05548,add_to_cart,2024-11-20,page_072,39
U05548,share,2024-12-01,page_097,18
U05549,register,2024-12-28,page_091,27
U05549,app_open,2024-12-28,page_013,14
U05549,browse,2024-12-28,page_045,142
U05549,add_to_cart,2024-12-28,page_042,89
U05550,register,2024-05-05,page_068,22
U05551,register,2024-08-04,page_038,8
U05551,app_open,2024-08-04,page_064,21
U05551,browse,2024-08-04,page_054,209
U05551,add_to_cart,2024-08-04,page_005,68
U05552,register,2024-07-01,page_017,7
U05552,app_open,2024-07-01,page_013,54
U05553,register,2024-09-24,page_047,17
U05553,app_open,2024-09-24,page_005,40
U05553,browse,2024-09-24,page_051,96
U05554,register,2023-10-06,page_044,26
U05554,app_open,2023-10-06,page_002,15
U05554,browse,2023-10-06,page_081,117
U05554,add_to_cart,2023-10-06,page_047,92
U05555,register,2023-12-17,page_060,10
U05555,app_open,2023-12-17,page_071,17
U05555,share,2024-01-04,page_043,19
U05556,register,2023-05-22,page_098,18
U05556,app_open,2023-05-22,page_093,14
U05556,browse,2023-05-22,page_094,129
U05556,add_to_cart,2023-05-22,page_008,81
U05557,register,2023-09-09,page_013,21
U05557,app_open,2023-09-09,page_069,45
U05557,browse,2023-09-09,page_021,56
U05557,add_to_cart,2023-09-09,page_021,52
U05558,register,2023-05-19,page_090,6
U05558,app_open,2023-05-19,page_001,32
U05558,browse,2023-05-19,page_059,135
U05559,register,2024-10-27,page_019,23
U05559,app_open,2024-10-27,page_026,29
U05559,browse,2024-10-27,page_041,188
U05560,register,2024-12-28,page_024,14
U05560,app_open,2024-12-28,page_093,34
U05560,browse,2024-12-28,page_082,95
U05560,share,2025-01-15,page_006,29
U05561,register,2023-11-28,page_005,21
U05561,app_open,2023-11-28,page_078,28
U05561,browse,2023-11-28,page_012,82
U05561,add_to_cart,2023-11-28,page_089,80
U05562,register,2023-12-05,page_077,21
U05562,app_open,2023-12-05,page_076,24
U05563,register,2023-08-17,page_019,28
U05563,app_open,2023-08-17,page_059,51
U05563,browse,2023-08-17,page_068,287
U05563,share,2023-08-29,page_073,7
U05564,register,2023-08-02,page_011,19
U05564,app_open,2023-08-02,page_066,55
U05564,browse,2023-08-02,page_003,91
U05564,add_to_cart,2023-08-02,page_026,72
U05565,register,2024-11-18,page_081,11
U05565,app_open,2024-11-18,page_060,45
U05565,browse,2024-11-18,page_011,169
U05565,add_to_cart,2024-11-18,page_066,90
U05566,register,2024-07-21,page_084,17
U05566,app_open,2024-07-21,page_005,22
U05567,register,2023-10-07,page_033,18
U05567,app_open,2023-10-07,page_064,55
U05568,register,2023-09-12,page_065,16
U05568,app_open,2023-09-12,page_006,36
U05568,browse,2023-09-12,page_074,74
U05569,register,2023-12-05,page_056,21
U05569,app_open,2023-12-05,page_062,45
U05569,share,2023-12-09,page_078,24
U05570,register,2023-11-17,page_048,13
U05570,app_open,2023-11-17,page_087,38
U05571,register,2024-03-11,page_017,7
U05571,app_open,2024-03-11,page_062,51
U05571,browse,2024-03-11,page_020,235
U05571,add_to_cart,2024-03-11,page_038,108
U05572,register,2024-03-16,page_090,20
U05573,register,2024-07-21,page_063,20
U05573,app_open,2024-07-21,page_084,24
U05573,browse,2024-07-21,page_039,116
U05574,register,2023-12-03,page_021,24
U05574,app_open,2023-12-03,page_034,50
U05574,browse,2023-12-03,page_080,150
U05574,add_to_cart,2023-12-03,page_046,70
U05575,register,2023-08-24,page_081,17
U05575,app_open,2023-08-24,page_042,58
U05575,browse,2023-08-24,page_046,236
U05575,add_to_cart,2023-08-24,page_026,68
U05576,register,2023-11-01,page_072,6
U05576,app_open,2023-11-01,page_056,59
U05576,browse,2023-11-01,page_032,277
U05577,register,2024-12-04,page_004,19
U05578,register,2023-06-10,page_016,20
U05578,app_open,2023-06-10,page_032,13
U05579,register,2024-03-08,page_075,13
U05579,app_open,2024-03-08,page_024,50
U05579,browse,2024-03-08,page_002,94
U05580,register,2024-02-02,page_008,7
U05580,app_open,2024-02-02,page_084,44
U05580,browse,2024-02-02,page_045,274
U05580,share,2024-02-17,page_076,10
U05581,register,2024-12-23,page_005,24
U05581,app_open,2024-12-23,page_098,57
U05582,register,2024-08-28,page_031,20
U05582,app_open,2024-08-28,page_027,40
U05583,register,2024-09-06,page_087,16
U05583,app_open,2024-09-06,page_074,23
U05584,register,2023-03-02,page_008,29
U05584,app_open,2023-03-02,page_005,57
U05584,browse,2023-03-02,page_087,287
U05585,register,2024-02-18,page_016,17
U05585,app_open,2024-02-18,page_089,50
U05586,register,2024-03-04,page_028,12
U05587,register,2024-04-23,page_056,27
U05587,app_open,2024-04-23,page_054,12
U05587,browse,2024-04-23,page_087,196
U05587,add_to_cart,2024-04-23,page_014,109
U05588,register,2023-12-17,page_013,14
U05588,app_open,2023-12-17,page_053,17
U05588,browse,2023-12-17,page_066,247
U05589,register,2023-01-20,page_095,8
U05589,app_open,2023-01-20,page_010,16
U05589,browse,2023-01-20,page_032,133
U05590,register,2023-09-12,page_043,17
U05590,app_open,2023-09-12,page_075,25
U05591,register,2023-05-17,page_064,25
U05592,register,2023-03-27,page_008,8
U05592,app_open,2023-03-27,page_060,33
U05592,share,2023-04-22,page_016,24
U05593,register,2023-06-03,page_048,5
U05594,register,2024-10-06,page_080,15
U05594,app_open,2024-10-06,page_001,32
U05595,register,2024-09-26,page_047,17
U05595,app_open,2024-09-26,page_088,28
U05596,register,2024-01-21,page_039,6
U05596,app_open,2024-01-21,page_066,32
U05597,register,2024-07-15,page_003,6
U05597,app_open,2024-07-15,page_080,12
U05597,browse,2024-07-15,page_053,257
U05598,register,2023-07-13,page_006,5
U05598,app_open,2023-07-13,page_068,40
U05598,browse,2023-07-13,page_030,240
U05598,add_to_cart,2023-07-13,page_081,80
U05599,register,2024-08-02,page_045,28
U05599,app_open,2024-08-02,page_093,32
U05600,register,2024-07-19,page_003,16
U05600,app_open,2024-07-19,page_027,19
U05601,register,2023-03-03,page_014,13
U05601,app_open,2023-03-03,page_050,22
U05601,browse,2023-03-03,page_010,185
U05602,register,2023-06-13,page_011,7
U05602,app_open,2023-06-13,page_025,41
U05602,browse,2023-06-13,page_049,32
U05603,register,2024-02-06,page_033,18
U05603,app_open,2024-02-06,page_016,42
U05603,browse,2024-02-06,page_009,30
U05603,share,2024-03-02,page_014,24
U05604,register,2023-09-24,page_090,10
U05604,app_open,2023-09-24,page_032,26
U05604,browse,2023-09-24,page_084,95
U05605,register,2023-10-16,page_035,12
U05605,app_open,2023-10-16,page_090,53
U05605,browse,2023-10-16,page_073,249
U05606,register,2024-11-15,page_056,14
U05607,register,2023-12-28,page_080,22
U05607,app_open,2023-12-28,page_022,17
U05607,browse,2023-12-28,page_028,139
U05607,share,2023-12-29,page_075,12
U05608,register,2024-01-18,page_060,23
U05608,app_open,2024-01-18,page_076,12
U05608,browse,2024-01-18,page_073,97
U05608,add_to_cart,2024-01-18,page_010,36
U05609,register,2023-02-14,page_054,16
U05609,app_open,2023-02-14,page_069,31
U05609,browse,2023-02-14,page_006,37
U05610,register,2024-05-23,page_095,10
U05610,app_open,2024-05-23,page_090,20
U05610,browse,2024-05-23,page_066,294
U05610,add_to_cart,2024-05-23,page_039,80
U05610,share,2024-06-03,page_030,11
U05611,register,2024-11-01,page_038,20
U05611,app_open,2024-11-01,page_032,58
U05611,browse,2024-11-01,page_060,30
U05612,register,2024-10-11,page_007,29
U05613,register,2024-02-12,page_095,28
U05613,app_open,2024-02-12,page_037,22
U05613,browse,2024-02-12,page_052,150
U05614,register,2024-11-14,page_051,20
U05614,app_open,2024-11-14,page_042,48
U05614,browse,2024-11-14,page_052,245
U05614,add_to_cart,2024-11-14,page_084,88
U05615,register,2024-05-12,page_022,27
U05615,app_open,2024-05-12,page_006,16
U05616,register,2023-06-26,page_075,18
U05616,app_open,2023-06-26,page_057,33
U05616,browse,2023-06-26,page_044,253
U05616,add_to_cart,2023-06-26,page_044,90
U05617,register,2023-09-12,page_038,15
U05617,app_open,2023-09-12,page_058,23
U05617,browse,2023-09-12,page_084,250
U05618,register,2024-05-16,page_057,25
U05618,app_open,2024-05-16,page_051,23
U05618,browse,2024-05-16,page_021,281
U05618,add_to_cart,2024-05-16,page_077,55
U05619,register,2023-02-18,page_062,5
U05619,app_open,2023-02-18,page_068,11
U05619,browse,2023-02-18,page_056,65
U05619,add_to_cart,2023-02-18,page_003,102
U05620,register,2024-04-10,page_079,16
U05620,app_open,2024-04-10,page_049,46
U05620,browse,2024-04-10,page_071,292
U05620,share,2024-04-24,page_044,12
U05621,register,2024-07-04,page_070,24
U05622,register,2023-07-16,page_083,9
U05623,register,2024-07-23,page_019,13
U05624,register,2023-05-05,page_082,8
U05624,app_open,2023-05-05,page_021,17
U05624,browse,2023-05-05,page_096,215
U05624,add_to_cart,2023-05-05,page_040,92
U05625,register,2024-11-23,page_095,5
U05626,register,2023-07-25,page_046,12
U05626,app_open,2023-07-25,page_087,31
U05626,browse,2023-07-25,page_042,107
U05627,register,2024-05-01,page_056,29
U05627,app_open,2024-05-01,page_070,26
U05627,browse,2024-05-01,page_078,126
U05627,add_to_cart,2024-05-01,page_043,109
U05628,register,2023-03-16,page_072,28
U05628,app_open,2023-03-16,page_063,10
U05628,browse,2023-03-16,page_085,128
U05628,add_to_cart,2023-03-16,page_030,93
U05629,register,2024-10-02,page_013,17
U05629,app_open,2024-10-02,page_015,42
U05629,browse,2024-10-02,page_057,51
U05630,register,2023-01-21,page_027,6
U05630,app_open,2023-01-21,page_088,15
U05630,browse,2023-01-21,page_025,111
U05631,register,2023-07-10,page_078,10
U05631,app_open,2023-07-10,page_002,13
U05632,register,2023-03-18,page_045,26
U05632,app_open,2023-03-18,page_042,41
U05633,register,2023-03-28,page_007,9
U05633,app_open,2023-03-28,page_038,35
U05633,browse,2023-03-28,page_028,298
U05633,share,2023-04-25,page_038,19
U05634,register,2023-07-15,page_063,18
U05634,app_open,2023-07-15,page_010,57
U05634,browse,2023-07-15,page_030,239
U05634,share,2023-07-20,page_097,27
U05635,register,2023-01-24,page_051,12
U05636,register,2024-07-05,page_084,20
U05636,app_open,2024-07-05,page_039,31
U05637,register,2024-09-22,page_062,14
U05637,app_open,2024-09-22,page_066,29
U05638,register,2023-07-11,page_078,5
U05638,app_open,2023-07-11,page_006,57
U05638,browse,2023-07-11,page_030,80
U05638,share,2023-07-16,page_022,15
U05639,register,2023-01-22,page_014,12
U05639,app_open,2023-01-22,page_076,14
U05639,browse,2023-01-22,page_023,69
U05640,register,2023-02-14,page_042,7
U05640,app_open,2023-02-14,page_010,34
U05640,browse,2023-02-14,page_068,205
U05640,add_to_cart,2023-02-14,page_060,93
U05641,register,2023-10-03,page_041,14
U05641,app_open,2023-10-03,page_037,54
U05641,browse,2023-10-03,page_046,119
U05642,register,2024-02-05,page_061,16
U05642,app_open,2024-02-05,page_063,17
U05642,browse,2024-02-05,page_074,63
U05642,add_to_cart,2024-02-05,page_055,95
U05643,register,2024-05-07,page_075,15
U05644,register,2023-01-24,page_065,28
U05644,app_open,2023-01-24,page_012,58
U05644,browse,2023-01-24,page_060,39
U05645,register,2023-11-28,page_074,5
U05645,app_open,2023-11-28,page_043,13
U05645,browse,2023-11-28,page_009,97
U05645,add_to_cart,2023-11-28,page_095,118
U05645,share,2023-12-06,page_028,24
U05646,register,2023-06-16,page_069,18
U05646,app_open,2023-06-16,page_070,14
U05646,browse,2023-06-16,page_045,202
U05646,add_to_cart,2023-06-16,page_047,32
U05647,register,2024-02-17,page_049,17
U05647,app_open,2024-02-17,page_057,47
U05648,register,2024-03-14,page_030,29
U05648,app_open,2024-03-14,page_033,48
U05648,browse,2024-03-14,page_073,135
U05649,register,2023-07-10,page_014,23
U05649,app_open,2023-07-10,page_030,53
U05649,browse,2023-07-10,page_018,112
U05649,add_to_cart,2023-07-10,page_084,119
U05650,register,2024-07-07,page_007,23
U05650,app_open,2024-07-07,page_068,41
U05650,browse,2024-07-07,page_012,262
U05650,add_to_cart,2024-07-07,page_036,46
U05651,register,2024-03-27,page_070,8
U05651,app_open,2024-03-27,page_060,37
U05651,browse,2024-03-27,page_048,205
U05651,add_to_cart,2024-03-27,page_074,94
U05652,register,2024-12-26,page_013,17
U05652,app_open,2024-12-26,page_026,49
U05652,browse,2024-12-26,page_079,67
U05652,add_to_cart,2024-12-26,page_009,27
U05653,register,2024-02-15,page_069,7
U05653,app_open,2024-02-15,page_081,37
U05654,register,2024-07-21,page_042,13
U05654,app_open,2024-07-21,page_013,56
U05654,browse,2024-07-21,page_064,107
U05655,register,2024-04-02,page_073,29
U05655,app_open,2024-04-02,page_039,39
U05655,browse,2024-04-02,page_092,271
U05656,register,2023-02-01,page_029,29
U05656,app_open,2023-02-01,page_012,54
U05656,browse,2023-02-01,page_032,171
U05657,register,2024-04-19,page_092,21
U05657,app_open,2024-04-19,page_082,21
U05658,register,2023-04-03,page_008,8
U05659,register,2023-11-24,page_006,29
U05660,register,2024-05-05,page_074,5
U05660,app_open,2024-05-05,page_048,45
U05660,browse,2024-05-05,page_074,242
U05660,add_to_cart,2024-05-05,page_077,35
U05661,register,2024-11-09,page_025,5
U05661,app_open,2024-11-09,page_032,10
U05661,browse,2024-11-09,page_092,111
U05662,register,2023-01-25,page_087,24
U05662,app_open,2023-01-25,page_097,51
U05663,register,2023-09-04,page_003,16
U05663,app_open,2023-09-04,page_022,52
U05663,browse,2023-09-04,page_081,138
U05663,add_to_cart,2023-09-04,page_042,24
U05664,register,2024-04-15,page_079,10
U05665,register,2023-10-05,page_097,23
U05665,app_open,2023-10-05,page_002,45
U05665,share,2023-10-23,page_076,20
U05666,register,2024-04-06,page_037,26
U05666,app_open,2024-04-06,page_087,12
U05666,browse,2024-04-06,page_031,272
U05666,add_to_cart,2024-04-06,page_023,70
U05667,register,2024-04-04,page_034,27
U05668,register,2024-10-21,page_018,9
U05668,app_open,2024-10-21,page_031,49
U05668,browse,2024-10-21,page_029,166
U05669,register,2024-03-03,page_030,9
U05670,register,2024-07-09,page_043,10
U05670,app_open,2024-07-09,page_041,44
U05670,browse,2024-07-09,page_050,140
U05670,add_to_cart,2024-07-09,page_010,17
U05671,register,2023-05-16,page_040,5
U05671,app_open,2023-05-16,page_098,26
U05671,share,2023-06-14,page_048,17
U05672,register,2023-03-08,page_087,17
U05672,app_open,2023-03-08,page_061,32
U05673,register,2024-12-14,page_095,17
U05673,app_open,2024-12-14,page_009,42
U05673,browse,2024-12-14,page_085,278
U05673,add_to_cart,2024-12-14,page_052,22
U05674,register,2023-03-16,page_057,22
U05674,app_open,2023-03-16,page_024,28
U05674,browse,2023-03-16,page_031,51
U05675,register,2023-07-09,page_048,8
U05675,app_open,2023-07-09,page_027,46
U05675,browse,2023-07-09,page_099,184
U05676,register,2023-03-08,page_072,5
U05677,register,2023-12-17,page_045,29
U05678,register,2024-02-16,page_085,7
U05679,register,2024-07-28,page_061,22
U05679,app_open,2024-07-28,page_046,34
U05679,browse,2024-07-28,page_027,113
U05679,add_to_cart,2024-07-28,page_074,47
U05679,share,2024-08-20,page_023,18
U05680,register,2023-04-03,page_028,29
U05681,register,2024-01-09,page_078,27
U05681,app_open,2024-01-09,page_042,12
U05681,browse,2024-01-09,page_017,83
U05681,share,2024-01-19,page_032,17
U05682,register,2024-01-12,page_037,29
U05683,register,2024-09-15,page_035,26
U05683,app_open,2024-09-15,page_046,18
U05683,browse,2024-09-15,page_010,34
U05683,add_to_cart,2024-09-15,page_034,102
U05684,register,2023-03-03,page_034,17
U05684,app_open,2023-03-03,page_006,40
U05685,register,2023-02-26,page_073,8
U05685,app_open,2023-02-26,page_068,43
U05685,share,2023-03-10,page_083,24
U05686,register,2023-06-25,page_056,14
U05686,app_open,2023-06-25,page_005,11
U05686,browse,2023-06-25,page_081,37
U05687,register,2024-04-23,page_056,27
U05687,app_open,2024-04-23,page_011,40
U05687,browse,2024-04-23,page_073,77
U05687,add_to_cart,2024-04-23,page_042,20
U05688,register,2024-06-09,page_073,10
U05689,register,2023-03-23,page_017,15
U05689,app_open,2023-03-23,page_007,49
U05689,browse,2023-03-23,page_015,111
U05689,add_to_cart,2023-03-23,page_049,98
U05690,register,2024-11-16,page_035,20
U05690,app_open,2024-11-16,page_043,56
U05690,browse,2024-11-16,page_035,44
U05691,register,2023-04-14,page_004,11
U05691,app_open,2023-04-14,page_097,27
U05691,browse,2023-04-14,page_063,265
U05691,add_to_cart,2023-04-14,page_056,74
U05692,register,2023-04-28,page_004,15
U05692,app_open,2023-04-28,page_035,51
U05692,browse,2023-04-28,page_033,240
U05693,register,2024-06-18,page_036,9
U05693,app_open,2024-06-18,page_038,13
U05693,browse,2024-06-18,page_045,142
U05694,register,2024-06-28,page_031,29
U05694,app_open,2024-06-28,page_025,44
U05695,register,2024-09-03,page_002,9
U05695,app_open,2024-09-03,page_055,45
U05695,browse,2024-09-03,page_029,169
U05695,add_to_cart,2024-09-03,page_014,71
U05696,register,2023-07-13,page_049,21
U05696,app_open,2023-07-13,page_074,26
U05696,browse,2023-07-13,page_092,254
U05697,register,2023-07-22,page_016,11
U05697,app_open,2023-07-22,page_012,35
U05697,browse,2023-07-22,page_015,82
U05698,register,2024-01-24,page_077,20
U05698,app_open,2024-01-24,page_063,38
U05698,browse,2024-01-24,page_018,197
U05698,add_to_cart,2024-01-24,page_018,74
U05699,register,2023-04-16,page_053,18
U05699,app_open,2023-04-16,page_013,20
U05699,browse,2023-04-16,page_059,95
U05700,register,2024-03-13,page_065,13
U05700,app_open,2024-03-13,page_092,27
U05701,register,2023-10-10,page_039,7
U05701,app_open,2023-10-10,page_055,50
U05701,browse,2023-10-10,page_041,234
U05701,share,2023-11-06,page_017,9
U05702,register,2023-05-04,page_099,29
U05702,app_open,2023-05-04,page_001,43
U05702,browse,2023-05-04,page_073,114
U05702,add_to_cart,2023-05-04,page_033,112
U05703,register,2024-07-15,page_058,21
U05703,app_open,2024-07-15,page_004,44
U05703,browse,2024-07-15,page_055,104
U05704,register,2023-09-16,page_090,19
U05704,app_open,2023-09-16,page_053,39
U05704,browse,2023-09-16,page_008,254
U05704,add_to_cart,2023-09-16,page_067,59
U05705,register,2023-04-25,page_091,13
U05705,app_open,2023-04-25,page_025,52
U05705,browse,2023-04-25,page_083,240
U05705,add_to_cart,2023-04-25,page_085,57
U05706,register,2023-11-17,page_066,21
U05706,app_open,2023-11-17,page_032,53
U05706,browse,2023-11-17,page_035,189
U05706,share,2023-11-29,page_091,8
U05707,register,2024-09-01,page_016,10
U05707,app_open,2024-09-01,page_049,14
U05708,register,2023-09-12,page_063,24
U05708,app_open,2023-09-12,page_008,32
U05709,register,2024-11-12,page_034,24
U05709,app_open,2024-11-12,page_053,28
U05709,browse,2024-11-12,page_071,62
U05710,register,2023-10-09,page_008,19
U05710,app_open,2023-10-09,page_015,46
U05710,browse,2023-10-09,page_002,229
U05710,add_to_cart,2023-10-09,page_041,33
U05711,register,2024-09-26,page_092,11
U05711,app_open,2024-09-26,page_067,56
U05711,share,2024-10-08,page_053,25
U05712,register,2024-08-16,page_072,21
U05712,app_open,2024-08-16,page_061,25
U05712,browse,2024-08-16,page_096,257
U05712,share,2024-09-10,page_040,25
U05713,register,2024-01-03,page_055,13
U05714,register,2024-06-04,page_021,19
U05714,app_open,2024-06-04,page_040,28
U05714,browse,2024-06-04,page_056,154
U05714,add_to_cart,2024-06-04,page_045,84
U05715,register,2024-07-25,page_087,7
U05715,app_open,2024-07-25,page_078,42
U05715,browse,2024-07-25,page_095,151
U05715,add_to_cart,2024-07-25,page_097,77
U05716,register,2024-01-28,page_036,28
U05716,app_open,2024-01-28,page_075,27
U05717,register,2024-01-12,page_088,5
U05717,app_open,2024-01-12,page_060,48
U05717,browse,2024-01-12,page_090,289
U05717,add_to_cart,2024-01-12,page_009,16
U05718,register,2024-12-28,page_093,28
U05718,app_open,2024-12-28,page_041,13
U05718,browse,2024-12-28,page_014,241
U05719,register,2023-01-02,page_076,9
U05720,register,2023-03-22,page_002,16
U05720,app_open,2023-03-22,page_020,56
U05720,browse,2023-03-22,page_008,223
U05721,register,2024-09-27,page_076,23
U05721,app_open,2024-09-27,page_055,32
U05721,browse,2024-09-27,page_001,224
U05722,register,2024-09-22,page_086,12
U05723,register,2024-01-12,page_029,5
U05723,app_open,2024-01-12,page_001,48
U05724,register,2024-04-14,page_013,29
U05724,app_open,2024-04-14,page_007,51
U05725,register,2024-12-14,page_034,13
U05725,app_open,2024-12-14,page_060,55
U05725,browse,2024-12-14,page_041,231
U05725,add_to_cart,2024-12-14,page_007,75
U05726,register,2024-05-05,page_059,10
U05726,app_open,2024-05-05,page_037,50
U05726,browse,2024-05-05,page_065,55
U05726,add_to_cart,2024-05-05,page_088,73
U05727,register,2023-06-27,page_093,29
U05727,app_open,2023-06-27,page_014,46
U05727,browse,2023-06-27,page_014,271
U05728,register,2023-10-27,page_002,21
U05729,register,2024-10-09,page_027,23
U05729,app_open,2024-10-09,page_059,40
U05729,browse,2024-10-09,page_047,161
U05729,share,2024-10-25,page_009,23
U05730,register,2023-07-04,page_044,27
U05730,app_open,2023-07-04,page_025,43
U05730,browse,2023-07-04,page_081,69
U05730,add_to_cart,2023-07-04,page_015,51
U05731,register,2024-11-07,page_003,21
U05731,app_open,2024-11-07,page_022,25
U05731,browse,2024-11-07,page_086,279
U05732,register,2023-11-27,page_075,27
U05732,app_open,2023-11-27,page_022,46
U05732,browse,2023-11-27,page_007,281
U05732,add_to_cart,2023-11-27,page_042,82
U05733,register,2023-06-16,page_067,17
U05733,app_open,2023-06-16,page_084,34
U05733,browse,2023-06-16,page_074,205
U05733,share,2023-06-30,page_039,24
U05734,register,2024-04-24,page_030,8
U05734,app_open,2024-04-24,page_084,32
U05734,browse,2024-04-24,page_035,83
U05735,register,2024-12-13,page_035,12
U05736,register,2023-12-22,page_078,21
U05737,register,2023-02-21,page_072,26
U05737,app_open,2023-02-21,page_042,22
U05737,share,2023-03-21,page_068,23
U05738,register,2024-01-01,page_005,14
U05738,app_open,2024-01-01,page_064,35
U05739,register,2023-10-26,page_033,21
U05740,register,2023-10-28,page_060,25
U05740,app_open,2023-10-28,page_043,14
U05740,browse,2023-10-28,page_068,235
U05741,register,2023-11-09,page_077,14
U05741,app_open,2023-11-09,page_019,37
U05742,register,2023-04-17,page_024,6
U05742,app_open,2023-04-17,page_052,10
U05742,browse,2023-04-17,page_075,219
U05742,add_to_cart,2023-04-17,page_017,80
U05743,register,2024-07-10,page_002,16
U05743,app_open,2024-07-10,page_064,46
U05743,browse,2024-07-10,page_049,195
U05743,add_to_cart,2024-07-10,page_034,63
U05744,register,2024-01-02,page_040,14
U05744,app_open,2024-01-02,page_085,19
U05745,register,2023-09-07,page_016,22
U05745,app_open,2023-09-07,page_005,34
U05745,browse,2023-09-07,page_095,213
U05746,register,2023-10-12,page_069,13
U05746,app_open,2023-10-12,page_071,11
U05746,browse,2023-10-12,page_045,237
U05746,add_to_cart,2023-10-12,page_074,50
U05747,register,2024-10-20,page_051,10
U05747,app_open,2024-10-20,page_029,30
U05748,register,2023-11-04,page_076,16
U05748,app_open,2023-11-04,page_092,28
U05748,browse,2023-11-04,page_008,61
U05748,add_to_cart,2023-11-04,page_039,118
U05749,register,2023-12-12,page_010,26
U05749,app_open,2023-12-12,page_052,30
U05749,browse,2023-12-12,page_012,98
U05750,register,2024-11-08,page_054,5
U05751,register,2024-08-14,page_018,28
U05751,app_open,2024-08-14,page_049,18
U05751,browse,2024-08-14,page_023,130
U05752,register,2023-07-03,page_070,8
U05753,register,2024-07-14,page_007,11
U05754,register,2024-07-10,page_035,18
U05754,app_open,2024-07-10,page_005,45
U05754,browse,2024-07-10,page_041,272
U05754,add_to_cart,2024-07-10,page_014,116
U05755,register,2023-12-18,page_007,25
U05755,app_open,2023-12-18,page_053,29
U05755,browse,2023-12-18,page_092,182
U05755,add_to_cart,2023-12-18,page_040,97
U05756,register,2024-07-24,page_065,21
U05757,register,2024-06-13,page_078,26
U05757,app_open,2024-06-13,page_072,22
U05758,register,2024-05-21,page_006,29
U05758,app_open,2024-05-21,page_063,22
U05758,browse,2024-05-21,page_061,290
U05759,register,2024-12-06,page_015,15
U05759,app_open,2024-12-06,page_056,22
U05759,share,2025-01-02,page_029,6
U05760,register,2024-04-18,page_064,17
U05760,app_open,2024-04-18,page_012,13
U05760,browse,2024-04-18,page_094,137
U05760,add_to_cart,2024-04-18,page_045,59
U05761,register,2023-09-13,page_089,22
U05762,register,2023-04-13,page_016,18
U05762,app_open,2023-04-13,page_009,55
U05762,browse,2023-04-13,page_072,145
U05762,share,2023-04-19,page_090,24
U05763,register,2023-03-04,page_007,26
U05763,app_open,2023-03-04,page_032,21
U05763,browse,2023-03-04,page_051,77
U05764,register,2024-07-24,page_075,25
U05764,app_open,2024-07-24,page_050,51
U05765,register,2023-01-01,page_072,10
U05765,app_open,2023-01-01,page_019,12
U05765,browse,2023-01-01,page_072,147
U05765,add_to_cart,2023-01-01,page_081,104
U05766,register,2023-09-23,page_060,16
U05767,register,2023-03-03,page_021,13
U05767,app_open,2023-03-03,page_023,20
U05767,browse,2023-03-03,page_074,123
U05768,register,2024-06-02,page_015,10
U05768,app_open,2024-06-02,page_010,55
U05768,browse,2024-06-02,page_086,101
U05768,share,2024-06-15,page_021,19
U05769,register,2023-11-09,page_039,13
U05769,app_open,2023-11-09,page_092,52
U05769,browse,2023-11-09,page_059,68
U05769,share,2023-11-22,page_028,15
U05770,register,2023-02-20,page_026,13
U05771,register,2023-04-09,page_093,20
U05771,app_open,2023-04-09,page_010,12
U05771,browse,2023-04-09,page_035,46
U05772,register,2024-02-19,page_047,28
U05772,app_open,2024-02-19,page_076,49
U05772,browse,2024-02-19,page_031,193
U05772,add_to_cart,2024-02-19,page_075,49
U05773,register,2024-04-26,page_074,8
U05774,register,2024-02-15,page_007,9
U05774,app_open,2024-02-15,page_090,31
U05774,browse,2024-02-15,page_075,79
U05774,add_to_cart,2024-02-15,page_026,50
U05775,register,2024-06-28,page_030,7
U05775,app_open,2024-06-28,page_008,28
U05775,browse,2024-06-28,page_092,61
U05776,register,2024-03-19,page_013,5
U05776,app_open,2024-03-19,page_088,23
U05776,browse,2024-03-19,page_078,107
U05777,register,2023-09-21,page_024,20
U05777,app_open,2023-09-21,page_039,35
U05777,browse,2023-09-21,page_019,235
U05777,add_to_cart,2023-09-21,page_022,83
U05778,register,2024-09-16,page_087,25
U05778,app_open,2024-09-16,page_088,43
U05778,browse,2024-09-16,page_010,210
U05779,register,2024-11-17,page_063,17
U05780,register,2023-10-05,page_058,6
U05780,app_open,2023-10-05,page_050,11
U05780,browse,2023-10-05,page_048,175
U05780,add_to_cart,2023-10-05,page_072,80
U05781,register,2023-09-14,page_016,9
U05781,app_open,2023-09-14,page_091,30
U05781,browse,2023-09-14,page_066,91
U05782,register,2024-10-28,page_073,19
U05783,register,2024-12-10,page_086,15
U05784,register,2024-12-01,page_002,29
U05784,app_open,2024-12-01,page_055,58
U05784,browse,2024-12-01,page_042,247
U05785,register,2024-12-22,page_048,20
U05785,app_open,2024-12-22,page_094,50
U05785,browse,2024-12-22,page_058,250
U05786,register,2024-08-03,page_093,12
U05786,app_open,2024-08-03,page_048,32
U05786,browse,2024-08-03,page_049,136
U05786,share,2024-08-12,page_008,13
U05787,register,2024-04-05,page_001,15
U05787,app_open,2024-04-05,page_034,12
U05787,browse,2024-04-05,page_036,149
U05788,register,2024-01-05,page_018,29
U05788,app_open,2024-01-05,page_053,21
U05788,browse,2024-01-05,page_083,272
U05788,share,2024-01-07,page_039,7
U05789,register,2024-11-25,page_018,18
U05789,app_open,2024-11-25,page_046,15
U05789,browse,2024-11-25,page_004,290
U05789,add_to_cart,2024-11-25,page_020,47
U05790,register,2023-11-17,page_035,9
U05790,app_open,2023-11-17,page_071,51
U05790,browse,2023-11-17,page_064,278
U05790,add_to_cart,2023-11-17,page_071,70
U05791,register,2023-03-22,page_003,19
U05791,app_open,2023-03-22,page_010,37
U05792,register,2023-06-16,page_031,22
U05792,app_open,2023-06-16,page_026,33
U05793,register,2024-08-02,page_026,29
U05793,app_open,2024-08-02,page_094,41
U05793,browse,2024-08-02,page_005,286
U05793,share,2024-08-28,page_079,26
U05794,register,2023-05-19,page_065,13
U05794,app_open,2023-05-19,page_096,31
U05794,browse,2023-05-19,page_078,232
U05794,add_to_cart,2023-05-19,page_047,97
U05795,register,2024-08-22,page_019,9
U05795,app_open,2024-08-22,page_035,15
U05795,browse,2024-08-22,page_001,156
U05795,add_to_cart,2024-08-22,page_019,114
U05796,register,2023-11-23,page_002,17
U05796,app_open,2023-11-23,page_067,11
U05796,browse,2023-11-23,page_045,140
U05797,register,2024-06-27,page_089,17
U05797,app_open,2024-06-27,page_066,20
U05798,register,2023-03-12,page_017,13
U05798,app_open,2023-03-12,page_026,16
U05798,browse,2023-03-12,page_076,71
U05798,add_to_cart,2023-03-12,page_010,20
U05798,share,2023-04-02,page_055,26
U05799,register,2024-11-13,page_027,9
U05799,app_open,2024-11-13,page_018,59
U05799,browse,2024-11-13,page_070,288
U05800,register,2024-09-20,page_020,20
U05800,app_open,2024-09-20,page_056,25
U05800,browse,2024-09-20,page_021,289
U05801,register,2024-08-09,page_052,15
U05801,app_open,2024-08-09,page_020,59
U05801,browse,2024-08-09,page_030,279
U05801,add_to_cart,2024-08-09,page_089,87
U05802,register,2023-09-26,page_003,13
U05802,app_open,2023-09-26,page_099,45
U05802,browse,2023-09-26,page_019,190
U05802,share,2023-10-14,page_001,13
U05803,register,2023-07-01,page_022,19
U05804,register,2023-01-19,page_094,20
U05805,register,2023-03-07,page_087,5
U05805,app_open,2023-03-07,page_069,42
U05805,browse,2023-03-07,page_011,189
U05806,register,2023-12-16,page_002,29
U05806,app_open,2023-12-16,page_076,53
U05806,browse,2023-12-16,page_008,256
U05806,add_to_cart,2023-12-16,page_051,37
U05807,register,2024-01-18,page_007,24
U05808,register,2024-12-17,page_040,27
U05808,app_open,2024-12-17,page_033,29
U05808,browse,2024-12-17,page_041,33
U05808,add_to_cart,2024-12-17,page_072,95
U05809,register,2024-12-09,page_034,11
U05809,app_open,2024-12-09,page_021,40
U05809,browse,2024-12-09,page_006,293
U05809,add_to_cart,2024-12-09,page_048,41
U05810,register,2024-02-05,page_038,26
U05811,register,2023-11-20,page_041,16
U05811,app_open,2023-11-20,page_004,32
U05811,browse,2023-11-20,page_058,288
U05811,share,2023-12-19,page_010,13
U05812,register,2023-06-06,page_064,23
U05812,app_open,2023-06-06,page_008,47
U05812,browse,2023-06-06,page_093,158
U05813,register,2024-12-08,page_008,17
U05813,app_open,2024-12-08,page_006,59
U05813,browse,2024-12-08,page_064,211
U05813,add_to_cart,2024-12-08,page_080,93
U05813,share,2024-12-12,page_014,9
U05814,register,2023-01-09,page_028,10
U05814,app_open,2023-01-09,page_020,53
U05814,share,2023-01-14,page_069,29
U05815,register,2023-10-17,page_042,23
U05815,app_open,2023-10-17,page_050,27
U05815,browse,2023-10-17,page_029,101
U05815,share,2023-10-28,page_035,18
U05816,register,2023-03-23,page_051,28
U05816,app_open,2023-03-23,page_061,16
U05817,register,2024-09-22,page_095,10
U05818,register,2024-01-08,page_040,21
U05818,app_open,2024-01-08,page_079,39
U05818,browse,2024-01-08,page_037,97
U05818,add_to_cart,2024-01-08,page_076,117
U05819,register,2024-08-14,page_083,21
U05819,app_open,2024-08-14,page_069,54
U05820,register,2024-08-08,page_087,22
U05820,app_open,2024-08-08,page_082,30
U05820,browse,2024-08-08,page_026,110
U05821,register,2024-07-13,page_017,18
U05821,app_open,2024-07-13,page_091,22
U05821,browse,2024-07-13,page_065,74
U05821,share,2024-07-14,page_074,29
U05822,register,2023-06-04,page_013,29
U05823,register,2023-06-20,page_099,19
U05823,app_open,2023-06-20,page_033,23
U05823,browse,2023-06-20,page_052,74
U05824,register,2023-02-10,page_096,12
U05824,app_open,2023-02-10,page_055,26
U05824,browse,2023-02-10,page_076,58
U05825,register,2023-11-11,page_007,5
U05825,app_open,2023-11-11,page_075,41
U05825,browse,2023-11-11,page_081,298
U05825,share,2023-11-24,page_027,22
U05826,register,2023-03-11,page_027,22
U05826,app_open,2023-03-11,page_005,41
U05827,register,2023-08-17,page_017,21
U05827,app_open,2023-08-17,page_025,27
U05827,browse,2023-08-17,page_098,222
U05828,register,2024-10-25,page_093,26
U05828,app_open,2024-10-25,page_025,26
U05829,register,2023-01-16,page_065,22
U05829,app_open,2023-01-16,page_084,43
U05830,register,2024-08-07,page_035,12
U05831,register,2024-10-22,page_038,19
U05831,app_open,2024-10-22,page_082,39
U05832,register,2023-08-13,page_045,5
U05832,app_open,2023-08-13,page_090,37
U05832,browse,2023-08-13,page_054,162
U05832,add_to_cart,2023-08-13,page_034,76
U05833,register,2023-05-27,page_042,10
U05833,app_open,2023-05-27,page_087,30
U05833,browse,2023-05-27,page_021,275
U05833,share,2023-06-21,page_001,16
U05834,register,2024-06-12,page_071,11
U05834,app_open,2024-06-12,page_099,15
U05834,browse,2024-06-12,page_064,167
U05834,add_to_cart,2024-06-12,page_065,61
U05835,register,2024-04-03,page_050,29
U05835,app_open,2024-04-03,page_070,14
U05835,browse,2024-04-03,page_031,87
U05836,register,2023-12-26,page_056,19
U05836,app_open,2023-12-26,page_037,45
U05836,browse,2023-12-26,page_092,256
U05837,register,2024-07-20,page_083,16
U05837,app_open,2024-07-20,page_051,53
U05837,share,2024-07-24,page_056,5
U05838,register,2024-06-08,page_007,25
U05838,app_open,2024-06-08,page_039,46
U05838,browse,2024-06-08,page_045,37
U05839,register,2024-12-13,page_079,8
U05839,app_open,2024-12-13,page_036,59
U05839,browse,2024-12-13,page_095,115
U05840,register,2023-08-10,page_076,16
U05840,app_open,2023-08-10,page_023,15
U05840,browse,2023-08-10,page_054,125
U05840,add_to_cart,2023-08-10,page_072,41
U05841,register,2024-02-15,page_088,23
U05841,app_open,2024-02-15,page_016,18
U05841,browse,2024-02-15,page_047,65
U05842,register,2024-09-15,page_025,19
U05842,app_open,2024-09-15,page_010,21
U05842,browse,2024-09-15,page_005,159
U05842,add_to_cart,2024-09-15,page_018,69
U05842,share,2024-09-21,page_065,18
U05843,register,2023-06-14,page_010,23
U05844,register,2023-06-23,page_089,28
U05844,app_open,2023-06-23,page_085,18
U05844,browse,2023-06-23,page_097,263
U05844,add_to_cart,2023-06-23,page_022,61
U05845,register,2023-01-10,page_074,11
U05845,app_open,2023-01-10,page_087,37
U05845,browse,2023-01-10,page_001,119
U05846,register,2024-07-11,page_022,16
U05846,app_open,2024-07-11,page_056,51
U05846,browse,2024-07-11,page_075,144
U05847,register,2023-03-27,page_004,20
U05847,app_open,2023-03-27,page_067,17
U05847,browse,2023-03-27,page_054,96
U05847,add_to_cart,2023-03-27,page_086,39
U05848,register,2024-11-06,page_021,18
U05848,app_open,2024-11-06,page_072,12
U05849,register,2023-09-25,page_059,9
U05849,app_open,2023-09-25,page_007,25
U05849,browse,2023-09-25,page_082,297
U05849,add_to_cart,2023-09-25,page_080,91
U05849,share,2023-10-19,page_009,8
U05850,register,2023-09-04,page_013,11
U05850,app_open,2023-09-04,page_046,43
U05850,browse,2023-09-04,page_092,96
U05851,register,2023-03-20,page_035,18
U05851,app_open,2023-03-20,page_085,28
U05851,browse,2023-03-20,page_083,94
U05851,add_to_cart,2023-03-20,page_060,89
U05852,register,2024-07-23,page_005,6
U05852,app_open,2024-07-23,page_016,40
U05853,register,2023-11-19,page_031,24
U05854,register,2024-05-08,page_088,19
U05854,app_open,2024-05-08,page_024,34
U05854,browse,2024-05-08,page_089,82
U05855,register,2023-06-05,page_029,13
U05855,app_open,2023-06-05,page_007,18
U05855,browse,2023-06-05,page_018,58
U05856,register,2023-08-27,page_059,13
U05856,app_open,2023-08-27,page_025,30
U05856,browse,2023-08-27,page_050,237
U05857,register,2023-08-03,page_077,20
U05857,app_open,2023-08-03,page_067,27
U05858,register,2024-07-16,page_092,10
U05858,app_open,2024-07-16,page_082,31
U05858,browse,2024-07-16,page_068,110
U05859,register,2023-10-23,page_081,12
U05860,register,2023-03-09,page_033,15
U05860,app_open,2023-03-09,page_038,57
U05860,browse,2023-03-09,page_024,205
U05861,register,2023-08-08,page_088,27
U05861,app_open,2023-08-08,page_011,39
U05861,browse,2023-08-08,page_063,211
U05861,add_to_cart,2023-08-08,page_011,83
U05862,register,2023-08-20,page_025,22
U05862,app_open,2023-08-20,page_055,44
U05862,browse,2023-08-20,page_003,186
U05862,add_to_cart,2023-08-20,page_014,88
U05863,register,2023-07-14,page_035,9
U05864,register,2024-10-17,page_052,24
U05864,app_open,2024-10-17,page_006,21
U05864,browse,2024-10-17,page_012,172
U05864,share,2024-11-10,page_037,19
U05865,register,2023-12-05,page_085,21
U05866,register,2023-02-25,page_087,20
U05866,app_open,2023-02-25,page_045,13
U05866,browse,2023-02-25,page_055,246
U05867,register,2024-03-11,page_097,10
U05868,register,2024-03-13,page_057,24
U05868,app_open,2024-03-13,page_081,50
U05868,browse,2024-03-13,page_090,174
U05869,register,2024-07-12,page_042,13
U05869,app_open,2024-07-12,page_064,53
U05870,register,2024-03-12,page_010,14
U05870,app_open,2024-03-12,page_096,26
U05870,browse,2024-03-12,page_022,42
U05871,register,2024-11-18,page_026,28
U05871,app_open,2024-11-18,page_096,47
U05872,register,2024-11-04,page_023,10
U05872,app_open,2024-11-04,page_042,15
U05872,browse,2024-11-04,page_035,57
U05872,add_to_cart,2024-11-04,page_082,37
U05873,register,2023-11-22,page_063,5
U05873,app_open,2023-11-22,page_085,27
U05873,browse,2023-11-22,page_063,63
U05873,add_to_cart,2023-11-22,page_098,22
U05873,share,2023-11-28,page_064,5
U05874,register,2024-03-25,page_032,23
U05874,app_open,2024-03-25,page_086,34
U05874,browse,2024-03-25,page_012,269
U05874,add_to_cart,2024-03-25,page_073,19
U05875,register,2024-12-25,page_058,20
U05876,register,2023-05-05,page_045,6
U05876,app_open,2023-05-05,page_081,11
U05876,browse,2023-05-05,page_050,284
U05876,add_to_cart,2023-05-05,page_051,100
U05877,register,2024-08-25,page_005,23
U05877,app_open,2024-08-25,page_069,30
U05877,browse,2024-08-25,page_067,173
U05878,register,2023-10-24,page_085,18
U05878,app_open,2023-10-24,page_044,32
U05878,browse,2023-10-24,page_092,247
U05878,add_to_cart,2023-10-24,page_072,51
U05879,register,2024-10-10,page_001,20
U05879,app_open,2024-10-10,page_038,17
U05880,register,2024-10-06,page_076,14
U05880,app_open,2024-10-06,page_007,45
U05880,browse,2024-10-06,page_026,138
U05881,register,2023-06-23,page_093,5
U05881,app_open,2023-06-23,page_004,44
U05882,register,2023-06-24,page_005,16
U05883,register,2023-07-18,page_009,15
U05883,app_open,2023-07-18,page_095,16
U05883,browse,2023-07-18,page_007,71
U05883,add_to_cart,2023-07-18,page_080,24
U05884,register,2023-04-14,page_003,13
U05884,app_open,2023-04-14,page_022,18
U05885,register,2023-11-07,page_084,10
U05885,app_open,2023-11-07,page_030,59
U05886,register,2024-06-20,page_089,17
U05886,app_open,2024-06-20,page_009,23
U05886,browse,2024-06-20,page_070,117
U05886,add_to_cart,2024-06-20,page_066,86
U05887,register,2023-02-02,page_061,16
U05887,app_open,2023-02-02,page_063,24
U05887,browse,2023-02-02,page_027,170
U05887,add_to_cart,2023-02-02,page_041,26
U05888,register,2023-07-11,page_044,12
U05888,app_open,2023-07-11,page_092,42
U05888,browse,2023-07-11,page_039,282
U05888,add_to_cart,2023-07-11,page_074,48
U05889,register,2024-06-20,page_031,28
U05889,app_open,2024-06-20,page_098,51
U05889,browse,2024-06-20,page_012,176
U05889,add_to_cart,2024-06-20,page_028,30
U05890,register,2023-07-22,page_092,24
U05890,app_open,2023-07-22,page_090,55
U05890,browse,2023-07-22,page_072,193
U05891,register,2024-08-25,page_017,23
U05891,app_open,2024-08-25,page_013,46
U05891,browse,2024-08-25,page_079,149
U05891,share,2024-08-30,page_025,23
U05892,register,2023-05-02,page_031,16
U05892,app_open,2023-05-02,page_065,33
U05892,browse,2023-05-02,page_060,176
U05893,register,2024-02-07,page_056,14
U05893,app_open,2024-02-07,page_067,15
U05893,share,2024-02-10,page_030,23
U05894,register,2023-10-28,page_049,13
U05894,app_open,2023-10-28,page_072,12
U05894,browse,2023-10-28,page_016,35
U05894,add_to_cart,2023-10-28,page_088,38
U05894,share,2023-11-12,page_064,28
U05895,register,2024-06-08,page_098,27
U05895,app_open,2024-06-08,page_046,59
U05895,browse,2024-06-08,page_057,276
U05896,register,2024-11-16,page_043,6
U05896,app_open,2024-11-16,page_053,10
U05896,browse,2024-11-16,page_046,181
U05896,add_to_cart,2024-11-16,page_026,19
U05897,register,2024-02-28,page_058,8
U05897,app_open,2024-02-28,page_055,59
U05897,browse,2024-02-28,page_091,290
U05897,add_to_cart,2024-02-28,page_095,117
U05897,share,2024-03-06,page_051,24
U05898,register,2023-09-06,page_055,6
U05898,app_open,2023-09-06,page_089,32
U05899,register,2023-07-26,page_014,12
U05899,app_open,2023-07-26,page_022,37
U05900,register,2023-09-07,page_022,20
U05900,app_open,2023-09-07,page_087,41
U05900,browse,2023-09-07,page_081,140
U05900,share,2023-09-20,page_069,21
U05901,register,2023-09-24,page_045,26
U05902,register,2024-09-07,page_079,14
U05902,app_open,2024-09-07,page_039,16
U05902,browse,2024-09-07,page_097,81
U05902,share,2024-09-14,page_082,6
U05903,register,2023-12-23,page_022,14
U05903,app_open,2023-12-23,page_050,59
U05904,register,2024-05-20,page_090,18
U05904,app_open,2024-05-20,page_073,47
U05904,browse,2024-05-20,page_073,281
U05904,share,2024-06-09,page_061,8
U05905,register,2024-09-12,page_023,9
U05906,register,2024-10-23,page_001,22
U05906,app_open,2024-10-23,page_098,12
U05907,register,2023-05-18,page_071,14
U05907,app_open,2023-05-18,page_028,14
U05907,browse,2023-05-18,page_039,111
U05907,add_to_cart,2023-05-18,page_031,63
U05908,register,2023-05-05,page_066,28
U05908,app_open,2023-05-05,page_039,31
U05908,browse,2023-05-05,page_043,207
U05908,add_to_cart,2023-05-05,page_068,62
U05909,register,2023-07-03,page_042,28
U05909,app_open,2023-07-03,page_040,50
U05909,browse,2023-07-03,page_029,260
U05910,register,2023-01-28,page_088,24
U05911,register,2023-06-28,page_047,15
U05911,app_open,2023-06-28,page_094,51
U05911,browse,2023-06-28,page_081,255
U05912,register,2023-07-27,page_018,13
U05912,app_open,2023-07-27,page_014,31
U05913,register,2023-08-14,page_085,20
U05914,register,2024-11-15,page_085,25
U05915,register,2023-07-07,page_053,17
U05915,app_open,2023-07-07,page_029,30
U05915,browse,2023-07-07,page_033,56
U05916,register,2023-01-09,page_062,20
U05916,app_open,2023-01-09,page_034,24
U05916,browse,2023-01-09,page_078,112
U05917,register,2023-07-25,page_083,26
U05917,app_open,2023-07-25,page_083,34
U05917,share,2023-08-14,page_058,16
U05918,register,2024-08-07,page_037,15
U05918,app_open,2024-08-07,page_004,10
U05918,browse,2024-08-07,page_034,142
U05918,add_to_cart,2024-08-07,page_015,47
U05919,register,2024-06-14,page_094,12
U05919,app_open,2024-06-14,page_045,54
U05919,browse,2024-06-14,page_012,235
U05920,register,2024-10-15,page_074,24
U05920,app_open,2024-10-15,page_012,58
U05921,register,2024-06-10,page_040,9
U05921,app_open,2024-06-10,page_023,16
U05922,register,2023-03-27,page_081,24
U05922,app_open,2023-03-27,page_044,59
U05922,browse,2023-03-27,page_018,297
U05922,add_to_cart,2023-03-27,page_006,68
U05923,register,2023-11-01,page_098,6
U05923,app_open,2023-11-01,page_083,25
U05923,browse,2023-11-01,page_016,153
U05924,register,2024-11-28,page_038,6
U05924,app_open,2024-11-28,page_016,40
U05924,browse,2024-11-28,page_005,90
U05925,register,2023-02-16,page_052,28
U05925,app_open,2023-02-16,page_085,36
U05925,browse,2023-02-16,page_069,295
U05926,register,2023-03-28,page_010,14
U05927,register,2024-05-03,page_065,7
U05927,app_open,2024-05-03,page_026,32
U05927,browse,2024-05-03,page_090,251
U05927,share,2024-05-07,page_088,21
U05928,register,2023-11-04,page_088,23
U05928,app_open,2023-11-04,page_010,28
U05928,share,2023-11-19,page_016,8
U05929,register,2023-07-22,page_008,15
U05929,app_open,2023-07-22,page_018,13
U05929,browse,2023-07-22,page_055,115
U05930,register,2024-04-17,page_085,26
U05930,app_open,2024-04-17,page_086,29
U05931,register,2023-11-04,page_074,23
U05931,app_open,2023-11-04,page_012,18
U05931,browse,2023-11-04,page_062,89
U05932,register,2023-03-22,page_001,6
U05932,app_open,2023-03-22,page_009,42
U05932,browse,2023-03-22,page_031,185
U05932,add_to_cart,2023-03-22,page_061,97
U05933,register,2024-04-02,page_061,10
U05933,app_open,2024-04-02,page_049,11
U05933,browse,2024-04-02,page_052,78
U05933,add_to_cart,2024-04-02,page_017,102
U05934,register,2023-05-25,page_060,7
U05934,app_open,2023-05-25,page_017,52
U05934,browse,2023-05-25,page_063,64
U05934,share,2023-06-20,page_058,23
U05935,register,2024-06-03,page_026,26
U05935,app_open,2024-06-03,page_004,45
U05935,browse,2024-06-03,page_092,86
U05935,add_to_cart,2024-06-03,page_033,95
U05935,share,2024-06-15,page_052,5
U05936,register,2023-02-02,page_022,17
U05936,app_open,2023-02-02,page_027,40
U05937,register,2024-10-22,page_029,11
U05937,app_open,2024-10-22,page_091,46
U05937,browse,2024-10-22,page_025,102
U05938,register,2024-09-02,page_034,23
U05938,app_open,2024-09-02,page_082,26
U05938,browse,2024-09-02,page_009,151
U05938,add_to_cart,2024-09-02,page_037,35
U05939,register,2024-04-01,page_051,19
U05939,app_open,2024-04-01,page_006,10
U05940,register,2024-07-19,page_011,9
U05940,app_open,2024-07-19,page_039,50
U05940,browse,2024-07-19,page_039,68
U05940,add_to_cart,2024-07-19,page_073,95
U05941,register,2023-09-20,page_017,12
U05941,app_open,2023-09-20,page_073,25
U05941,browse,2023-09-20,page_070,84
U05941,add_to_cart,2023-09-20,page_027,57
U05941,share,2023-10-05,page_015,29
U05942,register,2023-09-11,page_060,6
U05942,app_open,2023-09-11,page_045,13
U05942,browse,2023-09-11,page_002,57
U05943,register,2023-01-19,page_024,22
U05943,app_open,2023-01-19,page_027,51
U05943,browse,2023-01-19,page_021,249
U05944,register,2024-05-06,page_027,12
U05944,app_open,2024-05-06,page_071,34
U05944,browse,2024-05-06,page_090,231
U05945,register,2023-01-18,page_064,26
U05945,app_open,2023-01-18,page_085,29
U05945,browse,2023-01-18,page_030,201
U05946,register,2023-09-27,page_012,21
U05947,register,2023-01-04,page_061,13
U05947,app_open,2023-01-04,page_018,50
U05947,browse,2023-01-04,page_056,288
U05948,register,2024-10-18,page_050,15
U05949,register,2024-05-20,page_032,25
U05949,app_open,2024-05-20,page_078,10
U05950,register,2024-07-23,page_048,18
U05950,app_open,2024-07-23,page_035,20
U05951,register,2024-11-28,page_084,27
U05951,app_open,2024-11-28,page_018,47
U05951,browse,2024-11-28,page_024,41
U05951,share,2024-12-03,page_087,23
U05952,register,2024-02-26,page_091,19
U05953,register,2023-07-09,page_002,16
U05953,app_open,2023-07-09,page_064,34
U05953,browse,2023-07-09,page_090,78
U05954,register,2024-08-09,page_012,11
U05955,register,2024-03-11,page_091,5
U05956,register,2023-07-06,page_045,9
U05956,app_open,2023-07-06,page_075,19
U05956,browse,2023-07-06,page_095,192
U05956,add_to_cart,2023-07-06,page_096,117
U05957,register,2023-09-04,page_060,24
U05957,app_open,2023-09-04,page_085,46
U05957,browse,2023-09-04,page_064,188
U05957,add_to_cart,2023-09-04,page_081,76
U05957,share,2023-09-16,page_063,21
U05958,register,2024-05-06,page_068,6
U05958,app_open,2024-05-06,page_082,16
U05958,browse,2024-05-06,page_040,94
U05958,add_to_cart,2024-05-06,page_089,33
U05959,register,2024-05-26,page_066,6
U05959,app_open,2024-05-26,page_093,31
U05960,register,2024-02-05,page_006,25
U05960,app_open,2024-02-05,page_038,18
U05961,register,2024-06-28,page_058,18
U05961,app_open,2024-06-28,page_067,53
U05962,register,2023-08-10,page_040,29
U05963,register,2023-11-22,page_010,14
U05963,app_open,2023-11-22,page_038,46
U05963,browse,2023-11-22,page_085,74
U05963,share,2023-12-01,page_049,27
U05964,register,2023-03-27,page_023,13
U05965,register,2023-02-26,page_026,21
U05966,register,2024-02-04,page_019,22
U05966,app_open,2024-02-04,page_092,21
U05966,browse,2024-02-04,page_084,46
U05966,add_to_cart,2024-02-04,page_040,71
U05967,register,2024-05-17,page_075,22
U05967,app_open,2024-05-17,page_006,56
U05967,browse,2024-05-17,page_001,122
U05967,add_to_cart,2024-05-17,page_009,84
U05967,share,2024-06-01,page_037,25
U05968,register,2024-09-26,page_051,12
U05968,app_open,2024-09-26,page_050,40
U05968,browse,2024-09-26,page_034,128
U05968,add_to_cart,2024-09-26,page_047,45
U05969,register,2023-09-28,page_069,20
U05970,register,2024-09-22,page_063,5
U05970,app_open,2024-09-22,page_065,40
U05970,browse,2024-09-22,page_038,43
U05971,register,2023-09-03,page_049,25
U05971,app_open,2023-09-03,page_090,55
U05971,browse,2023-09-03,page_032,163
U05972,register,2023-04-02,page_024,12
U05972,app_open,2023-04-02,page_093,18
U05972,browse,2023-04-02,page_033,68
U05972,add_to_cart,2023-04-02,page_060,60
U05972,share,2023-04-08,page_087,6
U05973,register,2024-02-20,page_077,26
U05973,app_open,2024-02-20,page_005,46
U05973,browse,2024-02-20,page_072,126
U05974,register,2023-08-18,page_049,22
U05974,app_open,2023-08-18,page_088,58
U05975,register,2023-04-08,page_051,9
U05976,register,2023-07-25,page_064,19
U05976,app_open,2023-07-25,page_056,58
U05976,browse,2023-07-25,page_036,86
U05976,add_to_cart,2023-07-25,page_047,96
U05977,register,2024-03-15,page_008,26
U05978,register,2023-02-04,page_091,20
U05978,app_open,2023-02-04,page_056,48
U05978,share,2023-03-02,page_080,21
U05979,register,2024-10-25,page_010,25
U05979,app_open,2024-10-25,page_083,44
U05980,register,2023-09-23,page_082,25
U05981,register,2023-07-24,page_092,25
U05981,app_open,2023-07-24,page_061,38
U05981,browse,2023-07-24,page_029,71
U05981,add_to_cart,2023-07-24,page_046,54
U05982,register,2024-06-26,page_018,17
U05982,app_open,2024-06-26,page_074,11
U05983,register,2023-12-14,page_078,15
U05983,app_open,2023-12-14,page_053,15
U05983,browse,2023-12-14,page_040,278
U05983,add_to_cart,2023-12-14,page_080,60
U05984,register,2023-07-06,page_006,18
U05984,app_open,2023-07-06,page_068,50
U05985,register,2024-11-22,page_071,12
U05985,app_open,2024-11-22,page_069,55
U05985,browse,2024-11-22,page_031,185
U05986,register,2024-07-21,page_059,9
U05987,register,2024-07-22,page_023,16
U05987,app_open,2024-07-22,page_094,18
U05987,browse,2024-07-22,page_086,88
U05988,register,2024-03-19,page_058,14
U05988,app_open,2024-03-19,page_015,25
U05988,browse,2024-03-19,page_074,115
U05988,add_to_cart,2024-03-19,page_066,47
U05988,share,2024-04-12,page_005,27
U05989,register,2023-12-02,page_003,8
U05989,app_open,2023-12-02,page_062,44
U05989,browse,2023-12-02,page_069,84
U05990,register,2023-11-13,page_069,10
U05990,app_open,2023-11-13,page_098,23
U05991,register,2023-04-25,page_015,9
U05991,app_open,2023-04-25,page_011,34
U05991,browse,2023-04-25,page_062,187
U05991,add_to_cart,2023-04-25,page_065,74
U05991,share,2023-05-04,page_063,25
U05992,register,2023-01-24,page_017,7
U05992,app_open,2023-01-24,page_007,21
U05992,browse,2023-01-24,page_082,138
U05993,register,2024-09-02,page_005,23
U05993,app_open,2024-09-02,page_035,18
U05993,browse,2024-09-02,page_006,215
U05993,share,2024-09-29,page_084,17
U05994,register,2024-02-25,page_045,17
U05994,app_open,2024-02-25,page_083,55
U05994,browse,2024-02-25,page_084,99
U05994,add_to_cart,2024-02-25,page_064,97
U05995,register,2024-06-11,page_052,22
U05995,app_open,2024-06-11,page_019,24
U05996,register,2023-11-19,page_005,15
U05996,app_open,2023-11-19,page_059,31
U05996,share,2023-11-21,page_086,7
U05997,register,2024-05-17,page_008,18
U05997,app_open,2024-05-17,page_059,23
U05998,register,2023-02-02,page_005,6
U05998,app_open,2023-02-02,page_059,30
U05998,browse,2023-02-02,page_003,52
U05998,add_to_cart,2023-02-02,page_037,54
U05999,register,2024-01-06,page_040,12
U05999,app_open,2024-01-06,page_062,57
U05999,browse,2024-01-06,page_040,113
U05999,add_to_cart,2024-01-06,page_086,102
U06000,register,2024-03-11,page_085,11
U06000,app_open,2024-03-11,page_053,55
U06000,browse,2024-03-11,page_026,81
U06001,register,2024-12-28,page_024,5
U06001,app_open,2024-12-28,page_022,48
U06002,register,2023-04-19,page_088,19
U06002,app_open,2023-04-19,page_094,26
U06002,browse,2023-04-19,page_086,242
U06003,register,2024-02-18,page_025,8
U06003,app_open,2024-02-18,page_012,25
U06003,browse,2024-02-18,page_085,149
U06004,register,2024-05-08,page_010,21
U06004,app_open,2024-05-08,page_059,50
U06004,browse,2024-05-08,page_044,53
U06004,share,2024-05-28,page_032,21
U06005,register,2024-01-23,page_058,28
U06005,app_open,2024-01-23,page_032,17
U06005,browse,2024-01-23,page_078,75
U06006,register,2024-03-11,page_048,18
U06006,app_open,2024-03-11,page_017,16
U06006,browse,2024-03-11,page_082,196
U06006,add_to_cart,2024-03-11,page_077,63
U06007,register,2024-04-18,page_065,13
U06008,register,2023-12-23,page_043,21
U06008,app_open,2023-12-23,page_088,51
U06008,browse,2023-12-23,page_011,36
U06008,add_to_cart,2023-12-23,page_050,40
U06009,register,2023-12-06,page_030,20
U06010,register,2024-12-06,page_015,23
U06010,app_open,2024-12-06,page_041,24
U06010,browse,2024-12-06,page_090,281
U06011,register,2023-04-24,page_009,17
U06011,app_open,2023-04-24,page_013,44
U06011,browse,2023-04-24,page_058,252
U06012,register,2023-01-26,page_094,6
U06012,app_open,2023-01-26,page_049,51
U06012,browse,2023-01-26,page_024,274
U06013,register,2024-05-04,page_038,8
U06013,app_open,2024-05-04,page_011,43
U06014,register,2024-05-05,page_006,25
U06015,register,2023-09-25,page_081,17
U06015,app_open,2023-09-25,page_071,42
U06015,browse,2023-09-25,page_037,248
U06015,add_to_cart,2023-09-25,page_049,62
U06016,register,2023-06-12,page_041,5
U06016,app_open,2023-06-12,page_029,46
U06016,browse,2023-06-12,page_085,231
U06017,register,2024-05-26,page_098,20
U06017,app_open,2024-05-26,page_099,23
U06017,browse,2024-05-26,page_048,212
U06018,register,2024-09-10,page_066,15
U06018,app_open,2024-09-10,page_015,31
U06018,browse,2024-09-10,page_066,202
U06019,register,2023-02-28,page_026,6
U06020,register,2023-01-13,page_066,28
U06020,app_open,2023-01-13,page_058,16
U06020,browse,2023-01-13,page_029,152
U06021,register,2024-09-21,page_003,27
U06021,app_open,2024-09-21,page_082,46
U06021,browse,2024-09-21,page_052,87
U06021,add_to_cart,2024-09-21,page_063,106
U06021,share,2024-10-19,page_012,11
U06022,register,2023-01-13,page_012,18
U06022,app_open,2023-01-13,page_031,16
U06023,register,2024-11-03,page_078,6
U06023,app_open,2024-11-03,page_099,24
U06023,browse,2024-11-03,page_022,126
U06023,add_to_cart,2024-11-03,page_066,20
U06024,register,2023-11-22,page_032,21
U06024,app_open,2023-11-22,page_074,18
U06025,register,2024-04-18,page_090,7
U06026,register,2023-02-18,page_060,26
U06026,app_open,2023-02-18,page_005,11
U06026,browse,2023-02-18,page_016,258
U06027,register,2024-05-01,page_014,14
U06027,app_open,2024-05-01,page_046,15
U06027,browse,2024-05-01,page_034,260
U06027,share,2024-05-18,page_070,9
U06028,register,2023-04-23,page_012,10
U06028,app_open,2023-04-23,page_038,10
U06028,browse,2023-04-23,page_059,95
U06028,add_to_cart,2023-04-23,page_079,72
U06029,register,2024-08-21,page_071,17
U06029,app_open,2024-08-21,page_001,14
U06029,browse,2024-08-21,page_046,54
U06030,register,2023-06-21,page_091,24
U06030,app_open,2023-06-21,page_050,48
U06030,browse,2023-06-21,page_049,121
U06031,register,2023-05-20,page_022,19
U06031,app_open,2023-05-20,page_011,26
U06031,browse,2023-05-20,page_084,248
U06031,add_to_cart,2023-05-20,page_018,74
U06032,register,2023-09-21,page_042,17
U06032,app_open,2023-09-21,page_030,24
U06033,register,2023-04-25,page_092,7
U06033,app_open,2023-04-25,page_058,41
U06033,browse,2023-04-25,page_051,280
U06034,register,2023-05-08,page_061,14
U06034,app_open,2023-05-08,page_009,43
U06034,browse,2023-05-08,page_066,31
U06035,register,2024-05-15,page_036,22
U06035,app_open,2024-05-15,page_018,12
U06035,browse,2024-05-15,page_056,70
U06036,register,2024-08-13,page_025,11
U06036,app_open,2024-08-13,page_072,43
U06036,browse,2024-08-13,page_093,111
U06036,add_to_cart,2024-08-13,page_084,39
U06037,register,2024-03-04,page_006,27
U06038,register,2024-06-19,page_090,22
U06038,app_open,2024-06-19,page_014,46
U06038,browse,2024-06-19,page_028,68
U06039,register,2024-12-28,page_061,24
U06039,app_open,2024-12-28,page_004,57
U06039,browse,2024-12-28,page_077,248
U06039,add_to_cart,2024-12-28,page_084,68
U06039,share,2025-01-05,page_097,11
U06040,register,2023-08-14,page_048,26
U06040,app_open,2023-08-14,page_077,51
U06041,register,2023-01-02,page_060,14
U06041,app_open,2023-01-02,page_006,15
U06041,browse,2023-01-02,page_036,145
U06042,register,2024-08-27,page_047,25
U06042,app_open,2024-08-27,page_011,55
U06043,register,2024-10-03,page_022,15
U06043,app_open,2024-10-03,page_016,13
U06044,register,2024-04-23,page_006,9
U06044,app_open,2024-04-23,page_094,11
U06044,browse,2024-04-23,page_085,40
U06045,register,2023-03-24,page_004,7
U06045,app_open,2023-03-24,page_083,43
U06046,register,2023-06-08,page_054,7
U06046,app_open,2023-06-08,page_073,44
U06046,browse,2023-06-08,page_052,173
U06047,register,2024-11-12,page_080,29
U06047,app_open,2024-11-12,page_090,54
U06047,browse,2024-11-12,page_006,259
U06047,add_to_cart,2024-11-12,page_065,103
U06047,share,2024-12-10,page_072,13
U06048,register,2023-05-05,page_002,27
U06048,app_open,2023-05-05,page_065,20
U06048,browse,2023-05-05,page_012,245
U06048,share,2023-05-11,page_010,14
U06049,register,2023-03-04,page_003,28
U06049,app_open,2023-03-04,page_042,24
U06049,browse,2023-03-04,page_072,77
U06049,share,2023-03-19,page_014,16
U06050,register,2024-12-05,page_060,5
U06050,app_open,2024-12-05,page_084,55
U06051,register,2023-03-10,page_014,6
U06052,register,2024-07-24,page_022,21
U06052,app_open,2024-07-24,page_071,28
U06052,browse,2024-07-24,page_023,192
U06052,add_to_cart,2024-07-24,page_003,48
U06053,register,2023-08-28,page_041,22
U06054,register,2024-11-06,page_054,16
U06054,app_open,2024-11-06,page_084,40
U06054,browse,2024-11-06,page_091,230
U06055,register,2024-11-07,page_035,14
U06055,app_open,2024-11-07,page_054,22
U06055,browse,2024-11-07,page_045,53
U06055,add_to_cart,2024-11-07,page_077,108
U06056,register,2023-06-13,page_046,17
U06056,app_open,2023-06-13,page_084,59
U06056,browse,2023-06-13,page_022,241
U06056,add_to_cart,2023-06-13,page_039,23
U06057,register,2024-01-25,page_062,18
U06057,app_open,2024-01-25,page_016,45
U06057,browse,2024-01-25,page_079,161
U06058,register,2024-09-05,page_065,28
U06058,app_open,2024-09-05,page_020,27
U06058,browse,2024-09-05,page_005,37
U06059,register,2023-06-10,page_027,23
U06059,app_open,2023-06-10,page_053,35
U06059,browse,2023-06-10,page_067,220
U06060,register,2024-08-26,page_084,15
U06060,app_open,2024-08-26,page_017,37
U06061,register,2023-10-25,page_078,11
U06062,register,2024-04-18,page_065,14
U06063,register,2023-03-25,page_014,27
U06063,app_open,2023-03-25,page_030,38
U06064,register,2023-01-21,page_047,23
U06065,register,2023-03-19,page_042,23
U06066,register,2023-01-08,page_009,16
U06066,app_open,2023-01-08,page_057,20
U06066,browse,2023-01-08,page_017,284
U06066,add_to_cart,2023-01-08,page_024,107
U06067,register,2024-07-04,page_045,11
U06067,app_open,2024-07-04,page_043,15
U06067,browse,2024-07-04,page_047,38
U06067,add_to_cart,2024-07-04,page_019,101
U06067,share,2024-07-15,page_081,20
U06068,register,2024-04-05,page_004,11
U06068,app_open,2024-04-05,page_020,55
U06068,browse,2024-04-05,page_097,168
U06069,register,2023-05-28,page_096,17
U06069,app_open,2023-05-28,page_087,49
U06070,register,2023-02-23,page_089,22
U06070,app_open,2023-02-23,page_003,48
U06070,browse,2023-02-23,page_091,88
U06071,register,2023-06-27,page_023,12
U06071,app_open,2023-06-27,page_052,23
U06071,browse,2023-06-27,page_078,251
U06072,register,2023-07-15,page_037,24
U06072,app_open,2023-07-15,page_061,52
U06072,browse,2023-07-15,page_072,60
U06072,add_to_cart,2023-07-15,page_027,37
U06073,register,2023-10-10,page_071,18
U06073,app_open,2023-10-10,page_002,46
U06074,register,2024-07-24,page_094,25
U06075,register,2024-04-22,page_075,5
U06075,app_open,2024-04-22,page_078,22
U06075,share,2024-05-05,page_075,23
U06076,register,2024-11-09,page_064,15
U06076,app_open,2024-11-09,page_044,55
U06076,browse,2024-11-09,page_007,238
U06077,register,2024-12-08,page_001,26
U06077,app_open,2024-12-08,page_079,25
U06077,browse,2024-12-08,page_077,209
U06078,register,2024-07-01,page_018,29
U06078,app_open,2024-07-01,page_034,48
U06078,browse,2024-07-01,page_038,293
U06079,register,2024-05-26,page_043,26
U06079,app_open,2024-05-26,page_005,31
U06080,register,2024-06-24,page_099,24
U06080,app_open,2024-06-24,page_094,37
U06080,browse,2024-06-24,page_030,35
U06080,add_to_cart,2024-06-24,page_009,113
U06081,register,2024-03-06,page_090,26
U06081,app_open,2024-03-06,page_024,11
U06081,browse,2024-03-06,page_070,82
U06082,register,2024-10-17,page_078,27
U06082,app_open,2024-10-17,page_089,54
U06082,browse,2024-10-17,page_058,179
U06082,share,2024-11-02,page_079,27
U06083,register,2024-06-21,page_054,11
U06083,app_open,2024-06-21,page_060,59
U06083,browse,2024-06-21,page_069,94
U06084,register,2024-07-02,page_047,8
U06084,app_open,2024-07-02,page_067,14
U06084,browse,2024-07-02,page_077,239
U06084,add_to_cart,2024-07-02,page_023,66
U06085,register,2023-07-17,page_062,12
U06085,app_open,2023-07-17,page_026,18
U06086,register,2024-03-16,page_050,11
U06086,app_open,2024-03-16,page_021,43
U06086,browse,2024-03-16,page_094,185
U06086,add_to_cart,2024-03-16,page_059,115
U06087,register,2024-05-03,page_029,24
U06087,app_open,2024-05-03,page_038,37
U06087,browse,2024-05-03,page_044,253
U06088,register,2023-10-06,page_006,16
U06088,app_open,2023-10-06,page_083,24
U06088,browse,2023-10-06,page_028,30
U06089,register,2023-02-11,page_074,6
U06089,app_open,2023-02-11,page_022,17
U06089,browse,2023-02-11,page_027,192
U06089,add_to_cart,2023-02-11,page_089,23
U06090,register,2023-08-14,page_008,29
U06090,app_open,2023-08-14,page_040,54
U06090,browse,2023-08-14,page_075,125
U06091,register,2023-12-20,page_056,17
U06091,app_open,2023-12-20,page_024,29
U06091,browse,2023-12-20,page_097,224
U06091,add_to_cart,2023-12-20,page_055,109
U06092,register,2024-12-28,page_011,12
U06092,app_open,2024-12-28,page_080,51
U06092,browse,2024-12-28,page_059,149
U06092,share,2025-01-25,page_077,8
U06093,register,2023-07-18,page_003,24
U06093,app_open,2023-07-18,page_045,30
U06093,browse,2023-07-18,page_025,179
U06094,register,2023-05-06,page_068,19
U06094,app_open,2023-05-06,page_024,59
U06094,browse,2023-05-06,page_064,54
U06094,add_to_cart,2023-05-06,page_010,74
U06095,register,2024-01-02,page_058,8
U06095,app_open,2024-01-02,page_037,38
U06095,browse,2024-01-02,page_004,220
U06096,register,2024-07-26,page_017,22
U06096,app_open,2024-07-26,page_033,36
U06097,register,2023-08-11,page_079,21
U06097,app_open,2023-08-11,page_071,43
U06097,browse,2023-08-11,page_070,291
U06097,add_to_cart,2023-08-11,page_049,48
U06097,share,2023-08-30,page_025,14
U06098,register,2024-09-16,page_091,18
U06098,app_open,2024-09-16,page_080,41
U06098,browse,2024-09-16,page_049,103
U06099,register,2023-01-25,page_008,19
U06099,app_open,2023-01-25,page_036,46
U06099,browse,2023-01-25,page_068,68
U06099,add_to_cart,2023-01-25,page_022,100
U06100,register,2024-04-12,page_075,15
U06100,app_open,2024-04-12,page_043,11
U06100,browse,2024-04-12,page_049,234
U06100,share,2024-04-18,page_085,11
U06101,register,2024-05-09,page_081,5
U06101,app_open,2024-05-09,page_028,36
U06101,browse,2024-05-09,page_056,179
U06101,add_to_cart,2024-05-09,page_011,62
U06102,register,2023-06-07,page_087,9
U06102,app_open,2023-06-07,page_002,46
U06102,browse,2023-06-07,page_029,102
U06103,register,2024-01-17,page_045,5
U06103,app_open,2024-01-17,page_012,41
U06103,browse,2024-01-17,page_033,128
U06103,add_to_cart,2024-01-17,page_099,69
U06104,register,2023-10-11,page_068,23
U06104,app_open,2023-10-11,page_036,55
U06104,browse,2023-10-11,page_031,137
U06104,add_to_cart,2023-10-11,page_063,79
U06105,register,2024-02-17,page_015,13
U06105,app_open,2024-02-17,page_056,10
U06105,browse,2024-02-17,page_026,94
U06105,add_to_cart,2024-02-17,page_019,69
U06106,register,2024-04-05,page_079,22
U06106,app_open,2024-04-05,page_053,42
U06106,browse,2024-04-05,page_011,291
U06107,register,2024-06-11,page_078,28
U06107,app_open,2024-06-11,page_031,26
U06107,browse,2024-06-11,page_068,116
U06107,add_to_cart,2024-06-11,page_088,61
U06108,register,2023-10-28,page_092,11
U06108,app_open,2023-10-28,page_096,12
U06108,browse,2023-10-28,page_083,91
U06109,register,2024-09-21,page_088,13
U06109,app_open,2024-09-21,page_081,22
U06110,register,2024-10-25,page_067,22
U06110,app_open,2024-10-25,page_017,17
U06110,browse,2024-10-25,page_019,50
U06111,register,2023-06-10,page_056,13
U06111,app_open,2023-06-10,page_057,57
U06112,register,2023-11-01,page_089,7
U06113,register,2023-05-02,page_025,9
U06113,app_open,2023-05-02,page_094,20
U06113,browse,2023-05-02,page_015,161
U06113,add_to_cart,2023-05-02,page_069,40
U06114,register,2023-11-14,page_009,20
U06114,app_open,2023-11-14,page_002,30
U06114,browse,2023-11-14,page_070,269
U06114,share,2023-12-12,page_022,20
U06115,register,2024-12-13,page_005,18
U06115,app_open,2024-12-13,page_056,24
U06116,register,2024-11-11,page_045,27
U06116,app_open,2024-11-11,page_068,58
U06117,register,2023-06-02,page_085,11
U06117,app_open,2023-06-02,page_097,45
U06117,browse,2023-06-02,page_088,258
U06117,add_to_cart,2023-06-02,page_065,23
U06118,register,2024-07-25,page_033,21
U06119,register,2023-09-23,page_020,6
U06120,register,2024-06-14,page_054,5
U06120,app_open,2024-06-14,page_014,58
U06120,browse,2024-06-14,page_093,231
U06120,add_to_cart,2024-06-14,page_029,94
U06121,register,2024-01-28,page_090,23
U06121,app_open,2024-01-28,page_079,26
U06121,browse,2024-01-28,page_022,251
U06121,add_to_cart,2024-01-28,page_021,16
U06122,register,2023-12-12,page_038,17
U06122,app_open,2023-12-12,page_039,47
U06122,browse,2023-12-12,page_008,53
U06123,register,2024-01-07,page_017,29
U06123,app_open,2024-01-07,page_038,19
U06124,register,2024-04-17,page_076,16
U06124,app_open,2024-04-17,page_024,34
U06124,browse,2024-04-17,page_065,163
U06124,share,2024-04-19,page_033,19
U06125,register,2023-09-14,page_097,13
U06125,app_open,2023-09-14,page_031,37
U06125,browse,2023-09-14,page_060,115
U06126,register,2023-09-06,page_003,17
U06126,app_open,2023-09-06,page_091,24
U06126,browse,2023-09-06,page_049,68
U06127,register,2023-01-24,page_063,14
U06127,app_open,2023-01-24,page_053,13
U06128,register,2024-10-25,page_068,7
U06128,app_open,2024-10-25,page_095,55
U06128,browse,2024-10-25,page_027,235
U06129,register,2024-11-20,page_036,9
U06129,app_open,2024-11-20,page_049,31
U06129,browse,2024-11-20,page_099,44
U06129,add_to_cart,2024-11-20,page_064,89
U06130,register,2023-01-19,page_066,14
U06130,app_open,2023-01-19,page_047,26
U06130,browse,2023-01-19,page_047,103
U06130,add_to_cart,2023-01-19,page_075,49
U06131,register,2024-10-15,page_041,26
U06131,app_open,2024-10-15,page_016,15
U06131,browse,2024-10-15,page_046,297
U06131,add_to_cart,2024-10-15,page_044,52
U06131,share,2024-11-13,page_025,7
U06132,register,2024-05-20,page_090,5
U06132,app_open,2024-05-20,page_050,23
U06132,browse,2024-05-20,page_021,222
U06133,register,2024-12-28,page_077,25
U06134,register,2023-08-22,page_035,25
U06134,app_open,2023-08-22,page_062,49
U06134,browse,2023-08-22,page_002,128
U06134,add_to_cart,2023-08-22,page_002,69
U06135,register,2024-10-03,page_012,29
U06135,app_open,2024-10-03,page_014,55
U06136,register,2024-11-12,page_047,10
U06136,app_open,2024-11-12,page_083,35
U06136,browse,2024-11-12,page_017,38
U06136,share,2024-11-18,page_071,21
U06137,register,2024-12-15,page_041,19
U06137,app_open,2024-12-15,page_098,50
U06137,browse,2024-12-15,page_076,101
U06138,register,2024-06-13,page_026,12
U06138,app_open,2024-06-13,page_047,55
U06138,browse,2024-06-13,page_077,199
U06139,register,2023-05-22,page_063,17
U06139,app_open,2023-05-22,page_059,21
U06139,browse,2023-05-22,page_077,158
U06139,add_to_cart,2023-05-22,page_099,74
U06140,register,2024-05-28,page_051,19
U06140,app_open,2024-05-28,page_091,24
U06140,browse,2024-05-28,page_081,245
U06140,add_to_cart,2024-05-28,page_064,99
U06140,share,2024-06-17,page_040,25
U06141,register,2024-09-03,page_059,15
U06142,register,2024-07-06,page_083,24
U06142,app_open,2024-07-06,page_082,23
U06142,browse,2024-07-06,page_007,178
U06143,register,2024-05-05,page_060,25
U06143,app_open,2024-05-05,page_003,27
U06143,browse,2024-05-05,page_056,223
U06144,register,2024-09-05,page_049,7
U06144,app_open,2024-09-05,page_055,39
U06144,browse,2024-09-05,page_026,242
U06144,share,2024-09-22,page_065,22
U06145,register,2024-07-22,page_038,9
U06145,app_open,2024-07-22,page_069,46
U06145,browse,2024-07-22,page_029,237
U06145,add_to_cart,2024-07-22,page_051,27
U06146,register,2023-11-01,page_007,27
U06146,app_open,2023-11-01,page_027,56
U06147,register,2024-01-17,page_082,14
U06147,app_open,2024-01-17,page_018,12
U06147,browse,2024-01-17,page_053,128
U06148,register,2023-11-18,page_081,14
U06148,app_open,2023-11-18,page_075,22
U06148,browse,2023-11-18,page_061,181
U06148,add_to_cart,2023-11-18,page_066,16
U06148,share,2023-12-03,page_081,28
U06149,register,2023-04-26,page_087,19
U06150,register,2023-10-24,page_083,16
U06150,app_open,2023-10-24,page_087,21
U06150,share,2023-11-13,page_031,9
U06151,register,2023-11-18,page_078,12
U06152,register,2023-01-04,page_040,5
U06152,app_open,2023-01-04,page_089,47
U06153,register,2023-05-02,page_001,26
U06154,register,2024-10-24,page_010,5
U06155,register,2023-12-11,page_017,23
U06156,register,2024-09-16,page_062,11
U06156,app_open,2024-09-16,page_050,57
U06156,browse,2024-09-16,page_078,94
U06156,add_to_cart,2024-09-16,page_001,31
U06157,register,2023-04-07,page_047,26
U06157,app_open,2023-04-07,page_091,25
U06158,register,2024-09-28,page_080,10
U06158,app_open,2024-09-28,page_035,28
U06158,browse,2024-09-28,page_085,171
U06158,share,2024-10-03,page_045,22
U06159,register,2024-12-23,page_081,21
U06159,app_open,2024-12-23,page_033,40
U06159,browse,2024-12-23,page_088,126
U06159,add_to_cart,2024-12-23,page_089,119
U06160,register,2024-09-13,page_088,10
U06160,app_open,2024-09-13,page_081,35
U06160,browse,2024-09-13,page_069,165
U06160,add_to_cart,2024-09-13,page_025,47
U06161,register,2024-02-11,page_013,25
U06161,app_open,2024-02-11,page_060,32
U06161,browse,2024-02-11,page_099,227
U06162,register,2023-08-01,page_098,18
U06162,app_open,2023-08-01,page_069,16
U06163,register,2023-08-19,page_076,17
U06164,register,2024-05-09,page_070,21
U06164,app_open,2024-05-09,page_098,51
U06164,browse,2024-05-09,page_080,127
U06164,add_to_cart,2024-05-09,page_021,40
U06165,register,2024-01-22,page_001,19
U06165,app_open,2024-01-22,page_073,27
U06165,browse,2024-01-22,page_088,164
U06165,add_to_cart,2024-01-22,page_066,62
U06166,register,2024-03-27,page_034,16
U06166,app_open,2024-03-27,page_022,57
U06166,browse,2024-03-27,page_071,252
U06166,add_to_cart,2024-03-27,page_017,71
U06167,register,2024-01-27,page_034,18
U06168,register,2023-08-27,page_075,10
U06168,app_open,2023-08-27,page_051,21
U06168,browse,2023-08-27,page_076,204
U06169,register,2023-12-11,page_078,20
U06169,app_open,2023-12-11,page_002,39
U06170,register,2024-08-13,page_095,19
U06170,app_open,2024-08-13,page_002,44
U06170,browse,2024-08-13,page_001,94
U06170,add_to_cart,2024-08-13,page_004,45
U06171,register,2024-04-02,page_036,6
U06171,app_open,2024-04-02,page_056,46
U06172,register,2023-06-16,page_008,11
U06172,app_open,2023-06-16,page_054,34
U06172,browse,2023-06-16,page_072,46
U06172,add_to_cart,2023-06-16,page_034,95
U06173,register,2024-06-17,page_023,8
U06173,app_open,2024-06-17,page_080,13
U06174,register,2024-03-07,page_050,28
U06174,app_open,2024-03-07,page_019,20
U06174,browse,2024-03-07,page_097,151
U06175,register,2024-02-07,page_001,9
U06175,app_open,2024-02-07,page_028,36
U06175,browse,2024-02-07,page_041,255
U06175,add_to_cart,2024-02-07,page_032,90
U06176,register,2023-06-12,page_096,29
U06176,app_open,2023-06-12,page_042,35
U06176,share,2023-07-06,page_068,17
U06177,register,2023-02-21,page_080,19
U06177,app_open,2023-02-21,page_099,17
U06177,browse,2023-02-21,page_045,107
U06178,register,2023-01-18,page_005,24
U06178,app_open,2023-01-18,page_059,59
U06178,browse,2023-01-18,page_099,111
U06179,register,2023-05-21,page_043,8
U06179,app_open,2023-05-21,page_066,35
U06179,browse,2023-05-21,page_064,201
U06180,register,2023-07-15,page_085,16
U06180,app_open,2023-07-15,page_034,10
U06180,browse,2023-07-15,page_072,99
U06181,register,2024-09-27,page_028,18
U06181,app_open,2024-09-27,page_055,10
U06181,browse,2024-09-27,page_007,118
U06182,register,2023-06-02,page_050,19
U06182,app_open,2023-06-02,page_088,55
U06182,browse,2023-06-02,page_011,147
U06183,register,2024-09-24,page_099,20
U06183,app_open,2024-09-24,page_061,10
U06183,share,2024-10-06,page_050,21
U06184,register,2024-05-27,page_036,8
U06184,app_open,2024-05-27,page_060,22
U06184,browse,2024-05-27,page_029,187
U06185,register,2024-01-13,page_001,8
U06185,app_open,2024-01-13,page_050,25
U06185,browse,2024-01-13,page_090,288
U06186,register,2024-02-26,page_058,19
U06186,app_open,2024-02-26,page_032,48
U06187,register,2024-11-08,page_031,22
U06187,app_open,2024-11-08,page_089,55
U06187,browse,2024-11-08,page_056,96
U06188,register,2024-03-11,page_030,7
U06189,register,2024-01-21,page_063,16
U06190,register,2024-08-01,page_064,18
U06190,app_open,2024-08-01,page_056,53
U06190,browse,2024-08-01,page_048,237
U06190,add_to_cart,2024-08-01,page_060,18
U06191,register,2023-02-11,page_023,18
U06191,app_open,2023-02-11,page_023,44
U06191,browse,2023-02-11,page_046,235
U06191,add_to_cart,2023-02-11,page_072,118
U06192,register,2024-02-05,page_063,24
U06192,app_open,2024-02-05,page_037,41
U06192,browse,2024-02-05,page_094,215
U06192,add_to_cart,2024-02-05,page_064,102
U06193,register,2023-07-24,page_056,23
U06193,app_open,2023-07-24,page_030,11
U06194,register,2024-04-11,page_070,24
U06194,app_open,2024-04-11,page_096,50
U06195,register,2024-03-04,page_039,12
U06195,app_open,2024-03-04,page_023,11
U06196,register,2023-10-01,page_092,16
U06196,app_open,2023-10-01,page_035,11
U06196,browse,2023-10-01,page_031,69
U06197,register,2023-07-12,page_076,16
U06198,register,2023-11-11,page_046,22
U06198,app_open,2023-11-11,page_017,58
U06198,browse,2023-11-11,page_074,171
U06199,register,2024-05-01,page_079,15
U06199,app_open,2024-05-01,page_086,52
U06199,share,2024-05-23,page_038,15
U06200,register,2024-03-23,page_057,21
U06200,app_open,2024-03-23,page_018,44
U06200,browse,2024-03-23,page_086,243
U06201,register,2024-09-20,page_051,15
U06202,register,2024-10-25,page_054,15
U06202,app_open,2024-10-25,page_089,57
U06202,share,2024-11-22,page_009,20
U06203,register,2024-06-21,page_032,22
U06203,app_open,2024-06-21,page_063,21
U06204,register,2023-04-19,page_097,11
U06204,app_open,2023-04-19,page_064,40
U06205,register,2023-05-14,page_086,17
U06205,app_open,2023-05-14,page_063,57
U06205,browse,2023-05-14,page_068,38
U06206,register,2024-11-13,page_079,15
U06206,app_open,2024-11-13,page_020,21
U06206,browse,2024-11-13,page_079,120
U06206,add_to_cart,2024-11-13,page_025,88
U06207,register,2024-07-19,page_070,7
U06207,app_open,2024-07-19,page_049,14
U06207,browse,2024-07-19,page_003,190
U06207,share,2024-08-17,page_013,20
U06208,register,2024-04-22,page_014,27
U06208,app_open,2024-04-22,page_018,47
U06208,browse,2024-04-22,page_011,62
U06208,add_to_cart,2024-04-22,page_024,26
U06209,register,2024-09-19,page_003,21
U06209,app_open,2024-09-19,page_046,38
U06209,share,2024-09-29,page_017,20
U06210,register,2023-01-10,page_027,12
U06210,app_open,2023-01-10,page_074,29
U06210,browse,2023-01-10,page_059,232
U06211,register,2023-02-15,page_046,27
U06211,app_open,2023-02-15,page_077,39
U06211,browse,2023-02-15,page_056,161
U06211,add_to_cart,2023-02-15,page_040,52
U06212,register,2024-07-04,page_031,8
U06212,app_open,2024-07-04,page_056,32
U06212,browse,2024-07-04,page_002,151
U06213,register,2024-09-26,page_016,12
U06213,app_open,2024-09-26,page_059,46
U06213,browse,2024-09-26,page_073,161
U06214,register,2023-04-12,page_017,25
U06214,app_open,2023-04-12,page_010,53
U06214,browse,2023-04-12,page_074,278
U06215,register,2024-09-19,page_056,6
U06216,register,2024-11-24,page_041,15
U06216,app_open,2024-11-24,page_012,15
U06216,browse,2024-11-24,page_087,189
U06217,register,2023-09-25,page_021,11
U06217,app_open,2023-09-25,page_008,25
U06217,share,2023-10-13,page_042,17
U06218,register,2024-10-16,page_030,16
U06218,app_open,2024-10-16,page_034,26
U06218,browse,2024-10-16,page_039,221
U06219,register,2024-03-09,page_033,14
U06219,app_open,2024-03-09,page_077,42
U06219,share,2024-04-06,page_096,5
U06220,register,2024-07-18,page_019,22
U06220,app_open,2024-07-18,page_040,31
U06220,browse,2024-07-18,page_030,212
U06221,register,2024-09-07,page_046,28
U06221,app_open,2024-09-07,page_044,16
U06221,browse,2024-09-07,page_088,32
U06222,register,2024-04-15,page_049,22
U06223,register,2024-11-11,page_002,17
U06223,app_open,2024-11-11,page_004,18
U06223,browse,2024-11-11,page_083,128
U06223,add_to_cart,2024-11-11,page_038,48
U06224,register,2023-06-03,page_020,17
U06224,app_open,2023-06-03,page_010,52
U06224,browse,2023-06-03,page_057,184
U06224,add_to_cart,2023-06-03,page_073,79
U06225,register,2024-02-06,page_029,14
U06225,app_open,2024-02-06,page_028,13
U06225,browse,2024-02-06,page_089,120
U06225,add_to_cart,2024-02-06,page_052,19
U06226,register,2024-05-19,page_040,18
U06227,register,2024-06-20,page_097,21
U06227,app_open,2024-06-20,page_048,19
U06227,browse,2024-06-20,page_027,264
U06227,share,2024-07-02,page_014,9
U06228,register,2024-04-24,page_080,29
U06229,register,2023-03-06,page_016,26
U06229,app_open,2023-03-06,page_062,17
U06229,browse,2023-03-06,page_029,97
U06229,add_to_cart,2023-03-06,page_080,29
U06230,register,2024-05-20,page_066,11
U06231,register,2023-05-21,page_091,22
U06231,app_open,2023-05-21,page_026,43
U06231,browse,2023-05-21,page_085,41
U06232,register,2024-04-17,page_043,5
U06232,app_open,2024-04-17,page_036,15
U06233,register,2024-04-25,page_006,10
U06233,app_open,2024-04-25,page_087,43
U06233,share,2024-05-18,page_064,24
U06234,register,2024-09-09,page_054,20
U06234,app_open,2024-09-09,page_071,13
U06234,share,2024-09-27,page_064,6
U06235,register,2023-07-05,page_008,26
U06235,app_open,2023-07-05,page_096,53
U06235,browse,2023-07-05,page_006,185
U06235,add_to_cart,2023-07-05,page_071,111
U06236,register,2023-09-21,page_070,5
U06236,app_open,2023-09-21,page_073,57
U06236,browse,2023-09-21,page_085,68
U06237,register,2023-10-25,page_083,12
U06237,app_open,2023-10-25,page_016,48
U06237,browse,2023-10-25,page_045,184
U06238,register,2024-09-01,page_033,19
U06238,app_open,2024-09-01,page_009,15
U06238,browse,2024-09-01,page_046,92
U06238,add_to_cart,2024-09-01,page_011,107
U06239,register,2023-07-21,page_001,14
U06240,register,2023-05-06,page_064,29
U06240,app_open,2023-05-06,page_008,38
U06240,browse,2023-05-06,page_061,215
U06240,add_to_cart,2023-05-06,page_015,118
U06241,register,2023-06-23,page_084,23
U06241,app_open,2023-06-23,page_066,37
U06241,browse,2023-06-23,page_050,67
U06241,add_to_cart,2023-06-23,page_062,94
U06242,register,2024-03-08,page_068,23
U06242,app_open,2024-03-08,page_090,57
U06242,browse,2024-03-08,page_085,93
U06243,register,2023-01-10,page_056,5
U06243,app_open,2023-01-10,page_014,55
U06243,browse,2023-01-10,page_052,34
U06244,register,2023-03-22,page_016,18
U06244,app_open,2023-03-22,page_058,37
U06244,browse,2023-03-22,page_076,190
U06245,register,2024-04-01,page_072,20
U06245,app_open,2024-04-01,page_015,50
U06246,register,2024-04-14,page_094,8
U06246,app_open,2024-04-14,page_066,45
U06246,browse,2024-04-14,page_032,210
U06246,add_to_cart,2024-04-14,page_044,18
U06247,register,2023-05-16,page_008,24
U06247,app_open,2023-05-16,page_035,44
U06248,register,2024-09-26,page_027,28
U06248,app_open,2024-09-26,page_020,28
U06248,browse,2024-09-26,page_028,137
U06248,add_to_cart,2024-09-26,page_076,116
U06249,register,2023-11-18,page_044,10
U06249,app_open,2023-11-18,page_067,54
U06249,browse,2023-11-18,page_081,54
U06249,share,2023-11-23,page_098,5
U06250,register,2023-07-25,page_085,9
U06250,app_open,2023-07-25,page_055,35
U06250,browse,2023-07-25,page_061,290
U06251,register,2023-08-17,page_069,22
U06252,register,2024-02-17,page_036,10
U06252,app_open,2024-02-17,page_082,29
U06252,browse,2024-02-17,page_024,195
U06253,register,2023-12-18,page_011,11
U06253,app_open,2023-12-18,page_029,17
U06254,register,2023-01-24,page_098,26
U06255,register,2023-07-06,page_077,20
U06256,register,2024-03-18,page_044,7
U06256,app_open,2024-03-18,page_066,55
U06257,register,2023-11-25,page_043,6
U06258,register,2024-05-01,page_070,13
U06258,app_open,2024-05-01,page_097,15
U06258,browse,2024-05-01,page_015,211
U06259,register,2023-02-07,page_089,21
U06259,app_open,2023-02-07,page_093,26
U06259,browse,2023-02-07,page_095,133
U06260,register,2023-10-14,page_088,9
U06260,app_open,2023-10-14,page_013,48
U06260,browse,2023-10-14,page_004,293
U06260,add_to_cart,2023-10-14,page_062,19
U06261,register,2023-12-17,page_059,25
U06262,register,2024-02-19,page_009,12
U06262,app_open,2024-02-19,page_039,45
U06262,browse,2024-02-19,page_047,178
U06262,add_to_cart,2024-02-19,page_025,59
U06263,register,2023-10-24,page_015,11
U06263,app_open,2023-10-24,page_059,27
U06263,browse,2023-10-24,page_019,31
U06264,register,2023-12-07,page_075,5
U06264,app_open,2023-12-07,page_056,26
U06264,browse,2023-12-07,page_064,77
U06265,register,2023-08-13,page_049,14
U06265,app_open,2023-08-13,page_040,49
U06266,register,2023-06-08,page_054,19
U06266,app_open,2023-06-08,page_067,36
U06266,share,2023-06-12,page_073,22
U06267,register,2023-05-09,page_014,22
U06267,app_open,2023-05-09,page_030,32
U06267,browse,2023-05-09,page_045,162
U06268,register,2023-11-13,page_082,29
U06268,app_open,2023-11-13,page_016,44
U06268,browse,2023-11-13,page_081,226
U06269,register,2023-01-07,page_093,23
U06269,app_open,2023-01-07,page_056,21
U06269,browse,2023-01-07,page_024,104
U06269,share,2023-01-27,page_076,5
U06270,register,2023-06-08,page_017,24
U06270,app_open,2023-06-08,page_047,49
U06270,browse,2023-06-08,page_094,94
U06270,add_to_cart,2023-06-08,page_064,81
U06271,register,2023-02-17,page_016,11
U06271,app_open,2023-02-17,page_070,59
U06272,register,2024-05-18,page_013,17
U06272,app_open,2024-05-18,page_074,51
U06273,register,2024-09-07,page_048,26
U06273,app_open,2024-09-07,page_085,19
U06273,browse,2024-09-07,page_018,114
U06274,register,2024-03-13,page_095,29
U06274,app_open,2024-03-13,page_026,10
U06274,browse,2024-03-13,page_054,40
U06274,add_to_cart,2024-03-13,page_001,51
U06275,register,2024-08-25,page_052,19
U06275,app_open,2024-08-25,page_067,21
U06275,browse,2024-08-25,page_009,218
U06276,register,2024-02-27,page_054,9
U06276,app_open,2024-02-27,page_011,29
U06276,browse,2024-02-27,page_067,60
U06276,share,2024-03-11,page_016,14
U06277,register,2024-03-03,page_072,8
U06277,app_open,2024-03-03,page_032,44
U06277,browse,2024-03-03,page_081,241
U06277,add_to_cart,2024-03-03,page_038,40
U06278,register,2023-06-09,page_091,17
U06278,app_open,2023-06-09,page_051,51
U06278,browse,2023-06-09,page_063,241
U06279,register,2024-02-16,page_024,24
U06279,app_open,2024-02-16,page_071,41
U06279,browse,2024-02-16,page_001,76
U06280,register,2024-05-12,page_086,21
U06280,app_open,2024-05-12,page_067,54
U06280,browse,2024-05-12,page_009,153
U06280,add_to_cart,2024-05-12,page_001,41
U06281,register,2023-04-05,page_056,21
U06281,app_open,2023-04-05,page_068,49
U06281,browse,2023-04-05,page_087,277
U06282,register,2023-11-22,page_065,27
U06282,app_open,2023-11-22,page_091,31
U06282,browse,2023-11-22,page_034,272
U06282,add_to_cart,2023-11-22,page_091,116
U06283,register,2023-11-08,page_070,26
U06283,app_open,2023-11-08,page_063,19
U06283,browse,2023-11-08,page_093,38
U06284,register,2024-06-06,page_027,10
U06284,app_open,2024-06-06,page_047,49
U06284,browse,2024-06-06,page_044,94
U06285,register,2023-07-06,page_086,12
U06285,app_open,2023-07-06,page_041,16
U06285,browse,2023-07-06,page_074,223
U06285,share,2023-07-25,page_054,6
U06286,register,2024-02-20,page_054,22
U06286,app_open,2024-02-20,page_015,23
U06286,browse,2024-02-20,page_040,175
U06287,register,2023-06-04,page_073,27
U06287,app_open,2023-06-04,page_038,47
U06288,register,2024-01-17,page_050,13
U06288,app_open,2024-01-17,page_041,23
U06288,browse,2024-01-17,page_011,220
U06288,share,2024-02-13,page_047,5
U06289,register,2023-12-09,page_029,10
U06289,app_open,2023-12-09,page_071,24
U06289,browse,2023-12-09,page_012,160
U06290,register,2024-08-03,page_087,16
U06291,register,2023-11-05,page_071,20
U06291,app_open,2023-11-05,page_099,38
U06292,register,2023-03-17,page_096,22
U06293,register,2024-12-09,page_070,11
U06293,app_open,2024-12-09,page_049,25
U06293,browse,2024-12-09,page_085,242
U06294,register,2023-06-18,page_015,23
U06294,app_open,2023-06-18,page_025,42
U06294,browse,2023-06-18,page_027,66
U06294,add_to_cart,2023-06-18,page_089,102
U06295,register,2023-06-06,page_054,21
U06295,app_open,2023-06-06,page_093,59
U06295,browse,2023-06-06,page_021,289
U06295,share,2023-07-04,page_085,10
U06296,register,2024-10-10,page_068,25
U06296,app_open,2024-10-10,page_013,51
U06296,browse,2024-10-10,page_045,220
U06297,register,2023-11-14,page_050,7
U06297,app_open,2023-11-14,page_051,54
U06298,register,2023-12-25,page_015,25
U06298,app_open,2023-12-25,page_081,36
U06298,browse,2023-12-25,page_011,76
U06298,add_to_cart,2023-12-25,page_082,50
U06299,register,2024-08-18,page_010,27
U06299,app_open,2024-08-18,page_062,55
U06299,browse,2024-08-18,page_058,299
U06300,register,2024-12-22,page_089,21
U06300,app_open,2024-12-22,page_058,15
U06300,browse,2024-12-22,page_031,32
U06300,add_to_cart,2024-12-22,page_039,35
U06301,register,2024-03-10,page_043,12
U06301,app_open,2024-03-10,page_021,54
U06302,register,2023-01-15,page_076,10
U06302,app_open,2023-01-15,page_058,27
U06302,browse,2023-01-15,page_040,120
U06303,register,2024-10-02,page_052,15
U06303,app_open,2024-10-02,page_064,52
U06303,browse,2024-10-02,page_070,120
U06303,add_to_cart,2024-10-02,page_040,112
U06304,register,2024-08-02,page_093,15
U06304,app_open,2024-08-02,page_042,54
U06304,browse,2024-08-02,page_019,281
U06304,add_to_cart,2024-08-02,page_065,30
U06304,share,2024-08-21,page_091,14
U06305,register,2023-04-23,page_056,7
U06305,app_open,2023-04-23,page_075,22
U06305,browse,2023-04-23,page_016,189
U06306,register,2024-12-14,page_047,12
U06306,app_open,2024-12-14,page_007,18
U06307,register,2024-07-14,page_020,7
U06307,app_open,2024-07-14,page_091,33
U06307,browse,2024-07-14,page_045,280
U06308,register,2024-01-01,page_014,27
U06308,app_open,2024-01-01,page_009,49
U06309,register,2023-10-14,page_076,24
U06309,app_open,2023-10-14,page_059,18
U06310,register,2024-05-26,page_020,29
U06311,register,2024-04-15,page_044,8
U06311,app_open,2024-04-15,page_028,41
U06311,browse,2024-04-15,page_023,231
U06311,add_to_cart,2024-04-15,page_041,108
U06312,register,2023-11-23,page_087,6
U06312,app_open,2023-11-23,page_080,56
U06312,browse,2023-11-23,page_056,241
U06313,register,2023-12-01,page_068,10
U06313,app_open,2023-12-01,page_069,22
U06313,browse,2023-12-01,page_040,165
U06313,add_to_cart,2023-12-01,page_016,114
U06314,register,2023-03-11,page_016,17
U06314,app_open,2023-03-11,page_041,57
U06315,register,2024-09-11,page_057,19
U06316,register,2023-05-15,page_085,9
U06316,app_open,2023-05-15,page_092,50
U06316,browse,2023-05-15,page_038,224
U06317,register,2024-08-24,page_030,10
U06317,app_open,2024-08-24,page_035,19
U06318,register,2024-04-03,page_094,9
U06318,app_open,2024-04-03,page_034,53
U06318,browse,2024-04-03,page_062,223
U06319,register,2023-08-16,page_071,19
U06319,app_open,2023-08-16,page_052,43
U06320,register,2024-04-22,page_001,14
U06320,app_open,2024-04-22,page_038,46
U06320,browse,2024-04-22,page_042,264
U06320,add_to_cart,2024-04-22,page_060,81
U06321,register,2023-04-26,page_093,14
U06321,app_open,2023-04-26,page_005,55
U06321,browse,2023-04-26,page_023,129
U06321,add_to_cart,2023-04-26,page_052,49
U06321,share,2023-05-25,page_050,17
U06322,register,2024-03-19,page_048,20
U06322,app_open,2024-03-19,page_095,55
U06322,browse,2024-03-19,page_043,158
U06323,register,2024-03-13,page_043,19
U06324,register,2023-10-02,page_092,16
U06324,app_open,2023-10-02,page_004,37
U06324,browse,2023-10-02,page_015,42
U06324,add_to_cart,2023-10-02,page_041,56
U06325,register,2023-06-17,page_079,16
U06325,app_open,2023-06-17,page_085,31
U06325,browse,2023-06-17,page_095,282
U06325,share,2023-07-01,page_001,26
U06326,register,2023-08-16,page_045,8
U06327,register,2024-09-13,page_069,20
U06327,app_open,2024-09-13,page_053,17
U06327,browse,2024-09-13,page_042,258
U06327,add_to_cart,2024-09-13,page_059,33
U06328,register,2024-11-28,page_039,25
U06328,app_open,2024-11-28,page_071,40
U06328,browse,2024-11-28,page_037,132
U06329,register,2023-12-16,page_069,19
U06329,app_open,2023-12-16,page_085,41
U06329,browse,2023-12-16,page_031,149
U06330,register,2023-07-27,page_044,15
U06330,app_open,2023-07-27,page_065,19
U06330,browse,2023-07-27,page_078,93
U06330,add_to_cart,2023-07-27,page_031,78
U06331,register,2023-10-06,page_091,22
U06331,app_open,2023-10-06,page_016,15
U06331,browse,2023-10-06,page_072,73
U06332,register,2023-05-18,page_014,16
U06332,app_open,2023-05-18,page_012,52
U06332,share,2023-06-13,page_013,13
U06333,register,2024-04-03,page_097,5
U06333,app_open,2024-04-03,page_069,50
U06333,browse,2024-04-03,page_069,40
U06334,register,2023-03-05,page_072,22
U06334,app_open,2023-03-05,page_003,19
U06335,register,2023-02-27,page_056,10
U06335,app_open,2023-02-27,page_002,45
U06335,browse,2023-02-27,page_073,274
U06336,register,2023-01-04,page_017,7
U06336,app_open,2023-01-04,page_008,47
U06336,browse,2023-01-04,page_098,154
U06337,register,2023-10-13,page_042,15
U06337,app_open,2023-10-13,page_087,19
U06337,browse,2023-10-13,page_074,231
U06338,register,2023-03-11,page_037,21
U06339,register,2023-03-28,page_053,18
U06339,app_open,2023-03-28,page_089,26
U06339,browse,2023-03-28,page_070,251
U06339,share,2023-04-03,page_044,25
U06340,register,2023-10-27,page_018,5
U06340,app_open,2023-10-27,page_013,56
U06340,browse,2023-10-27,page_019,224
U06340,share,2023-11-14,page_089,24
U06341,register,2024-10-28,page_030,23
U06341,app_open,2024-10-28,page_041,43
U06341,share,2024-11-24,page_095,21
U06342,register,2023-09-26,page_088,10
U06342,app_open,2023-09-26,page_088,32
U06342,browse,2023-09-26,page_099,297
U06343,register,2023-10-27,page_047,29
U06343,app_open,2023-10-27,page_034,55
U06343,browse,2023-10-27,page_003,195
U06343,add_to_cart,2023-10-27,page_015,81
U06344,register,2024-01-18,page_054,28
U06344,app_open,2024-01-18,page_010,47
U06344,browse,2024-01-18,page_074,40
U06344,add_to_cart,2024-01-18,page_031,35
U06345,register,2024-09-18,page_018,28
U06345,app_open,2024-09-18,page_039,23
U06345,browse,2024-09-18,page_051,141
U06346,register,2024-10-17,page_090,14
U06346,app_open,2024-10-17,page_024,47
U06347,register,2024-05-25,page_010,18
U06347,app_open,2024-05-25,page_057,29
U06347,browse,2024-05-25,page_069,66
U06348,register,2023-05-09,page_068,19
U06348,app_open,2023-05-09,page_036,37
U06348,browse,2023-05-09,page_008,205
U06348,add_to_cart,2023-05-09,page_062,90
U06349,register,2023-12-12,page_062,7
U06349,app_open,2023-12-12,page_053,56
U06349,browse,2023-12-12,page_039,195
U06350,register,2024-12-25,page_023,28
U06350,app_open,2024-12-25,page_082,36
U06350,browse,2024-12-25,page_020,283
U06351,register,2024-12-19,page_041,23
U06351,app_open,2024-12-19,page_022,21
U06351,browse,2024-12-19,page_085,252
U06351,add_to_cart,2024-12-19,page_027,59
U06351,share,2025-01-09,page_071,5
U06352,register,2023-07-20,page_011,20
U06352,app_open,2023-07-20,page_050,31
U06352,browse,2023-07-20,page_012,103
U06352,add_to_cart,2023-07-20,page_054,46
U06353,register,2024-12-23,page_034,21
U06353,app_open,2024-12-23,page_002,12
U06353,browse,2024-12-23,page_066,223
U06353,add_to_cart,2024-12-23,page_008,37
U06354,register,2023-12-09,page_041,29
U06354,app_open,2023-12-09,page_011,46
U06354,browse,2023-12-09,page_023,297
U06354,add_to_cart,2023-12-09,page_017,67
U06355,register,2023-08-19,page_063,21
U06355,app_open,2023-08-19,page_001,11
U06355,browse,2023-08-19,page_026,253
U06355,add_to_cart,2023-08-19,page_031,66
U06356,register,2024-09-03,page_033,15
U06357,register,2023-11-12,page_079,22
U06357,app_open,2023-11-12,page_090,42
U06358,register,2024-05-07,page_044,12
U06358,app_open,2024-05-07,page_089,11
U06359,register,2023-03-07,page_051,9
U06359,app_open,2023-03-07,page_070,21
U06359,browse,2023-03-07,page_074,70
U06359,add_to_cart,2023-03-07,page_016,39
U06360,register,2023-07-27,page_006,9
U06360,app_open,2023-07-27,page_030,18
U06360,browse,2023-07-27,page_063,205
U06361,register,2024-02-02,page_065,24
U06361,app_open,2024-02-02,page_072,31
U06361,browse,2024-02-02,page_091,37
U06361,add_to_cart,2024-02-02,page_031,34
U06362,register,2024-04-21,page_007,25
U06363,register,2023-10-14,page_059,13
U06363,app_open,2023-10-14,page_017,26
U06363,browse,2023-10-14,page_007,142
U06363,add_to_cart,2023-10-14,page_054,115
U06364,register,2023-07-02,page_088,29
U06365,register,2023-10-02,page_054,12
U06365,app_open,2023-10-02,page_054,53
U06365,share,2023-10-19,page_020,9
U06366,register,2024-01-22,page_074,21
U06366,app_open,2024-01-22,page_056,31
U06367,register,2023-02-10,page_087,13
U06367,app_open,2023-02-10,page_079,46
U06367,browse,2023-02-10,page_025,30
U06368,register,2024-02-17,page_072,12
U06368,app_open,2024-02-17,page_028,44
U06369,register,2024-07-12,page_012,22
U06370,register,2024-05-06,page_054,12
U06370,app_open,2024-05-06,page_042,35
U06370,browse,2024-05-06,page_042,131
U06371,register,2023-04-02,page_056,19
U06371,app_open,2023-04-02,page_016,15
U06371,browse,2023-04-02,page_023,79
U06372,register,2024-03-28,page_020,16
U06372,app_open,2024-03-28,page_080,27
U06372,browse,2024-03-28,page_021,151
U06373,register,2024-11-23,page_050,18
U06373,app_open,2024-11-23,page_001,41
U06373,browse,2024-11-23,page_021,208
U06373,share,2024-12-05,page_055,16
U06374,register,2024-12-16,page_029,5
U06374,app_open,2024-12-16,page_025,37
U06374,browse,2024-12-16,page_065,61
U06375,register,2023-12-28,page_061,24
U06376,register,2023-07-13,page_011,18
U06376,app_open,2023-07-13,page_085,19
U06376,browse,2023-07-13,page_019,119
U06376,add_to_cart,2023-07-13,page_058,62
U06377,register,2023-01-19,page_073,9
U06378,register,2024-01-01,page_077,15
U06378,app_open,2024-01-01,page_052,44
U06378,browse,2024-01-01,page_056,39
U06378,add_to_cart,2024-01-01,page_015,34
U06379,register,2023-02-01,page_088,23
U06379,app_open,2023-02-01,page_001,44
U06379,browse,2023-02-01,page_066,129
U06379,share,2023-02-05,page_020,14
U06380,register,2023-12-25,page_062,27
U06380,app_open,2023-12-25,page_075,44
U06381,register,2024-11-25,page_024,15
U06381,app_open,2024-11-25,page_049,34
U06381,browse,2024-11-25,page_004,144
U06382,register,2024-12-10,page_040,29
U06382,app_open,2024-12-10,page_065,16
U06382,browse,2024-12-10,page_094,139
U06383,register,2023-02-01,page_090,26
U06383,app_open,2023-02-01,page_051,15
U06383,browse,2023-02-01,page_078,260
U06383,add_to_cart,2023-02-01,page_041,47
U06384,register,2023-05-23,page_060,9
U06384,app_open,2023-05-23,page_059,15
U06385,register,2023-02-04,page_080,19
U06385,app_open,2023-02-04,page_001,23
U06385,browse,2023-02-04,page_095,193
U06385,add_to_cart,2023-02-04,page_080,75
U06386,register,2024-11-14,page_098,17
U06387,register,2023-09-06,page_053,12
U06387,app_open,2023-09-06,page_082,20
U06387,browse,2023-09-06,page_013,260
U06388,register,2024-11-24,page_007,14
U06388,app_open,2024-11-24,page_040,56
U06388,browse,2024-11-24,page_091,44
U06388,add_to_cart,2024-11-24,page_006,69
U06389,register,2023-12-12,page_048,22
U06389,app_open,2023-12-12,page_082,41
U06389,browse,2023-12-12,page_050,229
U06389,share,2024-01-03,page_034,11
U06390,register,2024-12-09,page_017,27
U06390,app_open,2024-12-09,page_017,36
U06390,browse,2024-12-09,page_052,117
U06390,add_to_cart,2024-12-09,page_028,27
U06390,share,2024-12-21,page_072,22
U06391,register,2024-03-10,page_041,10
U06391,app_open,2024-03-10,page_096,27
U06391,browse,2024-03-10,page_073,94
U06391,add_to_cart,2024-03-10,page_029,21
U06391,share,2024-03-29,page_089,17
U06392,register,2023-02-23,page_078,14
U06393,register,2024-06-07,page_064,21
U06393,app_open,2024-06-07,page_085,57
U06393,browse,2024-06-07,page_021,170
U06394,register,2023-09-20,page_042,25
U06394,app_open,2023-09-20,page_069,59
U06394,share,2023-09-25,page_014,24
U06395,register,2024-09-21,page_006,21
U06396,register,2024-06-03,page_052,29
U06396,app_open,2024-06-03,page_038,57
U06396,browse,2024-06-03,page_094,253
U06396,share,2024-06-23,page_028,17
U06397,register,2024-01-10,page_022,7
U06397,app_open,2024-01-10,page_019,46
U06398,register,2024-05-03,page_047,26
U06398,app_open,2024-05-03,page_042,13
U06398,browse,2024-05-03,page_041,171
U06398,add_to_cart,2024-05-03,page_014,72
U06399,register,2024-09-09,page_076,7
U06399,app_open,2024-09-09,page_082,50
U06399,browse,2024-09-09,page_095,127
U06399,add_to_cart,2024-09-09,page_019,15
U06400,register,2024-05-16,page_086,10
U06400,app_open,2024-05-16,page_071,35
U06400,browse,2024-05-16,page_035,134
U06401,register,2023-06-28,page_058,18
U06401,app_open,2023-06-28,page_068,23
U06402,register,2024-06-28,page_081,15
U06402,app_open,2024-06-28,page_076,48
U06402,browse,2024-06-28,page_038,60
U06403,register,2023-06-26,page_057,17
U06403,app_open,2023-06-26,page_092,29
U06403,browse,2023-06-26,page_071,100
U06403,add_to_cart,2023-06-26,page_027,108
U06404,register,2023-06-17,page_045,26
U06405,register,2024-09-10,page_056,10
U06405,app_open,2024-09-10,page_067,42
U06405,browse,2024-09-10,page_015,105
U06406,register,2023-02-01,page_069,11
U06406,app_open,2023-02-01,page_034,56
U06406,browse,2023-02-01,page_014,164
U06406,add_to_cart,2023-02-01,page_015,59
U06407,register,2023-11-25,page_036,12
U06407,app_open,2023-11-25,page_084,35
U06408,register,2023-06-01,page_008,13
U06408,app_open,2023-06-01,page_080,46
U06408,browse,2023-06-01,page_008,191
U06408,add_to_cart,2023-06-01,page_066,80
U06408,share,2023-06-16,page_056,15
U06409,register,2024-04-26,page_002,25
U06409,app_open,2024-04-26,page_076,29
U06409,browse,2024-04-26,page_033,213
U06410,register,2023-09-12,page_012,28
U06410,app_open,2023-09-12,page_014,32
U06411,register,2023-09-13,page_007,29
U06411,app_open,2023-09-13,page_031,47
U06411,browse,2023-09-13,page_074,294
U06411,add_to_cart,2023-09-13,page_086,65
U06412,register,2023-07-25,page_065,21
U06412,app_open,2023-07-25,page_060,28
U06412,browse,2023-07-25,page_039,140
U06412,add_to_cart,2023-07-25,page_021,39
U06413,register,2023-01-03,page_043,7
U06413,app_open,2023-01-03,page_004,55
U06413,browse,2023-01-03,page_052,70
U06413,share,2023-01-05,page_014,12
U06414,register,2024-12-03,page_042,21
U06414,app_open,2024-12-03,page_089,40
U06414,browse,2024-12-03,page_003,217
U06414,add_to_cart,2024-12-03,page_041,99
U06415,register,2024-12-19,page_099,22
U06415,app_open,2024-12-19,page_033,16
U06415,browse,2024-12-19,page_026,139
U06415,add_to_cart,2024-12-19,page_068,100
U06416,register,2023-04-28,page_059,5
U06417,register,2023-12-04,page_076,24
U06417,app_open,2023-12-04,page_097,42
U06417,browse,2023-12-04,page_093,36
U06418,register,2024-09-10,page_030,19
U06419,register,2023-04-23,page_039,15
U06419,app_open,2023-04-23,page_066,57
U06419,browse,2023-04-23,page_079,72
U06419,add_to_cart,2023-04-23,page_077,30
U06420,register,2023-11-04,page_005,18
U06420,app_open,2023-11-04,page_047,59
U06420,browse,2023-11-04,page_018,41
U06421,register,2023-11-17,page_068,15
U06421,app_open,2023-11-17,page_008,36
U06421,browse,2023-11-17,page_013,266
U06421,add_to_cart,2023-11-17,page_061,107
U06422,register,2024-09-28,page_038,23
U06422,app_open,2024-09-28,page_032,37
U06423,register,2024-12-22,page_044,16
U06423,app_open,2024-12-22,page_007,11
U06423,browse,2024-12-22,page_066,196
U06424,register,2024-08-20,page_010,10
U06424,app_open,2024-08-20,page_013,21
U06424,browse,2024-08-20,page_014,118
U06424,add_to_cart,2024-08-20,page_004,111
U06425,register,2024-01-17,page_058,20
U06425,app_open,2024-01-17,page_065,17
U06425,browse,2024-01-17,page_005,234
U06425,share,2024-02-01,page_076,25
U06426,register,2024-01-17,page_072,23
U06426,app_open,2024-01-17,page_087,22
U06426,browse,2024-01-17,page_023,155
U06427,register,2024-07-20,page_069,16
U06427,app_open,2024-07-20,page_008,42
U06427,browse,2024-07-20,page_067,110
U06428,register,2024-03-04,page_076,28
U06428,app_open,2024-03-04,page_020,42
U06429,register,2024-06-11,page_041,10
U06430,register,2023-09-16,page_086,14
U06430,app_open,2023-09-16,page_016,36
U06430,browse,2023-09-16,page_060,222
U06430,add_to_cart,2023-09-16,page_093,85
U06431,register,2024-12-03,page_012,23
U06431,app_open,2024-12-03,page_057,17
U06431,browse,2024-12-03,page_044,181
U06432,register,2024-06-17,page_078,16
U06432,app_open,2024-06-17,page_045,47
U06432,browse,2024-06-17,page_050,195
U06432,share,2024-07-15,page_024,24
U06433,register,2023-10-25,page_098,23
U06433,app_open,2023-10-25,page_025,55
U06433,browse,2023-10-25,page_015,192
U06433,add_to_cart,2023-10-25,page_047,41
U06434,register,2023-05-24,page_046,27
U06434,app_open,2023-05-24,page_058,27
U06434,browse,2023-05-24,page_034,90
U06435,register,2024-03-20,page_084,24
U06435,app_open,2024-03-20,page_011,14
U06436,register,2024-06-05,page_038,28
U06436,app_open,2024-06-05,page_054,18
U06436,browse,2024-06-05,page_068,43
U06436,add_to_cart,2024-06-05,page_067,30
U06436,share,2024-06-30,page_059,10
U06437,register,2024-12-15,page_046,11
U06437,app_open,2024-12-15,page_037,28
U06437,browse,2024-12-15,page_068,198
U06438,register,2023-06-08,page_025,6
U06438,app_open,2023-06-08,page_088,49
U06439,register,2023-03-05,page_018,11
U06439,app_open,2023-03-05,page_081,20
U06439,browse,2023-03-05,page_043,188
U06439,share,2023-03-12,page_093,11
U06440,register,2024-06-28,page_099,16
U06440,app_open,2024-06-28,page_064,37
U06440,browse,2024-06-28,page_079,106
U06440,add_to_cart,2024-06-28,page_089,88
U06441,register,2024-03-27,page_089,20
U06441,app_open,2024-03-27,page_097,10
U06441,browse,2024-03-27,page_082,230
U06441,add_to_cart,2024-03-27,page_062,41
U06442,register,2023-12-19,page_075,7
U06442,app_open,2023-12-19,page_097,49
U06442,browse,2023-12-19,page_079,62
U06442,add_to_cart,2023-12-19,page_058,51
U06443,register,2023-07-01,page_004,20
U06444,register,2024-12-21,page_049,28
U06444,app_open,2024-12-21,page_014,54
U06444,browse,2024-12-21,page_037,264
U06445,register,2023-02-19,page_070,7
U06446,register,2024-01-20,page_008,27
U06446,app_open,2024-01-20,page_040,19
U06446,browse,2024-01-20,page_048,56
U06446,add_to_cart,2024-01-20,page_055,112
U06447,register,2024-06-10,page_084,22
U06447,app_open,2024-06-10,page_097,53
U06447,browse,2024-06-10,page_019,120
U06448,register,2024-01-05,page_014,21
U06448,app_open,2024-01-05,page_063,29
U06448,browse,2024-01-05,page_009,206
U06449,register,2024-11-13,page_004,16
U06449,app_open,2024-11-13,page_093,30
U06449,browse,2024-11-13,page_094,215
U06449,add_to_cart,2024-11-13,page_021,46
U06450,register,2023-09-01,page_053,23
U06450,app_open,2023-09-01,page_013,14
U06450,browse,2023-09-01,page_081,200
U06451,register,2024-10-06,page_079,11
U06451,app_open,2024-10-06,page_011,37
U06451,browse,2024-10-06,page_033,285
U06451,share,2024-10-20,page_077,13
U06452,register,2023-01-18,page_064,15
U06452,app_open,2023-01-18,page_073,27
U06452,browse,2023-01-18,page_002,186
U06453,register,2024-04-08,page_033,10
U06453,app_open,2024-04-08,page_040,36
U06453,browse,2024-04-08,page_087,177
U06454,register,2023-06-13,page_064,13
U06454,app_open,2023-06-13,page_059,48
U06454,browse,2023-06-13,page_021,98
U06454,add_to_cart,2023-06-13,page_076,56
U06455,register,2024-05-26,page_054,7
U06455,app_open,2024-05-26,page_092,40
U06456,register,2024-01-10,page_026,29
U06456,app_open,2024-01-10,page_017,18
U06456,browse,2024-01-10,page_041,90
U06456,add_to_cart,2024-01-10,page_009,91
U06457,register,2023-06-26,page_090,28
U06457,app_open,2023-06-26,page_002,43
U06457,browse,2023-06-26,page_071,76
U06458,register,2024-11-18,page_073,27
U06458,app_open,2024-11-18,page_033,31
U06458,browse,2024-11-18,page_067,220
U06458,add_to_cart,2024-11-18,page_080,86
U06458,share,2024-12-13,page_038,25
U06459,register,2024-08-23,page_053,6
U06459,app_open,2024-08-23,page_036,26
U06459,browse,2024-08-23,page_046,166
U06460,register,2024-01-27,page_026,27
U06461,register,2024-03-06,page_047,14
U06461,app_open,2024-03-06,page_081,41
U06461,browse,2024-03-06,page_025,176
U06462,register,2023-11-08,page_064,20
U06462,app_open,2023-11-08,page_035,59
U06462,browse,2023-11-08,page_058,209
U06463,register,2024-02-13,page_070,8
U06463,app_open,2024-02-13,page_084,18
U06463,browse,2024-02-13,page_024,32
U06464,register,2024-10-02,page_055,6
U06464,app_open,2024-10-02,page_064,55
U06464,browse,2024-10-02,page_050,170
U06464,add_to_cart,2024-10-02,page_091,56
U06465,register,2023-01-05,page_050,26
U06466,register,2023-11-10,page_030,16
U06466,app_open,2023-11-10,page_017,25
U06466,browse,2023-11-10,page_002,66
U06467,register,2023-12-10,page_074,9
U06467,app_open,2023-12-10,page_061,17
U06467,browse,2023-12-10,page_008,182
U06467,add_to_cart,2023-12-10,page_081,53
U06467,share,2024-01-07,page_015,25
U06468,register,2023-09-02,page_094,22
U06468,app_open,2023-09-02,page_054,20
U06468,browse,2023-09-02,page_067,194
U06468,add_to_cart,2023-09-02,page_099,66
U06469,register,2024-11-25,page_035,16
U06469,app_open,2024-11-25,page_059,52
U06470,register,2023-04-04,page_041,28
U06470,app_open,2023-04-04,page_062,51
U06471,register,2024-09-06,page_016,21
U06471,app_open,2024-09-06,page_088,52
U06471,browse,2024-09-06,page_031,137
U06471,add_to_cart,2024-09-06,page_055,25
U06472,register,2023-12-07,page_009,20
U06472,app_open,2023-12-07,page_093,44
U06473,register,2024-10-19,page_028,18
U06473,app_open,2024-10-19,page_065,39
U06473,share,2024-11-05,page_072,13
U06474,register,2023-02-22,page_080,19
U06474,app_open,2023-02-22,page_073,39
U06474,browse,2023-02-22,page_091,223
U06475,register,2024-07-04,page_050,6
U06475,app_open,2024-07-04,page_014,31
U06476,register,2023-03-23,page_083,22
U06476,app_open,2023-03-23,page_075,37
U06477,register,2023-04-28,page_027,12
U06477,app_open,2023-04-28,page_087,30
U06477,browse,2023-04-28,page_059,199
U06477,add_to_cart,2023-04-28,page_061,118
U06478,register,2024-02-06,page_006,12
U06478,app_open,2024-02-06,page_061,24
U06478,browse,2024-02-06,page_010,129
U06478,add_to_cart,2024-02-06,page_001,57
U06479,register,2023-06-09,page_042,19
U06479,app_open,2023-06-09,page_043,37
U06479,share,2023-06-15,page_009,25
U06480,register,2023-05-07,page_076,14
U06480,app_open,2023-05-07,page_044,24
U06480,browse,2023-05-07,page_046,218
U06480,add_to_cart,2023-05-07,page_030,97
U06480,share,2023-05-20,page_056,5
U06481,register,2024-01-01,page_009,23
U06481,app_open,2024-01-01,page_042,20
U06481,browse,2024-01-01,page_020,101
U06481,add_to_cart,2024-01-01,page_032,109
U06482,register,2024-12-02,page_027,28
U06482,app_open,2024-12-02,page_058,48
U06482,browse,2024-12-02,page_058,272
U06482,add_to_cart,2024-12-02,page_007,23
U06483,register,2024-08-10,page_013,28
U06483,app_open,2024-08-10,page_082,37
U06483,browse,2024-08-10,page_083,123
U06484,register,2024-11-28,page_067,18
U06485,register,2023-06-04,page_034,18
U06485,app_open,2023-06-04,page_050,15
U06485,browse,2023-06-04,page_039,120
U06485,share,2023-06-29,page_039,23
U06486,register,2023-08-14,page_027,28
U06486,app_open,2023-08-14,page_003,16
U06486,browse,2023-08-14,page_058,200
U06487,register,2024-04-15,page_046,24
U06487,app_open,2024-04-15,page_056,40
U06487,browse,2024-04-15,page_041,42
U06488,register,2024-01-12,page_069,16
U06488,app_open,2024-01-12,page_028,58
U06489,register,2023-07-15,page_059,10
U06489,app_open,2023-07-15,page_025,57
U06489,browse,2023-07-15,page_055,135
U06490,register,2023-06-21,page_025,16
U06490,app_open,2023-06-21,page_032,44
U06490,browse,2023-06-21,page_022,111
U06491,register,2024-09-14,page_066,10
U06491,app_open,2024-09-14,page_041,57
U06491,share,2024-09-17,page_072,18
U06492,register,2024-03-23,page_016,28
U06492,app_open,2024-03-23,page_013,16
U06492,browse,2024-03-23,page_089,105
U06492,add_to_cart,2024-03-23,page_010,99
U06493,register,2023-11-22,page_008,21
U06493,app_open,2023-11-22,page_057,35
U06494,register,2023-04-23,page_069,6
U06495,register,2023-05-23,page_033,10
U06495,app_open,2023-05-23,page_017,58
U06495,share,2023-06-12,page_050,14
U06496,register,2024-11-27,page_030,20
U06496,app_open,2024-11-27,page_005,15
U06497,register,2023-02-28,page_033,27
U06497,app_open,2023-02-28,page_042,13
U06497,browse,2023-02-28,page_066,255
U06498,register,2024-08-15,page_098,24
U06498,app_open,2024-08-15,page_049,27
U06498,browse,2024-08-15,page_088,116
U06499,register,2023-10-04,page_037,21
U06499,app_open,2023-10-04,page_021,38
U06499,browse,2023-10-04,page_052,113
U06500,register,2024-11-08,page_070,19
U06500,app_open,2024-11-08,page_068,36
U06500,browse,2024-11-08,page_075,147
U06500,share,2024-12-02,page_064,21
U06501,register,2023-11-17,page_072,21
U06501,app_open,2023-11-17,page_018,23
U06501,browse,2023-11-17,page_051,113
U06501,add_to_cart,2023-11-17,page_066,119
U06501,share,2023-11-21,page_072,26
U06502,register,2023-07-11,page_079,7
U06503,register,2024-10-10,page_027,27
U06503,app_open,2024-10-10,page_003,23
U06503,browse,2024-10-10,page_077,249
U06503,share,2024-11-05,page_086,5
U06504,register,2023-01-08,page_019,16
U06504,app_open,2023-01-08,page_033,22
U06504,browse,2023-01-08,page_079,174
U06505,register,2023-05-13,page_046,21
U06505,app_open,2023-05-13,page_082,49
U06505,browse,2023-05-13,page_033,86
U06506,register,2023-07-24,page_076,19
U06506,app_open,2023-07-24,page_060,53
U06506,browse,2023-07-24,page_010,265
U06506,share,2023-08-15,page_026,15
U06507,register,2024-11-11,page_003,11
U06507,app_open,2024-11-11,page_005,28
U06507,browse,2024-11-11,page_021,110
U06508,register,2023-12-14,page_028,12
U06508,app_open,2023-12-14,page_072,30
U06508,browse,2023-12-14,page_079,188
U06508,add_to_cart,2023-12-14,page_056,117
U06509,register,2023-12-26,page_007,9
U06509,app_open,2023-12-26,page_035,10
U06509,browse,2023-12-26,page_036,220
U06509,add_to_cart,2023-12-26,page_088,83
U06510,register,2023-01-06,page_052,24
U06510,app_open,2023-01-06,page_038,40
U06511,register,2023-11-11,page_036,24
U06511,app_open,2023-11-11,page_001,39
U06511,browse,2023-11-11,page_001,143
U06512,register,2023-12-01,page_003,10
U06513,register,2024-08-20,page_051,5
U06513,app_open,2024-08-20,page_040,16
U06513,share,2024-08-22,page_041,22
U06514,register,2024-12-06,page_047,16
U06514,app_open,2024-12-06,page_046,35
U06514,browse,2024-12-06,page_002,83
U06515,register,2024-11-13,page_056,5
U06515,app_open,2024-11-13,page_030,30
U06515,share,2024-12-07,page_088,12
U06516,register,2023-12-10,page_006,29
U06516,app_open,2023-12-10,page_028,28
U06516,browse,2023-12-10,page_077,274
U06516,add_to_cart,2023-12-10,page_081,40
U06517,register,2024-11-07,page_027,22
U06517,app_open,2024-11-07,page_070,20
U06517,browse,2024-11-07,page_023,137
U06517,share,2024-11-21,page_030,16
U06518,register,2023-10-18,page_063,11
U06518,app_open,2023-10-18,page_081,21
U06519,register,2023-06-24,page_057,29
U06520,register,2023-08-20,page_016,29
U06520,app_open,2023-08-20,page_014,45
U06520,browse,2023-08-20,page_069,286
U06520,add_to_cart,2023-08-20,page_004,17
U06521,register,2024-11-09,page_078,24
U06522,register,2024-04-24,page_093,23
U06522,app_open,2024-04-24,page_004,37
U06522,browse,2024-04-24,page_006,195
U06523,register,2023-02-11,page_064,17
U06523,app_open,2023-02-11,page_004,26
U06523,browse,2023-02-11,page_016,240
U06523,add_to_cart,2023-02-11,page_093,111
U06524,register,2024-12-19,page_016,26
U06524,app_open,2024-12-19,page_015,50
U06524,browse,2024-12-19,page_093,213
U06525,register,2023-04-03,page_045,7
U06525,app_open,2023-04-03,page_069,11
U06526,register,2024-03-08,page_015,20
U06526,app_open,2024-03-08,page_091,52
U06526,browse,2024-03-08,page_010,104
U06526,add_to_cart,2024-03-08,page_035,76
U06527,register,2023-04-11,page_028,25
U06527,app_open,2023-04-11,page_006,34
U06527,browse,2023-04-11,page_051,199
U06527,add_to_cart,2023-04-11,page_010,61
U06528,register,2024-05-09,page_024,23
U06528,app_open,2024-05-09,page_028,37
U06529,register,2023-01-08,page_059,19
U06529,app_open,2023-01-08,page_087,30
U06530,register,2023-02-23,page_043,20
U06530,app_open,2023-02-23,page_033,53
U06530,browse,2023-02-23,page_029,32
U06531,register,2024-01-01,page_074,21
U06531,app_open,2024-01-01,page_097,16
U06531,browse,2024-01-01,page_044,158
U06532,register,2024-10-10,page_040,28
U06533,register,2023-12-27,page_023,7
U06533,app_open,2023-12-27,page_078,42
U06533,browse,2023-12-27,page_027,69
U06533,add_to_cart,2023-12-27,page_061,77
U06534,register,2023-11-10,page_057,5
U06534,app_open,2023-11-10,page_073,12
U06534,share,2023-11-15,page_029,8
U06535,register,2024-02-14,page_086,23
U06535,app_open,2024-02-14,page_029,45
U06535,browse,2024-02-14,page_087,264
U06536,register,2023-08-11,page_095,14
U06537,register,2024-10-09,page_066,17
U06537,app_open,2024-10-09,page_019,34
U06537,browse,2024-10-09,page_071,207
U06537,share,2024-10-28,page_082,14
U06538,register,2024-03-27,page_057,14
U06539,register,2023-01-25,page_080,13
U06539,app_open,2023-01-25,page_094,36
U06539,browse,2023-01-25,page_004,51
U06539,add_to_cart,2023-01-25,page_052,90
U06540,register,2024-07-18,page_024,19
U06540,app_open,2024-07-18,page_049,49
U06540,browse,2024-07-18,page_014,275
U06540,add_to_cart,2024-07-18,page_003,44
U06541,register,2023-12-08,page_048,18
U06542,register,2023-05-13,page_049,20
U06542,app_open,2023-05-13,page_028,44
U06543,register,2024-05-01,page_007,14
U06543,app_open,2024-05-01,page_036,23
U06543,browse,2024-05-01,page_027,186
U06543,share,2024-05-04,page_095,20
U06544,register,2023-02-07,page_054,13
U06544,app_open,2023-02-07,page_053,14
U06544,browse,2023-02-07,page_004,231
U06544,add_to_cart,2023-02-07,page_046,30
U06545,register,2023-02-25,page_065,23
U06545,app_open,2023-02-25,page_019,31
U06545,browse,2023-02-25,page_043,293
U06546,register,2024-10-04,page_008,20
U06546,app_open,2024-10-04,page_023,52
U06546,share,2024-10-07,page_099,28
U06547,register,2024-01-14,page_046,8
U06547,app_open,2024-01-14,page_042,54
U06547,browse,2024-01-14,page_021,110
U06548,register,2024-08-03,page_067,15
U06548,app_open,2024-08-03,page_092,40
U06548,browse,2024-08-03,page_096,183
U06548,add_to_cart,2024-08-03,page_014,59
U06549,register,2023-09-18,page_076,18
U06549,app_open,2023-09-18,page_028,18
U06549,share,2023-10-03,page_032,13
U06550,register,2024-04-19,page_015,23
U06551,register,2024-08-09,page_030,9
U06551,app_open,2024-08-09,page_072,47
U06552,register,2024-07-06,page_001,26
U06553,register,2023-12-15,page_056,25
U06553,app_open,2023-12-15,page_016,54
U06554,register,2024-09-06,page_070,9
U06554,app_open,2024-09-06,page_087,53
U06554,browse,2024-09-06,page_077,285
U06555,register,2023-05-14,page_087,16
U06555,app_open,2023-05-14,page_010,40
U06555,browse,2023-05-14,page_037,205
U06555,share,2023-05-24,page_094,14
U06556,register,2024-07-18,page_025,16
U06556,app_open,2024-07-18,page_012,17
U06556,browse,2024-07-18,page_091,76
U06557,register,2024-01-09,page_060,23
U06558,register,2024-08-26,page_012,14
U06558,app_open,2024-08-26,page_023,30
U06558,share,2024-09-14,page_078,13
U06559,register,2024-10-25,page_057,5
U06559,app_open,2024-10-25,page_024,27
U06559,browse,2024-10-25,page_027,115
U06560,register,2024-09-07,page_053,29
U06560,app_open,2024-09-07,page_078,34
U06560,browse,2024-09-07,page_060,166
U06560,add_to_cart,2024-09-07,page_019,116
U06561,register,2024-09-12,page_075,23
U06561,app_open,2024-09-12,page_092,12
U06562,register,2023-09-02,page_053,11
U06562,app_open,2023-09-02,page_013,50
U06562,browse,2023-09-02,page_044,299
U06563,register,2023-03-05,page_012,18
U06563,app_open,2023-03-05,page_023,27
U06563,browse,2023-03-05,page_033,213
U06564,register,2024-06-28,page_062,9
U06564,app_open,2024-06-28,page_011,28
U06564,browse,2024-06-28,page_011,79
U06564,add_to_cart,2024-06-28,page_022,62
U06565,register,2024-02-22,page_043,17
U06565,app_open,2024-02-22,page_032,42
U06565,browse,2024-02-22,page_031,73
U06565,share,2024-02-27,page_099,17
U06566,register,2024-07-21,page_013,22
U06566,app_open,2024-07-21,page_028,32
U06566,share,2024-08-15,page_085,14
U06567,register,2023-05-10,page_094,16
U06567,app_open,2023-05-10,page_084,58
U06567,browse,2023-05-10,page_095,291
U06567,add_to_cart,2023-05-10,page_088,51
U06568,register,2024-04-24,page_062,10
U06568,app_open,2024-04-24,page_063,22
U06569,register,2024-08-26,page_071,22
U06569,app_open,2024-08-26,page_054,17
U06569,browse,2024-08-26,page_048,218
U06569,add_to_cart,2024-08-26,page_089,115
U06569,share,2024-08-30,page_017,17
U06570,register,2023-01-21,page_034,23
U06570,app_open,2023-01-21,page_069,48
U06570,browse,2023-01-21,page_077,240
U06570,add_to_cart,2023-01-21,page_015,38
U06571,register,2023-04-05,page_073,19
U06571,app_open,2023-04-05,page_083,11
U06571,share,2023-04-12,page_058,25
U06572,register,2023-11-14,page_069,9
U06572,app_open,2023-11-14,page_092,35
U06572,browse,2023-11-14,page_003,293
U06573,register,2024-12-27,page_011,24
U06573,app_open,2024-12-27,page_047,42
U06573,browse,2024-12-27,page_012,206
U06573,add_to_cart,2024-12-27,page_052,67
U06574,register,2023-11-27,page_051,13
U06574,app_open,2023-11-27,page_082,40
U06574,share,2023-12-16,page_070,10
U06575,register,2024-12-08,page_015,29
U06575,app_open,2024-12-08,page_057,26
U06575,browse,2024-12-08,page_002,191
U06575,add_to_cart,2024-12-08,page_010,105
U06576,register,2023-01-28,page_014,26
U06576,app_open,2023-01-28,page_004,21
U06576,browse,2023-01-28,page_011,256
U06576,add_to_cart,2023-01-28,page_066,25
U06577,register,2023-07-13,page_060,27
U06577,app_open,2023-07-13,page_077,49
U06578,register,2024-08-06,page_077,13
U06578,app_open,2024-08-06,page_033,26
U06578,browse,2024-08-06,page_093,55
U06578,add_to_cart,2024-08-06,page_042,73
U06579,register,2023-04-12,page_092,25
U06580,register,2023-05-05,page_085,19
U06580,app_open,2023-05-05,page_083,28
U06580,browse,2023-05-05,page_001,246
U06581,register,2024-05-06,page_050,13
U06581,app_open,2024-05-06,page_067,37
U06581,browse,2024-05-06,page_024,237
U06582,register,2023-10-16,page_036,27
U06582,app_open,2023-10-16,page_094,41
U06582,browse,2023-10-16,page_042,291
U06583,register,2024-12-21,page_026,25
U06583,app_open,2024-12-21,page_018,59
U06584,register,2024-02-10,page_040,10
U06584,app_open,2024-02-10,page_063,13
U06585,register,2024-10-21,page_005,18
U06585,app_open,2024-10-21,page_060,52
U06586,register,2024-05-05,page_019,27
U06586,app_open,2024-05-05,page_095,25
U06586,browse,2024-05-05,page_006,132
U06586,add_to_cart,2024-05-05,page_097,105
U06587,register,2023-02-04,page_014,6
U06587,app_open,2023-02-04,page_024,31
U06587,browse,2023-02-04,page_075,226
U06587,add_to_cart,2023-02-04,page_071,119
U06588,register,2024-06-08,page_045,20
U06588,app_open,2024-06-08,page_042,16
U06588,browse,2024-06-08,page_006,245
U06588,add_to_cart,2024-06-08,page_032,24
U06589,register,2024-02-13,page_033,21
U06589,app_open,2024-02-13,page_008,31
U06589,browse,2024-02-13,page_092,100
U06590,register,2023-07-09,page_018,5
U06591,register,2023-04-05,page_079,27
U06592,register,2024-03-09,page_093,16
U06592,app_open,2024-03-09,page_096,37
U06593,register,2024-06-28,page_017,22
U06594,register,2024-02-15,page_065,12
U06594,app_open,2024-02-15,page_051,44
U06594,browse,2024-02-15,page_015,44
U06595,register,2023-01-19,page_020,27
U06595,app_open,2023-01-19,page_095,57
U06596,register,2023-01-06,page_055,26
U06596,app_open,2023-01-06,page_010,26
U06596,browse,2023-01-06,page_099,113
U06596,share,2023-01-08,page_097,10
U06597,register,2023-08-04,page_011,20
U06597,app_open,2023-08-04,page_041,23
U06597,browse,2023-08-04,page_007,237
U06597,add_to_cart,2023-08-04,page_054,16
U06598,register,2024-04-11,page_021,29
U06598,app_open,2024-04-11,page_085,25
U06598,browse,2024-04-11,page_099,276
U06599,register,2023-04-11,page_060,28
U06599,app_open,2023-04-11,page_016,40
U06599,share,2023-04-14,page_074,11
U06600,register,2023-10-17,page_011,7
U06600,app_open,2023-10-17,page_065,43
U06601,register,2023-09-10,page_049,23
U06601,app_open,2023-09-10,page_056,45
U06601,browse,2023-09-10,page_004,246
U06601,add_to_cart,2023-09-10,page_092,47
U06602,register,2023-08-14,page_028,23
U06602,app_open,2023-08-14,page_085,47
U06602,browse,2023-08-14,page_095,113
U06602,add_to_cart,2023-08-14,page_034,36
U06602,share,2023-08-27,page_072,21
U06603,register,2024-01-03,page_009,14
U06604,register,2024-02-14,page_083,21
U06604,app_open,2024-02-14,page_001,37
U06605,register,2023-03-16,page_013,19
U06606,register,2023-10-04,page_014,6
U06606,app_open,2023-10-04,page_040,51
U06606,browse,2023-10-04,page_010,45
U06606,add_to_cart,2023-10-04,page_023,27
U06607,register,2024-08-18,page_079,6
U06607,app_open,2024-08-18,page_074,40
U06607,browse,2024-08-18,page_050,244
U06607,add_to_cart,2024-08-18,page_034,118
U06608,register,2023-04-02,page_060,25
U06608,app_open,2023-04-02,page_009,19
U06608,browse,2023-04-02,page_077,279
U06608,add_to_cart,2023-04-02,page_082,84
U06609,register,2023-11-15,page_057,5
U06609,app_open,2023-11-15,page_001,54
U06610,register,2023-11-23,page_034,9
U06610,app_open,2023-11-23,page_026,50
U06610,browse,2023-11-23,page_064,68
U06610,share,2023-12-17,page_054,22
U06611,register,2024-09-23,page_052,23
U06611,app_open,2024-09-23,page_004,28
U06611,browse,2024-09-23,page_054,237
U06612,register,2023-06-18,page_086,22
U06612,app_open,2023-06-18,page_019,49
U06612,browse,2023-06-18,page_098,276
U06612,share,2023-06-28,page_051,15
U06613,register,2024-06-01,page_099,28
U06613,app_open,2024-06-01,page_064,46
U06613,browse,2024-06-01,page_067,233
U06613,add_to_cart,2024-06-01,page_033,36
U06614,register,2024-01-01,page_076,23
U06615,register,2024-01-21,page_096,25
U06615,app_open,2024-01-21,page_086,12
U06616,register,2023-05-23,page_007,9
U06616,app_open,2023-05-23,page_022,43
U06616,share,2023-06-10,page_040,25
U06617,register,2024-05-16,page_060,6
U06617,app_open,2024-05-16,page_013,44
U06617,browse,2024-05-16,page_014,256
U06617,add_to_cart,2024-05-16,page_085,96
U06617,share,2024-05-17,page_016,6
U06618,register,2024-09-18,page_028,21
U06618,app_open,2024-09-18,page_023,14
U06619,register,2023-10-17,page_020,7
U06619,app_open,2023-10-17,page_089,22
U06620,register,2023-07-15,page_065,15
U06620,app_open,2023-07-15,page_039,41
U06620,browse,2023-07-15,page_007,62
U06621,register,2024-07-27,page_010,18
U06621,app_open,2024-07-27,page_086,31
U06621,browse,2024-07-27,page_048,182
U06621,add_to_cart,2024-07-27,page_079,83
U06622,register,2023-09-21,page_053,16
U06622,app_open,2023-09-21,page_068,50
U06623,register,2024-09-05,page_018,27
U06623,app_open,2024-09-05,page_030,11
U06623,browse,2024-09-05,page_085,116
U06624,register,2023-10-13,page_005,13
U06624,app_open,2023-10-13,page_074,44
U06625,register,2023-01-21,page_090,20
U06626,register,2023-06-25,page_004,13
U06626,app_open,2023-06-25,page_029,56
U06626,browse,2023-06-25,page_097,73
U06626,add_to_cart,2023-06-25,page_067,27
U06627,register,2023-03-17,page_035,8
U06627,app_open,2023-03-17,page_040,36
U06627,browse,2023-03-17,page_024,110
U06627,add_to_cart,2023-03-17,page_036,93
U06628,register,2023-12-27,page_059,14
U06628,app_open,2023-12-27,page_091,15
U06628,browse,2023-12-27,page_090,135
U06628,add_to_cart,2023-12-27,page_051,116
U06628,share,2024-01-10,page_013,17
U06629,register,2023-11-08,page_009,15
U06629,app_open,2023-11-08,page_098,34
U06630,register,2023-12-11,page_066,18
U06630,app_open,2023-12-11,page_012,31
U06630,browse,2023-12-11,page_012,73
U06630,share,2023-12-27,page_028,15
U06631,register,2024-10-05,page_064,22
U06632,register,2023-08-12,page_072,17
U06632,app_open,2023-08-12,page_037,58
U06632,browse,2023-08-12,page_003,78
U06632,add_to_cart,2023-08-12,page_057,108
U06633,register,2024-10-06,page_069,10
U06633,app_open,2024-10-06,page_085,39
U06633,browse,2024-10-06,page_045,203
U06634,register,2023-09-25,page_037,17
U06634,app_open,2023-09-25,page_028,28
U06634,browse,2023-09-25,page_024,194
U06635,register,2024-05-28,page_091,22
U06635,app_open,2024-05-28,page_060,24
U06636,register,2023-02-01,page_096,21
U06636,app_open,2023-02-01,page_076,43
U06636,browse,2023-02-01,page_017,49
U06636,share,2023-02-22,page_050,27
U06637,register,2024-06-03,page_077,15
U06637,app_open,2024-06-03,page_005,38
U06637,browse,2024-06-03,page_067,230
U06637,add_to_cart,2024-06-03,page_021,95
U06638,register,2024-02-13,page_007,23
U06638,app_open,2024-02-13,page_007,50
U06639,register,2023-02-22,page_065,5
U06640,register,2023-04-15,page_020,16
U06640,app_open,2023-04-15,page_048,30
U06640,browse,2023-04-15,page_062,123
U06640,add_to_cart,2023-04-15,page_001,20
U06641,register,2023-05-10,page_020,5
U06641,app_open,2023-05-10,page_031,30
U06641,share,2023-05-13,page_063,26
U06642,register,2023-09-18,page_038,15
U06643,register,2023-03-14,page_061,23
U06643,app_open,2023-03-14,page_048,51
U06643,browse,2023-03-14,page_032,174
U06644,register,2023-10-17,page_043,16
U06644,app_open,2023-10-17,page_038,38
U06645,register,2024-03-18,page_003,27
U06645,app_open,2024-03-18,page_029,46
U06645,browse,2024-03-18,page_083,80
U06645,add_to_cart,2024-03-18,page_095,63
U06646,register,2024-05-25,page_043,18
U06646,app_open,2024-05-25,page_057,52
U06646,browse,2024-05-25,page_016,229
U06647,register,2023-03-16,page_037,12
U06647,app_open,2023-03-16,page_087,54
U06647,browse,2023-03-16,page_002,123
U06647,add_to_cart,2023-03-16,page_095,54
U06647,share,2023-04-11,page_036,19
U06648,register,2024-07-13,page_038,28
U06648,app_open,2024-07-13,page_092,59
U06649,register,2024-11-17,page_056,12
U06649,app_open,2024-11-17,page_070,36
U06649,browse,2024-11-17,page_052,191
U06649,add_to_cart,2024-11-17,page_040,52
U06650,register,2024-11-16,page_030,11
U06650,app_open,2024-11-16,page_021,49
U06650,browse,2024-11-16,page_096,100
U06651,register,2023-09-24,page_032,21
U06651,app_open,2023-09-24,page_009,25
U06651,browse,2023-09-24,page_091,185
U06652,register,2024-09-12,page_052,15
U06653,register,2023-03-27,page_084,29
U06653,app_open,2023-03-27,page_055,24
U06653,browse,2023-03-27,page_074,56
U06653,add_to_cart,2023-03-27,page_092,24
U06654,register,2023-09-16,page_097,24
U06654,app_open,2023-09-16,page_062,56
U06654,browse,2023-09-16,page_002,236
U06655,register,2023-05-25,page_050,9
U06655,app_open,2023-05-25,page_053,45
U06655,browse,2023-05-25,page_073,298
U06655,add_to_cart,2023-05-25,page_095,21
U06655,share,2023-06-17,page_009,19
U06656,register,2024-07-22,page_037,8
U06656,app_open,2024-07-22,page_098,48
U06656,browse,2024-07-22,page_062,67
U06656,add_to_cart,2024-07-22,page_099,33
U06657,register,2024-01-02,page_057,12
U06658,register,2024-07-18,page_023,13
U06658,app_open,2024-07-18,page_054,57
U06658,browse,2024-07-18,page_020,78
U06659,register,2023-12-18,page_018,20
U06659,app_open,2023-12-18,page_095,33
U06659,browse,2023-12-18,page_078,228
U06659,add_to_cart,2023-12-18,page_022,81
U06659,share,2023-12-23,page_037,28
U06660,register,2023-05-26,page_072,12
U06660,app_open,2023-05-26,page_009,57
U06660,browse,2023-05-26,page_010,86
U06661,register,2024-08-27,page_076,24
U06661,app_open,2024-08-27,page_071,11
U06661,browse,2024-08-27,page_069,51
U06661,add_to_cart,2024-08-27,page_048,58
U06661,share,2024-09-01,page_024,6
U06662,register,2024-08-08,page_011,23
U06662,app_open,2024-08-08,page_087,43
U06662,browse,2024-08-08,page_095,205
U06662,add_to_cart,2024-08-08,page_036,110
U06662,share,2024-09-05,page_093,14
U06663,register,2024-10-16,page_068,9
U06663,app_open,2024-10-16,page_017,28
U06663,browse,2024-10-16,page_029,286
U06663,add_to_cart,2024-10-16,page_023,114
U06664,register,2023-02-13,page_054,18
U06664,app_open,2023-02-13,page_074,52
U06664,browse,2023-02-13,page_042,85
U06664,share,2023-02-21,page_073,22
U06665,register,2023-01-05,page_049,27
U06666,register,2024-11-21,page_047,28
U06666,app_open,2024-11-21,page_070,15
U06666,browse,2024-11-21,page_073,104
U06666,add_to_cart,2024-11-21,page_095,82
U06667,register,2023-12-04,page_089,22
U06667,app_open,2023-12-04,page_041,10
U06668,register,2023-05-11,page_046,25
U06668,app_open,2023-05-11,page_019,37
U06669,register,2023-10-08,page_005,17
U06669,app_open,2023-10-08,page_085,28
U06669,browse,2023-10-08,page_027,233
U06670,register,2024-09-09,page_059,9
U06670,app_open,2024-09-09,page_024,39
U06670,browse,2024-09-09,page_068,249
U06671,register,2023-07-27,page_098,28
U06672,register,2024-02-11,page_030,29
U06672,app_open,2024-02-11,page_091,28
U06672,browse,2024-02-11,page_080,68
U06672,add_to_cart,2024-02-11,page_024,55
U06673,register,2024-06-25,page_015,24
U06674,register,2024-06-22,page_077,23
U06674,app_open,2024-06-22,page_024,30
U06674,share,2024-06-23,page_019,26
U06675,register,2023-08-02,page_093,27
U06675,app_open,2023-08-02,page_051,38
U06675,browse,2023-08-02,page_007,212
U06676,register,2024-10-21,page_051,22
U06676,app_open,2024-10-21,page_079,56
U06676,browse,2024-10-21,page_054,117
U06676,add_to_cart,2024-10-21,page_017,112
U06677,register,2023-07-26,page_012,19
U06678,register,2023-05-14,page_087,18
U06678,app_open,2023-05-14,page_076,28
U06678,browse,2023-05-14,page_030,108
U06678,add_to_cart,2023-05-14,page_017,18
U06679,register,2024-02-03,page_035,15
U06679,app_open,2024-02-03,page_049,54
U06679,browse,2024-02-03,page_022,71
U06679,add_to_cart,2024-02-03,page_085,69
U06680,register,2023-06-23,page_049,18
U06681,register,2024-05-24,page_051,19
U06682,register,2023-08-20,page_074,22
U06682,app_open,2023-08-20,page_007,20
U06682,browse,2023-08-20,page_042,201
U06682,add_to_cart,2023-08-20,page_035,89
U06683,register,2024-12-03,page_093,18
U06683,app_open,2024-12-03,page_088,20
U06684,register,2024-03-05,page_043,16
U06684,app_open,2024-03-05,page_052,16
U06684,browse,2024-03-05,page_027,38
U06684,add_to_cart,2024-03-05,page_034,60
U06685,register,2024-07-02,page_073,5
U06685,app_open,2024-07-02,page_079,16
U06685,browse,2024-07-02,page_078,80
U06685,add_to_cart,2024-07-02,page_099,21
U06686,register,2024-09-08,page_005,9
U06686,app_open,2024-09-08,page_033,55
U06686,browse,2024-09-08,page_053,108
U06687,register,2023-09-05,page_069,26
U06687,app_open,2023-09-05,page_018,41
U06688,register,2023-03-12,page_081,26
U06688,app_open,2023-03-12,page_018,36
U06688,browse,2023-03-12,page_065,162
U06688,add_to_cart,2023-03-12,page_055,62
U06689,register,2023-03-24,page_066,22
U06689,app_open,2023-03-24,page_066,56
U06689,browse,2023-03-24,page_031,297
U06689,add_to_cart,2023-03-24,page_076,81
U06690,register,2024-07-16,page_038,8
U06691,register,2024-04-01,page_099,6
U06691,app_open,2024-04-01,page_044,30
U06691,browse,2024-04-01,page_029,175
U06692,register,2024-05-21,page_074,5
U06692,app_open,2024-05-21,page_052,41
U06693,register,2024-08-03,page_093,25
U06693,app_open,2024-08-03,page_075,40
U06693,browse,2024-08-03,page_008,137
U06693,share,2024-08-20,page_077,19
U06694,register,2024-05-23,page_097,19
U06694,app_open,2024-05-23,page_011,32
U06694,browse,2024-05-23,page_010,150
U06694,add_to_cart,2024-05-23,page_075,79
U06695,register,2024-05-16,page_003,8
U06695,app_open,2024-05-16,page_021,28
U06695,browse,2024-05-16,page_059,133
U06695,share,2024-06-09,page_018,12
U06696,register,2023-06-26,page_081,12
U06696,app_open,2023-06-26,page_071,51
U06696,browse,2023-06-26,page_067,261
U06697,register,2024-06-14,page_055,18
U06697,app_open,2024-06-14,page_048,12
U06697,browse,2024-06-14,page_071,118
U06698,register,2024-08-08,page_014,28
U06698,app_open,2024-08-08,page_068,42
U06698,browse,2024-08-08,page_084,277
U06698,share,2024-08-09,page_054,18
U06699,register,2024-07-09,page_072,22
U06699,app_open,2024-07-09,page_033,32
U06699,browse,2024-07-09,page_023,36
U06700,register,2024-09-22,page_014,11
U06700,app_open,2024-09-22,page_095,51
U06700,browse,2024-09-22,page_059,112
U06701,register,2024-06-01,page_002,12
U06701,app_open,2024-06-01,page_050,56
U06701,browse,2024-06-01,page_093,134
U06702,register,2024-09-17,page_095,12
U06702,app_open,2024-09-17,page_021,24
U06702,browse,2024-09-17,page_083,282
U06703,register,2023-04-16,page_068,23
U06703,app_open,2023-04-16,page_028,14
U06703,browse,2023-04-16,page_044,258
U06703,add_to_cart,2023-04-16,page_042,46
U06704,register,2024-12-12,page_055,29
U06704,app_open,2024-12-12,page_058,20
U06704,browse,2024-12-12,page_077,113
U06705,register,2024-01-02,page_090,6
U06705,app_open,2024-01-02,page_067,33
U06705,browse,2024-01-02,page_080,264
U06705,share,2024-01-05,page_061,29
U06706,register,2024-10-12,page_025,13
U06706,app_open,2024-10-12,page_007,18
U06706,browse,2024-10-12,page_060,299
U06706,add_to_cart,2024-10-12,page_003,74
U06707,register,2023-10-15,page_019,23
U06707,app_open,2023-10-15,page_037,35
U06707,browse,2023-10-15,page_075,123
U06707,add_to_cart,2023-10-15,page_057,54
U06708,register,2023-05-01,page_006,25
U06708,app_open,2023-05-01,page_045,28
U06708,browse,2023-05-01,page_022,116
U06709,register,2023-08-21,page_014,25
U06710,register,2024-06-06,page_032,18
U06710,app_open,2024-06-06,page_074,24
U06710,browse,2024-06-06,page_059,63
U06710,add_to_cart,2024-06-06,page_058,21
U06711,register,2024-11-01,page_073,27
U06712,register,2024-02-10,page_056,29
U06712,app_open,2024-02-10,page_087,54
U06713,register,2023-04-18,page_081,24
U06713,app_open,2023-04-18,page_021,34
U06713,browse,2023-04-18,page_098,177
U06714,register,2024-11-19,page_056,11
U06714,app_open,2024-11-19,page_080,41
U06714,browse,2024-11-19,page_096,274
U06714,add_to_cart,2024-11-19,page_067,26
U06715,register,2023-08-12,page_080,13
U06715,app_open,2023-08-12,page_036,19
U06715,browse,2023-08-12,page_050,105
U06716,register,2023-10-13,page_098,19
U06716,app_open,2023-10-13,page_005,43
U06716,browse,2023-10-13,page_003,90
U06716,share,2023-11-02,page_062,9
U06717,register,2023-07-24,page_030,7
U06718,register,2024-05-26,page_076,29
U06719,register,2023-12-06,page_020,17
U06719,app_open,2023-12-06,page_062,39
U06720,register,2024-11-07,page_078,18
U06720,app_open,2024-11-07,page_009,55
U06720,browse,2024-11-07,page_066,287
U06721,register,2024-01-14,page_026,26
U06721,app_open,2024-01-14,page_013,56
U06721,browse,2024-01-14,page_084,150
U06721,add_to_cart,2024-01-14,page_079,25
U06722,register,2024-11-28,page_037,7
U06722,app_open,2024-11-28,page_024,47
U06722,browse,2024-11-28,page_005,174
U06723,register,2024-11-13,page_011,19
U06723,app_open,2024-11-13,page_016,15
U06724,register,2023-06-19,page_022,5
U06724,app_open,2023-06-19,page_089,13
U06724,browse,2023-06-19,page_050,47
U06724,add_to_cart,2023-06-19,page_075,59
U06725,register,2024-01-22,page_015,26
U06725,app_open,2024-01-22,page_076,26
U06725,share,2024-02-01,page_075,28
U06726,register,2023-09-11,page_085,15
U06726,app_open,2023-09-11,page_083,32
U06726,share,2023-09-28,page_029,26
U06727,register,2023-10-03,page_010,11
U06728,register,2024-07-27,page_027,17
U06728,app_open,2024-07-27,page_057,30
U06728,browse,2024-07-27,page_078,111
U06729,register,2023-07-23,page_083,16
U06729,app_open,2023-07-23,page_024,12
U06729,browse,2023-07-23,page_059,154
U06729,add_to_cart,2023-07-23,page_097,37
U06730,register,2023-05-24,page_025,11
U06730,app_open,2023-05-24,page_018,50
U06730,browse,2023-05-24,page_077,232
U06731,register,2024-12-27,page_065,9
U06731,app_open,2024-12-27,page_093,53
U06732,register,2024-03-02,page_007,7
U06732,app_open,2024-03-02,page_096,35
U06732,browse,2024-03-02,page_021,59
U06733,register,2023-11-06,page_013,25
U06733,app_open,2023-11-06,page_038,29
U06733,share,2023-11-17,page_098,20
U06734,register,2023-05-20,page_065,27
U06734,app_open,2023-05-20,page_056,50
U06734,browse,2023-05-20,page_073,283
U06734,add_to_cart,2023-05-20,page_083,87
U06735,register,2023-07-04,page_037,9
U06735,app_open,2023-07-04,page_074,53
U06735,browse,2023-07-04,page_073,151
U06735,add_to_cart,2023-07-04,page_017,113
U06736,register,2023-05-24,page_027,13
U06737,register,2023-05-27,page_016,29
U06737,app_open,2023-05-27,page_075,24
U06737,browse,2023-05-27,page_078,137
U06737,add_to_cart,2023-05-27,page_017,28
U06738,register,2023-10-18,page_022,24
U06738,app_open,2023-10-18,page_032,50
U06738,browse,2023-10-18,page_023,151
U06739,register,2023-02-15,page_026,19
U06739,app_open,2023-02-15,page_090,47
U06740,register,2023-09-02,page_005,6
U06740,app_open,2023-09-02,page_081,50
U06740,browse,2023-09-02,page_067,214
U06740,add_to_cart,2023-09-02,page_097,70
U06741,register,2023-03-22,page_098,23
U06741,app_open,2023-03-22,page_090,13
U06741,browse,2023-03-22,page_070,70
U06741,add_to_cart,2023-03-22,page_063,107
U06742,register,2024-08-24,page_087,14
U06742,app_open,2024-08-24,page_061,49
U06742,browse,2024-08-24,page_079,184
U06742,share,2024-09-22,page_036,22
U06743,register,2024-12-02,page_021,22
U06743,app_open,2024-12-02,page_067,15
U06743,browse,2024-12-02,page_039,232
U06743,share,2024-12-22,page_046,19
U06744,register,2023-02-19,page_018,11
U06744,app_open,2023-02-19,page_006,17
U06745,register,2024-02-27,page_083,19
U06745,app_open,2024-02-27,page_052,46
U06745,browse,2024-02-27,page_087,180
U06745,add_to_cart,2024-02-27,page_015,55
U06746,register,2024-06-21,page_064,10
U06746,app_open,2024-06-21,page_001,35
U06746,browse,2024-06-21,page_093,290
U06746,add_to_cart,2024-06-21,page_010,65
U06747,register,2023-01-07,page_059,18
U06747,app_open,2023-01-07,page_017,36
U06747,browse,2023-01-07,page_025,122
U06747,add_to_cart,2023-01-07,page_090,64
U06747,share,2023-01-25,page_080,13
U06748,register,2023-08-12,page_066,5
U06748,app_open,2023-08-12,page_079,35
U06748,share,2023-09-09,page_065,24
U06749,register,2023-04-23,page_065,13
U06749,app_open,2023-04-23,page_098,20
U06750,register,2023-07-18,page_079,11
U06750,app_open,2023-07-18,page_078,43
U06750,browse,2023-07-18,page_030,238
U06751,register,2024-06-26,page_016,17
U06752,register,2023-10-10,page_041,20
U06752,app_open,2023-10-10,page_093,26
U06753,register,2023-06-24,page_033,19
U06753,app_open,2023-06-24,page_038,59
U06753,browse,2023-06-24,page_023,130
U06754,register,2023-12-10,page_091,16
U06754,app_open,2023-12-10,page_056,52
U06754,browse,2023-12-10,page_005,82
U06754,add_to_cart,2023-12-10,page_012,24
U06755,register,2024-01-26,page_069,25
U06755,app_open,2024-01-26,page_058,27
U06755,browse,2024-01-26,page_072,44
U06755,share,2024-02-20,page_075,16
U06756,register,2023-12-19,page_050,24
U06756,app_open,2023-12-19,page_096,37
U06756,browse,2023-12-19,page_030,42
U06757,register,2023-01-01,page_056,9
U06758,register,2023-11-18,page_081,5
U06759,register,2024-10-02,page_075,16
U06759,app_open,2024-10-02,page_067,55
U06759,browse,2024-10-02,page_034,127
U06760,register,2023-06-16,page_075,25
U06761,register,2023-01-09,page_043,8
U06761,app_open,2023-01-09,page_047,39
U06761,browse,2023-01-09,page_013,204
U06762,register,2024-03-16,page_010,10
U06762,app_open,2024-03-16,page_055,50
U06763,register,2024-02-07,page_006,12
U06764,register,2023-01-16,page_021,16
U06764,app_open,2023-01-16,page_037,22
U06764,browse,2023-01-16,page_049,190
U06764,add_to_cart,2023-01-16,page_034,116
U06765,register,2023-09-25,page_051,5
U06765,app_open,2023-09-25,page_034,44
U06765,browse,2023-09-25,page_036,153
U06765,add_to_cart,2023-09-25,page_014,56
U06766,register,2023-11-10,page_075,17
U06766,app_open,2023-11-10,page_095,53
U06766,browse,2023-11-10,page_023,228
U06766,add_to_cart,2023-11-10,page_005,17
U06767,register,2023-11-06,page_002,10
U06768,register,2023-02-18,page_002,29
U06768,app_open,2023-02-18,page_068,57
U06768,browse,2023-02-18,page_077,115
U06768,add_to_cart,2023-02-18,page_005,90
U06769,register,2023-12-14,page_054,10
U06769,app_open,2023-12-14,page_066,27
U06769,share,2024-01-06,page_059,13
U06770,register,2023-08-25,page_020,13
U06770,app_open,2023-08-25,page_005,18
U06770,browse,2023-08-25,page_039,43
U06771,register,2023-04-18,page_063,28
U06771,app_open,2023-04-18,page_075,40
U06771,browse,2023-04-18,page_014,166
U06771,add_to_cart,2023-04-18,page_066,106
U06772,register,2024-09-13,page_003,9
U06773,register,2024-11-14,page_075,24
U06774,register,2024-08-28,page_060,15
U06774,app_open,2024-08-28,page_081,33
U06774,browse,2024-08-28,page_069,201
U06774,add_to_cart,2024-08-28,page_079,21
U06775,register,2024-03-20,page_046,15
U06775,app_open,2024-03-20,page_017,13
U06775,browse,2024-03-20,page_023,216
U06776,register,2024-12-19,page_063,26
U06776,app_open,2024-12-19,page_018,56
U06776,browse,2024-12-19,page_069,46
U06777,register,2024-02-12,page_021,14
U06777,app_open,2024-02-12,page_020,14
U06778,register,2024-10-15,page_034,7
U06779,register,2023-06-19,page_088,17
U06779,app_open,2023-06-19,page_025,34
U06780,register,2023-02-06,page_096,27
U06781,register,2024-11-23,page_083,9
U06781,app_open,2024-11-23,page_032,28
U06782,register,2023-11-01,page_059,7
U06782,app_open,2023-11-01,page_083,35
U06782,browse,2023-11-01,page_041,280
U06782,add_to_cart,2023-11-01,page_022,72
U06783,register,2024-10-09,page_085,24
U06783,app_open,2024-10-09,page_008,58
U06783,browse,2024-10-09,page_086,251
U06783,add_to_cart,2024-10-09,page_004,106
U06784,register,2024-01-09,page_005,14
U06784,app_open,2024-01-09,page_038,57
U06785,register,2024-03-28,page_039,8
U06785,app_open,2024-03-28,page_029,53
U06785,browse,2024-03-28,page_037,52
U06786,register,2024-06-04,page_005,12
U06787,register,2024-10-04,page_077,17
U06787,app_open,2024-10-04,page_073,37
U06787,browse,2024-10-04,page_017,231
U06787,add_to_cart,2024-10-04,page_054,22
U06788,register,2023-12-09,page_080,17
U06788,app_open,2023-12-09,page_088,32
U06788,browse,2023-12-09,page_057,30
U06788,add_to_cart,2023-12-09,page_041,89
U06789,register,2024-06-26,page_013,24
U06789,app_open,2024-06-26,page_016,36
U06790,register,2023-06-17,page_041,19
U06790,app_open,2023-06-17,page_075,40
U06790,browse,2023-06-17,page_096,153
U06791,register,2024-05-13,page_085,13
U06791,app_open,2024-05-13,page_096,38
U06791,browse,2024-05-13,page_062,198
U06792,register,2023-12-14,page_071,25
U06793,register,2023-08-15,page_009,22
U06793,app_open,2023-08-15,page_071,16
U06793,browse,2023-08-15,page_073,74
U06793,add_to_cart,2023-08-15,page_040,48
U06794,register,2023-09-01,page_062,28
U06794,app_open,2023-09-01,page_020,32
U06795,register,2024-05-10,page_050,7
U06795,app_open,2024-05-10,page_028,22
U06796,register,2024-11-26,page_046,14
U06796,app_open,2024-11-26,page_075,46
U06797,register,2023-05-11,page_025,28
U06797,app_open,2023-05-11,page_075,59
U06798,register,2023-03-25,page_061,29
U06798,app_open,2023-03-25,page_007,58
U06798,browse,2023-03-25,page_026,232
U06798,add_to_cart,2023-03-25,page_017,62
U06799,register,2023-02-22,page_026,22
U06799,app_open,2023-02-22,page_087,28
U06799,browse,2023-02-22,page_023,255
U06800,register,2023-04-21,page_068,22
U06800,app_open,2023-04-21,page_077,53
U06800,browse,2023-04-21,page_063,135
U06801,register,2023-02-01,page_099,10
U06801,app_open,2023-02-01,page_059,12
U06802,register,2023-09-03,page_089,23
U06803,register,2023-06-14,page_098,22
U06803,app_open,2023-06-14,page_097,33
U06803,browse,2023-06-14,page_008,274
U06803,add_to_cart,2023-06-14,page_049,24
U06804,register,2023-01-12,page_038,20
U06804,app_open,2023-01-12,page_049,29
U06804,browse,2023-01-12,page_066,294
U06804,add_to_cart,2023-01-12,page_059,68
U06805,register,2024-09-16,page_058,9
U06806,register,2024-08-19,page_037,15
U06806,app_open,2024-08-19,page_089,14
U06807,register,2024-06-14,page_085,9
U06807,app_open,2024-06-14,page_091,17
U06807,browse,2024-06-14,page_070,207
U06807,add_to_cart,2024-06-14,page_097,21
U06807,share,2024-07-02,page_051,20
U06808,register,2023-03-14,page_077,24
U06808,app_open,2023-03-14,page_047,12
U06808,browse,2023-03-14,page_064,125
U06809,register,2024-05-13,page_015,10
U06809,app_open,2024-05-13,page_027,19
U06809,browse,2024-05-13,page_095,82
U06810,register,2023-01-08,page_032,22
U06810,app_open,2023-01-08,page_027,40
U06810,browse,2023-01-08,page_020,36
U06810,share,2023-02-06,page_039,23
U06811,register,2024-09-02,page_057,5
U06811,app_open,2024-09-02,page_067,19
U06811,browse,2024-09-02,page_007,126
U06812,register,2024-07-15,page_091,18
U06813,register,2024-02-14,page_073,24
U06813,app_open,2024-02-14,page_089,27
U06813,share,2024-03-01,page_039,6
U06814,register,2024-06-15,page_027,24
U06815,register,2023-10-18,page_082,10
U06815,app_open,2023-10-18,page_043,42
U06815,share,2023-11-11,page_075,23
U06816,register,2024-08-28,page_086,28
U06816,app_open,2024-08-28,page_028,48
U06816,browse,2024-08-28,page_049,34
U06816,add_to_cart,2024-08-28,page_080,99
U06817,register,2023-04-07,page_069,11
U06818,register,2023-02-09,page_060,21
U06819,register,2024-11-04,page_031,19
U06819,app_open,2024-11-04,page_042,22
U06819,browse,2024-11-04,page_083,183
U06819,add_to_cart,2024-11-04,page_088,63
U06820,register,2023-12-23,page_077,22
U06821,register,2023-10-11,page_096,13
U06821,app_open,2023-10-11,page_036,18
U06822,register,2023-01-13,page_067,5
U06822,app_open,2023-01-13,page_038,17
U06822,browse,2023-01-13,page_080,186
U06823,register,2023-07-06,page_090,12
U06823,app_open,2023-07-06,page_044,35
U06823,browse,2023-07-06,page_070,185
U06823,add_to_cart,2023-07-06,page_077,94
U06824,register,2023-09-24,page_099,6
U06824,app_open,2023-09-24,page_081,23
U06824,browse,2023-09-24,page_080,201
U06824,add_to_cart,2023-09-24,page_087,76
U06824,share,2023-10-10,page_080,27
U06825,register,2024-06-27,page_047,24
U06825,app_open,2024-06-27,page_037,27
U06825,browse,2024-06-27,page_081,161
U06825,add_to_cart,2024-06-27,page_029,71
U06826,register,2023-03-13,page_094,19
U06826,app_open,2023-03-13,page_096,48
U06826,browse,2023-03-13,page_026,75
U06826,share,2023-04-02,page_087,28
U06827,register,2023-03-13,page_034,22
U06827,app_open,2023-03-13,page_040,29
U06827,browse,2023-03-13,page_039,179
U06827,add_to_cart,2023-03-13,page_013,27
U06828,register,2023-06-18,page_012,6
U06828,app_open,2023-06-18,page_045,43
U06829,register,2023-02-20,page_095,20
U06829,app_open,2023-02-20,page_064,33
U06829,browse,2023-02-20,page_015,105
U06829,add_to_cart,2023-02-20,page_098,94
U06830,register,2024-05-01,page_068,15
U06830,app_open,2024-05-01,page_087,37
U06830,browse,2024-05-01,page_070,50
U06830,add_to_cart,2024-05-01,page_011,40
U06830,share,2024-05-09,page_005,16
U06831,register,2024-05-05,page_019,14
U06831,app_open,2024-05-05,page_098,24
U06831,browse,2024-05-05,page_048,104
U06832,register,2023-09-04,page_047,5
U06832,app_open,2023-09-04,page_002,50
U06832,browse,2023-09-04,page_017,225
U06833,register,2024-02-08,page_050,28
U06833,app_open,2024-02-08,page_021,25
U06833,browse,2024-02-08,page_018,163
U06833,add_to_cart,2024-02-08,page_041,117
U06834,register,2024-11-13,page_063,14
U06834,app_open,2024-11-13,page_058,42
U06834,browse,2024-11-13,page_094,207
U06834,share,2024-12-02,page_038,7
U06835,register,2023-06-14,page_053,16
U06835,app_open,2023-06-14,page_026,52
U06836,register,2023-09-26,page_083,27
U06837,register,2024-05-07,page_029,18
U06837,app_open,2024-05-07,page_093,47
U06837,browse,2024-05-07,page_090,176
U06838,register,2023-09-15,page_020,6
U06838,app_open,2023-09-15,page_002,46
U06838,browse,2023-09-15,page_009,279
U06838,add_to_cart,2023-09-15,page_043,50
U06839,register,2023-10-14,page_076,23
U06839,app_open,2023-10-14,page_023,15
U06840,register,2024-04-02,page_055,26
U06840,app_open,2024-04-02,page_074,47
U06840,browse,2024-04-02,page_033,89
U06841,register,2023-04-21,page_030,28
U06841,app_open,2023-04-21,page_076,35
U06842,register,2024-03-11,page_030,27
U06842,app_open,2024-03-11,page_090,56
U06842,browse,2024-03-11,page_018,248
U06843,register,2024-09-11,page_090,18
U06843,app_open,2024-09-11,page_026,26
U06843,browse,2024-09-11,page_081,221
U06843,add_to_cart,2024-09-11,page_037,117
U06843,share,2024-09-22,page_011,20
U06844,register,2024-11-26,page_013,14
U06844,app_open,2024-11-26,page_031,47
U06844,browse,2024-11-26,page_074,226
U06844,add_to_cart,2024-11-26,page_066,101
U06845,register,2024-12-13,page_045,16
U06845,app_open,2024-12-13,page_084,26
U06845,browse,2024-12-13,page_089,285
U06845,add_to_cart,2024-12-13,page_073,85
U06846,register,2024-04-09,page_051,24
U06846,app_open,2024-04-09,page_041,35
U06846,browse,2024-04-09,page_095,137
U06847,register,2024-09-02,page_046,9
U06847,app_open,2024-09-02,page_074,18
U06847,browse,2024-09-02,page_055,73
U06847,add_to_cart,2024-09-02,page_036,50
U06848,register,2023-02-05,page_054,26
U06848,app_open,2023-02-05,page_023,43
U06848,browse,2023-02-05,page_085,226
U06849,register,2023-05-05,page_066,13
U06849,app_open,2023-05-05,page_094,53
U06849,browse,2023-05-05,page_067,128
U06849,add_to_cart,2023-05-05,page_032,52
U06850,register,2024-02-06,page_072,24
U06850,app_open,2024-02-06,page_084,24
U06850,browse,2024-02-06,page_078,125
U06850,add_to_cart,2024-02-06,page_061,99
U06851,register,2024-04-16,page_041,13
U06851,app_open,2024-04-16,page_044,17
U06852,register,2023-08-27,page_052,11
U06852,app_open,2023-08-27,page_006,40
U06852,browse,2023-08-27,page_070,94
U06852,add_to_cart,2023-08-27,page_014,38
U06853,register,2023-05-13,page_065,21
U06854,register,2023-03-09,page_007,5
U06855,register,2023-04-28,page_091,11
U06855,app_open,2023-04-28,page_018,58
U06855,browse,2023-04-28,page_053,113
U06856,register,2023-08-16,page_054,23
U06856,app_open,2023-08-16,page_052,24
U06857,register,2023-11-23,page_057,29
U06857,app_open,2023-11-23,page_056,30
U06858,register,2024-07-10,page_027,15
U06858,app_open,2024-07-10,page_090,42
U06859,register,2024-10-07,page_012,17
U06859,app_open,2024-10-07,page_088,41
U06859,browse,2024-10-07,page_089,62
U06859,add_to_cart,2024-10-07,page_048,52
U06859,share,2024-10-28,page_053,20
U06860,register,2023-12-23,page_075,22
U06861,register,2023-08-10,page_018,7
U06861,app_open,2023-08-10,page_058,51
U06861,browse,2023-08-10,page_070,100
U06861,share,2023-09-01,page_006,9
U06862,register,2023-05-05,page_037,21
U06862,app_open,2023-05-05,page_040,33
U06862,browse,2023-05-05,page_011,172
U06862,add_to_cart,2023-05-05,page_069,30
U06862,share,2023-05-10,page_095,20
U06863,register,2024-01-02,page_030,11
U06863,app_open,2024-01-02,page_022,24
U06864,register,2023-12-11,page_044,10
U06864,app_open,2023-12-11,page_056,28
U06865,register,2023-02-15,page_016,7
U06865,app_open,2023-02-15,page_083,57
U06866,register,2024-08-07,page_011,6
U06866,app_open,2024-08-07,page_014,28
U06867,register,2023-08-03,page_025,5
U06867,app_open,2023-08-03,page_003,34
U06867,browse,2023-08-03,page_093,207
U06868,register,2024-05-20,page_033,21
U06869,register,2023-06-22,page_098,8
U06869,app_open,2023-06-22,page_035,32
U06869,browse,2023-06-22,page_051,182
U06869,add_to_cart,2023-06-22,page_074,27
U06870,register,2024-03-13,page_048,23
U06871,register,2024-11-13,page_003,12
U06872,register,2023-12-14,page_001,14
U06872,app_open,2023-12-14,page_091,19
U06872,browse,2023-12-14,page_068,205
U06872,add_to_cart,2023-12-14,page_054,55
U06873,register,2023-09-10,page_038,26
U06873,app_open,2023-09-10,page_068,23
U06873,browse,2023-09-10,page_034,92
U06873,share,2023-10-06,page_075,23
U06874,register,2023-05-21,page_001,29
U06874,app_open,2023-05-21,page_019,10
U06874,browse,2023-05-21,page_068,135
U06874,share,2023-06-07,page_070,19
U06875,register,2023-05-21,page_005,7
U06875,app_open,2023-05-21,page_080,34
U06875,browse,2023-05-21,page_040,177
U06875,add_to_cart,2023-05-21,page_070,59
U06876,register,2024-08-06,page_055,18
U06876,app_open,2024-08-06,page_078,33
U06876,share,2024-08-15,page_040,23
U06877,register,2023-12-17,page_014,7
U06877,app_open,2023-12-17,page_061,20
U06877,browse,2023-12-17,page_087,195
U06878,register,2024-04-18,page_079,6
U06878,app_open,2024-04-18,page_034,12
U06878,browse,2024-04-18,page_090,292
U06879,register,2024-10-06,page_037,13
U06880,register,2023-10-20,page_079,9
U06881,register,2024-09-09,page_086,10
U06881,app_open,2024-09-09,page_083,47
U06881,browse,2024-09-09,page_095,83
U06881,share,2024-09-25,page_049,9
U06882,register,2023-02-03,page_082,13
U06882,app_open,2023-02-03,page_074,51
U06882,browse,2023-02-03,page_028,243
U06882,add_to_cart,2023-02-03,page_006,102
U06882,share,2023-02-21,page_060,5
U06883,register,2023-10-08,page_042,24
U06883,app_open,2023-10-08,page_071,28
U06883,browse,2023-10-08,page_098,248
U06883,add_to_cart,2023-10-08,page_014,72
U06884,register,2023-09-28,page_096,23
U06884,app_open,2023-09-28,page_081,19
U06884,browse,2023-09-28,page_085,64
U06884,add_to_cart,2023-09-28,page_085,22
U06885,register,2024-09-19,page_059,22
U06885,app_open,2024-09-19,page_076,21
U06885,browse,2024-09-19,page_020,261
U06886,register,2023-01-28,page_084,7
U06887,register,2023-02-20,page_070,26
U06887,app_open,2023-02-20,page_068,13
U06887,browse,2023-02-20,page_033,124
U06887,add_to_cart,2023-02-20,page_077,108
U06888,register,2023-04-16,page_080,15
U06889,register,2024-09-25,page_069,5
U06889,app_open,2024-09-25,page_010,22
U06889,browse,2024-09-25,page_068,199
U06889,add_to_cart,2024-09-25,page_027,61
U06890,register,2023-12-02,page_022,13
U06890,app_open,2023-12-02,page_071,38
U06890,browse,2023-12-02,page_073,115
U06891,register,2024-03-18,page_083,18
U06891,app_open,2024-03-18,page_042,24
U06891,browse,2024-03-18,page_024,260
U06892,register,2024-04-21,page_004,24
U06892,app_open,2024-04-21,page_013,29
U06892,browse,2024-04-21,page_043,56
U06892,share,2024-05-18,page_066,7
U06893,register,2023-12-18,page_040,23
U06893,app_open,2023-12-18,page_003,42
U06893,browse,2023-12-18,page_066,59
U06894,register,2024-02-26,page_060,24
U06894,app_open,2024-02-26,page_016,22
U06894,browse,2024-02-26,page_075,85
U06895,register,2024-09-12,page_024,11
U06896,register,2023-05-23,page_093,27
U06897,register,2023-04-18,page_054,11
U06897,app_open,2023-04-18,page_017,51
U06897,browse,2023-04-18,page_051,118
U06897,share,2023-05-09,page_064,11
U06898,register,2024-12-17,page_096,7
U06898,app_open,2024-12-17,page_085,42
U06898,browse,2024-12-17,page_047,241
U06898,add_to_cart,2024-12-17,page_045,52
U06899,register,2024-04-10,page_025,19
U06899,app_open,2024-04-10,page_010,37
U06899,browse,2024-04-10,page_088,200
U06900,register,2024-05-12,page_061,27
U06900,app_open,2024-05-12,page_093,49
U06900,browse,2024-05-12,page_043,117
U06900,share,2024-05-26,page_068,13
U06901,register,2023-12-27,page_082,17
U06902,register,2024-11-04,page_099,25
U06902,app_open,2024-11-04,page_012,39
U06902,browse,2024-11-04,page_021,63
U06902,add_to_cart,2024-11-04,page_040,19
U06902,share,2024-11-13,page_038,24
U06903,register,2023-03-01,page_093,9
U06904,register,2023-12-08,page_013,17
U06904,app_open,2023-12-08,page_075,55
U06904,browse,2023-12-08,page_064,109
U06904,add_to_cart,2023-12-08,page_062,20
U06905,register,2023-08-12,page_092,29
U06905,app_open,2023-08-12,page_059,10
U06905,browse,2023-08-12,page_094,72
U06906,register,2023-04-16,page_039,24
U06906,app_open,2023-04-16,page_053,58
U06906,browse,2023-04-16,page_060,266
U06906,share,2023-05-15,page_039,16
U06907,register,2023-02-04,page_040,18
U06907,app_open,2023-02-04,page_029,58
U06908,register,2024-11-04,page_041,8
U06908,app_open,2024-11-04,page_045,11
U06908,browse,2024-11-04,page_085,257
U06908,add_to_cart,2024-11-04,page_042,30
U06909,register,2023-11-27,page_054,12
U06909,app_open,2023-11-27,page_088,41
U06909,browse,2023-11-27,page_079,68
U06910,register,2023-03-10,page_092,27
U06911,register,2023-12-17,page_092,19
U06911,app_open,2023-12-17,page_086,53
U06911,browse,2023-12-17,page_056,232
U06911,add_to_cart,2023-12-17,page_004,71
U06912,register,2023-09-21,page_055,14
U06912,app_open,2023-09-21,page_074,38
U06913,register,2023-02-22,page_026,10
U06914,register,2024-06-12,page_058,11
U06914,app_open,2024-06-12,page_098,52
U06915,register,2023-06-25,page_038,13
U06915,app_open,2023-06-25,page_097,21
U06915,browse,2023-06-25,page_034,102
U06915,add_to_cart,2023-06-25,page_084,33
U06916,register,2024-06-13,page_020,10
U06916,app_open,2024-06-13,page_099,20
U06916,browse,2024-06-13,page_015,208
U06917,register,2024-03-01,page_009,22
U06917,app_open,2024-03-01,page_076,59
U06917,browse,2024-03-01,page_055,129
U06918,register,2024-11-08,page_016,28
U06918,app_open,2024-11-08,page_052,52
U06918,browse,2024-11-08,page_008,188
U06918,add_to_cart,2024-11-08,page_074,51
U06919,register,2024-06-20,page_001,9
U06919,app_open,2024-06-20,page_011,55
U06919,browse,2024-06-20,page_020,260
U06919,add_to_cart,2024-06-20,page_006,33
U06920,register,2024-12-12,page_048,5
U06921,register,2024-08-12,page_012,22
U06921,app_open,2024-08-12,page_023,38
U06921,share,2024-08-19,page_078,5
U06922,register,2023-01-10,page_089,24
U06922,app_open,2023-01-10,page_098,55
U06922,browse,2023-01-10,page_029,291
U06922,share,2023-01-20,page_021,14
U06923,register,2024-11-19,page_051,21
U06923,app_open,2024-11-19,page_040,25
U06924,register,2024-07-11,page_069,19
U06924,app_open,2024-07-11,page_099,13
U06925,register,2024-11-22,page_034,16
U06925,app_open,2024-11-22,page_033,37
U06925,browse,2024-11-22,page_010,70
U06926,register,2023-03-14,page_013,18
U06926,app_open,2023-03-14,page_037,19
U06927,register,2024-06-27,page_032,12
U06927,app_open,2024-06-27,page_095,44
U06927,browse,2024-06-27,page_014,131
U06928,register,2023-06-26,page_087,7
U06928,app_open,2023-06-26,page_050,35
U06928,browse,2023-06-26,page_092,234
U06928,add_to_cart,2023-06-26,page_068,90
U06928,share,2023-07-08,page_056,17
U06929,register,2024-11-09,page_064,9
U06929,app_open,2024-11-09,page_088,39
U06929,browse,2024-11-09,page_071,126
U06930,register,2023-09-27,page_053,9
U06930,app_open,2023-09-27,page_075,35
U06930,browse,2023-09-27,page_095,254
U06931,register,2024-05-04,page_016,19
U06931,app_open,2024-05-04,page_086,57
U06931,browse,2024-05-04,page_026,208
U06931,add_to_cart,2024-05-04,page_054,21
U06932,register,2023-04-26,page_014,10
U06932,app_open,2023-04-26,page_085,28
U06932,browse,2023-04-26,page_041,45
U06932,add_to_cart,2023-04-26,page_047,65
U06932,share,2023-05-02,page_027,20
U06933,register,2024-12-19,page_029,12
U06934,register,2024-04-17,page_016,8
U06934,app_open,2024-04-17,page_077,49
U06934,browse,2024-04-17,page_038,61
U06935,register,2023-03-22,page_052,10
U06935,app_open,2023-03-22,page_040,46
U06935,browse,2023-03-22,page_025,207
U06936,register,2023-07-25,page_076,21
U06936,app_open,2023-07-25,page_025,37
U06936,browse,2023-07-25,page_047,116
U06937,register,2023-05-21,page_054,10
U06937,app_open,2023-05-21,page_007,58
U06937,share,2023-05-26,page_020,12
U06938,register,2023-03-12,page_019,5
U06938,app_open,2023-03-12,page_022,23
U06938,browse,2023-03-12,page_008,265
U06939,register,2024-07-09,page_083,29
U06939,app_open,2024-07-09,page_078,20
U06939,browse,2024-07-09,page_049,41
U06939,share,2024-07-13,page_040,20
U06940,register,2023-03-03,page_037,29
U06941,register,2024-04-25,page_046,29
U06941,app_open,2024-04-25,page_099,20
U06941,browse,2024-04-25,page_042,277
U06942,register,2024-08-13,page_074,15
U06942,app_open,2024-08-13,page_089,44
U06943,register,2023-06-01,page_017,9
U06943,app_open,2023-06-01,page_073,38
U06944,register,2023-11-18,page_063,6
U06944,app_open,2023-11-18,page_073,38
U06944,browse,2023-11-18,page_037,109
U06945,register,2023-03-18,page_037,25
U06945,app_open,2023-03-18,page_064,48
U06945,browse,2023-03-18,page_079,105
U06945,add_to_cart,2023-03-18,page_060,114
U06945,share,2023-04-07,page_080,5
U06946,register,2023-11-26,page_098,9
U06946,app_open,2023-11-26,page_005,41
U06946,browse,2023-11-26,page_068,270
U06947,register,2024-03-03,page_074,14
U06947,app_open,2024-03-03,page_071,56
U06947,browse,2024-03-03,page_004,146
U06948,register,2023-12-21,page_045,5
U06948,app_open,2023-12-21,page_058,42
U06949,register,2023-12-17,page_020,29
U06949,app_open,2023-12-17,page_019,49
U06950,register,2023-01-11,page_035,26
U06950,app_open,2023-01-11,page_022,48
U06950,browse,2023-01-11,page_058,236
U06950,add_to_cart,2023-01-11,page_008,57
U06950,share,2023-01-12,page_020,19
U06951,register,2024-11-25,page_002,7
U06951,app_open,2024-11-25,page_010,38
U06951,browse,2024-11-25,page_064,134
U06952,register,2024-03-09,page_046,23
U06952,app_open,2024-03-09,page_069,22
U06952,browse,2024-03-09,page_068,285
U06952,share,2024-03-16,page_052,14
U06953,register,2023-07-11,page_025,17
U06953,app_open,2023-07-11,page_046,34
U06953,browse,2023-07-11,page_005,74
U06954,register,2024-06-27,page_082,9
U06954,app_open,2024-06-27,page_060,29
U06954,browse,2024-06-27,page_049,85
U06954,add_to_cart,2024-06-27,page_027,37
U06955,register,2024-11-28,page_083,13
U06956,register,2023-07-18,page_041,7
U06956,app_open,2023-07-18,page_023,10
U06956,browse,2023-07-18,page_047,142
U06957,register,2024-03-16,page_076,23
U06957,app_open,2024-03-16,page_011,30
U06957,browse,2024-03-16,page_095,224
U06957,add_to_cart,2024-03-16,page_031,27
U06958,register,2024-03-23,page_068,16
U06958,app_open,2024-03-23,page_073,18
U06958,browse,2024-03-23,page_089,244
U06958,add_to_cart,2024-03-23,page_061,68
U06959,register,2023-04-24,page_087,11
U06959,app_open,2023-04-24,page_023,10
U06959,browse,2023-04-24,page_067,130
U06960,register,2023-03-28,page_018,10
U06960,app_open,2023-03-28,page_049,33
U06961,register,2024-02-21,page_013,12
U06961,app_open,2024-02-21,page_065,20
U06961,browse,2024-02-21,page_001,47
U06961,add_to_cart,2024-02-21,page_022,40
U06961,share,2024-03-14,page_020,6
U06962,register,2023-03-23,page_087,6
U06962,app_open,2023-03-23,page_083,22
U06962,browse,2023-03-23,page_097,42
U06962,share,2023-03-28,page_054,14
U06963,register,2024-04-15,page_085,11
U06963,app_open,2024-04-15,page_020,18
U06963,share,2024-04-21,page_003,24
U06964,register,2024-07-10,page_014,9
U06964,app_open,2024-07-10,page_055,54
U06964,browse,2024-07-10,page_060,78
U06964,add_to_cart,2024-07-10,page_061,25
U06965,register,2024-09-17,page_072,23
U06965,app_open,2024-09-17,page_079,15
U06965,browse,2024-09-17,page_024,77
U06966,register,2023-04-22,page_004,8
U06966,app_open,2023-04-22,page_093,26
U06966,browse,2023-04-22,page_063,83
U06967,register,2024-06-22,page_083,17
U06967,app_open,2024-06-22,page_047,45
U06967,browse,2024-06-22,page_078,227
U06968,register,2023-10-23,page_052,19
U06968,app_open,2023-10-23,page_091,32
U06968,browse,2023-10-23,page_080,167
U06968,add_to_cart,2023-10-23,page_098,52
U06969,register,2024-04-24,page_059,27
U06969,app_open,2024-04-24,page_075,45
U06969,browse,2024-04-24,page_077,79
U06970,register,2023-03-12,page_055,22
U06970,app_open,2023-03-12,page_050,24
U06971,register,2024-07-21,page_086,17
U06971,app_open,2024-07-21,page_094,20
U06971,browse,2024-07-21,page_015,243
U06971,add_to_cart,2024-07-21,page_031,59
U06972,register,2023-03-09,page_096,21
U06973,register,2023-07-16,page_088,7
U06973,app_open,2023-07-16,page_003,51
U06974,register,2024-09-21,page_078,6
U06974,app_open,2024-09-21,page_063,33
U06975,register,2023-01-25,page_065,16
U06975,app_open,2023-01-25,page_027,13
U06975,share,2023-02-15,page_009,14
U06976,register,2024-03-02,page_040,20
U06977,register,2024-04-07,page_053,5
U06977,app_open,2024-04-07,page_029,48
U06977,browse,2024-04-07,page_038,215
U06977,add_to_cart,2024-04-07,page_047,63
U06978,register,2024-02-23,page_061,9
U06978,app_open,2024-02-23,page_059,28
U06978,browse,2024-02-23,page_082,239
U06979,register,2023-02-24,page_077,27
U06980,register,2024-12-25,page_026,23
U06980,app_open,2024-12-25,page_008,49
U06981,register,2024-06-01,page_057,29
U06981,app_open,2024-06-01,page_041,45
U06981,browse,2024-06-01,page_012,50
U06982,register,2024-04-09,page_079,22
U06982,app_open,2024-04-09,page_041,36
U06982,browse,2024-04-09,page_044,190
U06982,add_to_cart,2024-04-09,page_044,80
U06983,register,2023-03-26,page_095,23
U06983,app_open,2023-03-26,page_014,12
U06983,browse,2023-03-26,page_066,267
U06983,add_to_cart,2023-03-26,page_030,35
U06983,share,2023-04-13,page_003,16
U06984,register,2024-01-02,page_063,23
U06984,app_open,2024-01-02,page_080,55
U06984,browse,2024-01-02,page_076,292
U06984,add_to_cart,2024-01-02,page_025,68
U06985,register,2024-06-02,page_087,22
U06985,app_open,2024-06-02,page_085,56
U06985,browse,2024-06-02,page_011,243
U06985,add_to_cart,2024-06-02,page_032,86
U06986,register,2023-08-03,page_022,7
U06986,app_open,2023-08-03,page_086,35
U06986,browse,2023-08-03,page_014,204
U06987,register,2024-05-24,page_003,5
U06987,app_open,2024-05-24,page_044,28
U06987,browse,2024-05-24,page_089,33
U06987,add_to_cart,2024-05-24,page_034,69
U06988,register,2023-02-06,page_049,20
U06988,app_open,2023-02-06,page_076,36
U06988,browse,2023-02-06,page_053,79
U06989,register,2023-08-26,page_053,5
U06989,app_open,2023-08-26,page_059,18
U06989,browse,2023-08-26,page_012,128
U06989,add_to_cart,2023-08-26,page_024,111
U06990,register,2024-05-25,page_007,22
U06990,app_open,2024-05-25,page_088,28
U06990,browse,2024-05-25,page_032,288
U06991,register,2024-12-06,page_010,14
U06991,app_open,2024-12-06,page_078,55
U06991,browse,2024-12-06,page_024,199
U06991,share,2024-12-09,page_062,17
U06992,register,2023-12-21,page_036,7
U06992,app_open,2023-12-21,page_046,29
U06993,register,2024-04-06,page_039,14
U06993,app_open,2024-04-06,page_093,29
U06993,browse,2024-04-06,page_012,121
U06994,register,2023-02-27,page_089,25
U06995,register,2023-03-09,page_051,14
U06995,app_open,2023-03-09,page_084,18
U06995,browse,2023-03-09,page_069,225
U06996,register,2024-07-10,page_025,17
U06996,app_open,2024-07-10,page_064,36
U06997,register,2024-11-27,page_012,8
U06997,app_open,2024-11-27,page_039,15
U06997,browse,2024-11-27,page_054,179
U06997,add_to_cart,2024-11-27,page_095,72
U06998,register,2024-01-20,page_011,26
U06998,app_open,2024-01-20,page_067,45
U06998,browse,2024-01-20,page_064,134
U06998,add_to_cart,2024-01-20,page_087,16
U06999,register,2024-01-25,page_001,22
U06999,app_open,2024-01-25,page_040,46
U06999,browse,2024-01-25,page_018,250
U06999,add_to_cart,2024-01-25,page_009,88
U07000,register,2024-08-26,page_096,19
U07000,app_open,2024-08-26,page_064,56
U07000,browse,2024-08-26,page_084,213
U07000,share,2024-09-21,page_081,21
U07001,register,2024-03-13,page_037,8
U07001,app_open,2024-03-13,page_086,26
U07001,browse,2024-03-13,page_066,221
U07001,add_to_cart,2024-03-13,page_029,16
U07002,register,2024-01-26,page_019,11
U07002,app_open,2024-01-26,page_095,12
U07003,register,2023-06-28,page_086,15
U07004,register,2024-06-07,page_032,28
U07004,app_open,2024-06-07,page_094,29
U07004,browse,2024-06-07,page_066,149
U07004,add_to_cart,2024-06-07,page_085,63
U07005,register,2023-03-01,page_078,5
U07005,app_open,2023-03-01,page_025,10
U07006,register,2023-12-23,page_029,8
U07006,app_open,2023-12-23,page_023,47
U07006,browse,2023-12-23,page_057,54
U07007,register,2023-05-11,page_050,22
U07007,app_open,2023-05-11,page_063,24
U07007,share,2023-05-20,page_070,22
U07008,register,2023-12-23,page_060,9
U07009,register,2024-04-01,page_028,5
U07009,app_open,2024-04-01,page_074,33
U07009,browse,2024-04-01,page_024,269
U07010,register,2024-09-18,page_061,24
U07010,app_open,2024-09-18,page_006,38
U07011,register,2023-01-22,page_043,5
U07011,app_open,2023-01-22,page_099,40
U07011,browse,2023-01-22,page_092,238
U07012,register,2023-05-04,page_043,10
U07013,register,2023-01-15,page_058,16
U07013,app_open,2023-01-15,page_057,49
U07014,register,2023-05-07,page_070,7
U07014,app_open,2023-05-07,page_002,32
U07015,register,2024-05-20,page_070,22
U07015,app_open,2024-05-20,page_020,47
U07015,browse,2024-05-20,page_022,101
U07015,add_to_cart,2024-05-20,page_096,98
U07016,register,2023-06-13,page_047,22
U07016,app_open,2023-06-13,page_079,35
U07016,browse,2023-06-13,page_006,92
U07017,register,2024-12-23,page_047,28
U07018,register,2024-03-07,page_065,7
U07019,register,2024-12-07,page_044,26
U07019,app_open,2024-12-07,page_052,49
U07020,register,2024-01-04,page_019,28
U07020,app_open,2024-01-04,page_064,43
U07021,register,2024-10-28,page_012,5
U07021,app_open,2024-10-28,page_042,45
U07021,browse,2024-10-28,page_009,114
U07022,register,2024-06-08,page_091,17
U07022,app_open,2024-06-08,page_019,50
U07022,browse,2024-06-08,page_088,57
U07022,add_to_cart,2024-06-08,page_042,103
U07023,register,2024-07-16,page_021,21
U07023,app_open,2024-07-16,page_024,25
U07023,browse,2024-07-16,page_077,269
U07023,share,2024-07-26,page_017,20
U07024,register,2024-08-18,page_001,23
U07024,app_open,2024-08-18,page_069,52
U07024,browse,2024-08-18,page_052,121
U07024,add_to_cart,2024-08-18,page_054,76
U07025,register,2024-04-16,page_092,19
U07025,app_open,2024-04-16,page_072,20
U07026,register,2023-02-14,page_053,27
U07026,app_open,2023-02-14,page_078,43
U07026,browse,2023-02-14,page_041,36
U07026,add_to_cart,2023-02-14,page_083,95
U07026,share,2023-03-02,page_021,13
U07027,register,2024-10-19,page_047,16
U07027,app_open,2024-10-19,page_043,11
U07027,browse,2024-10-19,page_081,191
U07028,register,2024-04-22,page_059,26
U07028,app_open,2024-04-22,page_055,46
U07029,register,2023-04-13,page_028,13
U07029,app_open,2023-04-13,page_057,52
U07030,register,2023-08-03,page_096,23
U07030,app_open,2023-08-03,page_006,55
U07030,browse,2023-08-03,page_027,283
U07030,add_to_cart,2023-08-03,page_056,96
U07031,register,2024-12-03,page_039,12
U07031,app_open,2024-12-03,page_004,13
U07031,browse,2024-12-03,page_098,280
U07032,register,2023-05-11,page_016,8
U07033,register,2024-01-02,page_073,27
U07033,app_open,2024-01-02,page_026,50
U07034,register,2023-06-07,page_074,28
U07035,register,2024-12-04,page_067,16
U07035,app_open,2024-12-04,page_033,10
U07035,browse,2024-12-04,page_006,190
U07036,register,2023-09-18,page_008,22
U07036,app_open,2023-09-18,page_075,56
U07036,browse,2023-09-18,page_068,292
U07037,register,2024-02-24,page_012,14
U07037,app_open,2024-02-24,page_022,36
U07037,browse,2024-02-24,page_026,181
U07037,add_to_cart,2024-02-24,page_041,55
U07038,register,2023-06-20,page_087,9
U07038,app_open,2023-06-20,page_010,49
U07038,browse,2023-06-20,page_076,266
U07039,register,2023-02-04,page_030,16
U07039,app_open,2023-02-04,page_099,11
U07039,browse,2023-02-04,page_030,58
U07039,add_to_cart,2023-02-04,page_054,51
U07040,register,2024-03-03,page_010,28
U07040,app_open,2024-03-03,page_059,29
U07040,browse,2024-03-03,page_093,104
U07040,add_to_cart,2024-03-03,page_064,83
U07040,share,2024-03-22,page_039,20
U07041,register,2023-04-04,page_031,16
U07041,app_open,2023-04-04,page_050,29
U07041,browse,2023-04-04,page_065,99
U07042,register,2024-03-11,page_074,28
U07043,register,2024-11-17,page_097,28
U07043,app_open,2024-11-17,page_021,53
U07043,browse,2024-11-17,page_025,141
U07044,register,2024-03-25,page_018,10
U07044,app_open,2024-03-25,page_024,27
U07044,browse,2024-03-25,page_034,80
U07044,add_to_cart,2024-03-25,page_068,64
U07045,register,2024-09-03,page_046,15
U07045,app_open,2024-09-03,page_033,17
U07045,browse,2024-09-03,page_076,254
U07045,add_to_cart,2024-09-03,page_009,62
U07046,register,2024-11-23,page_057,22
U07046,app_open,2024-11-23,page_067,44
U07046,browse,2024-11-23,page_009,65
U07046,add_to_cart,2024-11-23,page_095,54
U07047,register,2024-12-10,page_082,29
U07048,register,2023-04-13,page_011,14
U07048,app_open,2023-04-13,page_078,20
U07048,browse,2023-04-13,page_082,162
U07048,add_to_cart,2023-04-13,page_098,112
U07049,register,2023-02-06,page_006,12
U07049,app_open,2023-02-06,page_053,24
U07049,browse,2023-02-06,page_098,270
U07049,add_to_cart,2023-02-06,page_040,84
U07050,register,2024-07-24,page_027,18
U07050,app_open,2024-07-24,page_074,22
U07050,browse,2024-07-24,page_034,104
U07051,register,2023-08-06,page_029,14
U07051,app_open,2023-08-06,page_033,31
U07051,browse,2023-08-06,page_095,146
U07052,register,2024-08-14,page_067,14
U07053,register,2023-08-06,page_071,5
U07053,app_open,2023-08-06,page_068,16
U07054,register,2023-12-09,page_090,15
U07054,app_open,2023-12-09,page_089,30
U07054,share,2023-12-13,page_099,26
U07055,register,2023-07-25,page_095,5
U07055,app_open,2023-07-25,page_081,18
U07055,browse,2023-07-25,page_055,240
U07055,add_to_cart,2023-07-25,page_076,19
U07056,register,2024-01-16,page_058,25
U07056,app_open,2024-01-16,page_086,25
U07056,browse,2024-01-16,page_064,154
U07056,add_to_cart,2024-01-16,page_007,32
U07057,register,2023-08-14,page_095,23
U07058,register,2024-04-20,page_025,19
U07058,app_open,2024-04-20,page_021,52
U07058,browse,2024-04-20,page_045,149
U07058,share,2024-04-28,page_071,9
U07059,register,2023-06-23,page_033,22
U07059,app_open,2023-06-23,page_025,25
U07059,browse,2023-06-23,page_021,129
U07059,add_to_cart,2023-06-23,page_034,23
U07060,register,2023-04-04,page_069,15
U07060,app_open,2023-04-04,page_054,11
U07060,browse,2023-04-04,page_062,202
U07060,add_to_cart,2023-04-04,page_008,37
U07061,register,2023-03-10,page_034,19
U07061,app_open,2023-03-10,page_068,38
U07061,browse,2023-03-10,page_098,130
U07061,add_to_cart,2023-03-10,page_080,88
U07062,register,2023-06-27,page_083,15
U07062,app_open,2023-06-27,page_038,26
U07063,register,2024-06-13,page_072,26
U07063,app_open,2024-06-13,page_007,49
U07063,browse,2024-06-13,page_014,46
U07064,register,2023-11-04,page_011,20
U07064,app_open,2023-11-04,page_028,48
U07064,browse,2023-11-04,page_091,216
U07064,add_to_cart,2023-11-04,page_006,45
U07065,register,2023-08-03,page_080,8
U07065,app_open,2023-08-03,page_007,31
U07065,browse,2023-08-03,page_025,165
U07066,register,2023-12-13,page_061,5
U07066,app_open,2023-12-13,page_019,33
U07067,register,2024-12-23,page_018,21
U07067,app_open,2024-12-23,page_092,45
U07067,browse,2024-12-23,page_043,107
U07067,share,2025-01-07,page_077,23
U07068,register,2024-11-11,page_089,12
U07068,app_open,2024-11-11,page_076,42
U07069,register,2023-09-04,page_083,5
U07069,app_open,2023-09-04,page_054,50
U07069,browse,2023-09-04,page_055,227
U07069,add_to_cart,2023-09-04,page_017,40
U07070,register,2023-11-08,page_053,8
U07070,app_open,2023-11-08,page_011,58
U07070,browse,2023-11-08,page_065,146
U07071,register,2024-06-03,page_004,13
U07071,app_open,2024-06-03,page_009,59
U07071,browse,2024-06-03,page_010,73
U07071,add_to_cart,2024-06-03,page_054,110
U07071,share,2024-06-12,page_028,9
U07072,register,2023-04-25,page_026,6
U07072,app_open,2023-04-25,page_054,18
U07072,browse,2023-04-25,page_080,235
U07072,add_to_cart,2023-04-25,page_038,35
U07073,register,2024-05-16,page_015,25
U07073,app_open,2024-05-16,page_061,24
U07073,browse,2024-05-16,page_073,233
U07074,register,2023-07-02,page_095,28
U07074,app_open,2023-07-02,page_018,20
U07074,browse,2023-07-02,page_045,147
U07075,register,2023-05-01,page_059,17
U07075,app_open,2023-05-01,page_016,18
U07076,register,2024-10-13,page_026,9
U07076,app_open,2024-10-13,page_023,25
U07076,browse,2024-10-13,page_067,172
U07077,register,2023-12-19,page_043,7
U07077,app_open,2023-12-19,page_043,46
U07077,browse,2023-12-19,page_090,237
U07078,register,2024-10-08,page_092,14
U07078,app_open,2024-10-08,page_041,47
U07079,register,2023-08-12,page_086,5
U07079,app_open,2023-08-12,page_076,23
U07080,register,2023-04-07,page_037,11
U07080,app_open,2023-04-07,page_094,42
U07080,browse,2023-04-07,page_059,96
U07080,share,2023-05-04,page_081,20
U07081,register,2024-04-22,page_021,20
U07082,register,2024-06-06,page_023,6
U07082,app_open,2024-06-06,page_003,25
U07082,browse,2024-06-06,page_060,93
U07082,add_to_cart,2024-06-06,page_052,15
U07083,register,2024-06-04,page_078,21
U07083,app_open,2024-06-04,page_019,29
U07084,register,2024-09-09,page_026,16
U07084,app_open,2024-09-09,page_007,27
U07084,browse,2024-09-09,page_034,204
U07085,register,2024-01-19,page_028,13
U07085,app_open,2024-01-19,page_077,31
U07085,browse,2024-01-19,page_083,138
U07085,add_to_cart,2024-01-19,page_029,43
U07086,register,2023-12-16,page_057,20
U07086,app_open,2023-12-16,page_057,14
U07087,register,2023-05-02,page_023,6
U07088,register,2023-03-13,page_003,29
U07088,app_open,2023-03-13,page_005,58
U07088,browse,2023-03-13,page_072,177
U07089,register,2024-09-07,page_066,29
U07090,register,2024-01-16,page_035,5
U07090,app_open,2024-01-16,page_063,53
U07090,browse,2024-01-16,page_069,144
U07091,register,2024-10-14,page_006,8
U07091,app_open,2024-10-14,page_030,45
U07091,browse,2024-10-14,page_087,188
U07091,add_to_cart,2024-10-14,page_022,108
U07092,register,2024-06-13,page_045,18
U07093,register,2024-02-09,page_065,21
U07093,app_open,2024-02-09,page_087,14
U07094,register,2023-08-25,page_002,17
U07094,app_open,2023-08-25,page_066,39
U07095,register,2023-05-27,page_084,20
U07095,app_open,2023-05-27,page_074,32
U07095,browse,2023-05-27,page_076,50
U07095,add_to_cart,2023-05-27,page_004,90
U07096,register,2024-11-07,page_057,13
U07096,app_open,2024-11-07,page_036,56
U07096,browse,2024-11-07,page_002,236
U07097,register,2024-04-10,page_066,7
U07097,app_open,2024-04-10,page_031,41
U07097,browse,2024-04-10,page_014,137
U07097,add_to_cart,2024-04-10,page_009,38
U07097,share,2024-04-23,page_045,10
U07098,register,2024-10-03,page_018,10
U07098,app_open,2024-10-03,page_062,15
U07099,register,2024-12-17,page_039,20
U07100,register,2023-10-11,page_086,23
U07100,app_open,2023-10-11,page_090,52
U07100,browse,2023-10-11,page_008,190
U07100,add_to_cart,2023-10-11,page_001,76
U07101,register,2024-08-10,page_083,18
U07101,app_open,2024-08-10,page_058,58
U07101,browse,2024-08-10,page_092,198
U07102,register,2024-06-21,page_007,18
U07102,app_open,2024-06-21,page_005,18
U07102,browse,2024-06-21,page_003,74
U07103,register,2024-11-27,page_025,9
U07103,app_open,2024-11-27,page_041,54
U07103,share,2024-12-01,page_037,18
U07104,register,2023-01-04,page_091,28
U07104,app_open,2023-01-04,page_095,51
U07104,share,2023-01-10,page_047,27
U07105,register,2023-03-20,page_075,9
U07105,app_open,2023-03-20,page_011,13
U07105,browse,2023-03-20,page_098,180
U07106,register,2023-06-26,page_058,18
U07107,register,2023-06-28,page_011,16
U07107,app_open,2023-06-28,page_028,22
U07107,browse,2023-06-28,page_075,55
U07107,add_to_cart,2023-06-28,page_094,114
U07108,register,2024-05-19,page_054,24
U07108,app_open,2024-05-19,page_082,28
U07108,browse,2024-05-19,page_043,218
U07109,register,2024-05-17,page_033,9
U07109,app_open,2024-05-17,page_018,21
U07110,register,2024-05-03,page_013,16
U07111,register,2024-02-02,page_070,7
U07111,app_open,2024-02-02,page_018,26
U07111,browse,2024-02-02,page_053,269
U07111,add_to_cart,2024-02-02,page_044,49
U07111,share,2024-02-17,page_068,19
U07112,register,2023-04-23,page_098,22
U07112,app_open,2023-04-23,page_040,42
U07112,browse,2023-04-23,page_089,249
U07112,add_to_cart,2023-04-23,page_034,87
U07113,register,2024-06-02,page_017,16
U07113,app_open,2024-06-02,page_008,28
U07113,browse,2024-06-02,page_015,285
U07113,add_to_cart,2024-06-02,page_088,108
U07114,register,2023-12-15,page_085,13
U07115,register,2024-01-11,page_026,16
U07115,app_open,2024-01-11,page_063,44
U07115,browse,2024-01-11,page_070,124
U07115,add_to_cart,2024-01-11,page_026,90
U07115,share,2024-02-04,page_059,26
U07116,register,2023-07-28,page_011,20
U07116,app_open,2023-07-28,page_008,12
U07117,register,2023-09-27,page_082,26
U07117,app_open,2023-09-27,page_036,58
U07117,browse,2023-09-27,page_034,91
U07118,register,2024-03-03,page_096,29
U07118,app_open,2024-03-03,page_089,15
U07118,browse,2024-03-03,page_035,120
U07119,register,2023-10-08,page_029,6
U07119,app_open,2023-10-08,page_035,27
U07120,register,2023-06-14,page_099,6
U07120,app_open,2023-06-14,page_087,12
U07120,browse,2023-06-14,page_040,229
U07120,share,2023-07-04,page_072,17
U07121,register,2023-06-19,page_070,22
U07121,app_open,2023-06-19,page_040,23
U07121,browse,2023-06-19,page_001,118
U07121,add_to_cart,2023-06-19,page_088,99
U07122,register,2023-09-09,page_037,11
U07122,app_open,2023-09-09,page_044,21
U07122,browse,2023-09-09,page_044,140
U07122,add_to_cart,2023-09-09,page_022,25
U07123,register,2024-08-16,page_082,10
U07123,app_open,2024-08-16,page_019,40
U07123,browse,2024-08-16,page_053,262
U07123,share,2024-09-11,page_023,23
U07124,register,2024-01-13,page_053,11
U07124,app_open,2024-01-13,page_004,36
U07125,register,2023-12-22,page_017,29
U07125,app_open,2023-12-22,page_099,27
U07125,browse,2023-12-22,page_031,55
U07125,add_to_cart,2023-12-22,page_006,25
U07126,register,2024-09-20,page_039,9
U07126,app_open,2024-09-20,page_026,11
U07126,browse,2024-09-20,page_055,74
U07127,register,2023-02-04,page_006,10
U07128,register,2023-07-19,page_023,8
U07128,app_open,2023-07-19,page_002,10
U07128,browse,2023-07-19,page_037,52
U07128,add_to_cart,2023-07-19,page_062,99
U07129,register,2023-03-11,page_022,8
U07130,register,2024-07-25,page_033,12
U07130,app_open,2024-07-25,page_009,27
U07130,browse,2024-07-25,page_040,49
U07131,register,2024-02-17,page_005,25
U07131,app_open,2024-02-17,page_084,45
U07131,browse,2024-02-17,page_042,55
U07132,register,2023-05-25,page_004,12
U07132,app_open,2023-05-25,page_088,26
U07132,browse,2023-05-25,page_064,144
U07132,add_to_cart,2023-05-25,page_003,69
U07133,register,2024-02-07,page_061,17
U07133,app_open,2024-02-07,page_028,22
U07133,browse,2024-02-07,page_097,261
U07133,add_to_cart,2024-02-07,page_026,82
U07133,share,2024-02-11,page_098,20
U07134,register,2023-12-28,page_041,12
U07134,app_open,2023-12-28,page_043,55
U07134,browse,2023-12-28,page_010,253
U07135,register,2024-05-20,page_025,26
U07135,app_open,2024-05-20,page_096,36
U07135,browse,2024-05-20,page_042,213
U07136,register,2024-10-21,page_093,29
U07137,register,2024-06-01,page_014,12
U07137,app_open,2024-06-01,page_030,41
U07137,share,2024-06-14,page_026,5
U07138,register,2023-11-04,page_078,23
U07138,app_open,2023-11-04,page_088,48
U07138,browse,2023-11-04,page_048,289
U07138,add_to_cart,2023-11-04,page_076,99
U07139,register,2023-12-26,page_037,25
U07139,app_open,2023-12-26,page_010,42
U07139,browse,2023-12-26,page_006,85
U07139,add_to_cart,2023-12-26,page_024,89
U07140,register,2023-05-15,page_089,6
U07140,app_open,2023-05-15,page_081,11
U07140,browse,2023-05-15,page_066,137
U07140,add_to_cart,2023-05-15,page_067,102
U07141,register,2024-08-03,page_032,23
U07141,app_open,2024-08-03,page_040,45
U07141,browse,2024-08-03,page_082,243
U07142,register,2024-03-08,page_054,10
U07142,app_open,2024-03-08,page_095,15
U07142,browse,2024-03-08,page_070,84
U07142,add_to_cart,2024-03-08,page_087,101
U07143,register,2024-10-11,page_029,7
U07143,app_open,2024-10-11,page_086,37
U07143,share,2024-11-02,page_054,26
U07144,register,2023-12-03,page_009,25
U07144,app_open,2023-12-03,page_098,22
U07144,browse,2023-12-03,page_006,261
U07144,add_to_cart,2023-12-03,page_077,102
U07145,register,2023-06-26,page_019,6
U07146,register,2023-08-07,page_020,12
U07146,app_open,2023-08-07,page_023,32
U07147,register,2024-05-16,page_016,29
U07148,register,2024-10-17,page_081,23
U07148,app_open,2024-10-17,page_015,31
U07148,browse,2024-10-17,page_017,299
U07148,add_to_cart,2024-10-17,page_072,41
U07149,register,2024-01-04,page_077,23
U07149,app_open,2024-01-04,page_030,24
U07149,browse,2024-01-04,page_034,251
U07149,add_to_cart,2024-01-04,page_056,105
U07150,register,2023-10-16,page_017,24
U07150,app_open,2023-10-16,page_053,16
U07150,browse,2023-10-16,page_064,208
U07150,add_to_cart,2023-10-16,page_002,115
U07151,register,2024-07-07,page_039,20
U07151,app_open,2024-07-07,page_006,54
U07151,browse,2024-07-07,page_019,59
U07151,share,2024-07-25,page_019,20
U07152,register,2024-06-13,page_016,11
U07152,app_open,2024-06-13,page_050,54
U07152,browse,2024-06-13,page_087,222
U07153,register,2023-04-21,page_052,12
U07153,app_open,2023-04-21,page_073,32
U07153,browse,2023-04-21,page_063,64
U07154,register,2024-06-16,page_014,20
U07155,register,2024-06-16,page_073,26
U07155,app_open,2024-06-16,page_054,51
U07155,browse,2024-06-16,page_092,61
U07156,register,2024-10-28,page_010,23
U07157,register,2024-12-28,page_010,22
U07157,app_open,2024-12-28,page_039,13
U07158,register,2024-11-22,page_049,15
U07158,app_open,2024-11-22,page_050,27
U07158,browse,2024-11-22,page_012,179
U07159,register,2024-12-21,page_078,22
U07159,app_open,2024-12-21,page_001,16
U07159,browse,2024-12-21,page_004,200
U07159,add_to_cart,2024-12-21,page_018,36
U07159,share,2025-01-14,page_042,17
U07160,register,2023-09-02,page_025,13
U07160,app_open,2023-09-02,page_065,31
U07161,register,2023-06-28,page_089,17
U07161,app_open,2023-06-28,page_022,16
U07161,browse,2023-06-28,page_030,47
U07161,add_to_cart,2023-06-28,page_057,97
U07162,register,2024-11-25,page_057,19
U07162,app_open,2024-11-25,page_004,34
U07162,browse,2024-11-25,page_077,100
U07162,share,2024-12-02,page_024,5
U07163,register,2024-09-06,page_094,6
U07163,app_open,2024-09-06,page_002,28
U07163,browse,2024-09-06,page_029,198
U07164,register,2023-06-14,page_072,24
U07164,app_open,2023-06-14,page_056,12
U07164,browse,2023-06-14,page_009,222
U07164,add_to_cart,2023-06-14,page_085,36
U07165,register,2023-11-28,page_053,13
U07165,app_open,2023-11-28,page_085,25
U07165,browse,2023-11-28,page_008,128
U07166,register,2024-05-04,page_063,15
U07166,app_open,2024-05-04,page_015,38
U07166,browse,2024-05-04,page_024,41
U07167,register,2023-04-19,page_055,16
U07167,app_open,2023-04-19,page_046,20
U07167,browse,2023-04-19,page_035,199
U07168,register,2024-12-22,page_023,22
U07169,register,2024-11-16,page_051,29
U07169,app_open,2024-11-16,page_088,25
U07169,browse,2024-11-16,page_057,143
U07169,share,2024-12-05,page_060,19
U07170,register,2023-08-19,page_097,28
U07170,app_open,2023-08-19,page_086,22
U07170,browse,2023-08-19,page_073,52
U07171,register,2024-08-01,page_080,9
U07172,register,2023-04-12,page_011,13
U07172,app_open,2023-04-12,page_040,39
U07173,register,2024-09-19,page_039,12
U07173,app_open,2024-09-19,page_030,41
U07174,register,2023-02-06,page_067,27
U07174,app_open,2023-02-06,page_028,39
U07174,browse,2023-02-06,page_066,77
U07174,add_to_cart,2023-02-06,page_080,88
U07175,register,2024-08-22,page_025,6
U07176,register,2023-03-03,page_020,12
U07176,app_open,2023-03-03,page_047,19
U07177,register,2023-01-09,page_007,26
U07177,app_open,2023-01-09,page_047,57
U07178,register,2023-07-09,page_030,23
U07179,register,2023-01-08,page_088,25
U07179,app_open,2023-01-08,page_050,50
U07179,browse,2023-01-08,page_071,245
U07179,share,2023-01-18,page_050,21
U07180,register,2024-06-03,page_055,6
U07180,app_open,2024-06-03,page_098,33
U07180,browse,2024-06-03,page_008,136
U07180,share,2024-06-25,page_093,8
U07181,register,2024-05-07,page_097,12
U07181,app_open,2024-05-07,page_099,45
U07181,browse,2024-05-07,page_018,177
U07181,add_to_cart,2024-05-07,page_077,82
U07182,register,2023-11-05,page_099,24
U07182,app_open,2023-11-05,page_093,23
U07182,browse,2023-11-05,page_083,48
U07183,register,2024-01-11,page_060,26
U07183,app_open,2024-01-11,page_045,39
U07184,register,2023-03-13,page_083,28
U07185,register,2024-08-28,page_029,10
U07185,app_open,2024-08-28,page_038,54
U07185,browse,2024-08-28,page_007,138
U07186,register,2023-06-22,page_027,6
U07186,app_open,2023-06-22,page_075,25
U07187,register,2024-03-02,page_078,5
U07187,app_open,2024-03-02,page_004,48
U07187,share,2024-03-08,page_034,26
U07188,register,2024-11-28,page_050,7
U07189,register,2023-02-25,page_070,11
U07189,app_open,2023-02-25,page_013,39
U07189,browse,2023-02-25,page_019,245
U07189,add_to_cart,2023-02-25,page_071,114
U07190,register,2024-02-02,page_085,20
U07190,app_open,2024-02-02,page_014,33
U07191,register,2023-05-16,page_019,10
U07191,app_open,2023-05-16,page_054,26
U07191,browse,2023-05-16,page_020,110
U07192,register,2023-08-08,page_033,8
U07192,app_open,2023-08-08,page_065,37
U07192,browse,2023-08-08,page_032,179
U07192,add_to_cart,2023-08-08,page_030,33
U07193,register,2023-11-13,page_016,13
U07193,app_open,2023-11-13,page_039,12
U07193,browse,2023-11-13,page_023,189
U07194,register,2024-03-04,page_038,25
U07194,app_open,2024-03-04,page_062,29
U07195,register,2024-11-08,page_093,23
U07195,app_open,2024-11-08,page_063,40
U07195,browse,2024-11-08,page_081,183
U07195,add_to_cart,2024-11-08,page_014,78
U07195,share,2024-11-28,page_039,5
U07196,register,2024-04-16,page_005,10
U07197,register,2024-12-21,page_086,26
U07197,app_open,2024-12-21,page_071,11
U07198,register,2023-10-02,page_023,14
U07198,app_open,2023-10-02,page_031,34
U07199,register,2024-06-21,page_073,5
U07199,app_open,2024-06-21,page_020,20
U07199,share,2024-07-06,page_061,13
U07200,register,2024-04-04,page_075,15
U07200,app_open,2024-04-04,page_092,15
U07200,browse,2024-04-04,page_071,221
U07201,register,2024-08-19,page_002,13
U07201,app_open,2024-08-19,page_068,21
U07201,browse,2024-08-19,page_041,186
U07202,register,2023-08-20,page_052,13
U07203,register,2024-11-08,page_098,26
U07203,app_open,2024-11-08,page_073,40
U07203,browse,2024-11-08,page_073,247
U07203,add_to_cart,2024-11-08,page_046,98
U07204,register,2024-02-16,page_023,18
U07205,register,2023-06-18,page_069,12
U07205,app_open,2023-06-18,page_073,24
U07206,register,2023-08-19,page_050,24
U07206,app_open,2023-08-19,page_040,25
U07206,browse,2023-08-19,page_046,119
U07206,add_to_cart,2023-08-19,page_091,51
U07207,register,2023-04-04,page_069,14
U07207,app_open,2023-04-04,page_041,52
U07208,register,2023-07-08,page_011,25
U07208,app_open,2023-07-08,page_030,59
U07209,register,2023-09-01,page_030,19
U07209,app_open,2023-09-01,page_011,25
U07210,register,2024-05-28,page_062,6
U07210,app_open,2024-05-28,page_051,23
U07210,browse,2024-05-28,page_061,204
U07211,register,2023-07-20,page_039,21
U07212,register,2023-10-24,page_096,6
U07212,app_open,2023-10-24,page_045,59
U07213,register,2024-09-01,page_030,15
U07213,app_open,2024-09-01,page_013,27
U07213,browse,2024-09-01,page_028,280
U07214,register,2024-06-26,page_034,28
U07214,app_open,2024-06-26,page_082,18
U07214,browse,2024-06-26,page_040,110
U07215,register,2024-02-19,page_081,27
U07216,register,2024-06-25,page_002,22
U07216,app_open,2024-06-25,page_022,52
U07216,browse,2024-06-25,page_024,239
U07216,add_to_cart,2024-06-25,page_013,82
U07216,share,2024-07-19,page_059,6
U07217,register,2024-01-07,page_085,28
U07218,register,2023-02-07,page_050,5
U07218,app_open,2023-02-07,page_081,28
U07219,register,2023-10-17,page_059,17
U07219,app_open,2023-10-17,page_069,26
U07220,register,2024-09-05,page_034,9
U07220,app_open,2024-09-05,page_094,51
U07220,browse,2024-09-05,page_058,86
U07220,add_to_cart,2024-09-05,page_005,41
U07220,share,2024-09-09,page_089,26
U07221,register,2023-09-04,page_089,9
U07221,app_open,2023-09-04,page_092,37
U07221,share,2023-09-18,page_036,18
U07222,register,2024-08-22,page_010,17
U07222,app_open,2024-08-22,page_010,21
U07222,browse,2024-08-22,page_053,70
U07223,register,2024-03-14,page_020,10
U07223,app_open,2024-03-14,page_049,22
U07223,browse,2024-03-14,page_027,134
U07223,share,2024-03-15,page_088,16
U07224,register,2024-06-10,page_056,17
U07224,app_open,2024-06-10,page_006,34
U07225,register,2024-04-22,page_090,20
U07226,register,2024-11-20,page_056,25
U07226,app_open,2024-11-20,page_013,43
U07226,browse,2024-11-20,page_082,57
U07226,add_to_cart,2024-11-20,page_061,40
U07227,register,2023-10-09,page_058,5
U07227,app_open,2023-10-09,page_091,53
U07227,browse,2023-10-09,page_046,298
U07228,register,2024-04-05,page_042,29
U07228,app_open,2024-04-05,page_033,46
U07228,browse,2024-04-05,page_068,288
U07229,register,2024-07-25,page_008,14
U07229,app_open,2024-07-25,page_087,39
U07229,browse,2024-07-25,page_056,215
U07229,add_to_cart,2024-07-25,page_082,43
U07230,register,2023-01-24,page_005,26
U07230,app_open,2023-01-24,page_016,53
U07231,register,2023-01-26,page_037,11
U07231,app_open,2023-01-26,page_040,18
U07231,browse,2023-01-26,page_006,288
U07232,register,2024-12-05,page_009,6
U07232,app_open,2024-12-05,page_091,51
U07232,browse,2024-12-05,page_014,273
U07233,register,2023-07-24,page_043,24
U07233,app_open,2023-07-24,page_065,45
U07233,browse,2023-07-24,page_038,280
U07234,register,2024-03-11,page_078,17
U07234,app_open,2024-03-11,page_049,55
U07234,browse,2024-03-11,page_024,156
U07235,register,2023-12-17,page_009,7
U07235,app_open,2023-12-17,page_054,28
U07235,browse,2023-12-17,page_085,251
U07235,add_to_cart,2023-12-17,page_040,51
U07236,register,2024-05-23,page_049,11
U07236,app_open,2024-05-23,page_048,48
U07236,browse,2024-05-23,page_016,216
U07236,add_to_cart,2024-05-23,page_088,91
U07237,register,2024-05-04,page_015,8
U07237,app_open,2024-05-04,page_054,52
U07237,browse,2024-05-04,page_014,284
U07238,register,2024-10-02,page_022,10
U07238,app_open,2024-10-02,page_018,55
U07239,register,2023-10-05,page_020,11
U07239,app_open,2023-10-05,page_047,39
U07239,browse,2023-10-05,page_020,231
U07239,add_to_cart,2023-10-05,page_009,55
U07240,register,2023-10-10,page_098,27
U07240,app_open,2023-10-10,page_084,56
U07240,browse,2023-10-10,page_033,98
U07240,add_to_cart,2023-10-10,page_015,64
U07241,register,2023-11-10,page_048,11
U07241,app_open,2023-11-10,page_001,21
U07241,browse,2023-11-10,page_006,98
U07242,register,2023-11-06,page_034,28
U07242,app_open,2023-11-06,page_055,27
U07242,browse,2023-11-06,page_057,272
U07243,register,2024-09-10,page_085,19
U07243,app_open,2024-09-10,page_012,12
U07243,browse,2024-09-10,page_099,108
U07243,share,2024-10-08,page_019,20
U07244,register,2023-08-11,page_058,17
U07245,register,2024-08-24,page_086,15
U07245,app_open,2024-08-24,page_086,36
U07245,share,2024-09-20,page_080,22
U07246,register,2024-07-07,page_040,29
U07247,register,2024-09-12,page_086,19
U07248,register,2024-09-06,page_005,6
U07248,app_open,2024-09-06,page_034,51
U07248,browse,2024-09-06,page_005,47
U07248,add_to_cart,2024-09-06,page_033,101
U07249,register,2023-12-05,page_095,17
U07249,app_open,2023-12-05,page_045,48
U07250,register,2024-01-17,page_043,5
U07250,app_open,2024-01-17,page_036,10
U07251,register,2023-09-27,page_056,22
U07251,app_open,2023-09-27,page_012,51
U07252,register,2024-08-21,page_095,22
U07252,app_open,2024-08-21,page_059,33
U07252,browse,2024-08-21,page_065,294
U07252,share,2024-09-05,page_094,10
U07253,register,2024-05-19,page_001,20
U07253,app_open,2024-05-19,page_055,40
U07253,browse,2024-05-19,page_057,69
U07253,add_to_cart,2024-05-19,page_076,100
U07254,register,2024-07-08,page_078,14
U07254,app_open,2024-07-08,page_030,51
U07254,browse,2024-07-08,page_061,289
U07255,register,2023-08-25,page_003,6
U07255,app_open,2023-08-25,page_078,16
U07255,browse,2023-08-25,page_037,113
U07255,add_to_cart,2023-08-25,page_099,59
U07255,share,2023-09-14,page_009,26
U07256,register,2024-03-07,page_058,9
U07256,app_open,2024-03-07,page_038,35
U07256,browse,2024-03-07,page_025,282
U07256,add_to_cart,2024-03-07,page_070,33
U07257,register,2023-06-16,page_035,27
U07257,app_open,2023-06-16,page_061,50
U07257,browse,2023-06-16,page_084,83
U07258,register,2023-08-03,page_012,22
U07258,app_open,2023-08-03,page_032,42
U07258,browse,2023-08-03,page_072,82
U07258,add_to_cart,2023-08-03,page_019,33
U07259,register,2023-10-26,page_094,12
U07259,app_open,2023-10-26,page_057,50
U07259,browse,2023-10-26,page_066,36
U07260,register,2023-10-24,page_057,27
U07260,app_open,2023-10-24,page_074,28
U07260,browse,2023-10-24,page_081,175
U07261,register,2024-07-02,page_098,25
U07261,app_open,2024-07-02,page_009,33
U07261,browse,2024-07-02,page_085,111
U07261,share,2024-07-27,page_069,24
U07262,register,2023-09-01,page_080,11
U07262,app_open,2023-09-01,page_026,51
U07262,browse,2023-09-01,page_088,75
U07263,register,2023-10-26,page_087,26
U07263,app_open,2023-10-26,page_095,54
U07263,browse,2023-10-26,page_060,235
U07263,add_to_cart,2023-10-26,page_065,91
U07263,share,2023-10-28,page_005,10
U07264,register,2024-06-23,page_074,29
U07264,app_open,2024-06-23,page_011,37
U07264,browse,2024-06-23,page_064,204
U07264,add_to_cart,2024-06-23,page_094,39
U07265,register,2023-01-12,page_055,7
U07265,app_open,2023-01-12,page_024,23
U07265,browse,2023-01-12,page_018,216
U07266,register,2023-05-28,page_078,23
U07267,register,2023-11-20,page_036,24
U07267,app_open,2023-11-20,page_074,38
U07268,register,2024-02-15,page_041,22
U07268,app_open,2024-02-15,page_063,31
U07268,share,2024-02-20,page_038,23
U07269,register,2023-02-25,page_016,25
U07269,app_open,2023-02-25,page_068,48
U07269,browse,2023-02-25,page_018,152
U07269,add_to_cart,2023-02-25,page_036,32
U07270,register,2023-04-19,page_064,9
U07270,app_open,2023-04-19,page_088,34
U07270,browse,2023-04-19,page_014,47
U07270,add_to_cart,2023-04-19,page_087,20
U07271,register,2024-01-19,page_066,21
U07271,app_open,2024-01-19,page_066,13
U07271,browse,2024-01-19,page_064,155
U07271,share,2024-01-29,page_095,20
U07272,register,2024-01-23,page_043,27
U07272,app_open,2024-01-23,page_063,12
U07272,share,2024-02-12,page_096,23
U07273,register,2023-12-02,page_087,12
U07273,app_open,2023-12-02,page_032,10
U07273,browse,2023-12-02,page_070,229
U07274,register,2023-05-18,page_068,24
U07274,app_open,2023-05-18,page_034,45
U07274,browse,2023-05-18,page_004,181
U07274,add_to_cart,2023-05-18,page_057,86
U07275,register,2024-11-23,page_049,11
U07275,app_open,2024-11-23,page_068,31
U07276,register,2024-07-03,page_009,6
U07276,app_open,2024-07-03,page_015,42
U07276,browse,2024-07-03,page_034,166
U07277,register,2024-12-23,page_044,21
U07277,app_open,2024-12-23,page_018,36
U07277,browse,2024-12-23,page_060,153
U07277,add_to_cart,2024-12-23,page_015,68
U07278,register,2023-04-18,page_041,9
U07278,app_open,2023-04-18,page_085,27
U07278,browse,2023-04-18,page_067,179
U07278,share,2023-04-30,page_089,29
U07279,register,2023-12-03,page_017,29
U07279,app_open,2023-12-03,page_007,53
U07279,browse,2023-12-03,page_090,255
U07279,add_to_cart,2023-12-03,page_052,21
U07279,share,2023-12-14,page_016,13
U07280,register,2023-11-14,page_087,29
U07280,app_open,2023-11-14,page_030,31
U07280,share,2023-11-23,page_020,27
U07281,register,2023-03-05,page_092,19
U07281,app_open,2023-03-05,page_017,54
U07281,browse,2023-03-05,page_072,104
U07281,add_to_cart,2023-03-05,page_039,62
U07282,register,2023-07-20,page_018,28
U07282,app_open,2023-07-20,page_027,30
U07282,browse,2023-07-20,page_080,71
U07282,add_to_cart,2023-07-20,page_020,104
U07283,register,2024-05-19,page_080,7
U07283,app_open,2024-05-19,page_093,14
U07283,share,2024-06-11,page_093,7
U07284,register,2023-03-01,page_034,14
U07284,app_open,2023-03-01,page_075,43
U07285,register,2023-08-20,page_020,19
U07285,app_open,2023-08-20,page_003,57
U07285,browse,2023-08-20,page_081,187
U07286,register,2023-05-03,page_051,24
U07286,app_open,2023-05-03,page_005,43
U07286,browse,2023-05-03,page_041,99
U07286,add_to_cart,2023-05-03,page_013,59
U07287,register,2024-08-17,page_073,7
U07287,app_open,2024-08-17,page_037,15
U07287,browse,2024-08-17,page_035,257
U07288,register,2024-01-13,page_048,14
U07288,app_open,2024-01-13,page_010,48
U07288,browse,2024-01-13,page_077,232
U07288,add_to_cart,2024-01-13,page_086,76
U07289,register,2023-04-18,page_018,17
U07289,app_open,2023-04-18,page_029,50
U07289,share,2023-05-02,page_008,14
U07290,register,2023-06-02,page_071,27
U07290,app_open,2023-06-02,page_073,13
U07291,register,2024-03-25,page_079,21
U07291,app_open,2024-03-25,page_072,40
U07291,browse,2024-03-25,page_050,86
U07291,add_to_cart,2024-03-25,page_071,20
U07292,register,2023-02-20,page_014,16
U07292,app_open,2023-02-20,page_026,29
U07292,browse,2023-02-20,page_037,253
U07292,add_to_cart,2023-02-20,page_007,19
U07293,register,2024-08-16,page_013,27
U07294,register,2023-11-17,page_047,8
U07294,app_open,2023-11-17,page_065,29
U07294,browse,2023-11-17,page_012,157
U07295,register,2024-11-01,page_089,6
U07295,app_open,2024-11-01,page_005,47
U07295,browse,2024-11-01,page_086,43
U07296,register,2024-01-08,page_070,25
U07297,register,2023-03-14,page_031,18
U07298,register,2024-12-24,page_097,18
U07299,register,2024-02-26,page_091,9
U07299,app_open,2024-02-26,page_084,13
U07299,browse,2024-02-26,page_071,254
U07299,add_to_cart,2024-02-26,page_085,58
U07300,register,2024-09-14,page_039,23
U07300,app_open,2024-09-14,page_004,33
U07301,register,2024-07-11,page_053,26
U07301,app_open,2024-07-11,page_098,10
U07301,browse,2024-07-11,page_079,50
U07302,register,2023-12-27,page_065,29
U07302,app_open,2023-12-27,page_065,59
U07303,register,2023-01-01,page_037,29
U07303,app_open,2023-01-01,page_079,41
U07303,browse,2023-01-01,page_016,45
U07303,add_to_cart,2023-01-01,page_093,119
U07304,register,2024-02-18,page_029,14
U07304,app_open,2024-02-18,page_009,34
U07304,browse,2024-02-18,page_005,244
U07304,share,2024-02-21,page_014,11
U07305,register,2024-10-02,page_043,14
U07305,app_open,2024-10-02,page_087,14
U07305,browse,2024-10-02,page_051,35
U07305,add_to_cart,2024-10-02,page_015,60
U07306,register,2023-04-22,page_023,19
U07306,app_open,2023-04-22,page_011,55
U07306,browse,2023-04-22,page_099,114
U07306,add_to_cart,2023-04-22,page_097,25
U07307,register,2024-06-04,page_017,6
U07307,app_open,2024-06-04,page_070,33
U07307,browse,2024-06-04,page_094,124
U07307,add_to_cart,2024-06-04,page_098,94
U07308,register,2024-11-17,page_097,28
U07308,app_open,2024-11-17,page_026,57
U07308,browse,2024-11-17,page_071,34
U07308,add_to_cart,2024-11-17,page_064,33
U07308,share,2024-11-18,page_083,22
U07309,register,2024-04-16,page_089,18
U07310,register,2023-09-26,page_060,6
U07310,app_open,2023-09-26,page_081,13
U07310,browse,2023-09-26,page_061,144
U07311,register,2023-10-07,page_028,17
U07312,register,2023-09-23,page_007,14
U07312,app_open,2023-09-23,page_009,13
U07312,browse,2023-09-23,page_070,49
U07312,share,2023-10-10,page_053,17
U07313,register,2024-04-27,page_024,18
U07314,register,2024-05-23,page_010,8
U07314,app_open,2024-05-23,page_066,33
U07314,browse,2024-05-23,page_001,224
U07315,register,2024-12-16,page_035,25
U07316,register,2024-04-28,page_057,9
U07316,app_open,2024-04-28,page_039,41
U07316,browse,2024-04-28,page_004,122
U07317,register,2024-08-21,page_043,22
U07317,app_open,2024-08-21,page_097,48
U07317,share,2024-09-13,page_027,10
U07318,register,2024-07-10,page_039,29
U07319,register,2023-02-03,page_014,24
U07319,app_open,2023-02-03,page_085,54
U07319,browse,2023-02-03,page_095,35
U07319,add_to_cart,2023-02-03,page_011,58
U07320,register,2023-07-24,page_022,28
U07320,app_open,2023-07-24,page_057,28
U07320,browse,2023-07-24,page_030,100
U07321,register,2023-02-25,page_069,16
U07322,register,2024-01-04,page_005,21
U07322,app_open,2024-01-04,page_045,41
U07322,browse,2024-01-04,page_041,120
U07323,register,2024-03-18,page_087,23
U07323,app_open,2024-03-18,page_088,53
U07323,browse,2024-03-18,page_020,70
U07324,register,2023-07-27,page_071,20
U07324,app_open,2023-07-27,page_085,38
U07325,register,2024-06-07,page_015,10
U07325,app_open,2024-06-07,page_022,18
U07325,browse,2024-06-07,page_055,255
U07325,add_to_cart,2024-06-07,page_005,63
U07326,register,2024-12-09,page_096,13
U07326,app_open,2024-12-09,page_096,17
U07326,browse,2024-12-09,page_051,242
U07327,register,2023-12-27,page_082,8
U07327,app_open,2023-12-27,page_037,24
U07328,register,2023-01-02,page_043,13
U07328,app_open,2023-01-02,page_082,23
U07328,browse,2023-01-02,page_002,177
U07328,add_to_cart,2023-01-02,page_083,66
U07329,register,2024-06-14,page_063,23
U07329,app_open,2024-06-14,page_059,51
U07329,browse,2024-06-14,page_008,105
U07330,register,2024-11-06,page_076,7
U07330,app_open,2024-11-06,page_066,59
U07330,browse,2024-11-06,page_032,154
U07331,register,2023-11-25,page_020,15
U07332,register,2024-07-08,page_028,9
U07333,register,2024-09-05,page_003,13
U07333,app_open,2024-09-05,page_046,27
U07333,browse,2024-09-05,page_066,159
U07333,add_to_cart,2024-09-05,page_072,16
U07334,register,2024-09-24,page_048,10
U07334,app_open,2024-09-24,page_089,29
U07334,browse,2024-09-24,page_094,196
U07335,register,2023-07-27,page_018,23
U07336,register,2024-11-04,page_080,10
U07336,app_open,2024-11-04,page_065,31
U07336,share,2024-11-26,page_037,9
U07337,register,2024-03-22,page_041,14
U07337,app_open,2024-03-22,page_029,57
U07337,browse,2024-03-22,page_051,51
U07338,register,2023-01-22,page_089,22
U07339,register,2023-05-17,page_081,27
U07340,register,2024-01-27,page_089,11
U07340,app_open,2024-01-27,page_047,20
U07340,browse,2024-01-27,page_088,261
U07340,add_to_cart,2024-01-27,page_051,66
U07341,register,2024-05-19,page_090,7
U07341,app_open,2024-05-19,page_067,41
U07341,browse,2024-05-19,page_080,178
U07342,register,2023-04-17,page_030,14
U07343,register,2023-12-26,page_053,29
U07344,register,2024-11-18,page_057,5
U07344,app_open,2024-11-18,page_085,58
U07344,browse,2024-11-18,page_058,114
U07344,add_to_cart,2024-11-18,page_048,65
U07345,register,2023-11-04,page_041,8
U07345,app_open,2023-11-04,page_083,40
U07345,browse,2023-11-04,page_090,241
U07345,share,2023-11-20,page_019,6
U07346,register,2023-12-09,page_060,6
U07346,app_open,2023-12-09,page_040,16
U07347,register,2024-12-18,page_082,28
U07347,app_open,2024-12-18,page_071,19
U07348,register,2023-09-01,page_091,21
U07348,app_open,2023-09-01,page_077,30
U07348,browse,2023-09-01,page_067,106
U07349,register,2023-06-19,page_031,12
U07349,app_open,2023-06-19,page_028,41
U07349,browse,2023-06-19,page_058,276
U07350,register,2023-01-08,page_083,11
U07351,register,2023-06-04,page_067,13
U07351,app_open,2023-06-04,page_078,57
U07352,register,2023-03-13,page_071,18
U07352,app_open,2023-03-13,page_041,40
U07352,browse,2023-03-13,page_006,47
U07352,add_to_cart,2023-03-13,page_022,94
U07353,register,2023-02-13,page_063,13
U07353,app_open,2023-02-13,page_043,21
U07353,browse,2023-02-13,page_059,54
U07353,add_to_cart,2023-02-13,page_004,109
U07354,register,2024-09-15,page_002,21
U07354,app_open,2024-09-15,page_007,45
U07354,share,2024-09-19,page_033,28
U07355,register,2023-08-12,page_008,21
U07355,app_open,2023-08-12,page_041,48
U07355,browse,2023-08-12,page_011,45
U07355,add_to_cart,2023-08-12,page_019,42
U07356,register,2023-08-19,page_058,9
U07356,app_open,2023-08-19,page_004,18
U07357,register,2023-09-10,page_012,15
U07357,app_open,2023-09-10,page_079,58
U07357,browse,2023-09-10,page_096,224
U07358,register,2024-09-23,page_011,10
U07358,app_open,2024-09-23,page_041,23
U07358,browse,2024-09-23,page_015,284
U07358,add_to_cart,2024-09-23,page_009,51
U07359,register,2023-07-10,page_004,10
U07359,app_open,2023-07-10,page_036,55
U07359,browse,2023-07-10,page_009,79
U07360,register,2023-03-02,page_029,26
U07360,app_open,2023-03-02,page_035,42
U07360,browse,2023-03-02,page_090,66
U07361,register,2023-07-10,page_083,14
U07361,app_open,2023-07-10,page_083,50
U07361,browse,2023-07-10,page_022,142
U07362,register,2023-08-12,page_038,14
U07362,app_open,2023-08-12,page_037,45
U07362,browse,2023-08-12,page_078,102
U07362,share,2023-08-23,page_051,17
U07363,register,2024-08-17,page_082,29
U07364,register,2024-10-09,page_005,28
U07364,app_open,2024-10-09,page_099,50
U07364,browse,2024-10-09,page_054,171
U07364,share,2024-10-11,page_055,17
U07365,register,2024-08-03,page_096,12
U07365,app_open,2024-08-03,page_007,53
U07365,browse,2024-08-03,page_032,260
U07365,share,2024-08-12,page_019,28
U07366,register,2024-10-22,page_091,6
U07366,app_open,2024-10-22,page_002,53
U07366,browse,2024-10-22,page_002,81
U07367,register,2023-04-07,page_051,20
U07367,app_open,2023-04-07,page_075,47
U07368,register,2024-06-17,page_013,14
U07368,app_open,2024-06-17,page_059,11
U07368,browse,2024-06-17,page_065,59
U07368,add_to_cart,2024-06-17,page_072,74
U07369,register,2024-10-03,page_043,7
U07369,app_open,2024-10-03,page_065,43
U07369,browse,2024-10-03,page_091,129
U07369,add_to_cart,2024-10-03,page_023,79
U07370,register,2023-03-13,page_034,14
U07370,app_open,2023-03-13,page_044,29
U07370,browse,2023-03-13,page_089,246
U07370,add_to_cart,2023-03-13,page_072,55
U07371,register,2024-05-18,page_081,21
U07372,register,2024-07-17,page_038,8
U07372,app_open,2024-07-17,page_094,31
U07372,browse,2024-07-17,page_056,252
U07372,add_to_cart,2024-07-17,page_070,40
U07372,share,2024-07-28,page_082,5
U07373,register,2024-12-16,page_034,15
U07373,app_open,2024-12-16,page_007,14
U07374,register,2024-04-22,page_072,13
U07374,app_open,2024-04-22,page_046,33
U07374,browse,2024-04-22,page_006,252
U07374,add_to_cart,2024-04-22,page_007,39
U07374,share,2024-05-06,page_020,8
U07375,register,2023-01-27,page_065,7
U07375,app_open,2023-01-27,page_058,44
U07375,browse,2023-01-27,page_038,83
U07376,register,2024-02-28,page_050,7
U07376,app_open,2024-02-28,page_088,49
U07376,browse,2024-02-28,page_021,134
U07377,register,2024-03-04,page_005,24
U07377,app_open,2024-03-04,page_090,11
U07377,browse,2024-03-04,page_042,253
U07378,register,2024-08-21,page_039,16
U07379,register,2023-11-18,page_045,24
U07379,app_open,2023-11-18,page_071,32
U07379,browse,2023-11-18,page_048,76
U07380,register,2024-05-28,page_003,10
U07380,app_open,2024-05-28,page_099,41
U07380,browse,2024-05-28,page_054,196
U07381,register,2023-09-21,page_098,15
U07381,app_open,2023-09-21,page_007,46
U07381,browse,2023-09-21,page_053,90
U07381,add_to_cart,2023-09-21,page_048,77
U07382,register,2024-12-14,page_058,26
U07382,app_open,2024-12-14,page_023,37
U07382,browse,2024-12-14,page_062,271
U07383,register,2023-03-20,page_048,8
U07383,app_open,2023-03-20,page_051,46
U07383,browse,2023-03-20,page_055,293
U07384,register,2024-08-22,page_043,19
U07385,register,2023-04-16,page_092,16
U07386,register,2024-09-12,page_052,16
U07387,register,2024-09-08,page_089,23
U07387,app_open,2024-09-08,page_099,50
U07388,register,2023-09-11,page_037,17
U07388,app_open,2023-09-11,page_045,24
U07388,browse,2023-09-11,page_022,183
U07389,register,2024-12-28,page_076,19
U07389,app_open,2024-12-28,page_021,58
U07389,browse,2024-12-28,page_050,186
U07390,register,2023-05-12,page_027,28
U07390,app_open,2023-05-12,page_008,59
U07391,register,2024-10-20,page_055,15
U07391,app_open,2024-10-20,page_015,29
U07391,share,2024-10-26,page_011,16
U07392,register,2023-02-11,page_066,29
U07392,app_open,2023-02-11,page_060,35
U07393,register,2023-11-21,page_087,18
U07393,app_open,2023-11-21,page_024,24
U07394,register,2023-01-17,page_089,19
U07394,app_open,2023-01-17,page_077,59
U07394,browse,2023-01-17,page_001,35
U07394,share,2023-02-09,page_027,19
U07395,register,2024-05-04,page_041,16
U07395,app_open,2024-05-04,page_048,47
U07395,browse,2024-05-04,page_026,91
U07395,add_to_cart,2024-05-04,page_034,17
U07396,register,2024-02-05,page_002,14
U07396,app_open,2024-02-05,page_080,15
U07396,browse,2024-02-05,page_082,177
U07396,share,2024-02-27,page_030,25
U07397,register,2023-04-06,page_018,7
U07397,app_open,2023-04-06,page_003,49
U07398,register,2024-06-21,page_084,29
U07398,app_open,2024-06-21,page_045,26
U07398,browse,2024-06-21,page_087,268
U07399,register,2024-01-06,page_090,9
U07399,app_open,2024-01-06,page_096,57
U07399,share,2024-01-30,page_076,19
U07400,register,2024-03-05,page_009,18
U07400,app_open,2024-03-05,page_056,35
U07400,browse,2024-03-05,page_047,77
U07400,add_to_cart,2024-03-05,page_033,96
U07400,share,2024-03-29,page_026,14
U07401,register,2023-06-24,page_048,24
U07402,register,2024-06-07,page_081,26
U07403,register,2023-06-26,page_027,11
U07404,register,2023-08-25,page_078,19
U07405,register,2024-12-05,page_051,29
U07405,app_open,2024-12-05,page_038,24
U07405,browse,2024-12-05,page_073,264
U07406,register,2023-04-19,page_023,6
U07406,app_open,2023-04-19,page_042,16
U07407,register,2023-10-09,page_082,11
U07407,app_open,2023-10-09,page_006,45
U07407,browse,2023-10-09,page_002,213
U07407,add_to_cart,2023-10-09,page_049,33
U07407,share,2023-10-27,page_094,28
U07408,register,2024-11-01,page_019,11
U07408,app_open,2024-11-01,page_008,51
U07408,browse,2024-11-01,page_054,222
U07409,register,2024-07-12,page_096,28
U07409,app_open,2024-07-12,page_036,25
U07409,browse,2024-07-12,page_065,176
U07410,register,2024-07-13,page_001,12
U07410,app_open,2024-07-13,page_062,37
U07410,browse,2024-07-13,page_051,238
U07411,register,2024-10-15,page_099,24
U07412,register,2023-02-20,page_053,11
U07412,app_open,2023-02-20,page_041,33
U07412,browse,2023-02-20,page_050,215
U07412,share,2023-02-23,page_030,10
U07413,register,2023-12-18,page_069,16
U07414,register,2024-09-04,page_064,8
U07414,app_open,2024-09-04,page_005,34
U07415,register,2024-08-12,page_041,20
U07416,register,2024-08-13,page_061,23
U07416,app_open,2024-08-13,page_064,59
U07416,browse,2024-08-13,page_052,92
U07416,add_to_cart,2024-08-13,page_038,103
U07417,register,2023-04-14,page_087,28
U07417,app_open,2023-04-14,page_057,57
U07417,browse,2023-04-14,page_034,151
U07418,register,2024-09-18,page_023,26
U07418,app_open,2024-09-18,page_021,19
U07418,browse,2024-09-18,page_099,249
U07418,add_to_cart,2024-09-18,page_043,95
U07418,share,2024-10-05,page_062,6
U07419,register,2023-06-01,page_090,12
U07419,app_open,2023-06-01,page_014,24
U07419,browse,2023-06-01,page_078,152
U07420,register,2023-10-18,page_020,17
U07420,app_open,2023-10-18,page_053,33
U07420,browse,2023-10-18,page_031,184
U07421,register,2024-07-02,page_020,23
U07421,app_open,2024-07-02,page_027,51
U07422,register,2024-03-03,page_048,29
U07422,app_open,2024-03-03,page_059,19
U07422,browse,2024-03-03,page_088,253
U07423,register,2023-08-19,page_057,25
U07423,app_open,2023-08-19,page_062,45
U07423,browse,2023-08-19,page_070,248
U07424,register,2023-11-14,page_035,23
U07424,app_open,2023-11-14,page_087,45
U07424,browse,2023-11-14,page_030,171
U07424,add_to_cart,2023-11-14,page_054,17
U07425,register,2024-04-10,page_087,16
U07425,app_open,2024-04-10,page_068,30
U07425,browse,2024-04-10,page_098,206
U07425,add_to_cart,2024-04-10,page_029,19
U07426,register,2024-05-15,page_065,23
U07427,register,2023-11-08,page_089,19
U07427,app_open,2023-11-08,page_079,10
U07427,browse,2023-11-08,page_057,280
U07427,share,2023-11-14,page_028,13
U07428,register,2023-08-07,page_051,14
U07428,app_open,2023-08-07,page_049,59
U07428,browse,2023-08-07,page_042,239
U07428,add_to_cart,2023-08-07,page_003,32
U07429,register,2024-08-12,page_006,12
U07429,app_open,2024-08-12,page_027,30
U07430,register,2024-09-28,page_020,6
U07430,app_open,2024-09-28,page_064,21
U07430,browse,2024-09-28,page_027,231
U07430,share,2024-10-06,page_070,14
U07431,register,2024-04-16,page_096,12
U07431,app_open,2024-04-16,page_058,29
U07431,share,2024-04-24,page_092,15
U07432,register,2023-10-22,page_014,13
U07432,app_open,2023-10-22,page_091,31
U07432,browse,2023-10-22,page_089,189
U07432,share,2023-11-20,page_041,9
U07433,register,2024-10-07,page_014,8
U07434,register,2023-04-24,page_084,18
U07434,app_open,2023-04-24,page_018,46
U07434,browse,2023-04-24,page_071,133
U07434,add_to_cart,2023-04-24,page_095,92
U07435,register,2023-02-09,page_030,26
U07435,app_open,2023-02-09,page_002,24
U07435,browse,2023-02-09,page_020,128
U07436,register,2024-03-22,page_076,20
U07436,app_open,2024-03-22,page_012,34
U07436,browse,2024-03-22,page_007,150
U07436,add_to_cart,2024-03-22,page_081,90
U07436,share,2024-04-07,page_013,18
U07437,register,2024-02-12,page_078,12
U07437,app_open,2024-02-12,page_054,28
U07437,browse,2024-02-12,page_031,34
U07438,register,2024-05-17,page_023,12
U07438,app_open,2024-05-17,page_089,49
U07438,browse,2024-05-17,page_069,165
U07438,add_to_cart,2024-05-17,page_097,23
U07439,register,2024-01-08,page_015,22
U07439,app_open,2024-01-08,page_022,30
U07439,browse,2024-01-08,page_057,222
U07439,share,2024-02-05,page_008,29
U07440,register,2023-10-26,page_085,17
U07440,app_open,2023-10-26,page_043,33
U07440,share,2023-11-20,page_064,17
U07441,register,2024-01-07,page_005,6
U07441,app_open,2024-01-07,page_088,27
U07441,browse,2024-01-07,page_080,31
U07441,add_to_cart,2024-01-07,page_008,110
U07442,register,2023-03-24,page_045,29
U07442,app_open,2023-03-24,page_020,57
U07442,browse,2023-03-24,page_067,212
U07442,add_to_cart,2023-03-24,page_015,50
U07443,register,2024-03-24,page_075,15
U07443,app_open,2024-03-24,page_023,23
U07443,browse,2024-03-24,page_002,223
U07444,register,2023-07-05,page_026,5
U07444,app_open,2023-07-05,page_054,38
U07444,browse,2023-07-05,page_026,287
U07444,share,2023-07-10,page_090,12
U07445,register,2023-08-21,page_096,9
U07445,app_open,2023-08-21,page_070,45
U07445,browse,2023-08-21,page_045,207
U07445,add_to_cart,2023-08-21,page_050,115
U07446,register,2024-05-08,page_003,18
U07446,app_open,2024-05-08,page_063,39
U07446,browse,2024-05-08,page_086,44
U07446,add_to_cart,2024-05-08,page_044,90
U07447,register,2023-07-07,page_069,11
U07447,app_open,2023-07-07,page_030,23
U07447,browse,2023-07-07,page_021,81
U07447,share,2023-07-10,page_098,20
U07448,register,2023-02-11,page_074,23
U07448,app_open,2023-02-11,page_099,48
U07449,register,2023-12-28,page_073,28
U07449,app_open,2023-12-28,page_006,57
U07449,browse,2023-12-28,page_004,186
U07450,register,2023-12-19,page_071,8
U07451,register,2023-03-12,page_061,22
U07451,app_open,2023-03-12,page_097,55
U07451,share,2023-04-10,page_004,7
U07452,register,2023-06-06,page_030,12
U07452,app_open,2023-06-06,page_041,20
U07452,browse,2023-06-06,page_058,64
U07453,register,2024-07-27,page_004,23
U07453,app_open,2024-07-27,page_029,19
U07453,browse,2024-07-27,page_071,64
U07454,register,2024-09-09,page_044,7
U07454,app_open,2024-09-09,page_042,24
U07454,browse,2024-09-09,page_036,262
U07454,add_to_cart,2024-09-09,page_015,61
U07455,register,2024-11-09,page_017,5
U07455,app_open,2024-11-09,page_003,38
U07455,browse,2024-11-09,page_050,208
U07456,register,2024-06-10,page_050,12
U07456,app_open,2024-06-10,page_063,50
U07456,browse,2024-06-10,page_066,154
U07456,add_to_cart,2024-06-10,page_087,86
U07457,register,2023-10-01,page_081,26
U07457,app_open,2023-10-01,page_059,43
U07457,browse,2023-10-01,page_083,163
U07457,share,2023-10-27,page_007,25
U07458,register,2024-06-22,page_039,14
U07458,app_open,2024-06-22,page_070,46
U07459,register,2023-10-07,page_048,21
U07459,app_open,2023-10-07,page_045,45
U07459,browse,2023-10-07,page_077,287
U07459,add_to_cart,2023-10-07,page_081,35
U07460,register,2023-08-11,page_066,11
U07460,app_open,2023-08-11,page_007,29
U07460,browse,2023-08-11,page_016,229
U07461,register,2024-10-06,page_016,7
U07461,app_open,2024-10-06,page_015,47
U07462,register,2024-07-09,page_047,7
U07462,app_open,2024-07-09,page_049,33
U07462,browse,2024-07-09,page_080,282
U07462,add_to_cart,2024-07-09,page_015,80
U07463,register,2023-11-02,page_009,5
U07464,register,2023-11-05,page_060,16
U07464,app_open,2023-11-05,page_083,10
U07464,browse,2023-11-05,page_068,68
U07464,add_to_cart,2023-11-05,page_090,36
U07465,register,2024-07-17,page_093,18
U07465,app_open,2024-07-17,page_025,55
U07465,browse,2024-07-17,page_092,203
U07465,add_to_cart,2024-07-17,page_076,26
U07466,register,2024-06-22,page_010,10
U07466,app_open,2024-06-22,page_095,11
U07466,browse,2024-06-22,page_030,258
U07466,add_to_cart,2024-06-22,page_082,29
U07467,register,2024-02-10,page_068,6
U07467,app_open,2024-02-10,page_075,37
U07467,browse,2024-02-10,page_084,59
U07468,register,2024-05-11,page_020,19
U07468,app_open,2024-05-11,page_079,49
U07468,browse,2024-05-11,page_070,193
U07469,register,2023-02-10,page_035,26
U07469,app_open,2023-02-10,page_074,41
U07469,browse,2023-02-10,page_030,210
U07470,register,2024-09-01,page_084,11
U07470,app_open,2024-09-01,page_028,10
U07470,browse,2024-09-01,page_025,126
U07470,add_to_cart,2024-09-01,page_049,113
U07471,register,2024-02-11,page_004,9
U07471,app_open,2024-02-11,page_015,33
U07471,browse,2024-02-11,page_098,177
U07471,share,2024-02-28,page_064,15
U07472,register,2023-11-10,page_076,10
U07472,app_open,2023-11-10,page_094,58
U07472,browse,2023-11-10,page_094,53
U07472,share,2023-11-24,page_017,13
U07473,register,2024-08-21,page_087,5
U07473,app_open,2024-08-21,page_042,42
U07473,browse,2024-08-21,page_094,56
U07474,register,2023-05-05,page_081,25
U07474,app_open,2023-05-05,page_071,13
U07474,browse,2023-05-05,page_017,173
U07475,register,2024-02-26,page_018,28
U07475,app_open,2024-02-26,page_062,20
U07476,register,2023-05-06,page_087,27
U07476,app_open,2023-05-06,page_013,45
U07477,register,2024-12-16,page_085,20
U07477,app_open,2024-12-16,page_095,38
U07477,browse,2024-12-16,page_006,162
U07478,register,2024-11-15,page_004,5
U07478,app_open,2024-11-15,page_052,20
U07478,browse,2024-11-15,page_098,144
U07478,add_to_cart,2024-11-15,page_029,28
U07479,register,2023-06-20,page_036,7
U07479,app_open,2023-06-20,page_033,28
U07479,browse,2023-06-20,page_068,60
U07480,register,2024-04-19,page_054,14
U07480,app_open,2024-04-19,page_077,52
U07480,browse,2024-04-19,page_072,106
U07481,register,2024-08-13,page_001,23
U07481,app_open,2024-08-13,page_035,27
U07481,browse,2024-08-13,page_077,155
U07481,add_to_cart,2024-08-13,page_085,70
U07482,register,2024-07-13,page_063,18
U07482,app_open,2024-07-13,page_069,40
U07482,browse,2024-07-13,page_065,235
U07483,register,2023-08-06,page_031,19
U07483,app_open,2023-08-06,page_079,21
U07483,browse,2023-08-06,page_036,60
U07483,add_to_cart,2023-08-06,page_052,90
U07484,register,2024-10-17,page_003,24
U07484,app_open,2024-10-17,page_058,32
U07484,browse,2024-10-17,page_093,271
U07484,add_to_cart,2024-10-17,page_052,44
U07484,share,2024-10-31,page_067,17
U07485,register,2023-05-08,page_003,6
U07485,app_open,2023-05-08,page_074,37
U07485,browse,2023-05-08,page_038,191
U07485,add_to_cart,2023-05-08,page_020,20
U07486,register,2024-06-19,page_070,27
U07486,app_open,2024-06-19,page_006,43
U07486,browse,2024-06-19,page_076,143
U07486,add_to_cart,2024-06-19,page_026,116
U07487,register,2023-12-25,page_082,27
U07487,app_open,2023-12-25,page_006,19
U07488,register,2023-12-13,page_012,25
U07488,app_open,2023-12-13,page_099,22
U07488,browse,2023-12-13,page_047,280
U07488,share,2024-01-07,page_052,17
U07489,register,2023-04-27,page_007,29
U07489,app_open,2023-04-27,page_008,32
U07489,browse,2023-04-27,page_095,115
U07489,add_to_cart,2023-04-27,page_028,87
U07489,share,2023-04-29,page_093,9
U07490,register,2023-10-16,page_086,18
U07490,app_open,2023-10-16,page_074,58
U07490,browse,2023-10-16,page_004,61
U07491,register,2023-05-28,page_057,15
U07491,app_open,2023-05-28,page_033,25
U07491,browse,2023-05-28,page_047,46
U07491,add_to_cart,2023-05-28,page_067,52
U07492,register,2023-12-16,page_039,25
U07492,app_open,2023-12-16,page_058,43
U07492,browse,2023-12-16,page_065,227
U07492,add_to_cart,2023-12-16,page_084,48
U07492,share,2024-01-06,page_084,6
U07493,register,2024-11-15,page_052,21
U07493,app_open,2024-11-15,page_032,27
U07493,browse,2024-11-15,page_088,285
U07493,add_to_cart,2024-11-15,page_053,36
U07494,register,2024-09-02,page_020,5
U07494,app_open,2024-09-02,page_091,33
U07494,browse,2024-09-02,page_040,153
U07494,add_to_cart,2024-09-02,page_061,22
U07495,register,2024-11-16,page_087,10
U07495,app_open,2024-11-16,page_006,27
U07495,share,2024-12-10,page_073,26
U07496,register,2023-11-22,page_040,10
U07496,app_open,2023-11-22,page_056,34
U07496,share,2023-12-02,page_099,25
U07497,register,2023-09-02,page_083,20
U07497,app_open,2023-09-02,page_005,57
U07498,register,2024-06-13,page_055,8
U07498,app_open,2024-06-13,page_053,26
U07498,browse,2024-06-13,page_061,59
U07498,add_to_cart,2024-06-13,page_068,113
U07499,register,2024-01-08,page_007,17
U07500,register,2023-10-27,page_020,17
U07500,app_open,2023-10-27,page_022,47
U07500,browse,2023-10-27,page_009,121
U07500,share,2023-11-06,page_004,16
U07501,register,2024-05-24,page_020,26
U07501,app_open,2024-05-24,page_068,15
U07501,browse,2024-05-24,page_083,64
U07501,add_to_cart,2024-05-24,page_096,35
U07502,register,2024-09-01,page_005,27
U07502,app_open,2024-09-01,page_041,37
U07502,browse,2024-09-01,page_072,287
U07502,add_to_cart,2024-09-01,page_060,83
U07502,share,2024-09-07,page_067,15
U07503,register,2024-04-26,page_085,29
U07503,app_open,2024-04-26,page_003,50
U07503,browse,2024-04-26,page_002,292
U07504,register,2023-11-01,page_036,13
U07504,app_open,2023-11-01,page_045,37
U07505,register,2023-06-12,page_089,17
U07505,app_open,2023-06-12,page_025,11
U07506,register,2024-04-26,page_062,9
U07506,app_open,2024-04-26,page_089,38
U07506,browse,2024-04-26,page_034,52
U07506,add_to_cart,2024-04-26,page_077,62
U07507,register,2023-11-18,page_008,22
U07507,app_open,2023-11-18,page_004,57
U07508,register,2023-02-17,page_001,8
U07509,register,2024-05-20,page_070,6
U07509,app_open,2024-05-20,page_067,42
U07509,share,2024-06-04,page_016,13
U07510,register,2024-09-04,page_066,21
U07510,app_open,2024-09-04,page_050,48
U07510,browse,2024-09-04,page_023,297
U07510,add_to_cart,2024-09-04,page_025,84
U07511,register,2023-06-24,page_048,12
U07511,app_open,2023-06-24,page_061,49
U07511,browse,2023-06-24,page_013,206
U07511,add_to_cart,2023-06-24,page_049,117
U07511,share,2023-06-26,page_009,16
U07512,register,2024-03-11,page_085,20
U07512,app_open,2024-03-11,page_091,45
U07512,browse,2024-03-11,page_070,228
U07512,add_to_cart,2024-03-11,page_004,115
U07513,register,2024-06-17,page_030,21
U07513,app_open,2024-06-17,page_025,45
U07513,browse,2024-06-17,page_025,198
U07514,register,2023-02-13,page_003,16
U07514,app_open,2023-02-13,page_067,48
U07514,browse,2023-02-13,page_046,277
U07515,register,2023-06-11,page_098,16
U07515,app_open,2023-06-11,page_024,43
U07515,browse,2023-06-11,page_064,254
U07515,add_to_cart,2023-06-11,page_012,38
U07516,register,2024-08-07,page_083,9
U07516,app_open,2024-08-07,page_084,28
U07516,browse,2024-08-07,page_081,75
U07517,register,2024-06-17,page_091,10
U07517,app_open,2024-06-17,page_066,20
U07518,register,2024-01-21,page_055,10
U07518,app_open,2024-01-21,page_086,55
U07518,browse,2024-01-21,page_045,38
U07518,add_to_cart,2024-01-21,page_016,106
U07519,register,2024-02-09,page_049,17
U07519,app_open,2024-02-09,page_098,49
U07519,browse,2024-02-09,page_027,30
U07520,register,2024-01-06,page_035,9
U07520,app_open,2024-01-06,page_018,36
U07520,browse,2024-01-06,page_040,239
U07521,register,2024-10-01,page_070,13
U07521,app_open,2024-10-01,page_070,14
U07522,register,2023-01-04,page_084,23
U07523,register,2024-02-18,page_035,7
U07524,register,2024-04-03,page_090,28
U07524,app_open,2024-04-03,page_075,25
U07525,register,2023-06-26,page_018,6
U07526,register,2023-01-11,page_071,22
U07526,app_open,2023-01-11,page_099,32
U07526,browse,2023-01-11,page_085,180
U07527,register,2023-10-18,page_037,12
U07527,app_open,2023-10-18,page_023,19
U07527,share,2023-11-15,page_035,6
U07528,register,2023-04-06,page_022,24
U07528,app_open,2023-04-06,page_004,54
U07529,register,2024-07-09,page_069,11
U07530,register,2023-10-20,page_013,8
U07530,app_open,2023-10-20,page_057,50
U07531,register,2024-11-27,page_053,22
U07531,app_open,2024-11-27,page_041,28
U07531,browse,2024-11-27,page_039,136
U07531,share,2024-12-12,page_029,28
U07532,register,2023-05-22,page_003,27
U07532,app_open,2023-05-22,page_054,43
U07532,browse,2023-05-22,page_009,96
U07533,register,2024-04-25,page_067,11
U07533,app_open,2024-04-25,page_072,33
U07533,browse,2024-04-25,page_033,169
U07533,add_to_cart,2024-04-25,page_034,33
U07534,register,2024-10-02,page_040,17
U07535,register,2023-09-11,page_069,18
U07535,app_open,2023-09-11,page_013,51
U07536,register,2023-02-18,page_077,22
U07536,app_open,2023-02-18,page_097,22
U07536,browse,2023-02-18,page_026,30
U07536,add_to_cart,2023-02-18,page_048,31
U07537,register,2023-02-14,page_069,16
U07537,app_open,2023-02-14,page_067,22
U07538,register,2024-11-27,page_082,18
U07539,register,2023-04-08,page_035,9
U07539,app_open,2023-04-08,page_082,50
U07540,register,2023-08-01,page_019,21
U07541,register,2023-01-04,page_094,18
U07542,register,2024-06-19,page_094,8
U07543,register,2023-10-18,page_033,18
U07543,app_open,2023-10-18,page_029,53
U07543,browse,2023-10-18,page_007,225
U07544,register,2023-10-09,page_078,15
U07544,app_open,2023-10-09,page_096,16
U07544,browse,2023-10-09,page_079,67
U07545,register,2024-10-07,page_099,19
U07545,app_open,2024-10-07,page_094,39
U07546,register,2023-06-01,page_055,7
U07546,app_open,2023-06-01,page_014,19
U07546,browse,2023-06-01,page_088,287
U07546,add_to_cart,2023-06-01,page_021,87
U07547,register,2023-05-19,page_087,27
U07547,app_open,2023-05-19,page_034,24
U07547,browse,2023-05-19,page_037,297
U07547,share,2023-06-02,page_090,9
U07548,register,2024-03-26,page_082,24
U07548,app_open,2024-03-26,page_091,44
U07548,browse,2024-03-26,page_093,251
U07549,register,2024-12-14,page_057,21
U07549,app_open,2024-12-14,page_006,10
U07549,browse,2024-12-14,page_032,176
U07550,register,2023-07-09,page_057,23
U07550,app_open,2023-07-09,page_067,47
U07550,browse,2023-07-09,page_037,186
U07550,add_to_cart,2023-07-09,page_041,32
U07550,share,2023-07-10,page_025,9
U07551,register,2023-12-17,page_096,25
U07551,app_open,2023-12-17,page_072,18
U07552,register,2024-06-02,page_025,28
U07552,app_open,2024-06-02,page_036,24
U07552,browse,2024-06-02,page_006,190
U07553,register,2024-05-24,page_052,12
U07554,register,2024-08-07,page_040,25
U07554,app_open,2024-08-07,page_032,38
U07554,browse,2024-08-07,page_025,208
U07554,add_to_cart,2024-08-07,page_093,39
U07555,register,2023-10-15,page_082,24
U07555,app_open,2023-10-15,page_049,51
U07555,browse,2023-10-15,page_079,147
U07555,add_to_cart,2023-10-15,page_027,86
U07556,register,2023-01-24,page_091,12
U07556,app_open,2023-01-24,page_054,30
U07556,browse,2023-01-24,page_094,268
U07556,add_to_cart,2023-01-24,page_060,109
U07557,register,2023-11-08,page_014,8
U07557,app_open,2023-11-08,page_035,24
U07557,browse,2023-11-08,page_077,163
U07558,register,2023-12-03,page_082,27
U07559,register,2024-03-21,page_034,29
U07559,app_open,2024-03-21,page_017,32
U07559,browse,2024-03-21,page_008,123
U07560,register,2023-05-28,page_006,27
U07560,app_open,2023-05-28,page_047,48
U07560,browse,2023-05-28,page_019,82
U07560,add_to_cart,2023-05-28,page_042,98
U07561,register,2023-05-17,page_020,20
U07562,register,2023-02-01,page_004,14
U07562,app_open,2023-02-01,page_024,33
U07562,browse,2023-02-01,page_079,230
U07562,add_to_cart,2023-02-01,page_045,30
U07563,register,2024-06-25,page_065,18
U07563,app_open,2024-06-25,page_071,56
U07563,browse,2024-06-25,page_095,250
U07564,register,2023-09-05,page_045,13
U07565,register,2024-08-13,page_024,16
U07565,app_open,2024-08-13,page_073,36
U07566,register,2023-02-22,page_038,10
U07566,app_open,2023-02-22,page_061,59
U07567,register,2024-01-25,page_062,5
U07567,app_open,2024-01-25,page_024,22
U07567,browse,2024-01-25,page_028,54
U07567,add_to_cart,2024-01-25,page_019,22
U07568,register,2023-08-10,page_013,20
U07568,app_open,2023-08-10,page_041,43
U07568,browse,2023-08-10,page_076,263
U07568,add_to_cart,2023-08-10,page_004,32
U07569,register,2024-08-06,page_021,15
U07569,app_open,2024-08-06,page_041,11
U07569,browse,2024-08-06,page_062,136
U07570,register,2023-11-14,page_098,28
U07570,app_open,2023-11-14,page_084,14
U07570,browse,2023-11-14,page_067,289
U07571,register,2023-10-10,page_064,11
U07571,app_open,2023-10-10,page_002,53
U07571,browse,2023-10-10,page_075,161
U07572,register,2023-11-04,page_081,26
U07572,app_open,2023-11-04,page_001,56
U07572,browse,2023-11-04,page_029,146
U07572,add_to_cart,2023-11-04,page_087,117
U07573,register,2024-12-03,page_030,18
U07573,app_open,2024-12-03,page_021,16
U07574,register,2023-09-28,page_020,8
U07574,app_open,2023-09-28,page_085,31
U07574,browse,2023-09-28,page_082,250
U07574,add_to_cart,2023-09-28,page_093,71
U07575,register,2023-05-01,page_095,9
U07575,app_open,2023-05-01,page_086,51
U07575,browse,2023-05-01,page_047,90
U07575,add_to_cart,2023-05-01,page_077,50
U07575,share,2023-05-15,page_095,10
U07576,register,2023-11-08,page_027,29
U07576,app_open,2023-11-08,page_069,42
U07576,browse,2023-11-08,page_012,220
U07576,add_to_cart,2023-11-08,page_061,16
U07577,register,2024-09-05,page_027,17
U07577,app_open,2024-09-05,page_030,17
U07578,register,2023-02-09,page_087,11
U07578,app_open,2023-02-09,page_024,27
U07579,register,2023-06-11,page_086,17
U07579,app_open,2023-06-11,page_004,28
U07579,browse,2023-06-11,page_049,176
U07580,register,2023-10-12,page_099,5
U07581,register,2023-03-07,page_051,8
U07581,app_open,2023-03-07,page_086,30
U07581,browse,2023-03-07,page_062,64
U07582,register,2024-06-23,page_085,14
U07583,register,2023-12-11,page_074,28
U07584,register,2023-02-27,page_048,23
U07584,app_open,2023-02-27,page_032,54
U07584,browse,2023-02-27,page_013,270
U07585,register,2024-09-10,page_081,10
U07585,app_open,2024-09-10,page_069,19
U07586,register,2024-01-26,page_044,8
U07587,register,2024-01-15,page_025,27
U07587,app_open,2024-01-15,page_086,12
U07587,browse,2024-01-15,page_035,92
U07587,add_to_cart,2024-01-15,page_007,104
U07588,register,2024-01-09,page_089,29
U07588,app_open,2024-01-09,page_053,33
U07588,browse,2024-01-09,page_037,258
U07588,add_to_cart,2024-01-09,page_082,38
U07589,register,2023-06-03,page_001,13
U07589,app_open,2023-06-03,page_064,59
U07589,browse,2023-06-03,page_008,218
U07589,add_to_cart,2023-06-03,page_078,64
U07589,share,2023-06-22,page_070,8
U07590,register,2024-08-20,page_056,13
U07590,app_open,2024-08-20,page_090,32
U07590,browse,2024-08-20,page_091,217
U07590,add_to_cart,2024-08-20,page_056,73
U07591,register,2023-09-04,page_073,19
U07591,app_open,2023-09-04,page_015,15
U07591,browse,2023-09-04,page_012,256
U07591,add_to_cart,2023-09-04,page_062,29
U07592,register,2024-08-05,page_071,11
U07592,app_open,2024-08-05,page_063,27
U07592,browse,2024-08-05,page_010,107
U07593,register,2024-10-24,page_071,5
U07593,app_open,2024-10-24,page_009,52
U07594,register,2023-12-17,page_091,27
U07594,app_open,2023-12-17,page_086,45
U07594,browse,2023-12-17,page_041,94
U07594,add_to_cart,2023-12-17,page_059,67
U07595,register,2023-05-25,page_046,26
U07595,app_open,2023-05-25,page_012,57
U07595,browse,2023-05-25,page_028,194
U07595,share,2023-06-05,page_058,9
U07596,register,2023-04-08,page_023,7
U07596,app_open,2023-04-08,page_051,46
U07596,browse,2023-04-08,page_068,275
U07597,register,2023-09-17,page_097,27
U07597,app_open,2023-09-17,page_020,17
U07598,register,2024-12-08,page_077,13
U07598,app_open,2024-12-08,page_078,43
U07598,browse,2024-12-08,page_050,74
U07598,add_to_cart,2024-12-08,page_081,90
U07599,register,2023-05-10,page_018,22
U07599,app_open,2023-05-10,page_099,12
U07599,browse,2023-05-10,page_041,134
U07600,register,2024-06-28,page_008,6
U07600,app_open,2024-06-28,page_069,48
U07600,browse,2024-06-28,page_003,218
U07600,share,2024-07-23,page_088,24
U07601,register,2024-11-14,page_007,29
U07602,register,2023-05-15,page_062,15
U07602,app_open,2023-05-15,page_090,16
U07602,browse,2023-05-15,page_003,79
U07602,add_to_cart,2023-05-15,page_039,54
U07603,register,2023-05-22,page_018,8
U07603,app_open,2023-05-22,page_056,36
U07603,browse,2023-05-22,page_018,257
U07604,register,2023-12-10,page_031,13
U07604,app_open,2023-12-10,page_060,47
U07604,browse,2023-12-10,page_088,44
U07605,register,2023-08-27,page_043,24
U07605,app_open,2023-08-27,page_025,49
U07605,browse,2023-08-27,page_006,206
U07606,register,2023-01-03,page_089,20
U07607,register,2024-04-23,page_004,19
U07607,app_open,2024-04-23,page_068,15
U07607,browse,2024-04-23,page_041,122
U07607,share,2024-05-11,page_019,12
U07608,register,2023-11-09,page_044,10
U07608,app_open,2023-11-09,page_055,50
U07608,share,2023-11-10,page_079,22
U07609,register,2023-10-02,page_080,27
U07610,register,2024-08-11,page_014,14
U07610,app_open,2024-08-11,page_093,12
U07610,browse,2024-08-11,page_086,295
U07610,add_to_cart,2024-08-11,page_089,53
U07611,register,2024-08-11,page_056,14
U07611,app_open,2024-08-11,page_011,29
U07612,register,2023-07-21,page_068,23
U07612,app_open,2023-07-21,page_091,44
U07613,register,2023-11-05,page_001,17
U07614,register,2024-11-12,page_028,17
U07614,app_open,2024-11-12,page_023,23
U07614,share,2024-12-11,page_045,16
U07615,register,2024-06-24,page_085,20
U07615,app_open,2024-06-24,page_004,13
U07615,browse,2024-06-24,page_045,241
U07616,register,2024-10-05,page_095,18
U07616,app_open,2024-10-05,page_034,31
U07617,register,2024-03-12,page_069,9
U07617,app_open,2024-03-12,page_029,10
U07617,browse,2024-03-12,page_048,204
U07617,share,2024-04-01,page_061,28
U07618,register,2023-01-18,page_092,14
U07618,app_open,2023-01-18,page_054,10
U07618,browse,2023-01-18,page_077,91
U07618,share,2023-02-07,page_055,6
U07619,register,2023-06-06,page_019,28
U07619,app_open,2023-06-06,page_090,28
U07619,browse,2023-06-06,page_090,43
U07619,add_to_cart,2023-06-06,page_021,81
U07620,register,2023-11-25,page_010,29
U07620,app_open,2023-11-25,page_072,42
U07620,browse,2023-11-25,page_042,225
U07621,register,2023-11-16,page_006,27
U07621,app_open,2023-11-16,page_068,22
U07621,browse,2023-11-16,page_007,93
U07621,add_to_cart,2023-11-16,page_077,36
U07622,register,2023-06-01,page_043,27
U07622,app_open,2023-06-01,page_066,11
U07622,browse,2023-06-01,page_096,81
U07622,add_to_cart,2023-06-01,page_049,93
U07622,share,2023-06-04,page_082,23
U07623,register,2024-11-16,page_088,7
U07623,app_open,2024-11-16,page_083,32
U07623,browse,2024-11-16,page_050,276
U07624,register,2023-03-24,page_044,27
U07624,app_open,2023-03-24,page_069,41
U07624,browse,2023-03-24,page_066,223
U07624,add_to_cart,2023-03-24,page_082,84
U07624,share,2023-04-04,page_050,27
U07625,register,2023-06-03,page_042,20
U07625,app_open,2023-06-03,page_059,32
U07625,browse,2023-06-03,page_009,289
U07625,share,2023-06-30,page_098,15
U07626,register,2024-07-08,page_021,14
U07626,app_open,2024-07-08,page_091,30
U07627,register,2024-10-02,page_030,21
U07627,app_open,2024-10-02,page_055,50
U07628,register,2024-07-28,page_057,28
U07628,app_open,2024-07-28,page_081,21
U07628,browse,2024-07-28,page_058,70
U07628,add_to_cart,2024-07-28,page_027,34
U07629,register,2024-03-22,page_022,6
U07629,app_open,2024-03-22,page_090,25
U07630,register,2024-02-14,page_074,21
U07630,app_open,2024-02-14,page_039,26
U07630,browse,2024-02-14,page_016,211
U07631,register,2024-11-04,page_098,11
U07632,register,2024-12-19,page_010,22
U07633,register,2024-10-07,page_014,16
U07633,app_open,2024-10-07,page_076,24
U07634,register,2024-04-08,page_007,13
U07634,app_open,2024-04-08,page_056,38
U07635,register,2024-03-20,page_022,13
U07635,app_open,2024-03-20,page_046,30
U07636,register,2023-05-22,page_002,13
U07636,app_open,2023-05-22,page_002,28
U07636,browse,2023-05-22,page_063,169
U07636,add_to_cart,2023-05-22,page_039,27
U07637,register,2023-01-12,page_006,24
U07637,app_open,2023-01-12,page_065,11
U07638,register,2023-09-19,page_094,23
U07638,app_open,2023-09-19,page_086,10
U07638,browse,2023-09-19,page_027,183
U07639,register,2024-06-27,page_017,22
U07639,app_open,2024-06-27,page_049,58
U07639,browse,2024-06-27,page_054,202
U07640,register,2023-07-11,page_080,16
U07640,app_open,2023-07-11,page_004,57
U07640,browse,2023-07-11,page_048,234
U07640,add_to_cart,2023-07-11,page_068,34
U07641,register,2023-11-20,page_088,8
U07641,app_open,2023-11-20,page_069,42
U07641,browse,2023-11-20,page_027,213
U07642,register,2024-08-26,page_078,19
U07642,app_open,2024-08-26,page_094,54
U07642,share,2024-09-20,page_087,9
U07643,register,2024-03-25,page_091,6
U07643,app_open,2024-03-25,page_050,26
U07643,browse,2024-03-25,page_011,278
U07644,register,2024-11-25,page_082,26
U07644,app_open,2024-11-25,page_067,35
U07644,browse,2024-11-25,page_044,171
U07645,register,2024-05-03,page_077,7
U07645,app_open,2024-05-03,page_099,19
U07645,browse,2024-05-03,page_039,124
U07645,add_to_cart,2024-05-03,page_056,34
U07645,share,2024-05-13,page_099,11
U07646,register,2023-11-26,page_032,12
U07647,register,2024-01-28,page_048,10
U07647,app_open,2024-01-28,page_035,22
U07648,register,2023-06-14,page_043,28
U07648,app_open,2023-06-14,page_089,43
U07649,register,2023-11-13,page_058,22
U07649,app_open,2023-11-13,page_066,46
U07649,browse,2023-11-13,page_043,254
U07650,register,2024-05-14,page_049,23
U07650,app_open,2024-05-14,page_088,28
U07650,browse,2024-05-14,page_065,93
U07651,register,2024-09-14,page_018,10
U07651,app_open,2024-09-14,page_031,57
U07652,register,2023-04-04,page_047,21
U07653,register,2024-02-14,page_082,18
U07653,app_open,2024-02-14,page_053,27
U07654,register,2023-07-16,page_064,26
U07654,app_open,2023-07-16,page_011,57
U07654,browse,2023-07-16,page_076,122
U07655,register,2024-02-05,page_056,29
U07655,app_open,2024-02-05,page_002,29
U07655,browse,2024-02-05,page_067,256
U07655,add_to_cart,2024-02-05,page_022,117
U07655,share,2024-02-14,page_064,5
U07656,register,2023-07-17,page_071,21
U07656,app_open,2023-07-17,page_050,49
U07656,browse,2023-07-17,page_097,233
U07656,add_to_cart,2023-07-17,page_028,103
U07657,register,2024-03-25,page_067,17
U07657,app_open,2024-03-25,page_061,12
U07657,browse,2024-03-25,page_073,135
U07657,add_to_cart,2024-03-25,page_032,19
U07658,register,2024-12-07,page_088,19
U07658,app_open,2024-12-07,page_068,27
U07658,browse,2024-12-07,page_065,296
U07659,register,2023-10-18,page_058,20
U07659,app_open,2023-10-18,page_030,59
U07659,browse,2023-10-18,page_069,104
U07660,register,2023-11-22,page_096,28
U07660,app_open,2023-11-22,page_076,47
U07660,share,2023-12-17,page_016,13
U07661,register,2024-02-04,page_099,20
U07661,app_open,2024-02-04,page_041,55
U07661,browse,2024-02-04,page_043,222
U07661,add_to_cart,2024-02-04,page_001,116
U07661,share,2024-02-15,page_047,23
U07662,register,2023-03-24,page_024,26
U07662,app_open,2023-03-24,page_069,31
U07662,browse,2023-03-24,page_024,48
U07662,share,2023-04-01,page_002,10
U07663,register,2024-02-20,page_057,9
U07663,app_open,2024-02-20,page_027,49
U07663,browse,2024-02-20,page_018,244
U07664,register,2023-03-27,page_086,7
U07665,register,2024-09-25,page_091,28
U07665,app_open,2024-09-25,page_014,55
U07665,browse,2024-09-25,page_032,134
U07666,register,2023-03-25,page_004,7
U07666,app_open,2023-03-25,page_035,18
U07666,browse,2023-03-25,page_031,212
U07666,add_to_cart,2023-03-25,page_070,51
U07667,register,2024-08-12,page_082,27
U07667,app_open,2024-08-12,page_007,14
U07667,share,2024-08-25,page_069,26
U07668,register,2023-10-20,page_065,28
U07668,app_open,2023-10-20,page_020,31
U07668,browse,2023-10-20,page_082,30
U07668,share,2023-11-05,page_003,6
U07669,register,2024-06-12,page_048,14
U07669,app_open,2024-06-12,page_056,58
U07669,browse,2024-06-12,page_022,288
U07669,add_to_cart,2024-06-12,page_039,62
U07670,register,2024-12-04,page_047,16
U07670,app_open,2024-12-04,page_005,19
U07670,browse,2024-12-04,page_084,90
U07670,share,2024-12-23,page_088,9
U07671,register,2024-07-19,page_045,14
U07671,app_open,2024-07-19,page_099,39
U07672,register,2024-05-08,page_046,20
U07672,app_open,2024-05-08,page_048,16
U07672,browse,2024-05-08,page_087,61
U07673,register,2023-11-05,page_032,11
U07673,app_open,2023-11-05,page_075,51
U07673,browse,2023-11-05,page_090,205
U07673,share,2023-11-09,page_005,26
U07674,register,2023-05-13,page_065,18
U07674,app_open,2023-05-13,page_095,26
U07674,share,2023-05-31,page_094,26
U07675,register,2023-04-13,page_048,6
U07675,app_open,2023-04-13,page_022,57
U07675,share,2023-04-24,page_072,6
U07676,register,2024-04-12,page_088,23
U07676,app_open,2024-04-12,page_055,25
U07677,register,2024-02-21,page_004,24
U07678,register,2024-09-09,page_042,11
U07678,app_open,2024-09-09,page_079,43
U07678,browse,2024-09-09,page_017,204
U07678,add_to_cart,2024-09-09,page_049,73
U07679,register,2023-06-25,page_066,13
U07679,app_open,2023-06-25,page_027,59
U07679,browse,2023-06-25,page_016,266
U07680,register,2023-08-16,page_059,27
U07680,app_open,2023-08-16,page_056,49
U07680,browse,2023-08-16,page_002,181
U07680,add_to_cart,2023-08-16,page_086,81
U07681,register,2024-07-02,page_084,12
U07681,app_open,2024-07-02,page_081,41
U07681,browse,2024-07-02,page_043,266
U07681,add_to_cart,2024-07-02,page_048,81
U07682,register,2023-06-02,page_097,5
U07682,app_open,2023-06-02,page_030,16
U07682,browse,2023-06-02,page_080,126
U07683,register,2024-07-19,page_047,24
U07683,app_open,2024-07-19,page_092,29
U07683,browse,2024-07-19,page_031,132
U07683,add_to_cart,2024-07-19,page_028,92
U07684,register,2024-01-17,page_021,14
U07684,app_open,2024-01-17,page_077,34
U07684,browse,2024-01-17,page_062,264
U07684,add_to_cart,2024-01-17,page_080,81
U07685,register,2024-09-08,page_086,25
U07686,register,2023-09-23,page_039,12
U07686,app_open,2023-09-23,page_086,33
U07686,browse,2023-09-23,page_002,240
U07686,add_to_cart,2023-09-23,page_081,95
U07687,register,2023-05-08,page_013,17
U07687,app_open,2023-05-08,page_026,48
U07687,browse,2023-05-08,page_078,90
U07687,share,2023-05-21,page_015,8
U07688,register,2023-09-16,page_046,27
U07689,register,2024-04-12,page_040,25
U07689,app_open,2024-04-12,page_057,57
U07689,browse,2024-04-12,page_070,220
U07690,register,2023-11-18,page_098,25
U07690,app_open,2023-11-18,page_073,57
U07690,browse,2023-11-18,page_025,149
U07691,register,2024-01-03,page_095,14
U07691,app_open,2024-01-03,page_051,14
U07692,register,2024-06-11,page_055,12
U07693,register,2023-11-05,page_061,25
U07693,app_open,2023-11-05,page_006,38
U07694,register,2023-03-25,page_016,7
U07694,app_open,2023-03-25,page_044,34
U07694,browse,2023-03-25,page_084,54
U07694,share,2023-03-26,page_060,22
U07695,register,2023-02-15,page_083,5
U07695,app_open,2023-02-15,page_049,48
U07695,browse,2023-02-15,page_002,187
U07695,share,2023-03-13,page_087,20
U07696,register,2023-05-28,page_056,23
U07696,app_open,2023-05-28,page_001,26
U07696,browse,2023-05-28,page_057,73
U07697,register,2023-05-21,page_094,18
U07697,app_open,2023-05-21,page_024,47
U07697,browse,2023-05-21,page_028,266
U07698,register,2024-04-17,page_035,23
U07698,app_open,2024-04-17,page_040,48
U07699,register,2023-07-02,page_060,10
U07699,app_open,2023-07-02,page_068,49
U07700,register,2024-02-18,page_051,22
U07700,app_open,2024-02-18,page_071,31
U07700,share,2024-02-28,page_048,26
U07701,register,2023-12-17,page_044,26
U07701,app_open,2023-12-17,page_057,18
U07701,browse,2023-12-17,page_001,144
U07702,register,2023-06-05,page_081,24
U07702,app_open,2023-06-05,page_057,46
U07702,browse,2023-06-05,page_067,136
U07702,add_to_cart,2023-06-05,page_093,35
U07702,share,2023-06-11,page_071,7
U07703,register,2024-09-21,page_065,12
U07703,app_open,2024-09-21,page_048,44
U07704,register,2024-10-07,page_057,28
U07704,app_open,2024-10-07,page_017,38
U07704,browse,2024-10-07,page_054,63
U07705,register,2024-06-20,page_020,21
U07706,register,2023-11-05,page_088,23
U07706,app_open,2023-11-05,page_045,23
U07706,share,2023-11-07,page_023,23
U07707,register,2023-06-07,page_050,28
U07707,app_open,2023-06-07,page_005,43
U07707,browse,2023-06-07,page_079,291
U07707,add_to_cart,2023-06-07,page_044,113
U07708,register,2023-03-03,page_020,27
U07708,app_open,2023-03-03,page_048,37
U07708,browse,2023-03-03,page_067,248
U07708,add_to_cart,2023-03-03,page_023,49
U07709,register,2023-02-20,page_087,6
U07709,app_open,2023-02-20,page_011,52
U07710,register,2023-04-05,page_076,29
U07710,app_open,2023-04-05,page_005,21
U07710,browse,2023-04-05,page_069,208
U07710,add_to_cart,2023-04-05,page_066,112
U07711,register,2023-02-16,page_077,24
U07711,app_open,2023-02-16,page_030,51
U07711,browse,2023-02-16,page_076,217
U07711,add_to_cart,2023-02-16,page_095,86
U07712,register,2023-12-15,page_001,6
U07712,app_open,2023-12-15,page_034,30
U07712,browse,2023-12-15,page_091,151
U07713,register,2023-04-27,page_029,29
U07713,app_open,2023-04-27,page_029,30
U07713,browse,2023-04-27,page_036,185
U07713,add_to_cart,2023-04-27,page_070,88
U07714,register,2023-03-14,page_079,29
U07714,app_open,2023-03-14,page_087,13
U07714,browse,2023-03-14,page_081,289
U07714,add_to_cart,2023-03-14,page_061,42
U07715,register,2024-01-27,page_059,19
U07715,app_open,2024-01-27,page_003,24
U07715,browse,2024-01-27,page_077,159
U07715,add_to_cart,2024-01-27,page_055,54
U07716,register,2023-06-04,page_094,5
U07716,app_open,2023-06-04,page_088,57
U07717,register,2023-01-03,page_047,21
U07717,app_open,2023-01-03,page_081,13
U07717,browse,2023-01-03,page_067,53
U07717,add_to_cart,2023-01-03,page_088,100
U07718,register,2024-12-12,page_074,27
U07718,app_open,2024-12-12,page_081,43
U07718,browse,2024-12-12,page_016,176
U07719,register,2023-03-23,page_036,10
U07720,register,2024-06-14,page_042,25
U07720,app_open,2024-06-14,page_085,10
U07721,register,2023-05-23,page_057,21
U07721,app_open,2023-05-23,page_024,37
U07722,register,2023-01-14,page_030,13
U07722,app_open,2023-01-14,page_052,16
U07722,browse,2023-01-14,page_004,228
U07723,register,2023-12-01,page_033,20
U07723,app_open,2023-12-01,page_001,59
U07723,browse,2023-12-01,page_017,85
U07724,register,2024-12-02,page_019,29
U07724,app_open,2024-12-02,page_021,50
U07724,browse,2024-12-02,page_076,109
U07724,add_to_cart,2024-12-02,page_013,93
U07725,register,2023-12-13,page_091,5
U07725,app_open,2023-12-13,page_063,56
U07726,register,2024-08-15,page_058,25
U07726,app_open,2024-08-15,page_074,16
U07726,browse,2024-08-15,page_037,240
U07727,register,2024-04-19,page_030,19
U07727,app_open,2024-04-19,page_064,31
U07728,register,2023-05-02,page_093,13
U07728,app_open,2023-05-02,page_013,46
U07728,browse,2023-05-02,page_020,163
U07729,register,2023-06-08,page_038,9
U07729,app_open,2023-06-08,page_076,17
U07730,register,2024-09-07,page_011,19
U07730,app_open,2024-09-07,page_041,16
U07730,browse,2024-09-07,page_003,247
U07730,add_to_cart,2024-09-07,page_074,116
U07730,share,2024-09-20,page_039,9
U07731,register,2024-09-13,page_060,12
U07731,app_open,2024-09-13,page_071,36
U07731,browse,2024-09-13,page_017,219
U07731,add_to_cart,2024-09-13,page_077,23
U07732,register,2023-06-09,page_023,5
U07732,app_open,2023-06-09,page_092,19
U07732,browse,2023-06-09,page_095,249
U07733,register,2023-12-27,page_047,25
U07733,app_open,2023-12-27,page_091,30
U07733,browse,2023-12-27,page_014,38
U07734,register,2023-10-11,page_020,22
U07734,app_open,2023-10-11,page_072,25
U07734,browse,2023-10-11,page_074,124
U07734,add_to_cart,2023-10-11,page_094,111
U07735,register,2023-01-10,page_058,26
U07735,app_open,2023-01-10,page_085,55
U07735,browse,2023-01-10,page_077,275
U07735,add_to_cart,2023-01-10,page_008,79
U07735,share,2023-01-12,page_010,22
U07736,register,2024-04-19,page_099,24
U07736,app_open,2024-04-19,page_012,30
U07736,browse,2024-04-19,page_085,285
U07737,register,2023-10-15,page_074,18
U07737,app_open,2023-10-15,page_063,45
U07737,browse,2023-10-15,page_082,76
U07738,register,2024-02-03,page_018,27
U07738,app_open,2024-02-03,page_063,38
U07738,browse,2024-02-03,page_075,212
U07739,register,2023-04-08,page_068,14
U07739,app_open,2023-04-08,page_002,13
U07739,browse,2023-04-08,page_013,115
U07740,register,2023-01-20,page_003,12
U07740,app_open,2023-01-20,page_006,42
U07741,register,2024-03-07,page_017,22
U07741,app_open,2024-03-07,page_035,13
U07741,browse,2024-03-07,page_024,245
U07741,add_to_cart,2024-03-07,page_030,88
U07742,register,2023-12-03,page_028,23
U07743,register,2024-11-27,page_064,22
U07744,register,2023-05-26,page_002,28
U07744,app_open,2023-05-26,page_081,33
U07745,register,2023-08-11,page_035,21
U07745,app_open,2023-08-11,page_031,56
U07745,browse,2023-08-11,page_043,281
U07745,share,2023-08-27,page_085,17
U07746,register,2024-07-12,page_087,14
U07746,app_open,2024-07-12,page_084,29
U07746,browse,2024-07-12,page_031,36
U07746,share,2024-07-29,page_027,16
U07747,register,2024-08-07,page_090,5
U07747,app_open,2024-08-07,page_084,20
U07747,browse,2024-08-07,page_061,245
U07747,add_to_cart,2024-08-07,page_036,82
U07748,register,2024-02-02,page_090,17
U07749,register,2024-10-25,page_082,26
U07749,app_open,2024-10-25,page_088,26
U07750,register,2023-12-09,page_040,11
U07750,app_open,2023-12-09,page_045,51
U07750,browse,2023-12-09,page_062,114
U07751,register,2024-10-12,page_090,8
U07751,app_open,2024-10-12,page_079,36
U07751,browse,2024-10-12,page_056,45
U07751,add_to_cart,2024-10-12,page_063,59
U07752,register,2023-06-06,page_037,22
U07752,app_open,2023-06-06,page_094,39
U07752,browse,2023-06-06,page_079,206
U07752,add_to_cart,2023-06-06,page_038,85
U07753,register,2024-10-19,page_076,7
U07753,app_open,2024-10-19,page_035,24
U07753,browse,2024-10-19,page_065,49
U07754,register,2024-08-06,page_050,28
U07754,app_open,2024-08-06,page_067,33
U07754,share,2024-08-09,page_084,24
U07755,register,2024-05-17,page_059,23
U07755,app_open,2024-05-17,page_078,44
U07755,browse,2024-05-17,page_076,265
U07756,register,2024-11-17,page_050,29
U07756,app_open,2024-11-17,page_069,24
U07756,browse,2024-11-17,page_008,83
U07757,register,2024-09-10,page_095,20
U07757,app_open,2024-09-10,page_072,49
U07757,browse,2024-09-10,page_074,58
U07757,share,2024-09-20,page_079,19
U07758,register,2023-11-08,page_056,8
U07759,register,2024-10-14,page_087,14
U07759,app_open,2024-10-14,page_086,45
U07759,browse,2024-10-14,page_006,269
U07759,add_to_cart,2024-10-14,page_079,53
U07760,register,2024-07-18,page_093,25
U07760,app_open,2024-07-18,page_043,50
U07760,browse,2024-07-18,page_055,239
U07760,share,2024-07-31,page_061,24
U07761,register,2024-03-18,page_058,27
U07761,app_open,2024-03-18,page_004,29
U07761,browse,2024-03-18,page_053,93
U07761,share,2024-04-07,page_099,5
U07762,register,2024-08-25,page_017,17
U07762,app_open,2024-08-25,page_056,22
U07763,register,2024-05-05,page_043,9
U07763,app_open,2024-05-05,page_071,43
U07763,browse,2024-05-05,page_052,48
U07764,register,2023-04-11,page_087,23
U07764,app_open,2023-04-11,page_035,47
U07764,browse,2023-04-11,page_032,288
U07764,add_to_cart,2023-04-11,page_082,107
U07765,register,2024-04-07,page_096,15
U07765,app_open,2024-04-07,page_017,53
U07765,browse,2024-04-07,page_012,287
U07765,add_to_cart,2024-04-07,page_039,54
U07765,share,2024-04-17,page_026,26
U07766,register,2024-04-06,page_021,25
U07766,app_open,2024-04-06,page_029,45
U07766,browse,2024-04-06,page_081,45
U07766,add_to_cart,2024-04-06,page_067,38
U07767,register,2024-08-10,page_086,11
U07767,app_open,2024-08-10,page_001,15
U07767,browse,2024-08-10,page_054,109
U07767,share,2024-08-29,page_091,22
U07768,register,2023-11-15,page_012,28
U07768,app_open,2023-11-15,page_066,25
U07768,browse,2023-11-15,page_046,100
U07768,add_to_cart,2023-11-15,page_086,99
U07769,register,2023-12-23,page_010,15
U07769,app_open,2023-12-23,page_016,28
U07769,browse,2023-12-23,page_015,69
U07769,share,2024-01-13,page_095,14
U07770,register,2024-04-23,page_061,19
U07770,app_open,2024-04-23,page_076,27
U07770,browse,2024-04-23,page_018,212
U07771,register,2024-06-07,page_046,16
U07772,register,2024-02-09,page_048,11
U07773,register,2024-10-28,page_018,20
U07773,app_open,2024-10-28,page_009,52
U07773,browse,2024-10-28,page_099,227
U07773,add_to_cart,2024-10-28,page_006,102
U07774,register,2023-06-11,page_013,8
U07775,register,2024-01-22,page_081,23
U07775,app_open,2024-01-22,page_024,29
U07775,browse,2024-01-22,page_043,115
U07775,add_to_cart,2024-01-22,page_053,54
U07776,register,2024-06-12,page_071,19
U07776,app_open,2024-06-12,page_019,19
U07776,browse,2024-06-12,page_066,186
U07777,register,2023-06-22,page_004,29
U07777,app_open,2023-06-22,page_094,31
U07778,register,2023-09-18,page_017,7
U07778,app_open,2023-09-18,page_041,21
U07778,browse,2023-09-18,page_013,42
U07778,add_to_cart,2023-09-18,page_029,58
U07779,register,2024-09-15,page_050,28
U07779,app_open,2024-09-15,page_088,46
U07779,browse,2024-09-15,page_091,103
U07780,register,2023-09-10,page_072,27
U07781,register,2023-02-14,page_095,21
U07781,app_open,2023-02-14,page_096,41
U07781,browse,2023-02-14,page_057,206
U07781,share,2023-03-07,page_037,5
U07782,register,2024-09-11,page_004,14
U07782,app_open,2024-09-11,page_089,32
U07782,browse,2024-09-11,page_001,75
U07782,add_to_cart,2024-09-11,page_020,83
U07783,register,2024-01-02,page_019,6
U07783,app_open,2024-01-02,page_087,31
U07784,register,2024-09-07,page_074,22
U07784,app_open,2024-09-07,page_038,54
U07784,browse,2024-09-07,page_047,282
U07785,register,2024-03-07,page_060,29
U07785,app_open,2024-03-07,page_032,20
U07785,browse,2024-03-07,page_003,64
U07785,add_to_cart,2024-03-07,page_043,101
U07786,register,2023-12-27,page_097,28
U07787,register,2023-07-05,page_083,21
U07787,app_open,2023-07-05,page_009,32
U07787,share,2023-07-16,page_016,24
U07788,register,2024-03-07,page_053,26
U07788,app_open,2024-03-07,page_077,20
U07789,register,2024-10-23,page_085,28
U07790,register,2024-09-28,page_087,15
U07790,app_open,2024-09-28,page_040,21
U07790,browse,2024-09-28,page_013,92
U07791,register,2023-02-25,page_041,21
U07791,app_open,2023-02-25,page_024,31
U07791,browse,2023-02-25,page_081,76
U07792,register,2023-02-19,page_037,27
U07792,app_open,2023-02-19,page_068,54
U07792,browse,2023-02-19,page_063,174
U07793,register,2023-09-02,page_030,7
U07793,app_open,2023-09-02,page_026,33
U07793,browse,2023-09-02,page_074,48
U07793,add_to_cart,2023-09-02,page_037,47
U07793,share,2023-09-09,page_070,10
U07794,register,2024-02-15,page_038,13
U07794,app_open,2024-02-15,page_040,29
U07794,browse,2024-02-15,page_016,158
U07794,add_to_cart,2024-02-15,page_085,67
U07795,register,2024-12-12,page_068,7
U07795,app_open,2024-12-12,page_084,22
U07795,browse,2024-12-12,page_098,60
U07796,register,2024-07-15,page_034,11
U07796,app_open,2024-07-15,page_063,17
U07796,browse,2024-07-15,page_020,279
U07796,add_to_cart,2024-07-15,page_034,81
U07797,register,2023-06-25,page_099,7
U07797,app_open,2023-06-25,page_030,30
U07797,browse,2023-06-25,page_022,55
U07798,register,2023-10-10,page_042,17
U07798,app_open,2023-10-10,page_067,53
U07799,register,2023-03-09,page_097,11
U07799,app_open,2023-03-09,page_081,13
U07799,browse,2023-03-09,page_052,110
U07799,add_to_cart,2023-03-09,page_006,32
U07799,share,2023-04-04,page_094,26
U07800,register,2024-11-05,page_033,27
U07800,app_open,2024-11-05,page_052,29
U07801,register,2024-12-22,page_016,26
U07801,app_open,2024-12-22,page_052,26
U07802,register,2023-07-19,page_017,26
U07802,app_open,2023-07-19,page_015,47
U07802,browse,2023-07-19,page_065,57
U07802,add_to_cart,2023-07-19,page_078,116
U07803,register,2023-10-11,page_009,24
U07803,app_open,2023-10-11,page_055,37
U07804,register,2023-06-27,page_067,18
U07804,app_open,2023-06-27,page_080,18
U07804,browse,2023-06-27,page_099,30
U07805,register,2024-07-07,page_014,20
U07805,app_open,2024-07-07,page_099,14
U07805,browse,2024-07-07,page_023,69
U07806,register,2024-04-26,page_051,24
U07806,app_open,2024-04-26,page_027,58
U07806,browse,2024-04-26,page_076,60
U07807,register,2024-10-26,page_090,13
U07807,app_open,2024-10-26,page_041,37
U07808,register,2023-12-24,page_060,14
U07808,app_open,2023-12-24,page_028,31
U07808,browse,2023-12-24,page_090,90
U07808,add_to_cart,2023-12-24,page_031,51
U07809,register,2024-12-22,page_055,18
U07809,app_open,2024-12-22,page_080,16
U07809,browse,2024-12-22,page_034,218
U07809,add_to_cart,2024-12-22,page_088,19
U07810,register,2024-06-14,page_014,26
U07810,app_open,2024-06-14,page_081,42
U07811,register,2024-04-26,page_044,17
U07811,app_open,2024-04-26,page_016,59
U07811,browse,2024-04-26,page_038,68
U07811,share,2024-05-21,page_089,21
U07812,register,2023-06-01,page_032,16
U07812,app_open,2023-06-01,page_079,45
U07812,browse,2023-06-01,page_070,267
U07813,register,2024-01-06,page_050,11
U07813,app_open,2024-01-06,page_018,54
U07813,browse,2024-01-06,page_099,115
U07813,add_to_cart,2024-01-06,page_051,36
U07813,share,2024-02-01,page_075,14
U07814,register,2023-06-06,page_079,6
U07814,app_open,2023-06-06,page_007,34
U07814,browse,2023-06-06,page_095,169
U07815,register,2023-12-09,page_088,21
U07815,app_open,2023-12-09,page_096,31
U07815,browse,2023-12-09,page_006,293
U07815,add_to_cart,2023-12-09,page_056,101
U07816,register,2024-08-27,page_053,14
U07816,app_open,2024-08-27,page_031,36
U07816,browse,2024-08-27,page_006,42
U07817,register,2023-07-27,page_011,24
U07817,app_open,2023-07-27,page_049,33
U07817,browse,2023-07-27,page_036,87
U07817,add_to_cart,2023-07-27,page_092,99
U07817,share,2023-08-04,page_085,13
U07818,register,2023-03-24,page_042,17
U07818,app_open,2023-03-24,page_053,10
U07818,browse,2023-03-24,page_011,176
U07818,add_to_cart,2023-03-24,page_030,107
U07819,register,2024-03-02,page_093,15
U07819,app_open,2024-03-02,page_086,48
U07820,register,2024-06-21,page_068,18
U07820,app_open,2024-06-21,page_071,59
U07820,browse,2024-06-21,page_002,83
U07820,share,2024-06-26,page_084,11
U07821,register,2023-01-01,page_028,26
U07821,app_open,2023-01-01,page_068,23
U07821,browse,2023-01-01,page_005,84
U07821,add_to_cart,2023-01-01,page_094,51
U07822,register,2023-11-03,page_072,25
U07822,app_open,2023-11-03,page_002,55
U07822,browse,2023-11-03,page_005,51
U07823,register,2024-10-10,page_027,14
U07824,register,2023-12-06,page_082,9
U07824,app_open,2023-12-06,page_067,22
U07824,browse,2023-12-06,page_025,299
U07824,add_to_cart,2023-12-06,page_015,34
U07824,share,2023-12-29,page_094,11
U07825,register,2024-12-07,page_093,8
U07825,app_open,2024-12-07,page_062,29
U07825,browse,2024-12-07,page_072,155
U07826,register,2024-05-17,page_072,17
U07826,app_open,2024-05-17,page_082,59
U07826,browse,2024-05-17,page_062,71
U07827,register,2023-04-01,page_057,25
U07827,app_open,2023-04-01,page_010,31
U07827,browse,2023-04-01,page_023,69
U07828,register,2023-01-26,page_025,5
U07829,register,2024-05-11,page_039,19
U07829,app_open,2024-05-11,page_061,29
U07830,register,2023-03-10,page_004,27
U07831,register,2023-02-16,page_026,18
U07832,register,2024-04-27,page_034,19
U07832,app_open,2024-04-27,page_022,41
U07833,register,2023-08-07,page_093,13
U07833,app_open,2023-08-07,page_005,37
U07834,register,2023-10-24,page_081,18
U07834,app_open,2023-10-24,page_058,35
U07835,register,2023-04-09,page_079,22
U07836,register,2023-05-07,page_004,24
U07836,app_open,2023-05-07,page_037,39
U07836,browse,2023-05-07,page_006,247
U07836,share,2023-05-09,page_079,27
U07837,register,2023-04-01,page_075,29
U07837,app_open,2023-04-01,page_046,20
U07837,browse,2023-04-01,page_080,182
U07838,register,2023-12-16,page_021,15
U07838,app_open,2023-12-16,page_031,10
U07838,browse,2023-12-16,page_015,137
U07838,add_to_cart,2023-12-16,page_058,97
U07839,register,2024-04-08,page_064,10
U07840,register,2024-01-09,page_011,24
U07840,app_open,2024-01-09,page_010,28
U07840,browse,2024-01-09,page_057,39
U07841,register,2023-10-08,page_035,17
U07841,app_open,2023-10-08,page_051,31
U07841,browse,2023-10-08,page_026,283
U07841,add_to_cart,2023-10-08,page_047,84
U07842,register,2023-01-03,page_019,11
U07842,app_open,2023-01-03,page_008,55
U07842,browse,2023-01-03,page_040,138
U07843,register,2023-05-07,page_059,24
U07843,app_open,2023-05-07,page_021,16
U07843,browse,2023-05-07,page_035,66
U07844,register,2024-04-08,page_057,17
U07844,app_open,2024-04-08,page_048,24
U07844,browse,2024-04-08,page_089,131
U07845,register,2023-01-21,page_029,28
U07845,app_open,2023-01-21,page_072,41
U07846,register,2023-03-23,page_068,14
U07846,app_open,2023-03-23,page_077,35
U07847,register,2023-06-12,page_012,23
U07847,app_open,2023-06-12,page_033,52
U07847,browse,2023-06-12,page_093,297
U07848,register,2024-03-17,page_088,16
U07849,register,2024-06-21,page_014,29
U07849,app_open,2024-06-21,page_018,50
U07850,register,2024-09-17,page_016,8
U07850,app_open,2024-09-17,page_087,11
U07850,browse,2024-09-17,page_063,142
U07851,register,2023-12-16,page_049,21
U07851,app_open,2023-12-16,page_096,29
U07851,browse,2023-12-16,page_075,153
U07852,register,2023-12-04,page_051,6
U07852,app_open,2023-12-04,page_048,56
U07852,browse,2023-12-04,page_086,57
U07852,add_to_cart,2023-12-04,page_017,24
U07853,register,2023-09-15,page_090,6
U07853,app_open,2023-09-15,page_023,46
U07854,register,2023-05-23,page_039,20
U07854,app_open,2023-05-23,page_048,33
U07855,register,2023-11-18,page_058,26
U07855,app_open,2023-11-18,page_019,46
U07856,register,2023-01-16,page_049,8
U07857,register,2024-06-13,page_094,6
U07857,app_open,2024-06-13,page_031,29
U07857,browse,2024-06-13,page_014,223
U07857,add_to_cart,2024-06-13,page_068,76
U07857,share,2024-07-11,page_083,29
U07858,register,2024-08-16,page_066,20
U07859,register,2024-10-16,page_069,12
U07859,app_open,2024-10-16,page_029,16
U07859,share,2024-10-24,page_020,8
U07860,register,2023-03-18,page_002,29
U07860,app_open,2023-03-18,page_038,23
U07860,browse,2023-03-18,page_073,207
U07861,register,2024-11-24,page_007,14
U07861,app_open,2024-11-24,page_061,34
U07861,browse,2024-11-24,page_070,69
U07862,register,2023-11-28,page_021,23
U07862,app_open,2023-11-28,page_024,55
U07862,browse,2023-11-28,page_096,232
U07863,register,2024-01-24,page_080,13
U07863,app_open,2024-01-24,page_082,30
U07863,browse,2024-01-24,page_056,145
U07864,register,2023-02-03,page_063,16
U07865,register,2023-01-01,page_082,19
U07865,app_open,2023-01-01,page_001,14
U07865,browse,2023-01-01,page_091,86
U07866,register,2024-03-22,page_022,22
U07866,app_open,2024-03-22,page_050,14
U07866,browse,2024-03-22,page_069,161
U07866,share,2024-04-05,page_014,24
U07867,register,2023-03-04,page_097,14
U07867,app_open,2023-03-04,page_090,18
U07867,share,2023-03-13,page_056,25
U07868,register,2023-12-24,page_061,25
U07868,app_open,2023-12-24,page_039,50
U07868,browse,2023-12-24,page_023,120
U07868,add_to_cart,2023-12-24,page_071,49
U07869,register,2024-09-12,page_035,25
U07869,app_open,2024-09-12,page_074,31
U07869,browse,2024-09-12,page_008,258
U07870,register,2024-02-11,page_040,18
U07870,app_open,2024-02-11,page_051,11
U07870,browse,2024-02-11,page_066,90
U07870,add_to_cart,2024-02-11,page_036,75
U07871,register,2023-06-25,page_048,24
U07871,app_open,2023-06-25,page_090,18
U07872,register,2024-02-27,page_067,10
U07872,app_open,2024-02-27,page_022,15
U07873,register,2023-02-03,page_029,25
U07873,app_open,2023-02-03,page_049,41
U07873,browse,2023-02-03,page_018,240
U07873,add_to_cart,2023-02-03,page_011,64
U07874,register,2024-09-18,page_069,27
U07875,register,2023-08-02,page_039,18
U07875,app_open,2023-08-02,page_067,55
U07875,browse,2023-08-02,page_090,164
U07876,register,2024-08-16,page_015,22
U07876,app_open,2024-08-16,page_052,25
U07877,register,2024-02-19,page_061,20
U07877,app_open,2024-02-19,page_022,47
U07877,browse,2024-02-19,page_006,294
U07877,add_to_cart,2024-02-19,page_035,80
U07878,register,2024-08-04,page_025,24
U07878,app_open,2024-08-04,page_075,24
U07878,browse,2024-08-04,page_043,244
U07879,register,2023-06-26,page_071,19
U07879,app_open,2023-06-26,page_085,30
U07879,browse,2023-06-26,page_046,162
U07880,register,2023-12-26,page_017,8
U07880,app_open,2023-12-26,page_089,49
U07880,browse,2023-12-26,page_055,69
U07880,add_to_cart,2023-12-26,page_032,21
U07881,register,2023-10-09,page_041,8
U07881,app_open,2023-10-09,page_072,43
U07881,browse,2023-10-09,page_079,40
U07881,add_to_cart,2023-10-09,page_048,84
U07882,register,2023-03-01,page_090,8
U07883,register,2024-02-08,page_095,29
U07883,app_open,2024-02-08,page_029,40
U07883,browse,2024-02-08,page_046,257
U07884,register,2024-11-18,page_066,25
U07885,register,2024-09-12,page_057,8
U07885,app_open,2024-09-12,page_060,32
U07885,browse,2024-09-12,page_030,89
U07885,add_to_cart,2024-09-12,page_043,37
U07886,register,2023-12-10,page_090,17
U07886,app_open,2023-12-10,page_047,45
U07886,browse,2023-12-10,page_039,201
U07887,register,2023-04-25,page_061,18
U07888,register,2024-08-05,page_049,22
U07889,register,2023-08-19,page_003,7
U07889,app_open,2023-08-19,page_022,33
U07890,register,2024-10-06,page_095,25
U07891,register,2024-04-23,page_030,10
U07891,app_open,2024-04-23,page_087,58
U07891,browse,2024-04-23,page_058,268
U07891,add_to_cart,2024-04-23,page_040,73
U07892,register,2023-09-11,page_027,10
U07892,app_open,2023-09-11,page_097,26
U07893,register,2023-03-14,page_090,25
U07893,app_open,2023-03-14,page_012,16
U07893,browse,2023-03-14,page_033,275
U07894,register,2023-05-21,page_008,15
U07894,app_open,2023-05-21,page_083,58
U07894,browse,2023-05-21,page_021,246
U07895,register,2024-09-06,page_058,28
U07895,app_open,2024-09-06,page_025,17
U07895,browse,2024-09-06,page_053,46
U07896,register,2023-01-13,page_047,17
U07896,app_open,2023-01-13,page_002,56
U07896,share,2023-01-23,page_091,13
U07897,register,2023-09-28,page_070,23
U07897,app_open,2023-09-28,page_081,54
U07897,browse,2023-09-28,page_038,260
U07897,add_to_cart,2023-09-28,page_005,107
U07898,register,2023-03-06,page_051,21
U07898,app_open,2023-03-06,page_061,18
U07898,browse,2023-03-06,page_022,240
U07899,register,2024-08-23,page_077,10
U07899,app_open,2024-08-23,page_026,52
U07899,browse,2024-08-23,page_098,120
U07900,register,2023-08-04,page_008,15
U07900,app_open,2023-08-04,page_057,25
U07900,share,2023-09-02,page_050,18
U07901,register,2023-06-12,page_055,24
U07901,app_open,2023-06-12,page_092,43
U07901,browse,2023-06-12,page_016,108
U07901,add_to_cart,2023-06-12,page_067,30
U07902,register,2023-12-26,page_087,18
U07902,app_open,2023-12-26,page_096,36
U07902,browse,2023-12-26,page_029,88
U07903,register,2023-07-28,page_055,29
U07903,app_open,2023-07-28,page_088,13
U07903,browse,2023-07-28,page_072,164
U07903,add_to_cart,2023-07-28,page_009,41
U07904,register,2024-04-07,page_041,10
U07904,app_open,2024-04-07,page_059,17
U07905,register,2024-12-03,page_010,8
U07905,app_open,2024-12-03,page_071,58
U07906,register,2024-01-20,page_023,29
U07906,app_open,2024-01-20,page_014,50
U07906,share,2024-02-13,page_061,28
U07907,register,2023-09-11,page_013,5
U07907,app_open,2023-09-11,page_014,38
U07907,browse,2023-09-11,page_080,292
U07908,register,2023-07-23,page_014,16
U07908,app_open,2023-07-23,page_027,49
U07909,register,2024-03-01,page_046,9
U07910,register,2023-02-01,page_021,5
U07910,app_open,2023-02-01,page_042,14
U07911,register,2024-03-04,page_026,26
U07911,app_open,2024-03-04,page_007,10
U07912,register,2023-04-14,page_010,26
U07912,app_open,2023-04-14,page_063,52
U07912,browse,2023-04-14,page_064,248
U07912,add_to_cart,2023-04-14,page_054,29
U07912,share,2023-04-18,page_043,14
U07913,register,2023-05-21,page_007,28
U07914,register,2023-01-15,page_055,21
U07914,app_open,2023-01-15,page_015,11
U07914,browse,2023-01-15,page_017,126
U07914,add_to_cart,2023-01-15,page_053,65
U07915,register,2023-07-16,page_043,15
U07915,app_open,2023-07-16,page_079,10
U07915,browse,2023-07-16,page_027,146
U07915,add_to_cart,2023-07-16,page_035,115
U07916,register,2024-10-24,page_054,9
U07916,app_open,2024-10-24,page_055,55
U07916,browse,2024-10-24,page_039,190
U07917,register,2024-02-15,page_004,9
U07917,app_open,2024-02-15,page_046,47
U07918,register,2024-03-20,page_033,17
U07918,app_open,2024-03-20,page_023,28
U07918,browse,2024-03-20,page_066,295
U07919,register,2023-01-28,page_097,9
U07919,app_open,2023-01-28,page_013,45
U07920,register,2024-07-25,page_058,11
U07920,app_open,2024-07-25,page_090,47
U07920,browse,2024-07-25,page_034,200
U07921,register,2023-07-18,page_043,26
U07921,app_open,2023-07-18,page_072,20
U07921,browse,2023-07-18,page_007,63
U07921,add_to_cart,2023-07-18,page_015,81
U07922,register,2024-03-13,page_017,24
U07922,app_open,2024-03-13,page_011,38
U07922,browse,2024-03-13,page_060,132
U07922,share,2024-03-14,page_023,25
U07923,register,2024-07-18,page_017,10
U07923,app_open,2024-07-18,page_013,43
U07923,browse,2024-07-18,page_069,244
U07924,register,2023-04-18,page_006,17
U07924,app_open,2023-04-18,page_086,38
U07925,register,2023-04-27,page_087,17
U07925,app_open,2023-04-27,page_074,36
U07925,browse,2023-04-27,page_007,200
U07925,add_to_cart,2023-04-27,page_084,58
U07926,register,2024-04-14,page_028,9
U07926,app_open,2024-04-14,page_066,22
U07926,browse,2024-04-14,page_097,98
U07926,add_to_cart,2024-04-14,page_073,15
U07927,register,2024-02-07,page_087,5
U07927,app_open,2024-02-07,page_049,48
U07928,register,2024-01-24,page_089,19
U07928,app_open,2024-01-24,page_002,19
U07928,browse,2024-01-24,page_041,268
U07928,share,2024-02-22,page_054,25
U07929,register,2024-02-10,page_032,25
U07929,app_open,2024-02-10,page_032,33
U07929,browse,2024-02-10,page_011,158
U07929,add_to_cart,2024-02-10,page_031,31
U07930,register,2024-01-06,page_062,8
U07931,register,2023-11-25,page_011,29
U07931,app_open,2023-11-25,page_086,43
U07931,browse,2023-11-25,page_048,145
U07932,register,2023-06-27,page_013,29
U07932,app_open,2023-06-27,page_035,23
U07932,browse,2023-06-27,page_021,181
U07932,add_to_cart,2023-06-27,page_023,90
U07933,register,2023-11-19,page_062,10
U07933,app_open,2023-11-19,page_027,39
U07933,browse,2023-11-19,page_034,196
U07933,share,2023-12-14,page_054,22
U07934,register,2024-05-25,page_028,13
U07934,app_open,2024-05-25,page_019,21
U07934,browse,2024-05-25,page_009,127
U07935,register,2023-03-01,page_011,11
U07935,app_open,2023-03-01,page_026,14
U07936,register,2024-04-12,page_034,15
U07936,app_open,2024-04-12,page_024,39
U07936,browse,2024-04-12,page_099,279
U07936,add_to_cart,2024-04-12,page_046,117
U07937,register,2024-02-18,page_008,24
U07938,register,2023-03-24,page_055,13
U07938,app_open,2023-03-24,page_087,25
U07938,browse,2023-03-24,page_091,148
U07938,add_to_cart,2023-03-24,page_084,115
U07938,share,2023-04-07,page_025,22
U07939,register,2023-08-18,page_083,12
U07939,app_open,2023-08-18,page_040,43
U07939,browse,2023-08-18,page_051,53
U07940,register,2024-04-15,page_056,23
U07940,app_open,2024-04-15,page_070,12
U07940,browse,2024-04-15,page_056,105
U07940,add_to_cart,2024-04-15,page_072,73
U07941,register,2024-10-02,page_028,21
U07941,app_open,2024-10-02,page_029,54
U07941,browse,2024-10-02,page_083,61
U07941,share,2024-10-24,page_081,25
U07942,register,2024-04-23,page_047,14
U07943,register,2023-10-27,page_070,21
U07943,app_open,2023-10-27,page_096,33
U07944,register,2023-11-19,page_013,7
U07945,register,2024-12-19,page_088,15
U07945,app_open,2024-12-19,page_014,26
U07945,browse,2024-12-19,page_076,260
U07946,register,2023-10-22,page_017,20
U07946,app_open,2023-10-22,page_088,59
U07946,browse,2023-10-22,page_044,71
U07946,add_to_cart,2023-10-22,page_003,103
U07947,register,2024-05-24,page_099,13
U07947,app_open,2024-05-24,page_014,39
U07947,browse,2024-05-24,page_095,284
U07948,register,2024-11-01,page_080,20
U07948,app_open,2024-11-01,page_028,25
U07948,browse,2024-11-01,page_003,269
U07948,add_to_cart,2024-11-01,page_054,50
U07949,register,2023-07-16,page_032,6
U07950,register,2023-11-21,page_071,15
U07950,app_open,2023-11-21,page_050,17
U07951,register,2024-06-01,page_042,5
U07952,register,2023-02-22,page_013,24
U07952,app_open,2023-02-22,page_095,59
U07952,browse,2023-02-22,page_093,39
U07953,register,2023-02-06,page_051,20
U07954,register,2024-12-08,page_099,16
U07955,register,2024-10-21,page_013,6
U07955,app_open,2024-10-21,page_024,37
U07955,browse,2024-10-21,page_011,71
U07955,add_to_cart,2024-10-21,page_099,95
U07956,register,2024-08-14,page_064,24
U07956,app_open,2024-08-14,page_018,12
U07956,browse,2024-08-14,page_039,110
U07956,add_to_cart,2024-08-14,page_002,110
U07957,register,2024-10-21,page_038,7
U07957,app_open,2024-10-21,page_070,11
U07957,browse,2024-10-21,page_002,217
U07958,register,2024-08-22,page_029,16
U07958,app_open,2024-08-22,page_049,55
U07958,browse,2024-08-22,page_032,55
U07959,register,2023-08-26,page_094,11
U07959,app_open,2023-08-26,page_013,27
U07960,register,2024-05-25,page_038,26
U07960,app_open,2024-05-25,page_038,54
U07960,browse,2024-05-25,page_096,159
U07960,add_to_cart,2024-05-25,page_083,113
U07960,share,2024-05-28,page_094,5
U07961,register,2023-05-27,page_028,27
U07962,register,2023-03-24,page_027,24
U07962,app_open,2023-03-24,page_073,53
U07962,browse,2023-03-24,page_067,192
U07963,register,2024-12-25,page_070,15
U07964,register,2024-06-10,page_058,26
U07964,app_open,2024-06-10,page_080,26
U07964,browse,2024-06-10,page_032,32
U07965,register,2023-04-10,page_073,18
U07965,app_open,2023-04-10,page_038,41
U07965,browse,2023-04-10,page_091,248
U07966,register,2024-06-13,page_064,29
U07966,app_open,2024-06-13,page_024,28
U07966,browse,2024-06-13,page_035,160
U07966,add_to_cart,2024-06-13,page_012,113
U07967,register,2024-10-17,page_016,5
U07967,app_open,2024-10-17,page_023,55
U07967,browse,2024-10-17,page_058,200
U07967,add_to_cart,2024-10-17,page_061,102
U07968,register,2024-02-26,page_080,27
U07968,app_open,2024-02-26,page_080,35
U07968,browse,2024-02-26,page_074,95
U07968,add_to_cart,2024-02-26,page_045,117
U07969,register,2024-07-18,page_099,27
U07969,app_open,2024-07-18,page_016,45
U07969,browse,2024-07-18,page_066,239
U07969,add_to_cart,2024-07-18,page_088,46
U07970,register,2024-11-08,page_009,27
U07970,app_open,2024-11-08,page_003,22
U07970,browse,2024-11-08,page_063,201
U07970,add_to_cart,2024-11-08,page_020,37
U07971,register,2024-06-16,page_093,15
U07971,app_open,2024-06-16,page_074,13
U07971,browse,2024-06-16,page_070,215
U07971,add_to_cart,2024-06-16,page_061,77
U07972,register,2023-11-17,page_041,5
U07972,app_open,2023-11-17,page_002,27
U07972,browse,2023-11-17,page_078,164
U07973,register,2024-06-19,page_038,29
U07973,app_open,2024-06-19,page_066,52
U07973,browse,2024-06-19,page_042,236
U07974,register,2024-06-14,page_085,16
U07974,app_open,2024-06-14,page_098,41
U07974,browse,2024-06-14,page_085,103
U07974,add_to_cart,2024-06-14,page_016,71
U07975,register,2024-05-08,page_027,13
U07975,app_open,2024-05-08,page_092,29
U07975,browse,2024-05-08,page_054,53
U07976,register,2024-03-17,page_003,16
U07976,app_open,2024-03-17,page_045,46
U07977,register,2024-09-11,page_090,10
U07977,app_open,2024-09-11,page_093,43
U07977,browse,2024-09-11,page_003,196
U07977,add_to_cart,2024-09-11,page_094,18
U07977,share,2024-09-19,page_025,17
U07978,register,2023-06-23,page_073,19
U07978,app_open,2023-06-23,page_071,16
U07978,browse,2023-06-23,page_078,180
U07979,register,2024-07-16,page_006,10
U07979,app_open,2024-07-16,page_024,21
U07979,browse,2024-07-16,page_037,253
U07980,register,2023-12-15,page_015,26
U07980,app_open,2023-12-15,page_017,40
U07980,browse,2023-12-15,page_087,58
U07980,share,2024-01-08,page_032,19
U07981,register,2023-11-07,page_005,23
U07981,app_open,2023-11-07,page_007,43
U07981,browse,2023-11-07,page_029,289
U07982,register,2024-12-10,page_016,11
U07983,register,2024-07-05,page_070,19
U07983,app_open,2024-07-05,page_068,52
U07983,browse,2024-07-05,page_040,49
U07984,register,2024-05-25,page_093,27
U07984,app_open,2024-05-25,page_001,19
U07984,browse,2024-05-25,page_045,236
U07985,register,2024-12-19,page_054,19
U07985,app_open,2024-12-19,page_065,49
U07985,browse,2024-12-19,page_063,148
U07986,register,2023-04-01,page_043,11
U07987,register,2024-02-17,page_025,6
U07987,app_open,2024-02-17,page_058,29
U07987,browse,2024-02-17,page_040,155
U07987,add_to_cart,2024-02-17,page_056,56
U07987,share,2024-03-03,page_063,13
U07988,register,2024-02-06,page_062,6
U07988,app_open,2024-02-06,page_002,14
U07988,browse,2024-02-06,page_068,245
U07988,share,2024-02-28,page_045,26
U07989,register,2024-10-25,page_015,14
U07989,app_open,2024-10-25,page_066,56
U07989,browse,2024-10-25,page_087,237
U07990,register,2023-05-03,page_005,5
U07991,register,2024-10-24,page_040,27
U07991,app_open,2024-10-24,page_040,15
U07991,browse,2024-10-24,page_019,156
U07992,register,2024-03-07,page_035,13
U07992,app_open,2024-03-07,page_011,57
U07992,browse,2024-03-07,page_075,203
U07993,register,2023-11-10,page_076,15
U07993,app_open,2023-11-10,page_026,22
U07993,browse,2023-11-10,page_045,32
U07994,register,2024-02-03,page_012,25
U07995,register,2024-02-17,page_048,27
U07995,app_open,2024-02-17,page_046,22
U07995,browse,2024-02-17,page_077,195
U07996,register,2023-04-06,page_017,16
U07996,app_open,2023-04-06,page_038,32
U07997,register,2024-08-05,page_042,20
U07997,app_open,2024-08-05,page_090,52
U07997,browse,2024-08-05,page_059,157
U07998,register,2023-10-07,page_060,14
U07999,register,2024-03-21,page_089,6
U07999,app_open,2024-03-21,page_087,41
U07999,browse,2024-03-21,page_090,115
